articleNo,articleName,tradeTypeName,floorInfo,rentPrc,dealOrWarrantPrc,area1,area2,direction,articleConfirmYmd,tagList,latitude,longitude
2524665096,일반상가,월세,1/10,500,1억,265,172,남서향,20250509,"['25년이내', '1층', '주차가능', '천장에어컨']",37.483787,126.89252
2524654861,일반상가,월세,B1/12,220,"3,000",50,26,남동향,20250509,"['25년이내', '지하층', '주차가능', '천장에어컨']",37.483328,126.893712
2524658560,단지내상가,월세,1/1,150,"2,000",22,20,북서향,20250509,"['25년이내', '역세권', '1층', '주차가능']",37.488525,126.890785
2524648895,단지내상가,매매,1/14,,35억,558,338,남동향,20250509,"['25년이내', '1층', '주차가능', '천장에어컨']",37.485735,126.89553
2524627277,복합상가,월세,B1/20,203,"2,000",145,73,남서향,20250509,"['15년이내', '지하층', '주차가능', '남서향']",37.487201,126.894622
2524647087,일반상가,월세,1/2,120,"1,500",45,40,동향,20250509,"['25년이상', '역세권', '1층', '총2층']",37.486109,126.887065
2524604280,복합상가,월세,1/2,130,"2,000",34,34,남서향,20250509,"['25년이상', '융자금없는', '역세권', '1층']",37.488695,126.889848
2524604160,복합상가,월세,1/4,55,"1,000",18,14,남서향,20250509,"['25년이상', '융자금없는', '역세권', '1층']",37.485098,126.888214
2524658212,일반상가,매매,B1/4,,"8,500",52,29,동향,20250509,"['25년이상', '지하층', '주차가능', '총4층']",37.505531,126.875876
2524647460,일반상가,월세,2/2,500,"6,000",174,174,북동향,20250509,"['25년이상', '테라스', '역세권', '고층']",37.484583,126.900311
2524650311,일반상가,월세,2/2,600,"8,000",316,165,동향,20250509,"['25년이상', '역세권', '고층', '총2층']",37.483259,126.900123
2524653906,단지내상가,월세,2/15,600,"6,000",350,200,북동향,20250509,"['25년이내', '역세권', '지상층(1층제외)', '주차가능']",37.485918,126.897296
2524651651,단지내상가,매매,1/20,,"1억 6,000",30,14,북향,20250509,"['25년이상', '1층', '관리비10만원이하', '주차가능']",37.490291,126.876904
2524603987,복합상가,월세,1/4,90,"1,000",33,33,남서향,20250509,"['25년이상', '융자금없는', '역세권', '1층']",37.490984,126.888069
2524604060,복합상가,월세,4/21,270,"2,700",297,165,남서향,20250509,"['25년이상', '융자금없는', '지상층(1층제외)', '주차가능']",37.49516,126.889407
2524646864,일반상가,매매,10/40,,"1억 2,000",83,37,,20250509,"['25년이내', '역세권', '지상층(1층제외)', '주차가능']",37.506988,126.890351
2524650038,일반상가,월세,1/13,250,"4,000",234,141,북동향,20250509,"['25년이내', '1층', '주차가능', '천장에어컨']",37.486923,126.893154
2524248144,단지내상가,월세,B1/14,550,"5,500",550,332,북서향,20250509,"['25년이내', '지하층', '주차가능', '천장에어컨']",37.483968,126.894127
2524650630,일반상가,월세,2/13,160,"2,500",126,74,북동향,20250509,"['25년이내', '지상층(1층제외)', '주차가능', '천장에어컨']",37.485184,126.89279
2524509888,일반상가,월세,B2/24,120,"2,000",401,214,남서향,20250508,"['25년이상', '지하층', '주차가능', '천장에어컨']",37.50046,126.891684
2524354704,단지내상가,월세,1/20,50,"1,000",28,13,남향,20250508,"['25년이상', '1층', '관리비10만원이하', '주차가능']",37.490291,126.876904
2524321922,일반상가,월세,1/4,85,"1,000",33,33,동향,20250508,"['25년이상', '1층', '총4층', '동향']",37.4955,126.882418
2524335370,일반상가,단기임대,B1/4,170,500,132,132,북향,20250508,"['25년이상', '지하층', '총4층', '북향']",37.489938,126.884598
2524599516,단지내상가,월세,1/20,400,1억,152,87,북향,20250508,"['25년이내', '1층', '주차가능', '엘리베이터']",37.483691,126.895434
2524523397,일반상가,매매,B1/24,,"4억 5,000",954,520,남서향,20250508,"['25년이상', '지하층', '주차가능', '천장에어컨']",37.50046,126.891684
2524303837,복합상가,월세,2/20,380,"5,000",204,117,남동향,20250508,"['25년이내', '지상층(1층제외)', '주차가능', '엘리베이터']",37.483691,126.895434
2524370279,일반상가,월세,2/20,150,"3,000",86,50,남동향,20250508,"['25년이내', '지상층(1층제외)', '주차가능', '천장에어컨']",37.483691,126.895434
2524303750,복합상가,월세,2/20,150,"3,000",85,49,남동향,20250508,"['25년이내', '지상층(1층제외)', '주차가능', '엘리베이터']",37.483691,126.895434
2524418108,단지내상가,월세,1/4,40,400,36,17,북향,20250508,"['25년이상', '역세권', '1층', '관리비10만원이하']",37.500608,126.877893
2524566007,일반상가,월세,1/3,150,"2,000",52,52,북향,20250508,"['25년이상', '1층', '총3층', '북향']",37.494113,126.887917
2524579382,복합상가,매매,2/11,,7억,106,84,북향,20250508,"['25년이상', '역세권', '지상층(1층제외)', '주차가능']",37.495757,126.874454
2524576601,복합상가,월세,1/20,280,"5,000",182,92,남서향,20250508,"['15년이내', '1층', '주차가능', '남서향']",37.487201,126.894622
2524594727,일반상가,월세,3/4,100,"2,500",92,92,서향,20250508,"['25년이상', '고층', '총4층', '서향']",37.502584,126.887111
2524572073,단지내상가,매매,1/4,,2억,41,30,남서향,20250508,"['25년이상', '1층', '관리비20만원이하', '주차가능']",37.503701,126.876156
2524384864,일반상가,월세,1/2,130,"2,000",43,26,남동향,20250508,"['25년이상', '역세권', '1층', '총2층']",37.488695,126.889848
2524366207,단지내상가,월세,1/13,400,"4,000",471,285,남서향,20250508,"['25년이내', '1층', '주차가능', '남서향']",37.485546,126.894203
2524367439,일반상가,월세,1/20,150,"2,500",75,38,남서향,20250508,"['2년이내', '테라스', '역세권', '1층']",37.486376,126.892448
2524382522,일반상가,월세,2/13,400,"4,000",446,270,북동향,20250508,"['25년이내', '지상층(1층제외)', '주차가능', '천장에어컨']",37.485546,126.894203
2524578075,일반상가,매매,2/19,,"39억 3,700",562,258,북서향,20250508,"['2년이내', '역세권', '지상층(1층제외)', '주차가능']",37.498242,126.872663
2524380754,일반상가,월세,B1/5,60,"2,000",104,104,,20250508,"['25년이상', '지하층', '총5층']",37.498894,126.886925
2524302236,일반상가,월세,1/5,440,"8,000",535,404,북서향,20250508,"['25년이상', '1층', '주차가능', '총5층']",37.49617,126.882295
2524459514,일반상가,월세,1/3,130,"2,500",83,80,남향,20250508,"['25년이상', '1층', '주차가능', '총3층']",37.49741,126.881714
2524489996,일반상가,매매,4/7,,"6억 5,000",238,140,동향,20250508,"['25년이내', '역세권', '중층', '주차가능']",37.495066,126.872004
2524304148,일반상가,월세,B1/3,250,"2,000",66,66,북향,20250508,"['25년이상', '역세권', '지하층', '주차가능']",37.483611,126.900881
2524440117,일반상가,월세,2/3,330,"7,000",99,99,동향,20250508,"['25년이상', '융자금적은', '역세권', '중층']",37.483886,126.90164
2524435180,복합상가,월세,2/39,629,"9,440",671,242,남향,20250508,"['10년이내', '융자금적은', '지상층(1층제외)', '주차가능']",37.479914,126.895233
2524379612,일반상가,월세,3/4,140,"3,000",144,144,남향,20250508,"['25년이상', '고층', '관리비10만원이하', '주차가능']",37.499016,126.886289
2524414530,일반상가,월세,6/8,"1,000","1억 9,500",405,332,북서향,20250508,"['4년이내', '융자금없는', '고층', '주차가능']",37.494717,126.888323
2524411350,복합상가,월세,1/20,280,"5,000",36,36,남동향,20250508,"['4년이내', '1층', '남동향', '관리비80만원이하']",37.496431,126.890284
2524514137,단지내상가,월세,3/20,250,"3,000",302,119,남향,20250508,"['4년이내', '지상층(1층제외)', '주차가능', '남향']",37.496431,126.890284
2524507576,단지내상가,월세,1/25,300,"5,000",72,36,북동향,20250508,"['25년이내', '역세권', '1층', '주차가능']",37.505707,126.89166
2524518122,일반상가,월세,1/3,110,"1,300",33,33,남동향,20250508,"['25년이상', '1층', '관리비10만원이하', '총3층']",37.494336,126.887964
2524479076,일반상가,월세,1/6,180,"5,000",26,26,북동향,20250508,"['25년이상', '역세권', '1층', '관리비20만원이하']",37.484264,126.901307
2524442552,일반상가,월세,1/8,280,"5,000",80,66,서향,20250508,"['25년이내', '융자금적은', '역세권', '1층']",37.490995,126.894275
2524512446,일반상가,월세,1/1,464,1억,79,79,서향,20250508,"['25년이상', '역세권', '1층', '주차가능']",37.484655,126.899865
2524361204,단지내상가,월세,3/14,160,"1,600",145,79,북서향,20250508,"['25년이내', '역세권', '지상층(1층제외)', '주차가능']",37.482896,126.898664
2524399586,단지내상가,월세,1/19,"1,650","2억 6,400",613,307,남동향,20250508,"['10년이내', '1층', '주차가능', '천장에어컨']",37.481968,126.892287
2524561554,일반상가,월세,B1/3,250,"5,000",115,115,동향,20250508,"['25년이상', '융자금적은', '역세권', '지하층']",37.483886,126.90164
2524415455,일반상가,월세,2/8,"1,000","1억 9,500",300,226,북서향,20250508,"['4년이내', '융자금없는', '지상층(1층제외)', '주차가능']",37.494717,126.888323
2524360358,복합상가,월세,B1/25,75,"2,000",111,51,남향,20250508,"['25년이내', '역세권', '지하층', '관리비10만원이하']",37.505707,126.89166
2524361532,복합상가,월세,1/9,370,"5,000",113,113,북동향,20250508,"['25년이내', '1층', '주차가능', '북동향']",37.493539,126.882967
2524405347,일반상가,월세,1/4,220,"3,000",68,68,남동향,20250508,"['25년이상', '융자금없는', '1층', '관리비10만원이하']",37.503523,126.89082
2524383956,일반상가,월세,1/14,180,"2,000",98,49,남서향,20250508,"['25년이내', '1층', '주차가능', '남서향']",37.500771,126.8894
2524367891,일반상가,월세,5/7,600,"5,000",391,390,북동향,20250508,"['25년이상', '고층', '주차가능', '북동향']",37.503251,126.88783
2524432761,일반상가,월세,1/2,110,"1,500",45,45,서향,20250508,"['25년이상', '1층', '총2층', '서향']",37.49392,126.887716
2524367991,일반상가,월세,2/5,500,"8,000",206,206,남서향,20250508,"['25년이상', '역세권', '중층', '주차가능']",37.483018,126.899362
2524518506,복합상가,월세,1/2,"1,300","2,300",613,307,남동향,20250508,"['10년이내', '1층', '주차가능', '엘리베이터']",37.481968,126.892287
2524479702,일반상가,월세,4/5,600,1억,366,330,서향,20250508,"['15년이내', '역세권', '고층', '주차가능']",37.484192,126.900865
2524479440,일반상가,월세,1/3,400,"5,000",84,84,북서향,20250508,"['25년이상', '역세권', '1층', '천장에어컨']",37.483425,126.900752
2524450423,일반상가,월세,3/4,55,"1,000",70,65,남동향,20250508,"['25년이상', '역세권', '고층', '관리비10만원이하']",37.492652,126.891274
2524444483,복합상가,월세,2/39,477,"7,152",267,96,남향,20250508,"['10년이내', '지상층(1층제외)', '주차가능', '엘리베이터']",37.479914,126.895233
2524445965,일반상가,매매,1/4,,"2억 1,000",36,31,남향,20250508,"['25년이상', '역세권', '1층', '총4층']",37.485531,126.887659
2524539420,일반상가,월세,1/11,250,"3,000",95,95,북동향,20250508,"['10년이내', '역세권', '1층', '주차가능']",37.482017,126.898094
2524563130,일반상가,매매,2/5,,"3억 7,000",68,45,서향,20250508,"['25년이상', '역세권', '중층', '관리비20만원이하']",37.495674,126.87412
2524485488,일반상가,월세,1/3,160,"2,000",46,46,남서향,20250508,"['25년이상', '융자금없는', '1층', '주차가능']",37.491858,126.888923
2524505259,복합상가,월세,1/20,250,"3,000",74,46,남동향,20250508,"['25년이내', '테라스', '1층', '주차가능']",37.481176,126.895391
2524444863,일반상가,월세,1/3,120,"3,000",36,36,남동향,20250508,"['25년이상', '1층', '관리비10만원이하', '주차가능']",37.503017,126.887511
2524478340,일반상가,월세,1/5,270,"9,000",46,46,남서향,20250508,"['25년이상', '역세권', '1층', '관리비20만원이하']",37.483621,126.901593
2524487262,복합상가,매매,1/13,,14억,154,107,남향,20250508,"['25년이상', '역세권', '1층', '주차가능']",37.495757,126.874454
2524449383,일반상가,월세,1/3,160,"3,500",69,69,북향,20250508,"['25년이상', '융자금없는', '1층', '총3층']",37.49073,126.885554
2524391052,복합상가,매매,B1/20,,"20억 6,000",682,390,북서향,20250508,"['25년이내', '지하층', '주차가능', '북서향']",37.483691,126.895434
2524488145,단지내상가,월세,2/2,130,"3,000",78,56,서향,20250508,"['25년이상', '융자금없는', '고층', '관리비20만원이하']",37.492989,126.877108
2524542198,일반상가,월세,1/4,290,"3,000",78,78,북동향,20250508,"['25년이상', '1층', '주차가능', '총4층']",37.492592,126.883316
2524535923,일반상가,월세,1/4,600,"8,000",110,110,북서향,20250508,"['25년이상', '역세권', '1층', '총4층']",37.489962,126.892492
2524485045,일반상가,매매,B1/12,,"5,500",45,23,,20250508,"['25년이내', '지하층', '관리비10만원이하', '주차가능']",37.504573,126.87692
2524561002,일반상가,월세,3/9,800,1억,503,431,남동향,20250508,"['25년이상', '융자금적은', '지상층(1층제외)', '주차가능']",37.481303,126.899472
2524571229,일반상가,매매,2/4,,3억,138,77,남동향,20250508,"['25년이상', '중층', '주차가능', '총4층']",37.503441,126.87649
2524455077,일반상가,월세,1/2,380,"4,000",69,67,남향,20250508,"['25년이상', '1층', '총2층', '남향']",37.490329,126.885872
2524534038,일반상가,월세,1/4,160,"3,000",49,49,북동향,20250508,"['25년이내', '역세권', '1층', '총4층']",37.505041,126.891022
2524527360,단지내상가,월세,1/14,260,"4,000",76,42,북서향,20250508,"['25년이내', '역세권', '1층', '관리비20만원이하']",37.486494,126.89612
2524562565,일반상가,월세,4/6,400,"5,000",264,247,동향,20250508,"['25년이상', '융자금적은', '역세권', '중층']",37.484264,126.901307
2524562938,일반상가,월세,1/4,140,"2,500",61,52,서향,20250508,"['25년이내', '융자금적은', '역세권', '1층']",37.486745,126.888083
2524531996,복합상가,월세,1/14,350,"5,000",112,69,남동향,20250508,"['25년이내', '역세권', '1층', '주차가능']",37.485088,126.898821
2524559536,일반상가,월세,1/4,120,"1,000",26,26,북향,20250508,"['25년이상', '융자금적은', '역세권', '1층']",37.482766,126.900245
2524567993,일반상가,월세,1/5,110,"3,000",24,18,남서향,20250508,"['2년이내', '역세권', '1층', '관리비20만원이하']",37.499579,126.8812
2524562227,일반상가,월세,3/3,480,1억,235,235,동향,20250508,"['25년이상', '융자금적은', '역세권', '고층']",37.483886,126.90164
2524583216,단지내상가,월세,1/15,100,"2,000",44,28,남동향,20250508,"['25년이내', '역세권', '1층', '관리비20만원이하']",37.495887,126.872727
2524585494,복합상가,월세,1/14,600,1억,162,90,남동향,20250508,"['25년이내', '역세권', '1층', '주차가능']",37.485088,126.898821
2524557642,일반상가,월세,1/3,70,"1,000",26,26,남동향,20250508,"['25년이상', '융자금적은', '1층', '관리비10만원이하']",37.480037,126.898535
2524552682,일반상가,월세,4/8,"1,000",2억,603,560,북동향,20250508,"['25년이상', '테라스', '중층', '주차가능']",37.505042,126.876827
2524563089,일반상가,월세,3/6,360,"5,000",231,231,동향,20250508,"['25년이상', '융자금적은', '역세권', '중층']",37.484746,126.900876
2524560153,일반상가,월세,1/3,122,"1,500",39,39,북동향,20250508,"['25년이상', '융자금적은', '1층', '총3층']",37.504306,126.890839
2524577999,단지내상가,매매,B1/20,,"24억 7,000",818,470,북서향,20250508,"['25년이내', '지하층', '관리비10만원이하', '주차가능']",37.483691,126.895434
2524577290,복합상가,월세,1/18,450,"5,000",208,119,동향,20250508,"['25년이내', '1층', '엘리베이터', '천장에어컨']",37.483691,126.895434
2524577474,복합상가,월세,1/20,850,1억,289,165,남동향,20250508,"['25년이내', '1층', '주차가능', '엘리베이터']",37.483691,126.895434
2524598676,일반상가,월세,1/4,150,"2,000",61,61,남향,20250508,"['25년이내', '융자금없는', '역세권', '1층']",37.484117,126.890745
2524576350,일반상가,월세,1/5,120,"2,000",24,17,남서향,20250508,"['2년이내', '테라스', '역세권', '1층']",37.499579,126.8812
2524350887,일반상가,월세,1/3,100,"2,000",33,33,남서향,20250508,"['25년이상', '1층', '관리비20만원이하', '주차가능']",37.500323,126.888612
2524407465,일반상가,매매,1/4,,4억,97,81,서향,20250508,"['25년이상', '역세권', '1층', '주차가능']",37.485999,126.88662
2524360887,단지내상가,월세,1/20,250,"5,000",146,73,북동향,20250508,"['15년이내', '1층', '주차가능', '천장에어컨']",37.487201,126.894622
2524572310,일반상가,월세,2/3,150,"5,000",95,85,북동향,20250508,"['25년이내', '역세권', '중층', '총3층']",37.490191,126.886887
2524582264,단지내상가,월세,2/14,150,"1,500",160,87,남동향,20250508,"['25년이내', '역세권', '지상층(1층제외)', '주차가능']",37.482896,126.898664
2524359004,복합상가,월세,B1/20,180,"3,000",207,104,남서향,20250508,"['15년이내', '지하층', '주차가능', '엘리베이터']",37.487201,126.894622
2524360184,복합상가,월세,1/20,280,"5,000",181,91,남서향,20250508,"['15년이내', '1층', '주차가능', '엘리베이터']",37.487201,126.894622
2524480672,단지내상가,월세,1/13,250,"5,000",230,141,,20250508,"['25년이내', '1층', '주차가능', '관리비40만원이하']",37.486923,126.893154
2524487526,일반상가,월세,2/5,500,1억,330,284,남서향,20250508,"['25년이내', '융자금없는', '역세권', '중층']",37.503444,126.886375
2524359489,복합상가,월세,1/20,250,"5,000",111,56,남서향,20250508,"['15년이내', '1층', '주차가능', '엘리베이터']",37.487201,126.894622
2524334956,일반상가,월세,2/4,530,"6,500",417,417,북향,20250508,"['25년이상', '중층', '주차가능', '총4층']",37.492751,126.883177
2524419298,일반상가,월세,5/8,"1,000","1억 9,500",405,332,북서향,20250508,"['4년이내', '융자금없는', '중층', '주차가능']",37.494717,126.888323
2524302099,일반상가,월세,B1/5,200,"3,000",269,269,북서향,20250508,"['25년이상', '지하층', '주차가능', '총5층']",37.49617,126.882295
2524599263,일반상가,월세,1/20,800,1억,350,200,동향,20250508,"['25년이내', '1층', '주차가능', '엘리베이터']",37.483691,126.895434
2524305303,복합상가,월세,1/13,400,"4,000",110,66,남동향,20250508,"['25년이내', '1층', '주차가능', '엘리베이터']",37.485546,126.894203
2524302161,일반상가,월세,1/5,250,"5,000",269,135,북서향,20250508,"['25년이상', '1층', '주차가능', '총5층']",37.49617,126.882295
2524334764,일반상가,월세,1/4,300,"4,000",99,99,동향,20250508,"['25년이상', '1층', '관리비20만원이하', '주차가능']",37.492751,126.883177
2524131292,일반상가,월세,2/3,100,"1,000",86,86,남동향,20250507,"['25년이상', '중층', '총3층', '남동향']",37.494406,126.888098
2524199885,일반상가,월세,3/5,200,"2,000",160,160,남동향,20250507,"['25년이상', '중층', '주차가능', '총5층']",37.494295,126.886348
2523921631,일반상가,월세,1/9,"1,200",1억,508,406,동향,20250507,"['25년이상', '1층', '주차가능', '동향']",37.481303,126.899472
2524200152,일반상가,월세,2/2,450,"6,000",98,98,남향,20250507,"['25년이상', '융자금적은', '역세권', '고층']",37.483943,126.900299
2524064655,일반상가,월세,1/2,45,"1,000",36,33,남향,20250507,"['25년이상', '융자금없는', '역세권', '1층']",37.489614,126.884998
2524048769,단지내상가,월세,1/3,150,"4,000",60,38,남향,20250507,"['25년이상', '융자금없는', '1층', '관리비10만원이하']",37.496794,126.876111
2523901511,복합상가,월세,1/4,45,"1,000",26,26,남서향,20250507,"['25년이상', '융자금없는', '역세권', '1층']",37.488709,126.888058
2524070024,복합상가,매매,B1/15,,"21억 1,100",517,292,북동향,20250507,"['25년이내', '역세권', '지하층', '주차가능']",37.484303,126.899266
2523930670,일반상가,월세,1/3,115,"1,000",45,39,북동향,20250507,"['25년이상', '1층', '총3층', '북동향']",37.501307,126.888407
2524049053,일반상가,월세,B1/3,180,"2,000",27,27,남동향,20250507,"['25년이상', '역세권', '지하층', '관리비20만원이하']",37.483611,126.900881
2524006588,일반상가,월세,3/4,450,1억,417,417,북향,20250507,"['25년이상', '고층', '주차가능', '총4층']",37.492751,126.883177
2524100908,일반상가,월세,1/8,700,"1억 4,000",76,76,북서향,20250507,"['4년이내', '1층', '주차가능', '북서향']",37.494717,126.888323
2524196765,단지내상가,매매,B1/4,,"2억 5,000",142,38,남서향,20250507,"['25년이상', '지하층', '주차가능', '엘리베이터']",37.500898,126.874574
2523914123,일반상가,월세,2/5,120,"2,000",68,49,남서향,20250507,"['2년이내', '테라스', '역세권', '중층']",37.499579,126.8812
2523987737,일반상가,월세,1/15,370,"3,700",131,80,북동향,20250507,"['25년이내', '1층', '주차가능', '엘리베이터']",37.482124,126.89533
2523887571,단지내상가,월세,1/13,320,"5,000",133,79,남동향,20250507,"['25년이내', '1층', '주차가능', '천장에어컨']",37.485184,126.89279
2523894698,일반상가,월세,B1/14,620,"8,000",674,408,북서향,20250507,"['25년이내', '지하층', '주차가능', '천장에어컨']",37.481538,126.893448
2523912953,일반상가,월세,1/5,170,"3,000",42,32,남서향,20250507,"['2년이내', '테라스', '역세권', '1층']",37.499579,126.8812
2524058117,일반상가,월세,1/3,120,"1,000",92,92,동향,20250507,"['25년이상', '1층', '주차가능', '총3층']",37.498586,126.883896
2523816432,복합상가,월세,B1/20,"1,000",1억,812,464,남동향,20250507,"['25년이내', '지하층', '주차가능', '남동향']",37.483691,126.895434
2523890291,일반상가,월세,1/3,190,"1,500",39,39,남향,20250507,"['25년이상', '역세권', '1층', '총3층']",37.493338,126.891395
2524120164,복합상가,월세,B1/39,437,"6,549",465,168,남향,20250507,"['10년이내', '지하층', '주차가능', '엘리베이터']",37.479914,126.895233
2524091263,일반상가,월세,5/7,750,1억,336,287,동향,20250507,"['25년이상', '융자금적은', '역세권', '고층']",37.483305,126.901162
2523898404,일반상가,월세,3/3,400,"5,000",198,198,남동향,20250507,"['25년이상', '융자금없는', '역세권', '고층']",37.490321,126.892413
2523860869,일반상가,월세,1/24,90,"2,000",28,28,동향,20250507,"['25년이상', '1층', '관리비10만원이하', '주차가능']",37.500007,126.89032
2524054276,일반상가,월세,9/13,"1,000",1억,793,674,남동향,20250507,"['25년이상', '융자금없는', '고층', '주차가능']",37.495926,126.889459
2524209442,단지내상가,월세,2/14,660,1억,436,263,남동향,20250507,"['25년이내', '지상층(1층제외)', '주차가능', '천장에어컨']",37.484503,126.894532
2524227053,일반상가,월세,1/7,400,1억,40,21,북향,20250507,"['25년이상', '1층', '관리비10만원이하', '주차가능']",37.490326,126.884739
2524289458,단지내상가,월세,1/20,400,"7,000",196,98,북서향,20250507,"['2년이내', '역세권', '1층', '주차가능']",37.486376,126.892448
2524165591,복합상가,월세,2/18,140,"1,400",151,77,남서향,20250507,"['15년이내', '지상층(1층제외)', '주차가능', '엘리베이터']",37.482434,126.897041
2524233991,일반상가,월세,2/7,"1,400",3억,771,390,북향,20250507,"['25년이상', '지상층(1층제외)', '주차가능', '북향']",37.490326,126.884739
2524018153,단지내상가,월세,1/18,240,"3,000",73,56,남서향,20250507,"['15년이내', '1층', '주차가능', '남서향']",37.482434,126.897041
2524226825,일반상가,월세,B1/7,300,"5,000",488,318,북향,20250507,"['25년이상', '지하층', '주차가능', '북향']",37.490326,126.884739
2524281237,단지내상가,월세,2/14,300,"3,000",257,143,남동향,20250507,"['25년이내', '역세권', '지상층(1층제외)', '주차가능']",37.486494,126.89612
2524280507,단지내상가,월세,1/18,350,"5,000",293,149,남서향,20250507,"['15년이내', '1층', '주차가능', '엘리베이터']",37.482434,126.897041
2524234984,일반상가,매매,1/7,,14억,130,69,북향,20250507,"['25년이상', '1층', '주차가능', '천장에어컨']",37.490326,126.884739
2523822739,일반상가,월세,B1/3,80,"2,000",112,112,남동향,20250507,"['25년이상', '지하층', '관리비10만원이하', '주차가능']",37.494336,126.887964
2524176367,단지내상가,월세,1/2,70,700,26,23,북서향,20250507,"['25년이상', '융자금없는', '역세권', '1층']",37.503213,126.877895
2524319990,일반상가,월세,2/3,50,"1,700",39,39,남서향,20250507,"['25년이상', '역세권', '중층', '총3층']",37.484116,126.890627
2524136823,일반상가,월세,3/5,180,"2,000",183,149,남향,20250507,"['25년이상', '융자금없는', '중층', '주차가능']",37.505329,126.876703
2524057936,일반상가,월세,B1/6,90,"2,000",105,105,동향,20250507,"['25년이상', '지하층', '주차가능', '동향']",37.502038,126.886794
2523906894,일반상가,월세,1/13,210,"3,000",134,79,북서향,20250507,"['25년이내', '1층', '주차가능', '천장에어컨']",37.485184,126.89279
2523898832,일반상가,월세,3/3,550,"8,000",442,429,남서향,20250507,"['25년이상', '역세권', '고층', '천장에어컨']",37.484421,126.899904
2523900775,일반상가,월세,1/13,350,1억,154,91,북동향,20250507,"['25년이내', '1층', '주차가능', '천장에어컨']",37.485184,126.89279
2523892910,일반상가,월세,B1/14,450,"5,000",454,275,북서향,20250507,"['25년이내', '지하층', '주차가능', '천장에어컨']",37.481538,126.893448
2524051479,단지내상가,매매,1/15,,32억,730,441,북서향,20250507,"['25년이내', '1층', '주차가능', '엘리베이터']",37.486923,126.893154
2523455964,복합상가,월세,1/13,350,1억,153,90,북동향,20250507,"['25년이내', '1층', '주차가능', '엘리베이터']",37.485184,126.89279
2524084113,일반상가,월세,2/9,800,1억,471,399,남동향,20250507,"['25년이상', '융자금적은', '지상층(1층제외)', '주차가능']",37.481303,126.899472
2523875714,단지내상가,월세,1/1,270,"5,000",54,50,남서향,20250507,"['25년이내', '융자금없는', '역세권', '1층']",37.488525,126.890785
2523846584,일반상가,월세,B1/2,100,"2,000",50,50,남서향,20250507,"['25년이상', '역세권', '지하층', '주차가능']",37.501399,126.883604
2523897802,일반상가,월세,1/3,80,"1,000",30,30,남향,20250507,"['25년이상', '역세권', '1층', '천장에어컨']",37.484116,126.890627
2524013768,일반상가,월세,B1/17,600,1억,209,209,남서향,20250507,"['4년이내', '지하층', '주차가능', '남서향']",37.503121,126.891378
2523898604,일반상가,월세,1/4,160,"3,000",40,40,남동향,20250507,"['25년이상', '역세권', '1층', '총4층']",37.48806,126.884554
2524182473,일반상가,월세,B1/5,90,"1,000",150,90,,20250507,"['25년이상', '지하층', '총5층']",37.498144,126.881894
2524178996,일반상가,월세,1/3,55,"1,000",25,22,동향,20250507,"['25년이내', '1층', '총3층', '동향']",37.495776,126.885339
2524291504,일반상가,월세,1/18,290,"4,000",140,71,남서향,20250507,"['15년이내', '1층', '주차가능', '엘리베이터']",37.482434,126.897041
2523902061,복합상가,월세,1/3,380,"4,000",68,68,남서향,20250507,"['25년이상', '1층', '총3층', '남서향']",37.490331,126.885951
2524097853,단지내상가,월세,1/10,130,"3,000",65,40,남서향,20250507,"['25년이내', '1층', '관리비20만원이하', '주차가능']",37.483465,126.892958
2523968676,단지내상가,월세,1/25,95,"1,000",43,21,남향,20250507,"['25년이내', '역세권', '1층', '주차가능']",37.505707,126.89166
2523824714,복합상가,월세,1/20,330,"4,000",180,90,동향,20250507,"['2년이내', '역세권', '1층', '주차가능']",37.486376,126.892448
2523891072,일반상가,월세,1/4,210,"3,000",66,66,남향,20250507,"['25년이상', '1층', '주차가능', '총4층']",37.503523,126.89082
2523844706,일반상가,월세,7/8,"1,000","1억 9,500",429,405,북향,20250507,"['4년이내', '융자금없는', '고층', '주차가능']",37.494717,126.888323
2523888759,일반상가,월세,1/11,260,"3,000",117,99,북동향,20250507,"['10년이내', '역세권', '1층', '주차가능']",37.482017,126.898094
2524116549,일반상가,월세,1/20,300,"6,000",105,52,남서향,20250507,"['15년이내', '1층', '주차가능', '천장에어컨']",37.487201,126.894622
2524070196,복합상가,월세,1/15,573,"5,730",237,145,북동향,20250507,"['25년이내', '융자금없는', '1층', '주차가능']",37.482124,126.89533
2524070316,복합상가,월세,1/15,727,"7,270",300,183,북동향,20250507,"['25년이내', '융자금없는', '1층', '주차가능']",37.482124,126.89533
2523986362,일반상가,월세,1/15,"1,000",1억,405,248,북동향,20250507,"['25년이내', '1층', '주차가능', '엘리베이터']",37.482124,126.89533
2523890893,일반상가,월세,1/2,130,"2,000",36,36,남서향,20250507,"['25년이상', '역세권', '1층', '총2층']",37.488695,126.889848
2523878935,단지내상가,월세,1/1,280,"6,000",44,40,남서향,20250507,"['25년이내', '융자금없는', '역세권', '1층']",37.488525,126.890785
2524280178,일반상가,월세,1/2,400,"5,000",56,56,서향,20250507,"['25년이상', '역세권', '1층', '총2층']",37.483412,126.900094
2524294092,일반상가,월세,1/4,80,"1,500",50,50,남향,20250507,"['25년이상', '융자금없는', '역세권', '1층']",37.488138,126.885248
2524181159,일반상가,월세,1/1,50,"1,000",76,40,동향,20250507,"['25년이상', '융자금없는', '1층', '동향']",37.496362,126.887406
2524130119,복합상가,월세,1/3,227,"2,000",57,57,남서향,20250507,"['25년이상', '역세권', '1층', '천장에어컨']",37.482609,126.899064
2524117624,일반상가,월세,1/3,90,"1,000",26,26,남동향,20250507,"['25년이상', '1층', '총3층', '남동향']",37.503064,126.887599
2524119689,일반상가,월세,1/10,50,"1,000",30,30,남향,20250507,"['25년이상', '융자금없는', '1층', '관리비10만원이하']",37.494948,126.88966
2524141470,단지내상가,월세,3/4,90,"1,000",15,15,남서향,20250507,"['25년이상', '고층', '관리비20만원이하', '주차가능']",37.500898,126.874574
2524285788,복합상가,월세,1/15,400,"5,000",235,141,북향,20250507,"['25년이내', '융자금없는', '1층', '주차가능']",37.483487,126.896518
2524297689,일반상가,월세,1/1,280,"7,000",109,109,남동향,20250507,"['25년이상', '역세권', '1층', '남동향']",37.488129,126.888914
2524286231,일반상가,월세,1/2,150,"1,500",62,62,남향,20250507,"['25년이상', '역세권', '1층', '총2층']",37.486026,126.886989
2524299175,일반상가,월세,1/4,60,"1,000",33,25,북동향,20250507,"['25년이상', '1층', '총4층', '북동향']",37.504516,126.889869
2524289413,단지내상가,월세,1/21,300,"5,000",45,45,서향,20250507,"['25년이내', '역세권', '1층', '서향']",37.496623,126.892161
2524299030,일반상가,월세,1/8,350,"3,500",99,99,남서향,20250507,"['25년이내', '역세권', '1층', '주차가능']",37.48223,126.900141
2524273600,일반상가,월세,1/14,500,1억,241,134,남서향,20250507,"['25년이내', '역세권', '1층', '주차가능']",37.486494,126.89612
2524107762,일반상가,월세,2/4,150,"2,000",113,113,북동향,20250507,"['25년이상', '중층', '주차가능', '총4층']",37.503303,126.889953
2523544585,복합상가,월세,2/14,280,"2,800",191,116,남향,20250507,"['25년이내', '융자금없는', '지상층(1층제외)', '주차가능']",37.485735,126.89553
2524117000,일반상가,월세,B1/15,"1,050","1억 5,000",255,144,남동향,20250507,"['25년이내', '융자금적은', '역세권', '지하층']",37.484303,126.899266
2524199715,일반상가,월세,1/11,260,"3,000",117,117,북향,20250507,"['10년이내', '융자금적은', '역세권', '1층']",37.482017,126.898094
2524203443,단지내상가,월세,B1/4,70,"1,000",53,53,남동향,20250507,"['25년이상', '지하층', '주차가능', '엘리베이터']",37.500898,126.874574
2524223755,일반상가,월세,1/36,100,"1,200",47,22,북서향,20250507,"['25년이상', '1층', '관리비20만원이하', '주차가능']",37.500381,126.889936
2524257578,일반상가,월세,1/2,120,"1,500",40,40,남동향,20250507,"['25년이상', '역세권', '1층', '총2층']",37.486026,126.886989
2524151872,복합상가,월세,B1/12,180,"3,000",52,26,남동향,20250507,"['25년이내', '지하층', '관리비10만원이하', '주차가능']",37.483328,126.893712
2524191852,일반상가,월세,3/3,423,"7,000",148,148,북향,20250507,"['25년이상', '융자금적은', '역세권', '고층']",37.484451,126.902214
2524104997,일반상가,월세,1/4,50,"1,000",83,30,북동향,20250507,"['25년이상', '역세권', '1층', '총4층']",37.484715,126.889429
2524284719,일반상가,매매,2/20,,"5억 5,000",142,72,남서향,20250507,"['15년이내', '지상층(1층제외)', '주차가능', '엘리베이터']",37.487201,126.894622
2524287403,일반상가,월세,B1/14,600,1억,468,260,남서향,20250507,"['25년이내', '역세권', '지하층', '주차가능']",37.486494,126.89612
2524280695,단지내상가,월세,3/18,100,"1,000",133,72,북동향,20250507,"['15년이내', '융자금없는', '지상층(1층제외)', '주차가능']",37.480784,126.892799
2523951315,일반상가,월세,B1/4,500,"7,000",328,328,남향,20250506,"['25년이상', '역세권', '지하층', '주차가능']",37.489962,126.892492
2523945562,일반상가,월세,2/2,140,"2,000",89,89,북동향,20250506,"['25년이상', '역세권', '고층', '총2층']",37.489326,126.891898
2523963597,일반상가,월세,B1/4,50,"1,000",136,130,서향,20250506,"['25년이상', '지하층', '총4층', '서향']",37.490988,126.886839
2523930344,일반상가,월세,B1/36,550,"7,000",109,109,남향,20250506,"['25년이내', '융자금없는', '역세권', '지하층']",37.499921,126.884123
2523915820,일반상가,월세,1/2,362,"3,554",60,60,남향,20250505,"['25년이상', '역세권', '1층', '총2층']",37.490182,126.886726
2523839559,일반상가,월세,3/5,450,"7,000",237,237,서향,20250505,"['25년이내', '역세권', '중층', '주차가능']",37.491132,126.893597
2523844019,일반상가,월세,1/2,60,"1,500",20,20,남동향,20250505,"['25년이상', '역세권', '1층', '총2층']",37.486026,126.886989
2523823648,단지내상가,월세,6/7,200,"3,000",119,119,남동향,20250504,"['25년이내', '융자금없는', '고층', '주차가능']",37.504955,126.888555
2523818554,일반상가,월세,B1/3,35,"1,000",61,61,남향,20250504,"['25년이상', '역세권', '지하층', '총3층']",37.484117,126.890745
2523785129,단지내상가,매매,B1/2,,"2억 2,000",38,38,북서향,20250503,"['25년이상', '역세권', '지하층', '관리비20만원이하']",37.503213,126.877895
2523677225,일반상가,월세,1/4,50,"1,000",30,30,남향,20250503,"['25년이상', '융자금없는', '역세권', '1층']",37.48587,126.888702
2523772299,단지내상가,월세,1/3,300,"3,000",50,39,남동향,20250503,"['25년이상', '역세권', '1층', '주차가능']",37.504191,126.879535
2523635489,복합상가,월세,1/13,200,"3,000",52,31,남동향,20250503,"['25년이내', '1층', '관리비10만원이하', '주차가능']",37.486536,126.893854
2523686470,일반상가,월세,1/4,90,"1,500",22,22,남향,20250503,"['25년이상', '역세권', '1층', '총4층']",37.48961,126.887917
2523771109,일반상가,월세,2/7,770,"1억 3,000",288,288,북서향,20250503,"['25년이상', '역세권', '지상층(1층제외)', '주차가능']",37.484366,126.900999
2523771345,일반상가,월세,1/2,300,"4,000",231,231,북동향,20250503,"['25년이상', '역세권', '1층', '주차가능']",37.484583,126.900311
2523695574,단지내상가,월세,3/5,80,"2,000",42,42,남동향,20250503,"['25년이상', '융자금없는', '역세권', '중층']",37.482998,126.901009
2523632703,단지내상가,월세,1/4,85,900,22,22,남서향,20250503,"['25년이상', '1층', '관리비20만원이하', '주차가능']",37.500898,126.874574
2523643688,일반상가,월세,1/32,160,"2,000",50,39,남서향,20250503,"['25년이내', '1층', '주차가능', '남서향']",37.501166,126.891399
2523769413,복합상가,월세,1/4,85,"1,000",33,33,남서향,20250503,"['25년이상', '융자금없는', '역세권', '1층']",37.488643,126.888181
2523683775,일반상가,월세,2/7,770,"1억 3,000",288,287,북서향,20250503,"['25년이상', '역세권', '지상층(1층제외)', '주차가능']",37.484366,126.900999
2523693019,일반상가,월세,2/18,320,"3,200",206,104,북동향,20250503,"['15년이내', '역세권', '지상층(1층제외)', '주차가능']",37.483075,126.897767
2523685777,복합상가,월세,2/3,100,"2,000",46,46,남서향,20250503,"['25년이상', '융자금없는', '역세권', '중층']",37.487272,126.888543
2523624657,일반상가,월세,1/6,300,"5,000",108,102,남동향,20250503,"['25년이내', '1층', '주차가능', '남동향']",37.499906,126.887729
2523649417,일반상가,매매,2/20,,"8억 7,000",234,94,남서향,20250503,"['4년이내', '지상층(1층제외)', '주차가능', '남서향']",37.496431,126.890284
2523796450,일반상가,월세,B1/4,60,"2,000",84,84,서향,20250503,"['25년이상', '지하층', '관리비10만원이하', '총4층']",37.497588,126.882703
2523640056,일반상가,월세,1/14,80,"1,000",28,28,북동향,20250503,"['15년이내', '1층', '관리비20만원이하', '주차가능']",37.496407,126.892428
2523785307,복합상가,월세,1/18,140,"2,500",55,28,남서향,20250503,"['15년이내', '1층', '관리비10만원이하', '주차가능']",37.482434,126.897041
2523656078,일반상가,월세,B1/5,30,300,37,37,남향,20250503,"['25년이상', '융자금없는', '지하층', '관리비10만원이하']",37.506215,126.875341
2523633378,일반상가,월세,1/7,200,"3,000",66,66,남서향,20250503,"['25년이상', '역세권', '1층', '관리비20만원이하']",37.500044,126.882681
2523628733,일반상가,월세,1/4,140,"2,000",52,52,북서향,20250503,"['25년이상', '1층', '주차가능', '총4층']",37.502731,126.887313
2523774945,일반상가,월세,2/5,455,"8,000",406,265,북향,20250503,"['25년이상', '역세권', '중층', '총5층']",37.503107,126.879104
2523526245,단지내상가,월세,1/2,70,700,27,27,북서향,20250502,"['25년이상', '융자금적은', '역세권', '1층']",37.503213,126.877895
2523574820,단지내상가,월세,1/2,40,"1,000",21,12,동향,20250502,"['25년이상', '융자금없는', '1층', '관리비10만원이하']",37.492018,126.875792
2523468668,복합상가,월세,2/20,"1,200","1억 2,000",603,305,남동향,20250502,"['15년이내', '융자금없는', '지상층(1층제외)', '주차가능']",37.481074,126.894366
2523537731,단지내상가,월세,1/20,100,"2,000",41,21,남서향,20250502,"['15년이내', '1층', '관리비20만원이하', '주차가능']",37.501922,126.88847
2523538711,복합상가,월세,B1/15,300,"3,000",182,105,남향,20250502,"['25년이내', '역세권', '지하층', '주차가능']",37.485918,126.897296
2523297779,일반상가,월세,1/8,280,"5,000",80,80,북서향,20250502,"['25년이내', '역세권', '1층', '주차가능']",37.490995,126.894275
2523392531,단지내상가,월세,3/3,80,"1,000",72,44,남동향,20250502,"['25년이상', '융자금없는', '역세권', '고층']",37.503506,126.884223
2523263455,단지내상가,월세,1/15,70,"1,000",27,18,북향,20250502,"['25년이내', '융자금적은', '역세권', '1층']",37.495887,126.872727
2523310611,일반상가,월세,1/5,150,"3,000",85,85,동향,20250502,"['25년이상', '역세권', '1층', '주차가능']",37.48898,126.892387
2523417052,단지내상가,월세,1/25,220,"4,000",73,36,북서향,20250502,"['25년이내', '융자금없는', '역세권', '1층']",37.505707,126.89166
2523385755,일반상가,월세,1/4,72,"1,000",37,26,남향,20250502,"['25년이상', '역세권', '1층', '관리비10만원이하']",37.48492,126.888102
2523474226,일반상가,월세,1/15,600,"7,500",353,214,남동향,20250502,"['25년이내', '1층', '주차가능', '천장에어컨']",37.483487,126.896518
2523544177,일반상가,월세,B1/4,50,500,38,35,남서향,20250502,"['25년이상', '융자금없는', '지하층', '총4층']",37.494899,126.883899
2523491453,일반상가,월세,2/2,450,"6,000",99,99,남동향,20250502,"['25년이상', '역세권', '고층', '총2층']",37.483943,126.900299
2523637363,단지내상가,월세,1/20,80,"1,000",61,37,북동향,20250502,"['10년이내', '1층', '관리비20만원이하', '주차가능']",37.498192,126.891979
2523468396,복합상가,매매,B1/14,,"5억 1,000",166,100,북동향,20250502,"['25년이내', '지하층', '주차가능', '엘리베이터']",37.483968,126.894127
2523434764,단지내상가,매매,2/19,,8억,201,101,남동향,20250502,"['10년이내', '지상층(1층제외)', '주차가능', '천장에어컨']",37.481968,126.892287
2523636992,단지내상가,월세,3/20,300,"3,000",100,100,남동향,20250502,"['4년이내', '융자금적은', '지상층(1층제외)', '주차가능']",37.496431,126.890284
2523577656,복합상가,월세,1/15,600,"7,500",353,212,북향,20250502,"['25년이내', '1층', '주차가능', '엘리베이터']",37.483487,126.896518
2523468098,복합상가,월세,1/15,400,"7,000",142,82,남향,20250502,"['25년이내', '융자금없는', '역세권', '1층']",37.485918,126.897296
2523230408,일반상가,월세,3/3,100,"2,000",71,65,남향,20250502,"['25년이상', '융자금없는', '고층', '총3층']",37.493977,126.885733
2523421639,일반상가,월세,4/15,300,"3,000",207,119,남서향,20250502,"['25년이내', '융자금없는', '역세권', '지상층(1층제외)']",37.485918,126.897296
2523624620,단지내상가,월세,2/2,40,"2,000",37,37,북향,20250502,"['2년이내', '융자금없는', '고층', '관리비10만원이하']",37.490291,126.876904
2523445202,단지내상가,월세,1/15,200,"3,000",81,53,북동향,20250502,"['25년이내', '융자금없는', '역세권', '1층']",37.485693,126.899061
2523626802,단지내상가,월세,1/2,40,"1,000",12,12,동향,20250502,"['25년이상', '1층', '관리비10만원이하', '주차가능']",37.492018,126.875792
2523444789,단지내상가,매매,1/15,,9억,127,81,북동향,20250502,"['25년이내', '역세권', '1층', '주차가능']",37.485693,126.899061
2523401220,일반상가,월세,1/3,230,"4,000",30,30,남서향,20250502,"['25년이상', '융자금없는', '역세권', '1층']",37.489789,126.888214
2523575027,복합상가,월세,1/14,210,"5,000",88,44,남동향,20250502,"['25년이내', '1층', '관리비20만원이하', '주차가능']",37.500771,126.8894
2523494006,일반상가,매매,2/4,,"2억 7,500",77,77,동향,20250502,"['25년이상', '중층', '주차가능', '엘리베이터']",37.503441,126.87649
2523501327,복합상가,월세,1/3,170,"1,000",90,90,남서향,20250502,"['25년이상', '역세권', '1층', '주차가능']",37.487948,126.884236
2523527199,복합상가,월세,3/21,150,"3,000",98,60,남서향,20250502,"['25년이상', '융자금없는', '지상층(1층제외)', '주차가능']",37.495853,126.888821
2523546721,복합상가,월세,1/20,"1,700","2억 5,000",454,229,남향,20250502,"['2년이내', '1층', '주차가능', '엘리베이터']",37.481074,126.894366
2523542160,단지내상가,월세,1/20,"1,000","1억 5,000",260,131,남동향,20250502,"['2년이내', '1층', '주차가능', '엘리베이터']",37.481074,126.894366
2523526247,일반상가,월세,1/4,300,"5,000",126,102,북서향,20250502,"['25년이상', '역세권', '1층', '주차가능']",37.502646,126.884751
2523567410,일반상가,월세,2/3,140,"2,000",99,99,남동향,20250502,"['25년이상', '역세권', '중층', '관리비10만원이하']",37.499423,126.883468
2523525699,단지내상가,월세,1/2,70,700,29,29,북서향,20250502,"['25년이상', '융자금없는', '역세권', '1층']",37.503213,126.877895
2523576286,일반상가,매매,7/7,,28억,1006,612,동향,20250502,"['25년이내', '역세권', '고층', '주차가능']",37.495066,126.872004
2523583877,일반상가,월세,1/3,80,"1,000",39,39,남서향,20250502,"['25년이상', '역세권', '1층', '총3층']",37.484116,126.890627
2523611478,일반상가,월세,1/2,300,"4,000",359,231,남서향,20250502,"['25년이상', '역세권', '1층', '총2층']",37.484583,126.900311
2523545252,복합상가,월세,1/20,800,1억,259,131,남향,20250502,"['2년이내', '1층', '주차가능', '엘리베이터']",37.481074,126.894366
2523483830,일반상가,월세,1/2,220,"3,000",120,120,서향,20250502,"['25년이상', '융자금없는', '역세권', '1층']",37.487363,126.8853
2523458141,일반상가,월세,1/3,280,"7,000",82,82,남서향,20250502,"['25년이상', '융자금없는', '역세권', '1층']",37.488129,126.888914
2523322748,복합상가,월세,1/4,66,"2,000",116,116,북향,20250502,"['25년이상', '역세권', '1층', '총4층']",37.489309,126.886362
2523389773,일반상가,월세,1/4,180,"4,500",35,35,남동향,20250502,"['25년이상', '역세권', '1층', '총4층']",37.49093,126.892943
2523261460,일반상가,월세,2/5,500,1억,247,247,북서향,20250502,"['25년이내', '융자금없는', '역세권', '중층']",37.503444,126.886375
2523265876,일반상가,월세,3/6,350,"6,000",165,165,서향,20250502,"['10년이내', '역세권', '중층', '주차가능']",37.484022,126.900725
2523332434,일반상가,월세,5/13,550,"6,000",397,312,북동향,20250502,"['25년이상', '중층', '주차가능', '북동향']",37.495926,126.889459
2523555305,복합상가,월세,1/20,350,"5,000",117,59,서향,20250502,"['2년이내', '1층', '주차가능', '엘리베이터']",37.481074,126.894366
2523554227,단지내상가,월세,1/20,400,"7,000",200,101,남향,20250502,"['2년이내', '1층', '주차가능', '엘리베이터']",37.481074,126.894366
2523523817,복합상가,월세,B1/19,250,"3,000",165,83,동향,20250502,"['10년이내', '지하층', '주차가능', '엘리베이터']",37.481968,126.892287
2523417926,단지내상가,월세,1/25,260,"4,000",74,37,북서향,20250502,"['25년이내', '융자금없는', '역세권', '1층']",37.505707,126.89166
2523495609,복합상가,월세,2/5,140,"3,000",77,55,서향,20250502,"['25년이상', '융자금없는', '중층', '관리비20만원이하']",37.492989,126.877108
2523458196,일반상가,월세,1/4,70,"2,000",59,36,북동향,20250502,"['25년이상', '역세권', '1층', '총4층']",37.488405,126.888381
2523495973,일반상가,월세,1/4,50,"1,000",61,43,남서향,20250502,"['25년이상', '융자금없는', '역세권', '1층']",37.485483,126.888411
2523485670,복합상가,월세,1/19,130,"3,000",60,29,남동향,20250502,"['25년이내', '1층', '주차가능', '엘리베이터']",37.485155,126.895072
2523262037,일반상가,월세,3/36,"8,000",8억,3966,3966,서향,20250502,"['25년이내', '역세권', '지상층(1층제외)', '주차가능']",37.499921,126.884123
2523391580,일반상가,월세,1/13,150,"3,000",70,42,북동향,20250502,"['25년이내', '1층', '주차가능', '북동향']",37.486923,126.893154
2523410080,복합상가,월세,1/9,400,"5,000",106,106,동향,20250502,"['25년이내', '1층', '관리비20만원이하', '주차가능']",37.493539,126.882967
2523325107,일반상가,월세,1/21,344,"6,000",76,42,북서향,20250502,"['25년이내', '역세권', '1층', '주차가능']",37.496623,126.892161
2523296171,일반상가,월세,1/8,120,"2,000",55,34,북동향,20250502,"['15년이내', '역세권', '1층', '관리비10만원이하']",37.491215,126.895154
2523248493,일반상가,월세,1/9,360,"5,500",69,69,북향,20250502,"['25년이내', '1층', '주차가능', '북향']",37.496371,126.891681
2523307418,일반상가,월세,3/4,350,"5,000",274,274,북향,20250502,"['25년이상', '고층', '총4층', '북향']",37.489938,126.884598
2523388073,단지내상가,월세,1/21,310,1억,89,50,북서향,20250502,"['25년이내', '융자금적은', '역세권', '1층']",37.496623,126.892161
2523437093,일반상가,월세,1/3,75,800,27,24,서향,20250502,"['25년이상', '융자금없는', '역세권', '1층']",37.503213,126.877895
2523485382,복합상가,월세,B1/19,150,"3,000",55,26,남동향,20250502,"['25년이내', '융자금없는', '지하층', '주차가능']",37.485155,126.895072
2523451692,단지내상가,월세,1/15,60,"2,000",29,18,북향,20250502,"['25년이내', '역세권', '1층', '관리비20만원이하']",37.495887,126.872727
2523493361,단지내상가,매매,1/13,,"13억 5,000",159,107,남향,20250502,"['25년이상', '역세권', '1층', '주차가능']",37.495757,126.874454
2523425069,복합상가,월세,2/39,"1,260","1억 8,900",1344,484,남향,20250502,"['10년이내', '융자금적은', '지상층(1층제외)', '주차가능']",37.479914,126.895233
2523496279,단지내상가,월세,1/15,170,"3,000",62,39,남동향,20250502,"['25년이내', '융자금없는', '역세권', '1층']",37.495887,126.872727
2523494326,단지내상가,월세,1/15,270,"5,000",59,37,남향,20250502,"['25년이내', '융자금없는', '역세권', '1층']",37.495887,126.872727
2523314277,일반상가,월세,B1/3,120,"1,500",118,118,북동향,20250502,"['25년이상', '역세권', '지하층', '관리비10만원이하']",37.499423,126.883468
2523387867,일반상가,매매,2/7,,7억,202,119,서향,20250502,"['25년이내', '역세권', '지상층(1층제외)', '주차가능']",37.495066,126.872004
2523554471,일반상가,월세,4/6,280,"2,800",143,99,서향,20250502,"['25년이상', '역세권', '중층', '주차가능']",37.484746,126.900876
2523307045,일반상가,월세,6/21,100,"1,000",122,65,남서향,20250501,"['25년이상', '지상층(1층제외)', '주차가능', '남서향']",37.49516,126.889407
2523385288,일반상가,월세,1/2,350,"5,000",77,77,남동향,20250501,"['15년이내', '1층', '총2층', '남동향']",37.499426,126.887717
2523312930,일반상가,월세,1/3,105,"1,000",36,34,남향,20250501,"['25년이상', '역세권', '1층', '총3층']",37.491007,126.887233
2523266069,일반상가,월세,1/4,130,"2,500",103,103,서향,20250501,"['25년이상', '역세권', '1층', '총4층']",37.492312,126.891671
2523311736,일반상가,월세,2/4,150,"2,000",95,92,북향,20250501,"['25년이상', '융자금적은', '중층', '총4층']",37.493471,126.885564
2523308851,일반상가,월세,2/3,210,"3,000",134,126,남동향,20250501,"['4년이내', '융자금없는', '역세권', '중층']",37.488284,126.88914
2523056415,단지내상가,월세,1/14,400,"6,000",233,141,남향,20250430,"['25년이내', '테라스', '1층', '주차가능']",37.481538,126.893448
2523197263,일반상가,월세,3/4,110,"3,000",111,111,북서향,20250430,"['25년이상', '고층', '관리비20만원이하', '주차가능']",37.491531,126.88216
2523159472,일반상가,월세,2/3,280,"4,000",132,132,북동향,20250430,"['25년이상', '역세권', '중층', '관리비10만원이하']",37.484295,126.900498
2523082638,일반상가,매매,1/10,,40억,889,642,남향,20250430,"['25년이내', '1층', '주차가능', '엘리베이터']",37.480429,126.898965
2523152978,일반상가,월세,B1/9,"1,000",1억,645,376,동향,20250430,"['25년이상', '지하층', '주차가능', '동향']",37.481303,126.899472
2523085813,복합상가,월세,9/40,100,"1,000",63,49,북동향,20250430,"['25년이내', '역세권', '지상층(1층제외)', '주차가능']",37.506988,126.890351
2523113363,단지내상가,월세,1/4,45,500,36,19,남동향,20250430,"['25년이상', '1층', '관리비20만원이하', '주차가능']",37.505531,126.875876
2523061873,일반상가,월세,2/5,850,"1억 5,000",301,270,남서향,20250430,"['25년이상', '역세권', '중층', '주차가능']",37.504868,126.8781
2523026332,일반상가,월세,1/4,150,"2,200",50,50,동향,20250430,"['25년이내', '1층', '관리비20만원이하', '주차가능']",37.49727,126.882279
2523148504,단지내상가,월세,B1/14,350,"4,000",470,255,남향,20250430,"['25년이내', '지하층', '주차가능', '엘리베이터']",37.481538,126.893448
2523059947,일반상가,월세,5/8,450,"6,000",313,198,북향,20250430,"['25년이상', '역세권', '중층', '주차가능']",37.482734,126.900481
2523060395,일반상가,월세,2/8,200,"2,400",132,79,남서향,20250430,"['25년이상', '역세권', '지상층(1층제외)', '주차가능']",37.482734,126.900481
2523198470,단지내상가,월세,B1/4,60,600,31,31,남서향,20250430,"['25년이상', '지하층', '주차가능', '엘리베이터']",37.500898,126.874574
2523034300,일반상가,월세,1/36,110,"1,000",54,54,북동향,20250430,"['25년이상', '융자금없는', '1층', '관리비20만원이하']",37.500381,126.889936
2523019507,일반상가,월세,B1/14,600,1억,145,144,서향,20250430,"['25년이내', '융자금적은', '역세권', '지하층']",37.486494,126.89612
2523014645,단지내상가,월세,1/20,300,"5,000",99,49,남서향,20250430,"['15년이내', '1층', '관리비20만원이하', '주차가능']",37.487201,126.894622
2523059472,일반상가,월세,4/8,450,"6,000",330,198,남서향,20250430,"['25년이상', '역세권', '중층', '주차가능']",37.482734,126.900481
2523073070,단지내상가,월세,B1/3,10,200,15,10,북향,20250430,"['25년이상', '지하층', '관리비10만원이하', '주차가능']",37.504823,126.885856
2523090206,단지내상가,매매,1/4,,"3억 7,500",45,23,남동향,20250430,"['25년이상', '1층', '관리비20만원이하', '주차가능']",37.505531,126.875876
2523095818,단지내상가,월세,1/4,120,"2,500",45,24,남동향,20250430,"['25년이상', '1층', '관리비20만원이하', '주차가능']",37.505531,126.875876
2523067046,복합상가,월세,1/20,450,"6,000",156,78,북동향,20250430,"['2년이내', '역세권', '1층', '주차가능']",37.486376,126.892448
2523122036,복합상가,월세,1/12,75,"1,000",68,29,북동향,20250430,"['25년이내', '융자금없는', '1층', '주차가능']",37.504573,126.87692
2523123942,일반상가,월세,1/7,200,"3,000",19,19,남서향,20250430,"['25년이상', '역세권', '1층', '관리비20만원이하']",37.500044,126.882681
2522804415,일반상가,월세,1/1,150,"2,000",20,20,북서향,20250429,"['25년이내', '역세권', '1층', '관리비10만원이하']",37.488525,126.890785
2522898446,일반상가,월세,B1/14,150,"3,000",106,67,동향,20250429,"['25년이내', '융자금없는', '지하층', '주차가능']",37.486126,126.894665
2522798211,일반상가,월세,1/4,120,"2,000",49,49,북동향,20250429,"['25년이상', '1층', '주차가능', '총4층']",37.503592,126.890952
2522804160,일반상가,월세,1/3,150,"2,000",21,21,북동향,20250429,"['25년이상', '1층', '총3층', '북동향']",37.503422,126.889853
2522937770,단지내상가,월세,1/13,550,"8,000",242,145,북동향,20250429,"['25년이내', '1층', '주차가능', '엘리베이터']",37.486536,126.893854
2522840067,단지내상가,월세,B1/14,190,"2,000",226,136,남동향,20250429,"['25년이내', '지하층', '주차가능', '남동향']",37.483968,126.894127
2522994392,복합상가,월세,B1/25,240,"3,000",237,109,동향,20250429,"['25년이내', '역세권', '지하층', '주차가능']",37.505707,126.89166
2522992389,복합상가,월세,B1/25,280,"4,000",228,105,남향,20250429,"['25년이내', '역세권', '지하층', '주차가능']",37.505707,126.89166
2522970039,일반상가,월세,2/8,"1,000",2억,644,560,동향,20250429,"['25년이상', '지상층(1층제외)', '주차가능', '엘리베이터']",37.505042,126.876827
2522976589,일반상가,월세,B1/4,200,"2,000",166,166,북서향,20250429,"['25년이상', '지하층', '총4층', '북서향']",37.504516,126.889869
2522947721,일반상가,월세,1/3,120,"3,000",42,42,북향,20250429,"['25년이상', '역세권', '1층', '총3층']",37.502061,126.883843
2522965730,일반상가,월세,4/5,850,"1억 5,000",301,270,남서향,20250429,"['25년이상', '역세권', '고층', '주차가능']",37.504868,126.8781
2522925826,복합상가,월세,1/36,132,"2,000",79,79,북서향,20250429,"['25년이상', '1층', '주차가능', '북서향']",37.500381,126.889936
2522912434,일반상가,월세,5/8,450,"6,000",330,198,동향,20250429,"['25년이상', '역세권', '중층', '주차가능']",37.482734,126.900481
2522973493,복합상가,월세,1/13,550,"8,000",145,145,북동향,20250429,"['25년이내', '1층', '주차가능', '북동향']",37.486536,126.893854
2522966012,일반상가,월세,2/5,"1,700",3억,603,540,남서향,20250429,"['25년이상', '역세권', '중층', '주차가능']",37.504868,126.8781
2522922352,일반상가,월세,1/3,50,500,26,26,남향,20250429,"['25년이상', '1층', '총3층', '남향']",37.497719,126.88536
2522799039,복합상가,월세,2/15,170,"3,000",85,48,서향,20250429,"['25년이내', '역세권', '지상층(1층제외)', '관리비20만원이하']",37.484303,126.899266
2522798633,일반상가,월세,1/4,300,"2,000",98,98,북동향,20250429,"['25년이상', '역세권', '1층', '총4층']",37.505409,126.892415
2522956553,단지내상가,월세,2/20,250,"2,500",163,102,북서향,20250429,"['25년이내', '지상층(1층제외)', '주차가능', '천장에어컨']",37.481176,126.895391
2522798297,일반상가,월세,1/1,800,2억,152,152,북동향,20250429,"['25년이내', '1층', '주차가능', '북동향']",37.503867,126.891143
2522777634,일반상가,월세,1/6,290,"5,000",110,66,북서향,20250429,"['25년이상', '융자금없는', '역세권', '1층']",37.482597,126.899548
2522803683,일반상가,월세,1/3,160,"2,000",50,50,남동향,20250429,"['25년이상', '1층', '관리비10만원이하', '총3층']",37.491858,126.888923
2522777184,복합상가,매매,1/15,,"7억 5,000",92,52,남동향,20250429,"['25년이내', '역세권', '1층', '관리비20만원이하']",37.484303,126.899266
2522788968,복합상가,월세,1/15,396,"6,000",65,65,남향,20250429,"['25년이내', '역세권', '1층', '남향']",37.485918,126.897296
2522921980,복합상가,월세,B1/18,270,"5,000",71,71,남동향,20250429,"['15년이내', '지하층', '주차가능', '남동향']",37.482434,126.897041
2522798150,일반상가,월세,2/4,150,"2,000",136,136,북동향,20250429,"['25년이상', '중층', '주차가능', '총4층']",37.503592,126.890952
2522864688,일반상가,월세,1/3,"1,500","1억 8,500",59,59,북동향,20250429,"['25년이상', '역세권', '1층', '주차가능']",37.484451,126.902214
2522961829,일반상가,월세,2/20,500,"5,000",349,218,북서향,20250429,"['25년이내', '지상층(1층제외)', '주차가능', '천장에어컨']",37.481176,126.895391
2522940736,단지내상가,월세,1/15,165,"3,000",63,40,남향,20250429,"['25년이내', '역세권', '1층', '관리비20만원이하']",37.495887,126.872727
2522787867,단지내상가,월세,1/1,200,"5,000",38,38,북서향,20250429,"['25년이내', '역세권', '1층', '주차가능']",37.488525,126.890785
2522777207,일반상가,월세,1/3,110,"3,000",52,52,서향,20250429,"['25년이상', '역세권', '1층', '총3층']",37.501596,126.883675
2522999710,일반상가,매매,1/4,,"3억 2,000",51,51,동향,20250429,"['25년이상', '역세권', '1층', '총4층']",37.485483,126.889184
2522704739,일반상가,월세,1/1,170,"1,500",66,66,남서향,20250428,"['25년이상', '역세권', '1층', '남서향']",37.488149,126.888793
2522713658,복합상가,월세,1/5,120,"2,000",17,17,남서향,20250428,"['25년이상', '융자금없는', '역세권', '1층']",37.491772,126.891494
2522738160,일반상가,월세,1/3,120,"2,000",49,49,북향,20250428,"['25년이상', '1층', '총3층', '북향']",37.494305,126.888269
2522693448,복합상가,월세,1/2,140,"2,000",66,66,남서향,20250428,"['25년이상', '융자금없는', '1층', '총2층']",37.490725,126.885409
2522649370,복합상가,월세,1/13,400,"4,000",220,101,남동향,20250428,"['25년이내', '1층', '주차가능', '엘리베이터']",37.485546,126.894203
2522761282,일반상가,월세,2/2,350,"3,000",178,178,남서향,20250428,"['25년이상', '역세권', '고층', '총2층']",37.483632,126.900406
2522556114,복합상가,월세,2/19,785,"1억 5,553",811,292,북향,20250428,"['10년이내', '지상층(1층제외)', '주차가능', '북향']",37.479914,126.895233
2522538846,일반상가,월세,1/9,"1,300",1억,508,325,동향,20250428,"['25년이상', '1층', '주차가능', '동향']",37.481303,126.899472
2522623167,단지내상가,월세,2/14,120,"2,000",97,26,북서향,20250428,"['25년이내', '역세권', '지상층(1층제외)', '주차가능']",37.483021,126.898231
2522632423,일반상가,월세,3/20,200,"2,000",201,100,북동향,20250428,"['2년이내', '역세권', '지상층(1층제외)', '주차가능']",37.486376,126.892448
2522727402,단지내상가,매매,1/3,,"5억 3,000",26,26,남서향,20250428,"['25년이상', '역세권', '1층', '관리비10만원이하']",37.503213,126.877895
2522758082,일반상가,월세,4/15,300,"3,000",396,229,북서향,20250428,"['25년이내', '역세권', '지상층(1층제외)', '주차가능']",37.485918,126.897296
2522734439,복합상가,월세,1/14,250,"4,000",136,82,남동향,20250428,"['25년이내', '융자금없는', '1층', '주차가능']",37.481538,126.893448
2522732801,단지내상가,매매,2/19,,"7억 5,000",161,81,남동향,20250428,"['10년이내', '지상층(1층제외)', '주차가능', '엘리베이터']",37.481968,126.892287
2522777501,일반상가,월세,1/14,80,"1,000",33,33,북동향,20250428,"['15년이내', '1층', '관리비20만원이하', '주차가능']",37.496407,126.892428
2522539795,단지내상가,월세,2/4,450,"8,000",306,194,남향,20250428,"['25년이상', '중층', '총4층', '남향']",37.496051,126.875223
2522554639,복합상가,월세,1/19,595,"8,929",267,96,북향,20250428,"['10년이내', '1층', '주차가능', '북향']",37.479914,126.895233
2522475431,일반상가,월세,B1/4,80,"1,000",79,68,동향,20250428,"['25년이내', '역세권', '지하층', '총4층']",37.486223,126.887714
2522535542,일반상가,월세,B1/20,828,1억 930,292,292,남동향,20250428,"['15년이내', '지하층', '주차가능', '엘리베이터']",37.48491,126.89656
2522473741,일반상가,월세,1/3,400,"5,000",118,118,남동향,20250428,"['25년이상', '융자금없는', '역세권', '1층']",37.494812,126.893784
2522537638,단지내상가,월세,1/2,75,"1,000",27,18,동향,20250428,"['25년이상', '역세권', '1층', '주차가능']",37.494802,126.872464
2522736773,일반상가,월세,10/10,430,"5,000",240,192,남동향,20250428,"['25년이상', '고층', '주차가능', '엘리베이터']",37.49775,126.891866
2522493814,일반상가,월세,1/1,280,"7,000",110,110,남동향,20250428,"['25년이상', '역세권', '1층', '남동향']",37.488129,126.888914
2522492688,일반상가,월세,1/9,175,"3,000",30,19,북향,20250428,"['10년이내', '융자금적은', '1층', '주차가능']",37.481219,126.896911
2522512182,단지내상가,월세,1/3,35,300,36,17,동향,20250428,"['25년이상', '역세권', '1층', '주차가능']",37.500608,126.877893
2522475289,단지내상가,월세,B1/4,40,"1,000",61,61,남향,20250428,"['25년이상', '융자금없는', '역세권', '지하층']",37.484117,126.890745
2522521883,일반상가,월세,2/21,180,"2,000",278,145,서향,20250428,"['25년이내', '역세권', '지상층(1층제외)', '주차가능']",37.496623,126.892161
2522522185,단지내상가,매매,1/19,,4억,102,51,남향,20250428,"['10년이내', '1층', '주차가능', '엘리베이터']",37.481968,126.892287
2522475163,일반상가,월세,2/4,150,"1,500",100,100,남향,20250428,"['25년이상', '중층', '관리비20만원이하', '주차가능']",37.492751,126.883177
2522475238,일반상가,월세,4/4,110,"2,000",136,136,동향,20250428,"['25년이상', '융자금없는', '역세권', '고층']",37.488483,126.884324
2522524140,단지내상가,월세,1/15,170,"3,000",59,39,남향,20250428,"['25년이내', '융자금없는', '역세권', '1층']",37.495887,126.872727
2522624458,단지내상가,월세,2/14,120,"2,000",97,26,북서향,20250428,"['25년이내', '역세권', '지상층(1층제외)', '주차가능']",37.482896,126.898664
2522767672,복합상가,매매,9/40,,"5,400",24,10,남서향,20250428,"['25년이내', '역세권', '지상층(1층제외)', '주차가능']",37.506988,126.890351
2522466728,일반상가,월세,1/4,300,"5,000",126,105,북향,20250428,"['25년이상', '역세권', '1층', '주차가능']",37.502646,126.884751
2522586530,일반상가,월세,4/15,500,"5,000",352,204,북서향,20250428,"['25년이내', '융자금없는', '역세권', '지상층(1층제외)']",37.485918,126.897296
2522539859,일반상가,월세,1/2,140,"2,000",60,60,북향,20250428,"['25년이상', '1층', '총2층', '북향']",37.490725,126.885409
2522474206,일반상가,월세,1/4,85,"1,500",56,47,북향,20250428,"['25년이상', '융자금없는', '역세권', '1층']",37.487408,126.887014
2522480979,복합상가,매매,B1/22,,"20억 2,000",2585,1188,남서향,20250428,"['25년이상', '지하층', '주차가능', '남서향']",37.499903,126.892158
2522656861,단지내상가,월세,1/3,63,"1,000",32,20,북서향,20250428,"['25년이상', '역세권', '1층', '관리비10만원이하']",37.503506,126.884223
2522720165,복합상가,월세,1/2,140,"1,000",49,49,남서향,20250428,"['25년이상', '융자금없는', '1층', '총2층']",37.491139,126.888293
2522768921,일반상가,월세,B1/18,277,"6,000",157,80,남서향,20250428,"['15년이내', '지하층', '주차가능', '엘리베이터']",37.482434,126.897041
2522663038,단지내상가,매매,1/32,,8억,250,181,북동향,20250428,"['25년이내', '1층', '주차가능', '북동향']",37.501166,126.891399
2522622320,단지내상가,월세,3/14,160,"1,600",145,79,북서향,20250428,"['25년이내', '역세권', '지상층(1층제외)', '주차가능']",37.483021,126.898231
2522591980,일반상가,월세,2/3,155,"1,000",92,92,동향,20250428,"['25년이상', '융자금적은', '중층', '총3층']",37.481691,126.899298
2522672673,일반상가,월세,1/5,180,"4,000",82,56,남향,20250428,"['25년이상', '1층', '관리비10만원이하', '주차가능']",37.490706,126.883749
2522610928,일반상가,월세,1/7,400,"5,000",189,111,서향,20250428,"['25년이내', '역세권', '1층', '주차가능']",37.495066,126.872004
2522604834,일반상가,월세,1/4,350,1억,341,59,동향,20250428,"['25년이상', '역세권', '1층', '주차가능']",37.484028,126.901751
2522536960,단지내상가,월세,1/15,200,"5,000",56,36,동향,20250428,"['25년이내', '역세권', '1층', '주차가능']",37.495887,126.872727
2522738901,단지내상가,월세,1/20,450,"6,000",157,78,남서향,20250428,"['2년이내', '역세권', '1층', '주차가능']",37.486376,126.892448
2522776229,일반상가,월세,2/20,250,"3,300",138,66,남동향,20250428,"['15년이내', '지상층(1층제외)', '주차가능', '엘리베이터']",37.48491,126.89656
2522514873,단지내상가,월세,2/7,25,250,55,18,서향,20250428,"['25년이상', '지상층(1층제외)', '관리비20만원이하', '주차가능']",37.500898,126.874574
2522529908,단지내상가,월세,1/15,185,"3,000",35,22,남향,20250428,"['25년이내', '역세권', '1층', '관리비10만원이하']",37.495887,126.872727
2522534608,일반상가,월세,B1/20,720,"9,480",232,232,남동향,20250428,"['15년이내', '지하층', '주차가능', '엘리베이터']",37.48491,126.89656
2522508055,복합상가,월세,2/20,"1,374","1억 8,147",385,385,남동향,20250428,"['15년이내', '지상층(1층제외)', '주차가능', '엘리베이터']",37.48491,126.89656
2522525909,일반상가,월세,2/7,340,"5,000",238,140,북서향,20250428,"['25년이내', '역세권', '지상층(1층제외)', '주차가능']",37.495066,126.872004
2522772388,복합상가,월세,1/4,110,"2,000",59,59,남서향,20250428,"['25년이상', '융자금없는', '역세권', '1층']",37.487456,126.889174
2522408255,일반상가,월세,3/5,200,"2,000",101,101,북서향,20250426,"['4년이내', '중층', '관리비10만원이하', '총5층']",37.492978,126.884042
2522400975,복합상가,매매,2/20,,8억,277,109,남동향,20250426,"['4년이내', '지상층(1층제외)', '주차가능', '남동향']",37.496431,126.890284
2522429209,단지내상가,월세,1/32,360,"4,000",450,262,남서향,20250426,"['25년이내', '1층', '주차가능', '남서향']",37.501166,126.891399
2522417683,단지내상가,월세,B1/2,20,200,34,34,북동향,20250426,"['25년이상', '융자금없는', '역세권', '지하층']",37.503213,126.877895
2522407894,일반상가,월세,3/4,150,"3,000",98,60,남동향,20250426,"['25년이상', '융자금없는', '고층', '주차가능']",37.495853,126.888821
2522445659,일반상가,월세,1/4,400,"5,000",29,29,서향,20250426,"['15년이내', '역세권', '1층', '관리비10만원이하']",37.483782,126.900532
2522445756,일반상가,월세,2/2,450,"5,000",66,66,동향,20250426,"['25년이상', '역세권', '고층', '천장에어컨']",37.483859,126.900234
2522304428,일반상가,월세,1/4,400,"5,000",128,128,남향,20250426,"['25년이상', '1층', '관리비10만원이하', '주차가능']",37.503315,126.890399
2522310632,단지내상가,월세,2/2,80,"2,500",63,60,남동향,20250426,"['25년이내', '역세권', '고층', '관리비10만원이하']",37.506091,126.888651
2522304409,일반상가,월세,1/4,70,"1,000",53,44,남동향,20250426,"['25년이상', '역세권', '1층', '천장에어컨']",37.486464,126.889034
2522429580,단지내상가,매매,1/10,,9억,275,180,,20250426,"['25년이상', '1층', '주차가능']",37.497882,126.891759
2522407690,일반상가,월세,6/8,"1,000","1억 9,500",405,333,북서향,20250426,"['4년이내', '고층', '주차가능', '북서향']",37.494717,126.888323
2522431235,단지내상가,월세,1/3,420,"6,000",128,128,남향,20250426,"['25년이상', '융자금적은', '1층', '관리비10만원이하']",37.491725,126.875866
2522408115,일반상가,월세,1/3,165,"2,000",48,46,남향,20250426,"['25년이상', '융자금적은', '1층', '관리비10만원이하']",37.491858,126.888923
2522438733,단지내상가,월세,1/20,60,"2,000",37,37,북향,20250426,"['25년이상', '융자금없는', '1층', '관리비10만원이하']",37.490291,126.876904
2522313017,일반상가,월세,4/8,"1,000",2억,654,561,북향,20250426,"['25년이상', '중층', '주차가능', '북향']",37.505042,126.876827
2522333220,복합상가,월세,2/20,500,1억,245,140,남서향,20250426,"['25년이내', '지상층(1층제외)', '주차가능', '엘리베이터']",37.483691,126.895434
2522315565,일반상가,월세,B1/4,500,1억,164,164,남서향,20250426,"['25년이상', '역세권', '지하층', '총4층']",37.484494,126.901879
2522405423,일반상가,월세,2/15,65,"1,000",35,35,남동향,20250426,"['25년이내', '지상층(1층제외)', '관리비10만원이하', '주차가능']",37.496142,126.889679
2522073504,복합상가,매매,3/20,,"9억 5,000",253,100,동향,20250425,"['4년이내', '지상층(1층제외)', '주차가능', '엘리베이터']",37.496431,126.890284
2522158409,복합상가,월세,1/15,400,"7,000",225,130,남서향,20250425,"['25년이내', '융자금없는', '역세권', '1층']",37.485918,126.897296
2522092882,일반상가,월세,1/13,210,"3,000",133,78,북동향,20250425,"['25년이내', '1층', '주차가능', '북동향']",37.485184,126.89279
2522152208,단지내상가,월세,1/15,400,"6,000",165,100,북서향,20250425,"['25년이내', '역세권', '1층', '주차가능']",37.485918,126.897296
2522147289,일반상가,월세,5/5,499,"8,000",290,290,남동향,20250425,"['25년이상', '융자금없는', '역세권', '고층']",37.503107,126.879104
2522193972,복합상가,월세,B1/18,270,"5,000",139,71,북서향,20250425,"['15년이내', '지하층', '주차가능', '북서향']",37.482434,126.897041
2522131380,단지내상가,월세,1/4,40,"1,000",20,20,동향,20250425,"['25년이상', '역세권', '1층', '총4층']",37.487375,126.884418
2522216583,일반상가,매매,1/8,,"2억 5,000",41,20,남향,20250425,"['10년이내', '1층', '주차가능', '엘리베이터']",37.497813,126.884177
2522159054,일반상가,월세,1/25,300,"5,500",36,36,북서향,20250425,"['25년이내', '역세권', '1층', '주차가능']",37.505707,126.89166
2522213795,복합상가,월세,1/32,360,"4,000",262,262,서향,20250425,"['25년이내', '1층', '주차가능', '서향']",37.501166,126.891399
2522205415,일반상가,월세,B1/12,400,"7,000",215,215,동향,20250425,"['25년이내', '융자금적은', '역세권', '지하층']",37.485181,126.899543
2522217930,복합상가,월세,1/5,78,"2,000",23,23,북동향,20250425,"['25년이내', '역세권', '1층', '총5층']",37.487358,126.889004
2522202358,복합상가,월세,1/5,280,"3,000",143,143,남서향,20250425,"['15년이내', '융자금없는', '역세권', '1층']",37.492102,126.891059
2522294516,복합상가,매매,1/11,,"7억 8,000",134,75,북서향,20250425,"['25년이내', '역세권', '1층', '주차가능']",37.482177,126.898899
2522297597,일반상가,월세,1/3,60,"1,000",35,30,서향,20250425,"['25년이상', '1층', '주차가능', '총3층']",37.496891,126.884376
2522266519,일반상가,월세,2/8,65,600,85,30,동향,20250425,"['4년이내', '지상층(1층제외)', '관리비10만원이하', '주차가능']",37.479523,126.89609
2522218296,단지내상가,월세,B1/15,30,500,28,14,동향,20250425,"['10년이내', '지하층', '주차가능', '동향']",37.501103,126.889119
2522219807,일반상가,월세,1/3,84,"2,000",33,33,남향,20250425,"['25년이상', '역세권', '1층', '총3층']",37.491007,126.887233
2522218673,일반상가,월세,1/3,150,"3,000",72,72,북향,20250425,"['25년이상', '1층', '총3층', '북향']",37.49073,126.885554
2522252305,복합상가,월세,1/5,250,"2,500",97,97,남서향,20250425,"['25년이상', '융자금없는', '역세권', '1층']",37.483981,126.891274
2522261809,일반상가,월세,1/4,140,"3,000",60,51,북서향,20250425,"['25년이상', '역세권', '1층', '총4층']",37.486745,126.888083
2522272362,일반상가,매매,1/40,,45억,167,150,북서향,20250425,"['25년이내', '역세권', '1층', '주차가능']",37.506988,126.890351
2522219100,일반상가,월세,1/3,200,"2,000",59,59,남서향,20250425,"['25년이상', '역세권', '1층', '총3층']",37.487944,126.884981
2522259717,단지내상가,매매,2/15,,"5억 4,000",168,129,북동향,20250425,"['25년이내', '지상층(1층제외)', '관리비10만원이하', '주차가능']",37.503247,126.89162
2522273284,일반상가,월세,1/8,280,"5,000",99,99,북서향,20250425,"['25년이상', '융자금없는', '역세권', '1층']",37.490995,126.894275
2522182387,일반상가,월세,1/14,900,"3억 2,000",380,230,남동향,20250425,"['25년이내', '1층', '주차가능', '천장에어컨']",37.485735,126.89553
2522205984,일반상가,월세,5/5,500,"5,500",212,212,동향,20250425,"['25년이내', '융자금적은', '역세권', '고층']",37.484472,126.900645
2522216559,일반상가,월세,1/3,150,"1,300",75,66,남서향,20250425,"['25년이상', '1층', '관리비10만원이하', '총3층']",37.481746,126.899187
2522131154,일반상가,월세,1/1,50,500,13,13,서향,20250425,"['25년이상', '역세권', '1층', '서향']",37.485439,126.886953
2522265491,일반상가,월세,B1/18,150,"3,000",99,49,남서향,20250425,"['15년이내', '융자금없는', '지하층', '주차가능']",37.482434,126.897041
2522050877,일반상가,월세,1/3,160,"2,000",125,125,남서향,20250424,"['25년이상', '1층', '주차가능', '총3층']",37.500271,126.88697
2522046655,일반상가,월세,B1/4,80,"2,000",114,114,북서향,20250424,"['25년이상', '융자금없는', '역세권', '지하층']",37.502685,126.884864
2522013420,일반상가,월세,1/5,310,"1억 2,000",99,99,남서향,20250424,"['25년이상', '역세권', '1층', '주차가능']",37.492557,126.890621
2521990776,복합상가,월세,2/21,260,"2,000",211,110,북서향,20250424,"['25년이내', '역세권', '지상층(1층제외)', '주차가능']",37.496623,126.892161
2522050601,일반상가,월세,1/6,120,"1,200",36,32,남향,20250424,"['25년이상', '역세권', '1층', '관리비20만원이하']",37.501737,126.877234
2522047605,일반상가,월세,1/3,100,"2,000",44,44,동향,20250424,"['25년이상', '융자금적은', '역세권', '1층']",37.501794,126.878866
2522039994,복합상가,월세,1/7,150,"3,000",83,45,남동향,20250424,"['15년이내', '테라스', '역세권', '1층']",37.503339,126.885333
2521982978,일반상가,월세,1/1,300,"5,000",152,11,남향,20250424,"['25년이상', '역세권', '1층', '남향']",37.485207,126.899854
2521960715,복합상가,월세,B1/14,500,1억,328,209,서향,20250424,"['25년이내', '융자금없는', '지하층', '주차가능']",37.482505,126.894465
2521862959,단지내상가,매매,B1/4,,"1억 6,000",96,26,남향,20250424,"['25년이상', '지하층', '주차가능', '총4층']",37.500898,126.874574
2521870489,일반상가,월세,4/8,"1,000","1억 9,500",405,333,남동향,20250424,"['4년이내', '융자금없는', '중층', '주차가능']",37.494717,126.888323
2521862507,단지내상가,월세,3/4,80,800,18,18,남동향,20250424,"['25년이상', '고층', '관리비20만원이하', '주차가능']",37.500898,126.874574
2521948502,단지내상가,월세,2/13,750,"1억 2,500",159,159,북동향,20250424,"['25년이내', '역세권', '지상층(1층제외)', '주차가능']",37.485384,126.899526
2521961591,일반상가,월세,1/2,200,"2,000",87,87,남서향,20250424,"['25년이상', '융자금없는', '역세권', '1층']",37.488729,126.88994
2521854307,일반상가,월세,1/2,170,"2,000",59,59,북서향,20250424,"['25년이상', '1층', '총2층', '북서향']",37.49447,126.888571
2521873079,일반상가,월세,1/4,72,"1,000",25,20,남향,20250424,"['25년이상', '역세권', '1층', '관리비10만원이하']",37.48492,126.888102
2522044486,일반상가,월세,6/9,450,1억,219,219,북서향,20250424,"['25년이내', '역세권', '중층', '주차가능']",37.501957,126.883183
2521837600,단지내상가,월세,1/32,160,"2,000",55,39,남서향,20250424,"['25년이내', '1층', '주차가능', '남서향']",37.501166,126.891399
2521991710,단지내상가,월세,1/14,170,"3,000",220,133,북동향,20250424,"['25년이내', '1층', '주차가능', '천장에어컨']",37.481538,126.893448
2522064630,일반상가,월세,1/4,400,"5,000",97,97,북향,20250424,"['25년이상', '1층', '총4층', '북향']",37.503315,126.890399
2521872463,단지내상가,월세,1/15,130,"1,000",58,37,북향,20250424,"['25년이내', '역세권', '1층', '관리비20만원이하']",37.495887,126.872727
2521859997,단지내상가,매매,4/4,,"1억 4,000",17,17,북동향,20250424,"['25년이상', '고층', '관리비20만원이하', '주차가능']",37.500898,126.874574
2521940755,일반상가,월세,B1/4,150,"1,000",132,132,남향,20250424,"['25년이상', '지하층', '관리비10만원이하', '총4층']",37.494887,126.88296
2521887102,복합상가,월세,1/36,550,"7,000",31,8,남서향,20250424,"['25년이내', '테라스', '역세권', '1층']",37.499921,126.884123
2521841530,복합상가,월세,1/10,110,"1,000",38,23,서향,20250424,"['25년이내', '1층', '주차가능', '서향']",37.480429,126.898965
2521823284,일반상가,월세,B1/3,50,500,89,89,서향,20250424,"['25년이상', '지하층', '총3층', '서향']",37.501559,126.887974
2521838644,일반상가,월세,1/5,250,"2,000",66,66,남서향,20250424,"['25년이상', '역세권', '1층', '관리비20만원이하']",37.483981,126.891274
2521870586,단지내상가,월세,B1/36,550,"7,000",110,110,남서향,20250424,"['25년이내', '역세권', '지하층', '주차가능']",37.499921,126.884123
2521891060,일반상가,월세,1/3,300,"3,000",50,50,남향,20250424,"['25년이상', '융자금없는', '역세권', '1층']",37.490321,126.892413
2521829131,일반상가,월세,1/3,150,"2,000",30,24,,20250424,"['25년이상', '1층', '총3층']",37.503422,126.889853
2522080823,일반상가,월세,10/40,80,"1,500",119,37,동향,20250424,"['25년이내', '융자금없는', '역세권', '지상층(1층제외)']",37.506988,126.890351
2521833003,일반상가,월세,B1/5,120,"1,000",142,142,,20250424,"['25년이상', '역세권', '지하층', '총5층']",37.504441,126.892245
2521832488,일반상가,월세,B1/5,80,"1,000",82,82,,20250424,"['25년이상', '역세권', '지하층', '총5층']",37.504579,126.892476
2521989280,일반상가,월세,2/4,150,"3,000",150,133,남향,20250424,"['25년이상', '융자금없는', '역세권', '중층']",37.490317,126.892203
2521863363,일반상가,월세,5/10,500,"6,000",348,348,남향,20250424,"['25년이상', '융자금없는', '중층', '주차가능']",37.49775,126.891866
2521865623,단지내상가,매매,1/4,,"6억 2,000",103,41,남서향,20250424,"['25년이상', '1층', '주차가능', '엘리베이터']",37.500898,126.874574
2521836001,일반상가,월세,B1/4,100,"2,000",215,165,남향,20250424,"['25년이상', '지하층', '관리비20만원이하', '주차가능']",37.500323,126.888612
2522057715,일반상가,월세,1/2,350,"6,000",316,39,동향,20250424,"['25년이상', '융자금적은', '역세권', '1층']",37.483259,126.900123
2522045579,일반상가,월세,1/4,60,500,26,26,북서향,20250424,"['25년이내', '역세권', '1층', '주차가능']",37.503251,126.886021
2522056784,일반상가,월세,1/4,80,800,33,24,북동향,20250424,"['25년이상', '1층', '관리비10만원이하', '주차가능']",37.503701,126.876156
2522010873,일반상가,월세,6/7,300,"7,000",343,330,북서향,20250424,"['25년이상', '고층', '주차가능', '북서향']",37.50343,126.887682
2522043876,일반상가,월세,2/3,460,"6,000",186,186,북향,20250424,"['25년이상', '역세권', '중층', '주차가능']",37.502131,126.883551
2522027527,일반상가,월세,2/5,500,1억,333,284,북서향,20250424,"['25년이내', '융자금적은', '역세권', '중층']",37.503444,126.886375
2521988556,일반상가,월세,2/3,280,"4,000",164,164,남향,20250424,"['25년이상', '역세권', '중층', '총3층']",37.484295,126.900498
2521973837,단지내상가,월세,1/2,50,"1,300",33,26,동향,20250424,"['25년이상', '역세권', '1층', '주차가능']",37.494802,126.872464
2521871649,일반상가,월세,10/10,300,"5,000",165,165,남향,20250424,"['25년이상', '융자금없는', '고층', '주차가능']",37.49775,126.891866
2521867308,일반상가,월세,9/10,400,"7,000",272,272,남향,20250424,"['25년이상', '융자금없는', '고층', '주차가능']",37.49775,126.891866
2521855231,일반상가,월세,1/4,140,"2,000",40,40,동향,20250424,"['25년이상', '융자금없는', '역세권', '1층']",37.489163,126.892164
2521637782,복합상가,월세,2/2,750,"1억 2,500",294,159,남향,20250423,"['25년이내', '역세권', '고층', '주차가능']",37.485384,126.899526
2521644903,일반상가,월세,1/3,150,"1,300",122,122,남서향,20250423,"['25년이상', '1층', '관리비10만원이하', '총3층']",37.481746,126.899187
2521679729,일반상가,월세,1/2,60,"1,000",29,29,북동향,20250423,"['25년이상', '융자금적은', '1층', '주차가능']",37.501266,126.887303
2521636096,단지내상가,매매,3/4,,"2억 4,500",54,18,남향,20250423,"['25년이상', '고층', '관리비20만원이하', '주차가능']",37.500898,126.874574
2521687595,단지내상가,월세,5/10,170,"1,700",81,81,남서향,20250423,"['25년이상', '중층', '주차가능', '엘리베이터']",37.500898,126.874574
2521690858,일반상가,월세,1/3,105,"2,000",39,39,북동향,20250423,"['25년이상', '1층', '총3층', '북동향']",37.501307,126.888407
2521651715,일반상가,월세,5/13,500,"5,000",396,337,남동향,20250423,"['25년이상', '융자금없는', '중층', '주차가능']",37.495926,126.889459
2521642190,복합상가,월세,2/15,65,"1,000",35,35,북서향,20250423,"['25년이내', '융자금없는', '역세권', '지상층(1층제외)']",37.492552,126.892528
2521784039,일반상가,월세,2/4,160,"2,000",82,82,북동향,20250423,"['25년이상', '역세권', '중층', '총4층']",37.504845,126.890396
2521784958,복합상가,월세,1/14,750,"2억 5,000",338,201,남동향,20250423,"['25년이내', '융자금없는', '1층', '주차가능']",37.485735,126.89553
2521711769,일반상가,월세,1/3,50,500,23,23,북서향,20250423,"['25년이상', '1층', '총3층', '북서향']",37.501212,126.886903
2521792880,복합상가,매매,1/23,,"4억 2,000",55,32,북동향,20250423,"['25년이내', '1층', '관리비20만원이하', '주차가능']",37.499448,126.890956
2521728716,복합상가,월세,2/2,18,200,14,14,동향,20250423,"['25년이상', '역세권', '고층', '주차가능']",37.500608,126.877893
2521668244,복합상가,월세,1/9,165,"3,000",30,20,남동향,20250423,"['10년이내', '1층', '주차가능', '엘리베이터']",37.481219,126.896911
2521740352,단지내상가,월세,3/4,80,800,20,20,서향,20250423,"['25년이상', '융자금없는', '고층', '관리비20만원이하']",37.500898,126.874574
2521678167,일반상가,월세,1/5,200,"3,000",39,39,동향,20250423,"['25년이상', '1층', '총5층', '동향']",37.491725,126.875866
2521690540,단지내상가,월세,1/1,80,"1,000",9,9,남향,20250423,"['25년이내', '역세권', '1층', '남향']",37.48461,126.888775
2521840758,일반상가,월세,1/2,170,"2,000",66,66,서향,20250423,"['25년이상', '역세권', '1층', '총2층']",37.488149,126.888793
2521759870,단지내상가,월세,1/4,220,"2,200",20,20,북향,20250423,"['25년이상', '1층', '관리비20만원이하', '주차가능']",37.500898,126.874574
2521634788,복합상가,월세,1/15,727,"7,270",537,328,북동향,20250423,"['25년이내', '1층', '주차가능', '엘리베이터']",37.482124,126.89533
2521821223,단지내상가,월세,1/12,240,"2,400",208,126,북서향,20250423,"['25년이내', '1층', '주차가능', '북서향']",37.484455,126.893296
2521712221,일반상가,월세,1/24,50,"1,000",13,13,남향,20250423,"['25년이내', '역세권', '1층', '주차가능']",37.502552,126.882968
2521632137,일반상가,월세,1/4,72,"1,000",36,26,남서향,20250423,"['25년이상', '역세권', '1층', '관리비10만원이하']",37.48492,126.888102
2521565697,단지내상가,월세,3/7,250,"2,500",325,212,북동향,20250422,"['25년이상', '중층', '주차가능', '엘리베이터']",37.482587,126.898018
2521497817,복합상가,월세,2/39,785,"1억 1,782",811,292,남향,20250422,"['10년이내', '지상층(1층제외)', '주차가능', '엘리베이터']",37.479914,126.895233
2521496022,단지내상가,월세,1/2,70,"1,000",31,24,남향,20250422,"['25년이상', '융자금없는', '역세권', '1층']",37.494802,126.872464
2521450243,일반상가,월세,1/2,120,"1,500",50,50,남향,20250422,"['25년이상', '역세권', '1층', '총2층']",37.489603,126.885942
2521415235,일반상가,월세,B1/12,450,"7,000",306,215,남동향,20250422,"['25년이내', '역세권', '지하층', '주차가능']",37.485181,126.899543
2521466293,일반상가,월세,1/9,"1,100",1억,484,325,남동향,20250422,"['25년이상', '융자금적은', '1층', '주차가능']",37.481303,126.899472
2521451810,일반상가,월세,1/21,344,"6,000",42,42,북향,20250422,"['25년이내', '역세권', '1층', '주차가능']",37.496623,126.892161
2521473763,일반상가,월세,2/9,250,"5,000",227,141,동향,20250422,"['25년이내', '지상층(1층제외)', '관리비20만원이하', '주차가능']",37.493539,126.882967
2521561142,단지내상가,매매,3/14,,"5억 2,000",182,99,남향,20250422,"['25년이내', '역세권', '급매', '지상층(1층제외)']",37.482896,126.898664
2521414998,일반상가,월세,1/8,65,"1,000",6,6,북서향,20250422,"['25년이내', '역세권', '1층', '관리비10만원이하']",37.481782,126.898392
2521498026,일반상가,월세,2/5,"1,500",1억,595,572,동향,20250422,"['25년이내', '융자금적은', '중층', '주차가능']",37.503643,126.887535
2521586021,일반상가,월세,1/2,60,"1,500",30,25,남향,20250422,"['25년이상', '역세권', '1층', '총2층']",37.486109,126.887065
2521601258,일반상가,월세,1/4,250,"3,000",53,53,남동향,20250422,"['25년이상', '융자금없는', '역세권', '1층']",37.492789,126.893627
2521467822,일반상가,월세,B1/14,250,"5,000",343,190,남동향,20250422,"['25년이내', '역세권', '지하층', '주차가능']",37.486494,126.89612
2521398041,일반상가,월세,4/6,400,"5,000",536,214,남향,20250422,"['25년이상', '융자금적은', '역세권', '중층']",37.484264,126.901307
2521451039,일반상가,월세,5/7,750,1억,280,280,동향,20250422,"['25년이상', '역세권', '고층', '주차가능']",37.483305,126.901162
2521517210,일반상가,월세,1/2,45,700,31,31,,20250422,"['25년이상', '1층', '주차가능', '총2층']",37.502456,126.887572
2521504014,일반상가,월세,3/4,120,"1,000",82,82,북동향,20250422,"['25년이상', '융자금없는', '역세권', '고층']",37.504629,126.890571
2521499289,일반상가,월세,2/3,870,"1억 5,000",442,360,서향,20250422,"['25년이상', '역세권', '중층', '총3층']",37.484421,126.899904
2521541478,일반상가,월세,1/3,500,1억,126,126,남서향,20250422,"['25년이상', '융자금없는', '역세권', '1층']",37.488284,126.88914
2521540266,단지내상가,월세,2/20,500,1억,5245,140,남서향,20250422,"['25년이내', '지상층(1층제외)', '주차가능', '엘리베이터']",37.483691,126.895434
2521472011,일반상가,월세,1/3,230,"4,000",37,37,남서향,20250422,"['25년이상', '융자금적은', '역세권', '1층']",37.489789,126.888214
2521558241,복합상가,월세,1/9,"1,300",1억,485,330,남동향,20250422,"['25년이상', '1층', '주차가능', '남동향']",37.481303,126.899472
2521582191,일반상가,월세,1/4,200,"3,000",73,73,서향,20250422,"['25년이상', '1층', '총4층', '서향']",37.491856,126.882291
2521563776,일반상가,월세,1/4,250,"5,000",140,112,북동향,20250422,"['25년이내', '1층', '관리비20만원이하', '주차가능']",37.499421,126.888194
2521390139,일반상가,월세,4/7,200,"3,000",119,105,남동향,20250422,"['25년이내', '중층', '엘리베이터', '남동향']",37.504955,126.888555
2521532656,일반상가,월세,1/4,400,"5,000",129,129,남향,20250422,"['25년이상', '1층', '관리비10만원이하', '총4층']",37.503315,126.890399
2521609939,일반상가,월세,1/4,150,"2,000",61,60,남서향,20250422,"['25년이상', '역세권', '1층', '총4층']",37.484117,126.890745
2521560380,일반상가,월세,1/5,165,"1,000",200,162,서향,20250422,"['25년이상', '융자금없는', '1층', '엘리베이터']",37.496761,126.890556
2521500801,복합상가,월세,2/39,385,"5,776",410,148,남향,20250422,"['10년이내', '지상층(1층제외)', '주차가능', '엘리베이터']",37.479914,126.895233
2521559021,단지내상가,매매,1/20,,"5억 5,000",81,40,동향,20250422,"['15년이내', '1층', '주차가능', '엘리베이터']",37.487201,126.894622
2521497913,일반상가,월세,2/4,260,"2,000",110,110,북향,20250422,"['25년이내', '역세권', '중층', '주차가능']",37.496623,126.892161
2521485290,복합상가,월세,2/39,630,"9,463",672,242,남향,20250422,"['10년이내', '지상층(1층제외)', '주차가능', '엘리베이터']",37.479914,126.895233
2521541814,일반상가,월세,2/4,230,"3,000",82,82,북동향,20250422,"['25년이상', '융자금없는', '역세권', '중층']",37.504629,126.890571
2521492285,일반상가,월세,1/4,400,"5,000",84,84,서향,20250422,"['25년이상', '역세권', '1층', '총4층']",37.483425,126.900752
2521495390,복합상가,월세,2/39,193,"2,895",205,74,남향,20250422,"['10년이내', '지상층(1층제외)', '주차가능', '엘리베이터']",37.479914,126.895233
2521491110,복합상가,월세,2/39,465,"6,975",495,179,남향,20250422,"['10년이내', '지상층(1층제외)', '주차가능', '엘리베이터']",37.479914,126.895233
2521507658,일반상가,월세,1/3,60,500,41,34,북서향,20250422,"['25년이상', '1층', '총3층', '북서향']",37.498819,126.884617
2521575411,일반상가,월세,1/3,160,"3,000",49,49,북향,20250422,"['25년이내', '융자금없는', '역세권', '1층']",37.505041,126.891022
2521545521,일반상가,월세,2/4,155,"2,000",83,83,북동향,20250422,"['25년이상', '융자금없는', '역세권', '중층']",37.489163,126.892164
2521167972,일반상가,월세,B1/4,140,"2,000",139,139,남동향,20250421,"['25년이상', '지하층', '총4층', '남동향']",37.503523,126.89082
2521168465,일반상가,월세,1/23,70,"3,500",29,29,북동향,20250421,"['25년이상', '1층', '주차가능', '북동향']",37.500007,126.89032
2521264156,일반상가,월세,2/4,150,"3,000",133,133,남서향,20250421,"['25년이상', '융자금없는', '역세권', '중층']",37.490317,126.892203
2521272565,일반상가,월세,1/2,120,"2,000",46,46,북동향,20250421,"['25년이상', '역세권', '1층', '총2층']",37.504921,126.890797
2521296299,일반상가,월세,B1/4,100,"2,500",105,105,북향,20250421,"['25년이상', '지하층', '관리비10만원이하', '총4층']",37.501728,126.888045
2521276353,일반상가,월세,1/3,300,"3,000",52,52,남서향,20250421,"['25년이상', '융자금적은', '역세권', '1층']",37.490321,126.892413
2521288750,일반상가,월세,B1/4,140,"2,000",139,132,남동향,20250421,"['25년이상', '지하층', '총4층', '남동향']",37.503523,126.89082
2521302588,일반상가,월세,1/20,260,"5,000",82,36,남향,20250421,"['4년이내', '융자금없는', '1층', '관리비20만원이하']",37.496431,126.890284
2521277192,일반상가,월세,2/2,140,"2,000",99,99,남서향,20250421,"['25년이상', '융자금없는', '역세권', '고층']",37.489326,126.891898
2521288022,일반상가,월세,1/4,70,"1,000",38,33,동향,20250421,"['25년이상', '1층', '총4층', '동향']",37.502193,126.886816
2521282139,일반상가,월세,B1/4,160,"1,000",128,128,남동향,20250421,"['25년이상', '지하층', '총4층', '남동향']",37.503165,126.890062
2521344726,복합상가,월세,1/5,170,"3,000",59,34,남향,20250421,"['25년이내', '역세권', '1층', '주차가능']",37.495674,126.87412
2521304380,일반상가,월세,3/3,120,"1,000",56,56,남서향,20250421,"['25년이상', '융자금없는', '역세권', '고층']",37.485368,126.886899
2521335407,복합상가,월세,B1/20,200,"2,500",73,73,,20250421,"['2년이내', '지하층', '주차가능']",37.481074,126.894366
2521223107,일반상가,월세,1/5,170,"3,000",56,34,남향,20250421,"['25년이상', '역세권', '1층', '주차가능']",37.495674,126.87412
2521198670,일반상가,월세,1/3,150,"1,500",49,49,북향,20250421,"['25년이상', '1층', '총3층', '북향']",37.493992,126.887659
2521196090,일반상가,월세,1/3,120,"2,000",59,59,북동향,20250421,"['25년이상', '1층', '총3층', '북동향']",37.494305,126.888269
2521209991,일반상가,월세,4/6,400,"5,000",264,264,동향,20250421,"['25년이상', '역세권', '중층', '주차가능']",37.484264,126.901307
2521271086,복합상가,월세,1/2,100,"2,000",33,33,남서향,20250421,"['25년이상', '융자금없는', '역세권', '1층']",37.487071,126.888353
2521215350,일반상가,월세,1/2,350,"6,000",47,36,남서향,20250421,"['25년이상', '역세권', '1층', '천장에어컨']",37.483259,126.900123
2521173520,일반상가,월세,1/7,250,"3,000",49,49,서향,20250421,"['25년이상', '융자금적은', '1층', '관리비20만원이하']",37.482587,126.898018
2521155276,단지내상가,월세,1/36,85,"1,000",80,43,,20250421,"['25년이내', '1층', '주차가능', '엘리베이터']",37.500381,126.889936
2521163950,일반상가,월세,B1/4,150,"2,000",90,79,남서향,20250421,"['25년이상', '융자금없는', '역세권', '지하층']",37.487488,126.888197
2521089651,일반상가,월세,1/1,330,"4,000",61,56,북동향,20250421,"['25년이내', '역세권', '1층', '주차가능']",37.488525,126.890785
2521100500,일반상가,월세,2/4,500,"5,000",320,320,남향,20250421,"['25년이상', '중층', '주차가능', '총4층']",37.492751,126.883177
2521102943,일반상가,월세,1/5,130,"1,000",57,50,남향,20250421,"['25년이내', '역세권', '1층', '총5층']",37.484652,126.889041
2521132638,일반상가,월세,B1/4,100,"1,000",63,57,서향,20250421,"['25년이상', '역세권', '지하층', '총4층']",37.486473,126.887922
2521128145,단지내상가,월세,1/18,250,"3,000",276,149,북동향,20250421,"['15년이내', '1층', '주차가능', '엘리베이터']",37.480784,126.892799
2521100427,일반상가,월세,1/4,65,"1,000",26,22,남향,20250421,"['25년이상', '융자금없는', '역세권', '1층']",37.484136,126.89082
2521157058,일반상가,월세,1/11,335,"5,000",152,85,남향,20250421,"['25년이내', '융자금없는', '역세권', '1층']",37.482177,126.898899
2521160569,단지내상가,월세,1/36,100,"1,500",48,22,북서향,20250421,"['25년이내', '융자금없는', '1층', '관리비20만원이하']",37.500381,126.889936
2521091261,일반상가,월세,4/6,400,"5,000",265,265,북동향,20250421,"['25년이상', '역세권', '중층', '주차가능']",37.484264,126.901307
2521376191,복합상가,월세,B1/20,250,"3,000",196,112,남동향,20250421,"['25년이내', '지하층', '주차가능', '엘리베이터']",37.483691,126.895434
2521352528,일반상가,월세,1/3,70,"1,000",33,26,남동향,20250421,"['25년이상', '1층', '관리비10만원이하', '주차가능']",37.480037,126.898535
2521162892,단지내상가,매매,1/3,,"5억 5,000",27,27,북서향,20250421,"['25년이상', '역세권', '1층', '주차가능']",37.503213,126.877895
2521351827,일반상가,월세,B1/8,80,"1,000",81,57,남동향,20250421,"['4년이내', '지하층', '관리비10만원이하', '주차가능']",37.479523,126.89609
2521294930,복합상가,월세,1/14,320,"5,000",121,73,북향,20250421,"['25년이내', '1층', '주차가능', '엘리베이터']",37.482902,126.896047
2521222113,일반상가,월세,1/4,400,"5,000",82,82,남서향,20250421,"['25년이상', '1층', '관리비10만원이하', '주차가능']",37.503315,126.890399
2521283921,일반상가,월세,1/7,300,"5,000",132,132,북동향,20250421,"['25년이상', '1층', '주차가능', '북동향']",37.50343,126.887682
2521275824,일반상가,월세,B1/3,60,500,74,74,북서향,20250421,"['25년이상', '지하층', '총3층', '북서향']",37.487658,126.895504
2521279426,일반상가,월세,1/2,250,"5,000",125,125,북향,20250421,"['25년이상', '1층', '총2층', '북향']",37.490469,126.883676
2521102971,일반상가,월세,3/4,350,"3,000",161,139,북향,20250421,"['25년이상', '융자금없는', '역세권', '고층']",37.4899,126.890371
2521139240,단지내상가,월세,4/4,100,"1,000",31,31,남동향,20250421,"['25년이상', '고층', '주차가능', '엘리베이터']",37.500898,126.874574
2521138374,단지내상가,매매,B1/4,,"2억 7,000",170,46,남동향,20250421,"['25년이상', '지하층', '주차가능', '엘리베이터']",37.500898,126.874574
2521244284,일반상가,월세,1/1,180,"3,000",29,29,서향,20250421,"['25년이상', '역세권', '1층', '서향']",37.486979,126.885363
2521371505,단지내상가,월세,1/24,90,"2,000",50,28,동향,20250421,"['25년이상', '융자금없는', '1층', '주차가능']",37.500007,126.89032
2521364939,일반상가,월세,3/4,150,"3,000",97,97,동향,20250421,"['25년이상', '고층', '총4층', '동향']",37.490855,126.884324
2521366990,복합상가,월세,2/39,"1,262","1억 8,934",1345,486,남향,20250421,"['10년이내', '지상층(1층제외)', '주차가능', '엘리베이터']",37.479914,126.895233
2521371962,단지내상가,월세,1/32,95,"1,000",80,43,남향,20250421,"['25년이내', '1층', '주차가능', '남향']",37.501166,126.891399
2521387894,단지내상가,월세,2/12,150,"1,500",140,80,북동향,20250421,"['25년이내', '역세권', '지상층(1층제외)', '주차가능']",37.485524,126.892429
2521354122,일반상가,월세,1/6,325,"6,000",149,149,남향,20250421,"['10년이내', '1층', '주차가능', '남향']",37.49089,126.884837
2521346732,복합상가,월세,1/2,420,"6,000",125,125,남향,20250421,"['25년이상', '융자금없는', '1층', '주차가능']",37.491725,126.875866
2521382031,복합상가,월세,1/5,60,500,29,23,남서향,20250421,"['25년이내', '역세권', '1층', '총5층']",37.487358,126.889004
2521353111,일반상가,월세,1/4,400,"5,000",40,29,서향,20250421,"['15년이내', '역세권', '1층', '관리비10만원이하']",37.483782,126.900532
2521357712,일반상가,월세,2/5,350,"5,000",327,327,남서향,20250421,"['10년이내', '융자금없는', '역세권', '중층']",37.499221,126.885074
2521347398,일반상가,월세,1/11,180,"3,000",36,36,북동향,20250421,"['10년이내', '역세권', '1층', '주차가능']",37.482017,126.898094
2521334898,복합상가,월세,B1/20,190,"2,500",72,72,,20250421,"['2년이내', '지하층', '주차가능']",37.481074,126.894366
2521339088,일반상가,월세,2/2,600,"8,000",165,165,남서향,20250421,"['25년이상', '역세권', '고층', '총2층']",37.483259,126.900123
2521334396,복합상가,월세,B1/20,280,"4,000",99,99,,20250421,"['2년이내', '지하층', '주차가능']",37.481074,126.894366
2521342459,단지내상가,매매,1/3,,3억 500,33,21,동향,20250421,"['25년이상', '1층', '주차가능', '총3층']",37.496794,126.876111
2521339363,일반상가,매매,10/29,,"1억 9,000",35,35,남동향,20250421,"['25년이내', '역세권', '중층', '주차가능']",37.506988,126.890351
2521345984,일반상가,월세,1/3,200,"3,000",39,39,동향,20250421,"['25년이상', '융자금없는', '1층', '주차가능']",37.491725,126.875866
2521341556,일반상가,월세,전체층/9,1억,10억,5125,4068,남동향,20250421,"['25년이상', '급매', '주차가능', '남동향']",37.481303,126.899472
2521343335,단지내상가,월세,1/2,150,"3,000",27,18,서향,20250421,"['25년이상', '1층', '주차가능', '총2층']",37.492989,126.877108
2521333850,복합상가,월세,1/25,362,"4,000",143,71,남동향,20250421,"['25년이내', '역세권', '1층', '주차가능']",37.505707,126.89166
2521327482,일반상가,월세,1/8,250,1억,144,82,북동향,20250421,"['25년이상', '1층', '주차가능', '북동향']",37.505042,126.876827
2521339374,일반상가,월세,3/5,110,"1,500",56,56,남향,20250421,"['25년이상', '역세권', '중층', '총5층']",37.487394,126.888695
2521340150,일반상가,월세,2/5,90,"1,500",66,66,서향,20250421,"['25년이내', '역세권', '중층', '관리비10만원이하']",37.488454,126.889379
2521349129,일반상가,월세,1/2,440,"6,000",66,66,서향,20250421,"['25년이상', '역세권', '1층', '총2층']",37.483412,126.900094
2521275310,일반상가,월세,2/5,120,"1,000",68,68,동향,20250421,"['25년이상', '중층', '주차가능', '총5층']",37.495949,126.882377
2521273636,복합상가,월세,1/15,400,"7,000",150,86,남서향,20250421,"['25년이내', '역세권', '1층', '주차가능']",37.485918,126.897296
2521280885,단지내상가,매매,1/1,,"4억 6,000",18,18,북서향,20250421,"['25년이내', '역세권', '1층', '주차가능']",37.488525,126.890785
2521278718,일반상가,월세,2/3,310,"3,500",90,90,동향,20250421,"['25년이상', '역세권', '중층', '관리비20만원이하']",37.483611,126.900881
2521281718,일반상가,월세,2/3,210,"3,000",123,123,남동향,20250421,"['25년이상', '역세권', '중층', '총3층']",37.488284,126.88914
2521279842,복합상가,월세,1/1,230,"3,000",109,109,남동향,20250421,"['25년이상', '1층', '남동향']",37.499067,126.886462
2521216607,일반상가,월세,2/3,150,"1,000",103,92,북동향,20250421,"['25년이상', '중층', '총3층', '북동향']",37.481691,126.899298
2521240110,일반상가,월세,B1/8,160,"1,700",130,130,북향,20250421,"['25년이내', '역세권', '지하층', '관리비10만원이하']",37.482363,126.900227
2521252823,일반상가,월세,3/4,300,"1,000",148,148,서향,20250421,"['25년이상', '역세권', '고층', '주차가능']",37.483485,126.900306
2521216326,일반상가,월세,1/2,40,"1,000",30,25,남향,20250421,"['25년이상', '1층', '총2층', '남향']",37.493849,126.888892
2521195548,일반상가,월세,2/5,"1,500",1억,595,528,북동향,20250421,"['25년이내', '융자금없는', '중층', '주차가능']",37.503643,126.887535
2521149592,일반상가,월세,1/4,60,"2,000",35,35,서향,20250421,"['25년이상', '융자금없는', '역세권', '1층']",37.489309,126.886362
2521168816,일반상가,월세,1/10,650,"7,000",183,183,남서향,20250421,"['25년이내', '역세권', '1층', '주차가능']",37.50334,126.88111
2521059423,일반상가,월세,B1/3,45,500,32,32,서향,20250419,"['25년이내', '지하층', '총3층', '서향']",37.496024,126.882253
2521080419,일반상가,매매,1/13,,32억,757,468,북동향,20250419,"['25년이내', '1층', '주차가능', '북동향']",37.486923,126.893154
2520998940,일반상가,매매,2/12,,"3억 5,000",123,98,북동향,20250419,"['25년이내', '지상층(1층제외)', '관리비20만원이하', '주차가능']",37.496141,126.891958
2520923593,일반상가,월세,2/3,400,"4,000",186,149,남향,20250419,"['25년이상', '융자금적은', '역세권', '중층']",37.490321,126.892413
2520953447,복합상가,매매,9/40,,"1억 2,000",72,19,남향,20250419,"['25년이내', '역세권', '지상층(1층제외)', '주차가능']",37.506988,126.890351
2521066847,일반상가,월세,2/3,618,1억,256,256,동향,20250419,"['25년이상', '융자금적은', '역세권', '급매']",37.483351,126.900603
2521004290,단지내상가,매매,B1/26,,160억,6659,3072,,20250419,"['25년이내', '역세권', '지하층', '주차가능']",37.505707,126.89166
2520904420,일반상가,월세,1/1,100,"6,000",26,26,동향,20250419,"['25년이상', '역세권', '1층', '동향']",37.500087,126.882285
2521003986,일반상가,월세,1/9,"1,300",1억,509,403,남향,20250419,"['25년이상', '융자금없는', '1층', '주차가능']",37.481303,126.899472
2521033580,단지내상가,월세,B1/3,20,200,12,12,북향,20250419,"['25년이상', '지하층', '관리비10만원이하', '주차가능']",37.504823,126.885856
2520927953,일반상가,월세,B1/18,150,"3,000",111,49,남서향,20250419,"['15년이내', '지하층', '주차가능', '남서향']",37.482434,126.897041
2520899613,일반상가,월세,1/8,250,"5,000",144,56,동향,20250418,"['25년이상', '1층', '주차가능', '엘리베이터']",37.505042,126.876827
2520837338,일반상가,월세,1/2,75,"1,000",40,33,서향,20250418,"['25년이상', '1층', '총2층', '서향']",37.493847,126.887784
2520854277,복합상가,월세,1/14,350,"5,000",112,68,북동향,20250418,"['25년이내', '역세권', '1층', '주차가능']",37.485088,126.898821
2520898026,일반상가,월세,1/14,400,"5,000",118,118,동향,20250418,"['25년이상', '역세권', '1층', '주차가능']",37.494812,126.893784
2520846305,복합상가,월세,B1/3,40,500,88,88,남서향,20250418,"['25년이상', '지하층', '총3층', '남서향']",37.494149,126.882005
2520774768,일반상가,월세,1/7,200,"3,000",62,62,북서향,20250418,"['25년이상', '역세권', '1층', '관리비20만원이하']",37.500044,126.882681
2520876546,단지내상가,월세,4/14,360,"3,600",300,163,남향,20250418,"['25년이내', '역세권', '지상층(1층제외)', '주차가능']",37.482896,126.898664
2520897017,일반상가,월세,B1/3,150,"2,000",148,148,북향,20250418,"['25년이상', '역세권', '지하층', '주차가능']",37.502131,126.883551
2520809218,일반상가,월세,3/3,450,"8,000",330,330,서향,20250418,"['25년이상', '역세권', '고층', '총3층']",37.484421,126.899904
2520899714,일반상가,월세,1/2,60,"1,500",19,19,남서향,20250418,"['25년이상', '역세권', '1층', '총2층']",37.486026,126.886989
2520806211,일반상가,월세,1/4,120,"1,500",29,29,남동향,20250418,"['25년이상', '역세권', '1층', '관리비10만원이하']",37.492731,126.890453
2520805811,복합상가,월세,1/4,145,"3,000",23,23,남서향,20250418,"['25년이상', '융자금적은', '역세권', '1층']",37.48806,126.884554
2520738415,복합상가,매매,1/25,,5억,44,22,남서향,20250418,"['25년이내', '역세권', '1층', '관리비10만원이하']",37.505707,126.89166
2520821047,일반상가,월세,1/4,120,"1,500",26,26,남동향,20250418,"['25년이상', '역세권', '1층', '관리비10만원이하']",37.492731,126.890453
2520835633,일반상가,월세,1/4,350,"3,000",189,189,남동향,20250418,"['25년이상', '1층', '주차가능', '총4층']",37.494199,126.887697
2520783141,단지내상가,매매,1/20,,10억,122,62,북동향,20250418,"['2년이내', '1층', '주차가능', '천장에어컨']",37.481074,126.894366
2520758957,단지내상가,월세,1/20,250,"5,000",112,57,북동향,20250418,"['15년이내', '1층', '주차가능', '엘리베이터']",37.487201,126.894622
2520805468,일반상가,월세,1/3,137,"1,500",24,24,북서향,20250418,"['25년이상', '역세권', '1층', '관리비10만원이하']",37.500631,126.884782
2520765063,일반상가,월세,1/4,70,"2,000",59,37,북동향,20250418,"['25년이상', '융자금없는', '역세권', '1층']",37.488405,126.888381
2520788355,복합상가,월세,1/32,95,"1,000",43,43,남서향,20250418,"['25년이내', '1층', '주차가능', '남서향']",37.501166,126.891399
2520741019,일반상가,월세,2/3,250,"4,000",97,97,서향,20250418,"['25년이상', '융자금적은', '중층', '총3층']",37.504299,126.891186
2520805135,복합상가,월세,1/4,172,"3,500",26,26,남서향,20250418,"['25년이상', '융자금적은', '역세권', '1층']",37.48806,126.884554
2520809646,일반상가,월세,2/3,300,"3,000",289,289,북동향,20250418,"['25년이상', '중층', '주차가능', '총3층']",37.487051,126.896192
2520826605,단지내상가,매매,B1/20,,"3억 5,000",78,78,서향,20250418,"['15년이내', '지하층', '관리비20만원이하', '주차가능']",37.487201,126.894622
2520874533,복합상가,월세,1/15,270,"3,000",101,79,남서향,20250418,"['25년이내', '역세권', '1층', '주차가능']",37.484303,126.899266
2520834729,일반상가,월세,1/1,120,"2,000",21,21,남서향,20250418,"['25년이상', '융자금적은', '역세권', '1층']",37.487573,126.88828
2520728326,일반상가,월세,1/3,141,"2,000",25,25,북동향,20250418,"['25년이상', '1층', '총3층', '북동향']",37.503422,126.889853
2520705853,일반상가,월세,B1/5,40,"1,000",69,36,남서향,20250418,"['25년이상', '융자금적은', '지하층', '관리비20만원이하']",37.502004,126.888857
2520728120,일반상가,월세,1/5,195,"3,000",45,45,남향,20250418,"['25년이내', '융자금없는', '역세권', '1층']",37.505264,126.889122
2520734201,일반상가,월세,7/7,133,"1,500",92,92,동향,20250418,"['25년이상', '고층', '주차가능', '동향']",37.50343,126.887682
2520663450,일반상가,월세,2/20,220,"3,000",60,30,남향,20250418,"['15년이내', '융자금없는', '지상층(1층제외)', '주차가능']",37.496015,126.891029
2520663574,일반상가,월세,1/20,210,"3,000",90,49,북향,20250418,"['15년이내', '융자금없는', '1층', '관리비20만원이하']",37.496015,126.891029
2520728999,일반상가,월세,2/5,300,"5,000",72,72,서향,20250418,"['25년이내', '역세권', '중층', '총5층']",37.485229,126.886823
2520719980,일반상가,월세,2/8,270,"5,000",164,164,북서향,20250418,"['25년이내', '역세권', '지상층(1층제외)', '주차가능']",37.490995,126.894275
2520663282,일반상가,월세,2/20,150,"3,000",205,94,남향,20250418,"['4년이내', '융자금없는', '지상층(1층제외)', '주차가능']",37.496431,126.890284
2520724971,일반상가,월세,3/20,250,"3,000",93,93,남향,20250418,"['4년이내', '지상층(1층제외)', '주차가능', '남향']",37.496431,126.890284
2520718364,일반상가,월세,1/5,240,"4,000",66,66,북서향,20250418,"['25년이상', '역세권', '1층', '주차가능']",37.491207,126.894513
2520631899,복합상가,월세,4/15,300,"3,000",200,115,남향,20250418,"['25년이내', '역세권', '지상층(1층제외)', '주차가능']",37.485918,126.897296
2520700690,복합상가,월세,19/20,"1,680","1억 6,800",1181,561,남서향,20250418,"['2년이내', '고층', '주차가능', '남서향']",37.481074,126.894366
2520728154,단지내상가,월세,1/20,450,"8,000",167,95,북서향,20250418,"['25년이내', '1층', '주차가능', '천장에어컨']",37.483691,126.895434
2520754052,단지내상가,월세,1/1,160,"3,000",24,22,북서향,20250418,"['25년이내', '역세권', '1층', '주차가능']",37.488525,126.890785
2520812273,복합상가,월세,B1/10,200,"3,000",50,50,북서향,20250418,"['25년이내', '지하층', '주차가능', '북서향']",37.483787,126.89252
2520813036,단지내상가,월세,1/24,70,"2,000",42,21,동향,20250418,"['25년이상', '융자금없는', '1층', '관리비10만원이하']",37.500007,126.89032
2520816029,단지내상가,월세,1/20,450,"6,000",157,79,북동향,20250418,"['2년이내', '역세권', '1층', '주차가능']",37.486376,126.892448
2520813770,단지내상가,월세,1/24,60,"2,000",26,26,동향,20250418,"['25년이내', '역세권', '1층', '관리비10만원이하']",37.502552,126.882968
2520549554,일반상가,월세,1/3,140,"3,000",39,39,남서향,20250417,"['25년이상', '융자금없는', '역세권', '1층']",37.489163,126.892164
2520410742,일반상가,월세,1/4,100,"1,000",27,22,남향,20250417,"['25년이상', '역세권', '1층', '총4층']",37.484015,126.891038
2520419333,단지내상가,월세,1/6,140,"3,000",64,64,남동향,20250417,"['25년이상', '융자금없는', '역세권', '1층']",37.48898,126.892387
2520402936,일반상가,월세,3/7,160,"2,000",105,105,북동향,20250417,"['25년이상', '역세권', '중층', '관리비20만원이하']",37.505278,126.892523
2520436493,단지내상가,월세,1/3,170,"4,000",60,38,남향,20250417,"['25년이상', '1층', '주차가능', '총3층']",37.496051,126.875223
2520461723,단지내상가,월세,1/4,350,"3,000",125,125,남서향,20250417,"['25년이상', '1층', '관리비10만원이하', '총4층']",37.504203,126.891265
2520413838,일반상가,월세,2/6,110,"1,000",77,77,남향,20250417,"['25년이내', '지상층(1층제외)', '관리비20만원이하', '주차가능']",37.499906,126.887729
2520482560,일반상가,월세,3/6,350,"6,000",171,165,서향,20250417,"['10년이내', '융자금적은', '역세권', '중층']",37.484022,126.900725
2520574982,일반상가,월세,1/3,140,"2,000",43,43,남서향,20250417,"['25년이상', '융자금없는', '역세권', '1층']",37.483981,126.891146
2520541231,복합상가,월세,1/8,150,"2,000",35,35,북서향,20250417,"['10년이내', '1층', '관리비20만원이하', '주차가능']",37.497813,126.884177
2520568275,일반상가,월세,B1/3,80,"2,000",120,115,남동향,20250417,"['25년이상', '지하층', '총3층', '남동향']",37.494336,126.887964
2520590544,일반상가,월세,2/6,800,2억,273,273,남동향,20250417,"['4년이내', '융자금없는', '지상층(1층제외)', '관리비20만원이하']",37.491323,126.888094
2520509049,단지내상가,월세,1/20,330,"5,000",170,97,남서향,20250417,"['25년이내', '융자금없는', '1층', '주차가능']",37.483691,126.895434
2520631133,일반상가,월세,2/4,150,"3,000",132,132,남동향,20250417,"['25년이상', '역세권', '중층', '총4층']",37.490317,126.892203
2520625050,단지내상가,월세,B1/10,350,"5,000",28,28,서향,20250417,"['25년이상', '지하층', '서향']",37.492214,126.884745
2520577022,일반상가,월세,2/16,90,"1,000",35,32,북향,20250417,"['25년이내', '융자금적은', '역세권', '지상층(1층제외)']",37.482709,126.89994
2520529272,일반상가,월세,1/3,800,1억,51,51,북향,20250417,"['25년이상', '융자금적은', '역세권', '1층']",37.489959,126.886916
2520512550,단지내상가,월세,1/20,730,"9,640",218,105,북서향,20250417,"['15년이내', '1층', '주차가능', '북서향']",37.48491,126.89656
2520625136,단지내상가,월세,B1/10,400,"5,000",32,32,서향,20250417,"['25년이상', '지하층', '서향']",37.492214,126.884745
2520648833,일반상가,월세,B1/5,35,500,65,37,북동향,20250417,"['25년이상', '융자금없는', '지하층', '관리비10만원이하']",37.506215,126.875341
2520540327,일반상가,월세,2/16,70,"1,000",84,36,북향,20250417,"['25년이내', '융자금적은', '역세권', '지상층(1층제외)']",37.482709,126.89994
2520644707,복합상가,월세,1/23,130,"2,000",54,31,북동향,20250417,"['25년이내', '1층', '관리비20만원이하', '주차가능']",37.499448,126.890956
2520540124,일반상가,월세,3/3,150,"1,000",118,118,남서향,20250417,"['25년이상', '융자금없는', '역세권', '고층']",37.488284,126.88914
2520607645,일반상가,월세,1/20,"1,700",2억,640,366,북서향,20250417,"['25년이내', '테라스', '1층', '주차가능']",37.483691,126.895434
2520583253,일반상가,월세,1/4,300,"5,000",66,66,동향,20250417,"['25년이상', '역세권', '1층', '총4층']",37.48806,126.884554
2520532772,복합상가,월세,1/20,130,"1,000",25,25,북서향,20250417,"['15년이내', '1층', '북서향']",37.496494,126.891911
2520420281,일반상가,월세,2/3,140,"2,000",94,94,북동향,20250417,"['25년이상', '융자금없는', '역세권', '중층']",37.489326,126.891898
2520560276,일반상가,월세,7/7,136,"1,500",99,99,남향,20250417,"['25년이상', '고층', '주차가능', '남향']",37.50343,126.887682
2520570983,복합상가,월세,B1/20,720,"9,480",442,238,남동향,20250417,"['15년이내', '지하층', '주차가능', '남동향']",37.48491,126.89656
2520419739,일반상가,월세,1/4,120,"1,500",43,43,북동향,20250417,"['25년이상', '융자금없는', '역세권', '1층']",37.489163,126.892164
2520464499,복합상가,월세,2/21,"1,500",5억,710,396,남서향,20250417,"['25년이상', '융자금없는', '지상층(1층제외)', '주차가능']",37.495853,126.888821
2520480664,일반상가,월세,4/5,250,"2,000",86,86,남향,20250417,"['25년이상', '융자금없는', '역세권', '고층']",37.482998,126.901009
2520411812,일반상가,월세,1/4,320,"5,000",49,49,북서향,20250417,"['25년이상', '역세권', '1층', '관리비10만원이하']",37.492731,126.890453
2520498246,일반상가,월세,2/20,510,"8,000",300,171,남동향,20250417,"['25년이내', '지상층(1층제외)', '주차가능', '천장에어컨']",37.483691,126.895434
2520273780,단지내상가,월세,1/3,75,"1,000",38,23,동향,20250416,"['25년이내', '1층', '관리비10만원이하', '주차가능']",37.496253,126.891458
2520199182,단지내상가,월세,1/32,160,"2,000",44,39,북향,20250416,"['25년이내', '테라스', '1층', '주차가능']",37.501166,126.891399
2520402918,일반상가,월세,2/3,400,"4,000",165,165,남동향,20250416,"['25년이상', '역세권', '중층', '관리비20만원이하']",37.490321,126.892413
2520237111,일반상가,월세,3/3,200,"2,500",104,104,남서향,20250416,"['25년이상', '역세권', '고층', '총3층']",37.483981,126.891274
2520372329,일반상가,월세,1/3,65,"1,000",17,17,동향,20250416,"['25년이상', '융자금없는', '1층', '총3층']",37.501893,126.886579
2520237847,단지내상가,월세,1/1,270,"5,000",50,50,서향,20250416,"['25년이내', '역세권', '1층', '서향']",37.488525,126.890785
2520371925,일반상가,월세,1/2,120,"2,000",49,49,북동향,20250416,"['25년이상', '역세권', '1층', '급매']",37.504921,126.890797
2520362416,일반상가,월세,1/2,130,"2,000",29,29,서향,20250416,"['25년이상', '역세권', '1층', '총2층']",37.487319,126.885206
2520372055,일반상가,월세,1/15,300,"3,000",98,98,남동향,20250416,"['25년이상', '역세권', '1층', '남동향']",37.497374,126.892181
2520356364,복합상가,월세,3/13,450,"3,000",423,245,남동향,20250416,"['25년이내', '지상층(1층제외)', '주차가능', '남동향']",37.485184,126.89279
2520359046,일반상가,월세,1/2,130,"2,000",56,46,남서향,20250416,"['25년이상', '역세권', '1층', '총2층']",37.488695,126.889848
2520198890,일반상가,월세,1/8,170,"2,000",56,56,북서향,20250416,"['25년이내', '역세권', '1층', '관리비20만원이하']",37.482099,126.899973
2520290152,일반상가,월세,2/21,180,"2,000",145,145,서향,20250416,"['25년이내', '역세권', '지상층(1층제외)', '주차가능']",37.496623,126.892161
2520294406,일반상가,월세,1/15,300,"3,000",151,151,남향,20250416,"['25년이상', '역세권', '1층', '엘리베이터']",37.497374,126.892181
2520220006,복합상가,월세,1/15,200,"5,000",57,36,남동향,20250416,"['25년이내', '역세권', '1층', '주차가능']",37.495887,126.872727
2520361478,복합상가,월세,1/13,850,"1억 1,500",691,347,남서향,20250416,"['25년이내', '1층', '주차가능', '남서향']",37.485546,126.894203
2520377381,복합상가,월세,1/10,200,"3,000",73,46,남서향,20250416,"['25년이내', '1층', '주차가능', '남서향']",37.483465,126.892958
2520375593,단지내상가,월세,1/1,150,"3,000",32,24,서향,20250416,"['25년이상', '1층', '서향', '관리비50만원이하']",37.491569,126.876277
2520373128,일반상가,월세,1/7,150,"3,000",45,45,남동향,20250416,"['15년이내', '역세권', '1층', '주차가능']",37.503339,126.885333
2520377197,복합상가,매매,2/10,,95억,2081,1109,북서향,20250416,"['25년이내', '역세권', '지상층(1층제외)', '주차가능']",37.50334,126.88111
2520233496,단지내상가,매매,2/10,,3억,40,25,북동향,20250416,"['25년이내', '역세권', '지상층(1층제외)', '주차가능']",37.486433,126.89818
2520218037,일반상가,월세,1/4,100,"1,800",33,33,북향,20250416,"['15년이내', '1층', '관리비10만원이하', '총4층']",37.497963,126.882167
2520286994,일반상가,월세,B1/18,200,"3,000",126,64,남서향,20250416,"['15년이내', '지하층', '주차가능', '남서향']",37.482434,126.897041
2520212830,단지내상가,매매,2/3,,"3억 5,000",57,43,동향,20250416,"['25년이상', '중층', '총3층', '동향']",37.488552,126.892989
2520325158,일반상가,월세,1/20,350,"5,000",41,41,남동향,20250416,"['10년이내', '융자금없는', '1층', '주차가능']",37.497109,126.891711
2520350482,일반상가,월세,3/3,550,"8,000",442,442,남서향,20250416,"['25년이상', '역세권', '고층', '총3층']",37.484421,126.899904
2520337610,일반상가,월세,1/4,150,"3,000",145,145,북향,20250416,"['25년이상', '1층', '관리비10만원이하', '주차가능']",37.49645,126.882955
2520341107,단지내상가,월세,B1/20,450,"6,000",340,195,북서향,20250416,"['25년이내', '지하층', '주차가능', '엘리베이터']",37.483691,126.895434
2520361858,복합상가,월세,1/4,110,"2,000",24,24,남서향,20250416,"['25년이상', '역세권', '1층', '관리비10만원이하']",37.484704,126.888716
2520311643,일반상가,월세,3/20,160,"1,000",186,94,남서향,20250416,"['15년이내', '지상층(1층제외)', '주차가능', '천장에어컨']",37.487201,126.894622
2520272407,복합상가,월세,B1/15,270,"3,000",1100,552,동향,20250416,"['25년이상', '역세권', '급매', '지하층']",37.494099,126.893829
2520223959,일반상가,월세,1/4,85,"1,000",43,43,북서향,20250416,"['25년이상', '1층', '관리비10만원이하', '총4층']",37.501978,126.886561
2520235502,단지내상가,매매,1/15,,"8억 5,000",117,67,북서향,20250416,"['25년이내', '역세권', '1층', '주차가능']",37.485918,126.897296
2520297210,복합상가,월세,1/15,550,"8,000",166,166,북향,20250416,"['25년이내', '역세권', '1층', '주차가능']",37.484303,126.899266
2520198772,일반상가,월세,2/4,230,"3,000",171,120,남동향,20250416,"['25년이상', '역세권', '중층', '관리비10만원이하']",37.483883,126.900904
2520198977,복합상가,월세,1/18,240,"3,000",111,56,남서향,20250416,"['15년이내', '1층', '관리비20만원이하', '주차가능']",37.482434,126.897041
2520199162,일반상가,월세,1/2,250,"5,000",63,63,서향,20250416,"['25년이상', '1층', '총2층', '서향']",37.490469,126.883676
2520198954,일반상가,월세,2/5,850,"1억 5,000",280,280,남서향,20250416,"['25년이상', '역세권', '중층', '주차가능']",37.504868,126.8781
2520198858,일반상가,월세,2/3,310,"3,500",92,92,남동향,20250416,"['25년이상', '역세권', '중층', '총3층']",37.483611,126.900881
2520198981,일반상가,월세,2/3,210,"3,000",120,120,남동향,20250416,"['25년이상', '역세권', '중층', '총3층']",37.488284,126.88914
2520199149,일반상가,월세,2/5,100,"1,000",70,70,동향,20250416,"['25년이상', '중층', '관리비10만원이하', '주차가능']",37.495949,126.882377
2520402913,일반상가,월세,B1/3,200,"3,000",110,110,남동향,20250416,"['25년이상', '역세권', '지하층', '관리비20만원이하']",37.490321,126.892413
2519949397,단지내상가,월세,B1/20,45,500,59,33,남향,20250415,"['25년이상', '융자금없는', '역세권', '지하층']",37.497758,126.892332
2520150402,일반상가,월세,1/3,150,"2,000",20,20,북동향,20250415,"['25년이상', '융자금없는', '1층', '총3층']",37.503422,126.889853
2520161918,복합상가,매매,B1/20,,6억 367,190,97,남향,20250415,"['15년이내', '지하층', '주차가능', '엘리베이터']",37.487201,126.894622
2520165321,일반상가,월세,1/5,150,"3,000",49,49,서향,20250415,"['25년이상', '역세권', '1층', '천장에어컨']",37.491223,126.89268
2520124017,단지내상가,매매,2/4,,"9,200",29,19,남서향,20250415,"['25년이상', '중층', '관리비10만원이하', '총4층']",37.491039,126.8898
2520143587,일반상가,월세,1/4,420,"5,000",160,105,남서향,20250415,"['25년이내', '역세권', '1층', '주차가능']",37.486069,126.887561
2520134340,일반상가,월세,1/2,60,500,49,49,남서향,20250415,"['25년이상', '융자금없는', '역세권', '1층']",37.489038,126.885736
2519928263,일반상가,월세,4/7,400,"6,000",238,238,남동향,20250415,"['25년이내', '중층', '엘리베이터', '남동향']",37.504955,126.888555
2520092309,단지내상가,매매,B1/25,,45억,832,805,북향,20250415,"['25년이내', '역세권', '지하층', '주차가능']",37.505707,126.89166
2520053184,복합상가,월세,2/20,860,"1억 1,400",181,181,남서향,20250415,"['15년이내', '지상층(1층제외)', '주차가능', '남서향']",37.48491,126.89656
2520068755,일반상가,월세,1/13,220,"6,000",54,33,북동향,20250415,"['25년이내', '1층', '주차가능', '천장에어컨']",37.486923,126.893154
2520096705,일반상가,월세,1/3,100,"1,000",42,42,남서향,20250415,"['25년이상', '1층', '주차가능', '총3층']",37.500045,126.887167
2519982870,일반상가,월세,B1/5,100,"1,000",141,141,북동향,20250415,"['25년이상', '지하층', '총5층', '북동향']",37.501494,126.886874
2520088795,일반상가,월세,1/2,350,"3,000",185,185,남동향,20250415,"['25년이상', '1층', '주차가능', '총2층']",37.494199,126.887697
2520068675,일반상가,월세,B1/5,35,500,37,27,북서향,20250415,"['25년이상', '융자금없는', '지하층', '관리비10만원이하']",37.506215,126.875341
2520025552,일반상가,월세,6/6,600,1억,189,189,서향,20250415,"['10년이내', '융자금적은', '역세권', '고층']",37.484022,126.900725
2519934901,일반상가,월세,1/5,110,"2,000",74,40,북동향,20250415,"['25년이상', '융자금없는', '역세권', '1층']",37.487456,126.889174
2520118691,단지내상가,매매,1/1,,"3억 3,000",18,17,남서향,20250415,"['25년이내', '역세권', '1층', '관리비10만원이하']",37.488525,126.890785
2520076993,일반상가,월세,1/2,145,"2,000",31,31,남동향,20250415,"['25년이상', '역세권', '1층', '총2층']",37.486442,126.887354
2520053485,일반상가,월세,1/3,120,"3,000",50,50,북향,20250415,"['25년이상', '역세권', '1층', '총3층']",37.502061,126.883843
2520017509,일반상가,월세,1/3,220,"2,000",72,72,북서향,20250415,"['25년이상', '역세권', '1층', '총3층']",37.482609,126.899064
2519984914,단지내상가,월세,1/14,80,"1,000",128,64,동향,20250415,"['25년이내', '1층', '관리비20만원이하', '주차가능']",37.500771,126.8894
2520080164,일반상가,월세,1/2,50,"1,000",23,23,동향,20250415,"['25년이상', '1층', '총2층', '동향']",37.494013,126.888512
2520055455,일반상가,매매,3/4,,7억,31,23,북동향,20250415,"['25년이상', '고층', '관리비10만원이하', '주차가능']",37.500898,126.874574
2520061041,단지내상가,매매,1/2,,"6억 6,000",26,26,남서향,20250415,"['25년이상', '역세권', '1층', '관리비20만원이하']",37.503213,126.877895
2520157532,일반상가,월세,1/6,90,"1,000",33,33,남동향,20250415,"['25년이내', '융자금없는', '역세권', '1층']",37.490364,126.887708
2520105761,단지내상가,월세,1/4,150,"3,000",36,28,남향,20250415,"['25년이상', '1층', '주차가능', '총4층']",37.491039,126.8898
2520137365,일반상가,월세,1/10,40,"1,000",19,19,동향,20250415,"['25년이상', '1층', '관리비10만원이하', '동향']",37.496154,126.891247
2519709183,단지내상가,월세,2/15,250,"4,000",130,130,북동향,20250414,"['25년이내', '지상층(1층제외)', '주차가능', '북동향']",37.503247,126.89162
2519789026,일반상가,월세,1/4,230,"3,000",55,55,북동향,20250414,"['10년이내', '역세권', '1층', '총4층']",37.504531,126.891645
2519863632,일반상가,월세,1/3,120,"2,000",26,26,남서향,20250414,"['25년이상', '융자금없는', '역세권', '1층']",37.504469,126.879541
2519856017,복합상가,월세,B1/2,35,500,62,62,남서향,20250414,"['25년이상', '융자금없는', '역세권', '지하층']",37.504171,126.876859
2519730094,일반상가,월세,1/4,200,"3,000",75,75,북동향,20250414,"['25년이상', '1층', '총4층', '북동향']",37.500488,126.888923
2519797846,일반상가,월세,B1/4,124,"1,500",165,165,동향,20250414,"['25년이상', '융자금적은', '지하층', '관리비10만원이하']",37.49674,126.882291
2519876101,일반상가,월세,2/3,60,"1,000",40,40,남동향,20250414,"['25년이상', '중층', '총3층', '남동향']",37.490587,126.890424
2519799190,일반상가,월세,1/3,60,"1,000",32,32,서향,20250414,"['25년이상', '융자금없는', '1층', '총3층']",37.495808,126.882866
2519875235,단지내상가,매매,1/4,,"3억 6,000",50,20,남동향,20250414,"['25년이상', '1층', '관리비20만원이하', '주차가능']",37.500898,126.874574
2519646113,일반상가,월세,5/6,330,"5,000",396,310,남향,20250414,"['25년이상', '역세권', '고층', '주차가능']",37.490371,126.893453
2519661795,일반상가,월세,2/7,160,"2,000",105,105,북동향,20250414,"['25년이상', '역세권', '지상층(1층제외)', '북동향']",37.505278,126.892523
2519663332,일반상가,월세,2/4,250,"4,000",82,82,북서향,20250414,"['10년이내', '융자금없는', '역세권', '중층']",37.504786,126.890289
2519602796,일반상가,월세,2/4,150,"2,000",92,92,북향,20250414,"['25년이상', '중층', '총4층', '북향']",37.493471,126.885564
2519701507,일반상가,월세,1/4,120,"2,000",50,50,남동향,20250414,"['25년이상', '1층', '총4층', '남동향']",37.503592,126.890952
2519662948,단지내상가,월세,1/3,700,"1억 5,000",43,43,남동향,20250414,"['25년이내', '역세권', '1층', '관리비20만원이하']",37.506091,126.888651
2519709448,일반상가,월세,9/9,1억,10억,5125,5125,남동향,20250414,"['25년이상', '고층', '주차가능', '엘리베이터']",37.481303,126.899472
2519602659,일반상가,월세,2/4,100,"1,000",117,101,남동향,20250414,"['25년이상', '융자금없는', '역세권', '중층']",37.486698,126.889393
2519688251,일반상가,월세,B1/4,50,"1,000",59,59,동향,20250414,"['25년이상', '융자금없는', '역세권', '지하층']",37.488405,126.888381
2519639895,일반상가,월세,1/14,800,3억,382,230,남동향,20250414,"['25년이내', '1층', '주차가능', '엘리베이터']",37.485735,126.89553
2519666167,복합상가,월세,2/20,260,"2,000",110,110,북향,20250414,"['25년이내', '역세권', '지상층(1층제외)', '관리비20만원이하']",37.496623,126.892161
2519659935,복합상가,월세,1/10,240,"6,000",39,39,북서향,20250414,"['25년이내', '역세권', '1층', '주차가능']",37.50334,126.88111
2519666610,일반상가,월세,2/13,230,"3,000",227,134,북서향,20250414,"['25년이내', '지상층(1층제외)', '주차가능', '천장에어컨']",37.485184,126.89279
2519789791,일반상가,월세,2/2,450,"6,000",95,95,남동향,20250414,"['25년이상', '역세권', '고층', '총2층']",37.483943,126.900299
2519841977,일반상가,월세,3/5,350,1억,180,180,남동향,20250414,"['25년이상', '중층', '주차가능', '총5층']",37.495853,126.888821
2519648538,복합상가,월세,2/13,750,"1억 2,500",294,159,북동향,20250414,"['25년이내', '역세권', '지상층(1층제외)', '주차가능']",37.485384,126.899526
2519622575,일반상가,월세,3/4,350,"5,000",293,293,북향,20250414,"['25년이상', '고층', '총4층', '북향']",37.489938,126.884598
2519841440,일반상가,매매,2/14,,"4억 5,000",83,45,북동향,20250414,"['25년이내', '역세권', '지상층(1층제외)', '주차가능']",37.482896,126.898664
2519841523,일반상가,월세,1/14,280,"5,000",46,28,남동향,20250414,"['25년이내', '1층', '관리비10만원이하', '주차가능']",37.484503,126.894532
2519880907,일반상가,월세,2/5,130,"1,000",115,115,남동향,20250414,"['25년이상', '융자금없는', '역세권', '중층']",37.492255,126.892767
2519916961,일반상가,월세,1/14,490,1억,321,178,동향,20250414,"['25년이내', '융자금없는', '역세권', '1층']",37.486494,126.89612
2519893173,복합상가,월세,3/5,110,"1,500",62,55,남서향,20250414,"['25년이상', '융자금없는', '역세권', '중층']",37.487394,126.888695
2519768857,일반상가,월세,B1/8,330,"5,000",180,180,남향,20250414,"['15년이내', '융자금적은', '역세권', '지하층']",37.483575,126.900685
2519777283,복합상가,월세,3/21,180,"5,000",125,78,남서향,20250414,"['25년이상', '융자금없는', '지상층(1층제외)', '주차가능']",37.495853,126.888821
2519813303,복합상가,월세,B1/20,450,"6,000",294,294,서향,20250414,"['25년이내', '지하층', '주차가능', '서향']",37.483691,126.895434
2519796319,단지내상가,월세,B1/20,540,"7,128",374,178,남서향,20250414,"['15년이내', '지하층', '주차가능', '남서향']",37.48491,126.89656
2519654315,일반상가,월세,1/4,110,"2,000",32,32,동향,20250414,"['25년이상', '융자금없는', '1층', '관리비10만원이하']",37.49855,126.885481
2519816351,복합상가,매매,B1/18,,"3억 3,000",78,40,남서향,20250414,"['15년이내', '지하층', '주차가능', '엘리베이터']",37.482434,126.897041
2519819714,단지내상가,월세,1/14,900,"3억 2,000",383,231,남동향,20250414,"['25년이내', '1층', '주차가능', '남동향']",37.485735,126.89553
2519801686,일반상가,월세,2/14,120,"2,000",48,26,북서향,20250414,"['25년이내', '역세권', '지상층(1층제외)', '주차가능']",37.482896,126.898664
2519748748,일반상가,매매,1/20,,10억,86,43,남서향,20250414,"['15년이내', '1층', '주차가능', '남서향']",37.487201,126.894622
2519765212,단지내상가,월세,2/14,660,"1억 2,000",437,264,북서향,20250414,"['25년이내', '융자금없는', '지상층(1층제외)', '주차가능']",37.484503,126.894532
2519770764,단지내상가,월세,3/15,200,"2,000",176,108,남동향,20250414,"['25년이내', '지상층(1층제외)', '주차가능', '천장에어컨']",37.482124,126.89533
2519704483,단지내상가,월세,1/21,300,"5,000",48,48,북서향,20250414,"['25년이내', '역세권', '1층', '주차가능']",37.496623,126.892161
2519915090,단지내상가,월세,1/20,450,"8,000",168,95,북서향,20250414,"['25년이내', '1층', '주차가능', '엘리베이터']",37.483691,126.895434
2519871513,일반상가,월세,1/3,120,"2,000",136,33,북향,20250414,"['25년이상', '1층', '관리비10만원이하', '총3층']",37.490758,126.89081
2519865253,일반상가,월세,3/4,180,"5,000",125,78,남서향,20250414,"['25년이상', '고층', '주차가능', '총4층']",37.495853,126.888821
2519883963,복합상가,월세,1/4,60,"2,000",49,49,남서향,20250414,"['25년이상', '역세권', '1층', '총4층']",37.489309,126.886362
2519870829,일반상가,월세,3/3,150,"1,000",115,115,남서향,20250414,"['25년이상', '역세권', '고층', '총3층']",37.488284,126.88914
2519675343,일반상가,월세,B2/32,100,"1,000",157,107,남동향,20250414,"['25년이내', '지하층', '주차가능', '남동향']",37.501166,126.891399
2519870075,일반상가,월세,1/1,150,"3,000",13,13,남서향,20250414,"['25년이상', '융자금없는', '역세권', '1층']",37.487861,126.888682
2519807197,일반상가,매매,1/23,,5억,82,48,북동향,20250414,"['10년이내', '1층', '주차가능', '천장에어컨']",37.499448,126.890956
2519793336,복합상가,매매,3/12,,"2억 7,000",155,70,남서향,20250414,"['25년이내', '지상층(1층제외)', '주차가능', '남서향']",37.504573,126.87692
2519809447,일반상가,월세,1/4,80,"1,000",42,42,동향,20250414,"['25년이상', '1층', '총4층', '동향']",37.501978,126.886561
2519796634,일반상가,월세,1/5,130,"1,000",33,26,남향,20250414,"['25년이상', '1층', '관리비20만원이하', '주차가능']",37.494295,126.886348
2519789417,일반상가,매매,1/3,,"2억 1,000",39,31,남향,20250414,"['25년이상', '역세권', '1층', '총3층']",37.485531,126.887659
2519825747,단지내상가,월세,2/15,600,"6,000",351,203,북향,20250414,"['25년이내', '융자금없는', '역세권', '지상층(1층제외)']",37.485918,126.897296
2519803280,일반상가,월세,1/20,450,"8,000",161,92,북서향,20250414,"['25년이내', '1층', '주차가능', '엘리베이터']",37.483691,126.895434
2519792264,단지내상가,월세,1/15,185,"3,000",22,22,남향,20250414,"['25년이내', '역세권', '1층', '관리비10만원이하']",37.495887,126.872727
2519841204,일반상가,월세,1/1,280,"7,000",113,113,남동향,20250414,"['25년이상', '역세권', '1층', '남동향']",37.488129,126.888914
2519693871,일반상가,월세,2/20,315,"4,160",242,115,남동향,20250414,"['15년이내', '지상층(1층제외)', '주차가능', '엘리베이터']",37.48491,126.89656
2519554299,일반상가,월세,1/6,250,"3,000",58,56,남서향,20250412,"['10년이내', '1층', '주차가능', '남서향']",37.504447,126.886611
2519552077,일반상가,월세,1/3,120,"1,000",82,82,동향,20250412,"['25년이상', '1층', '주차가능', '총3층']",37.498586,126.883896
2519551616,일반상가,월세,2/3,200,"3,000",114,114,북서향,20250412,"['25년이상', '역세권', '중층', '총3층']",37.499954,126.882855
2519505998,단지내상가,월세,1/2,170,"4,000",61,38,남향,20250412,"['25년이상', '1층', '주차가능', '총2층']",37.496794,126.876111
2519538905,단지내상가,월세,2/20,55,"2,000",74,37,남향,20250412,"['25년이상', '지상층(1층제외)', '관리비10만원이하', '주차가능']",37.490291,126.876904
2519387068,단지내상가,월세,1/14,740,"1억 5,000",272,165,남동향,20250411,"['25년이내', '1층', '주차가능', '천장에어컨']",37.485735,126.89553
2519237480,일반상가,월세,1/4,80,"1,000",35,30,동향,20250411,"['10년이내', '1층', '관리비10만원이하', '주차가능']",37.491544,126.886262
2519390834,일반상가,월세,2/5,30,350,44,25,북동향,20250411,"['25년이상', '융자금없는', '중층', '관리비10만원이하']",37.506215,126.875341
2519199272,복합상가,월세,1/25,70,"1,000",36,18,서향,20250411,"['25년이내', '역세권', '1층', '관리비10만원이하']",37.505707,126.89166
2519286836,단지내상가,월세,1/2,170,"4,000",60,38,남향,20250411,"['25년이상', '1층', '관리비10만원이하', '주차가능']",37.496794,126.876111
2519328422,일반상가,월세,1/11,260,"3,000",117,109,북동향,20250411,"['10년이내', '역세권', '1층', '주차가능']",37.482017,126.898094
2519177997,일반상가,월세,1/19,250,"3,000",169,101,남서향,20250411,"['25년이내', '1층', '주차가능', '남서향']",37.498024,126.891645
2519404135,일반상가,월세,1/20,55,"1,000",45,32,북서향,20250411,"['15년이내', '1층', '관리비10만원이하', '주차가능']",37.496494,126.891911
2519388875,일반상가,월세,2/20,530,"8,000",290,166,남동향,20250411,"['25년이내', '지상층(1층제외)', '주차가능', '천장에어컨']",37.483691,126.895434
2519377529,일반상가,월세,1/14,80,"1,000",101,50,북서향,20250411,"['25년이내', '1층', '주차가능', '엘리베이터']",37.487515,126.893981
2519354747,복합상가,월세,2/4,150,"1,000",121,101,남서향,20250411,"['25년이상', '융자금없는', '역세권', '중층']",37.486698,126.889393
2519285939,복합상가,월세,1/5,330,"4,000",144,144,남서향,20250411,"['25년이상', '융자금없는', '역세권', '1층']",37.488988,126.884199
2519219121,일반상가,월세,3/5,150,"3,000",140,130,남향,20250411,"['25년이내', '중층', '총5층', '남향']",37.493465,126.884099
2519228678,단지내상가,월세,1/14,350,"5,000",158,69,동향,20250411,"['25년이내', '역세권', '1층', '주차가능']",37.485088,126.898821
2519310303,일반상가,월세,1/1,70,"1,000",27,27,남서향,20250411,"['25년이상', '융자금없는', '역세권', '1층']",37.48932,126.885911
2519308473,일반상가,월세,B1/4,500,"9,000",328,328,남서향,20250411,"['25년이상', '융자금없는', '역세권', '지하층']",37.490317,126.892203
2519390488,일반상가,월세,2/4,50,500,92,46,남동향,20250411,"['25년이상', '융자금적은', '중층', '관리비20만원이하']",37.503441,126.87649
2519371739,복합상가,월세,1/12,230,"5,000",93,46,북향,20250411,"['4년이내', '융자금없는', '1층', '관리비10만원이하']",37.493946,126.88681
2519366962,복합상가,월세,1/12,250,"3,000",395,165,북향,20250411,"['4년이내', '1층', '주차가능', '엘리베이터']",37.493946,126.88681
2519365918,일반상가,월세,1/2,70,"1,000",45,40,서향,20250411,"['25년이상', '1층', '총2층', '서향']",37.493942,126.887181
2519391519,일반상가,월세,5/5,25,300,42,23,북동향,20250411,"['25년이상', '융자금없는', '고층', '관리비10만원이하']",37.506215,126.875341
2519229140,일반상가,월세,B1/3,87,"1,000",132,132,남서향,20250411,"['25년이상', '지하층', '주차가능', '총3층']",37.500323,126.888612
2519317957,복합상가,월세,B1/20,200,"3,000",120,120,남향,20250411,"['15년이내', '지하층', '주차가능', '남향']",37.487201,126.894622
2519329517,일반상가,월세,2/5,185,"3,000",129,75,동향,20250411,"['25년이상', '융자금없는', '역세권', '중층']",37.495674,126.87412
2519391135,일반상가,월세,1/4,55,600,39,24,북서향,20250411,"['25년이상', '융자금없는', '1층', '관리비20만원이하']",37.503441,126.87649
2519098124,복합상가,월세,3/20,250,"3,000",236,93,남동향,20250411,"['4년이내', '융자금없는', '지상층(1층제외)', '주차가능']",37.496431,126.890284
2519384620,일반상가,월세,1/10,50,"1,000",51,30,남동향,20250411,"['25년이상', '1층', '관리비10만원이하', '남동향']",37.494948,126.88966
2519413375,일반상가,월세,1/2,125,"1,500",69,69,북동향,20250411,"['25년이상', '1층', '총2층', '북동향']",37.4987,126.885236
2519202971,일반상가,월세,1/4,70,"1,000",33,33,남향,20250411,"['15년이내', '1층', '주차가능', '총4층']",37.499243,126.888663
2519282572,일반상가,월세,1/4,30,"1,000",25,20,동향,20250411,"['25년이상', '역세권', '1층', '총4층']",37.486767,126.883602
2519351334,일반상가,월세,1/5,110,"2,000",70,53,남서향,20250411,"['25년이내', '역세권', '1층', '관리비10만원이하']",37.485117,126.886871
2519058418,단지내상가,월세,1/2,50,"1,000",26,26,동향,20250410,"['25년이상', '1층', '총2층', '동향']",37.494013,126.888512
2519083095,복합상가,월세,1/2,100,"1,000",30,30,남서향,20250410,"['25년이상', '융자금없는', '역세권', '1층']",37.486942,126.88779
2519083656,일반상가,월세,8/8,"1,000","1억 9,500",405,332,북서향,20250410,"['4년이내', '융자금없는', '고층', '주차가능']",37.494717,126.888323
2519115785,일반상가,월세,1/2,300,"4,700",132,132,남서향,20250410,"['25년이상', '융자금없는', '역세권', '1층']",37.489029,126.885039
2519013477,단지내상가,월세,B1/10,120,"1,000",19,15,북향,20250410,"['25년이내', '지하층', '관리비10만원이하', '주차가능']",37.480429,126.898965
2518961216,단지내상가,매매,3/3,,10억,176,145,남동향,20250410,"['25년이상', '고층', '관리비20만원이하', '주차가능']",37.504823,126.885856
2519073923,일반상가,월세,1/5,230,"4,000",33,33,남서향,20250410,"['25년이상', '융자금없는', '역세권', '1층']",37.489789,126.888214
2519132022,복합상가,월세,1/10,120,"2,000",50,29,동향,20250410,"['25년이내', '1층', '관리비10만원이하', '주차가능']",37.499448,126.890956
2519133017,단지내상가,월세,3/14,230,"2,300",201,121,북서향,20250410,"['25년이내', '지상층(1층제외)', '주차가능', '엘리베이터']",37.483968,126.894127
2519047273,일반상가,월세,1/8,700,"1억 4,000",72,72,북향,20250410,"['4년이내', '1층', '주차가능', '북향']",37.494717,126.888323
2519083148,일반상가,월세,7/8,"1,000","1억 9,500",405,332,북서향,20250410,"['4년이내', '융자금없는', '고층', '주차가능']",37.494717,126.888323
2519033575,일반상가,월세,1/1,120,"2,000",26,17,북향,20250410,"['25년이상', '역세권', '1층', '북향']",37.491772,126.891494
2519016361,복합상가,월세,1/6,250,"3,000",60,56,북서향,20250410,"['10년이내', '1층', '주차가능', '북서향']",37.504464,126.886829
2518931980,일반상가,매매,1/4,,"1억 6,000",32,29,남동향,20250410,"['25년이상', '역세권', '1층', '주차가능']",37.486615,126.88684
2519022870,일반상가,월세,B1/3,275,"7,000",122,122,남동향,20250410,"['25년이상', '역세권', '지하층', '주차가능']",37.483886,126.90164
2518884438,일반상가,월세,4/8,"1,000",2억,601,561,북동향,20250410,"['25년이상', '융자금없는', '중층', '주차가능']",37.505042,126.876827
2519018031,일반상가,월세,1/4,300,"5,000",60,60,남동향,20250410,"['25년이상', '역세권', '1층', '총4층']",37.48806,126.884554
2519032241,복합상가,월세,1/32,160,"2,000",39,39,서향,20250410,"['25년이내', '1층', '주차가능', '서향']",37.501166,126.891399
2519027308,일반상가,월세,4/4,200,"4,000",132,132,남동향,20250410,"['25년이상', '역세권', '고층', '관리비20만원이하']",37.483886,126.90164
2519005185,단지내상가,월세,11/15,380,"3,800",108,66,서향,20250410,"['25년이내', '고층', '주차가능', '서향']",37.482124,126.89533
2518944695,일반상가,월세,1/10,650,"7,000",376,183,북향,20250410,"['25년이내', '융자금적은', '테라스', '역세권']",37.50334,126.88111
2518994186,복합상가,월세,1/18,140,"2,500",28,28,동향,20250410,"['15년이내', '1층', '관리비20만원이하', '주차가능']",37.482434,126.897041
2518918173,복합상가,월세,B1/36,550,"7,000",15,8,남향,20250410,"['25년이내', '융자금없는', '테라스', '역세권']",37.499921,126.884123
2519078357,일반상가,월세,1/14,350,"5,000",130,82,북동향,20250410,"['25년이내', '융자금적은', '1층', '주차가능']",37.486126,126.894665
2519127304,일반상가,월세,2/12,190,"2,000",169,102,남서향,20250410,"['25년이내', '지상층(1층제외)', '주차가능', '남서향']",37.484455,126.893296
2518933811,일반상가,월세,1/2,80,"1,000",19,19,북서향,20250410,"['25년이상', '역세권', '1층', '총2층']",37.485342,126.88605
2519005318,단지내상가,월세,2/20,100,"2,000",89,89,남향,20250410,"['25년이상', '지상층(1층제외)', '관리비20만원이하', '주차가능']",37.490291,126.876904
2518878729,일반상가,월세,3/3,110,"2,000",43,43,남동향,20250410,"['25년이상', '역세권', '고층', '총3층']",37.504908,126.891453
2518859926,단지내상가,월세,B1/25,75,"2,000",26,26,남향,20250410,"['25년이내', '융자금없는', '역세권', '지하층']",37.505707,126.89166
2518924968,일반상가,월세,B1/6,90,"2,000",107,107,동향,20250410,"['25년이상', '지하층', '동향']",37.502038,126.886794
2518908708,복합상가,월세,1/36,110,"1,000",68,54,북서향,20250410,"['25년이상', '1층', '주차가능', '북서향']",37.500381,126.889936
2518839916,단지내상가,월세,1/15,140,"2,000",46,23,남향,20250409,"['25년이내', '융자금적은', '역세권', '1층']",37.495887,126.872727
2518826940,일반상가,월세,1/21,800,2억,235,105,남향,20250409,"['25년이상', '1층', '주차가능', '남향']",37.495853,126.888821
2518649597,일반상가,월세,1/2,350,"6,000",39,39,남서향,20250409,"['25년이상', '역세권', '1층', '총2층']",37.483259,126.900123
2518709263,일반상가,월세,1/2,380,"4,000",67,67,남향,20250409,"['25년이상', '1층', '총2층', '남향']",37.490329,126.885872
2518759108,일반상가,월세,1/4,75,"1,000",51,27,동향,20250409,"['25년이상', '융자금없는', '1층', '관리비10만원이하']",37.503441,126.87649
2518758151,일반상가,월세,4/5,30,300,42,23,북동향,20250409,"['25년이상', '융자금없는', '고층', '관리비10만원이하']",37.506215,126.875341
2518638945,단지내상가,월세,1/2,70,"1,500",18,18,동향,20250409,"['25년이상', '융자금없는', '1층', '관리비10만원이하']",37.492989,126.877108
2518829279,일반상가,월세,1/5,120,"2,000",71,59,북동향,20250409,"['25년이내', '융자금없는', '역세권', '1층']",37.485117,126.886871
2518758652,일반상가,월세,B1/4,120,"1,200",403,227,남서향,20250409,"['25년이상', '지하층', '주차가능', '총4층']",37.503701,126.876156
2518642017,복합상가,월세,B1/15,500,"7,000",454,275,북서향,20250409,"['25년이내', '지하층', '주차가능', '엘리베이터']",37.481538,126.893448
2518671040,일반상가,월세,1/8,120,"2,000",33,33,동향,20250409,"['15년이내', '역세권', '1층', '관리비10만원이하']",37.491215,126.895154
2518837378,단지내상가,매매,1/3,,5억,38,19,남서향,20250409,"['25년이내', '역세권', '1층', '관리비10만원이하']",37.487749,126.891899
2518796365,일반상가,매매,2/8,,"13억 5,000",283,235,북서향,20250409,"['10년이내', '지상층(1층제외)', '주차가능', '북서향']",37.497813,126.884177
2518718765,일반상가,월세,2/15,65,"1,000",70,35,남향,20250409,"['25년이내', '지상층(1층제외)', '주차가능', '남향']",37.496142,126.889679
