articleNo,articleName,tradeTypeName,floorInfo,rentPrc,dealOrWarrantPrc,area1,area2,direction,articleConfirmYmd,tagList,latitude,longitude
2524648956,일반상가,월세,4/5,240,"3,000",99,52,남향,20250509,"['10년이내', '고층', '주차가능', '총5층']",37.491886,127.025252
2524622007,일반상가,월세,1/2,150,"2,000",36,36,남향,20250509,"['25년이상', '역세권', '1층', '총2층']",37.491292,127.017384
2524646488,단지내상가,월세,B1/5,400,"5,000",189,72,동향,20250509,"['4년이내', '지하층', '주차가능', '총5층']",37.488818,127.027669
2524609831,일반상가,월세,1/15,400,"5,000",26,26,동향,20250509,"['25년이내', '역세권', '1층', '주차가능']",37.495638,127.027093
2524608617,일반상가,월세,1/5,300,"4,000",99,89,북동향,20250509,"['25년이내', '1층', '주차가능', '엘리베이터']",37.487821,127.010353
2524609000,단지내상가,월세,1/5,480,"8,000",131,49,남향,20250509,"['10년이내', '1층', '주차가능', '엘리베이터']",37.488818,127.027669
2524611906,일반상가,월세,1/6,320,1억,118,79,남향,20250509,"['25년이상', '역세권', '1층', '주차가능']",37.492678,127.009414
2524613910,일반상가,월세,1/2,180,"4,000",36,34,남동향,20250509,"['25년이상', '역세권', '1층', '주차가능']",37.488234,127.008793
2524626065,일반상가,월세,2/5,664,"6,000",165,122,남동향,20250509,"['25년이상', '중층', '주차가능', '엘리베이터']",37.480189,127.011388
2524632942,일반상가,월세,B1/10,380,"6,000",330,154,동향,20250509,"['4년이내', '지하층', '주차가능', '엘리베이터']",37.481656,127.012217
2524620963,일반상가,매매,B1/14,,13억,281,176,남서향,20250509,"['25년이내', '역세권', '지하층', '주차가능']",37.492553,127.011007
2524626841,일반상가,월세,3/5,90,"1,000",375,346,서향,20250509,"['25년이상', '역세권', '중층', '주차가능']",37.488304,127.017193
2524625558,일반상가,월세,1/7,330,"6,000",149,128,서향,20250509,"['25년이상', '1층', '주차가능', '엘리베이터']",37.48166,127.012999
2524617566,일반상가,월세,1/6,260,"3,000",106,52,남동향,20250509,"['10년이내', '1층', '주차가능', '엘리베이터']",37.487025,127.00907
2524626286,일반상가,월세,2/4,330,"3,000",143,109,남동향,20250509,"['25년이상', '중층', '총4층', '남동향']",37.478849,127.008868
2524628012,일반상가,매매,1/13,,"26억 5,000",129,84,남향,20250509,"['25년이내', '역세권', '1층', '주차가능']",37.492955,127.028697
2524625950,일반상가,월세,3/5,799,1억,440,323,남동향,20250509,"['25년이상', '중층', '주차가능', '총5층']",37.480189,127.011388
2524626147,일반상가,월세,1/5,600,"5,000",292,290,서향,20250509,"['25년이상', '1층', '총5층', '서향']",37.480874,127.011682
2524631855,단지내상가,월세,5/5,300,"5,000",79,50,남향,20250509,"['4년이내', '고층', '주차가능', '엘리베이터']",37.488818,127.027669
2524618036,일반상가,월세,1/4,480,"5,000",71,66,남향,20250509,"['25년이상', '역세권', '1층', '관리비20만원이하']",37.492616,127.009214
2524615303,일반상가,월세,1/5,160,"2,000",30,30,동향,20250509,"['25년이상', '역세권', '1층', '관리비20만원이하']",37.492855,127.009237
2524637614,일반상가,월세,1/4,60,"1,000",26,26,동향,20250509,"['25년이상', '융자금없는', '역세권', '1층']",37.489789,127.012117
2524616413,복합상가,월세,2/20,110,"2,000",67,29,북서향,20250509,"['25년이내', '역세권', '지상층(1층제외)', '관리비20만원이하']",37.491572,127.00834
2524638046,일반상가,월세,1/5,600,"8,000",100,76,동향,20250509,"['25년이상', '역세권', '1층', '주차가능']",37.486808,127.032506
2524617338,일반상가,월세,1/12,"2,850",10억,168,90,남서향,20250509,"['10년이내', '역세권', '1층', '주차가능']",37.50185,127.024651
2524626217,일반상가,월세,2/5,"1,518",2억,289,245,남동향,20250509,"['25년이상', '중층', '주차가능', '엘리베이터']",37.480189,127.011388
2524625756,일반상가,월세,4/5,620,1억,261,261,서향,20250509,"['25년이상', '고층', '엘리베이터', '총5층']",37.480874,127.011682
2524677970,일반상가,월세,3/4,350,"4,000",176,165,북향,20250509,"['25년이상', '고층', '주차가능', '총4층']",37.482886,127.006417
2524679825,복합상가,월세,1/21,320,"5,000",99,43,서향,20250509,"['25년이내', '역세권', '1층', '주차가능']",37.484059,127.01735
2524653995,일반상가,월세,1/4,"2,000",3억,433,146,북향,20250509,"['25년이상', '역세권', '1층', '주차가능']",37.484392,127.014476
2524653982,단지내상가,월세,B1/5,300,"4,000",72,33,북향,20250509,"['10년이내', '지하층', '주차가능', '총5층']",37.491841,127.027184
2524677418,일반상가,월세,2/4,380,"4,000",176,165,북향,20250509,"['25년이상', '중층', '주차가능', '총4층']",37.482886,127.006417
2524671399,일반상가,월세,2/5,260,"7,000",211,78,북향,20250509,"['25년이상', '역세권', '중층', '주차가능']",37.494055,127.008207
2524655430,일반상가,월세,3/4,350,"4,000",176,150,북향,20250509,"['25년이상', '융자금적은', '고층', '주차가능']",37.482886,127.006417
2524665664,일반상가,월세,1/3,100,"1,000",33,23,북향,20250509,"['25년이상', '융자금없는', '1층', '총3층']",37.488938,127.017202
2524661263,일반상가,월세,1/4,250,"3,000",91,91,북향,20250509,"['25년이상', '역세권', '1층', '천장에어컨']",37.493887,127.016735
2524656501,일반상가,월세,1/4,"1,000",1억,341,273,북향,20250509,"['25년이내', '1층', '주차가능', '엘리베이터']",37.489588,127.019455
2524639903,일반상가,월세,1/7,450,"7,000",115,102,동향,20250509,"['2년이내', '1층', '주차가능', '엘리베이터']",37.488439,127.016824
2524646335,일반상가,매매,2/19,,"18억 6,000",200,151,동향,20250509,"['4년이내', '역세권', '급매', '지상층(1층제외)']",37.487933,127.013837
2524655749,일반상가,월세,1/5,800,"10억 5,000",557,344,남동향,20250509,"['25년이상', '역세권', '1층', '주차가능']",37.485194,127.015374
2524647118,단지내상가,월세,B1/5,110,"2,000",25,19,북향,20250509,"['4년이내', '지하층', '주차가능', '총5층']",37.488818,127.027669
2524650878,일반상가,월세,1/15,800,1억,317,133,남동향,20250509,"['10년이내', '역세권', '1층', '주차가능']",37.48529,127.013628
2524649824,일반상가,월세,1/4,330,"3,000",156,99,서향,20250509,"['10년이내', '역세권', '1층', '주차가능']",37.493513,127.007867
2524655713,일반상가,매매,4/5,,11억,111,55,남향,20250509,"['10년이내', '고층', '주차가능', '천장에어컨']",37.491886,127.025252
2524641612,일반상가,월세,7/13,700,1억,286,181,동향,20250509,"['25년이내', '역세권', '중층', '주차가능']",37.498595,127.026221
2524626803,복합상가,월세,B1/14,50,"1,000",33,19,북향,20250509,"['25년이내', '역세권', '지하층', '관리비20만원이하']",37.493098,127.013494
2524664945,일반상가,월세,2/6,650,1억,177,153,남동향,20250509,"['25년이내', '역세권', '지상층(1층제외)', '주차가능']",37.490212,127.013491
2524657056,단지내상가,월세,1/5,350,"4,000",60,12,동향,20250509,"['4년이내', '융자금없는', '1층', '주차가능']",37.488818,127.027669
2524656480,단지내상가,매매,4/5,,"8억 5,000",106,40,동향,20250509,"['4년이내', '고층', '주차가능', '총5층']",37.488818,127.027669
2524627699,일반상가,월세,1/5,"1,080","1억 5,000",219,154,북향,20250509,"['25년이상', '역세권', '1층', '주차가능']",37.488295,127.015086
2524657570,단지내상가,월세,1/5,200,"3,000",46,20,북동향,20250509,"['10년이내', '1층', '주차가능', '총5층']",37.491841,127.027184
2524646723,단지내상가,월세,4/5,230,"4,000",32,12,동향,20250509,"['4년이내', '고층', '주차가능', '총5층']",37.488818,127.027669
2524303146,일반상가,월세,1/14,"1,000",1억,97,31,남향,20250508,"['25년이내', '융자금적은', '역세권', '1층']",37.497954,127.026535
2524309454,일반상가,월세,1/5,550,"5,000",126,96,북향,20250508,"['25년이상', '1층', '주차가능', '엘리베이터']",37.487758,127.026544
2524305730,일반상가,월세,1/6,270,"5,000",218,75,남향,20250508,"['25년이내', '융자금없는', '1층', '주차가능']",37.488687,127.012452
2524309055,일반상가,월세,4/17,1억 528,"10억 5,280",1513,962,동향,20250508,"['2년이내', '역세권', '지상층(1층제외)', '주차가능']",37.503111,127.024432
2524551477,단지내상가,월세,전체층/15,200,"2,000",88,53,동향,20250508,"['25년이내', '역세권', '주차가능', '동향']",37.491587,127.029971
2524578230,일반상가,월세,1/5,"1,080","1억 5,000",240,152,북향,20250508,"['25년이상', '융자금없는', '역세권', '1층']",37.488295,127.015086
2524453582,복합상가,매매,2/20,,"7억 8,000",82,33,서향,20250508,"['10년이내', '역세권', '지상층(1층제외)', '관리비20만원이하']",37.49196,127.028816
2524454365,단지내상가,월세,2/5,120,"2,000",45,21,북서향,20250508,"['10년이내', '융자금없는', '중층', '관리비20만원이하']",37.491841,127.027184
2524568986,단지내상가,월세,1/5,200,"3,000",63,24,서향,20250508,"['4년이내', '1층', '관리비20만원이하', '주차가능']",37.488818,127.027669
2524448776,일반상가,월세,7/7,220,"3,000",132,85,남향,20250508,"['25년이내', '역세권', '고층', '주차가능']",37.486458,127.029446
2524588291,단지내상가,매매,2/4,,"8억 8,000",69,69,동향,20250508,"['25년이상', '역세권', '중층', '주차가능']",37.501784,127.022447
2524586134,일반상가,월세,1/4,300,"6,000",95,95,동향,20250508,"['25년이상', '융자금없는', '1층', '관리비10만원이하']",37.482876,127.007239
2524456592,일반상가,월세,1/4,160,"1,000",36,29,남향,20250508,"['25년이상', '1층', '관리비10만원이하', '주차가능']",37.486602,127.00757
2524524912,일반상가,월세,1/14,550,1억,62,31,서향,20250508,"['15년이내', '역세권', '1층', '관리비20만원이하']",37.501134,127.024369
2524483495,일반상가,월세,B1/7,624,"9,300",194,194,남향,20250508,"['10년이내', '역세권', '지하층', '주차가능']",37.490416,127.010049
2524454712,일반상가,월세,1/15,350,"7,000",93,51,동향,20250508,"['25년이내', '역세권', '1층', '주차가능']",37.492142,127.029105
2524513209,일반상가,월세,1/5,330,"5,000",137,89,남향,20250508,"['25년이상', '역세권', '1층', '주차가능']",37.486819,127.016353
2524455398,일반상가,월세,B1/12,220,"3,000",237,82,서향,20250508,"['15년이내', '역세권', '지하층', '주차가능']",37.491411,127.014401
2524496245,일반상가,월세,1/6,300,"5,000",93,82,북향,20250508,"['25년이상', '역세권', '1층', '주차가능']",37.491153,127.012359
2524513187,일반상가,월세,B1/5,200,"3,000",187,76,남향,20250508,"['25년이상', '역세권', '지하층', '주차가능']",37.493763,127.009618
2524455093,단지내상가,월세,B1/5,70,"1,000",19,10,남향,20250508,"['10년이내', '융자금없는', '지하층', '관리비10만원이하']",37.491841,127.027184
2524365102,일반상가,월세,B1/4,800,1억,243,213,동향,20250508,"['25년이상', '역세권', '지하층', '주차가능']",37.503181,127.022897
2524360766,일반상가,월세,3/14,"3,064","3억 6,784",570,462,동향,20250508,"['2년이내', '역세권', '지상층(1층제외)', '주차가능']",37.495303,127.027876
2524360050,일반상가,월세,5/14,"3,064","3억 6,784",570,462,동향,20250508,"['2년이내', '역세권', '중층', '주차가능']",37.495303,127.027876
2524367335,일반상가,월세,1/4,400,"8,000",91,79,남서향,20250508,"['25년이상', '역세권', '1층', '주차가능']",37.484562,127.018958
2524395403,단지내상가,월세,1/2,300,"5,000",165,74,동향,20250508,"['25년이내', '1층', '주차가능', '엘리베이터']",37.485718,127.01158
2524360240,일반상가,월세,1/4,350,"5,000",165,115,북향,20250508,"['25년이상', '역세권', '1층', '주차가능']",37.484442,127.020876
2524361164,일반상가,매매,2/19,,28억,396,177,,20250508,"['25년이상', '지상층(1층제외)', '주차가능', '천장에어컨']",37.484208,127.009979
2524401692,일반상가,월세,9/19,"3,169","3억 1,690",477,321,동향,20250508,"['2년이내', '역세권', '중층', '주차가능']",37.498459,127.026712
2524321668,일반상가,월세,1/15,260,"5,000",63,34,동향,20250508,"['25년이내', '역세권', '1층', '관리비20만원이하']",37.492503,127.02893
2524359044,일반상가,월세,6/7,210,"5,000",122,79,북동향,20250508,"['25년이상', '역세권', '고층', '주차가능']",37.494959,127.01493
2524312992,일반상가,월세,1/5,430,"4,000",142,119,북서향,20250508,"['25년이상', '1층', '주차가능', '총5층']",37.481819,127.010384
2524417050,일반상가,월세,3/6,150,"1,500",49,39,북동향,20250508,"['25년이상', '중층', '주차가능', '엘리베이터']",37.487758,127.026544
2524432818,일반상가,월세,1/4,600,"8,000",125,110,동향,20250508,"['10년이내', '역세권', '1층', '주차가능']",37.489282,127.013628
2524447534,일반상가,월세,4/12,610,"8,000",169,169,남서향,20250508,"['25년이내', '역세권', '지상층(1층제외)', '주차가능']",37.500998,127.025093
2524429329,일반상가,월세,B1/6,180,"2,000",103,103,남동향,20250508,"['25년이내', '융자금없는', '역세권', '지하층']",37.490566,127.010396
2524435990,일반상가,월세,1/5,210,"3,000",34,27,북향,20250508,"['25년이상', '역세권', '1층', '총5층']",37.487733,127.031707
2524445950,일반상가,월세,B1/5,230,"3,000",124,115,동향,20250508,"['25년이내', '역세권', '지하층', '관리비20만원이하']",37.492826,127.016148
2524434470,일반상가,월세,B1/7,"2,780","3억 3,360",707,600,북동향,20250508,"['4년이내', '융자금없는', '테라스', '역세권']",37.491837,127.012909
2524411529,일반상가,월세,1/4,150,"2,400",298,49,북서향,20250508,"['25년이상', '융자금적은', '1층', '주차가능']",37.483819,127.020846
2524360403,일반상가,월세,1/20,"2,000",3억,140,67,동향,20250508,"['25년이내', '역세권', '1층', '주차가능']",37.494794,127.028594
2524360327,일반상가,월세,1/5,210,"3,000",27,27,남향,20250508,"['25년이상', '역세권', '1층', '총5층']",37.487733,127.031707
2524375688,일반상가,월세,3/4,350,"6,000",144,122,동향,20250508,"['25년이상', '역세권', '고층', '주차가능']",37.491638,127.029337
2524361815,일반상가,월세,1/4,200,"2,000",100,99,남향,20250508,"['25년이상', '1층', '주차가능', '총4층']",37.48433,127.021811
2524406790,단지내상가,월세,7/13,750,1억,181,181,동향,20250508,"['25년이내', '융자금적은', '역세권', '중층']",37.498595,127.026221
2524399732,일반상가,월세,3/21,740,1억,431,204,동향,20250508,"['25년이상', '융자금적은', '역세권', '지상층(1층제외)']",37.496796,127.027639
2524390416,일반상가,월세,11/13,"1,200",1억,210,181,동향,20250508,"['10년이내', '융자금적은', '역세권', '고층']",37.498368,127.026438
2524386418,일반상가,월세,2/5,350,"5,000",244,198,동향,20250508,"['25년이상', '융자금없는', '중층', '주차가능']",37.487671,127.028372
2524473729,일반상가,월세,B1/5,50,300,24,14,남향,20250508,"['25년이상', '지하층', '관리비20만원이하', '주차가능']",37.499951,127.017458
2524474114,일반상가,매매,B1/5,,"1억 6,000",25,15,서향,20250508,"['25년이상', '지하층', '관리비10만원이하', '주차가능']",37.499951,127.017458
2524455227,일반상가,월세,1/6,276,"3,000",180,76,북향,20250508,"['25년이내', '1층', '주차가능', '북향']",37.488687,127.012452
2524453327,일반상가,월세,1/5,525,"6,500",149,125,서향,20250508,"['25년이내', '역세권', '1층', '주차가능']",37.492922,127.014766
2524443092,일반상가,월세,B1/5,"1,000",2억,526,429,서향,20250508,"['25년이상', '역세권', '지하층', '주차가능']",37.492092,127.014281
2524414911,일반상가,월세,B1/5,"1,000","1억 5,000",168,168,남향,20250508,"['25년이상', '역세권', '지하층', '총5층']",37.502007,127.025266
2524447383,일반상가,월세,1/5,500,1억,99,94,남향,20250508,"['25년이상', '융자금없는', '역세권', '1층']",37.491645,127.010283
2524434769,일반상가,월세,1/3,170,"1,500",49,41,북향,20250508,"['25년이상', '역세권', '1층', '관리비10만원이하']",37.487281,127.031051
2524444452,일반상가,월세,1/19,540,"9,000",118,75,남향,20250508,"['25년이내', '역세권', '1층', '주차가능']",37.494283,127.01437
2524413602,일반상가,월세,2/15,"1,200","1억 5,000",436,281,동향,20250508,"['25년이내', '융자금없는', '역세권', '지상층(1층제외)']",37.493232,127.028738
2524429715,일반상가,월세,7/13,700,1억,287,181,남향,20250508,"['25년이내', '융자금없는', '역세권', '중층']",37.498595,127.026221
2524435974,일반상가,월세,B1/15,150,"2,000",181,115,동향,20250508,"['25년이상', '역세권', '지하층', '주차가능']",37.487319,127.014465
2524432292,일반상가,월세,1/18,304,1억,98,50,남향,20250508,"['25년이내', '역세권', '1층', '주차가능']",37.492018,127.009631
2524441914,일반상가,월세,1/5,"1,800","2억 5,000",314,181,서향,20250508,"['25년이상', '역세권', '1층', '주차가능']",37.492092,127.014281
2524410896,일반상가,월세,1/13,660,"7,000",114,114,남동향,20250508,"['25년이내', '역세권', '1층', '주차가능']",37.50323,127.023577
2524444808,일반상가,월세,1/6,270,"5,000",180,59,북향,20250508,"['25년이내', '1층', '주차가능', '북향']",37.488687,127.012452
2524474539,단지내상가,월세,1/3,220,"2,000",43,22,북서향,20250508,"['25년이내', '1층', '주차가능', '총3층']",37.49856,127.018898
2524477284,단지내상가,매매,1/16,,19억,109,59,남서향,20250508,"['25년이내', '역세권', '1층', '주차가능']",37.491594,127.014523
2524477855,일반상가,월세,B2/18,"3,200","4억 8,000",1130,799,남향,20250508,"['25년이내', '역세권', '지하층', '주차가능']",37.492018,127.009631
2524469393,일반상가,월세,B1/1,400,"6,000",169,93,남향,20250508,"['10년이내', '융자금없는', '역세권', '지하층']",37.490331,127.005772
2524473695,일반상가,월세,1/1,370,"5,000",90,50,북향,20250508,"['10년이내', '역세권', '1층', '주차가능']",37.490331,127.005772
2524336333,복합상가,매매,1/12,,"32억 6,736",90,41,남서향,20250508,"['4년이내', '역세권', '1층', '주차가능']",37.494395,127.027689
2524453957,일반상가,월세,2/10,700,"8,000",300,200,북향,20250508,"['25년이내', '역세권', '지상층(1층제외)', '주차가능']",37.493477,127.015449
2524476071,일반상가,월세,B1/7,410,"8,000",360,264,남향,20250508,"['25년이내', '역세권', '지하층', '주차가능']",37.486458,127.029446
2524467298,단지내상가,매매,1/20,,10억,79,33,남서향,20250508,"['10년이내', '역세권', '1층', '관리비20만원이하']",37.49196,127.028816
2524456276,일반상가,월세,B1/9,950,2억,423,363,동향,20250508,"['25년이상', '역세권', '지하층', '주차가능']",37.492982,127.01241
2524500743,일반상가,월세,3/14,"3,065","3억 6,784",460,460,동향,20250508,"['2년이내', '역세권', '지상층(1층제외)', '주차가능']",37.495303,127.027876
2524472977,일반상가,매매,B1/5,,"3억 2,000",70,43,남향,20250508,"['25년이상', '지하층', '관리비20만원이하', '주차가능']",37.499951,127.017458
2524455011,일반상가,월세,1/5,300,"4,000",116,100,북향,20250508,"['25년이내', '역세권', '1층', '주차가능']",37.493866,127.016561
2524451416,일반상가,월세,2/5,460,"6,000",164,78,남동향,20250508,"['25년이상', '역세권', '중층', '주차가능']",37.49047,127.013751
2524479502,단지내상가,월세,1/6,140,"2,000",59,46,북서향,20250508,"['25년이상', '1층', '주차가능', '엘리베이터']",37.486971,127.026326
2524504100,일반상가,월세,1/4,330,"3,000",117,96,서향,20250508,"['10년이내', '역세권', '1층', '주차가능']",37.493513,127.007867
2524515187,일반상가,월세,1/4,390,"4,500",93,76,동향,20250508,"['25년이내', '역세권', '1층', '주차가능']",37.503282,127.022107
2524518097,일반상가,월세,1/18,305,1억,50,46,남향,20250508,"['25년이내', '역세권', '1층', '주차가능']",37.492018,127.009631
2524509075,일반상가,월세,B1/14,800,1억,524,343,북향,20250508,"['2년이내', '역세권', '지하층', '주차가능']",37.494538,127.014822
2524402482,일반상가,월세,1/5,320,"5,000",72,70,서향,20250508,"['25년이상', '1층', '주차가능', '총5층']",37.487408,127.027041
2524517787,일반상가,월세,1/4,350,"5,000",66,52,서향,20250508,"['25년이내', '역세권', '1층', '관리비20만원이하']",37.493056,127.016287
2524526293,일반상가,월세,1/4,600,"8,000",125,105,동향,20250508,"['10년이내', '역세권', '1층', '주차가능']",37.489282,127.013628
2524509159,일반상가,월세,B1/14,800,1억,343,343,남향,20250508,"['2년이내', '역세권', '지하층', '주차가능']",37.494538,127.014822
2524514764,일반상가,월세,2/6,300,"4,000",114,105,북향,20250508,"['25년이상', '역세권', '지상층(1층제외)', '주차가능']",37.487377,127.031375
2524512501,일반상가,월세,B1/13,460,"8,000",385,280,북향,20250508,"['25년이내', '지하층', '주차가능', '북향']",37.487661,127.012957
2524511773,일반상가,월세,1/7,"1,420","3억 3,000",271,214,서향,20250508,"['25년이내', '역세권', '1층', '주차가능']",37.488896,127.009446
2524510751,일반상가,월세,B1/5,210,"3,000",148,132,남동향,20250508,"['25년이내', '역세권', '지하층', '주차가능']",37.49095,127.012286
2524511704,일반상가,월세,3/14,"1,532","1억 8,392",230,230,동향,20250508,"['2년이내', '역세권', '지상층(1층제외)', '주차가능']",37.495303,127.027876
2524518334,일반상가,월세,1/7,250,"5,000",39,39,남서향,20250508,"['25년이상', '역세권', '1층', '주차가능']",37.503168,127.021773
2524512191,일반상가,월세,1/15,280,"3,000",37,37,북동향,20250508,"['25년이내', '역세권', '1층', '주차가능']",37.492503,127.02893
2524527714,일반상가,월세,1/5,250,"3,000",142,49,북향,20250508,"['25년이내', '역세권', '1층', '주차가능']",37.49294,127.015336
2524529671,일반상가,월세,1/9,300,"6,000",95,59,서향,20250508,"['25년이내', '역세권', '1층', '주차가능']",37.485522,127.031727
2524555617,단지내상가,월세,1/14,500,1억,31,31,서향,20250508,"['15년이내', '역세권', '1층', '관리비20만원이하']",37.501134,127.024369
2524529188,일반상가,월세,1/7,"1,420","3억 3,000",271,212,서향,20250508,"['25년이내', '역세권', '1층', '주차가능']",37.488896,127.009446
2524542363,일반상가,월세,1/4,"3,800",6억,545,382,북동향,20250508,"['25년이상', '역세권', '1층', '주차가능']",37.484392,127.014476
2524527089,일반상가,월세,1/19,430,"5,000",99,36,남향,20250508,"['25년이상', '역세권', '1층', '주차가능']",37.496022,127.025282
2524526596,일반상가,월세,B1/7,500,1억,413,335,서향,20250508,"['25년이상', '역세권', '지하층', '주차가능']",37.489497,127.009228
2524528285,일반상가,월세,B1/5,450,"8,000",100,100,동향,20250508,"['25년이상', '역세권', '지하층', '주차가능']",37.485165,127.033305
2524538755,일반상가,월세,1/5,500,"7,000",66,66,남향,20250508,"['25년이상', '역세권', '1층', '주차가능']",37.491415,127.011687
2524541312,일반상가,월세,1/4,"1,800",3억,335,235,북동향,20250508,"['25년이상', '역세권', '1층', '주차가능']",37.484392,127.014476
2524540340,일반상가,월세,2/8,"4,100",6억,902,674,동향,20250508,"['25년이상', '역세권', '지상층(1층제외)', '주차가능']",37.486571,127.014031
2524540727,일반상가,월세,1/9,"1,400","2억 5,000",193,80,동향,20250508,"['25년이상', '역세권', '1층', '주차가능']",37.494538,127.02823
2524511117,일반상가,월세,1/6,450,1억,194,49,동향,20250508,"['25년이상', '역세권', '1층', '주차가능']",37.489071,127.014241
2524509507,일반상가,월세,B1/5,"4,000","6억 5,000",1141,1000,남향,20250508,"['25년이상', '역세권', '지하층', '주차가능']",37.492572,127.007969
2524505668,일반상가,월세,3/8,420,"6,000",158,125,북향,20250508,"['25년이상', '역세권', '중층', '주차가능']",37.494487,127.017333
2524510013,일반상가,월세,B1/9,400,"8,000",262,198,북향,20250508,"['25년이상', '역세권', '지하층', '주차가능']",37.492724,127.01132
2524583098,일반상가,월세,B2/6,"1억 2,000",15억,2382,2200,서향,20250508,"['25년이내', '역세권', '지하층', '주차가능']",37.487517,127.010247
2524557292,단지내상가,월세,B1/2,"1,100","1억 5,000",441,300,동향,20250508,"['25년이내', '지하층', '주차가능', '총2층']",37.485718,127.01158
2524563464,일반상가,월세,1/6,441,"4,000",119,119,남향,20250508,"['25년이내', '테라스', '역세권', '1층']",37.490173,127.013162
2524585549,일반상가,월세,1/6,"2,000",2억,220,220,남서향,20250508,"['25년이상', '역세권', '1층', '주차가능']",37.489812,127.009075
2524556443,일반상가,월세,1/5,160,"2,000",53,30,동향,20250508,"['25년이상', '역세권', '1층', '관리비20만원이하']",37.492855,127.009237
2524310760,일반상가,월세,17/17,"6,194","6억 1,941",890,522,동향,20250508,"['2년이내', '역세권', '고층', '주차가능']",37.503111,127.024432
2524312879,일반상가,월세,B1/15,"1,000",2억,254,190,북향,20250508,"['10년이내', '융자금적은', '역세권', '지하층']",37.493096,127.029493
2524319576,일반상가,월세,1/13,"1,720",7억,118,63,서향,20250508,"['15년이내', '역세권', '1층', '주차가능']",37.500034,127.02599
2524321573,일반상가,월세,7/13,"2,351","2억 3,518",380,284,북서향,20250508,"['25년이상', '역세권', '중층', '주차가능']",37.503843,127.023508
2524351892,단지내상가,월세,1/10,70,"1,000",33,33,서향,20250508,"['25년이상', '역세권', '1층', '주차가능']",37.485803,127.015161
2524358837,일반상가,월세,1/7,480,1억,100,82,동향,20250508,"['25년이상', '융자금없는', '역세권', '1층']",37.489772,127.014107
2524324746,일반상가,월세,5/13,"1,200",1억,210,181,동향,20250508,"['10년이내', '융자금적은', '역세권', '중층']",37.498368,127.026438
2524317033,일반상가,월세,1/4,200,"2,000",33,33,남향,20250508,"['25년이상', '융자금없는', '역세권', '1층']",37.485264,127.01849
2524314454,일반상가,월세,1/5,200,"2,000",128,13,동향,20250508,"['25년이상', '역세권', '1층', '총5층']",37.493763,127.009618
2524311136,일반상가,월세,1/10,"1,000","1억 5,000",154,75,동향,20250508,"['25년이상', '역세권', '1층', '주차가능']",37.500415,127.024811
2524357275,일반상가,월세,7/7,221,"3,000",112,72,북동향,20250508,"['25년이상', '역세권', '고층', '주차가능']",37.494959,127.01493
2524356903,일반상가,월세,1/6,440,"4,000",135,119,서향,20250508,"['25년이상', '역세권', '1층', '주차가능']",37.48476,127.018883
2524378355,단지내상가,월세,1/15,370,"6,000",62,34,북향,20250508,"['25년이내', '융자금적은', '역세권', '1층']",37.492142,127.029105
2524403414,일반상가,월세,2/4,700,"1억 2,000",288,244,동향,20250508,"['25년이상', '역세권', '중층', '주차가능']",37.491638,127.029337
2524359468,일반상가,월세,1/15,360,"4,300",39,23,서향,20250508,"['10년이내', '역세권', '1층', '주차가능']",37.499743,127.025584
2524388195,일반상가,월세,B1/5,180,"2,000",117,99,북동향,20250508,"['25년이상', '융자금없는', '지하층', '관리비20만원이하']",37.48676,127.027036
2524382916,일반상가,월세,5/13,"1,200",1억,210,165,동향,20250508,"['10년이내', '융자금없는', '역세권', '중층']",37.498368,127.026438
2524418805,단지내상가,매매,1/5,,11억,60,23,서향,20250508,"['4년이내', '1층', '관리비20만원이하', '주차가능']",37.488818,127.027669
2524379055,일반상가,월세,B1/7,450,"5,000",312,291,서향,20250508,"['25년이상', '융자금없는', '역세권', '지하층']",37.485635,127.029778
2524405644,일반상가,월세,2/10,400,"5,000",151,82,남동향,20250508,"['25년이상', '역세권', '지상층(1층제외)', '주차가능']",37.500373,127.024669
2524334810,일반상가,월세,1/15,450,1억,87,42,북향,20250508,"['25년이내', '역세권', '1층', '주차가능']",37.495419,127.020252
2524504433,일반상가,월세,B1/5,"1,500","2억 4,700",587,482,남향,20250508,"['25년이상', '역세권', '지하층', '주차가능']",37.493651,127.011836
2524567679,일반상가,월세,1/2,600,"8,000",79,79,동향,20250508,"['25년이상', '1층', '총2층', '동향']",37.482749,127.007226
2524360780,일반상가,월세,B1/5,420,"5,000",248,248,북향,20250508,"['25년이상', '역세권', '지하층', '총5층']",37.49567,127.015161
2524306060,일반상가,월세,2/4,350,"6,000",144,122,동향,20250508,"['25년이상', '융자금없는', '역세권', '중층']",37.491638,127.029337
2524302078,일반상가,월세,1/6,276,"5,000",76,76,서향,20250508,"['25년이내', '1층', '주차가능', '서향']",37.488687,127.012452
2524313081,일반상가,월세,B1/5,170,"3,000",190,181,북동향,20250508,"['25년이상', '지하층', '관리비20만원이하', '주차가능']",37.480082,127.005988
2524315621,일반상가,월세,2/5,250,"3,000",66,66,남향,20250508,"['25년이상', '중층', '주차가능', '총5층']",37.488448,127.030355
2524321788,일반상가,월세,1/5,60,500,6,6,남향,20250508,"['2년이내', '역세권', '1층', '관리비10만원이하']",37.490318,127.011936
2524587240,단지내상가,월세,2/20,105,"2,000",67,9,서향,20250508,"['25년이내', '역세권', '지상층(1층제외)', '관리비20만원이하']",37.491572,127.00834
2524588294,일반상가,월세,2/5,390,1억,176,158,남서향,20250508,"['25년이상', '역세권', '중층', '주차가능']",37.492379,127.014864
2524563177,일반상가,월세,1/5,500,1억,89,89,남동향,20250508,"['25년이상', '역세권', '1층', '주차가능']",37.491645,127.010283
2524543741,일반상가,월세,1/4,"2,000",3억,209,146,북동향,20250508,"['25년이상', '역세권', '1층', '주차가능']",37.484392,127.014476
2524527354,일반상가,월세,1/7,700,"1억 5,000",142,118,동향,20250508,"['25년이내', '역세권', '1층', '주차가능']",37.490368,127.013962
2524549216,일반상가,월세,1/12,700,"1억 1,000",86,49,동향,20250508,"['25년이내', '역세권', '1층', '주차가능']",37.500998,127.025093
2524536336,일반상가,월세,1/5,650,"1억 2,000",132,132,남향,20250508,"['25년이상', '역세권', '1층', '주차가능']",37.492297,127.010915
2524526536,일반상가,월세,1/6,500,"7,000",85,63,북향,20250508,"['25년이상', '역세권', '1층', '주차가능']",37.491415,127.011687
2524537701,단지내상가,월세,1/20,"1,200",2억,80,38,동향,20250508,"['25년이내', '역세권', '1층', '주차가능']",37.494794,127.028594
2524552670,단지내상가,월세,1/14,"1,600",2억,149,149,서향,20250508,"['15년이내', '역세권', '1층', '주차가능']",37.501134,127.024369
2524533049,일반상가,월세,1/4,400,"4,000",89,89,북향,20250508,"['25년이상', '역세권', '1층', '주차가능']",37.485264,127.01849
2524596546,일반상가,월세,5/6,800,"1억 5,000",281,281,동향,20250508,"['25년이상', '역세권', '고층', '엘리베이터']",37.501403,127.024901
2524592791,일반상가,월세,1/5,270,"3,000",82,50,남동향,20250508,"['2년이내', '역세권', '1층', '주차가능']",37.483616,127.012854
2524602316,단지내상가,월세,1/5,260,"5,000",65,24,남향,20250508,"['4년이내', '1층', '관리비20만원이하', '주차가능']",37.488818,127.027669
2524590077,일반상가,월세,1/5,600,1억,145,145,남동향,20250508,"['25년이상', '역세권', '1층', '주차가능']",37.485748,127.021298
2524592245,일반상가,월세,1/3,600,"7,000",106,91,남동향,20250508,"['25년이상', '1층', '주차가능', '총3층']",37.488742,127.016502
2524591163,일반상가,월세,2/3,180,"3,000",66,56,남동향,20250508,"['25년이상', '역세권', '중층', '천장에어컨']",37.48528,127.013906
2524589190,일반상가,월세,1/5,140,"2,000",38,38,남동향,20250508,"['25년이내', '1층', '관리비20만원이하', '주차가능']",37.484855,127.021714
2524443954,일반상가,월세,B1/7,410,"7,000",360,247,남향,20250508,"['25년이내', '역세권', '지하층', '주차가능']",37.486458,127.029446
2524369130,일반상가,월세,1/5,"1,080","1억 5,000",219,152,북향,20250508,"['25년이상', '역세권', '1층', '주차가능']",37.488295,127.015086
2524439699,복합상가,월세,1/15,280,"3,000",37,37,동향,20250508,"['25년이내', '역세권', '1층', '주차가능']",37.492142,127.029105
2524429098,일반상가,월세,2/8,"1,450",2억,231,231,남동향,20250508,"['15년이내', '역세권', '지상층(1층제외)', '주차가능']",37.500521,127.024959
2524387508,일반상가,월세,B1/6,350,"5,000",286,247,북향,20250508,"['25년이내', '융자금없는', '역세권', '지하층']",37.484519,127.030372
2524419213,단지내상가,월세,B1/5,250,"5,000",152,58,남향,20250508,"['4년이내', '융자금없는', '지하층', '주차가능']",37.488818,127.027669
2524583549,일반상가,월세,1/5,"1,080","1억 5,000",219,158,북향,20250508,"['25년이상', '역세권', '1층', '주차가능']",37.488295,127.015086
2524587664,일반상가,매매,1/15,,22억,130,65,북향,20250508,"['25년이내', '역세권', '1층', '주차가능']",37.484202,127.013714
2524383731,일반상가,월세,9/13,"1,200",1억,210,165,동향,20250508,"['10년이내', '융자금없는', '역세권', '고층']",37.498368,127.026438
2524427260,일반상가,월세,B1/14,800,"8,000",243,213,서향,20250508,"['25년이상', '역세권', '지하층', '주차가능']",37.50331,127.022836
2524443736,일반상가,월세,1/2,360,"4,000",151,125,북향,20250508,"['25년이내', '역세권', '1층', '주차가능']",37.486889,127.019888
2524408025,일반상가,월세,1/6,140,"2,000",52,46,남서향,20250508,"['25년이상', '1층', '주차가능', '엘리베이터']",37.486971,127.026326
2524410416,단지내상가,매매,2/5,,"4억 5,000",130,79,북향,20250508,"['25년이내', '중층', '관리비20만원이하', '주차가능']",37.486824,127.028399
2524443857,단지내상가,매매,2/15,,"7억 9,000",88,53,동향,20250508,"['25년이내', '역세권', '급매', '지상층(1층제외)']",37.491587,127.029971
2524595638,일반상가,월세,1/8,"1,640","2억 4,600",349,254,동향,20250508,"['10년이내', '역세권', '1층', '주차가능']",37.489545,127.008441
2524562966,일반상가,월세,1/4,180,"2,000",49,33,북향,20250508,"['25년이상', '역세권', '1층', '관리비10만원이하']",37.488345,127.015268
2524581245,일반상가,월세,1/5,550,"5,000",150,126,북동향,20250508,"['25년이상', '1층', '주차가능', '천장에어컨']",37.487758,127.026544
2524569420,단지내상가,월세,3/5,230,"4,000",106,40,남향,20250508,"['4년이내', '중층', '관리비20만원이하', '주차가능']",37.488818,127.027669
2524580509,일반상가,월세,1/6,190,"3,500",115,23,서향,20250508,"['25년이내', '역세권', '1층', '관리비20만원이하']",37.492604,127.016512
2524577387,일반상가,월세,1/5,350,"4,000",72,56,남향,20250508,"['25년이상', '1층', '주차가능', '엘리베이터']",37.487408,127.027041
2524583649,일반상가,월세,1/4,"3,000",5억,443,350,남향,20250508,"['25년이상', '융자금없는', '역세권', '1층']",37.492401,127.008541
2524586894,복합상가,월세,1/3,250,"5,000",204,33,동향,20250508,"['25년이상', '역세권', '1층', '관리비20만원이하']",37.491992,127.016997
2524583525,일반상가,월세,1/15,180,"3,000",28,25,동향,20250508,"['25년이내', '역세권', '1층', '관리비10만원이하']",37.494247,127.017568
2524557867,단지내상가,월세,1/14,"1,050","1억 5,000",82,82,서향,20250508,"['15년이내', '역세권', '1층', '주차가능']",37.501134,127.024369
2524577029,일반상가,월세,B1/4,250,"3,500",147,147,남향,20250508,"['25년이내', '융자금적은', '역세권', '지하층']",37.491675,127.012727
2524514775,일반상가,월세,3/6,550,"5,000",173,152,북향,20250508,"['25년이내', '역세권', '중층', '주차가능']",37.503439,127.022034
2524548612,일반상가,월세,B1/5,400,"5,000",208,198,남향,20250508,"['25년이상', '융자금적은', '역세권', '지하층']",37.493886,127.017404
2524577337,일반상가,월세,1/21,"2,500",5억,500,329,서향,20250508,"['25년이내', '융자금적은', '역세권', '1층']",37.493967,127.027885
2523382225,일반상가,월세,2/8,"1,450",2억,239,231,남동향,20250507,"['15년이내', '역세권', '지상층(1층제외)', '주차가능']",37.500521,127.024959
2524150596,일반상가,월세,1/6,295,"5,000",113,49,서향,20250507,"['25년이내', '역세권', '1층', '관리비20만원이하']",37.487718,127.008527
2524157572,일반상가,월세,6/11,"1,493","1억 4,930",422,218,동향,20250507,"['25년이상', '역세권', '중층', '주차가능']",37.500319,127.026053
2524156117,일반상가,월세,1/4,480,"5,000",81,66,남동향,20250507,"['25년이상', '역세권', '1층', '관리비20만원이하']",37.492616,127.009214
2524152876,일반상가,월세,1/6,260,"3,000",87,53,동향,20250507,"['10년이내', '1층', '주차가능', '동향']",37.487025,127.00907
2524149429,일반상가,월세,1/15,180,"3,000",34,31,동향,20250507,"['25년이내', '역세권', '1층', '주차가능']",37.494247,127.017568
2524159200,일반상가,월세,1/7,350,"3,000",83,66,북향,20250507,"['2년이내', '역세권', '1층', '주차가능']",37.490352,127.012937
2524155516,일반상가,월세,B1/5,450,1억,138,118,서향,20250507,"['25년이상', '역세권', '지하층', '주차가능']",37.493513,127.014679
2524154308,일반상가,월세,1/6,550,"6,000",155,155,북향,20250507,"['25년이상', '역세권', '1층', '주차가능']",37.485609,127.030796
2524153542,일반상가,월세,1/10,200,"3,000",40,25,동향,20250507,"['10년이내', '역세권', '1층', '관리비20만원이하']",37.492127,127.014606
2524159595,일반상가,월세,2/7,365,"4,000",124,120,동향,20250507,"['10년이내', '역세권', '지상층(1층제외)', '주차가능']",37.49316,127.017897
2524166694,일반상가,월세,5/10,780,1억,338,281,,20250507,"['25년이상', '융자금없는', '역세권', '중층']",37.493369,127.028666
2524180624,일반상가,월세,1/6,180,"3,000",61,61,남서향,20250507,"['25년이내', '역세권', '1층', '주차가능']",37.494283,127.018702
2524161512,일반상가,월세,1/10,370,"5,000",60,40,남향,20250507,"['25년이내', '역세권', '1층', '관리비20만원이하']",37.493477,127.015449
2524182230,일반상가,월세,1/6,450,1억,194,42,동향,20250507,"['25년이상', '역세권', '1층', '주차가능']",37.489071,127.014241
2524070192,단지내상가,월세,B1/3,"1,100","1억 5,000",709,300,남동향,20250507,"['25년이내', '지하층', '주차가능', '천장에어컨']",37.485718,127.01158
2524051116,일반상가,월세,1/18,"1,200","1억 5,000",155,103,남향,20250507,"['2년이내', '융자금없는', '1층', '주차가능']",37.48955,127.030414
2524051227,일반상가,매매,3/12,,28억,257,149,동향,20250507,"['25년이내', '역세권', '지상층(1층제외)', '주차가능']",37.494797,127.02812
2523966047,일반상가,월세,1/19,"2,300",3억,445,445,북향,20250507,"['25년이상', '융자금없는', '역세권', '1층']",37.495246,127.01969
2523951386,일반상가,월세,B1/5,600,"1억 5,000",332,290,서향,20250507,"['25년이상', '역세권', '지하층', '주차가능']",37.491992,127.016997
2524031885,일반상가,매매,1/27,,70억,360,195,남동향,20250507,"['25년이내', '역세권', '1층', '주차가능']",37.497505,127.024533
2524122726,일반상가,월세,1/2,140,"3,000",42,34,남향,20250507,"['25년이상', '1층', '관리비10만원이하', '천장에어컨']",37.490571,127.021322
2524112737,일반상가,월세,B1/5,300,"4,000",159,132,서향,20250507,"['25년이상', '역세권', '지하층', '주차가능']",37.496635,127.014373
2524120680,일반상가,월세,1/7,"1,420","3억 3,000",271,211,서향,20250507,"['25년이내', '역세권', '1층', '주차가능']",37.488896,127.009446
2524097983,일반상가,월세,2/4,860,"9,000",249,198,남동향,20250507,"['25년이상', '중층', '주차가능', '천장에어컨']",37.481159,127.013515
2524054959,일반상가,월세,1/13,"1,000",2억,155,155,동향,20250507,"['25년이내', '역세권', '1층', '주차가능']",37.492265,127.013677
2524104382,일반상가,월세,B1/13,"1,300","1억 3,000",640,368,북향,20250507,"['25년이상', '역세권', '지하층', '주차가능']",37.503843,127.023508
2524101481,복합상가,월세,1/6,926,"1억 5,000",132,132,동향,20250507,"['10년이내', '융자금없는', '역세권', '1층']",37.491091,127.010241
2523998035,일반상가,월세,1/7,"1,420","3억 3,000",271,271,서향,20250507,"['25년이내', '역세권', '1층', '주차가능']",37.488896,127.009446
2524044168,일반상가,월세,1/6,"1,100","1억 5,000",231,198,남서향,20250507,"['25년이상', '역세권', '1층', '주차가능']",37.489662,127.009148
2524044142,일반상가,월세,1/6,500,1억,136,46,동향,20250507,"['25년이상', '역세권', '1층', '주차가능']",37.49202,127.013709
2524050390,일반상가,월세,1/4,250,"3,000",89,89,남향,20250507,"['25년이상', '융자금적은', '역세권', '1층']",37.493887,127.016735
2523928944,일반상가,월세,3/4,250,"3,000",125,76,북동향,20250507,"['25년이상', '역세권', '고층', '주차가능']",37.484392,127.014476
2523989849,복합상가,월세,1/17,"6억 7,962","67억 9,629",4282,2765,동향,20250507,"['2년이내', '역세권', '1층', '주차가능']",37.503111,127.024432
2524026314,일반상가,월세,B1/5,165,"3,000",226,226,남향,20250507,"['25년이내', '역세권', '지하층', '주차가능']",37.488097,127.016788
2523949302,일반상가,월세,B1/9,"1,000","2억 5,000",368,330,북향,20250507,"['25년이상', '역세권', '지하층', '주차가능']",37.494607,127.015046
2524050068,일반상가,월세,1/5,110,"1,000",38,36,남향,20250507,"['10년이내', '융자금적은', '1층', '관리비10만원이하']",37.482719,127.013208
2524044351,일반상가,월세,1/2,400,"4,000",151,115,북향,20250507,"['25년이내', '융자금적은', '역세권', '1층']",37.486889,127.019888
2524051082,일반상가,월세,B1/20,330,"5,000",199,95,동향,20250507,"['25년이내', '융자금없는', '역세권', '지하층']",37.494794,127.028594
2524065942,일반상가,월세,1/3,220,"2,000",36,28,남향,20250507,"['25년이상', '융자금적은', '역세권', '1층']",37.483889,127.012635
2524051266,일반상가,매매,6/12,,9억,110,51,서향,20250507,"['4년이내', '역세권', '중층', '주차가능']",37.494395,127.027689
2524071314,일반상가,월세,1/14,"1,600",2억,299,200,북동향,20250507,"['15년이내', '역세권', '1층', '주차가능']",37.501134,127.024369
2524105802,일반상가,월세,1/10,200,"3,000",97,23,동향,20250507,"['10년이내', '역세권', '1층', '엘리베이터']",37.492127,127.014606
2524015459,일반상가,월세,1/5,200,"2,000",18,13,동향,20250507,"['25년이상', '역세권', '1층', '총5층']",37.493763,127.009618
2524044107,일반상가,월세,4/14,400,"6,000",117,62,남서향,20250507,"['25년이내', '역세권', '지상층(1층제외)', '관리비20만원이하']",37.493477,127.015449
2524033712,일반상가,월세,1/4,150,"2,400",66,49,남서향,20250507,"['25년이상', '1층', '주차가능', '총4층']",37.483819,127.020846
2523995957,일반상가,월세,2/8,"2억 1,400","28억 7,000",4545,3630,북동향,20250507,"['25년이상', '융자금없는', '테라스', '역세권']",37.486571,127.014031
2524072456,일반상가,월세,1/10,220,"3,000",28,19,서향,20250507,"['2년이내', '역세권', '1층', '주차가능']",37.492278,127.029416
2523828483,일반상가,월세,1/5,150,"2,500",51,28,남향,20250507,"['25년이상', '융자금적은', '역세권', '1층']",37.492855,127.009237
2523880420,일반상가,월세,4/7,270,"5,000",143,143,동향,20250507,"['15년이내', '역세권', '중층', '주차가능']",37.481551,127.014411
2523828473,일반상가,월세,1/6,300,"5,000",128,128,동향,20250507,"['25년이내', '융자금적은', '역세권', '1층']",37.488448,127.010049
2523910279,복합상가,월세,B1/20,200,"3,000",142,57,북향,20250507,"['25년이내', '역세권', '지하층', '주차가능']",37.491572,127.00834
2523814648,일반상가,월세,9/11,464,"9,000",158,158,동향,20250507,"['25년이상', '역세권', '고층', '주차가능']",37.493259,127.029329
2523828499,일반상가,월세,1/4,350,"5,000",52,52,서향,20250507,"['25년이내', '융자금적은', '역세권', '1층']",37.493056,127.016287
2523899720,일반상가,월세,1/19,280,"3,000",99,60,남향,20250507,"['25년이상', '융자금없는', '1층', '주차가능']",37.484208,127.009979
2523899591,복합상가,매매,2/19,,28억,330,177,남향,20250507,"['25년이상', '지상층(1층제외)', '주차가능', '남향']",37.484208,127.009979
2523825080,복합상가,월세,2/19,300,"4,000",73,35,북동향,20250507,"['2년이내', '역세권', '지상층(1층제외)', '주차가능']",37.495679,127.025168
2523879559,복합상가,매매,B1/14,,"1억 9,500",21,21,남향,20250507,"['25년이내', '역세권', '지하층', '관리비10만원이하']",37.493098,127.013494
2523844751,일반상가,월세,B1/5,200,"1,500",203,99,동향,20250507,"['25년이상', '역세권', '지하층', '총5층']",37.486991,127.030732
2523893445,일반상가,월세,1/2,600,"5,000",132,132,서향,20250507,"['10년이내', '1층', '주차가능', '천장에어컨']",37.489041,127.019315
2523828513,일반상가,월세,1/4,200,"3,000",46,32,남향,20250507,"['25년이상', '융자금적은', '역세권', '1층']",37.485579,127.017575
2523919175,일반상가,월세,5/5,280,"4,000",64,64,서향,20250507,"['25년이상', '테라스', '역세권', '고층']",37.491791,127.010141
2523902769,복합상가,매매,1/19,,"19억 8,000",165,94,남향,20250507,"['25년이상', '1층', '급매', '주차가능']",37.484208,127.009979
2523891950,일반상가,월세,1/18,"1,200",2억,102,102,남향,20250507,"['2년이내', '1층', '주차가능', '남향']",37.48955,127.030414
2523863394,단지내상가,월세,5/5,280,"4,000",115,115,북향,20250507,"['25년이상', '역세권', '고층', '총5층']",37.491791,127.010141
2523827741,일반상가,월세,3/6,450,"7,000",152,152,남향,20250507,"['25년이내', '융자금적은', '역세권', '중층']",37.490212,127.013491
2523915282,단지내상가,월세,1/10,220,"3,000",33,19,북서향,20250507,"['2년이내', '역세권', '1층', '급매']",37.492278,127.029416
2524045202,복합상가,월세,1/6,50,500,15,13,남향,20250507,"['25년이상', '1층', '관리비10만원이하', '주차가능']",37.49237,127.025865
2524266655,일반상가,월세,B1/9,950,2억,603,363,동향,20250507,"['25년이상', '역세권', '지하층', '주차가능']",37.492982,127.01241
2524185843,일반상가,월세,B1/11,380,"5,000",211,200,서향,20250507,"['15년이내', '역세권', '지하층', '주차가능']",37.49452,127.017903
2524190414,일반상가,월세,1/7,"1,800","2억 5,000",314,181,서향,20250507,"['25년이상', '역세권', '1층', '주차가능']",37.492092,127.014281
2524170842,일반상가,매매,B1/15,,"3억 4,000",130,71,동향,20250507,"['25년이내', '역세권', '지하층', '주차가능']",37.492142,127.029105
2524161967,일반상가,매매,3/15,,"17억 5,000",277,148,동향,20250507,"['25년이내', '역세권', '지상층(1층제외)', '주차가능']",37.492142,127.029105
2524195881,일반상가,월세,1/19,"1억 7,800","17억 8,000",430,294,동향,20250507,"['2년이내', '역세권', '1층', '주차가능']",37.498516,127.026899
2524185325,일반상가,월세,1/5,600,"5,000",180,128,북향,20250507,"['25년이내', '역세권', '1층', '주차가능']",37.491877,127.016691
2524173736,일반상가,매매,1/14,,27억,46,26,동향,20250507,"['15년이내', '역세권', '1층', '주차가능']",37.49426,127.028234
2524177958,일반상가,월세,6/13,"1,300","1억 4,153",567,397,동향,20250507,"['25년이내', '역세권', '중층', '주차가능']",37.485298,127.015752
2524160933,일반상가,월세,1/5,190,"3,500",40,27,서향,20250507,"['25년이내', '역세권', '1층', '관리비20만원이하']",37.492604,127.016512
2524195568,일반상가,월세,1/10,"4,500",10억,110,110,동향,20250507,"['25년이내', '역세권', '1층', '주차가능']",37.502429,127.025075
2524163474,일반상가,월세,B2/8,600,1억,366,366,북향,20250507,"['2년이내', '융자금적은', '역세권', '지하층']",37.491852,127.01033
2524170944,단지내상가,월세,3/5,440,"8,000",81,81,북향,20250507,"['4년이내', '중층', '주차가능', '엘리베이터']",37.488818,127.027669
2524226298,복합상가,매매,1/15,,"3억 3,000",24,17,서향,20250507,"['25년이내', '역세권', '1층', '주차가능']",37.494717,127.018295
2524214577,일반상가,월세,B2/9,300,"7,000",117,99,서향,20250507,"['25년이상', '융자금없는', '역세권', '지하층']",37.485861,127.013465
2524221521,일반상가,월세,1/14,400,"6,000",62,62,남향,20250507,"['25년이내', '역세권', '1층', '주차가능']",37.493477,127.015449
2524224669,일반상가,월세,1/6,295,"5,000",61,48,서향,20250507,"['25년이내', '역세권', '1층', '관리비20만원이하']",37.487718,127.008527
2524221092,일반상가,월세,B1/9,400,"8,000",291,210,북향,20250507,"['25년이상', '융자금없는', '역세권', '지하층']",37.492724,127.01132
2524224242,일반상가,월세,2/30,315,"5,000",158,70,서향,20250507,"['25년이상', '역세권', '지상층(1층제외)', '주차가능']",37.49645,127.027803
2524222656,일반상가,월세,1/14,370,"5,000",50,40,동향,20250507,"['25년이내', '역세권', '1층', '주차가능']",37.493477,127.015449
2524202268,일반상가,월세,1/14,"2,150",3억,284,181,동향,20250507,"['15년이내', '역세권', '1층', '동향']",37.501134,127.024369
2524216841,일반상가,월세,1/7,"1,010","1억 1,700",189,133,남서향,20250507,"['2년이내', '역세권', '1층', '주차가능']",37.495373,127.014476
2524194493,일반상가,월세,1/1,750,"9,000",198,135,남향,20250507,"['25년이상', '1층', '주차가능', '남향']",37.487518,127.028406
2524200941,일반상가,월세,B1/20,"1,026","1억 5,391",872,339,북향,20250507,"['25년이상', '역세권', '지하층', '주차가능']",37.496651,127.025134
2524180948,일반상가,월세,2/7,365,"4,000",124,124,남서향,20250507,"['10년이내', '역세권', '지상층(1층제외)', '주차가능']",37.49316,127.017897
2524177589,일반상가,월세,3/24,"2,100","2억 5,000",736,174,동향,20250507,"['25년이내', '역세권', '지상층(1층제외)', '동향']",37.495332,127.028337
2524256598,일반상가,월세,5/5,170,"2,000",100,90,북향,20250507,"['25년이상', '역세권', '고층', '관리비20만원이하']",37.493671,127.019311
2524232297,일반상가,월세,B1/5,300,"5,000",211,165,동향,20250507,"['25년이내', '역세권', '지하층', '주차가능']",37.490628,127.013404
2524250913,일반상가,월세,1/12,700,"8,000",250,200,북동향,20250507,"['25년이내', '역세권', '1층', '주차가능']",37.493477,127.015449
2523897882,복합상가,매매,2/4,,"13억 5,000",250,116,남향,20250507,"['25년이상', '중층', '주차가능', '천장에어컨']",37.484208,127.009979
2524054978,일반상가,월세,1/15,550,1억,136,66,남향,20250507,"['25년이내', '역세권', '1층', '주차가능']",37.495419,127.020252
2523844072,일반상가,월세,2/7,330,"3,000",148,122,남향,20250507,"['25년이내', '역세권', '지상층(1층제외)', '주차가능']",37.494595,127.019708
2524183900,단지내상가,월세,1/16,370,"5,000",65,57,남동향,20250507,"['4년이내', '융자금없는', '역세권', '1층']",37.496578,127.013638
2524272493,일반상가,월세,5/5,450,"5,000",89,89,남향,20250507,"['2년이내', '융자금없는', '역세권', '고층']",37.486556,127.016833
2524290729,일반상가,월세,1/6,"2,000",2억,245,190,서향,20250507,"['25년이상', '역세권', '1층', '주차가능']",37.489812,127.009075
2524285137,일반상가,월세,1/5,330,"5,000",137,92,남향,20250507,"['25년이상', '역세권', '1층', '주차가능']",37.486819,127.016353
2524298314,일반상가,월세,1/6,205,"2,000",95,63,남향,20250507,"['25년이상', '역세권', '1층', '주차가능']",37.482023,127.014607
2524109548,단지내상가,월세,1/5,130,"3,000",27,12,남향,20250507,"['10년이내', '융자금없는', '1층', '관리비10만원이하']",37.491841,127.027184
2523969886,일반상가,월세,2/4,250,"3,000",100,93,남향,20250507,"['25년이내', '중층', '관리비20만원이하', '주차가능']",37.481963,127.010996
2523982725,일반상가,매매,1/15,,35억,167,98,북향,20250507,"['25년이내', '역세권', '1층', '주차가능']",37.502056,127.024014
2524150944,일반상가,월세,B1/5,300,"3,000",218,198,북서향,20250507,"['25년이상', '지하층', '주차가능', '총5층']",37.488598,127.030929
2524118688,단지내상가,매매,4/5,,19억,192,96,서향,20250507,"['10년이내', '고층', '주차가능', '총5층']",37.491841,127.027184
2524127221,일반상가,월세,1/8,165,"3,000",61,38,서향,20250507,"['25년이내', '융자금없는', '역세권', '1층']",37.487376,127.008492
2523816691,일반상가,월세,1/4,390,"4,500",93,66,남동향,20250507,"['25년이내', '역세권', '1층', '주차가능']",37.503282,127.022107
2523897631,복합상가,월세,2/19,300,"5,000",661,116,남향,20250507,"['25년이상', '지상층(1층제외)', '주차가능', '천장에어컨']",37.484208,127.009979
2524120697,일반상가,월세,B1/7,600,"6,000",148,133,서향,20250507,"['10년이내', '테라스', '역세권', '지하층']",37.496286,127.014046
2524072123,일반상가,월세,3/10,750,1억,215,148,서향,20250507,"['2년이내', '역세권', '지상층(1층제외)', '주차가능']",37.492176,127.029465
2524054894,일반상가,월세,B1/7,160,"3,000",161,161,북향,20250507,"['25년이상', '역세권', '지하층', '주차가능']",37.493997,127.015551
2524286618,일반상가,월세,B1/4,200,"2,000",124,105,동향,20250507,"['25년이내', '역세권', '지하층', '관리비10만원이하']",37.492826,127.016148
2524272390,단지내상가,매매,전체층/15,,30억,664,333,남동향,20250507,"['25년이내', '테라스', '역세권', '주차가능']",37.486158,127.032619
2524305473,일반상가,매매,1/20,,11억,78,33,남향,20250507,"['10년이내', '역세권', '1층', '주차가능']",37.49196,127.028816
2524321070,일반상가,월세,1/16,400,"5,000",36,30,북동향,20250507,"['4년이내', '역세권', '1층', '관리비20만원이하']",37.496578,127.013638
2524305734,일반상가,매매,1/20,,9억,44,19,서향,20250507,"['10년이내', '역세권', '1층', '관리비20만원이하']",37.49196,127.028816
2524282480,복합상가,월세,1/2,600,"5,000",154,85,동향,20250507,"['10년이내', '융자금없는', '역세권', '1층']",37.490331,127.005772
2524197200,일반상가,매매,3/10,,"11억 2,000",79,47,북동향,20250507,"['25년이상', '역세권', '지상층(1층제외)', '관리비20만원이하']",37.501591,127.024812
2524257147,일반상가,월세,1/5,200,"4,000",49,42,서향,20250507,"['25년이내', '융자금없는', '역세권', '1층']",37.494193,127.018402
2524167952,일반상가,월세,2/4,210,"5,000",103,82,남향,20250507,"['25년이상', '역세권', '중층', '관리비20만원이하']",37.503635,127.022689
2524236253,일반상가,월세,B1/6,260,"4,000",136,90,서향,20250507,"['25년이상', '역세권', '지하층', '주차가능']",37.489102,127.013931
2524266209,일반상가,월세,1/7,"4,000",8억,447,330,서향,20250507,"['15년이내', '역세권', '1층', '관리비10만원이하']",37.487737,127.010091
2524266852,일반상가,월세,3/5,490,"5,000",128,128,남향,20250507,"['2년이내', '역세권', '중층', '주차가능']",37.486556,127.016833
2524275259,일반상가,월세,4/4,550,"6,000",195,99,북서향,20250507,"['15년이내', '테라스', '역세권', '고층']",37.489903,127.013058
2524267320,일반상가,월세,B1/5,450,"8,000",222,190,남동향,20250507,"['25년이상', '역세권', '지하층', '주차가능']",37.485165,127.033305
2524263332,일반상가,월세,B1/5,580,"6,000",185,185,남향,20250507,"['2년이내', '역세권', '지하층', '주차가능']",37.486556,127.016833
2524234103,일반상가,월세,B2/4,250,"5,000",286,231,남향,20250507,"['25년이상', '융자금적은', '역세권', '지하층']",37.495654,127.013758
2524248340,일반상가,월세,1/15,"2,000",2억,204,105,북동향,20250507,"['15년이내', '역세권', '1층', '주차가능']",37.502069,127.024679
2524241784,일반상가,월세,B1/7,550,"1억 3,200",448,297,남향,20250507,"['25년이상', '융자금없는', '역세권', '지하층']",37.494701,127.014021
2524264346,일반상가,월세,1/5,370,"4,000",90,90,남향,20250507,"['2년이내', '융자금없는', '역세권', '1층']",37.486556,127.016833
2524231179,일반상가,월세,1/6,220,"5,000",241,30,북향,20250507,"['25년이내', '융자금없는', '역세권', '1층']",37.493495,127.017131
2524232810,일반상가,월세,1/15,180,"3,000",25,25,남서향,20250507,"['25년이내', '역세권', '1층', '주차가능']",37.494247,127.017568
2524230148,일반상가,월세,1/4,150,"1,500",67,28,남향,20250507,"['25년이상', '역세권', '1층', '관리비20만원이하']",37.485468,127.017053
2524265855,일반상가,월세,2/5,500,"5,000",133,133,남향,20250507,"['2년이내', '융자금없는', '역세권', '중층']",37.486556,127.016833
2524246627,일반상가,월세,1/15,"6,000",20억,158,158,동향,20250507,"['2년이내', '역세권', '1층', '주차가능']",37.502857,127.024553
2524258126,복합상가,월세,1/2,370,"5,000",90,50,북향,20250507,"['10년이내', '융자금없는', '역세권', '1층']",37.490331,127.005772
2524156424,일반상가,월세,5/6,250,"3,000",84,80,서향,20250507,"['25년이내', '역세권', '고층', '주차가능']",37.492937,127.017677
2524213133,일반상가,월세,1/15,550,1억,66,66,북서향,20250507,"['25년이내', '역세권', '1층', '주차가능']",37.495419,127.020252
2524228333,일반상가,월세,1/6,200,"5,000",241,33,동향,20250507,"['25년이내', '역세권', '1층', '관리비20만원이하']",37.493495,127.017131
2524230194,일반상가,월세,B1/7,870,"1억 1,000",272,191,북서향,20250507,"['2년이내', '역세권', '지하층', '주차가능']",37.495373,127.014476
2524265942,일반상가,월세,B1/3,150,"3,000",124,124,동향,20250507,"['25년이상', '역세권', '지하층', '총3층']",37.490888,127.013913
2524230297,일반상가,월세,B2/15,"1,000",2억,731,621,남향,20250507,"['10년이내', '역세권', '지하층', '주차가능']",37.49289,127.012876
2524230396,일반상가,월세,1/4,250,"4,000",54,54,북서향,20250507,"['25년이상', '융자금없는', '역세권', '1층']",37.483827,127.019285
2524240546,일반상가,월세,1/10,220,"3,000",19,19,서향,20250507,"['2년이내', '역세권', '1층', '관리비20만원이하']",37.492278,127.029416
2524227494,일반상가,월세,1/6,500,"7,000",85,85,북서향,20250507,"['25년이상', '융자금적은', '역세권', '1층']",37.491415,127.011687
2524218795,일반상가,월세,1/15,300,"5,000",12,8,북향,20250507,"['25년이내', '역세권', '1층', '관리비10만원이하']",37.493715,127.014696
2524202738,일반상가,월세,1/7,"1,420","3억 3,000",283,210,남서향,20250507,"['25년이내', '역세권', '1층', '주차가능']",37.488896,127.009446
2524217732,일반상가,월세,B1/9,"1,000","2억 5,000",368,337,북향,20250507,"['25년이상', '융자금없는', '역세권', '지하층']",37.494607,127.015046
2524215123,일반상가,월세,B1/6,385,"5,000",231,173,동향,20250507,"['25년이내', '융자금없는', '역세권', '지하층']",37.493185,127.015957
2524225414,일반상가,월세,2/4,910,"9,000",249,249,남서향,20250507,"['25년이상', '융자금적은', '중층', '주차가능']",37.481159,127.013515
2524212357,일반상가,월세,B1/11,380,"5,000",211,198,서향,20250507,"['15년이내', '역세권', '지하층', '주차가능']",37.494558,127.018013
2524274988,일반상가,월세,1/4,140,"2,000",39,39,북향,20250507,"['25년이내', '역세권', '1층', '관리비10만원이하']",37.488936,127.01292
2524292259,일반상가,월세,1/7,600,1억,248,132,동향,20250507,"['25년이내', '역세권', '1층', '주차가능']",37.483376,127.019931
2524279388,일반상가,월세,B1/1,200,"3,000",86,47,남향,20250507,"['10년이내', '융자금없는', '역세권', '지하층']",37.490331,127.005772
2524294184,일반상가,월세,6/6,300,"5,000",176,152,남향,20250507,"['25년이상', '융자금없는', '고층', '주차가능']",37.49237,127.025865
2524107715,일반상가,월세,1/4,255,"3,000",221,221,서향,20250507,"['25년이상', '역세권', '1층', '주차가능']",37.487833,127.015035
2524113755,일반상가,월세,B1/7,600,"6,000",133,132,서향,20250507,"['10년이내', '역세권', '지하층', '주차가능']",37.496286,127.014046
2524126660,일반상가,월세,1/6,140,"2,000",46,46,남동향,20250507,"['25년이상', '1층', '주차가능', '엘리베이터']",37.486971,127.026326
2524116102,일반상가,월세,1/10,200,"3,000",22,21,북향,20250507,"['10년이내', '역세권', '1층', '주차가능']",37.492127,127.014606
2524116807,일반상가,매매,2/5,,9억,75,65,동향,20250507,"['25년이상', '중층', '주차가능', '총5층']",37.492125,127.025978
2524107416,일반상가,월세,1/3,250,"4,000",82,82,북향,20250507,"['25년이상', '1층', '관리비10만원이하', '주차가능']",37.488938,127.017202
2524115904,단지내상가,매매,1/5,,10억,42,19,남향,20250507,"['10년이내', '1층', '주차가능', '총5층']",37.491841,127.027184
2524119016,일반상가,월세,1/6,"1,050",2억,195,195,서향,20250507,"['25년이상', '역세권', '1층', '주차가능']",37.489247,127.008316
2524110853,일반상가,월세,B1/5,"4,000","6억 5,000",1736,829,동향,20250507,"['25년이상', '역세권', '지하층', '주차가능']",37.492323,127.007846
2524158779,일반상가,월세,5/6,390,"5,000",181,150,서향,20250507,"['25년이상', '역세권', '고층', '주차가능']",37.493084,127.01761
2524159174,일반상가,월세,1/5,190,"5,000",64,42,서향,20250507,"['25년이상', '역세권', '1층', '주차가능']",37.493904,127.011651
2524158717,일반상가,월세,1/6,926,"1억 5,000",154,105,남동향,20250507,"['10년이내', '역세권', '1층', '주차가능']",37.491091,127.010241
2524141633,일반상가,월세,3/14,"1,532","1억 8,392",285,264,동향,20250507,"['2년이내', '융자금없는', '역세권', '지상층(1층제외)']",37.495303,127.027876
2524051169,일반상가,월세,3/13,390,"5,000",206,134,남향,20250507,"['25년이내', '역세권', '지상층(1층제외)', '주차가능']",37.492955,127.028697
2524074921,단지내상가,월세,8/15,"2,577","2억 5,028",399,271,동향,20250507,"['4년이내', '융자금없는', '역세권', '중층']",37.498996,127.026591
2524099517,일반상가,월세,B1/14,180,"3,000",203,193,북향,20250507,"['25년이상', '융자금없는', '역세권', '지하층']",37.483969,127.012121
2524062377,일반상가,월세,1/14,"1,600",2억,149,149,동향,20250507,"['15년이내', '역세권', '1층', '주차가능']",37.501207,127.024611
2524051245,일반상가,월세,3/13,470,"8,000",134,134,,20250507,"['25년이내', '역세권', '지상층(1층제외)', '주차가능']",37.492955,127.028697
2524124783,일반상가,월세,1/6,500,"7,000",85,66,동향,20250507,"['25년이상', '융자금적은', '역세권', '1층']",37.491415,127.011687
2524110295,일반상가,월세,1/4,140,"3,000",149,23,남동향,20250507,"['25년이상', '역세권', '1층', '관리비20만원이하']",37.485337,127.021468
2524123704,일반상가,월세,B1/5,250,"2,000",247,231,동향,20250507,"['25년이상', '역세권', '지하층', '주차가능']",37.485893,127.021227
2524115092,일반상가,월세,B1/6,310,"5,000",185,185,남동향,20250507,"['25년이내', '역세권', '지하층', '주차가능']",37.489753,127.010632
2524122420,일반상가,월세,1/14,420,1억,63,63,남향,20250507,"['25년이내', '역세권', '1층', '주차가능']",37.493477,127.015449
2524160394,일반상가,월세,1/5,96,"1,200",50,40,북향,20250507,"['25년이내', '역세권', '1층', '관리비10만원이하']",37.493095,127.015026
2524152170,일반상가,월세,1/5,340,"7,000",143,99,남향,20250507,"['25년이내', '역세권', '1층', '주차가능']",37.49371,127.009479
2524157002,일반상가,월세,1/7,270,"4,000",56,52,남향,20250507,"['25년이상', '역세권', '1층', '주차가능']",37.484734,127.029976
2524151565,일반상가,월세,1/6,"1,100","1억 5,000",221,201,서향,20250507,"['25년이상', '역세권', '1층', '주차가능']",37.489662,127.009148
2524116533,일반상가,월세,7/13,"2,352","2억 3,518",501,349,북향,20250507,"['25년이상', '역세권', '중층', '주차가능']",37.503843,127.023508
2523944388,일반상가,매매,B2/15,,"6억 8,000",268,135,북향,20250506,"['25년이내', '역세권', '지하층', '주차가능']",37.486158,127.032619
2523971478,일반상가,월세,B1/5,280,"3,000",148,135,북서향,20250506,"['25년이상', '역세권', '지하층', '주차가능']",37.494948,127.015133
2523966445,일반상가,월세,3/10,750,1억,148,148,서향,20250506,"['2년이내', '역세권', '지상층(1층제외)', '주차가능']",37.492176,127.029465
2523971009,일반상가,월세,B2/6,300,"5,000",217,148,남향,20250506,"['25년이내', '역세권', '지하층', '주차가능']",37.495754,127.014347
2523817165,일반상가,월세,1/15,165,"2,000",22,22,남향,20250504,"['25년이내', '역세권', '1층', '관리비20만원이하']",37.494717,127.018295
2523620804,일반상가,월세,7/13,700,1억,211,181,동향,20250503,"['25년이내', '역세권', '중층', '주차가능']",37.498595,127.026221
2523721584,일반상가,월세,1/7,330,"6,000",160,149,남서향,20250503,"['25년이상', '1층', '주차가능', '엘리베이터']",37.48166,127.012999
2523644516,일반상가,월세,1/7,"1,010","1억 4,000",206,132,남서향,20250503,"['2년이내', '융자금적은', '역세권', '1층']",37.495373,127.014476
2523741451,단지내상가,월세,B1/5,100,"1,000",25,13,북향,20250503,"['10년이내', '지하층', '주차가능', '총5층']",37.491841,127.027184
2523635457,단지내상가,월세,전체층/5,680,"1억 2,000",152,58,동향,20250503,"['4년이내', '주차가능', '엘리베이터', '천장에어컨']",37.488818,127.027669
2523672315,일반상가,월세,2/12,700,1억,220,106,서향,20250503,"['4년이내', '융자금없는', '역세권', '지상층(1층제외)']",37.494395,127.027689
2523618711,일반상가,월세,3/3,300,"4,000",242,242,동향,20250503,"['25년이상', '역세권', '고층', '총3층']",37.50308,127.023029
2523625687,일반상가,월세,4/5,300,"6,000",155,68,남향,20250503,"['10년이내', '융자금없는', '고층', '주차가능']",37.49242,127.026852
2523671487,일반상가,매매,2/19,,"14억 6,600",82,40,서향,20250503,"['10년이내', '역세권', '지상층(1층제외)', '주차가능']",37.495679,127.025168
2523717952,단지내상가,매매,1/5,,"5억 5,000",25,11,북향,20250503,"['10년이내', '1층', '주차가능', '총5층']",37.491841,127.027184
2523625612,일반상가,월세,4/5,400,"8,000",148,82,서향,20250503,"['10년이내', '융자금적은', '고층', '주차가능']",37.49242,127.026852
2523727500,일반상가,월세,B1/5,200,"4,000",103,25,,20250503,"['25년이내', '역세권', '지하층', '주차가능']",37.495409,127.016479
2523739035,일반상가,월세,2/12,370,"5,000",109,52,남향,20250503,"['10년이내', '역세권', '지상층(1층제외)', '주차가능']",37.494395,127.027689
2523699401,일반상가,매매,1/15,,"10억 3,000",56,30,동향,20250503,"['25년이내', '역세권', '1층', '관리비20만원이하']",37.486158,127.032619
2523723039,단지내상가,월세,2/2,800,1억,454,215,남서향,20250503,"['25년이내', '고층', '주차가능', '엘리베이터']",37.485718,127.01158
2523673429,일반상가,매매,2/15,,35억,646,267,남서향,20250503,"['25년이내', '역세권', '지상층(1층제외)', '주차가능']",37.493523,127.028097
2523723217,단지내상가,월세,B1/5,330,"5,000",46,23,북향,20250503,"['10년이내', '지하층', '관리비20만원이하', '주차가능']",37.491841,127.027184
2523644499,일반상가,월세,3/4,600,"7,000",141,122,남향,20250503,"['25년이상', '역세권', '고층', '주차가능']",37.493886,127.017404
2523761686,일반상가,월세,1/2,"1,000",1억,82,82,남향,20250503,"['25년이상', '역세권', '1층', '총2층']",37.502682,127.023011
2523726888,일반상가,월세,1/5,700,1억,86,82,,20250503,"['25년이상', '역세권', '1층', '총5층']",37.501691,127.024028
2523711125,단지내상가,매매,B1/24,,70억,1800,925,동향,20250503,"['25년이내', '역세권', '지하층', '주차가능']",37.486561,127.012904
2523778868,일반상가,월세,1/2,600,"8,000",131,131,동향,20250503,"['25년이상', '1층', '총2층', '동향']",37.482749,127.007226
2523727882,복합상가,월세,2/10,340,"4,000",127,66,남향,20250503,"['25년이상', '역세권', '지상층(1층제외)', '주차가능']",37.499293,127.02548
2523721626,단지내상가,매매,3/5,,"4억 5,000",35,13,남향,20250503,"['4년이내', '중층', '관리비10만원이하', '주차가능']",37.488818,127.027669
2523738919,일반상가,월세,5/19,"3,169","3억 1,696",299,299,동향,20250503,"['2년이내', '역세권', '지상층(1층제외)', '주차가능']",37.498459,127.026712
2523739043,일반상가,월세,8/19,"3,169","3억 1,696",299,299,동향,20250503,"['2년이내', '역세권', '중층', '주차가능']",37.498516,127.026899
2523781862,일반상가,월세,B2/16,"1,427","1억 4,274",766,403,동향,20250503,"['25년이상', '역세권', '지하층', '주차가능']",37.495114,127.028441
2523792341,일반상가,월세,B1/4,500,"5,000",241,241,북향,20250503,"['25년이상', '융자금없는', '지하층', '주차가능']",37.486811,127.009754
2523641629,일반상가,월세,1/5,650,"1억 2,000",148,111,남향,20250503,"['25년이상', '역세권', '1층', '주차가능']",37.492297,127.010915
2523740054,일반상가,월세,1/19,430,"5,000",100,36,남향,20250503,"['25년이상', '융자금없는', '역세권', '1층']",37.496022,127.025282
2523638522,일반상가,월세,B1/6,385,"5,000",173,173,동향,20250503,"['25년이내', '역세권', '지하층', '주차가능']",37.493053,127.015999
2523619499,일반상가,월세,1/6,"1,100","1억 5,000",198,198,서향,20250503,"['25년이상', '역세권', '1층', '주차가능']",37.489662,127.009148
2523723839,일반상가,매매,4/5,,30억,328,206,북향,20250503,"['25년이상', '고층', '주차가능', '천장에어컨']",37.499951,127.017458
2523389855,복합상가,매매,B1/20,,"2억 8,500",65,26,동향,20250502,"['25년이내', '역세권', '지하층', '관리비20만원이하']",37.491572,127.00834
2523550903,일반상가,월세,1/4,380,"4,000",72,70,남서향,20250502,"['25년이상', '융자금없는', '1층', '주차가능']",37.487408,127.027041
2523583544,일반상가,월세,1/5,390,"7,000",115,68,동향,20250502,"['15년이내', '1층', '주차가능', '총5층']",37.487161,127.029141
2523548013,일반상가,월세,B1/5,200,"2,000",124,124,동향,20250502,"['25년이내', '역세권', '지하층', '관리비10만원이하']",37.492826,127.016148
2523592153,단지내상가,월세,B1/24,150,"2,000",185,95,남향,20250502,"['25년이내', '역세권', '지하층', '주차가능']",37.486561,127.012904
2523567195,일반상가,월세,2/4,250,"3,000",109,93,북향,20250502,"['25년이내', '중층', '관리비20만원이하', '주차가능']",37.481963,127.010996
2523575059,일반상가,월세,B1/7,600,"6,000",154,133,북동향,20250502,"['10년이내', '역세권', '지하층', '주차가능']",37.496286,127.014046
2523480433,일반상가,매매,B1/20,,"2억 8,500",60,27,서향,20250502,"['25년이내', '역세권', '지하층', '관리비20만원이하']",37.491572,127.00834
2523549885,일반상가,매매,1/19,,"9억 9,000",58,42,북향,20250502,"['4년이내', '역세권', '1층', '주차가능']",37.487933,127.013837
2523484966,일반상가,월세,B1/5,180,"3,000",190,180,남서향,20250502,"['25년이상', '역세권', '지하층', '주차가능']",37.492332,127.016401
2523479552,일반상가,월세,B1/7,150,"3,000",161,99,남동향,20250502,"['25년이상', '역세권', '지하층', '주차가능']",37.493997,127.015551
2523327780,일반상가,월세,1/27,"1,600",3억,234,127,남향,20250502,"['25년이내', '역세권', '1층', '주차가능']",37.497505,127.024533
2523385357,단지내상가,월세,1/5,500,1억,127,48,남향,20250502,"['4년이내', '1층', '관리비20만원이하', '주차가능']",37.488818,127.027669
2523461050,일반상가,월세,3/4,220,"3,000",96,79,동향,20250502,"['25년이상', '역세권', '고층', '주차가능']",37.484546,127.012496
2523265946,일반상가,월세,B1/5,"4,000","6억 5,000",1121,1001,남향,20250502,"['25년이상', '융자금없는', '역세권', '지하층']",37.492572,127.007969
2523453777,일반상가,월세,1/5,745,"1억 1,000",231,152,남향,20250502,"['25년이상', '역세권', '1층', '주차가능']",37.493447,127.011929
2523605223,복합상가,매매,B1/20,,"3억 1,000",42,29,동향,20250502,"['25년이내', '역세권', '지하층', '관리비20만원이하']",37.491572,127.00834
2523323930,일반상가,월세,1/7,740,"9,500",150,142,동향,20250502,"['25년이내', '역세권', '1층', '주차가능']",37.491411,127.012074
2523375516,일반상가,월세,B1/4,150,"2,000",107,79,남향,20250502,"['25년이상', '역세권', '지하층', '관리비20만원이하']",37.492616,127.009214
2523293883,일반상가,월세,1/3,470,"7,000",100,100,남향,20250502,"['25년이내', '1층', '관리비20만원이하', '주차가능']",37.488642,127.029515
2523311223,일반상가,월세,1/5,210,"3,000",27,26,남향,20250502,"['25년이상', '역세권', '1층', '천장에어컨']",37.487733,127.031707
2523375749,일반상가,매매,3/12,,28억,149,149,동향,20250502,"['25년이내', '역세권', '지상층(1층제외)', '주차가능']",37.494797,127.02812
2523270439,단지내상가,매매,1/2,,13억,140,62,남서향,20250502,"['25년이내', '1층', '주차가능', '엘리베이터']",37.485718,127.01158
2523218335,단지내상가,매매,B1/8,,18억,355,183,서향,20250502,"['25년이내', '역세권', '지하층', '주차가능']",37.486127,127.014527
2523213581,일반상가,월세,2/7,"1,100","1억 1,000",474,474,북향,20250502,"['25년이상', '지상층(1층제외)', '주차가능', '엘리베이터']",37.482572,127.005052
2523221004,일반상가,월세,1/2,180,"4,000",34,33,남향,20250502,"['25년이상', '역세권', '1층', '총2층']",37.488234,127.008793
2523263925,복합상가,월세,B1/14,50,500,40,23,동향,20250502,"['25년이내', '융자금적은', '역세권', '지하층']",37.493098,127.013494
2523392094,일반상가,매매,B1/13,,"10억 5,000",184,73,북향,20250502,"['25년이내', '역세권', '지하층', '주차가능']",37.491989,127.009181
2523266314,일반상가,월세,1/4,440,"5,000",82,82,북서향,20250502,"['25년이상', '역세권', '1층', '총4층']",37.485372,127.018661
2523549296,일반상가,월세,8/8,"2,000","2억 7,000",409,304,동향,20250502,"['25년이상', '융자금적은', '역세권', '고층']",37.486571,127.014031
2523335649,일반상가,월세,1/6,"1,100","1억 5,000",221,198,서향,20250502,"['25년이상', '역세권', '1층', '주차가능']",37.489662,127.009148
2523308937,일반상가,월세,1/4,178,"2,000",52,52,남향,20250502,"['25년이상', '융자금없는', '1층', '관리비10만원이하']",37.488905,127.012638
2523291777,일반상가,월세,1/4,300,"3,000",117,99,남향,20250502,"['10년이내', '융자금없는', '역세권', '1층']",37.493513,127.007867
2523264698,일반상가,월세,1/19,"2,300",4억,831,445,북서향,20250502,"['25년이상', '역세권', '1층', '주차가능']",37.495309,127.019894
2523307337,일반상가,월세,1/2,360,"5,000",76,69,남향,20250502,"['25년이상', '역세권', '1층', '주차가능']",37.49296,127.016336
2523303125,일반상가,월세,1/5,60,"1,000",22,22,남향,20250502,"['10년이내', '역세권', '1층', '관리비10만원이하']",37.486653,127.031469
2523374030,일반상가,매매,1/15,,9억,78,39,남향,20250502,"['25년이내', '역세권', '1층', '급매']",37.494717,127.018295
2523289924,일반상가,월세,1/5,150,"2,500",51,29,남향,20250502,"['25년이상', '융자금없는', '역세권', '1층']",37.492855,127.009237
2523300050,일반상가,월세,1/5,300,"4,000",172,99,남향,20250502,"['25년이상', '역세권', '1층', '주차가능']",37.495376,127.013918
2523318776,복합상가,월세,1/5,50,500,20,10,동향,20250502,"['25년이상', '역세권', '1층', '천장에어컨']",37.496162,127.019381
2523273606,일반상가,월세,2/4,130,"1,000",59,33,북향,20250502,"['25년이상', '중층', '관리비20만원이하', '주차가능']",37.487936,127.027227
2523329081,일반상가,월세,1/5,276,"3,000",180,76,서향,20250502,"['25년이내', '1층', '총5층', '서향']",37.488687,127.012452
2523340639,일반상가,월세,1/15,520,"5,000",80,60,서향,20250502,"['25년이내', '역세권', '1층', '주차가능']",37.491587,127.029971
2523366655,단지내상가,월세,1/5,220,"3,000",62,27,동향,20250502,"['10년이내', '융자금없는', '1층', '주차가능']",37.491841,127.027184
2523305254,일반상가,월세,2/5,400,"5,000",236,236,북동향,20250502,"['10년이내', '융자금없는', '중층', '관리비20만원이하']",37.486546,127.008205
2523337692,일반상가,월세,1/6,150,"2,000",45,38,서향,20250502,"['10년이내', '융자금없는', '역세권', '1층']",37.489327,127.012763
2523298241,일반상가,월세,1/5,300,"3,000",62,62,남향,20250502,"['25년이내', '융자금없는', '역세권', '1층']",37.493937,127.018595
2523373000,일반상가,월세,1/27,800,2억,155,82,남향,20250502,"['25년이내', '역세권', '1층', '주차가능']",37.497505,127.024533
2523299440,일반상가,매매,B1/15,,"9억 5,000",269,149,동향,20250502,"['25년이내', '역세권', '급매', '지하층']",37.491587,127.029971
2523328474,일반상가,월세,1/9,300,"6,000",95,60,서향,20250502,"['25년이내', '역세권', '1층', '주차가능']",37.485522,127.031727
2523418121,복합상가,월세,B1/24,60,500,11,11,동향,20250502,"['25년이상', '역세권', '지하층', '관리비10만원이하']",37.484748,127.017779
2523393666,일반상가,월세,1/3,100,"1,000",88,66,동향,20250502,"['25년이상', '역세권', '1층', '관리비10만원이하']",37.486844,127.016566
2523377541,일반상가,월세,5/6,674,1억,330,221,서향,20250502,"['25년이상', '역세권', '고층', '주차가능']",37.502743,127.021801
2523264029,일반상가,월세,1/19,"2,300",4억,831,445,북서향,20250502,"['25년이상', '역세권', '1층', '주차가능']",37.495246,127.01969
2523413286,일반상가,월세,B1/15,150,"1,000",63,52,북향,20250502,"['25년이내', '역세권', '지하층', '주차가능']",37.492553,127.011007
2523410154,일반상가,월세,1/5,300,"3,000",208,66,남서향,20250502,"['25년이내', '역세권', '1층', '주차가능']",37.493937,127.018595
2523410292,일반상가,월세,2/20,"1,081","1억 8,000",394,188,동향,20250502,"['25년이내', '융자금없는', '역세권', '지상층(1층제외)']",37.494794,127.028594
2523415296,일반상가,월세,B1/5,400,"5,000",236,236,동향,20250502,"['25년이상', '역세권', '지하층', '주차가능']",37.491487,127.013125
2523427679,일반상가,월세,3/4,200,"3,000",214,75,동향,20250502,"['25년이상', '역세권', '고층', '주차가능']",37.484392,127.014476
2523418797,일반상가,월세,1/15,400,"6,000",62,33,북향,20250502,"['25년이내', '역세권', '1층', '주차가능']",37.492503,127.02893
2523411652,일반상가,월세,1/15,580,"5,000",60,60,남서향,20250502,"['25년이내', '역세권', '1층', '주차가능']",37.491587,127.029971
2523423251,일반상가,월세,1/15,"3,600","3억 6,000",350,181,남향,20250502,"['15년이내', '역세권', '1층', '주차가능']",37.502069,127.024679
2523391935,일반상가,월세,B2/11,420,"5,000",307,132,남동향,20250502,"['25년이내', '융자금적은', '역세권', '지하층']",37.494566,127.013824
2523481813,일반상가,월세,1/7,740,"9,500",143,142,남향,20250502,"['25년이내', '역세권', '1층', '주차가능']",37.491411,127.012074
2523465592,단지내상가,월세,1/5,200,"3,000",39,17,남동향,20250502,"['10년이내', '1층', '주차가능', '엘리베이터']",37.491841,127.027184
2523494584,일반상가,월세,1/6,280,"3,000",77,77,남향,20250502,"['25년이상', '1층', '관리비20만원이하', '주차가능']",37.486111,127.022824
2523496990,일반상가,월세,5/14,"1,532","1억 8,392",230,230,남동향,20250502,"['2년이내', '역세권', '중층', '주차가능']",37.495303,127.027876
2523491409,일반상가,월세,9/19,"3,169","3억 1,696",299,299,동향,20250502,"['2년이내', '역세권', '중층', '주차가능']",37.498516,127.026899
2523485562,일반상가,월세,B1/6,300,"3,000",241,187,남향,20250502,"['25년이상', '역세권', '지하층', '주차가능']",37.48502,127.031124
2523492852,일반상가,월세,7/13,"3,096",3억 960,512,512,동향,20250502,"['25년이상', '역세권', '중층', '주차가능']",37.502163,127.02497
2523490793,일반상가,월세,7/16,"3,169","3억 1,696",299,299,동향,20250502,"['2년이내', '역세권', '중층', '주차가능']",37.498459,127.026712
2523454876,일반상가,월세,3/16,"3,397","3억 3,977",410,410,동향,20250502,"['25년이상', '역세권', '지상층(1층제외)', '주차가능']",37.495114,127.028441
2523455665,복합상가,월세,1/15,"6,000",20억,290,158,동향,20250502,"['25년이내', '역세권', '1층', '주차가능']",37.502857,127.024553
2523451813,일반상가,월세,3/5,260,"3,000",148,145,남서향,20250502,"['25년이상', '역세권', '중층', '관리비20만원이하']",37.485031,127.031998
2523427073,일반상가,월세,1/14,"1,000",1억,97,31,남동향,20250502,"['25년이내', '역세권', '1층', '주차가능']",37.498221,127.026529
2523377168,일반상가,매매,1/27,,37억,155,84,남향,20250502,"['25년이내', '역세권', '1층', '주차가능']",37.497505,127.024533
2523422938,일반상가,매매,B2/20,,28억,1680,935,남동향,20250502,"['25년이상', '급매', '지하층', '주차가능']",37.48582,127.029172
2523566917,일반상가,월세,B1/18,304,1억,50,50,북향,20250502,"['25년이내', '역세권', '지하층', '주차가능']",37.492018,127.009631
2523274826,단지내상가,월세,B1/7,350,"5,000",170,88,동향,20250502,"['10년이내', '융자금없는', '지하층', '주차가능']",37.491278,127.022339
2523503023,일반상가,월세,2/16,"3,439","3억 4,391",498,401,동향,20250502,"['25년이상', '역세권', '지상층(1층제외)', '주차가능']",37.495114,127.028441
2523564311,일반상가,월세,5/13,"1,200",1억,210,180,동향,20250502,"['10년이내', '역세권', '중층', '주차가능']",37.498368,127.026438
2523513295,일반상가,월세,B1/14,590,1억,304,208,북향,20250502,"['25년이내', '융자금적은', '역세권', '지하층']",37.492802,127.028558
2523556455,일반상가,월세,1/11,800,1억,211,115,동향,20250502,"['2년이내', '역세권', '1층', '주차가능']",37.48567,127.01422
2523553261,일반상가,월세,1/6,450,1억,66,50,동향,20250502,"['25년이상', '역세권', '1층', '주차가능']",37.489071,127.014241
2523552658,일반상가,월세,1/4,150,"1,500",45,29,남향,20250502,"['25년이상', '1층', '주차가능', '총4층']",37.487884,127.012245
2523487594,일반상가,월세,2/7,500,1억,231,198,동향,20250502,"['25년이내', '지상층(1층제외)', '주차가능', '엘리베이터']",37.48739,127.028469
2523463772,일반상가,월세,1/7,500,1억,164,120,남서향,20250502,"['25년이상', '1층', '주차가능', '엘리베이터']",37.482291,127.004904
2523497670,일반상가,월세,6/14,"1,532","1억 8,392",230,230,남동향,20250502,"['2년이내', '역세권', '중층', '주차가능']",37.495211,127.027681
2523468708,일반상가,월세,1/10,370,"5,000",70,40,남향,20250502,"['25년이내', '역세권', '1층', '주차가능']",37.493477,127.015449
2523500482,일반상가,월세,2/6,160,"2,000",51,38,북서향,20250502,"['10년이내', '융자금없는', '지상층(1층제외)', '관리비10만원이하']",37.488364,127.011436
2523581280,일반상가,월세,1/5,300,"5,000",94,94,남서향,20250502,"['25년이상', '1층', '주차가능', '총5층']",37.487638,127.028914
2523598333,일반상가,월세,1/15,390,"5,000",69,47,남향,20250502,"['25년이내', '역세권', '1층', '주차가능']",37.491587,127.029971
2523579835,일반상가,매매,2/12,,35억,646,267,남향,20250502,"['25년이내', '역세권', '지상층(1층제외)', '주차가능']",37.493523,127.028097
2523252060,일반상가,월세,B1/7,300,"4,000",132,99,동향,20250502,"['25년이내', '역세권', '지하층', '관리비20만원이하']",37.486824,127.031973
2523256375,일반상가,월세,1/7,240,"4,500",36,33,남향,20250502,"['25년이상', '역세권', '1층', '주차가능']",37.484734,127.029976
2523275547,단지내상가,월세,B1/7,160,"3,000",60,31,동향,20250502,"['10년이내', '융자금없는', '지하층', '주차가능']",37.491278,127.022339
2523275172,단지내상가,월세,B1/7,220,"3,000",170,57,남향,20250502,"['10년이내', '융자금없는', '지하층', '주차가능']",37.491278,127.022339
2523437020,일반상가,월세,1/13,"3,300",4억,231,132,남서향,20250502,"['15년이내', '융자금적은', '역세권', '1층']",37.500034,127.02599
2523392265,일반상가,월세,B1/5,430,1억,224,224,남향,20250502,"['25년이상', '역세권', '지하층', '주차가능']",37.491471,127.011262
2523462501,일반상가,월세,2/24,80,"1,500",45,21,남서향,20250502,"['25년이내', '역세권', '지상층(1층제외)', '관리비20만원이하']",37.484703,127.016979
2523417717,단지내상가,월세,2/14,300,"3,000",110,87,동향,20250502,"['25년이내', '역세권', '지상층(1층제외)', '주차가능']",37.48301,127.016038
2523446005,일반상가,월세,B1/5,"1,500","2억 4,700",707,482,남향,20250502,"['25년이상', '역세권', '지하층', '주차가능']",37.493447,127.011929
2523468368,일반상가,월세,1/2,80,"1,500",12,9,북동향,20250502,"['25년이상', '1층', '총2층', '북동향']",37.486794,127.02569
2523389867,단지내상가,매매,B1/30,,"1억 6,000",50,22,서향,20250502,"['15년이내', '지하층', '주차가능', '서향']",37.48582,127.029172
2523278660,일반상가,월세,1/7,450,"6,000",162,162,남향,20250502,"['25년이내', '1층', '주차가능', '남향']",37.482402,127.010946
2523299405,일반상가,월세,1/5,100,"1,000",23,23,남향,20250502,"['25년이상', '역세권', '1층', '관리비10만원이하']",37.487953,127.017082
2523308782,일반상가,월세,B1/1,210,"3,000",52,29,서향,20250502,"['10년이내', '역세권', '지하층', '주차가능']",37.490331,127.005772
2523580594,일반상가,월세,1/20,"1,060",2억,65,64,남향,20250502,"['25년이내', '역세권', '1층', '남향']",37.494794,127.028594
2523593073,일반상가,월세,B2/14,698,2억,1294,795,서향,20250502,"['25년이내', '역세권', '지하층', '주차가능']",37.495067,127.013657
2523569744,일반상가,월세,B1/5,450,"8,000",233,179,북서향,20250502,"['25년이상', '역세권', '지하층', '총5층']",37.485165,127.033305
2523565040,일반상가,월세,3/3,"1억 3,000",5억,1345,941,서향,20250502,"['25년이내', '역세권', '고층', '주차가능']",37.493258,127.007378
2523544595,일반상가,월세,6/8,"2,800","3억 5,000",605,469,동향,20250502,"['25년이상', '융자금적은', '역세권', '고층']",37.486571,127.014031
2523537353,일반상가,월세,2/8,"4,100",6억,812,674,동향,20250502,"['25년이상', '융자금적은', '역세권', '지상층(1층제외)']",37.486571,127.014031
2523567228,일반상가,월세,1/15,450,1억,65,65,동향,20250502,"['25년이내', '역세권', '1층', '주차가능']",37.488072,127.014158
2523529119,일반상가,월세,1/4,450,"8,000",202,165,동향,20250502,"['25년이상', '1층', '주차가능', '총4층']",37.487199,127.00802
2523557784,일반상가,월세,5/6,800,"1억 5,000",331,290,동향,20250502,"['25년이상', '역세권', '고층', '주차가능']",37.501403,127.024901
2523577432,일반상가,월세,1/9,290,"6,000",61,60,북향,20250502,"['25년이내', '역세권', '1층', '북향']",37.485522,127.031727
2523466799,일반상가,월세,1/6,130,"2,000",203,33,서향,20250502,"['25년이상', '1층', '관리비10만원이하', '주차가능']",37.486971,127.026326
2523426653,일반상가,월세,6/12,"5,457",6억,1803,964,남서향,20250502,"['25년이내', '역세권', '중층', '주차가능']",37.485765,127.016107
2523552837,일반상가,월세,5/8,"3,200",4억,679,542,동향,20250502,"['25년이상', '융자금적은', '역세권', '중층']",37.486571,127.014031
2523577678,단지내상가,매매,B1/3,,"4억 5,000",70,49,남동향,20250502,"['25년이내', '급매', '지하층', '주차가능']",37.49856,127.018898
2523609866,일반상가,월세,B1/24,150,"2,000",95,95,동향,20250502,"['25년이내', '역세권', '지하층', '주차가능']",37.486561,127.012904
2523580008,일반상가,월세,5/20,"5,000",5억,1221,639,북동향,20250502,"['4년이내', '지상층(1층제외)', '주차가능', '북동향']",37.489732,127.030997
2523365907,복합상가,매매,B2/7,,"4억 3,000",103,40,동향,20250502,"['10년이내', '지하층', '주차가능', '천장에어컨']",37.491278,127.022339
2523409561,일반상가,월세,3/24,"2,100","2억 5,000",541,393,동향,20250502,"['25년이내', '융자금없는', '역세권', '지상층(1층제외)']",37.495332,127.028337
2523551032,단지내상가,월세,1/5,330,"5,000",60,26,서향,20250502,"['10년이내', '융자금없는', '1층', '주차가능']",37.491841,127.027184
2523341205,일반상가,월세,1/4,390,"5,000",154,78,서향,20250501,"['10년이내', '융자금없는', '역세권', '1층']",37.487514,127.009142
2523305873,단지내상가,월세,1/4,250,"3,000",85,49,동향,20250501,"['25년이상', '역세권', '1층', '주차가능']",37.501784,127.022447
2523272781,일반상가,월세,1/5,250,"5,000",46,39,동향,20250501,"['25년이상', '융자금없는', '역세권', '1층']",37.491992,127.016997
2523309005,일반상가,월세,1/1,180,"3,000",56,31,남향,20250501,"['10년이내', '역세권', '1층', '주차가능']",37.490331,127.005772
2523304911,일반상가,월세,B1/11,480,"5,000",211,211,동향,20250501,"['15년이내', '역세권', '지하층', '관리비20만원이하']",37.49452,127.017903
2523021290,일반상가,월세,5/5,315,"5,000",119,99,북향,20250430,"['25년이상', '역세권', '고층', '주차가능']",37.488295,127.015086
2523119928,일반상가,월세,7/13,"2,352","2억 3,518",380,280,북향,20250430,"['25년이상', '역세권', '중층', '주차가능']",37.503843,127.023508
2523159714,일반상가,월세,1/4,180,"2,000",36,33,북향,20250430,"['25년이상', '역세권', '1층', '주차가능']",37.488345,127.015268
2523089011,일반상가,월세,3/6,450,"7,000",177,153,남동향,20250430,"['25년이내', '역세권', '중층', '주차가능']",37.490212,127.013491
2523022217,단지내상가,월세,1/16,450,"5,000",45,33,북향,20250430,"['4년이내', '역세권', '1층', '관리비20만원이하']",37.496578,127.013638
2523169754,단지내상가,월세,1/5,200,"3,000",20,20,동향,20250430,"['10년이내', '융자금없는', '1층', '관리비20만원이하']",37.491841,127.027184
2523192075,복합상가,월세,1/13,100,"1,000",10,8,동향,20250430,"['10년이내', '1층', '관리비10만원이하', '주차가능']",37.491841,127.027184
2523178773,복합상가,월세,B1/24,60,500,31,11,북서향,20250430,"['25년이상', '역세권', '지하층', '주차가능']",37.484748,127.017779
2523173763,일반상가,월세,1/10,300,"5,000",12,8,남향,20250430,"['25년이내', '역세권', '1층', '관리비10만원이하']",37.493715,127.014696
2523171628,단지내상가,매매,1/21,,9억,97,42,서향,20250430,"['25년이내', '역세권', '1층', '주차가능']",37.484059,127.01735
2523137226,단지내상가,월세,1/20,180,"2,000",73,47,동향,20250430,"['10년이내', '역세권', '1층', '주차가능']",37.485481,127.015059
2523184389,복합상가,월세,1/14,"1,650",2억,299,149,남향,20250430,"['15년이내', '역세권', '1층', '주차가능']",37.501134,127.024369
2523182770,일반상가,월세,3/16,"3,397","3억 3,977",507,410,동향,20250430,"['25년이상', '역세권', '지상층(1층제외)', '주차가능']",37.495114,127.028441
2523053786,일반상가,월세,B1/9,400,"8,000",262,231,북향,20250430,"['25년이상', '역세권', '지하층', '주차가능']",37.492724,127.01132
2523019249,일반상가,월세,B1/7,550,"1억 3,200",448,299,남향,20250430,"['25년이상', '융자금없는', '역세권', '지하층']",37.494701,127.014021
2523046249,일반상가,월세,1/6,800,"1억 5,000",300,288,북향,20250430,"['25년이상', '1층', '주차가능', '북향']",37.483184,127.020056
2523054608,일반상가,월세,B1/13,"1,300","1억 3,000",482,366,북서향,20250430,"['25년이상', '역세권', '지하층', '주차가능']",37.503843,127.023508
2523014064,일반상가,월세,1/7,450,"7,000",118,102,북동향,20250430,"['2년이내', '1층', '주차가능', '엘리베이터']",37.488439,127.016824
2523172908,일반상가,월세,3/7,"1,030","1억 2,600",276,190,북동향,20250430,"['2년이내', '테라스', '역세권', '중층']",37.495373,127.014476
2523177105,일반상가,월세,1/4,170,"5,000",83,66,서향,20250430,"['25년이상', '1층', '관리비10만원이하', '총4층']",37.480739,127.009159
2523206319,일반상가,월세,1/16,400,"5,000",101,54,서향,20250430,"['25년이내', '융자금없는', '역세권', '1층']",37.491594,127.014523
2523152522,일반상가,월세,1/7,"1,010","1억 1,700",193,133,남서향,20250430,"['2년이내', '역세권', '1층', '엘리베이터']",37.495373,127.014476
2523209653,일반상가,월세,3/13,390,"5,000",132,132,남향,20250430,"['25년이내', '역세권', '지상층(1층제외)', '주차가능']",37.492955,127.028697
2523036504,일반상가,월세,1/18,400,"5,000",51,34,남향,20250430,"['2년이내', '1층', '관리비20만원이하', '주차가능']",37.48955,127.030414
2523040088,일반상가,월세,B1/15,400,"5,000",160,94,남동향,20250430,"['25년이내', '역세권', '지하층', '주차가능']",37.4879,127.03201
2523145561,일반상가,월세,1/2,140,"3,000",34,33,남향,20250430,"['25년이상', '융자금없는', '1층', '관리비10만원이하']",37.490571,127.021322
2523098476,일반상가,월세,1/5,300,"3,000",208,72,북향,20250430,"['25년이내', '역세권', '1층', '주차가능']",37.493937,127.018595
2523095716,일반상가,월세,1/6,300,"3,000",149,130,남서향,20250430,"['25년이상', '1층', '주차가능', '남서향']",37.484062,127.021096
2523135331,일반상가,매매,3/10,,"4억 1,000",27,27,북향,20250430,"['25년이상', '역세권', '지상층(1층제외)', '주차가능']",37.499293,127.02548
2523046438,일반상가,월세,1/5,745,"1억 1,000",231,152,남향,20250430,"['25년이상', '역세권', '1층', '주차가능']",37.493651,127.011836
2523055249,일반상가,월세,1/4,178,"2,000",52,42,남향,20250430,"['25년이상', '1층', '관리비10만원이하', '주차가능']",37.488905,127.012638
2523144614,일반상가,월세,1/14,550,1억,221,149,서향,20250430,"['15년이내', '역세권', '1층', '관리비20만원이하']",37.501272,127.024304
2523033379,일반상가,월세,B1/7,420,"5,000",291,291,서향,20250430,"['25년이상', '역세권', '지하층', '주차가능']",37.485635,127.029778
2523045282,일반상가,월세,B1/4,800,"8,000",213,200,동향,20250430,"['25년이상', '역세권', '지하층', '총4층']",37.503181,127.022897
2523014864,일반상가,월세,1/6,157,"2,000",33,33,남향,20250430,"['10년이내', '역세권', '1층', '관리비10만원이하']",37.489327,127.012763
2522776129,일반상가,월세,1/5,420,1억,112,112,남향,20250430,"['25년이상', '1층', '주차가능', '총5층']",37.4877,127.023345
2523014441,일반상가,월세,1/5,140,"2,000",42,33,남동향,20250430,"['25년이상', '역세권', '1층', '총5층']",37.494257,127.012559
2523099262,일반상가,월세,B1/4,270,"2,500",170,158,동향,20250430,"['25년이상', '융자금적은', '지하층', '주차가능']",37.487596,127.012742
2523081430,일반상가,월세,2/4,70,"1,000",40,40,동향,20250430,"['25년이상', '중층', '관리비10만원이하', '총4층']",37.482446,127.007486
2523022234,일반상가,월세,B1/13,"1,600",2억,548,297,남향,20250430,"['15년이내', '융자금적은', '역세권', '지하층']",37.500034,127.02599
2523022318,일반상가,월세,1/13,"3,300",4억,229,124,남서향,20250430,"['15년이내', '융자금적은', '역세권', '1층']",37.500034,127.02599
2523021111,일반상가,월세,1/6,120,"2,000",38,38,서향,20250430,"['15년이내', '융자금없는', '1층', '주차가능']",37.482586,127.007476
2523073754,일반상가,월세,B1/24,40,500,33,12,서향,20250430,"['25년이상', '역세권', '지하층', '관리비20만원이하']",37.484748,127.017779
2523137976,일반상가,월세,1/2,800,1억,264,264,동향,20250430,"['25년이상', '1층', '주차가능', '총2층']",37.488032,127.020522
2523056973,단지내상가,월세,1/2,100,"2,000",23,17,동향,20250430,"['25년이상', '융자금없는', '1층', '관리비10만원이하']",37.488113,127.00793
2523134953,일반상가,월세,B1/15,"4,960","8억 8,000",839,839,남향,20250430,"['25년이상', '역세권', '지하층', '주차가능']",37.499552,127.02631
2523105595,일반상가,월세,1/19,450,"5,000",36,36,남동향,20250430,"['25년이상', '역세권', '1층', '주차가능']",37.496022,127.025282
2523208362,일반상가,월세,1/6,35,500,10,10,서향,20250430,"['25년이상', '1층', '관리비20만원이하', '주차가능']",37.492125,127.025978
2523211924,일반상가,월세,9/13,"1,200",1억,210,181,동향,20250430,"['10년이내', '융자금적은', '역세권', '고층']",37.498368,127.026438
2522777794,일반상가,월세,1/5,338,"4,000",136,125,남동향,20250429,"['25년이상', '1층', '주차가능', '총5층']",37.481819,127.010384
2522783427,일반상가,월세,1/5,300,"3,000",97,97,동향,20250429,"['25년이상', '역세권', '1층', '주차가능']",37.488114,127.015323
2522777508,일반상가,월세,B1/14,50,"1,000",19,19,북동향,20250429,"['25년이내', '역세권', '지하층', '주차가능']",37.493098,127.013494
2522779070,일반상가,월세,1/5,140,"2,000",36,36,남향,20250429,"['25년이내', '1층', '관리비20만원이하', '주차가능']",37.484855,127.021714
2522826557,일반상가,월세,1/5,160,"2,500",23,23,동향,20250429,"['25년이내', '역세권', '1층', '관리비20만원이하']",37.491164,127.011494
2522777186,일반상가,월세,1/3,230,"2,000",41,31,북향,20250429,"['25년이상', '1층', '관리비10만원이하', '주차가능']",37.487844,127.026926
2522777585,일반상가,월세,B1/20,700,1억,216,103,동향,20250429,"['25년이내', '역세권', '지하층', '주차가능']",37.494794,127.028594
2522779474,일반상가,월세,1/14,"1,600",2억,221,149,동향,20250429,"['15년이내', '역세권', '1층', '주차가능']",37.501207,127.024611
2522778910,일반상가,월세,B1/4,160,"3,000",90,90,서향,20250429,"['25년이상', '역세권', '지하층', '주차가능']",37.495222,127.012605
2522824965,일반상가,월세,1/12,400,"4,000",90,37,남서향,20250429,"['25년이내', '역세권', '1층', '주차가능']",37.493523,127.028097
2522454154,일반상가,월세,1/12,"2,850",10억,191,92,동향,20250429,"['10년이내', '융자금없는', '역세권', '1층']",37.50185,127.024651
2522999316,일반상가,월세,1/5,850,"10억 5,000",495,345,동향,20250429,"['25년이상', '역세권', '1층', '주차가능']",37.485194,127.015374
2522791733,일반상가,월세,1/11,270,"3,000",39,39,남향,20250429,"['10년이내', '역세권', '1층', '관리비20만원이하']",37.485442,127.014576
2522893045,일반상가,매매,1/5,,"7억 5,000",68,56,북서향,20250429,"['4년이내', '역세권', '1층', '관리비10만원이하']",37.489336,127.011371
2522794197,일반상가,월세,1/2,420,"8,000",163,66,남향,20250429,"['25년이상', '역세권', '1층', '주차가능']",37.491042,127.013887
2522977724,일반상가,월세,3/3,"1억 3,000",5억,1343,1343,남서향,20250429,"['25년이내', '융자금적은', '역세권', '고층']",37.493258,127.007378
2522787237,단지내상가,월세,B1/2,"1,100","1억 5,000",330,300,남동향,20250429,"['25년이내', '지하층', '주차가능', '총2층']",37.485718,127.01158
2522779300,일반상가,월세,1/8,"1,000",2억,294,165,동향,20250429,"['25년이상', '역세권', '1층', '주차가능']",37.486571,127.014031
2522805380,일반상가,월세,B1/10,"5,000",5억,2611,1675,남향,20250429,"['25년이상', '역세권', '지하층', '주차가능']",37.484847,127.013461
2522825201,일반상가,월세,1/7,480,1억,100,100,동향,20250429,"['25년이상', '역세권', '1층', '주차가능']",37.489772,127.014107
2522939938,일반상가,월세,5/5,450,"5,000",171,132,북향,20250429,"['25년이내', '역세권', '고층', '주차가능']",37.485565,127.019349
2522873205,일반상가,월세,1/3,170,"2,000",33,33,남향,20250429,"['25년이상', '1층', '총3층', '남향']",37.487813,127.028305
2522881914,일반상가,월세,1/5,350,"5,000",70,56,서향,20250429,"['25년이내', '역세권', '1층', '관리비20만원이하']",37.493056,127.016287
2522882580,일반상가,월세,2/14,"1,680",2억 163,275,275,동향,20250429,"['2년이내', '역세권', '지상층(1층제외)', '주차가능']",37.495303,127.027876
2522903367,일반상가,월세,1/7,740,"9,500",862,141,남향,20250429,"['25년이내', '역세권', '1층', '주차가능']",37.491411,127.012074
2522901413,일반상가,월세,1/6,"2,300",5억,1419,806,남향,20250429,"['25년이내', '1층', '주차가능', '엘리베이터']",37.481817,127.01586
2522882495,일반상가,월세,1/19,"2,300",3억,738,445,북향,20250429,"['25년이상', '융자금적은', '역세권', '1층']",37.495246,127.01969
2522864595,일반상가,월세,B1/6,420,"5,000",271,231,동향,20250429,"['25년이상', '역세권', '지하층', '주차가능']",37.489081,127.013662
2522852730,단지내상가,월세,1/13,330,"5,000",103,60,동향,20250429,"['25년이내', '역세권', '1층', '주차가능']",37.50323,127.023577
2522832236,일반상가,월세,1/5,320,1억,118,79,남향,20250429,"['25년이상', '역세권', '1층', '주차가능']",37.492678,127.009414
2522850014,일반상가,월세,1/3,220,"2,000",41,33,북향,20250429,"['25년이상', '1층', '총3층', '북향']",37.487844,127.026926
2522867243,일반상가,월세,B1/6,420,"4,000",269,264,서향,20250429,"['25년이상', '역세권', '지하층', '주차가능']",37.493065,127.014744
2522853223,단지내상가,월세,2/13,590,"5,000",195,110,동향,20250429,"['25년이내', '융자금적은', '역세권', '지상층(1층제외)']",37.50323,127.023577
2522934785,일반상가,월세,B1/5,"4,500",3억,1450,1157,남향,20250429,"['25년이내', '지하층', '주차가능', '총5층']",37.491886,127.025252
2522943953,복합상가,월세,B1/15,150,"2,000",93,65,동향,20250429,"['25년이내', '역세권', '지하층', '관리비20만원이하']",37.492142,127.029105
2522833075,일반상가,월세,1/6,550,"5,000",216,96,북동향,20250429,"['25년이상', '1층', '주차가능', '북동향']",37.487758,127.026544
2522872235,일반상가,월세,1/5,550,"5,000",102,99,동향,20250429,"['25년이상', '1층', '주차가능', '총5층']",37.487758,127.026544
2522848696,복합상가,월세,1/15,700,1억,209,114,남향,20250429,"['25년이내', '융자금없는', '역세권', '1층']",37.502857,127.024553
2522832480,일반상가,월세,1/6,157,"2,000",45,38,북향,20250429,"['10년이내', '역세권', '1층', '관리비10만원이하']",37.489229,127.012739
2522838368,일반상가,월세,B1/5,"4,000","6억 5,000",1736,1001,남향,20250429,"['25년이상', '융자금없는', '역세권', '지하층']",37.492572,127.007969
2522833590,일반상가,월세,1/6,185,"2,500",49,46,남향,20250429,"['25년이상', '역세권', '1층', '주차가능']",37.487637,127.031394
2522787328,일반상가,월세,B1/12,"7,500",9억,1252,998,동향,20250429,"['10년이내', '역세권', '지하층', '주차가능']",37.50185,127.024651
2522789843,일반상가,월세,B1/7,400,"3,000",200,148,북서향,20250429,"['2년이내', '융자금적은', '역세권', '지하층']",37.490352,127.012937
2522811470,일반상가,월세,B1/6,"1,100",1억,545,545,동향,20250429,"['25년이상', '역세권', '지하층', '주차가능']",37.489317,127.008551
2522778654,일반상가,월세,1/3,100,"1,000",41,41,남향,20250429,"['25년이상', '1층', '관리비10만원이하', '주차가능']",37.487844,127.026926
2522798488,복합상가,월세,1/7,250,"5,000",74,39,서향,20250429,"['25년이상', '융자금없는', '역세권', '1층']",37.503168,127.021773
2522827705,일반상가,월세,2/4,400,"4,800",190,190,북서향,20250429,"['25년이상', '역세권', '중층', '주차가능']",37.484442,127.020876
2522805349,일반상가,월세,1/14,350,"6,600",49,37,서향,20250429,"['25년이내', '역세권', '1층', '주차가능']",37.495067,127.013657
2522897955,일반상가,월세,1/12,"2,850",10억,168,100,남동향,20250429,"['10년이내', '역세권', '1층', '주차가능']",37.50185,127.024651
2522907201,일반상가,월세,6/19,"3,169","3억 1,696",299,299,동향,20250429,"['2년이내', '역세권', '지상층(1층제외)', '주차가능']",37.498459,127.026712
2522902672,일반상가,월세,12/13,"3,096",3억 960,512,512,동향,20250429,"['25년이상', '역세권', '고층', '주차가능']",37.502163,127.02497
2522817081,일반상가,월세,1/5,350,"4,700",66,66,동향,20250429,"['25년이상', '1층', '주차가능', '총5층']",37.488228,127.012407
2522828292,일반상가,월세,1/5,300,"4,000",97,97,북향,20250429,"['25년이상', '1층', '주차가능', '총5층']",37.487143,127.030491
2522824836,일반상가,월세,1/5,500,1억,223,99,남동향,20250429,"['25년이상', '역세권', '1층', '주차가능']",37.491645,127.010283
2522824400,일반상가,월세,1/5,"2,000",3억,433,146,북향,20250429,"['25년이상', '역세권', '1층', '주차가능']",37.484392,127.014476
2522831258,일반상가,월세,1/13,660,"7,000",196,115,동향,20250429,"['25년이내', '역세권', '1층', '주차가능']",37.50323,127.023577
2522784658,일반상가,월세,5/5,300,"4,000",198,119,남향,20250429,"['25년이상', '융자금없는', '고층', '주차가능']",37.487434,127.022419
2522778747,복합상가,매매,1/24,,55억,679,302,남서향,20250429,"['25년이내', '역세권', '1층', '주차가능']",37.484703,127.016979
2522831849,일반상가,월세,1/6,350,"7,000",83,83,서향,20250429,"['25년이상', '역세권', '1층', '주차가능']",37.488458,127.0141
2522780210,일반상가,월세,1/14,370,"5,000",119,60,북향,20250429,"['25년이내', '역세권', '1층', '주차가능']",37.493477,127.015449
2522705378,일반상가,월세,1/6,480,1억,82,52,남향,20250429,"['10년이내', '1층', '주차가능', '남향']",37.482804,127.003447
2522803559,일반상가,월세,1/10,200,"3,000",23,23,동향,20250429,"['10년이내', '역세권', '1층', '관리비20만원이하']",37.492127,127.014606
2522943460,일반상가,월세,B1/9,500,1억,413,330,남서향,20250429,"['25년이상', '역세권', '지하층', '주차가능']",37.489497,127.009228
2522955756,단지내상가,월세,B2/14,"1,500","1억 5,000",436,436,북향,20250429,"['15년이내', '역세권', '지하층', '주차가능']",37.49426,127.028234
2522942851,일반상가,월세,1/5,525,"6,500",149,118,서향,20250429,"['25년이상', '융자금없는', '역세권', '1층']",37.492922,127.014766
2522926195,일반상가,월세,10/11,928,2억,405,314,동향,20250429,"['25년이상', '융자금없는', '역세권', '고층']",37.493259,127.029329
2522927061,일반상가,월세,13/15,"1,368","1억 3,680",414,318,동향,20250429,"['25년이상', '융자금없는', '역세권', '고층']",37.493943,127.029002
2522954284,일반상가,월세,1/14,"1,650",2억,71,71,북향,20250429,"['15년이내', '역세권', '1층', '주차가능']",37.501134,127.024369
2522960306,일반상가,월세,1/5,"2,800",5억,407,360,동향,20250429,"['25년이내', '역세권', '1층', '주차가능']",37.487526,127.009406
2522964851,일반상가,월세,1/5,"1,200",3억,448,171,동향,20250429,"['25년이내', '융자금적은', '역세권', '1층']",37.494842,127.013097
2522920433,일반상가,월세,10/19,"3,169","3억 1,696",299,299,동향,20250429,"['2년이내', '역세권', '중층', '주차가능']",37.498516,127.026899
2522923550,일반상가,월세,10/16,"3,209","3억 2,089",507,410,동향,20250429,"['25년이상', '융자금없는', '역세권', '중층']",37.495114,127.028441
2522873946,일반상가,월세,1/4,350,"4,200",95,95,북서향,20250429,"['25년이상', '역세권', '1층', '주차가능']",37.484442,127.020876
2522890285,복합상가,월세,1/14,550,1억,63,31,서향,20250429,"['15년이내', '역세권', '1층', '주차가능']",37.501134,127.024369
2522906075,일반상가,월세,3/4,125,"1,500",145,117,남서향,20250429,"['25년이상', '역세권', '고층', '주차가능']",37.485728,127.021704
2522925624,일반상가,월세,9/11,464,"9,000",264,158,동향,20250429,"['25년이상', '융자금없는', '역세권', '고층']",37.493259,127.029329
2522923651,일반상가,월세,B1/21,"3,270","5억 4,500",1801,1028,북향,20250429,"['25년이상', '역세권', '지하층', '주차가능']",37.496723,127.024584
2522905113,일반상가,월세,9/13,"3,096",3억 960,512,512,동향,20250429,"['25년이상', '역세권', '고층', '주차가능']",37.50222,127.02516
2522955972,일반상가,월세,1/1,126,"4,000",23,23,동향,20250429,"['10년이내', '역세권', '1층', '주차가능']",37.495149,127.012918
2522929922,복합상가,월세,5/20,"4,355","4억 3,553",1198,629,동향,20250429,"['4년이내', '지상층(1층제외)', '주차가능', '동향']",37.489732,127.030997
2522944593,일반상가,월세,1/5,748,1억,165,165,,20250429,"['25년이상', '융자금없는', '역세권', '1층']",37.490759,127.009235
2522965574,일반상가,월세,3/4,300,"4,000",134,134,서향,20250429,"['25년이상', '고층', '주차가능', '총4층']",37.487726,127.004582
2522974556,일반상가,월세,5/6,673,1억,230,221,남동향,20250429,"['25년이상', '융자금적은', '역세권', '고층']",37.502743,127.021801
2522935819,일반상가,월세,1/4,390,"4,500",93,93,동향,20250429,"['25년이내', '역세권', '1층', '주차가능']",37.503282,127.022107
2522942634,일반상가,월세,3/4,300,"5,000",148,132,북향,20250429,"['25년이상', '역세권', '고층', '관리비20만원이하']",37.48974,127.006965
2522948088,일반상가,월세,1/6,276,"5,000",80,60,서향,20250429,"['25년이내', '1층', '주차가능', '엘리베이터']",37.488687,127.012452
2522948029,일반상가,월세,1/6,552,1억,155,120,서향,20250429,"['25년이내', '1층', '주차가능', '엘리베이터']",37.488687,127.012452
2522947452,일반상가,월세,B1/1,430,"5,400",198,198,동향,20250429,"['25년이상', '지하층', '주차가능', '동향']",37.487518,127.028406
2522928667,일반상가,월세,B1/7,"2,780","3억 3,400",679,595,동향,20250429,"['2년이내', '역세권', '지하층', '주차가능']",37.491837,127.012909
2522970135,일반상가,월세,1/5,500,1억,223,92,남향,20250429,"['25년이상', '역세권', '1층', '주차가능']",37.491645,127.010283
2522959492,일반상가,월세,B1/5,500,1억,223,99,남향,20250429,"['25년이상', '역세권', '지하층', '주차가능']",37.491645,127.010283
2522971012,일반상가,월세,1/5,300,"3,000",106,36,서향,20250429,"['25년이상', '역세권', '1층', '총5층']",37.491791,127.010141
2522961216,일반상가,월세,1/4,300,"4,000",78,78,서향,20250429,"['25년이상', '역세권', '1층', '주차가능']",37.487833,127.015035
2522967263,일반상가,월세,1/14,"1,120","1억 5,000",60,60,서향,20250429,"['15년이내', '역세권', '1층', '주차가능']",37.501134,127.024369
2522964651,일반상가,월세,1/5,200,"3,000",39,29,남서향,20250429,"['25년이상', '역세권', '1층', '관리비10만원이하']",37.491992,127.016997
2522964404,일반상가,월세,1/7,700,"1억 5,000",118,118,동향,20250429,"['25년이내', '역세권', '1층', '주차가능']",37.490368,127.013962
2522956580,일반상가,매매,1/13,,13억,75,75,동향,20250429,"['25년이내', '역세권', '1층', '주차가능']",37.50323,127.023577
2522958627,일반상가,월세,1/5,300,"3,000",33,29,서향,20250429,"['25년이상', '역세권', '1층', '주차가능']",37.491791,127.010141
2522956944,일반상가,매매,1/13,,17억,73,73,,20250429,"['25년이내', '역세권', '1층', '주차가능']",37.50323,127.023577
2522984276,일반상가,월세,B1/5,130,"2,000",23,13,,20250429,"['25년이내', '역세권', '지하층', '주차가능']",37.495409,127.016479
2522959696,일반상가,월세,1/6,220,"2,000",161,23,남향,20250429,"['25년이상', '융자금없는', '역세권', '1층']",37.49255,127.016261
2522988997,일반상가,월세,1/3,200,"3,000",39,29,서향,20250429,"['25년이상', '역세권', '1층', '관리비10만원이하']",37.491992,127.016997
2522988426,단지내상가,월세,1/4,250,"3,000",90,85,남향,20250429,"['25년이상', '융자금없는', '역세권', '1층']",37.501784,127.022447
2522992055,단지내상가,월세,4/4,300,"5,000",136,136,동향,20250429,"['25년이상', '융자금없는', '역세권', '고층']",37.501784,127.022447
2522964271,일반상가,월세,1/17,"6억 6,917","66억 9,176",2765,2765,북동향,20250429,"['2년이내', '역세권', '1층', '주차가능']",37.503111,127.024432
2523002860,단지내상가,월세,1/19,"1,500",3억,445,267,북향,20250429,"['25년이상', '융자금적은', '역세권', '1층']",37.495246,127.01969
2522990843,일반상가,월세,3/10,750,1억,252,148,서향,20250429,"['2년이내', '역세권', '지상층(1층제외)', '주차가능']",37.492176,127.029465
2523004481,단지내상가,월세,3/3,250,"3,000",139,79,동향,20250429,"['25년이내', '역세권', '고층', '주차가능']",37.486357,127.01511
2523002883,일반상가,월세,2/7,330,"3,000",169,122,남향,20250429,"['25년이내', '역세권', '지상층(1층제외)', '주차가능']",37.494595,127.019708
2522778727,일반상가,월세,1/5,525,"6,000",149,120,서향,20250429,"['25년이상', '역세권', '1층', '주차가능']",37.492922,127.014766
2522965490,복합상가,매매,B1/20,,12억,192,192,남향,20250429,"['25년이상', '급매', '지하층', '주차가능']",37.48582,127.029172
2522826406,일반상가,월세,1/5,230,"3,000",50,50,동향,20250429,"['25년이내', '역세권', '1층', '관리비20만원이하']",37.491164,127.011494
2522930797,일반상가,월세,B1/6,350,"5,000",286,247,북향,20250429,"['25년이내', '역세권', '지하층', '엘리베이터']",37.484618,127.030348
2522928305,일반상가,월세,3/5,140,"2,000",75,60,서향,20250429,"['25년이상', '융자금적은', '역세권', '중층']",37.493051,127.029322
2522603069,일반상가,월세,1/3,200,"3,000",46,26,남동향,20250428,"['25년이상', '역세권', '1층', '관리비10만원이하']",37.491992,127.016997
2522606722,일반상가,월세,2/46,300,"3,000",110,87,동향,20250428,"['25년이내', '역세권', '지상층(1층제외)', '주차가능']",37.48301,127.016038
2522618533,단지내상가,월세,2/5,90,"2,000",30,14,북향,20250428,"['10년이내', '중층', '주차가능', '총5층']",37.491841,127.027184
2522633438,단지내상가,월세,2/5,120,"2,000",52,25,동향,20250428,"['10년이내', '중층', '주차가능', '총5층']",37.491841,127.027184
2522576829,복합상가,월세,B1/5,140,"1,500",49,49,서향,20250428,"['25년이상', '역세권', '지하층', '관리비20만원이하']",37.493051,127.029322
2522669490,일반상가,월세,1/11,800,1억,115,82,동향,20250428,"['2년이내', '역세권', '1층', '동향']",37.494898,127.014032
2522668540,일반상가,월세,2/11,700,1억,142,116,동향,20250428,"['2년이내', '역세권', '지상층(1층제외)', '동향']",37.494898,127.014032
2522634483,단지내상가,월세,2/5,240,"4,000",102,39,남향,20250428,"['4년이내', '중층', '주차가능', '총5층']",37.488818,127.027669
2522730597,일반상가,월세,1/11,"1,100",1억,115,85,동향,20250428,"['2년이내', '역세권', '1층', '동향']",37.494898,127.014032
2522730846,일반상가,월세,B1/11,700,1억,162,132,동향,20250428,"['2년이내', '역세권', '지하층', '동향']",37.494898,127.014032
2522774539,일반상가,월세,1/7,700,"1억 5,000",140,118,동향,20250428,"['25년이내', '역세권', '1층', '주차가능']",37.490368,127.013962
2522772293,일반상가,월세,1/6,220,"2,000",161,16,동향,20250428,"['25년이상', '역세권', '1층', '주차가능']",37.49255,127.016261
2522745030,일반상가,월세,B1/15,150,"1,000",83,52,북향,20250428,"['25년이내', '역세권', '지하층', '주차가능']",37.492553,127.011007
2522761880,일반상가,월세,4/5,"1,882","2억 6,800",366,307,남향,20250428,"['25년이상', '역세권', '고층', '주차가능']",37.493651,127.011836
2522769127,일반상가,월세,1/4,170,"1,500",41,39,북서향,20250428,"['25년이상', '역세권', '1층', '주차가능']",37.487281,127.031051
2522730386,일반상가,월세,9/12,850,"1억 3,000",165,148,남향,20250428,"['25년이내', '역세권', '고층', '주차가능']",37.502582,127.024389
2522740029,단지내상가,월세,1/7,740,"9,500",862,142,서향,20250428,"['25년이내', '융자금적은', '역세권', '1층']",37.491411,127.012074
2522735378,복합상가,월세,1/19,"8,844","8,844",53,53,동향,20250428,"['2년이내', '역세권', '1층', '주차가능']",37.497094,127.027497
2522741975,단지내상가,월세,1/5,600,"5,000",180,100,동향,20250428,"['25년이내', '역세권', '1층', '주차가능']",37.491877,127.016691
2522759055,일반상가,월세,1/5,260,"3,000",103,78,동향,20250428,"['25년이내', '융자금적은', '역세권', '1층']",37.493297,127.017242
2522753117,일반상가,월세,1/15,370,"4,200",48,21,서향,20250428,"['10년이내', '융자금없는', '역세권', '1층']",37.499743,127.025584
2522746187,복합상가,월세,4/19,"1,928","1억 9,284",290,290,동향,20250428,"['2년이내', '역세권', '지상층(1층제외)', '주차가능']",37.497094,127.027497
2522741706,단지내상가,매매,B1/24,,6억,183,95,남향,20250428,"['25년이내', '역세권', '지하층', '주차가능']",37.486561,127.012904
2522723596,일반상가,월세,B1/10,380,"6,000",330,155,동향,20250428,"['4년이내', '지하층', '주차가능', '동향']",37.481656,127.012217
2522676105,일반상가,월세,B1/4,"1,100","1억 5,000",193,181,남서향,20250428,"['25년이상', '역세권', '지하층', '주차가능']",37.498451,127.026289
2522769965,단지내상가,월세,2/2,800,1억,215,214,동향,20250428,"['25년이내', '고층', '주차가능', '엘리베이터']",37.485718,127.01158
2522770051,일반상가,월세,B1/5,420,"4,000",269,264,남향,20250428,"['25년이상', '역세권', '지하층', '주차가능']",37.493065,127.014744
2522710643,일반상가,월세,1/12,400,"4,000",37,37,남서향,20250428,"['25년이내', '역세권', '1층', '주차가능']",37.493349,127.028181
2522724103,일반상가,월세,B1/4,130,"3,000",151,115,남동향,20250428,"['25년이상', '역세권', '지하층', '주차가능']",37.490961,127.011421
2522700915,일반상가,월세,4/14,"1,532","1억 8,392",230,230,남동향,20250428,"['2년이내', '역세권', '지상층(1층제외)', '주차가능']",37.495303,127.027876
2522672344,일반상가,월세,B1/9,"1,000","2억 5,000",368,368,북향,20250428,"['25년이상', '테라스', '역세권', '지하층']",37.494607,127.015046
2522725017,일반상가,월세,1/5,650,"1억 2,000",148,148,남향,20250428,"['25년이상', '역세권', '1층', '주차가능']",37.492297,127.010915
2522711652,일반상가,월세,1/6,441,"4,000",109,109,남향,20250428,"['25년이내', '역세권', '1층', '남향']",37.490173,127.013162
2522670190,일반상가,월세,B1/6,500,"6,000",332,264,서향,20250428,"['25년이상', '역세권', '지하층', '주차가능']",37.487324,127.015348
2522758739,일반상가,월세,1/5,650,"1억 2,000",148,132,남향,20250428,"['25년이상', '역세권', '1층', '주차가능']",37.492297,127.010915
2522747899,일반상가,월세,1/5,"2,500","3억 5,000",631,631,,20250428,"['25년이상', '1층', '주차가능', '총5층']",37.4877,127.023345
2522727433,일반상가,월세,2/5,460,"6,000",164,89,서향,20250428,"['25년이상', '역세권', '중층', '주차가능']",37.49047,127.013751
2522696450,일반상가,매매,B1/19,,"6억 2,000",200,131,동향,20250428,"['4년이내', '역세권', '급매', '지하층']",37.487933,127.013837
2522689070,일반상가,월세,1/5,210,"4,000",68,68,남향,20250428,"['25년이상', '역세권', '1층', '관리비10만원이하']",37.488299,127.016892
2522666550,복합상가,매매,B1/20,,2억,55,23,동향,20250428,"['10년이내', '역세권', '지하층', '관리비20만원이하']",37.49196,127.028816
2522663279,복합상가,월세,1/15,"2,000",2억,105,105,동향,20250428,"['15년이내', '융자금없는', '역세권', '1층']",37.502069,127.024679
2522665818,일반상가,월세,B1/14,590,1억,297,211,남향,20250428,"['25년이내', '역세권', '지하층', '주차가능']",37.492802,127.028558
2522643518,복합상가,월세,9/19,"3,169","3억 1,699",299,299,동향,20250428,"['2년이내', '융자금없는', '역세권', '중층']",37.498459,127.026712
2522643894,일반상가,월세,1/20,"1,060",2억,69,69,서향,20250428,"['25년이내', '역세권', '1층', '주차가능']",37.494794,127.028594
2522623078,일반상가,월세,B1/15,400,1억,128,105,,20250428,"['25년이내', '역세권', '지하층', '주차가능']",37.495568,127.020691
2522626028,일반상가,월세,1/3,500,"6,000",69,69,북향,20250428,"['25년이상', '역세권', '1층', '총3층']",37.50143,127.02421
2522647322,일반상가,월세,B1/7,400,"6,000",155,138,동향,20250428,"['2년이내', '융자금적은', '지하층', '주차가능']",37.488439,127.016824
2522638172,일반상가,월세,B1/3,250,"3,000",143,115,남향,20250428,"['25년이상', '역세권', '지하층', '주차가능']",37.492893,127.008493
2522721308,단지내상가,매매,1/8,,16억,173,80,서향,20250428,"['25년이내', '역세권', '1층', '주차가능']",37.486127,127.014527
2522684046,일반상가,월세,2/15,230,"3,000",33,26,남향,20250428,"['10년이내', '지상층(1층제외)', '주차가능', '남향']",37.48932,127.029956
2522688468,일반상가,월세,B1/9,"1,000","2억 5,000",489,370,북향,20250428,"['25년이상', '역세권', '지하층', '주차가능']",37.494607,127.015046
2522606305,일반상가,월세,1/7,442,"6,000",111,111,남향,20250428,"['10년이내', '역세권', '1층', '주차가능']",37.490416,127.010049
2522582320,일반상가,월세,B2/18,"3,200","4억 8,000",1128,799,북향,20250428,"['25년이내', '역세권', '지하층', '주차가능']",37.492018,127.009631
2522611650,복합상가,월세,14/16,"3,490",4억 700,320,320,서향,20250428,"['4년이내', '융자금없는', '역세권', '고층']",37.499174,127.026496
2522601977,복합상가,매매,B1/13,,30억,290,290,서향,20250428,"['25년이내', '역세권', '지하층', '주차가능']",37.490493,127.008722
2522609368,일반상가,월세,B1/7,365,"5,000",214,165,남서향,20250428,"['25년이내', '역세권', '지하층', '주차가능']",37.492032,127.010048
2522603184,일반상가,월세,1/5,200,"2,000",33,15,남향,20250428,"['25년이내', '역세권', '1층', '관리비20만원이하']",37.49255,127.016261
2522585607,일반상가,월세,1/7,"1,420","3억 3,000",296,231,서향,20250428,"['25년이내', '융자금없는', '역세권', '1층']",37.488896,127.009446
2522603900,일반상가,월세,1/10,180,"3,000",40,31,동향,20250428,"['15년이내', '역세권', '1층', '관리비10만원이하']",37.494247,127.017568
2522725685,일반상가,월세,B1/5,270,"3,000",148,145,남향,20250428,"['25년이상', '역세권', '지하층', '관리비10만원이하']",37.494948,127.015133
2522721552,단지내상가,월세,2/8,230,"2,500",177,88,서향,20250428,"['25년이내', '역세권', '지상층(1층제외)', '주차가능']",37.486127,127.014527
2522660211,일반상가,월세,1/10,200,"3,000",22,19,동향,20250428,"['10년이내', '융자금적은', '역세권', '1층']",37.492127,127.014606
2522667290,단지내상가,월세,1/15,230,"3,000",60,27,남서향,20250428,"['25년이내', '1층', '주차가능', '엘리베이터']",37.48932,127.029956
2522577014,일반상가,월세,B1/5,"4,000","6억 5,000",1736,1000,남향,20250428,"['25년이상', '융자금없는', '역세권', '지하층']",37.49236,127.008073
2522571898,일반상가,월세,1/6,300,"5,000",122,122,동향,20250428,"['25년이상', '융자금없는', '1층', '주차가능']",37.481614,127.01033
2522561349,일반상가,월세,B1/6,350,"5,000",246,246,북향,20250428,"['25년이내', '지하층', '엘리베이터', '북향']",37.484618,127.030348
2522542435,복합상가,월세,10/19,"3,407","3억 4,079",321,321,동향,20250428,"['2년이내', '융자금없는', '역세권', '중층']",37.498516,127.026899
2522568716,단지내상가,월세,1/8,165,"3,000",48,38,서향,20250428,"['25년이내', '역세권', '1층', '관리비10만원이하']",37.487376,127.008492
2522559542,단지내상가,월세,1/7,500,1억,161,89,서향,20250428,"['25년이상', '융자금없는', '1층', '주차가능']",37.482291,127.004904
2522568541,일반상가,월세,11/15,"2,872","2억 5,028",327,238,동향,20250428,"['4년이내', '역세권', '고층', '주차가능']",37.498996,127.026591
2522643996,일반상가,월세,1/6,"1,100","1억 5,000",220,165,서향,20250428,"['25년이상', '역세권', '1층', '주차가능']",37.489662,127.009148
2522662150,일반상가,월세,1/15,400,1억,62,62,동향,20250428,"['25년이내', '융자금적은', '역세권', '1층']",37.488072,127.014158
2522662738,단지내상가,월세,1/20,150,"2,000",67,31,동향,20250428,"['10년이내', '역세권', '1층', '주차가능']",37.485481,127.015059
2522649801,일반상가,월세,8/13,"3,096",3억 960,637,512,동향,20250428,"['25년이상', '역세권', '중층', '주차가능']",37.502163,127.02497
2522616078,일반상가,월세,4/5,150,"1,500",250,66,동향,20250428,"['25년이상', '역세권', '고층', '관리비20만원이하']",37.486991,127.030732
2522724067,일반상가,월세,1/5,70,"1,000",39,23,남동향,20250428,"['25년이상', '1층', '관리비10만원이하', '주차가능']",37.488001,127.011845
2522761159,단지내상가,월세,2/4,200,"3,000",50,48,동향,20250428,"['25년이상', '융자금없는', '중층', '주차가능']",37.501493,127.021708
2522469151,일반상가,매매,B2/27,,28억,1838,935,동향,20250428,"['25년이상', '급매', '지하층', '주차가능']",37.48582,127.029172
2522470507,일반상가,월세,2/5,850,1억,189,188,남서향,20250428,"['25년이상', '역세권', '중층', '관리비10만원이하']",37.501691,127.024028
2522592259,일반상가,월세,B1/15,392,"4,200",370,223,동향,20250428,"['25년이내', '역세권', '지하층', '주차가능']",37.4879,127.03201
2522603252,일반상가,월세,1/10,200,"3,000",25,21,서향,20250428,"['10년이내', '역세권', '1층', '엘리베이터']",37.492127,127.014606
2522583070,일반상가,매매,B1/1,,"8억 5,000",53,29,서향,20250428,"['10년이내', '역세권', '지하층', '주차가능']",37.490331,127.005772
2522590247,일반상가,월세,2/8,"4,100",6억,812,700,북동향,20250428,"['25년이상', '역세권', '지상층(1층제외)', '주차가능']",37.486571,127.014031
2522583257,일반상가,월세,2/12,350,"5,000",342,100,남향,20250428,"['15년이내', '역세권', '지상층(1층제외)', '주차가능']",37.491725,127.009062
2522593832,복합상가,월세,1/15,"6,804","8억 1,648",429,249,동향,20250428,"['10년이내', '역세권', '1층', '주차가능']",37.499743,127.025584
2522591671,일반상가,월세,1/7,740,"9,500",142,142,남향,20250428,"['25년이내', '역세권', '1층', '주차가능']",37.491411,127.012074
2522607776,일반상가,월세,1/7,350,"3,000",83,50,북향,20250428,"['2년이내', '역세권', '1층', '주차가능']",37.490352,127.012937
2522585837,일반상가,월세,B1/5,"4,000","6억 5,000",1736,1000,남향,20250428,"['25년이상', '융자금없는', '역세권', '지하층']",37.492498,127.007737
2522566871,일반상가,월세,1/6,"1,557","1억 8,691",114,114,동향,20250428,"['2년이내', '역세권', '1층', '동향']",37.495303,127.027876
2522561380,일반상가,월세,2/9,"1,100","2억 2,000",297,252,북향,20250428,"['25년이상', '역세권', '지상층(1층제외)', '주차가능']",37.494607,127.015046
2522545067,일반상가,월세,5/7,"6,160",8억,1134,1123,남향,20250428,"['2년이내', '고층', '주차가능', '엘리베이터']",37.481372,127.014311
2522537883,복합상가,월세,1/17,"5,003",5억 3,1652,892,북향,20250428,"['10년이내', '역세권', '1층', '주차가능']",37.490331,127.005772
2522551785,일반상가,월세,B1/3,350,"5,000",229,229,북향,20250428,"['25년이상', '융자금없는', '지하층', '총3층']",37.488742,127.016502
2522569605,일반상가,월세,2/6,160,"2,000",58,58,서향,20250428,"['25년이내', '역세권', '지상층(1층제외)', '관리비20만원이하']",37.487718,127.008527
2522570404,일반상가,월세,1/6,295,"5,000",48,48,서향,20250428,"['25년이내', '역세권', '1층', '관리비20만원이하']",37.487718,127.008527
2522570997,일반상가,월세,5/6,800,"1억 5,000",330,290,동향,20250428,"['25년이상', '역세권', '고층', '주차가능']",37.501403,127.024901
2522532918,일반상가,월세,2/20,"1,081","1억 8,000",398,188,동향,20250428,"['25년이내', '역세권', '지상층(1층제외)', '주차가능']",37.494794,127.028594
2522468819,일반상가,월세,1/3,490,"5,000",99,99,북서향,20250428,"['25년이내', '융자금적은', '1층', '관리비20만원이하']",37.488642,127.029515
2522494998,복합상가,매매,B1/16,,6억,323,154,동향,20250428,"['25년이상', '역세권', '급매', '지하층']",37.487916,127.0142
2522509304,일반상가,월세,B1/8,700,1억,307,266,,20250428,"['25년이상', '지하층', '주차가능', '엘리베이터']",37.480683,127.012369
2522526875,단지내상가,매매,4/5,,8억,102,39,남동향,20250428,"['4년이내', '고층', '주차가능', '엘리베이터']",37.488818,127.027669
2522504933,단지내상가,월세,2/4,200,"3,000",48,48,동향,20250428,"['25년이상', '중층', '주차가능', '총4층']",37.501168,127.020841
2522527744,단지내상가,매매,1/2,,35억,263,118,남동향,20250428,"['25년이내', '1층', '주차가능', '천장에어컨']",37.485718,127.01158
2522505784,일반상가,월세,1/6,450,1억,76,49,동향,20250428,"['25년이상', '역세권', '1층', '주차가능']",37.489071,127.014241
2522469319,일반상가,월세,1/4,150,"1,500",40,28,남동향,20250428,"['25년이상', '역세권', '1층', '관리비20만원이하']",37.485468,127.017053
2522562806,일반상가,월세,B1/43,920,"4억 7,140",588,280,남향,20250428,"['25년이내', '역세권', '지하층', '주차가능']",37.4967,127.026854
2522674961,일반상가,월세,1/3,250,"5,000",204,39,서향,20250428,"['25년이상', '역세권', '1층', '관리비10만원이하']",37.491877,127.017037
2522650275,일반상가,월세,3/5,140,"2,000",66,59,남서향,20250428,"['25년이상', '융자금없는', '역세권', '중층']",37.493051,127.029322
2522722019,일반상가,월세,1/11,900,1억,115,86,동향,20250428,"['2년이내', '역세권', '1층', '엘리베이터']",37.494898,127.014032
2522650768,일반상가,월세,B1/5,140,"2,000",85,49,남서향,20250428,"['25년이상', '융자금없는', '역세권', '지하층']",37.493051,127.029322
2522721832,일반상가,월세,2/11,700,1억,145,125,동향,20250428,"['2년이내', '역세권', '지상층(1층제외)', '엘리베이터']",37.494898,127.014032
2522513908,복합상가,월세,13/15,"2,702","2억 7,000",255,255,동향,20250428,"['4년이내', '융자금없는', '역세권', '고층']",37.498996,127.026591
2522544001,일반상가,월세,B1/6,550,"8,000",227,185,남동향,20250428,"['10년이내', '역세권', '지하층', '주차가능']",37.484937,127.030984
2522493435,일반상가,월세,B1/5,140,"1,500",88,49,서향,20250428,"['25년이상', '융자금적은', '역세권', '지하층']",37.493051,127.029322
2522602855,일반상가,월세,1/3,250,"5,000",46,39,남동향,20250428,"['25년이상', '역세권', '1층', '관리비10만원이하']",37.491992,127.016997
2522519187,일반상가,월세,2/4,290,"3,000",98,85,동향,20250428,"['25년이상', '역세권', '중층', '관리비20만원이하']",37.489987,127.013527
2522769429,일반상가,월세,B1/4,870,"1억 5,000",720,333,동향,20250428,"['10년이내', '역세권', '지하층', '주차가능']",37.495149,127.012918
2522727076,일반상가,월세,2/7,330,"3,000",151,122,남향,20250428,"['25년이내', '테라스', '역세권', '지상층(1층제외)']",37.494595,127.019708
2522755282,복합상가,월세,2/15,85,"1,000",57,33,동향,20250428,"['25년이내', '역세권', '지상층(1층제외)', '관리비20만원이하']",37.502056,127.024014
2522729616,일반상가,월세,12/12,"1,200","1억 5,000",197,165,남향,20250428,"['25년이내', '역세권', '고층', '주차가능']",37.502582,127.024389
2522740276,일반상가,매매,1/19,,"9억 5,000",122,58,서향,20250428,"['15년이내', '1층', '주차가능', '서향']",37.496289,127.020409
2522721743,일반상가,월세,B1/11,500,1억,162,109,동향,20250428,"['2년이내', '역세권', '지하층', '엘리베이터']",37.494898,127.014032
2522440646,일반상가,월세,B1/5,300,"4,000",153,132,서향,20250426,"['25년이상', '역세권', '지하층', '주차가능']",37.496635,127.014373
2522308768,일반상가,월세,3/7,"1,804","2억 1,657",362,314,동향,20250426,"['2년이내', '융자금없는', '역세권', '중층']",37.491837,127.012909
2522458806,복합상가,매매,1/12,,"13억 3,443",57,26,남서향,20250426,"['4년이내', '역세권', '1층', '관리비20만원이하']",37.494395,127.027689
2522404576,일반상가,월세,2/11,750,1억,239,224,동향,20250426,"['2년이내', '융자금없는', '역세권', '지상층(1층제외)']",37.48567,127.01422
2522435591,단지내상가,매매,1/24,,"12억 5,000",110,56,서향,20250426,"['25년이내', '역세권', '1층', '주차가능']",37.486561,127.012904
2522308738,일반상가,월세,2/7,500,1억,231,211,동향,20250426,"['25년이내', '융자금없는', '지상층(1층제외)', '주차가능']",37.48739,127.028469
2522306497,일반상가,월세,6/6,280,"2,800",92,72,북동향,20250426,"['25년이상', '고층', '주차가능', '엘리베이터']",37.487758,127.026544
2522308422,일반상가,월세,B1/11,380,"5,000",211,181,북서향,20250426,"['15년이내', '역세권', '지하층', '주차가능']",37.49452,127.017903
2522444490,일반상가,월세,1/6,550,"5,000",115,96,북동향,20250426,"['25년이상', '1층', '주차가능', '엘리베이터']",37.487758,127.026544
2522439688,일반상가,월세,1/15,390,"5,000",47,47,동향,20250426,"['25년이내', '역세권', '1층', '주차가능']",37.491587,127.029971
2522451009,일반상가,월세,2/21,740,1억,273,129,동향,20250426,"['25년이상', '역세권', '지상층(1층제외)', '주차가능']",37.496796,127.027639
2522404204,일반상가,월세,3/6,450,"7,000",177,177,남향,20250426,"['25년이내', '역세권', '중층', '주차가능']",37.490212,127.013491
2522340477,일반상가,월세,B2/15,"7,430","8억 9,100",701,701,남향,20250426,"['10년이내', '융자금없는', '역세권', '지하층']",37.499614,127.025856
2522399803,일반상가,월세,B1/6,260,"4,000",130,89,남향,20250426,"['25년이상', '융자금없는', '역세권', '지하층']",37.489102,127.013931
2522400447,일반상가,월세,2/6,180,"2,000",71,58,서향,20250426,"['25년이내', '역세권', '지상층(1층제외)', '관리비20만원이하']",37.487718,127.008527
2522321526,일반상가,월세,1/8,300,"6,000",59,59,서향,20250426,"['25년이내', '역세권', '1층', '주차가능']",37.485522,127.031727
2522400124,일반상가,월세,1/6,260,"3,000",52,52,동향,20250426,"['10년이내', '1층', '주차가능', '동향']",37.487025,127.00907
2522327835,일반상가,월세,2/6,600,"7,000",192,192,남동향,20250426,"['4년이내', '역세권', '지상층(1층제외)', '주차가능']",37.486124,127.032136
2522334853,일반상가,매매,B2/19,,45억,1160,570,남향,20250426,"['10년이내', '지하층', '주차가능', '남향']",37.496289,127.020409
2522311362,일반상가,월세,1/5,110,"1,000",38,35,서향,20250426,"['10년이내', '역세권', '1층', '관리비10만원이하']",37.482719,127.013208
2522309505,단지내상가,월세,B1/5,110,"2,000",51,19,남서향,20250426,"['4년이내', '지하층', '관리비20만원이하', '주차가능']",37.488818,127.027669
2522340914,일반상가,월세,3/14,"1,500","1억 5,000",396,196,남향,20250426,"['2년이내', '융자금없는', '마당', '역세권']",37.494538,127.014822
2522395361,일반상가,월세,B1/5,350,"8,000",179,179,서향,20250426,"['25년이상', '역세권', '지하층', '주차가능']",37.485165,127.033305
2522317807,일반상가,월세,B1/4,185,"2,000",105,102,북향,20250426,"['25년이내', '역세권', '지하층', '관리비20만원이하']",37.503282,127.022107
2522438164,일반상가,월세,1/8,"1,000",2억,166,166,동향,20250426,"['25년이상', '역세권', '1층', '주차가능']",37.486571,127.014031
2522457535,일반상가,월세,1/5,800,1억,148,148,서향,20250426,"['25년이상', '테라스', '역세권', '1층']",37.484115,127.019201
2522438602,일반상가,월세,1/7,600,1억,161,149,서향,20250426,"['25년이상', '역세권', '1층', '주차가능']",37.485635,127.029778
2522457606,일반상가,월세,1/5,500,"6,000",82,82,남향,20250426,"['25년이상', '역세권', '1층', '주차가능']",37.486465,127.016496
2522447063,단지내상가,월세,2/3,35,500,19,9,서향,20250426,"['25년이상', '역세권', '중층', '관리비10만원이하']",37.49735,127.022621
2522458782,단지내상가,매매,1/2,,"16억 5,000",82,45,북향,20250426,"['10년이내', '1층', '주차가능', '총2층']",37.490331,127.005772
2522409309,복합상가,월세,1/15,180,"3,000",30,20,서향,20250426,"['25년이내', '역세권', '1층', '주차가능']",37.494717,127.018295
2522416885,일반상가,월세,1/19,"1,200",2억,151,99,동향,20250426,"['10년이내', '역세권', '1층', '주차가능']",37.492719,127.013596
2522420347,일반상가,월세,1/5,340,"7,000",143,143,남향,20250426,"['25년이내', '역세권', '1층', '주차가능']",37.49371,127.009479
2522412890,일반상가,월세,3/10,132,"1,000",36,36,남동향,20250426,"['25년이상', '역세권', '지상층(1층제외)', '관리비20만원이하']",37.499293,127.02548
2522411800,일반상가,월세,B1/7,300,"4,000",94,82,동향,20250426,"['10년이내', '테라스', '역세권', '지하층']",37.486824,127.031973
2522313903,일반상가,월세,1/5,300,"5,000",76,62,서향,20250426,"['25년이상', '1층', '주차가능', '총5층']",37.487638,127.028914
2522400252,일반상가,월세,1/6,"2,000",2억,281,214,서향,20250426,"['25년이상', '융자금없는', '역세권', '1층']",37.489812,127.009075
2522417816,단지내상가,월세,1/5,150,"2,000",18,18,서향,20250426,"['10년이내', '융자금없는', '1층', '관리비20만원이하']",37.491841,127.027184
2522342964,단지내상가,월세,5/20,"4,761","4억 7,617",1208,629,남향,20250426,"['4년이내', '융자금없는', '지상층(1층제외)', '주차가능']",37.489732,127.030997
2522320809,일반상가,월세,1/4,300,"3,000",156,117,서향,20250426,"['10년이내', '역세권', '1층', '주차가능']",37.493513,127.007867
2522363672,단지내상가,매매,2/22,,5억,73,73,북동향,20250426,"['2년이내', '역세권', '지상층(1층제외)', '주차가능']",37.486857,127.014524
2522190637,일반상가,매매,B1/20,,20억,214,103,서향,20250425,"['25년이내', '역세권', '지하층', '주차가능']",37.494794,127.028594
2522299812,일반상가,매매,1/15,,22억,124,65,북향,20250425,"['25년이내', '역세권', '1층', '주차가능']",37.484202,127.013714
2522273708,일반상가,월세,3/24,"2,100","2억 5,000",736,393,동향,20250425,"['25년이내', '융자금없는', '역세권', '지상층(1층제외)']",37.495332,127.028337
2522251760,일반상가,월세,1/6,276,"3,000",180,76,남서향,20250425,"['25년이내', '1층', '주차가능', '남서향']",37.488577,127.012506
2522183063,단지내상가,월세,B5/2,180,"3,000",63,31,동향,20250425,"['10년이내', '역세권', '지하층', '관리비20만원이하']",37.490331,127.005772
2522170424,일반상가,월세,B1/6,350,"5,000",286,246,북향,20250425,"['25년이내', '역세권', '지하층', '북향']",37.484618,127.030348
2522091086,일반상가,월세,2/6,"1,660","2억 5,000",363,280,북동향,20250425,"['25년이상', '역세권', '지상층(1층제외)', '주차가능']",37.501403,127.024901
2522079791,일반상가,월세,B1/5,400,"5,000",228,228,북동향,20250425,"['25년이상', '역세권', '지하층', '주차가능']",37.491487,127.013125
2522117430,일반상가,월세,전체층/4,390,"4,500",93,93,남향,20250425,"['25년이내', '역세권', '주차가능', '총4층']",37.503282,127.022107
2522122126,단지내상가,월세,1/2,300,"5,000",60,60,남향,20250425,"['25년이내', '1층', '주차가능', '총2층']",37.485718,127.01158
2522158637,일반상가,월세,1/5,50,"2,000",103,33,북향,20250425,"['25년이상', '역세권', '1층', '관리비10만원이하']",37.489778,127.011756
2522139965,복합상가,매매,2/21,,7억,102,47,동향,20250425,"['25년이내', '역세권', '지상층(1층제외)', '주차가능']",37.484059,127.01735
2522118095,일반상가,월세,1/6,"2,000",2억,220,214,남서향,20250425,"['25년이상', '역세권', '1층', '주차가능']",37.489812,127.009075
2522091279,일반상가,월세,2/4,"3,630","4억 5,000",395,395,북동향,20250425,"['25년이상', '역세권', '중층', '총4층']",37.500836,127.02527
2522126066,일반상가,월세,B1/20,"1,026","1억 5,939",966,337,북향,20250425,"['25년이상', '융자금없는', '역세권', '지하층']",37.496651,127.025134
2522115636,일반상가,월세,2/12,380,"5,000",110,53,남향,20250425,"['4년이내', '역세권', '지상층(1층제외)', '주차가능']",37.494395,127.027689
2522146156,일반상가,월세,3/4,350,"4,000",176,142,남향,20250425,"['25년이상', '고층', '주차가능', '천장에어컨']",37.482886,127.006417
2522156536,일반상가,월세,전체층/7,600,"7,000",170,170,남향,20250425,"['10년이내', '역세권', '주차가능', '남향']",37.502931,127.023097
2522286685,일반상가,월세,1/14,"1,650",2억,302,149,,20250425,"['15년이내', '역세권', '1층', '주차가능']",37.501134,127.024369
2522270120,일반상가,월세,1/2,600,"5,000",85,85,북향,20250425,"['10년이내', '역세권', '1층', '주차가능']",37.490331,127.005772
2522134512,일반상가,월세,1/2,180,"4,000",34,34,북향,20250425,"['25년이상', '역세권', '1층', '총2층']",37.488234,127.008793
2522284621,일반상가,월세,3/15,"1,532","1억 8,392",295,230,동향,20250425,"['2년이내', '역세권', '지상층(1층제외)', '주차가능']",37.495303,127.027876
2522229239,일반상가,월세,13/14,"1,400",2억,569,307,북동향,20250425,"['15년이내', '융자금없는', '역세권', '고층']",37.49426,127.028234
2522198601,일반상가,월세,1/2,150,"2,000",42,36,남서향,20250425,"['25년이상', '역세권', '1층', '총2층']",37.491292,127.017384
2522081367,일반상가,월세,B1/5,180,"2,000",99,99,북동향,20250425,"['25년이상', '지하층', '관리비20만원이하', '주차가능']",37.48676,127.027036
2522145410,일반상가,월세,3/4,300,"4,000",165,138,남동향,20250425,"['25년이상', '고층', '주차가능', '천장에어컨']",37.487726,127.004582
2522235239,일반상가,월세,B1/11,700,1억,162,130,동향,20250425,"['2년이내', '역세권', '지하층', '동향']",37.494898,127.014032
2522196546,단지내상가,매매,B1/5,,8억,126,68,북동향,20250425,"['25년이상', '지하층', '엘리베이터', '천장에어컨']",37.499951,127.017458
2522202246,복합상가,월세,1/15,400,1억,107,65,북향,20250425,"['25년이내', '역세권', '1층', '주차가능']",37.488072,127.014158
2522234439,일반상가,월세,3/14,579,"7,000",134,115,북동향,20250425,"['15년이내', '융자금없는', '역세권', '지상층(1층제외)']",37.49426,127.028234
2522168894,일반상가,월세,1/12,400,"4,000",37,37,남향,20250425,"['25년이내', '역세권', '1층', '주차가능']",37.493523,127.028097
2522188674,일반상가,월세,5/16,900,"1억 2,000",375,280,동향,20250425,"['10년이내', '역세권', '지상층(1층제외)', '주차가능']",37.493498,127.0286
2522185016,복합상가,월세,11/24,200,"3,000",82,82,서향,20250425,"['25년이상', '역세권', '중층', '주차가능']",37.484748,127.017779
2522200470,일반상가,월세,1/4,300,"3,000",80,80,남향,20250425,"['25년이상', '1층', '관리비10만원이하', '주차가능']",37.490143,127.019893
2522202599,복합상가,월세,1/18,305,1억,60,46,남향,20250425,"['25년이내', '역세권', '1층', '주차가능']",37.492018,127.009631
2522201170,일반상가,월세,1/4,170,"2,000",39,33,남향,20250425,"['25년이상', '1층', '관리비10만원이하', '주차가능']",37.490143,127.019893
2522141779,일반상가,월세,B1/7,300,"4,000",94,94,동향,20250425,"['10년이내', '테라스', '역세권', '지하층']",37.486824,127.031973
2522210173,일반상가,월세,1/4,60,"1,000",33,23,남향,20250425,"['25년이상', '역세권', '1층', '관리비10만원이하']",37.489789,127.012117
2522145814,일반상가,월세,1/2,600,"8,000",79,63,남동향,20250425,"['25년이상', '마당', '1층', '총2층']",37.482749,127.007226
2522210992,일반상가,월세,1/5,200,"4,000",42,42,남향,20250425,"['25년이내', '융자금적은', '역세권', '1층']",37.494193,127.018402
2522131157,일반상가,월세,3/10,900,"1억 5,000",121,121,동향,20250425,"['25년이내', '역세권', '지상층(1층제외)', '엘리베이터']",37.502429,127.025075
2522258406,일반상가,월세,5/6,850,"1억 5,000",331,264,동향,20250425,"['25년이상', '융자금없는', '역세권', '고층']",37.501403,127.024901
2522255274,일반상가,월세,1/6,400,"5,000",158,132,북향,20250425,"['25년이상', '역세권', '1층', '주차가능']",37.48439,127.019252
2522250334,일반상가,월세,1/7,450,"6,000",162,148,남향,20250425,"['25년이내', '1층', '주차가능', 'CCTV']",37.482402,127.010946
2522247928,일반상가,월세,3/4,100,"1,500",43,33,북향,20250425,"['25년이상', '고층', '관리비20만원이하', '총4층']",37.483351,127.009413
2522301229,단지내상가,월세,1/18,360,"5,000",58,38,남향,20250425,"['2년이내', '1층', '관리비20만원이하', '주차가능']",37.48955,127.030414
2522297891,일반상가,월세,10/10,400,"4,000",145,119,남서향,20250425,"['10년이내', '역세권', '고층', '주차가능']",37.495094,127.027737
2522042749,일반상가,월세,1/15,250,"3,000",58,39,서향,20250425,"['25년이내', '융자금없는', '1층', '관리비10만원이하']",37.490597,127.029612
2522252123,일반상가,월세,6/13,"3,096",3억 960,512,512,동향,20250425,"['25년이상', '역세권', '중층', '주차가능']",37.50222,127.02516
2522278215,일반상가,월세,1/1,670,"9,000",198,179,남동향,20250425,"['25년이상', '1층', '주차가능', '남동향']",37.487518,127.028406
2522264199,일반상가,월세,5/14,"1,532","1억 8,392",363,231,동향,20250425,"['2년이내', '역세권', '중층', '주차가능']",37.495303,127.027876
2522292107,일반상가,월세,2/4,130,"1,000",232,39,북서향,20250425,"['25년이상', '중층', '관리비20만원이하', '엘리베이터']",37.487936,127.027227
2522040737,단지내상가,월세,1/5,350,"5,000",25,17,남서향,20250424,"['10년이내', '1층', '관리비10만원이하', '주차가능']",37.491841,127.027184
2522052258,일반상가,월세,1/3,200,"3,000",46,29,서향,20250424,"['25년이상', '역세권', '1층', '관리비10만원이하']",37.491992,127.016997
2521829687,일반상가,월세,B1/13,"1,600",2억,380,277,남향,20250424,"['15년이내', '융자금없는', '역세권', '지하층']",37.500034,127.02599
2522063737,일반상가,월세,B1/5,420,"5,000",248,205,북향,20250424,"['25년이상', '역세권', '지하층', '총5층']",37.49567,127.015161
2521976051,복합상가,매매,2/10,,"5억 5,000",55,28,남향,20250424,"['25년이상', '역세권', '지상층(1층제외)', '관리비20만원이하']",37.499293,127.02548
2521882494,일반상가,월세,1/2,400,"4,000",120,120,북동향,20250424,"['25년이내', '역세권', '1층', '관리비10만원이하']",37.486889,127.019888
2521934719,일반상가,월세,B2/4,250,"5,000",286,217,남향,20250424,"['25년이상', '융자금없는', '역세권', '지하층']",37.495654,127.013758
2522039919,단지내상가,월세,B1/2,"1,100","1억 5,000",709,300,동향,20250424,"['25년이내', '지하층', '주차가능', '천장에어컨']",37.485718,127.01158
2521877233,단지내상가,월세,1/2,450,"5,000",104,104,남향,20250424,"['25년이내', '1층', '주차가능', '엘리베이터']",37.485718,127.01158
2521905710,단지내상가,월세,1/5,150,"2,000",41,18,동향,20250424,"['10년이내', '1층', '관리비10만원이하', '주차가능']",37.491841,127.027184
2522056885,일반상가,월세,2/5,170,"5,000",57,27,서향,20250424,"['10년이내', '중층', '주차가능', '엘리베이터']",37.491841,127.027184
2522047219,일반상가,월세,B1/4,200,"2,000",79,79,남동향,20250424,"['25년이상', '역세권', '지하층', '관리비20만원이하']",37.492616,127.009214
2522050507,일반상가,월세,5/8,"1,080","1억 3,000",300,214,남동향,20250424,"['2년이내', '역세권', '중층', '주차가능']",37.48652,127.020958
2522045065,일반상가,월세,1/8,280,"3,000",95,44,서향,20250424,"['25년이내', '역세권', '1층', '주차가능']",37.486127,127.014527
2521987079,일반상가,월세,1/6,126,"4,000",45,42,남향,20250424,"['10년이내', '역세권', '1층', '주차가능']",37.495149,127.012918
2522056903,복합상가,매매,2/12,,11억,190,78,서향,20250424,"['25년이내', '역세권', '지상층(1층제외)', '주차가능']",37.493523,127.028097
2521852713,일반상가,월세,1/10,200,"3,000",40,23,동향,20250424,"['10년이내', '역세권', '1층', '엘리베이터']",37.492127,127.014606
2521997799,단지내상가,매매,B1/24,,"4억 5,000",140,95,동향,20250424,"['25년이내', '역세권', '급매', '지하층']",37.486561,127.012904
2522030550,단지내상가,매매,4/5,,19억,138,96,남향,20250424,"['4년이내', '급매', '고층', '주차가능']",37.491841,127.027184
2522038107,일반상가,월세,1/8,"1,490","1억 7,000",274,195,남동향,20250424,"['2년이내', '역세권', '1층', '주차가능']",37.48652,127.020958
2521919699,일반상가,월세,1/22,750,1억,127,82,남향,20250424,"['2년이내', '역세권', '1층', '주차가능']",37.48455,127.031229
2522060717,일반상가,월세,1/5,200,"2,000",33,33,동향,20250424,"['25년이상', '역세권', '1층', '총5층']",37.493763,127.009618
2522040770,일반상가,월세,3/8,"1,100","1억 5,000",239,239,동향,20250424,"['15년이내', '역세권', '중층', '주차가능']",37.500521,127.024959
2522042476,일반상가,월세,1/20,"1,400","2억 5,000",95,56,동향,20250424,"['25년이내', '융자금없는', '역세권', '1층']",37.494538,127.02823
2522042374,일반상가,월세,1/13,"1,300","1억 5,000",246,122,북향,20250424,"['25년이내', '역세권', '1층', '주차가능']",37.491989,127.009181
2522021909,일반상가,월세,5/7,600,"7,000",170,165,동향,20250424,"['10년이내', '역세권', '고층', '주차가능']",37.502931,127.023097
2522069005,단지내상가,매매,1/1,,"6억 5,000",102,71,동향,20250424,"['10년이내', '1층', '주차가능', '동향']",37.48695,127.011634
2522067114,단지내상가,월세,B1/5,170,"2,000",117,96,북동향,20250424,"['25년이상', '융자금적은', '지하층', '관리비20만원이하']",37.48676,127.027036
2521999474,일반상가,월세,1/4,390,"4,500",82,76,남향,20250424,"['25년이내', '역세권', '1층', '주차가능']",37.503282,127.022107
2521944660,일반상가,월세,B1/6,538,"8,000",208,198,남동향,20250424,"['15년이내', '융자금없는', '테라스', '역세권']",37.490631,127.010538
2521982604,일반상가,월세,1/5,"2,800",5억,456,356,동향,20250424,"['25년이내', '융자금없는', '역세권', '1층']",37.487526,127.009406
2521933717,일반상가,월세,1/5,200,"5,000",50,33,북향,20250424,"['25년이내', '역세권', '1층', '관리비20만원이하']",37.493495,127.017131
2521955206,일반상가,월세,2/5,"5,250",9억,1099,1090,서향,20250424,"['25년이내', '역세권', '중층', '주차가능']",37.493047,127.007482
2521953985,일반상가,월세,B1/5,"4,000","6억 5,000",1736,1000,남향,20250424,"['25년이상', '융자금없는', '역세권', '지하층']",37.492323,127.007846
2521992682,일반상가,월세,1/15,"2,241","2억 2,414",204,105,북동향,20250424,"['15년이내', '역세권', '1층', '주차가능']",37.50226,127.024319
2522001819,단지내상가,월세,1/19,325,"5,000",106,46,남서향,20250424,"['2년이내', '역세권', '1층', '주차가능']",37.495679,127.025168
2522008458,일반상가,매매,2/14,,10억,115,66,,20250424,"['15년이내', '역세권', '지상층(1층제외)', '주차가능']",37.49426,127.028234
2521990785,일반상가,월세,2/6,110,"1,000",40,33,북향,20250424,"['25년이상', '역세권', '지상층(1층제외)', '관리비20만원이하']",37.496901,127.014847
2522002375,단지내상가,월세,1/19,341,"5,000",83,36,남서향,20250424,"['2년이내', '역세권', '1층', '주차가능']",37.495679,127.025168
2522007106,일반상가,월세,1/6,165,"3,000",61,38,북서향,20250424,"['25년이내', '1층', '관리비10만원이하', '주차가능']",37.487359,127.00889
2522023451,단지내상가,월세,B1/5,300,"4,000",68,35,북서향,20250424,"['10년이내', '지하층', '주차가능', '총5층']",37.491841,127.027184
2522004672,복합상가,월세,1/12,"1,000","1억 2,000",81,45,동향,20250424,"['25년이내', '역세권', '1층', '주차가능']",37.500998,127.025093
2522003634,단지내상가,월세,1/19,"1,364",2억,334,145,남서향,20250424,"['2년이내', '역세권', '1층', '주차가능']",37.495679,127.025168
2521822701,일반상가,월세,3/14,"3,065","3억 6,784",570,528,동향,20250424,"['2년이내', '융자금없는', '역세권', '지상층(1층제외)']",37.495303,127.027876
2521988367,단지내상가,매매,B1/3,,"6억 5,000",164,74,북향,20250424,"['25년이내', '지하층', '주차가능', '천장에어컨']",37.49856,127.018898
2521906385,일반상가,월세,1/14,"1,600",2억,150,150,동향,20250424,"['15년이내', '역세권', '1층', '주차가능']",37.501272,127.024304
2521905064,일반상가,월세,6/13,"3,096",3억 960,852,512,동향,20250424,"['25년이상', '역세권', '중층', '주차가능']",37.50222,127.02516
2521932751,일반상가,월세,2/6,160,"2,000",71,51,,20250424,"['25년이내', '역세권', '지상층(1층제외)', '관리비20만원이하']",37.487718,127.008527
2521926894,일반상가,월세,1/6,400,"5,000",132,132,북동향,20250424,"['25년이내', '1층', '주차가능', '북동향']",37.485573,127.009746
2521934401,일반상가,월세,1/10,380,"6,000",90,60,남향,20250424,"['25년이내', '역세권', '1층', '관리비20만원이하']",37.493477,127.015449
2521945211,일반상가,월세,2/4,350,"4,000",131,115,서향,20250424,"['25년이상', '역세권', '중층', '주차가능']",37.496006,127.014206
2521907324,일반상가,월세,14/15,"5,032",5억 323,720,476,동향,20250424,"['4년이내', '역세권', '고층', '주차가능']",37.498996,127.026591
2521911442,일반상가,월세,1/5,600,"5,000",180,165,동향,20250424,"['25년이내', '테라스', '역세권', '1층']",37.491877,127.016691
2521891966,일반상가,월세,B1/6,300,"3,000",118,118,서향,20250424,"['25년이내', '역세권', '지하층', '관리비20만원이하']",37.490193,127.013334
2521846459,일반상가,월세,2/6,650,1억,177,45,남향,20250424,"['25년이내', '융자금적은', '역세권', '지상층(1층제외)']",37.490212,127.013491
2521988492,단지내상가,월세,B1/3,66,"1,000",57,25,남동향,20250424,"['25년이내', '융자금없는', '지하층', '주차가능']",37.49856,127.018898
2521972728,일반상가,월세,B1/4,200,"2,000",79,70,남향,20250424,"['25년이상', '역세권', '지하층', '관리비20만원이하']",37.492616,127.009214
2521846484,일반상가,월세,2/3,319,"3,000",91,76,북향,20250424,"['25년이상', '융자금적은', '역세권', '중층']",37.500667,127.024891
2521979993,일반상가,월세,1/14,"1,000",1억,31,31,남서향,20250424,"['25년이내', '역세권', '1층', '주차가능']",37.497954,127.026535
2521934601,일반상가,월세,B1/7,"1,000",2억,526,429,남향,20250424,"['25년이상', '융자금없는', '역세권', '지하층']",37.492092,127.014281
2521981036,일반상가,월세,1/5,145,"2,000",30,29,남향,20250424,"['25년이상', '역세권', '1층', '관리비20만원이하']",37.492855,127.009237
2521970960,일반상가,월세,1/4,"3,000",5억,443,330,남서향,20250424,"['25년이상', '역세권', '1층', '주차가능']",37.492401,127.008541
2521954161,단지내상가,월세,1/5,110,"1,000",38,38,서향,20250424,"['10년이내', '융자금적은', '역세권', '1층']",37.482719,127.013208
2521940214,일반상가,월세,B1/9,950,2억,447,423,북서향,20250424,"['25년이상', '융자금없는', '역세권', '지하층']",37.492982,127.01241
2521888078,일반상가,월세,1/9,200,"5,000",61,53,동향,20250424,"['10년이내', '1층', '관리비20만원이하', '주차가능']",37.482948,127.007973
2522046096,일반상가,월세,B1/8,"1,210","1억 6,650",574,409,남동향,20250424,"['2년이내', '역세권', '지하층', '주차가능']",37.48652,127.020958
2522038911,일반상가,월세,7/13,"3,096",3억 960,637,512,동향,20250424,"['25년이상', '융자금적은', '역세권', '중층']",37.502163,127.02497
2522042063,일반상가,월세,1/15,100,"2,000",60,30,남서향,20250424,"['25년이내', '1층', '관리비10만원이하', '주차가능']",37.490597,127.029612
2522044133,일반상가,월세,6/12,750,1억,288,219,동향,20250424,"['25년이내', '융자금없는', '역세권', '중층']",37.494797,127.02812
2522000377,단지내상가,월세,2/19,185,"5,000",69,33,남서향,20250424,"['2년이내', '역세권', '지상층(1층제외)', '주차가능']",37.495679,127.025168
2522010893,일반상가,월세,1/5,350,"4,000",116,92,북서향,20250424,"['25년이상', '역세권', '1층', '주차가능']",37.493866,127.016561
2522047628,단지내상가,매매,3/15,,18억,205,115,동향,20250424,"['25년이내', '역세권', '지상층(1층제외)', '주차가능']",37.502857,127.024553
2522048826,일반상가,월세,4/6,350,"5,000",88,88,동향,20250424,"['25년이내', '역세권', '중층', '주차가능']",37.501524,127.02453
2522012005,일반상가,월세,1/7,250,"5,000",74,36,동향,20250424,"['25년이상', '융자금적은', '역세권', '1층']",37.503168,127.021773
2522071422,단지내상가,월세,2/4,200,"3,000",48,48,동향,20250424,"['25년이상', '역세권', '중층', '주차가능']",37.501784,127.022447
2522074819,일반상가,월세,1/13,150,"2,000",7,4,남향,20250424,"['25년이내', '융자금없는', '역세권', '1층']",37.492955,127.028697
2521911012,일반상가,월세,4/5,700,1억,185,185,남서향,20250424,"['25년이상', '역세권', '고층', '관리비10만원이하']",37.501691,127.024028
2521904888,일반상가,월세,3/6,330,"6,000",214,148,남향,20250424,"['25년이내', '중층', '주차가능', '엘리베이터']",37.482075,127.013391
2521869851,일반상가,월세,B1/44,"1,060","5억 4,450",678,323,동향,20250424,"['25년이내', '융자금없는', '역세권', '지하층']",37.4967,127.026854
2521909116,일반상가,월세,1/5,300,"5,000",76,76,남서향,20250424,"['25년이상', '1층', '주차가능', '천장에어컨']",37.487638,127.028914
2521919436,일반상가,월세,7/13,750,1억,234,181,동향,20250424,"['25년이내', '역세권', '중층', '주차가능']",37.498595,127.026221
2521873545,일반상가,매매,5/12,,"7억 3,000",82,38,남향,20250424,"['4년이내', '역세권', '중층', '주차가능']",37.494395,127.027689
2521893583,일반상가,월세,3/13,470,"8,000",370,134,남동향,20250424,"['25년이내', '역세권', '지상층(1층제외)', '주차가능']",37.492955,127.028697
2521874797,일반상가,매매,2/20,,13억,135,64,동향,20250424,"['25년이내', '역세권', '지상층(1층제외)', '주차가능']",37.494794,127.028594
2521861661,일반상가,매매,B1/19,,"9억 8,000",300,202,남향,20250424,"['4년이내', '역세권', '지하층', '주차가능']",37.487933,127.013837
2521867181,일반상가,월세,1/5,600,"6,000",92,66,남서향,20250424,"['25년이상', '역세권', '1층', '엘리베이터']",37.491791,127.010141
2521866955,일반상가,월세,1/2,300,"7,000",135,60,북향,20250424,"['25년이내', '1층', '주차가능', '총2층']",37.485718,127.01158
2521846514,일반상가,월세,1/7,270,"4,500",164,40,남향,20250424,"['25년이상', '융자금적은', '역세권', '1층']",37.484734,127.029976
2521865417,일반상가,월세,1/4,140,"2,000",39,26,남향,20250424,"['25년이내', '역세권', '1층', '관리비10만원이하']",37.488936,127.01292
2521865044,일반상가,월세,1/5,340,"7,000",143,125,남향,20250424,"['25년이내', '역세권', '1층', '주차가능']",37.49371,127.009479
2521729406,단지내상가,월세,2/24,80,"1,500",32,21,동향,20250423,"['25년이내', '융자금없는', '역세권', '지상층(1층제외)']",37.484703,127.016979
2521819914,일반상가,월세,2/7,530,1억,231,231,,20250423,"['25년이내', '지상층(1층제외)', '주차가능']",37.48739,127.028469
2521820741,일반상가,월세,1/4,"1,800",3억,433,171,동향,20250423,"['25년이상', '역세권', '1층', '주차가능']",37.484392,127.014476
2521818722,일반상가,월세,2/9,"1,100","2억 2,000",427,252,북향,20250423,"['25년이상', '역세권', '지상층(1층제외)', '주차가능']",37.494607,127.015046
2521818712,일반상가,월세,B1/6,385,"5,000",268,173,동향,20250423,"['25년이내', '융자금없는', '역세권', '지하층']",37.493185,127.015957
2521809371,일반상가,월세,1/10,180,"3,000",50,10,동향,20250423,"['25년이내', '역세권', '1층', '관리비20만원이하']",37.500998,127.025093
2521790608,일반상가,월세,B1/15,"1,100","1억 5,000",409,258,남서향,20250423,"['25년이내', '융자금없는', '역세권', '지하층']",37.49495,127.027422
2521810209,일반상가,월세,1/4,150,"2,000",78,78,남서향,20250423,"['25년이상', '역세권', '1층', '총4층']",37.487224,127.017669
2521628047,일반상가,월세,B1/9,400,"8,000",262,198,북향,20250423,"['25년이상', '역세권', '지하층', '주차가능']",37.492623,127.01137
2521651999,일반상가,월세,1/18,300,"5,000",53,35,북향,20250423,"['2년이내', '1층', '관리비20만원이하', '주차가능']",37.48955,127.030414
2521697108,일반상가,월세,1/3,250,"5,000",46,39,동향,20250423,"['25년이상', '역세권', '1층', '관리비10만원이하']",37.491877,127.017037
2521630521,일반상가,월세,2/4,"1,500",2억,213,213,동향,20250423,"['25년이상', '융자금없는', '역세권', '중층']",37.503181,127.022897
2521722299,일반상가,월세,1/5,600,1억,145,122,동향,20250423,"['25년이상', '역세권', '1층', '주차가능']",37.485748,127.021298
2521719852,일반상가,월세,3/4,600,1억,162,132,동향,20250423,"['25년이상', '역세권', '고층', '주차가능']",37.498451,127.026289
2521631649,일반상가,월세,1/5,"1,200",3억,290,175,동향,20250423,"['25년이내', '역세권', '1층', '주차가능']",37.494842,127.013097
2521651852,일반상가,월세,1/18,800,1억,114,76,남향,20250423,"['2년이내', '1층', '주차가능', '엘리베이터']",37.48955,127.030414
2521841292,일반상가,매매,3/24,,73억,540,393,북동향,20250423,"['25년이내', '역세권', '지상층(1층제외)', '주차가능']",37.495332,127.028337
2521806024,일반상가,월세,B1/7,600,"6,000",133,133,서향,20250423,"['10년이내', '역세권', '지하층', '주차가능']",37.496286,127.014046
2521412249,일반상가,월세,4/6,900,"1억 5,000",293,266,북향,20250423,"['25년이상', '융자금적은', '역세권', '중층']",37.500286,127.025327
2521749553,일반상가,월세,B1/1,400,"5,000",112,62,서향,20250423,"['10년이내', '역세권', '지하층', '주차가능']",37.490331,127.005772
2521755423,일반상가,월세,1/6,200,"5,000",240,33,북향,20250423,"['25년이내', '역세권', '1층', '관리비20만원이하']",37.493495,127.017131
2521752771,일반상가,월세,3/7,"1,424","1억 7,098",362,362,동향,20250423,"['2년이내', '역세권', '중층', '주차가능']",37.491837,127.012909
2521682386,일반상가,월세,B1/6,310,"5,000",185,160,남동향,20250423,"['25년이내', '역세권', '지하층', '주차가능']",37.489753,127.010632
2521758464,일반상가,매매,2/4,,"7억 8,500",68,49,남동향,20250423,"['25년이상', '역세권', '중층', '주차가능']",37.485639,127.017826
2521751993,일반상가,월세,3/7,320,"5,000",127,110,남서향,20250423,"['25년이내', '역세권', '중층', '주차가능']",37.485418,127.031797
2521799561,단지내상가,월세,2/5,240,"4,000",52,39,동향,20250423,"['4년이내', '융자금없는', '중층', '관리비20만원이하']",37.488818,127.027669
2521704410,단지내상가,월세,4/5,250,"3,000",119,119,남향,20250423,"['25년이상', '융자금없는', '역세권', '고층']",37.484195,127.014291
2521779112,일반상가,월세,1/13,"1,000",2억,130,70,동향,20250423,"['15년이내', '역세권', '1층', '주차가능']",37.492265,127.013677
2521738272,일반상가,월세,1/5,210,"3,500",64,42,남서향,20250423,"['25년이상', '역세권', '1층', '주차가능']",37.494093,127.011522
2521787586,일반상가,월세,2/15,"1,300",2억,208,156,남동향,20250423,"['10년이내', '융자금없는', '역세권', '지상층(1층제외)']",37.493096,127.029493
2521768464,일반상가,월세,10/13,320,"3,000",166,94,서향,20250423,"['25년이내', '역세권', '고층', '주차가능']",37.492414,127.028654
2521754483,일반상가,월세,1/3,110,"2,000",33,28,서향,20250423,"['25년이상', '1층', '관리비10만원이하', '총3층']",37.482647,127.006044
2521736765,단지내상가,월세,1/21,500,1억,167,72,서향,20250423,"['25년이내', '역세권', '1층', '주차가능']",37.484059,127.01735
2521665745,일반상가,월세,6/13,745,1억,322,161,북향,20250423,"['25년이내', '역세권', '중층', '주차가능']",37.491989,127.009181
2521722687,일반상가,월세,1/4,"1,300",2억,291,274,북향,20250423,"['15년이내', '역세권', '1층', '관리비10만원이하']",37.489903,127.013058
2521759710,일반상가,월세,1/7,430,"7,000",115,89,남서향,20250423,"['25년이내', '역세권', '1층', '주차가능']",37.486458,127.029446
2521753817,일반상가,월세,1/3,600,"7,000",178,89,북향,20250423,"['25년이상', '1층', '주차가능', '총3층']",37.488742,127.016502
2521689921,일반상가,월세,1/6,500,"6,000",106,87,서향,20250423,"['10년이내', '테라스', '1층', '주차가능']",37.487025,127.00907
2521695686,일반상가,월세,B1/4,800,"8,000",297,297,북동향,20250423,"['25년이상', '역세권', '지하층', '주차가능']",37.503181,127.022897
2521725991,일반상가,월세,1/7,442,"6,000",111,99,남동향,20250423,"['10년이내', '역세권', '1층', '주차가능']",37.490416,127.010049
2521661944,일반상가,월세,B1/5,300,"4,000",131,102,남향,20250423,"['2년이내', '역세권', '지하층', '주차가능']",37.483616,127.012854
2521727965,일반상가,월세,1/5,100,"1,000",40,23,남향,20250423,"['25년이상', '역세권', '1층', '관리비10만원이하']",37.487953,127.017082
2521718965,일반상가,월세,B1/4,900,1억,193,165,동향,20250423,"['25년이상', '역세권', '지하층', '주차가능']",37.498451,127.026289
2521484843,일반상가,월세,1/5,230,"3,000",50,42,동향,20250423,"['25년이내', '역세권', '1층', '관리비20만원이하']",37.491164,127.011494
2521682806,복합상가,매매,B1/13,,70억,352,215,동향,20250423,"['25년이내', '역세권', '지하층', '주차가능']",37.498595,127.026221
2521788746,일반상가,월세,B1/6,80,"1,000",86,55,북서향,20250423,"['25년이상', '역세권', '지하층', '주차가능']",37.487377,127.031375
2521632864,일반상가,월세,B1/4,800,1억,243,243,동향,20250423,"['25년이상', '융자금없는', '역세권', '지하층']",37.503181,127.022897
2521730944,일반상가,월세,1/19,90,"2,000",57,27,남향,20250423,"['15년이내', '1층', '관리비20만원이하', '주차가능']",37.496289,127.020409
2521588206,일반상가,월세,2/4,100,"2,400",116,35,남서향,20250422,"['25년이상', '역세권', '중층', '관리비20만원이하']",37.48615,127.03078
2521543616,일반상가,월세,1/7,"4,000",8억,238,238,남서향,20250422,"['15년이내', '역세권', '1층', '주차가능']",37.487737,127.010091
2521548475,일반상가,월세,3/4,220,"4,000",190,76,북서향,20250422,"['25년이상', '고층', '주차가능', '총4층']",37.486399,127.007702
2521613856,일반상가,월세,B1/4,870,"1억 5,000",640,333,남동향,20250422,"['10년이내', '역세권', '지하층', '주차가능']",37.495149,127.012918
2521618739,일반상가,월세,1/15,330,"5,000",64,48,북향,20250422,"['25년이내', '역세권', '1층', '주차가능']",37.495568,127.020691
2521613206,일반상가,월세,B1/5,312,"2,000",148,111,남동향,20250422,"['25년이상', '융자금적은', '역세권', '지하층']",37.494948,127.015133
2521619007,단지내상가,월세,1/15,280,"3,000",68,37,동향,20250422,"['25년이내', '융자금적은', '역세권', '1층']",37.492142,127.029105
2521585217,일반상가,월세,3/4,260,"3,000",109,109,동향,20250422,"['25년이내', '역세권', '고층', '주차가능']",37.503282,127.022107
2521598574,일반상가,매매,2/19,,"18억 5,740",205,151,북향,20250422,"['4년이내', '역세권', '지상층(1층제외)', '주차가능']",37.487933,127.013837
2521624710,일반상가,월세,B1/3,600,"1억 5,000",332,330,서향,20250422,"['25년이상', '융자금없는', '역세권', '지하층']",37.491877,127.017037
2521580010,단지내상가,월세,B1/5,150,"5,000",52,19,서향,20250422,"['4년이내', '융자금없는', '지하층', '주차가능']",37.488818,127.027669
2521571368,일반상가,월세,3/7,380,"4,000",139,119,남동향,20250422,"['10년이내', '역세권', '중층', '주차가능']",37.486824,127.031973
2521624042,일반상가,월세,1/5,270,"3,000",82,49,동향,20250422,"['2년이내', '역세권', '1층', '주차가능']",37.483616,127.012854
2521531903,일반상가,월세,2/10,900,"1억 5,000",160,148,서향,20250422,"['2년이내', '역세권', '지상층(1층제외)', '주차가능']",37.492176,127.029465
2521559722,일반상가,월세,6/11,"1,492","1억 7,915",328,197,동향,20250422,"['25년이상', '역세권', '중층', '주차가능']",37.500319,127.026053
2521563737,일반상가,월세,1/9,200,"5,000",64,53,남향,20250422,"['10년이내', '융자금없는', '1층', '관리비20만원이하']",37.482948,127.007973
2521496126,단지내상가,매매,B1/16,,"6억 9,000",91,51,동향,20250422,"['2년이내', '지하층', '관리비20만원이하', '주차가능']",37.48669,127.010765
2521550139,일반상가,월세,B1/3,600,"1억 5,000",360,332,서향,20250422,"['25년이상', '역세권', '지하층', '주차가능']",37.491992,127.016997
2521526074,일반상가,월세,B1/3,600,"1억 5,000",108,100,서향,20250422,"['25년이상', '역세권', '지하층', '주차가능']",37.491992,127.016997
2521525930,일반상가,월세,B1/7,600,"6,000",148,148,서향,20250422,"['10년이내', '역세권', '지하층', '주차가능']",37.496286,127.014046
2521501077,일반상가,월세,1/5,"1,080","1억 5,000",219,153,북향,20250422,"['25년이상', '역세권', '1층', '주차가능']",37.488295,127.015086
2521472660,일반상가,월세,B1/4,250,"3,000",124,124,남서향,20250422,"['25년이내', '역세권', '지하층', '주차가능']",37.492826,127.016148
2521441692,일반상가,월세,1/14,550,1억,31,31,남서향,20250422,"['15년이내', '역세권', '1층', '주차가능']",37.501344,127.024546
2521502651,일반상가,월세,1/4,126,"4,000",23,23,동향,20250422,"['10년이내', '융자금적은', '역세권', '1층']",37.495149,127.012918
2521516257,일반상가,월세,1/4,"3,000",5억,443,386,남향,20250422,"['25년이상', '역세권', '1층', '주차가능']",37.492401,127.008541
2521514709,일반상가,월세,7/13,"2,351","2억 3,518",382,284,북향,20250422,"['25년이상', '역세권', '중층', '주차가능']",37.503843,127.023508
2521488478,복합상가,월세,3/12,350,"5,000",115,53,남향,20250422,"['4년이내', '역세권', '지상층(1층제외)', '주차가능']",37.494395,127.027689
2521527533,일반상가,월세,1/3,200,"3,000",40,32,서향,20250422,"['25년이상', '역세권', '1층', '관리비10만원이하']",37.491992,127.016997
2521496773,일반상가,월세,1/6,200,"5,000",234,30,북향,20250422,"['25년이내', '역세권', '1층', '관리비20만원이하']",37.493495,127.017131
2521510963,일반상가,월세,B2/15,"1억 9,548","23억 4,575",1042,1042,남향,20250422,"['10년이내', '역세권', '지하층', '주차가능']",37.499799,127.025768
2521536613,복합상가,매매,9/13,,40억,412,213,북서향,20250422,"['15년이내', '역세권', '고층', '주차가능']",37.500034,127.02599
2521618373,일반상가,월세,1/5,680,2억,121,67,남향,20250422,"['25년이내', '융자금적은', '역세권', '1층']",37.495409,127.016479
2521543938,일반상가,월세,B1/5,180,"3,000",143,142,남향,20250422,"['25년이상', '역세권', '지하층', '주차가능']",37.493708,127.018515
2521548915,일반상가,월세,3/11,"1,026",3억,347,347,동향,20250422,"['25년이상', '역세권', '지상층(1층제외)', '주차가능']",37.493259,127.029329
2521542809,일반상가,월세,1/13,350,"7,000",93,51,동향,20250422,"['25년이내', '역세권', '1층', '주차가능']",37.492142,127.029105
2521551674,일반상가,월세,8/13,"3,096",3억 960,512,512,동향,20250422,"['25년이상', '역세권', '중층', '주차가능']",37.502163,127.02497
2521579069,일반상가,월세,1/5,700,"5,000",167,133,남향,20250422,"['25년이상', '1층', '주차가능', '총5층']",37.487257,127.026221
2521549987,일반상가,월세,1/13,"1,000",2억,108,72,동향,20250422,"['15년이내', '역세권', '1층', '주차가능']",37.492265,127.013677
2521561156,일반상가,월세,1/4,350,"4,200",115,115,북향,20250422,"['25년이상', '역세권', '1층', '주차가능']",37.484442,127.020876
2521585638,일반상가,월세,3/13,"1,100","1억 3,000",210,165,남서향,20250422,"['10년이내', '역세권', '지상층(1층제외)', '주차가능']",37.498368,127.026438
2521592053,일반상가,월세,10/11,900,"1억 5,000",197,165,남향,20250422,"['25년이내', '역세권', '고층', '주차가능']",37.502582,127.024389
2521597285,일반상가,월세,1/5,600,1억,180,165,동향,20250422,"['25년이상', '역세권', '1층', '주차가능']",37.485748,127.021298
2521391996,일반상가,월세,B1/15,"2,776","3억 3,314",581,242,남향,20250422,"['10년이내', '역세권', '지하층', '주차가능']",37.499743,127.025584
2521389208,일반상가,월세,3/4,600,1억,161,109,남향,20250422,"['25년이상', '역세권', '고층', '주차가능']",37.498451,127.026289
2521390998,일반상가,월세,4/6,380,"5,000",213,142,남향,20250422,"['25년이내', '융자금없는', '중층', '주차가능']",37.488687,127.012452
2521390212,일반상가,월세,3/14,"1,500","1억 5,000",195,195,남향,20250422,"['2년이내', '역세권', '지상층(1층제외)', '주차가능']",37.494538,127.014822
2521403927,일반상가,월세,1/8,280,"3,000",44,44,서향,20250422,"['25년이내', '융자금없는', '역세권', '1층']",37.486127,127.014527
2521407710,일반상가,월세,1/4,480,"5,000",66,66,남동향,20250422,"['25년이상', '역세권', '1층', '관리비20만원이하']",37.492616,127.009214
2521405372,일반상가,월세,1/6,270,"5,000",218,59,남서향,20250422,"['25년이내', '1층', '주차가능', '남서향']",37.488687,127.012452
2521398988,일반상가,월세,1/6,150,"2,000",33,30,북서향,20250422,"['25년이상', '융자금없는', '역세권', '1층']",37.488345,127.015268
2521411227,일반상가,월세,7/7,270,"3,000",26,20,남서향,20250422,"['25년이내', '역세권', '고층', '주차가능']",37.485418,127.031797
2521420926,일반상가,월세,2/16,"6,836","6억 8,368",1005,812,북동향,20250422,"['25년이상', '융자금없는', '역세권', '지상층(1층제외)']",37.495114,127.028441
2521421515,일반상가,월세,1/15,"2,000",2억,105,105,남향,20250422,"['15년이내', '역세권', '1층', '주차가능']",37.502039,127.024475
2521411198,일반상가,월세,3/7,320,"5,000",127,102,남서향,20250422,"['25년이내', '융자금적은', '역세권', '중층']",37.485418,127.031797
2521417985,일반상가,월세,1/4,"3,800",6억,433,288,북향,20250422,"['25년이상', '역세권', '1층', '주차가능']",37.484392,127.014476
2521419383,복합상가,월세,B1/2,"1,100","1억 5,000",363,330,동향,20250422,"['25년이내', '지하층', '주차가능', '총2층']",37.485718,127.01158
2521392167,일반상가,월세,2/5,530,1억,294,167,남서향,20250422,"['15년이내', '융자금없는', '중층', '주차가능']",37.487161,127.029141
2521470649,일반상가,월세,1/5,140,"2,000",33,33,남향,20250422,"['25년이상', '융자금적은', '역세권', '1층']",37.494257,127.012559
2521405522,일반상가,월세,1/6,276,"3,000",218,76,남서향,20250422,"['25년이내', '1층', '주차가능', '남서향']",37.488687,127.012452
2521441593,일반상가,월세,1/5,300,"4,000",99,85,서향,20250422,"['25년이내', '1층', '주차가능', '엘리베이터']",37.487821,127.010353
2521449608,일반상가,월세,1/15,520,"5,000",87,60,서향,20250422,"['25년이내', '역세권', '1층', '주차가능']",37.491587,127.029971
2521477262,일반상가,월세,1/2,360,"5,000",78,71,동향,20250422,"['25년이상', '역세권', '1층', '주차가능']",37.49296,127.016336
2521487584,복합상가,매매,1/19,,59억,315,112,남향,20250422,"['25년이상', '역세권', '1층', '주차가능']",37.496022,127.025282
2521444095,일반상가,월세,B1/13,400,1억,107,107,남서향,20250422,"['25년이내', '역세권', '지하층', '주차가능']",37.50323,127.023577
2521472447,일반상가,월세,1/2,110,"1,500",50,33,동향,20250422,"['25년이상', '1층', '총2층', '동향']",37.483077,127.008843
2521397100,일반상가,월세,B1/5,"1,500","2억 4,700",704,482,북서향,20250422,"['25년이상', '역세권', '지하층', '주차가능']",37.493651,127.011836
2521396924,일반상가,월세,2/7,"1,100","1억 1,000",474,386,북서향,20250422,"['25년이상', '지상층(1층제외)', '주차가능', '엘리베이터']",37.482572,127.005052
2521394319,일반상가,월세,1/6,550,"5,000",287,96,동향,20250422,"['25년이상', '융자금적은', '1층', '주차가능']",37.487758,127.026544
2521394673,일반상가,월세,1/15,"6,800","8억 1,648",324,247,남향,20250422,"['10년이내', '역세권', '1층', '주차가능']",37.499743,127.025584
2521428321,일반상가,월세,1/10,"4,000",10억,110,82,동향,20250422,"['25년이내', '역세권', '1층', '동향']",37.502429,127.025075
2521490691,일반상가,월세,1/6,190,"3,500",40,23,서향,20250422,"['25년이내', '역세권', '1층', '관리비20만원이하']",37.492604,127.016512
2521445030,일반상가,월세,3/3,300,"4,000",224,224,남서향,20250422,"['25년이상', '역세권', '고층', '주차가능']",37.503017,127.022845
2521460350,단지내상가,월세,1/18,800,1억,196,76,남향,20250422,"['2년이내', '융자금없는', '1층', '주차가능']",37.48955,127.030414
2521452386,일반상가,월세,1/4,212,"2,000",33,33,북서향,20250422,"['25년이상', '역세권', '1층', '총4층']",37.485372,127.018661
2521461167,일반상가,월세,1/15,390,"5,000",68,47,남향,20250422,"['25년이내', '역세권', '1층', '주차가능']",37.491587,127.029971
2521505351,일반상가,월세,1/15,"6,804","8억 1,648",324,249,남향,20250422,"['10년이내', '역세권', '1층', '주차가능']",37.499799,127.025768
2521510380,일반상가,월세,1/15,"1,450","2억 5,000",117,117,서향,20250422,"['25년이내', '역세권', '1층', '주차가능']",37.495638,127.027093
2521495622,일반상가,월세,1/4,150,"1,500",67,26,남향,20250422,"['25년이상', '역세권', '1층', '관리비20만원이하']",37.485468,127.017053
2521456000,일반상가,월세,3/4,260,"3,000",109,92,동향,20250422,"['25년이내', '역세권', '고층', '주차가능']",37.503282,127.022107
2521459096,일반상가,월세,1/5,190,"5,000",42,42,서향,20250422,"['25년이상', '융자금적은', '역세권', '1층']",37.494093,127.011522
2521502925,일반상가,월세,1/14,400,"6,000",117,62,남향,20250422,"['25년이내', '역세권', '1층', '관리비20만원이하']",37.493477,127.015449
2521518262,일반상가,월세,B1/7,"1,500",3억,393,393,서향,20250422,"['15년이내', '역세권', '지하층', '주차가능']",37.487737,127.010091
2521526299,일반상가,월세,3/3,300,"4,000",242,231,동향,20250422,"['25년이상', '역세권', '고층', '주차가능']",37.50308,127.023029
2521498353,일반상가,월세,1/4,"3,300",4억,465,465,동향,20250422,"['25년이상', '역세권', '1층', '주차가능']",37.490488,127.013983
2521518448,일반상가,월세,1/7,"5,500",11억,841,667,서향,20250422,"['15년이내', '역세권', '1층', '주차가능']",37.487737,127.010091
2521537337,일반상가,월세,1/14,"1,600",2억,150,150,동향,20250422,"['15년이내', '역세권', '1층', '주차가능']",37.501134,127.024369
2521527851,일반상가,매매,2/12,,26억,411,284,동향,20250422,"['25년이내', '역세권', '지상층(1층제외)', '주차가능']",37.486027,127.014157
2521446809,일반상가,월세,B2/11,420,"5,000",210,132,,20250422,"['25년이내', '역세권', '지하층', '주차가능']",37.494566,127.013824
2521084823,복합상가,월세,B1/15,320,"3,000",149,149,동향,20250421,"['25년이내', '역세권', '지하층', '주차가능']",37.492553,127.011007
2521083991,일반상가,월세,1/4,"1,800",3억,433,235,서향,20250421,"['25년이상', '역세권', '1층', '주차가능']",37.484392,127.014476
2521157191,일반상가,월세,1/10,300,"5,000",113,57,남서향,20250421,"['25년이상', '역세권', '1층', '주차가능']",37.497703,127.024195
2521124929,일반상가,월세,B1/2,550,"5,000",205,170,남서향,20250421,"['10년이내', '융자금적은', '지하층', '주차가능']",37.489041,127.019315
2521157844,일반상가,월세,B1/13,460,"8,000",385,277,북향,20250421,"['25년이내', '지하층', '주차가능', '엘리베이터']",37.487661,127.012957
2521098400,일반상가,매매,1/5,,"23억 2,000",182,100,남향,20250421,"['25년이내', '역세권', '1층', '주차가능']",37.495409,127.016479
2521034226,일반상가,월세,2/6,600,"7,000",192,180,남향,20250421,"['4년이내', '역세권', '지상층(1층제외)', '주차가능']",37.486124,127.032136
2521087049,일반상가,월세,1/9,"2,361","2억 3,615",743,333,남향,20250421,"['10년이내', '융자금적은', '역세권', '1층']",37.490163,127.007203
2521082664,일반상가,월세,2/6,220,"3,500",109,93,남향,20250421,"['25년이상', '융자금적은', '역세권', '지상층(1층제외)']",37.484712,127.012154
2521103014,일반상가,월세,1/4,"3,000",5억,350,330,남향,20250421,"['25년이상', '융자금없는', '역세권', '1층']",37.492401,127.008541
2521076301,일반상가,월세,5/6,534,"8,000",294,244,남서향,20250421,"['25년이상', '역세권', '고층', '주차가능']",37.502743,127.021801
2520918002,일반상가,월세,6/6,300,"5,000",179,151,남동향,20250421,"['4년이내', '역세권', '고층', '남동향']",37.486124,127.032136
2521114430,일반상가,월세,4/14,"3,065","3억 6,784",460,460,북동향,20250421,"['2년이내', '융자금없는', '역세권', '지상층(1층제외)']",37.49524,127.027775
2521114632,일반상가,월세,3/14,"1,532","1억 8,392",230,230,북동향,20250421,"['2년이내', '융자금없는', '역세권', '지상층(1층제외)']",37.49524,127.027775
2520918050,일반상가,월세,6/6,400,"5,000",119,96,남동향,20250421,"['4년이내', '역세권', '고층', '남동향']",37.486124,127.032136
2521091992,일반상가,월세,1/5,320,"4,000",42,42,남향,20250421,"['25년이상', '역세권', '1층', '주차가능']",37.488933,127.00808
2521124961,일반상가,월세,1/15,"2,000",2억,105,105,동향,20250421,"['15년이내', '역세권', '1층', '주차가능']",37.50226,127.024319
2521149934,일반상가,월세,6/6,270,"4,000",171,80,북향,20250421,"['25년이상', '융자금없는', '역세권', '고층']",37.494787,127.016306
2521121420,일반상가,월세,3/6,"1,532","1억 8,392",230,230,동향,20250421,"['2년이내', '역세권', '중층', '동향']",37.495303,127.027876
2521274212,일반상가,매매,1/5,,80억,703,388,남향,20250421,"['25년이내', '역세권', '1층', '주차가능']",37.495409,127.016479
2521290526,일반상가,월세,2/5,570,"5,000",228,198,서향,20250421,"['25년이내', '융자금없는', '역세권', '중층']",37.493937,127.018595
2521114708,일반상가,월세,1/14,300,"3,000",17,17,북동향,20250421,"['2년이내', '역세권', '1층', '주차가능']",37.49524,127.027775
2521139074,일반상가,월세,B1/5,280,"5,000",350,206,남향,20250421,"['25년이상', '역세권', '지하층', '주차가능']",37.493018,127.010479
2521136033,일반상가,월세,1/20,"2,572","2억 5,728",630,343,남동향,20250421,"['25년이상', '역세권', '1층', '주차가능']",37.492062,127.029735
2521126601,일반상가,매매,1/15,,25억,140,140,동향,20250421,"['15년이내', '역세권', '1층', '주차가능']",37.495445,127.027569
2521120934,일반상가,월세,2/6,"1,383","1억 6,603",182,182,동향,20250421,"['2년이내', '역세권', '지상층(1층제외)', '동향']",37.495303,127.027876
2521138175,일반상가,월세,B1/4,800,"8,000",427,297,동향,20250421,"['25년이상', '역세권', '지하층', '총4층']",37.503181,127.022897
2521130169,일반상가,월세,1/10,"4,500",10억,110,89,남향,20250421,"['25년이내', '역세권', '1층', '엘리베이터']",37.502429,127.025075
2521183201,복합상가,월세,1/14,"1,600",2억,300,150,서향,20250421,"['15년이내', '역세권', '1층', '주차가능']",37.501134,127.024369
2521187280,단지내상가,월세,2/15,400,"4,000",250,102,남향,20250421,"['15년이내', '지상층(1층제외)', '주차가능', '남향']",37.491243,127.029082
2521190786,일반상가,월세,3/6,330,"6,000",174,174,남향,20250421,"['25년이내', '융자금적은', '중층', '주차가능']",37.482075,127.013391
2521184524,일반상가,월세,2/6,500,"8,000",180,150,남향,20250421,"['25년이상', '역세권', '지상층(1층제외)', '남향']",37.490018,127.013832
2521180498,일반상가,월세,1/5,600,1억,180,145,동향,20250421,"['25년이상', '역세권', '1층', '주차가능']",37.485748,127.021298
2521197570,일반상가,월세,1/15,"1,200",2억,52,52,동향,20250421,"['25년이내', '역세권', '1층', '주차가능']",37.491587,127.029971
2521173712,단지내상가,매매,B14/15,,"9억 6,000",269,149,남향,20250421,"['25년이내', '역세권', '지하층', '주차가능']",37.491587,127.029971
2521205701,일반상가,매매,4/5,,12억,116,67,북향,20250421,"['25년이내', '고층', '주차가능', '총5층']",37.491886,127.025252
2521179032,일반상가,월세,10/11,928,2억,528,321,동향,20250421,"['25년이상', '역세권', '고층', '주차가능']",37.493259,127.029329
2521196644,일반상가,월세,1/6,300,"5,000",198,79,북향,20250421,"['25년이상', '융자금없는', '1층', '주차가능']",37.494539,127.02046
2521193901,일반상가,월세,2/4,"1,500",2억,1123,213,북동향,20250421,"['25년이상', '융자금적은', '역세권', '중층']",37.503181,127.022897
2521191721,일반상가,월세,B1/6,260,"4,000",130,79,서향,20250421,"['25년이상', '역세권', '지하층', '주차가능']",37.489102,127.013931
2521246983,일반상가,월세,B1/5,300,"5,000",198,198,남향,20250421,"['25년이상', '융자금없는', '역세권', '지하층']",37.493886,127.017404
2521231183,일반상가,월세,1/10,380,"6,000",93,63,남향,20250421,"['25년이내', '역세권', '1층', '관리비20만원이하']",37.493477,127.015449
2521234516,일반상가,월세,1/4,350,"5,000",70,56,서향,20250421,"['25년이내', '역세권', '1층', '관리비20만원이하']",37.493056,127.016287
2521244200,일반상가,월세,B1/15,400,"5,000",210,105,북향,20250421,"['25년이내', '역세권', '지하층', '주차가능']",37.495568,127.020691
2521230106,일반상가,월세,B1/15,400,"5,000",117,117,남서향,20250421,"['25년이내', '역세권', '지하층', '주차가능']",37.495568,127.020691
2521217974,일반상가,월세,1/6,295,"5,000",113,48,서향,20250421,"['25년이내', '역세권', '1층', '관리비20만원이하']",37.487718,127.008527
2521223650,일반상가,월세,1/5,550,"6,500",119,119,서향,20250421,"['25년이상', '역세권', '1층', '주차가능']",37.492922,127.014766
2521185057,일반상가,월세,1/2,250,1억,41,40,동향,20250421,"['25년이상', '1층', '주차가능', '총2층']",37.48819,127.028056
2521182690,일반상가,월세,1/15,360,"4,300",48,21,남서향,20250421,"['10년이내', '역세권', '1층', '주차가능']",37.499558,127.025672
2521207392,일반상가,월세,B1/4,160,"3,000",90,89,남서향,20250421,"['25년이상', '역세권', '지하층', '주차가능']",37.495222,127.012605
2521258895,일반상가,월세,1/4,178,"2,000",52,49,남향,20250421,"['25년이상', '1층', '관리비10만원이하', '주차가능']",37.488905,127.012638
2521266167,일반상가,월세,3/8,450,"6,000",158,137,북향,20250421,"['25년이상', '역세권', '중층', '주차가능']",37.494487,127.017333
2521274992,일반상가,월세,1/6,550,1억,220,165,남향,20250421,"['25년이내', '역세권', '1층', '주차가능']",37.494283,127.018702
2521274837,일반상가,월세,1/6,157,"2,000",33,33,서향,20250421,"['10년이내', '역세권', '1층', '관리비10만원이하']",37.489229,127.012739
2521281246,일반상가,월세,3/5,230,"3,000",90,76,서향,20250421,"['25년이상', '역세권', '중층', '총5층']",37.49047,127.013751
2521255085,일반상가,월세,1/1,670,"9,000",198,198,서향,20250421,"['25년이상', '1층', '주차가능', '서향']",37.487518,127.028406
2521265006,일반상가,월세,B1/11,380,"5,000",211,190,서향,20250421,"['15년이내', '역세권', '지하층', '주차가능']",37.49452,127.017903
2521226876,단지내상가,월세,2/5,100,"2,000",31,14,동향,20250421,"['10년이내', '융자금없는', '중층', '관리비20만원이하']",37.491841,127.027184
2521243745,일반상가,월세,1/5,525,"6,500",149,122,서향,20250421,"['25년이상', '역세권', '1층', '주차가능']",37.492922,127.014766
2521216664,복합상가,매매,7/13,,43억,406,204,서향,20250421,"['15년이내', '역세권', '중층', '주차가능']",37.500034,127.02599
2521239034,일반상가,월세,1/6,180,"3,000",82,62,남향,20250421,"['25년이내', '역세권', '1층', '주차가능']",37.494283,127.018702
2521233726,일반상가,월세,1/2,"6,600",3억,797,797,남향,20250421,"['25년이상', '융자금없는', '역세권', '1층']",37.484798,127.032436
2521215081,일반상가,월세,1/2,140,"3,000",33,33,남향,20250421,"['25년이상', '1층', '총2층', '남향']",37.490571,127.021322
2521305408,일반상가,월세,1/4,300,"3,000",117,117,서향,20250421,"['10년이내', '융자금없는', '역세권', '1층']",37.493513,127.007867
2521295487,일반상가,매매,1/5,,45억,353,195,남향,20250421,"['25년이내', '역세권', '1층', '주차가능']",37.495409,127.016479
2521292884,일반상가,월세,4/13,"1,110",1억,340,298,남서향,20250421,"['25년이내', '역세권', '지상층(1층제외)', '주차가능']",37.492364,127.014233
2521276635,일반상가,월세,1/5,320,1억,60,33,남향,20250421,"['25년이내', '융자금없는', '역세권', '1층']",37.495409,127.016479
2521292442,일반상가,월세,2/5,600,"7,000",196,148,동향,20250421,"['25년이상', '역세권', '중층', '주차가능']",37.496255,127.01374
2521274061,일반상가,월세,1/4,140,"2,000",26,26,남향,20250421,"['25년이내', '역세권', '1층', '관리비10만원이하']",37.488936,127.01292
2521259045,일반상가,월세,1/5,180,"3,000",133,133,남동향,20250421,"['25년이상', '1층', '주차가능', '총5층']",37.484137,127.021548
2521274025,일반상가,월세,1/6,180,"3,000",99,99,남향,20250421,"['25년이내', '역세권', '1층', '주차가능']",37.494283,127.018702
2521320929,일반상가,월세,4/5,190,"3,000",109,89,남향,20250421,"['25년이상', '융자금적은', '역세권', '고층']",37.484712,127.012154
2521320605,일반상가,월세,3/6,650,"9,000",327,271,남향,20250421,"['25년이상', '융자금적은', '역세권', '중층']",37.484712,127.012154
2521314267,일반상가,월세,1/3,490,"5,000",112,99,북서향,20250421,"['25년이내', '1층', '관리비20만원이하', '주차가능']",37.488642,127.029515
2521316989,일반상가,월세,1/6,300,"5,000",193,89,북향,20250421,"['25년이상', '융자금없는', '1층', '주차가능']",37.494539,127.02046
2521312394,일반상가,월세,B1/11,900,"1억 5,000",491,462,동향,20250421,"['25년이상', '역세권', '지하층', '주차가능']",37.493259,127.029329
2521318007,일반상가,월세,B1/5,"4,000","6억 5,000",991,991,남향,20250421,"['25년이상', '융자금없는', '역세권', '지하층']",37.492572,127.007969
2521302315,일반상가,월세,2/5,600,"7,000",196,165,남동향,20250421,"['25년이상', '역세권', '중층', '주차가능']",37.496255,127.01374
2521315808,일반상가,월세,B1/13,460,"8,000",385,310,북서향,20250421,"['25년이내', '융자금없는', '지하층', '주차가능']",37.487661,127.012957
2521318074,일반상가,월세,B1/15,"1억 2,250","14억 6,998",733,733,남향,20250421,"['10년이내', '역세권', '지하층', '주차가능']",37.499614,127.025856
2521320105,일반상가,월세,1/7,450,"6,000",224,148,남향,20250421,"['25년이내', '1층', '주차가능', '남향']",37.482402,127.010946
2521316696,일반상가,월세,B1/9,400,"8,000",291,231,북향,20250421,"['25년이내', '융자금없는', '역세권', '지하층']",37.492724,127.01132
2521347765,일반상가,월세,2/8,"1,450",2억,239,239,남동향,20250421,"['15년이내', '역세권', '지상층(1층제외)', '주차가능']",37.500521,127.024959
2521356936,일반상가,월세,1/5,130,"2,500",40,28,북향,20250421,"['25년이상', '역세권', '1층', '급매']",37.492855,127.009237
2521188374,일반상가,매매,1/5,,"7억 5,000",82,66,동향,20250421,"['10년이내', '역세권', '1층', '관리비20만원이하']",37.488149,127.016962
2521293102,일반상가,월세,4/4,250,"5,000",176,142,남향,20250421,"['25년이상', '융자금없는', '역세권', '고층']",37.495654,127.013758
2521294893,일반상가,월세,B1/5,180,"3,000",165,142,북동향,20250421,"['25년이상', '역세권', '급매', '지하층']",37.493708,127.018515
2521185116,일반상가,월세,B1/6,350,"5,000",246,231,북향,20250421,"['25년이내', '융자금없는', '역세권', '지하층']",37.484618,127.030348
2521294860,일반상가,월세,B1/7,160,"4,000",99,72,북서향,20250421,"['25년이상', '역세권', '급매', '지하층']",37.493997,127.015551
2521272690,복합상가,매매,2/15,,22억,240,149,동향,20250421,"['25년이내', '역세권', '지상층(1층제외)', '주차가능']",37.496037,127.020151
2521084312,일반상가,월세,1/5,210,"3,000",26,26,남동향,20250421,"['25년이상', '역세권', '1층', '총5층']",37.487733,127.031707
2521155253,일반상가,월세,1/7,443,"6,000",111,95,남향,20250421,"['10년이내', '역세권', '1층', '주차가능']",37.490416,127.010049
2521377368,일반상가,월세,1/5,210,"3,000",33,26,남향,20250421,"['25년이상', '역세권', '1층', '주차가능']",37.487733,127.031707
2521353076,일반상가,월세,B1/12,220,"3,000",237,153,서향,20250421,"['15년이내', '역세권', '지하층', '주차가능']",37.491411,127.014401
2521285179,일반상가,월세,1/6,"1,300",2억,268,208,북향,20250421,"['25년이내', '역세권', '1층', '주차가능']",37.490631,127.009952
2521317702,일반상가,월세,4/6,252,"5,000",141,112,동향,20250421,"['25년이내', '테라스', '역세권', '중층']",37.495793,127.014542
2521210812,일반상가,월세,1/7,442,"6,000",111,97,남향,20250421,"['2년이내', '역세권', '1층', '주차가능']",37.490416,127.010049
2521306725,단지내상가,매매,B1/3,,12억,40,23,남향,20250421,"['25년이상', '역세권', '지하층', '주차가능']",37.49735,127.022621
2521195844,일반상가,월세,1/6,300,"5,000",109,92,남향,20250421,"['25년이내', '융자금없는', '역세권', '1층']",37.489753,127.010632
2521183542,일반상가,월세,B1/4,130,"4,000",151,151,남향,20250421,"['25년이상', '역세권', '지하층', '주차가능']",37.490961,127.011421
2521318462,일반상가,월세,B1/5,450,"5,000",141,120,남향,20250421,"['10년이내', '역세권', '지하층', '주차가능']",37.490178,127.009608
2521256220,일반상가,월세,1/7,430,"7,000",100,78,서향,20250421,"['25년이내', '역세권', '1층', '주차가능']",37.486458,127.029446
2521227442,복합상가,월세,1/15,"1,600",2억,455,268,동향,20250421,"['25년이상', '역세권', '1층', '엘리베이터']",37.494011,127.028355
2521316343,일반상가,월세,1/3,200,"3,000",204,29,서향,20250421,"['25년이상', '융자금없는', '역세권', '1층']",37.491877,127.017037
2521386461,일반상가,월세,1/3,250,"5,000",39,39,북서향,20250421,"['25년이상', '융자금없는', '역세권', '1층']",37.491992,127.016997
2521371263,일반상가,월세,B1/14,45,500,24,15,동향,20250421,"['25년이내', '융자금없는', '역세권', '지하층']",37.493098,127.013494
2521353727,일반상가,월세,B1/4,250,"3,500",147,132,서향,20250421,"['25년이내', '역세권', '지하층', '주차가능']",37.491675,127.012727
2521352967,일반상가,월세,B1/5,180,"3,000",190,171,북동향,20250421,"['25년이상', '역세권', '지하층', '총5층']",37.492332,127.016401
2521335055,복합상가,매매,15/15,,30억,101,65,동향,20250421,"['4년이내', '테라스', '역세권', '고층']",37.495445,127.027569
2521360798,일반상가,월세,1/14,"1,000",1억,33,33,남향,20250421,"['25년이내', '역세권', '1층', '주차가능']",37.497954,127.026535
2521348935,일반상가,월세,전체층/5,410,"5,000",90,90,남동향,20250421,"['2년이내', '테라스', '역세권', '주차가능']",37.486556,127.016833
2521359901,일반상가,월세,B1/5,150,"3,000",66,66,동향,20250421,"['25년이상', '지하층', '총5층', '동향']",37.486223,127.022462
2521369564,일반상가,월세,1/3,200,"3,000",29,29,서향,20250421,"['25년이상', '역세권', '1층', '관리비10만원이하']",37.491992,127.016997
2521353540,일반상가,월세,1/7,700,"1억 5,000",167,104,동향,20250421,"['25년이내', '역세권', '1층', '주차가능']",37.490368,127.013962
2521327979,일반상가,월세,1/6,800,1억,154,121,서향,20250421,"['25년이상', '융자금없는', '역세권', '1층']",37.484115,127.019201
2521344227,일반상가,월세,B1/7,160,"4,000",99,99,북서향,20250421,"['25년이상', '역세권', '지하층', '주차가능']",37.493997,127.015551
2521366458,일반상가,월세,3/5,340,"4,000",96,82,남동향,20250421,"['2년이내', '역세권', '중층', '주차가능']",37.491954,127.010984
2521388234,일반상가,월세,9/19,"3,169","3억 1,699",370,299,서향,20250421,"['2년이내', '역세권', '중층', '주차가능']",37.498516,127.026899
2521386185,일반상가,월세,1/15,"1,450","2억 5,000",164,117,서향,20250421,"['25년이내', '역세권', '1층', '주차가능']",37.495638,127.027093
2521331791,일반상가,월세,B1/5,600,"1억 5,000",360,330,서향,20250421,"['25년이상', '융자금없는', '역세권', '지하층']",37.491992,127.016997
2521379277,일반상가,월세,5/6,230,"3,000",113,85,서향,20250421,"['25년이내', '융자금없는', '역세권', '고층']",37.492937,127.017677
2521020013,일반상가,월세,1/6,300,"3,000",274,99,남향,20250419,"['25년이상', '역세권', '1층', '주차가능']",37.488165,127.030888
2521051325,단지내상가,매매,2/4,,"8억 8,000",69,69,동향,20250419,"['25년이상', '중층', '관리비20만원이하', '주차가능']",37.501493,127.021708
2520925482,일반상가,월세,6/6,500,"5,000",79,75,북서향,20250419,"['25년이상', '역세권', '고층', '주차가능']",37.500286,127.025327
2520920068,일반상가,월세,1/2,137,"3,000",39,33,남향,20250419,"['25년이상', '1층', '관리비10만원이하', '주차가능']",37.490571,127.021322
2520988079,일반상가,월세,B1/12,496,"8,300",342,186,서향,20250419,"['10년이내', '역세권', '지하층', '주차가능']",37.489681,127.007593
2520921674,일반상가,매매,1/12,,35억,67,67,남서향,20250419,"['25년이내', '테라스', '역세권', '1층']",37.500998,127.025093
2521048829,단지내상가,월세,4/4,150,"3,000",52,52,동향,20250419,"['25년이상', '융자금없는', '역세권', '고층']",37.501784,127.022447
2520926566,일반상가,월세,1/9,300,"6,000",59,59,남서향,20250419,"['25년이내', '역세권', '1층', '주차가능']",37.485522,127.031727
2520902080,일반상가,월세,1/7,270,"4,000",56,49,남서향,20250419,"['25년이상', '역세권', '1층', '주차가능']",37.484734,127.029976
2521013824,일반상가,월세,B1/4,390,"5,000",154,78,남서향,20250419,"['10년이내', '역세권', '지하층', '주차가능']",37.487514,127.009142
2520927440,일반상가,월세,10/11,928,2억,406,323,동향,20250419,"['25년이상', '역세권', '고층', '주차가능']",37.493259,127.029329
2520905568,일반상가,월세,1/6,276,"3,000",108,76,남서향,20250419,"['25년이내', '융자금적은', '1층', '주차가능']",37.488687,127.012452
2520951391,일반상가,월세,1/12,"2,000",10억,314,175,남향,20250419,"['15년이내', '역세권', '1층', '주차가능']",37.484592,127.032178
2521014284,일반상가,월세,B1/6,420,"5,000",273,198,동향,20250419,"['25년이상', '역세권', '지하층', '주차가능']",37.489081,127.013662
2521040756,일반상가,월세,3/13,470,"8,000",184,122,남향,20250419,"['25년이내', '역세권', '지상층(1층제외)', '주차가능']",37.492955,127.028697
2521062217,단지내상가,월세,1/12,50,500,9,9,동향,20250419,"['25년이상', '역세권', '1층', '관리비10만원이하']",37.485516,127.01356
2520926533,일반상가,월세,1/2,110,"1,500",33,33,동향,20250419,"['25년이상', '1층', '총2층', '동향']",37.483077,127.008843
2521018237,일반상가,월세,1/5,90,"1,000",20,19,동향,20250419,"['25년이상', '역세권', '1층', '총5층']",37.487953,127.017082
2521069572,일반상가,월세,9/9,750,"1억 3,000",240,186,북향,20250419,"['25년이상', '역세권', '고층', '주차가능']",37.485861,127.013465
2521057127,일반상가,월세,2/6,300,"4,000",179,114,북서향,20250419,"['25년이상', '역세권', '지상층(1층제외)', '주차가능']",37.487377,127.031375
2521016412,일반상가,월세,1/15,360,"4,300",48,21,남서향,20250419,"['10년이내', '역세권', '1층', '주차가능']",37.499614,127.025856
2521065383,일반상가,월세,3/6,300,"4,000",179,114,북서향,20250419,"['25년이상', '역세권', '중층', '주차가능']",37.487377,127.031375
2521070311,단지내상가,매매,1/19,,90억,914,551,북향,20250419,"['25년이상', '테라스', '마당', '역세권']",37.495246,127.01969
2521069330,일반상가,월세,8/9,600,1억,240,186,북향,20250419,"['25년이상', '융자금없는', '역세권', '고층']",37.485861,127.013465
2520929841,일반상가,월세,2/30,315,"5,000",70,70,동향,20250419,"['25년이상', '융자금적은', '역세권', '지상층(1층제외)']",37.49645,127.027803
2520929814,일반상가,월세,1/5,300,"3,000",97,72,동향,20250419,"['25년이상', '융자금적은', '역세권', '1층']",37.488114,127.015323
2520926392,일반상가,월세,1/4,140,"2,000",27,27,남향,20250419,"['25년이내', '역세권', '1층', '관리비10만원이하']",37.488936,127.01292
2521004634,일반상가,월세,1/5,300,"4,000",89,89,북향,20250419,"['25년이상', '1층', '주차가능', '총5층']",37.487143,127.030491
2520959547,일반상가,월세,3/8,600,1억,150,132,북향,20250419,"['2년이내', '역세권', '중층', '주차가능']",37.491852,127.01033
2520992041,일반상가,월세,1/19,"2,400",4억,738,445,북향,20250419,"['25년이상', '역세권', '1층', '주차가능']",37.495309,127.019894
2520936729,일반상가,월세,1/5,664,"6,000",164,115,남동향,20250419,"['25년이상', '1층', '주차가능', '총5층']",37.480189,127.011388
2520920506,일반상가,월세,1/2,600,"5,000",152,85,남향,20250419,"['10년이내', '역세권', '1층', '주차가능']",37.490331,127.005772
2521023848,일반상가,월세,1/5,300,"5,000",76,61,서향,20250419,"['25년이상', '1층', '주차가능', '총5층']",37.487638,127.028914
2520936918,일반상가,월세,1/5,"1,520",2억,297,264,남동향,20250419,"['25년이상', '1층', '주차가능', '총5층']",37.480189,127.011388
2520985366,단지내상가,매매,B1/7,,17억,274,211,동향,20250419,"['10년이내', '지하층', '관리비20만원이하', '주차가능']",37.488364,127.011436
2520969729,단지내상가,월세,1/5,250,"5,000",79,30,남향,20250419,"['4년이내', '1층', '주차가능', '엘리베이터']",37.488818,127.027669
2521016176,일반상가,월세,B1/12,410,"6,500",292,159,서향,20250419,"['10년이내', '역세권', '지하층', '주차가능']",37.489681,127.007593
2520926814,일반상가,월세,1/3,200,"3,000",23,23,동향,20250419,"['25년이상', '역세권', '1층', '관리비10만원이하']",37.491992,127.016997
2520948198,일반상가,매매,1/12,,35억,119,67,서향,20250419,"['25년이내', '역세권', '1층', '주차가능']",37.500998,127.025093
2520927498,일반상가,월세,3/11,"1,026",2억,585,330,동향,20250419,"['25년이상', '역세권', '지상층(1층제외)', '주차가능']",37.493259,127.029329
2520978111,일반상가,월세,B1/14,705,"8,468",116,116,동향,20250419,"['2년이내', '역세권', '지하층', '주차가능']",37.495303,127.027876
2520929889,일반상가,월세,1/6,190,"3,500",115,21,서향,20250419,"['25년이내', '융자금적은', '역세권', '1층']",37.492604,127.016512
2520755777,일반상가,월세,1/15,300,"5,000",12,8,서향,20250418,"['25년이상', '역세권', '1층', '관리비10만원이하']",37.49517,127.017659
2520873083,일반상가,월세,B1/4,250,"3,500",147,133,남서향,20250418,"['25년이내', '역세권', '지하층', '주차가능']",37.491675,127.012727
2520848219,일반상가,월세,1/13,"1,000",2억,108,55,동향,20250418,"['15년이내', '역세권', '1층', '주차가능']",37.492265,127.013677
2520852879,일반상가,월세,B1/4,800,"8,000",427,410,북동향,20250418,"['25년이상', '역세권', '지하층', '총4층']",37.503181,127.022897
2520824551,일반상가,월세,5/5,240,"3,000",62,62,남동향,20250418,"['2년이내', '테라스', '역세권', '고층']",37.491954,127.010984
2520865319,일반상가,월세,B2/19,"1,500",2억,1212,579,남향,20250418,"['15년이내', '융자금없는', '지하층', '주차가능']",37.496289,127.020409
2520675953,일반상가,월세,1/7,240,"4,500",36,36,서향,20250418,"['25년이상', '역세권', '1층', '주차가능']",37.484734,127.029976
2520758336,일반상가,월세,1/14,370,"5,000",40,40,북향,20250418,"['25년이내', '역세권', '1층', '주차가능']",37.493477,127.015449
2520819782,일반상가,월세,5/6,534,"8,000",294,175,서향,20250418,"['25년이상', '역세권', '고층', '주차가능']",37.502743,127.021801
2520659075,일반상가,월세,1/19,"1,500",3억,445,274,북향,20250418,"['25년이상', '역세권', '1층', '주차가능']",37.495246,127.01969
2520747692,일반상가,월세,1/3,200,"3,000",30,23,서향,20250418,"['25년이상', '역세권', '1층', '관리비10만원이하']",37.491992,127.016997
2520751756,일반상가,월세,2/7,330,"3,000",146,130,남향,20250418,"['25년이내', '역세권', '지상층(1층제외)', '주차가능']",37.494595,127.019708
2520825380,일반상가,월세,2/15,"1,200","1억 5,000",350,280,서향,20250418,"['25년이내', '역세권', '지상층(1층제외)', '관리비10만원이하']",37.493232,127.028738
2520826140,일반상가,월세,1/10,300,"6,000",95,59,서향,20250418,"['25년이내', '융자금없는', '역세권', '1층']",37.485522,127.031727
2520718921,일반상가,월세,1/7,350,"3,000",83,43,남향,20250418,"['2년이내', '역세권', '1층', '주차가능']",37.490352,127.012937
2520773883,일반상가,월세,1/5,"4,000","6억 5,000",1736,1001,남향,20250418,"['25년이상', '융자금없는', '역세권', '1층']",37.492224,127.008164
2520774809,일반상가,월세,1/5,"4,000","6억 5,000",1736,1001,남향,20250418,"['25년이상', '융자금없는', '역세권', '1층']",37.49236,127.008073
2520803340,일반상가,월세,1/15,450,1억,99,66,동향,20250418,"['25년이내', '역세권', '1층', '주차가능']",37.488112,127.014378
2520745084,일반상가,월세,2/5,280,"3,000",138,113,남향,20250418,"['25년이상', '역세권', '중층', '주차가능']",37.486646,127.01658
2520658914,일반상가,월세,B1/13,460,"8,000",383,277,북향,20250418,"['25년이내', '지하층', '주차가능', '북향']",37.487661,127.012957
2520766131,일반상가,월세,1/5,"5,500",10억,1999,1977,북서향,20250418,"['25년이상', '역세권', '1층', '주차가능']",37.491647,127.011181
2520769150,일반상가,월세,1/6,515,"5,000",71,71,남향,20250418,"['25년이상', '역세권', '1층', '주차가능']",37.492185,127.014852
2520821520,일반상가,월세,1/5,340,"7,000",143,128,남향,20250418,"['25년이내', '역세권', '1층', '주차가능']",37.49371,127.009479
2520697169,일반상가,월세,B1/25,"1,500","1억 5,000",505,505,남향,20250418,"['25년이내', '테라스', '지하층', '주차가능']",37.486824,127.028399
2520677896,일반상가,월세,2/7,365,"4,000",124,107,북동향,20250418,"['10년이내', '역세권', '지상층(1층제외)', '주차가능']",37.49316,127.017897
2520675849,일반상가,월세,B1/5,180,"3,000",143,143,남향,20250418,"['25년이상', '역세권', '지하층', '주차가능']",37.493708,127.018515
2520655477,일반상가,월세,B2/15,"1억 9,548","23억 4,575",1042,1042,동향,20250418,"['10년이내', '융자금없는', '역세권', '지하층']",37.499399,127.025833
2520656914,일반상가,월세,4/13,"2,052","2억 9,184",467,373,남향,20250418,"['2년이내', '역세권', '지상층(1층제외)', '주차가능']",37.501758,127.02426
2520726328,일반상가,매매,1/20,,30억,73,35,서향,20250418,"['25년이내', '역세권', '1층', '주차가능']",37.494794,127.028594
2520703439,일반상가,월세,전체층/7,300,"4,000",98,82,동향,20250418,"['10년이내', '역세권', '관리비20만원이하', '주차가능']",37.486824,127.031973
2520574155,일반상가,월세,1/4,"1,000",1억,341,269,북향,20250418,"['25년이내', '융자금적은', '1층', '주차가능']",37.489588,127.019455
2520728932,일반상가,월세,2/8,"1,430",2억,238,238,남향,20250418,"['15년이내', '역세권', '지상층(1층제외)', '주차가능']",37.500521,127.024959
2520725106,일반상가,월세,B2/16,"1,440","2억 1,612",768,403,동향,20250418,"['25년이상', '융자금없는', '역세권', '지하층']",37.495114,127.028441
2520713351,일반상가,월세,1/20,"1,060",2억,148,71,서향,20250418,"['25년이내', '융자금없는', '역세권', '1층']",37.494794,127.028594
2520757865,일반상가,월세,2/10,750,1억,215,148,서향,20250418,"['2년이내', '역세권', '지상층(1층제외)', '주차가능']",37.492278,127.029416
2520803538,일반상가,월세,1/2,235,"6,000",50,50,남향,20250418,"['25년이상', '1층', '주차가능', '총2층']",37.490571,127.021322
2520834347,일반상가,월세,B1/5,"4,500",3억,1860,1158,남향,20250418,"['25년이내', '융자금없는', '지하층', '주차가능']",37.491886,127.025252
2520841757,일반상가,월세,6/11,"1,493","1억 4,930",200,200,서향,20250418,"['25년이상', '역세권', '중층', '주차가능']",37.500319,127.026053
2520837162,일반상가,월세,1/2,"5,000",5억,942,534,남동향,20250418,"['25년이상', '융자금적은', '1층', '주차가능']",37.495704,127.022508
2520834348,일반상가,월세,B1/10,300,"5,000",231,148,동향,20250418,"['25년이상', '지하층', '주차가능', '엘리베이터']",37.483209,127.003907
2520874296,단지내상가,월세,5/5,280,"5,000",131,50,남향,20250418,"['4년이내', '고층', '주차가능', '엘리베이터']",37.488818,127.027669
2520870538,일반상가,월세,4/5,940,"1억 6,000",330,175,남서향,20250418,"['10년이내', '융자금적은', '고층', '주차가능']",37.49242,127.026852
2520859238,일반상가,월세,1/15,"6,000",20억,289,158,동향,20250418,"['25년이내', '역세권', '1층', '주차가능']",37.502857,127.024553
2520876628,일반상가,월세,B1/5,180,"3,000",190,181,북향,20250418,"['25년이상', '역세권', '지하층', '주차가능']",37.492332,127.016401
2520866511,일반상가,월세,B2/15,"7,430","8억 9,166",1427,701,남향,20250418,"['10년이내', '역세권', '지하층', '주차가능']",37.499743,127.025584
2520857115,일반상가,월세,2/5,140,"2,000",112,79,서향,20250418,"['25년이상', '중층', '관리비20만원이하', '주차가능']",37.479877,127.006143
2520889821,일반상가,매매,1/19,,"9억 5,000",117,56,서향,20250418,"['15년이내', '1층', '급매', '주차가능']",37.496289,127.020409
2520885856,일반상가,월세,B1/21,"3,271","5억 4,526",1802,1030,남서향,20250418,"['25년이상', '역세권', '지하층', '주차가능']",37.496723,127.024584
2520879221,일반상가,월세,1/20,"1,160",2억,70,66,서향,20250418,"['25년이내', '역세권', '1층', '주차가능']",37.494794,127.028594
2520883825,일반상가,매매,2/6,,"10억 5,000",136,112,북향,20250418,"['10년이내', '역세권', '지상층(1층제외)', '주차가능']",37.490721,127.011478
2520878994,일반상가,월세,1/2,300,"5,000",151,66,서향,20250418,"['25년이내', '1층', '주차가능', '총2층']",37.485718,127.01158
2520838364,일반상가,월세,2/6,700,"7,000",192,154,동향,20250418,"['4년이내', '역세권', '지상층(1층제외)', '주차가능']",37.486124,127.032136
2520862740,일반상가,월세,B1/2,130,"1,000",127,100,서향,20250418,"['25년이상', '역세권', '지하층', '총2층']",37.488234,127.008793
2520863334,일반상가,월세,B1/15,"2,776","3억 3,315",581,242,남향,20250418,"['10년이내', '역세권', '지하층', '주차가능']",37.499799,127.025768
2520861917,일반상가,월세,1/15,"2,865","3억 4,391",235,105,남향,20250418,"['10년이내', '역세권', '1층', '주차가능']",37.499799,127.025768
2520872997,일반상가,월세,1/9,"1,400","2억 5,000",193,72,동향,20250418,"['25년이상', '역세권', '1층', '주차가능']",37.494538,127.02823
2520840062,일반상가,월세,2/11,"7,000",15억,397,397,서향,20250418,"['25년이상', '역세권', '지상층(1층제외)', '주차가능']",37.500319,127.026053
2520834476,일반상가,월세,B1/10,200,"3,000",165,104,동향,20250418,"['25년이상', '지하층', '주차가능', '엘리베이터']",37.483209,127.003907
2520864700,일반상가,월세,B1/15,"5,948","7억 1,385",1177,491,남향,20250418,"['10년이내', '역세권', '지하층', '주차가능']",37.499799,127.025768
2520708673,일반상가,월세,1/4,150,"2,400",66,66,북서향,20250418,"['25년이상', '1층', '엘리베이터', '총4층']",37.483819,127.020846
2520865757,일반상가,월세,B2/15,"3,610","4억 3,323",693,341,남향,20250418,"['10년이내', '역세권', '지하층', '주차가능']",37.499743,127.025584
2520871234,일반상가,월세,1/4,400,"4,000",99,89,북향,20250418,"['25년이상', '역세권', '1층', '주차가능']",37.485372,127.018661
2520860652,일반상가,월세,1/15,"6,804","8억 1,648",249,249,남향,20250418,"['10년이내', '역세권', '1층', '주차가능']",37.499799,127.025768
2520773913,단지내상가,매매,1/3,,6억,36,19,북향,20250418,"['25년이내', '1층', '주차가능', '총3층']",37.49856,127.018898
2520733762,일반상가,월세,B1/11,70,"1,000",37,18,북향,20250418,"['25년이상', '역세권', '지하층', '관리비20만원이하']",37.493236,127.013234
2520863768,일반상가,월세,2/5,250,"4,000",109,109,남향,20250418,"['25년이내', '역세권', '중층', '주차가능']",37.484712,127.012154
2520873934,일반상가,월세,1/5,300,"3,000",106,10,서향,20250418,"['25년이상', '역세권', '1층', '총5층']",37.491791,127.010141
2520830677,일반상가,월세,6/6,400,"5,000",119,85,남향,20250418,"['4년이내', '역세권', '고층', '주차가능']",37.486124,127.032136
2520840566,일반상가,월세,B1/5,250,"3,000",119,119,동향,20250418,"['25년이상', '지하층', '총5층', '동향']",37.48404,127.003596
2520869563,일반상가,월세,2/4,550,1억,278,252,북향,20250418,"['25년이상', '중층', '주차가능', '총4층']",37.48533,127.021807
2520657171,일반상가,월세,2/4,200,"3,000",129,99,남서향,20250418,"['25년이상', '중층', '주차가능', '총4층']",37.483963,127.021722
2520657237,일반상가,월세,1/2,"4,000",4억,710,408,남동향,20250418,"['25년이상', '융자금적은', '1층', '주차가능']",37.495704,127.022508
2520660761,일반상가,월세,1/5,140,"2,000",41,38,남향,20250418,"['25년이내', '1층', '관리비20만원이하', '주차가능']",37.48497,127.021735
2520659479,일반상가,월세,1/19,"1,000",2억,445,175,북향,20250418,"['25년이상', '역세권', '1층', '주차가능']",37.495246,127.01969
2520661011,일반상가,월세,2/4,860,"9,000",249,214,남서향,20250418,"['25년이상', '중층', '주차가능', '총4층']",37.481159,127.013515
2520660331,일반상가,월세,1/6,350,"5,000",130,120,남향,20250418,"['25년이상', '역세권', '1층', '주차가능']",37.489347,127.009609
2520804449,일반상가,매매,1/12,,"13억 3,400",51,20,남서향,20250418,"['4년이내', '역세권', '1층', '관리비20만원이하']",37.494395,127.027689
2520764200,일반상가,월세,1/5,300,"4,000",99,99,남향,20250418,"['25년이상', '융자금적은', '역세권', '1층']",37.495376,127.013918
2520719383,일반상가,월세,1/5,350,"4,000",72,66,남서향,20250418,"['25년이상', '1층', '주차가능', '엘리베이터']",37.487408,127.027041
2520726209,일반상가,월세,9/19,"3,169","3억 1,696",448,299,동향,20250418,"['2년이내', '융자금없는', '역세권', '중층']",37.498459,127.026712
2520665107,일반상가,월세,1/5,600,"5,000",292,292,남서향,20250418,"['25년이상', '1층', '총5층', '남서향']",37.480874,127.011682
2520395183,일반상가,월세,1/4,"1,300",2억,291,291,남향,20250417,"['15년이내', '테라스', '역세권', '1층']",37.489903,127.013058
2520383801,일반상가,월세,1/7,480,1억,333,82,동향,20250417,"['25년이상', '역세권', '1층', '주차가능']",37.489772,127.014107
2520384500,일반상가,월세,3/3,319,"3,000",91,76,남향,20250417,"['25년이상', '융자금없는', '역세권', '고층']",37.500667,127.024891
2520395054,일반상가,월세,1/1,"1,070","1억 4,400",396,396,북동향,20250417,"['25년이상', '1층', '주차가능', '북동향']",37.487518,127.028406
2520401063,일반상가,월세,1/5,380,"4,000",272,89,남향,20250417,"['25년이상', '융자금적은', '역세권', '1층']",37.494963,127.012257
2520403579,단지내상가,월세,1/14,350,"4,000",51,26,동향,20250417,"['25년이내', '융자금없는', '역세권', '1층']",37.48301,127.016038
2520416209,일반상가,월세,1/10,"4,500",10억,82,79,동향,20250417,"['25년이내', '역세권', '1층', '주차가능']",37.502429,127.025075
2520389933,일반상가,월세,B1/7,781,"8,000",203,181,서향,20250417,"['25년이상', '역세권', '지하층', '서향']",37.500582,127.025182
2520616703,복합상가,매매,B1/20,,2억,36,15,동향,20250417,"['10년이내', '역세권', '지하층', '관리비20만원이하']",37.49196,127.028816
2520601565,일반상가,월세,1/6,276,"5,000",89,76,서향,20250417,"['25년이내', '1층', '엘리베이터', '천장에어컨']",37.488687,127.012452
2520644302,일반상가,월세,1/8,397,"5,000",129,106,남향,20250417,"['25년이내', '역세권', '1층', '주차가능']",37.49178,127.009241
2520609568,일반상가,월세,1/5,90,"1,000",19,19,남향,20250417,"['25년이상', '역세권', '1층', '관리비10만원이하']",37.487953,127.017082
2520623339,단지내상가,월세,3/15,650,"9,000",417,252,동향,20250417,"['25년이상', '역세권', '지상층(1층제외)', '주차가능']",37.493761,127.028475
2520557387,일반상가,월세,1/5,600,1억,181,165,동향,20250417,"['25년이상', '역세권', '1층', '주차가능']",37.485748,127.021298
2520601243,일반상가,월세,1/4,250,"4,000",80,54,북서향,20250417,"['25년이상', '융자금없는', '테라스', '역세권']",37.483827,127.019285
2520559895,일반상가,월세,1/5,300,"4,000",99,99,동향,20250417,"['25년이내', '1층', '주차가능', '천장에어컨']",37.487821,127.010353
2520600039,일반상가,월세,1/7,600,1억,180,161,남서향,20250417,"['25년이상', '역세권', '1층', '주차가능']",37.485635,127.029778
2520571554,일반상가,월세,4/5,380,"5,000",147,147,남향,20250417,"['25년이상', '역세권', '고층', '관리비20만원이하']",37.492038,127.012598
2520583363,일반상가,월세,1/13,"1,700",2억,113,60,서향,20250417,"['15년이내', '역세권', '1층', '주차가능']",37.500034,127.02599
2520622015,일반상가,월세,1/2,"3,000",10억,188,188,남동향,20250417,"['25년이상', '1층', '총2층', '남동향']",37.48819,127.028056
2520471941,일반상가,월세,1/15,700,1억,114,114,남서향,20250417,"['25년이내', '역세권', '1층', '주차가능']",37.502857,127.024553
2520455401,일반상가,월세,1/7,740,"9,500",231,142,남동향,20250417,"['25년이내', '역세권', '1층', '관리비10만원이하']",37.491411,127.012074
2520624315,일반상가,월세,1/10,220,"3,000",33,19,서향,20250417,"['2년이내', '융자금적은', '역세권', '1층']",37.492176,127.029465
2520568143,일반상가,월세,1/10,380,"6,000",100,63,남향,20250417,"['25년이내', '역세권', '1층', '관리비20만원이하']",37.493477,127.015449
2520568412,일반상가,월세,1/10,180,"3,000",50,31,동향,20250417,"['25년이내', '역세권', '1층', '관리비10만원이하']",37.494247,127.017568
2520558361,일반상가,월세,1/5,300,"3,000",124,109,,20250417,"['25년이상', '역세권', '1층', '주차가능']",37.488291,127.010125
2520557697,일반상가,월세,1/6,250,"3,000",85,85,북향,20250417,"['25년이내', '테라스', '역세권', '1층']",37.487343,127.031233
2520556765,일반상가,월세,B1/5,250,"3,000",148,104,남향,20250417,"['25년이상', '융자금없는', '지하층', '주차가능']",37.482085,127.013195
2520599652,일반상가,월세,1/15,700,1억,608,114,동향,20250417,"['25년이내', '역세권', '1층', '주차가능']",37.502857,127.024553
2520421779,일반상가,월세,B1/5,300,"4,000",265,265,북향,20250417,"['25년이상', '지하층', '주차가능', '총5층']",37.48847,127.028962
2520474371,일반상가,월세,1/5,273,"2,500",95,67,동향,20250417,"['25년이상', '1층', '관리비20만원이하', '주차가능']",37.482428,127.00721
2520483969,일반상가,월세,B1/5,200,"3,000",106,102,북향,20250417,"['25년이상', '지하층', '주차가능', '총5층']",37.488448,127.030355
2520492596,단지내상가,월세,1/15,450,1억,65,65,동향,20250417,"['25년이내', '역세권', '1층', '주차가능']",37.488112,127.014378
2520509166,일반상가,월세,B1/5,450,1억,1570,118,서향,20250417,"['25년이상', '역세권', '지하층', '주차가능']",37.493513,127.014679
2520433719,일반상가,월세,1/5,230,"5,000",78,44,,20250417,"['25년이상', '융자금없는', '1층', '주차가능']",37.499951,127.017458
2520436225,일반상가,월세,2/12,450,"5,000",144,70,남향,20250417,"['4년이내', '역세권', '지상층(1층제외)', '주차가능']",37.494395,127.027689
2520434781,일반상가,매매,2/14,,"17억 5,000",121,70,동향,20250417,"['15년이내', '역세권', '지상층(1층제외)', '주차가능']",37.49426,127.028234
2520452452,일반상가,월세,1/7,"1,038",3억,207,148,남향,20250417,"['25년이상', '역세권', '1층', '관리비20만원이하']",37.494701,127.014021
2520521934,일반상가,월세,1/14,"1,050","1억 5,000",165,82,남서향,20250417,"['15년이내', '역세권', '1층', '주차가능']",37.501134,127.024369
2520488707,복합상가,월세,3/16,"3,397","3억 3,977",496,311,동향,20250417,"['25년이상', '역세권', '지상층(1층제외)', '주차가능']",37.495114,127.028441
2520530146,일반상가,월세,1/6,450,1억,195,49,동향,20250417,"['25년이상', '역세권', '1층', '주차가능']",37.489071,127.014241
2520517574,일반상가,월세,1/15,360,"4,300",21,21,남서향,20250417,"['10년이내', '역세권', '1층', '주차가능']",37.499558,127.025672
2520530348,일반상가,매매,2/12,,35억,685,267,남서향,20250417,"['25년이내', '역세권', '지상층(1층제외)', '주차가능']",37.493349,127.028181
2520545071,일반상가,월세,3/8,450,"6,000",198,143,동향,20250417,"['25년이상', '융자금없는', '역세권', '중층']",37.494487,127.017333
2520542104,일반상가,월세,1/7,600,1억,218,132,남향,20250417,"['25년이내', '융자금없는', '역세권', '1층']",37.483376,127.019931
2520414099,일반상가,월세,1/11,900,1억,115,115,동향,20250417,"['2년이내', '역세권', '1층', '엘리베이터']",37.494898,127.014032
2520413868,일반상가,월세,B1/11,700,1억,162,162,동향,20250417,"['2년이내', '역세권', '지하층', '엘리베이터']",37.494898,127.014032
2520481565,일반상가,월세,1/5,700,1억,86,86,남서향,20250417,"['25년이상', '역세권', '1층', '주차가능']",37.501691,127.024028
2520562342,일반상가,매매,B2/15,,55억,923,657,북동향,20250417,"['25년이상', '역세권', '지하층', '주차가능']",37.493761,127.028475
2520603973,일반상가,매매,B1/14,,"1억 3,000",15,15,동향,20250417,"['25년이내', '역세권', '지하층', '관리비20만원이하']",37.493098,127.013494
2520502359,일반상가,월세,6/7,470,"7,000",149,132,남동향,20250417,"['25년이상', '역세권', '고층', '주차가능']",37.493997,127.015551
2520484917,일반상가,월세,1/4,700,"8,000",99,99,남향,20250417,"['10년이내', '역세권', '1층', '주차가능']",37.489282,127.013628
2520510805,일반상가,월세,B1/4,280,"3,000",130,130,남서향,20250417,"['25년이상', '역세권', '지하층', '주차가능']",37.502702,127.022605
2520539090,일반상가,매매,B1/15,,11억,340,147,서향,20250417,"['25년이내', '역세권', '지하층', '주차가능']",37.48713,127.015469
2520609630,일반상가,매매,B1/5,,"2억 7,000",60,46,서향,20250417,"['25년이내', '역세권', '급매', '지하층']",37.494455,127.012115
2520647387,일반상가,월세,1/14,500,1억,38,33,동향,20250417,"['15년이내', '역세권', '1층', '주차가능']",37.501344,127.024546
2520616694,단지내상가,월세,1/5,200,"3,000",19,7,남서향,20250417,"['4년이내', '1층', '주차가능', '총5층']",37.488818,127.027669
2520555150,일반상가,월세,1/5,525,"6,500",149,119,서향,20250417,"['25년이상', '융자금없는', '역세권', '1층']",37.492922,127.014766
2520536714,일반상가,월세,1/3,300,"5,000",50,41,북서향,20250417,"['25년이상', '1층', '관리비10만원이하', '주차가능']",37.487844,127.026926
2520475270,복합상가,월세,2/15,500,1억,159,93,남서향,20250417,"['25년이내', '역세권', '지상층(1층제외)', '주차가능']",37.502056,127.024014
2520650516,일반상가,매매,B1/20,,"3억 9,000",77,32,서향,20250417,"['10년이내', '역세권', '지하층', '주차가능']",37.49196,127.028816
2520463719,일반상가,월세,1/5,600,"5,000",180,132,동향,20250417,"['25년이내', '역세권', '1층', '주차가능']",37.491877,127.016691
2520652140,일반상가,매매,1/20,,9억,50,21,서향,20250417,"['10년이내', '역세권', '1층', '관리비20만원이하']",37.49196,127.028816
2520539263,일반상가,월세,2/10,850,"1억 5,000",252,148,서향,20250417,"['2년이내', '융자금적은', '역세권', '지상층(1층제외)']",37.492176,127.029465
2520535262,일반상가,월세,1/5,164,"3,000",39,39,동향,20250417,"['25년이상', '1층', '관리비10만원이하', '총5층']",37.487973,127.01254
2520544852,단지내상가,매매,1/13,,10억,69,40,동향,20250417,"['25년이내', '역세권', '1층', '관리비20만원이하']",37.50323,127.023577
2520555496,일반상가,월세,1/5,140,"2,000",56,36,남향,20250417,"['25년이내', '1층', '관리비20만원이하', '주차가능']",37.484855,127.021714
2520549328,일반상가,월세,1/5,200,"2,000",16,16,북동향,20250417,"['25년이상', '융자금없는', '역세권', '1층']",37.493763,127.009618
2520544218,단지내상가,매매,B1/13,,30억,283,150,남서향,20250417,"['25년이내', '역세권', '지하층', '주차가능']",37.50323,127.023577
2520546954,일반상가,월세,B1/7,781,"8,000",203,182,서향,20250417,"['25년이상', '역세권', '지하층', '주차가능']",37.500582,127.025182
2520568976,복합상가,월세,1/14,400,"6,000",62,60,남향,20250417,"['25년이내', '역세권', '1층', '관리비20만원이하']",37.493477,127.015449
2520399215,일반상가,월세,B1/20,190,"2,500",92,92,남향,20250417,"['25년이상', '역세권', '지하층', '주차가능']",37.485473,127.029097
2520549671,일반상가,월세,1/7,442,"6,000",135,99,남향,20250417,"['10년이내', '역세권', '1층', '주차가능']",37.490416,127.010049
2520632380,일반상가,월세,10/10,400,"4,000",145,132,북향,20250417,"['10년이내', '역세권', '고층', '주차가능']",37.495094,127.027737
2520621996,일반상가,월세,5/6,534,"8,000",156,156,남향,20250417,"['25년이상', '융자금적은', '역세권', '고층']",37.502743,127.021801
2520542820,단지내상가,매매,1/13,,29억,257,149,동향,20250417,"['25년이내', '역세권', '1층', '주차가능']",37.50323,127.023577
2520544499,단지내상가,매매,2/13,,10억,123,69,동향,20250417,"['25년이내', '역세권', '급매', '지상층(1층제외)']",37.50323,127.023577
2519775424,단지내상가,월세,1/10,"1,000","1억 5,000",154,75,북향,20250416,"['25년이상', '역세권', '1층', '북향']",37.500507,127.024796
2520188210,일반상가,월세,3/4,100,"1,000",35,26,북향,20250416,"['25년이상', '마당', '고층', '관리비20만원이하']",37.487936,127.027227
2520213577,일반상가,월세,1/3,100,"1,000",88,88,남향,20250416,"['25년이상', '융자금없는', '역세권', '1층']",37.486844,127.016566
2520199738,일반상가,월세,2/7,365,"4,000",91,82,북동향,20250416,"['10년이내', '융자금적은', '역세권', '지상층(1층제외)']",37.49316,127.017897
2520214826,복합상가,월세,1/4,150,"1,500",28,28,남향,20250416,"['25년이상', '역세권', '1층', '주차가능']",37.485468,127.017053
2520187335,일반상가,월세,11/13,"1,200","1억 5,000",210,210,동향,20250416,"['10년이내', '역세권', '고층', '주차가능']",37.498368,127.026438
2520210922,일반상가,월세,1/7,600,"5,000",218,132,남동향,20250416,"['25년이내', '역세권', '1층', '주차가능']",37.483437,127.020084
2520213333,일반상가,월세,B2/4,250,"5,000",286,218,남향,20250416,"['25년이상', '역세권', '지하층', '총4층']",37.495654,127.013758
2520255453,일반상가,월세,B1/5,160,"2,000",132,122,동향,20250416,"['25년이상', '역세권', '지하층', '엘리베이터']",37.48667,127.030883
2520261849,일반상가,월세,1/5,850,"10억 5,000",495,330,남향,20250416,"['25년이상', '융자금적은', '역세권', '1층']",37.485194,127.015374
2520215847,일반상가,월세,B1/5,210,"3,000",148,148,서향,20250416,"['25년이내', '역세권', '지하층', '주차가능']",37.49095,127.012286
2520231322,일반상가,월세,1/6,150,"2,000",45,33,서향,20250416,"['10년이내', '역세권', '1층', '관리비10만원이하']",37.489229,127.012739
2520242033,일반상가,월세,3/6,140,"2,000",85,66,서향,20250416,"['25년이상', '역세권', '중층', '서향']",37.488242,127.014909
2520190358,일반상가,월세,1/7,430,"7,000",158,90,서향,20250416,"['25년이내', '역세권', '1층', '주차가능']",37.486458,127.029446
2520199733,일반상가,월세,1/6,300,"5,000",109,99,남향,20250416,"['25년이내', '융자금적은', '역세권', '1층']",37.489753,127.010632
2520181403,일반상가,월세,1/14,380,"6,000",93,62,남동향,20250416,"['25년이내', '역세권', '1층', '관리비20만원이하']",37.493477,127.015449
2520183690,단지내상가,월세,1/5,350,"5,000",40,17,남서향,20250416,"['10년이내', '1층', '관리비10만원이하', '주차가능']",37.491841,127.027184
2520322889,일반상가,월세,1/20,"1,160",2억,71,69,서향,20250416,"['25년이내', '역세권', '1층', '주차가능']",37.494794,127.028594
2520305420,일반상가,월세,1/5,500,1억,223,90,남서향,20250416,"['25년이상', '테라스', '역세권', '1층']",37.491645,127.010283
2520347804,일반상가,월세,2/5,240,"3,000",116,115,북서향,20250416,"['25년이상', '역세권', '중층', '주차가능']",37.493866,127.016561
2520273131,일반상가,월세,1/6,300,"4,000",112,105,북향,20250416,"['25년이상', '1층', '주차가능', '북향']",37.494539,127.02046
2520249515,일반상가,월세,1/5,460,"6,000",174,121,북향,20250416,"['25년이내', '역세권', '1층', '주차가능']",37.495131,127.012211
2520225219,일반상가,월세,1/6,263,"5,000",99,66,동향,20250416,"['25년이내', '역세권', '1층', '주차가능']",37.492698,127.01619
2520228691,일반상가,월세,1/4,150,"2,000",40,33,남향,20250416,"['25년이상', '1층', '관리비10만원이하', '총4층']",37.490143,127.019893
2520268479,일반상가,월세,B1/4,140,"2,000",119,100,서향,20250416,"['25년이내', '역세권', '지하층', '주차가능']",37.494929,127.012528
2520239003,일반상가,월세,B1/15,500,1억,30,30,남향,20250416,"['15년이내', '역세권', '지하층', '주차가능']",37.502758,127.023919
2520225523,복합상가,월세,1/4,200,"3,000",32,32,남향,20250416,"['25년이상', '역세권', '1층', '주차가능']",37.485579,127.017575
2520377978,일반상가,월세,5/17,"2억 1,056",21억 560,3026,1924,동향,20250416,"['2년이내', '역세권', '지상층(1층제외)', '주차가능']",37.503111,127.024432
2520322200,일반상가,월세,6/13,"3,096",3억 960,851,511,동향,20250416,"['25년이상', '역세권', '중층', '주차가능']",37.502163,127.02497
2520309359,일반상가,월세,B1/4,200,"2,000",124,115,남동향,20250416,"['25년이내', '역세권', '지하층', '관리비10만원이하']",37.492826,127.016148
2520284811,일반상가,월세,1/7,240,"4,500",33,33,서향,20250416,"['25년이상', '역세권', '1층', '주차가능']",37.484734,127.029976
2520266373,단지내상가,매매,2/4,,"8억 8,000",79,69,동향,20250416,"['25년이상', '역세권', '중층', '관리비20만원이하']",37.501784,127.022447
2520325754,일반상가,월세,9/18,"3,169","3억 1,696",432,298,동향,20250416,"['2년이내', '역세권', '중층', '주차가능']",37.498459,127.026712
2520325842,일반상가,월세,1/6,740,"1억 8,000",132,92,남서향,20250416,"['25년이상', '역세권', '1층', '남서향']",37.502743,127.021801
2520318765,일반상가,월세,8/13,"3,096",3억 960,851,511,동향,20250416,"['25년이상', '역세권', '중층', '주차가능']",37.502163,127.02497
2520297073,일반상가,월세,3/5,140,"2,000",59,59,남향,20250416,"['25년이상', '역세권', '중층', '관리비20만원이하']",37.493051,127.029322
2520283993,일반상가,월세,8/15,"2,578","2억 5,028",361,271,동향,20250416,"['4년이내', '역세권', '중층', '주차가능']",37.498996,127.026591
2520319020,일반상가,월세,9/13,950,1억,267,231,동향,20250416,"['15년이내', '역세권', '고층', '주차가능']",37.495417,127.027824
2520322342,일반상가,월세,7/13,"3,096",3억 960,851,511,동향,20250416,"['25년이상', '역세권', '중층', '주차가능']",37.502163,127.02497
2520334616,일반상가,월세,1/3,450,"8,000",60,42,북향,20250416,"['25년이상', '역세권', '1층', '관리비20만원이하']",37.503635,127.022689
2520320365,일반상가,월세,6/11,"1,493","1억 4,930",329,218,동향,20250416,"['25년이상', '역세권', '중층', '주차가능']",37.500261,127.025863
2520280539,단지내상가,매매,B1/20,,"4억 5,000",78,32,남서향,20250416,"['10년이내', '역세권', '지하층', '관리비20만원이하']",37.49196,127.028816
2520274896,단지내상가,매매,1/31,,6억,102,71,북동향,20250416,"['10년이내', '1층', '관리비20만원이하', '주차가능']",37.48695,127.011634
2520379446,일반상가,월세,B1/37,550,1억,407,146,남향,20250416,"['25년이내', '역세권', '지하층', '주차가능']",37.498199,127.013331
2520362781,일반상가,월세,1/5,260,"2,000",83,83,서향,20250416,"['25년이내', '역세권', '1층', '관리비20만원이하']",37.490087,127.012668
2520361899,일반상가,월세,1/6,320,1억,79,79,남향,20250416,"['25년이상', '역세권', '1층', '주차가능']",37.492678,127.009414
2520367451,일반상가,월세,1/5,"1,800","2억 5,000",547,387,,20250416,"['2년이내', '융자금없는', '역세권', '1층']",37.483616,127.012854
2520249237,일반상가,월세,B1/4,160,"3,000",120,93,남향,20250416,"['10년이내', '지하층', '관리비10만원이하', '주차가능']",37.482988,127.003292
2519949829,일반상가,월세,1/4,145,"1,500",52,49,북향,20250415,"['25년이상', '역세권', '1층', '관리비10만원이하']",37.487281,127.031051
2519929357,단지내상가,매매,B1/14,,"1억 2,500",33,16,동향,20250415,"['25년이내', '역세권', '지하층', '관리비20만원이하']",37.493098,127.013494
2519949268,일반상가,월세,1/4,170,"5,000",83,62,동향,20250415,"['25년이상', '1층', '관리비10만원이하', '주차가능']",37.480739,127.009159
2519865539,단지내상가,매매,1/2,,"4억 9,000",5,5,,20250415,"['25년이상', '1층', '관리비10만원이하', '주차가능']",37.485976,127.023922
2519930568,일반상가,월세,1/4,700,"8,000",109,109,동향,20250415,"['10년이내', '역세권', '1층', '주차가능']",37.489282,127.013628
2519946860,일반상가,월세,14/15,"1,368","1억 3,680",414,318,동향,20250415,"['25년이상', '융자금없는', '역세권', '고층']",37.493943,127.029002
2519945762,일반상가,월세,3/21,740,1억,196,129,동향,20250415,"['25년이상', '융자금없는', '역세권', '지상층(1층제외)']",37.496796,127.027639
2519930515,일반상가,매매,B1/14,,"1억 5,000",33,21,동향,20250415,"['25년이내', '역세권', '지하층', '관리비20만원이하']",37.493098,127.013494
2519938926,일반상가,월세,2/6,280,"4,000",102,92,동향,20250415,"['25년이상', '역세권', '지상층(1층제외)', '주차가능']",37.489071,127.014241
2520041443,일반상가,월세,1/10,380,"6,000",90,63,남향,20250415,"['25년이내', '역세권', '1층', '관리비20만원이하']",37.493477,127.015449
2520019153,일반상가,월세,4/5,240,"3,000",96,55,남향,20250415,"['25년이내', '고층', '관리비20만원이하', '주차가능']",37.491886,127.025252
2519951989,일반상가,월세,1/6,205,"2,000",95,70,남향,20250415,"['25년이상', '융자금적은', '역세권', '1층']",37.482023,127.014607
2520005804,일반상가,월세,1/12,"1,000",1억,62,62,동향,20250415,"['25년이내', '역세권', '1층', '주차가능']",37.494797,127.02812
2519992076,복합상가,월세,1/19,"2,300",3억,740,445,북향,20250415,"['25년이상', '역세권', '1층', '관리비10만원이하']",37.495246,127.01969
2519972153,일반상가,월세,4/6,450,1억,161,149,북향,20250415,"['25년이상', '역세권', '중층', '주차가능']",37.484002,127.012291
2519980483,일반상가,월세,1/5,600,1억,168,165,남향,20250415,"['25년이상', '역세권', '1층', '주차가능']",37.485748,127.021298
2519988323,일반상가,월세,1/5,190,"5,000",45,42,서향,20250415,"['25년이상', '역세권', '1층', '주차가능']",37.494093,127.011522
2519948611,일반상가,월세,1/5,220,"3,000",109,109,동향,20250415,"['25년이내', '역세권', '1층', '주차가능']",37.488097,127.016788
2519948914,일반상가,월세,11/13,"1,037","1억 4,700",188,188,남향,20250415,"['2년이내', '역세권', '고층', '주차가능']",37.501758,127.02426
2519928850,일반상가,월세,1/6,450,1억,76,46,동향,20250415,"['25년이상', '역세권', '1층', '주차가능']",37.489071,127.014241
2519929696,일반상가,월세,B1/14,50,500,33,23,동향,20250415,"['25년이내', '융자금없는', '역세권', '지하층']",37.493098,127.013494
2520082884,일반상가,월세,2/11,350,"5,000",187,115,남향,20250415,"['15년이내', '역세권', '지상층(1층제외)', '주차가능']",37.491725,127.009062
2520107197,일반상가,월세,1/5,600,"5,000",181,181,동향,20250415,"['25년이내', '역세권', '1층', '주차가능']",37.491877,127.016691
2520118231,일반상가,월세,B2/5,250,"3,000",172,165,서향,20250415,"['25년이상', '역세권', '지하층', '관리비10만원이하']",37.496635,127.014373
2520027794,일반상가,월세,B2/6,250,"5,000",166,76,북향,20250415,"['10년이내', '역세권', '지하층', '주차가능']",37.496872,127.014662
2519928921,일반상가,월세,B1/14,50,500,24,19,동향,20250415,"['25년이내', '융자금없는', '역세권', '지하층']",37.493098,127.013494
2520146986,일반상가,월세,1/5,180,"1,000",33,26,남향,20250415,"['25년이내', '역세권', '1층', '총5층']",37.491877,127.016691
2519930199,일반상가,매매,1/6,,9억,43,38,남향,20250415,"['10년이내', '역세권', '1층', '주차가능']",37.490895,127.011099
2520111571,일반상가,월세,1/3,290,"6,000",147,140,동향,20250415,"['25년이상', '융자금적은', '역세권', '1층']",37.48685,127.020357
2520055604,단지내상가,월세,1/13,450,"6,000",126,73,동향,20250415,"['25년이내', '역세권', '1층', '주차가능']",37.50323,127.023577
2520090288,일반상가,월세,3/6,150,"1,500",60,46,동향,20250415,"['25년이상', '중층', '동향']",37.487758,127.026544
2519986167,일반상가,월세,B1/15,400,"5,000",400,222,북향,20250415,"['25년이내', '융자금없는', '역세권', '지하층']",37.495568,127.020691
2519965960,일반상가,월세,6/7,"1,000",2억,246,212,동향,20250415,"['10년이내', '고층', '주차가능', '엘리베이터']",37.485941,127.003859
2520048879,일반상가,월세,2/20,"3,406","3억 4,060",1345,739,동향,20250415,"['25년이상', '역세권', '지상층(1층제외)', '주차가능']",37.492062,127.029735
2519997045,일반상가,월세,2/12,800,1억,172,123,서향,20250415,"['10년이내', '역세권', '지상층(1층제외)', '주차가능']",37.494983,127.027814
2519954641,일반상가,월세,1/12,"2,850",10억,168,99,남동향,20250415,"['10년이내', '역세권', '1층', '주차가능']",37.50185,127.024651
2519979750,단지내상가,매매,2/21,,"14억 5,000",296,136,남서향,20250415,"['25년이내', '역세권', '지상층(1층제외)', '주차가능']",37.484059,127.01735
2519952041,일반상가,월세,1/7,200,"2,000",33,33,북향,20250415,"['25년이상', '융자금적은', '역세권', '1층']",37.485372,127.018661
2520115403,일반상가,월세,10/17,"2,000","2억 5,000",509,363,동향,20250415,"['25년이내', '역세권', '중층', '주차가능']",37.491277,127.030192
2520089360,일반상가,월세,1/16,450,1억,111,59,서향,20250415,"['25년이내', '역세권', '1층', '주차가능']",37.491594,127.014523
2520080067,일반상가,월세,1/3,"1억 3,000",5억,1345,1345,서향,20250415,"['25년이내', '역세권', '1층', '주차가능']",37.493258,127.007378
2520081485,일반상가,월세,B1/4,200,"3,000",126,110,남서향,20250415,"['25년이상', '역세권', '지하층', '주차가능']",37.48615,127.03078
2520065080,일반상가,월세,B1/6,385,"5,000",173,171,동향,20250415,"['25년이내', '역세권', '지하층', '주차가능']",37.493185,127.015957
2520101909,일반상가,월세,1/5,500,"6,000",89,82,남향,20250415,"['25년이상', '역세권', '1층', '주차가능']",37.486465,127.016496
2520080151,단지내상가,월세,10/10,"2,180",3억,876,429,동향,20250415,"['25년이상', '융자금없는', '역세권', '고층']",37.494197,127.016609
2520079262,일반상가,월세,1/5,500,"7,000",85,67,북향,20250415,"['25년이상', '역세권', '1층', '주차가능']",37.491415,127.011687
2520067132,일반상가,월세,1/3,250,"5,000",48,39,북서향,20250415,"['25년이상', '역세권', '1층', '관리비10만원이하']",37.491992,127.016997
2520088375,일반상가,월세,B1/5,280,"3,000",148,148,,20250415,"['25년이상', '역세권', '지하층', '총5층']",37.494948,127.015133
2520095556,일반상가,월세,6/6,280,"2,800",107,82,동향,20250415,"['25년이상', '고층', '주차가능', '동향']",37.487758,127.026544
2520124028,일반상가,월세,1/4,300,"5,000",105,99,남향,20250415,"['25년이내', '역세권', '1층', '관리비10만원이하']",37.489753,127.010632
2520114542,단지내상가,월세,전체층/5,"3,200",3억,775,775,남동향,20250415,"['2년이내', '테라스', '역세권', '주차가능']",37.486556,127.016833
2520132652,일반상가,월세,3/7,600,1억,259,225,동향,20250415,"['25년이내', '융자금없는', '역세권', '중층']",37.488144,127.009107
2520144248,일반상가,월세,1/4,140,"2,000",39,23,남향,20250415,"['25년이내', '역세권', '1층', '관리비10만원이하']",37.488936,127.01292
2520108381,단지내상가,매매,B1/37,,"6억 5,000",201,72,북향,20250415,"['25년이내', '역세권', '지하층', '주차가능']",37.498199,127.013331
2520116135,단지내상가,월세,B1/5,100,"1,000",29,15,동향,20250415,"['10년이내', '융자금없는', '지하층', '관리비10만원이하']",37.491841,127.027184
2520145427,일반상가,월세,2/6,400,"6,000",130,120,,20250415,"['25년이상', '역세권', '지상층(1층제외)', '주차가능']",37.490928,127.012511
2520146833,일반상가,월세,1/4,120,"1,000",24,21,,20250415,"['25년이상', '1층', '관리비10만원이하', '주차가능']",37.487884,127.012245
2520114323,일반상가,월세,5/17,"2,000","2억 5,000",509,363,동향,20250415,"['25년이내', '역세권', '지상층(1층제외)', '주차가능']",37.491277,127.030192
2520110292,일반상가,월세,9/13,950,1억,267,214,동향,20250415,"['15년이내', '역세권', '고층', '주차가능']",37.495417,127.027824
2520105922,복합상가,월세,2/31,10,200,34,11,남향,20250415,"['25년이상', '융자금없는', '역세권', '지상층(1층제외)']",37.484748,127.017779
2520145724,일반상가,월세,1/6,150,"4,000",26,19,남향,20250415,"['25년이상', '역세권', '1층', '관리비20만원이하']",37.488242,127.014909
2519940607,일반상가,월세,3/3,300,"4,000",241,158,동향,20250415,"['25년이상', '융자금적은', '역세권', '고층']",37.50308,127.023029
2520168685,일반상가,월세,B1/5,300,"3,000",219,198,북향,20250415,"['25년이상', '지하층', '주차가능', '엘리베이터']",37.488598,127.030929
2520167124,일반상가,월세,5/7,"1,000",2억,352,352,북향,20250415,"['25년이상', '융자금없는', '역세권', '고층']",37.48595,127.020721
2520090360,일반상가,월세,B1/5,150,"3,000",82,66,남향,20250415,"['25년이상', '지하층', '총5층', '남향']",37.486223,127.022462
2520127828,복합상가,매매,1/19,,20억,173,83,남향,20250415,"['15년이내', '1층', '주차가능', '남향']",37.496289,127.020409
2520164702,일반상가,매매,B1/15,,7억,255,139,남향,20250415,"['25년이내', '역세권', '지하층', '주차가능']",37.492142,127.029105
2520163187,일반상가,월세,6/7,500,1억,176,176,북향,20250415,"['25년이상', '융자금없는', '역세권', '고층']",37.48595,127.020721
2520146459,일반상가,월세,1/5,110,"2,500",52,52,,20250415,"['25년이상', '역세권', '1층', '주차가능']",37.487976,127.010278
2520155001,일반상가,월세,B2/15,"1,000",2억,731,731,남향,20250415,"['10년이내', '융자금적은', '역세권', '지하층']",37.49289,127.012876
2520123405,복합상가,매매,9/24,,"8,500",34,11,서향,20250415,"['25년이상', '역세권', '중층', '서향']",37.484748,127.017779
2519834157,일반상가,월세,1/5,150,"3,000",33,19,서향,20250414,"['25년이상', '융자금적은', '역세권', '1층']",37.485248,127.021172
2519866470,복합상가,월세,B1/15,100,"1,000",37,33,남향,20250414,"['25년이내', '융자금없는', '역세권', '지하층']",37.491587,127.029971
2519883324,일반상가,월세,1/6,500,"7,000",69,69,북서향,20250414,"['25년이상', '역세권', '1층', '북서향']",37.491415,127.011687
2519814144,일반상가,월세,3/7,140,"2,000",55,35,북향,20250414,"['10년이내', '역세권', '중층', '관리비20만원이하']",37.494911,127.020064
2519806300,일반상가,월세,1/7,400,"5,000",96,35,남향,20250414,"['4년이내', '역세권', '1층', '주차가능']",37.484613,127.012837
2519778274,일반상가,월세,1/3,250,"5,000",48,41,서향,20250414,"['25년이상', '역세권', '1층', '관리비10만원이하']",37.491992,127.016997
2519646724,일반상가,월세,B1/6,300,"3,000",125,125,남향,20250414,"['25년이내', '역세권', '지하층', '관리비20만원이하']",37.490193,127.013334
2519804814,일반상가,월세,B2/7,250,"4,000",184,166,동향,20250414,"['25년이내', '역세권', '지하층', '주차가능']",37.490368,127.013962
2519808283,일반상가,월세,1/10,430,"1억 5,000",208,100,동향,20250414,"['4년이내', '1층', '주차가능', '동향']",37.481656,127.012217
2519830407,일반상가,월세,B1/17,"2,947","2억 9,472",1498,541,동향,20250414,"['10년이내', '역세권', '지하층', '주차가능']",37.490331,127.005772
2519809166,일반상가,월세,1/7,330,"6,000",183,149,서향,20250414,"['25년이상', '1층', '주차가능', '서향']",37.48166,127.012999
2519861704,복합상가,매매,1/14,,25억,87,46,북동향,20250414,"['25년이내', '역세권', '1층', '관리비20만원이하']",37.493477,127.015449
2519873113,일반상가,매매,2/30,,32억,297,133,북동향,20250414,"['25년이상', '역세권', '지상층(1층제외)', '주차가능']",37.49645,127.027803
2519913328,일반상가,월세,1/3,450,"8,000",41,41,북서향,20250414,"['25년이상', '역세권', '1층', '총3층']",37.503635,127.022689
2519849271,일반상가,월세,4/6,"1,200",2억,455,413,북향,20250414,"['25년이내', '역세권', '중층', '주차가능']",37.493437,127.016941
2519850146,일반상가,매매,B1/25,,"3억 5,000",114,57,남향,20250414,"['25년이내', '지하층', '주차가능', '엘리베이터']",37.490189,127.030631
2519859556,일반상가,월세,1/15,800,1억,317,161,동향,20250414,"['10년이내', '역세권', '1층', '동향']",37.48529,127.013628
2519860246,일반상가,월세,2/7,470,"4,700",132,132,남서향,20250414,"['25년이상', '역세권', '지상층(1층제외)', '주차가능']",37.484734,127.029976
2519691242,단지내상가,매매,B2/27,,50억,1212,579,북향,20250414,"['15년이내', '지하층', '주차가능', '북향']",37.496289,127.020409
2519682543,단지내상가,월세,B1/8,300,"3,000",180,180,남동향,20250414,"['25년이내', '융자금없는', '역세권', '지하층']",37.49178,127.009241
2519639241,일반상가,월세,1/5,"1억 3,000",10억,1707,1707,동향,20250414,"['25년이상', '융자금적은', '역세권', '1층']",37.494474,127.013281
2519666933,일반상가,월세,1/3,120,"2,000",33,29,서향,20250414,"['25년이상', '1층', '관리비10만원이하', '총3층']",37.482647,127.006044
2519673350,일반상가,월세,B1/5,900,"8,000",453,264,서향,20250414,"['25년이상', '역세권', '지하층', '주차가능']",37.490689,127.008626
2519698645,일반상가,월세,1/3,398,"6,000",49,49,북서향,20250414,"['25년이상', '역세권', '1층', '총3층']",37.503635,127.022689
2519615194,일반상가,월세,4/12,650,"7,000",181,181,서향,20250414,"['25년이내', '역세권', '지상층(1층제외)', '주차가능']",37.500998,127.025093
2519623741,일반상가,매매,B1/15,,5억,125,69,동향,20250414,"['25년이내', '역세권', '지하층', '주차가능']",37.491587,127.029971
2519598492,일반상가,월세,1/4,"1,800",5억,433,165,북향,20250414,"['25년이상', '역세권', '1층', '주차가능']",37.484392,127.014476
2519622310,일반상가,월세,1/3,250,"5,000",252,39,서향,20250414,"['25년이상', '융자금적은', '역세권', '1층']",37.491992,127.016997
2519635853,단지내상가,월세,1/5,300,"3,000",35,29,남서향,20250414,"['25년이상', '역세권', '1층', '주차가능']",37.491791,127.010141
2519703417,일반상가,월세,1/1,260,"3,000",101,90,북향,20250414,"['10년이내', '1층', '주차가능', '북향']",37.48695,127.011634
2519699676,일반상가,월세,B1/4,150,"1,000",75,75,북서향,20250414,"['25년이상', '융자금없는', '역세권', '지하층']",37.483827,127.019285
2519685713,일반상가,월세,1/4,350,"4,200",190,115,서향,20250414,"['25년이상', '융자금없는', '역세권', '1층']",37.484442,127.020876
2519699156,일반상가,월세,5/5,"3,300",4억,497,386,서향,20250414,"['25년이상', '역세권', '고층', '주차가능']",37.484417,127.011631
2519762431,일반상가,월세,1/5,200,"2,000",33,17,동향,20250414,"['25년이내', '역세권', '1층', '관리비20만원이하']",37.49255,127.016261
2519722167,일반상가,월세,2/4,100,"1,000",27,27,북서향,20250414,"['25년이상', '중층', '관리비20만원이하', '주차가능']",37.487936,127.027227
2519763521,일반상가,월세,3/4,200,"3,000",322,76,북향,20250414,"['25년이상', '융자금적은', '역세권', '고층']",37.484392,127.014476
2519761614,일반상가,월세,1/5,300,"4,000",120,105,북향,20250414,"['25년이내', '1층', '주차가능', '총5층']",37.494539,127.02046
2519748053,일반상가,월세,B1/6,400,"6,000",308,308,동향,20250414,"['25년이상', '융자금없는', '역세권', '지하층']",37.489071,127.014241
2519857746,단지내상가,매매,1/25,,"7억 5,000",146,85,남향,20250414,"['25년이내', '1층', '주차가능', '남향']",37.486824,127.028399
2519819119,일반상가,월세,B1/3,600,"1억 5,000",332,332,서향,20250414,"['25년이상', '역세권', '지하층', '주차가능']",37.491992,127.016997
2519727270,일반상가,월세,3/4,100,"1,500",33,33,북서향,20250414,"['25년이상', '고층', '관리비20만원이하', '주차가능']",37.483351,127.009413
2519744003,일반상가,월세,1/6,"2,300",5억,985,948,남동향,20250414,"['25년이내', '융자금없는', '1층', '주차가능']",37.481817,127.01586
2519707330,일반상가,월세,B1/6,420,"4,000",264,264,서향,20250414,"['25년이상', '역세권', '지하층', '주차가능']",37.493065,127.014744
2519725445,일반상가,월세,1/4,390,"4,500",109,92,동향,20250414,"['25년이내', '역세권', '1층', '주차가능']",37.503282,127.022107
2519705709,일반상가,월세,B1/5,200,"4,000",187,89,동향,20250414,"['25년이상', '융자금적은', '역세권', '지하층']",37.493763,127.009618
2519738428,일반상가,월세,1/1,670,"9,000",198,165,동향,20250414,"['25년이상', '융자금없는', '테라스', '1층']",37.487518,127.028406
2519742162,일반상가,월세,1/2,600,"8,000",128,128,서향,20250414,"['25년이상', '테라스', '마당', '1층']",37.482749,127.007226
2519724072,일반상가,월세,B1/5,800,1억,433,396,남향,20250414,"['25년이내', '역세권', '지하층', '주차가능']",37.493598,127.009178
2519844574,일반상가,월세,2/7,"1,770","2억 1,000",425,366,남향,20250414,"['25년이상', '융자금없는', '역세권', '지상층(1층제외)']",37.493886,127.017404
2519806080,일반상가,매매,1/6,,20억,174,123,남동향,20250414,"['25년이상', '1층', '주차가능', '남동향']",37.486111,127.022824
2519638573,일반상가,월세,B1/15,400,1억,130,105,북향,20250414,"['25년이내', '역세권', '지하층', '주차가능']",37.495568,127.020691
2519776480,일반상가,월세,B2/11,420,"5,000",132,110,남동향,20250414,"['25년이내', '역세권', '급매', '지하층']",37.494566,127.013824
2519782149,일반상가,월세,1/4,"1,300",2억,291,275,북향,20250414,"['15년이내', '융자금적은', '역세권', '1층']",37.489903,127.013058
2519792500,복합상가,월세,1/15,"6,804","8억 1,648",324,247,북향,20250414,"['10년이내', '융자금없는', '역세권', '1층']",37.499399,127.025833
2519789394,복합상가,월세,1/15,"2,866","3억 4,391",105,105,북향,20250414,"['10년이내', '융자금없는', '역세권', '1층']",37.499399,127.025833
2519781371,일반상가,월세,B1/9,500,1억,413,339,서향,20250414,"['25년이상', '역세권', '지하층', '주차가능']",37.489497,127.009228
2519778925,일반상가,월세,B1/44,915,"4억 7,139",588,280,동향,20250414,"['25년이내', '역세권', '지하층', '주차가능']",37.4967,127.026854
2519793005,일반상가,매매,4/12,,"7억 3,000",83,38,동향,20250414,"['4년이내', '역세권', '지상층(1층제외)', '관리비20만원이하']",37.494395,127.027689
2519796032,일반상가,월세,B1/15,"4,461","5억 3,538",492,492,동향,20250414,"['10년이내', '융자금없는', '역세권', '지하층']",37.499399,127.025833
2519786193,일반상가,월세,1/4,"1,800",3억,433,234,북동향,20250414,"['25년이상', '역세권', '1층', '주차가능']",37.484392,127.014476
2519796231,일반상가,매매,2/20,,11억,81,38,,20250414,"['25년이내', '역세권', '지상층(1층제외)', '관리비20만원이하']",37.494794,127.028594
2519865029,복합상가,매매,B3/15,,"22억 5,000",871,418,서향,20250414,"['25년이내', '역세권', '지하층', '주차가능']",37.48713,127.015469
2519889719,단지내상가,월세,1/5,200,"5,000",64,24,북향,20250414,"['4년이내', '1층', '관리비20만원이하', '주차가능']",37.488818,127.027669
2519703039,일반상가,월세,1/3,600,"1억 5,000",360,332,동향,20250414,"['25년이상', '역세권', '1층', '주차가능']",37.491877,127.017037
2519765407,단지내상가,월세,2/5,90,"2,000",33,15,북향,20250414,"['10년이내', '중층', '주차가능', '총5층']",37.491841,127.027184
2519640186,일반상가,월세,B1/11,69,"1,280",1544,61,동향,20250414,"['25년이상', '융자금없는', '역세권', '지하층']",37.487361,127.032196
2519847586,일반상가,월세,B1/3,600,"1억 5,000",429,330,동향,20250414,"['25년이상', '역세권', '지하층', '주차가능']",37.491992,127.016997
2519831015,일반상가,월세,B1/7,400,"6,000",186,138,동향,20250414,"['2년이내', '융자금없는', '지하층', '주차가능']",37.488439,127.016824
2519847984,일반상가,월세,B1/13,"1,600",2억,392,277,남서향,20250414,"['15년이내', '역세권', '지하층', '주차가능']",37.500034,127.02599
2519858272,일반상가,월세,1/7,240,"4,500",46,33,남서향,20250414,"['25년이상', '역세권', '1층', '주차가능']",37.484734,127.029976
2519856871,일반상가,월세,B1/7,400,"5,000",208,198,남향,20250414,"['25년이상', '융자금없는', '역세권', '지하층']",37.493886,127.017404
2519832546,일반상가,월세,B2/7,250,"5,000",220,148,동향,20250414,"['25년이내', '역세권', '지하층', '주차가능']",37.490368,127.013962
2519850089,일반상가,월세,1/5,130,"2,500",28,28,동향,20250414,"['25년이상', '역세권', '1층', '관리비20만원이하']",37.492855,127.009237
2519846512,일반상가,월세,1/3,200,"3,000",29,23,동향,20250414,"['25년이상', '역세권', '1층', '관리비10만원이하']",37.491992,127.016997
2519850834,일반상가,매매,B1/25,,"3억 6,000",115,57,남향,20250414,"['25년이내', '지하층', '주차가능', '엘리베이터']",37.490189,127.030631
2519796923,일반상가,월세,5/12,250,"3,000",80,37,남향,20250414,"['4년이내', '역세권', '중층', '주차가능']",37.494395,127.027689
2519702956,일반상가,월세,1/5,230,"4,000",76,66,남향,20250414,"['25년이상', '역세권', '1층', '관리비10만원이하']",37.488299,127.016892
2519772080,일반상가,월세,1/3,200,"3,000",48,23,서향,20250414,"['25년이상', '역세권', '1층', '관리비10만원이하']",37.491992,127.016997
2519673220,일반상가,월세,1/5,220,"2,500",78,78,동향,20250414,"['10년이내', '역세권', '1층', '관리비10만원이하']",37.483502,127.01291
2519674236,일반상가,매매,B1/1,,"6억 5,000",64,35,북향,20250414,"['10년이내', '역세권', '지하층', '주차가능']",37.490331,127.005772
2519858847,일반상가,월세,B1/3,600,"1억 5,000",332,330,서향,20250414,"['25년이상', '융자금없는', '역세권', '지하층']",37.491992,127.016997
2519917422,복합상가,월세,1/3,200,"3,000",204,29,서향,20250414,"['25년이상', '역세권', '1층', '관리비10만원이하']",37.491992,127.016997
2519911207,일반상가,월세,B1/5,"3,200",3억,775,775,남동향,20250414,"['2년이내', '역세권', '지하층', '주차가능']",37.486556,127.016833
2519908959,일반상가,월세,1/4,385,"6,000",95,66,북서향,20250414,"['25년이상', '역세권', '1층', '주차가능']",37.496014,127.014778
2519914005,일반상가,월세,7/27,600,1억,141,141,남향,20250414,"['25년이내', '역세권', '지상층(1층제외)', '주차가능']",37.497505,127.024533
2519803743,일반상가,월세,1/15,"1,200","1억 5,000",79,53,동향,20250414,"['25년이내', '역세권', '1층', '주차가능']",37.491587,127.029971
2519793232,일반상가,월세,1/4,120,"2,000",14,14,남동향,20250414,"['25년이상', '1층', '천장에어컨', '총4층']",37.486664,127.027337
2519796057,일반상가,월세,B2/15,"1억 2,347","14억 8,173",1537,1537,동향,20250414,"['10년이내', '융자금없는', '역세권', '지하층']",37.499399,127.025833
2519812174,일반상가,월세,1/5,210,"3,000",89,26,남향,20250414,"['25년이상', '역세권', '1층', '총5층']",37.487733,127.031707
2519813136,복합상가,월세,3/21,740,1억,129,129,동향,20250414,"['25년이상', '역세권', '지상층(1층제외)', '주차가능']",37.496796,127.027639
2519805586,일반상가,월세,1/6,400,"4,000",135,115,서향,20250414,"['25년이상', '역세권', '1층', '주차가능']",37.48476,127.018883
2519807425,일반상가,월세,2/5,280,"3,000",108,100,남향,20250414,"['25년이상', '역세권', '중층', '관리비20만원이하']",37.487733,127.031707
2519819743,단지내상가,월세,2/2,800,1억,279,215,남향,20250414,"['25년이내', '고층', '주차가능', '총2층']",37.485718,127.01158
2519814284,일반상가,월세,1/6,500,"6,000",115,87,동향,20250414,"['10년이내', '1층', '주차가능', '동향']",37.487025,127.00907
2519811113,일반상가,월세,1/2,150,"5,000",40,36,북향,20250414,"['25년이상', '역세권', '1층', '총2층']",37.488234,127.008793
2519872265,일반상가,매매,3/30,,60억,582,273,동향,20250414,"['25년이상', '역세권', '지상층(1층제외)', '주차가능']",37.49645,127.027803
2519908378,일반상가,월세,3/12,360,"5,000",105,52,남향,20250414,"['4년이내', '역세권', '지상층(1층제외)', '관리비20만원이하']",37.494395,127.027689
2519880602,일반상가,월세,1/4,170,"1,500",49,42,북서향,20250414,"['25년이상', '역세권', '1층', '관리비10만원이하']",37.487281,127.031051
2519905000,일반상가,월세,3/24,"2,100","2억 5,000",558,393,북동향,20250414,"['25년이내', '역세권', '지상층(1층제외)', '주차가능']",37.495332,127.028337
2519870114,일반상가,월세,1/11,900,1억,109,86,동향,20250414,"['2년이내', '역세권', '1층', '주차가능']",37.494898,127.014032
2519865916,일반상가,월세,1/4,600,"8,000",125,125,동향,20250414,"['10년이내', '역세권', '1층', '주차가능']",37.489282,127.013628
2519894379,단지내상가,월세,2/15,350,"3,000",93,76,동향,20250414,"['25년이내', '역세권', '지상층(1층제외)', '주차가능']",37.491587,127.029971
2519676972,일반상가,월세,6/14,"3,000",3억,441,330,남향,20250414,"['2년이내', '역세권', '중층', '주차가능']",37.494348,127.014913
2519598608,일반상가,월세,2/10,750,1억,215,148,서향,20250414,"['2년이내', '역세권', '지상층(1층제외)', '주차가능']",37.492176,127.029465
2519605589,복합상가,매매,3/11,,115억,802,416,서향,20250414,"['25년이상', '역세권', '지상층(1층제외)', '주차가능']",37.49309,127.01276
2519431578,일반상가,매매,2/5,,20억,176,101,남향,20250414,"['25년이내', '중층', '주차가능', '엘리베이터']",37.491886,127.025252
2519627487,일반상가,월세,B1/7,550,"1억 3,200",384,294,남향,20250414,"['25년이상', '역세권', '지하층', '주차가능']",37.494701,127.014021
2519806701,단지내상가,매매,B1/20,,"2억 7,500",66,27,서향,20250414,"['25년이내', '역세권', '지하층', '주차가능']",37.491572,127.00834
2519857511,일반상가,월세,B1/5,"4,000","6억 5,000",991,991,남향,20250414,"['25년이상', '융자금없는', '역세권', '지하층']",37.492224,127.008164
2519553476,일반상가,월세,B1/19,160,"2,000",55,47,남향,20250412,"['15년이내', '지하층', '주차가능', '엘리베이터']",37.496289,127.020409
2519535521,일반상가,매매,B1/7,,17억,273,211,남향,20250412,"['10년이내', '지하층', '주차가능', '남향']",37.488364,127.011436
2519586305,일반상가,월세,4/7,800,"7,000",208,204,동향,20250412,"['10년이내', '역세권', '중층', '주차가능']",37.502931,127.023097
2519434476,일반상가,월세,1/6,440,"4,000",135,118,남향,20250412,"['25년이상', '역세권', '1층', '주차가능']",37.48476,127.018883
2519446561,일반상가,월세,1/3,250,"5,000",252,39,서향,20250412,"['25년이상', '융자금없는', '역세권', '1층']",37.491877,127.017037
2519430884,일반상가,월세,1/6,205,"2,000",63,63,남향,20250412,"['25년이상', '융자금없는', '역세권', '1층']",37.482023,127.014607
2519527519,단지내상가,매매,3/5,,"4억 3,000",18,13,남향,20250412,"['4년이내', '중층', '관리비10만원이하', '주차가능']",37.488818,127.027669
2519442545,일반상가,월세,1/5,"1,200","1억 2,000",313,313,남향,20250412,"['10년이내', '테라스', '역세권', '1층']",37.502745,127.022785
2519579927,일반상가,월세,4/5,700,1억,185,179,남동향,20250412,"['25년이상', '역세권', '고층', '주차가능']",37.501691,127.024028
2519423826,단지내상가,월세,1/7,79,500,19,19,북향,20250412,"['25년이상', '융자금없는', '역세권', '1층']",37.503168,127.021773
2519490595,일반상가,매매,8/21,,160억,1712,952,북서향,20250412,"['25년이상', '역세권', '중층', '주차가능']",37.496723,127.024584
2519486503,일반상가,매매,6/14,,15억,145,55,남향,20250412,"['25년이내', '역세권', '중층', '주차가능']",37.497954,127.026535
2519416254,일반상가,월세,1/3,250,"5,000",204,40,서향,20250412,"['25년이상', '융자금적은', '역세권', '1층']",37.491992,127.016997
2519494351,일반상가,매매,2/14,,15억,107,36,남향,20250412,"['25년이내', '역세권', '지상층(1층제외)', '주차가능']",37.497954,127.026535
2519585320,일반상가,매매,4/5,,11억,1111,55,남향,20250412,"['25년이내', '고층', '주차가능', '엘리베이터']",37.491886,127.025252
2519529045,단지내상가,월세,3/5,270,"5,000",131,50,남향,20250412,"['4년이내', '융자금없는', '중층', '관리비20만원이하']",37.488818,127.027669
2519432067,일반상가,월세,3/6,300,"3,000",127,115,남향,20250412,"['25년이상', '중층', '주차가능', '엘리베이터']",37.488744,127.030572
2519170997,일반상가,월세,7/7,380,"4,000",155,138,북향,20250411,"['25년이내', '고층', '주차가능', '엘리베이터']",37.486441,127.005381
2519194508,일반상가,월세,1/19,540,"9,000",75,75,남향,20250411,"['25년이내', '역세권', '1층', '주차가능']",37.494283,127.01437
2519167171,일반상가,월세,B1/2,200,"2,000",66,49,서향,20250411,"['25년이상', '역세권', '지하층', '천장에어컨']",37.48345,127.012782
2519152773,일반상가,월세,1/4,60,600,49,49,남향,20250411,"['25년이상', '역세권', '1층', '주차가능']",37.487894,127.018156
2519170092,일반상가,월세,1/5,50,"2,000",33,33,북향,20250411,"['25년이상', '역세권', '1층', '관리비10만원이하']",37.489778,127.011756
2519148498,일반상가,월세,B1/14,800,1억,297,188,서향,20250411,"['25년이내', '역세권', '지하층', '주차가능']",37.495067,127.013657
2519169911,일반상가,월세,1/46,220,"2,000",42,42,남향,20250411,"['25년이내', '역세권', '1층', '주차가능']",37.48301,127.016038
2519160257,일반상가,월세,B1/12,496,"8,300",336,186,북동향,20250411,"['10년이내', '역세권', '지하층', '주차가능']",37.489681,127.007593
2519168090,일반상가,월세,1/4,140,"2,000",105,29,,20250411,"['25년이상', '역세권', '1층', '주차가능']",37.485337,127.021468
2519050096,일반상가,월세,1/6,105,"1,500",25,25,동향,20250411,"['15년이내', '융자금없는', '1층', '주차가능']",37.482586,127.007476
2519336702,일반상가,월세,B1/5,430,1억,224,205,남향,20250411,"['25년이상', '역세권', '지하층', '주차가능']",37.491471,127.011262
2519153606,일반상가,월세,3/8,420,"6,000",158,138,북향,20250411,"['25년이상', '역세권', '중층', '주차가능']",37.494487,127.017333
2519158470,단지내상가,월세,1/10,60,"2,000",52,26,서향,20250411,"['25년이상', '융자금없는', '역세권', '1층']",37.485803,127.015161
2519200836,일반상가,월세,1/5,350,"5,000",130,118,서향,20250411,"['25년이상', '테라스', '역세권', '1층']",37.489347,127.009609
2519395415,단지내상가,월세,2/29,350,"5,000",110,53,서향,20250411,"['4년이내', '융자금없는', '역세권', '지상층(1층제외)']",37.494395,127.027689
2519411048,일반상가,월세,1/5,190,"3,500",21,21,서향,20250411,"['25년이내', '역세권', '1층', '관리비10만원이하']",37.492604,127.016512
2519146732,일반상가,월세,B1/2,"1,100","1억 5,000",300,300,남동향,20250411,"['25년이내', '지하층', '주차가능', '엘리베이터']",37.485718,127.01158
2519299797,일반상가,월세,B1/5,"1,500","2억 4,700",587,481,남향,20250411,"['25년이상', '역세권', '지하층', '주차가능']",37.493651,127.011836
2519321788,단지내상가,매매,B1/30,,"12억 5,000",236,197,남향,20250411,"['25년이내', '역세권', '지하층', '주차가능']",37.483547,127.017688
2519272729,일반상가,매매,5/30,,6억,82,36,동향,20250411,"['25년이상', '역세권', '지상층(1층제외)', '주차가능']",37.49645,127.027803
2519390840,일반상가,월세,1/11,900,1억,115,89,동향,20250411,"['2년이내', '역세권', '1층', '동향']",37.494898,127.014032
2519302410,복합상가,매매,1/12,,"27억 5,997",79,35,북동향,20250411,"['4년이내', '역세권', '1층', '주차가능']",37.494395,127.027689
2519168324,일반상가,월세,1/5,260,"2,000",77,77,남향,20250411,"['25년이내', '역세권', '1층', '관리비20만원이하']",37.490087,127.012668
2519277846,일반상가,매매,2/21,,15억,169,68,동향,20250411,"['10년이내', '역세권', '지상층(1층제외)', '주차가능']",37.49196,127.028816
2519218165,단지내상가,월세,1/24,"2,108","2억 1,082",201,201,서향,20250411,"['15년이내', '융자금없는', '역세권', '1층']",37.497829,127.026205
2519220718,일반상가,매매,5/12,,10억,110,51,동향,20250411,"['4년이내', '역세권', '중층', '주차가능']",37.494395,127.027689
2519218478,일반상가,월세,2/4,150,"1,000",59,39,북향,20250411,"['25년이상', '마당', '중층', '주차가능']",37.487936,127.027227
2519224219,단지내상가,매매,B1/25,,3억,95,47,남향,20250411,"['25년이내', '지하층', '주차가능', '엘리베이터']",37.490189,127.030631
2519262712,일반상가,월세,B1/9,400,"8,000",442,262,북향,20250411,"['25년이상', '역세권', '지하층', '주차가능']",37.492724,127.01132
2519293477,일반상가,매매,2/31,,32억,297,132,동향,20250411,"['25년이상', '역세권', '지상층(1층제외)', '주차가능']",37.49645,127.027803
2519223891,일반상가,월세,B1/5,120,"3,000",144,144,,20250411,"['25년이상', '역세권', '지하층', '관리비10만원이하']",37.489409,127.013602
2519225293,단지내상가,매매,B1/25,,"3억 4,000",98,49,동향,20250411,"['25년이내', '지하층', '관리비20만원이하', '주차가능']",37.490189,127.030631
2519156429,일반상가,월세,1/6,550,"6,000",361,155,북향,20250411,"['25년이상', '역세권', '1층', '주차가능']",37.485609,127.030796
2519291442,일반상가,월세,B1/5,"4,000","6억 5,000",1737,1000,남향,20250411,"['25년이상', '역세권', '급매', '지하층']",37.492572,127.007969
2519278626,일반상가,월세,B1/8,300,"3,000",180,178,남향,20250411,"['25년이내', '역세권', '지하층', '주차가능']",37.49178,127.009241
2519375529,일반상가,월세,1/21,"2,500",5억,531,329,서향,20250411,"['25년이내', '융자금없는', '역세권', '1층']",37.493967,127.027885
2519390298,일반상가,매매,9/13,,43억,412,306,남서향,20250411,"['15년이내', '역세권', '고층', '주차가능']",37.500034,127.02599
2519350958,일반상가,매매,2/30,,17억,159,71,남동향,20250411,"['25년이상', '역세권', '지상층(1층제외)', '주차가능']",37.49645,127.027803
2519336441,일반상가,월세,B1/6,380,"5,000",153,153,남향,20250411,"['25년이내', '역세권', '지하층', '주차가능']",37.490506,127.009792
2519302258,일반상가,월세,2/4,158,"3,000",70,70,남향,20250411,"['25년이상', '역세권', '중층', '주차가능']",37.48615,127.03078
2519389908,일반상가,월세,1/15,330,"5,000",79,39,북향,20250411,"['25년이내', '역세권', '1층', '주차가능']",37.484202,127.013714
2519411328,일반상가,월세,B1/5,200,"4,000",49,26,서향,20250411,"['25년이내', '역세권', '지하층', '주차가능']",37.495409,127.016479
2519391994,일반상가,월세,1/15,"3,600","3억 6,000",350,181,남향,20250411,"['15년이내', '역세권', '1층', '주차가능']",37.502288,127.024538
2519301805,일반상가,월세,2/4,150,"5,000",53,53,서향,20250411,"['25년이상', '역세권', '중층', '관리비20만원이하']",37.485522,127.017325
2519337727,일반상가,월세,1/15,450,1억,106,65,동향,20250411,"['25년이내', '역세권', '1층', '주차가능']",37.488072,127.014158
2519351851,일반상가,월세,3/21,740,1억,264,132,동향,20250411,"['25년이상', '융자금없는', '역세권', '지상층(1층제외)']",37.496796,127.027639
2519298800,일반상가,월세,B1/9,950,2억,447,363,북동향,20250411,"['25년이상', '융자금적은', '역세권', '지하층']",37.492982,127.01241
2519332684,일반상가,월세,2/14,600,"7,000",270,143,북향,20250411,"['25년이내', '역세권', '지상층(1층제외)', '주차가능']",37.493477,127.015449
2519356639,일반상가,월세,1/6,295,"5,000",61,14,,20250411,"['25년이내', '역세권', '1층', '관리비20만원이하']",37.487718,127.008527
2519348225,복합상가,매매,3/15,,10억,95,58,남향,20250411,"['25년이내', '역세권', '지상층(1층제외)', '주차가능']",37.488072,127.014158
2519393357,일반상가,월세,1/6,160,"5,000",33,23,서향,20250411,"['25년이상', '역세권', '1층', '관리비20만원이하']",37.488062,127.014986
2519400448,복합상가,월세,1/6,"2,300",5억,985,714,남동향,20250411,"['25년이내', '1층', '주차가능', '남동향']",37.481817,127.01586
2519407270,일반상가,매매,2/5,,88억,475,273,남향,20250411,"['25년이내', '중층', '주차가능', '총5층']",37.492069,127.025554
2518990499,일반상가,매매,B2/7,,"1억 9,000",57,22,서향,20250410,"['10년이내', '지하층', '관리비20만원이하', '주차가능']",37.491278,127.022339
2518911330,일반상가,월세,1/5,500,"5,000",160,145,남동향,20250410,"['25년이내', '융자금적은', '역세권', '1층']",37.491877,127.016691
2519120436,일반상가,월세,8/10,280,"5,500",58,58,동향,20250410,"['25년이상', '역세권', '고층', '주차가능']",37.501358,127.025466
2519068235,일반상가,월세,1/3,250,"6,000",161,53,북향,20250410,"['25년이상', '융자금없는', '1층', '천장에어컨']",37.483292,127.008552
2519092970,일반상가,월세,1/6,450,"6,000",49,49,동향,20250410,"['25년이상', '역세권', '1층', '주차가능']",37.489197,127.014219
2519104177,일반상가,월세,7/27,600,1억,272,141,남향,20250410,"['25년이내', '역세권', '지상층(1층제외)', '주차가능']",37.497505,127.024533
2519108458,단지내상가,월세,1/4,230,"3,000",86,85,남향,20250410,"['25년이상', '융자금없는', '역세권', '1층']",37.501784,127.022447
2519138319,일반상가,월세,1/21,"2,500",5억,329,329,서향,20250410,"['25년이내', '융자금없는', '역세권', '1층']",37.493967,127.027885
2518944401,일반상가,월세,2/13,800,1억,137,121,,20250410,"['10년이내', '융자금없는', '역세권', '지상층(1층제외)']",37.494983,127.027814
2519086953,일반상가,월세,B1/3,600,"1억 5,000",360,330,북서향,20250410,"['25년이상', '역세권', '지하층', '주차가능']",37.491992,127.016997
2518890554,일반상가,매매,B1/14,,4억,54,16,남향,20250410,"['25년이내', '역세권', '지하층', '주차가능']",37.497954,127.026535
2519072016,단지내상가,월세,2/14,300,"3,000",169,87,동향,20250410,"['25년이내', '융자금없는', '역세권', '지상층(1층제외)']",37.48301,127.016038
2518861874,일반상가,월세,1/12,"2,850",10억,168,89,동향,20250410,"['10년이내', '융자금없는', '역세권', '1층']",37.50185,127.024651
2518919280,일반상가,월세,1/5,500,"6,000",104,82,남향,20250410,"['25년이상', '역세권', '1층', '주차가능']",37.486465,127.016496
2518918870,일반상가,월세,1/20,"4,967","7억 4,505",820,138,북향,20250410,"['25년이상', '역세권', '1층', '주차가능']",37.496651,127.025134
2518923715,일반상가,월세,6/18,"2,738","2억 7,385",631,487,북동향,20250410,"['2년이내', '역세권', '지상층(1층제외)', '주차가능']",37.497342,127.027264
2518858688,일반상가,월세,1/5,"2,245","3억 5,700",790,790,남동향,20250410,"['25년이상', '융자금없는', '역세권', '1층']",37.493651,127.011836
2518883839,일반상가,월세,1/5,360,"5,000",77,77,남향,20250410,"['25년이상', '역세권', '1층', '주차가능']",37.486819,127.016353
2519025557,일반상가,월세,1/5,140,"2,000",42,31,남향,20250410,"['25년이상', '역세권', '1층', '총5층']",37.494257,127.012559
2519019379,일반상가,월세,2/5,570,"5,000",228,190,남서향,20250410,"['25년이내', '융자금없는', '역세권', '중층']",37.493937,127.018595
2518937577,일반상가,월세,B1/12,350,"3,500",284,129,동향,20250410,"['4년이내', '융자금없는', '역세권', '지하층']",37.494395,127.027689
2518966755,일반상가,월세,1/20,"1,060",2억,66,66,서향,20250410,"['25년이내', '역세권', '1층', '주차가능']",37.494794,127.028594
2519014616,일반상가,월세,B1/6,500,1억,213,199,남향,20250410,"['25년이상', '융자금없는', '역세권', '지하층']",37.49517,127.017659
2519056778,일반상가,월세,1/10,200,"3,000",21,21,동향,20250410,"['10년이내', '역세권', '1층', '엘리베이터']",37.492127,127.014606
2519073263,일반상가,월세,6/11,"1,493","1억 7,915",329,197,동향,20250410,"['25년이상', '융자금없는', '역세권', '중층']",37.500319,127.026053
2519128546,일반상가,월세,1/12,"2,850",10억,446,89,남동향,20250410,"['10년이내', '역세권', '1층', '주차가능']",37.50185,127.024651
2519130433,단지내상가,월세,1/17,250,"3,000",69,33,서향,20250410,"['4년이내', '역세권', '1층', '관리비20만원이하']",37.487126,127.013195
2519097064,일반상가,월세,12/15,"2,870","2억 8,700",361,271,동향,20250410,"['4년이내', '융자금적은', '역세권', '고층']",37.498996,127.026591
2519041056,일반상가,월세,1/4,50,"1,000",23,23,동향,20250410,"['25년이상', '역세권', '1층', '관리비10만원이하']",37.489789,127.012117
2519054257,일반상가,월세,1/4,"1,300",2억,291,290,북향,20250410,"['15년이내', '융자금없는', '역세권', '1층']",37.489903,127.013058
2519046670,일반상가,월세,1/8,600,1억,128,96,동향,20250410,"['25년이상', '역세권', '1층', '동향']",37.486571,127.014031
2519040466,일반상가,월세,B1/6,538,"8,000",208,208,동향,20250410,"['15년이내', '융자금없는', '역세권', '지하층']",37.490631,127.010538
2519045823,복합상가,월세,2/14,700,"7,000",179,143,북향,20250410,"['25년이내', '역세권', '지상층(1층제외)', '주차가능']",37.493477,127.015449
2519051960,단지내상가,월세,1/5,165,"2,000",30,21,동향,20250410,"['10년이내', '1층', '관리비20만원이하', '주차가능']",37.491841,127.027184
2519016996,일반상가,월세,1/6,285,"7,000",49,49,남서향,20250410,"['25년이내', '1층', '주차가능', '남서향']",37.488687,127.012452
2519018348,일반상가,월세,1/6,270,"5,000",60,60,남서향,20250410,"['25년이내', '1층', '주차가능', '남서향']",37.488687,127.012452
2519000045,일반상가,매매,1/19,,90억,913,551,북향,20250410,"['25년이상', '역세권', '1층', '주차가능']",37.495246,127.01969
2518985119,일반상가,월세,1/10,380,"6,000",90,62,남향,20250410,"['25년이내', '역세권', '1층', '관리비20만원이하']",37.493477,127.015449
2519044649,일반상가,월세,1/2,150,"3,000",26,20,남동향,20250410,"['25년이상', '1층', '주차가능', '총2층']",37.488113,127.00793
2519045376,단지내상가,월세,1/1,260,"3,000",130,90,동향,20250410,"['10년이내', '1층', '주차가능', '동향']",37.48695,127.011634
2519056321,일반상가,월세,4/13,"1,110",1억,340,297,남향,20250410,"['25년이내', '역세권', '지상층(1층제외)', '주차가능']",37.492364,127.014233
2518653336,일반상가,월세,11/13,"1,200",1억,210,185,동향,20250409,"['10년이내', '역세권', '고층', '주차가능']",37.498368,127.026438
2518760788,일반상가,월세,1/6,276,"3,000",90,77,서향,20250409,"['25년이내', '1층', '주차가능', '서향']",37.488687,127.012452
2518701376,일반상가,매매,2/14,,24억,188,108,동향,20250409,"['15년이내', '역세권', '지상층(1층제외)', '주차가능']",37.49426,127.028234
2518811318,일반상가,월세,3/10,750,1억,148,148,북향,20250409,"['2년이내', '역세권', '지상층(1층제외)', '주차가능']",37.492278,127.029416
2518855653,일반상가,월세,1/6,180,"3,000",82,66,남향,20250409,"['25년이내', '역세권', '1층', '주차가능']",37.494283,127.018702
2518733810,일반상가,월세,3/7,320,"5,000",127,105,남서향,20250409,"['25년이내', '역세권', '중층', '주차가능']",37.485418,127.031797
2518698086,일반상가,월세,6/12,220,"3,000",82,38,,20250409,"['4년이내', '역세권', '중층', '주차가능']",37.494395,127.027689
2518746357,복합상가,월세,1/6,48,"1,500",8,6,남향,20250409,"['25년이상', '역세권', '1층', '남향']",37.494907,127.016811
2518650426,일반상가,월세,5/6,300,1억,179,165,북향,20250409,"['25년이내', '융자금없는', '역세권', '고층']",37.488757,127.013402
2518649811,일반상가,월세,B1/7,460,"7,000",268,241,남향,20250409,"['25년이상', '융자금적은', '역세권', '지하층']",37.494485,127.015356
2518685042,일반상가,월세,B1/13,800,1억,198,142,서향,20250409,"['10년이내', '역세권', '지하층', '주차가능']",37.494983,127.027814
2518687115,일반상가,월세,2/10,850,"1억 2,000",143,143,북향,20250409,"['2년이내', '역세권', '지상층(1층제외)', '주차가능']",37.492646,127.013215
2518724318,일반상가,월세,2/5,230,"3,000",100,76,남향,20250409,"['10년이내', '중층', '주차가능', '총5층']",37.480563,127.010671
2518824254,일반상가,월세,1/5,150,"3,000",49,24,서향,20250409,"['25년이상', '융자금적은', '역세권', '1층']",37.485248,127.021172
2518385880,일반상가,월세,4/6,"1,000","1억 5,000",299,264,서향,20250409,"['25년이상', '역세권', '중층', '엘리베이터']",37.500286,127.025327
2518637670,일반상가,월세,1/5,200,"3,000",99,85,남향,20250409,"['15년이내', '1층', '급매', '주차가능']",37.483967,127.023593
2518639519,일반상가,월세,5/6,"1,208","1억 8,000",661,396,서향,20250409,"['25년이상', '역세권', '고층', '주차가능']",37.502743,127.021801
2518658826,일반상가,매매,3/13,,15억,168,98,서향,20250409,"['25년이내', '역세권', '지상층(1층제외)', '주차가능']",37.492414,127.028654
2518688272,단지내상가,월세,2/4,200,"3,000",50,48,동향,20250409,"['25년이상', '역세권', '중층', '관리비20만원이하']",37.501784,127.022447
2518818250,단지내상가,매매,1/2,,6억,71,31,서향,20250409,"['25년이내', '1층', '주차가능', '총2층']",37.485718,127.01158
2518843206,일반상가,매매,1/19,,30억,302,144,남향,20250409,"['15년이내', '1층', '주차가능', '남향']",37.496289,127.020409
2518686144,일반상가,매매,B1/15,,13억,139,88,북향,20250409,"['25년이내', '역세권', '지하층', '주차가능']",37.495638,127.027093
2518645022,단지내상가,월세,1/19,"1,000",2억,445,178,북향,20250409,"['25년이상', '융자금적은', '역세권', '1층']",37.495246,127.01969
2518656563,일반상가,월세,3/5,"1,750",3억,368,350,서향,20250409,"['25년이내', '융자금없는', '역세권', '중층']",37.493047,127.007482
2518656867,일반상가,월세,B1/5,"4,000","6억 5,000",1736,1000,남향,20250409,"['25년이상', '융자금없는', '역세권', '지하층']",37.492572,127.007969
2518648606,일반상가,월세,1/7,600,1억,248,112,북동향,20250409,"['25년이내', '역세권', '1층', '주차가능']",37.483376,127.019931
2518656762,일반상가,월세,B1/5,"4,000","6억 5,000",1736,1000,남향,20250409,"['25년이상', '테라스', '역세권', '지하층']",37.492224,127.008164
2518652759,일반상가,월세,B1/9,500,1억,413,370,서향,20250409,"['25년이상', '융자금없는', '역세권', '지하층']",37.489497,127.009228
2518833971,단지내상가,매매,1/3,,13억,135,60,서향,20250409,"['25년이내', '1층', '주차가능', '엘리베이터']",37.485718,127.01158
2518810961,일반상가,월세,1/7,"6,160",8억,1459,988,남향,20250409,"['2년이내', '1층', '주차가능', '남향']",37.481372,127.014311
2518828692,일반상가,월세,1/4,"3,800",6억,545,381,북동향,20250409,"['25년이상', '역세권', '1층', '주차가능']",37.484392,127.014476
2518844426,단지내상가,매매,1/19,,23억,80,35,남동향,20250409,"['2년이내', '역세권', '1층', '주차가능']",37.495679,127.025168
2518842314,단지내상가,월세,1/3,320,"5,000",140,62,서향,20250409,"['25년이내', '융자금없는', '1층', '주차가능']",37.485718,127.01158
2518838164,복합상가,월세,1/11,270,"3,000",55,39,서향,20250409,"['10년이내', '역세권', '1층', '관리비20만원이하']",37.485442,127.014576
2518824786,일반상가,월세,1/5,500,1억,223,89,남향,20250409,"['25년이상', '역세권', '1층', '주차가능']",37.491645,127.010283
2518699503,일반상가,월세,B1/15,400,"5,000",138,88,북향,20250409,"['25년이내', '역세권', '지하층', '주차가능']",37.495638,127.027093
2518750196,일반상가,매매,B1/14,,14억,99,29,남향,20250409,"['25년이내', '역세권', '지하층', '주차가능']",37.497954,127.026535
2518749936,일반상가,월세,1/14,"1,000",1억,31,31,남향,20250409,"['25년이내', '역세권', '1층', '주차가능']",37.49807,127.026411
2518726060,일반상가,월세,B1/5,200,"2,000",124,110,동향,20250409,"['25년이내', '역세권', '지하층', '관리비10만원이하']",37.492826,127.016148
2518817751,일반상가,월세,1/5,150,"3,000",48,24,서향,20250409,"['25년이상', '역세권', '1층', '관리비10만원이하']",37.485248,127.021172
2518254184,일반상가,월세,7/13,750,1억,417,181,남동향,20250408,"['25년이내', '융자금적은', '역세권', '중층']",37.498595,127.026221
