상가업소번호,상호명,지점명,TRDAR_CD,TRDAR_CD_N,도로명주소,위도,경도,지번주소,신우편번호,카카오맵ID
MA0101202406A0465702,카페인중독잠실,방이점,3120233,몽촌토성역,서울특별시 송파구 위례성대로2길 11,37.5159822871706,127.113453056366,서울특별시 송파구 방이동 48-2,5545,
MA0106202410A0428092,제이든커피로스터스JDCR,,3111080,굽은다리역 3번,서울특별시 강동구 상암로51길 31,37.5479770216037,127.146069550707,서울특별시 강동구 명일동 338-17,5294,
MA010120220807113501,해피클럽,,3130033,대림상가(청계상가),서울특별시 중구 을지로 157,37.5675198109677,126.995427058491,서울특별시 중구 산림동 207-2,4545,
MA0101202409A0021931,에나꼬레,,3130173,백련시장,서울특별시 서대문구 가재울로6길 53-87,37.5770093670864,126.923110501294,서울특별시 서대문구 남가좌동 345-4,3692,
MA0101202311A0083488,두번째디저트,,3110852,이수역 9번,서울특별시 동작구 사당로28길 13,37.4834276222441,126.979727510488,서울특별시 동작구 사당동 1005-1,7013,
MA010120220803658119,이디야사가정점,,3120068,사가정역,서울특별시 중랑구 면목로 325,37.5811370338552,127.088181000117,서울특별시 중랑구 면목동 496-18,2228,
MA0101202311A0016316,청림무역,,3110037,신설동역 12번,서울특별시 종로구 숭인동길 68,37.577951370222,127.022007520491,서울특별시 종로구 숭인동 365,3111,
MA010120220804670501,아케디뜨,,3130060,신흥시장,서울특별시 용산구 신흥로 95-15,37.5452462908367,126.985017889339,서울특별시 용산구 용산동2가 1-490,4337,
MA0101202303A0088204,커피앤김밥,,3120151,보라매공원,서울특별시 관악구 보라매로3길 29,37.491181303006,126.925075633006,서울특별시 관악구 봉천동 729-32,8708,
MA0101202307A0029658,요거요거요거트,,3110671,등촌1동주민센터,서울특별시 강서구 공항대로53가길 54,37.5556238147849,126.859144142145,서울특별시 강서구 등촌동 643-1,7570,
MA010120220804283432,커피인페르노,,3111042,거여역 1번(거여공원),서울특별시 송파구 거마로9길 24,37.4972086106228,127.143584508145,서울특별시 송파구 거여동 135-19,5735,
MA010120220814138033,디자인정인플러스,,3110283,성북초등학교앞,서울특별시 성북구 성북로15길 32,37.5927026758791,126.999252683636,서울특별시 성북구 성북동 125-6,2880,
MA0101202310A0014635,이디야팀이공사점,,3130046,team204(팀204),서울특별시 중구 마장로 30,37.5677173808739,127.0131981779,서울특별시 중구 신당동 204-48,4566,
MA0101202210A0089507,노브.,,3110405,방학역 1번,서울특별시 도봉구 도당로27길 38,37.6690811232512,127.041087812415,서울특별시 도봉구 방학동 650-3,1350,
MA010120220812684551,리예몬,,3130100,답십리시장,서울특별시 동대문구 답십리로 159-16,37.5736323733601,127.058094685171,서울특별시 동대문구 답십리동 70-9,2538,
MA010120220805502965,에그허그,,3110179,광나루역 1번,서울특별시 광진구 천호대로143길 8-5,37.5460490136718,127.10328034094,서울특별시 광진구 광장동 245-7,4968,
MA010120220804498801,뷰파트너스주,,3120187,신논현역,서울특별시 강남구 봉은사로 107,37.5050237707242,127.025390320936,서울특별시 강남구 논현동 201-16,6120,
MA0101202212A0097331,현욱기획,,3130308,청담삼익시장,서울특별시 강남구 학동로101길 26,37.5224468696354,127.05762510496,서울특별시 강남구 청담동 134-20,6077,
MA010120220803865372,카페오,,3130081,자양골목전통시장(자양골목시장),서울특별시 광진구 자양로13나길 27,37.5341740814199,127.079707971849,서울특별시 광진구 자양동 620-17,5062,
MA010120220812515182,하우스브란트,,3110908,구반포역,서울특별시 서초구 신반포로3길 8,37.5021425556459,126.98690384767,서울특별시 서초구 반포동 1313,6502,
MA010120220806653613,카페301,,3110908,구반포역,서울특별시 서초구 신반포로3길 8,37.5021425556459,126.98690384767,서울특별시 서초구 반포동 1313,6502,
MA010120220803675047,퀼트카페인,,3110908,구반포역,서울특별시 서초구 신반포로3길 8,37.5021425556459,126.98690384767,서울특별시 서초구 반포동 1313,6502,
MA010120220814124659,나를위한하루날위한커피,사당점,3110851,경문고등학교(동작동성당),서울특별시 동작구 동작대로35길 53,37.4918700726253,126.979759152172,서울특별시 동작구 사당동 68-1,6991,
MA010120220806476231,커피프릭COFFEEFREAK,,3130198,아현시장,서울특별시 마포구 굴레방로7길 22,37.5563476980944,126.95427741415,서울특별시 마포구 아현동 332-7,4115,
MA0101202302A0078446,메가엠지씨커피방배카페,거리점,3120162,방배동카페골목,서울특별시 서초구 방배중앙로 188,37.4956822235035,126.985887227875,서울특별시 서초구 방배동 760-2,6553,
MA0101202310A0029065,네스트앤드위스탠연남마포지점,,3110564,홍대입구역 3번,서울특별시 마포구 연희로1길 18,37.5598380358557,126.925674699619,서울특별시 마포구 동교동 113-92,3985,
MA010120220811871907,사랑방,,3130250,삼구시장(로타리상가),서울특별시 영등포구 영등포로 219,37.5201437930117,126.905759725524,서울특별시 영등포구 영등포동5가 20-62,7250,
MA010120220808832530,로타리휴계실,,3130250,삼구시장(로타리상가),서울특별시 영등포구 영등포로 219,37.5201437930117,126.905759725524,서울특별시 영등포구 영등포동5가 20-62,7250,
MA010120220803674019,메가엠지씨커피강동역점,,3111068,강동성심병원,서울특별시 강동구 천호대로 1107,37.5358534763436,127.135229367316,서울특별시 강동구 길동 445-1,5355,
MA010120220806880475,카페502호,,3130107,중랑동부시장(중랑교종합상가),서울특별시 중랑구 망우로32길 23,37.5929477807347,127.077121031046,서울특별시 중랑구 상봉동 129-9,2121,
MA010120220803878389,이앤에스에스,,3110559,성산중학교,서울특별시 마포구 독막로6길 27,37.5467409081422,126.917212008765,서울특별시 마포구 합정동 360-1,4072,
MA010120220805703628,건강한농부사회적협동조합,,3110734,금천파출소,서울특별시 금천구 시흥대로61길 31,37.4535537269632,126.898994348611,서울특별시 금천구 시흥동 995-18,8632,
MA010120220800219104,메르센,,3130192,동진시장,서울특별시 마포구 성미산로 198,37.5623795306971,126.926770057942,서울특별시 마포구 연남동 227-15,3982,
MA010120220808123411,카페네이,,3130192,동진시장,서울특별시 마포구 성미산로 198,37.5623795306971,126.926770057942,서울특별시 마포구 연남동 227-15,3982,
MA010120220800209837,카페리브레,,3130192,동진시장,서울특별시 마포구 성미산로 198,37.5623795306971,126.926770057942,서울특별시 마포구 연남동 227-15,3982,
MA010120220814335806,좋은피플,,3130101,답십리현대시장,서울특별시 동대문구 전농로4가길 8,37.5669108229274,127.058349803248,서울특별시 동대문구 답십리동 488-100,2620,
MA0101202406A0496575,효녀가수이효정네한방찻집,,3110576,대흥역 3번,서울특별시 마포구 백범로16안길 29,37.5463240355812,126.943714434758,서울특별시 마포구 대흥동 241-22,4149,
MA010120220803540686,OMG도넛앤커피,,3130293,봉천중앙시장,서울특별시 관악구 관악로 211,37.4842224378074,126.954344016731,서울특별시 관악구 봉천동 32-2,8744,
MA010120220804426732,엠에스씨커피,,3111020,방이동고분군(방산고등학교),서울특별시 송파구 오금로27길 8,37.5071002616892,127.12065541033,서울특별시 송파구 방이동 222-4,5645,
MA010120220811946517,헬카페,,3110068,남영역 1번,서울특별시 용산구 원효로89길 33,37.5407467038843,126.967220116557,서울특별시 용산구 원효로1가 34,4316,
MA0101202406A0326897,필링커피,,3130118,정릉골 골목형상점가,서울특별시 성북구 보국문로16길 60,37.6124249293421,127.010068782668,서울특별시 성북구 정릉동 266-94,2717,
MA010120220813699361,인터내셔널티컴퍼니,,3120208,청담사거리(청담동명품거리),서울특별시 강남구 압구정로79길 8,37.5249560566101,127.047762337007,서울특별시 강남구 청담동 119-8,6011,
MA010120220809207218,더그린,,3110271,신내역 1번,서울특별시 중랑구 용마산로139길 49,37.6154473133881,127.09885700881,서울특별시 중랑구 신내동 312-1,2052,
MA010120220803098669,카페글락,,3110990,청담역 12번,서울특별시 강남구 영동대로131길 16,37.5205650680003,127.054908762415,서울특별시 강남구 청담동 70-11,6072,
MA0106202303A2117369,돌상cafe돌상카페,,3120044,삼각지역,서울특별시 용산구 한강대로62길 26,37.5337925193793,126.973332754222,서울특별시 용산구 한강로1가 231-23,4382,
MA010120220805243579,이트커피,,3130050,청평화시장,서울특별시 중구 다산로 293,37.569158760397,127.01498689902,서울특별시 중구 신당동 193-2,4568,
MA010120220807821180,비바라비다,,3130016,동대문상가B동,서울특별시 종로구 청계천로 307,37.5700781230359,127.011942124491,서울특별시 종로구 창신동 436-78,3119,
MA010120220813713548,아리스타충무로점,,3120030,중부경찰서(영화인의거리),서울특별시 중구 수표로 15-1,37.5626721342094,126.990209559195,서울특별시 중구 충무로2가 49-4,4553,
MA010120220813996290,오살랑마켓,,3110402,도봉구 정병원,서울특별시 도봉구 도봉로143길 50,37.661891908391,127.039293160568,서울특별시 도봉구 방학동 675-16,1390,
MA010120220814228547,한국영파머스클럽,,3130227,고척골목시장상점가(그라운드 고척),서울특별시 구로구 경인로47길 107,37.5034341097422,126.863641632124,서울특별시 구로구 고척동 51-18,8223,
MA010120220811971488,피프틴커피,,3130060,신흥시장,서울특별시 용산구 신흥로 97-1,37.5453634106516,126.984938655222,서울특별시 용산구 용산동2가 1-502,4337,
MA0101202308A0092339,구하니커피,,3130099,전농로터리시장,서울특별시 동대문구 전농로15길 21,37.5777866983363,127.056569616146,서울특별시 동대문구 전농동 295-431,2547,
MA0101202211A0099165,그로비,,3120151,보라매공원,서울특별시 동작구 보라매로3길 29,37.4911901694335,126.924849471525,서울특별시 동작구 신대방동 708,7071,
MA010120220806425665,메종인디아트래블앤북스,,3110916,내방역 4번,서울특별시 서초구 방배로23길 31-43,37.4850959711305,126.992220979928,서울특별시 서초구 방배동 327-6,6680,
MA010120220804760460,델링유,,3110832,노량진초등학교,서울특별시 동작구 장승배기로24길 32,37.510111853339,126.941807544255,서울특별시 동작구 노량진동 232-136,6923,
MA010120220813913200,커피_#샵,,3130155,시영B상가(중계 그린아파트 B 상가),서울특별시 노원구 동일로 1279,37.6430685694466,127.064006644339,서울특별시 노원구 중계동 503,1778,
MA0101202209A0088960,단희,,3130060,신흥시장,서울특별시 용산구 소월로20길 32-1,37.5451201723645,126.985187651195,서울특별시 용산구 용산동2가 1-53,4337,
MA010120220800544081,유니토스엔카페주,,3110667,가양역 10번,서울특별시 강서구 양천로 476,37.5615992911932,126.853281354363,서울특별시 강서구 등촌동 73-1,7575,
MA010120220812135593,카마노,코리아,3110667,가양역 10번,서울특별시 강서구 양천로 476,37.5615992911932,126.853281354363,서울특별시 강서구 등촌동 73-1,7575,
MA0106202201A0963655,롯데컬처웍스㈜롯데시네마가양,,3110667,가양역 10번,서울특별시 강서구 양천로 476,37.5615992911932,126.853281354363,서울특별시 강서구 등촌동 73-1,7575,
MA010120220803750599,Webconey,,3120052,성수역,서울특별시 성동구 아차산로 113,37.5446388751146,127.056895346082,서울특별시 성동구 성수동2가 300-1,4794,
MA010120220813482205,씽씽커피,,3130324,길동복조리시장,서울특별시 강동구 천중로52길 37,37.5390779391966,127.143800533772,서울특별시 강동구 길동 360-4,5344,
MA0101202406A0387719,카페보스,신길점,3110805,신길새마을금고신길4동지점,서울특별시 영등포구 신길로38길 16,37.5056249689119,126.912733510357,서울특별시 영등포구 신길동 235-6,7362,
MA010120220804686815,비브릿지,,3120064,경희대학교(경희대),서울특별시 동대문구 경희대로 9-1,37.5925649821084,127.052232786522,서울특별시 동대문구 회기동 42-84,2454,
MA010120220808496271,차밍디쉬,,3120186,가로수길,서울특별시 강남구 가로수길 41,37.5206747465921,127.022771220475,서울특별시 강남구 신사동 534-20,6028,
MA010120220807096965,정정,,3130042,약수시장,서울특별시 중구 동호로7길 17,37.5530133284502,127.011090628447,서울특별시 중구 신당동 372-49,4596,
MA010120220808607182,카페아에,강남점,3110967,역삼역 8번,서울특별시 강남구 논현로98길 34,37.5044346278199,127.038328338773,서울특별시 강남구 역삼동 671-31,6140,
MA010120220811698001,민스가베,,3130288,신림현대종합상가,서울특별시 관악구 신림로29길 3-20,37.4746259744075,126.933797117011,서울특별시 관악구 신림동 1694,8845,
MA010120220814348210,카페529,,3110824,대방역 3번,서울특별시 동작구 여의대방로54길 14,37.5119234980486,126.926740206836,서울특별시 동작구 대방동 344-1,6939,
MA0101202305A0102437,끼,,3130060,신흥시장,서울특별시 용산구 신흥로 97-6,37.5451922106797,126.984859479168,서울특별시 용산구 용산동2가 1-510,4337,
MA010120220812228674,백스트로크,,3110787,신길3동주민센터,서울특별시 영등포구 가마산로61나길 11,37.5068180691499,126.905912199454,서울특별시 영등포구 신길동 315-8,7383,
MA0101202212A0039773,세드릭커피컴퍼니,,3110096,한남힐사이드아파트,서울특별시 용산구 한남대로42가길 10,37.5432830317163,127.002704403746,서울특별시 용산구 한남동 790-12,4417,
MA0106202201A0655138,원피앤에스,,3120204,르네상스호텔사거리,서울특별시 강남구 테헤란로 301,37.5031175274922,127.043066317303,서울특별시 강남구 역삼동 701-2,6152,
MA010120220810290434,스위트이스트,,3130061,이태원시장,서울특별시 용산구 녹사평대로32길 9,37.5336779253053,126.989410053435,서울특별시 용산구 이태원동 34-91,4390,
MA010120220809696895,피카롱,,3111069,천호1동주민센터,서울특별시 강동구 구천면로42가길 6-2,37.5445376204579,127.136523723653,서울특별시 강동구 천호동 87-4,5311,
MA010120220800375718,샌드데이,미성점,3130278,미성동 도깨비시장 골목형상점가,서울특별시 관악구 미성길 10,37.474587827083,126.916274199955,서울특별시 관악구 신림동 755-14,8864,
MA010120220800323883,빅벨에프앤비,,3130062,보광시장,서울특별시 용산구 보광로 34,37.5274524800855,127.00002262621,서울특별시 용산구 보광동 260-7,4415,
MA010120220802902996,신천비버리지,,3120225,잠실새내역(신천),서울특별시 송파구 백제고분로7길 34,37.5106919377365,127.082646364503,서울특별시 송파구 잠실동 188,5560,
MA010120220808462068,에이치지케이그룹이태원지점,,3120046,이태원(이태원역),서울특별시 용산구 이태원로 187,37.5347144364643,126.994795467046,서울특별시 용산구 이태원동 123-32,4350,
MA010120220803496779,은정,,3130032,인현시장,서울특별시 중구 퇴계로41가길 11-1,37.5630418427203,126.994997229799,서울특별시 중구 인현동2가 189-22,4556,
MA0101202210A0062380,모크커피;MOCC,,3130278,미성동 도깨비시장 골목형상점가,서울특별시 관악구 미성길 7,37.4745519467154,126.91650034245,서울특별시 관악구 신림동 727-15,8864,
MA0101202307A0099353,골든볼,,3110073,삼각지역 3번,서울특별시 용산구 한강대로50길 31,37.5314046561374,126.972417194563,서울특별시 용산구 한강로2가 53-4,4382,
MA0106202411A0018078,채가/구테로이테,사당점,3120160,사당역(사당),서울특별시 서초구 방배천로 5-6,37.4773101455314,126.982046799204,서울특별시 서초구 방배동 444-8,6693,
MA010120220800823163,페라주,,3120160,사당역(사당),서울특별시 서초구 방배천로 11,37.477697608672,126.982238901719,서울특별시 서초구 방배동 444-3,6693,
MA010120220802633659,이루리,,3110096,한남힐사이드아파트,서울특별시 용산구 한남대로42길 31,37.5435443175578,127.002874146229,서울특별시 용산구 한남동 790-4,4417,
MA010120220813578096,죠아찌쥬스,,3130283,신원시장,서울특별시 관악구 신원로5길 33,37.4824427834637,126.927085577052,서울특별시 관악구 신림동 1596-1,8774,
MA010120220800623752,한국농아인협회서울특별시협회은평구지회사,,3110449,증산역 3번,서울특별시 은평구 증산서길 82,37.5835839067762,126.906834614075,서울특별시 은평구 증산동 186-11,3499,
MA010120220806991297,위드미건대입구역점,,3120053,건대입구역(건대),서울특별시 광진구 아차산로 243,37.5404156461388,127.069168978837,서울특별시 광진구 화양동 7-3,5017,
MA010120220808677562,스톡드!,,3110062,한강로동땡땡거리(은행나무길),서울특별시 용산구 한강대로7길 18-13,37.5250858321946,126.962283299566,서울특별시 용산구 한강로3가 40-309,4379,
MA0101202409A0058767,텐퍼센트스페셜티커피서초역점,,3120169,서초역,서울특별시 서초구 서초대로 240,37.4915831894297,127.008345077448,서울특별시 서초구 서초동 1542-1,6647,
MA010120220808609228,휘게릿,,3110912,방배동사이길,서울특별시 서초구 방배로 234,37.4941238948734,126.989924504237,서울특별시 서초구 방배동 773-17,6584,
MA010120220812225091,버치커피,코리아,3110136,경수초등학교,서울특별시 성동구 성수이로16길 27,37.5405379550726,127.059675739599,서울특별시 성동구 성수동2가 269-185,4785,
MA010120220812895797,은정다방,,3110055,황학동벼룩시장,서울특별시 중구 마장로9길 43-30,37.5699331488651,127.018303675663,서울특별시 중구 황학동 29,4571,
MA010120220812338416,골든타임,,3130046,team204(팀204),서울특별시 중구 마장로 34,37.5678074445908,127.013515131547,서울특별시 중구 신당동 204-1,4566,
MA0101202406A0549136,센트럴모굴,,3110120,서울숲카페거리,서울특별시 성동구 서울숲2길 19-18,37.5474385024749,127.041168061689,서울특별시 성동구 성수동1가 685-325,4768,
MA010120220803385477,카토&카토베이커리,,3110062,한강로동땡땡거리(은행나무길),서울특별시 용산구 한강대로7길 22-7,37.5250406074322,126.961740310799,서울특별시 용산구 한강로3가 40-224,4379,
MA010120220806556594,야한생두,,3110127,성수1가1동주민센터,서울특별시 성동구 뚝섬로3길 13,37.5413897152677,127.049221165,서울특별시 성동구 성수동1가 72-71,4780,
MA0101202311A0008437,더오캄더OKLM,,3111080,굽은다리역 3번,서울특별시 강동구 양재대로134길 49,37.5478595979353,127.146306961333,서울특별시 강동구 명일동 339-21,5294,
MA010120220806801868,칠이핫도그,,3110043,충무초등학교,서울특별시 중구 퇴계로50길 43,37.5607894518627,127.001109178101,서울특별시 중구 묵정동 25-17,4618,
MA0101202305A0106484,서서울호수빌딩,,3110596,서서울호수공원,서울특별시 양천구 남부순환로58길 37,37.5291526051051,126.831713804085,서울특별시 양천구 신월동 205-36,7915,
MA010120220813365066,로스터투바리스타,,3130148,방학동도깨비시장,서울특별시 도봉구 도당로13다길 3-29,37.6653890332948,127.035112755394,서울특별시 도봉구 방학동 632-60,1357,
MA010120220805388403,메르씨,,3110043,충무초등학교,서울특별시 중구 퇴계로50길 53,37.5603299432477,127.001131807438,서울특별시 중구 묵정동 22-22,4618,
MA0101202406A0268039,재:주문리-오-더,,3110616,양목초등학교,서울특별시 양천구 목동로9길 22,37.5228219954536,126.862169680332,서울특별시 양천구 신정동 1011-5,8023,
MA010120220813197234,카페리바체,,3110272,신내1동주민센터,서울특별시 중랑구 봉화산로56길 60,37.6061317040269,127.098119878646,서울특별시 중랑구 신내동 410-9,2067,
MA010120220813840104,가배랑솜인사동카페,,3120008,인사동,서울특별시 종로구 인사동길 37,37.5736637576927,126.985181999619,서울특별시 종로구 관훈동 192-35,3149,
MA010120220810051902,극단예술마루,,3120008,인사동,서울특별시 종로구 인사동길 34-1,37.5738710314128,126.985544202494,서울특별시 종로구 관훈동 21,3148,
MA010120220803143190,북바이북,,3120003,광화문역,서울특별시 종로구 새문안로5길 19,37.5720310877557,126.97429263251,서울특별시 종로구 당주동 5,3173,
MA010120220805357787,SGH한방차보감,,3120003,광화문역,서울특별시 종로구 새문안로5길 19,37.5720310877557,126.97429263251,서울특별시 종로구 당주동 5,3173,
MA010120220812577676,오거트,,3130070,뚝섬역상점가,서울특별시 성동구 상원6나길 10,37.5484174265266,127.049418162373,서울특별시 성동구 성수동1가 13-307,4790,
MA0106202206A1265960,벨가우프라,,3110912,방배동사이길,서울특별시 서초구 방배로 232,37.4939617251042,126.990060222641,서울특별시 서초구 방배동 796-1,6584,
MA010120220803245963,찰스커피컴퍼니,,3130166,응암시장(신응암시장),서울특별시 은평구 응암로22길 5-6,37.5941163896275,126.918880678108,서울특별시 은평구 응암동 427-108,3466,
MA0101202301A0021218,스탠퍼독,,3110389,한일병원,서울특별시 도봉구 우이천로 296,37.6442174343094,127.029698000628,서울특별시 도봉구 쌍문동 103-247,1452,
MA010120220811967536,좋은날,,3110797,KT대방빌딩,서울특별시 영등포구 신길로8길 3,37.495675093621,126.909058581355,서울특별시 영등포구 신길동 4750,7436,
MA010120220804967141,래디언트101,,3120012,대학로(혜화역),서울특별시 종로구 대학로 127,37.582566499801,127.001562358702,서울특별시 종로구 명륜4가 30-4,3078,
MA010120220811705624,메이킹유니언,,3110042,남산골공원옆,서울특별시 중구 퇴계로36가길 89,37.5564105178942,126.995314562637,서울특별시 중구 필동2가 122-1,4626,
MA010120220812812489,타오파크,,3120064,경희대학교(경희대),서울특별시 동대문구 경희대로 7-1,37.5923217193841,127.052221293588,서울특별시 동대문구 회기동 16-72,2454,
MA010120220809656504,유캔두잇,수유점,3130136,수유재래시장,서울특별시 강북구 수유로4길 58,37.6320738979418,127.021706260663,서울특별시 강북구 수유동 52-21,1115,
MA0101202302A0059001,박스프레소약수점,,3130042,약수시장,서울특별시 중구 다산로8길 21,37.552842180479,127.010637925409,서울특별시 중구 신당동 366-1,4597,
MA0101202305A0181241,홍카페HONGCAFE,,3110858,신대방역 1번,서울특별시 관악구 신사로10길 9,37.4872278378565,126.914677110636,서울특별시 관악구 신림동 499-54,8702,
MA010120220800437383,실로암,,3110812,신길6동주민센터,서울특별시 영등포구 여의대방로 99,37.4976544967685,126.917503708996,서울특별시 영등포구 신길동 4303,7433,
MA010120220812448273,스포애니불광역커피마마,,3130170,제일시장,서울특별시 은평구 통일로 727-3,37.6102508747877,126.929395995538,서울특별시 은평구 대조동 14-19,3397,
MA0101202409A0246297,보사노바수유역점,,3120076,수유역,서울특별시 강북구 도봉로85길 8,37.6378486309271,127.024676354073,서울특별시 강북구 수유동 229-40,1073,
MA010120220808448882,푸딩카페,,3130285,서원동상점가,서울특별시 관악구 신림로59길 11,37.4829935621185,126.928995822759,서울특별시 관악구 신림동 1638-26,8776,
MA010120220813398437,그릭데이고려대점,,3110313,안암역 3번,서울특별시 성북구 고려대로24길 45,37.5842386506802,127.029583583725,서울특별시 성북구 안암동5가 103-101,2856,
MA0106202204A1098714,달리셔스,,3120198,구역삼세무서,서울특별시 강남구 역삼로 169,37.4955419498777,127.037543521687,서울특별시 강남구 역삼동 747-3,6247,
MA0101202409A0193747,카페동묘,,3130018,동대문문구완구거리(동대문문구완구시장),서울특별시 종로구 종로54길 19,37.5715645213067,127.014149717788,서울특별시 종로구 창신동 330-46,3121,
MA0101202406A0145761,세수대야왕빙수,신림점,3110871,신원동주민센터,서울특별시 관악구 신원로3가길 23,37.4806587243614,126.926985556246,서울특별시 관악구 신림동 1604-22,8774,
MA010120220812380581,파이나무,,3110801,신풍역 6번(신길6동공영주차장),서울특별시 영등포구 신길로 114-1,37.5024608449748,126.910599729805,서울특별시 영등포구 신길동 3485,7393,
MA0101202210A0014161,희망카페신목신협점,,3120110,목동역 8번출구,서울특별시 양천구 오목로 217,37.5260019294436,126.861654750561,서울특별시 양천구 신정동 902-18,7945,
MA010120220807175582,보나때때공방,,3110292,정릉역 2번,서울특별시 성북구 정릉로26길 20,37.6039374893885,127.01136997655,서울특별시 성북구 정릉동 464-23,2814,
MA0101202305A0047302,아도리커피,시흥점,3110742,KT금천빌딩(금천구시설관리공단),서울특별시 금천구 시흥대로39길 8,37.4472857162705,126.902619101826,서울특별시 금천구 시흥동 985-9,8638,
MA010120220800948143,CAFE가끔,,3110742,KT금천빌딩(금천구시설관리공단),서울특별시 금천구 시흥대로39길 8,37.4472857162705,126.902619101826,서울특별시 금천구 시흥동 985-9,8638,
MA0101202406A0179062,리안,,3130216,화곡중앙시장,서울특별시 강서구 월정로30길 52,37.5346405810918,126.838806777303,서울특별시 강서구 화곡동 362-43,7767,
MA010120220813464352,디어다온,,3110564,홍대입구역 3번,서울특별시 마포구 연희로1길 28,37.5602073801233,126.92557247025,서울특별시 마포구 동교동 113-29,3985,
MA010120220806786599,쌈바플스방,,3130318,로데오거리상점가,서울특별시 강동구 올림픽로70길 60,37.5389441930234,127.126850657194,서울특별시 강동구 천호동 454-59,5329,
MA010120220806677482,플랫카페,,3110160,광진경찰서,서울특별시 광진구 자양로23길 73,37.5435957780468,127.083701072073,서울특별시 광진구 구의동 635-2,5023,
MA010120220803049570,라일락,,3120172,교대입구교차로,서울특별시 서초구 사임당로 19,37.4878526788451,127.012234315396,서울특별시 서초구 서초동 1580-8,6649,
MA010120220813493682,더함,,3110482,연신초등학교,서울특별시 은평구 연서로41길 13-3,37.6257918363069,126.927614132023,서울특별시 은평구 불광동 92-5,3343,
MA0101202211A0043391,카페그날,,3110880,신림역 1번,서울특별시 관악구 남부순환로186길 12,37.48405915318,126.933110401036,서울특별시 관악구 신림동 10-277,8779,
MA0101202409A0141880,베오밤,,3110255,상봉역 4번,서울특별시 중랑구 동일로114길 38,37.5935478395484,127.082454830579,서울특별시 중랑구 상봉동 122-18,2139,
MA0101202210A0024050,소서원,,3110082,용산구청,서울특별시 용산구 이태원로14길 45,37.5325157990058,126.991446714334,서울특별시 용산구 이태원동 63-41,4391,
MA0101202211A0055080,고망고경희대점,,3120064,경희대학교(경희대),서울특별시 동대문구 경희대로 8,37.5922404541361,127.052617538443,서울특별시 동대문구 회기동 16-51,2453,
MA0106202308A0047308,토프레소오!커피랩을지로,입구점,3120026,을지로입구역,서울특별시 중구 남대문로 116,37.5674646188863,126.983021269362,서울특별시 중구 남대문로1가 20,4540,
MA010120220814354041,커피를그리다,,3120121,까치산역,서울특별시 강서구 강서로 21,37.529876861673,126.847528393704,서울특별시 강서구 화곡동 898-16,7778,
MA0101202305A0172799,초가집,,3111025,경찰병원역 3번,서울특별시 송파구 동남로13길 41,37.4942288469958,127.125508485645,서울특별시 송파구 가락동 130,5827,
MA0101202302A0112809,과일101,,3110031,창신역 1번,서울특별시 종로구 지봉로 101,37.5792318773402,127.015022880619,서울특별시 종로구 창신동 20-9,3094,
MA010120220812332511,좋은날,,3110075,숙대입구역 1번,서울특별시 용산구 한강대로96길 44,37.5467851013028,126.974063668206,서울특별시 용산구 갈월동 7-77,4334,
MA0101202406A0375990,카페네이슨,,3110934,우면주공아파트,서울특별시 서초구 바우뫼로 23,37.470407073255,127.025254258099,서울특별시 서초구 우면동 64-2,6762,
MA010120220809794554,카페네이슨,,3110934,우면주공아파트,서울특별시 서초구 바우뫼로 23,37.470407073255,127.025254258099,서울특별시 서초구 우면동 64-2,6762,
MA010120220803145491,냥카페묘연,,3110742,KT금천빌딩(금천구시설관리공단),서울특별시 금천구 시흥대로 149,37.4473760871308,126.902946714611,서울특별시 금천구 시흥동 985-8,8638,
MA0101202406A0435658,릴띵스,,3110858,신대방역 1번,서울특별시 관악구 난곡로78길 27,37.4870659335865,126.915061733074,서울특별시 관악구 신림동 499-44,8702,
MA010120220801070827,메이트아이엔씨주,,3120244,암사역,서울특별시 강동구 올림픽로 783,37.5511429000472,127.127606912707,서울특별시 강동구 암사동 502-21,5241,
MA010120220810190917,가배공방,,3130009,마전교지하쇼핑센터(구 한일상가),서울특별시 종로구 동호로38길 18,37.5703219541594,127.003135525378,서울특별시 종로구 종로5가 314-2,3196,
MA010120220806764276,놀숲PC,,3110069,숙대입구,서울특별시 용산구 청파로47길 52,37.5449725097695,126.967648264903,서울특별시 용산구 청파동2가 71-88,4309,
MA010120220813700446,코다,,3110675,화곡4동주민센터,서울특별시 강서구 등촌로13길 59,37.5360374167529,126.860244543144,서울특별시 강서구 화곡동 814-3,7739,
MA0101202305A0072756,선호커피바,,3111011,잠실나루역,서울특별시 송파구 올림픽로37길 130,37.5207748720398,127.104501136051,서울특별시 송파구 신천동 17-4,5507,
MA0101202305A0169282,아쿠아산타서울숲카페,,3130070,뚝섬역상점가,서울특별시 성동구 상원6길 5-1,37.5486879568009,127.04886384165,서울특별시 성동구 성수동1가 13-191,4790,
MA010120220805332886,디커피:DCOFFEE,,3130295,인헌시장(원당종합시장),서울특별시 관악구 인헌6길 16,37.4740990244425,126.966005689879,서울특별시 관악구 봉천동 1638-22,8793,
MA0101202301A0007720,래빗,,3110655,발산역 5번,서울특별시 강서구 공항대로42길 54-35,37.5568731071185,126.842437099303,서울특별시 강서구 내발산동 658-7,7651,
MA0101202308A0102429,까페카노,,3110180,광진정보도서관,서울특별시 광진구 아차산로 636,37.549170848094,127.108444918363,서울특별시 광진구 광장동 148-6,4969,
MA0101202409A0177511,카페온로스터리,양재점,3110938,바우뫼공원,서울특별시 서초구 양재천로11길 18,37.4754588805976,127.036244673317,서울특별시 서초구 양재동 113-4,6754,
MA0101202409A0165946,카페0691,,3130042,약수시장,서울특별시 중구 다산로8길 32,37.5525448252937,127.010920805568,서울특별시 중구 신당동 372-87,4596,
MA0101202309A0054926,엘벧엘,,3111080,굽은다리역 3번,서울특별시 강동구 양재대로134길 39,37.5477972139608,127.145752347091,서울특별시 강동구 명일동 338-10,5294,
MA010120220809762634,바란초커피,,3111002,한국교통안전공단 강남자동차검사소,서울특별시 강남구 헌릉로745길 25,37.469295497967,127.119170276884,서울특별시 강남구 율현동 108-9,6378,
MA010120220813020903,아이토르고,,3130149,창동신창시장,서울특별시 도봉구 덕릉로57길 30,37.6400347302953,127.037230888234,서울특별시 도봉구 창동 581-28,1470,
MA0101202411A0125103,요거해,,3130232,독산동 맛나는거리상점가(독산동 맛나는거리),서울특별시 금천구 독산로75길 31,37.4690614719874,126.900567392527,서울특별시 금천구 독산동 1018-12,8578,
MA010120220804484259,유니동화,,3120012,대학로(혜화역),서울특별시 종로구 대학로 125,37.5824673911063,127.001517070931,서울특별시 종로구 명륜4가 88-2,3078,
MA010120220810149505,마리스,,3110039,회현역 1번,서울특별시 중구 퇴계로10길 36,37.5580579322903,126.981155978444,서울특별시 중구 회현동1가 74-1,4633,
MA0101202406A0537535,성북시니어클럽커피정원성북50+,센터점,3110302,보문역 8번,서울특별시 성북구 지봉로24길 26,37.5838713685167,127.019326035075,서울특별시 성북구 보문동5가 35,2872,
MA0101202305A0083217,불암골행복발전소운영위원회,,3110441,영신여고,서울특별시 노원구 중계로14길 53,37.6507513296658,127.082722006953,서울특별시 노원구 중계동 93-28,1722,
MA0101202303A0041302,작업실,,3110125,사근동살곶이상점가,서울특별시 성동구 사근동길 50,37.5607623445358,127.046336462967,서울특별시 성동구 사근동 176-32,4762,
MA0106202201A0026070,CJCGV천호투썸플러스,,3120247,굽은다리역,서울특별시 강동구 양재대로 1571,37.5457201634821,127.14226301945,서울특별시 강동구 천호동 42,5314,
MA010120220806989276,텐퍼센트스페셜티커피,강동점,3120247,굽은다리역,서울특별시 강동구 양재대로 1571,37.5457201634821,127.14226301945,서울특별시 강동구 천호동 42,5314,
MA0101202305A0002438,호호플,,3110002,독립문역 1번,서울특별시 종로구 통일로 262,37.5754858651148,126.956971282983,서울특별시 종로구 무악동 67-2,3030,
MA010120220811693783,카페쉘터,,3110249,중화역 1번,서울특별시 중랑구 동일로140길 25,37.6044330979391,127.080586935422,서울특별시 중랑구 중화동 279-20,2047,
MA0101202406A0340387,달디단,,3110249,중화역 1번,서울특별시 중랑구 동일로140길 25,37.6044330979391,127.080586935422,서울특별시 중랑구 중화동 279-20,2047,
MA010120220804661411,뮈에,,3130123,꿈의숲 장곡 골목형상점가,서울특별시 성북구 돌곶이로 205,37.6180742223737,127.046961001198,서울특별시 성북구 장위동 215-2,2754,
MA010120220802848343,미제,,3110466,구산역 2번,서울특별시 은평구 연서로14길 15-9,37.6087387788892,126.917890815273,서울특별시 은평구 역촌동 5-16,3400,
MA0101202409A0102694,카페애비뉴,,3110981,국악고교사거리,서울특별시 강남구 논현로12길 19-9,37.4753733347051,127.048646490746,서울특별시 강남구 개포동 1196,6312,
MA010120220814012747,원스쿱프로틴하우스,,3130243,도림시장,서울특별시 영등포구 도영로 48,37.50984796729,126.898092880114,서울특별시 영등포구 도림동 186-5,7374,
MA010120220810191020,라운지223,,3110325,장곡초등학교,서울특별시 성북구 장월로23길 47-3,37.6170112673711,127.046427979679,서울특별시 성북구 장위동 223-43,2755,
MA0106202201A0153590,커피빈방이역4번출구점,코리아,3120238,방이역,서울특별시 송파구 양재대로71길 1-20,37.5093564341447,127.125782637864,서울특별시 송파구 방이동 206-11,5639,
MA0101202301A0026986,설빙카페홍제역점,,3120095,홍제역,서울특별시 서대문구 통일로37길 3,37.5879234388696,126.94462287164,서울특별시 서대문구 홍제동 172-11,3646,
MA010120220808186055,은하수커피호프,,3110239,중랑역 2번,서울특별시 중랑구 중랑역로 20,37.5959485662738,127.076376779262,서울특별시 중랑구 중화동 298-21,2109,
MA010120220807055440,카페나의하루는,,3111078,굽은다리역 4번,서울특별시 강동구 천중로51길 52,37.5431400938464,127.14490593579,서울특별시 강동구 길동 331-3,5301,
MA010120220809233764,Coffe소,,3110313,안암역 3번,서울특별시 성북구 고려대로24길 48,37.5840044658704,127.029289127964,서울특별시 성북구 안암동5가 102-37,2855,
MA010120220800448527,아몬드블루,,3110842,흑리단길,서울특별시 동작구 서달로14길 46,37.5072288988485,126.965413859834,서울특별시 동작구 흑석동 43-9,6979,
MA0101202308A0098063,쌍문볼링장카페,,3130147,쌍문역동측상점가,서울특별시 도봉구 도봉로114길 22-8,37.6471080906807,127.035160803821,서울특별시 도봉구 창동 812,1455,
MA0101202406A0363334,런던할머니집,,3120045,남영동 먹자골목,서울특별시 용산구 한강대로80길 11-12,37.5431089193987,126.973589692024,서울특별시 용산구 남영동 56-1,4352,
MA010120220814106981,블랙우드,,3110674,강서구청가양동별관,서울특별시 강서구 허준로 198,37.5613104347534,126.860265258545,서울특별시 강서구 가양동 1488,7532,
MA0101202308A0021982,메가엠지씨커피가양초점,,3110674,강서구청가양동별관,서울특별시 강서구 허준로 198,37.5613104347534,126.860265258545,서울특별시 강서구 가양동 1488,7532,
MA0101202406A0056560,사이프러스,,3110629,송정역 4번,서울특별시 강서구 공항대로2길 36,37.5598503235833,126.808522137572,서울특별시 강서구 공항동 66-60,7622,
MA0101202306A0067505,뉴앤커피,,3120203,강남구청역,서울특별시 강남구 선릉로129길 3-4,37.5161107241028,127.041071666471,서울특별시 강남구 논현동 242-27,6099,
MA010120220813297620,데헤사에프앤비카페드리옹,,3120218,코엑스,서울특별시 강남구 영동대로 513,37.5118322933754,127.059155204804,서울특별시 강남구 삼성동 159,6164,
MA010120220801060882,빨라쪼주,코엑스몰점,3120218,코엑스,서울특별시 강남구 영동대로 513,37.5118322933754,127.059155204804,서울특별시 강남구 삼성동 159,6164,
MA010120220801067819,웨스트사이공주,,3120218,코엑스,서울특별시 강남구 영동대로 513,37.5118322933754,127.059155204804,서울특별시 강남구 삼성동 159,6164,
MA010120220801058538,현진에프앤비주,,3120218,코엑스,서울특별시 강남구 영동대로 513,37.5118322933754,127.059155204804,서울특별시 강남구 삼성동 159,6164,
MA0106202307A0704076,학산코엑스지점,,3120218,코엑스,서울특별시 강남구 영동대로 513,37.5118322933754,127.059155204804,서울특별시 강남구 삼성동 159,6164,
MA0106202201A0153218,커피빈코엑스메가박스점,코리아,3120218,코엑스,서울특별시 강남구 영동대로 513,37.5118322933754,127.059155204804,서울특별시 강남구 삼성동 159,6164,
MA0106202304A0036891,앤하우스메가MGC커피,,3120218,코엑스,서울특별시 강남구 영동대로 513,37.5118322933754,127.059155204804,서울특별시 강남구 삼성동 159,6164,
MA010120220811511879,르데스크에프앤비,,3110082,용산구청,서울특별시 용산구 녹사평대로32길 47,37.5327049598933,126.99079048662,서울특별시 용산구 이태원동 44-17,4390,
MA010120220803663955,맨시니스,,3130113,신아타운,서울특별시 중랑구 봉화산로 190,37.6062610713331,127.094156289474,서울특별시 중랑구 신내동 665,2076,
MA0101202305A0007598,단꿈,,3110650,우장산힐스테이트,서울특별시 강서구 우장산로 13,37.5547869687948,126.838853931369,서울특별시 강서구 내발산동 665-17,7652,
MA010120220808913567,위드원스,,3130277,조원동 펭귄시장(신림중앙시장),서울특별시 관악구 남부순환로143길 30,37.482647787797,126.9107137927,서울특별시 관악구 신림동 542-24,8767,
MA010120220809280058,후식,선릉역점,3120210,선릉역,서울특별시 강남구 테헤란로 340,37.5045027851399,127.048948125987,서울특별시 강남구 삼성동 141-37,6212,
MA010120220812854831,카페있슈,,3130228,구로시장,서울특별시 구로구 구로동로20길 12,37.4887345281636,126.885140836286,서울특별시 구로구 구로동 736-75,8315,
MA010120220808700959,셋째날,,3110605,목동센트럴아이파크앞,서울특별시 양천구 신월로10길 12,37.5161995175353,126.840599716943,서울특별시 양천구 신월동 558-8,8065,
MA010120220809285522,에이피씨옐로우,,3110087,이태원엔틱가구거리,서울특별시 용산구 보광로 107,37.5323177610104,126.99451278759,서울특별시 용산구 이태원동 99-11,4391,
MA0106202201A0636282,탐앤탐스어린이대공원역점,,3120054,어린이대공원역,서울특별시 광진구 광나루로 383,37.5480721461089,127.072491705101,서울특별시 광진구 군자동 361-24,5005,
MA0106202302A2083763,퍼즐커피앤하이볼,,3120054,어린이대공원역,서울특별시 광진구 광나루로 383,37.5480721461089,127.072491705101,서울특별시 광진구 군자동 361-24,5005,
MA0101202211A0026628,루크멜리,,3110493,북가좌초등학교,서울특별시 서대문구 수색로10길 18,37.5758432086727,126.905372604392,서울특별시 서대문구 북가좌동 382-17,3714,
MA010120220808212251,리프레스,,3110991,삼성중앙역 5번,서울특별시 강남구 봉은사로84길 9,37.5127168849771,127.055853126248,서울특별시 강남구 삼성동 147-7,6163,
MA0106202205A0436157,카페아이보르,,3110023,서울대병원,서울특별시 종로구 대학로 89,37.5792328193644,127.001811349613,서울특별시 종로구 연건동 39,3082,
MA010120220809804873,수테이크아웃,,3110062,한강로동땡땡거리(은행나무길),서울특별시 용산구 한강대로7길 20,37.5246532204164,126.961876260813,서울특별시 용산구 한강로3가 40-322,4379,
MA010120220812360048,카페혜화로,,3110022,경신고등학교,서울특별시 종로구 혜화로 37,37.588963558121,126.999252721023,서울특별시 종로구 명륜1가 32-7,3068,
MA0101202406A0542512,프린세스왕국점,,3130190,홍대소상공인상점가,서울특별시 마포구 어울마당로 92,37.5531412728331,126.922025964665,서울특별시 마포구 서교동 358-115,4040,
MA010120220808034962,커피아임,,3110697,개봉3동주민센터,서울특별시 구로구 개봉로3가길 55,37.4837709934157,126.853478906714,서울특별시 구로구 개봉동 370-35,8355,
MA010120220807140270,다몬,,3110503,명지대학교교회,서울특별시 서대문구 명지대5길 1,37.5829380046922,126.923262905184,서울특별시 서대문구 남가좌동 4-4,3672,
MA010120220814030187,와이에스에스컴퍼니,,3110774,당산반도유보라팰리스아파트,서울특별시 영등포구 국회대로37길 9,37.5280136064481,126.899753837398,서울특별시 영등포구 당산동4가 32-105,7220,
MA010120220812852495,디앤제이,,3120081,노원역,서울특별시 노원구 노해로81길 5-6,37.6552056212916,127.062498511908,서울특별시 노원구 상계동 606-12,1695,
MA010120220800508988,곰작가네꿀커피,,3110678,염창무학아파트,서울특별시 강서구 양천로77길 13,37.5500301746372,126.876638675472,서울특별시 강서구 염창동 257-3,7538,
MA0101202411A0090592,카페다르Cafedar,,3120122,강서구청,서울특별시 강서구 화곡로 328,37.5529197669838,126.850944446829,서울특별시 강서구 화곡동 1117-19,7658,
MA010120220814337580,아임파인,,3110191,고려대역 6번,서울특별시 동대문구 안암로22길 17,37.5880301122884,127.035789686498,서울특별시 동대문구 제기동 137-251,2473,
MA0101202308A0005268,매머드커피랩점주연합회,,3120236,장지역(가든파이브),서울특별시 송파구 충민로 52,37.4777971463009,127.12295984917,서울특별시 송파구 문정동 289,5839,
MA0106202201A0636266,탐앤탐스서울대,입구점,3120159,서울대입구역,서울특별시 관악구 관악로 173,37.4807076778786,126.952254535514,서울특별시 관악구 봉천동 862-3,8787,
MA0101202411A0187196,원미에프앤에스_뚜스뚜스,,3110073,삼각지역 3번,서울특별시 용산구 한강대로40가길 24,37.5309721490589,126.972304217472,서울특별시 용산구 한강로2가 55,4382,
MA0101202310A0027711,아임파인,,3130094,청량리청과물시장,서울특별시 동대문구 왕산로35길 7,37.5800808682088,127.043212498263,서울특별시 동대문구 제기동 635-18,2572,
MA0101202406A0580151,샘스컴퍼니,,3110564,홍대입구역 3번,서울특별시 마포구 연희로1길 30-4,37.5602795667139,126.925742169409,서울특별시 마포구 동교동 113-27,3985,
MA010120220807781255,메가엠지씨커피봉천역점,,3130290,영림시장,서울특별시 관악구 남부순환로 1740,37.4820101716603,126.943276545037,서울특별시 관악구 봉천동 927-1,8784,
MA0101202211A0057754,카페하멜른,,3110219,삼육보건대학교,서울특별시 동대문구 망우로18가길 53,37.5878577994528,127.060607954496,서울특별시 동대문구 휘경동 286-140,2498,
MA010120220810153918,낭,,3110283,성북초등학교앞,서울특별시 성북구 성북로15길 21,37.5927837673434,126.999796186225,서울특별시 성북구 성북동 126-31,2880,
MA010120220814329271,둡커피바,,3110574,서강대학교,서울특별시 마포구 서강대길 7,37.5495476205277,126.939683357376,서울특별시 마포구 신수동 14,4111,
MA010120220813354086,커피헤븐,,3130258,영진시장A동,서울특별시 영등포구 신풍로17길 7,37.5007169913958,126.916188488015,서울특별시 영등포구 신길동 4951,7390,
MA010120220808685566,208도씨,,3110561,상수역 4번,서울특별시 마포구 와우산로3안길 41,37.5466623395014,126.920889797181,서울특별시 마포구 상수동 335-14,4074,
MA010120220800984087,카페파사디나앤엔에프로스터리,,3130285,서원동상점가,서울특별시 관악구 신림로59길 14,37.483290765466,126.928780719132,서울특별시 관악구 신림동 1640-31,8776,
MA010120220809776407,카페리카,,3110094,오산중학교,서울특별시 용산구 보광로 5,37.5252089736259,127.00162903836,서울특별시 용산구 보광동 119-1,4396,
MA0106202201A0422210,달콤커피성수트러스톤점,,3120050,서울숲역,서울특별시 성동구 뚝섬로1길 10,37.5421386499669,127.046494664541,서울특별시 성동구 성수동1가 656-505,4779,
MA0101202406A0139734,카페다즐,,3120050,서울숲역,서울특별시 성동구 뚝섬로1길 10,37.5421386499669,127.046494664541,서울특별시 성동구 성수동1가 656-505,4779,
MA010120220812519187,미마미,,3120005,삼청동,서울특별시 종로구 팔판길 29,37.5831146074156,126.981127021462,서울특별시 종로구 팔판동 104-8,3054,
MA010120220810174526,BK샵,,3120072,성신여대,서울특별시 성북구 동소문로 106,37.592575301025,127.017097663355,서울특별시 성북구 동선동1가 1-2,2845,
MA0101202406A0558934,모리에프앤씨,,3130024,남대문시장(자유상가),서울특별시 중구 남대문시장길 22-23,37.5596249575607,126.977137705328,서울특별시 중구 남창동 34-130,4528,
MA0101202409A0159781,와이지지알,,3110136,경수초등학교,서울특별시 성동구 뚝섬로17가길 48,37.5407362491886,127.059528801204,서울특별시 성동구 성수동2가 269-63,4785,
MA010120220806024646,커피앤샵,,3110764,문래역 3번,서울특별시 영등포구 당산로 67,37.5209097516247,126.895193248804,서울특별시 영등포구 당산동2가 2,7291,
MA010120220804072253,하루노유키,,3110120,서울숲카페거리,서울특별시 성동구 서울숲2길 17,37.5472585025421,127.04059084175,서울특별시 성동구 성수동1가 685-428,4768,
MA0101202212A0019458,더카페NC불광7층점,,3130170,제일시장,서울특별시 은평구 불광로 20,37.6097370393823,126.928943459079,서울특별시 은평구 대조동 240,3397,
MA010120220803292876,카페9기압,,3130170,제일시장,서울특별시 은평구 불광로 20,37.6097370393823,126.928943459079,서울특별시 은평구 대조동 240,3397,
MA0101202409A0113817,빈앤브레드카페,동대문점,3120037,동대문역사문화공원역,서울특별시 중구 을지로 264,37.5657447262715,127.007062989576,서울특별시 중구 을지로6가 21-31,4561,
MA0106202409A2109560,후즈팬카페,,3120037,동대문역사문화공원역,서울특별시 중구 을지로 264,37.5657447262715,127.007062989576,서울특별시 중구 을지로6가 21-31,4561,
MA0106202201A0636248,탐앤탐스블랙,압구정점,3120195,성수대교남단,서울특별시 강남구 언주로172길 11,37.5279519142606,127.034799342993,서울특별시 강남구 신사동 637-14,6017,
MA010120220800259925,장산다방용산,용문점,3110060,효창공원앞역 6번,서울특별시 용산구 새창로14길 16,37.5386356283519,126.958519964209,서울특별시 용산구 용문동 36-1,4356,
MA0101202212A0082134,어로어,,3110409,창동역 2번,서울특별시 도봉구 해등로16길 52-19,37.6547187106014,127.043244382668,서울특별시 도봉구 창동 291-51,1402,
MA0101202409A0039179,크레스타운서울세관,사거리점,3120196,서울세관,서울특별시 강남구 언주로 652,37.5151303523581,127.03577746691,서울특별시 강남구 논현동 238,6098,
MA0106202201A0150524,인듀어런스커피,,3120207,선정릉역,서울특별시 강남구 선릉로112길 21-4,37.5118563876849,127.045435284628,서울특별시 강남구 삼성동 39-27,6097,
MA0101202306A0089978,디저트39상일동역점,,3130326,고덕 골목형상점가,서울특별시 강동구 고덕로 399,37.5574059319151,127.169673876142,서울특별시 강동구 고덕동 210-1,5222,
MA0106202201A0036714,로스터리락온,,3120228,석촌역(석촌호수),서울특별시 송파구 송파대로 438,37.505924081574,127.107013838437,서울특별시 송파구 송파동 19-2,5626,
MA010120220802859778,미시시피,,3110797,KT대방빌딩,서울특별시 영등포구 신길로 40,37.4961432499668,126.908583061842,서울특별시 영등포구 신길동 4716,7436,
MA010120220814074840,미트미인더모닝(MeetMeintheMorning,,3130294,관악중부시장,서울특별시 관악구 관악로 224-1,37.4845833660856,126.955723206823,서울특별시 관악구 봉천동 34-39,8737,
MA010120220812535322,티움,,3110212,답십리초등학교,서울특별시 동대문구 전농로3길 56,37.5702456184674,127.056054531352,서울특별시 동대문구 답십리동 256-12,2600,
MA0106202409A2150697,산체스커피로스터스,목동점,3110612,신정역 5번,서울특별시 양천구 중앙로48길 40-2,37.5238327142633,126.855957231203,서울특별시 양천구 신정동 962-3,8025,
MA0101202212A0022708,백억커피,,3110023,서울대병원,서울특별시 종로구 대학로 83,37.5786471716242,127.001913223043,서울특별시 종로구 연건동 76,3082,
MA010120220805246758,윤경양품,,3130001,통인시장,서울특별시 종로구 자하문로15길 26-2,37.5807245547904,126.969546077415,서울특별시 종로구 통인동 31-24,3036,
MA010120220813254650,서촌카페디엘,,3110008,배화여자대학교(박노수미술관),서울특별시 종로구 옥인길 19,37.5806248709606,126.96739510039,서울특별시 종로구 누상동 55-3,3037,
MA010120220813875570,커피호스피탈,,3110544,망리단길,서울특별시 마포구 포은로 93,37.5553091630413,126.904934565351,서울특별시 마포구 망원동 404-4,4009,
MA010120220812212180,카페토브,,3130109,묵1동도깨비시장,서울특별시 중랑구 공릉로12가길 6,37.6163084329282,127.080146687882,서울특별시 중랑구 묵동 55-3,2031,
MA0101202409A0139823,라운지카페,,3110824,대방역 3번,서울특별시 동작구 여의대방로54길 18,37.5116084474379,126.927226875336,서울특별시 동작구 대방동 345-1,6939,
MA010120220812090086,카페신길동,,3110815,공군호텔,서울특별시 영등포구 영등포로84길 16,37.5118481888078,126.921706998047,서울특별시 영등포구 신길동 466-13,7356,
MA010120220803699998,운여,,3110542,마포구청역 7번,서울특별시 마포구 월드컵로31길 38-8,37.5613348133858,126.902459537257,서울특별시 마포구 망원동 470-20,3961,
MA010120220803358582,요고요고,,3130153,창동역상점가,서울특별시 도봉구 마들로11가길 12,37.6528154670414,127.048807337843,서울특별시 도봉구 창동 5,1414,
MA010120220813905166,두바이커피,,3130153,창동역상점가,서울특별시 도봉구 마들로11가길 12,37.6528154670414,127.048807337843,서울특별시 도봉구 창동 5,1414,
MA010120220805540995,메가엠지씨커피금호역점,,3120048,금호역,서울특별시 성동구 장터길 30,37.5481919555696,127.019147076063,서울특별시 성동구 금호동4가 1202,4725,
MA010120220806789789,김류정카페,,3110869,"신림역 5번(신림동주민센터, 신림동별빛거리)",서울특별시 관악구 신림동길 25,37.4869110856636,126.925961842828,서울특별시 관악구 신림동 1459-1,8759,
MA010120220805728024,식껍도봉점,,3130151,신도봉시장,서울특별시 도봉구 도당로29길 65,37.6702069843416,127.042119894435,서울특별시 도봉구 도봉동 611-19,1349,
MA0101202308A0058997,청림무역,명동점,3120028,명동(명동거리),서울특별시 중구 명동8길 8-13,37.5631669880737,126.983882450993,서울특별시 중구 명동2가 54-11,4536,
MA010120220805023530,브레인오프,,3120098,DMC(디지털미디어시티),서울특별시 마포구 월드컵북로 396,37.5794967768422,126.889835609388,서울특별시 마포구 상암동 1605,3925,
MA0101202311A0032707,메가엠지씨커피상암누리꿈점,,3120098,DMC(디지털미디어시티),서울특별시 마포구 월드컵북로 396,37.5794967768422,126.889835609388,서울특별시 마포구 상암동 1605,3925,
MA0101202302A0073133,로리엔,,3120098,DMC(디지털미디어시티),서울특별시 마포구 월드컵북로 396,37.5794967768422,126.889835609388,서울특별시 마포구 상암동 1605,3925,
MA0101202406A0389486,이디야강일점,,3111090,강일동주민센터,서울특별시 강동구 아리수로93길 19,37.5653822838704,127.174117626539,서울특별시 강동구 강일동 675-3,5211,
MA010120220811736725,상생장,,3130090,청량리종합시장,서울특별시 동대문구 고산자로36길 38,37.5792708944327,127.040619534875,서울특별시 동대문구 제기동 997-1,2571,
MA010120220806305026,아크페브,,3110093,우사단길,서울특별시 용산구 우사단로10길 92,37.5319214473634,127.000373354745,서울특별시 용산구 보광동 265-984,4407,
MA010120220813924281,롱맥,,3110411,도봉역 3번,서울특별시 도봉구 도봉로164길 26,37.6756383666448,127.046192432643,서울특별시 도봉구 도봉동 625-8,1326,
MA010120220800363609,곰식，s카페,,3110763,영등포구청역 2번,서울특별시 영등포구 당산로31길 15,37.5266939466724,126.894924958362,서울특별시 영등포구 당산동3가 396,7261,
MA010120220804773103,카페앤원,,3130327,"평화시장(남평화시장, 제일평화시장, 신평화패션타운)",서울특별시 중구 마장로 13,37.5685104445619,127.011398547224,서울특별시 중구 신당동 775,4567,
MA010120220808829667,찰스앤다이애나,,3110229,장평중학교,서울특별시 동대문구 천호대로91길 57,37.5641655595795,127.069836094583,서울특별시 동대문구 장안동 444-2,2643,
MA0101202310A0034487,볼,,3110383,덕성여대시반거리,서울특별시 도봉구 삼양로142길 29,37.6511488851386,127.014164803952,서울특별시 도봉구 쌍문동 422-84,1368,
MA010120220812137493,카페보스코,,3120150,63빌딩,서울특별시 영등포구 63로 40,37.5195530640354,126.939209785472,서울특별시 영등포구 여의도동 61-3,7345,
MA0101202411A0141438,수·차Soo·茶,,3110021,성균관대학교,서울특별시 종로구 성균관로 21,37.5845216320382,126.997180887748,서울특별시 종로구 명륜2가 138-1,3073,
MA0101202411A0101015,카페더헤븐,,3110149,세종대학교,서울특별시 광진구 능동로23길 11-6,37.5522867839089,127.07573240775,서울특별시 광진구 군자동 300,4998,
MA010120220804386922,골든트리개발,,3110096,한남힐사이드아파트,서울특별시 용산구 한남대로40길 31,37.5432379622756,127.00345122446,서울특별시 용산구 한남동 788-6,4417,
MA010120220810312403,마이달량,,3110825,신대방삼거리역 1번,서울특별시 동작구 국사봉길 89,37.4960866176785,126.931392111346,서울특별시 동작구 상도동 289-22,7043,
MA010120220804759905,필요[FEELYO],,3110220,외대앞역 1번,서울특별시 동대문구 휘경로2길 5-2,37.5956331116428,127.061089843737,서울특별시 동대문구 이문동 305-74,2441,
MA010120220812627493,초이스1,,3120240,개롱역,서울특별시 송파구 오금로46길 22,37.495687165975,127.13487420192,서울특별시 송파구 가락동 174-27,5769,
MA010120220808912054,다온,,3110472,연신내역 4번,서울특별시 은평구 연서로24길 19,37.615317813864,126.920545285801,서울특별시 은평구 대조동 203-14,3386,
MA010120220804436640,아미람주,,3120106,마포역,서울특별시 마포구 마포대로 33,37.5400629304589,126.945506912993,서울특별시 마포구 도화동 555,4167,
MA010120220800622236,수보,,3120106,마포역,서울특별시 마포구 마포대로 33,37.5400629304589,126.945506912993,서울특별시 마포구 도화동 555,4167,
MA0101202307A0090384,호우주의보크로아상,,3110136,경수초등학교,서울특별시 성동구 성수이로16길 32,37.5401503992448,127.059924361202,서울특별시 성동구 성수동2가 269-202,4785,
MA010120220807833463,편한커피,,3110697,개봉3동주민센터,서울특별시 구로구 개봉로1나길 8,37.483942268597,126.853546411431,서울특별시 구로구 개봉동 367-32,8353,
MA010120220809775939,피프틴;스위티,,3120018,중림동,서울특별시 중구 청파로 453,37.5598480726138,126.967958738226,서울특별시 중구 중림동 473-5,4505,
MA010120220812272518,메가엠지씨삼양,시장점,3130132,삼양골목시장(삼양시장),서울특별시 강북구 삼양로54길 3,37.6247854282509,127.018724919281,서울특별시 강북구 미아동 775-42,1168,
MA010120220805190912,세영컴퍼니주,,3110936,더케이호텔(양재리본타워2단지아파트),서울특별시 서초구 매헌로6길 55,37.4661967978825,127.03523415724,서울특별시 서초구 양재동 204-6,6770,
MA010120220803434483,플래터스,,3110070,용산세무서,서울특별시 용산구 서빙고로24길 4,37.5239434275674,126.96867547942,서울특별시 용산구 한강로3가 65-425,4388,
MA010120220811812417,언차일드,,3120065,회기역,서울특별시 동대문구 회기로 194-1,37.5898325297705,127.057495857575,서울특별시 동대문구 휘경동 319-55,2446,
MA0101202310A0064700,닻별커피,,3110390,방학초등학교,서울특별시 도봉구 도당로9길 38,37.6629661326082,127.03253887809,서울특별시 도봉구 방학동 667,1357,
MA0101202409A0173867,온더테이블,,3111028,문현중학교(장지역 1번),서울특별시 송파구 새말로6길 15,37.4821807568267,127.127025982817,서울특별시 송파구 문정동 83-4,5810,
MA0101202302A0088674,욤카페,,3120232,송파나루역,서울특별시 송파구 백제고분로 438,37.5097124988486,127.112199419842,서울특별시 송파구 송파동 135-5,5662,
MA0101202305A0098074,라모카,,3120244,암사역,서울특별시 강동구 상암로5길 18,37.5511431322217,127.127391896226,서울특별시 강동구 암사동 502-13,5241,
MA0101202309A0040935,갤러리통,,3110008,배화여자대학교(박노수미술관),서울특별시 종로구 옥인길 23-1,37.5807059384728,126.967315816934,서울특별시 종로구 누상동 55,3037,
MA0106202309A1271125,벨가우프라,,3110912,방배동사이길,서울특별시 서초구 방배로42길 33,37.49462848255,126.990207140254,서울특별시 서초구 방배동 32-1,6584,
MA010120220813230155,신고서점휴게실,,3110383,덕성여대시반거리,서울특별시 도봉구 삼양로144길 21,37.6517525477748,127.014130922807,서울특별시 도봉구 쌍문동 422-62,1368,
MA010120220813963939,에그마카슈성수,,3130070,뚝섬역상점가,서울특별시 성동구 상원6나길 14,37.5482191404686,127.049576458854,서울특별시 성동구 성수동1가 13-309,4790,
MA010120220800678781,커피랩35,,3110024,혜회동주민센터,서울특별시 종로구 창경궁로35길 21,37.5869813634009,127.001766248926,서울특별시 종로구 혜화동 26-57,3076,
MA0101202406A0010092,하루시작,,3120069,상봉역,서울특별시 중랑구 망우로 322,37.5966701519385,127.088165356666,서울특별시 중랑구 상봉동 91-4,2149,
MA010120220808271574,서울도시재생사회적협동조합,,3120024,회현역,서울특별시 중구 퇴계로6길 35,37.5569493868749,126.979254907037,서울특별시 중구 회현동1가 150-1,4635,
MA010120220804111327,카페인,,3120242,강동구청역,서울특별시 강동구 성내로6길 15,37.5288660855566,127.122987062686,서울특별시 강동구 성내동 551-3,5399,
MA010120220811222741,양지,,3120146,한강성심병원,서울특별시 영등포구 버드나루로7길 3,37.5229765050196,126.910337694927,서울특별시 영등포구 영등포동2가 94-129,7249,
MA010120220806619618,애프터커피aftercoffee,,3110636,방화역 2번,서울특별시 강서구 방화대로45길 70,37.5744257960654,126.812503492388,서울특별시 강서구 방화동 452-2,7517,
MA010120220804940725,봉커피,,3120203,강남구청역,서울특별시 강남구 학동로 342,37.5166875305147,127.040596900467,서울특별시 강남구 논현동 241-3,6099,
MA010120220814321717,에잇티,,3120203,강남구청역,서울특별시 강남구 학동로 342,37.5166875305147,127.040596900467,서울특별시 강남구 논현동 241-3,6099,
MA0101202305A0037173,메가엠지씨커피고덕역점,,3120249,고덕역,서울특별시 강동구 동남로75길 13-15,37.5536232482962,127.155496355509,서울특별시 강동구 명일동 47-10,5269,
MA010120220808603912,레스카페RE'SCAFE,,3110129,성원어린이공원,서울특별시 성동구 상원12길 30,37.5500476961102,127.050686688752,서울특별시 성동구 성수동1가 13-214,4790,
MA010120220808261112,유노이아,,3110756,문래중학교,서울특별시 영등포구 선유서로 67,37.5220980690499,126.884456222243,서울특별시 영등포구 양평동2가 1-1,7278,
MA0101202210A0007203,마시그래이고대점,,3110313,안암역 3번,서울특별시 성북구 고려대로24길 56,37.58366208284,127.029311637035,서울특별시 성북구 안암동5가 104-121,2855,
MA010120220806381895,할리스가맹,응암점,3120087,응암역,서울특별시 은평구 증산로 475,37.5986458823057,126.915331388679,서울특별시 은평구 신사동 23-3,3449,
MA010120220806338737,아띠,,3120175,남부터미널역,서울특별시 서초구 효령로 304,37.4847344817979,127.017807990612,서울특별시 서초구 서초동 1445-3,6720,
MA010120220808614735,종로강남한의원식품사업부더쌍화,서초점,3120175,남부터미널역,서울특별시 서초구 효령로 304,37.4847344817979,127.017807990612,서울특별시 서초구 서초동 1445-3,6720,
MA0101202406A0450044,카페골목,,3120017,동묘앞역(동묘),서울특별시 종로구 종로 330,37.5722942721946,127.014602651235,서울특별시 종로구 창신동 330-3,3121,
MA010120220808673322,이달의커피,,3130232,독산동 맛나는거리상점가(독산동 맛나는거리),서울특별시 금천구 독산로75길 30,37.4692058425109,126.900815896278,서울특별시 금천구 독산동 196-16,8577,
MA010120220805724889,불광동커피공방,,3130163,응암오거리상점가,서울특별시 은평구 응암로13길 14,37.5894469855828,126.915647517131,서울특별시 은평구 응암동 590-23,3484,
MA010120220800626405,컬컴,,3130175,신촌 상인회(신촌상점가),서울특별시 서대문구 연세로4길 6,37.5569165658015,126.937346001647,서울특별시 서대문구 창천동 18-11,3779,
MA010120220812314120,미국의실수커피&크로플,,3130136,수유재래시장,서울특별시 강북구 도봉로71가길 11,37.6319206333235,127.022227346527,서울특별시 강북구 수유동 50-75,1114,
MA0101202306A0045182,로로카페청파로점,,3110069,숙대입구,서울특별시 용산구 청파로47길 34-2,37.5449636868735,126.968338529491,서울특별시 용산구 청파동2가 71-6,4309,
MA0101202305A0071076,헤세드,,3110069,숙대입구,서울특별시 용산구 청파로47길 34-2,37.5449636868735,126.968338529491,서울특별시 용산구 청파동2가 71-6,4309,
MA0101202411A0021833,카페잠깐,,3110643,강서구다솔마을,서울특별시 강서구 방화대로6라길 5,37.5552256123451,126.818278155078,서울특별시 강서구 공항동 1355-9,7645,
MA010120220809823219,블랙아웃,,3110141,건대입구역 1번,서울특별시 광진구 동일로24길 28,37.5435886650046,127.066558020265,서울특별시 광진구 화양동 44-14,5020,
MA010120220803064669,후암동커피,,3130059,후암시장,서울특별시 용산구 후암로35길 38,37.5497677953013,126.975895903963,서울특별시 용산구 후암동 115-4,4333,
MA010120220811238613,제일휴게음식점,,3120145,영등포역(영등포),서울특별시 영등포구 영중로 28,37.5188644514682,126.905863140728,서울특별시 영등포구 영등포동3가 7,7302,
MA0101202306A0014047,커피평안,,3110163,성자초등학교,서울특별시 광진구 자양로3길 26,37.5304493719828,127.084840361913,서울특별시 광진구 자양동 664-8,5102,
MA010120220813762705,우리모두협동조합,,3130018,동대문문구완구거리(동대문문구완구시장),서울특별시 종로구 종로54길 29-3,37.5711230159365,127.014296790457,서울특별시 종로구 창신동 390-5,3120,
MA010120220806281210,모찌네콩떡빙수,,3130125,장위전통시장,서울특별시 성북구 장위로40라길 21,37.6110987574493,127.051317033344,서울특별시 성북구 장위동 68-100,2770,
MA010120220812650265,55커피,,3130283,신원시장,서울특별시 관악구 관천로 29-1,37.4823709394225,126.927470061142,서울특별시 관악구 신림동 1587-24,8774,
MA010120220800362794,델리코,,3110760,선유도역 6번,서울특별시 영등포구 양평로21길 26,37.5362958257109,126.891833960812,서울특별시 영등포구 양평동5가 1-1,7207,
MA0101202305A0201948,매머드익스프레스선유도isbiz타워1차점,,3110760,선유도역 6번,서울특별시 영등포구 양평로21길 26,37.5362958257109,126.891833960812,서울특별시 영등포구 양평동5가 1-1,7207,
MA0101202409A0232258,파이어리,,3110668,화곡2동주민센터,서울특별시 강서구 곰달래로31가길 34,37.5320194658224,126.853237493498,서울특별시 강서구 화곡동 871-58,7750,
MA010120220803684321,철도공익복지재단,,3120065,회기역,서울특별시 동대문구 회기로 196,37.5897421701596,127.05802794675,서울특별시 동대문구 휘경동 317-101,2446,
MA0106202309A0044403,호호플,,3110535,영천시장입구,서울특별시 서대문구 독립문로 32,37.5692795001902,126.961276236067,서울특별시 서대문구 천연동 80-2,3744,
MA010120220813186010,엠지엠지MGMG)엠지엠지MGMG,,3111067,강동구립성내도서관,서울특별시 강동구 천호대로176길 52,37.532249210453,127.135460449774,서울특별시 강동구 성내동 386-52,5374,
MA010120220808627658,24시무인카페만월경상계,중앙점,3110424,상계초등학교,서울특별시 노원구 상계로9가길 34,37.6592030758425,127.067760405118,서울특별시 노원구 상계동 389-510,1684,
MA0101202210A0035506,잼아웃,,3110221,의릉,서울특별시 성북구 화랑로32길 163-1,37.6039405286036,127.060541727385,서울특별시 성북구 석관동 261-76,2788,
MA0101202406A0504586,써밋커피,,3130241,선유도역 골목형상점가,서울특별시 영등포구 양평로17길 9,37.5357141056967,126.896213453728,서울특별시 영등포구 양평동4가 51-1,7208,
MA0101202305A0141520,메가엠지씨커피서원역점,,3110876,서원동주민센터(신관중학교),서울특별시 관악구 신림로 272,37.4791210016735,126.932018139072,서울특별시 관악구 신림동 1641-90,8778,
MA010120220808591791,웰컴바뉴스,,3120102,서교동(홍대),서울특별시 마포구 동교로 142-16,37.5545620951604,126.917961609828,서울특별시 마포구 서교동 464-52,4030,
MA010120220805956172,올레무스,,3110506,연희임광아파트,서울특별시 서대문구 연희로5길 58,37.5654064243982,126.926042689265,서울특별시 서대문구 연희동 220-40,3716,
MA0101202406A0488511,힐링카페,,3120124,개봉동 현대아파트,서울특별시 구로구 개봉로 40,37.4891805933264,126.856374322843,서울특별시 구로구 개봉동 403-143,8333,
MA010120220802223009,카페배네거여역점,,3120241,거여역,서울특별시 송파구 오금로 513,37.4932233607969,127.145872388598,서울특별시 송파구 거여동 37,5768,
MA0101202406A0413184,히치커피,,3110132,성수2가3동주민센터,서울특별시 성동구 광나루로4가길 14,37.5492260996072,127.054477124376,서울특별시 성동구 성수동2가 299-46,4792,
MA010120220806607849,카페아이엠씨,,3001495,잠실 관광특구,서울특별시 송파구 위례성대로 28,37.515971480745,127.11530810402,서울특별시 송파구 방이동 45-4,5545,
MA010120220803719714,카페단홍,,3130095,청량리전통시장,서울특별시 동대문구 왕산로37길 50,37.5821799154922,127.043938279818,서울특별시 동대문구 청량리동 733,2573,
MA010120220807804112,테라스,,3120028,명동(명동거리),서울특별시 중구 명동4길 25,37.5624552315373,126.984108972242,서울특별시 중구 명동2가 53-1,4536,
MA010120220805024537,펠어커피,,3111026,문정역 2번,서울특별시 송파구 문정로4길 29,37.4837581004647,127.126485940906,서울특별시 송파구 문정동 89-10,5809,
MA0101202306A0055079,메가엠지씨커피수서역점,,3120224,수서역,서울특별시 강남구 광평로 280,37.4873217752786,127.103108980611,서울특별시 강남구 수서동 724,6367,
MA0106202201A0153565,커피빈더커피빈앤티리프,코리아,3120224,수서역,서울특별시 강남구 광평로 280,37.4873217752786,127.103108980611,서울특별시 강남구 수서동 724,6367,
MA0101202406A0166259,작업실301,,3110550,합정역 8번,서울특별시 마포구 양화로1길 58,37.5513126758288,126.909964259502,서울특별시 마포구 합정동 389-19,4025,
MA010120220800896750,커피엔드케이스,,3130151,신도봉시장,서울특별시 도봉구 도당로27길 60,37.6700181305465,127.041122333137,서울특별시 도봉구 도봉동 611,1349,
MA010120220803172229,샤크브이알카페,,3120225,잠실새내역(신천),서울특별시 송파구 백제고분로7길 31,37.5109353667494,127.082420420731,서울특별시 송파구 잠실동 182-5,5557,
MA010120220813541669,챔스빈,,3120094,"신촌역(신촌역, 신촌로터리)",서울특별시 서대문구 신촌로 87-12,37.5560601043214,126.936384737443,서울특별시 서대문구 창천동 30-45,3789,
MA010120220812477051,세이브팩토리,,3110056,신당역 3번,서울특별시 중구 퇴계로88가길 14,37.5633193967532,127.020961911165,서울특별시 중구 신당동 156-1,4583,
MA010120220808211732,DCAFE,동대문점,3130047,테크노상가(엘리시움),서울특별시 중구 마장로1가길 23,37.5690778497272,127.013504041692,서울특별시 중구 신당동 213,4568,
MA010120220807931716,플로라cafe,,3110487,불광역 8번,서울특별시 은평구 통일로68길 4,37.6121158530218,126.929280973278,서울특별시 은평구 불광동 268-5,3358,
MA010120220804208996,우림코스메틱,,3120181,교육개발원입구사거리,서울특별시 서초구 양재천로19길 52,37.4776387221073,127.038156370945,서울특별시 서초구 양재동 109,6753,
MA010120220813303407,언노운커피앤베이커리,,3120030,중부경찰서(영화인의거리),서울특별시 중구 수표로 23,37.5632037069799,126.990028393487,서울특별시 중구 저동2가 50-1,4552,
MA010120220807755149,분더바,,3110183,한국의류시험연구원,서울특별시 동대문구 왕산로9길 24,37.5782474673848,127.027837812231,서울특별시 동대문구 용두동 233-21,2579,
MA010120220813786743,메가엠지씨커피회기역점,,3120065,회기역,서울특별시 동대문구 회기로 194,37.589841605795,127.057359994073,서울특별시 동대문구 휘경동 319-1,2446,
MA010120220803343094,모스플레이스,,3120064,경희대학교(경희대),서울특별시 동대문구 경희대로3길 11,37.5926192013913,127.051870489653,서울특별시 동대문구 회기동 42-52,2454,
MA0106202301A0027087,레더라에쓰에프씨점(LADER,,3120023,서울시청,서울특별시 중구 세종대로 136,37.5684188927897,126.978255628283,서울특별시 중구 무교동 97,4520,
MA010120220808645884,조인커피,,3120235,문정역,서울특별시 송파구 법원로11길 7,37.4852881667069,127.119410502798,서울특별시 송파구 문정동 644-2,5836,
MA0101202303A0113857,류희크래프트갤러리카페,,3110687,"천왕역 3번(오류2동주민센터, 서울오류남초등학교)",서울특별시 구로구 오리로 1160,37.4877516322835,126.838274383641,서울특별시 구로구 오류동 182-17,8342,
MA0101202406A0574994,커피작업실카페포엠,,3120227,잠실역,서울특별시 송파구 올림픽로 265,37.5138664889338,127.101856028367,서울특별시 송파구 신천동 8,5510,
MA0101202409A0144201,메가커피잠실,지하점,3120227,잠실역,서울특별시 송파구 올림픽로 265,37.5138664889338,127.101856028367,서울특별시 송파구 신천동 8,5510,
MA010120220803189680,카페쥬얼,,3110062,한강로동땡땡거리(은행나무길),서울특별시 용산구 한강대로7길 10-11,37.5247705714311,126.962566275769,서울특별시 용산구 한강로3가 40-645,4379,
MA0106202403A0116887,제일푸드델리,,3110038,경향신문사,서울특별시 중구 새문안로 16,37.5664975867746,126.968555797646,서울특별시 중구 충정로1가 75-1,4516,
MA010120220808692432,리클랜,,3110038,경향신문사,서울특별시 중구 새문안로 16,37.5664975867746,126.968555797646,서울특별시 중구 충정로1가 75-1,4516,
MA0101202310A0004813,마켓Y,,3110082,용산구청,서울특별시 용산구 녹사평대로 150,37.5324526544478,126.990473729554,서울특별시 용산구 이태원동 34-87,4390,
MA010120220800565454,더웨이,,3110459,응암역 2번,서울특별시 은평구 갈현로4길 31,37.6009603361587,126.91382264416,서울특별시 은평구 역촌동 84-51,3420,
MA010120220812175206,밸류제1호제주피에프브이,,3110988,청담역 3번,서울특별시 강남구 삼성로122길 29,37.5185378749019,127.05477153587,서울특별시 강남구 삼성동 60-13,6085,
MA010120220806783515,픽업커피,대림점,3110781,대림한신아파트,서울특별시 영등포구 디지털로69가길 2,37.4941665067414,126.904118780252,서울특별시 영등포구 대림동 883-2,7429,
MA010120220808490374,카페차이장위뉴타운점,,3130123,꿈의숲 장곡 골목형상점가,서울특별시 성북구 돌곶이로 211,37.6184168662137,127.046281604346,서울특별시 성북구 장위동 216-2,2754,
MA0106202201A0153635,커피빈반포엘루체점,코리아,3110908,구반포역,서울특별시 서초구 신반포로 23,37.5017461489951,126.987231884444,서울특별시 서초구 반포동 1141,6502,
MA010120220813482374,오가다롯데몰,은평점,3120089,구파발역,서울특별시 은평구 통일로 1050,37.6375433442934,126.917904446409,서울특별시 은평구 진관동 63,3306,
MA010120220812877282,네임리스,,3110558,경성고등학교,서울특별시 마포구 성미산로13길 89,37.5648231035621,126.916048808521,서울특별시 마포구 성산동 4-9,3974,
MA0106202201A0605734,폴바셋언주로점,,3120195,성수대교남단,서울특별시 강남구 언주로 864,37.5274295867205,127.033927991558,서울특별시 강남구 신사동 636-4,6017,
MA0101202212A0045718,채움,,3130053,백학시장,서울특별시 중구 퇴계로88길 38,37.5640493359855,127.020203767018,서울특별시 중구 신당동 144-32,4578,
MA010120220806937978,밀리우드방,,3110564,홍대입구역 3번,서울특별시 마포구 동교로30길 17,37.5601529981946,126.925063212315,서울특별시 마포구 동교동 149-13,3985,
MA0106202201A0422226,다날에프앤비,,3120192,뱅뱅사거리,서울특별시 강남구 강남대로 308,37.4906691816352,127.031819460031,서울특별시 강남구 역삼동 837-36,6253,
MA0106202308A1391810,세상의커피동작점,,3110824,대방역 3번,서울특별시 동작구 노량진로 10,37.5123923484029,126.92727135755,서울특별시 동작구 대방동 340-3,6938,
MA010120220814330407,보스톤커피일반음식점,,3120147,보라매역,서울특별시 동작구 여의대방로 142,37.4997470133509,126.92069052271,서울특별시 동작구 대방동 400-1,7055,
MA0101202409A0153271,씨에프에스에스,,3110120,서울숲카페거리,서울특별시 성동구 서울숲2길 20-12,37.5467989425417,127.04073770092,서울특별시 성동구 성수동1가 685-449,4768,
MA0101202211A0050204,카페공방,,3130114,유영시장,서울특별시 중랑구 용마산로99길 13,37.5919508296854,127.097252043612,서울특별시 중랑구 망우동 530-1,2175,
MA010120220808570375,클로드커피,,3110576,대흥역 3번,서울특별시 마포구 백범로16안길 21,37.5464409433364,126.943250391976,서울특별시 마포구 대흥동 244-2,4149,
MA010120220811765731,스파웃커피,,3110362,우이천 계성교,서울특별시 강북구 노해로33길 49,37.6467148705498,127.021869157039,서울특별시 강북구 수유동 659-32,1045,
MA010120220803997682,눈부신스노우,,3110955,논현초등학교,서울특별시 강남구 봉은사로11길 43,37.5086630085473,127.028965598395,서울특별시 강남구 논현동 172-11,6116,
MA0101202210A0055823,줌까페복,,3130105,장미제일시장(중화동제일시장),서울특별시 중랑구 봉화산로3길 78,37.6050491404245,127.075491420346,서울특별시 중랑구 묵동 249-24,2012,
MA0101202209A0048265,형통커피,,3130013,동대문상가A동,서울특별시 종로구 청계천로 291,37.5700602782505,127.010063076915,서울특별시 종로구 창신동 436-79,3119,
MA0101202406A0160439,포뮬라커피컴퍼니,,3110087,이태원엔틱가구거리,서울특별시 용산구 보광로 104,37.5321375814135,126.994976667115,서울특별시 용산구 이태원동 100-33,4406,
MA010120220803770337,원웨이,,3110167,용마초등학교,서울특별시 광진구 천호대로119길 58,37.5574514837169,127.085991412696,서울특별시 광진구 중곡동 121-30,4924,
MA0101202310A0084828,파스쿠치마곡,중앙로점,3110648,양천향교역 7번,서울특별시 강서구 마곡중앙8로5길 63,37.5666164689068,126.838432286057,서울특별시 강서구 마곡동 782,7792,
MA010120220802958277,커피분의커피,,3110648,양천향교역 7번,서울특별시 강서구 마곡중앙8로5길 63,37.5666164689068,126.838432286057,서울특별시 강서구 마곡동 782,7792,
MA010120220800398537,포크라이언,,3130179,"이화여대 3,5,7길 상점가",서울특별시 서대문구 이화여대길 27,37.5581460323038,126.945640877482,서울특별시 서대문구 대현동 56-13,3766,
MA010120220803859398,카페다온,,3110500,남가좌동현대아파트,서울특별시 서대문구 모래내로15길 66,37.5744387327144,126.918924667969,서울특별시 서대문구 남가좌동 188-24,3710,
MA0101202209A0003106,다해,,3110563,상수역 3번,서울특별시 마포구 토정로11길 54-1,37.5461236677378,126.923821190621,서울특별시 마포구 상수동 331-19,4075,
MA0101202411A0175701,테이큰커피,,3120054,어린이대공원역,서울특별시 광진구 광나루로 386,37.5473423723644,127.072434417845,서울특별시 광진구 화양동 193,5009,
MA010120220809968333,엔티모루,,3110043,충무초등학교,서울특별시 중구 퇴계로50길 33-2,37.561059750581,127.001143136662,서울특별시 중구 묵정동 25-21,4618,
MA010120220804286060,외계인휴게소,,3130312,석촌시장,서울특별시 송파구 송파대로37길 51-4,37.5000679740586,127.106541812841,서울특별시 송파구 석촌동 321,5698,
MA0101202411A0072674,크로글커피,,3110410,방학역 2번,서울특별시 도봉구 도봉로152길 26,37.6692237489423,127.045270354777,서울특별시 도봉구 방학동 719-3,1332,
MA010120220812551779,카페브릿,,3110941,언남고등학교,서울특별시 서초구 마방로4길 17,37.473637202403,127.0412405984,서울특별시 서초구 양재동 251,6777,
MA010120220803229230,중용,,3110621,목동역 5번,서울특별시 양천구 오목로52길 15,37.5247109927909,126.867324788599,서울특별시 양천구 목동 408-72,8003,
MA0106202303A1149282,제이티에스컴퍼니,,3120074,안암역,서울특별시 성북구 고려대로 89,37.586283997758,127.029210767084,서울특별시 성북구 안암동5가 146-1,2842,
MA010120220800601741,디아모르,,3110459,응암역 2번,서울특별시 은평구 은평로3길 23,37.601006215232,126.914966338497,서울특별시 은평구 역촌동 84-1,3420,
MA010120220811993974,하늘향기,,3110838,상도1동주민센터앞,서울특별시 동작구 상도로55길 9,37.4972690490525,126.954403926444,서울특별시 동작구 상도동 485-12,6977,
MA010120220812581739,썰스티,,3110314,종암경찰서,서울특별시 성북구 종암로21길 53,37.6007709916328,127.032840173372,서울특별시 성북구 종암동 83-6,2803,
MA0101202409A0028614,카페시그널,,3120121,까치산역,서울특별시 강서구 곰달래로24길 12,37.5300200843955,126.846804039289,서울특별시 강서구 화곡동 899-4,7777,
MA010120220814345639,디엔에이벤처스제삼호,,3120212,한티역,서울특별시 강남구 도곡로 401,37.4969775190139,127.053263062858,서울특별시 강남구 대치동 937,6206,
MA010120220809700771,커피에반하다영등포로타리점,,3130257,영등포시장기계공구상가,서울특별시 영등포구 영등포로 259-1,37.5190030698624,126.910319825885,서울특별시 영등포구 영등포동2가 180-3,7252,
MA0101202406A0182646,디톡시영등포공원점,,3110808,신길역 1번,서울특별시 영등포구 영등포로62길 37,37.5161945693237,126.913852344246,서울특별시 영등포구 영등포동 571-8,7310,
MA0101202302A0108061,유유에스프레소,,3120064,경희대학교(경희대),서울특별시 동대문구 회기로19길 9,37.5920421753241,127.052753273333,서울특별시 동대문구 회기동 16-28,2453,
MA010120220810274904,성북동과일까페58.4,,3110285,홍대부중,서울특별시 성북구 성북로16길 4-13,37.5937027737874,127.001132312673,서울특별시 성북구 성북동 58-4,2836,
MA010120220805528350,유끼노하나,,3110232,동대부고,서울특별시 동대문구 장한로36길 10,37.5774264012611,127.072825810914,서울특별시 동대문구 장안동 312-9,2522,
MA0101202212A0010112,카페게이트신촌청년주택점,,3110568,광흥창역 1번,서울특별시 마포구 서강로 75-16,37.5495880892296,126.93129783675,서울특별시 마포구 창전동 450,4065,
MA010120220809580684,씨렉트커피,,3120110,목동역 8번출구,서울특별시 양천구 오목로 211,37.5258207859433,126.860851872716,서울특별시 양천구 신정동 903-25,7945,
MA010120220803778836,플레이그라운드,,3130066,행당시장상점가,서울특별시 성동구 무학봉28길 18,37.5615594804402,127.033785006694,서울특별시 성동구 행당동 286-20,4715,
MA010120220813316825,뮤지엄가든,,3110286,한성대입구역 5번,서울특별시 성북구 성북로5길 37-2,37.5893149146947,127.002785325645,서울특별시 성북구 성북동1가 106-49,2880,
MA010120220812517750,카핏,,3130294,관악중부시장,서울특별시 관악구 관악로 234,37.484962004215,126.956299624775,서울특별시 관악구 봉천동 36-14,8737,
MA010120220802906010,정상F&B,,3130157,상계중앙시장,서울특별시 노원구 한글비석로29길 31,37.6603823321476,127.069529463069,서울특별시 노원구 상계동 389-607,1682,
MA0101202406A0075716,감성커피이수역점,,3120156,"총신대입구역(이수, 총신대)",서울특별시 동작구 동작대로25길 6,37.4865183828191,126.981569704836,서울특별시 동작구 사당동 708-595,7008,
MA010120220800251079,클로리스(CHLORISCo.，Ltd)주,,3120197,역삼역,서울특별시 강남구 테헤란로 146,37.5000205872765,127.035487532344,서울특별시 강남구 역삼동 736-6,6236,
MA010120220806628410,카페로마,,3110282,국민대학교앞,서울특별시 성북구 정릉로10길 56,37.6075059551979,126.999297836431,서울특별시 성북구 정릉동 900-2,2812,
MA010120220803497620,로뎀나무카페,,3110051,한양공고앞 교차로,서울특별시 중구 청구로22길 21,37.5632757036132,127.010911053265,서울특별시 중구 신당동 304-253,4613,
MA010120220809307330,주원디케이청춘124남영,1호점,3120042,"숙대입구역(남영역, 남영동)",서울특별시 용산구 한강대로 271,37.542414880737,126.972413138852,서울특별시 용산구 갈월동 92-14,4321,
MA010120220800680354,카브,,3110619,목4동주민센터,서울특별시 양천구 목동중앙로1길 19,37.531476669816,126.866577414285,서울특별시 양천구 목동 803-9,7967,
MA0101202310A0085370,카페플라토스,,3110794,영동초등학교,서울특별시 영등포구 버드나루로14가길 19,37.5274894387069,126.908918155232,서울특별시 영등포구 당산동 121-27,7230,
MA010120220804422062,커핀그루나루,,3120225,잠실새내역(신천),서울특별시 송파구 올림픽로12길 8,37.5109981838922,127.082782429586,서울특별시 송파구 잠실동 182-2,5557,
MA010120220803399157,뜰과다원,,3120008,인사동,서울특별시 종로구 인사동8길 6-4,37.573636805716,126.985815929877,서울특별시 종로구 관훈동 15-3,3148,
MA0101202311A0017568,천사의눈물,,3130146,쌍문시장(쌍문역골목시장),서울특별시 도봉구 노해로60길 65,37.6485050414744,127.033699706487,서울특별시 도봉구 쌍문동 88-108,1443,
MA010120220808469046,디디카페,,3110776,도신초등학교,서울특별시 영등포구 대림로34마길 4,37.4997947876287,126.900481418607,서울특별시 영등포구 대림동 684-20,7401,
MA010120220808259797,신이1981,,3120103,홍대입구역(홍대),서울특별시 마포구 잔다리로 20-12,37.5514647257656,126.920986572063,서울특별시 마포구 서교동 367-31,4042,
MA010120220800986700,라빈느,,3110881,구립대학경로당(관악산샘말공원),서울특별시 관악구 신림로17길 57,37.4682212219653,126.936402724879,서울특별시 관악구 신림동 1542-11,8819,
MA010120220800211797,로비,,3110543,중암중학교,서울특별시 마포구 성암로9안길 28,37.5731646842614,126.902217710154,서울특별시 마포구 중동 77-35,3934,
MA0101202406A0565921,위즈포트,,3110126,서울숲역 1번,서울특별시 성동구 왕십리로6길 21,37.5456612826844,127.047187119434,서울특별시 성동구 성수동1가 10-1,4778,
MA0101202210A0097828,세컨드랠리살롱,,3110729,가산동우체국,서울특별시 금천구 남부순환로 1282,37.4785606396518,126.893138251583,서울특별시 금천구 가산동 146-84,8528,
MA010120220812938055,메가엠지씨커피매봉초점,,3110691,개봉중학교,서울특별시 구로구 고척로21나길 14,37.5029244504139,126.844902893749,서울특별시 구로구 개봉동 33-157,8251,
MA010120220804019811,삼원,,3120012,대학로(혜화역),서울특별시 종로구 대학로11길 9-3,37.5822061060416,127.001256673768,서울특별시 종로구 명륜4가 103-5,3079,
MA0101202406A0296236,휘릭hwiric,,3110636,방화역 2번,서울특별시 강서구 방화대로45길 51,37.5742023768145,126.813658708646,서울특별시 강서구 방화동 448-7,7517,
MA0101202411A0117053,더프루티x솔다온차연구소,,3120131,가산디지털단지,서울특별시 금천구 가산디지털1로 131,37.477045563572,126.882207993779,서울특별시 금천구 가산동 371-17,8506,
MA010120220808717166,커피앤드케이스쌍문점,,3110392,발바닥공원,서울특별시 도봉구 해등로26길 7,37.6584431872604,127.032604901746,서울특별시 도봉구 쌍문동 215-1,1387,
MA010120220805150882,소담담,,3130115,우림골목시장,서울특별시 중랑구 용마산로115길 45,37.5985005890734,127.097792788896,서울특별시 중랑구 망우동 469-75,2166,
MA010120220800359297,셰이드트리,,3110763,영등포구청역 2번,서울특별시 영등포구 당산로31길 21,37.5267923190953,126.894098971347,서울특별시 영등포구 당산동3가 396-1,7261,
MA0101202212A0069160,연남다방,,3110564,홍대입구역 3번,서울특별시 마포구 연희로1길 36,37.5604687687828,126.925730663541,서울특별시 마포구 동교동 113-25,3985,
MA0101202309A0014030,마리커피1986,,3110527,홍제역 2번,서울특별시 서대문구 세무서2길 16,37.5887712178172,126.946456468828,서울특별시 서대문구 홍제동 215,3630,
MA010120220808094293,마리웨이237,,3120098,DMC(디지털미디어시티),서울특별시 마포구 월드컵북로 400,37.5804518814118,126.889890807702,서울특별시 마포구 상암동 1602,3925,
MA010120220805113195,강남타이야키코히,,3120220,대치역,서울특별시 강남구 남부순환로 2942,37.4936393644468,127.062318401409,서울특별시 강남구 대치동 507-1,6291,
MA0101202303A0007248,디에떼지앤씨글로벌,,3120051,뚝섬역,서울특별시 성동구 상원1길 26,37.5461292934384,127.048443482224,서울특별시 성동구 성수동1가 656-591,4779,
MA010120220800067416,보령중보재단,,3120010,원남동사거리,서울특별시 종로구 창경궁로 136,37.5745025956326,126.997985001023,서울특별시 종로구 원남동 66-21,3127,
MA010120220806376535,아사르,,3110498,증산역 1번,서울특별시 서대문구 불광천길 264,37.5858320524351,126.912956976828,서울특별시 서대문구 북가좌동 340-38,3676,
MA0101202406A0517292,요거푸드,,3110770,영등포구청역 6번,서울특별시 영등포구 당산로16길 9-7,37.5228034663413,126.897023208385,서울특별시 영등포구 당산동1가 426-3,7265,
MA0101202406A0172734,요거요거,,3110770,영등포구청역 6번,서울특별시 영등포구 당산로16길 9-7,37.5228034663413,126.897023208385,서울특별시 영등포구 당산동1가 426-3,7265,
MA010120220810096332,오르소129,,3110077,삼광초등학교,서울특별시 용산구 두텁바위로1길 107,37.5488487837518,126.975930148917,서울특별시 용산구 후암동 129,4333,
MA0101202406A0175021,누메,,3110506,연희임광아파트,서울특별시 서대문구 연희로5길 72,37.5657482821279,126.925216072206,서울특별시 서대문구 연희동 220-24,3716,
MA010120220814228774,해피디아망,,3110418,광운대학교 남단,서울특별시 노원구 광운로2길 6,37.6181056327433,127.057427007437,서울특별시 노원구 월계동 472-45,1899,
MA010120220803548354,블루샥서울,시청점,3120022,북창동(시청역_6번),서울특별시 중구 세종대로 78,37.5631478193116,126.976955532828,서울특별시 중구 태평로2가 68-7,4526,
MA010120220812852111,티피지리테일,,3110131,성수동카페거리,서울특별시 성동구 연무장길 33,37.5431629207774,127.053284587167,서울특별시 성동구 성수동2가 316-59,4782,
MA0101202411A0075498,카페앨리,,3110921,서울프랑스학교,서울특별시 서초구 서래로5길 30,37.4979895913678,126.996494315724,서울특별시 서초구 반포동 107-32,6575,
MA010120220804058144,티피이서울,,3110962,도산공원북측,서울특별시 강남구 압구정로46길 42,37.5260054596343,127.03577134702,서울특별시 강남구 신사동 645-24,6020,
MA010120220800618253,끼리끼리,,3110199,홍릉시장,서울특별시 동대문구 홍릉로 49-6,37.5846668782856,127.043339688371,서울특별시 동대문구 청량리동 617,2483,
MA0101202406A0453657,호호제과,,3130146,쌍문시장(쌍문역골목시장),서울특별시 도봉구 노해로60길 68,37.6484600728943,127.033416400315,서울특별시 도봉구 쌍문동 94-46,1443,
MA010120220810543614,샵힘이나는커피생활노원,로데오점,3120081,노원역,서울특별시 노원구 노해로81길 16,37.6556378998709,127.06286151499,서울특별시 노원구 상계동 616-4,1695,
MA0101202307A0047253,제이시즌,,3110572,서강대역 1번,서울특별시 마포구 광성로 41-3,37.5500420155782,126.937464921672,서울특별시 마포구 신수동 93-211,4094,
MA010120220806386903,초연,,3110560,마포FM,서울특별시 마포구 월드컵북로8길 23,37.5595629862087,126.918476753044,서울특별시 마포구 연남동 487-410,3986,
MA010120220811229427,홀리앤졸리홍대,,3130191,홍대 걷고싶은 거리,서울특별시 마포구 와우산로27길 64,37.5553688357849,126.92527171499,서울특별시 마포구 서교동 347-15,4053,
MA010120220804867315,메가엠지씨커피대치역점,,3120220,대치역,서울특별시 강남구 삼성로 155,37.49393637894,127.062917974632,서울특별시 강남구 대치동 507-2,6291,
MA010120220805129934,커피브라더이수역점,,3110907,방배초등학교,서울특별시 서초구 방배중앙로15길 30,37.4879246446376,126.986702801569,서울특별시 서초구 방배동 828-30,6564,
MA0101202406A0010881,샤넬,,3120238,방이역,서울특별시 송파구 위례성대로18길 29,37.5097715680544,127.12514995043,서울특별시 송파구 방이동 206-5,5639,
MA010120220811057981,이츠이츠베트남커피경희대점,,3120064,경희대학교(경희대),서울특별시 동대문구 회기로21길 25,37.5926276420856,127.053149990286,서울특별시 동대문구 회기동 16-10,2453,
MA0106202201A0598288,삼원섿,,3120012,대학로(혜화역),서울특별시 종로구 대학로11길 9-3,37.5821790762351,127.001256673313,서울특별시 종로구 명륜4가 103-5,3079,
MA0106202407A0579481,삼원J,,3120012,대학로(혜화역),서울특별시 종로구 대학로11길 9-3,37.5821790762351,127.001256673313,서울특별시 종로구 명륜4가 103-5,3079,
MA010120220803518998,포치나라주,,3120030,중부경찰서(영화인의거리),서울특별시 중구 수표로 12,37.5622757288093,126.990617072341,서울특별시 중구 충무로3가 59-23,4554,
MA0101202409A0179609,카페그리다꿈,,3120102,서교동(홍대),서울특별시 마포구 동교로18길 5,37.5548406044469,126.916818263171,서울특별시 마포구 서교동 464-40,4030,
MA010120220810077401,커피순,,3120064,경희대학교(경희대),서울특별시 동대문구 경희대로 3-1,37.5919883825101,127.052153123477,서울특별시 동대문구 회기동 16-68,2454,
MA0101202311A0010864,요커리저브청담점,,3110982,강남구보훈회관,서울특별시 강남구 봉은사로71길 44,37.5150715233367,127.04905682892,서울특별시 강남구 삼성동 25-9,6094,
MA010120220813832725,뚝도청춘상인회협동조합,,3130073,뚝도시장,서울특별시 성동구 성덕정15길 4-4,37.5379638917155,127.053857936742,서울특별시 성동구 성수동2가 335-111,4775,
MA0101202305A0074901,더벤티잠실파크리오점,,3111011,잠실나루역,서울특별시 송파구 올림픽로 435,37.5213601116758,127.104965751666,서울특별시 송파구 신천동 17,5507,
MA0106202409A0037614,메가엠지씨커피잠실초점,,3111011,잠실나루역,서울특별시 송파구 올림픽로 435,37.5213601116758,127.104965751666,서울특별시 송파구 신천동 17,5507,
MA010120220804277093,카페크링,,3111011,잠실나루역,서울특별시 송파구 올림픽로 435,37.5213601116758,127.104965751666,서울특별시 송파구 신천동 17,5507,
MA010120220810020139,카페와나카,,3111011,잠실나루역,서울특별시 송파구 올림픽로 435,37.5213601116758,127.104965751666,서울특별시 송파구 신천동 17,5507,
MA0106202303A2113857,산체스커피로스터스,홍대점,3110565,홍익대,서울특별시 마포구 와우산로 126,37.5532708817154,126.927469308666,서울특별시 마포구 창전동 6-134,4059,
MA010120220800282628,더브라운이태원점,,3001491,이태원 관광특구,서울특별시 용산구 이태원로 176-1,37.534281897115,126.993596198612,서울특별시 용산구 이태원동 128-2,4391,
MA0106202201A0422200,달콤커피여의도더디자이너스호텔점,,3120148,국회의사당역(국회의사당),서울특별시 영등포구 국회대로68길 24,37.5282453836257,126.920128638739,서울특별시 영등포구 여의도동 15-13,7237,
MA010120220800458405,공리로스팅팩토리,,3111021,방이역 4번,서울특별시 송파구 양재대로71길 32,37.5114492178492,127.123456149143,서울특별시 송파구 방이동 193-24,5637,
MA0101202409A0035595,바닐라숲,,3110615,신서초등학교,서울특별시 양천구 중앙로32길 67,37.5204328996455,126.860941063066,서울특별시 양천구 신정동 1021-7,8087,
MA0101202411A0075206,파우즈염창역,본점,3110626,양화초등학교,서울특별시 양천구 목동중앙북로16길 43,37.5441798854303,126.873977828402,서울특별시 양천구 목동 536-9,7971,
MA010120220809830556,메가엠지씨커피경희대점,,3120064,경희대학교(경희대),서울특별시 동대문구 경희대로 18,37.5929881709032,127.052855848242,서울특별시 동대문구 회기동 31-1,2453,
MA010120220812273777,라벨플레르,,3110663,우장산롯데캐슬아파트앞,서울특별시 강서구 공항대로 382,37.554639304962,126.849865887705,서울특별시 강서구 화곡동 1145,7648,
MA010120220804948719,선혜원,,3120001,서대문역,서울특별시 서대문구 통일로 139,37.566776005488,126.965375027812,서울특별시 서대문구 냉천동 251,3735,
MA010120220802858974,카페몰리,,3120001,서대문역,서울특별시 서대문구 통일로 139,37.566776005488,126.965375027812,서울특별시 서대문구 냉천동 251,3735,
MA010120220800171883,라움에프앤씨(RaumF&CInc)주,,3120027,명동역(명동재미로),서울특별시 중구 소공로 48,37.5598151663562,126.983068277287,서울특별시 중구 회현동2가 10-1,4631,
MA010120220812214717,계동13,,3110018,중앙고등학교,서울특별시 종로구 계동길 119-1,37.5825747666798,126.986663342391,서울특별시 종로구 계동 13,3056,
MA0101202305A0008297,앰에스종합건설,,3110766,대림역 5번,서울특별시 영등포구 대림로31가길 13,37.4956108028655,126.896619533715,서울특별시 영등포구 대림동 726-7,7414,
MA010120220804790540,어반아트박스,,3110658,화곡초등학교,서울특별시 강서구 초록마을로 9-6,37.5447230620556,126.845778175528,서울특별시 강서구 화곡동 24-204,7679,
MA010120220800905116,제주스gfc몰점,,3120197,역삼역,서울특별시 강남구 테헤란로 152,37.5000202771389,127.036505339012,서울특별시 강남구 역삼동 737,6236,
MA010120220811836784,하우점,역삼역,3120197,역삼역,서울특별시 강남구 테헤란로 152,37.5000202771389,127.036505339012,서울특별시 강남구 역삼동 737,6236,
MA0101202209A0044030,레드애플강남파이낸스,센터점,3120197,역삼역,서울특별시 강남구 테헤란로 152,37.5000202771389,127.036505339012,서울특별시 강남구 역삼동 737,6236,
MA010120220805507078,엠티엘컴퍼니,,3110091,리움미술관,서울특별시 용산구 이태원로49길 24,37.5371292291084,126.999060890946,서울특별시 용산구 한남동 743-8,4348,
MA0101202305A0023700,달리는커피홍제역점,,3110522,홍제역 3번,서울특별시 서대문구 통일로37길 27,37.586995246246,126.944261251786,서울특별시 서대문구 홍제동 315-31,3646,
MA010120220810266130,브리즈커피살롱,,3110072,열정도,서울특별시 용산구 백범로87길 25,37.5386746884596,126.96826198522,서울특별시 용산구 원효로1가 57-10,4315,
MA0101202212A0077510,카페위고위고,,3110115,상왕십리역 3번,서울특별시 성동구 무학로6길 7,37.5654165232841,127.030945718833,서울특별시 성동구 홍익동 373-3,4707,
MA0101202307A0041897,캔하이브,,3130183,상암동상점가,서울특별시 마포구 월드컵북로44길 50,37.5769065321386,126.894899723774,서울특별시 마포구 상암동 16-5,3930,
MA010120220807656355,오에이치유베이커리,,3130159,공릉동 도깨비시장,서울특별시 노원구 동일로178길 39-30,37.6221761691886,127.076675462386,서울특별시 노원구 공릉동 586-7,1847,
MA0106202201A0605699,폴바셋서울세관,사거리점,3120196,서울세관,서울특별시 강남구 언주로 702,37.5158241353909,127.035743864069,서울특별시 강남구 논현동 115-13,6061,
MA010120220800980913,엣홈,,3120158,녹두거리(대학동),서울특별시 관악구 신림로15길 9,37.4697985092451,126.937373567804,서울특별시 관악구 신림동 1517-7,8813,
MA010120220808527184,컵오브커피창2동점,,3130149,창동신창시장,서울특별시 도봉구 덕릉로59가길 22,37.6397281717905,127.037933201931,서울특별시 도봉구 창동 581-6,1470,
MA0101202311A0073843,메가엠지씨커피송정역점,,3120116,송정역,서울특별시 강서구 공항대로 28,37.56114159222,126.810284469245,서울특별시 강서구 공항동 53-41,7623,
MA0101202409A0181917,딱따구리커피샾,,3120156,"총신대입구역(이수, 총신대)",서울특별시 동작구 동작대로27가길 36,37.486013721417,126.980959258728,서울특별시 동작구 사당동 145-11,7008,
MA0101202302A0099640,버즈소,,3120138,당산2동(영등포우체국),서울특별시 영등포구 당산로35길 8,37.5290654113444,126.897003287185,서울특별시 영등포구 당산동4가 73-13,7219,
MA010120220811703399,플래그로,,3110561,상수역 4번,서울특별시 마포구 와우산로3길 37,37.5457163217062,126.920936060343,서울특별시 마포구 당인동 30-3,4074,
MA0101202406A0046404,소연이네,,3130165,"대림골목시장(대림시장, 양지시장)",서울특별시 은평구 응암로4길 17,37.5865016261516,126.916896264507,서울특별시 은평구 응암동 603-30,3478,
MA010120220810409182,씨엔에이커피.알콜,,3110477,은평세무서,서울특별시 은평구 은평로13길 11-10,37.6022203078924,126.924941765984,서울특별시 은평구 녹번동 156-11,3459,
MA010120220800516182,플레인하우스,,3110529,홍제3동주민센터,서울특별시 서대문구 문화촌길 14,37.593141711708,126.947981948162,서울특별시 서대문구 홍제동 274-64,3622,
MA010120220800026630,브라운팩토리,,3120062,신설동역,서울특별시 동대문구 천호대로 15,37.5748693239584,127.025232891615,서울특별시 동대문구 신설동 102-12,2582,
MA0101202209A0071591,카페로제,,3110566,경의선책거리,서울특별시 마포구 와우산로29길 40-18,37.5557220433512,126.92820256242,서울특별시 마포구 서교동 328-39,4052,
MA0101202411A0073239,은지세,,3110174,아차산역 1번,서울특별시 광진구 자양로51길 69,37.5553309316705,127.090289555606,서울특별시 광진구 중곡동 96-1,4952,
MA0101202409A0087427,몬티커피,,3110501,연희어린이공원,서울특별시 서대문구 성산로 273,37.5670787240678,126.920573914112,서울특별시 서대문구 연희동 446-170,3706,
MA0101202311A0036699,바벤티K-foodcafe,,3120130,구로디지털단지역,서울특별시 구로구 디지털로32길 91,37.4831710636995,126.900311262584,서울특별시 구로구 구로동 1124-22,8391,
MA010120220810824365,두성디앤씨,,3110121,한양대역 4번,서울특별시 성동구 왕십리로 231,37.5573493124292,127.041648853679,서울특별시 성동구 행당동 28-23,4764,
MA010120220813816827,홀로세,,3110537,충정로현대아파트,서울특별시 서대문구 충정로5길 22,37.5628289218344,126.962999979738,서울특별시 서대문구 충정로3가 179-1,3737,
MA0101202406A0452149,위너스커피,,3110415,수락산역 4번,서울특별시 노원구 동일로239길 30,37.6752208775893,127.053390217593,서울특별시 노원구 상계동 1102-4,1609,
MA010120220803648346,샘커피숍,,3110201,전농119안전센터,서울특별시 동대문구 황물로 1,37.5765569298992,127.045995311936,서울특별시 동대문구 전농동 643-4,2591,
MA010120220812117924,베이크드글로잉,,3111067,강동구립성내도서관,서울특별시 강동구 양재대로97길 32,37.5315014074616,127.135436469912,서울특별시 강동구 성내동 388-22,5375,
MA010120220800250361,앤하우스,,3120104,연남동(홍대),서울특별시 마포구 월드컵북로4길 81,37.5595298598489,126.922811564191,서울특별시 마포구 동교동 197-42,3993,
MA010120220812603454,명성더에스오피,,3120021,시청역_8번,서울특별시 중구 세종대로 55,37.5616247320034,126.974975304706,서울특별시 중구 태평로2가 150,4513,
MA0101202406A0215248,커피도있다,,3110783,영등포시장역 1번,서울특별시 영등포구 국회대로 632,37.5253863559982,126.904180653461,서울특별시 영등포구 영등포동7가 63-18,7245,
MA010120220814017443,인더카페,,3111064,둔촌동역 4번,서울특별시 강동구 양재대로89길 74,37.5276044421679,127.131571650049,서울특별시 강동구 성내동 423-18,5403,
MA010120220813494594,24시무인카페RO,,3110667,가양역 10번,서울특별시 강서구 양천로 470,37.5620668206943,126.852488154611,서울특별시 강서구 등촌동 717,7575,
MA0101202211A0032661,알토젤라또카페,,3111020,방이동고분군(방산고등학교),서울특별시 송파구 오금로 235,37.5068127352327,127.119874558728,서울특별시 송파구 방이동 227-4,5644,
MA010120220806945882,달리셔스,,3120198,구역삼세무서,서울특별시 강남구 역삼로 168,37.4949923322236,127.037554554763,서울특별시 강남구 역삼동 790-1,6248,
MA0101202409A0046525,카페에이치,,3130295,인헌시장(원당종합시장),서울특별시 관악구 인헌6길 15,37.4737746315448,126.965904091719,서울특별시 관악구 봉천동 1639-1,8797,
MA010120220809592492,카페오엑스오,,3120014,종로5가역,서울특별시 종로구 대학로 3,37.571502286576,127.00175456355,서울특별시 종로구 효제동 329-2,3129,
MA010120220809955410,요고요고,,3110220,외대앞역 1번,서울특별시 동대문구 휘경로 18,37.5955967124737,127.061780542114,서울특별시 동대문구 이문동 305-63,2441,
MA010120220806883318,유별커피,,3110843,사당5동주민센터,서울특별시 동작구 사당로 172,37.4864974362994,126.967888329343,서울특별시 동작구 사당동 213-25,7030,
MA010120220811429195,인얼스커피,,3120073,미아사거리,서울특별시 성북구 동소문로 315,37.6084034464938,127.028743750536,서울특별시 성북구 길음동 20-1,2730,
MA010120220809597699,디엔에이벤처스제삼호,,3120073,미아사거리,서울특별시 성북구 동소문로 315,37.6084034464938,127.028743750536,서울특별시 성북구 길음동 20-1,2730,
MA0101202406A0511702,하우스파티쉐리,,3120073,미아사거리,서울특별시 성북구 동소문로 315,37.6084034464938,127.028743750536,서울특별시 성북구 길음동 20-1,2730,
MA010120220803932739,밀탑주,미아점,3120073,미아사거리,서울특별시 성북구 동소문로 315,37.6084034464938,127.028743750536,서울특별시 성북구 길음동 20-1,2730,
MA010120220804410521,밀크밤홍제,본점,3110521,홍제역 4번,서울특별시 서대문구 통일로39길 28,37.5879406223362,126.94286790979,서울특별시 서대문구 홍제동 308-213,3637,
MA0101202310A0062016,크레인디앤이,,3110938,바우뫼공원,서울특별시 서초구 양재천로 69,37.4749900959611,127.037081031143,서울특별시 서초구 양재동 120-4,6754,
MA010120220813693736,하우신림역점,,3120157,신림역(신림),서울특별시 관악구 남부순환로 1614,37.4842194193493,126.9298087365,서울특별시 관악구 신림동 1467-10,8777,
MA0106202201A0636245,탐앤탐스고대점,,3110313,안암역 3번,서울특별시 성북구 고려대로24길 63,37.5833736858637,127.029628527689,서울특별시 성북구 안암동5가 104-117,2856,
MA0101202409A0007720,커피썸,,3110139,자양4동주민센터,서울특별시 광진구 동일로4길 50-2,37.5357336074931,127.063541420202,서울특별시 광진구 자양동 52-163,5084,
MA0101202306A0069962,커피사피엔스시청,태평로점,3120022,북창동(시청역_6번),서울특별시 중구 세종대로 74-1,37.562796424075,126.976921685722,서울특별시 중구 태평로2가 69-20,4526,
MA010120220806669026,두란노커피,,3130324,길동복조리시장,서울특별시 강동구 천중로52길 27,37.5395552747429,127.143959859406,서울특별시 강동구 길동 355-6,5344,
MA010120220804692550,퍼스트원광고,,3110955,논현초등학교,서울특별시 강남구 논현로119길 47,37.5084105503553,127.029678045363,서울특별시 강남구 논현동 178-3,6117,
MA010120220813917085,행복커피호프,,3110858,신대방역 1번,서울특별시 관악구 신사로 104,37.4871191921886,126.913953585123,서울특별시 관악구 신림동 517-3,8702,
MA010120220808184646,지알레빗,,3120245,둔촌역,서울특별시 강동구 양재대로89길 16,37.5269341440671,127.134726805059,서울특별시 강동구 성내동 428-2,5404,
MA010120220803032746,로펠로세라,,3120105,상수역(홍대),서울특별시 마포구 와우산로 39-14,37.5482761172668,126.922381836543,서울특별시 마포구 상수동 145-13,4049,
MA010120220812991425,블링스타,,3110191,고려대역 6번,서울특별시 동대문구 제기로5길 34,37.5878050276939,127.035246111557,서울특별시 동대문구 제기동 136-152,2473,
MA010120220808276846,오버슬로우,,3110502,남가좌파출소,서울특별시 서대문구 가재울로10길 25,37.5764952819558,126.922318593638,서울특별시 서대문구 남가좌동 64-44,3692,
MA010120220804806892,커피마마퀸E편한세상,독산점,3130231,독산동 우시장,서울특별시 금천구 범안로 1212,37.4661115175872,126.896321051603,서울특별시 금천구 독산동 1007-13,8603,
MA010120220812606359,공간A.B.C,,3130231,독산동 우시장,서울특별시 금천구 범안로 1212,37.4661115175872,126.896321051603,서울특별시 금천구 독산동 1007-13,8603,
MA010120220807370517,더아담서울대입구역,,3120159,서울대입구역,서울특별시 관악구 남부순환로 1822,37.4811493314006,126.952649968678,서울특별시 관악구 봉천동 979-1,8787,
MA010120220809321967,달;꽃이피다,,3110190,고대앞사거리,서울특별시 동대문구 제기로4길 17,37.5855439598405,127.033795843494,서울특별시 동대문구 제기동 67-181,2475,
MA010120220807019110,로스팅카페,,3130262,상도도깨비 골목형상점가,서울특별시 동작구 상도로22길 32,37.5019192791454,126.937052708861,서울특별시 동작구 상도동 194-22,6959,
MA010120220812400933,샌프란시스코커피,,3110126,서울숲역 1번,서울특별시 성동구 왕십리로4가길 2-9,37.5452834067581,127.04580635387,서울특별시 성동구 성수동1가 656-1053,4778,
MA010120220811658843,시나본,,3110821,보라매역 2번,서울특별시 동작구 여의대방로22아길 22,37.4965776516771,126.924007248409,서울특별시 동작구 신대방동 360-17,7058,
MA010120220808578009,단백하다,,3130148,방학동도깨비시장,서울특별시 도봉구 도당로13길 25,37.6657404695807,127.034931575977,서울특별시 도봉구 방학동 632-54,1357,
MA0101202301A0095511,디어,,3130261,성대전통시장(성대시장),서울특별시 동작구 상도로12길 1-4,37.4992665327476,126.930303552551,서울특별시 동작구 상도동 324-41,7041,
MA010120220812953872,카페마달,,3111013,송파나루역 1번(송리단길),서울특별시 송파구 백제고분로45길 23-5,37.5098779681821,127.108682118576,서울특별시 송파구 송파동 39-19,5622,
MA0101202411A0075326,앙코르,,3110976,언북초등학교,서울특별시 강남구 도산대로78길 32,37.5222627207673,127.04609770893,서울특별시 강남구 청담동 13-20,6063,
MA0101202311A0076635,페트리코파트너스창경궁점,,3110025,충신시장옆,서울특별시 종로구 율곡로 236,37.5754035180213,127.004596064271,서울특별시 종로구 충신동 60,3123,
MA0101202406A0133671,카페띠앗,,3110566,경의선책거리,서울특별시 마포구 와우산로29길 48-14,37.5560101208177,126.927806176379,서울특별시 마포구 서교동 328-28,4052,
MA010120220807052283,아로이커피홍은벽산,,3110525,홍은종합사회복지관,서울특별시 서대문구 홍은중앙로 33-1,37.5944744593905,126.946373120051,서울특별시 서대문구 홍은동 48-68,3611,
MA0101202210A0001003,라프텔,,3130312,석촌시장,서울특별시 송파구 송파대로37길 40,37.5005533673594,127.107809115036,서울특별시 송파구 석촌동 275-5,5696,
MA010120220812163423,블랭킷Blanket,,3110961,언주역 3번,서울특별시 강남구 봉은사로33길 37,37.510418412029,127.034734648714,서울특별시 강남구 논현동 224-18,6107,
MA010120220808435912,아르넬ARENEL,,3110949,한남IC,서울특별시 강남구 압구정로4길 14-10,37.521260919366,127.019886795246,서울특별시 강남구 신사동 526-13,6027,
MA010120220800443752,오띠,,3130261,성대전통시장(성대시장),서울특별시 동작구 상도로 88,37.4996090680255,126.930563338907,서울특별시 동작구 상도동 324-2,7041,
MA010120220811082120,공릉볼링센타;공릉카페,,3130159,공릉동 도깨비시장,서울특별시 노원구 동일로180길 14,37.6219517907143,127.075327270459,서울특별시 노원구 공릉동 581-1,1848,
MA010120220804584775,지엠비,,3110605,목동센트럴아이파크앞,서울특별시 양천구 남부순환로 603,37.5152265593721,126.840692276346,서울특별시 양천구 신월동 559-2,8065,
MA010120220808303991,아르떼,,3110502,남가좌파출소,서울특별시 서대문구 가재울로8길 5-18,37.5757382233248,126.921979767973,서울특별시 서대문구 남가좌동 73-287,3694,
MA010120220814255689,청운동108,,3110014,경복고등학교,서울특별시 종로구 자하문로28길 5,37.585175759668,126.970721734962,서울특별시 종로구 청운동 108-5,3047,
MA010120220804124416,동감,,3110014,경복고등학교,서울특별시 종로구 자하문로28길 5,37.585175759668,126.970721734962,서울특별시 종로구 청운동 108-5,3047,
MA010120220800066254,컨퍼런스하우스달개비,,3120003,광화문역,서울특별시 종로구 새문안로5가길 3-12,37.5724725382,126.9741226821,서울특별시 종로구 당주동 3-1,3173,
MA010120220804147074,더감성,,3120205,매봉역,서울특별시 강남구 논현로34길 32,37.4846913765373,127.044570829906,서울특별시 강남구 도곡동 414-15,6296,
MA010120220809306922,템포컴퍼니,,3120164,내방역,서울특별시 서초구 서초대로 111,37.4881865537274,126.994425559757,서울특별시 서초구 방배동 876-21,6588,
MA010120220814269484,오소리커피,,3110482,연신초등학교,서울특별시 은평구 연서로41가길 6,37.6261066571977,126.926764223874,서울특별시 은평구 불광동 451-4,3339,
MA010120220803767369,이디도커피,코리아,3120056,구의역,서울특별시 광진구 자양로18길 12-4,37.5373335054972,127.084157970395,서울특별시 광진구 구의동 246-34,5044,
MA010120220806385522,니르코브,,3110089,서빙고동주민센터,서울특별시 용산구 서빙고로71길 25,37.5218121186433,126.995475098603,서울특별시 용산구 동빙고동 195,4398,
MA010120220805295162,아카,,3120248,명일역,서울특별시 강동구 양재대로 1637,37.551709907849,127.143824800047,서울특별시 강동구 명일동 312-58,5257,
MA010120220810000787,로익스커피,,3110572,서강대역 1번,서울특별시 마포구 광성로 31-1,37.5499604732171,126.936616251964,서울특별시 마포구 신수동 91-389,4094,
MA010120220805237669,통인동커피공방신촌로스팅라이브러리,,3120094,"신촌역(신촌역, 신촌로터리)",서울특별시 서대문구 신촌로 83,37.5560778303241,126.935841485762,서울특별시 서대문구 창천동 30-33,3789,
MA0101202406A0541753,디비더블유디,,3120094,"신촌역(신촌역, 신촌로터리)",서울특별시 서대문구 신촌로 83,37.5560778303241,126.935841485762,서울특별시 서대문구 창천동 30-33,3789,
MA0101202305A0135919,대원미디어팝퍼블,신촌점,3120094,"신촌역(신촌역, 신촌로터리)",서울특별시 서대문구 신촌로 83,37.5560778303241,126.935841485762,서울특별시 서대문구 창천동 30-33,3789,
MA010120220803096271,알디파트너스투자3호,,3110120,서울숲카페거리,서울특별시 성동구 서울숲4길 12-22,37.5471319162415,127.041869489908,서울특별시 성동구 성수동1가 685-271,4768,
MA010120220808802471,로진,,3130261,성대전통시장(성대시장),서울특별시 동작구 국사봉1길 32,37.4988250666808,126.930349197991,서울특별시 동작구 상도동 322-19,7042,
MA010120220803495898,계화커피숍,,3130032,인현시장,서울특별시 중구 마른내로6길 8,37.5638797792198,126.995234864605,서울특별시 중구 인현동2가 197,4556,
MA010120220812233842,감연,,3111010,석촌역 7번,서울특별시 송파구 석촌호수로18길 11,37.5059832263864,127.101245894391,서울특별시 송파구 석촌동 156-6,5610,
MA010120220811871626,카페별미당,,3110109,금호삼성래미안아파트,서울특별시 성동구 금호로 84,37.5508306096801,127.025824567204,서울특별시 성동구 금호동1가 1763,4718,
MA010120220803925565,피.알.오,,3130228,구로시장,서울특별시 구로구 구로동로20길 10-22,37.4883471175397,126.88516404385,서울특별시 구로구 구로동 736-102,8315,
MA010120220809716549,번트시에나,,3110150,중곡1동 마을마당,서울특별시 광진구 동일로66길 14,37.5615128658478,127.07593415574,서울특별시 광진구 중곡동 615-1,4917,
MA010120220813162571,메가샵크로플,역촌점,3110450,시립서북병원,서울특별시 은평구 갈현로9길 18,37.605064884607,126.908551856209,서울특별시 은평구 역촌동 71-12,3431,
MA010120220813468220,방그레커피,,3110582,이대역 5번,서울특별시 마포구 대흥로 180,37.5550828911342,126.946186331954,서울특별시 마포구 대흥동 3-35,4112,
MA010120220810171818,애기보살,,3130303,영동전통시장,서울특별시 강남구 강남대로126길 26,37.5097091496467,127.024668040586,서울특별시 강남구 논현동 145-8,6114,
MA0101202211A0035041,언스윗데이,,3111071,천동초등학교,서울특별시 강동구 천중로42길 6,37.5407770384947,127.139447479879,서울특별시 강동구 길동 370-15,5342,
MA010120220804390158,디드릭,노원점,3120081,노원역,서울특별시 노원구 동일로 1414,37.6552782771043,127.061399323311,서울특별시 노원구 상계동 713,1695,
MA0106202408A0424338,아트스페이스와이,,3110954,국기원,서울특별시 강남구 강남대로100길 28,37.5018335372221,127.028352261057,서울특별시 강남구 역삼동 621-22,6129,
MA010120220804127125,삼포통상주,,3111030,방이역 2번,서울특별시 송파구 오금로35길 47,37.5069470706286,127.12919421605,서울특별시 송파구 오금동 40-7,5659,
MA0101202406A0239960,파란나무,,3130277,조원동 펭귄시장(신림중앙시장),서울특별시 관악구 조원중앙로2길 113,37.4819812808795,126.911031160586,서울특별시 관악구 신림동 542-26,8767,
MA010120220812657788,메가엠지씨커피청계천점,,3110055,황학동벼룩시장,서울특별시 중구 청계천로 370,37.570527743697,127.018700007772,서울특별시 중구 황학동 2545-2,4571,
MA0101202305A0130116,엠아이피,,3110435,서울과학기술대,서울특별시 노원구 공릉로 223,37.6290956760938,127.076784526823,서울특별시 노원구 공릉동 440-16,1833,
MA010120220810197408,알레싸,,3110390,방학초등학교,서울특별시 도봉구 방학로 174,37.6626327194514,127.032720069967,서울특별시 도봉구 방학동 668-32,1357,
MA010120220803576014,아지트,,3120181,교육개발원입구사거리,서울특별시 서초구 양재천로21길 29,37.4770076900721,127.039150933748,서울특별시 서초구 양재동 80-6,6748,
MA010120220810237030,트립티,,3110968,강남구청역 2번,서울특별시 강남구 선릉로121길 12,37.5144979591718,127.040980293451,서울특별시 강남구 논현동 254,6100,
MA010120220800167379,탐앤탐스대한항공서소문점,,3120020,시청역_1번,서울특별시 중구 서소문로 117,37.5635797113444,126.974125758363,서울특별시 중구 서소문동 41-3,4515,
MA010120220803366445,코호,,3110583,공덕래미안3차아파트,서울특별시 마포구 마포대로11길 7-16,37.5482652949455,126.953128094067,서울특별시 마포구 공덕동 318,4142,
MA010120220800199512,에프알씨스위트롤,,3110569,홍대땡땡거리,서울특별시 마포구 신촌로12길 28,37.5551659555211,126.932492349283,서울특별시 마포구 동교동 186-16,4057,
MA010120220803902005,커피앤,,3120072,성신여대,서울특별시 성북구 동소문로20나길 6,37.5918545254176,127.016972947149,서울특별시 성북구 동선동1가 3-9,2845,
MA0106202201A0153481,커피빈혜화역1번출구점,코리아,3120012,대학로(혜화역),서울특별시 종로구 대학로 128,37.5827016395637,127.002151077463,서울특별시 종로구 동숭동 1-33,3086,
MA010120220810039391,호호,,3110621,목동역 5번,서울특별시 양천구 오목로52길 21,37.5245132295937,126.867732394344,서울특별시 양천구 목동 408-58,8003,
MA0101202406A0535807,바이오팩망우지점,,3110278,망우본동주민센터,서울특별시 중랑구 망우로73길 33,37.6021089571362,127.103199248967,서울특별시 중랑구 망우동 344-6,2060,
MA0101202305A0170541,비건생활연구소,,3110022,경신고등학교,서울특별시 종로구 혜화로 45,37.5895311823557,126.999105522916,서울특별시 종로구 명륜1가 31-20,3068,
MA010120220812746202,비비앤디BBnD,,3120118,마곡역(마곡),서울특별시 강서구 마곡중앙로 76,37.5604111652286,126.827501108791,서울특별시 강서구 마곡동 773,7801,
MA0106202211A2088818,차키차카초코,마곡점,3120118,마곡역(마곡),서울특별시 강서구 마곡중앙로 76,37.5604111652286,126.827501108791,서울특별시 강서구 마곡동 773,7801,
MA0101202308A0065055,바이러닉에스프레소바,마곡점,3120118,마곡역(마곡),서울특별시 강서구 마곡중앙로 76,37.5604111652286,126.827501108791,서울특별시 강서구 마곡동 773,7801,
MA0101202307A0023580,카페봄봄가산V,타워점,3120131,가산디지털단지,서울특별시 금천구 가산디지털1로 128,37.4772362534816,126.883700023753,서울특별시 금천구 가산동 371-37,8507,
MA010120220813119031,도반에이치씨,,3120004,종로구청,서울특별시 종로구 우정국로 55,37.5738885469502,126.981887798442,서울특별시 종로구 견지동 46-1,3144,
MA010120220800028144,커피스토리,,3120015,종로6가,서울특별시 종로구 율곡로 282,37.5721687746264,127.0078559868,서울특별시 종로구 종로6가 20-3,3124,
MA0101202409A0168669,모멘트베이글,,3110869,"신림역 5번(신림동주민센터, 신림동별빛거리)",서울특별시 관악구 봉천로6길 46,37.4876947987653,126.925701005972,서울특별시 관악구 신림동 1455-3,8706,
MA010120220812233746,폰트문래,,3110761,문래동남성맨션,서울특별시 영등포구 경인로77가길 6,37.5122487541228,126.89256994318,서울특별시 영등포구 문래동2가 33-4,7289,
MA010120220806533035,데뷰,,3110946,청계산원터골,서울특별시 서초구 원터2길 11,37.4438348094822,127.055666277515,서울특별시 서초구 원지동 419-17,6806,
MA0106202201A0636259,라운지탐탐,,3120053,건대입구역(건대),서울특별시 광진구 동일로20길 105-2,37.5398569004361,127.069383447249,서울특별시 광진구 자양동 7-33,5073,
MA010120220813854672,더치앤빈보라매타운점,,3120151,보라매공원,서울특별시 동작구 보라매로5가길 7,37.4918930910856,126.925063614281,서울특별시 동작구 신대방동 395-73,7071,
MA0106202201A0299892,메가커피안국역점,,3120007,북촌(안국역),서울특별시 종로구 계동길 33-2,37.5789167166289,126.986528144239,서울특별시 종로구 계동 104-1,3059,
MA0101202302A0063184,이터널에스,,3111020,방이동고분군(방산고등학교),서울특별시 송파구 오금로29길 8,37.5073248289683,127.121323065329,서울특별시 송파구 방이동 223-1,5645,
MA010120220807072197,커피메소드,,3120064,경희대학교(경희대),서울특별시 동대문구 회기로21길 34,37.5928979497451,127.053127536518,서울특별시 동대문구 회기동 25,2453,
MA010120220813658664,라비다커피서울여대점,,3110442,화랑대철도공원,서울특별시 노원구 화랑로51길 34,37.6246360484111,127.08922920711,서울특별시 노원구 공릉동 120,1801,
MA0101202406A0004716,떠기다방,교대역점,3120173,교대역(법원.검찰청),서울특별시 서초구 서초대로 310,37.4939791402013,127.015548574535,서울특별시 서초구 서초동 1673-10,6634,
MA010120220803901278,비스트로홈8587,,3120072,성신여대,서울특별시 성북구 동소문로22길 25,37.5918813921327,127.018071269762,서울특별시 성북구 동선동1가 85-87,2845,
MA010120220812599140,다선,,3110921,서울프랑스학교,서울특별시 서초구 사평대로18길 29,37.4980977208049,126.996799644901,서울특별시 서초구 반포동 107-29,6575,
MA010120220814329761,오늘도,,3110423,석계역 2번,서울특별시 노원구 화랑로45길 42-7,37.6169300857502,127.06560394203,서울특별시 노원구 월계동 21-17,1914,
MA010120220813911103,앙크인베스트먼트이디야커피,영등포점,3120145,영등포역(영등포),서울특별시 영등포구 영중로 16-1,37.5178825932149,126.906158477223,서울특별시 영등포구 영등포동3가 9-4,7304,
MA010120220813879673,조쉬윌로우커피,,3120011,종로4가,서울특별시 종로구 종로 185,37.5710698114224,126.998426561785,서울특별시 종로구 종로4가 14-1,3130,
MA010120220813282429,플루이드,,3120119,발산역(마곡),서울특별시 강서구 마곡중앙6로 70,37.5598540428783,126.834847768473,서울특별시 강서구 마곡동 797-9,7803,
MA0101202406A0308790,어블리,,3110890,봉천역 1번(관악초등학교),서울특별시 관악구 청룡길 27,37.4805609225385,126.946217208498,서울특별시 관악구 봉천동 897-1,8786,
MA010120220810146569,카스쿠르트,,3120028,명동(명동거리),서울특별시 중구 명동길 26,37.5634552914179,126.983769203412,서울특별시 중구 명동2가 50-14,4536,
MA010120220802994487,신림카페강우,,3110873,당곡중학교,서울특별시 관악구 당곡2길 22,37.4908690881008,126.930198279969,서울특별시 관악구 봉천동 691-33,8711,
MA0101202311A0017304,굿프랜드강서점,,3110661,강서새말어린이공원,서울특별시 강서구 화곡로55길 31,37.552808129466,126.84818333906,서울특별시 강서구 화곡동 996-17,7685,
MA010120220814068988,센터커피롯데,명동점,3001492,명동 남대문 북창동 다동 무교동 관광특구,서울특별시 중구 남대문로 81,37.5647253985078,126.981731554799,서울특별시 중구 소공동 1,4533,
MA010120220805042101,카페공간학,잠실점,3120227,잠실역,서울특별시 송파구 올림픽로 269,37.5143721456418,127.100578558353,서울특별시 송파구 신천동 7-18,5510,
MA010120220813896713,엘가커피,,3130177,인왕시장(홍제골목형상점가),서울특별시 서대문구 통일로 468,37.5902652037301,126.942911423346,서울특별시 서대문구 홍제동 299-12,3628,
MA010120220801071788,어반스토리,,3120168,서울고교교차로,서울특별시 서초구 효령로 176,37.482167893087,127.003640620225,서울특별시 서초구 방배동 1001-1,6707,
MA010120220800595309,카페알레,,3120141,영등포청과시장교차로,서울특별시 영등포구 영등포로 144,37.5209026292697,126.897342559924,서울특별시 영등포구 당산동1가 14-4,7292,
MA0101202406A0554137,블루판다,,3130191,홍대 걷고싶은 거리,서울특별시 마포구 양화로18안길 8,37.5566030794647,126.925078084841,서울특별시 마포구 동교동 169-15,4051,
MA0101202306A0034249,슬로우크러쉬,,3110569,홍대땡땡거리,서울특별시 마포구 서강로11길 28,37.5539855066424,126.93224443762,서울특별시 마포구 창전동 2-34,4061,
MA0101202306A0028035,요커,상암점,3120098,DMC(디지털미디어시티),서울특별시 마포구 월드컵북로 402,37.5802078184805,126.889042086333,서울특별시 마포구 상암동 1601,3925,
MA010120220813981897,베란다바이윤복,,3120098,DMC(디지털미디어시티),서울특별시 마포구 월드컵북로 402,37.5802078184805,126.889042086333,서울특별시 마포구 상암동 1601,3925,
MA0101202209A0037644,프루츄,,3110142,화양사거리,서울특별시 광진구 광나루로12길 19,37.5467325846315,127.067556624884,서울특별시 광진구 화양동 20-25,5007,
MA010120220803664985,메리차밍,,3110381,번동주공2단지,서울특별시 강북구 월계로37길 137-6,37.6280044405128,127.043466795124,서울특별시 강북구 번동 269-7,1226,
MA0101202411A0110449,카페무드,,3120199,경복아파트교차로,서울특별시 강남구 언주로 563,37.5079305820645,127.038160473769,서울특별시 강남구 역삼동 653-4,6135,
MA010120220809843570,파티세리소나,2호점,3110627,신정롯데캐슬아파트,서울특별시 양천구 신목로12길 8,37.520943483708,126.874356283262,서울특별시 양천구 신정동 89-16,8015,
MA0101202212A0034063,오토갤러리라운지,,3111028,문현중학교(장지역 1번),서울특별시 송파구 새말로8길 29-49,37.481738018101,127.128178465902,서울특별시 송파구 문정동 80-5,5810,
MA010120220810356772,어바웃타임에스앤와이,,3111028,문현중학교(장지역 1번),서울특별시 송파구 새말로8길 29-49,37.481738018101,127.128178465902,서울특별시 송파구 문정동 80-5,5810,
MA010120220808652069,퐁퐁플라워팁스오리진,,3120151,보라매공원,서울특별시 관악구 봉천로 209,37.4905506054514,126.925087570509,서울특별시 관악구 봉천동 729-22,8708,
MA0101202409A0243007,그랑올라,,3120138,당산2동(영등포우체국),서울특별시 영등포구 당산로 167,37.5294989019444,126.898167972315,서울특별시 영등포구 당산동4가 74-3,7217,
MA0101202302A0003571,설빙수유역,,3120076,수유역,서울특별시 강북구 오패산로 417,37.6376321471745,127.02583192103,서울특별시 강북구 번동 446-46,1062,
MA010120220806689213,메가커피이수,태평점,3130273,남성사계시장(남성시장),서울특별시 동작구 동작대로27길 20,37.4876355250265,126.980891004519,서울특별시 동작구 사당동 132-8,7008,
MA010120220811818350,몽샹에프엔티,,3110908,구반포역,서울특별시 서초구 신반포로 17,37.5014127384136,126.986881356789,서울특별시 서초구 반포동 817,6501,
MA010120220803475326,카페델씨엘로,,3110908,구반포역,서울특별시 서초구 신반포로 17,37.5014127384136,126.986881356789,서울특별시 서초구 반포동 1053,6501,
MA0101202406A0414896,카페시율,,3120044,삼각지역,서울특별시 용산구 한강대로62길 35,37.5333240801115,126.97369496875,서울특별시 용산구 한강로1가 208-3,4382,
MA0101202406A0400466,데스칸소,,3110564,홍대입구역 3번,서울특별시 마포구 연희로1길 38,37.5605949651601,126.925821083172,서울특별시 마포구 동교동 113-24,3985,
MA010120220802836506,로이터,,3110042,남산골공원옆,서울특별시 중구 필동로 53,37.556752919212,126.995914370465,서울특별시 중구 필동3가 62-11,4622,
MA0101202411A0047032,카페희희,,3111050,강동구청(강동구청역 2번),서울특별시 강동구 성내로9길 27,37.5303774346577,127.125206998036,서울특별시 강동구 성내동 534,5397,
MA010120220803795562,키친보리에,,3110114,왕십리파출소,서울특별시 성동구 무학로12길 6-2,37.5671735537216,127.030606872408,서울특별시 성동구 홍익동 426,4706,
MA010120220804965193,메가엠지씨커피미아방천,시장점,3130143,방천골목시장,서울특별시 강북구 월계로7길 63,37.6129700803046,127.033944163689,서울특별시 강북구 미아동 52-11,1218,
MA010120220803523242,퍼시픽세일즈주,,3120038,약수역,서울특별시 중구 동호로 193-22,37.554464098336,127.009189555998,서울특별시 중구 신당동 355-8,4598,
MA010120220806793213,해피데이,,3110789,대림성모병원,서울특별시 영등포구 시흥대로 657,37.4906910528143,126.907164955004,서울특별시 영등포구 대림동 978-13,7442,
MA0101202306A0049557,이디야영등포knk점,,3120144,영중로,서울특별시 영등포구 영신로 220,37.5268010007615,126.904269348079,서울특별시 영등포구 영등포동8가 92,7228,
MA010120220813074806,디엠커피,,3110036,동묘앞역 3번,서울특별시 종로구 난계로29길 73,37.5733387369261,127.019391233221,서울특별시 종로구 숭인동 217-19,3115,
MA010120220801844140,애니원에프앤씨,,3110958,역삼역 4번,서울특별시 강남구 논현로99길 24,37.5034720586811,127.033362982677,서울특별시 강남구 역삼동 626-31,6126,
MA010120220804977726,커피식스쥬스식스강남을지병원,사거리점,3120190,강남을지병원,서울특별시 강남구 논현로151길 7,37.5202953269976,127.027465595221,서울특별시 강남구 신사동 563-22,6037,
MA010120220809633335,빌러브드,,3111021,방이역 4번,서울특별시 송파구 양재대로71길 30-1,37.5113949684281,127.123637030579,서울특별시 송파구 방이동 193-17,5637,
MA010120220805268554,티문도,,3110173,구남초등학교,서울특별시 광진구 구의강변로 51,37.5354267246482,127.091770355672,서울특별시 광진구 구의동 593-11,5049,
MA0101202406A0411921,인생은한방차,,3130139,강북종합전통시장(강북종합골목시장),서울특별시 강북구 한천로140길 11-31,37.6414973739311,127.025821928968,서울특별시 강북구 수유동 177-6,1054,
MA010120220808069257,테디스러브,,3110897,서울대입구역 8번,서울특별시 관악구 행운1길 70,37.4817364858438,126.956550239947,서울특별시 관악구 봉천동 66-69,8736,
MA010120220807929523,쥬씨&차얌상계역점,,3110431,상계역,서울특별시 노원구 한글비석로20길 23-1,37.6602626655167,127.073711311883,서울특별시 노원구 중계동 142-49,1662,
MA0101202306A0097181,민혁F&B,,3110716,구로나눔길,서울특별시 구로구 구로중앙로19길 25-16,37.493548699017,126.888050924103,서울특별시 구로구 구로동 429-250,8306,
MA010120220805230713,카페몽타주,,3120242,강동구청역,서울특별시 강동구 올림픽로48길 23-12,37.5294979463308,127.121868072793,서울특별시 강동구 성내동 555-5,5398,
MA010120220800032250,합동매점,,3130012,"동대문종합시장(동대문종합시장 신관, 동대문종합시장D동상가)",서울특별시 종로구 종로 266,37.570700186669,127.007323809304,서울특별시 종로구 종로6가 262-1,3198,
MA010120220800031710,미니찻집,,3130012,"동대문종합시장(동대문종합시장 신관, 동대문종합시장D동상가)",서울특별시 종로구 종로 266,37.570700186669,127.007323809304,서울특별시 종로구 종로6가 262-1,3198,
MA010120220800022528,구스토,,3120011,종로4가,서울특별시 종로구 종로 183,37.5714392190078,126.998392594748,서울특별시 종로구 인의동 48-2,3130,
MA010120220812782836,에스지푸드양재커피온리,,3120179,양재역,서울특별시 서초구 남부순환로 2585,37.4839288771295,127.03454147717,서울특별시 서초구 서초동 1366-9,6735,
MA0106202201A0663769,파스쿠찌신분당양재역점,,3120179,양재역,서울특별시 서초구 남부순환로 2585,37.4839288771295,127.03454147717,서울특별시 서초구 서초동 1366-9,6735,
MA010120220811465022,정스디저트,,3120005,삼청동,서울특별시 종로구 팔판길 22-1,37.5827992723741,126.981206351391,서울특별시 종로구 팔판동 41-2,3054,
MA0101202306A0034651,크레마,,3130042,약수시장,서울특별시 중구 동호로7길 37,37.5521574002876,127.010875481683,서울특별시 중구 신당동 372-95,4596,
MA010120220804422323,사일삼프로젝트신사,,3110951,신사은행나무공원,서울특별시 강남구 도산대로23길 19,37.5202506245812,127.025927144465,서울특별시 강남구 신사동 559-9,6037,
MA0101202406A0580149,각각,,3120053,건대입구역(건대),서울특별시 광진구 아차산로 242,37.5399376834175,127.069904011603,서울특별시 광진구 자양동 1-3,5073,
MA010120220811908830,me;人심리상담카페,,3130001,통인시장,서울특별시 종로구 자하문로 53-1,37.5807519188897,126.970870642539,서울특별시 종로구 통인동 109-2,3036,
MA010120220807096457,애스퍼,,3110172,광진초등학교,서울특별시 광진구 자양로38길 43,37.5467714236903,127.090324494811,서울특별시 광진구 구의동 61-33,4979,
MA0101202406A0237575,메가엠지씨커피신림역점,,3130285,서원동상점가,서울특별시 관악구 신림로 321,37.4828947828735,126.929549928917,서울특별시 관악구 신림동 1638-19,8776,
MA0101202409A0040429,아이브러리,,3110435,서울과학기술대,서울특별시 노원구 공릉로51길 14-2,37.6288706943858,127.076376470904,서울특별시 노원구 공릉동 439-2,1833,
MA010120220814242779,이디야커피강동신명초교점,,3111084,길동신동아아파트,서울특별시 강동구 명일로 260,37.5415060534208,127.147516588809,서울특별시 강동구 길동 92,5300,
MA010120220811706386,키프디벨롭먼트,,3110571,신수동주민센터,서울특별시 마포구 대흥로9길 33,37.5453476402379,126.93714068482,서울특별시 마포구 신수동 254,4090,
MA010120220811699015,일상컴퍼니,,3110903,방배아이파크아파트,서울특별시 서초구 동광로1길 6,37.4920418882204,126.983807284615,서울특별시 서초구 방배동 784-11,6559,
MA0106202405A1303694,써드웨이브커피,,3110985,청담근린공원,서울특별시 강남구 도산대로94길 20,37.5238191710087,127.051619193632,서울특별시 강남구 청담동 57-2,6071,
MA0101202211A0070229,보험CAFE,대리점,3110713,구로보건소,서울특별시 구로구 구로중앙로34길 77,37.5019269875381,126.886930109987,서울특별시 구로구 구로동 554-23,8290,
MA010120220808059472,설빙가로수길,,3120186,가로수길,서울특별시 강남구 압구정로10길 36,37.5212605568689,127.021934297925,서울특별시 강남구 신사동 524-14,6028,
MA010120220812693380,피노키우수,,3120186,가로수길,서울특별시 강남구 압구정로10길 36,37.5212605568689,127.021934297925,서울특별시 강남구 신사동 524-14,6028,
MA010120220803047438,스토리STORY1954,,3120039,신당역,서울특별시 중구 퇴계로 390,37.5649510997473,127.015065287457,서울특별시 중구 무학동 50-1,4611,
MA0106202403A0808293,워커스커피로스터스,,3120246,길동역,서울특별시 강동구 천호대로175길 52,37.536949909607,127.137641342449,서울특별시 강동구 길동 414-2,5353,
MA0101202303A0086835,두월,,3110377,미아사거리역 3번,서울특별시 강북구 월계로 39-1,37.6112851756877,127.034135936336,서울특별시 강북구 미아동 48-3,1222,
MA010120220804154411,상도중앙작은도서관북카페,,3110826,장승배기역 4번,서울특별시 동작구 상도로15길 47,37.5027647150802,126.934281201663,서울특별시 동작구 상도동 356-209,6951,
MA010120220804581933,소아베커피,,3120182,"양재시민의숲역(양재동꽃시장, aT센터)",서울특별시 서초구 동산로 14,37.4694024463541,127.041260880552,서울특별시 서초구 양재동 327-5,6787,
MA010120220802928313,현명커피,,3110918,방배역 3번,서울특별시 서초구 방배중앙로 20,37.4818794019822,126.992718787548,서울특별시 서초구 방배동 919-6,6684,
MA010120220813359145,커피숍강남고려병원,,3110896,관악우성아파트,서울특별시 관악구 관악로 242,37.4855298553384,126.956887246566,서울특별시 관악구 봉천동 36-83,8735,
MA0101202303A0081002,여원,,3120008,인사동,서울특별시 종로구 인사동8길 12-3,37.5740512983219,126.986110175178,서울특별시 종로구 경운동 64-47,3148,
MA010120220805896258,설탕한스푼설렘두스푼,,3110432,대진고등학교,서울특별시 노원구 공릉로58나길 20-5,37.6366297342966,127.073937211105,서울특별시 노원구 하계동 166-6,1809,
MA0101202308A0009395,메가엠지씨커피이태원점,,3120046,이태원(이태원역),서울특별시 용산구 이태원로 195,37.5348135817338,126.995666654868,서울특별시 용산구 이태원동 124-5,4349,
MA0101202301A0015125,달공이디저트,,3110912,방배동사이길,서울특별시 서초구 방배로42길 23-4,37.4948807436019,126.989958327133,서울특별시 서초구 방배동 17-15,6584,
MA0101202210A0037077,세베르,,3110468,응암역 3번,서울특별시 은평구 진흥로1길 23,37.6025583475088,126.918407209441,서울특별시 은평구 역촌동 37-1,3407,
MA010120220800269043,이디야화곡중앙,시장점,3130216,화곡중앙시장,서울특별시 강서구 가로공원로76길 61,37.5344235992295,126.838264165292,서울특별시 강서구 화곡동 362-83,7767,
MA0101202406A0098406,커피스미스강남삼성로점,,3120213,삼성중앙역,서울특별시 강남구 삼성로 553,37.5108796736865,127.054053371515,서울특별시 강남구 삼성동 120-12,6155,
MA0101202210A0041742,담소커피,,3130024,남대문시장(자유상가),서울특별시 중구 남대문시장4길 28-4,37.5590032564745,126.977069988043,서울특별시 중구 남창동 50-42,4528,
MA010120220805486040,슬로우포레스트,,3120005,삼청동,서울특별시 종로구 삼청로5길 20,37.5828082130295,126.980776133044,서울특별시 종로구 팔판동 100-2,3054,
MA010120220808128940,성북동테이블,,3110288,동구여중,서울특별시 성북구 성북로8길 11,37.5911438802162,127.004393222748,서울특별시 성북구 성북동 177-17,2835,
MA010120220808586380,카페이든,,3110805,신길새마을금고신길4동지점,서울특별시 영등포구 신길로40길 10,37.5063543295139,126.912121925834,서울특별시 영등포구 신길동 4903-20,7362,
MA0101202307A0086757,카페트리,,3130018,동대문문구완구거리(동대문문구완구시장),서울특별시 종로구 종로52길 39,37.5714112772821,127.014760955349,서울특별시 종로구 창신동 330-32,3121,
MA010120220812307046,몽듀,,3110575,대흥동주민센터,서울특별시 마포구 고산길 68,37.5544675894496,126.940709256232,서울특별시 마포구 노고산동 12-35,4108,
MA010120220806523765,제이오케이컴퍼니커피온리,잠실점,3120227,잠실역,서울특별시 송파구 올림픽로 265,37.5134530458983,127.100667812849,서울특별시 송파구 신천동 8,5510,
MA010120220806788572,샐러드하임,,3110544,망리단길,서울특별시 마포구 월드컵로13길 73,37.5550307509122,126.906055328642,서울특별시 마포구 망원동 400-1,4014,
MA0101202406A0494627,대박천억커피,,3130020,동묘시장(동묘벼룩시장),서울특별시 종로구 종로58길 44,37.5714918636423,127.018349336169,서울특별시 종로구 숭인동 240-1,3114,
MA0101202302A0067476,망우로스팅랩,,3110278,망우본동주민센터,서울특별시 중랑구 용마산로118길 67,37.6012429719307,127.104375776286,서울특별시 중랑구 망우동 342-25,2066,
MA010120220805226488,도비네,,3110079,후암동주민센터,서울특별시 용산구 후암로28길 15,37.5499034166717,126.978328907223,서울특별시 용산구 후암동 55-48,4330,
MA010120220803808521,무등산닭한마리,,3120053,건대입구역(건대),서울특별시 광진구 아차산로31길 6,37.5412444260002,127.069407363379,서울특별시 광진구 화양동 8-97,5017,
MA010120220814285958,나인센스,,3120215,포스코사거리,서울특별시 강남구 테헤란로79길 6,37.5072659537397,127.055543693282,서울특별시 강남구 삼성동 144-19,6158,
MA010120220807405472,이에스티디2017,,3120013,이화사거리,서울특별시 종로구 대학로3길 16,37.5742413169221,127.001324460992,서울특별시 종로구 효제동 61-1,3128,
MA0101202308A0096614,매일그개와,,3120110,목동역 8번출구,서울특별시 양천구 신정중앙로 88,37.5264610278493,126.861303201387,서울특별시 양천구 신정동 904-8,7945,
MA0101202301A0053061,배고픈형제들,,3120224,수서역,서울특별시 강남구 광평로51길 8,37.488367483961,127.102488521688,서울특별시 강남구 수서동 714,6349,
MA010120220808573534,다리치2,,3120009,종로3가역,서울특별시 종로구 돈화문로5가길 22,37.5717722993709,126.991600704173,서울특별시 종로구 묘동 189-1,3139,
MA010120220800046987,다리치,,3120009,종로3가역,서울특별시 종로구 돈화문로5가길 22,37.5717722993709,126.991600704173,서울특별시 종로구 묘동 189-1,3139,
MA0101202409A0012726,빙빙빙,,3110373,수유역 2번,서울특별시 강북구 오패산로 396-1,37.6366586245556,127.027848260248,서울특별시 강북구 번동 415-19,1064,
MA010120220811086373,커피맥아더,,3110477,은평세무서,서울특별시 은평구 은평로13길 11,37.6023016197054,126.925292741541,서울특별시 은평구 녹번동 156-8,3459,
MA010120220806500162,세시당,,3110223,군자초등학교,서울특별시 동대문구 천호대로77가길 32,37.5633220929002,127.063700666667,서울특별시 동대문구 장안동 419-2,2634,
MA010120220806024161,히읗히읗,,3120054,어린이대공원역,서울특별시 광진구 군자로10길 14-15,37.5483700209106,127.071598008759,서울특별시 광진구 군자동 361-31,5005,
MA0101202305A0186558,후라이드커피항아리카노,,3110783,영등포시장역 1번,서울특별시 영등포구 국회대로46길 3,37.5252427445739,126.904859603184,서울특별시 영등포구 영등포동7가 66-4,7245,
MA0101202310A0001871,카페어썸,,3120131,가산디지털단지,서울특별시 금천구 가산디지털1로 131,37.4770363165761,126.881970592906,서울특별시 금천구 가산동 371-17,8506,
MA010120220804466200,강다짐원유로스페셜티강남역지하,상가점,3120189,강남역,서울특별시 강남구 강남대로 396,37.4981574435241,127.028305636423,서울특별시 강남구 역삼동 858,6232,
MA0106202404A0309365,플로리안커피,,3120189,강남역,서울특별시 강남구 강남대로 396,37.4981574435241,127.028305636423,서울특별시 강남구 역삼동 858,6232,
MA010120220812427726,더벤티강남역지하,상가점,3120189,강남역,서울특별시 강남구 강남대로 396,37.4981574435241,127.028305636423,서울특별시 강남구 역삼동 858,6232,
MA0101202409A0006046,카페요아정경희외대점,,3110214,경희대후문,서울특별시 동대문구 천장산로7길 29,37.5982303850404,127.05622272832,서울특별시 동대문구 이문동 264-313,2449,
MA0106202401A1599369,레스피레,,3110015,청와대사랑채,서울특별시 종로구 효자로13길 40-7,37.5827614405039,126.972137864117,서울특별시 종로구 효자동 104-1,3042,
MA010120220805510832,바그,,3110063,효창공원앞역 5번,서울특별시 용산구 원효로63길 18,37.5373759033873,126.963600918978,서울특별시 용산구 원효로2가 76-12,4364,
MA010120220800252042,라이언킹,,3130190,홍대소상공인상점가,서울특별시 마포구 양화로16길 24,37.5529872974469,126.920815210244,서울특별시 마포구 서교동 369-1,4039,
MA0106202201A0153456,커피빈시청역7번출구,코리아,3120022,북창동(시청역_6번),서울특별시 중구 세종대로 84,37.563661431202,126.977181746185,서울특별시 중구 태평로2가 58-2,4526,
MA010120220805375741,알티드,,3111013,송파나루역 1번(송리단길),서울특별시 송파구 백제고분로45길 21-7,37.5096974340193,127.109043790253,서울특별시 송파구 송파동 40-12,5622,
MA010120220810298595,올드프렌드,,3110513,연희파출소,서울특별시 서대문구 연희로25길 37,37.5717451549283,126.934028200055,서울특별시 서대문구 연희동 81-27,3699,
MA0101202306A0091826,매머드익스프레스뚝섬역5번점,,3120051,뚝섬역,서울특별시 성동구 상원길 24,37.5461470564428,127.049065869796,서울특별시 성동구 성수동1가 14-39,4779,
MA010120220806450433,서울테라리움-피어나,,3110951,신사은행나무공원,서울특별시 강남구 도산대로19길 20,37.5200074935624,127.025282277435,서울특별시 강남구 신사동 559-30,6037,
MA0101202409A0154860,뿌찌샌드위치,,3110415,수락산역 4번,서울특별시 노원구 동일로241가길 21,37.6764190611172,127.053651796895,서울특별시 노원구 상계동 1105-70,1608,
MA0101202307A0022374,티1680,,3130147,쌍문역동측상점가,서울특별시 도봉구 도봉로110길 11,37.6463425180922,127.034265285053,서울특별시 도봉구 창동 655-26,1455,
MA0101202310A0055799,메가엠지씨커피대림역점,,3120142,대림역,서울특별시 영등포구 도림로 144,37.4933595370452,126.898058747209,서울특별시 영등포구 대림동 706-1,7417,
MA010120220809340956,카페J제이,,3110312,안암역 2번,서울특별시 성북구 개운사길 36,37.5880048346917,127.029449207088,서울특별시 성북구 안암동5가 15-51,2842,
MA010120220813960606,클라우드핑크,,3110120,서울숲카페거리,서울특별시 성동구 서울숲2길 28-7,37.5466454489838,127.041665529744,서울특별시 성동구 성수동1가 685-477,4768,
MA0101202305A0145476,쥬시&차얌홈플러스,시흥점,3120133,서울시흥동우체국(홈플러스시흥점),서울특별시 금천구 시흥대로 201,37.4519063971608,126.900793536104,서울특별시 금천구 시흥동 992-47,8632,
MA0101202303A0020505,키른,,3111037,Sh수협은행 오금동금융센터(아랫말어린이공원),서울특별시 송파구 마천로 167,37.5037927386726,127.137885806086,서울특별시 송파구 오금동 121-8,5722,
MA010120220808113665,로스태쉬,,3110093,우사단길,서울특별시 용산구 우사단로10길 74,37.5320475866041,126.999400368642,서울특별시 용산구 보광동 265-955,4407,
MA0101202302A0066507,스필드컵,,3110497,가좌역 3번,서울특별시 서대문구 수색로 56,37.570659111062,126.912680327172,서울특별시 서대문구 북가좌동 487,3791,
MA010120220805451907,공차DDP,,3001493,동대문패션타운 관광특구,서울특별시 중구 을지로 281,37.5680149429348,127.010911744526,서울특별시 중구 을지로7가 143,4566,
MA0101202406A0520522,커피붕붕커피볶는집디자인플라자점,동대문,3001493,동대문패션타운 관광특구,서울특별시 중구 을지로 281,37.5680149429348,127.010911744526,서울특별시 중구 을지로7가 143,4566,
MA0106202201A0563236,카페베네방,이동점,3001495,잠실 관광특구,서울특별시 송파구 백제고분로51길 7,37.5158279371262,127.114674447886,서울특별시 송파구 방이동 50,5545,
MA010120220805178713,팔공커피,,3110726,금천철쭉어린이공원(금하마을),서울특별시 금천구 금하로1마길 21-6,37.4532661399945,126.889738465218,서울특별시 금천구 독산동 1110-6,8600,
MA010120220810179428,추억의다방,,3130202,신영시장,서울특별시 양천구 월정로27길 1,37.5324930188478,126.836492059153,서울특별시 양천구 신월동 115-28,7923,
MA010120220814032286,플럼,,3110975,매봉역 1번,서울특별시 강남구 남부순환로375길 7,37.4865655838214,127.044277963015,서울특별시 강남구 도곡동 200-9,6274,
MA010120220804370583,커피이레,,3110439,당고개역 5번,서울특별시 노원구 상계로35길 15,37.6707292679363,127.078051563367,서울특별시 노원구 상계동 1388-23,1635,
MA010120220813448368,레벨커피바,,3110115,상왕십리역 3번,서울특별시 성동구 무학로6길 22,37.5650196652857,127.032507546778,서울특별시 성동구 도선동 330,4707,
MA010120220806701648,엠제이에이치백그라운드,,3110340,인수중학교,서울특별시 강북구 인수봉로77길 14,37.6445361038191,127.009869160365,서울특별시 강북구 수유동 542-4,1014,
MA0101202302A0056834,뽀프POFF,,3110213,청량초등학교,서울특별시 동대문구 회기로23길 59,37.5927075084812,127.055799623146,서울특별시 동대문구 회기동 54-61,2453,
MA010120220809596363,제이카페,,3110723,가산디지털단지역 1번 출입구,서울특별시 금천구 벚꽃로 316,37.4827135738635,126.882877477316,서울특별시 금천구 가산동 777,8509,
MA0101202308A0006507,퐁치커피화양점,,3110141,건대입구역 1번,서울특별시 광진구 아차산로25길 36,37.5429304867066,127.067349516057,서울특별시 광진구 화양동 46-42,5019,
MA010120220800595871,에이치컴퍼니,,3110763,영등포구청역 2번,서울특별시 영등포구 국회대로28길 17,37.5271168414304,126.894279521373,서울특별시 영등포구 당산동3가 395-25,7256,
MA010120220800207870,디케이1744,,3110507,명지대학교,서울특별시 서대문구 증가로6길 43,37.5783359766298,126.9264827346,서울특별시 서대문구 홍은동 412-19,3664,
MA010120220807056568,해례커피,,3110465,연신내역 7번,서울특별시 은평구 통일로83길 19,37.6206676737744,126.917617171887,서울특별시 은평구 갈현동 430-1,3330,
MA010120220808667191,도나파스텔,,3120096,"이화여대(이대역, 이대)",서울특별시 서대문구 신촌역로 16,37.5580637808859,126.943173672045,서울특별시 서대문구 대현동 27-20,3766,
MA010120220814191441,핫곰,,3120096,"이화여대(이대역, 이대)",서울특별시 서대문구 신촌역로 16,37.5580637808859,126.943173672045,서울특별시 서대문구 대현동 27-20,3766,
MA010120220805278893,뜨개쟁이카페,,3120102,서교동(홍대),서울특별시 마포구 동교로 144-13,37.554679569686,126.91845943859,서울특별시 마포구 서교동 463-32,4030,
MA010120220811679498,크럼피,,3110873,당곡중학교,서울특별시 관악구 당곡2가길 35,37.4919679944191,126.929654485405,서울특별시 관악구 봉천동 712-28,8710,
MA010120220809726593,일이이로,,3130315,문정동 로데오거리 상점가(문정동 로데오거리),서울특별시 송파구 동남로 122,37.4903913794246,127.12473315417,서울특별시 송파구 문정동 29-17,5804,
MA010120220809272002,메가엠지씨커피석촌고분역,,3120226,석촌고분역,서울특별시 송파구 백제고분로 279,37.5027336105517,127.097667745255,서울특별시 송파구 석촌동 14-13,5613,
MA010120220805693535,도화당,,3130312,석촌시장,서울특별시 송파구 송파대로37길 38,37.5005802425588,127.107978789342,서울특별시 송파구 석촌동 275-4,5696,
MA010120220807483740,재신,,3120100,망원역,서울특별시 마포구 동교로9길 12,37.5546379729834,126.910775098165,서울특별시 마포구 망원동 386-12,4018,
MA010120220805323245,와이아이엠펫,,3110679,염창역 2번,서울특별시 강서구 공항대로81길 27,37.5485070168034,126.876188534525,서울특별시 강서구 염창동 262-1,7556,
MA010120220814227407,코스트,,3120019,경찰청앞교차로,서울특별시 중구 서소문로 89,37.5625968575384,126.970832438938,서울특별시 중구 순화동 5-2,4516,
MA010120220814097015,종로1번지,,3130010,종로신진시장,서울특별시 종로구 종로 252-7,37.5705921402331,127.006033361238,서울특별시 종로구 종로5가 265-1,3197,
MA010120220813057918,올리다,,3120242,강동구청역,서울특별시 강동구 올림픽로48길 27,37.5290475748776,127.121742893336,서울특별시 강동구 성내동 555-13,5398,
MA0101202209A0026450,스튜디오패뷸러스,,3120031,을지로3가역,서울특별시 중구 을지로12길 15,37.5655644065221,126.991148646582,서울특별시 중구 을지로3가 320-16,4550,
MA0106202201A0153585,커피빈서초역1번출구,코리아,3120169,서초역,서울특별시 서초구 서초대로 250,37.4920065937585,127.009272360614,서울특별시 서초구 서초동 1553-3,6647,
MA0101202303A0118016,과일에반하다프루타,개봉점,3130225,개봉중앙시장,서울특별시 구로구 개봉로15길 36-34,37.4911506173733,126.853781106213,서울특별시 구로구 개봉동 331-34,8347,
MA010120220810585702,카페무탈,,3130190,홍대소상공인상점가,서울특별시 마포구 와우산로21길 20-11,37.5528083429158,126.922694010639,서울특별시 마포구 서교동 358-121,4040,
MA0101202303A0067728,라보아트블루,,3110008,배화여자대학교(박노수미술관),서울특별시 종로구 옥인길 32-3,37.5810662255384,126.966919417007,서울특별시 종로구 옥인동 170,3034,
MA010120220800039454,통인길커피점,,3130001,통인시장,서울특별시 종로구 자하문로 55,37.5810041859248,126.970825259443,서울특별시 종로구 통인동 5-1,3036,
MA0101202309A0037477,컴포즈대치한티,,3120212,한티역,서울특별시 강남구 선릉로 312,37.4975364216198,127.052641487397,서울특별시 강남구 대치동 936,6206,
MA0101202406A0048401,클린컵,,3110163,성자초등학교,서울특별시 광진구 자양로5길 19,37.5313774267811,127.084807472028,서울특별시 광진구 자양동 678-16,5103,
MA0101202406A0122548,구동커피,,3110887,서울산업정보학교(서울삼성초등학교),서울특별시 관악구 신림로3가길 42,37.4689721001344,126.942325533909,서울특별시 관악구 신림동 231-20,8815,
MA010120220814102456,크로닉CHRONIC,,3120138,당산2동(영등포우체국),서울특별시 영등포구 당산로35길 7,37.5289211229527,126.896856412391,서울특별시 영등포구 당산동4가 37-7,7219,
MA0101202210B0025517,프랍,,3110544,망리단길,서울특별시 마포구 포은로5길 4,37.5556513866084,126.904741735448,서울특별시 마포구 망원동 410-28,4009,
MA010120220812161710,청집,,3120015,종로6가,서울특별시 종로구 종로 265,37.5713669231565,127.007323874592,서울특별시 종로구 종로6가 122-1,3124,
MA010120220800205093,후엠아이컨설팅,,3110557,홍대부속여중고앞,서울특별시 마포구 월드컵북로9길 24,37.5588224882894,126.916078177044,서울특별시 마포구 성산동 234-20,3999,
MA0101202409A0009641,카페넘버쓰리,,3110417,월계역 3번,서울특별시 노원구 초안산로2길 84,37.632377363659,127.057222737177,서울특별시 노원구 월계동 270-6,1867,
MA010120220800548144,광성,,3120120,화곡역,서울특별시 강서구 화곡로 161,37.5418310439474,126.839164701927,서울특별시 강서구 화곡동 1065-14,7714,
MA010120220804321580,그릭띠아요거트,,3110545,마포구청역 1번,서울특별시 마포구 모래내로1길 4,37.56444485757,126.904424934983,서울특별시 마포구 성산동 593-7,3938,
MA010120220804031102,머그포래빗,,3120186,가로수길,서울특별시 강남구 논현로159길 65,37.5213864618365,127.023167363384,서울특별시 강남구 신사동 545-1,6033,
MA010120220809543666,디플랜,,3110098,서울독일학교,서울특별시 용산구 독서당로 97,37.5353177283856,127.010793835717,서울특별시 용산구 한남동 33-4,4419,
MA010120220803399815,오쏘,,3120190,강남을지병원,서울특별시 강남구 논현로 805,37.5206376579208,127.027680650143,서울특별시 강남구 신사동 586-7,6032,
MA010120220805536391,조해산업디앤엠,,3110106,금북초등학교,서울특별시 성동구 행당로 35,37.5558856969352,127.023483609366,서울특별시 성동구 금호동1가 128-1,4721,
MA010120220800120586,샘터찻집,,3130024,남대문시장(자유상가),서울특별시 중구 남대문시장6길 33,37.5589133564958,126.978122576561,서울특별시 중구 남창동 46-28,4529,
MA0101202303A0106712,테이큰커피,,3110020,서울국제고등학교,서울특별시 종로구 명륜2길 4,37.5887742571734,126.995267245131,서울특별시 종로구 명륜3가 1-211,3070,
MA010120220800903368,엔젤디오주,,3110610,계남근린공원,서울특별시 양천구 중앙로29길 46,37.5162558850779,126.849218886845,서울특별시 양천구 신정동 1160-31,8075,
MA010120220803605695,자이데커피,,3120189,강남역,서울특별시 강남구 테헤란로2길 8,37.4976527789812,127.028723864427,서울특별시 강남구 역삼동 825-1,6232,
MA0101202409A0194263,타래퀸,홍대점,3110566,경의선책거리,서울특별시 마포구 와우산로29길 44,37.5557398148384,126.927795119769,서울특별시 마포구 서교동 328-26,4052,
MA0101202406A0192574,카페슈스,,3110062,한강로동땡땡거리(은행나무길),서울특별시 용산구 한강대로7길 17-8,37.5243017268954,126.96155968607,서울특별시 용산구 한강로3가 40-363,4380,
MA010120220812077175,심플이브닝,,3130035,방산종합시장(방산시장),서울특별시 중구 을지로33길 14,37.5672586106794,126.999875489651,서울특별시 중구 주교동 253-2,4546,
MA010120220810034909,돌커피,,3110211,전곡마을마당공원,서울특별시 동대문구 전농로17길 36,37.5792559029288,127.055336745533,서울특별시 동대문구 전농동 204-42,2545,
MA010120220804114506,아소프로아,,3111061,암사역 1번,서울특별시 강동구 암사길 26,37.5515974418284,127.132123069391,서울특별시 강동구 암사동 493-28,5262,
MA0106202201A0153575,커피빈논현2015번지,코리아,3120187,신논현역,서울특별시 강남구 강남대로112길 20,37.5055101707325,127.026046453655,서울특별시 강남구 논현동 201-5,6120,
MA010120220806568029,두더지손,,3110786,당산역 8번,서울특별시 영등포구 당산로52길 31-1,37.5332979430003,126.905166163098,서울특별시 영등포구 당산동6가 110-42,7223,
MA010120220806913713,온더바닐라,,3120225,잠실새내역(신천),서울특별시 송파구 백제고분로9길 37,37.5099166457236,127.083256274263,서울특별시 송파구 잠실동 187-4,5559,
MA010120220803649613,열두달봄,,3110242,면목5동주민센터,서울특별시 중랑구 겸재로10길 18,37.5854508300463,127.078177552221,서울특별시 중랑구 면목동 174-17,2230,
MA0101202303A0023878,데이스타,,3110291,한성대입구역 3번,서울특별시 성북구 삼선교로16길 66,37.5853680988448,127.01086898957,서울특별시 성북구 삼선동2가 234,2864,
MA0101202307A0076163,컵CUB,,3111039,벌말어린이공원,서울특별시 송파구 마천로 196,37.502014630688,127.140540211611,서울특별시 송파구 오금동 133-23,5738,
MA0106202201A0440947,블루노트커피신설동점,,3120062,신설동역,서울특별시 동대문구 천호대로 4,37.5747705652869,127.023534819402,서울특별시 동대문구 신설동 117-23,2586,
MA010120220809909651,분더바스토어,,3120008,인사동,서울특별시 종로구 인사동11길 11,37.5737987867517,126.984253723653,서울특별시 종로구 관훈동 195,3145,
MA010120220800321747,앤드커피랩주,,3120195,성수대교남단,서울특별시 강남구 압구정로42길 12,37.5281229636156,127.035274577102,서울특별시 강남구 신사동 637-11,6017,
MA010120220807147906,꽃한잔,,3110060,효창공원앞역 6번,서울특별시 용산구 효창원로37다길 1,37.5374643203104,126.958497983797,서울특별시 용산구 용문동 38-154,4356,
MA010120220808479567,마음마루,,3110579,마포역 4번,서울특별시 마포구 마포대로4다길 31,37.5356564546543,126.944254227448,서울특별시 마포구 마포동 388-5,4178,
MA010120220800944785,준희빈다방,,3130235,대명여울빛거리시장(대명시장),서울특별시 금천구 시흥대로52길 35,37.4528172875765,126.901832103289,서울특별시 금천구 시흥동 889-14,8628,
MA010120220810155625,이삐커피고대,안암역점,3120074,안암역,서울특별시 성북구 고려대로 100,37.5861935924662,127.030422184556,서울특별시 성북구 안암동5가 96,2856,
MA010120220810652559,은꼬시,,3110555,홍익지구대,서울특별시 마포구 동교로12길 36,37.5527202292444,126.912622042441,서울특별시 마포구 서교동 383-2,4035,
MA010120220811628167,카페희다,,3120176,논현역 4번,서울특별시 서초구 주흥15길 16-4,37.5089534918103,127.018119120952,서울특별시 서초구 반포동 701-52,6533,
MA010120220811196721,카페쉼터,,3130036,중부시장(신중부시장),서울특별시 중구 을지로32길 33,37.5652043346645,127.001109243556,서울특별시 중구 오장동 145-9,4547,
MA010120220804265952,딥오리진&무지개,,3111062,둔촌동역 3번(성내3동주민센터),서울특별시 강동구 양재대로85길 65,37.5250281740739,127.131035427073,서울특별시 강동구 성내동 444-5,5407,
MA0106202403A0134319,카페사랑채,,3120017,동묘앞역(동묘),서울특별시 종로구 지봉로5길 7-5,37.5735016345886,127.014365165564,서울특별시 종로구 창신동 222-8,3104,
MA010120220803977915,세컨드커피,,3110344,화계중학교,서울특별시 강북구 화계사길 15,37.6335978867834,127.012609374525,서울특별시 강북구 수유동 464-11,1095,
MA010120220802871129,알디프,,3110566,경의선책거리,서울특별시 마포구 와우산로35길 19,37.5558669262408,126.929402067507,서울특별시 마포구 서교동 329-10,4052,
MA010120220809776296,부부커피,,3110540,망원나들목체육관,서울특별시 마포구 희우정로21길 21,37.5546466088373,126.899118360794,서울특별시 마포구 망원동 461-17,4005,
MA010120220808990780,커피온리혜화역,2호점,3120012,대학로(혜화역),서울특별시 종로구 대명길 5,37.5835305674533,127.001154801758,서울특별시 종로구 명륜4가 7,3078,
MA0101202406A0579658,베리코퍼레이션,,3110027,혜화역 1번,서울특별시 종로구 동숭3길 30,37.5823231452076,127.004777632072,서울특별시 종로구 동숭동 25-25,3085,
MA010120220803796875,몬테규,코리아,3120171,서초3동사거리,서울특별시 서초구 반포대로 32,37.4834377498276,127.012120530823,서울특별시 서초구 서초동 1451-1,6716,
MA0101202306A0070528,샌트SANT,,3130098,회기시장,서울특별시 동대문구 회기로25길 3,37.5907619067954,127.054643257215,서울특별시 동대문구 회기동 57-15,2452,
MA0101202406A0534154,카페아이엠티청계천,을지로점,3120026,을지로입구역,서울특별시 중구 남대문로10길 30,37.5674828278287,126.984390883158,서울특별시 중구 수하동 39-2,4539,
MA010120220804973882,메가엠지씨커피구산역점,,3120088,구산역,서울특별시 은평구 연서로 137,37.6111526901694,126.916834864964,서울특별시 은평구 구산동 1-1,3412,
MA010120220808425955,쥬씨&차얌구산역점,,3120088,구산역,서울특별시 은평구 연서로 137,37.6111526901694,126.916834864964,서울특별시 은평구 구산동 1-1,3412,
MA0101202303A0083777,오에스엠지,,3110885,영락고등학교,서울특별시 관악구 신림로36길 27-4,37.4761335117735,126.939098002491,서울특별시 관악구 신림동 94-7,8828,
MA010120220807891368,카페이륜당,연신내점,3110460,구산역 4번,서울특별시 은평구 연서로21길 22,37.6152152283303,126.915539132792,서울특별시 은평구 갈현동 478-18,3334,
MA010120220805101156,카페첼로,,3110699,덕의초등학교,서울특별시 구로구 중앙로15길 65,37.5065607052499,126.856137453259,서울특별시 구로구 고척동 216-3,8241,
MA010120220803945366,한샘다방,,3110377,미아사거리역 3번,서울특별시 강북구 월계로 41,37.6113932582569,127.034260569623,서울특별시 강북구 미아동 49-15,1222,
MA010120220810229025,바오담,,3120136,영등포구청역,서울특별시 영등포구 당산로27길 9-2,37.52499137694,126.895289353633,서울특별시 영등포구 당산동3가 366,7260,
MA010120220802282857,라온제나,,3110941,언남고등학교,서울특별시 서초구 마방로6길 8-19,37.4745471273442,127.041512421374,서울특별시 서초구 양재동 258-7,6777,
MA010120220801669913,라스투어,,3110507,명지대학교,서울특별시 서대문구 증가로6길 31,37.5779932736689,126.925962317274,서울특별시 서대문구 남가좌동 326-32,3666,
MA010120220808617612,르솔레일,,3110569,홍대땡땡거리,서울특별시 마포구 와우산로 162-14,37.554957908898,126.931077879481,서울특별시 마포구 서교동 325-7,4061,
MA0101202310A0056730,오에프엘씨,,3110511,연희초등학교,서울특별시 서대문구 연희로10길 49,37.5649689697615,126.932789111015,서울특별시 서대문구 연희동 34-6,3725,
MA010120220803775684,카페긴고랑길,,3110176,해오름공원,서울특별시 광진구 긴고랑로 158,37.5585728010491,127.092511756996,서울특별시 광진구 중곡동 75-18,4946,
MA0101202411A0082952,말릭커피로스터스,,3120105,상수역(홍대),서울특별시 마포구 와우산로 39-21,37.5481588460093,126.922166949751,서울특별시 마포구 상수동 310-11,4049,
MA0101202406A0108839,헬로Hello!도선생커피추출연구소,,3111023,문정역 1번,서울특별시 송파구 동남로2길 7,37.4885285933345,127.122536455012,서울특별시 송파구 문정동 44-8,5805,
MA0106202201A2015165,티하우스레몬서촌점,,3130001,통인시장,서울특별시 종로구 자하문로13길 4,37.5801662757766,126.97088219178,서울특별시 종로구 통인동 106,3036,
MA010120220811853859,그라운드커피,,3110974,언주중학교,서울특별시 강남구 선릉로120길 16,37.5139292404347,127.044000036246,서울특별시 강남구 삼성동 33-3,6093,
MA010120220803809459,나무아래커피작업실,,3110582,이대역 5번,서울특별시 마포구 숭문16길 24,37.555741350656,126.947815561049,서울특별시 마포구 염리동 9-3,4122,
MA010120220812010247,오달지다마카롱,,3110451,증산역 4번,서울특별시 은평구 증산서길 124,37.585992187365,126.910228199165,서울특별시 은평구 증산동 165-19,3497,
MA010120220803392656,창작공간,,3110216,전농중학교,서울특별시 동대문구 전농로16길 6,37.5783087378396,127.057679448874,서울특별시 동대문구 전농동 295-98,2506,
MA010120220810063750,토츠오츠,,3120027,명동역(명동재미로),서울특별시 중구 퇴계로 100,37.5602025754714,126.98293237296,서울특별시 중구 회현동2가 88,4631,
MA010120220812244831,향기내는사람들히즈빈스,명동점,3120029,을지로2가,서울특별시 중구 명동길 73,37.5644106609454,126.986236470912,서울특별시 중구 명동1가 1-3,4538,
MA010120220805337932,보로우커피,,3120002,서촌(경복궁역),서울특별시 종로구 자하문로10길 24,37.5792837686818,126.972841058498,서울특별시 종로구 통의동 12,3044,
MA010120220804022903,토마토,,3120178,신사역,서울특별시 강남구 강남대로150길 9,37.5159629022217,127.02057538287,서울특별시 강남구 논현동 1-7,6038,
MA0101202212A0006951,발도스커피,,3120111,목동사거리,서울특별시 양천구 등촌로 32,37.5329064845688,126.864142374242,서울특별시 양천구 목동 792-4,7965,
MA010120220812399806,그루브앤골드,,3110544,망리단길,서울특별시 마포구 망원로8길 67,37.5545622327163,126.906055916781,서울특별시 마포구 망원동 401-18,4014,
MA010120220804288972,항구도시연구소,,3110102,옥수역 6번,서울특별시 성동구 한림말3길 31,37.5437685951897,127.015423122181,서울특별시 성동구 옥수동 285-32,4735,
MA010120220813767344,까페랑솜,,3120012,대학로(혜화역),서울특별시 종로구 대학로11길 22,37.5823322510008,127.000441534771,서울특별시 종로구 명륜4가 83-1,3078,
MA010120220805889148,해성커피,,3130140,숭인시장,서울특별시 강북구 도봉로 41-1,37.6127189315762,127.029764752249,서울특별시 강북구 미아동 58,1211,
MA010120220808633905,카페달시,,3110036,동묘앞역 3번,서울특별시 종로구 종로66가길 15,37.573437555235,127.02108926748,서울특별시 종로구 숭인동 202-18,3115,
MA0101202305A0152058,모키커피앤티하우스,,3110765,문래동사거리,서울특별시 영등포구 경인로 732,37.5121518405934,126.895013212788,서울특별시 영등포구 문래동1가 58-16,7371,
MA010120220802044769,아이클럽,,3110670,신곡초등학교,서울특별시 강서구 곰달래로53길 100,37.5356550142192,126.856918842223,서울특별시 강서구 화곡동 470-11,7735,
MA010120220814309317,카페그레이스,,3110539,미근동,서울특별시 서대문구 통일로 103,37.5642178408716,126.967719174879,서울특별시 서대문구 미근동 202,3739,
MA010120220805155663,락동산,,3110481,불광역 7번,서울특별시 은평구 통일로 757,37.6128264850889,126.927388854438,서울특별시 은평구 대조동 2-9,3391,
MA010120220811798735,롬콤,,3111060,암사역 2번(서울강동초등학교),서울특별시 강동구 천중로15나길 15,37.5466631882104,127.129217464139,서울특별시 강동구 천호동 310-14,5322,
MA010120220813759161,더깨끗한푸드,,3110371,삼양입구사거리,서울특별시 강북구 솔샘로 318,37.6171163782413,127.027184022969,서울특별시 강북구 미아동 375-7,1204,
MA010120220807800353,까사드선주,,3110513,연희파출소,서울특별시 서대문구 연희로25길 72,37.5706181382974,126.93265951903,서울특별시 서대문구 연희동 85-17,3698,
MA010120220803449252,메가엠지씨커피거여역점,,3120241,거여역,서울특별시 송파구 오금로 504,37.4928554506506,127.144650422539,서울특별시 송파구 거여동 27,5773,
MA010120220812364982,뿌리깊은나무글로벌,,3120249,고덕역,서울특별시 강동구 동남로75길 29,37.5541560980138,127.154535506592,서울특별시 강동구 명일동 47-1,5269,
MA010120220800924818,희커피호프,,3110244,중화역 4번,서울특별시 중랑구 중랑역로 118,37.6039666540417,127.07749479474,서울특별시 중랑구 중화동 307-60,2014,
MA0101202306A0068557,슈가,,3120106,마포역,서울특별시 마포구 큰우물로 76,37.5407659129121,126.945947690867,서울특별시 마포구 도화동 544,4167,
MA0101202305A0027448,비커피,,3111062,둔촌동역 3번(성내3동주민센터),서울특별시 강동구 강동대로53길 50,37.524918476719,127.132449324548,서울특별시 강동구 성내동 438-4,5405,
MA0101202210A0035230,꼬냐카페,,3110741,독산2동주민센터,서울특별시 금천구 독산로51길 31,37.4631703280196,126.902327222679,서울특별시 금천구 독산동 1046-3,8618,
MA0101202406A0090789,우리커피맥주,,3130274,사당1동먹자골목상점가(사당1동먹자골목),서울특별시 동작구 동작대로7길 39,37.4789136002315,126.979920928305,서울특별시 동작구 사당동 1032-42,7015,
MA0106202307A0704055,학산테라로사커피청계광,장지점,3120023,서울시청,서울특별시 중구 청계천로 8,37.5688243345344,126.978221552342,서울특별시 중구 무교동 96,4520,
MA010120220814395136,향기내는사람들히즈빈스,성수점,3120050,서울숲역,서울특별시 성동구 왕십리로2길 20,37.5430304557086,127.046959152123,서울특별시 성동구 성수동1가 656-1212,4779,
MA010120220805124676,카페보우,,3120232,송파나루역,서울특별시 송파구 백제고분로 449,37.5109378089443,127.112257806973,서울특별시 송파구 방이동 108-8,5550,
MA010120220812488495,메가엠지씨커피연희점,,3120093,연희동,서울특별시 서대문구 연희로 98,37.5666257696779,126.930999216525,서울특별시 서대문구 연희동 187-47,3725,
MA0101202212A0098280,커피포레스트,,3110256,면목2동체육관,서울특별시 중랑구 동일로102길 41,37.5906467982806,127.082236499431,서울특별시 중랑구 면목동 135-23,2142,
MA010120220814335796,바른에프앤비한티역점빽다방,,3120212,한티역,서울특별시 강남구 도곡로 405,37.4974364020645,127.054643034829,서울특별시 강남구 대치동 938,6207,
MA010120220803240427,메가엠지씨커피한티역점,,3120212,한티역,서울특별시 강남구 도곡로 405,37.4974364020645,127.054643034829,서울특별시 강남구 대치동 938,6207,
MA010120220807389578,스베아,,3111071,천동초등학교,서울특별시 강동구 천중로40길 34,37.5396973049105,127.138200824943,서울특별시 강동구 길동 375-4,5341,
MA010120220800442699,창동빌딩카페무,,3130274,사당1동먹자골목상점가(사당1동먹자골목),서울특별시 동작구 동작대로1길 10-4,37.4774991894609,126.980972724789,서울특별시 동작구 사당동 1042-9,7025,
MA010120220800505420,카페넬비코로,,3110655,발산역 5번,서울특별시 강서구 공항대로42길 16,37.5572260596356,126.843613385894,서울특별시 강서구 내발산동 650-16,7646,
MA0101202406A0043097,센티멘트Sentiment,,3120093,연희동,서울특별시 서대문구 연희맛로 17-14,37.5672282825519,126.929051772829,서울특별시 서대문구 연희동 130-10,3707,
MA0106202203A1542987,디플랜성,수지점,3110132,성수2가3동주민센터,서울특별시 성동구 성수일로12가길 10,37.5494070195499,127.052892957072,서울특별시 성동구 성수동2가 299-136,4792,
MA010120220804865341,우면동다방,,3110931,삼성전자서울R&D(서울우면초등학교),서울특별시 서초구 성촌1길 26,37.4654072274451,127.021375390231,서울특별시 서초구 우면동 686,6765,
MA0101202411A0048397,패드커피,,3110931,삼성전자서울R&D(서울우면초등학교),서울특별시 서초구 성촌1길 26,37.4654072274451,127.021375390231,서울특별시 서초구 우면동 686,6765,
MA010120220813997887,굿네스카페,,3110022,경신고등학교,서울특별시 종로구 혜화로 50-1,37.5898645514092,126.999399905103,서울특별시 종로구 혜화동 9-8,3067,
MA010120220803639016,빠니니에꽁빠니,,3110214,경희대후문,서울특별시 동대문구 이문로9나길 32,37.5982305356516,127.055905661713,서울특별시 동대문구 이문동 264-325,2449,
MA010120220802740704,착한커피,,3120129,구로디지털단지,서울특별시 구로구 디지털로 273,37.4839585496172,126.894102926353,서울특별시 구로구 구로동 212-30,8381,
MA010120220809706654,빙달연희점,,3120093,연희동,서울특별시 서대문구 연희로 92,37.5661840564256,126.930614779392,서울특별시 서대문구 연희동 187-58,3725,
MA010120220803132448,빠넷빠베,,3120105,상수역(홍대),서울특별시 마포구 독막로 85,37.5477715732883,126.92240499205,서울특별시 마포구 상수동 309-10,4049,
MA010120220808706866,설빙쌍문점,,3130147,쌍문역동측상점가,서울특별시 도봉구 도봉로 460,37.6467030032348,127.033948177974,서울특별시 도봉구 창동 655-11,1455,
MA010120220806167242,더마실카페,,3130083,"중곡제일시장(중곡제일골목시장, 광성시장)",서울특별시 광진구 긴고랑로 41,37.563005210778,127.080915799968,서울특별시 광진구 중곡동 241-17,4910,
MA0106202201A2354016,PLOP,,3111024,경찰병원역 4번(건너말공원),서울특별시 송파구 중대로12길 16,37.4934649010792,127.12369793212,서울특별시 송파구 가락동 115-17,5829,
MA010120220811685975,도곡동쌍커피,,3120205,매봉역,서울특별시 강남구 논현로36길 19,37.4850792685473,127.043338628748,서울특별시 강남구 도곡동 412-8,6296,
MA0101202212A0055939,늘봄에,,3110636,방화역 2번,서울특별시 강서구 양천로17길 27-2,37.5750209523787,126.812818968091,서울특별시 강서구 방화동 453-30,7517,
MA010120220808725255,킹콩쥬스&커피,,3120136,영등포구청역,서울특별시 영등포구 당산로27길 9,37.5250004972091,126.895413780916,서울특별시 영등포구 당산동3가 364,7260,
MA010120220809530847,버터청크,,3110853,KT구로지사,서울특별시 관악구 조원로2길 47,37.481622448971,126.901647450138,서울특별시 관악구 신림동 1663-1,8768,
MA010120220808444519,혜화로456,,3110022,경신고등학교,서울특별시 종로구 혜화로 45-6,37.5895762297163,126.998845104841,서울특별시 종로구 명륜1가 31-4,3068,
MA010120220812727994,투영프로젝숀,,3110284,정릉북한산국립공원입구,서울특별시 성북구 보국문로38길 20,37.6189124711702,126.998980574607,서울특별시 성북구 정릉동 822-5,2700,
MA0101202406A0469309,캔스탑커피,중앙대점,3110840,중앙대학교,서울특별시 동작구 흑석로 85,37.5072989589086,126.959091502583,서울특별시 동작구 흑석동 190-34,6910,
MA010120220811684217,커피한잔,,3111048,천호역 1번(천호문구완구거리),서울특별시 강동구 올림픽로71길 30,37.5403367391032,127.122100697571,서울특별시 강동구 천호동 457-88,5248,
MA010120220808215780,샵힘이나는커피생활정동길점,,3110038,경향신문사,서울특별시 중구 정동길 10-1,37.5674439341726,126.969709953169,서울특별시 중구 정동 27-4,4516,
MA010120220811808713,커피코너,,3120037,동대문역사문화공원역,서울특별시 중구 을지로 276,37.5653211682289,127.008432527949,서울특별시 중구 을지로7가 105,4565,
MA010120220804461626,씨앤티도시,,3120205,매봉역,서울특별시 강남구 남부순환로370길 21,37.4843316172711,127.042829399916,서울특별시 강남구 도곡동 516-1,6296,
MA010120220810439743,오브너리,,3120042,"숙대입구역(남영역, 남영동)",서울특별시 용산구 한강대로 259,37.5415769511105,126.972413447588,서울특별시 용산구 갈월동 101-49,4322,
MA010120220814165145,다이빙룸,,3120042,"숙대입구역(남영역, 남영동)",서울특별시 용산구 한강대로 259,37.5415769511105,126.972413447588,서울특별시 용산구 갈월동 101-49,4322,
MA0101202303A0048333,올데이머그,,3110150,중곡1동 마을마당,서울특별시 광진구 긴고랑로8길 60,37.5609441417456,127.07761998508,서울특별시 광진구 중곡동 619-8,4917,
MA010120220814195442,옥수카페,,3110150,중곡1동 마을마당,서울특별시 광진구 긴고랑로8길 60,37.5609441417456,127.07761998508,서울특별시 광진구 중곡동 619-8,4917,
MA0101202406A0015067,돼지와플,,3111012,석촌역 6번,서울특별시 송파구 가락로15길 7-1,37.5015458353003,127.106306419709,서울특별시 송파구 석촌동 272-1,5688,
MA010120220809397916,카페비엔에스,,3120051,뚝섬역,서울특별시 성동구 상원길 19,37.5458768787001,127.048771479631,서울특별시 성동구 성수동1가 656-603,4779,
MA010120220803533749,다아는커피,,3110335,석계역 7번,서울특별시 성북구 한천로76길 33-18,37.612146420223,127.064546428996,서울특별시 성북구 석관동 131-50,2781,
MA010120220803080732,프롬플랜츠,,3110672,백석중학교,서울특별시 강서구 등촌로39가길 4,37.5459574491424,126.86027128947,서울특별시 강서구 등촌동 516-4,7670,
MA010120220800868947,이병순부동산,,3130208,목동깨비시장(목3동시장),서울특별시 양천구 목동중앙북로5길 16,37.549117328903,126.865776463436,서울특별시 양천구 목동 610-1,7946,
MA010120220812175280,김앤정씨앤비,,3130179,"이화여대 3,5,7길 상점가",서울특별시 서대문구 이화여대길 63,37.559064718558,126.94492718354,서울특별시 서대문구 대현동 56-51,3766,
MA010120220810388332,더까페상도점,,3130264,상도약수골목형상점가,서울특별시 동작구 양녕로26길 24,37.497570874575,126.943909367101,서울특별시 동작구 상도동 210-36,7037,
MA0101202212A0084847,커피디지응암,1호점,3110468,응암역 3번,서울특별시 은평구 진흥로1길 24,37.6025135402098,126.918758316609,서울특별시 은평구 역촌동 40-9,3408,
MA010120220803707958,하루,,3110419,수락산디자인거리,서울특별시 노원구 동일로242가길 14-6,37.6763638954929,127.05603224906,서울특별시 노원구 상계동 1119-22,1625,
MA010120220809815061,카페에리카,,3130323,둔촌역전통시장,서울특별시 강동구 풍성로56길 15,37.5283573095727,127.135091388119,서울특별시 강동구 성내동 416-11,5404,
MA0101202406A0575434,브라운시티서비스,,3120096,"이화여대(이대역, 이대)",서울특별시 서대문구 신촌로 169-7,37.5571003547391,126.944521196228,서울특별시 서대문구 대현동 90-60,3766,
MA010120220810039709,라벤더,,3120196,서울세관,서울특별시 강남구 언주로130길 11,37.5150130457411,127.036354283466,서울특별시 강남구 논현동 238-8,6098,
MA010120220808167732,골목숲,,3120005,삼청동,서울특별시 종로구 삼청로 86-3,37.5832138649041,126.982078005576,서울특별시 종로구 삼청동 63-14,3053,
MA010120220803359934,메가폰엔터테인먼트,,3120203,강남구청역,서울특별시 강남구 선릉로127길 11,37.5154080002609,127.040901612064,서울특별시 강남구 논현동 242-40,6099,
MA010120220800680517,장미다방,,3110871,신원동주민센터,서울특별시 관악구 신원로 6-1,37.4799566172899,126.928094221369,서울특별시 관악구 신림동 1635-66,8775,
MA010120220809303851,알,,3110066,서울역 15번,서울특별시 용산구 만리재로36길 9,37.5540003542977,126.967067189785,서울특별시 용산구 서계동 228-27,4300,
MA0101202307A0035622,코너아지트,,3120103,홍대입구역(홍대),서울특별시 마포구 와우산로19길 18,37.5513483106227,126.922061782724,서울특별시 마포구 서교동 364-14,4041,
MA0101202209A0002927,피니,,3110759,문래예술촌(문래창작촌),서울특별시 영등포구 도림로 463,37.5155817609202,126.891795996641,서울특별시 영등포구 문래동4가 4-1,7288,
MA010120220803308601,세렌제이까페,,3111007,석촌고분역 4번,서울특별시 송파구 백제고분로32길 29,37.4998435984156,127.094949836719,서울특별시 송파구 삼전동 174-5,5587,
MA010120220810033731,세루리안인사,,3120008,인사동,서울특별시 종로구 인사동12길 17,37.574744924193,126.984966700537,서울특별시 종로구 관훈동 83-2,3146,
MA010120220803962175,카페.1253,,3110413,누원고등학교,서울특별시 도봉구 도봉로180길 6,37.6831433290717,127.046673227896,서울특별시 도봉구 도봉동 62-4,1320,
MA0101202406A0530434,우리동네사랑방사회적협동조합,,3110688,오류지구대,서울특별시 구로구 고척로1길 23,37.4948622645177,126.839514259404,서울특별시 구로구 오류동 81-26,8255,
MA010120220803380711,학림커피,,3120012,대학로(혜화역),서울특별시 종로구 대학로 119,37.5819267928316,127.001675558764,서울특별시 종로구 명륜4가 94-2,3079,
MA010120220805283863,커피온리서울역사,,3120043,서울역,서울특별시 중구 세종대로 2,37.557164258937,126.972554831057,서울특별시 중구 남대문로5가 73-6,4527,
MA010120220800216610,캠프나인커피,,3120054,어린이대공원역,서울특별시 광진구 능동로19길 35,37.547018413802,127.071777772945,서울특별시 광진구 화양동 113-1,5009,
MA010120220813364255,소금과빛,,3110461,새절역 2번,서울특별시 은평구 불광천길 390-2,37.5913473363969,126.914615000601,서울특별시 은평구 응암동 585-45,3484,
MA010120220809651646,스콘&쿠키,,3110461,새절역 2번,서울특별시 은평구 불광천길 390-2,37.5913473363969,126.914615000601,서울특별시 은평구 응암동 585-45,3484,
MA010120220810801259,마당,,3110630,공항시장역 1번,서울특별시 강서구 개화동로27길 47-3,37.5646175770073,126.809132465275,서울특별시 강서구 방화동 614-182,7621,
MA010120220812494110,캘리스코리퍼크메리츠타워,본점,3120189,강남역,서울특별시 강남구 강남대로 382,37.4970491293837,127.028621856567,서울특별시 강남구 역삼동 825-2,6232,
MA010120220810897422,그레인바운더리,,3120186,가로수길,서울특별시 강남구 도산대로17길 37-1,37.5209448763089,127.023642335987,서울특별시 강남구 신사동 544-6,6033,
MA0101202306A0070198,라연커피,,3120186,가로수길,서울특별시 강남구 도산대로17길 37-1,37.5209448763089,127.023642335987,서울특별시 강남구 신사동 544-6,6033,
MA010120220807083496,엠오리진,,3110308,길음역 8번,서울특별시 성북구 삼양로 38,37.606458362384,127.024031777202,서울특별시 성북구 길음동 1158,2732,
MA010120220806546177,양재동커피집,,3120181,교육개발원입구사거리,서울특별시 서초구 양재천로 103-18,37.477133729854,127.039456248401,서울특별시 서초구 양재동 96-16,6748,
MA010120220811716616,어반플레이스몰글라스오브제,,3120198,구역삼세무서,서울특별시 강남구 역삼로 172,37.4951543104239,127.038187896794,서울특별시 강남구 역삼동 790-4,6248,
MA010120220810179741,프레스카투,,3120108,신정네거리역,서울특별시 양천구 신월로 282,37.5210619341957,126.852150369881,서울특별시 양천구 신정동 1190-2,8058,
MA010120220811758402,효다방,,3120032,충무로역,서울특별시 중구 충무로2길 38-1,37.5622309570301,126.995268924707,서울특별시 중구 충무로4가 129-1,4557,
MA0101202210A0056846,프라임커피,,3110724,금천구립가산도서관,서울특별시 금천구 가산로5길 81,37.473908816289,126.890284703745,서울특별시 금천구 가산동 237-3,8519,
MA0101202309A0072967,오디네리카페,,3110850,사당역 10번,서울특별시 동작구 사당로28길 58,37.4794901309113,126.979253727692,서울특별시 동작구 사당동 1034-41,7015,
MA010120220807490783,카타코토까페,,3120102,서교동(홍대),서울특별시 마포구 동교로 148-6,37.5551391639677,126.918583427974,서울특별시 마포구 서교동 463-22,4030,
MA010120220810271549,우정커피호프,,3110481,불광역 7번,서울특별시 은평구 통일로69길 4,37.6119797369934,126.927684150978,서울특별시 은평구 대조동 3-36,3391,
MA0101202406A0097848,달,,3120161,방배동가구거리(사당동가구거리),서울특별시 서초구 방배중앙로25길 42,37.4940961548763,126.983591987752,서울특별시 서초구 방배동 765-30,6555,
MA010120220811217749,예랑수,,3110473,구산역 1번,서울특별시 은평구 연서로18길 35,37.6120028453118,126.921545491761,서울특별시 은평구 대조동 46-8,3389,
MA010120220812747846,옐로우페탈커피로스터스,,3110142,화양사거리,서울특별시 광진구 동일로28길 9,37.546795803133,127.067296413343,서울특별시 광진구 화양동 23-41,5007,
MA0101202305A0004653,메테오카페,,3110580,양원초등학교,서울특별시 마포구 고산18길 6,37.5541093453669,126.945168490096,서울특별시 마포구 대흥동 18-25,4106,
MA010120220811285973,카페170,,3120033,을지로4가역,서울특별시 중구 을지로 170,37.5661413455792,126.997328726958,서울특별시 중구 을지로4가 323,4548,
MA010120220806442400,공차을지로트윈,타워점,3120033,을지로4가역,서울특별시 중구 을지로 170,37.5661413455792,126.997328726958,서울특별시 중구 을지로4가 323,4548,
MA010120220813384187,제주스을지트윈,타워점,3120033,을지로4가역,서울특별시 중구 을지로 170,37.5661413455792,126.997328726958,서울특별시 중구 을지로4가 323,4548,
MA010120220805843955,브브스VVS,,3120186,가로수길,서울특별시 강남구 강남대로160길 37,37.5203415943982,127.02160598001,서울특별시 강남구 신사동 520-12,6028,
MA010120220801317270,힘이나커피,,3120052,성수역,서울특별시 성동구 성수이로 117,37.545521815732,127.056975227946,서울특별시 성동구 성수동2가 289-321,4794,
MA010120220812534137,티비알,,3120044,삼각지역,서울특별시 용산구 한강대로62다길 9,37.5333331801421,126.974102269306,서울특별시 용산구 한강로1가 205-1,4382,
MA010120220806394682,메가커피숙대,,3120042,"숙대입구역(남영역, 남영동)",서울특별시 용산구 한강대로 277-2,37.5430635552697,126.972220536961,서울특별시 용산구 갈월동 90-15,4321,
MA0101202307A0001427,져니,,3110081,해방촌 남동측,서울특별시 용산구 신흥로 59,37.5437058450471,126.987258678623,서울특별시 용산구 용산동2가 22-12,4338,
MA010120220804768065,텀브커피쌍문점,,3130145,쌍문역둘리상점가,서울특별시 도봉구 도봉로109길 27,37.6468748082862,127.031727342275,서울특별시 도봉구 쌍문동 103-44,1448,
MA0101202411A0034335,메종드피폴라,,3120012,대학로(혜화역),서울특별시 종로구 대학로11길 19-5,37.5819808619016,127.000758530529,서울특별시 종로구 명륜4가 112-2,3079,
MA010120220808548404,풀딥커피,,3120039,신당역,서울특별시 중구 퇴계로 388-1,37.5650052009459,127.014737053687,서울특별시 중구 신당동 247-2,4611,
MA010120220808053346,카페지금여기456,,3120242,강동구청역,서울특별시 강동구 성내로6길 31,37.5283438116904,127.122692061142,서울특별시 강동구 성내동 456,5400,
MA0101202406A0036314,더데이즈커피,방배점,3120163,사당역 11번(사당역먹자골목),서울특별시 서초구 청두곶길 22,37.4785720240552,126.985426911219,서울특별시 서초구 방배동 469-1,6690,
MA0106202301A0514074,애브릿지,,3120037,동대문역사문화공원역,서울특별시 중구 을지로44길 24,37.565132090031,127.006338528481,서울특별시 중구 광희동1가 155-3,4561,
MA010120220808076301,카페어싸이드,,3110566,경의선책거리,서울특별시 마포구 신촌로2안길 35,37.5570470217507,126.929050109342,서울특별시 마포구 동교동 178-11,4056,
MA010120220808440914,에프이26,,3110120,서울숲카페거리,서울특별시 성동구 서울숲2길 12,37.5472316925467,127.039945809914,서울특별시 성동구 성수동1가 685-345,4768,
MA010120220806609849,자몽밀크티,,3110020,서울국제고등학교,서울특별시 종로구 명륜길 45-5,37.5890355089704,126.994440691955,서울특별시 종로구 명륜3가 1-27,3064,
MA010120220802740174,삼HUNDREDCOFFEE,,3120149,여의도역(여의도),서울특별시 영등포구 여의나루로 67,37.5235553090384,126.926513896832,서울특별시 영등포구 여의도동 25-4,7327,
MA010120220814143828,르띠,,3120228,석촌역(석촌호수),서울특별시 송파구 백제고분로39길 6-13,37.5054026604114,127.105723780155,서울특별시 송파구 석촌동 175-9,5616,
MA0101202406A0303041,메가엠지씨커피길동역점,,3120246,길동역,서울특별시 강동구 양재대로 1465,37.5368398262457,127.139315688272,서울특별시 강동구 길동 412-8,5353,
MA0106202201A1299846,데이즈커피,,3120150,63빌딩,서울특별시 영등포구 63로 36,37.5194086052803,126.938632996328,서울특별시 영등포구 여의도동 61-5,7345,
MA010120220814365491,고우온네트워크비아엠,,3120150,63빌딩,서울특별시 영등포구 63로 36,37.5194086052803,126.938632996328,서울특별시 영등포구 여의도동 61-5,7345,
MA0101202406A0081062,떡모다방,,3111063,강동구립 천호도서관,서울특별시 강동구 진황도로27길 59,37.5409470780356,127.132624769845,서울특별시 강동구 천호동 192-31,5333,
MA0101202406A0163195,삼겹살꼬치,,3120028,명동(명동거리),서울특별시 중구 명동길 14,37.5634101169288,126.982886367076,서울특별시 중구 명동2가 83-5,4536,
MA010120220800017772,디저트카페스테이,,3120045,남영동 먹자골목,서울특별시 용산구 한강대로84길 11,37.5437575445756,126.97317078719,서울특별시 용산구 남영동 35-2,4352,
MA010120220803323230,코끼리,,3110512,연희지하차도,서울특별시 서대문구 연희로31길 24-12,37.5765296107871,126.934340953958,서울특별시 서대문구 연희동 151-53,3696,
MA010120220806167899,네마,,3120005,삼청동,서울특별시 종로구 삼청로 86-4,37.5830967357671,126.982078033655,서울특별시 종로구 삼청동 63-17,3053,
MA0106202201A0153318,커피빈신촌역앞점,코리아,3120096,"이화여대(이대역, 이대)",서울특별시 서대문구 신촌역로 20,37.5583610934761,126.943139492933,서울특별시 서대문구 대현동 27-27,3766,
MA010120220806375757,카페투어인케이씨,,3110774,당산반도유보라팰리스아파트,서울특별시 영등포구 국회대로37길 25,37.5290144150088,126.900578371631,서울특별시 영등포구 당산동4가 32-2,7220,
MA010120220810107857,가든아트로뎀,,3120195,성수대교남단,서울특별시 강남구 언주로174길 13,37.5284654216656,127.03501453344,서울특별시 강남구 신사동 638-9,6017,
MA010120220812469809,유주얼쿠키,,3110095,한강진역 3번,서울특별시 용산구 한남대로27길 25,37.5378499885086,127.003247311959,서울특별시 용산구 한남동 729-22,4399,
MA010120220800511498,골든서울호텔커피숍투썸플레이스,,3110679,염창역 2번,서울특별시 강서구 공항대로 663,37.5479053621617,126.878124597949,서울특별시 강서구 염창동 260-7,7557,
MA010120220804151367,돌체커피호프,,3110262,상봉역 3번,서울특별시 중랑구 봉우재로33길 72,37.5952096534331,127.089352585424,서울특별시 중랑구 상봉동 88-93,2151,
MA0101202409A0232700,메가이레,,3110738,문성초등학교,서울특별시 금천구 독산로85길 35,37.4724767996711,126.901162023353,서울특별시 금천구 독산동 165-3,8546,
MA0101202303A0072345,뉴블카페,,3120045,남영동 먹자골목,서울특별시 용산구 한강대로76길 11-12,37.5420818453815,126.973884252508,서울특별시 용산구 남영동 99-1,4352,
MA010120220800023619,덤,,3110024,혜회동주민센터,서울특별시 종로구 창경궁로35길 7,37.5863777037055,127.001347320031,서울특별시 종로구 혜화동 88-1,3076,
MA010120220809408894,스몰디,,3120191,학동역,서울특별시 강남구 논현로 661,37.5129152648777,127.030878785463,서울특별시 강남구 논현동 130-9,6112,
MA0101202302A0078899,카페the곳,,3110417,월계역 3번,서울특별시 노원구 초안산로2길 116-1,37.6336383000657,127.058130038641,서울특별시 노원구 월계동 271-31,1867,
MA010120220812358866,꼬물베이크샵,,3110441,영신여고,서울특별시 노원구 중계로16길 26,37.6511123311227,127.081849856115,서울특별시 노원구 중계동 107-51,1722,
MA010120220803063953,디저트카페커피공원,,3130183,상암동상점가,서울특별시 마포구 월드컵북로44길 58,37.5771855168324,126.89453707181,서울특별시 마포구 상암동 16-3,3927,
MA0101202306A0029525,지피디파운데이션,,3110144,어린이대공원역 4번,서울특별시 광진구 능동로 167,37.5458103478516,127.072964781661,서울특별시 광진구 화양동 94-7,5010,
MA010120220809579404,카페루나토,,3110556,절두산순교성지,서울특별시 마포구 토정로4길 18,37.5448381284235,126.914860441408,서울특별시 마포구 합정동 81-2,4085,
MA010120220811933121,알피엠,,3120202,압구정로데오역(압구정로데오),서울특별시 강남구 언주로172길 64,37.5266621667353,127.039007174365,서울특별시 강남구 신사동 663-20,6018,
MA010120220806403310,모닝캄컴퍼니,,3120138,당산2동(영등포우체국),서울특별시 영등포구 당산로35길 1,37.5286872572344,126.897309265887,서울특별시 영등포구 당산동4가 36-3,7219,
MA0106202201A0041400,라이언스커피로스터스,,3110075,숙대입구역 1번,서울특별시 용산구 두텁바위로1길 49,37.5464698940222,126.974720104153,서울특별시 용산구 후암동 164-29,4334,
MA010120220804432672,래핑포레스트,,3130190,홍대소상공인상점가,서울특별시 마포구 잔다리로6길 40-8,37.5520235632842,126.92131416975,서울특별시 마포구 서교동 366-18,4042,
MA0101202209A0053228,카페컬렉터,,3120200,학동사거리,서울특별시 강남구 도산대로 332,37.5225178046895,127.038247088558,서울특별시 강남구 논현동 93-4,6055,
MA010120220811807019,언맷피플,,3110126,서울숲역 1번,서울특별시 성동구 왕십리로 82-20,37.5448599723357,127.045715568912,서울특별시 성동구 성수동1가 658-5,4778,
MA0106202401A0056832,이디야삼성금융연,수원점,3110930,서초동성당,서울특별시 서초구 사임당로23길 27,37.4919151152328,127.020286090954,서울특별시 서초구 서초동 1641-10,6635,
MA0101202301A0091850,네오피스트,,3110559,성산중학교,서울특별시 마포구 토정로5길 23,37.5465074678849,126.918389128973,서울특별시 마포구 합정동 358-26,4073,
MA0101202406A0481700,올림픽북단점빽다방,,3120061,올림픽대교북단,서울특별시 광진구 아차산로 480,37.540460559164,127.095250250308,서울특별시 광진구 구의동 199-8,5117,
MA0101202409A0152680,어니언컴퍼니한남점,,3110089,서빙고동주민센터,서울특별시 용산구 서빙고로 295,37.5211093563619,126.996029436264,서울특별시 용산구 동빙고동 162-2,4398,
MA010120220814240883,가비루,,3110489,불광역 3번,서울특별시 은평구 녹번로 55,37.6063052821713,126.930645478875,서울특별시 은평구 녹번동 109-20,3376,
MA010120220809853259,파쪼카페,,3120203,강남구청역,서울특별시 강남구 선릉로 670,37.5166961583311,127.041694118743,서울특별시 강남구 삼성동 1-4,6088,
MA010120220802782174,크로와플마침내카페,,3120001,서대문역,서울특별시 서대문구 통일로 143,37.5671182971825,126.965080572752,서울특별시 서대문구 냉천동 244,3735,
MA0106202208A0603260,폴바셋서머셋,팰리스점,3120004,종로구청,서울특별시 종로구 율곡로2길 7,37.5750146895515,126.981242268804,서울특별시 종로구 수송동 85,3143,
MA0101202211A0029867,어센틱커피,,3110165,국립정신건강센터,서울특별시 광진구 용마산로 97,37.5622891856309,127.086879805298,서울특별시 광진구 중곡동 150-104,4935,
MA010120220806855400,커피집단카페소프트구로지점,,3110722,G타워,서울특별시 구로구 디지털로26길 72,37.4809963892866,126.896537916745,서울특별시 구로구 구로동 222-22,8393,
MA0101202305A0202113,그린그레스,,3120067,장안동사거리,서울특별시 동대문구 답십리로 273,37.572688392196,127.070817567267,서울특별시 동대문구 장안동 307-6,2530,
MA010120220813840267,커피다,,3110102,옥수역 6번,서울특별시 성동구 한림말5길 11,37.5423178280082,127.016588304462,서울특별시 성동구 옥수동 365-6,4735,
MA0101202311A0012208,와플샵홈플러스,월드컵점,3120099,월드컵경기장역(월드컵경기장),서울특별시 마포구 월드컵로 240,37.5682861064388,126.897277565403,서울특별시 마포구 성산동 515,3932,
MA010120220812115366,스템상암,,3120099,월드컵경기장역(월드컵경기장),서울특별시 마포구 월드컵로 240,37.5682861064388,126.897277565403,서울특별시 마포구 성산동 515,3932,
MA0101202406A0587431,썬월드,,3130157,상계중앙시장,서울특별시 노원구 상계로23다길 45,37.6600482549892,127.070730470018,서울특별시 노원구 상계동 169-408,1682,
MA010120220811665698,산돌사회적협동조합,,3110395,신한은행 방학동지점,서울특별시 도봉구 방학로6길 20-9,37.6643071347137,127.037458351185,서울특별시 도봉구 방학동 697-15,1342,
MA0101202406A0012971,라온까페,,3120045,남영동 먹자골목,서울특별시 용산구 한강대로84길 9,37.5437665262232,126.973046312706,서울특별시 용산구 남영동 34,4352,
MA0101202306A0054593,브리앙리,,3110992,도곡초등학교,서울특별시 강남구 삼성로67길 50,37.5000939900264,127.055459217582,서울특별시 강남구 대치동 916-73,6201,
MA010120220808143607,엘리펀트,,3130219,까치산시장,서울특별시 강서구 강서로 60-1,37.533145738803,126.846175378638,서울특별시 강서구 화곡동 340-50,7756,
MA010120220813178398,브루다한국노총,,3120149,여의도역(여의도),서울특별시 영등포구 국제금융로6길 26,37.5219608233275,126.926979263912,서울특별시 영등포구 여의도동 35,7328,
MA010120220803978080,작약,,3110396,쌍문역1번(쌍리단길),서울특별시 도봉구 도봉로118길 10,37.6489639632043,127.035671596706,서울특별시 도봉구 창동 659-1,1454,
MA0101202302A0069364,커피사피엔스성수우림점,,3110137,성수초등학교,서울특별시 성동구 광나루로6길 35,37.5468070221019,127.063301865689,서울특별시 성동구 성수동2가 280-21,4799,
MA0101202409A0117002,국민커피,,3110140,건대입구역 6번,서울특별시 광진구 동일로18길 43,37.5394628087575,127.065264452113,서울특별시 광진구 자양동 13-41,5072,
MA010120220802602917,더블엠컴퍼니,,3120003,광화문역,서울특별시 종로구 세종대로23길 47,37.5713642217614,126.973704235055,서울특별시 종로구 당주동 145,3182,
MA010120220810077233,디와이에이치,,3120003,광화문역,서울특별시 종로구 세종대로23길 47,37.5713642217614,126.973704235055,서울특별시 종로구 당주동 145,3182,
MA010120220812152121,시루뫼북카페,,3110449,증산역 3번,서울특별시 은평구 증산서길 89,37.5843499018034,126.907026128472,서울특별시 은평구 증산동 187-19,3498,
MA010120220811763899,커피브라더,신림점,3110875,보라매동주민센터(당곡고등학교),서울특별시 관악구 봉천로 271-1,37.4881218300344,126.931591618072,서울특별시 관악구 봉천동 969-11,8720,
MA010120220811766205,커피엔드붕붕,,3111066,암사동성당(효정하나플러스아파트),서울특별시 강동구 구천면로47길 7,37.548620580027,127.135275061302,서울특별시 강동구 암사동 488-25,5265,
MA010120220804357493,뉴욕,,3130150,창동골목시장,서울특별시 도봉구 덕릉로 230-1,37.6383135857443,127.038057111549,서울특별시 도봉구 창동 557-99,1473,
MA0101202409A0103673,요커,남구로점,3110717,남구로역 2번,서울특별시 구로구 디지털로27길 69,37.4839909557131,126.89012297732,서울특별시 구로구 가리봉동 115-121,8383,
MA010120220802330884,부어크,,3110008,배화여자대학교(박노수미술관),서울특별시 종로구 필운대로5가길 11-6,37.5797600934645,126.968040775322,서울특별시 종로구 누하동 104,3037,
MA0101202406A0344839,오엘커피,,3120103,홍대입구역(홍대),서울특별시 마포구 잔다리로 30-32,37.5519506780071,126.920114665117,서울특별시 마포구 서교동 368-34,4042,
MA010120220800013501,포석정,,3120012,대학로(혜화역),서울특별시 종로구 대학로11길 38-10,37.582422350962,127.000226428361,서울특별시 종로구 명륜4가 70-10,3078,
MA010120220809807508,코랄이앤씨,,3110939,양재역 8번(양재동우체국),서울특별시 서초구 바우뫼로39길 67-17,37.4828912899505,127.039120084374,서울특별시 서초구 양재동 9-23,6742,
MA010120220803103034,카페라움,,3110345,솔밭공원역 2번,서울특별시 강북구 삼양로155길 12,37.6563567466718,127.012556559137,서울특별시 강북구 우이동 56-49,1005,
MA010120220813810533,오페뜨후암점,,3110077,삼광초등학교,서울특별시 용산구 후암로 27,37.5483625761653,126.977616428658,서울특별시 용산구 후암동 105-192,4332,
MA0106202201A0153526,커피빈세종문화회관옆점,코리아,3120003,광화문역,서울특별시 종로구 새문안로9길 25,37.5713465843372,126.975481440591,서울특별시 종로구 당주동 20-1,3183,
MA0101202411A0039304,겨울빙수,,3110189,제기동역 1번,서울특별시 동대문구 왕산로23길 43,37.5803000254017,127.034325564569,서울특별시 동대문구 제기동 1156-15,2576,
MA0101202406A0158952,카페바이올렛,,3110878,미림여고,서울특별시 관악구 호암로 534,37.4652902870291,126.931657641045,서울특별시 관악구 신림동 305,8821,
MA0101202406A0248516,메가엠지씨커피명일역점,,3120248,명일역,서울특별시 강동구 양재대로 1641,37.5520882845336,127.143859477607,서울특별시 강동구 명일동 312-42,5257,
MA010120220804208982,믹스엠,,3120028,명동(명동거리),서울특별시 중구 명동8길 2,37.5635274595521,126.984425664118,서울특별시 중구 명동2가 50-6,4536,
MA010120220800388499,대학가,,3120217,대치사거리,서울특별시 강남구 역삼로 458,37.5025437957153,127.057406236792,서울특별시 강남구 대치동 912-10,6202,
MA0101202210B0019345,이피코웍스,,3110464,연신내역 5번,서울특별시 은평구 연서로25길 6-7,37.617054991955,126.918017591208,서울특별시 은평구 갈현동 481-6,3333,
MA010120220813097995,클래직,,3130032,인현시장,서울특별시 중구 마른내로 62-1,37.5641500559569,126.994714189385,서울특별시 중구 인현동2가 99-16,4556,
MA0101202209A0092253,다인茶人,,3120008,인사동,서울특별시 종로구 인사동길 28-1,37.5732764427666,126.986110319089,서울특별시 종로구 관훈동 6,3148,
MA0101202310A0097426,알로커피ALLOCOFFee,,3120239,오금역,서울특별시 송파구 송이로17길 54-28,37.5008413871114,127.126299879603,서울특별시 송파구 가락동 13-9,5702,
MA0106202201A0521169,알라딘중고서점커피알라딘커,수유점,3120076,수유역,서울특별시 강북구 도봉로 342,37.6380285156864,127.026126634357,서울특별시 강북구 번동 418-17,1063,
MA010120220800126766,네스카페,,3120020,시청역_1번,서울특별시 중구 덕수궁길 15,37.564553105264,126.97561949182,서울특별시 중구 서소문동 37,4515,
MA010120220804418375,송파다방,,3120230,송파사거리(송파역),서울특별시 송파구 송파대로 365,37.5004151675176,127.111099840973,서울특별시 송파구 석촌동 296-17,5697,
MA0101202406A0089444,커피&우동그리덮밥,,3111036,투구봉어린이공원,서울특별시 송파구 문정로13길 15,37.4944525186347,127.135109452089,서울특별시 송파구 가락동 186-9,5782,
MA0101202209A0088428,1%리버티커피,,3120026,을지로입구역,서울특별시 중구 을지로 51,37.5664916359649,126.983677992578,서울특별시 중구 을지로2가 6,4539,
MA010120220805443823,린덴,,3110544,망리단길,서울특별시 마포구 월드컵로23길 82-3,37.5543460025403,126.906067505379,서울특별시 마포구 망원동 401-21,4014,
MA010120220806903273,코지카커피,,3110151,자양한강도서관,서울특별시 광진구 자양번영로4길 42-22,37.5302023235087,127.077214771268,서울특별시 광진구 자양동 597-42,5099,
MA0101202411A0112892,하루홍차,,3110139,자양4동주민센터,서울특별시 광진구 능동로3길 67,37.5342197684813,127.063834303059,서울특별시 광진구 자양동 57-105,5087,
MA010120220812124526,프라이빗,,3130186,망원시장,서울특별시 마포구 월드컵로23길 38,37.5562390434127,126.907264779124,서울특별시 마포구 망원동 414-36,4011,
MA010120220803158855,사층,,3130035,방산종합시장(방산시장),서울특별시 중구 을지로35길 26-1,37.5678892999843,127.001358306168,서울특별시 중구 방산동 109-2,4546,
MA010120220809677449,검프,,3120032,충무로역,서울특별시 중구 퇴계로36길 35,37.5604740120239,126.995235081514,서울특별시 중구 필동2가 18-7,4625,
MA010120220800068015,아주신씨화곡파우암재단,,3120003,광화문역,서울특별시 종로구 세종대로23길 15,37.5715087986009,126.975651183897,서울특별시 종로구 도렴동 150-1,3183,
MA010120220806901006,청담커피,,3120216,경기고교사거리(경기고교앞사거리),서울특별시 강남구 학동로97길 20,37.5211414240479,127.055520040921,서울특별시 강남구 청담동 71-25,6072,
MA010120220804148639,알롱달롱,,3110819,신대방역 4번,서울특별시 동작구 신대방14길 6,37.4894409961288,126.910196876226,서울특별시 동작구 신대방동 601-18,7067,
MA0101202310A0002602,첩첩,,3110902,사당역 4번,서울특별시 관악구 남현4길 1,37.4749034915084,126.976575668074,서울특별시 관악구 남현동 1081-17,8805,
MA010120220808279572,스윗랜드,,3110983,국립국악고등학교,서울특별시 강남구 개포로26길 16,37.4780401353567,127.049100445418,서울특별시 강남구 개포동 1216-4,6308,
MA0101202406A0421124,담연당,,3110677,등촌역 1번,서울특별시 강서구 공항대로61길 39,37.5527487276761,126.866109458718,서울특별시 강서구 등촌동 633-29,7553,
MA010120220806742062,서현카페,,3120004,종로구청,서울특별시 종로구 종로5길 86,37.5741495129403,126.979895386135,서울특별시 종로구 수송동 104,3151,
MA010120220810424805,브루밸류,,3110331,돌곶이역 8번,서울특별시 성북구 화랑로32길 68-1,37.6075187865047,127.057894526229,서울특별시 성북구 석관동 261-157,2789,
MA010120220813153787,랑데자뷰약수,,3110049,장충단 고개,서울특별시 중구 동호로 222,37.5577077060073,127.008974918443,서울특별시 중구 신당동 377-59,4607,
MA0101202307A0022518,하프잇댕,,3111008,석촌고분역 3번,서울특별시 송파구 가락로 33,37.4990192347266,127.100331786437,서울특별시 송파구 석촌동 226-5,5691,
MA0101202406A0048202,마노아,,3120245,둔촌역,서울특별시 강동구 강동대로55길 87,37.526259551461,127.133707429334,서울특별시 강동구 성내동 430-2,5405,
MA010120220800283349,스위치,,3130056,용산용문시장,서울특별시 용산구 원효로41길 53,37.535473674761,126.960139662814,서울특별시 용산구 원효로3가 1-33,4363,
MA010120220814362117,환심,,3130135,수유중앙골목시장(수유중앙시장),서울특별시 강북구 삼각산로 142-1,37.6409849321474,127.020065959738,서울특별시 강북구 수유동 37-36,1076,
MA010120220805011716,이야기꽃이피었습니다이꽃피,,3110293,삼선중학교,서울특별시 성북구 동소문로13가길 68,37.5907111043395,127.009488400365,서울특별시 성북구 동소문동4가 112-2,2832,
MA0101202311A0017543,히도커피,,3110286,한성대입구역 5번,서울특별시 성북구 창경궁로43길 27,37.5891346848007,127.003894917526,서울특별시 성북구 성북동1가 91,2880,
MA010120220803664796,선에프앤비,,3120066,장한평역(장한평),서울특별시 동대문구 천호대로81길 7,37.5627995518861,127.063632311078,서울특별시 동대문구 장안동 418-5,2634,
MA010120220806545197,안단티노,,3110275,하나은행 망우동지점,서울특별시 중랑구 망우로66길 49,37.597327758562,127.099637012413,서울특별시 중랑구 망우동 465-3,2165,
MA010120220810230559,자작카페핸리,,3130318,로데오거리상점가,서울특별시 강동구 천호대로157길 14,37.5382319297693,127.127290724932,서울특별시 강동구 천호동 453-19,5335,
MA010120220806784913,플럼파이,,3110760,선유도역 6번,서울특별시 영등포구 선유로47길 34,37.5368379061716,126.893462468382,서울특별시 영등포구 양평동4가 94,7208,
MA010120220813617571,이미커피,,3110717,남구로역 2번,서울특별시 구로구 디지털로27길 116,37.4849080724332,126.888086431571,서울특별시 구로구 구로동 798-30,8374,
MA0101202310A0046780,텐퍼센트양재역점,,3120179,양재역,서울특별시 강남구 남부순환로 2609,37.4849648734462,127.035095982176,서울특별시 강남구 도곡동 957-14,6267,
MA0101202411A0125037,보리원양재역점,,3120179,양재역,서울특별시 강남구 남부순환로 2609,37.4849648734462,127.035095982176,서울특별시 강남구 도곡동 957-14,6267,
MA010120220800777134,83번가,,3120177,신논현역 1번,서울특별시 서초구 강남대로83길 68,37.5045832350702,127.02045916295,서울특별시 서초구 반포동 732-22,6540,
MA0101202411A0138059,마이프룻,,3120177,신논현역 1번,서울특별시 서초구 강남대로83길 68,37.5045832350702,127.02045916295,서울특별시 서초구 반포동 732-22,6540,
MA010120220812785769,우드브루,,3110553,가좌역 2번,서울특별시 마포구 월드컵북로 168,37.5673055089831,126.910148757788,서울특별시 마포구 성산동 200-6,3949,
MA010120220810126486,카페홍시,,3110539,미근동,서울특별시 서대문구 통일로 107,37.5644880651261,126.967447409407,서울특별시 서대문구 미근동 193,3739,
MA010120220800590590,비단뜨락,,3110446,내를건너서숲으로도서관,서울특별시 은평구 증산로15길 47,37.5902431939132,126.908049154528,서울특별시 은평구 신사동 163-17,3447,
MA010120220808920580,노원실버카페,,3120083,등나무근린공원,서울특별시 노원구 동일로 1229,37.6389587868802,127.066348426283,서울특별시 노원구 중계동 507-3,1779,
MA0101202210A0039157,꽁다방,,3110753,시흥동 은행나무사거리,서울특별시 금천구 금하로24길 28,37.4498130815336,126.908277826411,서울특별시 금천구 시흥동 918-17,8643,
MA010120220813478654,빅스트로우버블티,성북점,3110290,북한산보국문역 1번,서울특별시 성북구 솔샘로24길 65,37.6137133336276,127.010182217982,서울특별시 성북구 정릉동 254-77,2711,
MA0101202306A0034760,플틴,,3130214,송화벽화시장(송화골목시장),서울특별시 강서구 강서로 279-33,37.5502678467418,126.835140519338,서울특별시 강서구 내발산동 718-9,7639,
MA0101202409A0010910,쥐쥐앤비카페,,3110650,우장산힐스테이트,서울특별시 강서구 강서로 330,37.5551544839194,126.837472431849,서울특별시 강서구 내발산동 666-4,7652,
MA010120220811722744,에버델리,,3130183,상암동상점가,서울특별시 마포구 월드컵북로 332-16,37.5764197234652,126.894594754366,서울특별시 마포구 상암동 34-101,3930,
MA010120220814253356,오더바틀,,3120225,잠실새내역(신천),서울특별시 송파구 백제고분로9길 41,37.5099524382176,127.083606938289,서울특별시 송파구 잠실동 187-13,5559,
MA010120220813749663,커피;온수서현대벤처빌점,,3120224,수서역,서울특별시 강남구 밤고개로1길 10,37.4880166487645,127.101843534794,서울특별시 강남구 수서동 713,6349,
MA010120220805493635,빽다방수서역점,,3120224,수서역,서울특별시 강남구 밤고개로1길 10,37.4880166487645,127.101843534794,서울특별시 강남구 수서동 713,6349,
MA010120220803084789,카페리버런랜드,,3120172,교대입구교차로,서울특별시 서초구 반포대로18길 36,37.4869156617078,127.011928873874,서울특별시 서초구 서초동 1582-3,6652,
MA010120220808051946,에이더블유오,,3110131,성수동카페거리,서울특별시 성동구 연무장길 28-16,37.5429831911093,127.052232122376,서울특별시 성동구 성수동2가 310-60,4781,
MA0101202212A0052531,쉼표,,3110458,선일여고,서울특별시 은평구 갈현로29길 24-1,37.6203671730182,126.913188581439,서울특별시 은평구 갈현동 242-3,3321,
MA010120220800783530,커피JUN,,3110994,개포고등학교,서울특별시 강남구 선릉로4길 19,37.4830433743112,127.062580953475,서울특별시 강남구 개포동 157-9,6325,
MA0101202406A0165712,양지다방,,3110503,명지대학교교회,서울특별시 서대문구 명지대1라길 13,37.5817935596141,126.922981046842,서울특별시 서대문구 남가좌동 5-205,3673,
MA010120220814253839,카페효,,3110586,서울서부지방법원,서울특별시 마포구 마포대로14길 13,37.5485818177092,126.956183296026,서울특별시 마포구 공덕동 105-68,4207,
MA0101202302A0104692,오아시스해방촌,,3110081,해방촌 남동측,서울특별시 용산구 신흥로 62,37.5438410107391,126.987405758174,서울특별시 용산구 용산동2가 24-17,4339,
MA0101202307A0054071,그린페이지,,3111089,상일여고(상일초등학교),서울특별시 강동구 천호대로221길 27,37.5481394652707,127.172583770056,서울특별시 강동구 상일동 298-9,5283,
MA010120220800074745,언더투에니포주,,3130012,"동대문종합시장(동대문종합시장 신관, 동대문종합시장D동상가)",서울특별시 종로구 종로40길 9,37.5705380334131,127.006893647909,서울특별시 종로구 종로6가 261-1,3198,
MA0101202411A0170624,아이갓에브리씽강동어울림점,,3111052,암사역 3번(천호동자전거거리),서울특별시 강동구 올림픽로 741,37.5475223664593,127.126231488825,서울특별시 강동구 천호동 316-15,5244,
MA0101202302A0113462,커피에반하다스마트카페,,3110898,청림동주민센터(상도중학교),서울특별시 관악구 관악로 306,37.4912153369113,126.95722320809,서울특별시 관악구 봉천동 1000,8730,
MA010120220809875589,혜화동양과자점,,3110024,혜회동주민센터,서울특별시 종로구 혜화로 14,37.586792167753,127.000294374076,서울특별시 종로구 혜화동 74-36,3076,
MA010120220810034237,빌로우BELOW,,3130186,망원시장,서울특별시 마포구 포은로6길 4,37.555606819188,126.905341612045,서울특별시 마포구 망원동 403-16,4010,
MA0101202406A0300662,어브리지커피,,3110560,마포FM,서울특별시 마포구 성미산로 92,37.5609950910906,126.917784784177,서울특별시 마포구 성산동 226-7,3986,
MA0101202310A0004654,캄웨이브,,3110224,외대앞역 2번,서울특별시 동대문구 휘경로 33-3,37.5952353721467,127.063558010459,서울특별시 동대문구 이문동 82-29,2427,
MA0101202305A0188372,데보,,3120105,상수역(홍대),서울특별시 마포구 독막로15길 19,37.5486542604058,126.921962741113,서울특별시 마포구 상수동 311-1,4049,
MA0101202310A0073670,티지커피233,,3120193,도산공원교차로,서울특별시 강남구 도산대로 233,37.5214653962456,127.032341582639,서울특별시 강남구 신사동 629-31,6026,
MA0101202406A0082787,프로젝트서울신설동점,,3110181,신설동역 9번,서울특별시 동대문구 난계로26길 69,37.5712829374422,127.027156035948,서울특별시 동대문구 신설동 94-26,2586,
MA0106202201A0153162,커피빈코리아대치,한티점,3120212,한티역,서울특별시 강남구 선릉로64길 23,37.4983015866062,127.054168699656,서울특별시 강남구 대치동 924-9,6205,
MA0101202309A0073079,에이치카페,,3110728,두산초등학교,서울특별시 금천구 벚꽃로18길 36,37.4678093734291,126.89071187024,서울특별시 금천구 독산동 1002,8587,
MA010120220800792638,디저트39이수역점,,3110904,이수역 5번,서울특별시 서초구 서초대로 12,37.4850590572226,126.983661804588,서울특별시 서초구 방배동 421-1,6675,
MA010120220813907661,뿌리온더플레이트,,3120007,북촌(안국역),서울특별시 종로구 계동길 57,37.579880789179,126.986607217767,서울특별시 종로구 계동 100-1,3056,
MA0101202406A0147506,리프컵스,,3120021,시청역_8번,서울특별시 중구 서소문로 116,37.5627327498943,126.974012866903,서울특별시 중구 서소문동 75-95,4513,
MA0101202306A0010801,식스디그리스커피,,3110120,서울숲카페거리,서울특별시 성동구 서울숲2길 11-13,37.5477002003536,127.039980008414,서울특별시 성동구 성수동1가 685-442,4768,
MA0101202305A0119278,더은,코리아,3110489,불광역 3번,서울특별시 은평구 통일로 687,37.6075405193389,126.93216191171,서울특별시 은평구 녹번동 117-44,3375,
MA010120220812908623,비앤씨매니아충정점,,3120097,충정로역,서울특별시 서대문구 서소문로 21,37.5599010185247,126.964087956483,서울특별시 서대문구 충정로3가 464,3742,
MA010120220812559286,알커피컴퍼니,,3110536,돈의문센트레빌아파트입구,서울특별시 서대문구 경기대로 79,37.5658927332656,126.964379372089,서울특별시 서대문구 충정로2가 47,3746,
MA0101202306A0098839,비비커피상일동역점,,3111088,고덕동성당,서울특별시 강동구 고덕로83길 56,37.5595244990167,127.168818516737,서울특별시 강동구 고덕동 187-1,5222,
MA010120220812348776,인서트,,3110142,화양사거리,서울특별시 광진구 군자로7길 25,37.5456774729921,127.069185156083,서울특별시 광진구 화양동 16-54,5012,
MA0101202209A0041516,인서트,,3110142,화양사거리,서울특별시 광진구 군자로7길 25,37.5456774729921,127.069185156083,서울특별시 광진구 화양동 16-54,5012,
MA010120220811060976,에스더블류플레이스,,3120169,서초역,서울특별시 서초구 서초대로 254,37.4920245858729,127.009622903384,서울특별시 서초구 서초동 1553-5,6647,
MA0101202302A0094781,달콤스타온도,,3111035,오금공원(오주중학교),서울특별시 송파구 동남로23길 29,37.5021395749861,127.133811426368,서울특별시 송파구 오금동 58-10,5727,
MA010120220813429232,제이에이치대학로무대,,3120012,대학로(혜화역),서울특별시 종로구 대학로11길 23,37.5820619530176,127.000418890448,서울특별시 종로구 명륜4가 113-1,3079,
MA010120220814216790,블루닷에프엔씨,,3110062,한강로동땡땡거리(은행나무길),서울특별시 용산구 한강대로15길 9-17,37.5252212856735,126.963244816621,서울특별시 용산구 한강로3가 40-453,4379,
MA010120220801062466,에스앤에프네트웍스,,3120210,선릉역,서울특별시 강남구 선릉로 514,37.5056019220296,127.049163729915,서울특별시 강남구 삼성동 141,6162,
MA0101202409A0186702,카페어거스트,,3120210,선릉역,서울특별시 강남구 선릉로 514,37.5056019220296,127.049163729915,서울특별시 강남구 삼성동 141,6162,
MA0106202301A1121231,와플.수플레그리고커피,,3110869,"신림역 5번(신림동주민센터, 신림동별빛거리)",서울특별시 관악구 관천로12길 27,37.4862264615135,126.926188656129,서울특별시 관악구 신림동 1460-3,8759,
MA0101202307A0037469,지쓰리카페미뇽,코리아,3001492,명동 남대문 북창동 다동 무교동 관광특구,서울특별시 중구 남대문로 68,37.5631126962378,126.982263917874,서울특별시 중구 명동2가 86,4535,
MA0101202306A0053165,더블유블라썸,,3001492,명동 남대문 북창동 다동 무교동 관광특구,서울특별시 중구 남대문로 84,37.5646805151256,126.982840801534,서울특별시 중구 남대문로2가 9-1,4534,
MA010120220803262509,카페비비씨,,3110189,제기동역 1번,서울특별시 동대문구 왕산로19라길 3,37.5788225782182,127.03369091745,서울특별시 동대문구 제기동 1158-40,2576,
MA010120220806940844,빼더,,3130086,서울약령시장,서울특별시 동대문구 약령중앙로 31-12,37.5812453004879,127.036873277376,서울특별시 동대문구 제기동 890-16,2569,
MA0101202305A0130504,페이브커피,,3120165,서래마을카페거리(서래마을),서울특별시 서초구 사평대로26길 26-7,37.4990077716969,126.998552472,서울특별시 서초구 반포동 92-14,6577,
MA0106202201A0422204,달콤커피서래,마을점,3120165,서래마을카페거리(서래마을),서울특별시 서초구 사평대로26길 26-7,37.4990077716969,126.998552472,서울특별시 서초구 반포동 92-14,6577,
MA010120220806570357,나따오비까,대치점,3120212,한티역,서울특별시 강남구 선릉로64길 26,37.4981843414866,127.054417406079,서울특별시 강남구 대치동 935-3,6207,
MA010120220801233602,커먼센스커피COMMONSENSECOFFEE,,3110190,고대앞사거리,서울특별시 동대문구 제기로2길 15,37.5857783339786,127.033388360126,서울특별시 동대문구 제기동 67-197,2474,
MA0101202309A0087731,위드메가,,3120138,당산2동(영등포우체국),서울특별시 영등포구 당산로 164,37.5290034980201,126.898338345813,서울특별시 영등포구 당산동4가 32-70,7220,
MA010120220808358602,제너럴포스트오피스,,3110561,상수역 4번,서울특별시 마포구 어울마당로2길 10,37.5461750446457,126.919770034959,서울특별시 마포구 당인동 24-11,4074,
MA010120220800434332,배추공주와페키들의감성놀이터,,3110837,숭실대입구역 1번,서울특별시 동작구 상도로58길 4,37.4959170034861,126.95303643866,서울특별시 동작구 상도동 490-6,7040,
MA010120220800041328,더커피,,3130010,종로신진시장,서울특별시 종로구 종로40가길 4,37.5703848922376,127.006395571583,서울특별시 종로구 종로5가 279-2,3197,
MA010120220800101998,빅스트로우,,3120007,북촌(안국역),서울특별시 종로구 북촌로5길 6,37.5795381641928,126.9845808235,서울특별시 종로구 재동 9,3055,
MA010120220813585244,앤레커피,여의도점,3120149,여의도역(여의도),서울특별시 영등포구 여의나루로 50,37.521797817273,126.92565588965,서울특별시 영등포구 여의도동 35-3,7328,
MA0101202406A0167541,커피는미스김,,3110366,광산사거리,서울특별시 강북구 한천로144길 23-23,37.6427048590026,127.025051868835,서울특별시 강북구 수유동 179-9,1053,
MA010120220802887457,디어마이요거트,,3130321,장신구 특화거리 상점가,서울특별시 강동구 성안로 37,37.5272364995029,127.13024737522,서울특별시 강동구 성내동 434-48,5396,
MA010120220805494859,하윌라,,3130321,장신구 특화거리 상점가,서울특별시 강동구 성안로 37,37.5272364995029,127.13024737522,서울특별시 강동구 성내동 434-48,5396,
MA010120220801052258,커피인왕,,3110007,사직공원(한국사회과학도서관),서울특별시 종로구 인왕산로1가길 3,37.5735149534613,126.963719177966,서울특별시 종로구 행촌동 171-84,3026,
MA0101202308A0029311,김용기미술관,,3110035,동묘앞역 2번,서울특별시 종로구 종로65길 41-2,37.5764110855261,127.019652401576,서울특별시 종로구 숭인동 181-21,3112,
MA010120220808666626,텐퍼센트스페셜티커피,여의도점,3120149,여의도역(여의도),서울특별시 영등포구 국제금융로6길 30,37.5217173213898,126.926606197406,서울특별시 영등포구 여의도동 35-2,7328,
MA010120220800346271,대주,,3120149,여의도역(여의도),서울특별시 영등포구 국제금융로6길 30,37.5217173213898,126.926606197406,서울특별시 영등포구 여의도동 35-2,7328,
MA010120220807096332,어니스타컴퍼니,,3110087,이태원엔틱가구거리,서울특별시 용산구 보광로55길 3,37.5329844833454,126.994128064759,서울특별시 용산구 이태원동 180-16,4391,
MA010120220804294331,마실다실깨비점,,3130208,목동깨비시장(목3동시장),서울특별시 양천구 등촌로 208,37.5482680334147,126.863718430263,서울특별시 양천구 목동 614-3,7950,
MA0101202409A0101108,메가엠지씨커피국악고점,,3110981,국악고교사거리,서울특별시 강남구 논현로12길 33,37.4757150705207,127.050195538447,서울특별시 강남구 개포동 1200-5,6312,
MA010120220813292983,피터패트,,3110835,상도역 1번,서울특별시 동작구 상도로 294,37.5013483321051,126.948848646247,서울특별시 동작구 상도1동 801-1,7032,
MA010120220807751024,카페더엘가,,3111080,굽은다리역 3번,서울특별시 강동구 상암로51길 7,37.546986107965,127.145920508524,서울특별시 강동구 명일동 343-2,5294,
MA0106202201A0793148,하프커피로스터스,성수점,3110120,서울숲카페거리,서울특별시 성동구 서울숲4길 12,37.5474020544704,127.042322285749,서울특별시 성동구 성수동1가 668-88,4768,
MA0101202406A0338742,대박커피호프,,3130157,상계중앙시장,서울특별시 노원구 상계로27길 11,37.6591023944612,127.070446246426,서울특별시 노원구 상계동 389-680,1684,
MA010120220812814238,온순간라마티에,,3110560,마포FM,서울특별시 마포구 성미산로16길 3-3,37.5611214743127,126.918135509227,서울특별시 마포구 연남동 487-375,3986,
MA010120220805022678,쌍문빵곳간,,3110402,도봉구 정병원,서울특별시 도봉구 방학로5길 33,37.6614237812529,127.038125573196,서울특별시 도봉구 쌍문동 711,1391,
MA010120220810056790,벤티프레소&베이커리포스코,센터점,3120215,포스코사거리,서울특별시 강남구 테헤란로 440,37.5058150581788,127.056130729898,서울특별시 강남구 대치동 892,6194,
MA010120220807110788,슈퍼커피문정엠스테이트점,,3120235,문정역,서울특별시 송파구 법원로 114,37.4860523884533,127.121017292253,서울특별시 송파구 문정동 643-1,5854,
MA010120220813764097,컷팅엣지+,,3110778,구로디지털단지역 4번,서울특별시 영등포구 도림천로21길 23,37.4876057553622,126.902385874306,서울특별시 영등포구 대림동 992-22,7447,
MA010120220800584002,부에노커피로스팅Co,,3130179,"이화여대 3,5,7길 상점가",서울특별시 서대문구 이화여대2가길 18,37.5581643474866,126.94628597567,서울특별시 서대문구 대현동 53-20,3767,
MA0106202201A0925922,동봉,,3120232,송파나루역,서울특별시 송파구 오금로17길 4-7,37.5111274486164,127.111805665582,서울특별시 송파구 방이동 105-13,5550,
MA0101202406A0424215,쿠키앤베이커리마피,,3110303,성신여대입구역 1번,서울특별시 성북구 동소문로26다길 26,37.5950434793592,127.02048390364,서울특별시 성북구 동선동3가 28,2840,
MA010120220812242230,손기,,3110569,홍대땡땡거리,서울특별시 마포구 신촌로12길 19,37.5554724366065,126.932741054242,서울특별시 마포구 노고산동 54-76,4057,
MA010120220810097369,키쉬미뇽,,3120224,수서역,서울특별시 강남구 광평로 270,37.4873859344119,127.101853985619,서울특별시 강남구 수서동 728,6362,
MA010120220813323997,오픈콜라,,3110731,금천구청역 1번 출입구,서울특별시 금천구 시흥대로73길 67,37.4559385709171,126.895724771111,서울특별시 금천구 시흥동 1031,8613,
MA010120220814384911,지오성,,3120057,아차산역,서울특별시 광진구 천호대로 661,37.5520153931413,127.09011580353,서울특별시 광진구 구의동 53-1,4954,
MA0101202305A0139078,이민힙,,3110645,우장산역 4번,서울특별시 강서구 강서로47길 60,37.553120833236,126.83288215767,서울특별시 강서구 내발산동 681-1,7633,
MA010120220804067716,피카,,3110084,경리단길북측,서울특별시 용산구 소월로44길 40,37.5413006265772,126.992520654628,서울특별시 용산구 이태원동 258-335,4344,
MA010120220809838189,쿠이고,,3120186,가로수길,서울특별시 강남구 강남대로162길 27-16,37.5211885741844,127.021402605373,서울특별시 강남구 신사동 523-10,6028,
MA010120220812844469,리치웰서대문자연사점,,3110518,서대문구청,서울특별시 서대문구 연희로32길 51,37.5767477550135,126.93786145565,서울특별시 서대문구 연희동 141-52,3718,
MA0101202406A0201797,지누스,,3110467,은평요양병원,서울특별시 은평구 갈현로 332-7,37.6258673917304,126.919095401634,서울특별시 은평구 갈현동 418-10,3328,
MA0101202307A0006157,브라운필약수터점,,3130264,상도약수골목형상점가,서울특별시 동작구 양녕로26길 20,37.497742114005,126.944011016604,서울특별시 동작구 상도동 210-34,7037,
MA0101202308A0022313,푸르시모서리,,3130098,회기시장,서울특별시 동대문구 이문로 45,37.5915538075364,127.056704585753,서울특별시 동대문구 이문동 341-18,2452,
MA010120220800595734,빅파운드커피,,3130179,"이화여대 3,5,7길 상점가",서울특별시 서대문구 이화여대2가길 24,37.558479680918,126.946251795932,서울특별시 서대문구 대현동 53-9,3767,
MA010120220812178026,레인트리,,3130179,"이화여대 3,5,7길 상점가",서울특별시 서대문구 이화여대2가길 24,37.558479680918,126.946251795932,서울특별시 서대문구 대현동 53-9,3767,
MA0101202406A0228984,고연당,,3111051,천호역 6번,서울특별시 강동구 천호옛12길 21,37.5348729388439,127.125667082224,서울특별시 강동구 성내동 36-5,5384,
MA010120220810598145,까페텀블러,,3120216,경기고교사거리(경기고교앞사거리),서울특별시 강남구 영동대로 647,37.5197263128603,127.056650186118,서울특별시 강남구 삼성동 58-2,6085,
MA0101202406A0342103,스페셔티카페본심(本心)을전하다,,3120175,남부터미널역,서울특별시 서초구 서초중앙로 26,37.4846805476858,127.016948672221,서울특별시 서초구 서초동 1445-4,6720,
MA010120220800794628,아트메이저,,3120164,내방역,서울특별시 서초구 서초대로 114,37.4877540864239,126.994787419599,서울특별시 서초구 방배동 897-2,6664,
MA010120220803767414,도토루커피OS,,3110131,성수동카페거리,서울특별시 성동구 성수일로4길 31-1,37.5421723068043,127.052197610696,서울특별시 성동구 성수동2가 333-72,4781,
MA010120220812203764,더후드,,3110836,상도역 5번,서울특별시 동작구 상도로41가길 16,37.503466393514,126.95048707643,서울특별시 동작구 상도1동 659,6969,
MA010120220806493996,토스플레이스,,3120197,역삼역,서울특별시 강남구 테헤란로 142,37.4997504439592,127.034955885072,서울특별시 강남구 역삼동 736-1,6236,
MA010120220814331502,이음,,3130035,방산종합시장(방산시장),서울특별시 중구 을지로27길 35,37.5684028709532,126.99898126338,서울특별시 중구 주교동 106-2,4546,
MA0101202406A0224824,베어글스,건대점,3120053,건대입구역(건대),서울특별시 광진구 동일로22길 117-7,37.5409914622348,127.070561274015,서울특별시 광진구 화양동 5-89,5017,
MA010120220805115703,복희커피인테리어공방,,3110274,서일대학교,서울특별시 중랑구 용마산로94길 18,37.5889050592598,127.097757588362,서울특별시 중랑구 면목동 14-24,2191,
MA010120220800807951,하프,,3120076,수유역,서울특별시 강북구 도봉로89길 5-12,37.6387043931288,127.025492393687,서울특별시 강북구 수유동 191-64,1074,
MA0106202202A1647277,플래시커피,,3120219,은마아파트,서울특별시 강남구 도곡로 447,37.4986955520876,127.059325780603,서울특별시 강남구 대치동 941-24,6209,
MA0101202212A0024581,두눈,,3120077,미아역,서울특별시 강북구 솔매로 131,37.6265047806153,127.026689005309,서울특별시 강북구 미아동 197-11,1133,
MA010120220804975413,카페CAFE'4가13번지,,3110759,문래예술촌(문래창작촌),서울특별시 영등포구 도림로141가길 21-2,37.5155987707419,126.890698774988,서울특별시 영등포구 문래동4가 13-18,7288,
MA010120220807798168,디코이커피로스터스,,3110305,보문역 5번,서울특별시 성북구 고려대로6길 48,37.5836187493982,127.021307249601,서울특별시 성북구 보문동4가 53-1,2852,
MA010120220806607813,에이치엔씨,,3120190,강남을지병원,서울특별시 강남구 도산대로 209,37.5205111048484,127.029388723956,서울특별시 강남구 신사동 587-16,6026,
MA0101202406A0403435,몽글베어,,3110495,북가좌2동주민센터,서울특별시 서대문구 응암로1길 26,37.5821895079741,126.909587446825,서울특별시 서대문구 북가좌동 344-29,3678,
MA010120220805639737,본호미,,3110400,도봉구보건소,서울특별시 도봉구 도봉로 599,37.6582696961873,127.040084556242,서울특별시 도봉구 쌍문동 580,1395,
MA0101202406A0524423,카페오렌지어웨이크,,3120003,광화문역,서울특별시 종로구 세종대로23길 54,37.5718596801394,126.973307867206,서울특별시 종로구 당주동 100,3173,
MA0101202406A0019355,구테이블,,3110001,이북5도청사,서울특별시 종로구 진흥로 435-2,37.6085253700297,126.957325993932,서울특별시 종로구 구기동 85-24,3007,
MA010120220805126027,스윗소사이어티,,3120002,서촌(경복궁역),서울특별시 종로구 자하문로7길 10,37.5783823828854,126.971188548228,서울특별시 종로구 통인동 158,3040,
MA0101202212A0027177,우리들cafe,,3120073,미아사거리,서울특별시 성북구 동소문로46길 10,37.6068626010229,127.029366039247,서울특별시 성북구 하월곡동 88-470,2733,
MA0101202406A0149579,과일의시작야미,논현점,3120187,신논현역,서울특별시 강남구 강남대로114길 20,37.505942690493,127.02587695605,서울특별시 강남구 논현동 198-10,6120,
MA010120220813339323,커피340,,3110180,광진정보도서관,서울특별시 광진구 아차산로78가길 52,37.5481260338631,127.108069969313,서울특별시 광진구 광장동 340-19,4969,
MA010120220811892708,아이티플라잉,,3110274,서일대학교,서울특별시 중랑구 용마산로96길 6,37.5902925198911,127.097838661304,서울특별시 중랑구 면목동 17-35,2189,
MA010120220814369231,네버마인드,,3120102,서교동(홍대),서울특별시 마포구 동교로22길 14,37.555076250051,126.918809841956,서울특별시 마포구 서교동 463-16,4030,
MA010120220800575933,대지커피숍,,3110481,불광역 7번,서울특별시 은평구 통일로 755,37.6124393865056,126.927921551147,서울특별시 은평구 대조동 2-7,3391,
MA010120220802489859,브레스토,,3120131,가산디지털단지,서울특별시 금천구 가산디지털1로 119,37.4760641729375,126.882921771017,서울특별시 금천구 가산동 345-9,8589,
MA0101202409A0229083,홍콩커피호프,,3120142,대림역,서울특별시 영등포구 대림로29길 23,37.4948451854673,126.896891985377,서울특별시 영등포구 대림동 714,7415,
MA0101202406A0334774,올토카페,,3120157,신림역(신림),서울특별시 관악구 남부순환로180길 6,37.4837333559011,126.930623259772,서울특별시 관악구 신림동 1745,8777,
MA010120220812842200,래오코퍼레이션,,3120171,서초3동사거리,서울특별시 서초구 반포대로 34,37.483717075192,127.011996204365,서울특별시 서초구 서초동 1459-12,6716,
MA010120220813977033,메가엠지씨커피공릉역점,,3120084,공릉역,서울특별시 노원구 동일로192길 30,37.6261867725079,127.074787797599,서울특별시 노원구 공릉동 393-5,1842,
MA010120220808036033,리프디어,,3110146,신자초등학교,서울특별시 광진구 자양번영로1길 15,37.5306549021371,127.07396823855,서울특별시 광진구 자양동 589-2,5095,
MA010120220803497179,E&B인터내셔널,,3120035,퇴계로5가,서울특별시 중구 마른내로12길 7-4,37.5638528431281,127.000747028083,서울특별시 중구 충무로5가 22-5,4559,
MA010120220802648415,이디씨,,3110462,갈현건영아파트,서울특별시 은평구 갈현로41길 12-4,37.624703152088,126.916276035192,서울특별시 은평구 갈현동 422-22,3315,
MA0101202209A0053829,서울큐라스카페,,3120086,태릉입구역,서울특별시 노원구 동일로174길 27,37.6201848336132,127.076911287177,서울특별시 노원구 공릉동 622,1849,
MA010120220808521980,파란동그라미사회적협동조합,,3120086,태릉입구역,서울특별시 노원구 동일로174길 27,37.6201848336132,127.076911287177,서울특별시 노원구 공릉동 622,1849,
MA010120220813228729,나도셰프다협동조합,,3120086,태릉입구역,서울특별시 노원구 동일로174길 27,37.6201848336132,127.076911287177,서울특별시 노원구 공릉동 622,1849,
MA010120220804246219,거장SR,,3120086,태릉입구역,서울특별시 노원구 동일로174길 27,37.6201848336132,127.076911287177,서울특별시 노원구 공릉동 622,1849,
MA0106202408A2122373,디키커피,신림점,3130285,서원동상점가,서울특별시 관악구 남부순환로 1606,37.4839216546434,126.929085396759,서울특별시 관악구 신림동 1640-7,8776,
MA010120220809333599,텐퍼센트스페셜티커피,태평로점,3120022,북창동(시청역_6번),서울특별시 중구 세종대로 70,37.5623368602196,126.976638868039,서울특별시 중구 태평로2가 69-15,4526,
MA0101202210A0101804,심재,,3120221,봉은사역,서울특별시 강남구 영동대로106길 9,37.5135067813628,127.06184854397,서울특별시 강남구 삼성동 160-22,6170,
MA010120220814073263,코인커피,,3120215,포스코사거리,서울특별시 강남구 테헤란로79길 9,37.5074373089517,127.055193207681,서울특별시 강남구 삼성동 144-8,6158,
MA0101202306A0000949,까페하복,,3130273,남성사계시장(남성시장),서울특별시 동작구 동작대로27길 57,37.488058704282,126.979149593843,서울특별시 동작구 사당동 127-22,7008,
MA0101202301A0096406,카페엠엠티,,3110569,홍대땡땡거리,서울특별시 마포구 신촌로10길 22,37.5556791597617,126.931858113672,서울특별시 마포구 동교동 187-3,4057,
MA0106202201A0636244,탐앤탐스홍대파크점,,3120103,홍대입구역(홍대),서울특별시 마포구 잔다리로 16,37.5509064244489,126.921462460592,서울특별시 마포구 서교동 363-16,4041,
MA010120220803653785,커피애드립,,3110219,삼육보건대학교,서울특별시 동대문구 망우로12가길 2,37.5884801567924,127.059283746063,서울특별시 동대문구 휘경동 281-19,2496,
MA010120220806543290,로스터리노드,,3110136,경수초등학교,서울특별시 성동구 연무장길 110,37.5405551521684,127.061282495083,서울특별시 성동구 성수동2가 275-14,4786,
MA0101202311A0084872,메가엠지씨커피중랑역점,,3110234,중랑역 4번,서울특별시 중랑구 망우로 203,37.5939582983693,127.074936703432,서울특별시 중랑구 중화동 208-33,2116,
MA010120220808243804,커피클리닉,,3120170,삼호가든사거리,서울특별시 서초구 고무래로 32,37.5024219607607,127.012225382925,서울특별시 서초구 반포동 32-1,6599,
MA010120220810056196,지현,,3120072,성신여대,서울특별시 성북구 동소문로24길 42,37.5918452626273,127.018648726129,서울특별시 성북구 동선동1가 85-111,2845,
MA010120220813405832,더미라클,,3110095,한강진역 3번,서울특별시 용산구 한남대로27가길 1,37.5375436392499,127.003564108301,서울특별시 용산구 한남동 696-5,4400,
MA010120220810552541,큐브,,3110840,중앙대학교,서울특별시 동작구 흑석로13가길 43,37.5074343002506,126.959645622785,서울특별시 동작구 흑석동 190-49,6910,
MA0101202211A0102296,피우,,3120198,구역삼세무서,서울특별시 강남구 역삼로 177,37.4958299736602,127.038470949149,서울특별시 강남구 역삼동 747-19,6247,
MA010120220800120719,카페7그램,,3120192,뱅뱅사거리,서울특별시 강남구 도곡로1길 14,37.4910835130732,127.032305863332,서울특별시 강남구 역삼동 837-26,6253,
MA010120220800623224,투썸플레이스임광빌딩점,,3120019,경찰청앞교차로,서울특별시 서대문구 통일로 81,37.562362026563,126.968602809359,서울특별시 서대문구 미근동 267,3739,
MA010120220806641906,문카페,,3120034,중구청(퇴계로4가),서울특별시 중구 퇴계로 235,37.5625103407633,126.997826866391,서울특별시 중구 충무로4가 306,4558,
MA0101202309A0066228,카페클로이,,3120014,종로5가역,서울특별시 종로구 종로33길 15,37.5718086337679,127.000996143386,서울특별시 종로구 연지동 270,3129,
MA010120220804283758,올리버브라운,문정점,3111031,장지동주민센터(한림연예예술고교),서울특별시 송파구 새말로15길 22,37.486160776459,127.129271481194,서울특별시 송파구 문정동 106-14,5801,
MA0101202301A0006807,청풍전,,3120031,을지로3가역,서울특별시 중구 을지로 134,37.5662042349224,126.992948286002,서울특별시 중구 을지로3가 291-49,4549,
MA010120220800790997,서래수,,3110915,서래초등학교,서울특별시 서초구 동광로 95-6,37.4939439117071,126.992932469422,서울특별시 서초구 방배동 797-17,6584,
MA010120220811082330,놀숲북카페,,3120053,건대입구역(건대),서울특별시 광진구 아차산로 224,37.5405694472773,127.06808287279,서울특별시 광진구 자양동 7-25,5073,
MA010120220801068271,더블유디자인바,,3120221,봉은사역,서울특별시 강남구 봉은사로 608-10,37.513669139189,127.06150934727,서울특별시 강남구 삼성동 160-11,6170,
MA010120220808464738,민카인드,,3120070,한성대입구역,서울특별시 성북구 동소문로6길 4-19,37.5884227439145,127.00722364451,서울특별시 성북구 동소문동2가 35,2860,
MA010120220812219182,원플러스원,,3130167,연신내상점가(연빛거리),서울특별시 은평구 연서로29길 21,37.6193614086913,126.917856480539,서울특별시 은평구 갈현동 452-29,3331,
MA010120220813167674,밑업,,3120148,국회의사당역(국회의사당),서울특별시 영등포구 은행로 29,37.5290844948395,126.921892626447,서울특별시 영등포구 여의도동 13-25,7238,
MA0101202406A0405649,카페종로1971,,3110025,충신시장옆,서울특별시 종로구 율곡로14길 55,37.5738087768969,127.004063920907,서울특별시 종로구 충신동 204-2,3123,
MA010120220808610814,몬스터푸드,,3110869,"신림역 5번(신림동주민센터, 신림동별빛거리)",서울특별시 관악구 봉천로6길 36,37.4881181511158,126.925508364821,서울특별시 관악구 신림동 1454-3,8706,
MA0101202211A0031043,파스쿠찌신림역점,,3130285,서원동상점가,서울특별시 관악구 남부순환로 1608,37.4839126988199,126.9291758575,서울특별시 관악구 신림동 1640-8,8776,
MA010120220802486934,스트라다,을지로점,3120031,을지로3가역,서울특별시 중구 충무로9길 37,37.5666996040281,126.99041277479,서울특별시 중구 을지로3가 5-33,4543,
MA010120220812777972,메이븐커피스토어,,3110317,종암중학교,서울특별시 성북구 북악산로31길 34,37.5940309266076,127.035101846443,서울특별시 성북구 종암동 23-37,2811,
MA010120220805491379,카페메이,,3110132,성수2가3동주민센터,서울특별시 성동구 성수일로12길 19-1,37.5484246868876,127.053435444032,서울특별시 성동구 성수동2가 299-155,4792,
MA0101202409A0074276,피아커피앤알싸파김치류,,3110762,선유도역 1번,서울특별시 영등포구 양평로24길 9,37.540683398393,126.891510800024,서울특별시 영등포구 양평동5가 76,7204,
MA010120220813607630,더공일이삼,,3120007,북촌(안국역),서울특별시 종로구 북촌로 14-2,37.5780967175414,126.985724517806,서울특별시 종로구 재동 84-39,3059,
MA010120220813611367,무슈카페,,3111046,마천역(마천초등학교),서울특별시 송파구 마천로57길 25,37.4956732240078,127.153668571908,서울특별시 송파구 마천동 300-29,5758,
MA0101202305A0196708,메이,,3110618,강서고등학교,서울특별시 양천구 목동중앙서로7길 33,37.5341606711792,126.865712760478,서울특별시 양천구 목동 789-1,7965,
MA010120220800394674,삼원글로벌주,,3120051,뚝섬역,서울특별시 성동구 왕십리로4길 26-22,37.5467875717768,127.047085985148,서울특별시 성동구 성수동1가 8-31,4778,
MA0101202406A0385129,힐링사랑방,,3130148,방학동도깨비시장,서울특별시 도봉구 도당로13가길 17,37.6659383025437,127.036201086849,서울특별시 도봉구 방학동 633-15,1355,
MA010120220809887618,더플랫커피로스터스,,3120186,가로수길,서울특별시 강남구 논현로153길 59,37.519989842559,127.023494978937,서울특별시 강남구 신사동 542-2,6036,
MA0106202201A1322757,24cafe33커피,,3130065,무학봉상점가,서울특별시 성동구 무학봉길 66,37.5608036385555,127.030106268083,서울특별시 성동구 하왕십리동 979-9,4714,
MA010120220800039010,갤러리콘서트카페'시가연',,3120008,인사동,서울특별시 종로구 인사동길 52,37.5746637447172,126.984276182017,서울특별시 종로구 관훈동 74,3146,
MA010120220813310144,비스타비에,,3120045,남영동 먹자골목,서울특별시 용산구 한강대로84길 11-7,37.543928726729,126.973136779063,서울특별시 용산구 남영동 33-3,4352,
MA010120220806466072,카쿠,,3130321,장신구 특화거리 상점가,서울특별시 강동구 성안로 45,37.5278939419438,127.130508721093,서울특별시 강동구 성내동 421-20,5396,
MA0101202211A0084344,카페자리,,3130179,"이화여대 3,5,7길 상점가",서울특별시 서대문구 이화여대8길 3,37.5588760369151,126.946070425578,서울특별시 서대문구 대현동 60-7,3764,
MA010120220800621846,크로스앤컨버전스,,3120052,성수역,서울특별시 성동구 성수이로 118,37.5451519659907,127.057880208696,서울특별시 성동구 성수동2가 277-17,4797,
MA0101202409A0239379,제주스강남신분당선점,,3120189,강남역,서울특별시 강남구 테헤란로 101,37.4986170160683,127.028057017322,서울특별시 강남구 역삼동 821-1,6134,
MA010120220805293598,아마스빈버블티마들역점,,3120080,마들역,서울특별시 노원구 동일로 1551,37.6668852014486,127.056841187361,서울특별시 노원구 상계동 651-2,1620,
MA0106202201A0422221,달콤커피,양재점,3120181,교육개발원입구사거리,서울특별시 서초구 강남대로27길 7-21,37.47825143396,127.03807754269,서울특별시 서초구 양재동 67-7,6752,
MA0106202201A0153522,커피빈노원역점,코리아,3120081,노원역,서울특별시 노원구 노해로 490,37.6544037894,127.062418513498,서울특별시 노원구 상계동 724-1,1751,
MA0101202409A0051867,요거트홀릭,신림점,3110868,남부초등학교,서울특별시 관악구 관천로11길 5,37.4844324207874,126.924550962261,서울특별시 관악구 신림동 1464-2,8764,
MA0101202409A0203822,세이프룻,신림점,3110868,남부초등학교,서울특별시 관악구 관천로11길 5,37.4844324207874,126.924550962261,서울특별시 관악구 신림동 1464-2,8764,
MA010120220800039477,사랑방,,3120008,인사동,서울특별시 종로구 인사동11길 16,37.5739519054477,126.983880126942,서울특별시 종로구 관훈동 177,3145,
MA0101202306A0026598,채움과비움마포지점,,3110566,경의선책거리,서울특별시 마포구 와우산로29길 14-12,37.555317196131,126.929198874458,서울특별시 마포구 서교동 327-1,4052,
MA010120220813448797,빵카페2,목동점,3110625,신정2동주민센터,서울특별시 양천구 목동동로 150,37.5189390583181,126.870468380707,서울특별시 양천구 신정동 329-10,8014,
MA010120220810445306,빈티지트러블,,3110966,논현2동주민센터,서울특별시 강남구 선릉로135길 12,37.5186700565275,127.039659096885,서울특별시 강남구 논현동 109-28,6059,
MA010120220811914275,아뜰리에디셈버,,3110562,연트럴파크(연남동주민센터),서울특별시 마포구 성미산로 170,37.5641531315045,126.924606459677,서울특별시 마포구 연남동 239-39,3983,
MA0106202410A1109785,리조이스커피,,3130310,강남개포시장,서울특별시 강남구 개포로 512,37.4893018933084,127.06885044458,서울특별시 강남구 개포동 186-17,6329,
MA0101202306A0060386,유캔커피,,3110889,봉천역 6번,서울특별시 관악구 양녕로 19-1,37.4839398222905,126.946474836942,서울특별시 관악구 봉천동 910-14,8752,
MA0101202303A0005914,공항앤드테라스,,3110630,공항시장역 1번,서울특별시 강서구 개화동로27길 55,37.5647445381172,126.809641484021,서울특별시 강서구 방화동 614-8,7621,
MA010120220803095575,볼볼티,,3110191,고려대역 6번,서울특별시 동대문구 안암로 150,37.5881025029258,127.034748071605,서울특별시 동대문구 제기동 137-423,2473,
MA010120220803349430,동원홈푸드샌드프레소동원F&B빌딩점,,3120184,포이사거리(삼호물산),서울특별시 서초구 마방로 60,37.4771772718184,127.04374106387,서울특별시 서초구 양재동 275-7,6775,
MA010120220813864859,뉴뉴나나,,3110297,경동고등학교,서울특별시 성북구 삼선교로18길 23,37.5888727305217,127.013133978158,서울특별시 성북구 삼선동3가 10,2863,
MA010120220813476510,라인에프앤씨,,3120019,경찰청앞교차로,서울특별시 서대문구 통일로 87,37.56277646382,126.968523406328,서울특별시 서대문구 미근동 257,3739,
MA010120220806026328,해머스미스커피선릉,사랑점,3120215,포스코사거리,서울특별시 강남구 테헤란로77길 6,37.5069058480054,127.05491006634,서울특별시 강남구 삼성동 144-21,6158,
MA0101202311A0019365,메가엠지씨커피방화역점,,3110640,방화역 1번,서울특별시 강서구 금낭화로 146,37.5781932245333,126.813309140751,서울특별시 강서구 방화동 830,7511,
MA0101202406A0455787,테디의오후,,3110836,상도역 5번,서울특별시 동작구 상도로41길 24,37.5019887399643,126.950476742944,서울특별시 동작구 상도1동 428-4,6970,
MA0101202303A0110820,혜화동우리집,,3120012,대학로(혜화역),서울특별시 종로구 대학로11길 38-6,37.5823863114296,127.00004528565,서울특별시 종로구 명륜4가 74-1,3078,
MA0101202406A0355579,녹지화카페,,3120217,대치사거리,서울특별시 강남구 역삼로 455-6,37.5031206089236,127.057056086052,서울특별시 강남구 대치동 903-10,6195,
MA0101202301A0046428,스테포스트,,3110150,중곡1동 마을마당,서울특별시 광진구 긴고랑로4길 31,37.562467165897,127.077100918978,서울특별시 광진구 중곡동 254-23,4916,
MA010120220800142079,라디오데이즈,,3110028,이화달팽이길,서울특별시 종로구 율곡로19길 77,37.5775477735687,127.006882973413,서울특별시 종로구 이화동 9-195,3100,
MA010120220812953206,나따오비까with허유산's,,3120049,왕십리역(왕십리),서울특별시 성동구 왕십리광장로 17,37.5614409428511,127.038391477602,서울특별시 성동구 행당동 168-151,4750,
MA0106202201A0153625,커피빈왕십리민자역사점,코리아,3120049,왕십리역(왕십리),서울특별시 성동구 왕십리광장로 17,37.5614409428511,127.038391477602,서울특별시 성동구 행당동 168-151,4750,
MA0101202303A0085141,에브리띵왕십리역사점,,3120049,왕십리역(왕십리),서울특별시 성동구 왕십리광장로 17,37.5614409428511,127.038391477602,서울특별시 성동구 행당동 168-151,4750,
MA0101202406A0046094,아찰라이,,3110115,상왕십리역 3번,서울특별시 성동구 왕십리로30길 19-1,37.5661914271149,127.030764936019,서울특별시 성동구 홍익동 380,4707,
MA010120220814006825,번사일팔,,3120076,수유역,서울특별시 강북구 오패산로 414,37.6376050048972,127.026341751985,서울특별시 강북구 번동 418-13,1063,
MA010120220800029549,Cafe-D55,,3120005,삼청동,서울특별시 종로구 삼청로5길 5,37.5824298884041,126.981353622694,서울특별시 종로구 팔판동 55,3054,
MA010120220808412136,앙크인베스트먼트이디야커피서,여의도점,3120148,국회의사당역(국회의사당),서울특별시 영등포구 국회대로72길 17,37.52955260209,126.921269900257,서울특별시 영등포구 여의도동 13-22,7238,
MA010120220813974853,쳐프트,,3111085,묘곡초등학교(고덕아이파크아파트),서울특별시 강동구 동남로81길 32,37.5602372889375,127.154944197338,서울특별시 강동구 고덕동 503-3,5226,
MA0101202411A0131001,터스크커피로스터스연남점,,3120104,연남동(홍대),서울특별시 마포구 동교로 227-7,37.5606746402232,126.92360265188,서울특별시 마포구 연남동 373-13,3989,
MA0101202411A0107167,그레코로스터리카페,,3120148,국회의사당역(국회의사당),서울특별시 영등포구 국회대로68길 11,37.5292361776446,126.91967504742,서울특별시 영등포구 여의도동 14-24,7237,
MA0101202406A0124279,메가엠지씨커피수색초점,,3110443,수색역 1번,서울특별시 은평구 은평터널로 15,37.5841074057743,126.897097326398,서울특별시 은평구 수색동 359-9,3489,
MA010120220808536400,커피거리,,3110433,공릉역 2번,서울특별시 노원구 동일로184길 15,37.6239614512731,127.074604324715,서울특별시 노원구 공릉동 513-9,1844,
MA010120220813512133,신양,,3130076,능동로골목시장,서울특별시 광진구 능동로 31,37.5342806640968,127.067737731402,서울특별시 광진구 자양동 553-264,5085,
MA010120220808174629,메가엠지씨커피뚝섬역점,,3130070,뚝섬역상점가,서울특별시 성동구 상원길 38-1,37.5473995898017,127.04871589111,서울특별시 성동구 성수동1가 14-1,4790,
MA010120220809084124,플라워174,,3120198,구역삼세무서,서울특별시 강남구 역삼로 156,37.4947674971834,127.036220077828,서울특별시 강남구 역삼동 789-7,6249,
MA0101202307A0081040,메가엠지씨커피역삼로점,,3120198,구역삼세무서,서울특별시 강남구 역삼로 156,37.4947674971834,127.036220077828,서울특별시 강남구 역삼동 789-7,6249,
MA010120220802835112,오브판타지,,3110562,연트럴파크(연남동주민센터),서울특별시 마포구 성미산로26길 27,37.5626925329546,126.923079943639,서울특별시 마포구 연남동 257-2,3984,
MA010120220810027384,캣츠커피,,3120040,용산전자상가(용산역),서울특별시 용산구 원효로48길 17,37.5343207407699,126.961181177506,서울특별시 용산구 원효로2가 96-8,4366,
MA010120220804294329,강남지역자활센터SR카페테리아,,3120224,수서역,서울특별시 강남구 광평로56길 12,37.486924658852,127.103877309863,서울특별시 강남구 수서동 726-1,6367,
MA010120220802904380,생활회관,,3110309,대광초등학교,서울특별시 성북구 안암로 25,37.5800139959556,127.025257269834,서울특별시 성북구 안암동4가 48,2857,
MA010120220803329566,삼현지주,,3120213,삼성중앙역,서울특별시 강남구 삼성로 550,37.5108432948063,127.054788534058,서울특별시 강남구 삼성동 150-19,6165,
MA0106202201A0422209,달콤커피르네상스,사거리점,3120204,르네상스호텔사거리,서울특별시 강남구 언주로 432,37.5020902736918,127.043359768465,서울특별시 강남구 역삼동 706-9,6210,
MA010120220804222469,린디자인하우스,,3110129,성원어린이공원,서울특별시 성동구 광나루로 172,37.5511114583915,127.049306774271,서울특별시 성동구 성수동1가 13-5,4791,
MA010120220800272935,그레이스카페,,3110069,숙대입구,서울특별시 용산구 청파로43가길 28,37.5443240619964,126.968655638301,서울특별시 용산구 청파동3가 24-37,4313,
MA010120220812488866,온늘,,3130159,공릉동 도깨비시장,서울특별시 노원구 동일로178길 11-9,37.6214924463017,127.075077605557,서울특별시 노원구 공릉동 577-13,1848,
MA010120220807102284,피그말리온,,3110886,관악해태어린이공원,서울특별시 관악구 신림로12길 23,37.4718624571645,126.938581450866,서울특별시 관악구 신림동 123-2,8839,
MA0106202201A0153078,커피빈고대참살이길,코리아,3120074,안암역,서울특별시 성북구 고려대로24가길 25,37.585364588042,127.030772824939,서울특별시 성북구 안암동5가 86-113,2856,
MA010120220800470771,제너시스에프앤비노량진지점주,,3120153,노량진역(노량진),서울특별시 동작구 노량진로 138,37.5131929840966,126.941194360752,서울특별시 동작구 노량진동 56-1,6922,
MA010120220800169314,동강에프앤비주,,3120023,서울시청,서울특별시 중구 무교로 17,37.5674099209095,126.979048261755,서울특별시 중구 무교동 33-1,4520,
MA010120220812417607,노아스로스팅연희,1호점,3120093,연희동,서울특별시 서대문구 연희로11가길 23,37.5672100444216,126.928689578511,서울특별시 서대문구 연희동 190-4,3707,
MA0101202305A0183085,썬커피,,3120037,동대문역사문화공원역,서울특별시 중구 퇴계로63길 12,37.5650418430378,127.008658872207,서울특별시 중구 을지로7가 89,4565,
MA010120220803736227,GAMME,,3120053,건대입구역(건대),서울특별시 광진구 동일로22길 117-9,37.5410725251063,127.07060661105,서울특별시 광진구 화양동 5-102,5017,
MA010120220810229010,갤러리엠에치케이,,3120005,삼청동,서울특별시 종로구 팔판길 12,37.5823937854078,126.980957382224,서울특별시 종로구 팔판동 88,3054,
MA0101202409A0217476,일루와일루,,3110701,고척동성당,서울특별시 구로구 고척로54길 35,37.5054731983398,126.858378876257,서울특별시 구로구 고척동 170-7,8228,
MA010120220808304609,체크커피,,3120151,보라매공원,서울특별시 관악구 보라매로3길 14,37.4914884628112,126.926375708965,서울특별시 관악구 봉천동 732-15,8708,
MA0101202409A0069839,킷사앤사보,,3110062,한강로동땡땡거리(은행나무길),서울특별시 용산구 한강대로15길 9-15,37.525284390971,126.963357913433,서울특별시 용산구 한강로3가 40-452,4379,
MA0101202310A0006474,무인라면커피,,3110168,대원고등학교,서울특별시 광진구 용마산로 94-1,37.5621806483695,127.087445596808,서울특별시 광진구 중곡동 150-72,4941,
MA0101202305A0028111,기영이숯불두마리치킨용산원효점,,3110058,성심여자고등학교,서울특별시 용산구 원효로19길 26,37.5330113940072,126.953194211702,서울특별시 용산구 원효로4가 95-1,4362,
MA010120220810342608,초코라떼꼰츄로,,3110283,성북초등학교앞,서울특별시 성북구 성북로 75,37.5931982223251,127.000588798615,서울특별시 성북구 성북동 128-22,2880,
MA0101202406A0085915,오노랑,,3110637,송정역 2번,서울특별시 강서구 공항대로7길 15,37.5620277482896,126.812274245719,서울특별시 강서구 공항동 22-170,7619,
MA0101202406A0519598,커피사피엔스선명,스퀘어점,3110129,성원어린이공원,서울특별시 성동구 성수일로 111,37.5504527531519,127.051592289408,서울특별시 성동구 성수동1가 13-17,4791,
MA010120220808599887,커피사피엔스선명,스퀘어점,3110129,성원어린이공원,서울특별시 성동구 성수일로 111,37.5504527531519,127.051592289408,서울특별시 성동구 성수동1가 13-17,4791,
MA010120220814034353,모프,,3110075,숙대입구역 1번,서울특별시 용산구 두텁바위로1길 36,37.5459111719547,126.974245025289,서울특별시 용산구 갈월동 52-4,4335,
MA010120220813898735,청안사주와문경타로점사주카페,,3130191,홍대 걷고싶은 거리,서울특별시 마포구 어울마당로 122-1,37.5554400554861,126.923924881335,서울특별시 마포구 서교동 346-42,4055,
MA0101202406A0567982,발음사회적협동조합발음북카페,,3110645,우장산역 4번,서울특별시 강서구 강서로47다길 35,37.5513298640532,126.834312060954,서울특별시 강서구 내발산동 709-8,7638,
MA0101202303A0049282,신세계푸드SK직원카페,,3120008,인사동,서울특별시 종로구 인사동7길 32,37.5730689914582,126.984333117323,서울특별시 종로구 관훈동 192-18,3149,
MA0101202309A0062737,놀로!,,3120164,내방역,서울특별시 서초구 서초대로27길 8,37.4885199500478,126.994945667621,서울특별시 서초구 방배동 877-11,6588,
MA010120220803519926,빈스앤로스터리명동점주,코리아,3120028,명동(명동거리),서울특별시 중구 명동8나길 10,37.5617524648323,126.984188349533,서울특별시 중구 충무로1가 23-1,4536,
MA010120220809686227,이디야오류북부역점,,3120123,오류동역,서울특별시 구로구 경인로20길 6,37.4954081019663,126.843414440534,서울특별시 구로구 오류동 51-31,8271,
MA010120220800218618,오츠커피,,3120105,상수역(홍대),서울특별시 마포구 독막로14길 32,37.5473212672483,126.922699677545,서울특별시 마포구 상수동 328-2,4074,
MA0106202308A1077477,산옥커피로스터스,,3120105,상수역(홍대),서울특별시 마포구 독막로14길 32,37.5473212672483,126.922699677545,서울특별시 마포구 상수동 328-2,4074,
MA010120220803015232,카페오아시아서울시립동부,병원점,3110187,제기동역 6번,서울특별시 동대문구 무학로 124,37.5753543508982,127.03151584816,서울특별시 동대문구 용두동 118-20,2584,
MA010120220812078915,이슬재/YISEULJAE,,3120228,석촌역(석촌호수),서울특별시 송파구 백제고분로41길 19-24,37.5071229578339,127.106416118127,서울특별시 송파구 송파동 13-15,5625,
MA010120220803119936,달빛스테이,,3110317,종암중학교,서울특별시 성북구 북악산로31길 39,37.594283314778,127.034728298926,서울특별시 성북구 종암동 23-27,2811,
MA0101202303A0030739,카페엘리엇,,3110869,"신림역 5번(신림동주민센터, 신림동별빛거리)",서울특별시 관악구 신림동7길 17,37.4862536539199,126.926448687782,서울특별시 관악구 신림동 1437-27,8760,
MA010120220803294169,아삭이커피앤푸드,,3130038,"평화시장(통일상가, 동화상가)",서울특별시 중구 장충단로13길 34,37.5686099017672,127.00691610886,서울특별시 중구 을지로6가 17-415,4563,
MA010120220806996030,커피앤스페이스,,3120233,몽촌토성역,서울특별시 송파구 위례성대로 2,37.5169289998655,127.112764487451,서울특별시 송파구 방이동 44-2,5544,
MA010120220809705268,달디위드커피,,3110502,남가좌파출소,서울특별시 서대문구 가재울로4길 57-55,37.5763522354481,126.924028137184,서울특별시 서대문구 남가좌동 336-1,3692,
MA010120220803459288,명보다방,,3130038,"평화시장(통일상가, 동화상가)",서울특별시 중구 청계천로 260-9,37.5690874386064,127.006757681423,서울특별시 중구 을지로6가 17-6,4563,
MA0101202303A0002783,미소당,,3130244,대림중앙시장,서울특별시 영등포구 디지털로53가길 1,37.4911093802396,126.900832171501,서울특별시 영등포구 대림동 1075-6,7421,
MA0101202302A0086212,구월생,,3111060,암사역 2번(서울강동초등학교),서울특별시 강동구 구천면로41길 50,37.5473634672118,127.131481894141,서울특별시 강동구 천호동 291-20,5319,
MA0101202305A0175852,마스리얼티고품격커피공장,,3120171,서초3동사거리,서울특별시 서초구 반포대로8길 11-4,37.4834557009076,127.012776308866,서울특별시 서초구 서초동 1451-18,6716,
MA010120220812079579,라토스타도르,,3120045,남영동 먹자골목,서울특별시 용산구 한강대로76길 11-6,37.5418565979801,126.973895646357,서울특별시 용산구 남영동 100-5,4352,
MA0101202411A0140809,루다커피,,3120194,언주역(차병원),서울특별시 강남구 논현로114길 8,37.508508473533,127.034077769495,서울특별시 강남구 논현동 234-1,6109,
MA0101202305A0170538,자이데커피,대청점,3110997,대청초등학교,서울특별시 강남구 일원로3길 36,37.4919415555228,127.083292857123,서울특별시 강남구 일원동 677-6,6343,
MA010120220811840650,리프레쉬커피,,3111031,장지동주민센터(한림연예예술고교),서울특별시 송파구 송이로30길 11,37.4871594755483,127.130562202194,서울특별시 송파구 문정동 107-3,5800,
MA0101202302A0032697,가상의점cafe,,3120165,서래마을카페거리(서래마을),서울특별시 서초구 사평대로20길 7,37.4989807184145,126.997251959554,서울특별시 서초구 반포동 106-11,6576,
MA010120220813813701,카페유어스,,3110187,제기동역 6번,서울특별시 동대문구 무학로30길 26,37.5750208119958,127.032149644225,서울특별시 동대문구 용두동 118-50,2584,
MA010120220804444465,미각상점,,3120189,강남역,서울특별시 강남구 테헤란로 101,37.4986620717491,127.028034416659,서울특별시 강남구 역삼동 821,6134,
MA010120220803369313,제이오케이컴퍼니강남커피온리,,3120189,강남역,서울특별시 강남구 테헤란로 101,37.4986620717491,127.028034416659,서울특별시 강남구 역삼동 821-1,6134,
MA010120220802267432,이터너발효커피,,3120189,강남역,서울특별시 강남구 테헤란로 101,37.4986620717491,127.028034416659,서울특별시 강남구 역삼동 821,6134,
MA010120220804448012,컴포즈커피사점,강남역,3120189,강남역,서울특별시 강남구 테헤란로 101,37.4986620717491,127.028034416659,서울특별시 강남구 역삼동 821,6134,
MA010120220812725536,쥬씨앤고망고,,3120189,강남역,서울특별시 강남구 테헤란로 101,37.4986620717491,127.028034416659,서울특별시 강남구 역삼동 821-1,6134,
MA0101202303A0098343,포트캔커피PORTCANCOFFEE,화곡역점,3120120,화곡역,서울특별시 강서구 화곡로 142,37.5405674810485,126.837583305676,서울특별시 강서구 화곡동 1073-10,7715,
MA010120220809631158,더썬카페,,3110657,양천향교역 5번,서울특별시 강서구 강서로74길 52,37.5665335601672,126.843775033898,서울특별시 강서구 등촌동 828,7573,
MA0101202409A0220508,컴포즈커피양천향교역점,,3110657,양천향교역 5번,서울특별시 강서구 강서로74길 52,37.5665335601672,126.843775033898,서울특별시 강서구 등촌동 828,7573,
MA010120220804658209,오픈더도어,,3130146,쌍문시장(쌍문역골목시장),서울특별시 도봉구 도봉로 489,37.6494056988537,127.03482193965,서울특별시 도봉구 쌍문동 88-21,1442,
MA0101202406A0292016,토핑스,,3120054,어린이대공원역,서울특별시 광진구 광나루로 369,37.5484604488218,127.071054913948,서울특별시 광진구 군자동 503,5005,
MA0101202302A0012142,율스빈,,3111046,마천역(마천초등학교),서울특별시 송파구 마천로61다길 23,37.4950902598246,127.15158666657,서울특별시 송파구 마천동 183-70,5758,
MA010120220808486005,랑카커피생과일쥬스,,3120006,종각역,서울특별시 종로구 종로9길 18,37.5710147628554,126.984639179286,서울특별시 종로구 인사동 255-5,3164,
MA0106202201A2063135,논현커피,,3120177,신논현역 1번,서울특별시 서초구 강남대로83길 46,37.5053219155828,127.021273667585,서울특별시 서초구 반포동 733-29,6540,
MA010120220812451771,망원동티라미수,,3111013,송파나루역 1번(송리단길),서울특별시 송파구 백제고분로45길 22,37.5100395433129,127.109338360177,서울특별시 송파구 송파동 53-9,5619,
MA0101202210A0037192,스몰스커피,,3110043,충무초등학교,서울특별시 중구 퇴계로48길 32,37.5612759953263,126.999943408913,서울특별시 중구 묵정동 31-5,4619,
MA010120220800408975,인블러썸,,3120094,"신촌역(신촌역, 신촌로터리)",서울특별시 서대문구 연세로 20,37.5575020873847,126.937107840859,서울특별시 서대문구 창천동 9-20,3776,
MA010120220813872952,카페나팔꽃,,3110568,광흥창역 1번,서울특별시 마포구 독막로 147-14,37.5481640222066,126.930461742575,서울특별시 마포구 창전동 294,4069,
MA010120220806877309,담스커피,,3110557,홍대부속여중고앞,서울특별시 마포구 성미산로 58,37.5591728954333,126.914708318605,서울특별시 마포구 성산동 240-5,3998,
MA010120220803794432,느티마을사회적협동조합,,3110144,어린이대공원역 4번,서울특별시 광진구 군자로 34,37.5462262988943,127.070509628224,서울특별시 광진구 화양동 132-68,5010,
MA010120220805053544,커피닷,,3111057,천호공원(해공체육문화센터),서울특별시 강동구 구천면로29길 60,37.5425527850135,127.130896361188,서울특별시 강동구 천호동 393-8,5325,
MA010120220808429055,싱글오리진,,3110931,삼성전자서울R&D(서울우면초등학교),서울특별시 서초구 성촌1길 12,37.4656683791913,127.022144122208,서울특별시 서초구 우면동 687,6765,
MA010120220807930722,을지사거리이디야커피숍,,3120190,강남을지병원,서울특별시 강남구 도산대로30길 7,37.5193938499161,127.029433533317,서울특별시 강남구 논현동 60-10,6047,
MA0101202212A0044403,페리윙클,,3110509,연희대우아파트앞,서울특별시 서대문구 신촌로1길 14,37.5588126130424,126.928448589596,서울특별시 서대문구 창천동 506-26,3785,
MA010120220807989727,브랜드네트워크세가프레도,코리아,3120222,삼성역,서울특별시 강남구 테헤란로 610,37.5088291249661,127.064547844226,서울특별시 강남구 대치동 995-16,6174,
MA010120220800204559,자마레코드,,3110520,경의중앙 신촌역,서울특별시 서대문구 연세로2마길 17,37.5579280867812,126.942053321843,서울특별시 서대문구 대현동 110-53,3778,
MA010120220802642675,써니인코,,3111026,문정역 2번,서울특별시 송파구 새말로11길 5,37.4835049930878,127.127254354058,서울특별시 송파구 문정동 88-7,5809,
MA010120220814222987,더치앤빈점,역삼역,3120197,역삼역,서울특별시 강남구 테헤란로26길 14,37.4992816255989,127.035939536761,서울특별시 강남구 역삼동 736-58,6236,
MA010120220813521261,고이커피,,3110017,정독도서관,서울특별시 종로구 북촌로 63-7,37.5825474682956,126.984466988504,서울특별시 종로구 가회동 16-18,3052,
MA010120220813049917,티에스블루컴퍼니,,3120002,서촌(경복궁역),서울특별시 종로구 자하문로9길 14,37.5795985456247,126.97046353624,서울특별시 종로구 통인동 137-1,3036,
MA0106202201A2354502,스트라스커피,,3120129,구로디지털단지,서울특별시 구로구 디지털로31길 12,37.4851667664769,126.895073599016,서울특별시 구로구 구로동 197-21,8380,
MA010120220806822975,컴포즈서울메트로,타워점,3120043,서울역,서울특별시 중구 퇴계로 10,37.5562726736663,126.974343316792,서울특별시 중구 남대문로5가 537,4637,
MA0106202301A0597135,폴바셋메트로,타워점,3120043,서울역,서울특별시 중구 퇴계로 10,37.5562726736663,126.974343316792,서울특별시 중구 남대문로5가 537,4637,
MA0101202406A0400671,더오오더오프닝오브,,3120026,을지로입구역,서울특별시 중구 을지로 55,37.5664015828298,126.984017582012,서울특별시 중구 을지로2가 9-10,4539,
MA0106202201A1987536,스텐커피,,3120026,을지로입구역,서울특별시 중구 을지로 55,37.5664015828298,126.984017582012,서울특별시 중구 을지로2가 9-10,4539,
MA010120220809823782,니드스윗,,3110124,뚝섬역교차로,서울특별시 성동구 아차산로1길 9,37.5489865593463,127.045684139982,서울특별시 성동구 성수동1가 656-703,4788,
MA010120220807440482,지금의세상,,3110850,사당역 10번,서울특별시 동작구 동작대로3길 41,37.4786611924478,126.979197428131,서울특별시 동작구 사당동 1038-49,7025,
MA010120220803161778,카페리틀포레스트,,3110545,마포구청역 1번,서울특별시 마포구 모래내로1길 17,37.5652815173478,126.902873187837,서울특별시 마포구 성산동 591-6,3938,
MA010120220814349270,꿈터로뎀카페,,3110890,봉천역 1번(관악초등학교),서울특별시 관악구 남부순환로210길 24,37.4808845439546,126.944611513289,서울특별시 관악구 봉천동 919-27,8785,
MA0101202303A0103343,온나커피,,3120184,포이사거리(삼호물산),서울특별시 서초구 논현로17길 19,37.4758523811764,127.044825602573,서울특별시 서초구 양재동 279,6775,
MA0106202406A1063942,바라프레소종각센트로폴리스점,,3120006,종각역,서울특별시 종로구 우정국로 26,37.5714921580596,126.983654261841,서울특별시 종로구 공평동 17,3161,
MA0106202201A0605237,커피니목동예스24점,,3120113,오목교역,서울특별시 양천구 오목로 325,37.5251053453218,126.873636600933,서울특별시 양천구 목동 406-21,8000,
MA010120220803495491,카페아카데미,,3110675,화곡4동주민센터,서울특별시 강서구 등촌로13나길 24-17,37.5371919346004,126.861294643326,서울특별시 강서구 등촌동 575-10,7733,
MA010120220800766784,스위트바이오그릭데이,이대점,3120096,"이화여대(이대역, 이대)",서울특별시 서대문구 신촌역로 22-8,37.5588477350686,126.943354162262,서울특별시 서대문구 대현동 27-33,3766,
MA010120220811759230,온:도,,3110483,연천초등학교,서울특별시 은평구 연서로34길 14,37.621142856919,126.927799876337,서울특별시 은평구 불광동 210-4,3349,
MA010120220800470004,전문건설공제조합상조회,,3120151,보라매공원,서울특별시 동작구 보라매로5길 15,37.4921809084624,126.924271782096,서울특별시 동작구 신대방동 395-70,7071,
MA0101202406A0372047,카페안도,,3110425,계상초등학교,서울특별시 노원구 상계로9나길 9,37.6601939788306,127.068067302567,서울특별시 노원구 상계동 389-371,1685,
MA010120220812457023,캘리포니아도넛클럽,,3120103,홍대입구역(홍대),서울특별시 마포구 잔다리로 28,37.551175912073,126.920251292289,서울특별시 마포구 서교동 367-13,4042,
MA0101202308A0000820,이디야삼전역점,,3120226,석촌고분역,서울특별시 송파구 백제고분로 263,37.5027801888506,127.095801758683,서울특별시 송파구 삼전동 133-6,5603,
MA0101202409A0215178,오가커피,,3130317,마천중앙시장,서울특별시 송파구 마천로41길 25-1,37.4970107278467,127.150550166262,서울특별시 송파구 마천동 135-11,5751,
MA010120220804212061,동원홈푸드샌드프레소양재본사점주,,3120184,포이사거리(삼호물산),서울특별시 서초구 마방로 68,37.4777177766462,127.044012713366,서울특별시 서초구 양재동 275,6775,
MA0101202411A0084778,리버릿지,,3111048,천호역 1번(천호문구완구거리),서울특별시 강동구 구천면로 150,37.542040301684,127.121447188144,서울특별시 강동구 천호동 465-3,5247,
MA010120220810248852,카페티엔에이,,3110762,선유도역 1번,서울특별시 영등포구 양평로24길 12,37.5392975816826,126.893402394428,서울특별시 영등포구 양평동5가 90-2,7205,
MA010120220813815118,커피나무,,3110421,석계역 1번,서울특별시 노원구 화랑로 325,37.614957781036,127.064039173361,서울특별시 노원구 월계동 50-29,1904,
MA010120220803106068,제일에프앤비한우리지점,,3110763,영등포구청역 2번,서울특별시 영등포구 당산로27길 16,37.5252702145827,126.894757263685,서울특별시 영등포구 당산동3가 397,7261,
MA010120220800204454,어나더커피로스터스,,3120102,서교동(홍대),서울특별시 마포구 잔다리로 66,37.553759718311,126.917260830574,서울특별시 마포구 서교동 376-2,4031,
MA0106202201A0153531,커피빈충무로극동빌딩점,코리아,3120030,중부경찰서(영화인의거리),서울특별시 중구 퇴계로 173,37.5618252647525,126.991058542555,서울특별시 중구 충무로3가 60-1,4554,
MA010120220803385250,미완성식탁,,3110544,망리단길,서울특별시 마포구 망원로6길 37,37.5552812072988,126.90379155289,서울특별시 마포구 망원동 404-32,4009,
MA010120220812775526,필커피,,3111034,오동나무공원(송파레미니스1단지),서울특별시 송파구 중대로34길 13,37.505725733634,127.133670799258,서울특별시 송파구 오금동 84-5,5724,
MA0106202407A0843415,라니커피,,3110131,성수동카페거리,서울특별시 성동구 연무장5가길 14,37.5435499540142,127.054156158887,서울특별시 성동구 성수동2가 316-29,4782,
MA010120220804116175,멋있는커피,,3111073,둔촌동역 1번(한산중학교),서울특별시 강동구 양재대로102길 26,37.5322893712524,127.139657952316,서울특별시 강동구 둔촌동 441-1,5363,
MA0101202301A0000768,카페바우연남점,,3110562,연트럴파크(연남동주민센터),서울특별시 마포구 성미산로26길 26,37.5627013804202,126.922830929072,서울특별시 마포구 연남동 256-7,3984,
MA0101202406A0011729,웅기로,,3110562,연트럴파크(연남동주민센터),서울특별시 마포구 성미산로26길 26,37.5627013804202,126.922830929072,서울특별시 마포구 연남동 256-7,3984,
MA0101202409A0023960,큐브렛CUBELATE,,3111013,송파나루역 1번(송리단길),서울특별시 송파구 백제고분로45길 30,37.5104998473591,127.10847943051,서울특별시 송파구 송파동 56-2,5618,
MA0101202311A0024357,오디너리아카이브,,3110566,경의선책거리,서울특별시 마포구 신촌로4길 5-18,37.5571823544835,126.929355556121,서울특별시 마포구 동교동 178-13,4056,
MA010120220809997549,하우,사당역점,3120160,사당역(사당),서울특별시 동작구 남부순환로 2089,37.4765171574047,126.981402579819,서울특별시 동작구 사당동 1129,7025,
MA010120220810076538,도어401,,3120202,압구정로데오역(압구정로데오),서울특별시 강남구 선릉로161길 18,37.5274820746147,127.039018914405,서울특별시 강남구 신사동 661-13,6018,
MA010120220803723132,오늘은커피,,3110061,효창동주민센터,서울특별시 용산구 임정로11길 4,37.5430595524856,126.958562775177,서울특별시 용산구 효창동 3-118,4319,
MA010120220802936223,커피위드구루,,3130163,응암오거리상점가,서울특별시 은평구 응암로13길 27,37.5886622263535,126.914402943176,서울특별시 은평구 응암동 592-72,3485,
MA0101202409A0174727,피트인,,3110843,사당5동주민센터,서울특별시 동작구 솔밭로 99,37.4852900576898,126.967787085421,서울특별시 동작구 사당동 227-8,7030,
MA0101202406A0549738,미쓰윤까페구전녹용,,3110938,바우뫼공원,서울특별시 서초구 양재천로17길 3,37.4754223730355,127.037736949627,서울특별시 서초구 양재동 122-6,6754,
MA010120220808585102,파인,,3110066,서울역 15번,서울특별시 용산구 만리재로 180-1,37.5541803431435,126.966320179091,서울특별시 용산구 서계동 232-34,4300,
MA010120220812019878,윈터4,,3110866,난우중학교,서울특별시 관악구 난곡로26길 35,37.4701766384072,126.92176178559,서울특별시 관악구 신림동 646-98,8855,
MA010120220801659341,자유,,3120077,미아역,서울특별시 강북구 도봉로 177,37.6246397660238,127.026563732503,서울특별시 강북구 미아동 304-8,1170,
MA010120220812376196,크로우,,3120051,뚝섬역,서울특별시 성동구 상원1길 35-18,37.5462559825405,127.047085650785,서울특별시 성동구 성수동1가 656-1014,4778,
MA010120220811924656,몽다원여몽,,3120186,가로수길,서울특별시 강남구 가로수길 57-6,37.5218911952881,127.022273850496,서울특별시 강남구 신사동 533-9,6028,
MA0101202311A0086758,에이엘인터내셔널,,3120176,논현역 4번,서울특별시 서초구 사평대로53길 94,37.5083855077001,127.020279237001,서울특별시 서초구 반포동 720-15,6537,
MA010120220800029475,Teastory,,3120009,종로3가역,서울특별시 종로구 돈화문로10길 2,37.5723309345668,126.991860998911,서울특별시 종로구 묘동 88-1,3138,
MA010120220808411191,카페수,,3120078,미아사거리역,서울특별시 강북구 도봉로 52,37.6137008124695,127.030535322334,서울특별시 강북구 미아동 1364,1215,
MA010120220805234373,스타멤버스,,3120242,강동구청역,서울특별시 강동구 성내로8길 9-12,37.5286938903028,127.123948409263,서울특별시 강동구 성내동 558,5399,
MA010120220811893934,또오옥,,3110029,동대문역 1번,서울특별시 종로구 창신6길 7,37.575051700439,127.011071255428,서울특별시 종로구 창신동 583-37,3096,
MA0106202304A1002762,포인핸드입양문화센터,,3110566,경의선책거리,서울특별시 마포구 와우산로29길 14-10,37.555227082858,126.929176325112,서울특별시 마포구 서교동 327-21,4052,
MA010120220812450675,메리골드,,3110503,명지대학교교회,서울특별시 서대문구 명지대3길 26,37.5821174569448,126.922278788283,서울특별시 서대문구 남가좌동 5-123,3672,
MA010120220813054921,그라치아,,3130201,월정로시장,서울특별시 양천구 곰달래로9길 26,37.5320674887357,126.835010881607,서울특별시 양천구 신월동 112-22,7922,
MA010120220803941498,탐앤탐스공릉역점,,3120084,공릉역,서울특별시 노원구 동일로192길 31,37.6265202377499,127.074629538299,서울특별시 노원구 공릉동 388-35,1841,
MA0101202409A0236599,이태원오덕새,,3001491,이태원 관광특구,서울특별시 용산구 보광로 117,37.533146668556,126.994229877731,서울특별시 용산구 이태원동 130-43,4391,
MA010120220803775919,건대역카페시벳,,3120053,건대입구역(건대),서울특별시 광진구 능동로 95,37.5395230828088,127.070141238,서울특별시 광진구 자양동 1-2,5073,
MA010120220800228800,쥬피토Ⅱ,,3120128,신도림역,서울특별시 구로구 새말로 97,37.5070478036862,126.890224912622,서울특별시 구로구 구로동 3-25,8288,
MA010120220804214268,로드씨앤디,,3120128,신도림역,서울특별시 구로구 새말로 97,37.5070478036862,126.890224912622,서울특별시 구로구 구로동 3-25,8288,
MA0106202201A0605354,드롭탑삼성카드고객서비스점,,3120128,신도림역,서울특별시 구로구 새말로 97,37.5070478036862,126.890224912622,서울특별시 구로구 구로동 3-25,8288,
MA010120220812682717,사이로,,3110056,신당역 3번,서울특별시 중구 퇴계로86가길 15,37.5625357631793,127.019603482661,서울특별시 중구 신당동 52-134,4584,
MA0101202311A0045114,카페씽,,3130242,대림중앙 골목형상점가,서울특별시 영등포구 디지털로 343,37.4887561247064,126.898913047861,서울특별시 영등포구 대림동 1082-13,7420,
MA0101202210A0096912,나따오비까WITH커피샾,문정점,3120235,문정역,서울특별시 송파구 송파대로 167,37.4845569839723,127.120754827749,서울특별시 송파구 문정동 651,5855,
MA0101202306A0074697,지오씨커피,,3120235,문정역,서울특별시 송파구 송파대로 167,37.4845569839723,127.120754827749,서울특별시 송파구 문정동 651,5855,
MA0101202311A0038073,카페650,,3110634,송정역 3번,서울특별시 강서구 남부순환로11가길 109,37.5585695180757,126.813278887817,서울특별시 강서구 공항동 650-3,7624,
MA010120220802754075,브루다종로5가,,3120014,종로5가역,서울특별시 종로구 대학로 19,37.5729258607426,127.001618757184,서울특별시 종로구 연지동 136-46,3129,
MA0101202406A0538358,명동아트브리즈바치커피,,3120028,명동(명동거리),서울특별시 중구 남대문로 52-20,37.5619955160766,126.982637687477,서울특별시 중구 충무로1가 21-17,4535,
MA010120220803909439,디터틀,,3110288,동구여중,서울특별시 성북구 성북로6길 12,37.5899635496686,127.005151764904,서울특별시 성북구 성북동 184-13,2834,
MA010120220811284673,카페썬,,3111026,문정역 2번,서울특별시 송파구 송이로34길 57,37.4844148754776,127.127380269938,서울특별시 송파구 문정동 87-19,5809,
MA0101202210A0039290,업셋,,3110918,방배역 3번,서울특별시 서초구 방배중앙로 8,37.4809513962375,126.993284182131,서울특별시 서초구 방배동 918-7,6687,
MA010120220807990096,퓨전인터내셔날,,3110641,공항고등학교,서울특별시 강서구 방화대로40길 13,37.5709558313524,126.817526803882,서울특별시 강서구 방화동 257-14,7592,
MA010120220800623309,엔드투엔드,,3120119,발산역(마곡),서울특별시 강서구 마곡중앙6로 63,37.5604660840926,126.834393694229,서울특별시 강서구 마곡동 796-5,7803,
MA0101202411A0168630,요셉의창고,,3110071,한강미주맨션아파트,서울특별시 용산구 이촌로 182,37.5212220477342,126.9673757183,서울특별시 용산구 이촌동 302-68,4427,
MA0106202302A0224321,성수커피SUNGSOOCOFFEE,,3120235,문정역,서울특별시 송파구 송파대로 167,37.484655921223,127.12092458662,서울특별시 송파구 문정동 651,5855,
MA010120220811780242,종로식품사업부더쌍화커피,강남한의원,3110389,한일병원,서울특별시 도봉구 도봉로 415,37.6435773736399,127.031102751682,서울특별시 도봉구 쌍문동 103-69,1452,
MA0101202406A0402017,휘이,,3110141,건대입구역 1번,서울특별시 광진구 동일로 124,37.5434273425748,127.065018966575,서울특별시 광진구 화양동 42-6,5020,
MA0101202406A0408047,블랙망고커피망고내커피,,3130095,청량리전통시장,서울특별시 동대문구 왕산로35길 24,37.5807566216711,127.04319024649,서울특별시 동대문구 청량리동 778,2573,
MA010120220804212024,조스테이블주,코리아,3120169,서초역,서울특별시 서초구 반포대로 121,37.4904569634116,127.007858728655,서울특별시 서초구 서초동 1541-1,6655,
MA010120220810743311,꼴깍,,3120019,경찰청앞교차로,서울특별시 서대문구 충정로6길 59,37.5631368653811,126.968534573197,서울특별시 서대문구 미근동 215,3739,
MA0101202311A0037134,필구커피,,3110463,응암3동주민센터,서울특별시 은평구 불광천길 442-29,37.5929968261062,126.915552926432,서울특별시 은평구 응암동 582-18,3457,
MA010120220803615223,현대커피숍,,3130094,청량리청과물시장,서울특별시 동대문구 왕산로37길 11,37.5806121700958,127.043982643062,서울특별시 동대문구 청량리동 773,2573,
MA0101202409A0114103,아델라까드말리이태원점,,3110084,경리단길북측,서울특별시 용산구 회나무로13가길 13,37.5408770009196,126.990370821638,서울특별시 용산구 이태원동 255-39,4344,
MA010120220813792676,아우프글렛,,3110124,뚝섬역교차로,서울특별시 성동구 광나루로 130,37.5510863090092,127.044576387361,서울특별시 성동구 성수동1가 671-6,4788,
MA010120220803903930,전광수커피숍고대점,,3120074,안암역,서울특별시 성북구 고려대로 104-1,37.5861934600563,127.030931673995,서울특별시 성북구 안암동5가 58-3,2856,
MA0101202303A0042452,건강한행복카페,,3110226,장안1동주민센터,서울특별시 동대문구 답십리로64길 68,37.5699072520432,127.065743788414,서울특별시 동대문구 장안동 163-14,2626,
MA010120220800281167,T.hill14st,,3110082,용산구청,서울특별시 용산구 이태원로14길 16,37.5335248457191,126.990473593178,서울특별시 용산구 이태원동 34-77,4390,
MA010120220810033078,아일랑트,,3120103,홍대입구역(홍대),서울특별시 마포구 와우산로21길 19-19,37.551537914457,126.922661372615,서울특별시 마포구 서교동 362-11,4041,
MA010120220813633314,주식커피코시나,,3110129,성원어린이공원,서울특별시 성동구 성수일로11길 8,37.5492187340209,127.050787974947,서울특별시 성동구 성수동1가 13-202,4790,
MA0101202301A0066461,카페로룸,,3110263,면목역 1번,서울특별시 중랑구 면목로78길 50,37.5906320779896,127.090060440049,서울특별시 중랑구 면목동 99-49,2162,
MA010120220809642463,엑스떡같은하루,,3120105,상수역(홍대),서울특별시 마포구 독막로19길 27,37.5486739717979,126.924565471655,서울특별시 마포구 상수동 93-22,4068,
MA010120220813832615,해창에프엔씨,,3110396,쌍문역1번(쌍리단길),서울특별시 도봉구 도봉로 482,37.6484686193408,127.03501413654,서울특별시 도봉구 창동 659-4,1454,
MA0106202303A0658045,바모스에스프레소,,3130157,상계중앙시장,서울특별시 노원구 한글비석로23길 32,37.6594894901936,127.070990601404,서울특별시 노원구 상계동 169-248,1682,
MA010120220809703211,에이스커피컴퍼니,,3110694,세곡초등학교,서울특별시 구로구 고척로25길 53,37.5040523890346,126.846189850602,서울특별시 구로구 개봉동 102-8,8247,
MA010120220808057082,커먼투,,3120009,종로3가역,서울특별시 종로구 돈화문로11길 33,37.5723667905702,126.989529096505,서울특별시 종로구 낙원동 132-2,3139,
MA010120220803109758,진류,,3110556,절두산순교성지,서울특별시 마포구 토정로 12-3,37.5454851266295,126.912506013715,서울특별시 마포구 합정동 197-3,4085,
MA010120220808594660,쿠자공방,,3120239,오금역,서울특별시 송파구 송이로17길 49,37.50143771982,127.124728909169,서울특별시 송파구 가락동 17-10,5703,
MA010120220800143345,던에이비씨,,3110869,"신림역 5번(신림동주민센터, 신림동별빛거리)",서울특별시 관악구 봉천로6길 32,37.4882262363164,126.925451721572,서울특별시 관악구 신림동 1454-2,8706,
MA010120220803914731,더메뉴얼,,3120178,신사역,서울특별시 서초구 강남대로101길 17,37.5166840652026,127.018392465381,서울특별시 서초구 잠원동 13-1,6524,
MA0106202308A2111430,논현커피,,3110063,효창공원앞역 5번,서울특별시 용산구 백범로74길 40,37.5383573960102,126.961710878333,서울특별시 용산구 용문동 5-91,4364,
MA010120220809771951,카페로쏘,,3120164,내방역,서울특별시 서초구 방배로26길 22,37.4893037869592,126.994086256253,서울특별시 서초구 방배동 876-41,6588,
MA010120220813062486,씨와이SEEWHY,,3120200,학동사거리,서울특별시 강남구 도산대로49길 10-6,37.5237162509137,127.0378970116,서울특별시 강남구 신사동 652-7,6019,
MA010120220804266333,사뜨바,,3120200,학동사거리,서울특별시 강남구 도산대로49길 10-6,37.5237162509137,127.0378970116,서울특별시 강남구 신사동 652-7,6019,
MA010120220803493632,카페키노르,,3120027,명동역(명동재미로),서울특별시 중구 퇴계로18길 33,37.5593198997178,126.985162204833,서울특별시 중구 남산동2가 32-13,4631,
MA010120220810490728,카페마지오,,3120096,"이화여대(이대역, 이대)",서울특별시 서대문구 신촌로 171,37.556956422887,126.945007958135,서울특별시 서대문구 대현동 40-30,3766,
MA010120220805163943,카페스트라세,,3110548,마포구청역 4번,서울특별시 마포구 월드컵로32길 45,37.5631765331117,126.90702981052,서울특별시 마포구 성산동 277-58,3965,
MA010120220805174380,매일그릭,,3110067,배문고등학교,서울특별시 용산구 청파로47나길 75,37.5481441855237,126.968235338207,서울특별시 용산구 청파동1가 75-2,4307,
MA010120220812258107,팔짱,,3110545,마포구청역 1번,서울특별시 마포구 월드컵로34길 6,37.5645518603248,126.9030552345,서울특별시 마포구 성산동 592-2,3938,
MA010120220813366640,나하무,,3120002,서촌(경복궁역),서울특별시 종로구 자하문로7길 3,37.5781571811898,126.971381088123,서울특별시 종로구 체부동 29-2,3040,
MA010120220808599179,넥스트페이지,,3110569,홍대땡땡거리,서울특별시 마포구 서강로9길 60,37.5546422349158,126.930523626816,서울특별시 마포구 창전동 5-138,4061,
MA010120220808836788,메가커피고투몰점,,3120167,고속터미널(고속터미널역),서울특별시 서초구 신반포로 200,37.50622472873,127.005044215872,서울특별시 서초구 잠원동 68-17,6545,
MA010120220813651301,카페연,,3120167,고속터미널(고속터미널역),서울특별시 서초구 신반포로 200,37.50622472873,127.005044215872,서울특별시 서초구 잠원동 68-17,6545,
MA010120220809597234,뜨락,,3130010,종로신진시장,서울특별시 종로구 종로40길 8-1,37.5705650807239,127.006588020581,서울특별시 종로구 종로6가 313-1,3197,
MA0106202407A1090893,엘리스스푼케익&커피,,3130320,암사종합시장,서울특별시 강동구 상암로 47,37.5497360559551,127.128792743078,서울특별시 강동구 암사동 496-18,5264,
MA0106202201A1087855,엘리스스푼케익＆커피,,3130320,암사종합시장,서울특별시 강동구 상암로 47,37.5497360559551,127.128792743078,서울특별시 강동구 암사동 496-18,5264,
MA010120220813755482,옥이커피,,3120139,대림3동사거리,서울특별시 영등포구 대림로40길 10,37.5012705373877,126.898251557597,서울특별시 영등포구 대림동 665-13,7381,
MA010120220807328980,써니데이커피,,3110477,은평세무서,서울특별시 은평구 은평로11길 12,37.6019310163689,126.923424590893,서울특별시 은평구 녹번동 156-42,3459,
MA0101202309A0079602,커피데이,,3120113,오목교역,서울특별시 양천구 오목로 342,37.5244494304866,126.875345916582,서울특별시 양천구 목동 406-30,8006,
MA010120220809631582,카페이십센치,,3110888,청룡동주민센터,서울특별시 관악구 참숯1길 4,37.4791083590274,126.942114239947,서울특별시 관악구 봉천동 1539-14,8830,
MA010120220806852710,몽에덴,,3110027,혜화역 1번,서울특별시 종로구 동숭4라길 35,37.5831880235284,127.006374023633,서울특별시 종로구 동숭동 4-170,3085,
MA0101202409A0110460,스탠다드브레드cafe,,3120200,학동사거리,서울특별시 강남구 도산대로53길 13,37.5240495013791,127.038270495659,서울특별시 강남구 신사동 654-10,6019,
MA0106202201A0153098,커피빈신논현역2번출구점,코리아,3120187,신논현역,서울특별시 서초구 강남대로 475,37.5047357741833,127.023829488091,서울특별시 서초구 반포동 748-12,6541,
MA010120220806438003,소잉카페;이어지다,,3110575,대흥동주민센터,서울특별시 마포구 신촌로 142,37.556242831065,126.941262405007,서울특별시 마포구 노고산동 1-21,4104,
MA010120220805435782,더웨이유통할리스커피,약수역점,3130042,약수시장,서울특별시 중구 다산로 114,37.5539594371054,127.010423059112,서울특별시 중구 신당동 368-66,4597,
MA010120220806459230,프루코&드루와,,3130274,사당1동먹자골목상점가(사당1동먹자골목),서울특별시 동작구 동작대로7길 65,37.4779674072533,126.979152397884,서울특별시 동작구 사당동 1040-4,7025,
MA0101202410A0048721,홈런카페,,3120122,강서구청,서울특별시 강서구 화곡로58길 30-20,37.5519841978161,126.852111940704,서울특별시 강서구 화곡동 1120-6,7657,
MA010120220807067480,공차약수점,,3120038,약수역,서울특별시 중구 동호로 192,37.5553649723765,127.010660918661,서울특별시 중구 신당동 374-22,4607,
MA010120220800020110,커피로스팅하우스,,3110326,장위동성당,서울특별시 성북구 장월로 81,37.6131810983944,127.048826726992,서울특별시 성북구 장위동 233-34,2746,
MA010120220802991908,쎄콩데haus,,3110120,서울숲카페거리,서울특별시 성동구 서울숲2길 34,37.5465551197528,127.042310490934,서울특별시 성동구 성수동1가 668-110,4768,
MA010120220800280317,배재란의커피클래스,,3120047,한남오거리,서울특별시 용산구 대사관로 73,37.5333628899721,127.006143500858,서울특별시 용산구 한남동 634-1,4401,
MA010120220800719509,카페느림,,3110541,동교초등학교,서울특별시 마포구 방울내로 42,37.5588284499471,126.90055008909,서울특별시 마포구 망원동 432-32,3959,
MA010120220801059298,아름다운커피세정점재,,3120217,대치사거리,서울특별시 강남구 삼성로 342,37.5022364072647,127.059520840155,서울특별시 강남구 대치동 962-1,6186,
MA0101202211A0030186,서촌쌍화,,3130002,세종마을음식문화거리(금천교시장),서울특별시 종로구 자하문로1길 50-19,37.5773818586333,126.969513476878,서울특별시 종로구 필운동 166-1,3041,
MA010120220805105505,요커트아이스크림의정석,사당점,3110847,예술인마을,서울특별시 동작구 남부순환로255다길 41,37.4782362919942,126.972255857555,서울특별시 동작구 사당동 303-73,7022,
MA0101202307A0012680,광속아레밀,건대점,3120053,건대입구역(건대),서울특별시 광진구 아차산로30길 3,37.5405154850519,127.067913097576,서울특별시 광진구 자양동 7-32,5073,
MA0101202406A0053348,오층카페,,3120012,대학로(혜화역),서울특별시 종로구 대명길 26,37.5834224538645,127.000090572556,서울특별시 종로구 명륜2가 38-3,3077,
MA0101202209A0063458,쿤스트40,,3110018,중앙고등학교,서울특별시 종로구 계동길 92-17,37.581565726266,126.987320157106,서울특별시 종로구 계동 40,3057,
MA010120220813183029,해머스미스커피선릉세웅타워소망점,,3120210,선릉역,서울특별시 강남구 선릉로94길 12,37.5057999777,127.049559704051,서울특별시 강남구 삼성동 141-3,6162,
MA0101202211A0042380,마크커피,,3110996,대치2동주민센터,서울특별시 강남구 도곡로99길 23,37.5021521947893,127.065424220065,서울특별시 강남구 대치동 982-8,6187,
MA0101202409A0201302,베데스다카페,,3110356,덕수교,서울특별시 강북구 노해로23길 104,37.6470487978586,127.018583201127,서울특별시 강북구 수유동 270-55,1047,
MA010120220813217942,리빈에프엔비,,3120204,르네상스호텔사거리,서울특별시 강남구 언주로90길 8,37.5022432525373,127.043880084713,서울특별시 강남구 역삼동 706-12,6210,
MA0101202411A0022786,카페리빈,,3120204,르네상스호텔사거리,서울특별시 강남구 언주로90길 8,37.5022432525373,127.043880084713,서울특별시 강남구 역삼동 706-12,6210,
MA010120220802969028,오픈마켓팝잇,,3110647,화곡역 5번,서울특별시 강서구 화곡로24길 44,37.5390737174707,126.838966957333,서울특별시 강서구 화곡동 1085-23,7717,
MA010120220800699367,카페세븐스프링스,연지점,3120014,종로5가역,서울특별시 종로구 종로33길 31,37.5726105184861,127.00109803346,서울특별시 종로구 연지동 263,3129,
MA0101202411A0183157,우주라이크커피망우점,,3110275,하나은행 망우동지점,서울특별시 중랑구 망우로 428,37.599490047771,127.099741811836,서울특별시 중랑구 망우동 486-3,2164,
MA010120220813832434,진혁,,3120052,성수역,서울특별시 성동구 성수일로6길 47,37.5442972799847,127.055243001766,서울특별시 성동구 성수동2가 315-74,4782,
MA0101202409A0033029,베르제,,3120012,대학로(혜화역),서울특별시 종로구 대명길 33,37.5829899769764,126.999852820448,서울특별시 종로구 명륜4가 58,3078,
MA0101202411A0119482,커피bar은평,,3130169,대조시장,서울특별시 은평구 불광로 14,37.6096464329262,126.928105455235,서울특별시 은평구 대조동 14-5,3397,
MA010120220801022061,니드,,3110136,경수초등학교,서울특별시 성동구 연무장길 86,37.5412502267132,127.058714516301,서울특별시 성동구 성수동2가 271-8,4785,
MA0101202406A0335639,나츠네코,,3110821,보라매역 2번,서울특별시 동작구 여의대방로24길 60,37.4981090768945,126.923564658257,서울특별시 동작구 신대방동 361-39,7056,
MA010120220810233902,이지스터커피&베이커리,,3120196,서울세관,서울특별시 강남구 학동로44길 6,37.5153192292117,127.036863439264,서울특별시 강남구 논현동 238-14,6098,
MA010120220806714640,늘깨어있는,,3110286,한성대입구역 5번,서울특별시 종로구 창경궁로35길 63,37.5886031250458,127.003011746204,서울특별시 종로구 혜화동 27-1,3076,
MA010120220805095077,담쟁이집,,3120008,인사동,서울특별시 종로구 인사동11길 16-3,37.5739699035964,126.983721641127,서울특별시 종로구 견지동 83,3145,
MA0101202212A0053853,이공커피충정로점,,3120097,충정로역,서울특별시 서대문구 경기대로 26-20,37.5616485203646,126.962694970112,서울특별시 서대문구 충정로3가 117,3737,
MA010120220811961814,어퍼콜라보,,3120047,한남오거리,서울특별시 용산구 독서당로14길 29,37.5319121538748,127.008191175812,서울특별시 용산구 한남동 175,4410,
MA010120220808039723,쿤스트138,,3110981,국악고교사거리,서울특별시 강남구 논현로16길 10-3,37.4761486356257,127.047584288863,서울특별시 강남구 개포동 1226-10,6312,
MA010120220804586182,마포시니어클럽노고산점,,3110575,대흥동주민센터,서울특별시 마포구 신촌로26길 10,37.5558469388869,126.942371820436,서울특별시 마포구 노고산동 1-50,4103,
MA010120220810319023,카페데베르,,3120164,내방역,서울특별시 서초구 방배로25길 12,37.4887270368185,126.992265832462,서울특별시 서초구 방배동 852-15,6572,
MA0101202306A0068983,디어마이슈페너Dearmyxpanner,,3120184,포이사거리(삼호물산),서울특별시 강남구 개포로 202,37.4781679150877,127.04498526502,서울특별시 강남구 개포동 1238,6307,
MA0101202406A0055465,커피올레,,3110409,창동역 2번,서울특별시 도봉구 도봉로136가길 69,37.6561244735998,127.042610572439,서울특별시 도봉구 창동 219-5,1400,
MA010120220805496752,간삼기획,,3110049,장충단 고개,서울특별시 중구 동호로20다길 16,37.5585636216945,127.009382462161,서울특별시 중구 신당동 407-4,4607,
MA010120220800438700,플로아,,3120154,장승배기역,서울특별시 동작구 장승배기로 67,37.5036684244342,126.93933576214,서울특별시 동작구 상도동 181-20,6956,
MA010120220805160400,퓨처인텔리전스,,3110012,성곡미술관,서울특별시 종로구 경희궁1길 24,37.5721922373862,126.969934427585,서울특별시 종로구 신문로2가 1-113,3176,
MA010120220813617609,샌드로드,,3120066,장한평역(장한평),서울특별시 동대문구 천호대로83길 24,37.5632763336458,127.065002257304,서울특별시 동대문구 장안동 432-8,2636,
MA0101202406A0172416,메가엠지씨커피청구역점,,3110054,청구역 3번,서울특별시 중구 다산로 162,37.5578965748984,127.012687148749,서울특별시 중구 신당동 340-73,4590,
MA010120220803908509,The달다,,3110337,아카데미하우스,서울특별시 강북구 419로21길 18,37.6444643024054,127.005654082992,서울특별시 강북구 수유동 535-97,1016,
MA010120220805949814,피보나치,,3110472,연신내역 4번,서울특별시 은평구 통일로73길 26,37.6148230728954,126.921746402741,서울특별시 은평구 대조동 205-18,3386,
MA010120220807899591,사회적협동조합스윗서울대,입구점,3130294,관악중부시장,서울특별시 관악구 관악로 212,37.4835559948447,126.955135876019,서울특별시 관악구 봉천동 31-1,8737,
MA010120220811791288,메가엠지씨커피목동역점,,3120110,목동역 8번출구,서울특별시 양천구 오목로 232,37.5257062082191,126.863035462284,서울특별시 양천구 신정동 992-1,8022,
MA010120220806642145,이시스커피,,3120110,목동역 8번출구,서울특별시 양천구 오목로 232,37.5257062082191,126.863035462284,서울특별시 양천구 신정동 992-1,8022,
MA010120220803535934,꿀스커피,대치점,3120212,한티역,서울특별시 강남구 선릉로62길 32-2,37.4976794636115,127.055095556368,서울특별시 강남구 대치동 938-4,6207,
MA010120220808708325,파랑,,3110210,서울시립대,서울특별시 동대문구 전농로34길 3,37.5848161011012,127.053008574586,서울특별시 동대문구 전농동 103-354,2492,
MA010120220803292884,테라베이커리카페,,3120235,문정역,서울특별시 송파구 법원로 127,37.4862889447379,127.118756296125,서울특별시 송파구 문정동 641-4,5836,
MA010120220812601622,헬로우;잇쯔미,,3120235,문정역,서울특별시 송파구 법원로 127,37.4862889447379,127.118756296125,서울특별시 송파구 문정동 641-4,5836,
MA0101202406A0081018,먹어유,,3110892,관악구 중앙길,서울특별시 관악구 중앙길 81,37.4853921908315,126.950476393376,서울특별시 관악구 봉천동 457-415,8746,
MA010120220808069419,열두달열매청,,3110877,신림역 8번,서울특별시 관악구 신림로68길 39,37.486572077633,126.931559110413,서울특별시 관악구 신림동 1418-33,8755,
MA010120220803186807,그리고지금,,3110841,중대부중,서울특별시 동작구 서달로12길 100,37.503768835195,126.964725574683,서울특별시 동작구 흑석동 61-18,6985,
MA010120220806907453,엘리스스푼케&커피,,3130320,암사종합시장,서울특별시 강동구 상암로 47,37.5496909814544,127.128815298437,서울특별시 강동구 암사동 496-18,5264,
MA010120220800877425,소라다방,,3110593,신월3동주민센터,서울특별시 양천구 남부순환로40길 23,37.5344717402681,126.827707956675,서울특별시 양천구 신월동 160-7,7912,
MA010120220812798205,올유니드,면목점,3110243,중랑노인종합복지관,서울특별시 중랑구 겸재로3길 34,37.5874970771299,127.076662519637,서울특별시 중랑구 면목동 177-130,2134,
MA010120220800103719,카페드앙떼띠,,3120165,서래마을카페거리(서래마을),서울특별시 서초구 사평대로26길 24,37.4990798565847,126.998970897073,서울특별시 서초구 반포동 92-5,6577,
MA010120220813252716,다시사랑받개,,3110276,신내IC북측,서울특별시 중랑구 용마산로139나길 83,37.6189661004242,127.103607660673,서울특별시 중랑구 신내동 273-20,2052,
MA010120220805206770,매머드커피장안비바패밀리점,,3120066,장한평역(장한평),서울특별시 성동구 천호대로 400,37.5612860124078,127.063382023048,서울특별시 성동구 용답동 232-1,4808,
MA010120220811288307,텐퍼센트스페셜티커피태릉역점,,3120086,태릉입구역,서울특별시 노원구 동일로 1000,37.6194919662217,127.075528675265,서울특별시 노원구 공릉동 617-3,1849,
MA010120220803901908,하나둘;둘셋,,3110307,길음역 7번,서울특별시 성북구 길음로 33,37.6050531966271,127.022094776349,서울특별시 성북구 길음동 1284,2720,
MA010120220803503361,서나커피앤타르트,,3130140,숭인시장,서울특별시 강북구 도봉로13가길 9-2,37.6146382568481,127.028882065849,서울특별시 강북구 미아동 61-17,1211,
MA010120220807787283,파스쿠찌석촌호수점,,3111010,석촌역 7번,서울특별시 송파구 송파대로49길 37,37.506317177461,127.100567750767,서울특별시 송파구 석촌동 52-9,5611,
MA010120220812337821,코너스톤,,3110133,서울교통공사,서울특별시 성동구 용답길 169-1,37.563785518727,127.05597046051,서울특별시 성동구 용답동 6-1,4805,
MA010120220812441803,로프트,,3120166,방배역,서울특별시 서초구 방배로 95,37.482681468804,126.996381967559,서울특별시 서초구 방배동 910-13,6686,
MA010120220806382412,모리셔스브라운,,3110554,망원역 1번,서울특별시 마포구 월드컵로10길 39,37.5554510155171,126.913660048714,서울특별시 마포구 서교동 477-4,4003,
MA010120220812448663,체크인,,3110700,고척초등학교,서울특별시 구로구 경서로 55,37.50200496008,126.85890565299,서울특별시 구로구 고척동 136-6,8232,
MA0106202402A1254511,악기거리로데클래식,,3120171,서초3동사거리,서울특별시 서초구 남부순환로317길 79,37.4831045493371,127.010300144171,서울특별시 서초구 서초동 1485-11,6709,
MA010120220808914831,라이온프라이드,,3120192,뱅뱅사거리,서울특별시 강남구 도곡로3길 13,37.4910473701526,127.032678998954,서울특별시 강남구 역삼동 837-19,6253,
MA010120220806388316,마치,,3110230,장안현대홈타운1차아파트,서울특별시 동대문구 장한로18길 57,37.5678312705169,127.072069400583,서울특별시 동대문구 장안동 339-19,2639,
MA010120220814154256,쥬스&후르츠,,3130312,석촌시장,서울특별시 송파구 송파대로37길 59-4,37.4998074648659,127.105670655246,서울특별시 송파구 석촌동 321,5698,
MA010120220808476577,탐앤탐스무학여고점,,3110118,왕십리역 9번,서울특별시 성동구 고산자로 202,37.5582616490819,127.034417312273,서울특별시 성동구 행당동 319-36,4745,
MA010120220804181458,피꼴로,,3120184,포이사거리(삼호물산),서울특별시 서초구 마방로10길 36,37.4758525518653,127.044373389809,서울특별시 서초구 양재동 273,6776,
MA010120220813098904,지엔터테인먼트,,3120202,압구정로데오역(압구정로데오),서울특별시 강남구 선릉로157길 14-3,37.526400991504,127.038656337056,서울특별시 강남구 신사동 663-16,6018,
MA010120220812772589,섬기고나누며누리는사람들,,3111038,보인중학교,서울특별시 송파구 동남로24길 11,37.4996215154462,127.137516250995,서울특별시 송파구 오금동 152-3,5740,
MA0101202211A0095150,알엑스디커피Rx'dcoffee,,3120228,석촌역(석촌호수),서울특별시 송파구 송파대로 453,37.5067725698531,127.105295932863,서울특별시 송파구 석촌동 184-7,5609,
MA010120220813805854,카페뷔뷔에스,,3110303,성신여대입구역 1번,서울특별시 성북구 동소문로26길 9,37.594133637205,127.019543829325,서울특별시 성북구 동선동3가 136,2845,
MA0101202406A0582633,뷰망뜨샵,마곡점,3120118,마곡역(마곡),서울특별시 강서구 공항대로 186,37.5590964256157,126.827990808378,서울특별시 강서구 마곡동 799-1,7631,
MA010120220807222389,커상,,3110058,성심여자고등학교,서울특별시 용산구 원효로19길 72,37.5334989201491,126.955750874983,서울특별시 용산구 원효로3가 254-1,4362,
MA010120220814057226,카페베리,,3120060,강변역(테크노마트),서울특별시 광진구 광나루로56길 85,37.5357209382758,127.095696795724,서울특별시 광진구 구의동 546-4,5116,
MA010120220803748891,카페리치,,3120060,강변역(테크노마트),서울특별시 광진구 광나루로56길 85,37.5357209382758,127.095696795724,서울특별시 광진구 구의동 546-4,5116,
MA010120220803742327,쎄리오,,3120060,강변역(테크노마트),서울특별시 광진구 광나루로56길 85,37.5357209382758,127.095696795724,서울특별시 광진구 구의동 546-4,5116,
MA010120220813545803,이디야옥수역점,,3110102,옥수역 6번,서울특별시 성동구 한림말5길 9,37.5420114705806,127.016712704937,서울특별시 성동구 옥수동 365-20,4735,
MA010120220813900100,우주곰커피제이엠에프,,3120053,건대입구역(건대),서울특별시 광진구 아차산로31길 20-6,37.5417036418701,127.069905660335,서울특별시 광진구 화양동 8-39,5017,
MA010120220806807319,산옥커피로스터스,,3110564,홍대입구역 3번,서울특별시 마포구 연희로 23,37.5609287865905,126.926545114616,서울특별시 마포구 동교동 113-85,3985,
MA010120220809322128,카페틸데,,3110069,숙대입구,서울특별시 용산구 청파로43가길 23,37.5441078011298,126.968576519496,서울특별시 용산구 청파동3가 107-44,4313,
MA0101202308A0026283,그릭,,3120101,합정역,서울특별시 마포구 양화로 25,37.5490977495181,126.911992554402,서울특별시 마포구 합정동 383-16,4027,
MA010120220800091651,24시무인카페만월경,길동점,3111083,GS강동자이아파트,서울특별시 강동구 명일로 200-33,37.5370731475755,127.14750785597,서울특별시 강동구 길동 137-2,5349,
MA0101202303A0085506,시은Tea,,3110821,보라매역 2번,서울특별시 동작구 여의대방로22나길 39,37.4964051037766,126.921926674458,서울특별시 동작구 신대방동 364-151,7058,
MA010120220808508359,아롬,,3001491,이태원 관광특구,서울특별시 용산구 이태원로23길 4,37.5346963132782,126.992826797623,서울특별시 용산구 이태원동 119-15,4350,
MA010120220806413003,호정개발오페뜨,건대점,3120053,건대입구역(건대),서울특별시 광진구 능동로 111,37.5410183160535,127.070855493283,서울특별시 광진구 화양동 5-106,5017,
MA010120220808221476,바이포엠아이앤씨,,3120210,선릉역,서울특별시 강남구 테헤란로 332,37.5037732825028,127.048189911203,서울특별시 강남구 역삼동 708-4,6212,
MA010120220813109796,카페인하우스,,3110261,사가정역 4번,서울특별시 중랑구 사가정로54길 31,37.5793530512329,127.088201538029,서울특별시 중랑구 면목동 618-18,2249,
MA010120220803218420,파라티,,3110062,한강로동땡땡거리(은행나무길),서울특별시 용산구 한강대로 23,37.5237342527968,126.962046416579,서울특별시 용산구 한강로3가 40-19,4380,
MA0101202302A0040778,그녀의커피:카페드엘르,,3110688,오류지구대,서울특별시 구로구 고척로3길 7,37.4956470265752,126.840168461187,서울특별시 구로구 오류동 6-140,8254,
MA0101202306A0048184,에이치에이치디안국역점,,3120007,북촌(안국역),서울특별시 종로구 계동길 17,37.5781058296785,126.986596214922,서울특별시 종로구 계동 144-1,3059,
MA010120220804112259,비612페비리,,3111048,천호역 1번(천호문구완구거리),서울특별시 강동구 구천면로 146-1,37.5421577451921,127.121141865001,서울특별시 강동구 천호동 466-18,5247,
MA0101202307A0028967,파이브스타,,3110120,서울숲카페거리,서울특별시 성동구 서울숲2길 8,37.5475201492293,127.039538582924,서울특별시 성동구 성수동1가 685-489,4768,
MA0101202409A0075265,카페16온스,성균관대점,3110020,서울국제고등학교,서울특별시 종로구 명륜3길 11-6,37.5888733104166,126.994033097797,서울특별시 종로구 명륜3가 1-272,3064,
MA010120220800888096,더나우커피,,3110628,신목동역,서울특별시 양천구 목동중앙로13가길 3,37.5454489249298,126.88135360517,서울특별시 양천구 목동 128-15,7969,
MA0101202306A0045660,부엉이커피,,3120016,동대문역,서울특별시 종로구 종로50나길 1,37.5705555714168,127.012700615362,서울특별시 종로구 창신동 427-6,3120,
MA010120220804351434,테이크온미커피,,3130150,창동골목시장,서울특별시 도봉구 덕릉로 250-1,37.6398087700659,127.039428818736,서울특별시 도봉구 창동 569-3,1473,
MA010120220813540691,루나카라,,3110350,가오리역 2번,서울특별시 강북구 삼각산로 86,37.6399947510086,127.013777460907,서울특별시 강북구 수유동 391-33,1083,
MA010120220803064868,에이바우트커피이수점,,3120156,"총신대입구역(이수, 총신대)",서울특별시 동작구 동작대로27가길 12,37.4871129531579,126.98097028676,서울특별시 동작구 사당동 139-72,7008,
MA0106202301A0720428,워크무드선릉,본점,3120052,성수역,서울특별시 성동구 성수이로 96,37.5434494855417,127.05704154397,서울특별시 성동구 성수동2가 317-5,4783,
MA0106202403A0710461,지지지,,3120052,성수역,서울특별시 성동구 성수이로 96,37.5434494855417,127.05704154397,서울특별시 성동구 성수동2가 317-5,4783,
MA010120220810277442,닮아가다,,3120104,연남동(홍대),서울특별시 마포구 동교로 211,37.5589985892248,126.923298780665,서울특별시 마포구 동교동 198-14,3993,
MA0101202301A0056905,화임,,3110375,서울북부고용노동지청,서울특별시 강북구 덕릉로40길 14,37.6344866934936,127.030113312091,서울특별시 강북구 번동 437-17,1134,
MA010120220812650776,세종문화회관카페베네,,3120003,광화문역,서울특별시 종로구 세종대로 175,37.5718512829803,126.976171783999,서울특별시 종로구 세종로 81-3,3172,
MA010120220806531973,님부스,,3110082,용산구청,서울특별시 용산구 녹사평대로26가길 19,37.5326330099223,126.992645973036,서울특별시 용산구 이태원동 74-63,4391,
MA0106202309A2291611,코티커피신촌역점,,3120094,"신촌역(신촌역, 신촌로터리)",서울특별시 서대문구 신촌로 75,37.5560863448444,126.934936084009,서울특별시 서대문구 창천동 72-6,3789,
MA0106202312A0036877,메가엠지씨커피언주역점,,3120194,언주역(차병원),서울특별시 강남구 논현로 561,37.5061388307875,127.034076692331,서울특별시 강남구 역삼동 606-28,6125,
MA010120220806838550,예고,,3110929,남부터미널역 1번,서울특별시 서초구 사임당로18길 18,37.4888068462199,127.019041450202,서울특별시 서초구 서초동 1628-5,6641,
MA0101202305A0196489,지니어스커피바,가산점,3110723,가산디지털단지역 1번 출입구,서울특별시 금천구 벚꽃로 328,37.4837760648939,126.882174815153,서울특별시 금천구 가산동 32-60,8508,
MA010120220809746031,레스피레,,3110544,망리단길,서울특별시 마포구 월드컵로13길 55-24,37.5543283508303,126.906531531206,서울특별시 마포구 망원동 57-291,4014,
MA010120220803398107,자스아일랜드,,3110931,삼성전자서울R&D(서울우면초등학교),서울특별시 서초구 성촌1길 6,37.4658305122187,127.022404157728,서울특별시 서초구 우면동 687-2,6765,
MA010120220800152817,아렌샵,,3110456,구산보건지소,서울특별시 은평구 연서로9길 5,37.607348827238,126.914472135259,서울특별시 은평구 역촌동 45-10,3416,
MA010120220800003226,가야스넥코너,,3120011,종로4가,서울특별시 종로구 창경궁로 109,37.5723491989057,126.9970794676,서울특별시 종로구 인의동 112-2,3137,
MA010120220810457406,낙과유수협동조합,,3110372,강북중학교,서울특별시 강북구 도봉로101길 59,37.6443530510606,127.027771816856,서울특별시 강북구 수유동 166-19,1052,
MA010120220808632218,솜씨공간,성북점,3110318,KT월곡지사,서울특별시 성북구 화랑로1길 7,37.6034467676575,127.033430228949,서울특별시 성북구 하월곡동 90-700,2739,
MA010120220812600967,트리거커피,,3110176,해오름공원,서울특별시 광진구 긴고랑로36길 46,37.5573038014861,127.090699370063,서울특별시 광진구 중곡동 88-1,4946,
MA010120220810404702,감탄후식단,,3110475,백련산해모로아파트,서울특별시 은평구 응암로 294,37.5976764880187,126.920620667126,서울특별시 은평구 응암동 104-42,3464,
MA0101202212A0100502,지오에프앤비,,3120213,삼성중앙역,서울특별시 강남구 삼성로 575,37.5127181424887,127.053127205229,서울특별시 강남구 삼성동 119-2,6154,
MA0101202406A0171787,마쵸커피,,3110634,송정역 3번,서울특별시 강서구 방화대로7길 48,37.5561552693721,126.813545212749,서울특별시 강서구 공항동 737,7625,
MA0106202404A0709147,워크무드선릉,본점,3120210,선릉역,서울특별시 강남구 테헤란로63길 9,37.5057547224183,127.050045996783,서울특별시 강남구 삼성동 141-8,6162,
MA010120220813737866,레가,,3110073,삼각지역 3번,서울특별시 용산구 한강대로40길 43,37.5302151603709,126.971682253657,서울특별시 용산구 한강로2가 71,4382,
MA0101202406A0294950,오거트,,3110073,삼각지역 3번,서울특별시 용산구 한강대로40길 43,37.5302151603709,126.971682253657,서울특별시 용산구 한강로2가 71,4382,
MA0101202406A0252108,립스트앤브런치,,3110247,먹골역 1번,서울특별시 중랑구 동일로154길 7,37.609038457879,127.078655252423,서울특별시 중랑구 묵동 122-359,2039,
MA010120220808709282,오프더레코드,,3110453,신사1동주민센터,서울특별시 은평구 증산로21가길 11,37.596977562429,126.913283703925,서울특별시 은평구 신사동 27-38,3450,
MA0101202406A0269679,나나카페,,3120142,대림역,서울특별시 영등포구 도림로38길 1,37.492836327027,126.897335754175,서울특별시 영등포구 대림동 1050-3,7417,
MA0101202411A0149100,하이라이트,,3120103,홍대입구역(홍대),서울특별시 마포구 와우산로19길 6-11,37.5517542870808,126.922864850981,서울특별시 마포구 서교동 362-14,4041,
MA0106202201A1676880,빔플커피,,3110433,공릉역 2번,서울특별시 노원구 동일로184길 69-3,37.62485167008,127.077335225631,서울특별시 노원구 공릉동 506-35,1843,
MA010120220804023970,카페아이,,3110190,고대앞사거리,서울특별시 동대문구 제기로 10,37.5862826925781,127.034079227531,서울특별시 동대문구 제기동 139-12,2475,
MA010120220806541644,아그작,,3111012,석촌역 6번,서울특별시 송파구 가락로15길 1,37.5011671893111,127.106554683811,서울특별시 송파구 석촌동 272-23,5688,
MA010120220803571758,알쥐비COFFEE,,3120118,마곡역(마곡),서울특별시 강서구 공항대로 164,37.5593180368306,126.825511677107,서울특별시 강서구 마곡동 798-2,7807,
MA0101202302A0094802,이너프커피,,3120118,마곡역(마곡),서울특별시 강서구 공항대로 164,37.5593180368306,126.825511677107,서울특별시 강서구 마곡동 798-2,7807,
MA0101202303A0069630,힘내커피,,3130246,영등포청과시장(조광시장),서울특별시 영등포구 영신로37길 13-1,37.5212469738308,126.899627145183,서울특별시 영등포구 당산동1가 77-3,7267,
MA010120220808816920,브라운핸즈디지털단지,,3110722,G타워,서울특별시 구로구 디지털로32다길 52,37.4808900037718,126.898539239007,서울특별시 구로구 구로동 1130-61,8392,
MA010120220811681464,행운보다행복,,3110075,숙대입구역 1번,서울특별시 용산구 두텁바위로1길 26,37.5456678176747,126.973860369873,서울특별시 용산구 갈월동 53-21,4335,
MA010120220804948485,커피스토리,,3110675,화곡4동주민센터,서울특별시 강서구 등촌로13길 24,37.5356249539351,126.861942462519,서울특별시 강서구 등촌동 572-17,7733,
MA010120220810058212,궤도,,3120104,연남동(홍대),서울특별시 마포구 연남로 19,37.5613405948412,126.922402240079,서울특별시 마포구 연남동 566-56,3990,
MA010120220812653269,드립드랍,,3120196,서울세관,서울특별시 강남구 언주로134길 6,37.5164367007484,127.036128745245,서울특별시 강남구 논현동 115-22,6061,
MA010120220810399375,카페든든,,3111027,문정초등학교,서울특별시 송파구 동남로6길 15,37.4890576283113,127.124979697143,서울특별시 송파구 문정동 27-16,5804,
MA010120220808775816,카페57,,3110765,문래동사거리,서울특별시 영등포구 경인로82길 3-4,37.5120633942262,126.896890925681,서울특별시 영등포구 문래동1가 39,7371,
MA0101202406A0216526,말통커피앤베이글,,3120101,합정역,서울특별시 마포구 양화로 56,37.5497577154943,126.915047225941,서울특별시 마포구 서교동 394-25,4045,
MA010120220801952078,커피지인,,3110281,길상사,서울특별시 성북구 성북로26길 64,37.5967839485433,126.992764223682,서울특별시 성북구 성북동 303,2838,
MA010120220806537630,카페홀린,,3120124,개봉동 현대아파트,서울특별시 구로구 개봉로 50,37.4901265796931,126.856315974277,서울특별시 구로구 개봉동 403-138,8332,
MA0106202201A0636286,탐앤탐스블랙이태원점,,3001491,이태원 관광특구,서울특별시 용산구 이태원로 170,37.534200755884,126.992713703843,서울특별시 용산구 이태원동 67-1,4391,
MA010120220802860424,까페두,,3110598,신월문화체육센터,서울특별시 양천구 지양로9길 8-1,37.5219728541907,126.832578351214,서울특별시 양천구 신월동 932-4,8037,
MA010120220811882742,카페애띠,,3110846,남성역 1번,서울특별시 동작구 사당로12길 23,37.4837410263358,126.970478700008,서울특별시 동작구 사당동 269-5,7010,
MA0101202409A0055569,이디야망우동점,,3130115,우림골목시장,서울특별시 중랑구 망우로 416,37.599166860382,127.098348534506,서울특별시 중랑구 망우동 470-14,2164,
MA0101202409A0103579,카페띠용,,3110883,은천초등학교(은천교앞),서울특별시 관악구 봉천로23길 12,37.4869797263664,126.935459652535,서울특별시 관악구 봉천동 963-1,8719,
MA010120220800162650,넬쿠오레델카페커피로스터즈,,3130313,방이시장,서울특별시 송파구 백제고분로48나길 3-31,37.5098349905681,127.115977290115,서울특별시 송파구 방이동 119-29,5642,
MA0101202306A0007859,발카이막,,3120102,서교동(홍대),서울특별시 마포구 잔다리로 71,37.5539033280472,126.916479791954,서울특별시 마포구 서교동 466-19,4029,
MA010120220800315922,용산구장애인복지단체협의회,,3110083,서빙고역 1번,서울특별시 용산구 서빙고로 245,37.5205054173162,126.991120035876,서울특별시 용산구 서빙고동 199-3,4384,
MA010120220800075960,대양푸드빌,,3120009,종로3가역,서울특별시 종로구 수표로 106,37.5707540112306,126.989551961596,서울특별시 종로구 낙원동 197-2,3139,
MA010120220810355799,빔블커피,,3110433,공릉역 2번,서울특별시 노원구 동일로184길 69-3,37.6248606725173,127.077346562806,서울특별시 노원구 공릉동 506-35,1843,
MA010120220807720573,더카페엔숙대,정문점,3110069,숙대입구,서울특별시 용산구 청파로47길 73,37.5448730297227,126.966324366701,서울특별시 용산구 청파동2가 64-8,4312,
MA010120220810111163,아모리,,3120119,발산역(마곡),서울특별시 강서구 공항대로 269-15,37.5596141065745,126.837247704328,서울특별시 강서구 마곡동 797-14,7803,
MA010120220812118645,두모망,,3110559,성산중학교,서울특별시 마포구 독막로4길 54,37.5458840645959,126.915945577014,서울특별시 마포구 합정동 368-1,4083,
MA010120220800819331,대한헬로우핸즈주,,3120152,신대방삼거리역,서울특별시 동작구 상도로 47,37.4999395598272,126.925824582532,서울특별시 동작구 대방동 395-18,6954,
MA010120220803136025,카페안녕,,3111016,송파역 2번,서울특별시 송파구 송이로10길 12,37.5019516100121,127.115557962276,서울특별시 송파구 송파동 176-6,5674,
MA010120220803716457,원유로스페셜티강동구고덕역점,,3120249,고덕역,서울특별시 강동구 고덕로 266,37.5546959378915,127.155113799116,서울특별시 강동구 명일동 46-3,5269,
MA0101202308A0023452,메가엠지씨커피신풍역점,,3110804,신풍역 1번,서울특별시 영등포구 신풍로 48,37.499938551443,126.911292582937,서울특별시 영등포구 신길동 3854,7430,
MA010120220804910904,에단스개러지,,3110293,삼선중학교,서울특별시 성북구 동소문로13가길 73,37.5904137931011,127.00928455531,서울특별시 성북구 동소문동4가 14,2832,
MA010120220806726902,지임커피,,3110595,메디힐병원,서울특별시 양천구 남부순환로31길 29,37.5390607171851,126.829700126047,서울특별시 양천구 신월동 59-13,7904,
MA0101202406A0544257,청담커피,,3120210,선릉역,서울특별시 강남구 테헤란로64길 8,37.5042046362631,127.050881872116,서울특별시 강남구 대치동 889-53,6192,
MA0101202308A0025712,덩크커피,,3130186,망원시장,서울특별시 마포구 망원로 72,37.5572011731675,126.904830303407,서울특별시 마포구 망원동 414-1,4010,
MA010120220808362093,메가엠지씨커피길동초점,,3111083,GS강동자이아파트,서울특별시 강동구 명일로 210,37.5372911311169,127.146105277222,서울특별시 강동구 길동 142-2,5349,
MA010120220809459705,엔포커피,,3120151,보라매공원,서울특별시 관악구 봉천로7길 23,37.4905243926292,126.926387962744,서울특별시 관악구 봉천동 701-1,8708,
MA010120220811873081,보플뢰르,,3120191,학동역,서울특별시 강남구 논현로131길 6-4,37.5148166818899,127.029714515555,서울특별시 강남구 논현동 37-15,6046,
MA010120220812948769,아카페,,3110464,연신내역 5번,서울특별시 은평구 연서로27길 31-7,37.6183240465103,126.916113285916,서울특별시 은평구 갈현동 501-5,3332,
MA0106202301A0097667,두희실업,,3120173,교대역(법원.검찰청),서울특별시 서초구 서초중앙로 125,37.4930063132057,127.01342248626,서울특별시 서초구 서초동 1573-11,6644,
MA010120220809821218,디저트39중랑신내SK,V1점,3110279,신내역 2번,서울특별시 중랑구 신내역로 111,37.6131372605413,127.112830318471,서울특별시 중랑구 신내동 821-2,2262,
MA0101202309A0065971,카페그리닝,,3120159,서울대입구역,서울특별시 관악구 남부순환로 1802,37.4812745257909,126.950343437461,서울특별시 관악구 봉천동 875-1,8786,
MA0101202306A0023695,구구구,,3110022,경신고등학교,서울특별시 종로구 혜화로16길 7,37.5903510883735,126.99968296667,서울특별시 종로구 혜화동 5-44,3067,
MA010120220813980709,코사카,,3110569,홍대땡땡거리,서울특별시 마포구 와우산로38길 2,37.5555704744075,126.93088492033,서울특별시 마포구 동교동 188-1,4057,
MA010120220814316489,카페크리스피,,3120026,을지로입구역,서울특별시 중구 을지로5길 16,37.566951307992,126.984911671566,서울특별시 중구 을지로2가 204,4539,
MA010120220812611509,파인드유어페이보릿,,3110163,성자초등학교,서울특별시 광진구 자양로3길 6,37.5309621405265,127.08594967865,서울특별시 광진구 자양동 677-23,5103,
MA010120220805542649,커피온리팔공티,성수점,3110131,성수동카페거리,서울특별시 성동구 연무장7길 8-1,37.5434055700121,127.05464262155,서울특별시 성동구 성수동2가 315-31,4782,
MA010120220800756699,메가엠지씨커피군자역점,,3120055,군자역,서울특별시 광진구 능동로 294,37.5558525284028,127.0790972823,서울특별시 광진구 능동 279-4,4985,
MA010120220808736376,이스트우드,,3120100,망원역,서울특별시 마포구 동교로9길 56,37.5562045251017,126.909222740168,서울특별시 마포구 망원동 377-12,4012,
MA010120220809607659,에이치엠티,코리아,3110083,서빙고역 1번,서울특별시 용산구 서빙고로51길 10,37.5207576826607,126.990916388283,서울특별시 용산구 서빙고동 199-7,4384,
MA010120220803604613,한우리보호작업장,,3120170,삼호가든사거리,서울특별시 서초구 고무래로 34,37.5024850003651,127.012519435962,서울특별시 서초구 반포동 32-12,6599,
MA0101202409A0076000,케이푸드베르체도곡점,코리아,3120205,매봉역,서울특별시 강남구 논현로26길 41,37.4838621346984,127.04539571387,서울특별시 강남구 도곡동 423-10,6300,
MA010120220800590196,탐앤탐스커피신촌,로터리점,3120094,"신촌역(신촌역, 신촌로터리)",서울특별시 서대문구 신촌로 109,37.5558356087937,126.937799602388,서울특별시 서대문구 창천동 29-81,3779,
MA0101202311A0083122,라떼킹,신촌점,3120094,"신촌역(신촌역, 신촌로터리)",서울특별시 서대문구 신촌로 109,37.5558356087937,126.937799602388,서울특별시 서대문구 창천동 29-81,3779,
MA010120220813555956,카페오일릴리,,3110802,신길동홍어거리,서울특별시 영등포구 신길로 200,37.5100655585998,126.910907354102,서울특별시 영등포구 신길동 221-5,7347,
MA0101202406A0529687,오제이빌푸드우주제빵소,,3110652,양천향교역 2번,서울특별시 강서구 양천로47나길 7,37.5715087778268,126.838365119348,서울특별시 강서구 마곡동 14-6,7522,
MA010120220808185814,더치앤빈중구저동점,,3120030,중부경찰서(영화인의거리),서울특별시 중구 수표로 31,37.5640235933729,126.989790592912,서울특별시 중구 저동2가 64,4552,
MA010120220813422494,소복소복,,3110631,방화초등학교,서울특별시 강서구 금낭화로 49-3,37.5696937941112,126.811383407444,서울특별시 강서구 방화동 593-43,7608,
MA010120220806277898,샵힘이나는커피생활서소문점,,3120020,시청역_1번,서울특별시 중구 서소문로 113,37.563120072757,126.973537355527,서울특별시 중구 서소문동 48-2,4515,
MA010120220807983635,티티커피클럽,,3110725,가산동주민센터,서울특별시 금천구 디지털로 204,37.4785660047146,126.889181239858,서울특별시 금천구 가산동 140-30,8515,
MA010120220800252465,콘하스주,,3110513,연희파출소,서울특별시 서대문구 연희로27길 99,37.5703295478446,126.932184356275,서울특별시 서대문구 연희동 90-1,3698,
MA0101202406A0018298,인라이프커피,,3130279,관악신사시장,서울특별시 관악구 관천로15길 131,37.485462351683,126.915357524509,서울특별시 관악구 신림동 503-9,8705,
MA0101202302A0103731,소아느루,,3110631,방화초등학교,서울특별시 강서구 양천로14길 122,37.5680050650543,126.808976672028,서울특별시 강서구 방화동 588-6,7610,
MA010120220812030196,카페와이,,3120230,송파사거리(송파역),서울특별시 송파구 송파대로 366-9,37.5010811206781,127.111937702535,서울특별시 송파구 송파동 97-29,5676,
MA0101202409A0005219,카페요아정신도림역점,,3110768,도림2동유수지내체육시설,서울특별시 영등포구 도영로 22,37.5083323584726,126.895889448727,서울특별시 영등포구 도림동 266-1,7375,
MA010120220803267472,커피넘버7,,3120194,언주역(차병원),서울특별시 강남구 봉은사로30길 11,37.5068141682187,127.035490747985,서울특별시 강남구 역삼동 658,6136,
MA010120220808158044,빨간지붕coffee,,3110641,공항고등학교,서울특별시 강서구 방화대로40길 9,37.5709193715022,126.817255220951,서울특별시 강서구 방화동 257-15,7592,
MA010120220808799594,킷사텐양천향교점,,3110657,양천향교역 5번,서울특별시 강서구 양천로 374,37.5669387820239,126.843604401665,서울특별시 강서구 등촌동 786,7573,
MA010120220800213886,블로트커피,,3120103,홍대입구역(홍대),서울특별시 마포구 와우산로19길 6-5,37.5514839582773,126.922819862642,서울특별시 마포구 서교동 362-12,4041,
MA010120220811776556,띵크테이블,,3120103,홍대입구역(홍대),서울특별시 마포구 와우산로19길 6-5,37.5514839582773,126.922819862642,서울특별시 마포구 서교동 362-12,4041,
MA010120220803794280,하나인소비자생활협동조합,,3110161,중곡역 3번,서울특별시 광진구 능동로59길 14,37.5689669920698,127.08491798932,서울특별시 광진구 중곡동 169-119,4903,
MA0101202303A0065888,위트에스프레소바,,3110128,성원중학교,서울특별시 성동구 성덕정9가길 14,37.5388840550547,127.051290131968,서울특별시 성동구 성수동1가 278-4,4775,
MA0101202301A0001713,황제커피,,3120090,연신내역,서울특별시 은평구 연서로28길 3,37.6182732048186,126.920768677925,서울특별시 은평구 대조동 185-54,3385,
MA0101202305A0137054,스텐드샌드,,3111048,천호역 1번(천호문구완구거리),서울특별시 강동구 올림픽로71길 18-7,37.540390047991,127.122824947888,서울특별시 강동구 천호동 457-33,5248,
MA010120220801789787,작은나무,,3110031,창신역 1번,서울특별시 종로구 지봉로 89,37.578123635826,127.01516982793,서울특별시 종로구 창신동 17-42,3094,
MA0101202406A0226553,와이스퀘어커피,,3120145,영등포역(영등포),서울특별시 영등포구 영중로 37,37.5194852175787,126.904708547264,서울특별시 영등포구 영등포동4가 66,7301,
MA010120220802931292,마그마힐링카페,,3110831,상도4동주민센터,서울특별시 동작구 양녕로29길 56,37.5001735065931,126.941283735398,서울특별시 동작구 상도동 202-31,7047,
MA010120220807030902,헤드오버힐스커피,,3120138,당산2동(영등포우체국),서울특별시 영등포구 국회대로 559,37.5283534532449,126.896811941086,서울특별시 영등포구 당산동4가 38-1,7219,
MA010120220808391136,레띠에,,3111031,장지동주민센터(한림연예예술고교),서울특별시 송파구 새말로19길 11,37.4869328430999,127.131805576051,서울특별시 송파구 문정동 109-7,5800,
MA010120220804058136,폴라리스엠넷카페,,3120190,강남을지병원,서울특별시 강남구 논현로 816,37.5213041981162,127.028529309615,서울특별시 강남구 신사동 590,6025,
MA010120220801053277,샤론플라워카페,,3110639,신방화역 8번,서울특별시 강서구 방화동로10길 9,37.565930262855,126.813034138504,서울특별시 강서구 방화동 609-79,7616,
MA010120220809856565,이디야성산점,,3110552,성미산체육관,서울특별시 마포구 월드컵북로 137,37.5648199075413,126.911668455736,서울특별시 마포구 성산동 56-1,3966,
MA010120220813620471,부르클린커피,,3120067,장안동사거리,서울특별시 동대문구 장한로24길 8,37.5706248218721,127.07130235745,서울특별시 동대문구 장안동 366-2,2639,
MA0101202406A0171290,고개반상,,3110085,경리단길남측,서울특별시 용산구 회나무로 34,37.539624611901,126.990382297638,서울특별시 용산구 이태원동 225-10,4345,
MA010120220807899916,서울강서등촌지역자활센터,,3110645,우장산역 4번,서울특별시 강서구 강서로47가길 20-7,37.5516732244283,126.835012939532,서울특별시 강서구 내발산동 708,7639,
MA010120220800001379,우궁옛날전통찻집,,3120008,인사동,서울특별시 종로구 인사동4길 9,37.5732314557011,126.986653688715,서울특별시 종로구 인사동 10,3148,
MA010120220804097295,몽니,,3111034,오동나무공원(송파레미니스1단지),서울특별시 송파구 중대로 304,37.5073931379117,127.133187439352,서울특별시 송파구 오금동 89,5720,
MA0101202301A0011893,너울가지,,3110432,대진고등학교,서울특별시 노원구 공릉로58길 63,37.6352163243588,127.07210044442,서울특별시 노원구 하계동 158-4,1809,
MA010120220801055246,베코세젤게작,,3110255,상봉역 4번,서울특별시 중랑구 봉우재로25길 9,37.5926009063307,127.083721956969,서울특별시 중랑구 상봉동 125,2139,
MA010120220808642061,한마음에프앤씨이디야커피,,3120014,종로5가역,서울특별시 종로구 동호로 406-1,37.5705922726959,127.002263925423,서울특별시 종로구 종로5가 182-5,3196,
MA010120220814191057,카페느루,,3120091,본서부병원,서울특별시 은평구 진흥로 50,37.6013436011842,126.920741338145,서울특별시 은평구 응암동 89-10,3461,
MA010120220812826077,유일라운지카페,,3110553,가좌역 2번,서울특별시 마포구 성암로1길 13,37.5676946799143,126.91246872327,서울특별시 마포구 성산동 134-126,3949,
MA010120220805506658,케이엘그룹엔터프라이즈,,3120198,구역삼세무서,서울특별시 강남구 논현로77길 9,37.4967852812327,127.037725079736,서울특별시 강남구 역삼동 746-15,6247,
MA010120220810397232,메가위드,,3120175,남부터미널역,서울특별시 서초구 효령로 321,37.4861308305392,127.019176453446,서울특별시 서초구 서초동 1603-54,6643,
MA0101202409A0144982,카페;두드림,,3110656,까치산역 3번,서울특별시 강서구 강서로7길 116,37.5290758316381,126.841341627502,서울특별시 강서구 화곡동 923-3,7775,
MA010120220804114862,HERE카페,,3120244,암사역,서울특별시 강동구 상암로5길 54,37.5527012678839,127.127937760161,서울특별시 강동구 암사동 504-10,5241,
MA010120220806528761,커피블루,,3111064,둔촌동역 4번,서울특별시 강동구 양재대로91길 62,37.5288462756397,127.132954054796,서울특별시 강동구 성내동 419-13,5403,
MA0101202409A0239658,투율립카페,,3110651,화원중학교,서울특별시 강서구 월정로30길 79,37.5353541530449,126.840117698731,서울특별시 강서구 화곡동 369-59,7765,
MA0101202305A0131792,크림다이나믹스,,3120229,방이동먹자골목,서울특별시 송파구 오금로15길 7-20,37.5130853504385,127.108890366039,서울특별시 송파구 방이동 68-9,5548,
MA010120220810301514,옐롱오렌지,,3130002,세종마을음식문화거리(금천교시장),서울특별시 종로구 필운대로 16-1,37.5776521627206,126.969536008064,서울특별시 종로구 필운동 171-6,3041,
MA0101202308A0007615,점보화이트커피&티,,3120096,"이화여대(이대역, 이대)",서울특별시 서대문구 신촌역로 22-5,37.5589106523716,126.9430372146,서울특별시 서대문구 대현동 60-11,3766,
MA010120220811980013,진저,,3120096,"이화여대(이대역, 이대)",서울특별시 서대문구 신촌역로 22-5,37.5589106523716,126.9430372146,서울특별시 서대문구 대현동 60-11,3766,
MA010120220800773509,로웰주,,3120130,구로디지털단지역,서울특별시 구로구 디지털로32나길 38,37.4845413355231,126.901191358872,서울특별시 구로구 구로동 1124-42,8391,
MA0106202201A0153422,커피빈대학로지점,코리아,3120012,대학로(혜화역),서울특별시 종로구 대학로10길 5,37.5818637069492,127.002581264025,서울특별시 종로구 동숭동 1-60,3086,
MA0101202303A0091719,지니스카페,,3120044,삼각지역,서울특별시 용산구 한강대로 185,37.5352521124216,126.97320777738,서울특별시 용산구 한강로1가 275,4375,
MA010120220803885467,프렌치크로플&커피,,3110535,영천시장입구,서울특별시 서대문구 독립문로8안길 1,37.5686211072148,126.959295694501,서울특별시 서대문구 천연동 90-23,3744,
MA010120220803832602,다경향실,,3120008,인사동,서울특별시 종로구 인사동5길 17,37.5725825905999,126.98539729247,서울특별시 종로구 인사동 191-2,3162,
MA010120220813782081,응접실,,3110079,후암동주민센터,서울특별시 용산구 후암로28길 57,37.5491919935331,126.980422645318,서울특별시 용산구 후암동 335-11,4329,
MA0101202311A0015465,안녕붕어야,,3110225,촬영소사거리,서울특별시 동대문구 답십리로60길 48,37.5708901897785,127.064193857576,서울특별시 동대문구 답십리동 824,2610,
MA010120220812948192,서록다원,,3110341,북한산우이역 2번,서울특별시 강북구 삼양로173다길 10-5,37.6632225092947,127.009542957131,서울특별시 강북구 우이동 180-62,1002,
MA0101202409A0073192,션샤인Shawnshine,,3111012,석촌역 6번,서울특별시 송파구 송파대로39길 15,37.5022297090225,127.107291297813,서울특별시 송파구 석촌동 279-6,5688,
MA0101202211A0013837,카페더나인,,3120189,강남역,서울특별시 서초구 서초대로77길 5,37.4983561073745,127.026394538762,서울특별시 서초구 서초동 1317-14,6615,
MA010120220809664459,매머드익스프레스서소문점,,3120020,시청역_1번,서울특별시 중구 서소문로11길 14,37.5635254136034,126.973061832739,서울특별시 중구 서소문동 52-1,4515,
MA0101202409A0204187,헤이키컴퍼니,,3120020,시청역_1번,서울특별시 중구 서소문로11길 14,37.5635254136034,126.973061832739,서울특별시 중구 서소문동 52-1,4515,
MA010120220805253764,비칠이이인베스트,,3120177,신논현역 1번,서울특별시 서초구 사평대로53길 30,37.5056642504346,127.021533890501,서울특별시 서초구 반포동 734-32,6540,
MA0101202307A0034470,모코카페,,3110278,망우본동주민센터,서울특별시 중랑구 망우로71길 15,37.6011189810707,127.101918241708,서울특별시 중랑구 망우동 356-35,2059,
MA010120220804575555,193씨엠,,3110404,신창초등학교,서울특별시 도봉구 덕릉로60마길 9,37.637574033272,127.040300030874,서울특별시 도봉구 창동 539-4,1476,
MA0101202211A0036663,에이티익스프레스,,3110081,해방촌 남동측,서울특별시 용산구 신흥로 79-1,37.5452554336604,126.986104203817,서울특별시 용산구 용산동2가 18-4,4338,
MA010120220805373795,프로푸모,,3120192,뱅뱅사거리,서울특별시 강남구 강남대로 318,37.491570357834,127.031186611638,서울특별시 강남구 역삼동 837,6253,
MA0101202406A0141353,썸띵포레스트,,3110544,망리단길,서울특별시 마포구 희우정로20길 72,37.5560924903625,126.904265841922,서울특별시 마포구 망원동 410-10,4009,
MA010120220809647397,브링미커피,자양점,3110146,신자초등학교,서울특별시 광진구 자양번영로 19,37.531384113588,127.074919309183,서울특별시 광진구 자양동 584-5,5093,
MA010120220812717282,화이트바닐라,,3110594,신월중학교,서울특별시 양천구 월정로 281,37.5419519985887,126.829059894074,서울특별시 양천구 신월동 9-8,7902,
MA0101202406A0204508,굿볼A.M카페,,3120037,동대문역사문화공원역,서울특별시 중구 장충단로 247,37.5667988735976,127.007357384486,서울특별시 중구 을지로6가 18-21,4564,
MA0101202305A0105622,오이칠,,3110877,신림역 8번,서울특별시 관악구 봉천로18길 4,37.4872299569363,126.931807265003,서울특별시 관악구 신림동 1416-40,8753,
MA010120220801036915,켈리스커피,,3120207,선정릉역,서울특별시 강남구 선릉로 608,37.5112353017421,127.043828794971,서울특별시 강남구 삼성동 35-11,6097,
MA010120220801046136,터틀스커피,,3120207,선정릉역,서울특별시 강남구 선릉로 608,37.5112353017421,127.043828794971,서울특별시 강남구 삼성동 35-11,6097,
MA0101202305A0108431,텐퍼센트보라매타운점,,3120151,보라매공원,서울특별시 동작구 보라매로5길 43,37.4914324896853,126.923367924279,서울특별시 동작구 신대방동 395-66,7071,
MA010120220800205173,아메노히커피점,,3110569,홍대땡땡거리,서울특별시 마포구 와우산로 168,37.5557327398903,126.931031896367,서울특별시 마포구 동교동 184-12,4057,
MA0101202302A0052590,메가엠지씨커피점,역삼역,3120197,역삼역,서울특별시 강남구 테헤란로25길 15,37.5016064455018,127.035194243589,서울특별시 강남구 역삼동 644-9,6131,
MA0101202305A0011855,어제거기,,3120088,구산역,서울특별시 은평구 서오릉로 135,37.6107028153029,126.917718770562,서울특별시 은평구 역촌동 1-3,3398,
MA010120220800346994,에벤에셀빌딩,,3120145,영등포역(영등포),서울특별시 영등포구 영중로 8-1,37.5172341049044,126.906453389809,서울특별시 영등포구 영등포동3가 9-64,7304,
MA010120220813699582,르뽀디저트플레이스,,3130311,새마을시장,서울특별시 송파구 삼전로13길 54-1,37.5078255950613,127.084271864422,서울특별시 송파구 잠실동 213-43,5564,
MA010120220800098955,오슬로우노량진점,,3120153,노량진역(노량진),서울특별시 동작구 노들로2길 7,37.5141917741731,126.93859202372,서울특별시 동작구 노량진동 16-1,6900,
MA010120220812370169,더벤티신림녹두점,,3120158,녹두거리(대학동),서울특별시 관악구 대학길 35,37.4691229843823,126.937814999341,서울특별시 관악구 신림동 246-23,8814,
MA010120220809394378,플레이어,,3120049,왕십리역(왕십리),서울특별시 성동구 왕십리로 285,37.5597477174698,127.036342053397,서울특별시 성동구 행당동 249-4,4744,
MA010120220813508428,시그니처커피2,,3120035,퇴계로5가,서울특별시 중구 퇴계로 286,37.5630779340525,127.003587961355,서울특별시 중구 쌍림동 151-11,4615,
MA010120220814158379,아이비씨에셋,,3120221,봉은사역,서울특별시 강남구 영동대로 602,37.5145885781878,127.060707009395,서울특별시 강남구 삼성동 107,6083,
MA0101202406A0387155,메가엠지씨커피신당역점,,3130053,백학시장,서울특별시 중구 퇴계로 434-1,37.5654909912751,127.019841953006,서울특별시 중구 신당동 140-3,4578,
MA010120220808690007,앤슬로,,3111067,강동구립성내도서관,서울특별시 강동구 양재대로101길 72,37.532980876855,127.133832566867,서울특별시 강동구 성내동 382-13,5374,
MA010120220807995005,카페스너그,,3111089,상일여고(상일초등학교),서울특별시 강동구 천호대로219길 82,37.5494391860697,127.171013785177,서울특별시 강동구 상일동 280-1,5282,
MA0101202305A0024318,리아스컴퍼니,,3110868,남부초등학교,서울특별시 관악구 남부순환로163나길 2,37.4842143025981,126.921668003779,서울특별시 관악구 신림동 466-22,8763,
MA0101202310A0019246,박스키친,,3110627,신정롯데캐슬아파트,서울특별시 양천구 신목로4길 9,37.5189436221977,126.874698990937,서울특별시 양천구 신정동 128-163,8015,
MA010120220805936953,터치커피,,3110206,텃골근린공원,서울특별시 동대문구 답십리로23길 66-15,37.5778522860202,127.051045152077,서울특별시 동대문구 전농동 530-18,2551,
MA0101202307A0074161,앤드카페,,3120106,마포역,서울특별시 마포구 큰우물로 75,37.541270642932,126.946320727816,서울특별시 마포구 도화동 538,4158,
MA010120220809987651,동원홈푸드샌드프레소스페셜티,용산아이파크몰점,3120041,신용산역(용산역),서울특별시 용산구 한강대로23길 55,37.5297717997901,126.964735959893,서울특별시 용산구 한강로3가 40-999,4377,
MA010120220806440756,커피테르미니,,3120041,신용산역(용산역),서울특별시 용산구 한강대로23길 55,37.5297717997901,126.964735959893,서울특별시 용산구 한강로3가 40-999,4377,
MA0106202201A0046862,현대아이디희차,용산아이파크몰점,3120041,신용산역(용산역),서울특별시 용산구 한강대로23길 55,37.5297717997901,126.964735959893,서울특별시 용산구 한강로3가 40-999,4377,
MA0101202406A0547038,오티엔피-아워온즈,용산아이파크몰점,3120041,신용산역(용산역),서울특별시 용산구 한강대로23길 55,37.5297717997901,126.964735959893,서울특별시 용산구 한강로3가 40-999,4377,
MA0101202301A0031149,랑데자뷰,용산아이파크몰점,3120041,신용산역(용산역),서울특별시 용산구 한강대로23길 55,37.5297717997901,126.964735959893,서울특별시 용산구 한강로3가 40-999,4377,
MA010120220809586174,두산카페더치즈케익,,3120041,신용산역(용산역),서울특별시 용산구 한강대로23길 55,37.5297717997901,126.964735959893,서울특별시 용산구 한강로3가 40-999,4377,
MA010120220809726002,할리스커피용산아이파크몰,영풍문고점,3120041,신용산역(용산역),서울특별시 용산구 한강대로23길 55,37.5297717997901,126.964735959893,서울특별시 용산구 한강로3가 40-999,4377,
MA010120220805354947,모건파트너스식물학,용산아이파크몰점,3120041,신용산역(용산역),서울특별시 용산구 한강대로23길 55,37.5297717997901,126.964735959893,서울특별시 용산구 한강로3가 40-999,4377,
MA010120220813782249,영차컴퍼니,,3120041,신용산역(용산역),서울특별시 용산구 한강대로23길 55,37.5297717997901,126.964735959893,서울특별시 용산구 한강로3가 40-999,4377,
MA010120220806808469,레이지나인,,3120093,연희동,서울특별시 서대문구 연희로15길 5,37.567860225596,126.931156546782,서울특별시 서대문구 연희동 137-11,3708,
MA010120220810217466,실크로드티,,3110643,강서구다솔마을,서울특별시 강서구 방화대로8길 56,37.556642305721,126.81966676758,서울특별시 강서구 공항동 1345-9,7645,
MA0101202406A0180146,커피마을,,3110369,성신여대운정그린캠퍼스,서울특별시 강북구 도봉로78길 11,37.6338032870358,127.024289823218,서울특별시 강북구 미아동 159-47,1129,
MA0101202411A0079082,초야,,3130157,상계중앙시장,서울특별시 노원구 상계로 139,37.6585350394642,127.070003724768,서울특별시 노원구 상계동 389-293,1684,
MA010120220800030217,스크웨어,,3120003,광화문역,서울특별시 종로구 세종대로23길 3,37.5715269338811,126.976217166408,서울특별시 종로구 세종로 166-1,3183,
MA0101202305A0149683,라떼홀,,3110204,간데메공원,서울특별시 동대문구 서울시립대로2길 68,37.5723749769214,127.049309469431,서울특별시 동대문구 답십리동 468-23,2596,
MA010120220807273369,엑스엑스커피뮤지엄,,3120105,상수역(홍대),서울특별시 마포구 독막로 92-15,37.5470062575303,126.923220541452,서울특별시 마포구 상수동 330-8,4075,
MA010120220812862338,학림커피,,3120012,대학로(혜화역),서울특별시 종로구 대학로9길 23,37.5815123461306,127.000600027853,서울특별시 종로구 명륜4가 124-1,3079,
MA010120220811873683,에슬로우시그니처,,3120169,서초역,서울특별시 서초구 반포대로28길 33,37.4910604576145,127.010222083248,서울특별시 서초구 서초동 1551-4,6647,
MA0101202406A0048338,커스텀커피길음센터피스점,,3120073,미아사거리,서울특별시 성북구 동소문로47길 22,37.6092323124346,127.028925277199,서울특별시 성북구 길음동 1288-8,2729,
MA010120220813873898,바람길,,3120069,상봉역,서울특별시 중랑구 망우로 332,37.5970026841631,127.089275464098,서울특별시 중랑구 상봉동 92-5,2149,
MA0101202409A0095424,콩쥐팥쥐,,3120198,구역삼세무서,서울특별시 강남구 역삼로17길 32,37.4968216596686,127.036650792226,서울특별시 강남구 역삼동 745-16,6246,
MA010120220813998236,셀커피,,3110817,대방역 4번,서울특별시 영등포구 영등포로79길 6,37.514154471547,126.921274767279,서울특별시 영등포구 신길동 65-91,7318,
MA010120220800347506,핵밥,역삼점,3120204,르네상스호텔사거리,서울특별시 강남구 테헤란로 309,37.5035585132933,127.044435019862,서울특별시 강남구 역삼동 702-2,6151,
MA010120220802947886,텐퍼센트커피서초역점,,3120169,서초역,서울특별시 서초구 반포대로28길 20,37.4904838501328,127.009781011109,서울특별시 서초구 서초동 1550-7,6648,
MA010120220803280658,딥스츄,,3120064,경희대학교(경희대),서울특별시 동대문구 경희대로4길 29,37.5921586891432,127.054112102557,서울특별시 동대문구 회기동 3-37,2453,
MA0106202201A2031912,거기로와전기구이통닭앤커피,,3110362,우이천 계성교,서울특별시 강북구 노해로33길 10,37.6460927869225,127.02395389241,서울특별시 강북구 수유동 723-23,1050,
MA010120220812448723,토이토이토이&토마스커피랩,,3110566,경의선책거리,서울특별시 마포구 신촌로4길 5,37.5576144451318,126.9287100415,서울특별시 마포구 동교동 179-40,4056,
MA0101202307A0014877,길커피,,3110425,계상초등학교,서울특별시 노원구 상계로9가길 53,37.6599685828829,127.068327759954,서울특별시 노원구 상계동 389-374,1685,
MA010120220804841267,213점,,3110470,신진과학기술고등학교,서울특별시 은평구 응암로21가길 27,37.5960979823491,126.918029265503,서울특별시 은평구 응암동 120-39,3455,
MA010120220805485518,어치브먼트,,3110219,삼육보건대학교,서울특별시 동대문구 망우로18다길 19,37.5864611098949,127.060901194781,서울특별시 동대문구 휘경동 294-163,2498,
MA010120220814258841,오더릴리(Lilli),,3120213,삼성중앙역,서울특별시 강남구 봉은사로82길 27,37.5114556608008,127.055467623002,서울특별시 강남구 삼성동 149-15,6165,
MA010120220812670148,우그커피,,3110551,성서초등학교,서울특별시 마포구 성미산로1길 27,37.5591677945777,126.907917587379,서울특별시 마포구 성산동 253-14,3971,
MA0106202212A1134363,지니네일빙,,3110706,그라운드 고척,서울특별시 구로구 중앙로6길 50,37.5000766991133,126.866565450772,서울특별시 구로구 고척동 76-153,8223,
MA010120220800023123,백년건강음료,,3120009,종로3가역,서울특별시 종로구 수표로 111,37.5712314935836,126.989053827048,서울특별시 종로구 낙원동 207,3140,
MA010120220804986397,빵쌤,마곡점,3120118,마곡역(마곡),서울특별시 강서구 마곡중앙로 59-5,37.5588141156083,126.825942929813,서울특별시 강서구 마곡동 798-10,7807,
MA010120220808689812,엘림카페&스낵쉼터,,3130221,"남부골목시장(남부화곡시장, 남부시장)",서울특별시 강서구 등촌로5길 79,37.5327383921813,126.859096681993,서울특별시 강서구 화곡동 838-1,7738,
MA010120220803598935,홍성문커피,,3120249,고덕역,서울특별시 강동구 고덕로 276,37.5547042926158,127.155611773792,서울특별시 강동구 명일동 46-4,5269,
MA010120220800783875,라휘사주카페,,3130191,홍대 걷고싶은 거리,서울특별시 마포구 와우산로23길 52,37.5551426097108,126.92374410711,서울특별시 마포구 서교동 346-39,4055,
MA010120220814214343,이유eu,,3120171,서초3동사거리,서울특별시 서초구 효령로52길 8,37.4838701770366,127.012663314139,서울특별시 서초구 서초동 1459-9,6716,
MA010120220812854100,메인레인템포,,3110438,경춘선숲길 우측,서울특별시 노원구 공릉로41길 12,37.6246163484689,127.078943531077,서울특별시 노원구 공릉동 415-58,1835,
MA010120220806682799,꼬르소커피,,3120001,서대문역,서울특별시 서대문구 충정로 73,37.5653075435897,126.965930330013,서울특별시 서대문구 충정로2가 124,3736,
MA0101202211A0000099,에이치앤앤코,,3120001,서대문역,서울특별시 서대문구 충정로 73,37.5653075435897,126.965930330013,서울특별시 서대문구 충정로2가 124,3736,
MA010120220800214920,커피향깊은한옥,,3110576,대흥역 3번,서울특별시 마포구 백범로24길 1-10,37.5457572189904,126.945446188952,서울특별시 마포구 염리동 157-12,4149,
MA010120220812662170,커핀그루나루성동문화원점,,3110118,왕십리역 9번,서울특별시 성동구 왕십리로 275-1,37.5589636817316,127.036884930219,서울특별시 성동구 행당동 133-2,4745,
MA0101202409A0169218,요거랑플러스,,3110955,논현초등학교,서울특별시 강남구 봉은사로21길 63,37.5097174264921,127.027959377772,서울특별시 강남구 논현동 157-15,6115,
MA0101202307A0022277,로건커피,교대점,3120172,교대입구교차로,서울특별시 서초구 사임당로 39,37.4884201072528,127.014088791384,서울특별시 서초구 서초동 1578-5,6650,
MA0106202201A0026231,CGV대학로투썸커피,,3120012,대학로(혜화역),서울특별시 종로구 대명길 28,37.5834584935273,126.999841497951,서울특별시 종로구 명륜2가 41-9,3077,
MA010120220803002556,블루노트커피,,3120026,을지로입구역,서울특별시 중구 을지로 58,37.566113261057,126.983995005714,서울특별시 중구 을지로2가 9-7,4539,
MA010120220805465049,아리스타과일,,3120026,을지로입구역,서울특별시 중구 을지로 58,37.566113261057,126.983995005714,서울특별시 중구 을지로2가 9-7,4539,
MA010120220803951976,크리미티,,3120026,을지로입구역,서울특별시 중구 을지로 58,37.566113261057,126.983995005714,서울특별시 중구 을지로2가 9-7,4539,
MA0106202310A0422339,카페비유용산,숙대점,3110069,숙대입구,서울특별시 용산구 청파로47길 14-6,37.5451352097174,126.969605823902,서울특별시 용산구 청파동2가 90-13,4309,
MA010120220811142172,대학생성경읽기선교회남산센타다눔지점,,3110043,충무초등학교,서울특별시 중구 동호로25길 33,37.5592036946305,127.001358148482,서울특별시 중구 장충동2가 193-69,4618,
MA010120220808587517,제이스로뎀트리,,3120184,포이사거리(삼호물산),서울특별시 서초구 마방로10길 18-5,37.4762492905979,127.043582247678,서울특별시 서초구 양재동 274-8,6776,
MA0106202201A0153479,커피빈교대점,코리아,3120173,교대역(법원.검찰청),서울특별시 서초구 서초중앙로 118,37.4923935329931,127.014236539289,서울특별시 서초구 서초동 1657-5,6634,
MA010120220813482061,블루인그린,,3120182,"양재시민의숲역(양재동꽃시장, aT센터)",서울특별시 서초구 강남대로8길 23-9,37.4685733338613,127.041780419221,서울특별시 서초구 양재동 329-4,6787,
MA0101202305A0167897,헤게에프앤비,,3111019,한성백제역 3번,서울특별시 송파구 백제고분로50길 12,37.5139795685322,127.116017636481,서울특별시 송파구 방이동 154,5630,
MA010120220806874347,카페인디고,,3001495,잠실 관광특구,서울특별시 송파구 백제고분로 501,37.5150889836689,127.114809051985,서울특별시 송파구 방이동 51-2,5545,
MA010120220809624514,주니카페,,3120189,강남역,서울특별시 강남구 테헤란로 110,37.4980580705334,127.029379922461,서울특별시 강남구 역삼동 825-18,6232,
MA010120220807445921,대산개발산업연카페,,3120181,교육개발원입구사거리,서울특별시 서초구 양재천로21길 7,37.4759625190403,127.039150388523,서울특별시 서초구 양재동 80-13,6748,
MA010120220814251077,그레이허니로스터리,,3130195,도화동 상점가,서울특별시 마포구 삼개로1길 7,37.5392801881825,126.948008073469,서울특별시 마포구 도화동 201-27,4172,
MA010120220810343380,이디야포이점,,3120184,포이사거리(삼호물산),서울특별시 서초구 마방로10길 42,37.4756362415027,127.044554146544,서울특별시 서초구 양재동 273-2,6776,
MA010120220813752934,인더스토리키즈스타,가든파이브점,3120236,장지역(가든파이브),서울특별시 송파구 충민로 66,37.4776148454472,127.12496063833,서울특별시 송파구 문정동 516,5838,
MA010120220812215421,구드무드,,3120236,장지역(가든파이브),서울특별시 송파구 충민로 66,37.4776148454472,127.12496063833,서울특별시 송파구 문정동 516,5838,
MA010120220803248649,블루빈컴퍼니원더브루,가든파이브점,3120236,장지역(가든파이브),서울특별시 송파구 충민로 66,37.4776148454472,127.12496063833,서울특별시 송파구 문정동 634,5838,
MA010120220804268801,더카페가든파이브VIP점,,3120236,장지역(가든파이브),서울특별시 송파구 충민로 66,37.4776148454472,127.12496063833,서울특별시 송파구 문정동 516,5838,
MA010120220804295154,테르토엔시드누아,가든파이브점,3120236,장지역(가든파이브),서울특별시 송파구 충민로 66,37.4776148454472,127.12496063833,서울특별시 송파구 문정동 634,5838,
MA010120220804936598,에이치비씨앤디,,3120236,장지역(가든파이브),서울특별시 송파구 충민로 66,37.4776148454472,127.12496063833,서울특별시 송파구 문정동 634,5838,
MA010120220809642709,더카페NC4층영관,송파점,3120236,장지역(가든파이브),서울특별시 송파구 충민로 66,37.4776148454472,127.12496063833,서울특별시 송파구 문정동 516,5838,
MA010120220810097344,아아뜨아,,3120236,장지역(가든파이브),서울특별시 송파구 충민로 66,37.4776148454472,127.12496063833,서울특별시 송파구 문정동 634,5838,
MA010120220806797183,엠엠티에이치046,,3120189,강남역,서울특별시 강남구 테헤란로4길 6,37.4977336828995,127.029481572954,서울특별시 강남구 역삼동 825-20,6232,
MA010120220803127825,민티,,3110312,안암역 2번,서울특별시 성북구 개운사길 21-3,37.5873111991801,127.028928114541,서울특별시 성북구 안암동5가 101-66,2842,
MA0101202406A0475748,텐퍼센트마천역점,,3111046,마천역(마천초등학교),서울특별시 송파구 마천로57길 7,37.4946482303889,127.152004174516,서울특별시 송파구 마천동 307-13,5758,
MA010120220814375325,봄교육에디터스카페,,3120067,장안동사거리,서울특별시 동대문구 장한로26길 28,37.5714616320008,127.073125635981,서울특별시 동대문구 장안동 342-1,2637,
MA010120220808172579,고비욘드,,3110657,양천향교역 5번,서울특별시 강서구 강서로 466,37.5668908182541,126.841419924158,서울특별시 강서구 등촌동 684-2,7573,
MA010120220803181059,더벤티목동,하이스트점,3110621,목동역 5번,서울특별시 양천구 목동서로 250,37.5249655301922,126.86934931504,서울특별시 양천구 목동 408-40,8003,
MA010120220806610055,달키스,,3130109,묵1동도깨비시장,서울특별시 중랑구 공릉로12나길 28,37.6163610346395,127.082264810845,서울특별시 중랑구 묵동 68-10,2030,
MA010120220805445846,스탠딩커피크리에이티브그룹,,3110085,경리단길남측,서울특별시 용산구 회나무로 54,37.5399671452842,126.992498157837,서울특별시 용산구 이태원동 210-8,4346,
MA010120220813213429,에이커피서울,,3110009,자하문터널,서울특별시 종로구 백석동1가길 19,37.5940946477853,126.967162760745,서울특별시 종로구 부암동 44-5,3020,
MA0101202310A0060284,차나무사이로,,3120032,충무로역,서울특별시 중구 퇴계로 224,37.5615642674019,126.996672431239,서울특별시 중구 필동2가 36-2,4624,
MA010120220805384516,흑석동카페,,3110842,흑리단길,서울특별시 동작구 흑석한강로 2,37.5065985147357,126.966522526439,서울특별시 동작구 흑석동 335-1,6979,
MA010120220800058284,타쎄,,3111085,묘곡초등학교(고덕아이파크아파트),서울특별시 강동구 동남로85길 21,37.5612275035719,127.155614021715,서울특별시 강동구 고덕동 509-4,5226,
MA0101202211A0065834,클래식로스터리,,3111015,석촌역 3번,서울특별시 송파구 백제고분로42길 17,37.5052271122878,127.110484935372,서울특별시 송파구 송파동 112-3,5666,
MA010120220809572711,누공삼,,3130035,방산종합시장(방산시장),서울특별시 중구 을지로35길 51-4,37.569051584762,127.001324369092,서울특별시 중구 주교동 6-1,4546,
MA0101202406A0043086,살라아띠,,3120018,중림동,서울특별시 중구 청파로 464,37.5608122125496,126.968229960873,서울특별시 중구 중림동 355,4510,
MA0101202406A0537985,알디프도산티라운지,,3120202,압구정로데오역(압구정로데오),서울특별시 강남구 선릉로161길 21-4,37.5272029422331,127.038475741807,서울특별시 강남구 신사동 662-7,6018,
MA0101202305A0088120,서울앵무새,용산점,3110073,삼각지역 3번,서울특별시 용산구 한강대로62길 55,37.5323870213986,126.973616100908,서울특별시 용산구 한강로1가 216-18,4382,
MA010120220804580651,샤리베츠,,3120187,신논현역,서울특별시 강남구 봉은사로2길 13,37.5037172074139,127.025876187934,서울특별시 강남구 역삼동 810-1,6123,
MA010120220810419791,텐퍼센트스페셜티커피,화곡역점,3120120,화곡역,서울특별시 강서구 강서로 161,37.5411391642133,126.840557952995,서울특별시 강서구 화곡동 1075-12,7715,
MA010120220800090627,이디야다동점,,3120026,을지로입구역,서울특별시 중구 다동길 46,37.5678608643793,126.981730789069,서울특별시 중구 다동 92,4522,
MA010120220800055197,우이천커피,,3110376,수송초등학교,서울특별시 강북구 도봉로96나길 20,37.6391259524696,127.033151628865,서울특별시 강북구 번동 458-82,1060,
MA0106202201A0636258,탐앤탐스탐스커버리금천,본점,3120188,압구정역,서울특별시 강남구 논현로163길 10,37.5242057124759,127.027319964706,서울특별시 강남구 신사동 570-6,6031,
MA0101202409A0061873,초청춘,,3110291,한성대입구역 3번,서울특별시 성북구 삼선교로16길 26-3,37.5870079438007,127.010450309845,서울특별시 성북구 삼선동2가 181,2864,
MA010120220807076163,맥서브호야커피,,3120107,공덕역(공덕오거리),서울특별시 마포구 새창로 7,37.5424799810372,126.950913902743,서울특별시 마포구 도화동 565,4168,
MA010120220807149010,카페에이딥,,3120057,아차산역,서울특별시 광진구 자양로43길 57,37.5531417860279,127.089924771064,서울특별시 광진구 중곡동 115-16,4953,
MA010120220808904258,커피베이방학,성원점,3110402,도봉구 정병원,서울특별시 도봉구 방학로 131,37.6625320683822,127.037876801409,서울특별시 도봉구 방학동 673,1390,
MA010120220806724841,크리에이트라송제1지점,,3120026,을지로입구역,서울특별시 중구 을지로5길 26,37.5673928260837,126.985149284509,서울특별시 중구 수하동 67,4539,
MA010120220813775884,라운지윤춘선,,3110085,경리단길남측,서울특별시 용산구 회나무로 32,37.5395074623017,126.990144699235,서울특별시 용산구 이태원동 225-170,4345,
MA0101202311A0040227,커피선인장,,3110257,상봉역 7번,서울특별시 중랑구 상봉중앙로1길 20,37.5991393367729,127.087534129155,서울특별시 중랑구 상봉동 201,2091,
MA0101202306A0084976,노핸들,,3110850,사당역 10번,서울특별시 동작구 동작대로9길 52,37.4807694530159,126.978631540526,서울특별시 동작구 사당동 1021-11,7014,
MA010120220814316300,부티크상점,,3120009,종로3가역,서울특별시 종로구 돈화문로11다길 15,37.5730516336363,126.990559120558,서울특별시 종로구 돈의동 18,3133,
MA010120220807484335,북촌빙수,,3120009,종로3가역,서울특별시 종로구 돈화문로11다길 15,37.5730516336363,126.990559120558,서울특별시 종로구 돈의동 18,3133,
MA010120220807436167,케이티포파이브,,3110140,건대입구역 6번,서울특별시 광진구 뚝섬로23길 44,37.5372010233908,127.065760322187,서울특별시 광진구 자양동 553-12,5078,
MA010120220812581831,더벤티공덕롯데&인터섹션,캐슬점,3120107,공덕역(공덕오거리),서울특별시 마포구 마포대로 109,37.5451198942705,126.950878224552,서울특별시 마포구 공덕동 467,4146,
MA0101202306A0038461,문정약수터,,3120235,문정역,서울특별시 송파구 법원로 128,37.4868458170421,127.120487144417,서울특별시 송파구 문정동 642-3,5854,
MA0101202406A0021557,하이오문정SK,V1점,3120235,문정역,서울특별시 송파구 법원로 128,37.4868458170421,127.120487144417,서울특별시 송파구 문정동 642-3,5854,
MA010120220810244970,넌테이블,,3111072,굽은다리역 1번(십자성마을),서울특별시 강동구 천중로35길 67,37.5441750748952,127.138367509104,서울특별시 강동구 천호동 82-28,5312,
MA0101202210A0044601,키바,,3130315,문정동 로데오거리 상점가(문정동 로데오거리),서울특별시 송파구 동남로4길 21-1,37.488309889229,127.124887993856,서울특별시 송파구 문정동 30-7,5804,
MA0101202305A0050109,페네트레,,3120235,문정역,서울특별시 송파구 법원로11길 11,37.4847665617069,127.118437299936,서울특별시 송파구 문정동 644,5836,
MA0101202212A0037080,카페이쓰cafeiss,,3120235,문정역,서울특별시 송파구 법원로11길 11,37.4847665617069,127.118437299936,서울특별시 송파구 문정동 644,5836,
MA010120220806855134,지풍승,,3110509,연희대우아파트앞,서울특별시 서대문구 신촌로 1,37.5588209595651,126.927362068609,서울특별시 서대문구 창천동 510-2,3785,
MA0101202311A0105458,에딕트,,3120198,구역삼세무서,서울특별시 강남구 역삼로15길 3,37.4951461396767,127.035496533993,서울특별시 강남구 역삼동 751-19,6244,
MA0101202310A0033377,플랜디,,3110479,연신내역 2번,서울특별시 은평구 연서로31길 12-1,37.6212033897737,126.923767301156,서울특별시 은평구 불광동 369-17,3342,
MA0101202406A0570493,써니데이즈인잔다리,,3120102,서교동(홍대),서울특별시 마포구 잔다리로 88,37.5552363371926,126.915821900833,서울특별시 마포구 서교동 459-13,4002,
MA010120220807571497,말디니스에스프레소,,3110562,연트럴파크(연남동주민센터),서울특별시 마포구 성미산로29길 20,37.5649896717862,126.922466367818,서울특별시 마포구 연남동 241-30,3980,
MA010120220813367694,보통의삶,,3110152,중곡어린이공원,서울특별시 광진구 긴고랑로7길 5,37.5637452392327,127.079128263425,서울특별시 광진구 중곡동 239-5,4912,
MA010120220805542938,카페하울링,,3110569,홍대땡땡거리,서울특별시 마포구 와우산로 170,37.5558589323125,126.931122319235,서울특별시 마포구 동교동 184-14,4057,
MA010120220805065568,천지커피호프,,3110810,영신초등학교,서울특별시 영등포구 도신로 214-1,37.511429091076,126.915000200616,서울특별시 영등포구 신길동 159-4,7348,
MA010120220813148635,남산한우,,3120046,이태원(이태원역),서울특별시 용산구 보광로 120-2,37.5335341114234,126.994490070428,서울특별시 용산구 이태원동 131-44,4406,
MA010120220814181116,스텔라앤클라라,,3110316,숭곡초등학교,서울특별시 성북구 종암로38길 45,37.6067802815313,127.033952675782,서울특별시 성북구 하월곡동 90-1660,2736,
MA0101202411A0131884,시트러스다이닝,,3120243,천호역,서울특별시 강동구 올림픽로 664,37.5405499599654,127.124986389896,서울특별시 강동구 천호동 425-5,5328,
MA0106202201A0153439,커피빈코리아,합정역점,3120101,합정역,서울특별시 마포구 독막로 13,37.5488206942769,126.915070922059,서울특별시 마포구 합정동 413-5,4046,
MA0101202305A0060573,강남지역자활센터청년카페,,3110983,국립국악고등학교,서울특별시 강남구 개포로38길 12,37.4788139137493,127.051656055147,서울특별시 강남구 개포동 1211-4,6309,
MA0101202305A0055606,4.5평점점,,3110019,창덕궁,서울특별시 종로구 서순라길 97,37.5745744126016,126.99187207498,서울특별시 종로구 권농동 185-13,3134,
MA0106202201A0605676,폴바셋구로G밸리몰점,,3120129,구로디지털단지,서울특별시 구로구 디지털로 300,37.4849247908331,126.896543806413,서울특별시 구로구 구로동 188-25,8379,
MA0101202302A0063077,미스터힐링,구로디지털점,3120129,구로디지털단지,서울특별시 구로구 디지털로 300,37.4849247908331,126.896543806413,서울특별시 구로구 구로동 188-25,8379,
MA010120220809197724,아워스탠다드,,3110554,망원역 1번,서울특별시 마포구 잔다리로 105,37.556379561198,126.914371978233,서울특별시 마포구 서교동 468-17,4003,
MA010120220804892840,페인트커피&바,,3110286,한성대입구역 5번,서울특별시 성북구 성북로5길 6,37.5891887177704,127.004630879127,서울특별시 성북구 성북동1가 41,2880,
MA0101202311A0044480,아수림,,3110794,영동초등학교,서울특별시 영등포구 국회대로53길 28,37.5278930239703,126.906530586097,서울특별시 영등포구 당산동 173-34,7229,
MA010120220808233426,왓유워너,,3120054,어린이대공원역,서울특별시 광진구 능동로19길 57,37.5473795834542,127.070499398397,서울특별시 광진구 화양동 132-6,5009,
MA010120220804758397,숲마마키친바이숲커피플라워숲마마키친by숲커피플라워,,3120036,장충동족발거리(남소영길),서울특별시 중구 장충단로 186-1,37.5613118705059,127.006236340821,서울특별시 중구 장충동1가 56-19,4606,
MA010120220802285244,민스,,3111003,삼전역 4번,서울특별시 송파구 백제고분로18길 8-10,37.5046360885956,127.084200421262,서울특별시 송파구 잠실동 315-6,5576,
MA010120220814369600,약속커피숍,,3110035,동묘앞역 2번,서울특별시 종로구 종로 393,37.5748431512335,127.020840617913,서울특별시 종로구 숭인동 192,3112,
MA0101202406A0088677,미아중앙카페,,3110308,길음역 8번,서울특별시 성북구 삼양로4길 14,37.6059805993358,127.025175447217,서울특별시 성북구 길음동 1289-15,2732,
MA010120220812368066,오리리,,3120180,양재화물트럭터미널앞,서울특별시 서초구 매헌로 16,37.4624660859278,127.036950509114,서울특별시 서초구 양재동 215,6771,
MA010120220808412772,4560디자인하우스,,3120180,양재화물트럭터미널앞,서울특별시 서초구 매헌로 16,37.4624660859278,127.036950509114,서울특별시 서초구 양재동 215,6771,
MA010120220803771570,더리앤,,3120180,양재화물트럭터미널앞,서울특별시 서초구 매헌로 16,37.4624660859278,127.036950509114,서울특별시 서초구 양재동 215,6771,
MA0106202303A1387063,프티팔레,,3120180,양재화물트럭터미널앞,서울특별시 서초구 매헌로 16,37.4624660859278,127.036950509114,서울특별시 서초구 양재동 215,6771,
MA010120220802160639,안드레아,,3120192,뱅뱅사거리,서울특별시 서초구 강남대로51길 1,37.4912822766222,127.030259264789,서울특별시 서초구 서초동 1338-11,6628,
MA010120220811906038,승승밀크티,,3110900,낙성대역 1번(관악구민 종합체육센터),서울특별시 관악구 낙성대역3길 27,37.4757199386306,126.96299774538,서울특별시 관악구 봉천동 1633-33,8793,
MA0106202201A0153259,커피빈연대동문회관,코리아,3110524,연희세브란스병원,서울특별시 서대문구 성산로 515,37.5630283473329,126.943328360117,서울특별시 서대문구 대신동 50-5,3721,
MA0101202309A0013634,치즈인더스트리성수,,3110136,경수초등학교,서울특별시 성동구 성수이로18길 37,37.541645437597,127.061136289237,서울특별시 성동구 성수동2가 273-53,4787,
MA010120220811883920,블란서크로플,,3120179,양재역,서울특별시 서초구 강남대로37길 12-7,37.485208892651,127.032484241293,서울특별시 서초구 서초동 1362-21,6735,
MA0101202311A0029359,메종드구르메,삼청점,3120005,삼청동,서울특별시 종로구 삼청로 102,37.5845203375854,126.982292805347,서울특별시 종로구 삼청동 62-14,3053,
MA010120220811838609,매머드익스프레스MAMMOTHEXPRESS고대,2호점,3110312,안암역 2번,서울특별시 성북구 개운사길 22-6,37.5873470533857,127.029675391208,서울특별시 성북구 안암동5가 15-32,2842,
MA0101202409A0238301,반고커피,,3110028,이화달팽이길,서울특별시 종로구 율곡로 243,37.5752593137439,127.005637526091,서울특별시 종로구 충신동 37-3,3099,
MA010120220813307944,게임체인저컴퍼니,,3120187,신논현역,서울특별시 강남구 강남대로110길 14,37.5037441978014,127.026057149674,서울특별시 강남구 역삼동 810-18,6123,
MA0101202301A0000207,달리는커피시흥1동점,,3110742,KT금천빌딩(금천구시설관리공단),서울특별시 금천구 시흥대로 163,37.4484749320085,126.902470644788,서울특별시 금천구 시흥동 986,8638,
MA0106202201A0605702,폴바셋신문로점,,3120003,광화문역,서울특별시 종로구 새문안로3길 12,37.5713460382685,126.972979778032,서울특별시 종로구 신문로1가 238,3182,
MA010120220810823423,공유랑카페영등포공유랑점,,3120141,영등포청과시장교차로,서울특별시 영등포구 영등포로28길 5,37.5199852537917,126.899255540199,서울특별시 영등포구 당산동1가 9-1,7292,
MA0101202303A0068201,정현시스템,,3110544,망리단길,서울특별시 마포구 포은로 72,37.5536972399238,126.906011734315,서울특별시 마포구 망원동 413-38,4014,
MA010120220810482307,샤론,,3110648,양천향교역 7번,서울특별시 강서구 마곡동로10길 46,37.567014679754,126.839733119499,서울특별시 강서구 마곡동 777-5,7791,
MA010120220810573427,하피,,3110648,양천향교역 7번,서울특별시 강서구 마곡동로10길 46,37.567014679754,126.839733119499,서울특별시 강서구 마곡동 777-5,7791,
MA0101202406A0222502,카페누,,3120024,회현역,서울특별시 중구 퇴계로8길 49-27,37.5568234873297,126.980669634919,서울특별시 중구 회현동1가 100-169,4633,
MA010120220800699891,브루다종로구청,,3120004,종로구청,서울특별시 종로구 삼봉로 71,37.5726720832673,126.981118337008,서울특별시 종로구 수송동 51-8,3150,
MA010120220805437417,홍콩다방홍대입구역점,,3110569,홍대땡땡거리,서울특별시 마포구 서강로11길 10,37.553427301728,126.932969232798,서울특별시 마포구 창전동 2-27,4061,
MA010120220813294015,몽뵈르,,3110477,은평세무서,서울특별시 은평구 응암로 352,37.602507214363,126.92275585725,서울특별시 은평구 녹번동 160-13,3459,
MA010120220805805044,이젠;봄,,3110315,종암아이파크2차,서울특별시 성북구 종암로9길 30,37.5959143528157,127.033891120787,서울특별시 성북구 종암동 40-4,2810,
MA010120220812954498,카페온도,,3110562,연트럴파크(연남동주민센터),서울특별시 마포구 성미산로29안길 7,37.5650979322646,126.922681312683,서울특별시 마포구 연남동 241-26,3980,
MA0101202409A0037431,깜치프레소,,3110151,자양한강도서관,서울특별시 광진구 뚝섬로 616,37.5323190869618,127.078110746612,서울특별시 광진구 자양동 607-10,5099,
MA0101202409A0133110,고옥,,3130183,상암동상점가,서울특별시 마포구 월드컵북로42다길 25,37.5760434742646,126.89705182179,서울특별시 마포구 상암동 1503,3930,
MA0101202409A0022609,국민우유집잠실,직영점,3120230,송파사거리(송파역),서울특별시 송파구 가락로 112,37.5012735288825,127.108511317703,서울특별시 송파구 석촌동 296,5697,
MA0101202308A0047166,카페루비,,3110166,구의1동주민센터,서울특별시 광진구 자양로22길 25,37.5396937108881,127.084737685545,서울특별시 광진구 구의동 251-43,5039,
MA010120220803844881,글로벌인생만남학교,,3110997,대청초등학교,서울특별시 강남구 일원로5길 71,37.4927147310939,127.085657058539,서울특별시 강남구 일원동 642-21,6342,
MA0101202406A0563115,바이러닉파트너스,,3120202,압구정로데오역(압구정로데오),서울특별시 강남구 압구정로60길 8,37.526877399063,127.041948671012,서울특별시 강남구 청담동 78-9,6014,
MA010120220809709980,코코버블건대,입구점,3120053,건대입구역(건대),서울특별시 광진구 아차산로30길 8,37.5404075404375,127.067607493044,서울특별시 광진구 자양동 8-22,5072,
MA010120220814104612,키즈커피,,3120056,구의역,서울특별시 광진구 아차산로 397,37.5375929370112,127.086726683806,서울특별시 광진구 구의동 243-7,5044,
MA010120220807387264,티아트커피로스터스,,3110225,촬영소사거리,서울특별시 동대문구 답십리로60길 107,37.5684313247025,127.06260704555,서울특별시 동대문구 답십리동 4-16,2611,
MA010120220810256511,린킷,,3110049,장충단 고개,서울특별시 중구 동호로14길 7,37.5560858016033,127.010310180946,서울특별시 중구 신당동 423-6,4607,
MA010120220810014168,르플로우,,3120213,삼성중앙역,서울특별시 강남구 삼성로107길 23,37.5109976934064,127.052074098134,서울특별시 강남구 삼성동 122-10,6155,
MA010120220805379834,코코네카페,,3110105,금동어린이공원,서울특별시 성동구 장터5가길 6,37.5490114260822,127.021682150892,서울특별시 성동구 금호동3가 458,4729,
MA010120220808144494,오임오임,,3110428,상계5동주민센터,서울특별시 노원구 한글비석로36길 26,37.6627328638215,127.071254362841,서울특별시 노원구 상계동 169-42,1668,
MA010120220801223517,유럽샌드위치,,3120149,여의도역(여의도),서울특별시 영등포구 여의나루로 76,37.5229165380594,126.928041699763,서울특별시 영등포구 여의도동 33,7329,
MA010120220804995574,33마켓,,3120002,서촌(경복궁역),서울특별시 종로구 효자로 33,37.5791217669101,126.973622260679,서울특별시 종로구 통의동 2-1,3044,
MA010120220813677587,세드라,,3110989,대치동아우편취급국,서울특별시 강남구 역삼로67길 15,37.5023567317305,127.052803201869,서울특별시 강남구 대치동 900-16,6197,
MA0101202212A0037621,애시드커피,,3110958,역삼역 4번,서울특별시 강남구 논현로95길 34,37.5017061259996,127.033226486282,서울특별시 강남구 역삼동 638-20,6131,
MA010120220805026025,쥬씨장승배기점,,3120154,장승배기역,서울특별시 동작구 상도로 181,37.5049656149669,126.938837085315,서울특별시 동작구 상도동 370-2,6937,
MA010120220803546442,로즈마리힐,,3111080,굽은다리역 3번,서울특별시 강동구 양재대로136길 12,37.5484836945416,127.144350465841,서울특별시 강동구 명일동 336-1,5295,
MA010120220810316019,비앤디솔루션,,3120133,서울시흥동우체국(홈플러스시흥점),서울특별시 금천구 시흥대로 225,37.4537892366083,126.900463291435,서울특별시 금천구 시흥동 994-9,8632,
MA010120220805253638,벤치커피스튜디오,,3120096,"이화여대(이대역, 이대)",서울특별시 서대문구 연세로2마길 14,37.5578020636329,126.942291090935,서울특별시 서대문구 대현동 104-18,3780,
MA0101202301A0058447,셀레네카페,,3120157,신림역(신림),서울특별시 관악구 봉천로20길 47,37.4859591823309,126.931197850549,서울특별시 관악구 신림동 1420-24,8754,
MA010120220807673413,제이앤피브라더스,,3120008,인사동,서울특별시 종로구 인사동길 49,37.5744654271651,126.983551730068,서울특별시 종로구 관훈동 155-2,3145,
MA0101202310A0054251,이리,,3110028,이화달팽이길,서울특별시 종로구 낙산성곽서길 91,37.5763763883379,127.008320569422,서울특별시 종로구 충신동 1-383,3098,
MA010120220810256900,청년키움식당홍대,,3120102,서교동(홍대),서울특별시 마포구 월드컵북로1길 26-9,37.5548964229764,126.919353265033,서울특별시 마포구 서교동 352-22,4031,
MA010120220814205857,퀴베롱,,3120171,서초3동사거리,서울특별시 서초구 반포대로1길 8,37.4812663209275,127.012097567793,서울특별시 서초구 서초동 1463-21,6711,
MA010120220802347667,더힐세일즈라인스,,3110041,남산케이블카,서울특별시 중구 퇴계로20나길 31,37.5577702184568,126.985434136613,서울특별시 중구 예장동 8-80,4630,
MA0101202409A0218284,그녕이의서재,,3110992,도곡초등학교,서울특별시 강남구 도곡로73길 11,37.4986155866585,127.057041349471,서울특별시 강남구 대치동 934-15,6208,
MA0101202406A0516379,오지힐그라운즈압구정,,3120195,성수대교남단,서울특별시 강남구 언주로168길 19,37.5263570169897,127.035217180867,서울특별시 강남구 신사동 644-7,6017,
MA010120220808604142,삼박자,,3130035,방산종합시장(방산시장),서울특별시 중구 창경궁로 62-4,37.5679793958049,126.998347392172,서울특별시 중구 주교동 176-2,4546,
MA0101202406A0449067,건영커피,,3120083,등나무근린공원,서울특별시 노원구 섬밭로 258,37.6391127483789,127.064920981566,서울특별시 노원구 중계동 506-1,1779,
MA0106202201A0026215,CGV하계투썸커피,,3120083,등나무근린공원,서울특별시 노원구 섬밭로 258,37.6391127483789,127.064920981566,서울특별시 노원구 중계동 506-1,1779,
MA0101202406A0542039,아덴블랑제리서울지사,,3120084,공릉역,서울특별시 노원구 동일로 1083,37.6265487895453,127.072182696141,서울특별시 노원구 공릉동 379-21,1852,
MA0101202406A0348392,스윗글로우,,3110256,면목2동체육관,서울특별시 중랑구 동일로102길 2,37.5892421205475,127.080978162193,서울특별시 중랑구 면목동 142-22,2141,
MA010120220812337397,카페기억,,3110019,창덕궁,서울특별시 종로구 율곡로 102,37.5772773073869,126.990671793462,서울특별시 종로구 와룡동 12-2,3134,
MA0101202303A0042942,카페기억,,3110019,창덕궁,서울특별시 종로구 율곡로 102,37.5772773073869,126.990671793462,서울특별시 종로구 와룡동 12-2,3134,
MA010120220801438597,카페모호방배,,3120166,방배역,서울특별시 서초구 효령로33길 39,37.4831139745839,126.997173395862,서울특별시 서초구 방배동 908-28,6665,
MA010120220808069721,알리바바앤일설차사,,3120142,대림역,서울특별시 영등포구 도림로 129,37.4929617872221,126.896555337621,서울특별시 영등포구 대림동 1050-13,7415,
MA010120220810046581,부스터서울,,3110157,자양동우체국,서울특별시 광진구 뚝섬로52길 41,37.530147149304,127.078900427295,서울특별시 광진구 자양동 639-5,5100,
MA010120220813351872,미닝풀,,3110478,응암1동주민센터,서울특별시 은평구 은평로 166,37.6011128477144,126.926143248799,서울특별시 은평구 응암동 96-14,3462,
MA010120220803776123,팔롬비니카페테리아,,3110137,성수초등학교,서울특별시 성동구 아차산로15길 19,37.5447443901095,127.062066708545,서울특별시 성동구 성수동2가 277-28,4798,
MA0101202210A0015540,베어링,,3110380,강북문화정보도서관,서울특별시 강북구 오현로 175,37.6277090401948,127.037881779644,서울특별시 강북구 번동 148-16,1146,
MA010120220803289929,복전가,,3120082,상계백병원,서울특별시 노원구 동일로 1352,37.6494033972746,127.062301012572,서울특별시 노원구 상계동 749-7,1756,
MA0101202303A0015350,하티시에,,3110902,사당역 4번,서울특별시 관악구 남현길 76,37.473524786696,126.975784750334,서울특별시 관악구 남현동 1082-15,8804,
MA010120220800057808,모타운커피,,3111013,송파나루역 1번(송리단길),서울특별시 송파구 백제고분로45길 34-6,37.5108425292313,127.108151919265,서울특별시 송파구 송파동 56,5618,
MA010120220813680679,흑형커피,,3120140,문래동주민센터,서울특별시 영등포구 경인로 775,37.5147489529039,126.897543279645,서울특별시 영등포구 문래동3가 55-20,7299,
MA010120220809326106,다래지앤씨,,3120140,문래동주민센터,서울특별시 영등포구 경인로 775,37.5147489529039,126.897543279645,서울특별시 영등포구 문래동3가 55-20,7299,
MA010120220813522197,메가엠지씨커피문래에이스하이테크점,,3120140,문래동주민센터,서울특별시 영등포구 경인로 775,37.5147489529039,126.897543279645,서울특별시 영등포구 문래동3가 55-20,7299,
MA010120220811667973,매머드익스프레스에이스하이테크시티점,,3120140,문래동주민센터,서울특별시 영등포구 경인로 775,37.5147489529039,126.897543279645,서울특별시 영등포구 문래동3가 55-20,7299,
MA010120220803801972,에스에이치기획주,,3120140,문래동주민센터,서울특별시 영등포구 경인로 775,37.5147489529039,126.897543279645,서울특별시 영등포구 문래동3가 55-20,7299,
MA0106202201A1646428,초심커피,,3120140,문래동주민센터,서울특별시 영등포구 경인로 775,37.5147489529039,126.897543279645,서울특별시 영등포구 문래동3가 55-20,7299,
MA010120220806825161,난곡창업실험소,,3110866,난우중학교,서울특별시 관악구 난곡로24길 56,37.4679600113817,126.921549317237,서울특별시 관악구 신림동 654-15,8857,
MA010120220800091091,카페인중독종로2가점,,3120006,종각역,서울특별시 종로구 종로 69,37.570582370137,126.985307125994,서울특별시 종로구 종로2가 9,3164,
MA010120220806491658,르빗,,3120173,교대역(법원.검찰청),서울특별시 서초구 서초중앙로 121,37.4925828178237,127.013614643816,서울특별시 서초구 서초동 1574-13,6644,
MA010120220807774832,이로울리,,3130240,영등포유통상가,서울특별시 영등포구 양산로 96,37.5239987695823,126.893605166717,서울특별시 영등포구 당산동2가 47-4,7264,
MA010120220813116230,커피식당,,3110402,도봉구 정병원,서울특별시 도봉구 방학로5길 38,37.6611266030919,127.037672086853,서울특별시 도봉구 쌍문동 8-1,1393,
MA010120220800988336,공차신림역점,,3120157,신림역(신림),서울특별시 관악구 남부순환로 1601,37.4843627736076,126.928463116694,서울특별시 관악구 신림동 1433-49,8759,
MA0101202305A0059829,옐로우크레마,,3111064,둔촌동역 4번,서울특별시 강동구 풍성로54길 18,37.5287465531392,127.133496915845,서울특별시 강동구 성내동 419-40,5403,
MA0101202211A0018560,십일월십사일,,3111027,문정초등학교,서울특별시 송파구 동남로6길 35-15,37.4871732281417,127.126197716077,서울특별시 송파구 문정동 35-10,5803,
MA0101202311A0034560,홍하곡커피호프,,3110717,남구로역 2번,서울특별시 구로구 디지털로27길 123,37.4847270863854,126.887261315798,서울특별시 구로구 가리봉동 89-158,8385,
MA0101202307A0093697,와우330,,3130036,중부시장(신중부시장),서울특별시 중구 동호로 347,37.5653484810876,127.00207134655,서울특별시 중구 오장동 139-1,4547,
MA010120220805079906,67소호,,3110957,언북중학교,서울특별시 강남구 도산대로30길 21-3,37.5186277973074,127.030225056486,서울특별시 강남구 논현동 67-9,6049,
MA0101202406A0143536,마켓커피,,3130255,영등포전통시장,서울특별시 영등포구 영등포로 237-1,37.5196228896053,126.907887021439,서울특별시 영등포구 영등포동5가 2,7250,
MA010120220800027631,통밀로만,,3130020,동묘시장(동묘벼룩시장),서울특별시 종로구 종로 370,37.573627193455,127.018530981455,서울특별시 종로구 숭인동 220,3115,
MA010120220800952616,써니빈커피,,3120131,가산디지털단지,서울특별시 금천구 가산디지털2로 98,37.4772336199671,126.88105453514,서울특별시 금천구 가산동 550-1,8506,
MA010120220812409400,보은하다,,3120131,가산디지털단지,서울특별시 금천구 가산디지털2로 98,37.4772336199671,126.88105453514,서울특별시 금천구 가산동 550-1,8506,
MA010120220806811588,푸링,,3110591,충정로역 6번,서울특별시 마포구 손기정로 5,37.557764581785,126.960716311483,서울특별시 마포구 아현동 699,4198,
MA010120220812122728,팔라우,,3110965,언주역 6번,서울특별시 강남구 논현로102길 57,37.5063082702576,127.039686486222,서울특별시 강남구 역삼동 661-35,6137,
MA010120220800716259,까치다방,,3110713,구로보건소,서울특별시 구로구 구로중앙로28길 59,37.5002797399665,126.888606325713,서울특별시 구로구 구로동 111-41,8294,
MA0101202311A0039687,옐라보나,,3120012,대학로(혜화역),서울특별시 종로구 창경궁로 254,37.5837378015636,126.999966035148,서울특별시 종로구 명륜2가 41-4,3077,
MA0101202302A0094420,안리커피,,3110406,도봉산역 1번,서울특별시 도봉구 도봉산4가길 6-5,37.6884069180133,127.041654009886,서울특별시 도봉구 도봉동 286-31,1301,
MA010120220802108513,할리스도심2,공항점,3001496,강남 마이스 관광특구,서울특별시 강남구 테헤란로87길 22,37.5096336959765,127.059447540477,서울특별시 강남구 삼성동 159-6,6164,
MA0101202306A0101069,코리아케이푸드베르체도심공항,터미널점,3001496,강남 마이스 관광특구,서울특별시 강남구 테헤란로87길 22,37.5096336959765,127.059447540477,서울특별시 강남구 삼성동 159-6,6164,
MA010120220801067122,시애이,,3001496,강남 마이스 관광특구,서울특별시 강남구 테헤란로87길 22,37.5096336959765,127.059447540477,서울특별시 강남구 삼성동 159-6,6164,
MA0101202411A0171635,명동브라더스-머슬걸즈888,,3120028,명동(명동거리),서울특별시 중구 명동8길 37-9,37.5621490551182,126.985365374062,서울특별시 중구 명동2가 31-6,4536,
MA0101202411A0173999,케이엘형제-갤럭시케이팝,,3120028,명동(명동거리),서울특별시 중구 명동8길 37-9,37.5621490551182,126.985365374062,서울특별시 중구 명동2가 31-6,4536,
MA010120220800803200,커피빵앗간,,3110400,도봉구보건소,서울특별시 도봉구 도봉로133길 20,37.6576214992926,127.038554276222,서울특별시 도봉구 쌍문동 572,1395,
MA0101202306A0074315,베러먼데이,성신여대점,3120072,성신여대,서울특별시 성북구 보문로34길 63,37.5912145681738,127.018648568757,서울특별시 성북구 동선동1가 81,2845,
MA010120220805143488,올리커피,,3120018,중림동,서울특별시 중구 서소문로 38,37.5604062047392,126.966215514061,서울특별시 중구 중림동 500,4505,
MA010120220804869563,약천,,3120028,명동(명동거리),서울특별시 중구 명동7길 6,37.5640860965974,126.984572690174,서울특별시 중구 명동1가 51,4534,
MA010120220809703960,카페유파이브,,3130035,방산종합시장(방산시장),서울특별시 중구 동호로 369,37.567393745525,127.001856339465,서울특별시 중구 을지로5가 19-29,4546,
MA0101202308A0012230,이디야신대방앙크인베스트먼트,삼거리점,3120152,신대방삼거리역,서울특별시 동작구 상도로 78,37.4995361482307,126.929149795183,서울특별시 동작구 대방동 336-12,7041,
MA0106202408A0503911,투쿨포스쿨투쿨라운지,,3120186,가로수길,서울특별시 강남구 강남대로158길 33,37.5196929256724,127.021311682705,서울특별시 강남구 신사동 519-23,6034,
MA010120220806612106,강남북카페내일의북카페,,3120204,르네상스호텔사거리,서울특별시 강남구 언주로89길 9,37.5017573798883,127.042036396475,서울특별시 강남구 역삼동 720-13,6221,
MA010120220805380095,커피에반하다하월곡동점,,3110316,숭곡초등학교,서울특별시 성북구 오패산로13길 17,37.6069870457578,127.035526964177,서울특별시 성북구 하월곡동 70-67,2738,
MA010120220805268525,더블코드,,3110630,공항시장역 1번,서울특별시 강서구 방화동로3길 35,37.5638860124526,126.808047746507,서울특별시 강서구 방화동 612-59,7620,
MA010120220812388187,카페천국중구하센호텔점,,3110042,남산골공원옆,서울특별시 중구 필동로8길 77,37.5565095259679,126.993220819582,서울특별시 중구 예장동 1-43,4626,
MA010120220810039260,탐앤탐스상봉메가박스점,,3130106,중랑동부시장,서울특별시 중랑구 망우로 210,37.5936693006939,127.07600078684,서울특별시 중랑구 상봉동 130-135,2120,
MA010120220807026705,에이티에프앤비,,3120182,"양재시민의숲역(양재동꽃시장, aT센터)",서울특별시 서초구 강남대로 27,37.4682769059703,127.039135075925,서울특별시 서초구 양재동 232,6774,
MA010120220803002594,브루잉맨숀,,3110572,서강대역 1번,서울특별시 마포구 광성로6길 10,37.5493125707703,126.93815583189,서울특별시 마포구 신수동 88-51,4096,
MA010120220800472321,제이앤제이메드앤인베스트먼트,,3130268,상도전통시장,서울특별시 동작구 상도로 313,37.5001507547548,126.950636282615,서울특별시 동작구 상도1동 262,6970,
MA010120220800195452,커피브라운,,3130191,홍대 걷고싶은 거리,서울특별시 마포구 어울마당로 119,37.5554487288817,126.923404275177,서울특별시 마포구 동교동 163-13,4050,
MA010120220803303077,구엄품,,3110958,역삼역 4번,서울특별시 강남구 테헤란로25길 47,37.5035708708366,127.034403500666,서울특별시 강남구 역삼동 629-6,6126,
MA010120220813436395,인샤인카페,,3120131,가산디지털단지,서울특별시 금천구 가산디지털1로 145,37.4781712129141,126.88159572103,서울특별시 금천구 가산동 371-50,8506,
MA010120220813584835,캔픽,,3120213,삼성중앙역,서울특별시 강남구 테헤란로79길 51,37.5100688938813,127.053781335335,서울특별시 강남구 삼성동 125-30,6156,
MA010120220800124120,덕수궁전통차전문,,3120020,시청역_1번,서울특별시 중구 서소문로 109,37.5630569443748,126.973277052665,서울특별시 중구 서소문동 53-6,4515,
MA0101202409A0022693,브루다시청,,3120020,시청역_1번,서울특별시 중구 서소문로 109,37.5630569443748,126.973277052665,서울특별시 중구 서소문동 53-6,4515,
MA0106202201A0153342,커피빈내방역7번출구유중아트점,코리아,3120164,내방역,서울특별시 서초구 방배로 178,37.4895379801643,126.992842425472,서울특별시 서초구 방배동 851-4,6586,
MA0101202303A0093153,카페비유,,3110625,신정2동주민센터,서울특별시 양천구 신목로5길 4,37.5182576074865,126.873523720215,서울특별시 양천구 신정동 144-5,8014,
MA010120220814224048,고품격커피공장,,3120169,서초역,서울특별시 서초구 법원로1길 11,37.4928445296335,127.009283772084,서울특별시 서초구 서초동 1718-4,6595,
MA010120220814311034,120겹파이,망원점,3110540,망원나들목체육관,서울특별시 마포구 희우정로 129-10,37.5555293625212,126.898856871904,서울특별시 마포구 망원동 454-11,4006,
MA010120220811781219,아이도넛케어,,3110082,용산구청,서울특별시 용산구 이태원로20가길 4,37.533515975199,126.992396977875,서울특별시 용산구 이태원동 74-27,4391,
MA0101202406A0213321,트인스,,3110745,독산동정훈단지,서울특별시 금천구 독산로64길 2,37.4646936126628,126.903026066646,서울특별시 금천구 독산동 391-91,8562,
MA010120220813208533,키커피컴퍼니,,3110118,왕십리역 9번,서울특별시 성동구 왕십리로 269,37.5586030940377,127.037484596537,서울특별시 성동구 행당동 130-115,4745,
MA010120220809698392,이지앤,,3110228,장안근린공원,서울특별시 동대문구 한천로 170,37.57605988458,127.067798199169,서울특별시 동대문구 장안동 125-19,2525,
MA010120220812204757,희망나눔장애인협동조합,,3120153,노량진역(노량진),서울특별시 동작구 장승배기로 161,37.5125346254387,126.93995068362,서울특별시 동작구 노량진동 47-2,6928,
MA010120220807663569,아이갓에브리씽SK텔레콤,보라매점,3120151,보라매공원,서울특별시 관악구 보라매로5길 1,37.4922003073487,126.926454164736,서울특별시 관악구 봉천동 729-1,8708,
MA010120220807776884,파머스빈,마곡점,3120119,발산역(마곡),서울특별시 강서구 공항대로 237,37.5594472781831,126.833909278213,서울특별시 강서구 마곡동 797,7803,
MA010120220800342128,철은프라자예일타운,,3120138,당산2동(영등포우체국),서울특별시 영등포구 국회대로 549,37.5287129793111,126.895815876246,서울특별시 영등포구 당산동4가 92-4,7219,
MA0101202305A0135018,교대빈,,3120173,교대역(법원.검찰청),서울특별시 서초구 서초대로 286,37.4931685375501,127.013038045604,서울특별시 서초구 서초동 1573-1,6644,
MA010120220812261058,메가엠지씨커피오목교역점,,3120113,오목교역,서울특별시 양천구 오목로 315,37.5251314035576,126.872731537185,서울특별시 양천구 목동 406-244,8000,
MA010120220812380811,오번가카페,,3120011,종로4가,서울특별시 종로구 종로 195-1,37.5711328903765,126.99946797368,서울특별시 종로구 종로4가 7,3130,
MA010120220803975479,여유,,3110432,대진고등학교,서울특별시 노원구 공릉로62가길 50,37.6370346417344,127.074787339597,서울특별시 노원구 하계동 59,1809,
MA010120220804762678,마가,,3110550,합정역 8번,서울특별시 마포구 월드컵로7길 73,37.5524375979556,126.908242740941,서울특별시 마포구 합정동 434-36,4021,
MA010120220804368648,호감카페,,3120081,노원역,서울특별시 노원구 노해로81길 22-26,37.6558985813845,127.063983658516,서울특별시 노원구 상계동 332-1,1695,
MA010120220809669995,휴스페이스클라우드다이닝,,3110080,해방촌예술마을,서울특별시 용산구 신흥로 150-1,37.5466693774705,126.981543589901,서울특별시 용산구 후암동 415-35,4337,
MA010120220805962502,언니커피,,3111066,암사동성당(효정하나플러스아파트),서울특별시 강동구 구천면로 315,37.5478010748109,127.134922779013,서울특별시 강동구 암사동 488-20,5265,
MA010120220805214482,포비브라이트,,3110550,합정역 8번,서울특별시 마포구 양화로3길 66,37.551944197231,126.911049912857,서울특별시 마포구 합정동 426-18,4023,
MA0101202406A0131854,스위치,,3110706,그라운드 고척,서울특별시 구로구 경인로47길 13,37.5000318659281,126.866757782853,서울특별시 구로구 고척동 76-137,8223,
MA010120220808123347,망원동티라미슈,,3110049,장충단 고개,서울특별시 중구 다산로 155-1,37.5576804042656,127.012030687032,서울특별시 중구 신당동 370-51,4607,
MA010120220812961518,나나에프앤비,,3120187,신논현역,서울특별시 강남구 강남대로 492,37.5062133630415,127.024124015122,서울특별시 강남구 논현동 165-8,6119,
MA010120220808420924,더케이즈커피,,3120077,미아역,서울특별시 강북구 도봉로54길 6,37.6271084926839,127.026462657329,서울특별시 강북구 미아동 197-16,1133,
MA010120220813594334,로스티드바이s,,3110144,어린이대공원역 4번,서울특별시 광진구 군자로 44,37.54701926516,127.070363266346,서울특별시 광진구 화양동 132-69,5009,
MA0101202406A0228586,본카페,,3111070,천호초등학교,서울특별시 강동구 구천면로46길 14,37.5476381696852,127.135556189619,서울특별시 강동구 천호동 233-140,5309,
MA010120220807024045,수퍼비랩,,3110546,양화대교북단,서울특별시 마포구 동교로 16-10,37.5514346490391,126.904656568624,서울특별시 마포구 합정동 450-58,4019,
MA010120220804269865,잠실동빈스토리,,3111004,삼전역 1번,서울특별시 송파구 올림픽로12길 50,37.5071955342888,127.0833663526,서울특별시 송파구 잠실동 214-8,5569,
MA010120220800579864,김행지임대사업,,3120094,"신촌역(신촌역, 신촌로터리)",서울특별시 서대문구 명물1길 2,37.5578445805014,126.937322589239,서울특별시 서대문구 창천동 31-26,3776,
MA010120220808482281,공부공간,,3120094,"신촌역(신촌역, 신촌로터리)",서울특별시 서대문구 명물1길 2,37.5578445805014,126.937322589239,서울특별시 서대문구 창천동 31-26,3776,
MA010120220813368854,셀프커피숍,,3120094,"신촌역(신촌역, 신촌로터리)",서울특별시 서대문구 명물1길 2,37.5578445805014,126.937322589239,서울특별시 서대문구 창천동 31-26,3776,
MA010120220812060895,모글,,3110262,상봉역 3번,서울특별시 중랑구 봉우재로 159,37.5937671103622,127.090607728374,서울특별시 중랑구 상봉동 85-36,2152,
MA010120220800457743,가먼츠커피,,3110425,계상초등학교,서울특별시 노원구 한글비석로49길 63,37.6614113736535,127.06618706954,서울특별시 노원구 상계동 456-26,1679,
MA0101202310A0005448,세인트41,,3120128,신도림역,서울특별시 구로구 경인로 662,37.5080643272591,126.888504277764,서울특별시 구로구 신도림동 692,8209,
MA010120220808672178,에이트리플,,3120128,신도림역,서울특별시 구로구 경인로 662,37.5080643272591,126.888504277764,서울특별시 구로구 신도림동 692,8209,
MA010120220808041770,더라운지카페디엔타스,큐브점,3120128,신도림역,서울특별시 구로구 경인로 662,37.5080643272591,126.888504277764,서울특별시 구로구 신도림동 692,8209,
MA010120220811990595,파스쿠찌선릉이노센스,,3120210,선릉역,서울특별시 강남구 테헤란로63길 11,37.5059889549188,127.050114012331,서울특별시 강남구 삼성동 141-9,6162,
MA0101202406A0079913,밀크비,,3110918,방배역 3번,서울특별시 서초구 효령로 89,37.4806270718895,126.994007797833,서울특별시 서초구 방배동 917-4,6687,
MA010120220806268692,르샤,,3110541,동교초등학교,서울특별시 마포구 월드컵로25길 139,37.5567917595243,126.900032189273,서울특별시 마포구 망원동 419-7,3958,
MA0101202308A0028098,블레싱,,3110328,상월곡역 3번,서울특별시 성북구 화랑로 192,37.6076837614568,127.05188094928,서울특별시 성북구 석관동 340-78,2791,
MA010120220804092119,로타리다방,,3120244,암사역,서울특별시 강동구 올림픽로 769,37.5499720689864,127.127174889586,서울특별시 강동구 암사동 512-17,5242,
MA010120220804056713,성바오로수도회재,,3120185,논현역,서울특별시 강남구 학동로 116,37.5115834447719,127.023662004285,서울특별시 강남구 논현동 123,6111,
MA0101202310A0088388,아인23,,3120178,신사역,서울특별시 강남구 강남대로 624,37.5174677585285,127.019512505877,서울특별시 강남구 신사동 502-6,6035,
MA010120220800903218,서울첨단소재,,3110627,신정롯데캐슬아파트,서울특별시 양천구 신목로 40,37.5191494531058,126.873386472808,서울특별시 양천구 신정동 296-90,8015,
MA0106202308A0703135,학산테라로사커피홍대,서교점,3120102,서교동(홍대),서울특별시 마포구 월드컵북로5길 41,37.556264171223,126.916805363359,서울특별시 마포구 서교동 460-25,4002,
MA0101202303A0031979,아이빅쓰리커피엔드케이스,,3110356,덕수교,서울특별시 강북구 한천로 1148,37.646760617315,127.017710628751,서울특별시 강북구 수유동 269-22,1046,
MA0101202409A0250595,봄보리,,3120081,노원역,서울특별시 노원구 동일로218길 41,37.6541781397201,127.063177588834,서울특별시 노원구 상계동 725-4,1751,
MA010120220803135327,불도저,,3120207,선정릉역,서울특별시 강남구 선릉로116길 12,37.5125146179981,127.044123625131,서울특별시 강남구 삼성동 36,6097,
MA010120220800527284,가비공방,,3110483,연천초등학교,서울특별시 은평구 연서로34길 20,37.6210982420488,126.928513538005,서울특별시 은평구 불광동 346-24,3348,
MA0101202209A0077771,오우야에스프레소바,,3110949,한남IC,서울특별시 강남구 압구정로 102,37.5223691887257,127.01967215499,서울특별시 강남구 신사동 527-4,6027,
MA0101202406A0358175,카페늘함께,,3111025,경찰병원역 3번,서울특별시 송파구 송이로23길 6,37.4949599758392,127.124265807685,서울특별시 송파구 가락동 128-8,5828,
MA010120220812005767,티오더블유,,3120009,종로3가역,서울특별시 종로구 돈화문로11다길 17,37.5731597475769,126.990491186817,서울특별시 종로구 돈의동 21,3133,
MA010120220804059734,오앤유주,,3120051,뚝섬역,서울특별시 성동구 성수일로 55,37.5454710994182,127.049563323127,서울특별시 성동구 성수동1가 16-4,4779,
MA010120220813535579,판에프앤비,,3120189,강남역,서울특별시 강남구 테헤란로2길 21,37.4968326933907,127.029413367852,서울특별시 강남구 역삼동 825-27,6232,
MA010120220803520158,초록뱀컴퍼니유리사업본부,,3120200,학동사거리,서울특별시 강남구 도산대로 414,37.5228772717052,127.041030125806,서울특별시 강남구 청담동 2-14,6062,
MA010120220803138927,테디랩,,3120109,서울남부지방법원,서울특별시 양천구 신월로36길 11,37.52070938897,126.858565013525,서울특별시 양천구 신정동 1024-1,8086,
MA0101202211A0063780,매머드커피신당역점,,3130055,"황학시장(서울중앙시장, 신중앙시장)",서울특별시 중구 퇴계로87길 1,37.5657971181468,127.021064475543,서울특별시 중구 황학동 708,4576,
MA0101202301A0106304,요고프로즌요거트송파,방이점,3111019,한성백제역 3번,서울특별시 송파구 백제고분로50길 43,37.5129490329635,127.119420625017,서울특별시 송파구 방이동 168-17,5628,
MA010120220805483120,현커피숍,,3130112,사가정시장,서울특별시 중랑구 사가정로 429,37.580701371687,127.09234667089,서울특별시 중랑구 면목동 523-10,2214,
MA010120220800588603,아이스프링커피,,3110511,연희초등학교,서울특별시 서대문구 연희로10가길 2,37.5642572089856,126.932835025134,서울특별시 서대문구 연희동 310-5,3726,
MA0106202201A0153171,커피빈압구정역점,코리아,3120188,압구정역,서울특별시 강남구 논현로 842,37.5240341864698,127.028733975739,서울특별시 강남구 신사동 599,6025,
MA010120220814250103,마실공간,,3110595,메디힐병원,서울특별시 양천구 화곡로 78,37.5392691345826,126.830525638083,서울특별시 양천구 신월동 59-2,7904,
MA010120220800024794,조은날,,3120003,광화문역,서울특별시 종로구 새문안로3길 30,37.5729678705644,126.973160311871,서울특별시 종로구 내수동 167,3173,
MA010120220806724927,커피집단카페소프트,광화문점,3120003,광화문역,서울특별시 종로구 새문안로3길 30,37.5729678705644,126.973160311871,서울특별시 종로구 내수동 167,3173,
MA010120220806855468,비엔나커피하우스잠실역점,,3120227,잠실역,서울특별시 송파구 올림픽로 293-19,37.5151543647263,127.102502519565,서울특별시 송파구 신천동 7-28,5510,
MA010120220800624758,경림코퍼레이션주,,3110280,북정마을,서울특별시 성북구 성북로31길 5,37.5945673853956,126.990964040333,서울특별시 성북구 성북동 279-2,2879,
MA0106202208A0009956,백억커피양천,직영점,3110626,양화초등학교,서울특별시 양천구 목동중앙북로18길 33,37.5447579171768,126.875289478061,서울특별시 양천구 목동 538-27,7971,
MA0101202406A0386315,에코카페,,3130036,중부시장(신중부시장),서울특별시 중구 창경궁로 40-1,37.5659161156976,126.998381394513,서울특별시 중구 을지로4가 193-3,4547,
MA010120220813887844,마포옥Cafe,,3130194,용강동 상점가,서울특별시 마포구 토정로 312,37.5398727034875,126.943345890239,서울특별시 마포구 용강동 50-13,4165,
MA010120220808378320,위트케이크,,3120088,구산역,서울특별시 은평구 연서로 162-1,37.6132438223398,126.91803310137,서울특별시 은평구 대조동 223-12,3388,
MA010120220806703224,라운지,,3110423,석계역 2번,서울특별시 노원구 화랑로45길 10-5,37.6157676980587,127.065806797247,서울특별시 노원구 월계동 38-30,1914,
MA0101202411A0015349,우드스톤,,3110722,G타워,서울특별시 구로구 디지털로26길 38,37.4798510340822,126.895318456557,서울특별시 구로구 구로동 832,8393,
MA010120220810157820,조인핸즈네트워크,,3110722,G타워,서울특별시 구로구 디지털로26길 38,37.4798510340822,126.895318456557,서울특별시 구로구 구로동 832,8393,
MA0101202305A0114250,더카페&페르케노구로지타워,,3110722,G타워,서울특별시 구로구 디지털로26길 38,37.4798510340822,126.895318456557,서울특별시 구로구 구로동 832,8393,
MA0101202311A0091914,마돈나Madonna,,3110229,장평중학교,서울특별시 동대문구 장한로10길 15,37.5651575945055,127.068229750691,서울특별시 동대문구 장안동 437-6,2643,
MA010120220809932000,호텔707,,3110759,문래예술촌(문래창작촌),서울특별시 영등포구 도림로139길 2-2,37.5146821885413,126.893369548333,서울특별시 영등포구 문래동2가 60-4,7290,
MA010120220814185754,랏츠,코리아,3130273,남성사계시장(남성시장),서울특별시 동작구 동작대로29길 63-5,37.4883379073865,126.978538927245,서울특별시 동작구 사당동 127-42,7008,
MA010120220806369709,다락방이야기,,3110503,명지대학교교회,서울특별시 서대문구 명지대2길 28,37.5824258390747,126.925448464172,서울특별시 서대문구 홍은동 400-18,3675,
MA010120220813577650,임세츨링,,3110627,신정롯데캐슬아파트,서울특별시 양천구 신목로6길 36-3,37.5214586450382,126.875859941095,서울특별시 양천구 신정동 119-59,8009,
MA010120220810055936,요거트볼YogurtBowl,,3110212,답십리초등학교,서울특별시 동대문구 전농로 73-18,37.5715339711379,127.05620265391,서울특별시 동대문구 답십리동 250-19,2599,
MA0101202406A0189196,드림커피,,3120179,양재역,서울특별시 강남구 남부순환로 2615,37.4851719052973,127.035763175862,서울특별시 강남구 도곡동 957-11,6267,
MA0101202411A0084984,메가엠지씨커피양재역점,,3120179,양재역,서울특별시 강남구 남부순환로 2615,37.4851719052973,127.035763175862,서울특별시 강남구 도곡동 957-11,6267,
MA0101202406A0332866,메가엠지씨커피양재역점,,3120179,양재역,서울특별시 강남구 남부순환로 2615,37.4851719052973,127.035763175862,서울특별시 강남구 도곡동 957-11,6267,
MA010120220810479679,올덴플레이스,,3110035,동묘앞역 2번,서울특별시 종로구 종로 369-1,37.5740867255647,127.01837261314,서울특별시 종로구 숭인동 72-55,3113,
MA0101202409A0037395,금숙씨커피1972서울,장안점,3110228,장안근린공원,서울특별시 동대문구 답십리로65길 39,37.5743200653352,127.069347487773,서울특별시 동대문구 장안동 135-1,2529,
MA010120220811122578,테더,,3110953,학동근린공원,서울특별시 강남구 논현로145길 19,37.5174662243233,127.027260949551,서울특별시 강남구 논현동 32-18,6041,
MA010120220800982731,카페스토리,,3110747,석수역 1번 출입구,서울특별시 금천구 삼성산길 7,37.4341682648338,126.904240563303,서울특별시 금천구 시흥동 978-4,8654,
MA010120220807445788,아이드라이브공차신촌연세로점,코리아,3120094,"신촌역(신촌역, 신촌로터리)",서울특별시 서대문구 연세로 27,37.5580514837315,126.936711258624,서울특별시 서대문구 창천동 33-30,3788,
MA0106202201A1109806,커피차이,,3110157,자양동우체국,서울특별시 광진구 뚝섬로56길 14-1,37.5306763128727,127.082453451695,서울특별시 광진구 자양동 651-34,5101,
MA010120220812474113,브루다숙명여대,,3110069,숙대입구,서울특별시 용산구 청파로47길 82,37.5451432191006,126.965939508728,서울특별시 용산구 청파동2가 55-1,4310,
MA010120220800731028,카페칼디,,3120125,구로역,서울특별시 구로구 경인로53길 15,37.5020332748086,126.876118294779,서울특별시 구로구 구로동 1258,8217,
MA010120220812442404,콩도리카페,,3120127,구로구청,서울특별시 구로구 공원로 3,37.497697234171,126.892251534135,서울특별시 구로구 구로동 106-4,8298,
MA0101202303A0087379,과일에반하다프루타,,3120136,영등포구청역,서울특별시 영등포구 선유동1로 50,37.5265212141836,126.893205630793,서울특별시 영등포구 당산동3가 558-3,7261,
MA010120220810228674,오페라빈에스프레소바,,3120169,서초역,서울특별시 서초구 반포대로26길 1,37.4900874325771,127.009464350329,서울특별시 서초구 서초동 1550-2,6648,
MA010120220806882876,라케이브래빗,,3120104,연남동(홍대),서울특별시 마포구 동교로29길 10,37.5611073156525,126.923907801199,서울특별시 마포구 연남동 259-3,3984,
MA010120220814320466,도로시,,3110571,신수동주민센터,서울특별시 마포구 토정로 235,37.5440680589919,126.936836237628,서울특별시 마포구 신수동 431-3,4090,
MA010120220813055152,카페프리제,,3110266,면목동우체국,서울특별시 중랑구 면목로48길 25,37.5822708655822,127.090061688427,서울특별시 중랑구 면목동 456-28,2210,
MA010120220813043406,장수부띠끄,,3110264,면목역 2번,서울특별시 중랑구 겸재로50나길 36,37.5873227274881,127.093543676857,서울특별시 중랑구 면목동 70-180,2202,
MA0101202409A0067082,몬스몬스우지커피,잠실새내점,3120225,잠실새내역(신천),서울특별시 송파구 백제고분로7길 50-1,37.5106455670544,127.084512556588,서울특별시 송파구 잠실동 185,5559,
MA010120220812160558,사소한,,3120066,장한평역(장한평),서울특별시 동대문구 장한로3길 20,37.5636729458758,127.064685681713,서울특별시 동대문구 장안동 423-6,2636,
MA010120220801061904,성우에프앤아이,,3120037,동대문역사문화공원역,서울특별시 중구 퇴계로 320,37.5639066696527,127.007458967584,서울특별시 중구 광희동2가 319,4614,
MA0101202411A0052242,토요케이커리,,3120192,뱅뱅사거리,서울특별시 서초구 효령로 423,37.489309150896,127.029941863065,서울특별시 서초구 서초동 1339-2,6628,
MA0101202309A0016438,밥스카페,,3120069,상봉역,서울특별시 중랑구 면목로 490,37.5956265658312,127.086046646811,서울특별시 중랑구 상봉동 102-57,2148,
MA0101202210A0070748,백억커피사가정역점,,3120068,사가정역,서울특별시 중랑구 면목로39길 8,37.5797592632919,127.087171805179,서울특별시 중랑구 면목동 634-10,2238,
MA010120220812676766,카페서우,,3110710,남구로역 3번,서울특별시 구로구 구로동로17길 2,37.4884093827776,126.884338522305,서울특별시 구로구 구로동 722-8,8316,
MA010120220803251498,소니도,,3120143,당산역,서울특별시 영등포구 당산로 242,37.534882012279,126.903082340165,서울특별시 영등포구 당산동6가 296,7223,
MA010120220813597947,커피로스팅팩토리플러스,,3130183,상암동상점가,서울특별시 마포구 월드컵북로 324,37.5753846268455,126.895773529513,서울특별시 마포구 상암동 30-1,3930,
MA010120220814208579,티그린임대,,3120195,성수대교남단,서울특별시 강남구 언주로174길 30,37.5278072697125,127.036405744263,서울특별시 강남구 신사동 640-2,6017,
MA010120220804250705,호수빌딩카페베네배명,사거리점,3120226,석촌고분역,서울특별시 송파구 백제고분로 264,37.5022306952569,127.095654035763,서울특별시 송파구 삼전동 180-1,5585,
MA010120220805452742,베로아로스터리망우점,,3110277,러스크서울병원,서울특별시 중랑구 망우로 464,37.6002074431888,127.103683559068,서울특별시 중랑구 망우동 202-1,2177,
MA0106202201A2057841,치키차카초코,서교점,3120103,홍대입구역(홍대),서울특별시 마포구 잔다리로 40,37.5519591571022,126.919333796485,서울특별시 마포구 서교동 368-9,4042,
MA0101202409A0180864,와이커피,,3120185,논현역,서울특별시 강남구 학동로6길 12,37.5108896350472,127.023842754938,서울특별시 강남구 논현동 122-11,6110,
MA0101202311A0010319,비위치드,,3111013,송파나루역 1번(송리단길),서울특별시 송파구 백제고분로41길 36,37.5088349049439,127.106373307203,서울특별시 송파구 송파동 28,5622,
MA0101202406A0267346,밀호프커피,,3120142,대림역,서울특별시 영등포구 대림로29길 37-2,37.4940963884903,126.895796132277,서울특별시 영등포구 대림동 810-57,7415,
MA010120220806579234,카페블루,,3120197,역삼역,서울특별시 강남구 테헤란로 137,37.5003724185978,127.033994908507,서울특별시 강남구 역삼동 646,6132,
MA010120220811950651,포뮬라커피컴퍼니,,3110081,해방촌 남동측,서울특별시 용산구 신흥로 54,37.5430842162715,126.987835873216,서울특별시 용산구 용산동2가 45-1,4339,
MA010120220808085014,엣더모먼트,,3110813,보라매역 6번,서울특별시 영등포구 신풍로23길 3,37.5003401600908,126.918462020287,서울특별시 영등포구 신길동 509-1,7392,
MA0106202209A0620370,윤다방,,3120169,서초역,서울특별시 서초구 서초대로46길 38,37.4908171727801,127.010369048602,서울특별시 서초구 서초동 1550-11,6648,
MA010120220803251664,하늘과바람과별과커피,,3110554,망원역 1번,서울특별시 마포구 잔다리로 123,37.5578113441597,126.913272523909,서울특별시 마포구 서교동 469-67,3997,
MA010120220808430960,서울다방맥주식당,,3110744,독산동성당,서울특별시 금천구 독산로 284,37.472100199209,126.903366946089,서울특별시 금천구 독산동 179-10,8555,
MA0101202209A0022071,세계명화아트페어,,3120012,대학로(혜화역),서울특별시 종로구 대학로8가길 80,37.5824763657585,127.003260570751,서울특별시 종로구 동숭동 1-73,3086,
MA010120220803046361,켈리쇼,,3120186,가로수길,서울특별시 강남구 압구정로4길 25,37.5214409620918,127.020803131011,서울특별시 강남구 신사동 523-30,6028,
MA010120220807401915,엠피지디,,3120143,당산역,서울특별시 영등포구 양평로 36,37.5337824578273,126.902676457019,서울특별시 영등포구 당산동6가 227,7223,
MA0101202406A0428695,맨홀커피-바티칸,,3110770,영등포구청역 6번,서울특별시 영등포구 영등포로27길 26,37.5232832272327,126.899613104837,서울특별시 영등포구 당산동1가 212,7267,
MA010120220806792019,예지원,,3120014,종로5가역,서울특별시 종로구 대학로1길 38-6,37.5721329956219,127.00037355539,서울특별시 종로구 연지동 258-9,3129,
MA010120220802375069,라이크어시네마,,3120053,건대입구역(건대),서울특별시 광진구 아차산로30길 17,37.5399210072635,127.06759573876,서울특별시 광진구 자양동 6-41,5073,
MA010120220805536872,더플랜오,,3120181,교육개발원입구사거리,서울특별시 서초구 양재천로 103-1,37.4765298212233,127.040145561758,서울특별시 서초구 양재동 97-5,6748,
MA0101202406A0146214,뉴어리,,3110578,대흥역 2번,서울특별시 마포구 백범로15길 17,37.5482969293234,126.943101873638,서울특별시 마포구 대흥동 171,4136,
MA010120220814020179,매듭달,,3110622,달마을공원,서울특별시 양천구 목동중앙북로 68,37.5465729770489,126.870680847698,서울특별시 양천구 목동 966,7948,
MA010120220800766191,케이디씨소호제일차지점유,,3120130,구로디지털단지역,서울특별시 구로구 시흥대로 543,37.4818464013331,126.9000982043,서울특별시 구로구 구로동 1126-15,8392,
MA010120220804963788,츄로빈,,3110205,경희대삼거리,서울특별시 동대문구 회기로 151,37.5913932426858,127.053239694635,서울특별시 동대문구 회기동 45-74,2453,
MA0101202409A0106402,건강한카페,,3110373,수유역 2번,서울특별시 강북구 덕릉로41길 95,37.6382624098459,127.027712900216,서울특별시 강북구 번동 416-119,1064,
MA010120220803395294,아만딘카페픽미픽미,,3110481,불광역 7번,서울특별시 은평구 통일로71가길 1,37.6137807592658,126.926142048098,서울특별시 은평구 대조동 84-36,3391,
MA0101202406A0297846,카페하모,,3110660,등촌3동주민센터,서울특별시 강서구 공항대로41길 34,37.5592740853216,126.845714235673,서울특별시 강서구 등촌동 700,7587,
MA0101202406A0586071,다함컴퍼니,,3111013,송파나루역 1번(송리단길),서울특별시 송파구 백제고분로45길 12,37.5096243253486,127.110152103942,서울특별시 송파구 송파동 51-10,5619,
MA010120220811784501,유어마이커피브루어스,,3110939,양재역 8번(양재동우체국),서울특별시 서초구 논현로31길 50-6,37.4808093784005,127.040837521397,서울특별시 서초구 양재동 19-8,6745,
MA0101202210A0001484,던던,,3111004,삼전역 1번,서울특별시 송파구 백제고분로19길 27-18,37.5077698330817,127.086624308961,서울특별시 송파구 잠실동 241-14,5565,
MA010120220813653761,프레쎄,,3120100,망원역,서울특별시 마포구 동교로 69,37.5538624108926,126.909848021214,서울특별시 마포구 망원동 385-44,4018,
MA010120220806483902,앤트러사이트커피로스터스,,3110513,연희파출소,서울특별시 서대문구 연희로 135,37.5696902104102,126.932830146792,서울특별시 서대문구 연희동 89-19,3699,
MA010120220811686783,앤트러사이트커피로스터,,3110513,연희파출소,서울특별시 서대문구 연희로 135,37.5696902104102,126.932830146792,서울특별시 서대문구 연희동 89-19,3699,
MA010120220800989713,커피블루,,3110892,관악구 중앙길,서울특별시 관악구 양녕로6길 39,37.484418540194,126.949154162451,서울특별시 관악구 봉천동 1512-2,8746,
MA0101202211A0056277,에르디방수칠점,,3120044,삼각지역,서울특별시 용산구 한강대로54길 10,37.5326389586056,126.972122578914,서울특별시 용산구 한강로2가 35-2,4382,
MA010120220803058571,익.coffee,,3110566,경의선책거리,서울특별시 마포구 신촌로 20,37.557830533714,126.928460846363,서울특별시 마포구 동교동 174-3,4056,
MA010120220803249311,로열티하우스,,3120001,서대문역,서울특별시 서대문구 충정로 71-5,37.5651902726568,126.965443674628,서울특별시 서대문구 충정로2가 78,3736,
MA010120220803098596,레잇마치블루스,,3111051,천호역 6번,서울특별시 강동구 올림픽로58길 5,37.5345159383588,127.12243063194,서울특별시 강동구 성내동 112-61,5385,
MA010120220809801441,시노라,,3110014,경복고등학교,서울특별시 종로구 자하문로 116,37.5862477908483,126.970121249242,서울특별시 종로구 청운동 72,3047,
MA010120220801847955,메종드그릭,,3110955,논현초등학교,서울특별시 강남구 논현로117길 15,37.5094913324789,127.031318480313,서울특별시 강남구 논현동 176-9,6117,
MA010120220805268334,커피엔스,,3120148,국회의사당역(국회의사당),서울특별시 영등포구 국회대로70길 7,37.5299931795935,126.919911818851,서울특별시 영등포구 여의도동 14-2,7238,
MA0101202212A0067813,리더스브라더스,,3110226,장안1동주민센터,서울특별시 동대문구 한천로18길 9,37.5691149952562,127.064622471294,서울특별시 동대문구 장안동 186-42,2626,
MA0101202311A0041970,이앤강파트너스백억커피,장안점,3110226,장안1동주민센터,서울특별시 동대문구 한천로18길 9,37.5691149952562,127.064622471294,서울특별시 동대문구 장안동 186-42,2626,
MA010120220808073779,좋은하루,,3110830,상도초등학교,서울특별시 동작구 성대로29길 68,37.5011626449059,126.937449163803,서울특별시 동작구 상도동 197-12,6961,
MA010120220804407115,그로우빈스,,3110638,신방화역 2번,서울특별시 강서구 양천로24길 28,37.572033622957,126.815339447091,서울특별시 강서구 방화동 281-38,7604,
MA010120220812972728,프루타다,,3130194,용강동 상점가,서울특별시 마포구 토정로35길 1,37.5400800849609,126.943662553647,서울특별시 마포구 용강동 43-1,4166,
MA010120220803019862,무학봉57,,3130065,무학봉상점가,서울특별시 성동구 무학봉길 57,37.560740812974,127.029132883096,서울특별시 성동구 하왕십리동 982-4,4710,
MA0101202301A0047383,엘가나커피,,3120014,종로5가역,서울특별시 종로구 김상옥로 30,37.5727546810919,127.000633917446,서울특별시 종로구 연지동 136-56,3129,
MA010120220812344135,굿플랜물산,,3120149,여의도역(여의도),서울특별시 영등포구 국제금융로2길 37,37.5229412201911,126.924285952113,서울특별시 영등포구 여의도동 26,7327,
MA010120220812312349,리딧,,3110578,대흥역 2번,서울특별시 마포구 숭문길 72,37.5495237557724,126.94623559464,서울특별시 마포구 염리동 533-11,4135,
MA0101202406A0456475,떼아모,,3110519,서대문구보건소별관,서울특별시 서대문구 홍제내2길 67,37.5869914264823,126.936686764088,서울특별시 서대문구 홍제동 342,3641,
MA010120220803925673,메가엠지씨커피대흥역점,,3110576,대흥역 3번,서울특별시 마포구 백범로 102,37.5473956183968,126.94245754005,서울특별시 마포구 대흥동 260,4149,
MA010120220805959905,도넛홀릭,,3110576,대흥역 3번,서울특별시 마포구 백범로 102,37.5473956183968,126.94245754005,서울특별시 마포구 대흥동 260,4149,
MA0101202303A0014362,왓어버터,,3110562,연트럴파크(연남동주민센터),서울특별시 마포구 동교로51안길 19,37.5651620435981,126.924288516415,서울특별시 마포구 연남동 223-16,3980,
MA010120220811834786,자모크,,3120040,용산전자상가(용산역),서울특별시 용산구 청파로 74,37.5328966360174,126.959620593735,서울특별시 용산구 한강로3가 16-9,4372,
MA010120220808362769,카페시그니처,,3120194,언주역(차병원),서울특별시 강남구 봉은사로 218,37.5076429386633,127.036000095495,서울특별시 강남구 역삼동 651-5,6135,
MA010120220812403085,카페일육삼,,3110550,합정역 8번,서울특별시 마포구 양화로1길 25-3,37.5498172357282,126.910248970377,서울특별시 마포구 합정동 392-12,4026,
MA010120220812056160,시즌글라스디지탈미디어시티협동조합,,3110495,북가좌2동주민센터,서울특별시 서대문구 불광천길 116,37.580737437956,126.907687248041,서울특별시 서대문구 북가좌동 347-1,3680,
MA010120220804015250,미스터브리즈커피,,3120175,남부터미널역,서울특별시 서초구 서초중앙로2길 34,37.4838152224617,127.019277620297,서울특별시 서초구 서초동 1427-4,6725,
MA010120220806785274,호명관광,,3120009,종로3가역,서울특별시 종로구 돈화문로 26,37.5710155257962,126.992529003833,서울특별시 종로구 묘동 56,3138,
MA010120220806645026,비비인터내셔널,,3110438,경춘선숲길 우측,서울특별시 노원구 동일로192길 80,37.6272213152593,127.07725838329,서울특별시 노원구 공릉동 441-59,1834,
MA010120220812901625,표준에프앤비,,3120193,도산공원교차로,서울특별시 강남구 언주로149길 17,37.5201227961314,127.032725611074,서울특별시 강남구 논현동 63-1,6048,
MA010120220812807043,나나쓰,,3120056,구의역,서울특별시 광진구 자양로18길 60,37.5381154750446,127.086783862553,서울특별시 광진구 구의동 243-44,5044,
MA010120220810355732,소이,,3110551,성서초등학교,서울특별시 마포구 월드컵로 108,37.5582311636333,126.908439356644,서울특별시 마포구 성산동 252-22,3971,
MA0101202406A0308963,정오,,3110069,숙대입구,서울특별시 용산구 청파로47길 11,37.5447478265561,126.969787032662,서울특별시 용산구 청파동3가 21-7,4313,
MA0101202212A0024659,티오24시무인카페목2점,,3110624,목동문화체육센터,서울특별시 양천구 목동중앙본로 70,37.5420935520686,126.86935337849,서울특별시 양천구 목동 231-16,7975,
MA010120220813556502,넥스트페이먼츠,,3120214,영동대교남단교차로,서울특별시 강남구 영동대로 725,37.5224750824473,127.055147721535,서울특별시 강남구 청담동 68-7,6072,
MA0101202406A0556088,펜타피플,,3120214,영동대교남단교차로,서울특별시 강남구 영동대로 725,37.5224750824473,127.055147721535,서울특별시 강남구 청담동 68-7,6072,
MA0101202411A0003858,더벤티방학역점,,3110405,방학역 1번,서울특별시 도봉구 도봉로153길 14,37.6699815192189,127.042731841096,서울특별시 도봉구 도봉동 619-20,1349,
MA0101202212A0028911,카페루아흐,,3111086,한영중고,서울특별시 강동구 구천면로 494,37.5490042935786,127.153076376997,서울특별시 강동구 명일동 249-2,5271,
MA010120220811767424,구테로이테,,3120076,수유역,서울특별시 강북구 도봉로 315,37.6368578216713,127.023327795403,서울특별시 강북구 수유동 740,1073,
MA010120220813287526,대한뇌종양협회,,3110098,서울독일학교,서울특별시 용산구 독서당로 123,37.5372998035095,127.012095299557,서울특별시 용산구 한남동 4-18,4419,
MA010120220805958253,동봉커피,,3120233,몽촌토성역,서울특별시 송파구 올림픽로 374,37.5168758537721,127.111802929754,서울특별시 송파구 방이동 40-3,5544,
MA0101202406A0406125,컴포즈커피암사역점,,3120244,암사역,서울특별시 강동구 올림픽로 770,37.5497823346737,127.127661175515,서울특별시 강동구 천호동 287,5318,
MA010120220810880892,쥬씨&팔팔핫도그암사역점,,3120244,암사역,서울특별시 강동구 올림픽로 770,37.5497823346737,127.127661175515,서울특별시 강동구 천호동 287,5318,
MA0101202308A0095159,엠+엠,,3110971,선정릉역 4번,서울특별시 강남구 봉은사로50길 18,37.5088659102075,127.043148791675,서울특별시 강남구 역삼동 684-22,6144,
MA010120220812839214,더좋은생각,,3120059,구삼강변맛길,서울특별시 광진구 광나루로52길 41,37.5403628598777,127.093484977985,서울특별시 광진구 구의동 212-15,5035,
MA010120220812018795,원오브씨,,3110509,연희대우아파트앞,서울특별시 서대문구 신촌로3길 5,37.5583623542007,126.92884514225,서울특별시 서대문구 창천동 506-16,3785,
MA0101202307A0010992,파크앤드페이퍼,,3111035,오금공원(오주중학교),서울특별시 송파구 마천로 150,37.5041374264199,127.135895954314,서울특별시 송파구 오금동 73-3,5728,
MA0101202309A0050121,후식총신대점,,3120156,"총신대입구역(이수, 총신대)",서울특별시 동작구 동작대로 117,37.487554637466,126.98219133997,서울특별시 동작구 사당동 736-1,7008,
MA010120220803068834,탠저린,,3110957,언북중학교,서울특별시 강남구 논현로138길 6,37.5165014120997,127.030292067567,서울특별시 강남구 논현동 80-10,6051,
MA010120220809844245,난Flowercafe,,3120207,선정릉역,서울특별시 강남구 봉은사로 404,37.5101448924349,127.044348440008,서울특별시 강남구 삼성동 112-1,6153,
MA010120220808524494,카페위로;한모금,,3120071,성북구청,서울특별시 성북구 고려대로5길 89,37.5890432958787,127.017878102411,서울특별시 성북구 삼선동5가 400,2848,
MA010120220804466751,카페무라노,,3120187,신논현역,서울특별시 강남구 강남대로110길 21,37.5038972222138,127.026713156736,서울특별시 강남구 역삼동 601-30,6123,
MA0101202307A0030146,카페잡화점,,3110740,금천해태공원,서울특별시 금천구 시흥대로 278-5,37.4588521365837,126.899529755152,서울특별시 금천구 독산동 1077-5,8623,
MA0101202406A0329289,미식,,3111024,경찰병원역 4번(건너말공원),서울특별시 송파구 중대로12길 38,37.4917514550269,127.125153801156,서울특별시 송파구 가락동 119-11,5832,
MA0101202303A0088593,삼월;열하루,,3110243,중랑노인종합복지관,서울특별시 중랑구 겸재로 99,37.5866397255741,127.078801508569,서울특별시 중랑구 면목동 176-78,2135,
MA0101202305A0159299,이스트릿,,3120096,"이화여대(이대역, 이대)",서울특별시 서대문구 이화여대길 88-19,37.5594967335427,126.943942204182,서울특별시 서대문구 대현동 34-44,3765,
MA0101202409A0037892,업스토어커피,,3120009,종로3가역,서울특별시 종로구 종로 122,37.5700783934869,126.991125473325,서울특별시 종로구 종로3가 120,3192,
MA0101202409A0023329,모킹버드,,3110219,삼육보건대학교,서울특별시 동대문구 망우로18가길 23,37.5889024640056,127.061548560587,서울특별시 동대문구 휘경동 286-136,2499,
MA010120220803134213,뚠뚠이샌드위치,,3110897,서울대입구역 8번,서울특별시 관악구 행운1길 95,37.4828986323141,126.956131230801,서울특별시 관악구 봉천동 64-5,8737,
MA010120220810256699,제이스퀘어,,3120036,장충동족발거리(남소영길),서울특별시 중구 장충단로 188,37.5614560196629,127.006428762996,서울특별시 중구 장충동1가 54-1,4606,
MA010120220808650831,네임드에스프레소,,3110288,동구여중,서울특별시 성북구 성북로6길 2-2,37.5895040313738,127.005423473005,서울특별시 성북구 동소문동1가 8,2834,
MA010120220805229659,푸우공방,,3110190,고대앞사거리,서울특별시 동대문구 약령시로7길 14,37.5834443865967,127.034689298549,서울특별시 동대문구 제기동 228-1,2476,
MA010120220804284520,두들,,3120011,종로4가,서울특별시 종로구 창경궁로 112-15,37.5725384361754,126.9986416094,서울특별시 종로구 인의동 28-25,3130,
MA010120220804428382,비엔나커피하우스압구정극동,타워점,3120188,압구정역,서울특별시 강남구 압구정로 152,37.5255665121231,127.026053425097,서울특별시 강남구 신사동 575,6030,
MA0106202201A0605711,폴바셋입구정점,,3120188,압구정역,서울특별시 강남구 압구정로 152,37.5255665121231,127.026053425097,서울특별시 강남구 신사동 575,6030,
MA0101202212A0085742,브라운시그널포유어레스트,,3120118,마곡역(마곡),서울특별시 강서구 마곡중앙4로 10,37.5585918035434,126.8279466972,서울특별시 강서구 마곡동 799-7,7631,
MA010120220807385056,디저브,,3130191,홍대 걷고싶은 거리,서울특별시 마포구 어울마당로 153-1,37.5568474556918,126.92684337722,서울특별시 마포구 동교동 170-11,4051,
MA010120220813006725,서울식다방,,3120136,영등포구청역,서울특별시 영등포구 당산로 126,37.525848740969,126.896894581153,서울특별시 영등포구 당산동3가 243,7257,
MA010120220813456466,퍼플리프,,3120194,언주역(차병원),서울특별시 강남구 논현로 557,37.505787386476,127.034257489939,서울특별시 강남구 역삼동 607-11,6126,
MA010120220805285987,블루픽,,3111032,방이역 1번,서울특별시 송파구 위례성대로 188,37.5097372288166,127.131868284702,서울특별시 송파구 오금동 4,5654,
MA010120220800014726,TheMonoCo.,,3110542,마포구청역 7번,서울특별시 마포구 방울내로11길 37,37.5622906778902,126.903442988998,서울특별시 마포구 망원동 471-2,3961,
MA010120220812985963,메가엠지씨커피보문역점,,3110304,보문역 4번,서울특별시 성북구 보문로 124,37.5861148615946,127.019202073332,서울특별시 성북구 보문동1가 120,2851,
MA010120220803399200,섹터118,,3120046,이태원(이태원역),서울특별시 용산구 보광로 118,37.5333178727598,126.994524028309,서울특별시 용산구 이태원동 131-40,4406,
MA010120220804363174,아토,,3130149,창동신창시장,서울특별시 도봉구 덕릉로 251,37.6401692544258,127.039157085057,서울특별시 도봉구 창동 581-71,1470,
MA010120220800219123,17도씨,,3110562,연트럴파크(연남동주민센터),서울특별시 마포구 동교로29길 38,37.5621519281217,126.923069181093,서울특별시 마포구 연남동 257-21,3984,
MA0101202306A0106137,카페열두시,,3120217,대치사거리,서울특별시 강남구 역삼로 452,37.5022017740622,127.05665956161,서울특별시 강남구 대치동 911-13,6201,
MA010120220804467514,커피양탕국,,3120197,역삼역,서울특별시 강남구 테헤란로25길 19,37.5019487905333,127.035318806088,서울특별시 강남구 역삼동 643-8,6131,
MA010120220801069940,탑베리타스,,3001495,잠실 관광특구,서울특별시 송파구 백제고분로 497,37.5149181007054,127.114492076414,서울특별시 송파구 방이동 51-4,5545,
MA010120220803446616,방하,,3120205,매봉역,서울특별시 강남구 남부순환로 2732,37.4857904951617,127.044865460159,서울특별시 강남구 도곡동 411-17,6296,
MA010120220800584193,바오밥나무,,3110484,역촌역 3번,서울특별시 은평구 서오릉로4길 10,37.6049418831618,126.925867667361,서울특별시 은평구 녹번동 165-8,3380,
MA010120220810150865,메가커피연남숲길점,,3120104,연남동(홍대),서울특별시 마포구 동교로 235-1,37.5610533797414,126.924100265133,서울특별시 마포구 연남동 259-5,3984,
MA0101202211A0030001,제원에프엔비플리퍼스연남,2호점,3120104,연남동(홍대),서울특별시 마포구 동교로 235-1,37.5610533797414,126.924100265133,서울특별시 마포구 연남동 259-5,3984,
MA0101202211A0018432,제원에프엔비플리퍼스연남,1호점,3120104,연남동(홍대),서울특별시 마포구 동교로 235-1,37.5610533797414,126.924100265133,서울특별시 마포구 연남동 259-5,3984,
MA010120220814319092,카페차이,합정점,3120101,합정역,서울특별시 마포구 양화로 59,37.5506585988539,126.914887770932,서울특별시 마포구 서교동 393-5,4037,
MA010120220800334712,차향기,,3120149,여의도역(여의도),서울특별시 영등포구 여의나루로 42,37.5214009543745,126.924988864277,서울특별시 영등포구 여의도동 35-5,7328,
MA0101202310A0051555,브루클린커피,,3120149,여의도역(여의도),서울특별시 영등포구 여의나루로 42,37.5214009543745,126.924988864277,서울특별시 영등포구 여의도동 35-5,7328,
MA010120220813792388,브루다여의도역,,3120149,여의도역(여의도),서울특별시 영등포구 여의나루로 42,37.5214009543745,126.924988864277,서울특별시 영등포구 여의도동 35-5,7328,
MA010120220810021318,뒤팡프레디자인에이블,,3130183,상암동상점가,서울특별시 마포구 성암로 217,37.5785650816376,126.895712492263,서울특별시 마포구 상암동 2-45,3927,
MA010120220800588758,샤인커피숍,,3120090,연신내역,서울특별시 은평구 통일로 855-14,37.6193539080212,126.920053929287,서울특별시 은평구 갈현동 396-16,3330,
MA0101202406A0330435,백억커피노원역점,,3120081,노원역,서울특별시 노원구 노해로83길 21,37.6561778611112,127.064029228592,서울특별시 노원구 상계동 340-6,1695,
MA0101202212A0077108,배드파티쉐,,3110873,당곡중학교,서울특별시 관악구 봉천로 237-8,37.4898408506046,126.928378740848,서울특별시 관악구 봉천동 971-6,8722,
MA010120220810156262,먼셀커피,,3120157,신림역(신림),서울특별시 관악구 남부순환로 1635,37.4848335497878,126.932284323463,서울특별시 관악구 신림동 1422-4,8754,
MA010120220812148991,에스파냐도넛&머핀,,3120145,영등포역(영등포),서울특별시 영등포구 영등포로36길 9,37.5191241016676,126.903826682688,서울특별시 영등포구 영등포동4가 82,7301,
MA0106202201A1345042,싸이클프로웍스맹꽁커피,,3110781,대림한신아파트,서울특별시 영등포구 대림로22길 40,37.4956717166645,126.904772737651,서울특별시 영등포구 대림동 894-2,7428,
MA0101202305A0205855,초로기까페,,3110646,푸른들청소년도서관,서울특별시 강서구 화곡로13길 119,37.5448777056733,126.833590819679,서울특별시 강서구 화곡동 1015-4,7709,
MA010120220813214728,카페길음,,3110308,길음역 8번,서울특별시 성북구 삼양로4길 4,37.6056293586354,127.024484507862,서울특별시 성북구 길음동 1085,2732,
MA0106202201A0846500,미야갤러리카페,,3120186,가로수길,서울특별시 강남구 도산대로11길 25,37.5191431299776,127.02230696917,서울특별시 강남구 신사동 517-29,6034,
MA010120220808147995,카페봄봄,,3110582,이대역 5번,서울특별시 마포구 대흥로 164,37.5537764809784,126.946266490915,서울특별시 마포구 염리동 532-7,4112,
MA0101202303A0051873,탕페라주,,3110849,이수역 10번,서울특별시 동작구 사당로29가길 13,37.4856890590311,126.979184172829,서울특별시 동작구 사당동 141-63,7007,
MA0101202409A0047347,이니커피,,3110465,연신내역 7번,서울특별시 은평구 통일로87길 17-9,37.6230464519915,126.91786375346,서울특별시 은평구 갈현동 410-19,3329,
MA010120220808231740,제이럭,,3120215,포스코사거리,서울특별시 강남구 테헤란로78길 12,37.5054190583705,127.055191721829,서울특별시 강남구 대치동 891-43,6194,
MA010120220808979587,모지니,,3110142,화양사거리,서울특별시 광진구 군자로5길 22,37.5451185811719,127.069648586237,서울특별시 광진구 화양동 16-20,5012,
MA0101202212A0067883,테이크잇이지,,3110550,합정역 8번,서울특별시 마포구 포은로 37,37.5508151317594,126.907384665977,서울특별시 마포구 합정동 438-11,4020,
MA010120220810065018,트레이,,3110558,경성고등학교,서울특별시 마포구 월드컵북로12안길 60,37.564334926476,126.913774302262,서울특별시 마포구 성산동 47-12,3972,
MA0101202409A0250265,해머스미스커피마곡,아이파크점,3120119,발산역(마곡),서울특별시 강서구 마곡중앙8로 90,37.5605696425996,126.837596486922,서울특별시 강서구 마곡동 795-2,7803,
MA0101202305A0141623,산티아고카페,,3110194,홍파초등학교,서울특별시 동대문구 홍릉로17길 44,37.5861904913386,127.040713870515,서울특별시 동대문구 제기동 289-20,2480,
MA0101202303A0061402,옥미,,3110895,샤로수길,서울특별시 관악구 관악로12길 46,37.4777263774733,126.954901943613,서울특별시 관악구 봉천동 1609-3,8791,
MA0101202311A0037584,하이탕후루,,3110425,계상초등학교,서울특별시 노원구 한글비석로47길 84,37.6603661339223,127.066367473438,서울특별시 노원구 상계동 407-40,1679,
MA010120220814273562,아나이스,,3120187,신논현역,서울특별시 서초구 강남대로79길 10,37.5053035291326,127.023218941409,서울특별시 서초구 반포동 737-16,6541,
MA010120220801039516,카페7그램,,3120222,삼성역,서울특별시 강남구 테헤란로104길 7,37.5087476555658,127.065237701143,서울특별시 강남구 대치동 996-8,6174,
MA010120220814071683,구청소년독서실카페,동대문,3110228,장안근린공원,서울특별시 동대문구 장한로 191,37.5771662846828,127.0709010522,서울특별시 동대문구 장안동 300,2526,
MA0101202406A0575099,시니어클럽카페나누다,동대문,3110228,장안근린공원,서울특별시 동대문구 장한로 191,37.5771662846828,127.0709010522,서울특별시 동대문구 장안동 300,2526,
MA0101202311A0021617,애크로매틱어린이대공원,,3120054,어린이대공원역,서울특별시 광진구 능동로 177,37.5464947978717,127.073463351895,서울특별시 광진구 화양동 111-159,5009,
MA0101202302A0099395,데이틴커피,,3110174,아차산역 1번,서울특별시 광진구 자양로53길 96,37.5567458758287,127.08979329154,서울특별시 광진구 중곡동 82-8,4949,
MA010120220803714484,감동식혜,,3120211,도성초등학교,서울특별시 강남구 역삼로69길 5,37.5019598763347,127.053718972165,서울특별시 강남구 대치동 906-17,6197,
MA010120220806916926,인생카페,,3110062,한강로동땡땡거리(은행나무길),서울특별시 용산구 한강대로15길 28,37.5264015594901,126.963119795147,서울특별시 용산구 한강로3가 40-426,4379,
MA010120220809005573,소샘,,3120113,오목교역,서울특별시 양천구 오목로 345,37.5247472729775,126.875831866674,서울특별시 양천구 목동 406-28,7999,
MA0101202309A0035377,창경빈커피,,3110503,명지대학교교회,서울특별시 서대문구 명지대3길 38,37.5819999012421,126.921633593462,서울특별시 서대문구 남가좌동 5-91,3672,
MA010120220811953537,스트로베리키친웍스,,3110919,내방역 8번,서울특별시 서초구 서초대로29길 15,37.4889974955016,126.995217010723,서울특별시 서초구 방배동 877-21,6588,
MA010120220803299183,신세계푸드SKT카페테리아카페,,3120026,을지로입구역,서울특별시 중구 을지로 65,37.5664828174184,126.985126827159,서울특별시 중구 을지로2가 11,4539,
MA010120220811976414,유노청년다방강남케이,스퀘어점,3120189,강남역,서울특별시 강남구 강남대로94길 10,37.4991936196164,127.02822686566,서울특별시 강남구 역삼동 819,6134,
MA0106202201A1960447,유노청년다방,역삼점,3120189,강남역,서울특별시 강남구 강남대로94길 10,37.4991936196164,127.02822686566,서울특별시 강남구 역삼동 819,6134,
MA010120220808372783,일구육삼,,3110652,양천향교역 2번,서울특별시 강서구 양천로49길 15,37.5693946471475,126.84072413037,서울특별시 강서구 가양동 184-7,7523,
MA0101202311A0073516,금화당신타로사주카페,,3111012,석촌역 6번,서울특별시 송파구 가락로 79,37.5005647426918,127.1051854336,서울특별시 송파구 석촌동 272-6,5688,
MA010120220812198608,카페차지소,,3120036,장충동족발거리(남소영길),서울특별시 중구 동호로 272,37.5592667163407,127.003633050249,서울특별시 중구 장충동2가 190-10,4617,
MA0101202310A0084583,페이브,대학로점,3120012,대학로(혜화역),서울특별시 종로구 창경궁로 246,37.5833143329304,126.999354671472,서울특별시 종로구 명륜2가 194-1,3077,
MA010120220804073973,엠즈씨드,,3120208,청담사거리(청담동명품거리),서울특별시 강남구 도산대로75길 20,37.5255244674864,127.045794269919,서울특별시 강남구 청담동 99-7,6015,
MA010120220806678318,스피리타니아,,3120176,논현역 4번,서울특별시 서초구 신반포로 320,37.5100796469389,127.018764090668,서울특별시 서초구 반포동 703-2,6534,
MA010120220811762770,르솔레이,,3120093,연희동,서울특별시 서대문구 연희맛로 7-29,37.5663716929114,126.927988600556,서울특별시 서대문구 연희동 192-4,3707,
MA010120220809652283,카페쿰,,3110374,송중초등학교,서울특별시 강북구 도봉로30길 41,37.621503330396,127.030685768796,서울특별시 강북구 미아동 133-25,1162,
MA010120220804601116,풍경달다,,3110848,양지어린이공원,서울특별시 동작구 사당로22길 6,37.4831567519642,126.976652236677,서울특별시 동작구 사당동 1013-1,7012,
MA010120220804421068,용다방,,3120226,석촌고분역,서울특별시 송파구 백제고분로 262,37.5022759466864,127.095405288863,서울특별시 송파구 삼전동 180,5585,
MA010120220809821983,이리스9901,,3120118,마곡역(마곡),서울특별시 강서구 마곡중앙6로 11,37.5608723525867,126.828654496136,서울특별시 강서구 마곡동 771-3,7801,
MA0101202406A0286891,달라떼DALLATTE,,3120153,노량진역(노량진),서울특별시 동작구 노량진로 140,37.5127697590944,126.94169237184,서울특별시 동작구 노량진동 57-1,6922,
MA010120220805075357,아모하임sns,,3110743,시흥초등학교(시흥1동우체국),서울특별시 금천구 금하로9길 4,37.4549440502146,126.902281410462,서울특별시 금천구 시흥동 879-56,8626,
MA0101202211A0070217,엄박사컴퍼니,,3120047,한남오거리,서울특별시 용산구 한남대로 60,37.5346782515791,127.007829424049,서울특별시 용산구 한남동 72-1,4419,
MA010120220806947406,메가엠지씨커피마천역점,,3111046,마천역(마천초등학교),서울특별시 송파구 마천로57길 3,37.4944052937218,127.15174359567,서울특별시 송파구 마천동 307-20,5758,
MA010120220810276522,카리스파트너스,,3120033,을지로4가역,서울특별시 중구 을지로20길 25,37.5652763531013,126.996038412059,서울특별시 중구 인현동2가 57-5,4548,
MA010120220800030108,김종영미술관카페,,3110016,평창동동측,서울특별시 종로구 평창32길 30,37.613053905226,126.97749511861,서울특별시 종로구 평창동 114-8,3004,
MA010120220812132595,커피다스1리터,,3110237,메가박스 상봉,서울특별시 중랑구 망우로30길 3,37.5930844591054,127.074743335689,서울특별시 중랑구 상봉동 130-3,2120,
MA010120220806775282,스템커피,,3110237,메가박스 상봉,서울특별시 중랑구 망우로30길 3,37.5930844591054,127.074743335689,서울특별시 중랑구 상봉동 130-3,2120,
MA010120220805039179,가유카페,강남점,3110967,역삼역 8번,서울특별시 강남구 논현로102길 12,37.5049489026956,127.036100589214,서울특별시 강남구 역삼동 666,6136,
MA0101202406A0442577,크롭커피,,3120072,성신여대,서울특별시 성북구 보문로34길 31,37.5907102458061,127.017108559366,서울특별시 성북구 동선동1가 46-1,2845,
MA010120220813902699,메르시,,3110022,경신고등학교,서울특별시 종로구 혜화로 19-1,37.5873778132469,126.999784878798,서울특별시 종로구 명륜1가 36-52,3068,
MA0101202406A0443167,산미,,3130167,연신내상점가(연빛거리),서울특별시 은평구 연서로27길 16-9,37.6185145439525,126.917948027323,서울특별시 은평구 갈현동 453-9,3331,
MA0101202306A0051592,메가엠지씨커피마곡역점,,3120118,마곡역(마곡),서울특별시 강서구 공항대로 190,37.5590342941861,126.828636069523,서울특별시 강서구 마곡동 799-2,7631,
MA0101202409A0130492,샌디빈,,3120118,마곡역(마곡),서울특별시 강서구 공항대로 190,37.5590342941861,126.828636069523,서울특별시 강서구 마곡동 799-2,7631,
MA010120220805359951,밀도넛,,3120012,대학로(혜화역),서울특별시 종로구 대학로11길 43,37.5824764083528,126.999241464443,서울특별시 종로구 명륜4가 171,3079,
MA010120220808370057,구스,,3120118,마곡역(마곡),서울특별시 강서구 마곡중앙로 59-11,37.5588672056446,126.825286371625,서울특별시 강서구 마곡동 798-8,7807,
MA010120220807486425,은솔카페&샵,,3111066,암사동성당(효정하나플러스아파트),서울특별시 강동구 구천면로 311-1,37.547576045384,127.134729999076,서울특별시 강동구 암사동 488-17,5265,
MA010120220810366947,하츠에프앤비,,3120055,군자역,서울특별시 광진구 천호대로 534,37.5575836262815,127.077310922401,서울특별시 광진구 군자동 473-25,4996,
MA010120220808279892,시스터즈주방,,3110211,전곡마을마당공원,서울특별시 동대문구 전농로27길 7-1,37.5814818299165,127.054319478311,서울특별시 동대문구 전농동 138-20,2544,
MA010120220807343815,퓨리온CAFEFINE,,3120022,북창동(시청역_6번),서울특별시 중구 남대문로 23,37.5613820920857,126.978144491182,서울특별시 중구 남대문로3가 91,4526,
MA0101202303A0099435,모쿠816,화곡점,3110646,푸른들청소년도서관,서울특별시 강서구 화곡로21길 44,37.5427737668638,126.836741179454,서울특별시 강서구 화곡동 1035-33,7707,
MA0101202406A0232380,카페코지엘,,3120113,오목교역,서울특별시 양천구 목동동로 226-19,37.5255462652679,126.873104155152,서울특별시 양천구 목동 406-291,8000,
MA010120220800444189,행복카페,,3110850,사당역 10번,서울특별시 동작구 동작대로11길 77,37.4809313705888,126.977218233485,서울특별시 동작구 사당동 1022-15,7016,
MA0101202406A0593341,한옥서울커피,,3120009,종로3가역,서울특별시 종로구 수표로28길 33-3,37.5732768462354,126.990117610826,서울특별시 종로구 익선동 166-31,3133,
MA010120220806748022,브이씨에스,,3120186,가로수길,서울특별시 강남구 압구정로4길 22,37.5212157588974,127.020531576567,서울특별시 강남구 신사동 523-38,6028,
MA010120220808123312,오미;투,,3120141,영등포청과시장교차로,서울특별시 영등포구 당산로10길 4-1,37.5217215220731,126.896176277761,서울특별시 영등포구 당산동1가 38,7266,
MA010120220806594570,디자인루트컴퍼니,,3110892,관악구 중앙길,서울특별시 관악구 봉천로 455,37.4826531731434,126.950591264706,서울특별시 관악구 봉천동 873-43,8748,
MA0101202406A0105025,프리스타일,,3110566,경의선책거리,서울특별시 마포구 와우산로 161,37.5553629191885,126.930330563292,서울특별시 마포구 서교동 326-6,4052,
MA010120220812078011,스핀오프,,3110566,경의선책거리,서울특별시 마포구 와우산로 161,37.5553629191885,126.930330563292,서울특별시 마포구 서교동 326-6,4052,
MA010120220806574754,디파인드엠,,3120225,잠실새내역(신천),서울특별시 송파구 백제고분로7길 16-20,37.5096571054648,127.080733763252,서울특별시 송파구 잠실동 193-3,5561,
MA010120220812919702,둏다,,3120066,장한평역(장한평),서울특별시 동대문구 장한로 22,37.5632126353499,127.066134052814,서울특별시 동대문구 장안동 433-4,2644,
MA0101202409A0172669,만나커피세계맥주,,3130244,대림중앙시장,서울특별시 영등포구 디지털로37길 8,37.4893687509842,126.89884437819,서울특별시 영등포구 대림동 1066-125,7421,
MA0101202303A0008918,카페루미에르,,3110823,신대방삼거리역 3번,서울특별시 동작구 보라매로9라길 28,37.4938575497875,126.925480048839,서울특별시 동작구 신대방동 344-173,7061,
MA0101202307A0096814,스트로베리32더라운지,,3120051,뚝섬역,서울특별시 성동구 왕십리로10길 9-31,37.546823920494,127.046305201866,서울특별시 성동구 성수동1가 656-395,4778,
MA010120220800211146,에고ego,,3120101,합정역,서울특별시 마포구 양화로8길 32-17,37.5494157421519,126.915613435097,서울특별시 마포구 서교동 394-77,4044,
MA0101202209A0096688,하이젠버그,,3110172,광진초등학교,서울특별시 광진구 광나루로39길 11,37.5455021837147,127.088784010701,서울특별시 광진구 구의동 671,4977,
MA0101202406A0499758,두들렌,,3110660,등촌3동주민센터,서울특별시 강서구 공항대로 337,37.5581291119798,126.845173345412,서울특별시 강서구 등촌동 664-2,7590,
MA010120220813033679,부촌디저트,,3110255,상봉역 4번,서울특별시 중랑구 봉우재로19길 24,37.5926567998745,127.081095091651,서울특별시 중랑구 상봉동 124-84,2139,
MA0106202209A1668138,플래시커피,,3120103,홍대입구역(홍대),서울특별시 마포구 홍익로 3-30,37.5529166843765,126.923033407248,서울특별시 마포구 서교동 358-96,4040,
MA010120220809921082,만땅커피,,3120192,뱅뱅사거리,서울특별시 강남구 강남대로58길 14,37.4893352886622,127.033277542846,서울특별시 강남구 도곡동 945,6258,
MA010120220806564701,우리동네일등커피집,,3120177,신논현역 1번,서울특별시 서초구 사평대로55길 45,37.5059434934116,127.021907196036,서울특별시 서초구 반포동 734-35,6540,
MA010120220806669878,하이드아웃,,3110566,경의선책거리,서울특별시 마포구 와우산로29길 4-6,37.5547948682085,126.929618106314,서울특별시 마포구 서교동 327-38,4052,
MA010120220800448406,평화&인권CAFE친구,,3120142,대림역,서울특별시 영등포구 도림로 127,37.4927904078126,126.896340724447,서울특별시 영등포구 대림동 1051-9,7415,
MA0106202201A0154653,제이스커피랩,,3120189,강남역,서울특별시 강남구 강남대로84길 15,37.4970128068829,127.029764002344,서울특별시 강남구 역삼동 825-24,6232,
MA0106202308A2284465,코티커피강,남지점,3120189,강남역,서울특별시 강남구 강남대로84길 15,37.4970128068829,127.029764002344,서울특별시 강남구 역삼동 825-24,6232,
MA010120220801956292,모어호스피탈리티,,3110547,KB국민은행 망원동지점,서울특별시 마포구 방울내로 72,37.5601553463675,126.903479698794,서울특별시 마포구 망원동 475-2,3964,
MA010120220801023832,텐텐,,3120221,봉은사역,서울특별시 강남구 봉은사로108길 19,37.5137757470535,127.064348505462,서울특별시 강남구 삼성동 165-8,6172,
MA0101202303A0074774,비밀베이커리,,3120079,창동역,서울특별시 도봉구 노해로 341,37.6514471381329,127.045905479099,서울특별시 도봉구 창동 338,1405,
MA010120220802652261,태기커피서울관세,,3110966,논현2동주민센터,서울특별시 강남구 언주로138길 9,37.5179593269341,127.036355712746,서울특별시 강남구 논현동 107-12,6058,
MA010120220813245442,칸토,,3110131,성수동카페거리,서울특별시 성동구 연무장길 20,37.5435060689672,127.051553555403,서울특별시 성동구 성수동1가 16-40,4781,
MA010120220808160478,디팟카페,,3120101,합정역,서울특별시 마포구 독막로2길 12,37.5479823744636,126.914528695413,서울특별시 마포구 합정동 372-29,4071,
MA010120220813300758,달링컴퍼니,,3120186,가로수길,서울특별시 강남구 도산대로17길 19,37.5198725310221,127.024388587027,서울특별시 강남구 신사동 543-11,6036,
MA010120220813519329,장수커피,,3110676,등촌역 7번,서울특별시 강서구 등촌로55길 18,37.5506546770093,126.862854023041,서울특별시 강서구 등촌동 506-25,7665,
MA0101202308A0000825,에브리데이,,3120038,약수역,서울특별시 중구 동호로11길 53,37.5529504587339,127.008702740935,서울특별시 중구 신당동 353-97,4599,
MA010120220800439761,까페준,,3120142,대림역,서울특별시 영등포구 대림로 153,37.4944512724964,126.899832638313,서울특별시 영등포구 대림동 709-4,7417,
MA0101202306A0055530,위진유통,3호점,3120028,명동(명동거리),서울특별시 중구 명동8가길 7,37.5617616321745,126.985410723007,서울특별시 중구 충무로2가 66-9,4536,
MA010120220813928456,라무어L'amour,,3110549,새터산,서울특별시 마포구 새터산길 1,37.5649245616643,126.907152144614,서울특별시 마포구 성산동 200-361,3939,
MA0101202409A0162904,브루다을지로3가,,3120031,을지로3가역,서울특별시 중구 수표로 40,37.5650417442074,126.99008474243,서울특별시 중구 저동2가 16-4,4550,
MA010120220810552013,사비오커피,,3120031,을지로3가역,서울특별시 중구 수표로 40,37.5650417442074,126.99008474243,서울특별시 중구 저동2가 16-4,4550,
MA010120220808452576,로네펠트티하우스한남점,,3110095,한강진역 3번,서울특별시 용산구 대사관로11길 51,37.5358588138744,127.001391668121,서울특별시 용산구 한남동 684-63,4400,
MA0101202406A0581113,뚱스필드,,3120052,성수역,서울특별시 성동구 성수일로8길 39-1,37.545757003736,127.055017761538,서울특별시 성동구 성수동2가 289-224,4794,
MA010120220800090754,차사랑,,3120003,광화문역,서울특별시 종로구 새문안로5길 37,37.573643851333,126.97421283752,서울특별시 종로구 도렴동 60,3173,
MA0101202308A0026667,밸런스7,,3120003,광화문역,서울특별시 종로구 새문안로5길 37,37.573643851333,126.97421283752,서울특별시 종로구 도렴동 60,3173,
MA0101202409A0011889,사우스케이프갤러리아명품관카페,,3120202,압구정로데오역(압구정로데오),서울특별시 강남구 압구정로 343,37.528481841808,127.040048941819,서울특별시 강남구 압구정동 494,6008,
MA0106202201A0743551,페인트커피&바,,3130067,왕십리도선동상점가,서울특별시 성동구 무학로10길 24,37.5658212764487,127.03349263982,서울특별시 성동구 홍익동 267,4708,
MA0101202305A0178748,충당,,3110550,합정역 8번,서울특별시 마포구 월드컵로3길 31-8,37.5500339636333,126.910893751789,서울특별시 마포구 합정동 388-10,4025,
MA0101202210A0023610,에이치비씨,,3110134,성수119안전센터,서울특별시 성동구 둘레15길 4-1,37.535124987037,127.055485148902,서울특별시 성동구 성수동2가 638,4776,
MA010120220813657816,커피베이수유역점,,3120076,수유역,서울특별시 강북구 노해로 34,37.6385427126095,127.023079063775,서울특별시 강북구 수유동 223-7,1072,
MA010120220800106885,리커버리커피바,,3110138,송정체육공원,서울특별시 성동구 광나루로11길 52-1,37.5520568755812,127.068613894791,서울특별시 성동구 송정동 1-49,4801,
MA010120220803892364,보헤미안커피하우스,,3110312,안암역 2번,서울특별시 성북구 고려대로27길 18,37.5871037282213,127.029901737141,서울특별시 성북구 안암동5가 12-71,2842,
MA010120220812443231,커피마인드,,3120175,남부터미널역,서울특별시 서초구 서초중앙로2길 38,37.4838061733971,127.019515054907,서울특별시 서초구 서초동 1427-5,6725,
MA010120220802866928,카페프로젝트이응,,3110219,삼육보건대학교,서울특별시 동대문구 망우로18다길 28-4,37.5860198041692,127.060549854449,서울특별시 동대문구 휘경동 294-244,2498,
MA010120220804926140,어반플레이연남방앗간지점,,3110562,연트럴파크(연남동주민센터),서울특별시 마포구 동교로29길 34,37.5620528775472,126.923159829601,서울특별시 마포구 연남동 257-22,3984,
MA010120220813796188,요빙빙,,3110562,연트럴파크(연남동주민센터),서울특별시 마포구 동교로51안길 22,37.5653241937194,126.924243076999,서울특별시 마포구 연남동 223-11,3980,
MA010120220811490456,에쏘피리언스,,3111060,암사역 2번(서울강동초등학교),서울특별시 강동구 천중로15길 51,37.547421270581,127.128075845111,서울특별시 강동구 천호동 312-1,5323,
MA0101202305A0023060,신세계푸드그랜드델리아,,3120021,시청역_8번,서울특별시 중구 세종대로7길 37,37.5607502112098,126.97248560692,서울특별시 중구 순화동 53,4511,
MA010120220803500186,대한문화예술공사서향가비,,3120028,명동(명동거리),서울특별시 중구 남대문로 52-5,37.5621215154674,126.981709553927,서울특별시 중구 명동2가 107-1,4535,
MA010120220809852718,카페지엔,,3111015,석촌역 3번,서울특별시 송파구 백제고분로42길 24,37.5046142286017,127.110698915586,서울특별시 송파구 송파동 93,5668,
MA010120220806473256,디엔에이벤처스제이호,,3130038,"평화시장(통일상가, 동화상가)",서울특별시 중구 장충단로13길 20,37.5687359942888,127.007674516712,서울특별시 중구 을지로6가 17-2,4563,
MA010120220800645237,르가든,,3130038,"평화시장(통일상가, 동화상가)",서울특별시 중구 장충단로13길 20,37.5687359942888,127.007674516712,서울특별시 중구 을지로6가 17-2,4563,
MA0101202308A0074180,콜롬비아퍼펙토,동대문점,3130038,"평화시장(통일상가, 동화상가)",서울특별시 중구 장충단로13길 20,37.5687359942888,127.007674516712,서울특별시 중구 을지로6가 17-2,4563,
MA010120220810017384,쏘풀에프앤비,동대문점,3130038,"평화시장(통일상가, 동화상가)",서울특별시 중구 장충단로13길 20,37.5687359942888,127.007674516712,서울특별시 중구 을지로6가 17-2,4563,
MA010120220806742030,크노파,,3120204,르네상스호텔사거리,서울특별시 강남구 테헤란로38길 5,37.5016493954149,127.041651822793,서울특별시 강남구 역삼동 720-9,6221,
MA010120220800905229,커피101스트릿,,3110671,등촌1동주민센터,서울특별시 강서구 화곡로66길 76,37.5566128442956,126.857422020045,서울특별시 강서구 등촌동 641-3,7569,
MA0101202409A0214040,구름커피,,3110958,역삼역 4번,서울특별시 강남구 테헤란로25길 59,37.5043097674345,127.034155028264,서울특별시 강남구 역삼동 627,6126,
MA0101202406A0364877,산길,,3110712,남구로역 5번,서울특별시 구로구 구로동로 110-1,37.4884999914352,126.884858514829,서울특별시 구로구 구로동 736-16,8315,
MA0101202411A0081896,커피메이트,,3110578,대흥역 2번,서울특별시 마포구 대흥로20안길 11,37.5499104104823,126.944560475306,서울특별시 마포구 대흥동 32-8,4136,
MA010120220809573403,메카,,3120187,신논현역,서울특별시 서초구 사평대로57길 13,37.5049071067765,127.023117031319,서울특별시 서초구 반포동 747,6541,
MA0101202406A0582705,카페틸리아,,3120128,신도림역,서울특별시 구로구 경인로 662,37.5081181202228,126.888221443228,서울특별시 구로구 신도림동 692,8209,
MA0101202209A0044265,대원미디어연남점,,3110562,연트럴파크(연남동주민센터),서울특별시 마포구 성미산로 165-7,37.565063238009,126.924764005504,서울특별시 마포구 연남동 223-96,3980,
MA010120220813103980,하이디하우스,,3110047,다산성곽길,서울특별시 중구 동호로17길 101,37.5544283022621,127.005183269257,서울특별시 중구 신당동 831,4603,
MA010120220808259208,니블스,,3120186,가로수길,서울특별시 강남구 논현로161길 57,37.5222423066579,127.023710619286,서울특별시 강남구 신사동 551-11,6029,
MA010120220811196935,일시적,,3111027,문정초등학교,서울특별시 송파구 송이로28길 5,37.4903079404111,127.126937976686,서울특별시 송파구 문정동 8-21,5796,
MA010120220800664197,앤슬로,,3110471,응암동우체국,서울특별시 은평구 응암로 206,37.5903763270638,126.917514700532,서울특별시 은평구 응암동 576-44,3467,
MA0106202201A2165510,키커피컴퍼니,,3120196,서울세관,서울특별시 강남구 학동로42길 25,37.5139857860206,127.036727050538,서울특별시 강남구 논현동 247-11,6098,
MA010120220812514364,제이에스홀딩,,3111038,보인중학교,서울특별시 송파구 문정로 233,37.4991667591701,127.141122933088,서울특별시 송파구 오금동 145-4,5742,
MA0106202403A1648898,오늘;한과,,3120112,등촌역,서울특별시 강서구 공항대로63길 45,37.5521272202327,126.866269006114,서울특별시 강서구 염창동 273-3,7562,
MA010120220813241773,허밍비,,3111013,송파나루역 1번(송리단길),서울특별시 송파구 백제고분로45길 24-18,37.5107872499958,127.109475177847,서울특별시 송파구 송파동 54,5619,
MA0101202311A0073037,지모닝,,3110040,중구회현체육센터(정화예술대남산캠퍼스),서울특별시 중구 퇴계로12길 39-18,37.5578598659466,126.982140668276,서울특별시 중구 회현동1가 53-11,4633,
MA010120220804720615,에스프레소랩,,3120148,국회의사당역(국회의사당),서울특별시 영등포구 국회대로 780,37.5298305604051,126.919267125422,서울특별시 영등포구 여의도동 14-21,7237,
MA0101202406A0157538,커피드림즈CoffeeDream's,,3110212,답십리초등학교,서울특별시 동대문구 전농로3길 11,37.5682903729762,127.056234174524,서울특별시 동대문구 답십리동 276-4,2605,
MA010120220800300851,빈터커피로스터스,,3120186,가로수길,서울특별시 강남구 강남대로162길 41-22,37.5220355737502,127.021086103279,서울특별시 강남구 신사동 524,6028,
MA0101202406A0517312,바른간식카페,,3120186,가로수길,서울특별시 강남구 강남대로162길 41-22,37.5220355737502,127.021086103279,서울특별시 강남구 신사동 524,6028,
MA0101202406A0021400,포인테커피,,3120228,석촌역(석촌호수),서울특별시 송파구 백제고분로41길 19,37.5076176294568,127.10738948945,서울특별시 송파구 송파동 14-3,5625,
MA0101202306A0060266,연두파트너스,,3120196,서울세관,서울특별시 강남구 학동로37길 23,37.5168426985799,127.034296477528,서울특별시 강남구 논현동 83-20,6053,
MA010120220803634678,엔오투,,3110276,신내IC북측,서울특별시 중랑구 용마산로139나길 93,37.6193351061785,127.104061253059,서울특별시 중랑구 신내동 273-15,2052,
MA0101202311A0037442,볼디스커피,,3120006,종각역,서울특별시 종로구 종로 33,37.5709602428587,126.981435720286,서울특별시 종로구 청진동 70,3159,
MA0101202307A0053966,카페아이엠티종로그랑서울점,,3120006,종각역,서울특별시 종로구 종로 33,37.5709602428587,126.981435720286,서울특별시 종로구 청진동 70,3159,
MA010120220809635256,카페프루스트,,3111049,천호지구대(천호동자전거거리),서울특별시 강동구 올림픽로 677,37.5419922252194,127.124355140974,서울특별시 강동구 천호동 354-5,5246,
MA010120220807092513,매머드익스프레스상암사보이시티점,,3120098,DMC(디지털미디어시티),서울특별시 마포구 월드컵북로54길 17,37.5813245793686,126.888542294152,서울특별시 마포구 상암동 1597,3924,
MA0101202406A0308839,카페우드진상암,1호점,3120098,DMC(디지털미디어시티),서울특별시 마포구 월드컵북로54길 17,37.5813245793686,126.888542294152,서울특별시 마포구 상암동 1597,3924,
MA010120220803119093,커피기업상암사보이점,,3120098,DMC(디지털미디어시티),서울특별시 마포구 월드컵북로54길 17,37.5813245793686,126.888542294152,서울특별시 마포구 상암동 1597,3924,
MA010120220807023431,비주거용 건물 임대업,,3120011,종로4가,서울특별시 종로구 종로31길 43,37.5725834879842,126.998834047366,서울특별시 종로구 인의동 28-26,3130,
MA010120220812764150,새들러하우스SADDLERHAUS,,3110128,성원중학교,서울특별시 성동구 성덕정11길 5-12,37.538694533336,127.052002834694,서울특별시 성동구 성수동2가 333-97,4775,
MA010120220800241217,문화지형연구소씨티알제비주,,3120105,상수역(홍대),서울특별시 마포구 와우산로 24,37.5466277720408,126.923119085649,서울특별시 마포구 상수동 330-12,4075,
MA010120220812775239,아모레퍼시픽강남제일특약점,,3120192,뱅뱅사거리,서울특별시 서초구 강남대로47길 13,37.4885700741442,127.030913990576,서울특별시 서초구 서초동 1357-6,6729,
MA010120220813896723,금성커피천랑커피,,3120192,뱅뱅사거리,서울특별시 강남구 도곡로3길 22,37.4916149577152,127.032848861693,서울특별시 강남구 역삼동 836-1,6254,
MA010120220810291037,나이브커피,,3110399,창2동주민센터,서울특별시 도봉구 덕릉로59다길 3,37.6405930144648,127.038250888351,서울특별시 도봉구 창동 581-20,1470,
MA0101202309A0025095,딜라잇,,3110446,내를건너서숲으로도서관,서울특별시 은평구 증산로15길 39,37.5902891200875,126.90918135861,서울특별시 은평구 신사동 344-4,3447,
MA0101202411A0087123,기브온커피바,,3120032,충무로역,서울특별시 중구 퇴계로42길 35,37.5601767274014,126.99650272218,서울특별시 중구 필동2가 70-5,4624,
MA010120220813154593,델커피,,3120235,문정역,서울특별시 송파구 법원로8길 7,37.484186945714,127.121364787059,서울특별시 송파구 문정동 651-4,5855,
MA010120220813479295,카페인중독,마곡점,3120118,마곡역(마곡),서울특별시 강서구 마곡중앙6로 16,37.5604043449875,126.829006428149,서울특별시 강서구 마곡동 773-2,7801,
MA010120220813374302,에프엘그릭,,3111013,송파나루역 1번(송리단길),서울특별시 송파구 백제고분로41길 35,37.5086818972192,127.106192125814,서울특별시 송파구 송파동 10-1,5624,
MA010120220800022739,더블하모니,,3110554,망원역 1번,서울특별시 마포구 동교로 99,37.5546577649428,126.913151689303,서울특별시 마포구 서교동 479-4,4004,
MA010120220809785862,이드에비뉴,,3110303,성신여대입구역 1번,서울특별시 성북구 동소문로26나길 31,37.5927100172681,127.01986050036,서울특별시 성북구 동선동3가 161-1,2845,
MA010120220806724354,커피익스프레스,,3110009,자하문터널,서울특별시 종로구 자하문로 248,37.5963012620284,126.964353558143,서울특별시 종로구 부암동 155-3,3020,
MA010120220803480688,카페하임,,3120037,동대문역사문화공원역,서울특별시 중구 퇴계로 307,37.5643032047391,127.005727249778,서울특별시 중구 광희동1가 216,4560,
MA010120220813456709,케이할랄,,3110082,용산구청,서울특별시 용산구 녹사평대로32길 8,37.5334977159357,126.989308252752,서울특별시 용산구 이태원동 34-41,4390,
MA010120220810575059,스펑크커피,,3110134,성수119안전센터,서울특별시 성동구 성덕정19길 23,37.5377547559853,127.057885805296,서울특별시 성동구 성수동2가 264-6,4777,
MA010120220808141338,빌라쥬11팩토리,,3120215,포스코사거리,서울특별시 강남구 테헤란로82길 15,37.5060483010913,127.058234540903,서울특별시 강남구 대치동 942-15,6178,
MA010120220812444783,포시즌스파트너스,,3120215,포스코사거리,서울특별시 강남구 테헤란로82길 15,37.5060483010913,127.058234540903,서울특별시 강남구 대치동 942-15,6178,
MA010120220809648502,청오,,3120215,포스코사거리,서울특별시 강남구 테헤란로82길 15,37.5060483010913,127.058234540903,서울특별시 강남구 대치동 942-15,6178,
MA010120220800369980,행인데어,,3120044,삼각지역,서울특별시 용산구 한강대로52길 17-10,37.5322696462453,126.972541328174,서울특별시 용산구 한강로2가 26-1,4382,
MA010120220803605443,101파트너스,,3120169,서초역,서울특별시 서초구 법원로3길 26,37.4930789045635,127.007712000424,서울특별시 서초구 서초동 1720-7,6595,
MA010120220804956426,타스카페,,3120012,대학로(혜화역),서울특별시 종로구 동숭길 117,37.5831611146472,127.003475709683,서울특별시 종로구 동숭동 1-43,3086,
MA010120220800595484,티맑은,,3110503,명지대학교교회,서울특별시 서대문구 명지대2길 2,37.5813804436649,126.925064583828,서울특별시 서대문구 홍은동 401-12,3675,
MA010120220800031379,반달,,3110325,장곡초등학교,서울특별시 성북구 장월로23길 5-10,37.6158754615532,127.047831757875,서울특별시 성북구 장위동 238-425,2756,
MA0106202403A0003385,커피하우스반달,,3110325,장곡초등학교,서울특별시 성북구 장월로23길 5-10,37.6158754615532,127.047831757875,서울특별시 성북구 장위동 238-425,2756,
MA010120220807053319,공간21,,3120169,서초역,서울특별시 서초구 서초대로46길 42,37.4906189371234,127.010527326866,서울특별시 서초구 서초동 1550-12,6648,
MA010120220804113770,Ondo,,3111067,강동구립성내도서관,서울특별시 강동구 양재대로103길 40,37.5335911913582,127.135904123891,서울특별시 강동구 성내동 245-39,5373,
MA010120220813548176,지유명차연희점,,3120093,연희동,서울특별시 서대문구 연희로15길 27,37.5685896135786,126.930442758202,서울특별시 서대문구 연희동 132-27,3703,
MA010120220800213478,리히트&서울두부,,3110509,연희대우아파트앞,서울특별시 서대문구 연희로4길 10,37.5616143046641,126.927778132626,서울특별시 서대문구 창천동 441,3784,
MA010120220813700493,원더빠리동대문,장안점,3110226,장안1동주민센터,서울특별시 동대문구 장한로17길 9,37.5675814156119,127.067982939745,서울특별시 동대문구 장안동 375-8,2628,
MA0106202307A1706245,빈스커피컴퍼니,,3110544,망리단길,서울특별시 마포구 월드컵로11길 80,37.5537428908932,126.906769920957,서울특별시 마포구 망원동 57-208,4014,
MA010120220800887376,리인,,3110544,망리단길,서울특별시 마포구 월드컵로11길 80,37.5537428908932,126.906769920957,서울특별시 마포구 망원동 57-208,4014,
MA0101202309A0006119,슈크렌느,,3110544,망리단길,서울특별시 마포구 월드컵로11길 80,37.5537428908932,126.906769920957,서울특별시 마포구 망원동 57-208,4014,
MA010120220805275832,해브언아이스데이,,3110079,후암동주민센터,서울특별시 용산구 두텁바위로69길 4,37.5514715493058,126.980603116828,서울특별시 용산구 후암동 43-5,4327,
MA010120220806956045,어반플래너,,3120205,매봉역,서울특별시 강남구 논현로38길 46,37.4856641553862,127.045385497404,서울특별시 강남구 도곡동 419-10,6296,
MA010120220800215591,카페다카포,,3110557,홍대부속여중고앞,서울특별시 마포구 동교로17길 34,37.5564614662278,126.915503633115,서울특별시 마포구 서교동 451-41,4002,
MA010120220812539766,꼬마1,,3120208,청담사거리(청담동명품거리),서울특별시 강남구 도산대로78길 11,37.523136300314,127.047093742224,서울특별시 강남구 청담동 7-1,6063,
MA0101202301A0078611,선교카페,,3111062,둔촌동역 3번(성내3동주민센터),서울특별시 강동구 강동대로 235,37.5227381072879,127.132400220499,서울특별시 강동구 성내동 449-7,5408,
MA0101202409A0089350,도베르,,3120076,수유역,서울특별시 강북구 한천로139나길 17,37.6394974473547,127.024608918965,서울특별시 강북구 수유동 192-13,1072,
MA010120220808152506,어나더댄,,3120200,학동사거리,서울특별시 강남구 선릉로145길 16,37.5215177320798,127.038122143769,서울특별시 강남구 논현동 95-14,6055,
MA010120220810354548,벙커,,3110855,신대방역 2번,서울특별시 관악구 난곡로 327-1,37.483289910869,126.913957976754,서울특별시 관악구 신림동 530-2,8767,
MA010120220806160940,풍경,,3110656,까치산역 3번,서울특별시 강서구 강서로5나길 131,37.5281201646675,126.840891123841,서울특별시 강서구 화곡동 934-10,7780,
MA010120220805819195,커피프레지던트,,3120161,방배동가구거리(사당동가구거리),서울특별시 서초구 동광로1길 107,37.4967361126101,126.983647952527,서울특별시 서초구 방배동 753-7,6551,
MA010120220812394484,미지컨설팅익선지점,,3120009,종로3가역,서울특별시 종로구 수표로28길 33-5,37.5733669466722,126.990128918967,서울특별시 종로구 익선동 166-32,3133,
MA010120220804100933,솔커피호프,,3111078,굽은다리역 4번,서울특별시 강동구 양재대로128길 41,37.5445904481292,127.145112425334,서울특별시 강동구 명일동 351-30,5296,
MA010120220812071907,브리커피,,3120214,영동대교남단교차로,서울특별시 강남구 영동대로138길 9,37.5229069272794,127.056494217063,서울특별시 강남구 청담동 131-14,6075,
MA010120220807580036,베세토까페에서지점,광화문,3120003,광화문역,서울특별시 종로구 세종대로 172,37.5716261560071,126.976783124024,서울특별시 종로구 세종로 1-68,3154,
MA010120220814213104,오브시에개포,직영점,3110984,포이초등학교(개포목련어린이공원),서울특별시 강남구 논현로4길 57,37.4746772038195,127.054061203671,서울특별시 강남구 개포동 1180-4,6315,
MA010120220807772518,갱커피,,3120159,서울대입구역,서울특별시 관악구 관악로13길 7,37.4791757837911,126.951814583127,서울특별시 관악구 봉천동 864-2,8787,
MA010120220805519031,지앤,,3120222,삼성역,서울특별시 강남구 영동대로85길 20-7,37.5073800723549,127.061617287475,서울특별시 강남구 대치동 945-23,6181,
MA0101202409A0041765,사랑해베이글94빌딩점,,3120006,종각역,서울특별시 종로구 삼봉로 94,37.5718433417623,126.982239208048,서울특별시 종로구 공평동 144,3158,
MA0101202209A0045489,마인드F&B,,3120239,오금역,서울특별시 송파구 양재대로66길 41,37.5000764015533,127.125484345522,서울특별시 송파구 가락동 16-14,5703,
MA010120220814268433,샷인디암,,3120195,성수대교남단,서울특별시 강남구 언주로170길 31,37.5267170784692,127.036337336494,서울특별시 강남구 신사동 642-10,6017,
MA010120220805736038,로이83,,3120095,홍제역,서울특별시 서대문구 통일로 419-1,37.5867798288849,126.946027656369,서울특별시 서대문구 홍제동 158-49,3646,
MA010120220803580271,밀크팅,,3110881,구립대학경로당(관악산샘말공원),서울특별시 관악구 호암로24길 57,37.4694736202422,126.936390359523,서울특별시 관악구 신림동 1519-18,8813,
MA0101202210A0069570,스너그커피,,3110741,독산2동주민센터,서울특별시 금천구 독산로 177,37.4630002401311,126.903672546497,서울특별시 금천구 독산동 1043-56,8618,
MA0101202303A0067897,엠파이어,,3110433,공릉역 2번,서울특별시 노원구 동일로 1044,37.6233671427342,127.074060004911,서울특별시 노원구 공릉동 517-31,1845,
MA0101202209A0095700,더블유엘제이,,3110408,가인초등학교,서울특별시 도봉구 도봉로136다길 23,37.6603771479247,127.04249967052,서울특별시 도봉구 창동 749-9,1397,
MA010120220812821377,창신동달커피,,3110029,동대문역 1번,서울특별시 종로구 창신6가길 48,37.5760786590809,127.012803437465,서울특별시 종로구 창신동 23-715,3095,
MA0101202305A0022302,이노몬트,,3110542,마포구청역 7번,서울특별시 마포구 방울내로11길 26,37.5619397603701,126.904020675882,서울특별시 마포구 망원동 472-13,3962,
MA0101202409A0118039,여-백,,3110425,계상초등학교,서울특별시 노원구 노원로34길 66,37.6619881093039,127.065994912285,서울특별시 노원구 상계동 430-21,1679,
MA010120220802355371,도바,,3120032,충무로역,서울특별시 중구 필동로 15-9,37.5602217805455,126.996615900654,서울특별시 중구 필동2가 70-7,4624,
MA0101202311A0072918,낭만주의,,3120044,삼각지역,서울특별시 용산구 한강대로62다길 35-3,37.5326215410994,126.974803976284,서울특별시 용산구 한강로1가 179-2,4382,
MA0106202201A0563235,카페비,,3120043,서울역,서울특별시 중구 퇴계로 18,37.5565611670929,126.975158078173,서울특별시 중구 남대문로5가 526,4637,
MA0101202210A0019829,메가엠지씨커피논현역점,,3120185,논현역,서울특별시 서초구 사평대로55길 149,37.5103948267384,127.019816048862,서울특별시 서초구 반포동 705-2,6534,
MA010120220805160596,제이투투자파트너스,,3120007,북촌(안국역),서울특별시 종로구 북촌로 46-1,37.5808987502251,126.985248492956,서울특별시 종로구 가회동 175-2,3056,
MA010120220814366859,레이지수,,3120198,구역삼세무서,서울특별시 강남구 테헤란로22길 60,37.4962364624904,127.035146489833,서울특별시 강남구 역삼동 742-7,6245,
MA010120220805296008,규림,,3110939,양재역 8번(양재동우체국),서울특별시 서초구 논현로31길 41,37.4808632817555,127.041289793799,서울특별시 서초구 양재동 5-1,6745,
MA010120220805047024,카페앤젤라또,,3120186,가로수길,서울특별시 강남구 가로수길 69,37.5225489079852,127.022375857302,서울특별시 강남구 신사동 532-7,6028,
MA010120220803880592,행운마트,,3110313,안암역 3번,서울특별시 성북구 안암로9가길 80-1,37.5825270527081,127.028405477342,서울특별시 성북구 안암동5가 134-6,2855,
MA010120220809831700,로브니,,3120210,선릉역,서울특별시 강남구 선릉로85길 8,37.5028719984452,127.04886789558,서울특별시 강남구 역삼동 708-34,6212,
MA0101202406A0555726,리리리국제,,3120103,홍대입구역(홍대),서울특별시 마포구 와우산로21길 10,37.552583543556,126.923384573747,서울특별시 마포구 서교동 358-34,4040,
MA0106202301A2008139,스텐커피,,3110534,경기대학교,서울특별시 서대문구 경기대로 41,37.5631800122438,126.962060370198,서울특별시 서대문구 충정로3가 3-165,3752,
MA0101202411A0089452,스위트하트,,3120071,성북구청,서울특별시 성북구 보문로 189,37.5906205215635,127.014289196575,서울특별시 성북구 삼선동4가 343,2861,
MA010120220812662959,프리퍼커피서초,,3120171,서초3동사거리,서울특별시 서초구 반포대로 3,37.4809599545012,127.012323640239,서울특별시 서초구 서초동 1464-30,6711,
MA010120220814054079,이칠삼,,3130194,용강동 상점가,서울특별시 마포구 토정로 273,37.5423040107588,126.940515213706,서울특별시 마포구 용강동 473-8,4159,
MA0101202406A0536066,그리드커피,,3110147,능동우편취급국,서울특별시 광진구 천호대로102길 24,37.5579643677593,127.073678329572,서울특별시 광진구 군자동 464-21,4994,
MA010120220812701270,송오브송즈로스터즈,,3120188,압구정역,서울특별시 강남구 논현로163길 17,37.5240256440553,127.026742957087,서울특별시 강남구 신사동 569-8,6031,
MA010120220800197582,까페데미타스,,3130195,도화동 상점가,서울특별시 마포구 도화길 6-12,37.5394870920209,126.947272459879,서울특별시 마포구 도화동 250-13,4173,
MA0101202406A0291335,커피홀릭,,3120194,언주역(차병원),서울특별시 강남구 논현로105길 13,37.5057606820731,127.033115184851,서울특별시 강남구 역삼동 609-1,6126,
MA010120220812487641,란커피,,3120184,포이사거리(삼호물산),서울특별시 강남구 개포로15길 3-4,37.4787535538026,127.045030839116,서울특별시 강남구 개포동 1240-5,6303,
MA0101202411A0072911,파코카,,3110558,경성고등학교,서울특별시 마포구 성미산로17길 46,37.5634728449642,126.917804698464,서울특별시 마포구 연남동 487-237,3974,
MA0101202411A0037364,카페;도로,,3110730,서울축산농협 독산역지점(독산파출소),서울특별시 금천구 시흥대로 351,37.4649229154111,126.897159164664,서울특별시 금천구 독산동 1009-29,8604,
MA010120220808715504,케비쥬스,,3120192,뱅뱅사거리,서울특별시 서초구 강남대로 321,37.4915796811015,127.029976692462,서울특별시 서초구 서초동 1337-22,6627,
MA010120220811716576,두산-타이거슈가,,3120043,서울역,서울특별시 용산구 한강대로 405,37.5548394905799,126.971729524861,서울특별시 용산구 동자동 43-205,4320,
MA010120220812658250,쩐주단트루단,서울역점,3120043,서울역,서울특별시 용산구 한강대로 405,37.5548394905799,126.971729524861,서울특별시 용산구 동자동 43-205,4320,
MA0101202311A0091008,폭스탕후루,,3120073,미아사거리,서울특별시 성북구 숭인로 50,37.6096198206088,127.0285856611,서울특별시 성북구 길음동 1288,2727,
MA0101202406A0508470,풍경꽃,,3110492,하나고등학교,서울특별시 은평구 진관길 10,37.6418991728536,126.939563446432,서울특별시 은평구 진관동 198-7,3308,
MA0101202406A0038117,다브루커피사당,방배점,3110902,사당역 4번,서울특별시 관악구 남현1길 20,37.4757237963468,126.978610366578,서울특별시 관악구 남현동 1064-3,8806,
MA010120220808012343,WETCO.;LTD.,,3110084,경리단길북측,서울특별시 용산구 회나무로25길 1,37.5399400437465,126.991445866333,서울특별시 용산구 이태원동 227-28,4344,
MA010120220805449540,미스홍대게스트하우스2,,3120103,홍대입구역(홍대),서울특별시 마포구 홍익로 3-28,37.5529167875465,126.92319184445,서울특별시 마포구 서교동 358-135,4040,
MA010120220813778604,해브커피,,3120164,내방역,서울특별시 서초구 서초대로25길 51,37.4899164122081,126.992989386106,서울특별시 서초구 방배동 851-16,6586,
MA010120220812046737,인터스노어,,3110472,연신내역 4번,서울특별시 은평구 연서로26길 3-8,37.6175071523128,126.920452342289,서울특별시 은평구 대조동 197-16,3385,
MA0101202406A0291727,도즈,,3110243,중랑노인종합복지관,서울특별시 중랑구 겸재로 105,37.5868464219761,127.079594272435,서울특별시 중랑구 면목동 176-129,2135,
MA010120220800041690,자후,,3120004,종로구청,서울특별시 종로구 삼봉로 81,37.5723928832441,126.981808921364,서울특별시 종로구 수송동 58,3150,
MA010120220805183304,선우,,3120004,종로구청,서울특별시 종로구 삼봉로 81,37.5723928832441,126.981808921364,서울특별시 종로구 수송동 58,3150,
MA0106202307A2373712,떠기다방,교대역점,3120173,교대역(법원.검찰청),서울특별시 서초구 서초중앙로 147,37.4948714383138,127.013060958009,서울특별시 서초구 서초동 1714-21,6596,
MA010120220810188021,피르마에프앤비,,3110973,강남구청역 4번,서울특별시 강남구 선릉로134길 5,37.5188857390791,127.041288111814,서울특별시 강남구 청담동 40-14,6065,
MA0101202305A0009641,케이제이,,3110081,해방촌 남동측,서울특별시 용산구 신흥로18길 27,37.5455799001457,126.987043358637,서울특별시 용산구 용산동2가 12-5,4339,
MA010120220808216341,카페디-데이,,3110176,해오름공원,서울특별시 광진구 영화사로 23,37.5574305210198,127.0899412423,서울특별시 광진구 중곡동 83-6,4945,
MA010120220813008599,마당,,3120203,강남구청역,서울특별시 강남구 선릉로131길 24,37.5174268981132,127.038979743522,서울특별시 강남구 논현동 112-3,6059,
MA010120220805377220,엔디자인랩,,3120213,삼성중앙역,서울특별시 강남구 봉은사로84길 8,37.5127531222769,127.055434650518,서울특별시 강남구 삼성동 146-22,6163,
MA010120220807828556,은하철도990,,3120244,암사역,서울특별시 강동구 상암로 42,37.5495748606161,127.127887150473,서울특별시 강동구 천호동 287-2,5318,
MA010120220809972423,파인앳프,,3110167,용마초등학교,서울특별시 광진구 용마산로3길 38,37.5561540571131,127.085978604358,서울특별시 광진구 중곡동 129-42,4925,
MA010120220803735683,더비스스탑,명동점,3120027,명동역(명동재미로),서울특별시 중구 퇴계로20길 26-1,37.5590136454653,126.985852655948,서울특별시 중구 남산동2가 29-6,4631,
MA010120220810232332,할리스커피역사문화공원점,동대문,3120037,동대문역사문화공원역,서울특별시 중구 장충단로 251,37.5671772460433,127.008059206539,서울특별시 중구 을지로6가 18-134,4564,
MA010120220812115461,커피에반하다돈암점,,3110303,성신여대입구역 1번,서울특별시 성북구 북악산로 912-1,37.5955386468607,127.022556222434,서울특별시 성북구 돈암동 74-258,2840,
MA010120220812277180,타셴,,3120012,대학로(혜화역),서울특별시 종로구 동숭길 113,37.5829719029853,127.003577594398,서울특별시 종로구 동숭동 1-44,3086,
MA010120220808208327,커피베이명보,사거리점,3120031,을지로3가역,서울특별시 중구 마른내로 41,37.5645463690901,126.992416462802,서울특별시 중구 초동 19-4,4550,
MA010120220808691740,별콩다방,,3111012,석촌역 6번,서울특별시 송파구 가락로11길 34-1,37.5032599860117,127.103786842976,서울특별시 송파구 석촌동 265-5,5684,
MA010120220812632194,카페유메,,3120191,학동역,서울특별시 강남구 학동로20길 13,37.5122130650945,127.028559781309,서울특별시 강남구 논현동 127-14,6112,
MA010120220802516487,좋은이름.좋은카페,,3120048,금호역,서울특별시 성동구 장터길 14-1,37.5482553018664,127.017359125036,서울특별시 성동구 금호동4가 1435,4725,
MA0101202406A0357847,해방촌오거리화채,,3110081,해방촌 남동측,서울특별시 용산구 신흥로18길 4,37.5457059009605,126.985832539491,서울특별시 용산구 용산동2가 16,4339,
MA010120220814313538,낭띠발아,,3111052,암사역 3번(천호동자전거거리),서울특별시 강동구 올림픽로93길 28,37.5496673898502,127.125624017619,서울특별시 강동구 암사동 515-12,5242,
MA010120220805944295,에그스톤,,3120184,포이사거리(삼호물산),서울특별시 서초구 언남11길 16-13,37.4752849793843,127.044203475701,서울특별시 서초구 양재동 270-9,6776,
MA010120220803630996,성차사진품보이차,,3110189,제기동역 1번,서울특별시 동대문구 무학로44길 38,37.5811836818438,127.031891905812,서울특별시 동대문구 제기동 274-1,2576,
MA0101202409A0245470,본솔커피서강대점,,3110578,대흥역 2번,서울특별시 마포구 대흥로 116,37.5497568931577,126.943825018198,서울특별시 마포구 대흥동 37-7,4136,
MA0101202209A0068605,카페수),,3110271,신내역 1번,서울특별시 중랑구 용마산로139가길 10,37.6150039006026,127.101133018444,서울특별시 중랑구 신내동 344-8,2052,
MA010120220800007378,하나로다방,,3120008,인사동,서울특별시 종로구 인사동5길 25,37.5720960532828,126.985397387466,서울특별시 종로구 인사동 194-4,3162,
MA010120220814361694,로즈드마이,,3110498,증산역 1번,서울특별시 은평구 불광천길 312,37.5879500889279,126.913916901854,서울특별시 은평구 응암동 592-62,3485,
MA0101202309A0048420,카페바바바,,3120187,신논현역,서울특별시 강남구 강남대로118길 28,37.5068167098214,127.025673677915,서울특별시 강남구 논현동 183-10,6120,
MA0106202201A0730108,지지지,,3130070,뚝섬역상점가,서울특별시 성동구 아차산로 49,37.5467863571186,127.050039466993,서울특별시 성동구 성수동1가 14-18,4790,
MA010120220806800899,카페클로츠,,3120193,도산공원교차로,서울특별시 강남구 도산대로38길 11,37.5200057561911,127.032397512529,서울특별시 강남구 논현동 63,6048,
MA010120220812275123,비에이치팩토리,,3120204,르네상스호텔사거리,서울특별시 강남구 언주로98길 30,37.5045857737287,127.044130268058,서울특별시 강남구 역삼동 703,6151,
MA010120220811670310,어나더룸,,3110562,연트럴파크(연남동주민센터),서울특별시 마포구 성미산로29안길 19-4,37.5655848978481,126.923337303647,서울특별시 마포구 연남동 241-88,3980,
MA0101202308A0094209,로마나,,3120208,청담사거리(청담동명품거리),서울특별시 강남구 도산대로85길 25,37.5261988400269,127.049222495349,서울특별시 강남구 청담동 121-45,6011,
MA0101202406A0170829,달구름,,3110566,경의선책거리,서울특별시 마포구 와우산로 169,37.5559668600272,126.93079401494,서울특별시 마포구 동교동 182-7,4056,
MA010120220802861819,오너스,,3120187,신논현역,서울특별시 강남구 봉은사로4길 19,37.5035458530583,127.026611246077,서울특별시 강남구 역삼동 811-2,6123,
MA010120220803922306,카페테리아코코팜스,,3110204,간데메공원,서울특별시 동대문구 답십리로 66,37.5754477939324,127.048281342671,서울특별시 동대문구 전농동 648-34,2594,
MA010120220803053934,커피엠,,3111003,삼전역 4번,서울특별시 송파구 백제고분로12길 3,37.5058274660174,127.081272511247,서울특별시 송파구 잠실동 313-7,5575,
MA010120220806286608,태담망우점,,3110277,러스크서울병원,서울특별시 중랑구 망우로 470,37.6001438051276,127.104328944342,서울특별시 중랑구 망우동 207-2,2177,
MA0101202211A0035471,영화인카페,,3110900,낙성대역 1번(관악구민 종합체육센터),서울특별시 관악구 봉천로 598,37.4761616055221,126.963551490683,서울특별시 관악구 봉천동 1632-4,8793,
MA010120220812443721,로우어가든,,3120187,신논현역,서울특별시 서초구 사평대로57길 28,37.5056008852427,127.023094625628,서울특별시 서초구 반포동 737-13,6541,
MA010120220813685492,펠어커피잠실본동,,3111004,삼전역 1번,서울특별시 송파구 올림픽로12길 62,37.506213734355,127.082946794654,서울특별시 송파구 잠실동 228-7,5569,
MA0101202211A0097226,사과나무카페베이커리,,3110274,서일대학교,서울특별시 중랑구 용마산로94가길 19,37.5882748981018,127.097111393085,서울특별시 중랑구 면목동 14-37,2191,
MA010120220802256111,위커즈러브,,3110137,성수초등학교,서울특별시 성동구 광나루로 286,37.5477541271545,127.061299704339,서울특별시 성동구 성수동2가 280-38,4796,
MA0101202309A0028944,리히크,,3120225,잠실새내역(신천),서울특별시 송파구 올림픽로8길 11,37.5107836530327,127.080305174342,서울특별시 송파구 잠실동 178-1,5556,
MA010120220803285661,팔공티화곡아따이점,,3110658,화곡초등학교,서울특별시 강서구 화곡로34길 23,37.5436138442889,126.845022319549,서울특별시 강서구 화곡동 61-9,7721,
MA010120220812463890,더킹스빈,,3120012,대학로(혜화역),서울특별시 종로구 대명길 46,37.5829719532768,126.999037672392,서울특별시 종로구 명륜2가 188,3077,
MA010120220807368229,더킹스빈,대학로점,3120012,대학로(혜화역),서울특별시 종로구 대명길 46,37.5829719532768,126.999037672392,서울특별시 종로구 명륜2가 188,3077,
MA010120220804489112,제퍼강남주,,3120197,역삼역,서울특별시 강남구 논현로 508,37.5018941218973,127.0372978986,서울특별시 강남구 역삼동 679,6141,
MA010120220804826680,이트리오,,3120187,신논현역,서울특별시 강남구 봉은사로2길 21,37.503320707731,127.026136168735,서울특별시 강남구 역삼동 810-5,6123,
MA0101202309A0030844,메가엠지씨커피명동길점,,3120028,명동(명동거리),서울특별시 중구 명동9길 13,37.5644104831588,126.984787678421,서울특별시 중구 명동1가 34-1,4534,
MA010120220803202124,영연,,3110651,화원중학교,서울특별시 강서구 가로공원로 188,37.536908515012,126.836923685028,서울특별시 강서구 화곡동 372-2,7761,
MA010120220809231640,잃어버린시간,,3110578,대흥역 2번,서울특별시 마포구 대흥로 100,37.5486121365756,126.942807410219,서울특별시 마포구 대흥동 160-1,4136,
MA010120220810094399,펀스토랑,,3110467,은평요양병원,서울특별시 은평구 갈현로 300,37.6236047551754,126.917421360528,서울특별시 은평구 갈현동 548,3328,
MA010120220810194404,반석기업,,3110253,중곡초등학교,서울특별시 중랑구 답십리로 365,37.5717176995998,127.081117661463,서울특별시 중랑구 면목동 383-6,2246,
MA010120220810007221,샤벳,,3001493,동대문패션타운 관광특구,서울특별시 중구 퇴계로73길 51,37.5673659488727,127.013582966612,서울특별시 중구 신당동 199-17,4566,
MA010120220813649533,커피베이암사역점,,3111052,암사역 3번(천호동자전거거리),서울특별시 강동구 상암로4길 22,37.5495768198471,127.126065206819,서울특별시 강동구 암사동 515-24,5242,
MA010120220811856578,빽다방신논현역점,,3120187,신논현역,서울특별시 서초구 사평대로 367,37.5043845258909,127.023105560566,서울특별시 서초구 반포동 747-13,6541,
MA010120220802864588,압구정쌍커피,,3120202,압구정로데오역(압구정로데오),서울특별시 강남구 선릉로155길 11,37.5253017394484,127.038746272087,서울특별시 강남구 신사동 655-5,6019,
MA010120220812647615,어니스트하비스트알앤디센터,,3120165,서래마을카페거리(서래마을),서울특별시 서초구 사평대로26길 9-3,37.4997736316597,126.999004814336,서울특별시 서초구 반포동 68-1,6577,
MA0101202211A0008999,클로버랩스,,3120110,목동역 8번출구,서울특별시 양천구 신정중앙로21길 2-12,37.5270578386298,126.863146121468,서울특별시 양천구 신정동 888-30,7938,
MA010120220811493010,어니언컴퍼니,안국점,3120007,북촌(안국역),서울특별시 종로구 계동길 5,37.5773850096931,126.986381251682,서울특별시 종로구 계동 146-1,3059,
MA010120220803400128,브릭스톤,,3111067,강동구립성내도서관,서울특별시 강동구 양재대로 1399,37.53114815149,127.13705368382,서울특별시 강동구 성내동 396-16,5375,
MA010120220800174338,카페바운스,,3110586,서울서부지방법원,서울특별시 마포구 마포대로 196,37.5513478822443,126.956181676768,서울특별시 마포구 아현동 437-3,4206,
MA010120220813008311,메가엠지씨커피석계역점,,3110423,석계역 2번,서울특별시 노원구 화랑로 337,37.6152364672172,127.065172051292,서울특별시 노원구 월계동 46-1,1895,
MA010120220810167487,슈퍼커피플러스,,3120145,영등포역(영등포),서울특별시 영등포구 영중로 15,37.5172230701383,126.903930926442,서울특별시 영등포구 영등포동4가 441-10,7305,
MA0101202303A0043297,밤율,,3110999,윗방죽마을공원,서울특별시 강남구 밤고개로24길 36,37.4722993752651,127.106027584765,서울특별시 강남구 율현동 299-8,6377,
MA0101202209A0002076,일상컴퍼니디저트랩,,3120162,방배동카페골목,서울특별시 서초구 방배중앙로25길 5,37.493907233154,126.985831021654,서울특별시 서초구 방배동 778-2,6558,
MA010120220805951150,비전스트롤,,3110541,동교초등학교,서울특별시 마포구 망원로 61,37.5572091638546,126.90357403984,서울특별시 마포구 망원동 422-32,3958,
MA0101202310A0042841,쉼;카페,,3120096,"이화여대(이대역, 이대)",서울특별시 마포구 대흥로29길 50,37.5562167044544,126.943107169987,서울특별시 마포구 대흥동 12-55,4104,
MA010120220807481321,스테이89,,3130290,영림시장,서울특별시 관악구 남부순환로 1720,37.4824054742211,126.940947146695,서울특별시 관악구 봉천동 930-41,8784,
MA0101202406A0517320,커피에비뉴,,3120107,공덕역(공덕오거리),서울특별시 마포구 독막로 331,37.5430019157333,126.949385974364,서울특별시 마포구 도화동 553,4156,
MA0101202406A0281358,일리터맥스용산역점,,3110062,한강로동땡땡거리(은행나무길),서울특별시 용산구 이촌로29길 8-5,37.5242020713809,126.959919408221,서울특별시 용산구 한강로3가 40-892,4380,
MA010120220810284598,커피베이잡점,코리아,3110188,용두동신동아아파트,서울특별시 동대문구 무학로26길 55,37.5735696970071,127.033982872918,서울특별시 동대문구 용두동 122-1,2588,
MA010120220811791241,스마일카페,,3120148,국회의사당역(국회의사당),서울특별시 영등포구 국회대로76길 18,37.5299767095875,126.922231100603,서울특별시 영등포구 여의도동 13-5,7238,
MA010120220813563436,태산CoffeeCompany,,3110455,역촌노인복지관,서울특별시 은평구 갈현로 76,37.6045709111654,126.910602244332,서울특별시 은평구 역촌동 55-54,3419,
MA010120220814157588,휘경어울림협동조합,,3110219,삼육보건대학교,서울특별시 동대문구 망우로18다길 32-2,37.5859025937334,127.060708266717,서울특별시 동대문구 휘경동 294-203,2498,
MA0101202406A0566341,요봄,,3120046,이태원(이태원역),서울특별시 용산구 이태원로 208,37.5345343143441,126.997058314535,서울특별시 용산구 한남동 736-11,4405,
MA010120220808617053,카페에이엠730,,3110744,독산동성당,서울특별시 금천구 독산로 288,37.4724336095405,126.903411736073,서울특별시 금천구 독산동 991-18,8554,
MA0101202209A0030966,콜바이,,3120101,합정역,서울특별시 마포구 독막로2길 18,37.5477931403483,126.914494962956,서울특별시 마포구 합정동 372-4,4071,
MA010120220813067823,디저트콩콩,,3110455,역촌노인복지관,서울특별시 은평구 갈현로 52,37.6024535093239,126.910502858089,서울특별시 은평구 역촌동 79-54,3420,
MA010120220812161279,메가엠지씨커피창천점,,3110509,연희대우아파트앞,서울특별시 서대문구 신촌로 19,37.5581643323092,126.929173545144,서울특별시 서대문구 창천동 503-12,3785,
MA0101202311A0092514,일지강남,,3120189,강남역,서울특별시 강남구 강남대로92길 19,37.4991844427107,127.028916701371,서울특별시 강남구 역삼동 819-6,6134,
MA010120220800108935,커피다운도곡,본점,3120201,도곡1동,서울특별시 강남구 도곡로 212,37.4923778233051,127.042257295521,서울특별시 강남구 도곡동 543-4,6272,
MA010120220805358404,빈썸,,3110618,강서고등학교,서울특별시 양천구 목동중앙남로5길 38,37.5369796590973,126.864712026351,서울특별시 양천구 목동 728-19,7959,
MA0101202411A0016573,요거트가족경희대점,,3110205,경희대삼거리,서울특별시 동대문구 회기로 160,37.5907263241908,127.053646835846,서울특별시 동대문구 회기동 61-18,2460,
MA010120220806895557,스키로울,,3120167,고속터미널(고속터미널역),서울특별시 서초구 신반포로 194,37.5064318700918,127.006831199112,서울특별시 서초구 반포동 19-4,6545,
MA010120220804133494,비투에프,,3120167,고속터미널(고속터미널역),서울특별시 서초구 신반포로 194,37.5064318700918,127.006831199112,서울특별시 서초구 반포동 19-4,6545,
MA010120220800823445,올케이,,3120167,고속터미널(고속터미널역),서울특별시 서초구 신반포로 194,37.5064318700918,127.006831199112,서울특별시 서초구 반포동 19-4,6545,
MA010120220800800855,타이거슈가강남고속터미널,,3120167,고속터미널(고속터미널역),서울특별시 서초구 신반포로 194,37.5064318700918,127.006831199112,서울특별시 서초구 반포동 19-4,6545,
MA0101202307A0096463,빵익선,,3110156,군자역 5번,서울특별시 광진구 능동로 272,37.5542043071905,127.078190168648,서울특별시 광진구 능동 283-4,4990,
MA010120220812679961,빙동댕,,3110877,신림역 8번,서울특별시 관악구 봉천로 274,37.4875900848393,126.931332039911,서울특별시 관악구 신림동 1416-32,8753,
MA0101202305A0157363,카페하루플란트,,3120189,강남역,서울특별시 서초구 강남대로 411,37.4991579750506,127.026519218186,서울특별시 서초구 서초동 1318,6615,
MA010120220805079868,하늘향기,,3111042,거여역 1번(거여공원),서울특별시 송파구 성내천로 134,37.4989840269765,127.143226025965,서울특별시 송파구 거여동 2-8,5736,
MA010120220813450508,카페145,,3110256,면목2동체육관,서울특별시 중랑구 동일로 666,37.5898552743064,127.080276828961,서울특별시 중랑구 면목동 145-33,2140,
MA010120220803080291,그래도케이크,,3120005,삼청동,서울특별시 종로구 삼청로 106-15,37.5848897918959,126.982609727999,서울특별시 종로구 삼청동 58-1,3053,
MA0101202212A0021251,카페봄봄잠실새내역점,,3120225,잠실새내역(신천),서울특별시 송파구 백제고분로7길 53,37.5109426549448,127.084852209841,서울특별시 송파구 잠실동 183-7,5558,
MA0101202305A0060529,옴브르,,3120053,건대입구역(건대),서울특별시 광진구 동일로20길 64,37.5403718037341,127.067075653198,서울특별시 광진구 자양동 9-3,5072,
MA010120220808905325,홀로,,3110850,사당역 10번,서울특별시 동작구 동작대로9길 32,37.4807336233192,126.979829992845,서울특별시 동작구 사당동 1020-15,7014,
MA010120220804990604,에싯,,3111062,둔촌동역 3번(성내3동주민센터),서울특별시 강동구 양재대로91가길 57,37.5257013664717,127.133321796787,서울특별시 강동구 성내동 438-8,5405,
MA010120220800781987,화미카페앤공방,,3120109,서울남부지방법원,서울특별시 양천구 중앙로32길 55,37.5198635019766,126.859448942293,서울특별시 양천구 신정동 1022-9,8086,
MA0101202302A0108250,홀트,,3110063,효창공원앞역 5번,서울특별시 용산구 백범로 324,37.5381871839766,126.964856459239,서울특별시 용산구 원효로2가 1-49,4364,
MA0101202406A0183518,셀렉토커피사당남현점,,3110902,사당역 4번,서울특별시 관악구 남현길 7,37.4760660128656,126.977705840688,서울특별시 관악구 남현동 1058-6,8806,
MA0101202311A0002213,라텐카페,,3120246,길동역,서울특별시 강동구 천호대로 1131,37.5347969983194,127.137230074141,서울특별시 강동구 길동 457-4,5355,
MA010120220806118869,차스텔라,,3110881,구립대학경로당(관악산샘말공원),서울특별시 관악구 호암로22길 28,37.4687696816894,126.934288364765,서울특별시 관악구 신림동 1555-2,8812,
MA010120220814040125,카페포제,,3120052,성수역,서울특별시 성동구 연무장9길 7,37.5429545628015,127.055728575186,서울특별시 성동구 성수동2가 315-41,4782,
MA010120220808480417,나무수,,3120225,잠실새내역(신천),서울특별시 송파구 올림픽로8길 7,37.5110899634779,127.080350745041,서울특별시 송파구 잠실동 178,5556,
MA010120220813692111,비건앤비건원더로우,,3110895,샤로수길,서울특별시 관악구 관악로12길 105,37.477322113158,126.958135571862,서울특별시 관악구 봉천동 1626-35,8789,
MA0101202406A0286324,솔방울2,,3110019,창덕궁,서울특별시 종로구 율곡로10길 79-3,37.5740698500601,126.991792888744,서울특별시 종로구 권농동 187-6,3134,
MA010120220808329094,삐에로라운지,,3110204,간데메공원,서울특별시 동대문구 서울시립대로 36,37.5745653762367,127.046899705214,서울특별시 동대문구 전농동 647-1,2594,
MA010120220812788223,나절,,3110819,신대방역 4번,서울특별시 동작구 신대방2길 12,37.487983604734,126.913195014798,서울특별시 동작구 신대방동 644-1,7067,
MA010120220814316872,먹방벤쳐스,,3110335,석계역 7번,서울특별시 성북구 한천로 578,37.6112464270255,127.062699548331,서울특별시 성북구 석관동 182-44,2781,
MA010120220803437366,카페188,,3110955,논현초등학교,서울특별시 강남구 강남대로118길 73,37.5071853993975,127.028806686827,서울특별시 강남구 논현동 188-17,6118,
MA010120220808726730,디저트식탁,,3120081,노원역,서울특별시 노원구 상계로1길 14-29,37.657341145417,127.062126320107,서울특별시 노원구 상계동 602-8,1693,
MA0101202406A0208117,그냥제과,,3111066,암사동성당(효정하나플러스아파트),서울특별시 강동구 상암로 103,37.5473602574961,127.134333547019,서울특별시 강동구 암사동 488-40,5265,
MA0106202201A0153543,커피빈코리아양재스포,타임점,3120179,양재역,서울특별시 서초구 강남대로 213,37.4827664564608,127.034947971133,서울특별시 서초구 양재동 24,6749,
MA0101202302A0022567,더플롯커피&플라워,성북점,3110291,한성대입구역 3번,서울특별시 성북구 보문로29길 119,37.5853409302566,127.012284218117,서울특별시 성북구 삼선동3가 95,2868,
MA010120220800556671,웰빙전통차,,3110532,아현역 2번,서울특별시 서대문구 신촌로37안길 8,37.5579883593527,126.956517320097,서울특별시 서대문구 북아현동 134-20,3757,
MA0101202406A0138980,테크노커피클럽,,3110137,성수초등학교,서울특별시 성동구 광나루로 302,37.5479062097201,127.063359376174,서울특별시 성동구 성수동2가 281,4799,
MA0101202305A0049647,24시무인셀프카페,,3110671,등촌1동주민센터,서울특별시 강서구 화곡로64길 72,37.5559274310789,126.856880090772,서울특별시 강서구 등촌동 654-5,7571,
MA010120220806776003,피치스,,3120052,성수역,서울특별시 성동구 연무장11길 10,37.5429266535012,127.057561655942,서울특별시 성동구 성수동2가 273-61,4783,
MA0101202406A0491930,브이지지,,3111013,송파나루역 1번(송리단길),서울특별시 송파구 석촌호수로 290,37.5111675405384,127.107439817795,서울특별시 송파구 송파동 58-18,5618,
MA010120220800929786,윙,,3110815,공군호텔,서울특별시 영등포구 영등포로 420-6,37.512489582455,126.924285200424,서울특별시 영등포구 신길동 1328,7354,
MA0101202311A0061572,와플앨리,,3110313,안암역 3번,서울특별시 성북구 고려대로28길 21,37.5855176767503,127.031078578891,서울특별시 성북구 안암동5가 86-152,2856,
MA0101202409A0087783,달빛커피호프,,3120142,대림역,서울특별시 영등포구 대림로29길 43,37.4937716867446,126.895412110784,서울특별시 영등포구 대림동 808-26,7415,
MA010120220800690891,인블랭크,,3110571,신수동주민센터,서울특별시 마포구 독막로32길 22,37.5463124060904,126.938463841227,서울특별시 마포구 신수동 232,4090,
MA0101202209A0070642,비타에프앤비,,3120187,신논현역,서울특별시 강남구 강남대로110길 29,37.5038791015393,127.027154222608,서울특별시 강남구 역삼동 615-19,6124,
MA0106202201A1407627,건우3456,,3120187,신논현역,서울특별시 강남구 강남대로110길 29,37.5038791015393,127.027154222608,서울특별시 강남구 역삼동 615-19,6124,
MA0101202211A0078360,비타카페,,3120187,신논현역,서울특별시 강남구 강남대로110길 29,37.5038791015393,127.027154222608,서울특별시 강남구 역삼동 615-19,6124,
MA010120220800039586,크레프트라온,,3120072,성신여대,서울특별시 성북구 동소문로 125,37.5941608788862,127.018219022518,서울특별시 성북구 동선동4가 111-1,2829,
MA010120220804020319,카페예노,,3120214,영동대교남단교차로,서울특별시 강남구 영동대로 721,37.5222047077063,127.055305894889,서울특별시 강남구 청담동 68-19,6072,
MA010120220803615884,밀물호프,,3110433,공릉역 2번,서울특별시 노원구 동일로 1042,37.6231508704099,127.074116428301,서울특별시 노원구 공릉동 517-34,1845,
MA010120220804843887,위스테이지할리스서울,명지대점,3110507,명지대학교,서울특별시 서대문구 거북골로 41-1,37.5789196203291,126.923334954684,서울특별시 서대문구 남가좌동 343-4,3665,
MA010120220813434122,바운더리프리,,3130313,방이시장,서울특별시 송파구 백제고분로48길 4-27,37.5105404176257,127.113252539918,서울특별시 송파구 방이동 111-11,5641,
MA010120220812305937,THE봄,,3110405,방학역 1번,서울특별시 도봉구 시루봉로 286,37.6710273263782,127.040839518402,서울특별시 도봉구 도봉동 609-32,1349,
MA0101202409A0109660,아도계영배,,3120195,성수대교남단,서울특별시 강남구 언주로173길 16,37.5281869189017,127.032174786147,서울특별시 강남구 신사동 616-6,6023,
MA0101202409A0202930,서울만남의광장커피논현지점,,3110955,논현초등학교,서울특별시 강남구 강남대로122길 50,37.5089067304676,127.027065561272,서울특별시 강남구 논현동 169,6115,
MA010120220810275454,커피온리,,3120145,영등포역(영등포),서울특별시 영등포구 영중로 2,37.5167478051377,126.906759406948,서울특별시 영등포구 영등포동3가 10-13,7304,
MA010120220812988264,나무도마바이헤이진,,3120094,"신촌역(신촌역, 신촌로터리)",서울특별시 서대문구 연세로5나길 37,37.5570409560082,126.934131706183,서울특별시 서대문구 창천동 62-28,3787,
MA010120220807993642,리버벨,,3110902,사당역 4번,서울특별시 관악구 남현2길 18,37.4759215965948,126.976394464994,서울특별시 관악구 남현동 1057-5,8805,
MA010120220804425688,정아네,,3120033,을지로4가역,서울특별시 중구 청계천로 182,37.5685650335063,126.997770093897,서울특별시 중구 주교동 135-1,4545,
MA010120220805536396,앙크인베스트먼트이디야커피국회대로점,,3120148,국회의사당역(국회의사당),서울특별시 영등포구 국회대로72길 4,37.5303355675046,126.919922766304,서울특별시 영등포구 여의도동 14-3,7238,
MA010120220803725157,매머드커피&칵테일,,3110566,경의선책거리,서울특별시 마포구 와우산로 149,37.5546057127554,126.929708821858,서울특별시 마포구 서교동 327-15,4052,
MA010120220809926838,셀럽쿠키,,3110459,응암역 2번,서울특별시 은평구 은평로3가길 8,37.5993116404988,126.91398308141,서울특별시 은평구 신사동 1-80,3422,
MA010120220812657231,메리펫카페,,3120212,한티역,서울특별시 강남구 도곡로69길 7,37.4980034646414,127.055864783265,서울특별시 강남구 대치동 938-13,6207,
MA010120220802947204,캔디드롭,,3110261,사가정역 4번,서울특별시 중랑구 면목로 278,37.577525672276,127.085980530547,서울특별시 중랑구 면목동 354-1,2252,
MA0101202305A0059545,연:애,,3110790,대림1동주민센터,서울특별시 영등포구 디지털로77길 2-6,37.4957363835075,126.90677422733,서울특별시 영등포구 대림동 902-7,7427,
MA0101202210A0021520,리스트레토2010,,3120005,삼청동,서울특별시 종로구 삼청로 65-2,37.5815919029884,126.980968907758,서울특별시 종로구 팔판동 71,3054,
MA010120220803065578,씨앤지풀서비스흥국제선점,,3120030,중부경찰서(영화인의거리),서울특별시 중구 퇴계로 166,37.5608971670213,126.990164518817,서울특별시 중구 주자동 43-1,4627,
MA010120220804733969,일대십일,,3110219,삼육보건대학교,서울특별시 동대문구 망우로 66,37.5895064341601,127.060960288489,서울특별시 동대문구 휘경동 267-84,2496,
MA010120220812087523,쿠키베어,,3120239,오금역,서울특별시 송파구 양재대로66길 32,37.5003206063229,127.124602651918,서울특별시 송파구 가락동 31-2,5704,
MA010120220806585618,블랙드롭커피,,3120226,석촌고분역,서울특별시 송파구 삼학사로 90,37.5051935481743,127.097433445222,서울특별시 송파구 석촌동 2-7,5612,
MA0101202212A0052453,인센트커피,,3110559,성산중학교,서울특별시 마포구 어울마당로 21,37.5472290430042,126.919519951345,서울특별시 마포구 합정동 356-1,4073,
MA010120220802593382,에코카,,3110729,가산동우체국,서울특별시 금천구 시흥대로153길 52,37.4773103219379,126.8954689726,서울특별시 금천구 가산동 147-19,8529,
MA010120220813446389,선선,,3110955,논현초등학교,서울특별시 강남구 논현로115길 71,37.5083210462318,127.027201072413,서울특별시 강남구 논현동 170,6118,
MA010120220810174917,강아지똥,,3110955,논현초등학교,서울특별시 강남구 논현로115길 71,37.5083210462318,127.027201072413,서울특별시 강남구 논현동 170,6118,
MA0101202406A0425657,코코커피앤샌드위치,,3110187,제기동역 6번,서울특별시 동대문구 왕산로 72,37.5777420219318,127.03138100597,서울특별시 동대문구 용두동 112-8,2584,
MA010120220809914191,아모하임,,3110738,문성초등학교,서울특별시 금천구 독산로 279,37.4717214047143,126.902915245893,서울특별시 금천구 독산동 178-29,8546,
MA010120220811761497,모나드베이커리,,3110754,삼성산자연공원(서울금천초등학교),서울특별시 금천구 탑골로5길 22,37.4529601807825,126.911641941601,서울특별시 금천구 시흥동 219-2,8575,
MA010120220809650313,홀리핸즈커피,천호점,3120243,천호역,서울특별시 강동구 천호옛길 97,37.5373953727275,127.126010753121,서울특별시 강동구 성내동 50-19,5378,
MA010120220803283441,엘스,,3120008,인사동,서울특별시 종로구 우정국로 42,37.5727444968779,126.983337029458,서울특별시 종로구 견지동 99-1,3149,
MA010120220805330186,아씰,,3110007,사직공원(한국사회과학도서관),서울특별시 종로구 인왕산로 5,37.5748583892131,126.966967444358,서울특별시 종로구 사직동 1-41,3028,
MA010120220800524767,카페오아시스,,3110625,신정2동주민센터,서울특별시 양천구 신목로 53,37.5202656351199,126.872400441666,서울특별시 양천구 신정동 88-5,8010,
MA010120220808241351,고마워사랑해,,3110453,신사1동주민센터,서울특별시 은평구 증산로23길 7,37.597230633377,126.914370481402,서울특별시 은평구 신사동 24-52,3450,
MA010120220808772765,우물,,3110713,구로보건소,서울특별시 구로구 공원로 47,37.501001488245,126.889611764086,서울특별시 구로구 구로동 110-4,8295,
MA010120220810751608,아난티클럽청담,,3120202,압구정로데오역(압구정로데오),서울특별시 강남구 도산대로59길 31,37.5259042000874,127.042276199314,서울특별시 강남구 청담동 89-15,6016,
MA0101202301A0064226,산과들카페,,3110156,군자역 5번,서울특별시 광진구 능동로36길 50-1,37.5553371251389,127.08179025883,서울특별시 광진구 능동 235-36,4986,
MA0101202301A0099899,월에버,,3110562,연트럴파크(연남동주민센터),서울특별시 마포구 동교로51안길 12,37.5652705029979,126.924820391153,서울특별시 마포구 연남동 223-28,3980,
MA010120220804793581,팔로우스타,,3120215,포스코사거리,서울특별시 강남구 테헤란로78길 16,37.505058587623,127.055338482872,서울특별시 강남구 대치동 891-44,6194,
MA0101202308A0056518,카페6-6,,3110546,양화대교북단,서울특별시 마포구 희우정로1길 6-6,37.5493738902716,126.907839105824,서울특별시 마포구 합정동 398-19,4028,
MA010120220800095669,메이크메이드,,3110018,중앙고등학교,서울특별시 종로구 창덕궁길 100,37.5819173292613,126.989516437727,서울특별시 종로구 원서동 61-1,3057,
MA0106202201A0720674,숲커피플라워,,3110048,장충동주민센터,서울특별시 중구 장충단로8나길 11,37.5629155040285,127.008488849124,서울특별시 중구 광희동2가 303-19,4614,
MA0101202406A0576064,오뜨엘,,3120225,잠실새내역(신천),서울특별시 송파구 백제고분로7길 56,37.5106722644606,127.084976320012,서울특별시 송파구 잠실동 185-12,5559,
MA010120220808480805,코에오,,3001491,이태원 관광특구,서울특별시 용산구 이태원로20길 18-1,37.5335339759142,126.992102811431,서울특별시 용산구 이태원동 74-18,4391,
MA010120220807116336,다원솔라메가엠지씨커피,신정네거리점,3120108,신정네거리역,서울특별시 양천구 중앙로 265,37.5199273667511,126.852706894552,서울특별시 양천구 신정동 1183-5,8073,
MA010120220811904065,엠엠티에이치075,,3120179,양재역,서울특별시 서초구 남부순환로347길 13,37.4849658353772,127.031692667396,서울특별시 서초구 서초동 1364-47,6734,
MA0101202305A0023192,미래,,3110058,성심여자고등학교,서울특별시 용산구 원효로35길 52,37.5353188903975,126.955614028158,서울특별시 용산구 신창동 59-5,4363,
MA010120220808258677,따우전드,,3110150,중곡1동 마을마당,서울특별시 광진구 면목로7길 8,37.5595478205442,127.077278997964,서울특별시 광진구 중곡동 628-7,4917,
MA010120220800211802,공드린,,3110509,연희대우아파트앞,서울특별시 서대문구 연희로 38-14,37.561848832808,126.928219320007,서울특별시 서대문구 연희동 353-74,3781,
MA010120220800375351,기대어보기를,,3110064,효창공원앞역 2번,서울특별시 용산구 효창원로 146,37.5409974932141,126.962230025227,서울특별시 용산구 효창동 5-508,4317,
MA010120220808726493,메가엠지씨커피망우역점,,3110265,망우역 1번,서울특별시 중랑구 망우로 385,37.5988812891427,127.094996282055,서울특별시 중랑구 상봉동 74-2,2086,
MA010120220800210803,손탁,,3120102,서교동(홍대),서울특별시 마포구 월드컵북로5가길 22,37.5564548449843,126.918910203634,서울특별시 마포구 서교동 446-36,4001,
MA010120220811378259,서초구립느티나무쉼터늘봄카페,4호점,3110939,양재역 8번(양재동우체국),서울특별시 서초구 바우뫼로41길 72-9,37.4838368840509,127.040499973417,서울특별시 서초구 양재동 7-32,6741,
MA010120220812993597,스테어웨이투헤븐,,3120024,회현역,서울특별시 중구 소월로 39,37.5563272682385,126.976934998407,서울특별시 중구 남창동 205-81,4635,
MA0101202406A0054214,벨라카페,,3120065,회기역,서울특별시 동대문구 망우로 61,37.5898763454716,127.059975528741,서울특별시 동대문구 휘경동 267-9,2439,
MA010120220804328702,위드커피,,3110836,상도역 5번,서울특별시 동작구 흑석로 4,37.5046830376431,126.951176162672,서울특별시 동작구 상도1동 645-3,6969,
MA010120220808664452,메누카,,3111089,상일여고(상일초등학교),서울특별시 강동구 천호대로 1463,37.546231939434,127.170802771417,서울특별시 강동구 상일동 309-2,5283,
MA0101202308A0054863,몬스터차저,,3120219,은마아파트,서울특별시 강남구 도곡로 516,37.4991801983244,127.062990227151,서울특별시 강남구 대치동 990,6282,
MA010120220811962918,부라더스,,3110346,4.19민주묘지역 2번,서울특별시 강북구 삼양로139가길 48,37.6513383165092,127.012147766734,서울특별시 강북구 우이동 71-5,1009,
MA010120220809950024,차눙등촌,본점,3110671,등촌1동주민센터,서울특별시 강서구 화곡로68길 91,37.5575879292968,126.859095174463,서울특별시 강서구 등촌동 630-7,7550,
MA0101202306A0043007,대단한싹제빵소,,3120075,월곡역,서울특별시 성북구 화랑로 112,37.6038035622006,127.044358682501,서울특별시 성북구 하월곡동 13-7,2793,
MA010120220812325262,시스터,,3110873,당곡중학교,서울특별시 관악구 보라매로 2,37.4896424435945,126.928073630532,서울특별시 관악구 봉천동 971-4,8722,
MA0101202212A0010681,달리는커피독산,1호점,3110730,서울축산농협 독산역지점(독산파출소),서울특별시 금천구 시흥대로 341,37.4640759167207,126.897103807073,서울특별시 금천구 독산동 1009-74,8604,
MA0106202201A0153515,커피빈학동역점,코리아,3120191,학동역,서울특별시 강남구 학동로 211,37.514680919095,127.032055875286,서울특별시 강남구 논현동 88-9,6052,
MA010120220800963813,잉크커피,,3120129,구로디지털단지,서울특별시 구로구 디지털로30길 28,37.4821125329145,126.895281382817,서울특별시 구로구 구로동 222-12,8389,
MA0101202406A0303753,다정커피숍,,3120156,"총신대입구역(이수, 총신대)",서울특별시 서초구 서초대로1길 14,37.4874917223354,126.983254220064,서울특별시 서초구 방배동 1459,6567,
MA010120220808575778,향스더치커피카페,,3130183,상암동상점가,서울특별시 마포구 월드컵북로 352-8,37.577220376056,126.893223830102,서울특별시 마포구 상암동 42-8,3927,
MA010120220806844766,웰시커피,,3110654,까치산역 4번,서울특별시 강서구 강서로17길 121,37.5321181739496,126.83909505102,서울특별시 강서구 화곡동 358-8,7766,
MA010120220800201324,대흥다방,,3110578,대흥역 2번,서울특별시 마포구 백범로 101,37.5477471288285,126.942706225587,서울특별시 마포구 대흥동 150-1,4136,
MA010120220803116826,바른플레이스,,3120222,삼성역,서울특별시 강남구 테헤란로92길 7,37.5074433309029,127.061255416807,서울특별시 강남구 대치동 945-27,6181,
MA010120220811810724,러브잇러브앳,,3110242,면목5동주민센터,서울특별시 중랑구 겸재로 74,37.5855693568477,127.076037838591,서울특별시 중랑구 면목동 194-12,2230,
MA0101202212A0063765,큰산바다,,3120119,발산역(마곡),서울특별시 강서구 공항대로 271,37.5589391091109,126.837792429418,서울특별시 강서구 마곡동 723-2,7803,
MA0106202201A0153463,커피빈코리아CBTL,파르나스몰점,3120222,삼성역,서울특별시 강남구 테헤란로 521,37.5091915130673,127.060804431449,서울특별시 강남구 삼성동 159-8,6164,
MA0106202411A0148737,커피빈CBTL파르나스몰,코리아,3120222,삼성역,서울특별시 강남구 테헤란로 521,37.5091915130673,127.060804431449,서울특별시 강남구 삼성동 159-8,6164,
MA0106202410A0148655,커피빈코엑스웨스턴서울점,코리아,3120222,삼성역,서울특별시 강남구 테헤란로 521,37.5091915130673,127.060804431449,서울특별시 강남구 삼성동 159-8,6164,
MA0101202306A0019250,에스트에스트에스트,,3110544,망리단길,서울특별시 마포구 월드컵로23길 45,37.5558876814907,126.907299166733,서울특별시 마포구 망원동 412-50,4012,
MA0101202411A0032036,우아한과일＆커피길음점,,3110308,길음역 8번,서울특별시 성북구 삼양로 66,37.6089902951493,127.023273787105,서울특별시 성북구 길음동 1141,2726,
MA0101202209A0078002,케이엔커피,,3120210,선릉역,서울특별시 강남구 선릉로96길 5-6,37.5065480335461,127.049028630977,서울특별시 강남구 삼성동 140-42,6161,
MA010120220812782227,카페정원,,3110125,사근동살곶이상점가,서울특별시 성동구 사근동10길 14,37.5605180204451,127.048950793177,서울특별시 성동구 사근동 190-1,4762,
MA010120220809689985,아우프글렛,,3110226,장안1동주민센터,서울특별시 동대문구 한천로26길 48-12,37.5706178206094,127.067895142502,서울특별시 동대문구 장안동 390-3,2624,
MA010120220808682783,디케이텍서플라이,,3120169,서초역,서울특별시 서초구 반포대로 105,37.4895198773036,127.008412692199,서울특별시 서초구 서초동 1540-7,6656,
MA0101202303A0073246,로프스페이스,,3110562,연트럴파크(연남동주민센터),서울특별시 마포구 동교로51길 77-7,37.5656746803281,126.922850499784,서울특별시 마포구 연남동 241-10,3980,
MA010120220813282250,본카페,,3110297,경동고등학교,서울특별시 성북구 삼선교로 54,37.5884944570167,127.011775231175,서울특별시 성북구 삼선동3가 5-1,2863,
MA010120220805693670,엠에프피,,3110850,사당역 10번,서울특별시 동작구 동작대로11길 60,37.4813730526198,126.97821304094,서울특별시 동작구 사당동 1017-5,7014,
MA010120220800558222,페디오,,3120094,"신촌역(신촌역, 신촌로터리)",서울특별시 서대문구 연세로5다길 28,37.556833650897,126.933996078134,서울특별시 서대문구 창천동 62-31,3787,
MA010120220804970870,블루프린트커피,,3111059,강동역 4번(강풀만화거리),서울특별시 강동구 성안로13길 42,37.5319309176627,127.130063204071,서울특별시 강동구 성내동 505-3,5388,
MA0101202406A0103717,보노,,3110338,인수초등학교,서울특별시 강북구 인수봉로 251,37.6410492143807,127.010786454095,서울특별시 강북구 수유동 527-36,1021,
MA010120220806690968,비바쥬스,,3120153,노량진역(노량진),서울특별시 동작구 노량진로 110,37.5131823608019,126.93803861425,서울특별시 동작구 노량진동 41-5,6928,
MA010120220810258680,릿잇커피,,3110836,상도역 5번,서울특별시 동작구 상도로47바길 48,37.5040171579549,126.953314104463,서울특별시 동작구 상도동 54-26,6969,
MA0101202212A0032985,청자다방군고구마카페,천호점,3111072,굽은다리역 1번(십자성마을),서울특별시 강동구 천중로 181,37.5412084447188,127.140353497301,서울특별시 강동구 천호동 55-37,5316,
MA010120220810555883,오엣트,,3120031,을지로3가역,서울특별시 중구 을지로 101,37.5664382075343,126.989167718463,서울특별시 중구 을지로2가 101-11,4542,
MA0101202406A0021502,크레이지빙수,성신여대점,3110300,삼선동주민센터,서울특별시 성북구 보문로30가길 41-5,37.5893669527411,127.022022203729,서울특별시 성북구 동선동2가 347-19,2844,
MA010120220810346388,복카페,,3130184,마포농수산물시장,서울특별시 마포구 월드컵로 235,37.5651967331886,126.898481601096,서울특별시 마포구 성산동 533-1,3901,
MA0101202305A0156062,바나타이거,상봉역점,3120069,상봉역,서울특별시 중랑구 면목로 495,37.59605055745,127.085322432366,서울특별시 중랑구 상봉동 115-1,2137,
MA0101202406A0239894,한컵과일딜리버리,,3120066,장한평역(장한평),서울특별시 성동구 자동차시장1길 41,37.5611604153827,127.06236327881,서울특별시 성동구 용답동 229-9,4808,
MA0106202301A0030386,카페데이타스,,3130195,도화동 상점가,서울특별시 마포구 도화길 6,37.5396761651515,126.946966823075,서울특별시 마포구 도화동 250-3,4173,
MA0101202406A0068332,옐로우타운,,3110881,구립대학경로당(관악산샘말공원),서울특별시 관악구 신림로11길 68,37.4674475480567,126.938664191274,서울특별시 관악구 신림동 251-42,8818,
MA010120220805344992,로건에프앤비압구정지점,,3120188,압구정역,서울특별시 강남구 압구정로 165,37.5273681956617,127.027468188205,서울특별시 강남구 압구정동 429,6001,
MA010120220802949304,커스텀커피현대,압구정점,3120188,압구정역,서울특별시 강남구 압구정로 165,37.5273681956617,127.027468188205,서울특별시 강남구 압구정동 429,6001,
MA010120220804057858,밀탑주,압구정점,3120188,압구정역,서울특별시 강남구 압구정로 165,37.5273681956617,127.027468188205,서울특별시 강남구 압구정동 429,6001,
MA010120220804418485,제이플러스유,,3120193,도산공원교차로,서울특별시 강남구 도산대로45길 11,37.52303231895,127.035215618059,서울특별시 강남구 신사동 631-36,6021,
MA010120220801072533,삼성에프앤비주,,3120212,한티역,서울특별시 강남구 도곡로 414,37.496787074309,127.055931728001,서울특별시 강남구 대치동 1024-2,6278,
MA010120220803116329,다옴케이커피크레이브,답십리점,3130097,답십리 건축자재시장,서울특별시 동대문구 전농로 15,37.5665786697925,127.055836722101,서울특별시 동대문구 답십리동 490-58,2605,
MA0101202302A0010967,에스프레소랩퍼스트,,3120221,봉은사역,서울특별시 강남구 봉은사로108길 23,37.5134693071423,127.064529218241,서울특별시 강남구 삼성동 165-13,6172,
MA010120220810359628,쏘나이스커피,,3120118,마곡역(마곡),서울특별시 강서구 마곡중앙로 59-17,37.5589115341357,126.824799600737,서울특별시 강서구 마곡동 798-6,7807,
MA0101202409A0009023,과일다방더푸룻,,3120149,여의도역(여의도),서울특별시 영등포구 국제금융로6길 33,37.5207894785865,126.926912532852,서울특별시 영등포구 여의도동 36-2,7331,
MA0101202305A0149440,카페레브,,3120149,여의도역(여의도),서울특별시 영등포구 국제금융로6길 33,37.5207894785865,126.926912532852,서울특별시 영등포구 여의도동 36-2,7331,
MA0101202211A0071318,아뜰리에풀고르,,3120077,미아역,서울특별시 강북구 솔매로50길 50,37.6242520917994,127.02765105938,서울특별시 강북구 미아동 126-10,1158,
MA010120220810234154,병과점임오반,,3110296,성신여대입구역 4번,서울특별시 성북구 동소문로17길 27,37.5935756665774,127.015161640864,서울특별시 성북구 동소문동6가 166,2830,
MA010120220810876464,달콤방,,3120032,충무로역,서울특별시 중구 필동로 22,37.5596361145675,126.996038710702,서울특별시 중구 필동3가 33-1,4626,
MA010120220804156824,우창피엠씨,,3130146,쌍문시장(쌍문역골목시장),서울특별시 도봉구 도봉로 461,37.6470545548812,127.033359114508,서울특별시 도봉구 쌍문동 96-4,1447,
MA010120220813138539,로스터스앤블렌더스,,3110671,등촌1동주민센터,서울특별시 강서구 공항대로55길 47,37.5551221617875,126.86160093568,서울특별시 강서구 등촌동 636-43,7565,
MA0101202305A0103646,미아커피,,3110364,미아역 8번,서울특별시 강북구 솔매로 91,37.6253884628654,127.022327352682,서울특별시 강북구 미아동 226-63,1126,
MA0101202409A0007620,투썸플레이스서대문역바비엥점,,3120019,경찰청앞교차로,서울특별시 중구 통일로 102,37.5643081514423,126.968500124537,서울특별시 중구 의주로1가 32-2,4517,
MA010120220803742275,시연,,3120105,상수역(홍대),서울특별시 마포구 독막로 65,37.5479866927544,126.920718654503,서울특별시 마포구 상수동 317-8,4049,
MA010120220804951384,아트아프리카,,3110341,북한산우이역 2번,서울특별시 강북구 삼양로173길 108,37.6611684411609,127.007151353961,서울특별시 강북구 우이동 186-19,1002,
MA010120220800041256,구카페종로1점,,3120006,종각역,서울특별시 종로구 청계천로 35,37.5693384423181,126.981379525626,서울특별시 종로구 서린동 88,3188,
MA010120220807066575,바하마브리즈,코리아,3110502,남가좌파출소,서울특별시 서대문구 가재울로 16,37.5739996482094,126.922502308237,서울특별시 서대문구 남가좌동 333-12,3693,
MA010120220813390064,프롬하츠커피앤베이커리성동,구청점,3120049,왕십리역(왕십리),서울특별시 성동구 고산자로 253,37.5624058884449,127.035585012575,서울특별시 성동구 도선동 22-1,4709,
MA0101202210A0059932,엘리펀트커피,,3111078,굽은다리역 4번,서울특별시 강동구 양재대로 1548,37.5436836385248,127.142485460515,서울특별시 강동구 길동 335-2,5302,
MA010120220800279153,에코앤데코플라워갤러리카페,,3120044,삼각지역,서울특별시 용산구 백범로99길 58,37.5358466614307,126.972721046644,서울특별시 용산구 한강로1가 255,4375,
MA010120220800205833,플랜씨와이로커피,,3110554,망원역 1번,서울특별시 마포구 동교로 109,37.5548748065158,126.914249210286,서울특별시 마포구 서교동 478-21,4003,
MA0101202411A0106499,꾸움과자점,,3120012,대학로(혜화역),서울특별시 종로구 대학로14길 24,37.5844045060881,127.002683247217,서울특별시 종로구 혜화동 163-22,3084,
MA0101202406A0427131,프레스도넛,,3110508,서연중학교,서울특별시 서대문구 연희로15길 43,37.5692470184953,126.929898814639,서울특별시 서대문구 연희동 124-6,3703,
MA010120220807140884,서울찻집,,3120145,영등포역(영등포),서울특별시 영등포구 영중로14길 9,37.5203334981757,126.906381648379,서울특별시 영등포구 영등포동5가 21-5,7250,
MA010120220812336486,카페비,,3120069,상봉역,서울특별시 중랑구 면목로 480,37.5948335867516,127.086192936556,서울특별시 중랑구 상봉동 102-73,2148,
MA010120220808382464,다물에프앤비,,3120023,서울시청,서울특별시 중구 무교로 6,37.5664819687886,126.979467324843,서울특별시 중구 을지로1가 16,4523,
MA0101202406A0555684,코너컴퍼니,,3120188,압구정역,서울특별시 강남구 압구정로20길 19,37.5247736971849,127.025747706478,서울특별시 강남구 신사동 572-3,6030,
MA010120220804204861,에이블,,3120185,논현역,서울특별시 서초구 신반포로47길 9-3,37.5110526275819,127.019409040107,서울특별시 서초구 잠원동 40-3,6531,
MA0106202201A0269486,애니원에프앤씨,,3120031,을지로3가역,서울특별시 중구 마른내로 47,37.5647085966463,126.99320875793,서울특별시 중구 초동 18-5,4549,
MA010120220803279253,빽다방빵연구소잠원센트럴키친점,,3120178,신사역,서울특별시 서초구 나루터로12길 19,37.5145668000599,127.017781143152,서울특별시 서초구 잠원동 22-2,6526,
MA010120220811870737,성신대역공인중개사사무소/부동산카페,,3120072,성신여대,서울특별시 성북구 동소문로 128,37.5940166170156,127.018875731448,서울특별시 성북구 동선동1가 120-8,2845,
MA010120220813079430,함께마을넷,,3120067,장안동사거리,서울특별시 동대문구 장한로26다길 21-1,37.5705965508743,127.07332854345,서울특별시 동대문구 장안동 337-5,2637,
MA010120220809831317,더블랙탑커피,,3120044,삼각지역,서울특별시 용산구 이태원로 5-1,37.5353516169246,126.97500671517,서울특별시 용산구 한강로1가 24-1,4353,
MA0101202212A0093277,방그레,등촌점,3110671,등촌1동주민센터,서울특별시 강서구 공항대로55길 33,37.5546263223848,126.861352874184,서울특별시 강서구 등촌동 644-12,7570,
MA010120220809794669,에제르,,3111010,석촌역 7번,서울특별시 송파구 백제고분로33길 22,37.504723491161,127.099276310592,서울특별시 송파구 석촌동 20-1,5611,
MA010120220805452558,플랜터PLANTER247,,3120072,성신여대,서울특별시 성북구 보문로34가길 1,37.5915837887101,127.019792264243,서울특별시 성북구 동선동3가 247,2845,
MA010120220805062465,더프트DUFT,,3120003,광화문역,서울특별시 종로구 새문안로3길 23,37.5726072579239,126.972232206882,서울특별시 종로구 내수동 73,3174,
MA010120220804047411,새날스토리,,3110702,개봉초등학교,서울특별시 구로구 개봉로16길 18,37.4899924846571,126.857186904317,서울특별시 구로구 개봉동 264-1,8333,
MA010120220800639719,커피마이클,,3110174,아차산역 1번,서울특별시 광진구 자양로43길 138,37.556593289214,127.089023518064,서울특별시 광진구 중곡동 81-11,4949,
MA010120220805115515,블랙컵,,3120153,노량진역(노량진),서울특별시 동작구 노량진로14길 15,37.5128601649168,126.942314401051,서울특별시 동작구 노량진동 72-30,6922,
MA0101202411A0101877,메가엠지씨커피종로6가점,,3120014,종로5가역,서울특별시 종로구 종로 241-1,37.5714481441707,127.00475429779,서울특별시 종로구 종로5가 20-2,3126,
MA010120220812487053,반찬&커피,,3120091,본서부병원,서울특별시 은평구 은평로10길 17,37.5994177079126,126.924129254201,서울특별시 은평구 응암동 99-45,3462,
MA010120220808258943,로그,,3110021,성균관대학교,서울특별시 종로구 창경궁로29길 3,37.5830980827253,126.998211199782,서울특별시 종로구 명륜3가 154-2,3073,
MA010120220803461190,길목다방,,3110043,충무초등학교,서울특별시 중구 퇴계로 260,37.5625373885744,127.000701741315,서울특별시 중구 묵정동 27-10,4619,
MA010120220804023936,베란다,,3110140,건대입구역 6번,서울특별시 광진구 동일로12길 24,37.5395989027653,127.063533385185,서울특별시 광진구 자양동 251-62,5079,
MA0101202310A0025602,메가엠지씨커피잠실,본점,3111003,삼전역 4번,서울특별시 송파구 백제고분로12길 4,37.5058907150041,127.081012453316,서울특별시 송파구 잠실동 294-25,5574,
MA0101202406A0532770,로스팅플레이스,,3120208,청담사거리(청담동명품거리),서울특별시 강남구 도산대로89길 3,37.5250541581757,127.050194639065,서울특별시 강남구 청담동 124-18,6012,
MA0106202209A0602911,폴바셋홍대,삼거리점,3120103,홍대입구역(홍대),서울특별시 마포구 와우산로 72,37.5508716558253,126.923397642737,서울특별시 마포구 서교동 361-10,4067,
MA0101202406A0233294,나르시스,,3110902,사당역 4번,서울특별시 관악구 남현길 88,37.4731102237822,126.975310077893,서울특별시 관악구 남현동 1079-20,8804,
MA010120220813542149,씨펍,,3120197,역삼역,서울특별시 강남구 테헤란로19길 7,37.5005527747416,127.033452156113,서울특별시 강남구 역삼동 647-12,6133,
MA010120220802491391,샹델미뇽,,3120094,"신촌역(신촌역, 신촌로터리)",서울특별시 서대문구 연세로 32,37.5584391420497,126.937141006636,서울특별시 서대문구 창천동 31-15,3776,
MA010120220800356654,커피퀘스트,,3120149,여의도역(여의도),서울특별시 영등포구 여의나루로4길 21,37.5216463383585,126.928393598661,서울특별시 영등포구 여의도동 34-4,7330,
MA0101202209A0053607,카페가가,,3120001,서대문역,서울특별시 서대문구 충정로 67-1,37.5647577846218,126.965409918172,서울특별시 서대문구 충정로2가 98-25,3736,
MA0101202409A0128232,설앤오구,,3111083,GS강동자이아파트,서울특별시 강동구 명일로 200,37.5365345170123,127.145922769561,서울특별시 강동구 길동 252-92,5349,
MA0106202201A0636261,탐앤탐스영등포역점,,3120145,영등포역(영등포),서울특별시 영등포구 경인로 851-1,37.5168743373138,126.907256955701,서울특별시 영등포구 영등포동3가 10-7,7304,
MA010120220800801652,담연,,3110916,내방역 4번,서울특별시 서초구 효령로31길 81,37.4845825293104,126.994606733745,서울특별시 서초구 방배동 926-13,6682,
MA010120220803848084,메리제인커피,,3110170,동대부여고,서울특별시 광진구 광나루로38길 23,37.5437366765867,127.088182192188,서울특별시 광진구 구의동 231-5,5032,
MA010120220814103923,돌체다방,,3110428,상계5동주민센터,서울특별시 노원구 한글비석로 436,37.6629413439186,127.069146506308,서울특별시 노원구 상계동 167-20,1667,
MA010120220800447235,커피나무,,3110836,상도역 5번,서울특별시 동작구 흑석로 10,37.5047463588404,126.951786843993,서울특별시 동작구 상도1동 646-1,6969,
MA010120220812350254,카페드림산림조합중앙회점,,3111006,석촌고분역 1번,서울특별시 송파구 석촌호수로 166,37.5065918207015,127.09533161136,서울특별시 송파구 삼전동 111-5,5601,
MA010120220813477739,카페티숨산림조합중앙회점,,3111006,석촌고분역 1번,서울특별시 송파구 석촌호수로 166,37.5065918207015,127.09533161136,서울특별시 송파구 삼전동 111-5,5601,
MA010120220804068500,제이큐리아서티,,3120052,성수역,서울특별시 성동구 연무장7길 11,37.543784094119,127.054416586394,서울특별시 성동구 성수동2가 314-12,4782,
MA010120220810595396,영스타,,3110810,영신초등학교,서울특별시 영등포구 도신로 242,37.5126925360555,126.917883040633,서울특별시 영등포구 신길동 110-20,7352,
MA010120220808351297,더귀여워,,3120103,홍대입구역(홍대),서울특별시 마포구 와우산로17길 15,37.5500509040399,126.922108399746,서울특별시 마포구 서교동 409-1,4049,
MA0101202305A0028320,한시십일분,,3110219,삼육보건대학교,서울특별시 동대문구 망우로 40,37.5886069702634,127.05792516426,서울특별시 동대문구 휘경동 280-2,2496,
MA010120220804069211,티테라피,,3120002,서촌(경복궁역),서울특별시 종로구 자하문로 58,37.5812475652501,126.971278014064,서울특별시 종로구 창성동 158-5,3043,
MA010120220814324059,퀸즈플레이스,,3120185,논현역,서울특별시 서초구 신반포로 326,37.5102957595993,127.019555880825,서울특별시 서초구 반포동 705,6534,
MA0101202411A0105461,골드빈,,3120052,성수역,서울특별시 성동구 성수일로8길 37,37.5458562922268,127.054633094437,서울특별시 성동구 성수동2가 289-15,4794,
MA010120220800038802,모던팩토리,,3120007,북촌(안국역),서울특별시 종로구 계동길 82,37.5809800270849,126.986833444856,서울특별시 종로구 계동 131-2,3057,
MA0101202307A0024946,비엔나커피하우스협동조합,,3120007,북촌(안국역),서울특별시 종로구 계동길 82,37.5809800270849,126.986833444856,서울특별시 종로구 계동 131-2,3057,
MA0106202201A0793150,하프커피로스터스,안국점,3120007,북촌(안국역),서울특별시 종로구 계동길 82,37.5809800270849,126.986833444856,서울특별시 종로구 계동 131-2,3057,
MA010120220803523623,말리에프엔디,,3120028,명동(명동거리),서울특별시 중구 퇴계로 123,37.5612660769897,126.985354228557,서울특별시 중구 충무로2가 65-9,4536,
MA010120220811977555,오버도즈,,3110671,등촌1동주민센터,서울특별시 강서구 화곡로68길 82,37.5575329215128,126.858303043076,서울특별시 강서구 등촌동 638-3,7566,
MA0106202201A0637118,에스제이아이앤지,,3120237,경찰병원역,서울특별시 송파구 송이로 101,37.497368516794,127.121521818886,서울특별시 송파구 가락동 49-6,5714,
MA010120220811123208,아니마아니무스,,3110155,광진구청,서울특별시 광진구 아차산로39길 8,37.5386446790919,127.07724610548,서울특별시 광진구 자양동 225-38,5028,
MA0101202406A0194917,감성커피서,여의도점,3120148,국회의사당역(국회의사당),서울특별시 영등포구 국회대로74길 9,37.530516695439,126.921302827612,서울특별시 영등포구 여의도동 13-2,7238,
MA010120220800088684,투썸플레이스동,여의도점,3120149,여의도역(여의도),서울특별시 영등포구 국제금융로2길 7,37.5246457177567,126.926829582302,서울특별시 영등포구 여의도동 24,7327,
MA010120220805355601,코어리서치,,3120149,여의도역(여의도),서울특별시 영등포구 국제금융로2길 7,37.5246457177567,126.926829582302,서울특별시 영등포구 여의도동 24,7327,
MA010120220812955061,텐퍼센트스페셜티커피강남,서초점,3120189,강남역,서울특별시 서초구 서초대로74길 23,37.4956258989903,127.027094692608,서울특별시 서초구 서초동 1327,6621,
MA0101202306A0091193,행복한정.미소서울,2호점,3110499,연가초등학교,서울특별시 서대문구 증가로20길 17,37.5809423675962,126.916709983838,서울특별시 서대문구 북가좌동 5-111,3670,
MA0101202411A0168703,텍스처커피,,3120093,연희동,서울특별시 서대문구 연희로11가길 51,37.5663443929709,126.92754718654,서울특별시 서대문구 연희동 192-28,3707,
MA0101202406A0405913,메모리아인이태원,,3001491,이태원 관광특구,서울특별시 용산구 이태원로19길 1,37.534597136947,126.991808530532,서울특별시 용산구 이태원동 168-12,4351,
MA010120220811815602,파이브씨커피웍스,,3120051,뚝섬역,서울특별시 성동구 왕십리로14길 30-1,37.5483553453115,127.046996441208,서울특별시 성동구 성수동1가 656-834,4789,
MA0101202406A0161831,공차롯데,미아점,3120078,미아사거리역,서울특별시 강북구 도봉로 62,37.6145927940488,127.030524360775,서울특별시 강북구 미아동 70-6,1215,
MA010120220813775869,레드플랜트,,3120104,연남동(홍대),서울특별시 마포구 동교로25길 28,37.5583304505305,126.921171724923,서울특별시 마포구 동교동 204-50,3993,
MA010120220805466113,제이어스에프엔비,,3110718,한국SGI본부,서울특별시 구로구 새말로 94,37.5054712994693,126.8904986558,서울특별시 구로구 구로동 25,8289,
MA0106202201A0422208,달콤커피점,역삼역,3120197,역삼역,서울특별시 강남구 논현로 513,37.5024261633944,127.035850569343,서울특별시 강남구 역삼동 641-11,6131,
MA010120220800258846,씨키스커피,,3110058,성심여자고등학교,서울특별시 용산구 원효로19길 1,37.5329297810996,126.951893160587,서울특별시 용산구 원효로4가 124-1,4360,
MA010120220803558873,인벡스아이앤씨주,,3120202,압구정로데오역(압구정로데오),서울특별시 강남구 선릉로157길 23-5,37.5258696569061,127.037864162302,서울특별시 강남구 신사동 657-24,6018,
MA0101202406A0502074,로토드,,3110544,망리단길,서울특별시 마포구 포은로 111,37.5568945053679,126.904423261599,서울특별시 마포구 망원동 415-29,4009,
MA010120220812796703,오스커피하우스Oh’scoffeehouse,,3120158,녹두거리(대학동),서울특별시 관악구 신림로23길 16,37.4704817077385,126.934479042818,서울특별시 관악구 신림동 1523,8812,
MA0101202406A0279920,피앤피,,3120208,청담사거리(청담동명품거리),서울특별시 강남구 삼성로146길 6,37.5229464617043,127.048643424951,서울특별시 강남구 청담동 62-13,6070,
MA010120220800234045,스튜디오GT,,3111007,석촌고분역 4번,서울특별시 송파구 백제고분로28길 29,37.5004230423511,127.091399537519,서울특별시 송파구 삼전동 66,5590,
MA0101202406A0007835,에이티커피,,3120077,미아역,서울특별시 강북구 도봉로 170,37.6239998761959,127.027390428388,서울특별시 강북구 미아동 126-22,1158,
MA010120220800051466,올웨이즈온,,3120160,사당역(사당),서울특별시 서초구 방배천로2안길 45,37.4790133081652,126.983810096326,서울특별시 서초구 방배동 451-33,6692,
MA010120220805340778,스페이스엠,,3120203,강남구청역,서울특별시 강남구 언주로130길 35,37.5156701818537,127.038243593628,서울특별시 강남구 논현동 239-6,6098,
MA010120220805138179,투써밋,,3120094,"신촌역(신촌역, 신촌로터리)",서울특별시 마포구 신촌로 74,37.5558515705922,126.934008261733,서울특별시 마포구 노고산동 49-25,4057,
MA010120220806573973,방배노인종합복지관늘봄카페,5호점,3110913,방현초등학교(방배119안전센터),서울특별시 서초구 남부순환로287길 17-4,37.4765269634762,126.987439673816,서울특별시 서초구 방배동 478-13,6698,
MA0101202305A0053603,카페12Hz,,3110502,남가좌파출소,서울특별시 서대문구 거북골로 77,37.5768634301225,126.920427675404,서울특별시 서대문구 남가좌동 226-2,3694,
MA010120220811758296,카페엘든,,3110136,경수초등학교,서울특별시 성동구 뚝섬로15길 28,37.5389602594585,127.061518801468,서울특별시 성동구 성수동2가 236-101,4786,
MA010120220812908131,제이와이푸드솔루션,,3120107,공덕역(공덕오거리),서울특별시 마포구 백범로 212,37.5424269162216,126.953369372049,서울특별시 마포구 신공덕동 173,4196,
MA010120220808405553,커피나무필동점,,3120032,충무로역,서울특별시 중구 필동로 24,37.5595640351861,126.996050032477,서울특별시 중구 필동3가 34,4626,
MA0101202406A0459763,카페레이어&베이커리,3호점,3110869,"신림역 5번(신림동주민센터, 신림동별빛거리)",서울특별시 관악구 신림동1길 8,37.4870204919931,126.928042223384,서울특별시 관악구 신림동 1432-12,8760,
MA0101202409A0152490,카페루시드크루와상,,3110869,"신림역 5번(신림동주민센터, 신림동별빛거리)",서울특별시 관악구 신림동1길 8,37.4870204919931,126.928042223384,서울특별시 관악구 신림동 1432-12,8760,
MA010120220806304910,청담탑노치커피,,3120208,청담사거리(청담동명품거리),서울특별시 강남구 도산대로 522,37.5241712050276,127.050126171853,서울특별시 강남구 청담동 50-2,6070,
MA010120220802992514,문화NOT공장,,3110423,석계역 2번,서울특별시 노원구 화랑로 337-4,37.6151101281862,127.065534384873,서울특별시 노원구 월계동 36-5,1895,
MA0101202305A0035367,노리카페,,3110620,목동보건지소,서울특별시 양천구 목동중앙남로4길 23,37.5372268820914,126.86820778298,서울특별시 양천구 목동 737-10,7960,
MA010120220804815552,달콤상점,,3130312,석촌시장,서울특별시 송파구 송파대로37길 70,37.4996191398942,127.104675206685,서울특별시 송파구 석촌동 254-5,5695,
MA0101202307A0053886,카페뱅가드,,3120225,잠실새내역(신천),서울특별시 송파구 올림픽로8길 20,37.5099999257596,127.080089435822,서울특별시 송파구 잠실동 194,5561,
MA010120220807834189,함께그린카페금빛공원점,,3120133,서울시흥동우체국(홈플러스시흥점),서울특별시 금천구 금하로14길 20,37.4526207555771,126.903889291521,서울특별시 금천구 시흥동 892-15,8629,
MA010120220806499003,커피에반젤린,,3110595,메디힐병원,서울특별시 양천구 화곡로4길 14,37.5381565185704,126.827495814184,서울특별시 양천구 신월동 52-4,7904,
MA010120220804197449,CafeCeccoBeppe,,3120169,서초역,서울특별시 서초구 서초대로40길 49,37.4894387993525,127.008231765191,서울특별시 서초구 서초동 1540-3,6656,
MA010120220812395933,커피디지구로삼성IT점,,3120129,구로디지털단지,서울특별시 구로구 디지털로33길 27,37.4860584110989,126.894676612063,서울특별시 구로구 구로동 197-5,8380,
MA010120220809977195,히브루스,,3120094,"신촌역(신촌역, 신촌로터리)",서울특별시 마포구 서강로 144,37.5544834871737,126.936623738607,서울특별시 마포구 노고산동 107-1,4100,
MA010120220800229742,더코너커피,,3120225,잠실새내역(신천),서울특별시 송파구 올림픽로 119,37.5120874067389,127.0841861696,서울특별시 송파구 잠실동 19-9,5501,
MA010120220814271095,카페게이트홍대상수점,,3120105,상수역(홍대),서울특별시 마포구 독막로 67-13,37.5483740229825,126.920571132842,서울특별시 마포구 상수동 317-1,4049,
MA0101202311A0014574,오키프가든,,3120114,목동신시가지,서울특별시 양천구 목동동로 309,37.5291443425945,126.876005591962,서울특별시 양천구 목동 917-6,7997,
MA0101202306A0085377,발도스커피행복한점,백화점,3120114,목동신시가지,서울특별시 양천구 목동동로 309,37.5291443425945,126.876005591962,서울특별시 양천구 목동 917-6,7997,
MA010120220804333486,셀프사진관포테이토,,3120104,연남동(홍대),서울특별시 마포구 동교로34길 8,37.560927696531,126.924813436851,서울특별시 마포구 연남동 260-45,3985,
MA010120220803861663,크레이빙커피,,3111077,길동주민센터(강동도서관),서울특별시 강동구 명일로 193,37.5359766100665,127.145344648903,서울특별시 강동구 길동 252-97,5350,
MA0101202306A0061846,카페헤세드,,3110291,한성대입구역 3번,서울특별시 성북구 삼선교로16가길 41,37.5844940177599,127.012080287778,서울특별시 성북구 삼선동3가 115-3,2868,
MA010120220809703021,커피포스트,,3111026,문정역 2번,서울특별시 송파구 송이로36길 42-9,37.4837558549825,127.128566334214,서울특별시 송파구 문정동 95-1,5802,
MA010120220810313938,카페오늘,,3120139,대림3동사거리,서울특별시 영등포구 가마산로34길 4,37.4984936721553,126.896219754,서울특별시 영등포구 대림동 776-5,7411,
MA010120220803486229,커피산책,,3120038,약수역,서울특별시 중구 동호로 207,37.5562210472679,127.009144501935,서울특별시 중구 신당동 357-2,4598,
MA0101202406A0529391,카페연희서대문지역자활센터,,3120093,연희동,서울특별시 서대문구 연희로 117,37.568311117211,126.93183528859,서울특별시 서대문구 연희동 134-20,3708,
MA010120220804807831,리트리트커피로스터즈,,3120076,수유역,서울특별시 강북구 한천로139길 11,37.6395601646941,127.026240471534,서울특별시 강북구 수유동 191-57,1074,
MA010120220810024273,카페드프랑,,3120187,신논현역,서울특별시 서초구 사평대로55길 18,37.5048351075012,127.022698550545,서울특별시 서초구 반포동 738-43,6541,
MA010120220800216073,커피랩세아점,,3120101,합정역,서울특별시 마포구 양화로 45,37.551495853803,126.913958846569,서울특별시 마포구 서교동 490,4036,
MA010120220808618167,윌비,,3120186,가로수길,서울특별시 강남구 강남대로158길 26,37.5191884347152,127.020915624221,서울특별시 강남구 신사동 517-4,6034,
MA010120220808294519,멜로우커피랩,,3110892,관악구 중앙길,서울특별시 관악구 중앙길 15-1,37.4838437458032,126.953654549108,서울특별시 관악구 봉천동 58-3,8745,
MA010120220808565140,캘브커피,,3110558,경성고등학교,서울특별시 마포구 연남로13길 19,37.5663910199114,126.916307385679,서울특별시 마포구 성산동 605-6,3974,
MA0101202406A0159616,디디카페,,3110205,경희대삼거리,서울특별시 동대문구 회기로21가길 10,37.5919787181652,127.053613766225,서울특별시 동대문구 회기동 7-1,2453,
MA010120220805336691,공간사이,,3110017,정독도서관,서울특별시 종로구 북촌로11길 8,37.581601448777,126.984648325748,서울특별시 종로구 가회동 30-11,3052,
MA010120220812621663,빠켱커피,,3111006,석촌고분역 1번,서울특별시 송파구 백제고분로31길 5,37.5030960158686,127.095214072126,서울특별시 송파구 삼전동 119-22,5604,
MA010120220811563767,카페에클신월동교회,,3110593,신월3동주민센터,서울특별시 양천구 남부순환로 374,37.5336182242884,126.829384395622,서울특별시 양천구 신월동 167-2,7910,
MA010120220800516098,커피보니또,등촌점,3110671,등촌1동주민센터,서울특별시 강서구 양천로60길 19,37.557723199998,126.859196778787,서울특별시 강서구 등촌동 630-6,7550,
MA010120220803299186,파운드잇,,3120071,성북구청,서울특별시 성북구 고려대로1길 67,37.58831345395,127.018127018666,서울특별시 성북구 삼선동5가 344,2848,
MA010120220801043923,레몬시티,,3120213,삼성중앙역,서울특별시 강남구 삼성로104길 18,37.5110047897535,127.056247722195,서울특별시 강남구 삼성동 152-55,6166,
MA010120220805327414,아포르,,3110061,효창동주민센터,서울특별시 용산구 효창원로 155,37.5417362111261,126.961912825232,서울특별시 용산구 효창동 5-530,4319,
MA010120220809306014,메이킷카페,,3120213,삼성중앙역,서울특별시 강남구 삼성로 535,37.509617986805,127.054663223934,서울특별시 강남구 삼성동 127-9,6156,
MA010120220803455722,초원다방,,3120032,충무로역,서울특별시 중구 충무로 20-1,37.5629967081062,126.993288142672,서울특별시 중구 충무로3가 33-1,4556,
MA010120220812151843,데이즈앤데이즈,,3120130,구로디지털단지역,서울특별시 관악구 시흥대로 578,37.4843267968146,126.903249441699,서울특별시 관악구 신림동 1643,8700,
MA0106202307A0595586,커피스미스,,3120186,가로수길,서울특별시 강남구 가로수길 13,37.5187285383918,127.022985553017,서울특별시 강남구 신사동 536-20,6035,
MA0106202201A0153540,커피빈코리어아구의삼성쉐르빌,,3120059,구삼강변맛길,서울특별시 광진구 구의강변로 106,37.5398841568976,127.094955327617,서울특별시 광진구 구의동 199-18,5117,
MA010120220812201252,엠엠티에이치078,,3120222,삼성역,서울특별시 강남구 테헤란로108길 12,37.5086122164506,127.065757855204,서울특별시 강남구 대치동 996-14,6174,
MA010120220809769467,토마토,,3120032,충무로역,서울특별시 중구 퇴계로31길 16,37.561888428839,126.992405413908,서울특별시 중구 충무로3가 51-7,4554,
MA010120220800280443,에스크컨베이,,3110062,한강로동땡땡거리(은행나무길),서울특별시 용산구 이촌로29길 11,37.5244181768744,126.959523349991,서울특별시 용산구 한강로3가 40-91,4380,
MA010120220800319528,푸드넷시스템,,3120171,서초3동사거리,서울특별시 서초구 남부순환로 2395,37.4806716268834,127.012368817081,서울특별시 서초구 서초동 1464-22,6711,
MA010120220801051039,프롬더테이블,,3110085,경리단길남측,서울특별시 용산구 녹사평대로46길 50,37.5378675660249,126.989273684825,서울특별시 용산구 이태원동 314-1,4345,
MA010120220813987571,메이크베러띵스,,3110550,합정역 8번,서울특별시 마포구 동교로 44-3,37.5525540294126,126.907348563526,서울특별시 마포구 합정동 433-24,4021,
MA0101202306A0043804,메가엠지씨커피보라매SK뷰점,,3110813,보라매역 6번,서울특별시 영등포구 신풍로17길 16,37.501393097138,126.916685335743,서울특별시 영등포구 신길동 2093,7391,
MA0101202409A0168919,계산산업공차,동국대점,3110043,충무초등학교,서울특별시 중구 서애로1길 11,37.5613390567708,126.998596539849,서울특별시 중구 충무로5가 90,4619,
MA010120220806629164,어나더페이지,,3110350,가오리역 2번,서울특별시 강북구 삼양로93길 14,37.6376608497914,127.016507510357,서울특별시 강북구 수유동 397-33,1086,
MA010120220809841458,티에리스티스탠드,,3110913,방현초등학교(방배119안전센터),서울특별시 서초구 남부순환로287길 9-1,37.4762927105309,126.987530156131,서울특별시 서초구 방배동 478-18,6698,
MA010120220807210431,세컨드라이브러리,,3120214,영동대교남단교차로,서울특별시 강남구 영동대로137길 6,37.521970594995,127.054988978352,서울특별시 강남구 청담동 68-16,6072,
MA010120220810253903,소리카페,,3120089,구파발역,서울특별시 은평구 진관2로 15-8,37.6353911310736,126.919560913557,서울특별시 은평구 진관동 73,3306,
MA0101202305A0184036,기다림기:다림,,3110243,중랑노인종합복지관,서울특별시 중랑구 겸재로3길 9,37.586461105152,127.076401050544,서울특별시 중랑구 면목동 193-57,2133,
MA010120220800743421,엠커피카페,,3120127,구로구청,서울특별시 구로구 구로중앙로 58,37.4948474882463,126.889473816116,서울특별시 구로구 구로동 98-17,8302,
MA010120220806620046,위두커피,,3120228,석촌역(석촌호수),서울특별시 송파구 백제고분로42길 6-17,37.5051384718084,127.108912752027,서울특별시 송파구 송파동 86-15,5667,
MA010120220808015018,메르씨,,3110620,목동보건지소,서울특별시 양천구 목동중앙남로 77,37.5405843482624,126.865316527908,서울특별시 양천구 목동 714-12,7957,
MA010120220811509435,아아수혈,강남점,3120194,언주역(차병원),서울특별시 강남구 논현로115길 11,37.5087613246213,127.032042033453,서울특별시 강남구 논현동 190-6,6122,
MA010120220804409622,코지,,3110651,화원중학교,서울특별시 강서구 가로공원로76길 54,37.5346751800729,126.837754483683,서울특별시 강서구 화곡동 373-11,7761,
MA0101202311A0006802,큐릉,,3120210,선릉역,서울특별시 강남구 테헤란로57길 21,37.5059360467255,127.047320442422,서울특별시 강남구 역삼동 696-21,6149,
MA0101202305A0012589,아해,,3110293,삼선중학교,서울특별시 성북구 동소문로13길 25-2,37.59291829333,127.01212694141,서울특별시 성북구 동소문동4가 197,2832,
MA010120220808572212,일리카페롯데건대스타시티점,백화점,3120053,건대입구역(건대),서울특별시 광진구 능동로 92,37.538999859787,127.071215658383,서울특별시 광진구 자양동 227-342,5065,
MA010120220802893636,제이티인터내셔널광진구지점,,3120053,건대입구역(건대),서울특별시 광진구 능동로 92,37.538999859787,127.071215658383,서울특별시 광진구 자양동 227-342,5065,
MA010120220806562910,비엔나커피하우스건대스타시티점,,3120053,건대입구역(건대),서울특별시 광진구 능동로 92,37.538999859787,127.071215658383,서울특별시 광진구 자양동 227-342,5065,
MA010120220809569949,주머니,,3110206,텃골근린공원,서울특별시 동대문구 답십리로23길 53,37.5778528703899,127.049675344748,서울특별시 동대문구 전농동 530-65,2551,
MA010120220810012347,리릭스커피컴퍼니,,3120094,"신촌역(신촌역, 신촌로터리)",서울특별시 마포구 신촌로 116,37.5553494850399,126.938592218793,서울특별시 마포구 노고산동 40-36,4101,
MA0106202212A0996612,프렌떼한남,,3110095,한강진역 3번,서울특별시 용산구 이태원로54길 66,37.5355795076715,127.000995661284,서울특별시 용산구 한남동 684-17,4400,
MA010120220806367090,제이에스라운지,,3110544,망리단길,서울특별시 마포구 월드컵로15길 56,37.5545635623343,126.907742177668,서울특별시 마포구 망원동 382-6,4014,
MA010120220803705740,원오어모어,,3120103,홍대입구역(홍대),서울특별시 마포구 와우산로 63,37.5502766585649,126.922877690309,서울특별시 마포구 서교동 407-3,4049,
MA010120220809935661,오래도록예쁘다,,3110971,선정릉역 4번,서울특별시 강남구 언주로106길 7,37.5078667863853,127.040343299878,서울특별시 강남구 역삼동 687-1,6144,
MA010120220803346327,빙달눈꽃빙수,노원점,3110428,상계5동주민센터,서울특별시 노원구 한글비석로24길 52,37.6627497670674,127.073079089265,서울특별시 노원구 상계동 156-119,1663,
MA010120220814190872,어라우즈,,3120120,화곡역,서울특별시 강서구 화곡로26가길 64,37.5400254469368,126.836543502091,서울특별시 강서구 화곡동 1073-36,7715,
MA010120220805420450,배블,,3120108,신정네거리역,서울특별시 양천구 은행정로7길 39,37.5218947211889,126.855270909341,서울특별시 양천구 신정동 976-5,8027,
MA010120220808316286,칸틴커피휘경점,,3110219,삼육보건대학교,서울특별시 동대문구 망우로 74,37.5895963280208,127.061356649409,서울특별시 동대문구 휘경동 269-26,2496,
MA010120220808843361,어글리롤리,,3120195,성수대교남단,서울특별시 강남구 언주로170길 37,37.5266178422569,127.036744555586,서울특별시 강남구 신사동 642-8,6017,
MA010120220806521390,아나이스플라워카페,,3111067,강동구립성내도서관,서울특별시 강동구 천호대로174길 20,37.5340612909419,127.13452465733,서울특별시 강동구 성내동 199-22,5373,
MA010120220805136600,필립서울,,3110955,논현초등학교,서울특별시 강남구 학동로6길 53,37.5092131313645,127.026805533814,서울특별시 강남구 논현동 158-35,6115,
MA0101202409A0193322,카페입니다만,,3120243,천호역,서울특별시 강동구 천호대로 1006,37.537965394607,127.12374877508,서울특별시 강동구 성내동 64-13,5378,
MA010120220804427728,플렉스윗,,3110654,까치산역 4번,서울특별시 강서구 강서로17길 35,37.5325029267426,126.843812102697,서울특별시 강서구 화곡동 347-7,7770,
MA010120220808802872,엘앤제이프레즌트,,3120152,신대방삼거리역,서울특별시 동작구 상도로 83,37.4999059990568,126.929884527206,서울특별시 동작구 대방동 335-16,6953,
MA0101202306A0013700,하얀구르미,,3120012,대학로(혜화역),서울특별시 종로구 창경궁로 261,37.5846478046091,127.000181148081,서울특별시 종로구 명륜2가 14-1,3075,
MA0101202406A0140731,커피앵커,,3110955,논현초등학교,서울특별시 강남구 강남대로118길 70,37.5070142770762,127.028523870576,서울특별시 강남구 논현동 195,6121,
MA010120220808620447,노르웨이안우드,,3110343,무너미어린이공원,서울특별시 강북구 인수봉로 314,37.646752449878,127.010719291751,서울특별시 강북구 수유동 569-59,1026,
MA010120220811127499,달달해,,3130221,"남부골목시장(남부화곡시장, 남부시장)",서울특별시 강서구 곰달래로51길 23,37.5328093343293,126.858146180483,서울특별시 강서구 화곡동 831-9,7738,
MA010120220810965310,카페it수다,,3120160,사당역(사당),서울특별시 서초구 방배천로2안길 49,37.4791124207358,126.983821380757,서울특별시 서초구 방배동 451-32,6692,
MA0106202201A0153142,커피빈마곡마커스빌딩,코리아,3120119,발산역(마곡),서울특별시 강서구 마곡동로 55,37.5600677342985,126.833036413224,서울특별시 강서구 마곡동 774-12,7802,
MA010120220813252917,어피셔나도,,3111013,송파나루역 1번(송리단길),서울특별시 송파구 오금로18길 6,37.5102816347244,127.110605490169,서울특별시 송파구 송파동 51-2,5619,
MA010120220808767710,커스텀커피,대치점,3120220,대치역,서울특별시 강남구 남부순환로 2921,37.493496518102,127.059773987267,서울특별시 강남구 대치동 623,6280,
MA010120220814204671,카페보스강남,신사점,3120190,강남을지병원,서울특별시 강남구 도산대로 159,37.5191424106947,127.025836266217,서울특별시 강남구 신사동 561-30,6037,
MA010120220804339669,제이플로,,3120239,오금역,서울특별시 송파구 중대로 197,37.4996614342403,127.125958625072,서울특별시 송파구 가락동 10-13,5703,
MA0101202305A0188482,마음정원선엽차,,3120094,"신촌역(신촌역, 신촌로터리)",서울특별시 서대문구 신촌로 63,37.556608268585,126.933758609227,서울특별시 서대문구 창천동 72-22,3787,
MA0101202409A0126163,카페엔스토어이끌리오,,3110477,은평세무서,서울특별시 은평구 서오릉로 45,37.6047694190753,126.923863348652,서울특별시 은평구 녹번동 153-21,3459,
MA010120220807368068,까페리앙,,3120145,영등포역(영등포),서울특별시 영등포구 경인로 843,37.5164594039653,126.906657962798,서울특별시 영등포구 영등포동3가 33,7305,
MA0101202409A0204841,텀블리나커피,,3120075,월곡역,서울특별시 성북구 화랑로13길 42-6,37.6052820474533,127.042003985222,서울특별시 성북구 하월곡동 21-52,2748,
MA010120220811472865,과일파는덕이언니,,3120051,뚝섬역,서울특별시 성동구 성수일로 47,37.5447323182895,127.049472308302,서울특별시 성동구 성수동1가 16-8,4779,
MA010120220813725365,브라운시티,본점,3120103,홍대입구역(홍대),서울특별시 마포구 와우산로 88-1,37.5521694433022,126.923939522691,서울특별시 마포구 서교동 360-3,4067,
MA0101202211A0031240,월성맨션,,3120098,DMC(디지털미디어시티),서울특별시 마포구 상암산로 76,37.5791927271385,126.892315339657,서울특별시 마포구 상암동 1607,3926,
MA010120220804771756,크래프티,,3110895,샤로수길,서울특별시 관악구 낙성대로 24,37.4763582556861,126.95876921181,서울특별시 관악구 봉천동 1625-16,8790,
MA010120220800252478,유어로스팅파크,,3120104,연남동(홍대),서울특별시 마포구 성미산로22길 23,37.5619886002671,126.921326327357,서울특별시 마포구 연남동 515-1,3988,
MA0101202311A0039102,오에스디에스연남,,3120104,연남동(홍대),서울특별시 마포구 성미산로22길 23,37.5619886002671,126.921326327357,서울특별시 마포구 연남동 515-1,3988,
MA010120220804898343,모모라플라워카페,,3120101,합정역,서울특별시 마포구 월드컵로3길 14,37.55100761048,126.91165080896,서울특별시 마포구 합정동 473,4024,
MA0106202201A0153301,커피빈코리아합정,푸르지오점,3120101,합정역,서울특별시 마포구 월드컵로3길 14,37.55100761048,126.91165080896,서울특별시 마포구 합정동 473,4024,
MA010120220806669200,투썸플레이스영등포당산아리,스타점,3110794,영동초등학교,서울특별시 영등포구 버드나루로 129,37.5296324813895,126.907195907992,서울특별시 영등포구 당산동 121-61,7226,
MA010120220812418041,카페쿠수키,,3110770,영등포구청역 6번,서울특별시 영등포구 영신로45길 12,37.5228874380183,126.900382879111,서울특별시 영등포구 당산동1가 247-1,7267,
MA010120220805466180,에슬로우,,3120215,포스코사거리,서울특별시 강남구 선릉로90길 64,37.5053113102316,127.054388649412,서울특별시 강남구 대치동 891-37,6194,
MA010120220812722257,꽁다방,,3120157,신림역(신림),서울특별시 관악구 신림로58길 13,37.4826251226558,126.930635590812,서울특별시 관악구 신림동 86-1,8777,
MA010120220814319329,공정무역평화다방,,3110261,사가정역 4번,서울특별시 중랑구 면목로 270,37.5769129555944,127.08603642893,서울특별시 중랑구 면목동 354-5,2252,
MA0101202409A0129134,인터렉티브커피바,,3120103,홍대입구역(홍대),서울특별시 마포구 홍익로 13-5,37.5535023841514,126.923112024189,서울특별시 마포구 서교동 358-152,4040,
MA0101202212A0092136,지져스커피총회본부점,,3120210,선릉역,서울특별시 강남구 테헤란로64길 19,37.5037807607469,127.051808966012,서울특별시 강남구 대치동 890-57,6193,
MA010120220812257519,피르마,,3120190,강남을지병원,서울특별시 강남구 논현로153길 28,37.5208903589365,127.025825556798,서울특별시 강남구 신사동 557-34,6033,
MA010120220801899927,빈스토리,,3111042,거여역 1번(거여공원),서울특별시 송파구 성내천로 126,37.4989941985213,127.142264797283,서울특별시 송파구 거여동 5-23,5736,
MA0101202210A0091296,칼리아,,3120190,강남을지병원,서울특별시 강남구 논현로155길 10,37.5219532427674,127.027160771537,서울특별시 강남구 신사동 565-20,6032,
MA010120220808600502,흔흔랜드,,3120047,한남오거리,서울특별시 용산구 대사관로24길 13,37.5330025477375,127.00489893752,서울특별시 용산구 한남동 639-15,4402,
MA010120220810012198,스케네,,3110501,연희어린이공원,서울특별시 서대문구 홍제천로 6,37.5681945772259,126.918546581492,서울특별시 서대문구 연희동 446-88,3706,
MA0106202201A0153181,커피빈천호역점,코리아,3120243,천호역,서울특별시 강동구 올림픽로 659,37.5403263173852,127.123458485766,서울특별시 강동구 천호동 432-10,5248,
MA010120220808021749,서던하일랜드단라운지,,3120030,중부경찰서(영화인의거리),서울특별시 중구 퇴계로 176,37.5608071562009,126.991296345302,서울특별시 중구 남학동 13-2,4627,
MA0101202303A0014650,고망고대흥역점,,3110578,대흥역 2번,서울특별시 마포구 백범로25길 1,37.5463071811785,126.946215272953,서울특별시 마포구 염리동 148-8,4138,
MA0101202210A0039265,카페오가다강동모커리한방,병원점,3111072,굽은다리역 1번(십자성마을),서울특별시 강동구 양재대로 1517,37.541261884759,127.140874095873,서울특별시 강동구 천호동 51-7,5316,
MA0106202201A0793149,하프커피로스터스,,3120167,고속터미널(고속터미널역),서울특별시 서초구 사평대로 205,37.5044856361818,127.007837579621,서울특별시 서초구 반포동 118-3,6545,
MA010120220800815995,더블해피니스파미에파크점,,3120167,고속터미널(고속터미널역),서울특별시 서초구 사평대로 205,37.5044856361818,127.007837579621,서울특별시 서초구 반포동 118-3,6545,
MA0101202406A0137906,메가엠지씨커피신정역점,,3110612,신정역 5번,서울특별시 양천구 오목로 146,37.5245236047215,126.853614183621,서울특별시 양천구 신정동 946-1,8019,
MA010120220814345447,프로젝트위드원,,3120240,개롱역,서울특별시 송파구 오금로46길 41,37.4941210363374,127.133446569026,서울특별시 송파구 가락동 189,5782,
MA0101202301A0091035,베이킹스튜디오완두,,3120156,"총신대입구역(이수, 총신대)",서울특별시 동작구 사당로29가길 6,37.485229546795,126.979195607056,서울특별시 동작구 사당동 141-48,7008,
MA0101202409A0092031,카페Rachel,,3110249,중화역 1번,서울특별시 중랑구 봉화산로27나길 16,37.6026207077605,127.082612061438,서울특별시 중랑구 중화동 16-5,2049,
MA0101202209A0039356,어스커피,,3110092,NH농협은행 보광동지점,서울특별시 용산구 우사단로4길 22-22,37.5305879493655,126.998020123721,서울특별시 용산구 보광동 265-214,4413,
MA010120220804552474,강동사회적기업협의회,,3111052,암사역 3번(천호동자전거거리),서울특별시 강동구 상암로4길 16,37.549855971554,127.126212791254,서울특별시 강동구 암사동 515-20,5242,
MA0101202303A0073816,로스터스로스터리:삼성,,3120215,포스코사거리,서울특별시 강남구 삼성로81길 6,37.5047784527965,127.057068657364,서울특별시 강남구 대치동 893-7,6195,
MA010120220806619534,트랙26,,3110542,마포구청역 7번,서울특별시 마포구 방울내로9안길 71,37.5602241789501,126.899586199411,서울특별시 마포구 망원동 466-1,3955,
MA0101202409A0147645,메가엠지씨커피중화역점,,3110249,중화역 1번,서울특별시 중랑구 동일로 806,37.6024605997345,127.079599580411,서울특별시 중랑구 중화동 285-6,2050,
MA0101202305A0036298,디케이올,,3120160,사당역(사당),서울특별시 서초구 동작대로 36,37.479670812323,126.982193211113,서울특별시 서초구 방배동 442-3,6691,
MA0101202406A0585454,세화비지니스,,3110778,구로디지털단지역 4번,서울특별시 영등포구 대림로 101,37.4907058226447,126.903116831423,서울특별시 영등포구 대림동 1019-26,7443,
MA0101202409A0244806,컴포즈신월양강점,,3110608,신월2동주민센터,서울특별시 양천구 오목로 69,37.5229544406153,126.84542706048,서울특별시 양천구 신월동 491-23,7936,
MA010120220808432787,에버그린티에스,,3120077,미아역,서울특별시 강북구 도봉로 167,37.6236396089,127.026835240581,서울특별시 강북구 미아동 310-4,1171,
MA0106202201A0026023,CGV투썸건대입구,,3120053,건대입구역(건대),서울특별시 광진구 아차산로30길 26,37.5397592332572,127.066882750095,서울특별시 광진구 자양동 9-4,5072,
MA010120220811706711,영원애프앤비,,3110509,연희대우아파트앞,서울특별시 서대문구 신촌로 25,37.5579934136618,126.92962641567,서울특별시 서대문구 창천동 503-8,3785,
MA010120220808664050,허니빈,,3110069,숙대입구,서울특별시 용산구 청파로43다길 6,37.5433240838915,126.969153939072,서울특별시 용산구 청파동3가 121-23,4313,
MA010120220802587094,위싱웰,,3120197,역삼역,서울특별시 강남구 논현로94길 5,37.5024438808072,127.036834489537,서울특별시 강남구 역삼동 668-19,6140,
MA010120220806274987,공감,,3120145,영등포역(영등포),서울특별시 영등포구 영등포로 203-1,37.5202687232458,126.904255070214,서울특별시 영등포구 영등포동6가 6-1,7251,
MA010120220802247130,푸드앤갤러리,,3110093,우사단길,서울특별시 용산구 이태원로 222-26,37.5344712809203,126.999977371669,서울특별시 용산구 한남동 686-1,4404,
MA010120220806964255,라프리앙,,3110175,푸른동산공원,서울특별시 광진구 구의로 18-2,37.5394108354367,127.089568831251,서울특별시 광진구 구의동 220-34,5045,
MA010120220806762131,라이트잇,,3110172,광진초등학교,서울특별시 광진구 광나루로37길 12,37.5454218299854,127.087799439359,서울특별시 광진구 구의동 66-111,4977,
MA0101202212A0096339,뉴홉클,,3110550,합정역 8번,서울특별시 마포구 월드컵로 37,37.5524582074063,126.911637779749,서울특별시 마포구 합정동 426-20,4023,
MA0101202311A0065172,스노우엠유한책임회사,코리아,3110131,성수동카페거리,서울특별시 성동구 연무장3길 3,37.5439747165625,127.051259672509,서울특별시 성동구 성수동2가 301-99,4782,
MA010120220802961741,갤러리K,,3120200,학동사거리,서울특별시 강남구 도산대로55길 16-6,37.5247604213272,127.040872779341,서울특별시 강남구 청담동 88-14,6014,
MA0101202409A0068077,카페요아정DMC점,,3110444,수색성당,서울특별시 은평구 수색로 200,37.579416357817,126.900749131362,서울특별시 은평구 증산동 258,3505,
MA010120220803290612,온유디저트,,3120103,홍대입구역(홍대),서울특별시 마포구 홍익로 3-3,37.5528901170504,126.923746402203,서울특별시 마포구 서교동 358-74,4040,
MA010120220800688380,이문동커피집브루밸류,,3110214,경희대후문,서울특별시 동대문구 이문로25길 39,37.5954638037579,127.057341662572,서울특별시 동대문구 이문동 331-56,2451,
MA0101202307A0080895,두목커피,,3120185,논현역,서울특별시 서초구 신반포로47길 26,37.5118905653143,127.019386635575,서울특별시 서초구 잠원동 38-4,6531,
MA010120220808576880,네이밍카페커피GO!#20,,3111078,굽은다리역 4번,서울특별시 강동구 명일로 261,37.5419389131199,127.14721192898,서울특별시 강동구 길동 90-3,5304,
MA010120220809603877,카페수다,,3111059,강동역 4번(강풀만화거리),서울특별시 강동구 성안로 109,37.533270193191,127.13295059373,서울특별시 강동구 성내동 383-11,5381,
MA0101202409A0179915,빙동댕,,3110458,선일여고,서울특별시 은평구 갈현로 251,37.6194227898674,126.915466411123,서울특별시 은평구 갈현동 450-10,3321,
MA010120220800785405,주성코퍼레이션,,3110428,상계5동주민센터,서울특별시 노원구 한글비석로 444,37.6636084529929,127.068489768493,서울특별시 노원구 상계동 450,1666,
MA0101202406A0432807,커피오스coffeos1997,,3120217,대치사거리,서울특별시 강남구 역삼로83길 25,37.5051559020993,127.05904814888,서울특별시 강남구 대치동 958-13,6185,
MA010120220809277733,라미스콘앤지민스통,,3120009,종로3가역,서울특별시 종로구 돈화문로11나길 25,37.5738174618886,126.990343941693,서울특별시 종로구 익선동 152,3133,
MA0101202411A0146552,가배시그니처,,3120028,명동(명동거리),서울특별시 중구 소공로 66,37.5610673963214,126.982015402634,서울특별시 중구 충무로1가 25-11,4535,
MA010120220800105121,온휠스로스터즈,,3110625,신정2동주민센터,서울특별시 양천구 목동동로8길 31-8,37.5163553270607,126.872441034141,서울특별시 양천구 신정동 282-53,8017,
MA010120220814058869,원퍼밀,,3120187,신논현역,서울특별시 강남구 강남대로106길 7,37.50297830808,127.026215215256,서울특별시 강남구 역삼동 810-8,6123,
MA010120220804530824,스타카페,,3120185,논현역,서울특별시 강남구 학동로6길 19,37.5106822486415,127.024600497385,서울특별시 강남구 논현동 123-11,6111,
MA0101202406A0411440,1리터SELL앤디저트와플신림,직영점,3120134,구로전화국,서울특별시 관악구 조원중앙로 27-1,37.4820943721398,126.905818841035,서울특별시 관악구 신림동 1658-19,8769,
MA0101202311A0080141,동행,,3110662,까치산역 1번,서울특별시 강서구 초록마을로37길 32,37.5348399089618,126.846398183133,서울특별시 강서구 화곡동 338-3,7751,
MA0101202211A0072699,케이스팟수국전망대카페,,3130024,남대문시장(자유상가),서울특별시 중구 퇴계로 33,37.5575435500802,126.976606411587,서울특별시 중구 남대문로5가 67-4,4528,
MA0101202302A0009087,노록,,3110749,금산초등학교(금천고등학교),서울특별시 금천구 시흥대로 70,37.4401776274476,126.90373570855,서울특별시 금천구 시흥동 955,8653,
MA010120220807156333,킴스코퍼레이션플라워베이커리카페,,3120186,가로수길,서울특별시 강남구 압구정로2길 45,37.5189180975379,127.02111916146,서울특별시 강남구 신사동 517-5,6034,
MA010120220812929897,위한커피,,3120112,등촌역,서울특별시 강서구 등촌로53길 11,37.5492672090321,126.862913147201,서울특별시 강서구 등촌동 509-11,7667,
MA0106202201A0047341,데우스엑스마키나와우산,,3120103,홍대입구역(홍대),서울특별시 마포구 와우산로17길 19-12,37.5497620897386,126.921361813044,서울특별시 마포구 서교동 408-10,4049,
MA010120220813973047,마왕커피홈앤쇼핑,,3120118,마곡역(마곡),서울특별시 강서구 공항대로 150,37.559460264983,126.824209783588,서울특별시 강서구 마곡동 798,7807,
MA010120220800509369,비동115호,,3110648,양천향교역 7번,서울특별시 강서구 강서로 471,37.567547414607,126.840580914723,서울특별시 강서구 마곡동 776-4,7791,
MA010120220810055487,펑키커피,,3110138,송정체육공원,서울특별시 성동구 송정18가길 3,37.5527237122286,127.068444752295,서울특별시 성동구 송정동 73-1083,4800,
MA010120220803684695,동아쏘시오그룹공제회,,3110181,신설동역 9번,서울특별시 동대문구 무학로25길 16,37.5735348313349,127.029624629344,서울특별시 동대문구 용두동 252-5,2587,
MA010120220802881464,블랙힐스,,3110759,문래예술촌(문래창작촌),서울특별시 영등포구 도림로147길 15-2,37.5154078078332,126.888821380803,서울특별시 영등포구 문래동4가 30-8,7288,
MA010120220803723029,푸가,,3111015,석촌역 3번,서울특별시 송파구 백제고분로42길 34,37.5038656082293,127.111534716194,서울특별시 송파구 송파동 94-27,5668,
MA010120220812394480,킴스프라이스파스쿠찌,천호로데오점,3120243,천호역,서울특별시 강동구 구천면로 212,37.5403753254989,127.128199572653,서울특별시 강동구 천호동 550-5,5334,
MA010120220804199089,윤다방,,3120166,방배역,서울특별시 서초구 방배로13길 28,37.4828075558792,126.994912133331,서울특별시 서초구 방배동 922-15,6683,
MA0101202209A0025495,씨피엘,,3120166,방배역,서울특별시 서초구 방배로13길 28,37.4828075558792,126.994912133331,서울특별시 서초구 방배동 922-15,6683,
MA010120220812257761,엠엠티에이치069,,3120178,신사역,서울특별시 강남구 도산대로8길 5,37.5166473763352,127.022170488576,서울특별시 강남구 논현동 4-6,6039,
MA0106202201A0027112,언노운커피2청계2가,,3120031,을지로3가역,서울특별시 중구 삼일대로12길 21,37.5669517605559,126.98900917703,서울특별시 중구 수표동 56-5,4542,
MA0101202305A0147768,디저트옐로우,,3110455,역촌노인복지관,서울특별시 은평구 갈현로4길 2,37.6018229111388,126.910628181398,서울특별시 은평구 신사동 7-3,3422,
MA0101202411A0043690,브레드앤커피,,3110881,구립대학경로당(관악산샘말공원),서울특별시 관악구 대학길 109,37.4658793166033,126.937761166956,서울특별시 관악구 신림동 255-114,8818,
MA010120220800696112,손끝에서만발하다,,3110836,상도역 5번,서울특별시 동작구 흑석로 18,37.5047736958336,126.95254457505,서울특별시 동작구 상도1동 491-1,6969,
MA010120220808482150,모두락애경산업,,3110566,경의선책거리,서울특별시 마포구 양화로 188,37.5577392244415,126.92649165731,서울특별시 마포구 동교동 190-1,4051,
MA010120220810170434,레이네,,3110897,서울대입구역 8번,서울특별시 관악구 행운1마길 17,37.4833129019439,126.955610892091,서울특별시 관악구 봉천동 29-43,8737,
MA010120220811970628,유아히어명동,본점,3120028,명동(명동거리),서울특별시 중구 명동9길 23,37.5648969828235,126.984493291598,서울특별시 중구 을지로2가 195-3,4534,
MA0101202409A0035136,소울버튼스테이지,,3120103,홍대입구역(홍대),서울특별시 마포구 와우산로18길 21,37.5511602824255,126.923872648114,서울특별시 마포구 서교동 361-6,4067,
MA010120220800525679,도봉산만남의광장,,3110406,도봉산역 1번,서울특별시 도봉구 도봉산4나길 43,37.6888292863133,127.044636027875,서울특별시 도봉구 도봉동 288-1,1301,
MA010120220808416923,수혈컴퍼니,,3110408,가인초등학교,서울특별시 도봉구 도봉로 634,37.6608907643237,127.042341296799,서울특별시 도봉구 창동 749,1397,
MA010120220812835344,팔공티서대문역점,,3120001,서대문역,서울특별시 서대문구 충정로 63,37.5645505422519,126.965364739145,서울특별시 서대문구 충정로2가 115-13,3736,
MA010120220808591925,솔본미디어서,초지점,3120169,서초역,서울특별시 서초구 반포대로24길 21,37.4897810130537,127.010380212795,서울특별시 서초구 서초동 1549-7,6648,
MA010120220800984709,마리오씨엔에프,,3120131,가산디지털단지,서울특별시 금천구 벚꽃로 266,37.4784449643288,126.885088752551,서울특별시 금천구 가산동 60-20,8511,
MA010120220814340254,카페지디,,3120107,공덕역(공덕오거리),서울특별시 마포구 백범로 170,37.5444522852958,126.948830525884,서울특별시 마포구 공덕동 478,4148,
MA0101202406A0268413,이디야구로몰점,,3120129,구로디지털단지,서울특별시 구로구 디지털로32길 43,37.4843943671893,126.897890023779,서울특별시 구로구 구로동 188-26,8379,
MA010120220800361713,컬쳐커피,,3120149,여의도역(여의도),서울특별시 영등포구 의사당대로 127,37.5204736705196,126.926177557709,서울특별시 영등포구 여의도동 36,7331,
MA0101202409A0115626,카페젤라,,3120046,이태원(이태원역),서울특별시 용산구 우사단로10가길 10,37.5336693537523,126.997069662553,서울특별시 용산구 한남동 732-25,4405,
MA0101202305A0036990,하다디저트카페,,3110305,보문역 5번,서울특별시 성북구 고려대로 40,37.5863032759954,127.023583737893,서울특별시 성북구 안암동2가 160-1,2853,
MA010120220804601210,끌레르봉봉,,3110955,논현초등학교,서울특별시 강남구 논현로113길 13,37.5082837829314,127.032075759967,서울특별시 강남구 논현동 193-8,6122,
MA0101202311A0000347,고끼리2,,3110955,논현초등학교,서울특별시 강남구 논현로113길 13,37.5082837829314,127.032075759967,서울특별시 강남구 논현동 193-8,6122,
MA0101202301A0078086,카페뮬보문점,,3110305,보문역 5번,서울특별시 성북구 보문로 78,37.5822762692691,127.021306866991,서울특별시 성북구 보문동4가 77-2,2852,
MA0101202209A0049760,요거다,,3110836,상도역 5번,서울특별시 동작구 상도로 283-1,37.5024654954858,126.948655625464,서울특별시 동작구 상도1동 774-1,6968,
MA010120220812874306,아이앤맘영어카페,,3120248,명일역,서울특별시 강동구 구천면로 433,37.5501565048273,127.146820694607,서울특별시 강동구 명일동 289-16,5267,
MA0106202405A0150373,스타럭스포타커피강남포스코뒷점,,3120215,포스코사거리,서울특별시 강남구 삼성로85길 11,37.5045986746859,127.056186367483,서울특별시 강남구 대치동 893,6195,
MA0106202201A0636246,탐앤탐스도산로점,,3120190,강남을지병원,서울특별시 강남구 도산대로33길 18,37.521763347997,127.029988764142,서울특별시 강남구 신사동 589-1,6025,
MA010120220800851299,백미당성산점,,3110558,경성고등학교,서울특별시 마포구 월드컵북로22길 5,37.564424494725,126.913049802839,서울특별시 마포구 성산동 51-4,3972,
MA010120220804057187,1964외식사업본부,,3110558,경성고등학교,서울특별시 마포구 월드컵북로22길 5,37.564424494725,126.913049802839,서울특별시 마포구 성산동 51-4,3972,
MA010120220808231851,두리앤커피,,3110021,성균관대학교,서울특별시 종로구 창경궁로 231-2,37.5827557036299,126.998109314757,서울특별시 종로구 명륜4가 196-1,3073,
MA010120220803839120,카페이모야,,3120188,압구정역,서울특별시 강남구 논현로168길 20,37.5237455822168,127.029876432101,서울특별시 강남구 신사동 600-3,6025,
MA010120220814207264,금차왕,,3120186,가로수길,서울특별시 강남구 강남대로156길 30,37.5186567082795,127.021662053085,서울특별시 강남구 신사동 516-5,6035,
MA010120220810346765,씨앰비즈,,3120188,압구정역,서울특별시 강남구 논현로175길 40,37.525071120854,127.025317924376,서울특별시 강남구 신사동 574-8,6030,
MA010120220813045697,브룸브룸디스코,,3110161,중곡역 3번,서울특별시 광진구 긴고랑로13길 77,37.5658776849695,127.083363791603,서울특별시 광진구 중곡동 220-77,4908,
MA0101202409A0026091,베이치Veitchii,,3110654,까치산역 4번,서울특별시 강서구 가로공원로76가길 83,37.5346374965178,126.843207999617,서울특별시 강서구 화곡동 351-58,7764,
MA010120220808155181,청담카렐음악연습실,,3120208,청담사거리(청담동명품거리),서울특별시 강남구 도산대로85길 30,37.5264329110221,127.049675167149,서울특별시 강남구 청담동 122-35,6012,
MA010120220800145319,마이티,,3120208,청담사거리(청담동명품거리),서울특별시 강남구 도산대로85길 30,37.5264329110221,127.049675167149,서울특별시 강남구 청담동 122-35,6012,
MA010120220806671357,미크컴퍼니,,3120051,뚝섬역,서울특별시 성동구 아차산로1가길 11,37.548535607943,127.046838126326,서울특별시 성동구 성수동1가 656-974,4788,
MA0101202411A0075862,그라운드커피GroundCoffee,,3120003,광화문역,서울특별시 종로구 새문안로 92,37.5697336767153,126.97488203598,서울특별시 종로구 신문로1가 163,3186,
MA010120220804174008,커피에그리다,,3110762,선유도역 1번,서울특별시 영등포구 양평로 124,37.5381262936608,126.893415376531,서울특별시 영등포구 양평동5가 66-1,7205,
MA010120220810262373,더라스트데이즈,,3120045,남영동 먹자골목,서울특별시 용산구 두텁바위로 8,37.5451000050841,126.973045832611,서울특별시 용산구 남영동 8-2,4352,
MA0101202307A0090117,디에떼지앤씨글로벌,,3120052,성수역,서울특별시 성동구 아차산로7길 3,37.5456492918317,127.054135045832,서울특별시 성동구 성수동2가 300-75,4793,
MA010120220812918103,팔공티독산지식산업센터,,3120132,독산동,서울특별시 금천구 두산로 70,37.4689671109965,126.895627546782,서울특별시 금천구 독산동 291-1,8584,
MA010120220807102740,카페방학,,3110402,도봉구 정병원,서울특별시 도봉구 도당로6길 30-6,37.6613161586398,127.036561510629,서울특별시 도봉구 방학동 264-46,1389,
MA0101202310A0055930,멜로위크,,3120066,장한평역(장한평),서울특별시 동대문구 천호대로87길 13-3,37.562653384918,127.06725408242,서울특별시 동대문구 장안동 462-1,2644,
MA010120220802663121,에쏘다컴퍼니,,3120053,건대입구역(건대),서울특별시 광진구 능동로 125,37.542189342395,127.071309214654,서울특별시 광진구 화양동 5-3,5017,
MA0101202302A0010314,하이브커피,,3120129,구로디지털단지,서울특별시 구로구 디지털로26길 123,37.4830787304434,126.897699605326,서울특별시 구로구 구로동 222-31,8390,
MA010120220809362227,커피라이터,,3120188,압구정역,서울특별시 강남구 논현로161길 15,37.5234399693995,127.026844560524,서울특별시 강남구 신사동 567-17,6031,
MA010120220807757553,메가엠지씨커피쌍문점,,3130146,쌍문시장(쌍문역골목시장),서울특별시 도봉구 도봉로 457,37.6467752787908,127.033257009,서울특별시 도봉구 쌍문동 96-43,1447,
MA010120220811922277,무심헌,,3110019,창덕궁,서울특별시 종로구 율곡로10길 85-9,37.5737905722804,126.992245723839,서울특별시 종로구 봉익동 1-5,3134,
MA010120220812083319,키지아샌드위치카페,,3110551,성서초등학교,서울특별시 마포구 성미산로7길 3,37.5591711881676,126.912376834025,서울특별시 마포구 성산동 244-5,3968,
MA010120220802516182,남산상점,,3110093,우사단길,서울특별시 용산구 이태원로36길 18-9,37.5343541468018,126.999026983302,서울특별시 용산구 한남동 732-2,4404,
MA010120220808517488,포담티하우스,,3120103,홍대입구역(홍대),서울특별시 마포구 어울마당로 52-1,37.549689866535,126.921146876133,서울특별시 마포구 서교동 408-12,4049,
MA010120220805158085,제이제이그룹,,3120188,압구정역,서울특별시 강남구 압구정로32길 11,37.5269350376118,127.030239720912,서울특별시 강남구 신사동 613-5,6022,
MA010120220807089627,그리디톰,,3111015,석촌역 3번,서울특별시 송파구 백제고분로46길 10,37.5082889033378,127.112208599287,서울특별시 송파구 송파동 131,5665,
MA0106202201A0636253,탐앤탐스도봉산,입구점,3110406,도봉산역 1번,서울특별시 도봉구 도봉산4길 4-13,37.6876586227698,127.043002741388,서울특별시 도봉구 도봉동 280-4,1301,
MA0101202305A0013911,카페Cafe유목민,,3110293,삼선중학교,서울특별시 성북구 동소문로13길 12,37.5924046438347,127.012919463161,서울특별시 성북구 동소문동6가 26,2830,
MA0101202303A0112624,라르티스타,,3120009,종로3가역,서울특별시 종로구 돈화문로 60,37.5738535822726,126.991385388133,서울특별시 종로구 묘동 128-1,3134,
MA010120220800773567,드림휴,,3120129,구로디지털단지,서울특별시 구로구 디지털로27가길 17,37.4843894388922,126.892338488025,서울특별시 구로구 구로동 197-30,8375,
MA0101202409A0018281,다향재茶香載,,3120193,도산공원교차로,서울특별시 강남구 언주로148길 14,37.5206263548348,127.036164701481,서울특별시 강남구 논현동 98-12,6057,
MA010120220800047155,행복한커피상점커피정,,3110640,방화역 1번,서울특별시 강서구 금낭화로 128,37.5765614472667,126.812690586396,서울특별시 강서구 방화동 830-2,7511,
MA010120220813665507,호중정원,,3120005,삼청동,서울특별시 종로구 삼청로2길 3-8,37.5812225318895,126.981195426503,서울특별시 종로구 소격동 17-1,3053,
MA010120220812061112,카페딜리버리,,3110256,면목2동체육관,서울특별시 중랑구 봉우재로32길 35,37.5911944865141,127.08494323778,서울특별시 중랑구 면목동 131-23,2144,
MA0101202210A0036427,피플앤조이,,3120166,방배역,서울특별시 서초구 방배로 107,37.4836365205569,126.995850516228,서울특별시 서초구 방배동 924-11,6683,
MA010120220803897464,에슬로우,,3120038,약수역,서울특별시 중구 다산로14길 12,37.5558964282198,127.01204171763,서울특별시 중구 신당동 347-339,4590,
MA0101202409A0248238,메가엠지씨커피연남숲길,1호점,3120104,연남동(홍대),서울특별시 마포구 월드컵북로2길 93,37.5587743156277,126.924815600648,서울특별시 마포구 동교동 154-8,3994,
MA0101202212A0033632,오픈플뢰르OpenFleur,,3120208,청담사거리(청담동명품거리),서울특별시 강남구 압구정로79길 39,37.5254775230383,127.050443804448,서울특별시 강남구 청담동 123-49,6012,
MA010120220805831827,빈스코코클래스,,3120119,발산역(마곡),서울특별시 강서구 강서로 391,37.5605437618826,126.838434082127,서울특별시 강서구 마곡동 794,7803,
MA010120220807253875,리브스커피,,3110454,선정중학교,서울특별시 은평구 갈현로 241-1,37.6187557014724,126.914968781836,서울특별시 은평구 갈현동 503-16,3322,
MA010120220803359747,다브에프앤비,,3120062,신설동역,서울특별시 동대문구 왕산로 25,37.5768242873325,127.026127876322,서울특별시 동대문구 신설동 89-79,2580,
MA010120220806595864,사일삼프로젝트,,3120197,역삼역,서울특별시 강남구 논현로97길 19-11,37.502354493617,127.034470798439,서울특별시 강남구 역삼동 640-9,6131,
MA010120220800686569,몽슈슈,상암점,3120098,DMC(디지털미디어시티),서울특별시 마포구 월드컵북로54길 25,37.582090838576,126.888982684946,서울특별시 마포구 상암동 1596,3924,
MA010120220804836411,엉클-비,,3110895,샤로수길,서울특별시 관악구 낙성대로 14,37.477277273471,126.958734790304,서울특별시 관악구 봉천동 1625-28,8790,
MA0101202406A0070837,타미하우스,,3120175,남부터미널역,서울특별시 서초구 남부순환로333길 13,37.4833916281477,127.020001124789,서울특별시 서초구 서초동 1425-9,6725,
MA0101202308A0085211,커피하우스,,3110558,경성고등학교,서울특별시 마포구 월드컵북로 126,37.5642983053564,126.912982037475,서울특별시 마포구 성산동 51-18,3972,
MA010120220806379731,글래드유케임,,3110081,해방촌 남동측,서울특별시 용산구 신흥로 111,37.5446334029162,126.983456445277,서울특별시 용산구 용산동2가 5-1161,4337,
MA0101202305A0109820,카페포치,,3110247,먹골역 1번,서울특별시 중랑구 공릉로2가길 6,37.6124531281111,127.078772108327,서울특별시 중랑구 묵동 173-3,2034,
MA010120220805068897,듀윗,,3120104,연남동(홍대),서울특별시 마포구 동교로 242-5,37.5615222745295,126.924688338581,서울특별시 마포구 연남동 260-14,3982,
MA0101202411A0092954,과일냠냠,,3110187,제기동역 6번,서울특별시 동대문구 무학로 112,37.5742282752445,127.030881443689,서울특별시 동대문구 용두동 118-82,2584,
MA010120220800808012,데스칸사르,,3120194,언주역(차병원),서울특별시 강남구 언주로113길 17,37.5091025834462,127.035944244803,서울특별시 강남구 논현동 232-2,6109,
MA0101202305A0056938,어스,,3110267,망우역 2번,서울특별시 중랑구 상봉중앙로10길 5,37.6021035760146,127.08756025093,서울특별시 중랑구 상봉동 220-5,2074,
MA0101202406A0218750,본인퍼플,,3110426,상계2동주민센터,서울특별시 노원구 노원로28길 47,37.6541113275964,127.069818254992,서울특별시 노원구 상계동 193-44,1704,
MA010120220805331644,코코버블티,강남역점,3120189,강남역,서울특별시 강남구 강남대로96길 9,37.4998604793157,127.02774083223,서울특별시 강남구 역삼동 817-11,6129,
MA010120220804791901,테리브라운,,3110634,송정역 3번,서울특별시 강서구 공항대로8길 33,37.5595682560479,126.812416231821,서울특별시 강서구 공항동 41-80,7624,
MA010120220813484958,요거로밀,,3110558,경성고등학교,서울특별시 마포구 성미산로17길 112,37.5664096226703,126.917133651214,서울특별시 마포구 연남동 487-6,3974,
MA0101202311A0022788,일구팔구,,3110308,길음역 8번,서울특별시 성북구 숭인로2길 48,37.6094317418005,127.023466458343,서울특별시 성북구 길음동 1112,2726,
MA0101202305A0000457,늘봄봄,,3120028,명동(명동거리),서울특별시 중구 퇴계로 125,37.5611489917863,126.985716433818,서울특별시 중구 충무로2가 65-11,4536,
MA010120220813828511,우디,,3120112,등촌역,서울특별시 강서구 등촌로53길 11-3,37.5491500401314,126.862879412661,서울특별시 강서구 등촌동 509-10,7667,
MA010120220800204275,더페이머스램,,3120102,서교동(홍대),서울특별시 마포구 월드컵북로 19,37.556383306686,126.919702504371,서울특별시 마포구 서교동 447-7,4001,
MA010120220813609858,제이엠티,,3120157,신림역(신림),서울특별시 관악구 봉천로12길 39,37.4870217341148,126.930111403777,서울특별시 관악구 신림동 1426-7,8753,
MA010120220808147250,멍지트,,3120157,신림역(신림),서울특별시 관악구 봉천로12길 39,37.4870217341148,126.930111403777,서울특별시 관악구 신림동 1426-7,8753,
MA010120220807291076,아셈에프앤비오로라,,3110566,경의선책거리,서울특별시 마포구 와우산로 139,37.5539654350342,126.928758786026,서울특별시 마포구 서교동 337-36,4053,
MA010120220808512398,시니,,3120238,방이역,서울특별시 송파구 마천로 16,37.509792256947,127.12260513768,서울특별시 송파구 방이동 212-3,5645,
MA010120220805373342,카페괄호,,3110544,망리단길,서울특별시 마포구 월드컵로19길 36,37.555951105792,126.907751784496,서울특별시 마포구 망원동 57-50,4012,
MA010120220800085352,골목카페,,3120069,상봉역,서울특별시 중랑구 면목로 478,37.5944281161578,127.086226438587,서울특별시 중랑구 상봉동 107-27,2154,
MA0101202305A0090323,앨빈스커피,,3120194,언주역(차병원),서울특별시 강남구 봉은사로34길 20,37.5069128631897,127.036847995223,서울특별시 강남구 역삼동 658-21,6136,
MA010120220807107000,에그탐탐,,3120197,역삼역,서울특별시 강남구 테헤란로 205,37.5016234687483,127.038394756985,서울특별시 강남구 역삼동 678-35,6141,
MA0101202305A0008440,지금;여기,,3111010,석촌역 7번,서울특별시 송파구 백제고분로39길 22,37.5062328406746,127.104311213726,서울특별시 송파구 석촌동 178,5609,
MA0101202406A0202151,텐퍼센트커피,,3120055,군자역,서울특별시 광진구 능동로 331,37.5592844688668,127.080368516348,서울특별시 광진구 중곡동 647-21,4918,
MA010120220802603267,오쿠텐,,3120103,홍대입구역(홍대),서울특별시 마포구 와우산로15길 16,37.5497897340206,126.922289735171,서울특별시 마포구 서교동 410-5,4049,
MA0101202406A0166923,라스베이글AIA,타워점,3120019,경찰청앞교차로,서울특별시 중구 통일로2길 16,37.5607589848682,126.971489607469,서울특별시 중구 순화동 216,4511,
MA010120220801012921,하이앤온,,3110731,금천구청역 1번 출입구,서울특별시 금천구 금하로 611,37.454481962042,126.899219142369,서울특별시 금천구 시흥동 122-5,8615,
MA0101202306A0099473,코티커피,코리아,3120189,강남역,서울특별시 서초구 서초대로 398,37.4966354661154,127.025104769362,서울특별시 서초구 서초동 1321-11,6619,
MA010120220808480421,짝커피&호프,,3110855,신대방역 2번,서울특별시 관악구 난곡로65길 6,37.4824518418088,126.913778036772,서울특별시 관악구 신림동 537-34,8767,
MA0101202409A0232415,콘하스상도점,,3110836,상도역 5번,서울특별시 동작구 상도로37길 6,37.5028708937586,126.948530944519,서울특별시 동작구 상도1동 762,6968,
MA010120220805031632,올라!하이,,3120160,사당역(사당),서울특별시 서초구 방배천로6길 19,37.4794367669746,126.983696946344,서울특별시 서초구 방배동 454-19,6691,
MA0106202307A0704057,학산한,남지점,3110093,우사단길,서울특별시 용산구 이태원로36길 15,37.5345703903517,126.999604003689,서울특별시 용산구 한남동 736-4,4404,
MA010120220812772263,클로이커피,,3110638,신방화역 2번,서울특별시 강서구 방화대로33길 29,37.5682308573505,126.814975300003,서울특별시 강서구 방화동 247-144,7606,
MA010120220808155302,에이스보드카페,,3110995,봉은사역 4번,서울특별시 강남구 영동대로118길 7,37.5162286819397,127.060165390311,서울특별시 강남구 삼성동 90-18,6081,
MA010120220812537483,메가엠지씨커피신촌역점,,3120094,"신촌역(신촌역, 신촌로터리)",서울특별시 서대문구 신촌로 121,37.5562057951181,126.939293197951,서울특별시 서대문구 창천동 20-41,3780,
MA0101202310A0098081,일리팡커피,,3120190,강남을지병원,서울특별시 강남구 도산대로28길 26,37.5177002295648,127.028346951388,서울특별시 강남구 논현동 33-15,6041,
MA010120220812364140,아미고에프앤비,,3120202,압구정로데오역(압구정로데오),서울특별시 강남구 압구정로 417,37.5275528172089,127.04287672503,서울특별시 강남구 압구정동 518,6009,
MA010120220813660104,퍼센시아커피,,3120054,어린이대공원역,서울특별시 광진구 능동로 172,37.5459899138319,127.073983387999,서울특별시 광진구 화양동 111-12,5021,
MA010120220802673568,몽디저트,,3120054,어린이대공원역,서울특별시 광진구 능동로 172,37.5459899138319,127.073983387999,서울특별시 광진구 화양동 111-12,5021,
MA010120220813056669,빽다방홍대극동방송점,,3120103,홍대입구역(홍대),서울특별시 마포구 와우산로13길 2,37.5499883097463,126.92283272138,서울특별시 마포구 서교동 411-2,4049,
MA010120220810363266,엠프레스,,3110428,상계5동주민센터,서울특별시 노원구 수락산로 17,37.6644700529652,127.074021486634,서울특별시 노원구 상계동 140-148,1660,
MA0101202305A0206172,노에,,3110256,면목2동체육관,서울특별시 중랑구 겸재로23길 17,37.5878093180645,127.081304954636,서울특별시 중랑구 면목동 147-1,2147,
MA010120220805323413,바인더스,,3120190,강남을지병원,서울특별시 강남구 논현로155길 27,37.5213588655338,127.025893591387,서울특별시 강남구 신사동 557-10,6033,
MA0101202301A0002911,와이블랙화곡곰달래점,,3130221,"남부골목시장(남부화곡시장, 남부시장)",서울특별시 강서구 곰달래로 227,37.531845456172,126.858306398651,서울특별시 강서구 화곡동 837-7,7738,
MA0101202307A0042386,뽕다방,,3120039,신당역,서울특별시 중구 퇴계로73길 54-9,37.567446955666,127.014284768686,서울특별시 중구 신당동 197-6,4569,
MA010120220806539580,오브,,3110762,선유도역 1번,서울특별시 영등포구 양평로22길 31,37.5403898209695,126.895675165459,서울특별시 영등포구 양평동5가 120-2,7203,
MA0105202301E0330768,씨엠팔팔,,3110762,선유도역 1번,서울특별시 영등포구 양평로22길 31,37.5403898209695,126.895675165459,서울특별시 영등포구 양평동5가 120-2,7203,
MA0101202411A0121336,라인익선,,3120009,종로3가역,서울특별시 종로구 삼일대로28길 22,37.5736281508073,126.989166677133,서울특별시 종로구 낙원동 82-7,3133,
MA0101202306A0102784,블루커피베이크,,3120031,을지로3가역,서울특별시 중구 충무로4길 21,37.5650870653501,126.994148183478,서울특별시 중구 인현동1가 57-2,4549,
MA010120220807290965,커피디엔에이합정,,3120101,합정역,서울특별시 마포구 월드컵로5길 33-23,37.5506286730954,126.910960943422,서울특별시 마포구 합정동 386-11,4025,
MA0101202406A0569452,앤투케이,,3110131,성수동카페거리,서울특별시 성동구 성수이로 65,37.5409724975385,127.055444221263,서울특별시 성동구 성수동2가 309-148,4781,
MA0101202303A0116169,에스오에스커피&브런치,,3120228,석촌역(석촌호수),서울특별시 송파구 백제고분로40길 4-7,37.5037989139752,127.105676280536,서울특별시 송파구 석촌동 284-2,5684,
MA010120220814039405,브루다인사동,,3120008,인사동,서울특별시 종로구 우정국로 36,37.572176862023,126.983280556592,서울특별시 종로구 공평동 9,3149,
MA0101202303A0014859,앤티크커피Antique-coffee,,3111013,송파나루역 1번(송리단길),서울특별시 송파구 백제고분로41길 21-16,37.5076005711365,127.106326315285,서울특별시 송파구 송파동 12-6,5625,
MA010120220800407089,나드에프앤비(NARDF&BCo.，Ltd.)주,,3110137,성수초등학교,서울특별시 성동구 아차산로17길 49,37.5467608939666,127.065282130301,서울특별시 성동구 성수동2가 280-6,4799,
MA010120220813075513,카페오픈24,아차산점,3110176,해오름공원,서울특별시 광진구 영화사로 55,37.5555183351282,127.092621154345,서울특별시 광진구 중곡동 107-41,4947,
MA0101202311A0012752,베베커피,,3120148,국회의사당역(국회의사당),서울특별시 영등포구 국회대로 758,37.528063639434,126.917877506809,서울특별시 영등포구 여의도동 1-6,7236,
MA010120220804798060,이디야건설회관점,,3120196,서울세관,서울특별시 강남구 언주로 711,37.517077209152,127.033425596411,서울특별시 강남구 논현동 71-2,6050,
MA0101202409A0112478,커피나인상일,,3111089,상일여고(상일초등학교),서울특별시 강동구 상일로 33,37.5501755308476,127.172712946366,서울특별시 강동구 상일동 259,5282,
MA010120220808598911,아우어룸,,3111077,길동주민센터(강동도서관),서울특별시 강동구 양재대로110길 47,37.5351157808642,127.141948702185,서울특별시 강동구 길동 406-10,5352,
MA010120220805423562,드라쏠,,3110953,학동근린공원,서울특별시 강남구 논현로149길 15,37.5182591150478,127.027227302842,서울특별시 강남구 논현동 9-14,6040,
MA010120220801007517,쏘시얼네트워크주,,3110892,관악구 중앙길,서울특별시 관악구 관악로 195,37.4825640952701,126.953101329211,서울특별시 관악구 봉천동 859-17,8745,
MA0101202210A0009652,이디야영등포본동점,,3110792,영등포역 2번,서울특별시 영등포구 영신로19길 15,37.5139001352726,126.90612953066,서울특별시 영등포구 영등포동 618-385,7366,
MA0106202307A0704065,학산테라로사커피길동지점,,3111083,GS강동자이아파트,서울특별시 강동구 천호대로 1221,37.5360293982398,127.146374360954,서울특별시 강동구 길동 255-2,5349,
MA010120220804943142,업.사이드커피연무장,,3120051,뚝섬역,서울특별시 성동구 성수일로 45,37.5445160595663,127.049517428122,서울특별시 성동구 성수동1가 16-9,4779,
MA0101202409A0067538,둥지커피호프,,3110428,상계5동주민센터,서울특별시 노원구 한글비석로 420,37.661913488643,127.070392235396,서울특별시 노원구 상계동 169-63,1668,
MA0101202212A0071100,달리는커피양천향교역점,,3110648,양천향교역 7번,서울특별시 강서구 양천로 344,37.5682589078685,126.840364332372,서울특별시 강서구 마곡동 776-2,7791,
MA010120220804064468,와이에스케이파트너스주,,3120227,잠실역,서울특별시 송파구 올림픽로35길 137,37.5159316755592,127.09964180833,서울특별시 송파구 신천동 7-11,5510,
MA010120220806787242,카페101,,3120180,양재화물트럭터미널앞,서울특별시 서초구 양재대로11길 36,37.461835858534,127.035379052617,서울특별시 서초구 양재동 217,6772,
MA0101202406A0552612,먼치킨,,3120118,마곡역(마곡),서울특별시 강서구 마곡중앙6로 21,37.5608286951995,126.82961663774,서울특별시 강서구 마곡동 771-4,7801,
MA010120220806462148,슈퍼커피선릉로점,,3120210,선릉역,서울특별시 강남구 선릉로93길 26,37.5048371751599,127.046426283272,서울특별시 강남구 역삼동 704-51,6148,
MA010120220803636048,아인스,,3120062,신설동역,서울특별시 동대문구 왕산로 28,37.5764006677187,127.026806958667,서울특별시 동대문구 신설동 92-35,2582,
MA0101202409A0223913,와플존,,3111077,길동주민센터(강동도서관),서울특별시 강동구 천중로50길 27,37.5395115988284,127.142828283668,서울특별시 강동구 길동 359-1,5343,
MA0101202406A0448440,커피파베스,,3120190,강남을지병원,서울특별시 강남구 도산대로 158,37.5184576010859,127.026050953296,서울특별시 강남구 논현동 6-21,6040,
MA010120220814229913,화성루다방,,3110277,러스크서울병원,서울특별시 중랑구 용마산로 520,37.5972729502421,127.100520185064,서울특별시 중랑구 망우동 403-4,2181,
MA010120220803057568,바빈스,가양점,3110657,양천향교역 5번,서울특별시 강서구 양천로 396,37.565752064278,126.845576368497,서울특별시 강서구 등촌동 847,7573,
MA010120220802964103,커피소,,3001494,종로?청계 관광특구,서울특별시 종로구 종로 154-1,37.5702227694712,126.994747718969,서울특별시 종로구 종로3가 171,3193,
MA010120220804756855,포트캔커피사가정역점,,3120068,사가정역,서울특별시 중랑구 면목로 353,37.5834615351886,127.088262992863,서울특별시 중랑구 면목동 498-5,2221,
MA010120220809085509,고망고망,,3120194,언주역(차병원),서울특별시 강남구 봉은사로29길 35,37.5097159782504,127.0335241075,서울특별시 강남구 논현동 221-7,6107,
MA0101202308A0034909,디디디알캔&보틀커피신림,본점,3120158,녹두거리(대학동),서울특별시 관악구 호암로24길 15,37.4699589081476,126.934095148413,서울특별시 관악구 신림동 1524-9,8812,
MA0101202305A0012906,비엔나커피키자니아점,,3120227,잠실역,서울특별시 송파구 송파대로 521,37.5116599249009,127.100812443853,서울특별시 송파구 잠실동 40-1,5554,
MA010120220805987695,디스타갤러리,,3120186,가로수길,서울특별시 강남구 압구정로2길 49,37.5186838225239,127.021198277901,서울특별시 강남구 신사동 517-6,6034,
MA010120220809957810,아빅스카페위드,서울지점,3120173,교대역(법원.검찰청),서울특별시 서초구 서초대로49길 9,37.494078678636,127.011862164622,서울특별시 서초구 서초동 1712-8,6596,
MA010120220800070161,청하고려인삼주,,3110005,세검정,서울특별시 종로구 자하문로 280,37.5986520112255,126.961680001924,서울특별시 종로구 부암동 182-1,3017,
MA010120220813629716,타이거커피,,3120235,문정역,서울특별시 송파구 송파대로 201,37.4878007103813,127.120658284786,서울특별시 송파구 문정동 642,5854,
MA010120220807412212,공공커피,,3120235,문정역,서울특별시 송파구 송파대로 201,37.4878007103813,127.120658284786,서울특별시 송파구 문정동 642,5854,
MA010120220802949854,제이스커피,,3110846,남성역 1번,서울특별시 동작구 사당로8길 9,37.4847138975894,126.969619011263,서울특별시 동작구 사당동 248-6,7009,
MA010120220814029693,좋은아침커뮤니케이션즈,,3120107,공덕역(공덕오거리),서울특별시 마포구 마포대로 78,37.5418758308973,126.949771455236,서울특별시 마포구 도화동 566,4168,
MA010120220802921825,바이앤드커피,,3120103,홍대입구역(홍대),서울특별시 마포구 독막로7길 48,37.549851223612,126.919924525564,서울특별시 마포구 서교동 404-5,4048,
MA010120220812454214,땡스기빙,,3110139,자양4동주민센터,서울특별시 광진구 뚝섬로 460,37.5369149781152,127.061539750292,서울특별시 광진구 자양동 236-155,5081,
MA010120220807059465,우유네과일가게후레쉬박스,,3120173,교대역(법원.검찰청),서울특별시 서초구 서초대로58길 18,37.493996852945,127.017731033168,서울특별시 서초구 서초동 1675-10,6633,
MA010120220806678997,카페레이나,,3110713,구로보건소,서울특별시 구로구 공원로 41,37.5003440926795,126.889974620144,서울특별시 구로구 구로동 108,8298,
MA010120220800751891,예그리나카페,,3110713,구로보건소,서울특별시 구로구 공원로 41,37.5003440926795,126.889974620144,서울특별시 구로구 구로동 108,8298,
MA0101202406A0359192,나히차밀크티,,3120049,왕십리역(왕십리),서울특별시 성동구 마조로9길 12,37.5613592773724,127.040123124795,서울특별시 성동구 행당동 1-53,4760,
MA0101202307A0095917,달콤,,3001493,동대문패션타운 관광특구,서울특별시 중구 장충단로 263,37.5681142531234,127.008466800567,서울특별시 중구 을지로6가 18-17,4563,
MA010120220808589951,카페리아,,3001493,동대문패션타운 관광특구,서울특별시 중구 장충단로 263,37.5681142531234,127.008466800567,서울특별시 중구 을지로6가 18-185,4563,
MA0101202406A0583406,한호,,3001493,동대문패션타운 관광특구,서울특별시 중구 장충단로 263,37.5681142531234,127.008466800567,서울특별시 중구 을지로6가 18-17,4563,
MA010120220800796415,헬무트,,3110850,사당역 10번,서울특별시 동작구 동작대로9길 16,37.480679704489,126.980677961057,서울특별시 동작구 사당동 1020-39,7014,
MA010120220805205531,208호,,3110660,등촌3동주민센터,서울특별시 강서구 공항대로41길 66,37.5606267114858,126.846582940893,서울특별시 강서구 등촌동 698-1,7587,
MA010120220813296200,파아람,,3110907,방배초등학교,서울특별시 서초구 동광로12길 120,37.4867800217176,126.983944104029,서울특별시 서초구 방배동 1444,6568,
MA010120220804066139,리앤푸드주,,3120200,학동사거리,서울특별시 강남구 도산대로45길 10-4,37.5231581721354,127.03616592353,서울특별시 강남구 신사동 651-4,6021,
MA010120220803449383,책방늘봄,,3120242,강동구청역,서울특별시 강동구 성내로10길 9-14,37.5280978099469,127.125293693242,서울특별시 강동구 성내동 561-9,5399,
MA0101202305A0081324,비원커피,,3120007,북촌(안국역),서울특별시 종로구 창덕궁1길 9-1,37.5791782361862,126.988735677836,서울특별시 종로구 원서동 160,3058,
MA010120220801683339,커피하우스,,3120193,도산공원교차로,서울특별시 강남구 언주로 725,37.5192933844931,127.0344446535,서울특별시 강남구 논현동 70-13,6050,
MA010120220811990214,메가엠지씨커피종각역점,,3120006,종각역,서울특별시 종로구 종로 80-2,37.5699518075428,126.986427883341,서울특별시 종로구 종로2가 75-6,3190,
MA010120220805481681,카페카리나,,3111015,석촌역 3번,서울특별시 송파구 백제고분로46길 8,37.5084152477124,127.111993894114,서울특별시 송파구 송파동 133-7,5665,
MA010120220809669759,로비카페,,3110645,우장산역 4번,서울특별시 강서구 강서로 307,37.5532336305184,126.836220417518,서울특별시 강서구 내발산동 678-7,7632,
MA0101202210A0026721,가비엔누리,압구정점,3120188,압구정역,서울특별시 강남구 논현로 835,37.5230883212577,127.027953054223,서울특별시 강남구 신사동 584-2,6031,
MA0101202409A0148821,카페다온,,3110274,서일대학교,서울특별시 중랑구 용마산로 458,37.5919228238384,127.098429583859,서울특별시 중랑구 망우동 444-26,2184,
MA0101202406A0572800,재성에프앤비,,3120192,뱅뱅사거리,서울특별시 강남구 도곡로 131,37.4906594391839,127.034431500707,서울특별시 강남구 역삼동 839-11,6254,
MA010120220808727356,비칠사일일이,,3110869,"신림역 5번(신림동주민센터, 신림동별빛거리)",서울특별시 관악구 신림로71길 6,37.48853405318,126.927825934185,서울특별시 관악구 신림동 1429-40,8707,
MA010120220811770396,난달라커피&샌드위치,,3120213,삼성중앙역,서울특별시 강남구 테헤란로81길 56-6,37.5102479463384,127.056247154264,서울특별시 강남구 삼성동 152-32,6166,
MA010120220809847822,쿠오레,,3120192,뱅뱅사거리,서울특별시 서초구 강남대로 275,37.4879030424282,127.031987893797,서울특별시 서초구 서초동 1357-66,6729,
MA010120220806915814,퍼스트글로리,,3110450,시립서북병원,서울특별시 은평구 갈현로7가길 10,37.6030918675906,126.908746788715,서울특별시 은평구 역촌동 190-1,3432,
MA010120220805365173,라포르엘보나바시움-랜디스도넛연남점,,3120104,연남동(홍대),서울특별시 마포구 동교로 247,37.5620355089318,126.924167178789,서울특별시 마포구 연남동 258-3,3984,
MA010120220805307980,연주커피호프,,3110743,시흥초등학교(시흥1동우체국),서울특별시 금천구 독산로 67,37.4534153010643,126.905945228042,서울특별시 금천구 시흥동 838-3,8627,
MA0101202306A0095649,스몰굿커피,,3120202,압구정로데오역(압구정로데오),서울특별시 강남구 압구정로46길 5-10,37.5279150465426,127.037503174561,서울특별시 강남구 신사동 660-16,6018,
MA0101202309A0032108,퍼스트커피랩쌍문점,,3110387,쌍문초등학교,서울특별시 도봉구 노해로41나길 49,37.6518133954997,127.026902035194,서울특별시 도봉구 쌍문동 273,1379,
MA0101202410A0291583,국제글로벌커피협회,,3120243,천호역,서울특별시 강동구 천호대로 993,37.5392007542131,127.122800367314,서울특별시 강동구 천호동 456-2,5248,
MA010120220805736431,제이브로빈스,,3120072,성신여대,서울특별시 성북구 보문로30길 71,37.5906287748011,127.019565558122,서울특별시 성북구 동선동2가 120,2849,
MA010120220804031226,스튜디오우디,,3110136,경수초등학교,서울특별시 성동구 연무장15길 11,37.5428178695565,127.058908107884,서울특별시 성동구 성수동2가 273-13,4783,
MA010120220809884914,모제커피,,3120189,강남역,서울특별시 강남구 테헤란로 116,37.498481250976,127.03053357899,서울특별시 강남구 역삼동 824-19,6233,
MA010120220811991617,카페인더무드X무드베지,,3110997,대청초등학교,서울특별시 강남구 일원로5길 10,37.4908434252518,127.08171988433,서울특별시 강남구 일원동 682-2,6343,
MA0101202406A0326828,카페인더무드X무드베지,,3110997,대청초등학교,서울특별시 강남구 일원로5길 10,37.4908434252518,127.08171988433,서울특별시 강남구 일원동 682-2,6343,
MA010120220809299754,라떼와모카,,3110166,구의1동주민센터,서울특별시 광진구 자양로 178,37.5433246628828,127.084843634467,서울특별시 광진구 구의동 236-48,5038,
MA010120220811462631,르한스에프엔커피,,3120002,서촌(경복궁역),서울특별시 종로구 자하문로 62,37.5816079101383,126.97106277104,서울특별시 종로구 효자동 25,3042,
MA0106202201A0154652,제이스커피랩,,3120215,포스코사거리,서울특별시 강남구 삼성로86길 18,37.5058226682617,127.059003434681,서울특별시 강남구 대치동 956,6184,
MA010120220805450650,찰리스카페,,3120215,포스코사거리,서울특별시 강남구 테헤란로83길 27,37.5092025597412,127.056710094151,서울특별시 강남구 삼성동 155-18,6167,
MA010120220800652542,프린스,,3110472,연신내역 4번,서울특별시 은평구 연서로 176-1,37.6145232643077,126.918088328422,서울특별시 은평구 대조동 220-32,3387,
MA010120220808574782,윈썸리커피,,3111021,방이역 4번,서울특별시 송파구 가락로42길 6,37.5123986645136,127.120166262642,서울특별시 송파구 방이동 160-9,5635,
MA0101202305A0168674,우즈커피,,3110558,경성고등학교,서울특별시 마포구 성미산로17길 114,37.566553758033,126.917099534509,서울특별시 마포구 연남동 487-269,3974,
MA010120220804339141,애플21대치지점,,3120215,포스코사거리,서울특별시 강남구 테헤란로 512,37.507246136727,127.059242066151,서울특별시 강남구 대치동 943-19,6179,
MA010120220800381588,프로틴카페H247,,3120191,학동역,서울특별시 강남구 논현로136길 3,37.5159607983768,127.030337094527,서울특별시 강남구 논현동 80-23,6051,
MA0101202305A0101198,도롱뇽,,3110093,우사단길,서울특별시 용산구 우사단로4길 14,37.5314709196351,126.997443101064,서울특별시 용산구 보광동 265-299,4413,
MA0101202307A0020799,피말디,,3120072,성신여대,서울특별시 성북구 동소문로25길 9,37.5946924551981,127.018275768499,서울특별시 성북구 동선동4가 127,2829,
MA010120220805134471,루나띵스,,3110085,경리단길남측,서울특별시 용산구 녹사평대로46길 38,37.5375972388362,126.98897954297,서울특별시 용산구 이태원동 321-2,4345,
MA010120220805026888,앰프,,3110286,한성대입구역 5번,서울특별시 종로구 창경궁로35길 38,37.5874138234202,127.002649388716,서울특별시 종로구 혜화동 26-27,3076,
MA010120220813351769,타이완밀카,,3120072,성신여대,서울특별시 성북구 아리랑로 17,37.5943864698952,127.015841199175,서울특별시 성북구 동소문동6가 219,2830,
MA010120220804936825,미나리협동조합,,3120053,건대입구역(건대),서울특별시 광진구 아차산로30길 36,37.5394079330806,127.06672402758,서울특별시 광진구 자양동 9-13,5072,
MA010120220804837302,스페이시스,,3120222,삼성역,서울특별시 강남구 영동대로 417,37.5062887530135,127.063697413751,서울특별시 강남구 대치동 948,6182,
MA010120220807212908,러프글로스,,3110562,연트럴파크(연남동주민센터),서울특별시 마포구 동교로51길 87,37.5660256898303,126.922272872181,서울특별시 마포구 연남동 241-58,3980,
MA010120220808372484,오즈컴퍼니,,3120233,몽촌토성역,서울특별시 송파구 올림픽로34길 6,37.5161113003358,127.110421799881,서울특별시 송파구 방이동 39,5543,
MA0101202406A0056911,위켄드타운커피바,,3110068,남영역 1번,서울특별시 용산구 원효로97길 5,37.5415763778366,126.970059878182,서울특별시 용산구 원효로1가 108-3,4314,
MA010120220805070203,투썸플레이스장충점,,3120037,동대문역사문화공원역,서울특별시 중구 장충단로 205,37.5631048321609,127.006632637569,서울특별시 중구 장충동1가 26-13,4615,
MA010120220806546988,카페소미,,3120112,등촌역,서울특별시 강서구 등촌로51길 10,37.5490148250073,126.862823078584,서울특별시 강서구 등촌동 509-9,7667,
MA010120220803739215,Cafelashower,,3110137,성수초등학교,서울특별시 성동구 아차산로15길 10,37.5437440066774,127.062586395174,서울특별시 성동구 성수동2가 277-97,4798,
MA010120220810384215,커피155,,3120026,을지로입구역,서울특별시 중구 남대문로9길 40,37.5671398478917,126.980361353519,서울특별시 중구 다동 155,4522,
MA010120220803198304,커피보더,,3120012,대학로(혜화역),서울특별시 종로구 성균관로4길 42,37.5847829532665,126.99967166851,서울특별시 종로구 명륜2가 8-16,3075,
MA010120220806556818,펄프커피,,3120131,가산디지털단지,서울특별시 금천구 디지털로 121,37.4761334192738,126.880095323367,서울특별시 금천구 가산동 550-9,8505,
MA0101202306A0043345,위러브피플,,3120046,이태원(이태원역),서울특별시 용산구 우사단로10가길 8-6,37.5335522290223,126.997295947666,서울특별시 용산구 한남동 732-33,4405,
MA0101202301A0068497,테이크백카페무인24시,,3110503,명지대학교교회,서울특별시 서대문구 거북골로 14,37.5808311531295,126.925563266044,서울특별시 서대문구 홍은동 401-16,3675,
MA0101202305A0068347,피비쓰리매트블랙커피롯데월드점,,3120227,잠실역,서울특별시 송파구 올림픽로 300,37.5136391062097,127.104298898598,서울특별시 송파구 신천동 29,5551,
MA010120220805354914,한국코아엔지니어링대중음악박물관카페,,3120227,잠실역,서울특별시 송파구 올림픽로 300,37.5136391062097,127.104298898598,서울특별시 송파구 신천동 29,5551,
MA0106202309A0963969,롯데컬처웍스롯데시네마월드타워,,3120227,잠실역,서울특별시 송파구 올림픽로 300,37.5136391062097,127.104298898598,서울특별시 송파구 신천동 29,5551,
MA010120220804827908,브레인파크아이엔씨지점커넥트투,,3120227,잠실역,서울특별시 송파구 올림픽로 300,37.5136391062097,127.104298898598,서울특별시 송파구 신천동 29,5551,
MA0101202310A0093249,브리커피잠실롯데월드몰,,3120227,잠실역,서울특별시 송파구 올림픽로 300,37.5136391062097,127.104298898598,서울특별시 송파구 신천동 29,5551,
MA0101202411A0181410,호연리테일,,3110586,서울서부지방법원,서울특별시 마포구 마포대로 156,37.5478512969416,126.954305236683,서울특별시 마포구 공덕동 475,4211,
MA010120220811809435,룽고커피,,3120128,신도림역,서울특별시 구로구 경인로67길 23,37.510515948407,126.889450716799,서울특별시 구로구 신도림동 338,8208,
MA010120220800580270,모노치즈,이대역점,3120096,"이화여대(이대역, 이대)",서울특별시 마포구 신촌로 190,37.5566058125137,126.946705842256,서울특별시 마포구 염리동 8-31,4113,
MA010120220806977982,리아트,,3120084,공릉역,서울특별시 노원구 동일로192길 62,37.6267623803568,127.076385641696,서울특별시 노원구 공릉동 392-25,1842,
MA010120220813837605,메가엠지씨커피대학점,,3120158,녹두거리(대학동),서울특별시 관악구 호암로26가길 2,37.470742736426,126.934004023839,서울특별시 관악구 신림동 1525-1,8812,
MA010120220803155548,카페글렌,,3110620,목동보건지소,서울특별시 양천구 목동중앙남로 82-4,37.541116091505,126.865451353352,서울특별시 양천구 목동 715-2,7955,
MA0106202201A0636256,탐앤탐스탐스커버리아셈,타워점,3120221,봉은사역,서울특별시 강남구 봉은사로 543,37.5143460027601,127.0593381668,서울특별시 강남구 삼성동 77-15,6087,
MA010120220814296974,프루칸,,3110205,경희대삼거리,서울특별시 동대문구 회기로 106,37.5913953661836,127.048302965815,서울특별시 동대문구 회기동 60-216,2457,
MA010120220802990199,프리마떼,,3110550,합정역 8번,서울특별시 마포구 월드컵로 35,37.552494534607,126.91202251098,서울특별시 마포구 합정동 426-2,4023,
MA010120220811906845,올어바웃페인,,3120166,방배역,서울특별시 서초구 방배로 109,37.4838167210831,126.995816586694,서울특별시 서초구 방배동 924-12,6683,
MA010120220807495239,커피에이엠,,3120122,강서구청,서울특별시 강서구 화곡로 296,37.5505477923914,126.849093250637,서울특별시 강서구 화곡동 980-21,7663,
MA0101202211A0049067,스윗글로우,,3110135,성동세무서,서울특별시 성동구 광나루로 291,37.5483212647221,127.062239418079,서울특별시 성동구 송정동 67-16,4802,
MA010120220803900802,소일,,3120072,성신여대,서울특별시 성북구 보문로32길 40,37.590034302164,127.018433145424,서울특별시 성북구 동선동2가 29,2849,
MA0106202205A1976372,카페244카페다울한국상하수도협회점,,3120139,대림3동사거리,서울특별시 영등포구 대림로 244,37.5025217666524,126.896904048481,서울특별시 영등포구 대림동 651-5,7379,
MA0101202311A0075879,이앤강파트너스백억커피,강남점,3120198,구역삼세무서,서울특별시 강남구 역삼로14길 18,37.4934522264426,127.035563580156,서울특별시 강남구 역삼동 834-63,6250,
MA010120220809967182,카페투니온,,3120038,약수역,서울특별시 중구 다산로6길 26,37.5520674797766,127.008713955088,서울특별시 중구 신당동 366-77,4597,
MA010120220805725817,플립커피로스터스,,3120119,발산역(마곡),서울특별시 강서구 마곡중앙6로 45,37.5606259174506,126.832729578767,서울특별시 강서구 마곡동 772-5,7802,
MA010120220805856433,박스프레소BACSPRESSOMAGOK,마곡점,3120119,발산역(마곡),서울특별시 강서구 마곡중앙6로 45,37.5606259174506,126.832729578767,서울특별시 강서구 마곡동 772-5,7802,
MA010120220809965688,더플롯커피,,3120119,발산역(마곡),서울특별시 강서구 마곡중앙6로 45,37.5606259174506,126.832729578767,서울특별시 강서구 마곡동 772-5,7802,
MA0101202411A0047817,더플롯커피,,3120119,발산역(마곡),서울특별시 강서구 마곡중앙6로 45,37.5606259174506,126.832729578767,서울특별시 강서구 마곡동 772-5,7802,
MA0106202404A1980216,풍Poong,,3120186,가로수길,서울특별시 강남구 압구정로8길 5,37.5230266278472,127.021357880673,서울특별시 강남구 신사동 529-6,6028,
MA010120220800366420,소담상회,,3110759,문래예술촌(문래창작촌),서울특별시 영등포구 당산로 8-3,37.5153589054401,126.894443156568,서울특별시 영등포구 문래동3가 58-8,7299,
MA010120220809728856,딥키,,3120007,북촌(안국역),서울특별시 종로구 북촌로9길 16-1,37.5812680168179,126.984161580757,서울특별시 종로구 가회동 87,3055,
MA010120220809995891,오렌지페블,,3120103,홍대입구역(홍대),서울특별시 마포구 와우산로15길 15,37.5496546513515,126.922391723529,서울특별시 마포구 서교동 411-6,4049,
MA010120220805276658,무이커피컴퍼니,,3120129,구로디지털단지,서울특별시 구로구 디지털로31길 38-9,37.4860121230093,126.893297241561,서울특별시 구로구 구로동 197-17,8376,
MA010120220800400764,삼유티에스주,,3110093,우사단길,서울특별시 용산구 우사단로14길 48,37.5342189884835,126.998302880916,서울특별시 용산구 한남동 732-15,4404,
MA0101202305A0184808,카페블레스롤강남,논현점,3120187,신논현역,서울특별시 강남구 강남대로 502,37.5071324796937,127.023671909377,서울특별시 강남구 논현동 165,6119,
MA010120220812941074,돌체파르니엔,,3120183,양재천카페거리,서울특별시 서초구 양재천로 129,37.4785565358453,127.041752059475,서울특별시 서초구 양재동 90-7,6747,
MA010120220812762818,타오파크,,3120012,대학로(혜화역),서울특별시 종로구 성균관로 6,37.5835485821749,126.998403656009,서울특별시 종로구 명륜2가 204,3074,
MA0101202307A0038864,블룸오아낫,,3110303,성신여대입구역 1번,서울특별시 성북구 동소문로32길 8,37.5965298589487,127.021911079009,서울특별시 성북구 동선동3가 259-19,2840,
MA0101202409A0096814,크레이져커피호텔카일점,,3120160,사당역(사당),서울특별시 관악구 남현3길 71,37.4754718178199,126.980362754466,서울특별시 관악구 남현동 1062-10,8806,
MA010120220800680157,온온커피(溫穩),,3111053,성내천어린이공원(하니사랑길),서울특별시 강동구 성내로18길 34,37.525526705156,127.128321225405,서울특별시 강동구 성내동 469-9,5402,
MA010120220813970601,에어보브,,3120213,삼성중앙역,서울특별시 강남구 삼성로100길 23-15,37.5110135508924,127.056768017389,서울특별시 강남구 삼성동 153-2,6166,
MA010120220805430763,카페숲,,3110753,시흥동 은행나무사거리,서울특별시 금천구 시흥대로40길 129,37.4466968630564,126.909954168578,서울특별시 금천구 시흥동 929-10,8647,
MA010120220811956459,휘게,,3120192,뱅뱅사거리,서울특별시 강남구 강남대로 276,37.4880469584517,127.032881220764,서울특별시 강남구 도곡동 949,6265,
MA010120220808102633,지희,,3120192,뱅뱅사거리,서울특별시 강남구 강남대로 276,37.4880469584517,127.032881220764,서울특별시 강남구 도곡동 949,6265,
MA010120220810314002,빈스,,3120125,구로역,서울특별시 구로구 구로중앙로 207,37.5046020213283,126.876962274163,서울특별시 구로구 구로동 611-26,8216,
MA0101202406A0145474,코미,,3120125,구로역,서울특별시 구로구 구로중앙로 207,37.5046020213283,126.876962274163,서울특별시 구로구 구로동 611-26,8216,
MA010120220804724471,더베러셀,,3110175,푸른동산공원,서울특별시 광진구 광나루로44길 13,37.543607944228,127.091588018803,서울특별시 광진구 구의동 204-1,5033,
MA010120220806503435,트래버틴현대무역,,3001496,강남 마이스 관광특구,서울특별시 강남구 테헤란로 517,37.50861540138,127.059763420214,서울특별시 강남구 삼성동 159-7,6164,
MA0106202201A0605685,폴바셋더클래식500점건대,,3120053,건대입구역(건대),서울특별시 광진구 능동로 90,37.5383603271746,127.070920866639,서울특별시 광진구 자양동 227-342,5065,
MA010120220806512948,감성커피,,3120128,신도림역,서울특별시 구로구 경인로 661,37.5095322660295,126.887766918746,서울특별시 구로구 신도림동 337,8208,
MA010120220808732369,에이스타테크놀로지,,3120128,신도림역,서울특별시 구로구 경인로 661,37.5095322660295,126.887766918746,서울특별시 구로구 신도림동 337,8208,
MA010120220811962017,메구스타,신도림점,3120128,신도림역,서울특별시 구로구 경인로 661,37.5095322660295,126.887766918746,서울특별시 구로구 신도림동 337,8208,
MA0106202307A2435194,씨에이크하우스,,3120051,뚝섬역,서울특별시 성동구 왕십리로14길 24,37.5483917111455,127.04617037647,서울특별시 성동구 성수동1가 656-823,4789,
MA010120220809762351,브라이언스로스터리,,3120172,교대입구교차로,서울특별시 서초구 서초중앙로 58,37.4871404870427,127.015592385164,서울특별시 서초구 서초동 1623-3,6640,
MA0101202406A0565567,마노커피하우스,,3120202,압구정로데오역(압구정로데오),서울특별시 강남구 도산대로59길 24,37.5251923151059,127.042535991143,서울특별시 강남구 청담동 90-13,6016,
MA010120220803519806,아이티에이엠콤마주,명동점,3120027,명동역(명동재미로),서울특별시 중구 퇴계로 77,37.5603554126478,126.980770585183,서울특별시 중구 충무로1가 54,4530,
MA010120220805894605,카페엘림,,3111061,암사역 1번,서울특별시 강동구 상암로 53-10,37.5497622936505,127.129517042228,서울특별시 강동구 암사동 496-32,5264,
MA0101202212A0062294,이앤강파트너스,,3120072,성신여대,서울특별시 성북구 아리랑로 20,37.5946386921381,127.016248890305,서울특별시 성북구 동선동5가 36,2829,
MA010120220801009646,커피콩나무오거닉빈주,,3120159,서울대입구역,서울특별시 관악구 남부순환로 1846,37.4800869953271,126.954832689198,서울특별시 관악구 봉천동 1601-8,8788,
MA010120220812886695,턴온,,3110131,성수동카페거리,서울특별시 성동구 연무장3길 14,37.5447673437338,127.051837316936,서울특별시 성동구 성수동2가 302-24,4782,
MA0106202403A0131368,테일,,3120164,내방역,서울특별시 서초구 서초대로25길 65,37.4905380847292,126.992616179335,서울특별시 서초구 방배동 837-10,6586,
MA010120220800189795,경보커파우스/주차장,,3130195,도화동 상점가,서울특별시 마포구 새창로 12,37.5420837099562,126.951321513863,서울특별시 마포구 도화동 183-17,4169,
MA0101202406A0089862,메가엠지씨커피삼전역점,,3111005,삼전역 3번,서울특별시 송파구 백제고분로 198,37.5039391313172,127.088553816415,서울특별시 송파구 삼전동 28-8,5581,
MA010120220800867421,디앤비,,3120114,목동신시가지,서울특별시 양천구 목동서로 161,37.5291597595638,126.873550568192,서울특별시 양천구 목동 920,7996,
MA0101202411A0139370,로우필름카페앤갤러리,,3120103,홍대입구역(홍대),서울특별시 마포구 독막로7길 44,37.5496980770327,126.919958638792,서울특별시 마포구 서교동 404-31,4048,
MA010120220802491413,에스아이지파운데이션,,3120179,양재역,서울특별시 서초구 강남대로39길 6-7,37.4866054862954,127.032371776577,서울특별시 서초구 서초동 1360-34,6730,
MA0101202406A0148669,코티,,3120131,가산디지털단지,서울특별시 금천구 가산디지털2로 95,37.4764665624822,126.879868682947,서울특별시 금천구 가산동 550-7,8505,
MA010120220806575480,88파운드,,3110558,경성고등학교,서울특별시 마포구 연남로13길 9,37.5667157699815,126.916861655178,서울특별시 마포구 연남동 487-424,3974,
MA010120220802965641,엔타로,,3120094,"신촌역(신촌역, 신촌로터리)",서울특별시 서대문구 명물길 37,37.5585838512671,126.938182123456,서울특별시 서대문구 창천동 45-1,3776,
MA0101202409A0039559,프리지아,,3120204,르네상스호텔사거리,서울특별시 강남구 테헤란로38길 29,37.5006038082447,127.04282738344,서울특별시 강남구 역삼동 721-4,6222,
MA0101202305A0035181,한국벤처투자카페,,3120169,서초역,서울특별시 서초구 서초대로45길 16,37.4938987097478,127.009261286484,서울특별시 서초구 서초동 1706-5,6595,
MA010120220800329796,성호다방,,3120136,영등포구청역,서울특별시 영등포구 선유동1로 24-5,37.5242679113575,126.892326458543,서울특별시 영등포구 당산동2가 162-12,7263,
MA0101202409A0111254,약수원,,3130236,비단길현대시장(현대시장),서울특별시 금천구 시흥대로 240,37.4552851157184,126.900698655701,서울특별시 금천구 시흥동 882-47,8626,
MA010120220812454932,스튜디오엠에이,,3110759,문래예술촌(문래창작촌),서울특별시 영등포구 당산로 10,37.515584125666,126.894408905425,서울특별시 영등포구 문래동3가 57-3,7299,
MA010120220813193456,모카,,3110008,배화여자대학교(박노수미술관),서울특별시 종로구 필운대로 25-2,37.5783548084942,126.969037606521,서울특별시 종로구 누하동 255,3039,
MA010120220804460448,빅컵커피,,3120197,역삼역,서울특별시 강남구 논현로87길 41,37.4988318340124,127.033519241111,서울특별시 강남구 역삼동 735-11,6235,
MA010120220808452190,에이유에이,,3120206,개나리아파트,서울특별시 강남구 언주로 309,37.4950975667442,127.045741760249,서울특별시 강남구 역삼동 784-6,6229,
MA010120220803788049,커피코드,,3111003,삼전역 4번,서울특별시 송파구 백제고분로18길 3-11,37.5046080669113,127.085580167572,서울특별시 송파구 잠실동 335-10,5577,
MA010120220803907993,뚜또에스프레소,,3120072,성신여대,서울특별시 성북구 보문로34길 92,37.5912503350998,127.020301699912,서울특별시 성북구 동선동2가 153,2844,
MA010120220808109740,카페천국,신림점,3110882,신성초등학교,서울특별시 관악구 서림3길 9,37.4735927698023,126.93930355376,서울특별시 관악구 신림동 103-267,8840,
MA0101202406A0382732,꿀과빙,,3110717,남구로역 2번,서울특별시 구로구 디지털로27가길 5-15,37.484587464459,126.892123377834,서울특별시 구로구 구로동 252-17,8375,
MA010120220808824747,커피zip집,,3120081,노원역,서울특별시 노원구 상계로1길 38-11,37.657962840533,127.062092839506,서울특별시 노원구 상계동 591-2,1693,
MA010120220810406602,씨티하우스컴퍼니,,3120052,성수역,서울특별시 성동구 아차산로7길 15-1,37.5464600345182,127.054475111388,서울특별시 성동구 성수동2가 289-21,4793,
MA0101202306A0092272,투고벅스,,3110544,망리단길,서울특별시 마포구 동교로 47-6,37.553265923412,126.907483486255,서울특별시 마포구 망원동 338-54,4018,
MA010120220803025529,뎁스Depth,,3110659,화곡역 4번,서울특별시 강서구 초록마을로 56,37.542240190464,126.848781852093,서울특별시 강서구 화곡동 55-59,7723,
MA0101202411A0000185,블랙워터로스터스,강남점,3120189,강남역,서울특별시 서초구 서운로 138,37.4960587929782,127.025240276733,서울특별시 서초구 서초동 1321-6,6619,
MA010120220811879462,이디야에스프레소신설점,,3120062,신설동역,서울특별시 종로구 난계로29길 30,37.574239371195,127.021474379673,서울특별시 종로구 숭인동 200-13,3115,
MA0106202212A2426621,T1Cafe&Arena,,3120207,선정릉역,서울특별시 강남구 선릉로115길 4,37.5124611182908,127.042596630075,서울특별시 강남구 논현동 267-22,6100,
MA010120220808271930,피스피스스튜디오,,3110095,한강진역 3번,서울특별시 용산구 대사관로11길 30,37.5349307764051,127.00187816297,서울특별시 용산구 한남동 657-123,4401,
MA010120220804784499,스피드캔커피,,3120021,시청역_8번,서울특별시 중구 서소문로 138,37.5636522495807,126.976310218577,서울특별시 중구 태평로2가 340-6,4514,
MA010120220811199682,민님,,3120072,성신여대,서울특별시 성북구 보문로30길 74-1,37.5908179129744,127.019984547146,서울특별시 성북구 동선동2가 163,2844,
MA010120220804132982,미예,,3120194,언주역(차병원),서울특별시 강남구 논현로 628,37.5097971930202,127.033083036679,서울특별시 강남구 논현동 221-13,6107,
MA010120220808251360,엠제이키친강남8호지점,,3120199,경복아파트교차로,서울특별시 강남구 언주로113길 10,37.5095078690317,127.03648733814,서울특별시 강남구 논현동 231-6,6108,
MA010120220813762827,포도나무키친강남8호지점,,3120199,경복아파트교차로,서울특별시 강남구 언주로113길 10,37.5095078690317,127.03648733814,서울특별시 강남구 논현동 231-6,6108,
MA010120220813962848,몰루,,3120187,신논현역,서울특별시 서초구 사평대로57길 45,37.5062407124155,127.022506707761,서울특별시 서초구 반포동 738-9,6541,
MA010120220803508865,프렌즈카페,,3120189,강남역,서울특별시 강남구 테헤란로4길 34,37.4961386809369,127.030351691155,서울특별시 강남구 역삼동 826-30,6241,
MA010120220810333306,메가엠지씨커피면목역점,,3130111,"동원전통종합시장(동원시장, 동원전통시장 상점가)",서울특별시 중랑구 면목로 418,37.5891562593309,127.087658305684,서울특별시 중랑구 면목동 121-23,2161,
MA010120220808709224,트레피커피,,3110544,망리단길,서울특별시 마포구 희우정로 98,37.5541806337289,126.902140665282,서울특별시 마포구 망원동 406-18,4007,
MA010120220811721199,연과점하루,,3110484,역촌역 3번,서울특별시 은평구 녹번로 51,37.6058995699396,126.930192856636,서울특별시 은평구 녹번동 95-9,3376,
MA010120220807757053,뭄미,,3110544,망리단길,서울특별시 마포구 동교로 43,37.5529141701813,126.90701992617,서울특별시 마포구 망원동 338-65,4018,
MA010120220806418141,카페루이,,3110376,수송초등학교,서울특별시 강북구 한천로124길 3,37.6369188555395,127.032006350416,서울특별시 강북구 번동 460-50,1059,
MA010120220813957003,카페크리스마스,,3120177,신논현역 1번,서울특별시 서초구 강남대로85길 15,37.5072949799531,127.022020691595,서울특별시 서초구 반포동 735-12,6536,
MA010120220808830925,맛나;커피,,3120173,교대역(법원.검찰청),서울특별시 서초구 법원로2길 7-4,37.4940066205666,127.011635992059,서울특별시 서초구 서초동 1712-2,6596,
MA010120220813339163,샐러투박스,,3120208,청담사거리(청담동명품거리),서울특별시 강남구 도산대로89길 12,37.5252791377149,127.050828305248,서울특별시 강남구 청담동 125,6013,
MA010120220802754060,키쉬미뇽고속터미널역점,,3120167,고속터미널(고속터미널역),서울특별시 서초구 신반포로 176,37.5039362582805,127.002408935394,서울특별시 서초구 반포동 19-3,6546,
MA010120220810099130,커피리브레,,3120167,고속터미널(고속터미널역),서울특별시 서초구 신반포로 176,37.5039362582805,127.002408935394,서울특별시 서초구 반포동 19-3,6546,
MA0101202307A0064584,강월국제,,3110312,안암역 2번,서울특별시 성북구 고려대로 101,37.5865088695967,127.030694041743,서울특별시 성북구 안암동5가 55-1,2842,
MA010120220813305192,공중도시,,3120103,홍대입구역(홍대),서울특별시 마포구 양화로10길 55,37.5499949362922,126.919268014324,서울특별시 마포구 서교동 395-83,4043,
MA0101202302A0088329,은연,,3120103,홍대입구역(홍대),서울특별시 마포구 양화로10길 55,37.5499949362922,126.919268014324,서울특별시 마포구 서교동 395-83,4043,
MA010120220808245913,오늘의커피,,3110939,양재역 8번(양재동우체국),서울특별시 서초구 남부순환로358길 63,37.4843863901864,127.040816855046,서울특별시 서초구 양재동 2-28,6739,
MA010120220806436071,커피셀러,,3110999,윗방죽마을공원,서울특별시 강남구 자곡로 186,37.4741124992648,127.103667389408,서울특별시 강남구 자곡동 653,6373,
MA0101202411A0060059,상계동블루스,,3120081,노원역,서울특별시 노원구 노해로85길 10-2,37.6558437833118,127.065332185516,서울특별시 노원구 상계동 323-9,1695,
MA0101202409A0092010,산책다방,,3110264,면목역 2번,서울특별시 중랑구 겸재로44길 11,37.5883535732193,127.088732984053,서울특별시 중랑구 면목동 105-10,2197,
MA010120220800874219,비지움오피스텔,,3120110,목동역 8번출구,서울특별시 양천구 오목로 190,37.5251781720802,126.85840951166,서울특별시 양천구 신정동 953-5,8020,
MA010120220813753666,디프런트,,3110562,연트럴파크(연남동주민센터),서울특별시 마포구 동교로51길 91,37.5660796077582,126.922057756269,서울특별시 마포구 연남동 241-60,3980,
MA010120220805696886,모리앤올리,,3110473,구산역 1번,서울특별시 은평구 서오릉로10길 3,37.6105416780328,126.919225263023,서울특별시 은평구 대조동 48-38,3394,
MA010120220802147334,밍글링,,3120055,군자역,서울특별시 광진구 동일로60길 41-13,37.5578455778317,127.076292600404,서울특별시 광진구 군자동 467-15,4994,
MA0106202201A0153314,커피빈공항터미널앞점,코리아,3120215,포스코사거리,서울특별시 강남구 테헤란로87길 17,37.5087422488156,127.058349736429,서울특별시 강남구 삼성동 158-10,6169,
MA010120220800207989,아침디자인그룹;삼삼오오커피공작소,,3110558,경성고등학교,서울특별시 마포구 월드컵북로12길 20,37.5618226194054,126.915814491151,서울특별시 마포구 성산동 208-1,3978,
MA0106202312A0509176,바이와이제이,,3110095,한강진역 3번,서울특별시 용산구 대사관로5길 22,37.5352641602657,127.000565714256,서울특별시 용산구 한남동 684-12,4400,
MA0101202211A0094462,한국에프앤비파트너스,,3120189,강남역,서울특별시 강남구 강남대로94길 28,37.4996437877802,127.029595412986,서울특별시 강남구 역삼동 649,6134,
MA010120220809201104,얼린,,3120189,강남역,서울특별시 강남구 강남대로94길 28,37.4996437877802,127.029595412986,서울특별시 강남구 역삼동 649,6134,
MA0106202201A1411889,주희스커피,,3120095,홍제역,서울특별시 서대문구 통일로 414,37.5864829679686,126.947058175599,서울특별시 서대문구 홍제동 139-45,3632,
MA010120220800353659,카페미도,,3120143,당산역,서울특별시 영등포구 선유동2로 65,37.5343911746864,126.897980294246,서울특별시 영등포구 양평동4가 32-17,7212,
MA0101202210A0009212,올에프앤비,,3120122,강서구청,서울특별시 강서구 화곡로 295,37.5508353282817,126.848481572989,서울특별시 강서구 화곡동 987-3,7687,
MA0101202409A0054741,브랜드한남,,3110093,우사단길,서울특별시 용산구 대사관로 46-1,37.5333269660146,127.003213173862,서울특별시 용산구 한남동 653-6,4402,
MA010120220812663352,와이엠에스,,3110093,우사단길,서울특별시 용산구 대사관로 46-1,37.5333269660146,127.003213173862,서울특별시 용산구 한남동 653-6,4402,
MA010120220800367617,데시앙루브103-1호,,3120143,당산역,서울특별시 영등포구 당산로 203,37.5323566859784,126.900053498479,서울특별시 영등포구 당산동5가 8,7213,
MA0106202306A0151435,커피빈종로와이비엠별관점,,3120009,종로3가역,서울특별시 종로구 종로 98,37.5698709290676,126.988408813645,서울특별시 종로구 종로2가 56-15,3191,
MA010120220800513070,가까운카페,,3110646,푸른들청소년도서관,서울특별시 강서구 강서로35길 12,37.5429019463584,126.838223220939,서울특별시 강서구 화곡동 1033-34,7707,
MA010120220802730116,시간이머무는홍차가게,,3120093,연희동,서울특별시 서대문구 연희로16길 7-15,37.5683566024079,126.93259363935,서울특별시 서대문구 연희동 69-3,3724,
MA010120220805322701,스탬피드커피,,3120206,개나리아파트,서울특별시 강남구 도곡로37길 18-2,37.4948814777396,127.045345841831,서울특별시 강남구 역삼동 784-12,6229,
MA0101202210A0036425,선호,,3120227,잠실역,서울특별시 송파구 올림픽로 305,37.5149816697371,127.104221588449,서울특별시 송파구 신천동 7-4,5510,
MA010120220806546998,더벤티마곡역점,,3120118,마곡역(마곡),서울특별시 강서구 마곡서로 56,37.5590003201591,126.823916599812,서울특별시 강서구 마곡동 798-4,7807,
MA010120220814334192,카페디엠,,3110942,염곡동 구룡사(포이동성당),서울특별시 서초구 논현로5길 38,37.4715262952934,127.047977021957,서울특별시 서초구 양재동 397-7,6783,
MA0101202209A0093438,에크루,,3120136,영등포구청역,서울특별시 영등포구 선유동1로 31-1,37.525060285357,126.891770995541,서울특별시 영등포구 양평동3가 2-6,7255,
MA010120220800597413,애플토스트/커피,,3110503,명지대학교교회,서울특별시 서대문구 거북골로 6,37.5813001100023,126.926264716382,서울특별시 서대문구 홍은동 400-36,3675,
MA0106202207A2355848,오씨오씨커피로스터스,,3110137,성수초등학교,서울특별시 성동구 아차산로9길 30-9,37.5465658377263,127.059284484808,서울특별시 성동구 성수동2가 278-8,4796,
MA010120220813009584,강남커피,,3120234,가락시장역,서울특별시 송파구 중대로9길 50,37.4971995051693,127.119384232224,서울특별시 송파구 가락동 87,5712,
MA010120220812608173,커피스튜디오엘,,3120234,가락시장역,서울특별시 송파구 중대로9길 50,37.4971995051693,127.119384232224,서울특별시 송파구 가락동 87,5712,
MA010120220812539954,더달콤,,3120228,석촌역(석촌호수),서울특별시 송파구 백제고분로42길 10,37.5054981616964,127.109682340011,서울특별시 송파구 송파동 86-10,5667,
MA010120220814145226,디리베,,3120043,서울역,서울특별시 중구 후암로58길 21,37.554353677639,126.974943784712,서울특별시 중구 남대문로5가 624,4637,
MA0101202210A0084404,지지커피맥주,,3120145,영등포역(영등포),서울특별시 영등포구 영중로 54,37.5209632337934,126.905170464592,서울특별시 영등포구 영등포동5가 27-5,7250,
MA010120220803369293,복고다방LAB,,3120129,구로디지털단지,서울특별시 구로구 디지털로 306,37.4859255988862,126.897333904828,서울특별시 구로구 구로동 182-13,8378,
MA0101202305A0167438,수프링,구로디지털점,3120129,구로디지털단지,서울특별시 구로구 디지털로 306,37.4859255988862,126.897333904828,서울특별시 구로구 구로동 182-13,8378,
MA0101202311A0022440,쇼와시대,,3120053,건대입구역(건대),서울특별시 광진구 능동로 129,37.5424324546659,127.071569699619,서울특별시 광진구 화양동 3-41,5011,
MA0101202210A0036660,식품사업부더쌍화커피,강남한의원,3111060,암사역 2번(서울강동초등학교),서울특별시 강동구 상암로12길 9,37.5492317323631,127.128576863937,서울특별시 강동구 천호동 288-28,5318,
MA010120220813326123,옴,,3120032,충무로역,서울특별시 중구 필동로 30-1,37.5589783863388,126.996027427653,서울특별시 중구 필동2가 97-2,4626,
MA010120220806985923,바오빙,증산점,3110449,증산역 3번,서울특별시 은평구 증산로3길 8,37.5811321729429,126.905535729099,서울특별시 은평구 증산동 176-7,3500,
MA010120220811948052,엣모스피어,,3110544,망리단길,서울특별시 마포구 망원로 54-1,37.556776110579,126.902872910836,서울특별시 마포구 망원동 416-2,4008,
MA010120220804722998,브이모뜨,,3120215,포스코사거리,서울특별시 강남구 삼성로82길 13,37.5052731343157,127.058844665606,서울특별시 강남구 대치동 957-23,6185,
MA010120220808154628,치카치카,,3110128,성원중학교,서울특별시 성동구 성수이로3길 16,37.5371264014921,127.0528842818,서울특별시 성동구 성수동2가 512,4775,
MA010120220810027436,씨엠티지점커피민트,,3120006,종각역,서울특별시 종로구 청계천로 73,37.5686362903998,126.985884794151,서울특별시 종로구 관철동 11-14,3190,
MA0101202411A0025231,그릭하다,서울대입구역점,3110895,샤로수길,서울특별시 관악구 관악로12길 23,37.4781494104563,126.953759816968,서울특별시 관악구 봉천동 1604-34,8788,
MA010120220803383843,비밀의정원,,3120051,뚝섬역,서울특별시 성동구 왕십리로14길 22-2,37.5484187985287,127.046023281638,서울특별시 성동구 성수동1가 656-821,4789,
MA010120220806624599,박스글로벌,,3120189,강남역,서울특별시 서초구 서초대로 397,37.4974374853959,127.024516991923,서울특별시 서초구 서초동 1316-5,6616,
MA010120220810289409,에이더블유씨,,3110759,문래예술촌(문래창작촌),서울특별시 영등포구 도림로133길 10,37.5135477692784,126.894309975376,서울특별시 영등포구 문래동2가 14-37,7290,
MA010120220813184812,성수동더블랙,,3120051,뚝섬역,서울특별시 성동구 왕십리로10길 5,37.5470856311115,127.045219020967,서울특별시 성동구 성수동1가 656-1043,4778,
MA010120220805081177,약속,,3120076,수유역,서울특별시 강북구 수유로 80,37.6361462126475,127.022455196488,서울특별시 강북구 수유동 7-13,1081,
MA010120220803642709,더블유에스프레소바,,3120063,청량리역(청량리),서울특별시 동대문구 왕산로40길 8-1,37.5795756002179,127.045114131914,서울특별시 동대문구 전농동 620-29,2559,
MA010120220810357063,마님온컴퍼니,,3120210,선릉역,서울특별시 강남구 테헤란로 419,37.5058709281034,127.052183635346,서울특별시 강남구 삼성동 142-43,6160,
MA0101202211A0091334,파리크라상리나스선릉,,3120210,선릉역,서울특별시 강남구 테헤란로 419,37.5058709281034,127.052183635346,서울특별시 강남구 삼성동 142-43,6160,
MA0106202201A0153547,커피빈삼성금융플라자점,코리아,3120210,선릉역,서울특별시 강남구 테헤란로 419,37.5058709281034,127.052183635346,서울특별시 강남구 삼성동 142-43,6160,
MA0101202406A0417816,카페화림,,3110662,까치산역 1번,서울특별시 강서구 강서로18가길 44,37.5358036227547,126.846124661966,서울특별시 강서구 화곡동 333-27,7751,
MA010120220812111642,카페어웨이,,3120189,강남역,서울특별시 서초구 서초대로 396,37.496563457197,127.024765491949,서울특별시 서초구 서초동 1321,6619,
MA010120220808246297,한조와태연,,3120185,논현역,서울특별시 서초구 사평대로57길 96,37.5084572951484,127.021919240886,서울특별시 서초구 반포동 722-36,6536,
MA010120220812387920,더모놀로그하우스,,3110079,후암동주민센터,서울특별시 용산구 두텁바위로 111,37.5488228396044,126.982029661307,서울특별시 용산구 후암동 398,4329,
MA0101202409A0226261,신원카페,,3120107,공덕역(공덕오거리),서울특별시 마포구 독막로 328,37.5426141439121,126.948594158887,서울특별시 마포구 도화동 532,4157,
MA010120220810223877,4콤마2,,3110323,상월곡역 1번,서울특별시 성북구 장월로1길 5,37.6075416119086,127.047090281142,서울특별시 성북구 상월곡동 28-45,2752,
MA0101202211A0001610,오벨,,3120231,가락시장,서울특별시 송파구 양재대로 932,37.4945338152583,127.10871642044,서울특별시 송파구 가락동 600,5699,
MA010120220812812635,엠엘메가엠지씨커피가락몰점,,3120231,가락시장,서울특별시 송파구 양재대로 932,37.4945338152583,127.10871642044,서울특별시 송파구 가락동 600,5699,
MA010120220804298640,한우리유통주,,3120231,가락시장,서울특별시 송파구 양재대로 932,37.4945338152583,127.10871642044,서울특별시 송파구 가락동 600,5699,
MA010120220808114493,이디야가락몰점,,3120231,가락시장,서울특별시 송파구 양재대로 932,37.4945338152583,127.10871642044,서울특별시 송파구 가락동 600,5699,
MA010120220804299752,셀그린농산킹콩쥬스엔커피유,,3120231,가락시장,서울특별시 송파구 양재대로 932,37.4945338152583,127.10871642044,서울특별시 송파구 가락동 600,5699,
MA010120220800558661,바니커피호프,,3120248,명일역,서울특별시 강동구 양재대로136길 5,37.5486733871916,127.143954761068,서울특별시 강동구 명일동 334-20,5295,
MA0101202306A0088312,넘버링,,3111042,거여역 1번(거여공원),서울특별시 송파구 오금로57길 3-4,37.4947323414806,127.142347178019,서울특별시 송파구 거여동 17-17,5744,
MA010120220813958293,준,,3120210,선릉역,서울특별시 강남구 테헤란로 322,37.5032423336041,127.046583628023,서울특별시 강남구 역삼동 707-34,6211,
MA010120220810058969,매머드익스프레스선릉한신점,,3120210,선릉역,서울특별시 강남구 테헤란로 322,37.5032423336041,127.046583628023,서울특별시 강남구 역삼동 707-34,6211,
MA0101202209A0008421,실버빈,,3120210,선릉역,서울특별시 강남구 테헤란로 322,37.5032423336041,127.046583628023,서울특별시 강남구 역삼동 707-34,6211,
MA0101202409A0026450,댓커피THATCOFFEE,,3120210,선릉역,서울특별시 강남구 테헤란로 322,37.5032423336041,127.046583628023,서울특별시 강남구 역삼동 707-34,6211,
MA010120220804891657,스타커피,,3120210,선릉역,서울특별시 강남구 테헤란로 322,37.5032423336041,127.046583628023,서울특별시 강남구 역삼동 707-34,6211,
MA010120220809956932,쎄컨드플로어secondfloor,,3120210,선릉역,서울특별시 강남구 테헤란로 322,37.5032423336041,127.046583628023,서울특별시 강남구 역삼동 707-34,6211,
MA0101202305A0085941,소쿠리베니스SOCURIVENICE,,3120210,선릉역,서울특별시 강남구 테헤란로 322,37.5032423336041,127.046583628023,서울특별시 강남구 역삼동 707-34,6211,
MA0106202201A0153240,커피빈여의도34번지점,코리아,3120149,여의도역(여의도),서울특별시 영등포구 국제금융로 52,37.5227282144793,126.929512491271,서울특별시 영등포구 여의도동 34-1,7330,
MA010120220811666239,아티클,,3120002,서촌(경복궁역),서울특별시 종로구 자하문로7길 69-3,37.5802288071482,126.968776445528,서울특별시 종로구 누하동 17-2,3036,
MA010120220806859200,핸썸치즈카페,,3120203,강남구청역,서울특별시 강남구 학동로43길 8,37.5166254956511,127.037463589713,서울특별시 강남구 논현동 116,6061,
MA010120220809135972,스프레이,,3120051,뚝섬역,서울특별시 성동구 성수일로 44-1,37.5443357312551,127.04982283153,서울특별시 성동구 성수동2가 301-27,4782,
MA0101202311A0044640,코지휴,,3111089,상일여고(상일초등학교),서울특별시 강동구 구천면로 660,37.5507093094428,127.171209069433,서울특별시 강동구 상일동 207,5282,
MA010120220811793348,율곡,,3120104,연남동(홍대),서울특별시 마포구 월드컵북로6길 24-7,37.5581586456115,126.920255168718,서울특별시 마포구 동교동 203-57,3992,
MA0101202406A0567363,더케이에프엔비파스타다,,3120194,언주역(차병원),서울특별시 강남구 봉은사로37길 11,37.5090303086494,127.036577588277,서울특별시 강남구 논현동 232-17,6109,
MA010120220814078318,유캔두잇,,3120136,영등포구청역,서울특별시 영등포구 당산로32길 12,37.5262011622687,126.898081951824,서울특별시 영등포구 당산동3가 85-1,7257,
MA010120220805196571,오페라빈에스프레소바필동점,,3120032,충무로역,서울특별시 중구 필동로 27-1,37.5590324553458,126.996310371735,서울특별시 중구 필동3가 41-2,4623,
MA010120220810063664,지속,,3110140,건대입구역 6번,서울특별시 광진구 동일로20길 20,37.5411029141531,127.064745384077,서울특별시 광진구 자양동 16-3,5071,
MA0101202209A0019732,로스터리카페순,,3110695,개봉1동주민센터,서울특별시 구로구 고척로40길 3-1,37.5030675609842,126.851088847392,서울특별시 구로구 고척동 264-14,8234,
MA010120220800570644,플라잉핸즈,,3110508,서연중학교,서울특별시 서대문구 연희로11가길 30,37.5672007670033,126.928248142003,서울특별시 서대문구 연희동 128-5,3707,
MA0101202409A0097383,카페열매,,3120057,아차산역,서울특별시 광진구 자양로 261,37.5496007982264,127.090011048411,서울특별시 광진구 구의동 78-2,4992,
MA010120220813535458,난만,,3120199,경복아파트교차로,서울특별시 강남구 테헤란로39길 50,37.5056952794239,127.040590947363,서울특별시 강남구 역삼동 662-12,6138,
MA010120220804670135,파리크라상오픈커피스테이션,,3120179,양재역,서울특별시 서초구 남부순환로 2620,37.484513686666,127.03732317662,서울특별시 서초구 양재동 11-149,6737,
MA010120220811497827,카페길,,3110665,곰달래도서관,서울특별시 강서구 강서로8길 24,37.5297981237761,126.849361332737,서울특별시 강서구 화곡동 892-20,7781,
MA0101202210A0101100,아하오호,,3120197,역삼역,서울특별시 강남구 논현로 520,37.503020716659,127.036212754975,서울특별시 강남구 역삼동 668-3,6140,
MA010120220809828503,행복키움,,3120006,종각역,서울특별시 종로구 종로 26,37.5696896560345,126.98030408661,서울특별시 종로구 서린동 99,3188,
MA010120220808141494,행복믿음,,3120006,종각역,서울특별시 종로구 종로 26,37.5696896560345,126.98030408661,서울특별시 종로구 서린동 99,3188,
MA010120220800431704,먼치빈스,,3120129,구로디지털단지,서울특별시 구로구 디지털로33길 12,37.4865462658696,126.896157134854,서울특별시 구로구 구로동 184-1,8377,
MA010120220803242861,로뎀카페,,3110654,까치산역 4번,서울특별시 강서구 강서로15길 37,37.5318907861602,126.844220674732,서울특별시 강서구 화곡동 346-46,7773,
MA010120220813752722,델리카시스,,3120189,강남역,서울특별시 강남구 테헤란로4길 38,37.4960125225615,127.030419490261,서울특별시 강남구 역삼동 826-35,6241,
MA010120220812390319,밀리,,3110713,구로보건소,서울특별시 구로구 새말로 62,37.5039004564249,126.887209872494,서울특별시 구로구 구로동 산1-11,8290,
MA010120220806635834,프롬하츠커피송파배명점,,3111008,석촌고분역 3번,서울특별시 송파구 삼학사로 32,37.5000761874361,127.097008363676,서울특별시 송파구 석촌동 217-1,5679,
MA0101202406A0593050,팀푸쉬을지지점,,3120031,을지로3가역,서울특별시 중구 을지로20길 24-15,37.5653934327519,126.994759376894,서울특별시 중구 인현동1가 38-1,4549,
MA0101202302A0042410,카페라미,,3110399,창2동주민센터,서울특별시 도봉구 덕릉로57길 62,37.6407650347107,127.035588364231,서울특별시 도봉구 창동 582-25,1466,
MA0101202309A0075611,올라F&B,,3110738,문성초등학교,서울특별시 금천구 시흥대로150길 20,37.4756383892637,126.900027331354,서울특별시 금천구 독산동 969,8539,
MA010120220811963836,블룸,,3120041,신용산역(용산역),서울특별시 용산구 한강대로 95,37.5288443236813,126.966648346733,서울특별시 용산구 한강로2가 422,4378,
MA0101202212A0046769,밀레니엄폼,,3120012,대학로(혜화역),서울특별시 종로구 창경궁로 269,37.5853415675638,127.000667989748,서울특별시 종로구 혜화동 126-4,3075,
MA010120220808139057,히브루스김정민점,,3120094,"신촌역(신촌역, 신촌로터리)",서울특별시 마포구 신촌로20길 19,37.5544844982781,126.938536342615,서울특별시 마포구 노고산동 33-22,4102,
MA010120220810282862,영호유통마켓,,3110753,시흥동 은행나무사거리,서울특별시 금천구 독산로 38,37.4506672766601,126.906027779522,서울특별시 금천구 시흥동 921-2,8643,
MA010120220803356015,프리즈커피,,3120009,종로3가역,서울특별시 종로구 삼일대로30길 38,37.5742138558554,126.989823162451,서울특별시 종로구 익선동 127-4,3133,
MA010120220808603806,구디스,,3120179,양재역,서울특별시 서초구 남부순환로347길 21-17,37.4850922157096,127.030788183644,서울특별시 서초구 서초동 1364-65,6734,
MA0101202409A0103013,소우주,,3110410,방학역 2번,서울특별시 도봉구 도봉로 696,37.6666386304895,127.04342131051,서울특별시 도봉구 방학동 706-7,1333,
MA010120220808321851,아델라까드말리adellacademarley,,3120041,신용산역(용산역),서울특별시 용산구 한강대로 95,37.5288172968287,126.966659672077,서울특별시 용산구 한강로2가 422,4378,
MA0106202201A1333050,캣츠커피용산더,센트럴점,3120041,신용산역(용산역),서울특별시 용산구 한강대로 95,37.5288172968287,126.966659672077,서울특별시 용산구 한강로2가 422,4378,
MA0106202409A1342201,아델라까드말리,,3120041,신용산역(용산역),서울특별시 용산구 한강대로 95,37.5288172968287,126.966659672077,서울특별시 용산구 한강로2가 422,4378,
MA010120220800168753,카페마루,,3120103,홍대입구역(홍대),서울특별시 마포구 홍익로 18,37.5542231154402,126.923009429396,서울특별시 마포구 서교동 345-9,4055,
MA010120220805401177,필로커피,,3110586,서울서부지방법원,서울특별시 마포구 마포대로12길 36,37.5473108417226,126.954678998048,서울특별시 마포구 공덕동 242-71,4211,
MA0101202311A0096961,만능커피,,3110601,신월1동우편취급국,서울특별시 양천구 월정로 89-1,37.5273708525327,126.839795346465,서울특별시 양천구 신월동 237-13,7926,
MA010120220814182845,더쌍화종로3가,,3001494,종로?청계 관광특구,서울특별시 종로구 종로 150-1,37.5702587915365,126.994362850834,서울특별시 종로구 종로3가 166,3193,
MA0101202406A0479189,오슬로우성대점,,3120012,대학로(혜화역),서울특별시 종로구 성균관로 8-1,37.5837017482818,126.998211185338,서울특별시 종로구 명륜2가 209-4,3074,
MA010120220806684816,셀람,,3111059,강동역 4번(강풀만화거리),서울특별시 강동구 천호대로170길 96,37.5313617727514,127.131431172001,서울특별시 강동구 성내동 515-9,5390,
MA0101202406A0269446,제주커피집케이터링,,3110123,마장역 3번,서울특별시 성동구 마조로 64-20,37.5640975597436,127.042263816979,서울특별시 성동구 마장동 795-1,4758,
MA0101202305A0082625,오렌지타로,,3110425,계상초등학교,서울특별시 노원구 한글비석로23길 10,37.6603633187771,127.07119543183,서울특별시 노원구 상계동 169-87,1682,
MA0101202309A0053184,현빈옆집커피,,3110703,개봉역,서울특별시 구로구 개봉로20길 109,37.4927262068851,126.860257436316,서울특별시 구로구 개봉동 198-24,8329,
MA0101202409A0198779,그래커피,,3120210,선릉역,서울특별시 강남구 선릉로82길 20,37.5026635934402,127.051627244258,서울특별시 강남구 대치동 899-2,6198,
MA0106202405A1994590,유노청년다방,역삼점,3120198,구역삼세무서,서울특별시 강남구 역삼로 133,37.4944347410021,127.034150530735,서울특별시 강남구 역삼동 752-41,6244,
MA010120220812757520,오디오시요거트,,3120198,구역삼세무서,서울특별시 강남구 역삼로 133,37.4944347410021,127.034150530735,서울특별시 강남구 역삼동 752-41,6244,
MA0101202302A0070683,비트커피이앤씨드림,타워점,3120136,영등포구청역,서울특별시 영등포구 선유로 146,37.5268533386256,126.891836283175,서울특별시 영등포구 양평동3가 46,7255,
MA0101202212A0054698,커피사피엔스이앤씨드림,타워점,3120136,영등포구청역,서울특별시 영등포구 선유로 146,37.5268533386256,126.891836283175,서울특별시 영등포구 양평동3가 46,7255,
MA0101202307A0061192,마포복사꽃공원점빽다방,,3130195,도화동 상점가,서울특별시 마포구 마포대로4길 16,37.5387659461692,126.9465035604,서울특별시 마포구 도화동 290-15,4173,
MA0101202303A0115865,과일샾cafe리치,,3120189,강남역,서울특별시 강남구 강남대로84길 33,37.4975891072472,127.031098645653,서울특별시 강남구 역삼동 824-25,6233,
MA0101202411A0107454,커피나인언주역,2호점,3120194,언주역(차병원),서울특별시 강남구 논현로 546,37.5049221185886,127.03528627763,서울특별시 강남구 역삼동 659-8,6136,
MA010120220806304553,카페빌라드그릭,,3120094,"신촌역(신촌역, 신촌로터리)",서울특별시 서대문구 연세로11길 28,37.5590418069795,126.935284368413,서울특별시 서대문구 창천동 52-13,3788,
MA010120220813896596,커피오름,,3120095,홍제역,서울특별시 서대문구 통일로 412-1,37.5863748945246,126.947160150279,서울특별시 서대문구 홍제동 139-12,3632,
MA0101202302A0058385,서른커피,,3120193,도산공원교차로,서울특별시 강남구 논현로168길 35,37.5234569192271,127.031199879657,서울특별시 강남구 신사동 626-4,6024,
MA010120220800803744,그릭데이경희대점,,3110205,경희대삼거리,서울특별시 동대문구 회기로23가길 22,37.5922126498157,127.05432727672,서울특별시 동대문구 회기동 3-251,2453,
MA010120220800148725,맨케이브커피,,3120072,성신여대,서울특별시 성북구 보문로34길 94,37.5912322741206,127.020539472803,서울특별시 성북구 동선동2가 308,2844,
MA010120220805314872,케머스경리단그집,,3110085,경리단길남측,서울특별시 용산구 회나무로 4,37.5382368871081,126.988334508983,서울특별시 용산구 이태원동 293-2,4345,
MA0101202311A0009132,이씨상회,,3120192,뱅뱅사거리,서울특별시 서초구 사임당로 178,37.4921295160284,127.029094905752,서울특별시 서초구 서초동 1337-14,6627,
MA010120220808044780,코너스톤,,3120191,학동역,서울특별시 강남구 논현로 645,37.5111041033494,127.031420949889,서울특별시 강남구 논현동 152,6116,
MA0106202201A0636250,탐앤탐스블랙청담점,,3120208,청담사거리(청담동명품거리),서울특별시 강남구 도산대로 443,37.5241644686993,127.044447238299,서울특별시 강남구 청담동 92-11,6016,
MA010120220800162391,초록달,,3110544,망리단길,서울특별시 마포구 동교로 23,37.5522728680638,126.905017640089,서울특별시 마포구 망원동 394-75,4017,
MA010120220810296282,에든버르,,3120118,마곡역(마곡),서울특별시 강서구 마곡중앙4로 22,37.5580982122225,126.829294641244,서울특별시 강서구 마곡동 799-11,7631,
MA010120220801626989,퍼스트엠버,,3120118,마곡역(마곡),서울특별시 강서구 마곡중앙4로 22,37.5580982122225,126.829294641244,서울특별시 강서구 마곡동 799-11,7631,
MA010120220812707573,베이스캠프식스,,3110491,불광중학교,서울특별시 은평구 불광로18길 18-1,37.6224255685461,126.933428393209,서울특별시 은평구 불광동 21-2,3360,
MA010120220802844356,비아인키노주,,3120200,학동사거리,서울특별시 강남구 선릉로 741,37.5204629837853,127.039863662707,서울특별시 강남구 논현동 101-19,6056,
MA010120220809856350,윈야드,,3110508,서연중학교,서울특별시 서대문구 연희로11다길 9,37.5670652654778,126.927670998332,서울특별시 서대문구 연희동 128-30,3707,
MA010120220809586241,수인푸드,,3120220,대치역,서울특별시 강남구 남부순환로 2917,37.4931634530126,127.059163093631,서울특별시 강남구 대치동 626,6280,
MA010120220814339484,오븐에오분,,3120096,"이화여대(이대역, 이대)",서울특별시 서대문구 이화여대2길 26,37.557362969696,126.947418313348,서울특별시 서대문구 대현동 67-81,3767,
MA010120220800818694,듀콘,,3120213,삼성중앙역,서울특별시 강남구 봉은사로 462,37.5119174436277,127.050400744821,서울특별시 강남구 삼성동 115-28,6154,
MA010120220811736655,두리몰,,3120002,서촌(경복궁역),서울특별시 종로구 자하문로 65,37.5817789700932,126.970541924101,서울특별시 종로구 옥인동 19-30,3035,
MA010120220810173823,소소하게,,3110128,성원중학교,서울특별시 성동구 성덕정길 27,37.539237301593,127.046820994606,서울특별시 성동구 성수동1가 104,4774,
MA010120220809975361,바람쐬다,,3110659,화곡역 4번,서울특별시 강서구 초록마을로18길 25-11,37.5402683217668,126.849815502331,서울특별시 강서구 화곡동 56-51,7724,
MA010120220813257946,제이엠지아이엔씨3,,3120190,강남을지병원,서울특별시 강남구 논현로157길 21,37.5222057206076,127.026289814991,서울특별시 강남구 신사동 565,6032,
MA010120220812351977,미커피,,3120027,명동역(명동재미로),서울특별시 중구 퇴계로24길 2-1,37.5606806200104,126.986984153494,서울특별시 중구 남산동3가 13-5,4629,
MA0101202303A0075679,솜고래다방,,3120158,녹두거리(대학동),서울특별시 관악구 호암로 598,37.4705623318331,126.933642437685,서울특별시 관악구 신림동 1525-4,8812,
MA010120220814118795,앤픽스이노베이션,,3120213,삼성중앙역,서울특별시 강남구 봉은사로68길 55,37.5089881831636,127.052683459246,서울특별시 강남구 삼성동 124-15,6156,
MA010120220805042618,샌프란시스코커피,,3120039,신당역,서울특별시 중구 다산로42길 43-4,37.5644730216041,127.018890912127,서울특별시 중구 신당동 121-40,4577,
MA010120220806943074,5빠,,3110544,망리단길,서울특별시 마포구 동교로 55-14,37.553933296659,126.908297492682,서울특별시 마포구 망원동 384-48,4018,
MA010120220808487743,메가후르츠경복궁역점,,3120002,서촌(경복궁역),서울특별시 종로구 자하문로 6,37.5766708492338,126.972683519867,서울특별시 종로구 통의동 49-1,3044,
MA010120220813114644,에슬로우GS,타워점,3120197,역삼역,서울특별시 강남구 테헤란로27길 18,37.5025786735858,127.037965490799,서울특별시 강남구 역삼동 678,6141,
MA0101202307A0097635,왁카노,,3110028,이화달팽이길,서울특별시 종로구 율곡로 263,37.5738266614633,127.006961871739,서울특별시 종로구 종로6가 208-8,3099,
MA0101202209A0088853,청그릭,,3110453,신사1동주민센터,서울특별시 은평구 은평로 18,37.597551961888,126.910293578796,서울특별시 은평구 신사동 29-23,3450,
MA010120220806832153,벤티프레소시티렉스,독산점,3120132,독산동,서울특별시 금천구 시흥대로 399,37.4694096874933,126.896859105306,서울특별시 금천구 독산동 291-5,8584,
MA0101202301A0058787,온즈,,3110437,당고개역 2번,서울특별시 노원구 덕릉로123길 40-14,37.6697646090449,127.078968661371,서울특별시 노원구 상계동 65-36,1637,
MA0101202406A0559375,지유엔유,,3120226,석촌고분역,서울특별시 송파구 삼학사로 98,37.5060043677388,127.097536287756,서울특별시 송파구 석촌동 1-7,5612,
MA0106202201A0604098,글로리아진스커피여의도점,코리아,3120149,여의도역(여의도),서울특별시 영등포구 여의대로 70,37.5248422684274,126.924182216544,서울특별시 영등포구 여의도동 23-2,7325,
MA010120220800073538,티씨케이컴퍼니TCKCompany,,3120208,청담사거리(청담동명품거리),서울특별시 강남구 도산대로85길 39,37.5271447783527,127.049494630271,서울특별시 강남구 청담동 112-28,6011,
MA010120220800064237,도서출판에이앤에이,,3110005,세검정,서울특별시 종로구 자하문로 276,37.5982017452564,126.962393632738,서울특별시 종로구 부암동 175-1,3017,
MA0101202306A0023968,포니테일,,3110572,서강대역 1번,서울특별시 마포구 광성로6길 36,37.5482949077079,126.939050656646,서울특별시 마포구 신수동 85-16,4096,
MA010120220803580385,시티카메라,,3110093,우사단길,서울특별시 용산구 우사단로10마길 4,37.53045278348,127.00276050823,서울특별시 용산구 보광동 3-236,4412,
MA0101202406A0273887,맛짱푸드,,3120186,가로수길,서울특별시 강남구 압구정로 104,37.5225763623184,127.020011580447,서울특별시 강남구 신사동 528,6028,
MA010120220813297560,커피집단카페소프트,여의도지점,3120149,여의도역(여의도),서울특별시 영등포구 국제금융로 10,37.5251850971787,126.924883260731,서울특별시 영등포구 여의도동 23,7326,
MA010120220805999774,일리카페IBM점,,3120149,여의도역(여의도),서울특별시 영등포구 국제금융로 10,37.5251850971787,126.924883260731,서울특별시 영등포구 여의도동 23,7326,
MA0101202302A0040516,매니폴드,,3110826,장승배기역 4번,서울특별시 동작구 상도로15길 3,37.5012140172952,126.932563571028,서울특별시 동작구 상도동 348-147,6952,
MA010120220803238481,심온사회적협동조합,,3110826,장승배기역 4번,서울특별시 동작구 상도로15길 3,37.5012140172952,126.932563571028,서울특별시 동작구 상도동 348-147,6952,
MA010120220808694070,더크림,,3120066,장한평역(장한평),서울특별시 동대문구 천호대로79길 55,37.5648266150795,127.063962279059,서울특별시 동대문구 장안동 403-9,2635,
MA010120220808149328,남산분식당,,3110041,남산케이블카,서울특별시 중구 소파로 125,37.5584191349149,126.987142995871,서울특별시 중구 남산동2가 24-1,4629,
MA010120220803688938,한화비앤비주,,3110137,성수초등학교,서울특별시 성동구 아차산로17길 48,37.5463911515234,127.065881553993,서울특별시 성동구 성수동2가 280,4799,
MA010120220804869171,로매지크연남점,,3120104,연남동(홍대),서울특별시 마포구 동교로38길 42,37.5610633905786,126.925673482387,서울특별시 마포구 연남동 382-19,3982,
MA010120220814126063,커피수기,,3120200,학동사거리,서울특별시 강남구 도산대로46길 21,37.5208873579707,127.037092420743,서울특별시 강남구 논현동 105-4,6057,
MA010120220808040614,더보이즈커피,,3120055,군자역,서울특별시 광진구 능동로 275-1,37.5546911146465,127.077783257384,서울특별시 광진구 군자동 1-10,4997,
MA0101202309A0064472,크레이저커피,마곡점,3120119,발산역(마곡),서울특별시 강서구 강서로 399,37.5612919112693,126.838670148952,서울특별시 강서구 마곡동 793-8,7794,
MA010120220802288223,테라포커스,,3120197,역삼역,서울특별시 강남구 강남대로94길 67,37.5008233292352,127.032547549948,서울특별시 강남구 역삼동 637-20,6131,
MA010120220813397212,비엔나커피하우스협동조합,,3120098,DMC(디지털미디어시티),서울특별시 마포구 월드컵북로58길 10,37.5815934889596,126.887081447256,서울특별시 마포구 상암동 1592,3923,
MA010120220813178592,바람팩토리,,3120104,연남동(홍대),서울특별시 마포구 동교로38길 26-7,37.5616217866828,126.925322061381,서울특별시 마포구 연남동 390-48,3982,
MA010120220809795013,디저트39서울대,입구점,3110895,샤로수길,서울특별시 관악구 봉천로 524,37.4791233382944,126.95595254484,서울특별시 관악구 봉천동 1612-10,8789,
MA010120220808378545,민들레커피숲,,3120063,청량리역(청량리),서울특별시 동대문구 홍릉로 13,37.5814409315223,127.044390696267,서울특별시 동대문구 청량리동 738,2573,
MA0106202307A2051374,로마노에스프레소바,,3130195,도화동 상점가,서울특별시 마포구 새창로 18-1,37.5419398279709,126.952000524977,서울특별시 마포구 도화동 38-1,4169,
MA010120220803222812,스트릿,,3110047,다산성곽길,서울특별시 중구 동호로 223,37.5576176527531,127.008341118453,서울특별시 중구 신당동 821,4604,
MA0101202406A0311606,필라스에어,,3120188,압구정역,서울특별시 강남구 언주로167길 21,37.5263400812647,127.031370774429,서울특별시 강남구 신사동 607-5,6023,
MA010120220802926065,카페달꼬미,,3120187,신논현역,서울특별시 강남구 강남대로122길 30-10,37.5077808120599,127.025549596603,서울특별시 강남구 논현동 167-16,6119,
MA010120220808401127,파퓰러,,3120191,학동역,서울특별시 강남구 강남대로128길 69,37.512285512517,127.026998916418,서울특별시 강남구 논현동 125-8,6111,
MA0101202409A0024177,볼트커피바#2,,3120179,양재역,서울특별시 서초구 남부순환로347길 48-12,37.4865876318513,127.031761194136,서울특별시 서초구 서초동 1360-22,6730,
MA010120220800696795,프롬커피,,3120242,강동구청역,서울특별시 송파구 올림픽로49길 8,37.530491381957,127.119584350467,서울특별시 송파구 풍납동 505-8,5530,
MA010120220806524395,퍼스트페이지일상문화협동조합,,3120242,강동구청역,서울특별시 송파구 올림픽로49길 8,37.530491381957,127.119584350467,서울특별시 송파구 풍납동 505-8,5530,
MA010120220800201916,에이블,,3120186,가로수길,서울특별시 강남구 압구정로14길 12,37.5235128523614,127.023043583278,서울특별시 강남구 신사동 547-6,6029,
MA0101202310A0063981,보은하다,,3120129,구로디지털단지,서울특별시 구로구 디지털로26길 5,37.4816153719026,126.893484393121,서울특별시 구로구 구로동 235-2,8389,
MA010120220812620431,와플앨리,,3120189,강남역,서울특별시 강남구 테헤란로4길 46,37.4955080485841,127.030068728829,서울특별시 강남구 역삼동 826-37,6241,
MA010120220810068109,제이에스아트테인먼트,,3120189,강남역,서울특별시 강남구 테헤란로4길 46,37.4955080485841,127.030068728829,서울특별시 강남구 역삼동 826-37,6241,
MA0101202409A0011395,굿잡카페인,,3120186,가로수길,서울특별시 강남구 압구정로2길 59,37.5181161208251,127.021582714949,서울특별시 강남구 신사동 515,6035,
MA010120220805955772,힛더커피,,3120131,가산디지털단지,서울특별시 금천구 벚꽃로 278,37.4794987024418,126.884634904349,서울특별시 금천구 가산동 60-19,8511,
MA010120220813243132,25그램,,3120009,종로3가역,서울특별시 종로구 삼일대로30길 41,37.5743580237541,126.989925024606,서울특별시 종로구 익선동 94-3,3132,
MA0106202303A0056225,떼르드카페,압구정점,3120202,압구정로데오역(압구정로데오),서울특별시 강남구 도산대로49길 36,37.5252932277115,127.037196417035,서울특별시 강남구 신사동 656-24,6019,
MA010120220800069203,커피스미스에프씨종로지점주,,3120006,종각역,서울특별시 종로구 종로 85,37.5704293975488,126.986982457196,서울특별시 종로구 종로2가 21,3164,
MA010120220800632413,충무,,3110544,망리단길,서울특별시 마포구 망원로 50,37.5567036763257,126.902442939029,서울특별시 마포구 망원동 416-34,4008,
MA0101202309A0046205,키에르커피,,3120225,잠실새내역(신천),서울특별시 송파구 백제고분로 75,37.5099645183871,127.079150629608,서울특별시 송파구 잠실동 196,5561,
MA010120220806581079,이디야강서점,,3120122,강서구청,서울특별시 강서구 화곡로 292,37.5503131282356,126.848776860373,서울특별시 강서구 화곡동 981-1,7663,
MA010120220807334767,아바갤러리,,3120185,논현역,서울특별시 서초구 신반포로 317,37.5105662374856,127.018458827465,서울특별시 서초구 잠원동 41-4,6532,
MA0106202201A1303313,셰퍼드커피,,3110566,경의선책거리,서울특별시 마포구 와우산로 125,37.5535952615688,126.927502945459,서울특별시 마포구 서교동 338-52,4054,
MA0101202311A0059506,메타트레이딩컴퍼니,,3120053,건대입구역(건대),서울특별시 광진구 능동로 131,37.5426847069204,127.071615202368,서울특별시 광진구 화양동 3-37,5011,
MA0101202305A0018378,은소와,,3120120,화곡역,서울특별시 강서구 화곡로 186-14,37.5418261101887,126.842185888355,서울특별시 강서구 화곡동 105-359,7727,
MA010120220800822818,그린아이,코리아,3110068,남영역 1번,서울특별시 용산구 청파로 251,37.541909824761,126.970365257643,서울특별시 용산구 청파동3가 80-6,4313,
MA010120220812664918,기와르,,3110135,성동세무서,서울특별시 성동구 광나루로 233,37.5497569791584,127.055993918282,서울특별시 성동구 송정동 81-17,4802,
MA010120220811229879,프랭키,,3110095,한강진역 3번,서울특별시 용산구 대사관로5길 17,37.5349758400242,127.000565712079,서울특별시 용산구 한남동 685-13,4400,
MA0101202406A0401207,우리동네베이커리,,3120120,화곡역,서울특별시 강서구 강서로33길 83,37.5408346457129,126.835319703184,서울특별시 강서구 화곡동 1068-19,7711,
MA0101202406A0261921,레포네트,,3120032,충무로역,서울특별시 중구 마른내로 60-1,37.5641680665858,126.994510452323,서울특별시 중구 인현동1가 87-20,4556,
MA010120220800808010,알로하카페,,3110161,중곡역 3번,서울특별시 광진구 긴고랑로9길 51-4,37.5657165513809,127.081869519055,서울특별시 광진구 중곡동 193-8,4908,
MA010120220813381787,제아갸또,삼성점,3120213,삼성중앙역,서울특별시 강남구 봉은사로68길 57,37.5088529567183,127.052853018654,서울특별시 강남구 삼성동 124-19,6156,
MA010120220809890928,트러스트코퍼레이션,,3120215,포스코사거리,서울특별시 강남구 선릉로90길 56,37.5050774415755,127.053528940524,서울특별시 강남구 대치동 891-23,6194,
MA0106202201A0153183,커피빈뉴가로수길점,코리아,3120186,가로수길,서울특별시 강남구 가로수길 83,37.5235580372453,127.022342221129,서울특별시 강남구 신사동 530-4,6028,
MA010120220806724152,커피의정석,,3111052,암사역 3번(천호동자전거거리),서울특별시 강동구 상암로 20,37.5506402730579,127.125806716099,서울특별시 강동구 암사동 511-3,5242,
MA0101202310A0075496,아뜰리에보네atelierbo;ne,,3120012,대학로(혜화역),서울특별시 종로구 성균관로 7-2,37.5836296653599,126.997996076646,서울특별시 종로구 명륜2가 225-3,3073,
MA0101202303A0003637,사라이,,3120178,신사역,서울특별시 서초구 강남대로95길 38,37.5134945865798,127.017905309752,서울특별시 서초구 잠원동 25-24,6527,
MA010120220804353822,정다방,,3110425,계상초등학교,서울특별시 노원구 한글비석로23길 7,37.6604622896508,127.071422191474,서울특별시 노원구 상계동 169-192,1683,
MA010120220813495904,키멍,,3110612,신정역 5번,서울특별시 양천구 중앙로48길 7,37.5232517031054,126.852417547848,서울특별시 양천구 신정동 944-12,8019,
MA010120220812814483,비앙57Bien57,,3120209,"강남구청(청담역_8번, 강남세무서)",서울특별시 강남구 선릉로130길 57,37.5175413732054,127.04633234824,서울특별시 강남구 삼성동 4-4,6089,
MA010120220812858526,카페리앙,,3130248,영등포역지하도상점가,서울특별시 영등포구 경인로 846,37.5156673130525,126.907665657018,서울특별시 영등포구 영등포동 618-496,7306,
MA0101202406A0069259,남대문커피,,3130248,영등포역지하도상점가,서울특별시 영등포구 경인로 846,37.5156673130525,126.907665657018,서울특별시 영등포구 영등포동 618-496,7306,
MA010120220808621957,란성엔제리너스커피롯데영등포역사점,,3130248,영등포역지하도상점가,서울특별시 영등포구 경인로 846,37.5156673130525,126.907665657018,서울특별시 영등포구 영등포동 618-496,7306,
MA010120220813832808,이노센시오,,3120185,논현역,서울특별시 강남구 학동로12길 8,37.5117542956565,127.02530211481,서울특별시 강남구 논현동 124-15,6111,
MA010120220808360009,매머드익스프레스종로5가점,,3120014,종로5가역,서울특별시 종로구 종로31길 46-1,37.5728537880399,126.999003842693,서울특별시 종로구 연지동 174,3129,
MA010120220814094605,온더랜드,,3120104,연남동(홍대),서울특별시 마포구 동교로38길 34,37.5614147077116,126.925559951025,서울특별시 마포구 연남동 382-29,3982,
MA0101202306A0001880,고투웍충무로점,,3120032,충무로역,서울특별시 중구 필동로 31,37.5588342377364,126.996366970749,서울특별시 중구 필동3가 43-3,4623,
MA010120220802848276,세인,,3110902,사당역 4번,서울특별시 관악구 남부순환로 2032,37.4760383841632,126.974732541773,서울특별시 관악구 남현동 1055-6,8804,
MA0106202201A0649861,펭귄드링스커피,,3120081,노원역,서울특별시 노원구 노해로 459,37.6542523836594,127.058996028184,서울특별시 노원구 상계동 709-2,1689,
MA0101202301A0006057,메가엠지씨커피노원역점,,3120081,노원역,서울특별시 노원구 노해로 459,37.6542523836594,127.058996028184,서울특별시 노원구 상계동 709-2,1689,
MA0101202305A0013989,에이지엠씨,,3120200,학동사거리,서울특별시 강남구 도산대로45길 18-2,37.5236268413201,127.035679711106,서울특별시 강남구 신사동 650-1,6021,
MA0106202411A1030835,청자다방군고구마카페,명일점,3120248,명일역,서울특별시 강동구 구천면로 440,37.549543362934,127.147192934228,서울특별시 강동구 명일동 328-3,5292,
MA010120220810004708,카페온,,3120131,가산디지털단지,서울특별시 금천구 벚꽃로 234,37.4759952300264,126.886132594561,서울특별시 금천구 가산동 60-25,8513,
MA010120220808842157,메이커스익스체인지,,3120131,가산디지털단지,서울특별시 금천구 벚꽃로 234,37.4759952300264,126.886132594561,서울특별시 금천구 가산동 60-25,8513,
MA0101202406A0044679,매머드커피에이스하이앤드6차점,,3120131,가산디지털단지,서울특별시 금천구 벚꽃로 234,37.4759952300264,126.886132594561,서울특별시 금천구 가산동 60-25,8513,
MA010120220803769057,커피좀비,,3120051,뚝섬역,서울특별시 성동구 왕십리로 104,37.5468244667122,127.044890698303,서울특별시 성동구 성수동1가 656-968,4778,
MA010120220800624297,회창천교회재,,3120094,"신촌역(신촌역, 신촌로터리)",서울특별시 서대문구 연세로 38,37.5591602273016,126.937683659868,서울특별시 서대문구 창천동 47-2,3776,
MA010120220813409597,어딕트,,3120102,서교동(홍대),서울특별시 마포구 잔다리로7안길 23,37.5521914016195,126.916436435002,서울특별시 마포구 서교동 378-12,4034,
MA0101202311A0069501,쥬씨차얌신월,이마트점,3110595,메디힐병원,서울특별시 양천구 화곡로4길 2,37.5391016703673,126.826882634827,서울특별시 양천구 신월동 53-2,7904,
MA010120220806839050,더스키앤드커피,,3120012,대학로(혜화역),서울특별시 종로구 동숭길 63,37.5810077192558,127.004120918192,서울특별시 종로구 동숭동 1-91,3086,
MA010120220800126580,오코아,,3120026,을지로입구역,서울특별시 중구 다동길 10,37.5678335345796,126.979885764601,서울특별시 중구 다동 172,4522,
MA0101202411A0024335,냥만꽃카페,,3120202,압구정로데오역(압구정로데오),서울특별시 강남구 압구정로 326,37.5283926633136,127.037231895762,서울특별시 강남구 신사동 660-2,6018,
MA0106202304A0037368,라운지엑스에스프레소바,합정점,3120101,합정역,서울특별시 마포구 성지길 45,37.5466568835892,126.913127024396,서울특별시 마포구 합정동 370-25,4083,
MA010120220810078031,착한커피,,3120129,구로디지털단지,서울특별시 구로구 디지털로34길 27,37.4854668484469,126.898216460372,서울특별시 구로구 구로동 182-4,8378,
MA010120220813590365,요거'sCafe,,3120040,용산전자상가(용산역),서울특별시 용산구 새창로 181,37.5325199274883,126.964983571174,서울특별시 용산구 한강로2가 15-14,4371,
MA010120220800610655,선인장커피,,3120040,용산전자상가(용산역),서울특별시 용산구 새창로 181,37.5325199274883,126.964983571174,서울특별시 용산구 한강로2가 15-14,4371,
MA010120220814379708,거리에서,,3120040,용산전자상가(용산역),서울특별시 용산구 새창로 181,37.5325199274883,126.964983571174,서울특별시 용산구 한강로2가 15-14,4371,
MA0101202406A0050230,타래퀸,세종대점,3120054,어린이대공원역,서울특별시 광진구 군자로 81,37.5504337565596,127.070853088826,서울특별시 광진구 군자동 346-40,5002,
MA010120220803911228,텀브커피정릉점,,3110295,정릉우체국,서울특별시 성북구 정릉로 263,37.6041085153763,127.012944136397,서울특별시 성북구 정릉동 160-4,2718,
MA010120220800000033,부동산임대김은숙,,3120005,삼청동,서울특별시 종로구 삼청로 122-1,37.5862501753793,126.981839515688,서울특별시 종로구 삼청동 28-21,3053,
MA010120220813891098,더스노우에프앤비,,3120031,을지로3가역,서울특별시 중구 을지로 100,37.5656452320494,126.988137815349,서울특별시 중구 을지로2가 203,4551,
MA0101202306A0109569,제주스,,3120031,을지로3가역,서울특별시 중구 을지로 100,37.5656452320494,126.988137815349,서울특별시 중구 을지로2가 203,4551,
MA010120220806884933,카페라미때을지점,,3120031,을지로3가역,서울특별시 중구 을지로 100,37.5656452320494,126.988137815349,서울특별시 중구 을지로2가 203,4551,
MA010120220808522095,씨앤지풀서비스,을지로점,3120031,을지로3가역,서울특별시 중구 을지로 100,37.5656452320494,126.988137815349,서울특별시 중구 을지로2가 203,4551,
MA010120220808672646,공정창업연구소더매칭,,3120189,강남역,서울특별시 강남구 테헤란로6길 30,37.4966160202965,127.031098242133,서울특별시 강남구 역삼동 827-37,6240,
MA010120220808982179,카페열두달,,3110159,구의역 4번,서울특별시 광진구 아차산로40길 16-3,37.5368960770401,127.078251294807,서울특별시 광진구 자양동 798,5053,
MA010120220807724774,카페삼사오,,3120103,홍대입구역(홍대),서울특별시 마포구 홍익로2길 7,37.5542773741097,126.923314936798,서울특별시 마포구 서교동 345-8,4055,
MA010120220806547930,커피72,,3120166,방배역,서울특별시 서초구 방배로 113,37.4841771171298,126.995613048218,서울특별시 서초구 방배동 924-14,6683,
MA010120220811889850,카페인더무드X무드베지,,3120215,포스코사거리,서울특별시 강남구 삼성로81길 25,37.5040312984712,127.055643082987,서울특별시 강남구 대치동 901-64,6196,
MA0101202309A0041107,차차커피코연남점,,3120104,연남동(홍대),서울특별시 마포구 동교로 252,37.5623601284369,126.924574311403,서울특별시 마포구 연남동 228-44,3982,
MA0101202305A0097465,공간곡선커피,,3120190,강남을지병원,서울특별시 강남구 압구정로30길 70,37.5228178166573,127.028801383674,서울특별시 강남구 신사동 592-13,6025,
MA0101202406A0353245,카페002,,3110762,선유도역 1번,서울특별시 영등포구 양평로30길 14,37.5412039932614,126.889371477208,서울특별시 영등포구 양평동6가 4-2,7202,
MA010120220812650933,마이쥬스해방촌,본점,3110081,해방촌 남동측,서울특별시 용산구 신흥로 30-1,37.5411830375607,126.987179901685,서울특별시 용산구 용산동2가 45-13,4339,
MA010120220810336599,서울관악지역자활센터카페사이,,3110860,호림박물관(성보고등학교),서울특별시 관악구 난곡로 290,37.4798668742465,126.915058576403,서울특별시 관악구 신림동 1568-11,8772,
MA010120220813934253,코코시에나,,3120104,연남동(홍대),서울특별시 마포구 동교로38길 28,37.5616488952434,126.925446535309,서울특별시 마포구 연남동 382-1,3982,
MA010120220803144911,카페앰핑,,3120094,"신촌역(신촌역, 신촌로터리)",서울특별시 마포구 신촌로20길 23,37.5542592725115,126.938581796207,서울특별시 마포구 노고산동 33-11,4102,
MA0101202406A0007966,헤이밀크바,,3120094,"신촌역(신촌역, 신촌로터리)",서울특별시 마포구 신촌로20길 23,37.5542592725115,126.938581796207,서울특별시 마포구 노고산동 33-11,4102,
MA0101202406A0420492,메가엠지씨커피서울숲역점,,3120051,뚝섬역,서울특별시 성동구 왕십리로 94-1,37.5459955263389,127.044946780752,서울특별시 성동구 성수동1가 661-3,4778,
MA010120220807208814,홍반장커피,구로점,3120129,구로디지털단지,서울특별시 구로구 디지털로26길 87,37.4812571153948,126.895893107735,서울특별시 구로구 구로동 222-13,8389,
MA010120220804996333,카페93.9,,3120114,목동신시가지,서울특별시 양천구 목동서로 159-1,37.5283232517559,126.874886941356,서울특별시 양천구 목동 917-1,7997,
MA010120220801162112,티에스앤엠,,3120131,가산디지털단지,서울특별시 금천구 가산디지털1로 100,37.4747506559539,126.884913526495,서울특별시 금천구 가산동 345-2,8590,
MA0101202212A0014500,카페온실,,3120131,가산디지털단지,서울특별시 금천구 가산디지털1로 100,37.4747506559539,126.884913526495,서울특별시 금천구 가산동 345-2,8590,
MA010120220813381400,아오라,,3120240,개롱역,서울특별시 송파구 동남로18길 39-1,37.4932010248829,127.134315642661,서울특별시 송파구 가락동 189-24,5782,
MA010120220805523836,메가엠지씨커피노량진점,,3120153,노량진역(노량진),서울특별시 동작구 노량진로16길 14,37.5129689134486,126.943615072831,서울특별시 동작구 노량진동 97-1,6922,
MA0106202201A0153130,커피빈상암DDMC,코리아,3120098,DMC(디지털미디어시티),서울특별시 마포구 매봉산로 75,37.578454448841,126.892905085128,서울특별시 마포구 상암동 1610,3926,
MA010120220807110043,원퍼밀상암디디엠씨점,,3120098,DMC(디지털미디어시티),서울특별시 마포구 매봉산로 75,37.578454448841,126.892905085128,서울특별시 마포구 상암동 1610,3926,
MA010120220811830206,매머드커피상암DDMC점,,3120098,DMC(디지털미디어시티),서울특별시 마포구 매봉산로 75,37.578454448841,126.892905085128,서울특별시 마포구 상암동 1610,3926,
MA010120220800604107,참호도과자앤커피남부터미널,,3120175,남부터미널역,서울특별시 서초구 효령로 292,37.48354552695,127.01510545935,서울특별시 서초구 서초동 1446-1,6718,
MA010120220807165917,커피101스트릿우림라이온스점,,3120131,가산디지털단지,서울특별시 금천구 가산디지털1로 168,37.479965266654,126.882644342333,서울특별시 금천구 가산동 371-28,8507,
MA010120220806497132,커피구름,,3120104,연남동(홍대),서울특별시 마포구 연남로3길 73-6,37.5593290777815,126.918986314294,서울특별시 마포구 연남동 564-13,3991,
MA0101202310A0035213,까페M엠,,3120119,발산역(마곡),서울특별시 강서구 마곡중앙6로 42,37.5601114356851,126.832085601289,서울특별시 강서구 마곡동 774-9,7802,
MA0101202305A0036532,그라츠커피랩,마곡점,3120119,발산역(마곡),서울특별시 강서구 마곡중앙6로 42,37.5601114356851,126.832085601289,서울특별시 강서구 마곡동 774-9,7802,
MA010120220804225549,앤씨컴퍼니(,,3120173,교대역(법원.검찰청),서울특별시 서초구 서초대로60길 9-4,37.4944022216189,127.018285226777,서울특별시 서초구 서초동 1639-1,6632,
MA0106202201A0636238,탐앤탐스영등포시장,,3120145,영등포역(영등포),서울특별시 영등포구 영중로 58,37.5212967133188,126.905305788599,서울특별시 영등포구 영등포동5가 34-1,7250,
MA010120220810546440,카페스토리,,3120125,구로역,서울특별시 구로구 구로중앙로 198,37.5041464292403,126.880785660177,서울특별시 구로구 구로동 606-1,8212,
MA010120220803213594,카페리안,,3111046,마천역(마천초등학교),서울특별시 송파구 마천로61길 4,37.4931603041346,127.152984948098,서울특별시 송파구 마천동 308-8,5763,
MA010120220813836693,앙카페,,3120197,역삼역,서울특별시 강남구 봉은사로30길 69,37.5031646392797,127.036981866329,서울특별시 강남구 역삼동 669-7,6140,
MA010120220800836409,행복샵,,3120237,경찰병원역,서울특별시 송파구 오금로36길 69,37.4982697420543,127.121308414103,서울특별시 송파구 가락동 50,5714,
MA0101202406A0403800,베리웨트타이밀크티,,3110220,외대앞역 1번,서울특별시 동대문구 이문로 70,37.5933639723187,127.058404420302,서울특별시 동대문구 이문동 346-121,2442,
MA0106202201A1599099,모제커피,,3120006,종각역,서울특별시 종로구 종로 19,37.5708518751644,126.979918911908,서울특별시 종로구 종로1가 24,3157,
MA010120220808782337,홀리스타카페리옹,,3120006,종각역,서울특별시 종로구 종로 19,37.5708518751644,126.979918911908,서울특별시 종로구 종로1가 24,3157,
MA010120220814171205,디톡앤커피,,3120006,종각역,서울특별시 종로구 종로 19,37.5708518751644,126.979918911908,서울특별시 종로구 종로1가 24,3157,
MA010120220806171086,서울에서첫번째전통찻집,,3120006,종각역,서울특별시 종로구 종로 19,37.5708518751644,126.979918911908,서울특별시 종로구 종로1가 24,3157,
MA010120220801038100,마세리아,,3120222,삼성역,서울특별시 강남구 영동대로85길 38,37.5066417868108,127.06057616413,서울특별시 강남구 대치동 944-25,6180,
MA010120220804446602,아띠,,3120198,구역삼세무서,서울특별시 강남구 역삼로 214,37.4963608327155,127.040665053517,서울특별시 강남구 역삼동 770,6227,
MA0106202403A0775789,퓨쳐인텔리전스,,3001492,명동 남대문 북창동 다동 무교동 관광특구,서울특별시 중구 명동길 56,37.5637348200936,126.985455612582,서울특별시 중구 명동2가 2-23,4537,
MA0101202309A0063561,굿윌코스메틱,,3120103,홍대입구역(홍대),서울특별시 마포구 와우산로 100,37.5528547088979,126.924731012169,서울특별시 마포구 서교동 338-18,4059,
MA0101202308A0081172,파운데이선정릉역점,,3120207,선정릉역,서울특별시 강남구 봉은사로 326,37.5096499566552,127.042674205474,서울특별시 강남구 역삼동 682,6143,
MA010120220806657703,레이어57,,3110136,경수초등학교,서울특별시 성동구 성수이로20길 57,37.5421039477091,127.063037636872,서울특별시 성동구 성수동2가 276-8,4787,
MA010120220813081343,현대카페,,3120156,"총신대입구역(이수, 총신대)",서울특별시 동작구 동작대로 73,37.4831125657684,126.9815366222,서울특별시 동작구 사당동 1007-47,7013,
MA0101202305A0188899,컴포즈커피석촌호수점,,3120226,석촌고분역,서울특별시 송파구 삼학사로 100,37.5061845871907,127.097513902443,서울특별시 송파구 석촌동 1,5612,
MA010120220807274962,페이머스커피,,3120031,을지로3가역,서울특별시 중구 을지로 156,37.566330489244,126.995246027482,서울특별시 중구 을지로4가 311-7,4549,
MA0106202401A1014697,토스플레이스,,3120197,역삼역,서울특별시 강남구 테헤란로13길 16,37.5007422946178,127.032343951449,서울특별시 강남구 역삼동 637-19,6131,
MA010120220809967550,연희대공원A동,,3110508,서연중학교,서울특별시 서대문구 연희로11가길 42,37.5668580851053,126.927750432074,서울특별시 서대문구 연희동 191-1,3707,
MA010120220806819576,아트하이,,3110289,북한산보국문역 2번,서울특별시 성북구 정릉로21길 18,37.6066046171597,127.009094041,서울특별시 성북구 정릉동 383-80,2710,
MA010120220800253198,청아주,,3120098,DMC(디지털미디어시티),서울특별시 마포구 상암산로 48-6,37.5770102802677,126.89009964634,서울특별시 마포구 상암동 1651,3909,
MA010120220809322551,하늬커피호프,,3120076,수유역,서울특별시 강북구 수유로 76,37.6361643303888,127.021934041861,서울특별시 강북구 수유동 7-9,1081,
MA0101202302A0069946,키즈스터디웍스,,3120219,은마아파트,서울특별시 강남구 도곡로 528,37.4996481189872,127.064110202027,서울특별시 강남구 대치동 991-2,6282,
MA010120220807132760,이스트,,3120102,서교동(홍대),서울특별시 마포구 양화로11길 24,37.5523620601197,126.915689331293,서울특별시 마포구 서교동 380-16,4034,
MA0101202308A0040239,하나모리,,3120215,포스코사거리,서울특별시 강남구 테헤란로69길 14,37.5067717422425,127.05261404171,서울특별시 강남구 삼성동 143-17,6159,
MA010120220804260700,공간,,3120225,잠실새내역(신천),서울특별시 송파구 석촌호수로 61,37.5106983929623,127.086220512634,서울특별시 송파구 잠실동 35-2,5555,
MA0101202302A0029756,구운당,,3110404,신창초등학교,서울특별시 도봉구 덕릉로 218,37.637403876372,127.037161596918,서울특별시 도봉구 창동 552-45,1477,
MA010120220812324366,씨에프엔씨,,3120101,합정역,서울특별시 마포구 성지3길 29,37.5467210919975,126.914688559703,서울특별시 마포구 합정동 366-22,4072,
MA0106202201A0666933,에이블커피그룹,,3120101,합정역,서울특별시 마포구 성지3길 29,37.5467210919975,126.914688559703,서울특별시 마포구 합정동 366-22,4072,
MA010120220812959553,엠브이피,,3120186,가로수길,서울특별시 강남구 논현로175길 75,37.5236570105451,127.023054940148,서울특별시 강남구 신사동 547-5,6029,
MA010120220809272815,언씽커블,,3120237,경찰병원역,서울특별시 송파구 중대로9길 62,37.4977571641973,127.120335043853,서울특별시 송파구 가락동 72-13,5713,
MA0101202406A0432055,커피포유,,3110971,선정릉역 4번,서울특별시 강남구 테헤란로55길 32,37.5063148632841,127.046325409128,서울특별시 강남구 역삼동 695-28,6149,
MA0101202305A0082061,소하염전연남,,3120104,연남동(홍대),서울특별시 마포구 동교로38길 13-1,37.5621621977156,126.925027244905,서울특별시 마포구 연남동 390-72,3982,
MA010120220808334146,상영산업,,3110680,온수역 5번(온수산업단지),서울특별시 구로구 부일로 855,37.4922512928673,126.82200409354,서울특별시 구로구 온수동 23-27,8261,
MA010120220813673105,카페에스프레소,,3120187,신논현역,서울특별시 서초구 사평대로53길 22,37.5054029403228,127.021635603437,서울특별시 서초구 반포동 739,6542,
MA010120220808360699,까페트리빈,,3120026,을지로입구역,서울특별시 중구 삼일대로 363,37.5671587910618,126.987050941021,서울특별시 중구 장교동 1,4541,
MA0106202301A0627279,탐앤탐스탐스커버리광진화양점,,3120053,건대입구역(건대),서울특별시 광진구 능동로13길 26,37.5432348142944,127.070789697995,서울특별시 광진구 화양동 12-32,5011,
MA010120220800511048,나무탬퍼woodenTAMPER,,3110647,화곡역 5번,서울특별시 강서구 강서로29길 11,37.5396531302783,126.841013714816,서울특별시 강서구 화곡동 400-1,7720,
MA0101202406A0544306,노블레다움,,3120119,발산역(마곡),서울특별시 강서구 공항대로 219,37.5596338127518,126.832018765402,서울특별시 강서구 마곡동 774-3,7802,
MA010120220812050473,시나본여의도,,3120148,국회의사당역(국회의사당),서울특별시 영등포구 의사당대로 38,37.5260820395825,126.918750772034,서울특별시 영등포구 여의도동 17,7236,
MA0106202204A1068318,바나프레소여의도KBS점,,3120148,국회의사당역(국회의사당),서울특별시 영등포구 의사당대로 38,37.5260820395825,126.918750772034,서울특별시 영등포구 여의도동 17,7236,
MA010120220806162694,그레잇이삼칠,,3120185,논현역,서울특별시 강남구 학동로7길 29,37.5138360802306,127.023029296687,서울특별시 강남구 논현동 23-7,6043,
MA010120220800512299,유석정플래닝까치산커피,,3110662,까치산역 1번,서울특별시 강서구 곰달래로25길 25,37.5319238581667,126.848870565399,서울특별시 강서구 화곡동 342-1,7760,
MA010120220812145764,빅스페이스,,3120094,"신촌역(신촌역, 신촌로터리)",서울특별시 마포구 신촌로 128,37.5557466337938,126.939972613202,서울특별시 마포구 노고산동 40-1,4101,
MA0101202406A0224734,고미,,3120104,연남동(홍대),서울특별시 마포구 동교로38안길 11,37.562387259435,126.924732741414,서울특별시 마포구 연남동 390-65,3982,
MA0101202211A0047648,카페씨,,3120076,수유역,서울특별시 강북구 도봉로 301,37.6354704325252,127.022670252892,서울특별시 강북구 수유동 45-9,1081,
MA010120220808239849,소설원망원,,3110544,망리단길,서울특별시 마포구 월드컵로13길 22-3,37.5556995832022,126.90872538839,서울특별시 마포구 망원동 376-18,4012,
MA010120220804851660,베이크숍나나,,3110544,망리단길,서울특별시 마포구 월드컵로23길 19,37.5569062944106,126.907920370295,서울특별시 마포구 망원동 57-375,4012,
MA010120220806621226,처음처럼,,3120129,구로디지털단지,서울특별시 구로구 디지털로32가길 16,37.4829533497151,126.898581674511,서울특별시 구로구 구로동 1128-3,8393,
MA0106202201A0605349,다도글로벌드롭탑강남,아이파크점,3120187,신논현역,서울특별시 서초구 서초대로77길 59,37.5022669893317,127.023975724409,서울특별시 서초구 서초동 1309-2,6611,
MA010120220814384278,커피앤비어인,,3110176,해오름공원,서울특별시 광진구 긴고랑로 124,37.5587289482662,127.088629934859,서울특별시 광진구 중곡동 78-15,4945,
MA010120220813734978,매머드커피상암이안점,,3120098,DMC(디지털미디어시티),서울특별시 마포구 월드컵북로 361,37.577146373299,126.891118301569,서울특별시 마포구 상암동 1653,3908,
MA010120220807292941,4레스트,,3110232,동대부고,서울특별시 동대문구 답십리로69길 45,37.5743713852863,127.073864293893,서울특별시 동대문구 장안동 324-11,2523,
MA010120220803700756,온더써드,,3120062,신설동역,서울특별시 동대문구 왕산로 33,37.5770493164021,127.027101526909,서울특별시 동대문구 신설동 91-226,2580,
MA0101202305A0042184,올포디움,,3120158,녹두거리(대학동),서울특별시 관악구 신림로 77,37.4703768818013,126.940719216145,서울특별시 관악구 신림동 237-6,8814,
MA010120220804546701,엘팔알레이터,,3120206,개나리아파트,서울특별시 강남구 테헤란로38길 40-8,37.4997931025784,127.042272782838,서울특별시 강남구 역삼동 722-7,6222,
MA010120220803780165,제이디공방,,3110668,화곡2동주민센터,서울특별시 강서구 곰달래로47길 19,37.5324836242282,126.857026725628,서울특별시 강서구 화곡동 834-1,7749,
MA010120220808028174,커피메이트,,3120222,삼성역,서울특별시 강남구 테헤란로113길 7,37.5106754527176,127.065872770891,서울특별시 강남구 삼성동 170-5,6173,
MA0101202406A0221066,로파이2,,3120103,홍대입구역(홍대),서울특별시 마포구 어울마당로 43,37.5490677151162,126.920457233063,서울특별시 마포구 서교동 403-9,4048,
MA010120220809589342,토프레소방학역점,,3110410,방학역 2번,서울특별시 도봉구 도봉로150길 27,37.6661515968554,127.044769787402,서울특별시 도봉구 방학동 716-2,1332,
MA010120220810245954,아마도,,3120051,뚝섬역,서울특별시 성동구 왕십리로14길 17,37.5487792858868,127.045797176747,서울특별시 성동구 성수동1가 7-17,4788,
MA010120220802791156,블랙빈스,,3110759,문래예술촌(문래창작촌),서울특별시 영등포구 문래로20길 60,37.5172644769582,126.889463385334,서울특별시 영등포구 문래동3가 77-9,7295,
MA010120220804430918,옥팩카페,,3120235,문정역,서울특별시 송파구 법원로4길 5,37.4829790731456,127.121871620825,서울특별시 송파구 문정동 652,5855,
MA010120220807067887,쿠카쿠,법조타운점,3120235,문정역,서울특별시 송파구 법원로4길 5,37.4829790731456,127.121871620825,서울특별시 송파구 문정동 652,5855,
MA0101202406A0232984,아펠레스토,,3110079,후암동주민센터,서울특별시 용산구 후암로 14,37.5472184407417,126.978329684538,서울특별시 용산구 후암동 249-7,4331,
MA010120220806383723,기웃기웃협동조합,,3120094,"신촌역(신촌역, 신촌로터리)",서울특별시 마포구 신촌로12다길 20,37.5545719326919,126.933613288075,서울특별시 마포구 노고산동 56-16,4057,
MA010120220808655930,제이앤코티에,,3120114,목동신시가지,서울특별시 양천구 목동동로 293,37.5281800233273,126.875769610806,서울특별시 양천구 목동 917-9,7997,
MA0106202201A0153551,커피빈압구정에스,코리아,3120202,압구정로데오역(압구정로데오),서울특별시 강남구 압구정로46길 5-1,37.5282936490384,127.036926389295,서울특별시 강남구 신사동 660-1,6018,
MA010120220806732805,베브릿지을지로나라키움점,,3120031,을지로3가역,서울특별시 중구 삼일대로 340,37.5650415691947,126.988183186218,서울특별시 중구 저동1가 1-2,4551,
MA0101202305A0087205,숨케이크카페,,3120081,노원역,서울특별시 노원구 상계로1길 62-20,37.6584404321757,127.061957241858,서울특별시 노원구 상계동 581-111,1693,
MA010120220812137430,메디치에카페,,3120183,양재천카페거리,서울특별시 강남구 양재천로 189,37.4826003896617,127.046254232198,서울특별시 강남구 도곡동 454-13,6300,
MA010120220805136420,서울쿠키와플샵,,3120107,공덕역(공덕오거리),서울특별시 마포구 마포대로 68,37.5414611096933,126.949160711552,서울특별시 마포구 도화동 563,4168,
MA0101202305A0123318,모모카페,,3120107,공덕역(공덕오거리),서울특별시 마포구 마포대로 68,37.5414611096933,126.949160711552,서울특별시 마포구 도화동 563,4168,
MA010120220803829027,인더씨티,,3130195,도화동 상점가,서울특별시 마포구 삼개로 28-3,37.5377841162955,126.947081309717,서울특별시 마포구 도화동 161-1,4173,
MA010120220814000425,이제이앤에스,,3120184,포이사거리(삼호물산),서울특별시 서초구 언남11길 7-9,37.4742580967587,127.043479345706,서울특별시 서초구 양재동 265-10,6776,
MA010120220810386622,파리크라상피그인더가든,여의도점,3120149,여의도역(여의도),서울특별시 영등포구 여의대로 56,37.5240395494859,126.92290470653,서울특별시 영등포구 여의도동 23-5,7325,
MA010120220805286944,차茶호로록,,3120136,영등포구청역,서울특별시 영등포구 국회대로36길 3,37.5270212191588,126.898250531684,서울특별시 영등포구 당산동3가 99,7257,
MA010120220806557197,에그스팟,,3120206,개나리아파트,서울특별시 강남구 테헤란로38길 40,37.5000361909661,127.042781823382,서울특별시 강남구 역삼동 722-2,6222,
MA0101202305A0122679,더매덩,,3120145,영등포역(영등포),서울특별시 영등포구 영등포로 190-1,37.5200961452373,126.902558492193,서울특별시 영등포구 영등포동4가 148-1,7301,
MA0101202212A0004962,리빙,,3110915,서래초등학교,서울특별시 서초구 방배로42길 3,37.4956195044438,126.98922318862,서울특별시 서초구 방배동 18-27,6574,
MA0101202406A0158082,커피내리고,,3120111,목동사거리,서울특별시 양천구 등촌로 74,37.536528041378,126.863739798002,서울특별시 양천구 목동 731-5,7959,
MA010120220812741036,씨엘로,,3120183,양재천카페거리,서울특별시 강남구 논현로24길 42,37.4827175649727,127.046141240873,서울특별시 강남구 도곡동 454-4,6300,
MA0101202406A0305851,컨플릭트스토어커피,,3120208,청담사거리(청담동명품거리),서울특별시 강남구 압구정로80길 33,37.5244349471932,127.043972267521,서울특별시 강남구 청담동 92-16,6016,
MA010120220803255548,딕시랜드,,3120103,홍대입구역(홍대),서울특별시 마포구 어울마당로 44-1,37.5489599145989,126.920932634408,서울특별시 마포구 서교동 408-27,4049,
MA010120220803608210,아이디얼,,3111021,방이역 4번,서울특별시 송파구 가락로36길 15,37.5095159389123,127.11968660485,서울특별시 송파구 방이동 131-19,5634,
MA010120220804003237,커피씨,,3120191,학동역,서울특별시 강남구 언주로129길 17,37.5139325938949,127.033820081142,서울특별시 강남구 논현동 212-2,6105,
MA010120220810015374,부엉이까페,,3110058,성심여자고등학교,서울특별시 용산구 원효로41길 5,37.5341754767183,126.957956728622,서울특별시 용산구 원효로3가 97-2,4363,
MA010120220806410203,카페1987,,3120153,노량진역(노량진),서울특별시 동작구 노량진로 162,37.5134015620736,126.943965387808,서울특별시 동작구 노량진동 114-5,6922,
MA0101202409A0250020,커피라니안,,3120235,문정역,서울특별시 송파구 법원로11길 25,37.4849489526213,127.116232783919,서울특별시 송파구 문정동 645,5836,
MA010120220804287369,팔팔팔팔,,3120235,문정역,서울특별시 송파구 법원로11길 25,37.4849489526213,127.116232783919,서울특별시 송파구 문정동 645,5836,
MA010120220804284628,꽃담청,,3120235,문정역,서울특별시 송파구 법원로11길 25,37.4849489526213,127.116232783919,서울특별시 송파구 문정동 645,5836,
MA0101202406A0391924,우지커피문정H비즈니스파크점,,3120235,문정역,서울특별시 송파구 법원로11길 25,37.4849489526213,127.116232783919,서울특별시 송파구 문정동 645,5836,
MA010120220805370555,오슬로우커피H비지니스파크점,,3120235,문정역,서울특별시 송파구 법원로11길 25,37.4849489526213,127.116232783919,서울특별시 송파구 문정동 645,5836,
MA010120220810166238,에이치비즈니스파크107호108호,,3120235,문정역,서울특별시 송파구 법원로9길 26,37.4840565660861,127.116627130788,서울특별시 송파구 문정동 645-2,5836,
MA010120220806559717,해든카페,,3120235,문정역,서울특별시 송파구 법원로9길 26,37.4840565660861,127.116627130788,서울특별시 송파구 문정동 645-2,5836,
MA010120220810192733,올라카페,,3110544,망리단길,서울특별시 마포구 월드컵로13길 23,37.5554744564584,126.908884105679,서울특별시 마포구 망원동 380-22,4013,
MA010120220803492656,인앤아웃커피,,3110528,서울여자간호대학교,서울특별시 서대문구 세검정로 51-1,37.5927537910991,126.946872565962,서울특별시 서대문구 홍제동 266-233,3623,
MA010120220812813273,이엔씨,,3120189,강남역,서울특별시 서초구 강남대로53길 8,37.4945624946943,127.028021576072,서울특별시 서초구 서초동 1327-15,6621,
MA010120220800606841,카페시벳,,3120051,뚝섬역,서울특별시 성동구 성수일로10길 7,37.5479298341479,127.051873455459,서울특별시 성동구 성수동2가 284-42,4793,
MA0101202406A0499638,유즈,,3120235,문정역,서울특별시 송파구 법원로4길 5,37.4829160026774,127.121871518383,서울특별시 송파구 문정동 652,5855,
MA010120220812077188,제이,,3120173,교대역(법원.검찰청),서울특별시 서초구 서초중앙로22길 85,37.4942039630963,127.01852264829,서울특별시 서초구 서초동 1639-4,6632,
MA0101202309A0055860,당혜당,,3110595,메디힐병원,서울특별시 양천구 월정로 211,37.5372464764055,126.833754868761,서울특별시 양천구 신월동 86-2,7906,
MA010120220803854259,제일공간,,3110895,샤로수길,서울특별시 관악구 봉천로 520-1,37.4793845548725,126.955748886147,서울특별시 관악구 봉천동 1612-2,8789,
MA010120220805281951,커피그레이드,,3110608,신월2동주민센터,서울특별시 양천구 중앙로51길 71,37.5235183500401,126.842609084531,서울특별시 양천구 신월동 445-2,7936,
MA010120220806933462,도미넌트,,3120245,둔촌역,서울특별시 강동구 양재대로83길 14,37.5234935843005,127.133611992983,서울특별시 강동구 성내동 440-25,5408,
MA010120220808505398,리엠커피,,3110093,우사단길,서울특별시 용산구 우사단로 6,37.5309483255475,126.996888750879,서울특별시 용산구 보광동 265-736,4413,
MA010120220802876304,에이알티엘,,3120202,압구정로데오역(압구정로데오),서울특별시 강남구 언주로164길 35-6,37.525635788787,127.036619632777,서울특별시 강남구 신사동 646-15,6020,
MA0101202210A0030941,비투커피,,3120173,교대역(법원.검찰청),서울특별시 서초구 서초대로60길 25,37.4939246420523,127.018579119538,서울특별시 서초구 서초동 1640-1,6632,
MA010120220809664144,바오밥나무커피,,3120173,교대역(법원.검찰청),서울특별시 서초구 서초대로60길 25,37.4939246420523,127.018579119538,서울특별시 서초구 서초동 1640-1,6632,
MA010120220806643628,밥장인&매머드퇴계로점,,3120037,동대문역사문화공원역,서울특별시 중구 퇴계로53길 10,37.5641591185399,127.003938891471,서울특별시 중구 쌍림동 25-12,4560,
MA010120220806532046,제주시성수동,,3110136,경수초등학교,서울특별시 성동구 뚝섬로9길 20,37.5399269635726,127.056235496251,서울특별시 성동구 성수동2가 328-15,4784,
MA010120220808251448,제이앤씨스위트,,3120129,구로디지털단지,서울특별시 구로구 디지털로 243,37.4819927600035,126.892341926918,서울특별시 구로구 구로동 237,8382,
MA010120220810487535,더착한커피지하이시티,구로점,3120129,구로디지털단지,서울특별시 구로구 디지털로 243,37.4819927600035,126.892341926918,서울특별시 구로구 구로동 237,8382,
MA0106202311A1350133,판앤코&에이그레이트구로,2호점,3120129,구로디지털단지,서울특별시 구로구 디지털로 243,37.4819927600035,126.892341926918,서울특별시 구로구 구로동 237,8382,
MA0101202303A0023635,본아미치강서점,,3110665,곰달래도서관,서울특별시 강서구 강서로5길 50,37.5290407069626,126.84891032253,서울특별시 강서구 화곡동 890,7781,
MA0101202411A0006296,오곰카페,,3120136,영등포구청역,서울특별시 영등포구 국회대로36길 1-1,37.5270933186948,126.898273059847,서울특별시 영등포구 당산동3가 98,7257,
MA010120220808161420,알렉스뮐러,,3120200,학동사거리,서울특별시 강남구 압구정로46길 55,37.5249962167537,127.036166810808,서울특별시 강남구 신사동 647-19,6020,
MA010120220808601699,카페온화,,3120051,뚝섬역,서울특별시 성동구 연무장3길 17,37.5451458128845,127.051724421224,서울특별시 성동구 성수동2가 301-7,4782,
MA0101202301A0010022,더블에이카페테리아,,3110136,경수초등학교,서울특별시 성동구 성수이로 66,37.540620781664,127.056134181502,서울특별시 성동구 성수동2가 323,4784,
MA010120220804808332,매화다방,,3120009,종로3가역,서울특별시 종로구 삼일대로32가길 46,37.5746643744248,126.990072146498,서울특별시 종로구 익선동 78-1,3132,
MA010120220812759903,벌집다방,,3120187,신논현역,서울특별시 서초구 강남대로79길 48,37.5043668028096,127.021533517845,서울특별시 서초구 반포동 740-17,6542,
MA010120220806524405,한숨,,3120094,"신촌역(신촌역, 신촌로터리)",서울특별시 서대문구 연세로12길 32,37.5589535548108,126.938747711249,서울특별시 서대문구 창천동 2-22,3776,
MA010120220804766419,에이치제이마녀공방,,3110662,까치산역 1번,서울특별시 강서구 초록마을로37길 3,37.535532377799,126.845401103136,서울특별시 강서구 화곡동 407-2,7751,
MA0101202406A0539379,씨에프지에프앤비,,3120208,청담사거리(청담동명품거리),서울특별시 강남구 압구정로62길 17-10,37.5254440821157,127.04393892142,서울특별시 강남구 청담동 94-9,6016,
MA010120220810032916,크라운커피,,3120009,종로3가역,서울특별시 종로구 삼일대로30길 9,37.5739884565142,126.988204412948,서울특별시 종로구 낙원동 25,3132,
MA010120220813574087,콤마,,3120131,가산디지털단지,서울특별시 금천구 가산디지털2로 115,37.4783671932201,126.879379495616,서울특별시 금천구 가산동 448,8505,
MA0101202406A0400010,오슬로,,3120069,상봉역,서울특별시 중랑구 망우로43길 3,37.5962948476439,127.083895948246,서울특별시 중랑구 상봉동 116-45,2098,
MA010120220812613711,마루엔터프라이즈로네펠트,선릉점,3120210,선릉역,서울특별시 강남구 테헤란로69길 13,37.5067178825954,127.052161604941,서울특별시 강남구 삼성동 142-21,6160,
MA0101202212A0012852,오브이앤,,3110205,경희대삼거리,서울특별시 동대문구 회기로 172,37.5902391315429,127.055073133836,서울특별시 동대문구 회기동 76-1,2460,
MA010120220801846098,한우리보호작업장카페늘봄서초구민회관점,4호점,3120179,양재역,서울특별시 서초구 강남대로 201,37.4818291055323,127.035953788346,서울특별시 서초구 양재동 25,6749,
MA010120220803646802,타임하우스,,3110212,답십리초등학교,서울특별시 동대문구 전농로 21,37.5669388637741,127.05626711573,서울특별시 동대문구 답십리동 490-123,2605,
MA010120220801955443,로안씨엠,,3111077,길동주민센터(강동도서관),서울특별시 강동구 명일로 227,37.5390838496548,127.146323757301,서울특별시 강동구 길동 104-6,5344,
MA010120220800034190,소격동37번지KITCHEN,,3120005,삼청동,서울특별시 종로구 삼청로2길 29-1,37.5804297074918,126.981512617157,서울특별시 종로구 소격동 37,3053,
MA0106202201A0636269,탐앤탐스강남바로세움점,,3120187,신논현역,서울특별시 서초구 서초대로77길 55,37.5020146080308,127.024461942134,서울특별시 서초구 서초동 1309-9,6611,
MA010120220813744395,커피폴리,,3120102,서교동(홍대),서울특별시 마포구 양화로11길 14,37.552055914706,126.915961279836,서울특별시 마포구 서교동 378-19,4034,
MA0101202302A0013769,이앤강파트너스,,3120076,수유역,서울특별시 강북구 도봉로 366,37.6397489785567,127.027951384726,서울특별시 강북구 번동 463-53,1056,
MA010120220803657606,커피가게,,3120063,청량리역(청량리),서울특별시 동대문구 홍릉로 28,37.5828193444796,127.04467455164,서울특별시 동대문구 청량리동 317,2490,
MA010120220808554218,비비드커피DDP점,,3120037,동대문역사문화공원역,서울특별시 중구 퇴계로 293,37.5637987142184,127.004108651483,서울특별시 중구 쌍림동 155-1,4560,
MA0106202311A2446086,카페지디앤샐러드,,3120149,여의도역(여의도),서울특별시 영등포구 국제금융로8길 2,37.5220077289679,126.930044846278,서울특별시 영등포구 여의도동 34-7,7330,
MA010120220806341986,텐퍼센트서초마제스타,,3120169,서초역,서울특별시 서초구 서초대로38길 12,37.4899885878137,127.00516750586,서울특별시 서초구 서초동 1498-5,6655,
MA010120220814371799,어셈블,,3120169,서초역,서울특별시 서초구 서초대로38길 12,37.4899885878137,127.00516750586,서울특별시 서초구 서초동 1498-5,6655,
MA010120220812548555,일커피,,3120169,서초역,서울특별시 서초구 서초대로38길 12,37.4899885878137,127.00516750586,서울특별시 서초구 서초동 1498-5,6655,
MA010120220808413859,쥬씨&차얌,양재점,3120179,양재역,서울특별시 서초구 남부순환로356길 24,37.4838647952123,127.037842954167,서울특별시 서초구 양재동 11-86,6737,
MA010120220804843240,엔돌픽,,3120197,역삼역,서울특별시 강남구 테헤란로27길 31,37.5033357557225,127.037219449488,서울특별시 강남구 역삼동 669-12,6140,
MA0101202305A0063339,아카데미과학-마포지점,,3110550,합정역 8번,서울특별시 마포구 월드컵로 51,37.5538276634175,126.911556943267,서울특별시 마포구 합정동 427-4,4023,
MA0101202406A0463241,종로당1994,,3120009,종로3가역,서울특별시 종로구 수표로 83,37.5687357652721,126.989371133974,서울특별시 종로구 관수동 154-1,3191,
MA010120220803043656,포엘,,3111059,강동역 4번(강풀만화거리),서울특별시 강동구 풍성로 161,37.5307777261286,127.129982006401,서울특별시 강동구 성내동 516-13,5390,
MA0106202302A2200062,키쿠키앤커피성수,,3120051,뚝섬역,서울특별시 성동구 연무장3길 9-14,37.5448395425529,127.051565789386,서울특별시 성동구 성수동2가 301-12,4782,
MA0101202306A0066077,카페하비비,,3120235,문정역,서울특별시 송파구 법원로4길 17,37.4831586314077,127.122493765385,서울특별시 송파구 문정동 652-1,5855,
MA010120220800020280,CAFE하비비,,3120235,문정역,서울특별시 송파구 법원로4길 17,37.4831586314077,127.122493765385,서울특별시 송파구 문정동 652-1,5855,
MA0101202301A0054143,조인스위드,,3120129,구로디지털단지,서울특별시 구로구 디지털로31길 59-14,37.4855151187495,126.891703693397,서울특별시 구로구 구로동 197-39,8375,
MA010120220814091061,다디치,,3120103,홍대입구역(홍대),서울특별시 마포구 와우산로23길 14,37.5537285316729,126.924503791879,서울특별시 마포구 서교동 342-12,4054,
MA010120220812561014,새벽,,3120040,용산전자상가(용산역),서울특별시 용산구 원효로 128,37.5332923828053,126.957640432738,서울특별시 용산구 원효로3가 51-37,4366,
MA0101202406A0218272,모란커피숍,,3110407,도봉역 2번,서울특별시 도봉구 도봉로 771,37.6733958157668,127.043867321426,서울특별시 도봉구 도봉동 616-15,1309,
MA0101202301A0090628,단발머리언니카페,,3110345,솔밭공원역 2번,서울특별시 강북구 삼양로149길 30,37.6543386701662,127.011332327896,서울특별시 강북구 우이동 100-60,1006,
MA010120220812369466,원아베뉴,,3120189,강남역,서울특별시 강남구 테헤란로7길 11,37.4998868584351,127.030387135047,서울특별시 강남구 역삼동 649-4,6134,
MA010120220808079762,타이지엔,선릉역점,3120210,선릉역,서울특별시 강남구 테헤란로47길 8,37.5042248742685,127.045441969053,서울특별시 강남구 역삼동 702-16,6151,
MA0106202201A0153286,커피빈강남에스점,코리아,3120189,강남역,서울특별시 서초구 강남대로 423,37.5003114206135,127.025807158553,서울특별시 서초구 서초동 1306-2,6614,
MA010120220806524201,흰여울,,3120210,선릉역,서울특별시 강남구 테헤란로70길 16,37.5044017901005,127.053302265633,서울특별시 강남구 대치동 890-38,6193,
MA010120220804283030,라이브홀리데이,,3120228,석촌역(석촌호수),서울특별시 송파구 석촌호수로 240,37.5079365527358,127.103386151689,서울특별시 송파구 석촌동 183-9,5609,
MA010120220809704822,카페차이홈플러스,금천점,3120132,독산동,서울특별시 금천구 시흥대로 391,37.4686618694258,126.896882741217,서울특별시 금천구 독산동 291-7,8584,
MA010120220808699860,카페리빈홈플러스,금천점,3120132,독산동,서울특별시 금천구 시흥대로 391,37.4686618694258,126.896882741217,서울특별시 금천구 독산동 291-7,8584,
MA0101202305A0120075,디어마이,,3120122,강서구청,서울특별시 강서구 까치산로 193-17,37.5545632695944,126.853894960729,서울특별시 강서구 화곡동 1114-24,7654,
MA0101202303A0117422,굿브랜치카페,,3120236,장지역(가든파이브),서울특별시 송파구 충민로 81-4,37.4798476466133,127.126558490712,서울특별시 송파구 문정동 75,5817,
MA010120220800887855,카페하루,,3110608,신월2동주민센터,서울특별시 양천구 월정로 40,37.5234190591567,126.842473543294,서울특별시 양천구 신월동 445-1,7936,
MA010120220807939504,쿤데라kundera,,3110337,아카데미하우스,서울특별시 강북구 419로 39,37.6470678587722,127.009982807579,서울특별시 강북구 수유동 567-1,1014,
MA010120220809460904,앙키친,,3120103,홍대입구역(홍대),서울특별시 마포구 독막로3길 51,37.5504714263252,126.917762395178,서울특별시 마포구 서교동 395-180,4044,
MA0101202306A0071499,코다에프앤비,,3110544,망리단길,서울특별시 마포구 월드컵로21길 14,37.5570056155146,126.908191869707,서울특별시 마포구 망원동 57-371,4012,
MA010120220811888005,원모어,,3120189,강남역,서울특별시 강남구 강남대로94길 27-11,37.5005268721538,127.029199945082,서울특별시 강남구 역삼동 635-7,6130,
MA010120220812848741,이디야커피까치산역,,3110654,까치산역 4번,서울특별시 강서구 강서로17길 6,37.5334237767313,126.845201803894,서울특별시 강서구 화곡동 349-15,7764,
MA010120220814303331,카페또오늘,가산점,3120131,가산디지털단지,서울특별시 금천구 디지털로9길 41,37.4791935785465,126.885890319437,서울특별시 금천구 가산동 60-48,8511,
MA010120220811196807,컨클루드,,3120184,포이사거리(삼호물산),서울특별시 서초구 마방로6길 28,37.4745107251163,127.042529862007,서울특별시 서초구 양재동 257-5,6777,
MA010120220802883431,붐Boom,,3120184,포이사거리(삼호물산),서울특별시 서초구 마방로6길 28,37.4745107251163,127.042529862007,서울특별시 서초구 양재동 257-5,6777,
MA010120220800226988,길거리봉봉커피,,3120069,상봉역,서울특별시 중랑구 망우로 281,37.5961237479318,127.083771197753,서울특별시 중랑구 상봉동 116-6,2098,
MA0101202409A0247604,나떼,,3110630,공항시장역 1번,서울특별시 강서구 방화동로 1,37.562156108932,126.808052184873,서울특별시 강서구 방화동 621-12,7620,
MA010120220809617759,비에이치케이,,3120009,종로3가역,서울특별시 종로구 삼일대로 388-12,37.5690059800494,126.988476864005,서울특별시 종로구 관철동 27-1,3191,
MA0101202411A0107312,미니멀리즘,,3110648,양천향교역 7번,서울특별시 강서구 강서로 429,37.5640050570669,126.839513194733,서울특별시 강서구 마곡동 784-11,7792,
MA0101202406A0203951,더베럴스커피,,3110648,양천향교역 7번,서울특별시 강서구 강서로 429,37.5640050570669,126.839513194733,서울특별시 강서구 마곡동 784-11,7792,
MA010120220812069245,커피존CoffeeZone,,3120129,구로디지털단지,서울특별시 구로구 디지털로33길 55,37.4867597335997,126.893047425116,서울특별시 구로구 구로동 197-10,8376,
MA010120220803787040,비베호디에,,3120120,화곡역,서울특별시 강서구 화곡로 117-1,37.5404466011394,126.83487926946,서울특별시 강서구 화곡동 1068-24,7711,
MA010120220809814667,블루포트,2호점,3120145,영등포역(영등포),서울특별시 영등포구 영등포로34길 10,37.5194829115333,126.90189188768,서울특별시 영등포구 영등포동4가 159,7301,
MA0101202409A0204619,크레페성수,,3110131,성수동카페거리,서울특별시 성동구 성수일로 40,37.5439933850173,127.04974339448,서울특별시 성동구 성수동1가 14-78,4781,
MA010120220805690336,랭스영카페앤펍,,3120197,역삼역,서울특별시 강남구 테헤란로13길 24,37.5012559419428,127.032072753384,서울특별시 강남구 역삼동 637-2,6131,
MA010120220810181156,수망,,3111015,석촌역 3번,서울특별시 송파구 가락로19길 6,37.5028838657604,127.111160045854,서울특별시 송파구 송파동 95-57,5668,
MA010120220812639309,쥬씨차얌,,3120067,장안동사거리,서울특별시 동대문구 장한로 91,37.569175353542,127.069399314745,서울특별시 동대문구 장안동 373-3,2624,
MA010120220808485994,온플리크,,3120104,연남동(홍대),서울특별시 마포구 동교로38길 27-8,37.5617483040131,126.925921804284,서울특별시 마포구 연남동 390-32,3982,
MA010120220800398383,동원홈푸드샌드프레소한투점주,,3120149,여의도역(여의도),서울특별시 영등포구 의사당대로 88,37.5220839604238,126.92227323044,서울특별시 영등포구 여의도동 27-1,7321,
MA010120220809688286,에스앤에스꼼빠니,,3120207,선정릉역,서울특별시 강남구 선릉로111길 23,37.5103530914487,127.041690590259,서울특별시 강남구 논현동 277-14,6103,
MA010120220814167632,코코엔터테인먼트,코리아,3120199,경복아파트교차로,서울특별시 강남구 언주로 528,37.5056227929886,127.041755818495,서울특별시 강남구 역삼동 689-10,6147,
MA0101202211A0007560,랑컴퍼니_베씨더스콘,,3120202,압구정로데오역(압구정로데오),서울특별시 강남구 언주로164길 35,37.5255187249728,127.036404632116,서울특별시 강남구 신사동 646-7,6020,
MA010120220813184535,스튜디오지하소문,,3110544,망리단길,서울특별시 마포구 망원로4길 8,37.5564506647152,126.901560505173,서울특별시 마포구 망원동 489,4007,
MA010120220807298551,희커피숍,,3110759,문래예술촌(문래창작촌),서울특별시 영등포구 도림로129길 10,37.5132150237436,126.895011723545,서울특별시 영등포구 문래동2가 14-71,7290,
MA010120220813262999,뿐또블루,,3110137,성수초등학교,서울특별시 성동구 성수이로22길 61,37.5431486382771,127.063909808019,서울특별시 성동구 성수동2가 19-7,4798,
MA0101202306A0106946,퍼플공간,,3120119,발산역(마곡),서울특별시 강서구 강서로 400,37.5611127925591,126.839462807861,서울특별시 강서구 등촌동 678-11,7583,
MA010120220805376735,센티플,,3120094,"신촌역(신촌역, 신촌로터리)",서울특별시 서대문구 명물길 54,37.5588006834239,126.9393250463,서울특별시 서대문구 창천동 5-29,3777,
MA0101202302A0017784,홍소,,3120101,합정역,서울특별시 마포구 성지5길 19,37.5462430540896,126.913987516142,서울특별시 마포구 합정동 370-39,4083,
MA010120220809909899,수앤싸이먼,,3120104,연남동(홍대),서울특별시 마포구 동교로41길 14,37.5630805621346,126.924007660697,서울특별시 마포구 연남동 229-45,3983,
MA0101202406A0299454,라헬의부엌,논현점,3120185,논현역,서울특별시 강남구 강남대로124길 39,37.5096819197328,127.025606796682,서울특별시 강남구 논현동 146-15,6114,
MA010120220813771556,용마커피&바,,3120159,서울대입구역,서울특별시 관악구 관악로14길 45,37.4788166416654,126.9550143461,서울특별시 관악구 봉천동 1611-21,8788,
MA0101202310A0054013,준혁티스프레소,,3110671,등촌1동주민센터,서울특별시 강서구 양천로 532,37.5588393634851,126.858300569128,서울특별시 강서구 등촌동 629-1,7549,
MA0101202310A0023318,초원티스프레소,,3110671,등촌1동주민센터,서울특별시 강서구 양천로 532,37.5588393634851,126.858300569128,서울특별시 강서구 등촌동 629-1,7549,
MA010120220804482383,슈바이쯔무역주,,3120172,교대입구교차로,서울특별시 서초구 사임당로 60,37.4887351498199,127.016485990436,서울특별시 서초구 서초동 1626-4,6640,
MA0101202406A0361942,샵힘이나는커피생활여의도sk증권빌딩점,,3120149,여의도역(여의도),서울특별시 영등포구 국제금융로8길 31,37.5197540342908,126.928067360739,서울특별시 영등포구 여의도동 45-1,7332,
MA0101202307A0078418,헤기,,3120149,여의도역(여의도),서울특별시 영등포구 국제금융로8길 31,37.5197540342908,126.928067360739,서울특별시 영등포구 여의도동 45-1,7332,
MA0101202406A0327724,블리스,,3120149,여의도역(여의도),서울특별시 영등포구 국제금융로8길 31,37.5197540342908,126.928067360739,서울특별시 영등포구 여의도동 45-1,7332,
MA0106202210A1669537,플래시커피,,3120149,여의도역(여의도),서울특별시 영등포구 국제금융로8길 31,37.5197540342908,126.928067360739,서울특별시 영등포구 여의도동 45-1,7332,
MA010120220810125694,더빅스터디,,3120006,종각역,서울특별시 종로구 삼일대로15길 6,37.5689247562165,126.987175148428,서울특별시 종로구 관철동 7-16,3190,
MA010120220804735782,토마스커피,,3120101,합정역,서울특별시 마포구 성지길 58,37.5462690787311,126.912618256917,서울특별시 마포구 합정동 376-9,4083,
MA0101202411A0177203,혜양개발몬스터스토리지메종,망원점,3110544,망리단길,서울특별시 마포구 월드컵로13길 20,37.5558080170309,126.909132682057,서울특별시 마포구 망원동 376-27,4012,
MA010120220800632853,마르장,,3120166,방배역,서울특별시 서초구 방배로6길 15,37.4793748208769,127.00021481121,서울특별시 서초구 방배동 1021-10,6705,
MA010120220804196373,커피세레모니,,3110942,염곡동 구룡사(포이동성당),서울특별시 서초구 논현로5길 21,37.4718322587261,127.048904204224,서울특별시 서초구 양재동 400-13,6791,
MA010120220813295540,메가엠지씨커피등촌역점,,3120112,등촌역,서울특별시 양천구 목동중앙북로7길 10,37.5483802895388,126.867350745102,서울특별시 양천구 목동 602-12,7947,
MA010120220804221020,제니텍컨설팅주,,3120006,종각역,서울특별시 종로구 종로3길 24-17,37.5717348175359,126.979726238247,서울특별시 종로구 청진동 179-1,3156,
MA010120220813237937,방배노인종합복지관늘봄,카페3호점,3120160,사당역(사당),서울특별시 서초구 방배천로 48,37.4807701305753,126.982780865534,서울특별시 서초구 방배동 455-11,6677,
MA010120220805612107,태화물산주,,3120006,종각역,서울특별시 종로구 무교로 40,37.5695273380755,126.979489127817,서울특별시 종로구 서린동 128-2,3188,
MA010120220812276323,카페와디즈303,,3120101,합정역,서울특별시 마포구 토정로3길 11,37.5462070883078,126.914089400885,서울특별시 마포구 합정동 370-11,4083,
MA010120220806883422,와디즈,,3120101,합정역,서울특별시 마포구 토정로3길 11,37.5462070883078,126.914089400885,서울특별시 마포구 합정동 370-11,4083,
MA0101202409A0147901,피치키치케이크홍대,,3110558,경성고등학교,서울특별시 마포구 성미산로 105,37.5619868368999,126.918723115115,서울특별시 마포구 연남동 488-11,3977,
MA010120220809895425,카페아이엠티여의도KBS점,,3120148,국회의사당역(국회의사당),서울특별시 영등포구 국회대로62길 21,37.5267387495189,126.917279370518,서울특별시 영등포구 여의도동 17-8,7236,
MA0101202302A0000879,나이스카페인클럽,,3120129,구로디지털단지,서울특별시 구로구 디지털로34길 55,37.4842784299891,126.899280891812,서울특별시 구로구 구로동 811,8378,
MA010120220813564964,해머스미스커피양재,믿음점,3120179,양재역,서울특별시 서초구 서운로 6,37.4847140216072,127.029894802525,서울특별시 서초구 서초동 1364-11,6734,
MA0101202308A0067429,이레경리단길붕스담스,,3110084,경리단길북측,서울특별시 용산구 회나무로 17,37.5391469400675,126.988775647205,서울특별시 용산구 이태원동 277-6,4343,
MA010120220809561150,오루앤하우스,,3120053,건대입구역(건대),서울특별시 광진구 능동로 137-3,37.5432522468905,127.071762846611,서울특별시 광진구 화양동 3-27,5011,
MA010120220802988370,웰릿,,3120041,신용산역(용산역),서울특별시 용산구 서빙고로 17,37.5269071476161,126.966570018037,서울특별시 용산구 한강로3가 98,4387,
MA010120220812724467,콘시드서울,,3120041,신용산역(용산역),서울특별시 용산구 서빙고로 17,37.5269071476161,126.966570018037,서울특별시 용산구 한강로3가 98,4387,
MA0101202409A0078274,마린커피,,3120041,신용산역(용산역),서울특별시 용산구 서빙고로 17,37.5269071476161,126.966570018037,서울특별시 용산구 한강로3가 98,4387,
MA0101202311A0075177,쫍,,3120041,신용산역(용산역),서울특별시 용산구 서빙고로 17,37.5269071476161,126.966570018037,서울특별시 용산구 한강로3가 98,4387,
MA010120220811743449,시루모락,,3120103,홍대입구역(홍대),서울특별시 마포구 양화로10길 20,37.5507054487249,126.917422639578,서울특별시 마포구 서교동 395-178,4044,
MA010120220805545732,에이치엠커피,,3110558,경성고등학교,서울특별시 마포구 성미산로 97,37.5615809821809,126.91813500645,서울특별시 마포구 연남동 487-378,3977,
MA0106202403A0796573,삼성커피집,,3120156,"총신대입구역(이수, 총신대)",서울특별시 동작구 동작대로29나길 28,37.4892393006447,126.980777522594,서울특별시 동작구 사당동 91-5,6997,
MA010120220811762159,프란,,3120242,강동구청역,서울특별시 송파구 토성로19길 33,37.5312574603834,127.119359300081,서울특별시 송파구 풍납동 503-4,5531,
MA010120220808374856,모이라마켓,,3120094,"신촌역(신촌역, 신촌로터리)",서울특별시 서대문구 신촌로 51,37.556994856126,126.932275665619,서울특별시 서대문구 창천동 112-12,3786,
MA0101202409A0107270,홍대가을,,3120104,연남동(홍대),서울특별시 마포구 월드컵북로4길 13,37.5571316699568,126.920493932489,서울특별시 마포구 동교동 203-18,3992,
MA0101202406A0109620,매머드익스프레스건대,중문점,3120053,건대입구역(건대),서울특별시 광진구 능동로 137-1,37.5431980974745,127.07190989597,서울특별시 광진구 화양동 3-26,5011,
MA010120220806402608,커피중공업,,3120012,대학로(혜화역),서울특별시 종로구 동숭2길 9,37.580890563941,127.004811504086,서울특별시 종로구 동숭동 130-17,3085,
MA010120220802443267,엔제리너스양재천변점,,3120183,양재천카페거리,서울특별시 강남구 양재천로 193,37.4827984648711,127.046627464447,서울특별시 강남구 도곡동 454-10,6300,
MA010120220800063925,심스인베스트주,,3120213,삼성중앙역,서울특별시 강남구 테헤란로87길 39,37.5103373705779,127.057649725859,서울특별시 강남구 삼성동 153-55,6166,
MA010120220803999971,일렉스통상,,3110397,도봉산입구,서울특별시 도봉구 도봉산길 43,37.6869296636189,127.040655502693,서울특별시 도봉구 도봉동 554-16,1302,
MA010120220813738806,재뉴어리,,3120207,선정릉역,서울특별시 강남구 봉은사로68길 6,37.5114852636109,127.049687880515,서울특별시 강남구 삼성동 114-16,6153,
MA0101202305A0037643,그레잇,,3120119,발산역(마곡),서울특별시 강서구 공항대로 220,37.5586964253219,126.831771877884,서울특별시 강서구 마곡동 800-3,7806,
MA0101202305A0127871,컵픽,,3120119,발산역(마곡),서울특별시 강서구 공항대로 220,37.5586964253219,126.831771877884,서울특별시 강서구 마곡동 800-3,7806,
MA0101202305A0119444,아이스아프리카,,3120012,대학로(혜화역),서울특별시 종로구 동숭길 47,37.5803409790355,127.004256734678,서울특별시 종로구 동숭동 1-149,3086,
MA0101202411A0110094,디저트공장138빙수&드링크,,3120136,영등포구청역,서울특별시 영등포구 양산로 138,37.5236604275859,126.898187220907,서울특별시 영등포구 당산동1가 267,7265,
MA010120220812958049,파브360,,3120187,신논현역,서울특별시 서초구 사평대로52길 12,37.5025195666286,127.022471662701,서울특별시 서초구 서초동 1302-8,6609,
MA010120220805137351,수앤호,,3120160,사당역(사당),서울특별시 서초구 방배천로4안길 61,37.4807521770406,126.983244418136,서울특별시 서초구 방배동 455-15,6677,
MA010120220811691435,티아라쥬얼리카페,,3110526,봉원사,서울특별시 서대문구 성산로 553,37.5655162649815,126.945816624101,서울특별시 서대문구 대신동 111-12,3721,
MA0101202409A0013975,제이와이아이앤디,,3120131,가산디지털단지,서울특별시 금천구 디지털로 178,37.4766989275967,126.887081184211,서울특별시 금천구 가산동 60-26,8513,
MA010120220812284609,카페디엠,,3110572,서강대역 1번,서울특별시 마포구 서강로 110,37.55258980215,126.933728215303,서울특별시 마포구 신수동 66-1,4094,
MA010120220807009871,이디야충현교회점,,3120197,역삼역,서울특별시 강남구 논현로98길 7,37.5037595029065,127.036337516615,서울특별시 강남구 역삼동 667-18,6136,
MA0101202406A0322412,시로,,3120175,남부터미널역,서울특별시 서초구 효령로53길 14,37.4852756130435,127.013884679513,서울특별시 서초구 서초동 1588-13,6654,
MA0101202212A0089544,스튜디오디디,,3120103,홍대입구역(홍대),서울특별시 마포구 독막로3길 28-20,37.5498138555433,126.917989447269,서울특별시 마포구 서교동 396-3,4047,
MA010120220808731423,휘겔리후스,,3120104,연남동(홍대),서울특별시 마포구 성미산로 127,37.5631685261635,126.920759161534,서울특별시 마포구 연남동 369-15,3977,
MA0101202406A0203330,카페옐로우윈도우,,3110345,솔밭공원역 2번,서울특별시 강북구 삼양로 571,37.6539060734285,127.012567478723,서울특별시 강북구 우이동 100-63,1006,
MA010120220807801482,빽다방경복궁역점,,3120002,서촌(경복궁역),서울특별시 종로구 사직로 127,37.5760492515726,126.973068642328,서울특별시 종로구 적선동 93-4,3044,
MA010120220805091983,킹스빈커피가산한신IT점,,3120131,가산디지털단지,서울특별시 금천구 디지털로9길 47,37.4795719143055,126.885799297118,서울특별시 금천구 가산동 60-18,8511,
MA0101202308A0047402,땡스어라떼,,3120199,경복아파트교차로,서울특별시 강남구 언주로 615,37.5105441111104,127.036205078746,서울특별시 강남구 논현동 225-6,6107,
MA0101202211A0085985,프루츄,,3120199,경복아파트교차로,서울특별시 강남구 언주로 615,37.5105441111104,127.036205078746,서울특별시 강남구 논현동 225-6,6107,
MA0101202307A0080626,블레이즈,,3120246,길동역,서울특별시 강동구 천호대로 1132-23,37.5332566457404,127.136921774444,서울특별시 강동구 성내동 379-14,5373,
MA0101202409A0220858,하트티라미수더현대서울점,,3120149,여의도역(여의도),서울특별시 영등포구 여의대로 108,37.5251967223703,126.929114222117,서울특별시 영등포구 여의도동 22,7335,
MA010120220810581187,미켈레커피,,3120149,여의도역(여의도),서울특별시 영등포구 여의대로 108,37.5251967223703,126.929114222117,서울특별시 영등포구 여의도동 22,7335,
MA010120220813168714,여의도오븐,,3120149,여의도역(여의도),서울특별시 영등포구 여의대로 108,37.5251967223703,126.929114222117,서울특별시 영등포구 여의도동 22,7335,
MA010120220805435869,카페브릿지,여의도점,3120149,여의도역(여의도),서울특별시 영등포구 여의대로 108,37.5251967223703,126.929114222117,서울특별시 영등포구 여의도동 22,7335,
MA0101202310A0019204,골든피스팝업점,,3120149,여의도역(여의도),서울특별시 영등포구 여의대로 108,37.5251967223703,126.929114222117,서울특별시 영등포구 여의도동 22,7335,
MA010120220805153328,달콤여의도,파크원점,3120149,여의도역(여의도),서울특별시 영등포구 여의대로 108,37.5251967223703,126.929114222117,서울특별시 영등포구 여의도동 22,7335,
MA010120220812504572,유한책임회사뉴프런티어그룹,,3120149,여의도역(여의도),서울특별시 영등포구 여의대로 108,37.5251967223703,126.929114222117,서울특별시 영등포구 여의도동 22,7335,
MA010120220803450339,헬로우아폴로,,3120149,여의도역(여의도),서울특별시 영등포구 여의대로 108,37.5251967223703,126.929114222117,서울특별시 영등포구 여의도동 22,7335,
MA0101202406A0571500,골든피스더현대팝업점,,3120149,여의도역(여의도),서울특별시 영등포구 여의대로 108,37.5251967223703,126.929114222117,서울특별시 영등포구 여의도동 22,7335,
MA010120220803930785,에스앤엘코퍼레이션,,3110655,발산역 5번,서울특별시 강서구 공항대로 280,37.5580299901115,126.838439509905,서울특별시 강서구 내발산동 645-1,7646,
MA0106202301A0576389,템포커피,발산역점,3110655,발산역 5번,서울특별시 강서구 공항대로 280,37.5580299901115,126.838439509905,서울특별시 강서구 내발산동 645-1,7646,
MA010120220804886212,코럴핑크,,3120189,강남역,서울특별시 서초구 서초대로73길 30,37.5000953757351,127.024891057124,서울특별시 서초구 서초동 1307,6614,
MA0101202411A0018126,베러빈커피,봉천점,3110892,관악구 중앙길,서울특별시 관악구 양녕로 26,37.4842643536728,126.946847722849,서울특별시 관악구 봉천동 889-34,8748,
MA0101202303A0074301,센터플레이스,,3120167,고속터미널(고속터미널역),서울특별시 서초구 반포대로 287,37.5043507405853,127.001063104126,서울특별시 서초구 반포동 18-3,6547,
MA010120220813064501,포레스트,,3120197,역삼역,서울특별시 강남구 테헤란로33길 15,37.5027765483537,127.039028672736,서울특별시 강남구 역삼동 678-6,6141,
MA0101202307A0099033,카라즈스퀘어,,3111015,석촌역 3번,서울특별시 송파구 오금로 174,37.5091614921793,127.11365762876,서울특별시 송파구 송파동 141-1,5663,
MA010120220800022809,국제다방,,3120009,종로3가역,서울특별시 종로구 종로16길 34,37.5686275827008,126.988691989563,서울특별시 종로구 관철동 35-3,3191,
MA0101202307A0048670,물나리다,,3120153,노량진역(노량진),서울특별시 동작구 노량진로8길 10,37.5129921501883,126.936161158711,서울특별시 동작구 노량진동 27-16,6927,
MA010120220807481584,커피보뇌르,,3120219,은마아파트,서울특별시 강남구 도곡로 531,37.5003236700344,127.0644839769,서울특별시 강남구 대치동 986-6,6190,
MA0101202410A0228411,컴포즈커피제1호조합,,3120207,선정릉역,서울특별시 강남구 봉은사로 317,37.5099837075898,127.041611211542,서울특별시 강남구 논현동 277-20,6103,
MA0101202406A0500367,신길어름,가산점,3120131,가산디지털단지,서울특별시 금천구 벚꽃로 286,37.4803901907794,126.884113457788,서울특별시 금천구 가산동 60-15,8511,
MA010120220804492276,씨티카페비엠에스점주,,3120198,구역삼세무서,서울특별시 강남구 역삼로7길 22,37.4956244260692,127.032895850954,서울특별시 강남구 역삼동 829,6244,
MA010120220800925586,커피로이트&스토리,,3110128,성원중학교,서울특별시 성동구 둘레1길 2,37.5376339736141,127.045665898603,서울특별시 성동구 성수동1가 488-1,4774,
MA010120220808802605,삼일행복나눔,,3120041,신용산역(용산역),서울특별시 용산구 한강대로 92,37.5281778252738,126.967519760974,서울특별시 용산구 한강로2가 191,4386,
MA010120220800321118,아도라화밀리아,,3120041,신용산역(용산역),서울특별시 용산구 한강대로 92,37.5281778252738,126.967519760974,서울특별시 용산구 한강로2가 191,4386,
MA010120220813010673,라쿤,,3110762,선유도역 1번,서울특별시 영등포구 선유로53길 24,37.5380114540573,126.895983975808,서울특별시 영등포구 양평동4가 240,7206,
MA010120220803665583,솔커피숍,,3130086,서울약령시장,서울특별시 동대문구 약령중앙로2길 2,37.5786774045965,127.037075786316,서울특별시 동대문구 제기동 1134,2570,
MA010120220802487043,피스아일랜드서촌,,3120002,서촌(경복궁역),서울특별시 종로구 자하문로 76-4,37.5826800756664,126.970994427313,서울특별시 종로구 효자동 60-2,3042,
MA0101202305A0056649,티노마드파티세리,,3110544,망리단길,서울특별시 마포구 망원로2길 19,37.5556572294635,126.900893824452,서울특별시 마포구 망원동 417-14,4007,
MA0101202311A0016957,정앤리,,3120053,건대입구역(건대),서울특별시 광진구 아차산로 272,37.5385572783991,127.073002972761,서울특별시 광진구 자양동 227-7,5065,
MA010120220810503358,연F&B,,3120210,선릉역,서울특별시 강남구 언주로98길 39-5,37.5048917826212,127.045012604708,서울특별시 강남구 역삼동 704-31,6148,
MA0101202307A0062464,마이블루투모로우,,3110085,경리단길남측,서울특별시 용산구 녹사평대로40나길 39-4,37.536272731634,126.988595047014,서울특별시 용산구 이태원동 400,4345,
MA010120220805021348,포리듬,,3120197,역삼역,서울특별시 강남구 논현로86길 34,37.5003614240429,127.040305334464,서울특별시 강남구 역삼동 725-25,6223,
MA010120220803298603,아마츄어작업실작가의공간1,청계점,3120009,종로3가역,서울특별시 종로구 청계천로 97-8,37.5687266592027,126.988352394243,서울특별시 종로구 관철동 35-9,3191,
MA010120220806550332,비인엠,,3110067,배문고등학교,서울특별시 용산구 청파로53길 10,37.5461713876596,126.969718562539,서울특별시 용산구 청파동2가 104-29,4309,
MA010120220810664686,러빙헛주,,3120184,포이사거리(삼호물산),서울특별시 강남구 개포로22길 35,37.4768957121991,127.049438861031,서울특별시 강남구 개포동 1218-16,6308,
MA010120220808825903,달로하임,,3120246,길동역,서울특별시 강동구 양재대로103길 18,37.5331575752563,127.136887651451,서울특별시 강동구 성내동 379-44,5373,
MA010120220800352615,블루포트,1호점,3120145,영등포역(영등포),서울특별시 영등포구 영신로 136,37.5196808778393,126.901586206446,서울특별시 영등포구 영등포동4가 156,7301,
MA010120220808564592,메가엠지씨커피도봉역점,,3110407,도봉역 2번,서울특별시 도봉구 도봉로 817,37.6774138929498,127.044640523912,서울특별시 도봉구 도봉동 600-1,1307,
MA0101202212A0042859,해피니스인어데이,,3120104,연남동(홍대),서울특별시 마포구 동교로46길 7,37.5627120202894,126.925366246899,서울특별시 마포구 연남동 387-19,3982,
MA010120220811990614,페이보릿연남,,3120104,연남동(홍대),서울특별시 마포구 동교로38길 27-14,37.5619737160381,126.926181902474,서울특별시 마포구 연남동 383-44,3982,
MA0101202211A0089983,잼카페,코리아,3120098,DMC(디지털미디어시티),서울특별시 마포구 매봉산로 45,37.5765155634599,126.89099469437,서울특별시 마포구 상암동 1652,3909,
MA010120220814376938,커피엘,,3120213,삼성중앙역,서울특별시 강남구 삼성로 620,37.5149618693589,127.052619790901,서울특별시 강남구 삼성동 70,6085,
MA010120220807749684,복숭아꽃,,3120103,홍대입구역(홍대),서울특별시 마포구 양화로6길 99-5,37.5486167953178,126.919835315718,서울특별시 마포구 서교동 402-7,4048,
MA010120220806434484,음오아에,,3120103,홍대입구역(홍대),서울특별시 마포구 양화로6길 99-5,37.5486167953178,126.919835315718,서울특별시 마포구 서교동 402-7,4048,
MA010120220814177739,위시트윈폴콘,,3120119,발산역(마곡),서울특별시 강서구 강서로56가길 31,37.5610052727351,126.839904446996,서울특별시 강서구 등촌동 678-6,7583,
MA0101202308A0030196,원스,,3120215,포스코사거리,서울특별시 강남구 삼성로81길 44,37.5037436965016,127.054093464558,서울특별시 강남구 대치동 895-9,6196,
MA010120220800103307,아르봉봉,,3120104,연남동(홍대),서울특별시 마포구 연희로1길 59-2,37.5615864784585,126.926487877609,서울특별시 마포구 연남동 383-99,3982,
MA010120220800299608,골프인에스프레소,,3120003,광화문역,서울특별시 종로구 사직로 130,37.5753645549047,126.973329256943,서울특별시 종로구 적선동 80,3170,
MA010120220813449262,413프로젝트,,3120003,광화문역,서울특별시 종로구 사직로 130,37.5753645549047,126.973329256943,서울특별시 종로구 적선동 80,3170,
MA010120220810174499,다모아커피맥주,,3110236,신묵초등학교,서울특별시 중랑구 중랑역로 213,37.6123921839093,127.07552149434,서울특별시 중랑구 묵동 237-126,2004,
MA010120220803585068,카페오늘,,3120197,역삼역,서울특별시 강남구 테헤란로25길 50,37.5038320564465,127.034765525781,서울특별시 강남구 역삼동 628-4,6126,
MA010120220806767393,궤도,,3110008,배화여자대학교(박노수미술관),서울특별시 종로구 필운대로 9-2,37.5771114395998,126.969049441976,서울특별시 종로구 필운동 108,3027,
MA0101202406A0127100,샵도노커피,,3110079,후암동주민센터,서울특별시 용산구 두텁바위로 81-2,37.5468044229005,126.980887226926,서울특별시 용산구 후암동 262-2,4336,
MA010120220808474592,리얼크레마,,3120148,국회의사당역(국회의사당),서울특별시 영등포구 은행로 58,37.5299964144192,126.924833182101,서울특별시 영등포구 여의도동 12-1,7241,
MA010120220809361774,쁠로청담,,3120209,"강남구청(청담역_8번, 강남세무서)",서울특별시 강남구 학동로63길 6,37.5184428751015,127.04504336682,서울특별시 강남구 청담동 44-19,6069,
MA010120220804660213,로이드페스츄리,,3120171,서초3동사거리,서울특별시 서초구 남부순환로 2433-7,37.4822118887571,127.016201900075,서울특별시 서초구 서초동 1449-8,6719,
MA0101202210A0004973,커스텀커피노원역점,,3120081,노원역,서울특별시 노원구 노해로 452,37.6535048505166,127.058428826786,서울특별시 노원구 상계동 734-3,1762,
MA010120220807086257,카키브라운카페구름점,,3120038,약수역,서울특별시 중구 다산로 75,37.551274677986,127.007604825706,서울특별시 중구 신당동 353-24,4599,
MA0106202201A0637170,아로마코커피하우스,,3120235,문정역,서울특별시 송파구 정의로 70,37.4860218931997,127.115476887316,서울특별시 송파구 문정동 640,5836,
MA010120220806361295,000케이크바,,3120245,둔촌역,서울특별시 강동구 양재대로81길 8,37.5228808402165,127.1336674623,서울특별시 강동구 성내동 441-1,5408,
MA010120220803862298,에그머니FC,,3110429,공릉동 국수거리,서울특별시 노원구 화랑로 421,37.6175466674681,127.074212805743,서울특별시 노원구 공릉동 683-14,1861,
MA010120220810563222,502커피로스터스,,3120131,가산디지털단지,서울특별시 금천구 가산디지털1로 159-20,37.4801252147526,126.880416818093,서울특별시 금천구 가산동 371-7,8503,
MA0101202406A0079743,메가엠지씨커피LG빌딩점,광화문,3120003,광화문역,서울특별시 종로구 새문안로 58,37.5692734195617,126.971576917797,서울특별시 종로구 신문로2가 92,3184,
MA010120220804191624,코큐보,,3120189,강남역,서울특별시 서초구 강남대로53길 11,37.4939588521822,127.027885653934,서울특별시 서초구 서초동 1330,6626,
MA010120220805191959,에이치티에스호텔앤푸드주,,3120189,강남역,서울특별시 서초구 강남대로53길 11,37.4939588521822,127.027885653934,서울특별시 서초구 서초동 1330,6626,
MA0101202406A0533851,카페홈즈여의도KBS점,,3120148,국회의사당역(국회의사당),서울특별시 영등포구 의사당대로 38,37.5255500740256,126.918208333854,서울특별시 영등포구 여의도동 17,7236,
MA010120220809624141,더치앤빈KBS본관점,,3120148,국회의사당역(국회의사당),서울특별시 영등포구 의사당대로 38,37.5255500740256,126.918208333854,서울특별시 영등포구 여의도동 17,7236,
MA010120220808500926,러브섬,,3120148,국회의사당역(국회의사당),서울특별시 영등포구 의사당대로 38,37.5255500740256,126.918208333854,서울특별시 영등포구 여의도동 17,7236,
MA010120220813096783,라운지어반,,3120178,신사역,서울특별시 강남구 강남대로160길 15,37.5195670223736,127.019954217173,서울특별시 강남구 신사동 507-8,6027,
MA010120220810247267,째깍악어,,3120051,뚝섬역,서울특별시 성동구 왕십리로 115,37.5479239708172,127.044133172432,서울특별시 성동구 성수동1가 656-75,4768,
MA010120220814220522,커피엔스틱,,3120028,명동(명동거리),서울특별시 중구 퇴계로 145,37.5614465693988,126.987946070921,서울특별시 중구 충무로2가 61-3,4537,
MA0101202411A0071032,앳더커피ATTHECOFFEE,,3120235,문정역,서울특별시 송파구 법원로4길 6,37.4823120830184,127.122107969549,서울특별시 송파구 문정동 652-5,5855,
MA010120220801066285,메타비젼,,3120189,강남역,서울특별시 강남구 봉은사로18길 84,37.5012120305765,127.027560385932,서울특별시 강남구 역삼동 619-25,6129,
MA0101202406A0091426,달콤청춘,,3110895,샤로수길,서울특별시 관악구 관악로 152,37.4786985600257,126.952583680568,서울특별시 관악구 봉천동 1598-18,8788,
MA0106202201A0153243,커피빈상봉엔터식스점,코리아,3120069,상봉역,서울특별시 중랑구 망우로 353,37.5983343531518,127.091621086929,서울특별시 중랑구 상봉동 500,2087,
MA0101202406A0349961,커피살롱제기동점,,3130086,서울약령시장,서울특별시 동대문구 왕산로 127,37.5784520094258,127.037539828021,서울특별시 동대문구 제기동 1132,2570,
MA010120220812812913,에이치앤엘파트너스,,3120227,잠실역,서울특별시 송파구 올림픽로 240,37.5113107817557,127.098142657562,서울특별시 송파구 잠실동 40-1,5554,
MA0106202201A0422218,달콤커피롯데플레잇점,,3120227,잠실역,서울특별시 송파구 올림픽로 240,37.5113107817557,127.098142657562,서울특별시 송파구 잠실동 40-1,5554,
MA010120220803319237,디시테브랜드,,3120227,잠실역,서울특별시 송파구 올림픽로 240,37.5113107817557,127.098142657562,서울특별시 송파구 잠실동 40-1,5554,
MA010120220808493882,카페드크래프트,,3120227,잠실역,서울특별시 송파구 올림픽로 240,37.5113107817557,127.098142657562,서울특별시 송파구 잠실동 40-1,5554,
MA0101202305A0090633,앞터,,3120005,삼청동,서울특별시 종로구 북촌로 137-17,37.586971065491,126.982473378531,서울특별시 종로구 삼청동 27-28,3053,
MA010120220807482841,빽다방&역전우동0410,역삼테헤란로점,3120197,역삼역,서울특별시 강남구 테헤란로10길 25,37.4975795754615,127.033021103133,서울특별시 강남구 역삼동 828-21,6239,
MA010120220804889330,달콤스푼,,3110404,신창초등학교,서울특별시 도봉구 우이천로4라길 29,37.6328071884634,127.042110105587,서울특별시 도봉구 창동 504-9,1481,
MA010120220800025912,홀릭,,3120012,대학로(혜화역),서울특별시 종로구 성균관로5길 5,37.5843324231932,126.997169573175,서울특별시 종로구 명륜2가 140-2,3073,
MA010120220808719043,이층집,,3120111,목동사거리,서울특별시 양천구 목동중앙남로3가길 33,37.5371772161649,126.864134626581,서울특별시 양천구 목동 730-13,7959,
MA010120220803349474,우일티에스마포티원점,,3120107,공덕역(공덕오거리),서울특별시 마포구 마포대로 144,37.5470041423993,126.953751266946,서울특별시 마포구 공덕동 252-5,4212,
MA010120220804059548,글로리아진스커피주,코리아,3120178,신사역,서울특별시 강남구 논현로149길 67-13,37.5162775767414,127.024149877287,서울특별시 강남구 논현동 12-6,6039,
MA010120220808980343,휴식카페,가산디지털점,3120131,가산디지털단지,서울특별시 금천구 디지털로9길 65,37.4802651532457,126.885244249018,서울특별시 금천구 가산동 60-17,8511,
MA010120220808759603,커피디지직화커피,,3110491,불광중학교,서울특별시 은평구 불광로18길 8,37.6222085570234,126.932069293099,서울특별시 은평구 불광동 177-39,3360,
MA0106202303A0401972,달콤커피국기원,사거리점,3120189,강남역,서울특별시 강남구 테헤란로8길 40,37.496273371663,127.032093239223,서울특별시 강남구 역삼동 827-64,6240,
MA010120220801040386,메리앤제인,,3120002,서촌(경복궁역),서울특별시 종로구 사직로 135,37.5759683427036,126.973872422745,서울특별시 종로구 적선동 35-1,3044,
MA010120220806508673,라이크라떼,,3130086,서울약령시장,서울특별시 동대문구 왕산로 117,37.5784973892355,127.036487014253,서울특별시 동대문구 제기동 1140-5,2569,
MA010120220808662727,가배도삼청,,3120005,삼청동,서울특별시 종로구 북촌로5길 56-8,37.5798982238569,126.982180689678,서울특별시 종로구 소격동 142-2,3053,
MA010120220814395181,인투제주문정도점,,3120235,문정역,서울특별시 송파구 법원로4길 10,37.4826176752619,127.122832072303,서울특별시 송파구 문정동 652-4,5855,
MA010120220804791194,태기커피문정법원,,3120235,문정역,서울특별시 송파구 법원로4길 10,37.4826176752619,127.122832072303,서울특별시 송파구 문정동 652-4,5855,
MA010120220809658186,지음메디컬,,3120197,역삼역,서울특별시 강남구 테헤란로13길 31-3,37.501427291241,127.031484749476,서울특별시 강남구 역삼동 636-6,6130,
MA010120220805357481,웨이즈커피,,3120104,연남동(홍대),서울특별시 마포구 동교로46길 42-20,37.5618568195049,126.926555521805,서울특별시 마포구 연남동 383-90,3982,
MA0101202310A0030782,이앤강파트너스,,3120191,학동역,서울특별시 강남구 학동로20길 47,37.5104563537508,127.027518542364,서울특별시 강남구 논현동 149-2,6115,
MA0101202305A0128956,더세컨드하우스,,3120104,연남동(홍대),서울특별시 마포구 동교로46길 25,37.5623251044275,126.926181555778,서울특별시 마포구 연남동 385-4,3982,
MA0101202309A0007341,바로커피,,3120149,여의도역(여의도),서울특별시 영등포구 국제금융로 70,37.5214945312611,126.930678808809,서울특별시 영등포구 여의도동 43,7333,
MA010120220813907687,더메리어,,3120197,역삼역,서울특별시 강남구 테헤란로 123,37.4995532230159,127.031393491443,서울특별시 강남구 역삼동 648-23,6133,
MA0101202406A0554439,케이스타라운지,,3120104,연남동(홍대),서울특별시 마포구 월드컵북로2길 19,37.556357771992,126.921932073513,서울특별시 마포구 동교동 161-10,3995,
MA010120220806118090,인생카페,,3120129,구로디지털단지,서울특별시 구로구 디지털로 242,37.4808577992768,126.892682737424,서울특별시 구로구 구로동 851,8394,
MA010120220805400156,워너커피구로디지털단지,1호점,3120129,구로디지털단지,서울특별시 구로구 디지털로 242,37.4808577992768,126.892682737424,서울특별시 구로구 구로동 851,8394,
MA0101202306A0036376,클로디아,,3120129,구로디지털단지,서울특별시 구로구 디지털로 242,37.4808577992768,126.892682737424,서울특별시 구로구 구로동 851,8394,
MA010120220803627243,유진호프,,3110261,사가정역 4번,서울특별시 중랑구 면목로 250,37.5750302329571,127.08554749012,서울특별시 중랑구 면목동 371-133,2253,
MA0101202311A0062963,문샤워,,3110300,삼선동주민센터,서울특별시 성북구 보문로 184-6,37.5906294227209,127.015161043175,서울특별시 성북구 삼선동4가 352-5,2847,
MA0106202201A1585913,페이즈커피,,3110300,삼선동주민센터,서울특별시 성북구 보문로 184-6,37.5906294227209,127.015161043175,서울특별시 성북구 삼선동4가 352-5,2847,
MA0101202310A0094424,어반런드렛더테라스송파,,3120235,문정역,서울특별시 송파구 송파대로 141,37.4828784843651,127.123296060604,서울특별시 송파구 문정동 652-3,5855,
MA010120220807073632,테이크파이브,,3120178,신사역,서울특별시 강남구 논현로149길 56,37.517160585536,127.02402573478,서울특별시 강남구 논현동 5-16,6039,
MA010120220812212121,고래상점,,3120103,홍대입구역(홍대),서울특별시 마포구 독막로7길 18,37.5485893024725,126.919156367399,서울특별시 마포구 서교동 401-7,4048,
MA010120220810267576,아크밸리서비스,,3120052,성수역,서울특별시 성동구 성수이로22길 37,37.543924877238,127.061307884465,서울특별시 성동구 성수동2가 277-43,4798,
MA0101202406A0490372,커피본,,3110397,도봉산입구,서울특별시 도봉구 도봉로181길 70,37.685109058121,127.042445756052,서울특별시 도봉구 도봉동 574-1,1303,
MA010120220810167949,테라자에프앤비,,3120149,여의도역(여의도),서울특별시 영등포구 여의대방로65길 17,37.5197457213341,126.929221186522,서울특별시 영등포구 여의도동 45-19,7332,
MA0101202406A0530646,신산커피하우스,성수점,3110135,성동세무서,서울특별시 성동구 광나루로 307,37.5484103901609,127.06406141167,서울특별시 성동구 송정동 66-263,4801,
MA010120220803856963,핸디크레프티,,3120007,북촌(안국역),서울특별시 종로구 북촌로11길 35-5,37.5823941353907,126.983266950514,서울특별시 종로구 가회동 33-18,3052,
MA010120220812905103,대추와자몽,,3110085,경리단길남측,서울특별시 용산구 녹사평대로46길 1,37.537524969828,126.987112640209,서울특별시 용산구 이태원동 562,4345,
MA0101202406A0316691,에스토스가산디지털단지점,,3120131,가산디지털단지,서울특별시 금천구 가산디지털1로 88,37.473886215321,126.885457492953,서울특별시 금천구 가산동 345-50,8590,
MA010120220806715088,더제라,,3120119,발산역(마곡),서울특별시 강서구 공항대로 209,37.5597583523047,126.830898006261,서울특별시 강서구 마곡동 774-1,7802,
MA010120220813942954,카페페를,,3120052,성수역,서울특별시 성동구 광나루로2길 34,37.5482077881755,127.054872451671,서울특별시 성동구 성수동2가 299-220,4792,
MA010120220809702145,코르키코르키랩,,3110079,후암동주민센터,서울특별시 용산구 두텁바위로31길 1,37.5463988860913,126.980355479987,서울특별시 용산구 후암동 254-59,4336,
MA0101202305A0045777,바리스텔라,,3120129,구로디지털단지,서울특별시 구로구 도림로20길 66,37.4878332730519,126.894538434814,서울특별시 구로구 구로동 173-6,8371,
MA010120220813775405,이도카페W몰점,,3120131,가산디지털단지,서울특별시 금천구 디지털로 188,37.4773211941506,126.887679441454,서울특별시 금천구 가산동 60-27,8513,
MA010120220810562855,원신더블유몰,,3120131,가산디지털단지,서울특별시 금천구 디지털로 188,37.4773211941506,126.887679441454,서울특별시 금천구 가산동 60-27,8513,
MA010120220805069758,설래임엔씨강서점,,3120119,발산역(마곡),서울특별시 강서구 강서로56길 17,37.5599338872035,126.840495275575,서울특별시 강서구 등촌동 689,7584,
MA010120220800512816,더카페강서NC9층점,,3120119,발산역(마곡),서울특별시 강서구 강서로56길 17,37.5599338872035,126.840495275575,서울특별시 강서구 등촌동 689,7584,
MA010120220807136529,스타위즈,,3120210,선릉역,서울특별시 강남구 선릉로 541,37.5073961795739,127.046043325401,서울특별시 강남구 역삼동 694-30,6149,
MA0101202212A0066614,에스커피아,,3120235,문정역,서울특별시 송파구 정의로7길 13,37.4852924200064,127.115125255627,서울특별시 송파구 문정동 639-5,5835,
MA0101202406A0131693,더수다카페,,3120225,잠실새내역(신천),서울특별시 송파구 올림픽로 145,37.5119862305153,127.087036369263,서울특별시 송파구 잠실동 22-6,5502,
MA010120220800269617,더수다카페,,3120225,잠실새내역(신천),서울특별시 송파구 올림픽로 145,37.5119862305153,127.087036369263,서울특별시 송파구 잠실동 22-6,5502,
MA010120220813470137,카터알망리센츠점,,3120225,잠실새내역(신천),서울특별시 송파구 올림픽로 145,37.5119862305153,127.087036369263,서울특별시 송파구 잠실동 22-6,5502,
MA010120220809405014,티하철,,3120104,연남동(홍대),서울특별시 마포구 동교로46길 42-5,37.5618569460621,126.926759251134,서울특별시 마포구 연남동 383-82,3982,
MA010120220812629601,이목차방,,3120103,홍대입구역(홍대),서울특별시 마포구 와우산로 111,37.5534680247831,126.925737611381,서울특별시 마포구 서교동 343-2,4054,
MA010120220804544790,커피팩토리,,3110079,후암동주민센터,서울특별시 용산구 소월로2길 21-13,37.5534801001468,126.976856656629,서울특별시 용산구 후암동 446-17,4326,
MA010120220806408218,파도,,3120103,홍대입구역(홍대),서울특별시 마포구 양화로6길 57-14,37.5490930810076,126.918024186091,서울특별시 마포구 서교동 399-10,4047,
MA0101202411A0096875,반하나푸딩,,3120197,역삼역,서울특별시 강남구 언주로85길 32,37.50092890249,127.040758003554,서울특별시 강남구 역삼동 719-24,6221,
MA010120220806239616,푸드랩,,3120197,역삼역,서울특별시 강남구 언주로85길 32,37.50092890249,127.040758003554,서울특별시 강남구 역삼동 719-24,6221,
MA010120220808132287,기린라이프케어,,3120179,양재역,서울특별시 서초구 서운로 11,37.4849754837261,127.029216504905,서울특별시 서초구 서초동 1355-17,6733,
MA010120220813733243,뉴에프앤비,,3120245,둔촌역,서울특별시 강동구 강동대로55길 10,37.5228006055477,127.132909388709,서울특별시 강동구 성내동 449-9,5408,
MA010120220804659972,수류화개,,3120149,여의도역(여의도),서울특별시 영등포구 의사당대로1길 25,37.5200614433678,126.929843047581,서울특별시 영등포구 여의도동 44-27,7333,
MA010120220807766402,한우리보호작업장,,3120166,방배역,서울특별시 서초구 방배로 40,37.4784377713472,127.0,서울특별시 서초구 방배동 1023-3,6705,
MA010120220807828602,파스텔,,3110236,신묵초등학교,서울특별시 중랑구 동일로143길 70,37.6049595172315,127.074743890976,서울특별시 중랑구 묵동 248-27,2012,
MA010120220807058221,커피베이송파가락본동점,,3120237,경찰병원역,서울특별시 송파구 오금로34길 49-1,37.4995751018301,127.122373561572,서울특별시 송파구 가락동 41-7,5706,
MA0101202303A0110265,커스텀커피동,여의도점,3120149,여의도역(여의도),서울특별시 영등포구 여의대방로69길 19,37.5206023860499,126.930419456602,서울특별시 영등포구 여의도동 44-5,7333,
MA0101202305A0166406,글라스카페,,3120114,목동신시가지,서울특별시 양천구 목동동로 257,37.5272778041426,126.874617173696,서울특별시 양천구 목동 916,7998,
MA0101202301A0023081,수빈컴퍼니,,3120057,아차산역,서울특별시 광진구 자양로 244-1,37.548123823253,127.089137923044,서울특별시 광진구 구의동 70-31,4975,
MA010120220806664407,팬텀인터내셔널,,3120149,여의도역(여의도),서울특별시 영등포구 의사당대로1길 11,37.5192137485832,126.928588224899,서울특별시 영등포구 여의도동 45-5,7332,
MA010120220808387662,미스터스낵,,3120041,신용산역(용산역),서울특별시 용산구 한강대로 112,37.5296106085874,126.968220572408,서울특별시 용산구 한강로2가 181,4386,
MA010120220800209650,카페리브레,,3001492,명동 남대문 북창동 다동 무교동 관광특구,서울특별시 중구 명동길 74,37.5636719060606,126.986779898656,서울특별시 중구 명동2가 1-1,4537,
MA0106202201A0153333,커피빈잠실신천점,코리아,3111004,삼전역 1번,서울특별시 송파구 석촌호수로 118,37.5074339247036,127.090016944804,서울특별시 송파구 잠실동 242-9,5566,
MA0101202409A0210333,엘빈즈,신구로점,3120125,구로역,서울특별시 구로구 구로중앙로 152,37.5011570773203,126.88276951089,서울특별시 구로구 구로동 573,8292,
MA010120220808913902,댄싱케이크,,3120104,연남동(홍대),서울특별시 마포구 동교로46길 42-3,37.5619470877618,126.926827072792,서울특별시 마포구 연남동 227-4,3982,
MA0101202411A0060548,커피살롱,성수점,3120052,성수역,서울특별시 성동구 성수일로12길 26,37.5478839234421,127.053797176122,서울특별시 성동구 성수동2가 289-18,4793,
MA0106202201A1382983,란성엔제리너스커피롯데영등포역사,,3130248,영등포역지하도상점가,서울특별시 영등포구 경인로 862,37.5167941737108,126.908444761587,서울특별시 영등포구 영등포동 489-18,7306,
MA010120220803241216,커핀그루나루올림픽공원역점,,3001495,잠실 관광특구,서울특별시 송파구 올림픽로 424,37.520358893325,127.115789960495,서울특별시 송파구 방이동 88,5540,
MA010120220813658672,원샷,,3001495,잠실 관광특구,서울특별시 송파구 올림픽로 424,37.520358893325,127.115789960495,서울특별시 송파구 방이동 88,5540,
MA0106202201A0605352,드롭탑M,합정역점,3120103,홍대입구역(홍대),서울특별시 마포구 양화로 72,37.5507679059309,126.916551190529,서울특별시 마포구 서교동 494,4044,
MA0101202308A0064937,어반스페이스드로잉카페앤펍,,3120103,홍대입구역(홍대),서울특별시 마포구 와우산로25길 7,37.5536842783381,126.925760030931,서울특별시 마포구 서교동 343-1,4054,
MA0101202303A0014008,디에떼지앤씨글로벌,,3120107,공덕역(공덕오거리),서울특별시 마포구 마포대로10길 12,37.5470764337838,126.954294393608,서울특별시 마포구 공덕동 249-16,4211,
MA010120220803985398,커피위드,,3110450,시립서북병원,서울특별시 은평구 갈현로 127,37.6092291254797,126.910732574836,서울특별시 은평구 구산동 15-19,3429,
MA0101202301A0025680,라까사로사,,3120210,선릉역,서울특별시 강남구 선릉로 545,37.5074863372628,127.045896349599,서울특별시 강남구 역삼동 694-32,6149,
MA0101202307A0102112,연남동콤부차,,3120104,연남동(홍대),서울특별시 마포구 동교로46길 42,37.5621002430335,126.926804286324,서울특별시 마포구 연남동 227-5,3982,
MA010120220805450768,키엘리커피,,3120171,서초3동사거리,서울특별시 서초구 남부순환로 2363,37.4791401833281,127.009417746224,서울특별시 서초구 서초동 1466-13,6712,
MA010120220800284229,9라운드,,3110085,경리단길남측,서울특별시 용산구 녹사평대로 210-7,37.5365158858875,126.987452248091,서울특별시 용산구 이태원동 416-1,4345,
MA010120220813284456,봄날커피,,3120156,"총신대입구역(이수, 총신대)",서울특별시 서초구 방배천로 62,37.4820856101877,126.982825788705,서울특별시 서초구 방배동 455-1,6677,
MA0101202306A0062166,커피스미스2빌딩,,3120198,구역삼세무서,서울특별시 강남구 역삼로 230,37.4969280239871,127.041931912858,서울특별시 강남구 역삼동 770-11,6227,
MA0101202306A0056600,카페로이발산,마곡점,3110660,등촌3동주민센터,서울특별시 강서구 강서로56길 64,37.5590623559472,126.842307992849,서울특별시 강서구 등촌동 725,7591,
MA0101202311A0048735,돼지와플앤마더죽강서점,,3120119,발산역(마곡),서울특별시 강서구 강서로56길 38,37.5591953017457,126.840666618401,서울특별시 강서구 등촌동 671,7591,
MA010120220813788516,올인커피,,3120119,발산역(마곡),서울특별시 강서구 공항대로 212,37.5588482033225,126.830798202622,서울특별시 강서구 마곡동 800-1,7806,
MA010120220808121604,에스에이치기획,,3120153,노량진역(노량진),서울특별시 동작구 노량진로 174,37.5135013033449,126.945311321956,서울특별시 동작구 노량진동 148-87,6913,
MA010120220813108794,밀리언,,3120131,가산디지털단지,서울특별시 금천구 가산디지털1로 171,37.4807651927289,126.880675837505,서울특별시 금천구 가산동 371-41,8503,
MA010120220810144604,카페엠아이티,,3110759,문래예술촌(문래창작촌),서울특별시 영등포구 선유로 52,37.5184807233511,126.889348473841,서울특별시 영등포구 문래동3가 77-45,7295,
MA010120220803171479,브이비엘,,3120103,홍대입구역(홍대),서울특별시 마포구 독막로3길 24-9,37.54923683064,126.917435576184,서울특별시 마포구 서교동 396-54,4047,
MA010120220806671099,보이드블랭킷,,3120103,홍대입구역(홍대),서울특별시 마포구 독막로3길 24-9,37.54923683064,126.917435576184,서울특별시 마포구 서교동 396-54,4047,
MA0101202306A0077190,모닝캄컴퍼니,,3120104,연남동(홍대),서울특별시 마포구 성미산로 192,37.5628117128762,126.926294260131,서울특별시 마포구 연남동 227-23,3982,
MA0101202308A0042723,킹브루,,3120153,노량진역(노량진),서울특별시 동작구 만양로14가길 22,37.512582190368,126.945119707992,서울특별시 동작구 노량진동 126-6,6913,
MA010120220810181077,피커PICKER,,3120119,발산역(마곡),서울특별시 강서구 마곡동로3길 26,37.5601993033508,126.830523514318,서울특별시 강서구 마곡동 774-5,7802,
MA010120220814163323,메가엠지씨커피마곡유림,,3120119,발산역(마곡),서울특별시 강서구 강서로 419,37.5629775093995,126.839209800459,서울특별시 강서구 마곡동 793,7794,
MA010120220804274837,헬로우커피,,3120237,경찰병원역,서울특별시 송파구 양재대로64길 28,37.4998174440837,127.123267362357,서울특별시 송파구 가락동 40,5715,
MA010120220805441101,헬로우플래닛,,3120237,경찰병원역,서울특별시 송파구 양재대로64길 28,37.4998174440837,127.123267362357,서울특별시 송파구 가락동 40,5715,
MA0101202309A0004521,카페플레어비롯데백화점,청량리점,3120063,청량리역(청량리),서울특별시 동대문구 왕산로 214,37.584195235259,127.051151377953,서울특별시 동대문구 전농동 591-53,2555,
MA0101202406A0236082,나리꼬모청량리역사,,3120063,청량리역(청량리),서울특별시 동대문구 왕산로 214,37.584195235259,127.051151377953,서울특별시 동대문구 전농동 591-53,2555,
MA0101202406A0433123,제너럴플라워&카페,,3120063,청량리역(청량리),서울특별시 동대문구 왕산로 214,37.584195235259,127.051151377953,서울특별시 동대문구 전농동 591-53,2555,
MA010120220814054485,비마이크림,,3120053,건대입구역(건대),서울특별시 광진구 군자로 8,37.5441711829969,127.071899514993,서울특별시 광진구 화양동 2-35,5010,
MA010120220800283198,소월길커피,,3110079,후암동주민센터,서울특별시 용산구 소월로2길 29,37.5537413538935,126.976675502598,서울특별시 용산구 후암동 445-18,4326,
MA010120220813680705,소저너,,3110572,서강대역 1번,서울특별시 마포구 독막로 237,37.5470790525278,126.94001351247,서울특별시 마포구 신수동 38-4,4096,
MA0101202303A0035053,노던커피NorthernCoffee,,3120119,발산역(마곡),서울특별시 강서구 공항대로 205,37.5597757228934,126.830445247895,서울특별시 강서구 마곡동 774,7802,
MA010120220804611307,이스트루페,,3120111,목동사거리,서울특별시 강서구 등촌로35길 121,37.5376984877372,126.863002216357,서울특별시 강서구 등촌동 565-18,7734,
MA010120220814054128,구도커피로스터스,,3120111,목동사거리,서울특별시 강서구 등촌로35길 121,37.5376984877372,126.863002216357,서울특별시 강서구 등촌동 565-18,7734,
MA010120220805415478,카페본주르유나이티드,,3120098,DMC(디지털미디어시티),서울특별시 마포구 매봉산로 31,37.5757217445973,126.889977015672,서울특별시 마포구 상암동 1648,3909,
MA0101202311A0065779,에프씨에스,,3120052,성수역,서울특별시 성동구 성수이로24길 36,37.5440146820262,127.061873738292,서울특별시 성동구 성수동2가 277-46,4798,
MA010120220800443782,커피.3,,3120153,노량진역(노량진),서울특별시 동작구 만양로14가길 18,37.5124110206581,126.945165076656,서울특별시 동작구 노량진동 125-14,6913,
MA0101202305A0053255,카페인,,3120055,군자역,서울특별시 광진구 천호대로102길 9,37.558468578413,127.074233397767,서울특별시 광진구 군자동 466-3,4994,
MA010120220805282372,브라운스케일,,3110759,문래예술촌(문래창작촌),서울특별시 영등포구 경인로71길 70,37.5150628078848,126.88607326396,서울특별시 영등포구 문래동5가 9,7286,
MA010120220812204905,이에스씨,,3120197,역삼역,서울특별시 강남구 언주로93길 28-2,37.5034250004323,127.039843292699,서울특별시 강남구 역삼동 673-27,6139,
MA010120220809339030,커피1984,,3120122,강서구청,서울특별시 강서구 공항대로45길 10,37.555744355276,126.854526427632,서울특별시 강서구 등촌동 655-35,7571,
MA010120220800284856,커피를사랑한소믈리애,,3110079,후암동주민센터,서울특별시 용산구 소월로2길 23,37.5539666055822,126.976686749508,서울특별시 용산구 후암동 445-7,4326,
MA010120220813833899,커피를사랑한소믈리애,,3110079,후암동주민센터,서울특별시 용산구 소월로2길 23,37.5539666055822,126.976686749508,서울특별시 용산구 후암동 445-7,4326,
MA0101202409A0235962,과일에반하다프루타,삼성점,3120207,선정릉역,서울특별시 강남구 선릉로112길 87,37.5132148505324,127.050492104895,서울특별시 강남구 삼성동 48-13,6096,
MA010120220809834574,서울콜렉터,,3120104,연남동(홍대),서울특별시 마포구 성미산로 191,37.5629650443853,126.926554433897,서울특별시 마포구 연남동 226-23,3981,
MA010120220810823307,커피스미스에프씨본사점,,3120197,역삼역,서울특별시 강남구 테헤란로8길 25,37.4972824866197,127.032138905274,서울특별시 강남구 역삼동 828,6239,
MA010120220804061542,엣세두에주,,3120207,선정릉역,서울특별시 강남구 봉은사로 469,37.5125930318334,127.050785768378,서울특별시 강남구 삼성동 49-12,6096,
MA010120220804306383,한우리통상주,,3120227,잠실역,서울특별시 송파구 올림픽로35길 93,37.5175854160802,127.104394883704,서울특별시 송파구 신천동 11-8,5510,
MA010120220803802758,컴퍼니맨주,,3120052,성수역,서울특별시 성동구 성수이로24길 38,37.5439695132837,127.062100012939,서울특별시 성동구 성수동2가 277-40,4798,
MA010120220806855126,와이제이디링크,,3120104,연남동(홍대),서울특별시 마포구 성미산로 183,37.5634422187027,126.925988038314,서울특별시 마포구 연남동 224-37,3981,
MA0101202406A0064204,커피101스트릿갑을그레이트점,,3120131,가산디지털단지,서울특별시 금천구 디지털로9길 32,37.4795104814972,126.887506576646,서울특별시 금천구 가산동 60-5,8512,
MA0101202305A0112402,더리버)헤이듀(HEYDEW,가산점,3120131,가산디지털단지,서울특별시 금천구 벚꽃로 298,37.4814441360817,126.883874400754,서울특별시 금천구 가산동 50-3,8510,
MA010120220808710945,아임일리터가산대륭포스트6차점,,3120131,가산디지털단지,서울특별시 금천구 벚꽃로 298,37.4814441360817,126.883874400754,서울특별시 금천구 가산동 50-3,8510,
MA010120220804586765,에스아이런,마곡지점,3120119,발산역(마곡),서울특별시 강서구 공항대로 206,37.5588925057434,126.830277481614,서울특별시 강서구 마곡동 800,7806,
MA010120220807829222,아이엠라이언,,3120119,발산역(마곡),서울특별시 강서구 공항대로 206,37.5588925057434,126.830277481614,서울특별시 강서구 마곡동 800,7806,
MA010120220801249129,제이이글로벌주,,3120189,강남역,서울특별시 강남구 강남대로102길 11,37.5019240148711,127.026735072236,서울특별시 강남구 역삼동 813-18,6123,
MA010120220812595738,논현커피,,3120003,광화문역,서울특별시 종로구 사직로8길 15,37.5748953446158,126.97042011282,서울특별시 종로구 내자동 171,3169,
MA010120220804871511,인케이가산점,코리아,3120131,가산디지털단지,서울특별시 금천구 가산디지털2로 127-20,37.4793749636523,126.878055091727,서울특별시 금천구 가산동 544-6,8504,
MA0101202306A0004915,인케이가산제과점,코리아,3120131,가산디지털단지,서울특별시 금천구 가산디지털2로 127-20,37.4793749636523,126.878055091727,서울특별시 금천구 가산동 544-6,8504,
MA010120220800635981,과일에반하다;프루타,,3120234,가락시장역,서울특별시 송파구 양재대로60길 3-17,37.4990396051293,127.117340266872,서울특별시 송파구 가락동 94-2,5708,
MA010120220804498565,밀레투스,,3120197,역삼역,서울특별시 강남구 테헤란로8길 33,37.4968589114845,127.032511903854,서울특별시 강남구 역삼동 828-5,6239,
MA0101202305A0125148,공항앤드테라스,,3120115,김포공항역(김포공항),서울특별시 강서구 하늘길 38,37.5713648899321,126.802957316013,서울특별시 강서구 방화동 886,7505,
MA0101202306A0023847,파리크라상파스쿠찌김포공항국제선점,,3120115,김포공항역(김포공항),서울특별시 강서구 하늘길 38,37.5713648899321,126.802957316013,서울특별시 강서구 방화동 886,7505,
MA0101202409A0048343,피코리코김포공항점,롯데몰,3120115,김포공항역(김포공항),서울특별시 강서구 하늘길 38,37.5713648899321,126.802957316013,서울특별시 강서구 방화동 882-1,7505,
MA010120220806740945,히카,,3120131,가산디지털단지,서울특별시 금천구 가산디지털2로 140,37.4804031344813,126.87904834901,서울특별시 금천구 가산동 458-15,8503,
MA0101202306A0097364,3X라지커피,,3120131,가산디지털단지,서울특별시 금천구 벚꽃로 309,37.481596010993,126.882562648639,서울특별시 금천구 가산동 464-2,8510,
MA010120220804058500,청운으뜨미아주,,3120124,개봉동 현대아파트,서울특별시 구로구 개봉로20길 30,37.4933793848087,126.85645674656,서울특별시 구로구 개봉동 403-219,8329,
MA010120220813086921,휘펍HWIPUB,,3120119,발산역(마곡),서울특별시 강서구 강서로56가길 65,37.5624835298653,126.840365337739,서울특별시 강서구 등촌동 679-1,7583,
MA010120220808350359,커피나커피너,,3120103,홍대입구역(홍대),서울특별시 마포구 양화로6길 62,37.5485341393977,126.917560830424,서울특별시 마포구 합정동 412-17,4047,
MA010120220806980108,이-클릭,,3120119,발산역(마곡),서울특별시 강서구 마곡중앙2로 35,37.5579918864136,126.830539831661,서울특별시 강서구 마곡동 800-15,7806,
MA0101202305A0127909,다이닝카페,,3120119,발산역(마곡),서울특별시 강서구 마곡중앙2로 35,37.5579918864136,126.830539831661,서울특별시 강서구 마곡동 800-15,7806,
MA010120220806998404,25브릭스,,3120119,발산역(마곡),서울특별시 강서구 마곡중앙2로 35,37.5579918864136,126.830539831661,서울특별시 강서구 마곡동 800-15,7806,
MA010120220810103548,알리올리,,3120189,강남역,서울특별시 서초구 서초대로74길 51,37.4930667313192,127.028405486405,서울특별시 서초구 서초동 1330-6,6626,
MA010120220814297702,한남동함바그또카레,,3120189,강남역,서울특별시 서초구 서초대로74길 51,37.4930667313192,127.028405486405,서울특별시 서초구 서초동 1330-6,6626,
MA010120220809774746,라뽀즈,,3120103,홍대입구역(홍대),서울특별시 마포구 양화로6길 60,37.548552048638,126.917402382636,서울특별시 마포구 합정동 412-2,4047,
MA0101202305A0065658,카페포르타,,3001493,동대문패션타운 관광특구,서울특별시 중구 을지로 245,37.5677179909654,127.005489808187,서울특별시 중구 을지로6가 18-79,4564,
MA010120220804876729,아틀리에송,,3120009,종로3가역,서울특별시 종로구 율곡로6길 23,37.5761779872514,126.989404037671,서울특별시 종로구 운니동 38-2,3131,
MA010120220807086516,천상천하,,3120103,홍대입구역(홍대),서울특별시 마포구 양화로6길 45,37.5489480745456,126.916813495433,서울특별시 마포구 서교동 396-32,4047,
MA010120220800053202,금나막스2,,3120041,신용산역(용산역),서울특별시 용산구 한강대로39길 6,37.5307460151999,126.968763143591,서울특별시 용산구 한강로2가 309-5,4376,
MA0101202411A0090456,델룰루,,3120041,신용산역(용산역),서울특별시 용산구 한강대로10길 11-42,37.5244378521757,126.964681907443,서울특별시 용산구 한강로3가 65-173,4389,
MA0101202306A0026406,이코이,,3120046,이태원(이태원역),서울특별시 용산구 이태원로42길 34,37.5360930812344,127.000486519646,서울특별시 용산구 한남동 683-67,4400,
MA010120220810202296,한씨커피,,3120207,선정릉역,서울특별시 강남구 언주로108길 19,37.508623470995,127.040807427857,서울특별시 강남구 역삼동 681-11,6143,
MA010120220811760379,비엔나커피하우스,,3120114,목동신시가지,서울특별시 양천구 목동서로 211,37.5279587762116,126.871097636673,서울특별시 양천구 목동 923-11,7995,
MA010120220808301873,퍼피레드,,3120189,강남역,서울특별시 강남구 강남대로102길 20,37.5022662677107,127.027300659451,서울특별시 강남구 역삼동 619-2,6128,
MA0101202303A0078675,이디야강서교차로점,,3120122,강서구청,서울특별시 강서구 공항대로 437,37.554953186733,126.855919987552,서울특별시 강서구 등촌동 654-44,7571,
MA010120220809151456,마케팅큐레이터그룹,,3110135,성동세무서,서울특별시 성동구 광나루로11길 3-1,37.5486709914645,127.065317745042,서울특별시 성동구 송정동 66-24,4801,
MA010120220808538805,구뜨커피,,3120131,가산디지털단지,서울특별시 금천구 가산디지털1로 181,37.4814316521548,126.880392123783,서울특별시 금천구 가산동 371-106,8503,
MA0101202409A0135793,스탠다드브루잉2,,3120131,가산디지털단지,서울특별시 금천구 가산디지털1로 181,37.4814316521548,126.880392123783,서울특별시 금천구 가산동 371-106,8503,
MA010120220806517801,빈웍스,,3120131,가산디지털단지,서울특별시 금천구 가산디지털1로 181,37.4814316521548,126.880392123783,서울특별시 금천구 가산동 371-106,8503,
MA010120220805404558,텐퍼센트커피가산W,센터점,3120131,가산디지털단지,서울특별시 금천구 가산디지털1로 181,37.4814316521548,126.880392123783,서울특별시 금천구 가산동 371-106,8503,
MA0101202406A0445043,브루인커피,,3120131,가산디지털단지,서울특별시 금천구 가산디지털2로 135,37.4799877185317,126.878121931605,서울특별시 금천구 가산동 451-1,8504,
MA010120220813336908,좋은상인,,3120114,목동신시가지,서울특별시 양천구 목동동로 233-1,37.5274907740594,126.871573592334,서울특별시 양천구 목동 923-14,7995,
MA010120220800252716,피오니케이크주,,3120104,연남동(홍대),서울특별시 마포구 연남로 59-1,37.5644293930956,126.9199768363,서울특별시 마포구 연남동 366-19,3975,
MA010120220811696962,할리스커피선유도역점TS카페,,3110762,선유도역 1번,서울특별시 영등포구 양평로 96,37.5367056906649,126.896766489892,서울특별시 영등포구 양평동4가 153-1,7206,
MA010120220808417427,프레도,,3120189,강남역,서울특별시 강남구 봉은사로18길 66,37.5024102805543,127.027934034105,서울특별시 강남구 역삼동 619-10,6128,
MA0101202211A0029931,명동나비,,3001492,명동 남대문 북창동 다동 무교동 관광특구,서울특별시 중구 삼일대로9길 8,37.5635819277368,126.987911771182,서울특별시 중구 저동1가 23-2,4537,
MA010120220809738762,신영테크놀러지,,3120131,가산디지털단지,서울특별시 금천구 디지털로9길 68,37.4810771851015,126.886407535865,서울특별시 금천구 가산동 60-3,8512,
MA0101202406A0187810,앤드,,3120149,여의도역(여의도),서울특별시 영등포구 여의대방로65길 6,37.5191878788382,126.930533888628,서울특별시 영등포구 여의도동 44-36,7333,
MA010120220813403893,오블리제,,3120149,여의도역(여의도),서울특별시 영등포구 여의대방로69길 7,37.5197649440054,126.931257317969,서울특별시 영등포구 여의도동 44-13,7333,
MA0101202409A0163462,커모버,,3120104,연남동(홍대),서울특별시 마포구 성미산로 167-9,37.5645678920553,126.925081427632,서울특별시 마포구 연남동 223-80,3980,
MA010120220814316634,인더스퀘어,,3120149,여의도역(여의도),서울특별시 영등포구 여의대방로67길 8,37.5195576343554,126.931121765221,서울특별시 영등포구 여의도동 44-12,7333,
MA010120220811718276,아우프글렛,,3120104,연남동(홍대),서울특별시 마포구 성미산로31길 11,37.5645050087486,126.925375776897,서울특별시 마포구 연남동 223-45,3980,
MA010120220809737664,나사렛카페,,3120043,서울역,서울특별시 용산구 한강대로 369,37.5514157471899,126.971934519171,서울특별시 용산구 동자동 43-17,4320,
MA010120220813036362,포멜로빈,,3120046,이태원(이태원역),서울특별시 용산구 이태원로 246,37.5366336804241,127.000712812999,서울특별시 용산구 한남동 683-132,4400,
MA010120220806773500,포멜로빈,,3120046,이태원(이태원역),서울특별시 용산구 이태원로 246,37.5366336804241,127.000712812999,서울특별시 용산구 한남동 683-132,4400,
MA010120220807035518,스미스바니스페셜티커피1호,양재점,3120182,"양재시민의숲역(양재동꽃시장, aT센터)",서울특별시 서초구 마방로 20,37.4744122005065,127.040867955773,서울특별시 서초구 양재동 261-3,6777,
MA010120220812230388,커피사이언스송주빈커피,,3120149,여의도역(여의도),서울특별시 영등포구 국제금융로 86,37.5202067499671,126.931799889087,서울특별시 영등포구 여의도동 43-4,7333,
MA010120220806564110,제주스플러스제주스전경련회관점,,3120149,여의도역(여의도),서울특별시 영등포구 여의대로 24,37.5221814910512,126.919908857212,서울특별시 영등포구 여의도동 28-1,7320,
MA010120220811836777,카페아이엠티여의도전경련점,,3120149,여의도역(여의도),서울특별시 영등포구 여의대로 24,37.5221814910512,126.919908857212,서울특별시 영등포구 여의도동 28-1,7320,
MA0106202201A0604099,글로리아진스커피전경련회관,코리아,3120149,여의도역(여의도),서울특별시 영등포구 여의대로 24,37.5221814910512,126.919908857212,서울특별시 영등포구 여의도동 28-1,7320,
MA010120220813403980,브라운시티로스팅랩,,3120103,홍대입구역(홍대),서울특별시 마포구 독막로 27,37.5485064260015,126.91658766058,서울특별시 마포구 합정동 412-4,4047,
MA010120220808352003,바람커피원두상점,,3120104,연남동(홍대),서울특별시 마포구 연희로 47,37.5629567677511,126.927742881307,서울특별시 마포구 연남동 226-34,3981,
MA010120220809974663,구름뜬하늘,,3120103,홍대입구역(홍대),서울특별시 마포구 와우산로27길 21,37.5541446259683,126.927106313511,서울특별시 마포구 서교동 339-5,4054,
MA010120220810406470,중선에프앤비,,3120189,강남역,서울특별시 강남구 강남대로102길 25,37.5027167390896,127.027436535931,서울특별시 강남구 역삼동 812-14,6123,
MA0106202407A0458629,피더블유,,3120189,강남역,서울특별시 강남구 역삼로7길 5,37.4944801380666,127.032929273445,서울특별시 강남구 역삼동 830-50,6243,
MA010120220810743009,포멜로빈,,3120046,이태원(이태원역),서울특별시 용산구 이태원로 248,37.5368138795466,127.000859903464,서울특별시 용산구 한남동 683-131,4400,
MA0101202308A0063401,로터스협동조합,,3120005,삼청동,서울특별시 종로구 율곡로1길 64,37.578285300851,126.98125276916,서울특별시 종로구 사간동 6,3062,
MA010120220812311607,플랜,,3120041,신용산역(용산역),서울특별시 용산구 한강대로38길 17,37.5295840114612,126.969872343986,서울특별시 용산구 한강로2가 157-2,4386,
MA010120220812693050,디플라트디플랏,,3120046,이태원(이태원역),서울특별시 용산구 이태원로55가길 13,37.537633792247,127.000441271083,서울특별시 용산구 한남동 739-20,4348,
MA010120220810232033,크로체,,3120114,목동신시가지,서울특별시 양천구 목동동로 233,37.5269770072681,126.871393464699,서울특별시 양천구 목동 923-5,7995,
MA0101202406A0256142,오손,,3120103,홍대입구역(홍대),서울특별시 마포구 와우산로29바길 15,37.5557027175364,126.926086232371,서울특별시 마포구 서교동 332-17,4053,
MA0101202308A0058164,까페한과와락,,3120189,강남역,서울특별시 강남구 봉은사로4길 31-5,37.5029240383039,127.027142567314,서울특별시 강남구 역삼동 812-6,6123,
MA0101202305A0146255,마크스로프트,,3120103,홍대입구역(홍대),서울특별시 마포구 와우산로27길 20,37.5542889598342,126.927389101887,서울특별시 마포구 서교동 335-18,4053,
MA0101202307A0105230,트레이드메이커,,3120005,삼청동,서울특별시 종로구 율곡로1길 50,37.5780690060075,126.980901879869,서울특별시 종로구 사간동 13,3062,
MA010120220807052518,파크피프틴,,3120041,신용산역(용산역),서울특별시 용산구 한강대로38길 35,37.5287731990212,126.970223382526,서울특별시 용산구 용산동5가 2-28,4386,
MA010120220803339652,헨리에프앤비,,3120114,목동신시가지,서울특별시 양천구 목동서로 225,37.5270754132849,126.870748452436,서울특별시 양천구 목동 923-6,7995,
MA0101202409A0203941,구테로이테강남스탠다드점,,3120189,강남역,서울특별시 강남구 봉은사로6길 29,37.5031221705503,127.027527159751,서울특별시 강남구 역삼동 617-1,6124,
MA010120220809365555,강스카페,,3110690,오류2동버들시장,서울특별시 구로구 오리로 1154-15,37.4875996039246,126.839111435362,서울특별시 구로구 오류동 183-4,8342,
MA010120220804373669,영플레이스,,3120046,이태원(이태원역),서울특별시 용산구 이태원로54길 40,37.5366787225762,127.001538771843,서울특별시 용산구 한남동 683-14,4400,
MA010120220813891760,더에이치앤코,,3120046,이태원(이태원역),서울특별시 용산구 이태원로42길 60,37.5370751647477,127.001380376167,서울특별시 용산구 한남동 683-37,4400,
MA010120220807722946,이디야도봉,중앙점,3110397,도봉산입구,서울특별시 도봉구 도봉로181길 18,37.684162120558,127.044905315672,서울특별시 도봉구 도봉동 568-33,1303,
MA0101202306A0009457,가온누리델루가,,3120153,노량진역(노량진),서울특별시 동작구 만양로14사길 1,37.5124119280357,126.947155782654,서울특별시 동작구 노량진동 202-3,6915,
MA010120220813165717,잭팟잉글리쉬,,3120103,홍대입구역(홍대),서울특별시 마포구 와우산로29라길 11,37.5551898383883,126.927195833797,서울특별시 마포구 서교동 334-21,4053,
MA010120220813879606,이스트덜위치,,3120103,홍대입구역(홍대),서울특별시 마포구 와우산로29라길 11,37.5551898383883,126.927195833797,서울특별시 마포구 서교동 334-21,4053,
MA010120220813243108,백야드빌더,,3120066,장한평역(장한평),서울특별시 동대문구 고미술로 100,37.5638569356952,127.057351383933,서울특별시 동대문구 답십리동 961-2,2622,
MA010120220800278695,마고가이아,,3120041,신용산역(용산역),서울특별시 용산구 한강대로 137-1,37.5318275564889,126.970075089345,서울특별시 용산구 한강로2가 252-1,4376,
MA0101202406A0572743,비손앤베라,,3120103,홍대입구역(홍대),서울특별시 마포구 와우산로29길 47,37.5556494444089,126.927353829763,서울특별시 마포구 서교동 333-6,4053,
MA010120220803959883,금커피숍,,3110397,도봉산입구,서울특별시 도봉구 도봉로181길 5,37.6837835189406,127.045403906856,서울특별시 도봉구 도봉동 562-1,1304,
MA010120220810239983,이디야노들점,,3120153,노량진역(노량진),서울특별시 동작구 노량진로 200,37.5128988067023,126.947913270141,서울특별시 동작구 노량진동 141,6913,
MA0101202409A0187118,와이피피에프앤비,,3120131,가산디지털단지,서울특별시 금천구 가산디지털2로 24,37.4709204302967,126.883958510328,서울특별시 금천구 가산동 327-30,8592,
MA010120220800904947,백인대장카페주,,3120114,목동신시가지,서울특별시 양천구 목동동로 393,37.5362034062207,126.880101039522,서울특별시 양천구 목동 907-12,7983,
MA0101202301A0027026,피에스타7경인홍대역점,,3120103,홍대입구역(홍대),서울특별시 마포구 홍익로6길 83,37.5574052742803,126.925563939739,서울특별시 마포구 동교동 166-5,4051,
MA010120220808750542,더빅,,3110397,도봉산입구,서울특별시 도봉구 도봉로 873,37.6824320303752,127.045459766092,서울특별시 도봉구 도봉동 563,1304,
MA010120220805899432,커피브레이크,,3120131,가산디지털단지,서울특별시 금천구 디지털로10길 69,37.4752968926736,126.890847936311,서울특별시 금천구 가산동 233-5,8516,
MA010120220814242225,카페더갤러리,,3120114,목동신시가지,서울특별시 양천구 목동동로 401,37.5363575826828,126.881096463742,서울특별시 양천구 목동 908-28,7984,
MA010120220813857307,행복상점,,3120041,신용산역(용산역),서울특별시 용산구 한강대로50길 14,37.531737811716,126.97151197171,서울특별시 용산구 한강로2가 89,4382,
MA0101202305A0040038,빙빙,,3120122,강서구청,서울특별시 강서구 화곡로 242,37.5464618954074,126.845706697551,서울특별시 강서구 화곡동 24-90,7679,
MA010120220800636592,온스커피,,3120131,가산디지털단지,서울특별시 금천구 가산디지털1로 212,37.4844321991245,126.880579552913,서울특별시 금천구 가산동 505-15,8502,
MA010120220808839176,위샵,,3120131,가산디지털단지,서울특별시 금천구 가산디지털2로 173,37.4831761935603,126.877065255597,서울특별시 금천구 가산동 459-23,8500,
MA010120220809274647,제일문구,,3120131,가산디지털단지,서울특별시 금천구 가산디지털2로 169-16,37.4830313365336,126.876398415498,서울특별시 금천구 가산동 459-24,8500,
MA010120220812692918,제이알테크,,3120131,가산디지털단지,서울특별시 금천구 가산디지털1로 33-33,37.4684703501539,126.884640549907,서울특별시 금천구 가산동 569-21,8594,
MA0101202307A0091522,나이스카페인클럽가산하이엔드9차점,,3120131,가산디지털단지,서울특별시 금천구 가산디지털1로 233,37.4857813664521,126.87828212258,서울특별시 금천구 가산동 481-2,8501,
MA0101202211A0067163,나인드,,3120131,가산디지털단지,서울특별시 금천구 가산디지털1로 24,37.4684101874677,126.887658862639,서울특별시 금천구 가산동 664,8591,
MA0101202410A0546263,한국커피지도사협회,,3120131,가산디지털단지,서울특별시 금천구 가산디지털1로 2,37.4668337430241,126.888000340372,서울특별시 금천구 가산동 680,8591,
MA010120220812803114,다원푸드빙과,코리아,3001495,잠실 관광특구,서울특별시 송파구 석촌호수로 210,37.5065696508721,127.100341890481,서울특별시 송파구 석촌동 24-3,5611,
MA010120220806884919,호수로커피,,3001495,잠실 관광특구,서울특별시 송파구 석촌호수로 210,37.5065696508721,127.100341890481,서울특별시 송파구 석촌동 24-3,5611,
MA0101202211A0100852,과일에반하다프루타석촌호수점,,3001495,잠실 관광특구,서울특별시 송파구 송파대로49길 52,37.5061923838242,127.098972888632,서울특별시 송파구 석촌동 24-11,5611,
MA010120220810597475,호수미,,3001495,잠실 관광특구,서울특별시 송파구 석촌호수로 191,37.5067786499563,127.098238513904,서울특별시 송파구 잠실동 47,5608,
MA0101202303A0072128,낭띠,,3001495,잠실 관광특구,서울특별시 송파구 올림픽로 212,37.5106740484264,127.094488510343,서울특별시 송파구 잠실동 40,5553,
