articleNo,articleName,tradeTypeName,floorInfo,rentPrc,dealOrWarrantPrc,area1,area2,direction,articleConfirmYmd,tagList,latitude,longitude
2524630409,일반상가,월세,1/4,220,"4,000",96,92,북서향,20250509,"['25년이상', '융자금없는', '1층', '주차가능']",37.554211,126.852986
2524630176,일반상가,월세,2/5,250,"3,000",128,128,북서향,20250509,"['25년이상', '융자금적은', '중층', '관리비10만원이하']",37.554471,126.853456
2524652376,일반상가,월세,1/5,100,"3,000",59,56,남동향,20250509,"['25년이상', '1층', '관리비10만원이하', '주차가능']",37.548005,126.849387
2524657748,일반상가,월세,4/6,150,"3,000",140,139,남서향,20250509,"['25년이상', '중층', '주차가능', '남서향']",37.550981,126.85205
2524530655,일반상가,월세,1/9,"1,300",2억,154,85,,20250509,"['25년이내', '역세권', '1층', '주차가능']",37.530367,126.84718
2524630488,일반상가,월세,2/4,80,"2,000",71,66,남서향,20250509,"['25년이내', '융자금적은', '중층', '관리비10만원이하']",37.553732,126.852217
2524656454,일반상가,월세,1/2,120,"1,700",36,36,남동향,20250509,"['25년이상', '융자금없는', '1층', '관리비20만원이하']",37.551383,126.851695
2524630780,일반상가,월세,4/7,440,"5,000",226,212,북서향,20250509,"['25년이내', '융자금없는', '중층', '주차가능']",37.55336,126.851926
2524629830,일반상가,월세,3/4,200,"2,000",156,129,서향,20250509,"['4년이내', '융자금적은', '고층', '관리비10만원이하']",37.542799,126.846968
2524672777,일반상가,월세,2/2,60,"2,000",49,49,북서향,20250509,"['25년이상', '융자금없는', '고층', '총2층']",37.546948,126.845837
2524648149,일반상가,월세,1/3,300,"3,000",42,42,남동향,20250509,"['25년이상', '역세권', '1층', '관리비10만원이하']",37.543874,126.842969
2524645484,복합상가,월세,1/4,150,"3,000",49,49,남동향,20250509,"['25년이상', '1층', '주차가능', '총4층']",37.538422,126.837666
2524630625,일반상가,월세,1/9,350,"5,000",99,82,북서향,20250509,"['25년이상', '1층', '주차가능', '북서향']",37.553271,126.851181
2524645581,일반상가,월세,1/2,100,"1,000",33,33,남서향,20250509,"['25년이상', '융자금없는', '1층', '총2층']",37.546948,126.845837
2524628890,일반상가,월세,5/8,45,"1,000",39,39,북향,20250509,"['25년이상', '역세권', '중층', '관리비10만원이하']",37.532506,126.843834
2524644414,일반상가,월세,2/3,80,"1,000",49,49,북동향,20250509,"['25년이상', '중층', '총3층', '북동향']",37.548623,126.850032
2524612829,복합상가,월세,1/3,380,"4,000",114,114,남동향,20250509,"['25년이상', '역세권', '1층', '총3층']",37.544268,126.842207
2524631435,일반상가,월세,1/15,150,"3,000",95,95,남서향,20250509,"['25년이내', '1층', '주차가능', '남서향']",37.52856,126.842743
2524652652,일반상가,월세,3/5,80,"1,000",123,107,남서향,20250509,"['25년이상', '중층', '관리비20만원이하', '주차가능']",37.548005,126.849387
2524647918,일반상가,월세,1/5,150,"2,000",40,39,남동향,20250509,"['25년이상', '1층', '관리비10만원이하', '주차가능']",37.545563,126.844444
2524645867,일반상가,월세,B1/3,150,"3,000",149,148,북서향,20250509,"['25년이상', '지하층', '관리비10만원이하', '주차가능']",37.548648,126.847236
2524651636,일반상가,월세,2/4,100,"2,000",127,105,북서향,20250509,"['25년이상', '중층', '관리비10만원이하', '주차가능']",37.547165,126.848837
2524645073,일반상가,월세,1/5,63,"1,000",23,23,서향,20250509,"['25년이상', '융자금없는', '1층', '관리비10만원이하']",37.54887,126.848455
2524628899,일반상가,월세,6/8,50,"1,000",49,49,북향,20250509,"['25년이상', '역세권', '고층', '관리비10만원이하']",37.532506,126.843834
2524647522,일반상가,월세,1/1,110,"2,000",33,33,남향,20250509,"['25년이상', '융자금적은', '1층', '남향']",37.534456,126.837655
2524650126,일반상가,월세,1/5,100,"1,000",25,25,북서향,20250509,"['15년이내', '역세권', '1층', '관리비20만원이하']",37.542041,126.843384
2524647611,일반상가,월세,1/5,100,"1,000",40,39,북동향,20250509,"['25년이상', '1층', '관리비10만원이하', '총5층']",37.547014,126.843955
2524620423,일반상가,월세,1/1,70,"1,000",22,22,남향,20250509,"['25년이상', '1층', '관리비10만원이하', '남향']",37.536398,126.847155
2524628917,일반상가,월세,5/8,140,"2,000",163,163,북향,20250509,"['25년이상', '역세권', '중층', '관리비20만원이하']",37.532506,126.843834
2524628885,일반상가,월세,1/8,110,"1,500",35,35,북향,20250509,"['25년이상', '역세권', '1층', '관리비10만원이하']",37.532506,126.843834
2524606596,일반상가,월세,1/3,80,"1,500",50,50,서향,20250509,"['25년이상', '1층', '관리비10만원이하', '총3층']",37.538158,126.837003
2524645419,일반상가,월세,1/5,63,"1,000",20,19,서향,20250509,"['25년이상', '1층', '관리비10만원이하', '총5층']",37.549008,126.84816
2524644524,복합상가,월세,1/5,210,"3,000",39,39,북향,20250509,"['25년이내', '역세권', '1층', '주차가능']",37.547809,126.835029
2524648758,일반상가,월세,1/2,135,"1,000",26,26,남향,20250509,"['25년이상', '1층', '총2층', '남향']",37.534389,126.837481
2524655162,일반상가,월세,1/9,350,"5,000",109,23,서향,20250509,"['25년이상', '1층', '주차가능', '서향']",37.553271,126.851181
2524657976,일반상가,월세,5/6,200,"5,000",247,244,남서향,20250509,"['25년이상', '고층', '주차가능', '엘리베이터']",37.550981,126.85205
2524646943,일반상가,월세,2/3,130,"2,000",102,79,남동향,20250509,"['25년이상', '중층', '주차가능', '총3층']",37.548305,126.846292
2524648291,일반상가,월세,1/3,240,"4,000",132,42,남동향,20250509,"['25년이상', '역세권', '1층', '관리비10만원이하']",37.543874,126.842969
2524630827,일반상가,월세,2/7,560,"6,000",226,212,북서향,20250509,"['25년이내', '융자금없는', '지상층(1층제외)', '주차가능']",37.55336,126.851926
2524657378,일반상가,월세,2/6,170,"5,000",140,139,남서향,20250509,"['25년이상', '지상층(1층제외)', '주차가능', '엘리베이터']",37.550981,126.85205
2524656158,일반상가,월세,1/2,200,"3,000",72,72,남동향,20250509,"['25년이상', '융자금없는', '1층', '관리비20만원이하']",37.551383,126.851695
2524659960,일반상가,월세,4/6,135,"2,000",114,99,북동향,20250509,"['25년이내', '융자금적은', '중층', '관리비10만원이하']",37.554407,126.849626
2524657560,일반상가,월세,B1/6,80,"2,000",164,164,남서향,20250509,"['25년이상', '지하층', '주차가능', '엘리베이터']",37.550981,126.85205
2524669341,일반상가,월세,1/8,450,1억,42,42,북향,20250509,"['15년이내', '역세권', '1층', '주차가능']",37.540606,126.837563
2524660975,일반상가,월세,B1/2,130,"1,300",59,49,남향,20250509,"['25년이상', '융자금없는', '지하층', '주차가능']",37.553403,126.847757
2524610923,복합상가,월세,1/3,300,"3,000",99,99,남동향,20250509,"['25년이상', '역세권', '1층', '총3층']",37.544268,126.842207
2524464104,일반상가,월세,2/2,350,1억,224,204,남동향,20250508,"['25년이상', '역세권', '고층', '관리비10만원이하']",37.541784,126.842574
2524465894,일반상가,월세,5/10,750,"1억 5,000",429,284,북서향,20250508,"['4년이내', '역세권', '중층', '엘리베이터']",37.542357,126.839285
2524476906,복합상가,월세,B2/13,200,"5,000",54,25,북동향,20250508,"['2년이내', '역세권', '지하층', '주차가능']",37.542241,126.840386
2524474503,복합상가,월세,1/4,82,"1,000",36,29,북서향,20250508,"['25년이상', '융자금적은', '1층', '관리비10만원이하']",37.536867,126.836727
2524469018,일반상가,월세,3/5,150,"2,000",144,121,북서향,20250508,"['25년이상', '융자금적은', '중층', '관리비10만원이하']",37.537297,126.839978
2524473616,복합상가,월세,1/4,85,"1,000",39,33,북서향,20250508,"['25년이상', '융자금적은', '1층', '관리비20만원이하']",37.536867,126.836727
2524474579,일반상가,월세,3/4,"2,000",2억,727,628,북서향,20250508,"['2년이내', '고층', '주차가능', '엘리베이터']",37.539657,126.834182
2524461461,일반상가,월세,1/4,180,"3,000",52,42,북향,20250508,"['25년이내', '역세권', '1층', '관리비20만원이하']",37.544682,126.835895
2524464400,일반상가,월세,B1/4,50,500,113,102,북동향,20250508,"['25년이상', '융자금적은', '지하층', '관리비10만원이하']",37.549315,126.850142
2524477971,일반상가,월세,1/3,800,"1억 7,000",92,77,남동향,20250508,"['25년이상', '역세권', '1층', '총3층']",37.530731,126.847018
2524464019,일반상가,월세,5/9,250,"3,000",145,122,남서향,20250508,"['25년이상', '역세권', '중층', '주차가능']",37.541276,126.8399
2524461988,일반상가,월세,3/5,283,"3,000",161,138,북향,20250508,"['25년이상', '역세권', '중층', '주차가능']",37.541194,126.839433
2524466472,일반상가,월세,3/5,140,"2,000",123,115,북서향,20250508,"['25년이상', '중층', '관리비10만원이하', '주차가능']",37.537143,126.838884
2524477774,일반상가,월세,8/9,200,"3,000",109,87,남서향,20250508,"['25년이상', '역세권', '고층', '주차가능']",37.541276,126.8399
2524453566,일반상가,월세,5/6,120,"1,500",134,105,남동향,20250508,"['25년이상', '역세권', '고층', '관리비20만원이하']",37.538749,126.842113
2524427376,일반상가,월세,2/5,120,"2,000",72,59,남동향,20250508,"['25년이상', '중층', '주차가능', '총5층']",37.545563,126.844444
2524428826,일반상가,월세,1/4,420,"5,000",162,150,북향,20250508,"['25년이상', '융자금없는', '1층', '주차가능']",37.531928,126.861468
2524412605,일반상가,월세,1/3,75,"1,500",26,26,남서향,20250508,"['25년이상', '역세권', '1층', '총3층']",37.544137,126.842415
2524447904,일반상가,월세,1/3,750,1억,52,42,남동향,20250508,"['25년이상', '역세권', '1층', '관리비10만원이하']",37.530731,126.847018
2524444346,일반상가,월세,1/3,170,"2,000",52,39,동향,20250508,"['25년이내', '역세권', '1층', '관리비20만원이하']",37.538983,126.841987
2524417581,복합상가,월세,B1/5,100,"2,000",165,92,북서향,20250508,"['25년이상', '지하층', '주차가능', '엘리베이터']",37.547125,126.845964
2524419429,일반상가,월세,1/4,250,"3,000",66,44,남서향,20250508,"['25년이상', '역세권', '1층', '관리비20만원이하']",37.540709,126.841514
2524421257,일반상가,월세,B1/3,60,"1,000",108,108,남향,20250508,"['25년이상', '지하층', '총3층', '남향']",37.531636,126.85649
2524420659,일반상가,월세,2/3,80,"1,000",49,49,남동향,20250508,"['25년이상', '역세권', '중층', '관리비10만원이하']",37.538937,126.839025
2524366335,일반상가,월세,1/3,160,"2,500",33,33,북향,20250508,"['25년이상', '1층', '주차가능', '총3층']",37.533238,126.863253
2524601707,일반상가,월세,1/5,"1,800",2억,517,330,남동향,20250508,"['25년이상', '1층', '주차가능', '엘리베이터']",37.551308,126.848761
2524609471,일반상가,월세,3/6,90,"1,000",90,76,남동향,20250508,"['25년이상', '융자금적은', '중층', '관리비10만원이하']",37.547456,126.845609
2524365904,일반상가,월세,1/3,135,"3,500",30,30,북동향,20250508,"['25년이상', '1층', '관리비10만원이하', '총3층']",37.532736,126.859121
2524591981,일반상가,월세,2/3,190,"2,000",147,125,북동향,20250508,"['25년이상', '역세권', '중층', '관리비20만원이하']",37.540396,126.841037
2524486189,일반상가,월세,1/5,420,"6,000",115,86,북서향,20250508,"['25년이상', '융자금없는', '1층', '주차가능']",37.547125,126.845964
2524559683,일반상가,월세,B1/6,700,"1억 5,000",471,268,동향,20250508,"['4년이내', '역세권', '지하층', '주차가능']",37.532838,126.845774
2524483093,일반상가,월세,B1/5,100,"2,000",153,153,남서향,20250508,"['25년이상', '융자금없는', '역세권', '지하층']",37.542532,126.840616
2524552272,일반상가,월세,2/2,100,"2,000",94,94,서향,20250508,"['25년이상', '융자금없는', '고층', '관리비10만원이하']",37.534117,126.83849
2524584582,일반상가,월세,1/6,700,1억,184,184,동향,20250508,"['25년이내', '역세권', '1층', '주차가능']",37.544883,126.836818
2524569057,일반상가,월세,1/3,"1,200",2억,506,363,북서향,20250508,"['25년이상', '역세권', '1층', '총3층']",37.530477,126.847804
2524602248,일반상가,월세,3/5,600,"7,000",493,315,남동향,20250508,"['25년이상', '중층', '주차가능', '엘리베이터']",37.551308,126.848761
2524594915,일반상가,월세,2/4,75,500,91,89,남동향,20250508,"['25년이상', '융자금없는', '중층', '주차가능']",37.535543,126.845387
2524601610,단지내상가,월세,1/5,250,"5,000",60,25,남향,20250508,"['15년이내', '역세권', '1층', '주차가능']",37.547216,126.83682
2524603089,일반상가,월세,1/6,40,"1,000",14,13,북동향,20250508,"['4년이내', '융자금없는', '테라스', '1층']",37.534561,126.852277
2524596983,단지내상가,월세,1/2,150,"2,000",53,39,북동향,20250508,"['2년이내', '1층', '주차가능', '엘리베이터']",37.550643,126.851139
2524607611,복합상가,월세,4/10,150,"4,000",188,92,북동향,20250508,"['25년이상', '융자금적은', '중층', '주차가능']",37.554844,126.854292
2524605539,일반상가,월세,1/3,75,"1,500",33,26,남서향,20250508,"['25년이상', '역세권', '1층', '총3층']",37.544137,126.842415
2524463291,일반상가,월세,4/10,55,"1,000",117,57,남동향,20250508,"['25년이상', '중층', '주차가능', '남동향']",37.554844,126.854292
2524479158,일반상가,월세,1/8,300,"7,000",64,33,북향,20250508,"['15년이내', '역세권', '1층', '주차가능']",37.540606,126.837563
2524464923,일반상가,월세,1/9,"1,300",2억,119,85,북동향,20250508,"['25년이내', '역세권', '1층', '주차가능']",37.530367,126.84718
2524485584,일반상가,월세,5/6,245,"6,000",215,138,북서향,20250508,"['4년이내', '역세권', '고층', '주차가능']",37.544586,126.837135
2524485107,일반상가,월세,2/5,100,"1,000",66,52,북동향,20250508,"['25년이상', '역세권', '중층', '관리비10만원이하']",37.540782,126.840784
2524536061,복합상가,월세,2/4,200,"3,000",179,179,북서향,20250508,"['25년이내', '융자금없는', '중층', '관리비10만원이하']",37.551591,126.85133
2524543414,일반상가,월세,1/4,90,"1,500",33,29,북서향,20250508,"['25년이상', '1층', '관리비10만원이하', '천장에어컨']",37.536867,126.836727
2524506206,일반상가,월세,4/7,150,"2,000",107,82,북서향,20250508,"['25년이내', '역세권', '중층', '주차가능']",37.542555,126.842546
2524529269,복합상가,매매,2/19,,10억,285,211,북동향,20250508,"['15년이내', '지상층(1층제외)', '주차가능', '엘리베이터']",37.554308,126.851876
2524486709,일반상가,월세,1/2,850,3억,456,419,남동향,20250508,"['25년이상', '역세권', '1층', '총2층']",37.541784,126.842574
2524484660,일반상가,월세,B1/7,100,"1,000",94,82,북향,20250508,"['25년이상', '역세권', '지하층', '관리비10만원이하']",37.54109,126.840439
2524505622,일반상가,월세,1/4,430,"8,000",85,85,북향,20250508,"['25년이상', '역세권', '1층', '총4층']",37.541927,126.839341
2524593244,단지내상가,매매,B1/13,,18억,339,233,남서향,20250508,"['4년이내', '지하층', '주차가능', '엘리베이터']",37.537452,126.840221
2524533241,일반상가,월세,1/6,110,"1,500",41,36,북동향,20250508,"['25년이상', '역세권', '1층', '관리비10만원이하']",37.532506,126.843834
2524459420,일반상가,월세,B1/5,100,"2,000",153,132,서향,20250508,"['25년이상', '역세권', '지하층', '관리비10만원이하']",37.542532,126.840616
2524202388,일반상가,월세,4/9,350,"5,000",297,221,북동향,20250508,"['25년이상', '역세권', '중층', '주차가능']",37.54262,126.839117
2524387270,일반상가,월세,6/9,330,"5,000",297,221,북동향,20250508,"['25년이상', '역세권', '중층', '주차가능']",37.54262,126.839117
2524356039,일반상가,월세,2/5,250,"3,000",128,125,북서향,20250508,"['25년이상', '중층', '관리비10만원이하', '주차가능']",37.554471,126.853456
2524366432,일반상가,월세,2/3,50,"1,000",29,29,북서향,20250508,"['25년이상', '융자금없는', '역세권', '중층']",37.54129,126.842493
2524387272,일반상가,월세,3/8,400,"5,000",313,237,북동향,20250508,"['25년이상', '융자금적은', '테라스', '역세권']",37.543384,126.838331
2524394213,일반상가,월세,1/3,140,"2,000",40,30,남향,20250508,"['25년이상', '1층', '주차가능', '총3층']",37.532819,126.857935
2524366765,일반상가,월세,2/2,120,"2,000",120,120,북서향,20250508,"['25년이상', '역세권', '고층', '총2층']",37.5427,126.844328
2524359018,일반상가,월세,B1/4,45,500,167,148,북동향,20250508,"['25년이상', '지하층', '관리비10만원이하', '총4층']",37.549915,126.849568
2524349947,일반상가,월세,2/5,80,"1,000",75,66,북향,20250508,"['25년이상', '중층', '주차가능', '총5층']",37.5426,126.847036
2524355227,일반상가,월세,1/4,220,"4,000",131,85,북서향,20250508,"['25년이상', '1층', '주차가능', '총4층']",37.554211,126.852986
2524333189,일반상가,월세,B1/4,300,"3,000",340,340,남동향,20250508,"['25년이상', '융자금없는', '지하층', '관리비20만원이하']",37.5334,126.862755
2524349366,일반상가,월세,3/4,200,"2,000",129,129,남서향,20250508,"['4년이내', '고층', '주차가능', '총4층']",37.542799,126.846968
2524354831,일반상가,월세,1/5,420,"6,000",115,102,북서향,20250508,"['25년이상', '융자금없는', '마당', '1층']",37.547125,126.845964
2524348485,일반상가,월세,2/4,450,"4,000",149,148,북서향,20250508,"['25년이상', '중층', '관리비20만원이하', '총4층']",37.545228,126.844841
2524439317,일반상가,월세,3/5,320,"3,000",276,247,남서향,20250508,"['25년이상', '역세권', '중층', '엘리베이터']",37.543094,126.839375
2524428837,일반상가,월세,1/3,380,"4,000",105,105,남서향,20250508,"['25년이상', '1층', '총3층', '남서향']",37.533529,126.838855
2524421390,복합상가,월세,4/5,140,"2,000",117,89,북서향,20250508,"['25년이상', '고층', '주차가능', '엘리베이터']",37.547125,126.845964
2524370176,일반상가,월세,1/6,700,1억,184,150,동향,20250508,"['25년이내', '역세권', '1층', '주차가능']",37.544883,126.836818
2524384485,일반상가,월세,2/8,300,"5,000",242,208,북서향,20250508,"['25년이내', '역세권', '지상층(1층제외)', '주차가능']",37.54262,126.839117
2524386790,일반상가,월세,4/10,300,"5,000",200,125,북동향,20250508,"['25년이내', '융자금적은', '역세권', '중층']",37.542183,126.83955
2524389001,일반상가,월세,4/8,360,"5,000",313,237,북동향,20250508,"['25년이상', '융자금적은', '역세권', '중층']",37.543384,126.838331
2524360479,일반상가,월세,1/3,240,"4,000",56,49,남동향,20250508,"['25년이상', '융자금적은', '역세권', '1층']",37.543786,126.843021
2524356134,일반상가,월세,1/3,160,"2,000",42,33,남동향,20250508,"['25년이상', '융자금적은', '역세권', '1층']",37.543786,126.843021
2524357486,일반상가,월세,1/3,300,"3,000",42,42,남동향,20250508,"['25년이상', '융자금적은', '역세권', '1층']",37.543786,126.843021
2524378188,일반상가,월세,4/5,270,"5,000",196,196,남동향,20250508,"['25년이상', '융자금적은', '역세권', '고층']",37.541157,126.837641
2524376520,일반상가,월세,1/3,"2,000",3억,162,134,남동향,20250508,"['15년이내', '융자금적은', '역세권', '1층']",37.541556,126.839038
2524357111,일반상가,월세,2/5,170,"3,000",168,168,남동향,20250508,"['25년이상', '중층', '주차가능', '엘리베이터']",37.554325,126.854046
2524381142,일반상가,월세,2/3,360,"5,000",294,274,북동향,20250508,"['25년이상', '융자금적은', '역세권', '중층']",37.544046,126.837751
2524433899,일반상가,월세,1/6,700,1억,184,152,북동향,20250508,"['25년이내', '역세권', '1층', '주차가능']",37.544883,126.836818
2524451095,일반상가,월세,2/3,130,"3,000",138,125,남동향,20250508,"['25년이상', '역세권', '중층', '관리비10만원이하']",37.538937,126.839025
2524444977,일반상가,월세,1/4,250,"3,000",52,42,남서향,20250508,"['25년이상', '역세권', '1층', '관리비20만원이하']",37.540709,126.841514
2524421107,일반상가,월세,5/5,"1,000",1억,433,352,북향,20250508,"['10년이내', '역세권', '급매', '고층']",37.540908,126.838659
2524429491,일반상가,월세,2/5,210,"2,000",257,181,남서향,20250508,"['25년이상', '역세권', '중층', '주차가능']",37.543094,126.839375
2524331883,일반상가,월세,2/5,100,"2,000",127,115,북서향,20250508,"['25년이상', '융자금적은', '중층', '관리비10만원이하']",37.547165,126.848837
2524349011,일반상가,월세,4/5,110,"1,000",119,102,남동향,20250508,"['25년이상', '고층', '관리비10만원이하', '주차가능']",37.546277,126.844946
2524303367,일반상가,월세,1/6,800,1억,168,76,북동향,20250508,"['25년이내', '역세권', '1층', '관리비20만원이하']",37.547828,126.835379
2524353768,일반상가,월세,3/5,160,"2,500",117,105,북서향,20250508,"['25년이상', '융자금없는', '중층', '주차가능']",37.547125,126.845964
2524345527,일반상가,월세,2/3,130,"2,000",102,102,남동향,20250508,"['25년이상', '융자금없는', '중층', '주차가능']",37.548305,126.846292
2524333126,일반상가,월세,2/3,150,"3,000",102,102,서향,20250508,"['25년이상', '역세권', '중층', '총3층']",37.54463,126.837772
2524348634,일반상가,월세,3/4,190,"2,000",149,132,북서향,20250508,"['25년이상', '고층', '관리비10만원이하', '총4층']",37.545228,126.844841
2524351262,일반상가,월세,1/2,130,"1,000",45,37,남향,20250508,"['25년이상', '1층', '관리비10만원이하', '주차가능']",37.529786,126.861119
2524205288,일반상가,월세,4/5,270,"5,000",196,171,남향,20250508,"['25년이상', '역세권', '고층', '주차가능']",37.541157,126.837641
2524354212,일반상가,월세,B1/2,130,"1,300",95,42,남향,20250508,"['25년이상', '지하층', '주차가능', '총2층']",37.553403,126.847757
2524333253,일반상가,월세,B1/15,800,1억,426,326,남향,20250508,"['4년이내', '융자금없는', '지하층', '주차가능']",37.52872,126.846045
2524333018,일반상가,월세,2/3,80,"1,000",275,50,북동향,20250508,"['25년이상', '중층', '주차가능', '총3층']",37.548623,126.850032
2524347357,일반상가,월세,2/3,150,"3,000",99,99,남서향,20250508,"['25년이상', '역세권', '중층', '관리비10만원이하']",37.542903,126.843636
2524336768,일반상가,월세,B1/4,130,"2,000",161,161,남서향,20250508,"['25년이상', '융자금적은', '지하층', '주차가능']",37.551867,126.850917
2524376504,일반상가,월세,1/8,200,"3,000",89,89,서향,20250508,"['25년이상', '융자금없는', '1층', '주차가능']",37.547855,126.846486
2524376210,복합상가,월세,2/20,"1,200",2억,536,311,남동향,20250508,"['4년이내', '융자금없는', '지상층(1층제외)', '주차가능']",37.553019,126.850329
2524368779,일반상가,월세,B1/5,80,"3,000",91,63,북서향,20250508,"['4년이내', '융자금없는', '역세권', '지하층']",37.543745,126.839397
2524395330,일반상가,월세,1/7,350,"8,000",39,36,북동향,20250508,"['15년이내', '융자금없는', '역세권', '1층']",37.541144,126.840543
2524360645,일반상가,월세,1/4,540,"5,000",139,139,동향,20250508,"['25년이내', '융자금없는', '역세권', '1층']",37.540426,126.834886
2524367599,복합상가,월세,1/15,350,"5,000",71,71,동향,20250508,"['10년이내', '1층', '주차가능', '동향']",37.554044,126.851729
2524399713,일반상가,월세,1/5,315,1억,60,57,남향,20250508,"['25년이상', '역세권', '1층', '급매']",37.541157,126.837641
2524354700,일반상가,월세,1/4,120,"1,000",78,39,북향,20250508,"['25년이상', '1층', '관리비10만원이하', '주차가능']",37.554148,126.850341
2524342390,일반상가,월세,1/3,400,"5,000",151,133,북서향,20250508,"['25년이상', '융자금적은', '1층', '관리비10만원이하']",37.548648,126.847236
2524332801,단지내상가,매매,1/5,,10억,326,326,남서향,20250508,"['25년이상', '1층', '주차가능', '총5층']",37.548524,126.849919
2524351291,일반상가,월세,3/4,110,"1,000",98,98,북향,20250508,"['25년이내', '고층', '관리비10만원이하', '주차가능']",37.546609,126.845774
2524333320,일반상가,월세,B2/15,400,"5,000",258,198,남향,20250508,"['4년이내', '융자금없는', '지하층', '주차가능']",37.52872,126.846045
2524534738,일반상가,월세,1/4,180,"2,000",129,89,북향,20250508,"['25년이상', '1층', '주차가능', '총4층']",37.536755,126.836091
2524522400,일반상가,월세,2/18,130,"4,000",120,64,남동향,20250508,"['15년이내', '융자금없는', '지상층(1층제외)', '주차가능']",37.554867,126.851263
2524500530,일반상가,월세,2/3,90,"2,000",102,102,남서향,20250508,"['25년이상', '중층', '주차가능', '총3층']",37.552383,126.854719
2524566737,일반상가,월세,3/5,150,"2,000",120,120,동향,20250508,"['25년이상', '융자금없는', '중층', '주차가능']",37.531812,126.838335
2524455888,일반상가,월세,3/4,300,"3,000",226,198,남향,20250508,"['25년이상', '역세권', '고층', '주차가능']",37.530099,126.847991
2524467858,일반상가,월세,3/4,"1,800",2억,780,647,북동향,20250508,"['2년이내', '고층', '주차가능', '엘리베이터']",37.539657,126.834182
2524490650,일반상가,월세,1/4,230,"4,000",49,49,동향,20250508,"['25년이상', '융자금없는', '1층', '관리비20만원이하']",37.552676,126.851032
2524418376,일반상가,월세,B1/13,200,"2,000",200,171,남향,20250508,"['10년이내', '지하층', '관리비10만원이하', '주차가능']",37.52883,126.842629
2524467778,일반상가,월세,1/5,295,"5,000",72,69,북향,20250508,"['25년이상', '융자금없는', '역세권', '1층']",37.530721,126.851132
2524438261,일반상가,월세,4/7,200,"7,000",388,247,남향,20250508,"['25년이상', '중층', '엘리베이터', '화재경보기']",37.540234,126.834199
2524483747,일반상가,월세,2/7,200,"2,500",180,150,북향,20250508,"['25년이상', '지상층(1층제외)', '관리비20만원이하', '주차가능']",37.548556,126.847413
2524470008,일반상가,월세,1/2,260,"4,000",122,59,동향,20250508,"['25년이상', '역세권', '1층', '총2층']",37.53294,126.846538
2524470122,일반상가,월세,1/1,130,"2,000",33,33,서향,20250508,"['25년이상', '역세권', '1층', '서향']",37.532,126.847374
2524459451,일반상가,월세,3/4,120,"2,000",116,115,서향,20250508,"['25년이상', '역세권', '고층', '주차가능']",37.530968,126.850886
2524462615,일반상가,월세,1/3,100,"1,000",46,46,북향,20250508,"['25년이상', '1층', '총3층', '북향']",37.531815,126.839379
2524451243,일반상가,월세,1/3,220,"2,000",76,76,서향,20250508,"['25년이상', '역세권', '1층', '주차가능']",37.530955,126.850712
2524412340,일반상가,월세,2/8,280,"3,000",228,195,북향,20250508,"['25년이내', '융자금없는', '지상층(1층제외)', '주차가능']",37.528968,126.852764
2524472443,일반상가,월세,3/4,"3,400","3억 8,000",1560,1254,북동향,20250508,"['2년이내', '고층', '주차가능', '엘리베이터']",37.539657,126.834182
2524463154,일반상가,월세,1/3,200,"4,000",33,33,북향,20250508,"['25년이상', '역세권', '1층', '총3층']",37.530477,126.847804
2524463308,일반상가,월세,4/4,"1,600","1억 8,000",780,647,북동향,20250508,"['2년이내', '고층', '주차가능', '엘리베이터']",37.539657,126.834182
2524469098,일반상가,월세,1/1,250,"3,000",286,49,남동향,20250508,"['25년이상', '역세권', '1층', '주차가능']",37.529741,126.847236
2524428532,복합상가,월세,1/2,160,"3,000",54,40,북동향,20250508,"['2년이내', '1층', '관리비20만원이하', '주차가능']",37.550643,126.851139
2524485890,일반상가,월세,2/3,630,"8,000",232,232,남서향,20250508,"['25년이상', '융자금없는', '중층', '주차가능']",37.55313,126.851801
2524465468,일반상가,월세,2/6,280,"5,000",146,83,남향,20250508,"['15년이내', '역세권', '지상층(1층제외)', '주차가능']",37.54141,126.838502
2524412207,일반상가,매매,1/6,,"1억 3,000",27,22,북향,20250508,"['4년이내', '1층', '주차가능', '엘리베이터']",37.530943,126.838999
2524408557,일반상가,월세,B1/3,45,"1,000",99,99,남향,20250508,"['25년이상', '지하층', '주차가능', '총3층']",37.531957,126.858711
2524363444,일반상가,월세,2/4,120,"2,000",121,121,북서향,20250508,"['25년이상', '융자금없는', '중층', '총4층']",37.544906,126.84493
2524369220,일반상가,월세,4/9,350,"5,000",242,242,북동향,20250508,"['25년이내', '역세권', '중층', '주차가능']",37.54262,126.839117
2524387710,일반상가,월세,1/3,250,"7,000",50,40,북서향,20250508,"['25년이상', '1층', '급매', '총3층']",37.532566,126.857981
2524377451,일반상가,월세,3/5,120,"1,000",103,103,북서향,20250508,"['25년이상', '중층', '관리비10만원이하', '주차가능']",37.554634,126.853797
2524387289,일반상가,월세,1/2,105,"2,000",29,29,서향,20250508,"['25년이상', '역세권', '1층', '총2층']",37.530881,126.849961
2524405158,일반상가,월세,2/7,360,"7,000",119,107,북동향,20250508,"['15년이내', '융자금없는', '역세권', '지상층(1층제외)']",37.541144,126.840543
2524388940,일반상가,월세,1/2,200,"3,000",33,33,북동향,20250508,"['25년이상', '역세권', '1층', '총2층']",37.541956,126.844227
2524361479,일반상가,월세,1/5,120,"2,000",43,42,북서향,20250508,"['15년이내', '1층', '관리비10만원이하', '총5층']",37.546654,126.848428
2524372298,일반상가,월세,1/5,90,"1,000",46,46,북동향,20250508,"['10년이내', '1층', '주차가능', '총5층']",37.547729,126.848336
2524403628,일반상가,월세,B1/4,45,"1,000",121,121,남동향,20250508,"['25년이상', '융자금없는', '지하층', '주차가능']",37.537765,126.850682
2524400540,일반상가,월세,1/4,50,"1,000",33,26,남동향,20250508,"['25년이상', '융자금없는', '1층', '주차가능']",37.537765,126.850682
2524539148,일반상가,월세,1/20,450,1억,123,72,남동향,20250508,"['2년이내', '1층', '주차가능', '엘리베이터']",37.550524,126.848206
2524017009,일반상가,월세,1/3,350,"5,000",114,109,서향,20250508,"['25년이상', '융자금없는', '역세권', '1층']",37.544268,126.842207
2524373013,일반상가,월세,3/8,360,"5,000",152,148,북서향,20250508,"['25년이내', '융자금적은', '역세권', '중층']",37.541105,126.839213
2524500571,일반상가,월세,1/2,200,"2,000",23,23,서향,20250508,"['25년이상', '역세권', '1층', '관리비20만원이하']",37.533512,126.846073
2524512834,일반상가,월세,2/3,450,"7,000",251,251,서향,20250508,"['25년이상', '융자금없는', '중층', '주차가능']",37.552029,126.851035
2524557710,일반상가,월세,1/5,75,"1,000",30,30,서향,20250508,"['15년이내', '역세권', '1층', '주차가능']",37.532018,126.842409
2524540061,일반상가,월세,1/20,260,"5,000",72,42,남동향,20250508,"['2년이내', '1층', '주차가능', '엘리베이터']",37.550524,126.848206
2524537780,일반상가,월세,1/6,70,"1,000",30,26,남향,20250508,"['10년이내', '융자금없는', '1층', '주차가능']",37.538358,126.837499
2524524962,일반상가,월세,1/3,100,"1,000",24,24,동향,20250508,"['25년이상', '역세권', '1층', '총3층']",37.542704,126.843936
2524511340,일반상가,월세,1/3,60,500,20,20,남서향,20250508,"['25년이상', '역세권', '1층', '관리비10만원이하']",37.54244,126.844619
2524600450,일반상가,월세,1/3,120,"2,000",26,26,남향,20250508,"['25년이상', '역세권', '1층', '관리비10만원이하']",37.534065,126.846824
2524337459,복합상가,월세,1/19,250,"3,000",65,63,남동향,20250508,"['10년이내', '융자금없는', '1층', '관리비20만원이하']",37.552569,126.849952
2524306533,일반상가,월세,1/3,540,"5,000",142,132,남서향,20250508,"['25년이상', '역세권', '1층', '관리비10만원이하']",37.542903,126.843636
2524369826,일반상가,월세,1/3,140,"3,000",49,43,북서향,20250508,"['25년이상', '융자금없는', '역세권', '1층']",37.543904,126.843787
2524431350,일반상가,월세,2/5,900,"1억 5,000",284,262,남서향,20250508,"['2년이내', '역세권', '중층', '주차가능']",37.533317,126.846092
2524435735,일반상가,월세,2/5,900,"1억 5,000",284,263,남서향,20250508,"['2년이내', '역세권', '중층', '주차가능']",37.533317,126.846092
2524479373,일반상가,월세,1/4,200,"4,000",33,33,북향,20250508,"['15년이내', '역세권', '1층', '관리비10만원이하']",37.533076,126.848132
2524489369,일반상가,월세,1/4,180,"2,000",36,36,남동향,20250508,"['25년이상', '역세권', '1층', '총4층']",37.533855,126.846235
2524430042,일반상가,월세,2/3,200,"2,000",112,102,북서향,20250508,"['25년이상', '역세권', '중층', '관리비10만원이하']",37.542903,126.843636
2524481145,일반상가,월세,3/3,140,"1,000",73,59,북서향,20250508,"['25년이상', '역세권', '고층', '관리비10만원이하']",37.541844,126.841441
2524053809,일반상가,월세,2/4,400,"5,000",167,167,남동향,20250508,"['25년이상', '융자금없는', '중층', '주차가능']",37.552676,126.851032
2524480065,일반상가,월세,1/4,110,"1,000",40,33,남향,20250508,"['25년이상', '역세권', '1층', '총4층']",37.530968,126.850886
2524306841,일반상가,월세,2/3,150,"3,000",113,104,남서향,20250508,"['25년이상', '역세권', '중층', '관리비10만원이하']",37.542903,126.843636
2524481883,일반상가,월세,1/3,130,"1,500",30,30,북동향,20250508,"['25년이상', '융자금적은', '역세권', '1층']",37.53434,126.84764
2524482721,일반상가,월세,1/3,200,"3,000",50,50,서향,20250508,"['25년이상', '1층', '총3층', '서향']",37.533736,126.838728
2524558858,일반상가,월세,4/4,80,"1,000",84,74,남동향,20250508,"['25년이상', '융자금없는', '역세권', '고층']",37.541212,126.83795
2523837702,일반상가,월세,1/4,800,"2억 4,000",226,226,북동향,20250507,"['25년이상', '역세권', '1층', '주차가능']",37.530099,126.847991
2523843951,일반상가,월세,1/13,220,"5,000",48,23,남서향,20250507,"['2년이내', '역세권', '1층', '주차가능']",37.542241,126.840386
2523832926,일반상가,월세,2/6,300,"4,000",270,247,남서향,20250507,"['25년이내', '융자금없는', '지상층(1층제외)', '주차가능']",37.552343,126.851648
2523833112,일반상가,월세,2/4,250,"2,000",109,109,동향,20250507,"['25년이상', '중층', '주차가능', '총4층']",37.55234,126.849738
2523836888,복합상가,월세,1/9,"1,200",2억,85,85,북동향,20250507,"['25년이내', '역세권', '1층', '주차가능']",37.530367,126.84718
2523828685,일반상가,월세,4/5,270,"5,000",213,175,남동향,20250507,"['25년이상', '역세권', '고층', '주차가능']",37.530261,126.863549
2523819846,일반상가,월세,1/1,260,"3,000",142,99,남향,20250507,"['25년이상', '역세권', '1층', '남향']",37.534312,126.847559
2523884455,일반상가,월세,1/6,150,"1,500",64,55,북동향,20250507,"['10년이내', '1층', '관리비10만원이하', '주차가능']",37.554283,126.853595
2523953481,일반상가,월세,2/3,300,"3,500",152,115,남서향,20250507,"['25년이상', '역세권', '중층', '관리비10만원이하']",37.533727,126.84584
2523846110,일반상가,월세,1/4,200,"2,000",46,46,동향,20250507,"['25년이상', '1층', '관리비10만원이하', '총4층']",37.540246,126.834434
2524005599,단지내상가,월세,1/7,120,"2,000",61,40,동향,20250507,"['10년이내', '역세권', '1층', '관리비10만원이하']",37.543961,126.836134
2523952913,일반상가,월세,B1/2,180,"3,000",231,165,북서향,20250507,"['25년이상', '역세권', '지하층', '관리비10만원이하']",37.533512,126.846073
2523906987,단지내상가,월세,1/18,300,"5,000",58,40,서향,20250507,"['10년이내', '1층', '관리비20만원이하', '주차가능']",37.554949,126.852367
2523925229,일반상가,월세,1/1,200,"2,000",99,99,북동향,20250507,"['25년이상', '1층', '북동향']",37.531882,126.860622
2523841623,일반상가,월세,2/2,100,"2,000",95,95,남향,20250507,"['25년이상', '고층', '총2층', '남향']",37.532772,126.857644
2523843727,일반상가,월세,1/5,315,1억,72,52,남향,20250507,"['25년이상', '역세권', '1층', '주차가능']",37.541157,126.837641
2523828692,일반상가,월세,1/4,130,"2,000",36,33,남서향,20250507,"['25년이상', '1층', '관리비10만원이하', '주차가능']",37.54943,126.847852
2523828584,단지내상가,월세,3/5,150,"2,000",166,160,북향,20250507,"['25년이상', '중층', '주차가능', '총5층']",37.531928,126.861468
2523844395,일반상가,월세,2/6,280,"5,000",107,85,남향,20250507,"['15년이내', '역세권', '지상층(1층제외)', '주차가능']",37.54141,126.838502
2523833998,일반상가,월세,1/3,300,"3,000",282,282,북서향,20250507,"['25년이상', '1층', '총3층', '북서향']",37.532102,126.858168
2523834677,일반상가,월세,1/2,110,"1,000",47,47,남향,20250507,"['25년이상', '1층', '총2층', '남향']",37.529037,126.839069
2523844641,일반상가,월세,5/7,150,"1,500",115,99,남동향,20250507,"['25년이내', '역세권', '고층', '주차가능']",37.540556,126.840758
2523842776,일반상가,월세,1/5,300,"4,000",63,63,북향,20250507,"['25년이상', '1층', '관리비20만원이하', '주차가능']",37.552029,126.851035
2524034397,일반상가,월세,1/7,350,"8,000",39,39,북동향,20250507,"['15년이내', '역세권', '1층', '관리비20만원이하']",37.541144,126.840543
2524012636,일반상가,월세,1/5,400,1억,85,35,서향,20250507,"['15년이내', '역세권', '1층', '총5층']",37.547216,126.83682
2524009189,일반상가,월세,B1/15,700,1억,561,495,동향,20250507,"['15년이내', '지하층', '주차가능', '동향']",37.539106,126.83539
2524030777,일반상가,월세,1/15,170,"4,000",109,69,남향,20250507,"['25년이내', '1층', '주차가능', '남향']",37.52856,126.842743
2524008532,일반상가,월세,1/3,260,"3,000",295,198,남향,20250507,"['25년이상', '융자금없는', '1층', '총3층']",37.528066,126.842365
2524020658,단지내상가,매매,1/17,,"4억 5,000",34,24,서향,20250507,"['10년이내', '1층', '관리비10만원이하', '주차가능']",37.546246,126.845513
2523926295,복합상가,월세,1/13,500,1억,43,43,남동향,20250507,"['2년이내', '역세권', '1층', '주차가능']",37.542241,126.840386
2523925376,일반상가,월세,1/3,70,"1,000",33,33,남서향,20250507,"['25년이상', '1층', '총3층', '남서향']",37.536391,126.858027
2524007669,일반상가,월세,1/5,230,"3,000",118,105,북향,20250507,"['25년이상', '융자금없는', '1층', '관리비20만원이하']",37.531932,126.838646
2523868620,일반상가,월세,1/7,350,"8,000",33,33,북동향,20250507,"['15년이내', '역세권', '1층', '관리비20만원이하']",37.541144,126.840543
2523847427,단지내상가,월세,1/16,95,"2,000",28,19,북서향,20250507,"['10년이내', '융자금없는', '1층', '관리비10만원이하']",37.554798,126.853932
2523844951,일반상가,월세,8/9,900,"1억 5,000",683,497,남향,20250507,"['25년이내', '역세권', '고층', '주차가능']",37.541877,126.839158
2523900200,일반상가,월세,1/1,250,"3,000",92,92,북동향,20250507,"['25년이상', '마당', '역세권', '1층']",37.533421,126.848112
2523890677,일반상가,월세,1/6,340,"6,000",127,127,북향,20250507,"['25년이상', '역세권', '1층', '주차가능']",37.530522,126.848557
2523892670,일반상가,월세,2/2,180,"3,000",126,99,남향,20250507,"['25년이상', '역세권', '고층', '총2층']",37.533996,126.846637
2524102856,일반상가,월세,1/5,500,1억,215,215,북서향,20250507,"['25년이내', '1층', '주차가능', '총5층']",37.553261,126.852449
2524088581,일반상가,월세,1/12,156,"1,100",78,31,북향,20250507,"['25년이상', '역세권', '1층', '주차가능']",37.529981,126.846166
2524108228,일반상가,월세,B1/4,200,"3,000",99,99,남서향,20250507,"['25년이상', '지하층', '주차가능', '총4층']",37.551867,126.850917
2524086560,일반상가,월세,1/2,70,"1,000",27,27,남향,20250507,"['25년이상', '1층', '총2층', '남향']",37.542819,126.847514
2524109676,일반상가,월세,1/5,240,"5,000",140,140,남동향,20250507,"['25년이상', '1층', '주차가능', '총5층']",37.553447,126.85006
2524105518,일반상가,월세,3/6,315,"5,000",270,270,남동향,20250507,"['25년이내', '중층', '주차가능', '남동향']",37.552343,126.851648
2523898106,일반상가,월세,B1/7,200,"3,000",188,188,북동향,20250507,"['25년이상', '역세권', '지하층', '주차가능']",37.533031,126.845658
2523903760,복합상가,월세,2/6,300,"4,000",270,270,남동향,20250507,"['25년이내', '융자금적은', '지상층(1층제외)', '주차가능']",37.552343,126.851648
2523947740,일반상가,월세,2/6,280,"5,000",108,82,남서향,20250507,"['15년이내', '역세권', '지상층(1층제외)', '주차가능']",37.54141,126.838502
2524084469,일반상가,월세,2/3,150,"3,000",109,109,북서향,20250507,"['25년이상', '융자금없는', '역세권', '중층']",37.542903,126.843636
2524032331,일반상가,월세,1/4,400,"2,000",72,72,북향,20250507,"['25년이상', '역세권', '1층', '총4층']",37.528456,126.848175
2524045167,일반상가,월세,2/4,100,"1,000",89,82,서향,20250507,"['25년이내', '역세권', '중층', '관리비10만원이하']",37.545886,126.835745
2524039934,일반상가,월세,B1/4,40,"1,000",94,94,북향,20250507,"['25년이상', '지하층', '주차가능', '총4층']",37.550429,126.847387
2524082924,단지내상가,월세,1/12,300,"5,000",54,40,남향,20250507,"['10년이내', '융자금적은', '역세권', '1층']",37.529705,126.84681
2524073411,일반상가,월세,2/2,80,"1,000",116,115,북서향,20250507,"['25년이상', '고층', '총2층', '북서향']",37.548127,126.849948
2524029563,일반상가,월세,1/3,240,"3,000",71,71,북향,20250507,"['25년이상', '1층', '총3층', '북향']",37.528327,126.845563
2524100354,일반상가,월세,1/2,150,"2,000",26,26,북동향,20250507,"['25년이상', '역세권', '1층', '총2층']",37.53294,126.846538
2524112348,일반상가,월세,2/5,450,"6,000",257,257,북서향,20250507,"['25년이상', '중층', '주차가능', '총5층']",37.552029,126.851035
2524132821,일반상가,월세,1/4,110,"1,500",54,33,남향,20250507,"['25년이상', '1층', '관리비10만원이하', '주차가능']",37.528397,126.840938
2524137516,일반상가,월세,1/9,350,"5,000",109,68,북서향,20250507,"['25년이상', '1층', '주차가능', '엘리베이터']",37.553271,126.851181
2524119580,일반상가,월세,1/1,150,"2,000",59,59,북향,20250507,"['25년이상', '역세권', '1층', '북향']",37.530696,126.850796
2524007855,일반상가,월세,1/5,230,"3,000",142,122,북향,20250507,"['25년이상', '융자금없는', '1층', '관리비10만원이하']",37.532327,126.841196
2524081372,일반상가,월세,1/1,260,"3,000",73,73,남향,20250507,"['25년이상', '융자금적은', '역세권', '1층']",37.534312,126.847559
2524043309,일반상가,월세,1/4,200,"3,500",99,99,남향,20250507,"['25년이상', '융자금적은', '역세권', '1층']",37.544445,126.836974
2524029367,일반상가,월세,1/5,300,"5,000",66,66,북향,20250507,"['25년이내', '1층', '총5층', '북향']",37.528045,126.840073
2524080952,일반상가,월세,1/4,380,"3,000",66,66,남향,20250507,"['25년이상', '테라스', '역세권', '1층']",37.530862,126.849247
2524042986,일반상가,월세,1/5,120,"2,000",42,42,남향,20250507,"['15년이내', '융자금적은', '1층', '총5층']",37.546654,126.848428
2524013600,일반상가,월세,1/4,150,"1,000",135,132,북향,20250507,"['25년이상', '1층', '주차가능', '총4층']",37.53171,126.862767
2524100326,일반상가,월세,2/7,360,"7,000",119,99,북동향,20250507,"['15년이내', '역세권', '지상층(1층제외)', '주차가능']",37.541144,126.840543
2524107340,일반상가,월세,5/9,300,"5,000",198,198,북동향,20250507,"['25년이상', '역세권', '중층', '주차가능']",37.54262,126.839117
2524147896,일반상가,월세,1/6,120,"2,000",43,43,북서향,20250507,"['4년이내', '1층', '관리비10만원이하', '주차가능']",37.531725,126.838011
2524134546,일반상가,월세,1/4,120,"1,000",44,44,북향,20250507,"['25년이상', '1층', '관리비10만원이하', '총4층']",37.53143,126.856798
2524113619,일반상가,월세,1/1,220,"2,000",72,72,남동향,20250507,"['25년이상', '1층', '관리비20만원이하', '남동향']",37.552591,126.851869
2524121612,일반상가,월세,2/3,150,"2,000",99,99,남서향,20250507,"['25년이상', '역세권', '중층', '총3층']",37.529897,126.848081
2524123434,일반상가,월세,1/3,300,"3,000",46,46,남서향,20250507,"['25년이상', '융자금없는', '역세권', '1층']",37.543786,126.843021
2524192143,일반상가,월세,3/7,150,"4,000",109,109,남동향,20250507,"['25년이상', '중층', '주차가능', '남동향']",37.540234,126.834199
2524094207,일반상가,월세,B1/5,100,"1,000",115,100,동향,20250507,"['25년이상', '지하층', '관리비10만원이하', '주차가능']",37.531812,126.838335
2524099909,일반상가,월세,3/4,120,"1,000",121,121,북서향,20250507,"['25년이상', '고층', '주차가능', '총4층']",37.554211,126.852986
2524085189,일반상가,월세,1/4,285,"3,500",97,88,남동향,20250507,"['25년이내', '역세권', '1층', '관리비10만원이하']",37.542942,126.843371
2524110328,일반상가,월세,4/5,240,"2,000",119,119,남동향,20250507,"['25년이상', '고층', '관리비20만원이하', '주차가능']",37.546277,126.844946
2524103331,일반상가,월세,6/8,100,"1,000",66,66,남향,20250507,"['25년이내', '역세권', '고층', '관리비20만원이하']",37.540486,126.835104
2524104450,일반상가,월세,1/2,150,"3,000",34,34,북동향,20250507,"['25년이상', '역세권', '1층', '총2층']",37.534908,126.847288
2524098844,일반상가,월세,2/5,100,"2,000",99,99,서향,20250507,"['25년이내', '중층', '관리비10만원이하', '주차가능']",37.531821,126.86322
2524101764,일반상가,월세,3/3,100,"3,000",164,164,북향,20250507,"['25년이내', '고층', '주차가능', '총3층']",37.530735,126.851582
2524105074,일반상가,월세,1/5,100,"1,000",33,33,북동향,20250507,"['25년이상', '1층', '관리비10만원이하', '주차가능']",37.547014,126.843955
2524303810,일반상가,월세,5/6,380,"5,000",193,165,북동향,20250507,"['25년이내', '역세권', '고층', '주차가능']",37.547828,126.835379
2524260861,일반상가,월세,1/3,300,"3,000",46,42,남향,20250507,"['25년이상', '역세권', '1층', '관리비10만원이하']",37.543786,126.843021
2524250403,일반상가,월세,2/3,360,"5,000",294,247,북동향,20250507,"['25년이상', '역세권', '중층', '주차가능']",37.544046,126.837751
2524173944,복합상가,월세,1/2,90,"2,000",28,21,북동향,20250507,"['2년이내', '1층', '관리비10만원이하', '주차가능']",37.550643,126.851139
2524115635,일반상가,월세,B1/4,160,"3,000",64,64,서향,20250507,"['25년이상', '역세권', '지하층', '주차가능']",37.54779,126.835661
2524158303,일반상가,월세,4/7,200,"7,000",247,247,남동향,20250507,"['25년이상', '중층', '주차가능', '남동향']",37.540234,126.834199
2524130017,일반상가,월세,1/3,100,"3,000",54,54,북동향,20250507,"['25년이상', '역세권', '1층', '총3층']",37.531763,126.847245
2524112763,일반상가,매매,B1/4,,4억,109,81,북향,20250507,"['25년이상', '역세권', '지하층', '총4층']",37.534467,126.848974
2524122076,일반상가,월세,B1/4,190,"2,000",255,255,북동향,20250507,"['25년이상', '역세권', '지하층', '관리비10만원이하']",37.545238,126.836606
2524114791,일반상가,월세,B3/9,170,"2,000",269,189,남동향,20250507,"['15년이내', '역세권', '지하층', '주차가능']",37.531273,126.846492
2524173500,복합상가,월세,1/2,250,"5,000",93,61,북동향,20250507,"['2년이내', '1층', '관리비20만원이하', '주차가능']",37.550643,126.851139
2524254405,일반상가,월세,B1/4,20,500,26,26,남서향,20250507,"['25년이상', '지하층', '총4층', '남서향']",37.533853,126.838656
2524252572,일반상가,월세,1/2,170,"2,000",41,36,북향,20250507,"['25년이상', '1층', '총2층', '북향']",37.552669,126.852723
2524098255,일반상가,월세,2/6,170,"5,000",325,140,남서향,20250507,"['25년이상', '지상층(1층제외)', '주차가능', '엘리베이터']",37.550981,126.85205
2524233270,일반상가,월세,1/4,380,"3,000",63,63,남향,20250507,"['25년이상', '융자금없는', '역세권', '1층']",37.530862,126.849247
2524233056,일반상가,월세,3/4,170,"2,000",96,82,남서향,20250507,"['25년이상', '융자금없는', '역세권', '고층']",37.530862,126.849247
2524150913,일반상가,월세,2/5,220,"3,000",117,89,서향,20250507,"['25년이상', '융자금적은', '중층', '주차가능']",37.547125,126.845964
2524220014,일반상가,월세,1/5,380,"7,000",132,132,남향,20250507,"['25년이상', '융자금없는', '1층', '주차가능']",37.531928,126.861468
2524255272,일반상가,월세,4/4,200,"5,000",120,99,북서향,20250507,"['25년이상', '역세권', '고층', '주차가능']",37.541765,126.841359
2524198552,일반상가,월세,4/4,80,"1,000",85,66,남동향,20250507,"['25년이상', '역세권', '고층', '관리비20만원이하']",37.541212,126.83795
2524238663,일반상가,월세,1/2,350,"4,000",53,53,서향,20250507,"['25년이상', '융자금없는', '역세권', '1층']",37.533512,126.846073
2524252889,단지내상가,월세,1/5,400,1억,35,35,서향,20250507,"['10년이내', '역세권', '1층', '주차가능']",37.547216,126.83682
2524265353,복합상가,월세,1/10,100,"1,500",33,30,북동향,20250507,"['15년이내', '역세권', '1층', '주차가능']",37.530229,126.849043
2524252565,일반상가,월세,3/4,110,"1,000",99,99,북서향,20250507,"['25년이내', '고층', '관리비10만원이하', '주차가능']",37.546609,126.845774
2524256743,일반상가,월세,1/2,280,"2,000",71,62,남향,20250507,"['25년이상', '1층', '총2층', '남향']",37.536904,126.836946
2524209489,일반상가,월세,2/3,150,"2,000",158,158,남서향,20250507,"['25년이상', '중층', '주차가능', '총3층']",37.53535,126.837719
2524249207,일반상가,월세,1/3,122,"2,000",52,52,북향,20250507,"['25년이상', '1층', '총3층', '북향']",37.528066,126.842365
2524013014,복합상가,월세,1/10,300,"5,000",289,206,북서향,20250507,"['25년이상', '역세권', '1층', '주차가능']",37.54174,126.838847
2523973758,일반상가,월세,3/5,100,"1,000",115,92,북서향,20250507,"['25년이상', '중층', '관리비20만원이하', '주차가능']",37.547696,126.846427
2524271601,일반상가,월세,4/9,150,"2,000",82,69,남동향,20250507,"['25년이내', '융자금적은', '역세권', '중층']",37.541706,126.839407
2524248804,일반상가,월세,2/4,200,"3,000",179,158,남서향,20250507,"['25년이내', '중층', '관리비10만원이하', '주차가능']",37.551591,126.85133
2524246241,일반상가,월세,1/5,75,"1,000",25,24,동향,20250507,"['25년이내', '역세권', '1층', '관리비10만원이하']",37.539667,126.841029
2524256904,일반상가,월세,3/4,190,"2,000",149,140,북서향,20250507,"['25년이상', '융자금적은', '고층', '관리비10만원이하']",37.545228,126.844841
2524254108,일반상가,월세,4/5,110,"1,000",119,110,남동향,20250507,"['25년이상', '융자금적은', '고층', '관리비10만원이하']",37.546277,126.844946
2524278680,일반상가,월세,1/10,100,"1,500",30,30,동향,20250507,"['15년이내', '융자금없는', '역세권', '1층']",37.530229,126.849043
2524258620,일반상가,월세,1/2,220,"3,000",109,102,북동향,20250507,"['25년이상', '1층', '총2층', '북동향']",37.551671,126.851733
2524251974,일반상가,월세,5/5,140,"3,000",156,130,남동향,20250507,"['25년이상', '고층', '주차가능', '엘리베이터']",37.554132,126.851048
2524247707,일반상가,월세,2/8,300,"5,000",242,206,북서향,20250507,"['25년이내', '역세권', '지상층(1층제외)', '주차가능']",37.54262,126.839117
2524151749,일반상가,월세,1/5,420,"6,000",117,89,서향,20250507,"['25년이상', '융자금적은', '1층', '주차가능']",37.547125,126.845964
2524241053,일반상가,월세,2/5,170,"3,000",168,160,남동향,20250507,"['25년이상', '융자금없는', '중층', '주차가능']",37.554325,126.854046
2523934886,일반상가,월세,2/4,150,"2,500",152,152,남향,20250507,"['25년이상', '융자금없는', '중층', '관리비10만원이하']",37.532291,126.861771
2523832830,일반상가,월세,2/4,300,"5,000",156,156,남서향,20250507,"['25년이상', '융자금없는', '역세권', '중층']",37.544286,126.839042
2523866104,일반상가,월세,3/5,450,"4,500",216,176,북향,20250507,"['10년이내', '역세권', '급매', '중층']",37.540908,126.838659
2523866261,복합상가,월세,1/4,120,"1,000",39,33,북동향,20250507,"['25년이상', '융자금적은', '1층', '관리비10만원이하']",37.554148,126.850341
2524204058,일반상가,월세,2/3,360,"5,000",294,254,북동향,20250507,"['25년이상', '역세권', '중층', '주차가능']",37.543902,126.837836
2524083101,일반상가,월세,1/3,160,"2,000",33,33,남서향,20250507,"['25년이상', '역세권', '1층', '총3층']",37.543786,126.843021
2524194352,일반상가,월세,4/5,270,"5,000",392,171,남향,20250507,"['25년이상', '역세권', '고층', '주차가능']",37.541157,126.837641
2524098926,일반상가,월세,4/6,150,"3,000",316,140,남서향,20250507,"['25년이상', '중층', '주차가능', '엘리베이터']",37.550981,126.85205
2524204736,일반상가,월세,3/5,150,"2,000",144,115,북서향,20250507,"['25년이상', '중층', '관리비10만원이하', '주차가능']",37.537297,126.839978
2524154434,일반상가,월세,B1/5,100,"2,000",116,86,서향,20250507,"['25년이상', '융자금적은', '지하층', '주차가능']",37.547125,126.845964
2524097781,일반상가,월세,5/6,200,"5,000",290,246,남서향,20250507,"['25년이상', '고층', '주차가능', '엘리베이터']",37.550981,126.85205
2524134084,일반상가,월세,1/4,260,"3,000",46,46,남서향,20250507,"['25년이상', '역세권', '1층', '관리비20만원이하']",37.540709,126.841514
2524080855,일반상가,월세,B1/3,180,"3,000",204,196,동향,20250507,"['25년이상', '역세권', '지하층', '주차가능']",37.543902,126.837836
2524053352,복합상가,월세,2/4,150,"2,000",97,85,남동향,20250507,"['10년이내', '융자금없는', '중층', '관리비10만원이하']",37.550773,126.847878
2524054592,일반상가,월세,1/4,250,"3,000",59,52,남서향,20250507,"['25년이상', '융자금적은', '역세권', '1층']",37.540709,126.841514
2524054409,일반상가,월세,6/9,330,"5,000",297,261,북동향,20250507,"['25년이상', '융자금적은', '역세권', '중층']",37.54262,126.839117
2524053703,일반상가,월세,1/3,75,"1,500",38,31,남서향,20250507,"['25년이상', '융자금없는', '역세권', '1층']",37.544137,126.842415
2524010530,일반상가,월세,2/5,100,"1,000",49,42,북동향,20250507,"['25년이상', '융자금없는', '역세권', '중층']",37.540782,126.840784
2524079212,일반상가,월세,1/3,400,"5,000",131,115,북서향,20250507,"['25년이상', '1층', '관리비10만원이하', '주차가능']",37.548648,126.847236
2524142525,일반상가,월세,3/5,160,"2,500",117,89,서향,20250507,"['25년이상', '융자금적은', '중층', '주차가능']",37.547125,126.845964
2524101074,일반상가,월세,1/4,430,"8,000",85,76,북향,20250507,"['25년이상', '역세권', '1층', '주차가능']",37.541927,126.839341
2523858872,일반상가,월세,1/5,100,"3,000",69,60,남서향,20250507,"['25년이상', '융자금적은', '1층', '관리비10만원이하']",37.548005,126.849387
2523860996,일반상가,월세,1/2,120,"1,700",41,36,남동향,20250507,"['25년이상', '융자금없는', '1층', '관리비10만원이하']",37.551383,126.851695
2523875586,일반상가,월세,2/5,150,"2,000",148,125,북서향,20250507,"['25년이상', '중층', '주차가능', '총5층']",37.548524,126.847133
2523875179,일반상가,월세,4/7,300,"5,000",182,123,북동향,20250507,"['4년이내', '역세권', '중층', '주차가능']",37.543081,126.838547
2523956289,일반상가,월세,1/4,88,"1,500",29,26,북서향,20250507,"['25년이상', '1층', '관리비10만원이하', '총4층']",37.536867,126.836727
2523980257,일반상가,월세,8/9,200,"3,000",112,82,북향,20250507,"['25년이상', '융자금없는', '역세권', '고층']",37.541276,126.8399
2524053879,단지내상가,월세,B2/13,280,"3,000",67,31,남서향,20250507,"['2년이내', '마당', '역세권', '지하층']",37.542241,126.840386
2523980662,일반상가,월세,5/9,250,"3,000",145,106,북향,20250507,"['25년이상', '역세권', '중층', '주차가능']",37.541276,126.8399
2524298226,일반상가,월세,1/3,65,"1,000",27,94,동향,20250507,"['25년이상', '1층', '주차가능', '총3층']",37.540783,126.83361
2523930476,단지내상가,매매,1/2,,"1억 8,000",31,24,북서향,20250507,"['25년이내', '1층', '급매', '관리비10만원이하']",37.544634,126.831432
2524189145,일반상가,월세,9/10,550,"5,000",493,291,동향,20250507,"['25년이내', '역세권', '고층', '주차가능']",37.531167,126.846773
2524151442,일반상가,월세,B1/4,120,"2,000",173,148,북향,20250507,"['25년이상', '역세권', '지하층', '주차가능']",37.544286,126.839042
2523804707,일반상가,월세,2/3,150,"3,000",139,119,남향,20250507,"['25년이상', '역세권', '중층', '총3층']",37.54436,126.837092
2523874295,일반상가,월세,1/5,250,"3,000",90,59,북서향,20250507,"['25년이상', '1층', '관리비10만원이하', '주차가능']",37.548524,126.847133
2523871388,일반상가,월세,B1/4,45,500,79,72,북서향,20250507,"['25년이상', '융자금없는', '지하층', '관리비10만원이하']",37.549915,126.849568
2523890273,복합상가,매매,B1/3,,14억,377,172,북서향,20250507,"['25년이상', '역세권', '지하층', '관리비10만원이하']",37.54442,126.841279
2523975920,복합상가,월세,2/5,900,"1억 5,000",329,264,남서향,20250507,"['2년이내', '역세권', '중층', '주차가능']",37.533317,126.846092
2523898154,복합상가,월세,1/7,100,"2,000",64,42,북향,20250507,"['10년이내', '역세권', '1층', '관리비10만원이하']",37.543961,126.836134
2523862385,일반상가,월세,1/2,200,"3,000",82,72,남동향,20250507,"['25년이상', '융자금없는', '1층', '관리비20만원이하']",37.551383,126.851695
2523887561,일반상가,월세,1/2,70,900,73,26,남향,20250507,"['25년이상', '1층', '주차가능', '총2층']",37.547237,126.844031
2523833181,일반상가,월세,B1/4,120,"2,000",178,178,남서향,20250507,"['25년이상', '융자금없는', '역세권', '지하층']",37.544286,126.839042
2523903819,일반상가,월세,1/4,200,"3,000",114,100,서향,20250507,"['25년이상', '1층', '주차가능', '총4층']",37.530924,126.863299
2523890519,일반상가,월세,1/3,250,"3,000",165,165,남서향,20250507,"['25년이상', '융자금없는', '역세권', '1층']",37.543289,126.842178
2524041949,일반상가,월세,1/2,200,"3,500",150,109,남향,20250507,"['25년이상', '역세권', '1층', '총2층']",37.532701,126.842686
2524042159,일반상가,월세,1/8,280,"4,000",122,67,북향,20250507,"['15년이내', '역세권', '1층', '주차가능']",37.540606,126.837563
2524258380,일반상가,월세,2/4,450,"4,000",149,140,북서향,20250507,"['25년이상', '융자금적은', '중층', '관리비20만원이하']",37.545228,126.844841
2524247035,일반상가,월세,B1/3,120,"1,500",128,114,남동향,20250507,"['25년이내', '역세권', '지하층', '관리비10만원이하']",37.542031,126.83909
2523935620,일반상가,월세,2/4,70,"1,000",66,66,북동향,20250506,"['25년이상', '중층', '관리비10만원이하', '주차가능']",37.547472,126.8495
2523934949,일반상가,월세,1/3,90,"2,500",67,41,북향,20250506,"['25년이상', '1층', '관리비10만원이하', '총3층']",37.552467,126.854125
2523983719,일반상가,월세,B1/3,150,"3,000",163,132,북서향,20250506,"['25년이상', '융자금적은', '지하층', '관리비10만원이하']",37.548648,126.847236
2523962686,일반상가,월세,1/2,100,"2,000",28,21,북동향,20250506,"['2년이내', '1층', '주차가능', '엘리베이터']",37.550706,126.851127
2523959433,일반상가,월세,5/5,110,"1,500",118,118,남동향,20250506,"['25년이내', '융자금적은', '고층', '관리비20만원이하']",37.553527,126.850691
2524009475,일반상가,월세,1/4,130,"3,000",19,19,남서향,20250506,"['25년이상', '융자금적은', '역세권', '1층']",37.540709,126.841514
2523976981,단지내상가,월세,2/2,80,"3,000",48,48,동향,20250506,"['25년이내', '고층', '주차가능', '총2층']",37.544634,126.831432
2523974261,복합상가,매매,1/2,,5억,53,39,북동향,20250506,"['2년이내', '1층', '급매', '관리비20만원이하']",37.550706,126.851127
2524009833,복합상가,월세,1/3,110,"1,500",49,42,남동향,20250506,"['25년이상', '융자금적은', '역세권', '1층']",37.538574,126.841694
2523960210,일반상가,월세,2/5,210,"3,000",118,102,남동향,20250506,"['25년이내', '융자금적은', '중층', '관리비20만원이하']",37.553527,126.850691
2523962462,일반상가,월세,1/2,180,"5,000",54,40,북동향,20250506,"['2년이내', '1층', '주차가능', '엘리베이터']",37.550706,126.851127
2524043125,일반상가,월세,1/5,230,"3,000",112,112,남향,20250506,"['25년이상', '융자금적은', '1층', '주차가능']",37.531932,126.838646
2524014838,일반상가,월세,2/4,300,"5,000",190,190,서향,20250506,"['25년이내', '융자금없는', '중층', '주차가능']",37.544263,126.833097
2523899922,일반상가,월세,1/3,100,"1,500",27,27,동향,20250505,"['25년이상', '1층', '총3층', '동향']",37.532585,126.862882
2523898741,일반상가,월세,1/4,800,"1억 7,000",92,77,북동향,20250505,"['25년이상', '역세권', '1층', '관리비20만원이하']",37.530731,126.847018
2523893144,일반상가,월세,4/6,120,"2,000",111,100,북동향,20250505,"['25년이내', '융자금적은', '중층', '관리비10만원이하']",37.554191,126.850227
2523900906,일반상가,월세,2/4,150,"2,500",152,141,남향,20250505,"['25년이상', '중층', '주차가능', '총4층']",37.532291,126.861771
2523897644,일반상가,월세,B1/5,235,"2,500",257,211,남서향,20250505,"['25년이상', '융자금없는', '지하층', '관리비20만원이하']",37.553312,126.849986
2523883345,일반상가,월세,2/4,90,"1,500",104,88,남동향,20250505,"['25년이상', '중층', '관리비10만원이하', '주차가능']",37.531922,126.862932
2523833895,일반상가,월세,1/5,200,"2,000",53,53,북향,20250505,"['10년이내', '1층', '관리비10만원이하', '주차가능']",37.531252,126.855658
2523898845,일반상가,월세,4/4,60,"1,000",66,66,남향,20250505,"['25년이상', '고층', '주차가능', '총4층']",37.528628,126.844767
2523871866,일반상가,월세,2/4,70,"1,000",79,72,북동향,20250505,"['25년이상', '융자금없는', '중층', '관리비10만원이하']",37.547472,126.8495
2523899584,일반상가,월세,3/4,170,"2,000",96,96,남향,20250505,"['25년이상', '역세권', '고층', '주차가능']",37.530862,126.849247
2523899955,일반상가,월세,B1/3,50,"1,000",125,125,동향,20250505,"['25년이상', '지하층', '총3층', '동향']",37.532585,126.862882
2523902145,일반상가,월세,1/5,230,"3,000",142,120,북향,20250505,"['25년이상', '융자금없는', '1층', '관리비10만원이하']",37.532327,126.841196
2523889825,일반상가,월세,1/2,70,"1,000",26,26,북향,20250505,"['25년이상', '역세권', '1층', '총2층']",37.544415,126.840694
2523890166,일반상가,월세,1/5,120,"2,000",42,39,서향,20250505,"['25년이내', '1층', '관리비10만원이하', '주차가능']",37.553894,126.849329
2523899485,일반상가,월세,2/4,110,"1,000",99,99,남서향,20250505,"['25년이상', '중층', '주차가능', '총4층']",37.530481,126.838276
2523860472,일반상가,월세,1/3,100,"2,000",49,42,북향,20250505,"['25년이상', '융자금없는', '1층', '총3층']",37.552467,126.854125
2523883122,일반상가,월세,1/3,115,"1,500",33,26,동향,20250505,"['25년이상', '1층', '총3층', '동향']",37.532585,126.862882
2523854581,일반상가,월세,1/3,200,"3,000",66,66,남서향,20250505,"['25년이상', '융자금없는', '1층', '총3층']",37.533736,126.838728
2523645072,일반상가,월세,1/3,250,"7,000",50,50,서향,20250503,"['25년이상', '1층', '관리비10만원이하', '총3층']",37.532566,126.857981
2523693825,일반상가,월세,1/3,100,"2,000",43,39,북향,20250503,"['25년이상', '1층', '관리비10만원이하', '총3층']",37.552467,126.854125
2523766034,일반상가,월세,1/8,110,"1,500",50,36,북향,20250503,"['25년이상', '역세권', '1층', '관리비10만원이하']",37.532506,126.843834
2523723813,일반상가,월세,4/5,"1,600",2억,727,647,,20250503,"['2년이내', '고층', '주차가능', '총5층']",37.539657,126.834182
2523722939,일반상가,월세,1/4,850,"1억 5,000",153,142,북향,20250503,"['2년이내', '1층', '주차가능', '엘리베이터']",37.539657,126.834182
2523722565,일반상가,월세,1/4,"1,700",3억,306,255,북향,20250503,"['2년이내', '1층', '주차가능', '엘리베이터']",37.539657,126.834182
2523727290,복합상가,월세,3/5,450,"4,500",274,175,북향,20250503,"['10년이내', '역세권', '중층', '주차가능']",37.540908,126.838659
2523727615,복합상가,월세,8/9,200,"3,000",109,82,북동향,20250503,"['25년이상', '역세권', '고층', '주차가능']",37.541276,126.8399
2523656427,일반상가,월세,2/4,90,"2,000",87,87,남향,20250503,"['25년이상', '중층', '관리비10만원이하', '주차가능']",37.531767,126.854845
2523771977,일반상가,월세,8/9,200,"3,000",148,130,남동향,20250503,"['25년이상', '역세권', '고층', '주차가능']",37.54262,126.839117
2523716721,일반상가,월세,3/4,190,"2,000",419,419,,20250503,"['25년이상', '고층', '관리비10만원이하', '주차가능']",37.545228,126.844841
2523682349,일반상가,월세,1/2,220,"3,000",38,36,남향,20250503,"['25년이상', '역세권', '1층', '총2층']",37.541956,126.844227
2523704117,일반상가,월세,4/6,260,"3,000",233,206,남향,20250503,"['25년이상', '중층', '주차가능', '남향']",37.529343,126.857548
2523705993,일반상가,월세,1/3,120,"1,000",26,26,남향,20250503,"['25년이상', '역세권', '1층', '총3층']",37.533001,126.847291
2523691860,일반상가,월세,1/6,720,1억,370,257,남향,20250503,"['25년이상', '1층', '주차가능', '남향']",37.529343,126.857548
2523713671,일반상가,월세,2/4,450,"4,000",149,149,남향,20250503,"['25년이상', '중층', '관리비20만원이하', '주차가능']",37.545228,126.844841
2523677385,일반상가,월세,3/6,120,"1,000",96,96,북서향,20250503,"['25년이상', '중층', '관리비10만원이하', '주차가능']",37.537259,126.839718
2523692499,일반상가,월세,1/3,150,"2,000",65,65,남향,20250503,"['25년이상', '융자금적은', '1층', '총3층']",37.53601,126.837486
2523725566,일반상가,월세,1/2,70,"1,000",35,31,북향,20250503,"['25년이상', '역세권', '1층', '총2층']",37.544415,126.840694
2523704530,일반상가,월세,B1/6,85,"1,000",96,96,북서향,20250503,"['25년이상', '지하층', '관리비10만원이하', '주차가능']",37.537259,126.839718
2523771728,일반상가,월세,4/9,350,"5,000",297,261,남동향,20250503,"['25년이상', '역세권', '중층', '주차가능']",37.54262,126.839117
2523704536,일반상가,월세,6/6,240,"3,000",242,214,남향,20250503,"['25년이상', '고층', '주차가능', '남향']",37.529343,126.857548
2523705547,일반상가,월세,1/6,720,1억,327,257,남향,20250503,"['25년이상', '1층', '주차가능', '남향']",37.529343,126.857548
2523633380,일반상가,월세,1/3,360,"7,000",149,149,남동향,20250503,"['25년이상', '역세권', '1층', '주차가능']",37.543284,126.842519
2523703180,일반상가,월세,3/6,360,"4,000",342,299,남향,20250503,"['25년이상', '중층', '주차가능', '남향']",37.529343,126.857548
2523706360,일반상가,월세,2/6,370,"4,000",342,299,남향,20250503,"['25년이상', '지상층(1층제외)', '주차가능', '남향']",37.529343,126.857548
2523692461,일반상가,월세,1/5,"1,000",1억,194,180,남향,20250503,"['25년이내', '1층', '주차가능', '총5층']",37.529427,126.858183
2523689554,일반상가,월세,1/3,750,"1억 5,000",85,80,서향,20250503,"['25년이상', '역세권', '1층', '총3층']",37.531818,126.846992
2523618536,일반상가,월세,5/5,350,"6,000",218,208,북서향,20250503,"['25년이상', '융자금적은', '고층', '주차가능']",37.552684,126.85074
2523692569,일반상가,월세,3/4,"1,800",2억,727,647,북향,20250503,"['2년이내', '고층', '주차가능', '엘리베이터']",37.539657,126.834182
2523695028,일반상가,월세,1/4,850,"1억 5,000",155,128,북향,20250503,"['2년이내', '1층', '주차가능', '엘리베이터']",37.539657,126.834182
2523693684,일반상가,월세,1/3,45,"1,000",23,16,북향,20250503,"['25년이상', '1층', '관리비10만원이하', '총3층']",37.552467,126.854125
2523728986,복합상가,월세,1/4,430,"8,000",122,82,북향,20250503,"['25년이상', '융자금적은', '역세권', '1층']",37.541927,126.839341
2523275138,일반상가,월세,1/4,170,"8,000",28,28,북향,20250502,"['25년이상', '역세권', '1층', '주차가능']",37.54779,126.835661
2523275602,일반상가,월세,3/4,"2,000","2억 2,000",727,631,북향,20250502,"['2년이내', '고층', '주차가능', '총4층']",37.539657,126.834182
2523274605,일반상가,월세,4/4,"1,800","1억 8,000",727,631,북향,20250502,"['2년이내', '고층', '주차가능', '총4층']",37.539657,126.834182
2523274036,일반상가,월세,1/4,"3,000","7억 5,000",566,400,북향,20250502,"['2년이내', '1층', '주차가능', '총4층']",37.539657,126.834182
2523265544,일반상가,월세,B1/3,150,"2,000",237,187,북향,20250502,"['25년이상', '지하층', '관리비10만원이하', '주차가능']",37.531148,126.855042
2523246566,일반상가,월세,1/3,85,"1,000",24,24,동향,20250502,"['25년이상', '역세권', '1층', '관리비10만원이하']",37.539078,126.838963
2523360761,일반상가,월세,1/3,60,500,23,23,남서향,20250502,"['25년이상', '역세권', '1층', '관리비10만원이하']",37.54244,126.844619
2523443693,복합상가,매매,2/15,,42억,1583,890,북서향,20250502,"['25년이내', '지상층(1층제외)', '주차가능', '북서향']",37.550317,126.848778
2523321078,일반상가,월세,2/4,195,"3,000",145,145,남향,20250502,"['25년이내', '중층', '관리비10만원이하', '주차가능']",37.53237,126.862106
2523284881,일반상가,월세,2/7,360,"7,000",119,119,남향,20250502,"['15년이내', '역세권', '지상층(1층제외)', '주차가능']",37.541144,126.840543
2523539731,일반상가,월세,1/2,320,"5,000",74,42,남향,20250502,"['25년이상', '역세권', '1층', '총2층']",37.528708,126.847123
2523515096,단지내상가,매매,1/17,,"6억 5,000",48,34,서향,20250502,"['10년이내', '1층', '관리비10만원이하', '주차가능']",37.546246,126.845513
2523497496,일반상가,월세,1/2,120,"2,000",26,26,북서향,20250502,"['25년이상', '융자금적은', '역세권', '1층']",37.533031,126.84494
2523558764,일반상가,월세,1/2,75,"1,000",128,29,남향,20250502,"['25년이상', '1층', '관리비10만원이하', '총2층']",37.531164,126.852675
2523564045,일반상가,월세,1/1,110,"2,000",30,30,북향,20250502,"['25년이상', '역세권', '1층', '북향']",37.533957,126.847351
2523548010,복합상가,월세,1/15,180,"2,000",31,20,북향,20250502,"['10년이내', '역세권', '1층', '관리비10만원이하']",37.530383,126.846405
2523564403,일반상가,월세,1/3,210,"2,500",68,68,남향,20250502,"['25년이상', '역세권', '1층', '총3층']",37.53098,126.851069
2523585429,일반상가,월세,1/7,70,"1,000",23,20,서향,20250502,"['10년이내', '융자금없는', '1층', '서향']",37.53737,126.83537
2523591082,일반상가,월세,2/2,80,"1,000",116,116,북서향,20250502,"['25년이상', '고층', '주차가능', '총2층']",37.548127,126.849948
2523578225,일반상가,월세,1/4,100,"1,000",33,33,남서향,20250502,"['25년이상', '역세권', '1층', '관리비10만원이하']",37.531511,126.849195
2523540156,일반상가,월세,1/2,110,"1,000",30,30,남향,20250502,"['25년이상', '역세권', '1층', '총2층']",37.530944,126.850541
2523445384,일반상가,월세,1/2,130,"2,000",95,95,남동향,20250502,"['25년이상', '역세권', '1층', '총2층']",37.538724,126.838475
2523515250,일반상가,매매,1/19,,17억,109,109,북향,20250502,"['10년이내', '1층', '북향', '관리비50만원이하']",37.554854,126.852643
2523614989,일반상가,월세,1/2,70,600,36,29,북서향,20250502,"['25년이상', '융자금없는', '1층', '주차가능']",37.553126,126.853708
2523613309,일반상가,월세,1/6,340,"6,000",171,142,북향,20250502,"['25년이상', '역세권', '1층', '주차가능']",37.530522,126.848557
2523613200,일반상가,월세,3/5,150,"2,000",118,102,남동향,20250502,"['25년이내', '융자금적은', '중층', '관리비20만원이하']",37.553527,126.850691
2523607003,복합상가,월세,1/13,450,"5,000",72,35,동향,20250502,"['2년이내', '역세권', '1층', '주차가능']",37.542241,126.840386
2523525976,일반상가,월세,1/4,110,"1,500",52,39,남동향,20250502,"['25년이상', '역세권', '1층', '주차가능']",37.538574,126.841694
2523556396,일반상가,월세,1/3,190,"5,000",37,33,북향,20250502,"['25년이상', '역세권', '1층', '주차가능']",37.530488,126.848013
2523607514,복합상가,월세,B1/13,220,"2,000",51,25,남동향,20250502,"['2년이내', '역세권', '지하층', '주차가능']",37.542241,126.840386
2523534559,일반상가,월세,1/5,283,"4,200",132,132,북향,20250502,"['25년이상', '1층', '주차가능', '총5층']",37.531666,126.859211
2523589380,일반상가,월세,1/3,680,1억,182,182,남향,20250502,"['25년이내', '1층', '주차가능', '총3층']",37.528555,126.851022
2523559924,일반상가,월세,2/5,250,"3,000",128,109,북서향,20250502,"['25년이상', '중층', '관리비10만원이하', '주차가능']",37.554471,126.853456
2523600570,일반상가,월세,2/5,300,"3,000",158,139,남동향,20250502,"['4년이내', '중층', '주차가능', '총5층']",37.532905,126.839234
2523455169,일반상가,월세,7/10,650,"5,000",493,291,북동향,20250502,"['25년이내', '역세권', '고층', '주차가능']",37.531167,126.846773
2523565625,일반상가,월세,B1/5,100,"2,000",116,104,북서향,20250502,"['25년이상', '융자금없는', '지하층', '주차가능']",37.547125,126.845964
2523489706,일반상가,월세,1/4,380,"3,000",82,63,남향,20250502,"['25년이상', '역세권', '1층', '관리비10만원이하']",37.530862,126.849247
2523489243,일반상가,월세,1/8,370,1억,151,78,북서향,20250502,"['15년이내', '융자금적은', '역세권', '1층']",37.540606,126.837563
2523511705,일반상가,월세,1/2,90,"1,500",79,52,남향,20250502,"['25년이상', '1층', '주차가능', '총2층']",37.532348,126.855897
2523497525,일반상가,월세,5/6,85,"1,000",76,76,북서향,20250502,"['25년이내', '융자금없는', '고층', '관리비10만원이하']",37.537278,126.839829
2523510298,일반상가,월세,2/3,360,"5,000",294,274,북동향,20250502,"['25년이상', '융자금적은', '역세권', '중층']",37.543902,126.837836
2523464667,일반상가,월세,1/4,85,"1,000",64,56,북동향,20250502,"['25년이상', '융자금없는', '1층', '관리비10만원이하']",37.549348,126.848816
2523276018,일반상가,월세,5/6,120,"1,000",96,96,북향,20250502,"['25년이상', '고층', '관리비10만원이하', '주차가능']",37.537259,126.839718
2523245890,일반상가,월세,3/4,100,"3,000",90,90,남서향,20250502,"['25년이상', '융자금없는', '고층', '총4층']",37.542817,126.847384
2523276330,일반상가,월세,3/5,100,"2,000",108,89,북서향,20250502,"['25년이상', '역세권', '중층', '관리비10만원이하']",37.544734,126.844443
2523274844,일반상가,매매,1/8,,32억,340,261,북향,20250502,"['25년이내', '역세권', '1층', '주차가능']",37.547775,126.834535
2523275894,일반상가,월세,2/6,120,"1,000",96,96,북향,20250502,"['25년이상', '지상층(1층제외)', '관리비10만원이하', '주차가능']",37.537259,126.839718
2523496609,일반상가,월세,B1/5,200,"2,000",187,132,북향,20250502,"['25년이상', '융자금적은', '역세권', '지하층']",37.541233,126.839662
2523493997,복합상가,월세,1/3,600,"7,000",212,118,북향,20250502,"['10년이내', '융자금없는', '1층', '주차가능']",37.554044,126.851729
2523495905,일반상가,월세,1/6,90,"1,000",21,18,남향,20250502,"['4년이내', '융자금적은', '1층', '관리비10만원이하']",37.538501,126.837873
2523494436,일반상가,월세,1/3,110,"2,000",36,36,북동향,20250502,"['25년이상', '융자금없는', '역세권', '1층']",37.541848,126.843105
2523513215,일반상가,월세,1/1,300,"4,000",112,112,동향,20250502,"['25년이상', '1층', '동향']",37.547808,126.849114
2523483524,일반상가,월세,1/4,300,"4,000",82,77,북서향,20250502,"['25년이상', '융자금적은', '1층', '관리비10만원이하']",37.545228,126.844841
2523488182,일반상가,월세,3/8,160,"3,000",177,148,남동향,20250502,"['25년이내', '융자금적은', '중층', '관리비10만원이하']",37.545251,126.84697
2523475666,일반상가,월세,1/2,120,"1,700",49,36,남동향,20250502,"['25년이상', '1층', '관리비10만원이하', '주차가능']",37.551383,126.851695
2523600876,복합상가,매매,3/18,,"5억 2,000",167,75,남동향,20250502,"['15년이내', '지상층(1층제외)', '주차가능', '엘리베이터']",37.554867,126.851263
2523600306,일반상가,월세,4/5,250,"2,500",158,139,남동향,20250502,"['4년이내', '고층', '주차가능', '총5층']",37.532905,126.839234
2523614246,일반상가,월세,3/5,300,"3,000",158,139,남동향,20250502,"['4년이내', '중층', '주차가능', '총5층']",37.532905,126.839234
2523574469,일반상가,월세,2/5,220,"3,000",117,105,북서향,20250502,"['25년이상', '융자금없는', '중층', '주차가능']",37.547125,126.845964
2523413275,일반상가,월세,2/5,120,"2,000",72,66,남동향,20250502,"['25년이상', '중층', '관리비10만원이하', '주차가능']",37.545563,126.844444
2523415283,일반상가,월세,1/3,600,"8,000",327,326,남서향,20250502,"['25년이상', '1층', '주차가능', '총3층']",37.551372,126.848378
2523533933,일반상가,월세,2/3,360,"5,000",294,264,동향,20250502,"['25년이상', '역세권', '중층', '주차가능']",37.543902,126.837836
2523497147,일반상가,월세,4/4,140,"1,500",149,149,북향,20250502,"['25년이상', '융자금적은', '고층', '관리비10만원이하']",37.545228,126.844841
2523536052,일반상가,월세,1/4,65,500,19,19,서향,20250502,"['25년이상', '역세권', '1층', '총4층']",37.539183,126.839179
2523447600,일반상가,월세,1/5,100,"1,000",26,25,북서향,20250502,"['15년이내', '역세권', '1층', '관리비20만원이하']",37.542041,126.843384
2523495054,일반상가,월세,3/3,60,"1,000",49,49,남서향,20250502,"['25년이상', '융자금적은', '고층', '총3층']",37.535493,126.837635
2523496163,일반상가,월세,3/6,130,"3,000",145,59,북동향,20250502,"['4년이내', '융자금적은', '역세권', '중층']",37.544586,126.837135
2523303198,일반상가,월세,2/5,900,"1억 5,000",329,284,남서향,20250502,"['2년이내', '역세권', '중층', '주차가능']",37.533317,126.846092
2523412937,일반상가,월세,1/4,60,"1,000",32,24,남동향,20250502,"['25년이내', '융자금없는', '역세권', '1층']",37.543525,126.837618
2523414749,일반상가,월세,1/3,120,"2,000",33,26,북서향,20250502,"['25년이상', '1층', '관리비10만원이하', '총3층']",37.549956,126.848307
2523308303,일반상가,월세,1/3,300,"4,000",114,114,북향,20250502,"['25년이상', '1층', '주차가능', '총3층']",37.551962,126.851282
2523337036,일반상가,월세,1/4,170,"2,000",93,93,동향,20250502,"['25년이상', '역세권', '1층', '주차가능']",37.541582,126.836598
2523368998,일반상가,월세,1/3,180,"3,000",90,90,서향,20250502,"['25년이상', '1층', '총3층', '서향']",37.54042,126.834198
2523470209,일반상가,월세,1/4,660,1억 500,283,240,남동향,20250502,"['25년이상', '융자금적은', '1층', '주차가능']",37.552106,126.849545
2523488724,일반상가,월세,1/3,70,"1,000",50,47,동향,20250502,"['25년이상', '1층', '총3층', '동향']",37.531049,126.857943
2523427277,일반상가,월세,B1/3,65,500,102,102,북향,20250502,"['25년이상', '지하층', '총3층', '북향']",37.552579,126.848656
2523420553,일반상가,월세,1/5,160,"2,000",75,66,북향,20250502,"['25년이상', '1층', '주차가능', '총5층']",37.5426,126.847036
2523395265,일반상가,월세,1/5,290,"5,000",94,89,북서향,20250502,"['25년이상', '융자금적은', '1층', '관리비10만원이하']",37.554329,126.853031
2523309334,일반상가,월세,1/8,110,"1,500",36,36,북향,20250502,"['25년이상', '융자금없는', '역세권', '1층']",37.532506,126.843834
2523508569,복합상가,월세,4/7,300,"5,000",182,128,남동향,20250502,"['4년이내', '융자금적은', '테라스', '역세권']",37.543081,126.838547
2523502709,일반상가,월세,4/6,560,"1억 2,000",461,296,북동향,20250502,"['4년이내', '역세권', '중층', '주차가능']",37.544586,126.837135
2523491795,일반상가,월세,5/5,"1,000",1억,433,350,북서향,20250502,"['10년이내', '융자금적은', '역세권', '고층']",37.540908,126.838659
2523493649,일반상가,월세,3/5,450,"4,500",278,226,북서향,20250502,"['10년이내', '융자금적은', '역세권', '중층']",37.540908,126.838659
2523482057,일반상가,월세,1/4,320,"4,000",67,63,북서향,20250502,"['25년이상', '융자금적은', '1층', '관리비10만원이하']",37.545228,126.844841
2523305157,일반상가,월세,3/7,120,"1,800",106,85,북동향,20250502,"['25년이내', '역세권', '중층', '관리비20만원이하']",37.538306,126.842381
2523305949,일반상가,월세,B1/4,"1,200",2억,444,444,북서향,20250502,"['25년이상', '지하층', '주차가능', '총4층']",37.552214,126.850635
2523308527,일반상가,월세,1/5,250,"3,000",90,72,북서향,20250502,"['25년이상', '1층', '관리비10만원이하', '주차가능']",37.548524,126.847133
2523305689,일반상가,월세,5/10,390,"4,000",293,174,북동향,20250502,"['25년이내', '역세권', '중층', '주차가능']",37.531167,126.846773
2523305512,일반상가,월세,3/4,"3,800","3억 8,000",1455,1256,북서향,20250502,"['2년이내', '고층', '주차가능', '엘리베이터']",37.539657,126.834182
2523303538,일반상가,월세,4/5,250,"5,000",122,122,남동향,20250502,"['25년이상', '역세권', '고층', '주차가능']",37.530261,126.863549
2523289893,일반상가,월세,7/9,550,"5,000",411,271,북동향,20250502,"['25년이내', '역세권', '고층', '주차가능']",37.542183,126.83955
2523299848,일반상가,월세,4/5,270,"5,000",198,181,남동향,20250502,"['25년이상', '역세권', '고층', '엘리베이터']",37.530261,126.863549
2523290274,일반상가,월세,4/9,300,"5,000",200,125,북동향,20250502,"['25년이내', '역세권', '중층', '주차가능']",37.542183,126.83955
2523503851,일반상가,월세,5/10,500,1억,413,340,북동향,20250502,"['25년이상', '역세권', '중층', '주차가능']",37.541951,126.839656
2523638978,단지내상가,월세,1/2,55,"2,000",28,28,남향,20250502,"['25년이상', '1층', '총2층', '남향']",37.545694,126.833613
2523395811,일반상가,월세,1/3,45,"1,000",29,23,북향,20250502,"['25년이상', '융자금없는', '1층', '총3층']",37.552467,126.854125
2523318441,일반상가,월세,8/9,200,"3,000",102,70,북서향,20250502,"['25년이상', '역세권', '고층', '주차가능']",37.541276,126.8399
2523246168,일반상가,월세,1/1,170,"4,000",30,30,북동향,20250502,"['25년이상', '역세권', '1층', '급매']",37.542225,126.843805
2523504582,일반상가,월세,3/10,300,"5,000",261,244,북동향,20250502,"['25년이상', '역세권', '지상층(1층제외)', '주차가능']",37.541951,126.839656
2523395060,일반상가,월세,1/5,63,"1,000",33,26,북서향,20250502,"['25년이상', '융자금적은', '1층', '관리비10만원이하']",37.549008,126.84816
2523502860,일반상가,월세,10/10,"1,000","1억 2,000",747,651,북동향,20250502,"['25년이상', '역세권', '고층', '주차가능']",37.541951,126.839656
2523501287,일반상가,월세,5/7,480,"5,000",341,314,남동향,20250502,"['25년이상', '융자금적은', '역세권', '고층']",37.541486,126.83878
2523500363,일반상가,월세,4/4,150,"2,000",169,148,남동향,20250502,"['25년이상', '융자금없는', '역세권', '고층']",37.541212,126.83795
2523599098,복합상가,월세,3/18,140,"3,000",158,71,남동향,20250502,"['15년이내', '융자금없는', '지상층(1층제외)', '주차가능']",37.554867,126.851263
2523606641,일반상가,월세,2/5,900,"1억 5,000",429,264,남서향,20250502,"['2년이내', '역세권', '중층', '주차가능']",37.533317,126.846092
2523394842,일반상가,월세,1/5,63,"1,000",33,26,북서향,20250502,"['25년이상', '융자금적은', '1층', '관리비10만원이하']",37.54887,126.848455
2523282928,일반상가,월세,1/4,130,"3,000",26,19,남서향,20250502,"['25년이상', '역세권', '1층', '관리비10만원이하']",37.540709,126.841514
2523305286,일반상가,월세,5/5,350,"6,000",218,198,북서향,20250502,"['25년이상', '고층', '주차가능', '엘리베이터']",37.552684,126.85074
2523331870,일반상가,월세,3/5,450,"4,500",216,181,북향,20250502,"['10년이내', '역세권', '중층', '주차가능']",37.540908,126.838659
2523318893,일반상가,월세,5/9,250,"3,000",145,105,북서향,20250502,"['25년이상', '역세권', '중층', '주차가능']",37.541276,126.8399
2523455218,일반상가,월세,3/5,350,"6,000",218,198,북서향,20250502,"['25년이상', '융자금적은', '중층', '주차가능']",37.552684,126.85074
2523444795,복합상가,월세,1/4,110,"2,000",50,29,남동향,20250502,"['25년이내', '융자금없는', '역세권', '1층']",37.544916,126.83565
2523313980,일반상가,월세,2/4,120,"2,000",146,146,남향,20250502,"['25년이상', '융자금적은', '중층', '주차가능']",37.527824,126.839985
2523279720,일반상가,월세,1/5,210,"3,000",142,132,북향,20250502,"['25년이상', '1층', '관리비10만원이하', '주차가능']",37.532327,126.841196
2523262101,일반상가,월세,1/4,250,"3,000",254,46,북향,20250502,"['25년이상', '역세권', '1층', '주차가능']",37.540709,126.841514
2523281455,일반상가,월세,1/2,350,1억,39,35,남서향,20250502,"['25년이상', '역세권', '1층', '총2층']",37.531538,126.847159
2523305177,일반상가,월세,1/3,110,"1,500",52,39,남동향,20250502,"['25년이상', '역세권', '1층', '주차가능']",37.538574,126.841694
2523304616,일반상가,월세,5/5,270,"5,000",178,178,남동향,20250502,"['25년이상', '역세권', '고층', '주차가능']",37.530261,126.863549
2523283785,일반상가,월세,2/4,250,"5,000",187,138,남서향,20250502,"['25년이상', '역세권', '중층', '주차가능']",37.540709,126.841514
2523486894,일반상가,월세,4/8,130,"3,000",132,105,북서향,20250502,"['25년이상', '중층', '주차가능', '엘리베이터']",37.547855,126.846486
2523306316,일반상가,월세,2/5,150,"2,000",148,132,북서향,20250502,"['25년이상', '중층', '주차가능', '총5층']",37.548524,126.847133
2523309057,일반상가,월세,1/2,200,"2,000",33,33,서향,20250502,"['25년이상', '역세권', '1층', '관리비10만원이하']",37.533512,126.846073
2523268036,일반상가,월세,1/5,110,"2,000",33,33,남서향,20250502,"['25년이내', '1층', '관리비10만원이하', '주차가능']",37.544897,126.835128
2523247454,일반상가,월세,3/4,100,"2,000",116,116,북동향,20250502,"['25년이상', '융자금없는', '역세권', '고층']",37.534241,126.848151
2523281678,일반상가,월세,1/5,230,"3,000",118,115,북향,20250502,"['25년이상', '1층', '관리비20만원이하', '주차가능']",37.531932,126.838646
2523324958,일반상가,월세,2/4,300,"5,000",201,201,북동향,20250502,"['25년이상', '중층', '주차가능', '총4층']",37.552908,126.851244
2523386128,일반상가,월세,1/2,70,"1,000",70,29,남향,20250502,"['25년이상', '역세권', '1층', '관리비10만원이하']",37.531986,126.851448
2523306450,단지내상가,월세,1/2,142,"3,200",33,33,북서향,20250502,"['25년이상', '역세권', '1층', '관리비10만원이하']",37.532149,126.847011
2523437834,일반상가,월세,1/6,340,"6,000",145,145,북향,20250502,"['25년이상', '역세권', '1층', '관리비20만원이하']",37.530522,126.848557
2523424859,단지내상가,매매,2/5,,"13억 5,000",257,118,동향,20250502,"['10년이내', '역세권', '중층', '주차가능']",37.547216,126.83682
2523222757,단지내상가,월세,1/4,230,1억,68,35,,20250502,"['25년이내', '역세권', '1층', '주차가능']",37.548397,126.836817
2523306015,일반상가,월세,2/3,130,"2,000",98,95,,20250502,"['25년이상', '중층', '총3층']",37.528443,126.841589
2523303948,일반상가,월세,1/3,300,"4,000",132,132,남서향,20250502,"['25년이상', '1층', '총3층', '남서향']",37.552724,126.853548
2523409073,일반상가,월세,2/4,150,"3,000",112,112,북서향,20250502,"['25년이상', '역세권', '중층', '관리비20만원이하']",37.542477,126.844158
2523371780,일반상가,월세,1/3,240,"3,000",71,66,북향,20250502,"['25년이상', '1층', '총3층', '북향']",37.528327,126.845563
2523291099,일반상가,월세,5/5,100,"1,000",76,66,북동향,20250502,"['25년이상', '역세권', '고층', '관리비20만원이하']",37.541325,126.838168
2523213389,일반상가,월세,1/4,220,"5,000",66,59,남향,20250502,"['15년이내', '1층', '관리비10만원이하', '주차가능']",37.537447,126.837152
2523300803,일반상가,월세,1/6,120,"2,000",28,26,동향,20250502,"['10년이내', '1층', '주차가능', '동향']",37.553009,126.853175
2523251078,일반상가,월세,1/4,130,"1,500",71,56,북동향,20250502,"['25년이상', '1층', '주차가능', '총4층']",37.549488,126.848556
2523284130,일반상가,월세,3/8,350,"5,000",152,152,남향,20250502,"['25년이내', '역세권', '중층', '주차가능']",37.541105,126.839213
2523315499,일반상가,월세,2/5,100,"1,000",66,42,북동향,20250501,"['25년이상', '역세권', '중층', '관리비10만원이하']",37.540782,126.840784
2523355773,일반상가,월세,1/3,180,"4,000",46,39,북향,20250501,"['25년이상', '융자금없는', '역세권', '1층']",37.530488,126.848013
2523303548,일반상가,월세,3/5,150,"2,000",144,116,북서향,20250501,"['25년이상', '중층', '관리비10만원이하', '주차가능']",37.537297,126.839978
2523316066,일반상가,월세,B1/10,40,"1,000",83,35,북동향,20250501,"['25년이상', '지하층', '관리비20만원이하', '주차가능']",37.554844,126.854292
2523354774,일반상가,월세,1/3,200,"4,000",52,46,북향,20250501,"['25년이상', '융자금없는', '역세권', '1층']",37.530488,126.848013
2523355740,일반상가,월세,1/4,130,"2,000",106,98,서향,20250501,"['25년이상', '역세권', '1층', '관리비10만원이하']",37.531074,126.85053
2523305322,일반상가,월세,4/4,"1,800","1억 8,000",727,628,북서향,20250501,"['2년이내', '고층', '주차가능', '엘리베이터']",37.539657,126.834182
2523274227,일반상가,월세,1/4,380,"3,000",96,63,남향,20250501,"['25년이상', '역세권', '1층', '관리비10만원이하']",37.530862,126.849247
2523250037,일반상가,월세,1/5,290,"5,000",94,76,북향,20250501,"['25년이상', '1층', '관리비10만원이하', '주차가능']",37.554329,126.853031
2523253295,일반상가,월세,1/5,85,"3,000",14,13,남동향,20250501,"['25년이상', '1층', '관리비10만원이하', '주차가능']",37.546277,126.844946
2523303828,일반상가,월세,1/4,"1,200","2억 5,000",181,142,북서향,20250501,"['2년이내', '1층', '주차가능', '엘리베이터']",37.539657,126.834182
2523071870,일반상가,월세,2/5,120,"2,000",72,56,남동향,20250430,"['25년이상', '중층', '관리비10만원이하', '주차가능']",37.545563,126.844444
2523130416,일반상가,월세,4/5,270,"5,000",214,178,남동향,20250430,"['25년이상', '역세권', '고층', '주차가능']",37.530261,126.863549
2523126407,일반상가,월세,1/8,460,"8,000",257,132,남서향,20250430,"['15년이내', '역세권', '1층', '주차가능']",37.540606,126.837563
2523161484,일반상가,월세,4/6,170,"2,000",119,100,남향,20250430,"['25년이상', '중층', '관리비20만원이하', '주차가능']",37.52857,126.84369
2523048795,일반상가,월세,3/4,150,"3,000",209,209,남향,20250430,"['25년이상', '고층', '관리비10만원이하', '주차가능']",37.5334,126.862755
2523071125,일반상가,월세,1/4,240,"5,000",82,59,남서향,20250430,"['25년이상', '역세권', '1층', '관리비10만원이하']",37.542169,126.840922
2523155856,일반상가,월세,1/5,250,"3,000",90,66,북서향,20250430,"['25년이상', '1층', '주차가능', '총5층']",37.548524,126.847133
2523062647,일반상가,매매,1/8,,32억,280,261,북향,20250430,"['25년이내', '역세권', '1층', '주차가능']",37.547775,126.834535
2523086507,일반상가,월세,1/7,100,"1,000",92,85,북동향,20250430,"['25년이내', '융자금없는', '역세권', '1층']",37.54109,126.840439
2523100982,일반상가,월세,1/5,85,"3,000",13,13,동향,20250430,"['25년이상', '1층', '관리비10만원이하', '주차가능']",37.546277,126.844946
2523117703,일반상가,월세,B1/3,45,"1,000",88,66,북서향,20250430,"['25년이상', '지하층', '총3층', '북서향']",37.53645,126.834646
2523044600,일반상가,월세,1/2,110,"1,000",25,23,남동향,20250430,"['25년이상', '1층', '주차가능', '총2층']",37.542841,126.847993
2523052898,일반상가,월세,2/7,560,"6,000",226,224,서향,20250430,"['25년이내', '지상층(1층제외)', '주차가능', '서향']",37.55336,126.851926
2523066837,일반상가,월세,B1/5,100,"2,000",116,92,서향,20250430,"['25년이상', '지하층', '주차가능', '총5층']",37.547125,126.845964
2523038591,일반상가,월세,1/2,220,"4,000",83,83,남동향,20250430,"['25년이상', '융자금없는', '1층', '주차가능']",37.554591,126.853933
2523058397,일반상가,월세,B1/4,220,"2,000",83,83,남동향,20250430,"['25년이상', '지하층', '관리비20만원이하', '주차가능']",37.55234,126.849738
2523080474,일반상가,월세,B1/15,800,1억,445,341,남향,20250430,"['4년이내', '지하층', '주차가능', '엘리베이터']",37.528648,126.845957
2523104515,일반상가,월세,4/4,150,"2,000",169,132,남동향,20250430,"['25년이상', '역세권', '고층', '주차가능']",37.541212,126.83795
2523081831,일반상가,월세,B1/15,800,1억,445,341,남향,20250430,"['4년이내', '지하층', '주차가능', '엘리베이터']",37.52872,126.846045
2523091451,단지내상가,월세,B2/15,400,"5,000",258,198,남향,20250430,"['4년이내', '지하층', '주차가능', '엘리베이터']",37.528648,126.845957
2523091870,일반상가,월세,B1/3,90,"1,000",74,66,북서향,20250430,"['25년이상', '역세권', '지하층', '관리비10만원이하']",37.541844,126.841441
2523081167,일반상가,월세,1/4,110,"2,000",139,29,남동향,20250430,"['25년이내', '역세권', '1층', '관리비10만원이하']",37.544916,126.83565
2523137649,일반상가,월세,5/7,480,"5,000",341,277,남향,20250430,"['25년이상', '역세권', '고층', '주차가능']",37.541486,126.83878
2523022563,일반상가,월세,B1/3,95,"1,000",148,74,북향,20250430,"['25년이상', '역세권', '지하층', '주차가능']",37.541844,126.841441
2523020234,일반상가,월세,2/4,150,"2,000",172,165,북향,20250430,"['25년이상', '중층', '주차가능', '총4층']",37.53203,126.862344
2523009772,일반상가,월세,1/4,110,"2,000",36,32,남동향,20250430,"['25년이내', '역세권', '1층', '관리비10만원이하']",37.544916,126.83565
2523129714,일반상가,월세,2/5,210,"2,000",168,132,남서향,20250430,"['25년이상', '역세권', '중층', '주차가능']",37.543094,126.839375
2523142082,일반상가,월세,1/4,430,"8,000",85,79,북향,20250430,"['25년이상', '역세권', '1층', '주차가능']",37.541927,126.839341
2523139441,일반상가,월세,1/4,60,500,73,33,남향,20250430,"['25년이상', '1층', '총4층', '남향']",37.530554,126.852794
2523162063,일반상가,월세,3/3,130,"2,000",158,140,남향,20250430,"['25년이상', '고층', '주차가능', '총3층']",37.52702,126.841498
2523014939,일반상가,월세,3/4,200,"3,000",133,111,남향,20250430,"['15년이내', '고층', '관리비10만원이하', '주차가능']",37.537447,126.837152
2523130138,일반상가,월세,1/3,75,"1,000",34,26,서향,20250430,"['25년이상', '융자금적은', '1층', '총3층']",37.527668,126.839905
2523132582,일반상가,월세,B1/2,210,"2,300",54,54,남동향,20250430,"['25년이상', '역세권', '지하층', '총2층']",37.530166,126.846713
2523165781,일반상가,월세,5/5,140,"3,000",156,140,동향,20250430,"['25년이상', '고층', '주차가능', '엘리베이터']",37.554132,126.851048
2523180788,일반상가,월세,B1/3,110,"1,500",132,132,남향,20250430,"['25년이상', '융자금적은', '지하층', '총3층']",37.532585,126.862882
2523176357,일반상가,월세,3/4,200,"2,000",156,153,북향,20250430,"['4년이내', '고층', '주차가능', '엘리베이터']",37.542799,126.846968
2523168716,일반상가,월세,3/5,450,"4,500",216,175,북향,20250430,"['10년이내', '역세권', '중층', '엘리베이터']",37.540908,126.838659
2523131145,일반상가,월세,1/3,750,1억,59,49,남동향,20250430,"['25년이상', '역세권', '1층', '관리비10만원이하']",37.530731,126.847018
2523156849,일반상가,월세,5/5,"1,000",1억,433,363,북향,20250430,"['10년이내', '역세권', '고층', '주차가능']",37.540908,126.838659
2523125655,일반상가,월세,1/4,50,500,24,24,남향,20250430,"['25년이상', '융자금적은', '1층', '총4층']",37.527824,126.839985
2523126717,일반상가,월세,2/4,200,"3,000",161,142,동향,20250430,"['25년이상', '중층', '관리비20만원이하', '주차가능']",37.537857,126.836709
2523154369,일반상가,월세,1/4,110,"2,000",50,33,남동향,20250430,"['25년이내', '융자금없는', '역세권', '1층']",37.544916,126.83565
2523019580,일반상가,월세,1/4,550,"5,500",388,370,서향,20250430,"['25년이상', '1층', '관리비20만원이하', '주차가능']",37.534986,126.862933
2523052777,일반상가,월세,4/7,440,"5,000",201,201,서향,20250430,"['25년이내', '중층', '주차가능', '서향']",37.55336,126.851926
2523071425,일반상가,월세,2/4,150,"1,500",82,59,남서향,20250430,"['25년이상', '역세권', '중층', '관리비10만원이하']",37.542169,126.840922
2523105560,일반상가,월세,1/2,200,"3,000",100,66,남서향,20250430,"['25년이상', '1층', '관리비10만원이하', '주차가능']",37.551383,126.851695
2523098380,일반상가,월세,B1/3,150,"2,000",124,115,남서향,20250430,"['25년이상', '역세권', '지하층', '관리비10만원이하']",37.533168,126.846182
2523085686,일반상가,월세,3/4,160,"2,500",117,89,서향,20250430,"['25년이상', '고층', '주차가능', '엘리베이터']",37.547125,126.845964
2523048927,일반상가,월세,B1/4,300,"3,000",396,396,남향,20250430,"['25년이상', '지하층', '관리비20만원이하', '주차가능']",37.5334,126.862755
2523180629,일반상가,월세,1/7,150,"2,000",39,39,남향,20250430,"['10년이내', '융자금적은', '역세권', '1층']",37.543961,126.836134
2523207214,일반상가,월세,1/4,70,"1,000",33,33,북서향,20250430,"['25년이상', '역세권', '1층', '관리비10만원이하']",37.542322,126.844458
2523201824,일반상가,월세,B1/3,70,500,130,130,남향,20250430,"['25년이상', '지하층', '관리비10만원이하', '주차가능']",37.530462,126.842312
2523135202,일반상가,월세,2/6,150,"5,000",164,164,북동향,20250430,"['25년이상', '지상층(1층제외)', '주차가능', '북동향']",37.535096,126.851759
2523196216,일반상가,월세,B1/13,100,"1,500",77,77,남향,20250430,"['10년이내', '융자금적은', '지하층', '주차가능']",37.52883,126.842629
2523130658,일반상가,월세,1/5,84,"1,000",46,46,북동향,20250430,"['2년이내', '역세권', '1층', '주차가능']",37.53239,126.842129
2523158278,일반상가,월세,3/5,130,"1,000",123,110,남서향,20250430,"['25년이상', '융자금없는', '역세권', '중층']",37.531987,126.849167
2523105239,일반상가,월세,B1/8,130,"2,000",132,92,북향,20250430,"['25년이내', '역세권', '지하층', '주차가능']",37.541105,126.839213
2523130933,일반상가,월세,4/7,300,500,123,123,남동향,20250430,"['4년이내', '역세권', '중층', '주차가능']",37.543148,126.838652
2523148493,일반상가,월세,1/4,110,"1,500",27,27,남향,20250430,"['25년이상', '1층', '관리비10만원이하', '주차가능']",37.528397,126.840938
2523118767,일반상가,월세,1/2,80,"1,500",33,33,북향,20250430,"['25년이상', '1층', '총2층', '북향']",37.54407,126.835606
2523186624,일반상가,월세,B1/3,100,"2,000",90,90,북향,20250430,"['25년이상', '지하층', '관리비10만원이하', '총3층']",37.552702,126.852479
2523089262,일반상가,월세,1/6,400,1억,46,41,남향,20250430,"['15년이내', '역세권', '1층', '주차가능']",37.54141,126.838502
2523138719,일반상가,월세,1/6,400,1억,73,41,남향,20250430,"['15년이내', '역세권', '1층', '주차가능']",37.54141,126.838502
2523173901,일반상가,월세,1/2,150,"3,000",63,63,북동향,20250430,"['25년이상', '역세권', '1층', '총2층']",37.534908,126.847288
2523194569,일반상가,월세,1/4,125,"1,500",39,39,남향,20250430,"['25년이상', '융자금적은', '1층', '급매']",37.532533,126.863169
2523102413,일반상가,월세,2/3,360,"5,000",294,247,북동향,20250430,"['25년이상', '역세권', '중층', '주차가능']",37.543902,126.837836
2523111055,일반상가,월세,1/4,200,"3,000",99,99,북향,20250430,"['25년이내', '융자금없는', '역세권', '1층']",37.530623,126.85017
2523130609,일반상가,월세,2/4,130,"1,500",77,56,북향,20250430,"['25년이상', '역세권', '중층', '관리비10만원이하']",37.530155,126.848168
2523127911,일반상가,월세,1/8,450,1억,81,42,북향,20250430,"['15년이내', '역세권', '1층', '관리비20만원이하']",37.540606,126.837563
2523096979,일반상가,월세,5/6,300,"5,000",229,165,북동향,20250430,"['25년이상', '역세권', '고층', '주차가능']",37.544148,126.837577
2523168490,일반상가,월세,1/5,"1,000","1억 2,000",798,565,남서향,20250430,"['25년이상', '역세권', '1층', '주차가능']",37.53905,126.842535
2523097836,일반상가,월세,2/4,150,"1,000",123,115,북서향,20250430,"['25년이상', '중층', '주차가능', '총4층']",37.537143,126.838884
2523207953,일반상가,월세,1/3,600,"8,000",338,271,남서향,20250430,"['25년이상', '1층', '주차가능', '총3층']",37.551372,126.848378
2523163528,일반상가,월세,2/3,360,"5,000",294,250,북동향,20250430,"['25년이상', '역세권', '중층', '주차가능']",37.543902,126.837836
2523118613,일반상가,월세,2/4,100,"2,000",127,107,북서향,20250430,"['25년이상', '중층', '관리비10만원이하', '주차가능']",37.547165,126.848837
2523222506,일반상가,월세,2/3,100,"2,000",112,100,동향,20250430,"['25년이상', '융자금없는', '중층', '총3층']",37.534808,126.863265
2522835493,일반상가,월세,1/2,550,2억,232,231,남동향,20250429,"['25년이상', '역세권', '1층', '관리비20만원이하']",37.541784,126.842574
2522843390,일반상가,월세,1/5,240,"5,000",140,125,남동향,20250429,"['25년이상', '1층', '관리비20만원이하', '주차가능']",37.553447,126.85006
2522848651,일반상가,월세,1/4,70,"1,000",21,19,북서향,20250429,"['25년이상', '1층', '관리비10만원이하', '주차가능']",37.552392,126.853284
2522884492,일반상가,월세,1/4,150,"3,000",65,49,남동향,20250429,"['25년이상', '1층', '관리비10만원이하', '주차가능']",37.538422,126.837666
2522854229,일반상가,월세,2/4,160,"3,000",191,191,남향,20250429,"['25년이상', '중층', '관리비10만원이하', '주차가능']",37.531754,126.857011
2522965034,일반상가,월세,3/10,590,1억,272,213,북동향,20250429,"['25년이내', '역세권', '지상층(1층제외)', '주차가능']",37.531631,126.846532
2523009951,일반상가,매매,1/6,,"2억 4,500",20,20,남향,20250429,"['10년이내', '역세권', '1층', '관리비10만원이하']",37.535833,126.846148
2522835719,일반상가,월세,1/1,270,"3,000",75,73,남동향,20250429,"['25년이상', '융자금적은', '역세권', '1층']",37.534312,126.847559
2522836036,일반상가,월세,3/4,200,"3,000",122,111,동향,20250429,"['15년이내', '고층', '관리비10만원이하', '주차가능']",37.537447,126.837152
2522994197,일반상가,월세,1/5,290,"5,000",94,82,서향,20250429,"['25년이상', '융자금적은', '1층', '관리비10만원이하']",37.554329,126.853031
2522942549,일반상가,월세,1/2,45,"1,000",23,16,북동향,20250429,"['25년이상', '융자금없는', '1층', '총2층']",37.552467,126.854125
2522978143,일반상가,월세,1/2,300,"7,000",85,85,남동향,20250429,"['25년이상', '역세권', '1층', '총2층']",37.528719,126.847427
2522996833,일반상가,월세,2/3,75,500,91,80,서향,20250429,"['25년이상', '중층', '주차가능', '총3층']",37.535543,126.845387
2522960356,일반상가,월세,1/2,90,"3,000",25,25,남향,20250429,"['25년이상', '1층', '총2층', '남향']",37.532772,126.857644
2523005547,일반상가,월세,1/1,110,"2,000",41,36,북향,20250429,"['25년이상', '역세권', '1층', '북향']",37.533957,126.847351
2522980618,일반상가,월세,1/1,100,"1,000",26,26,남향,20250429,"['25년이상', '융자금없는', '역세권', '1층']",37.530881,126.849961
2522905783,일반상가,월세,10/10,"1,000","1억 2,000",651,521,북동향,20250429,"['25년이상', '역세권', '고층', '주차가능']",37.541951,126.839656
2522944799,일반상가,월세,1/4,500,2억,82,49,북향,20250429,"['2년이내', '1층', '주차가능', '엘리베이터']",37.539657,126.834182
2522954169,일반상가,월세,1/4,320,"4,000",49,33,북서향,20250429,"['25년이상', '역세권', '1층', '총4층']",37.531958,126.84632
2522964731,일반상가,월세,1/3,230,"4,000",49,39,남향,20250429,"['25년이상', '역세권', '1층', '관리비20만원이하']",37.530488,126.848013
2522816911,일반상가,월세,1/4,100,"1,000",64,52,북동향,20250429,"['25년이내', '1층', '관리비10만원이하', '주차가능']",37.549348,126.848816
2522889134,일반상가,매매,1/19,,"9억 8,000",66,45,남동향,20250429,"['4년이내', '1층', '주차가능', '엘리베이터']",37.550829,126.848476
2522921321,일반상가,월세,3/5,320,"3,000",276,231,남서향,20250429,"['25년이상', '역세권', '중층', '주차가능']",37.543094,126.839375
2522898927,일반상가,월세,1/3,130,"2,000",38,38,남향,20250429,"['25년이상', '역세권', '1층', '총3층']",37.530604,126.844898
2522890041,일반상가,월세,1/3,600,1억,82,82,남서향,20250429,"['25년이상', '1층', '관리비20만원이하', '총3층']",37.552081,126.85021
2522885197,일반상가,월세,B1/4,"1,200",2억,444,396,북서향,20250429,"['25년이상', '지하층', '주차가능', '총4층']",37.552323,126.850438
2522910588,일반상가,월세,4/10,55,"1,000",67,57,북동향,20250429,"['25년이상', '중층', '관리비20만원이하', '주차가능']",37.554844,126.854292
2522848916,일반상가,월세,B1/4,60,"1,000",118,115,북서향,20250429,"['25년이상', '지하층', '관리비10만원이하', '주차가능']",37.552392,126.853284
2522873200,일반상가,월세,1/3,110,"1,000",42,38,남동향,20250429,"['25년이상', '융자금없는', '1층', '관리비10만원이하']",37.549865,126.847604
2522825702,일반상가,월세,2/3,150,"3,000",99,99,남서향,20250429,"['25년이상', '역세권', '중층', '총3층']",37.54463,126.837772
2522906327,일반상가,월세,3/10,300,"5,000",244,171,북동향,20250429,"['25년이상', '역세권', '지상층(1층제외)', '주차가능']",37.541951,126.839656
2522874507,일반상가,월세,1/2,120,"2,000",33,26,북서향,20250429,"['25년이상', '융자금없는', '1층', '관리비10만원이하']",37.549956,126.848307
2522940386,일반상가,월세,4/5,160,"3,000",231,181,남서향,20250429,"['25년이상', '융자금적은', '역세권', '고층']",37.544162,126.838458
2522905137,일반상가,월세,5/10,500,1억,340,284,북동향,20250429,"['25년이상', '역세권', '중층', '주차가능']",37.541951,126.839656
2522859054,일반상가,월세,1/4,135,"2,500",31,20,남향,20250429,"['25년이내', '역세권', '1층', '관리비10만원이하']",37.533116,126.847615
2522834277,일반상가,월세,3/3,80,"2,000",239,99,남동향,20250429,"['25년이상', '역세권', '고층', '총3층']",37.543255,126.843468
2522899220,일반상가,월세,B1/4,300,"3,000",363,363,남향,20250429,"['25년이상', '지하층', '관리비20만원이하', '총4층']",37.5334,126.862755
2522855018,일반상가,월세,1/4,350,"4,000",76,76,남서향,20250429,"['25년이상', '1층', '주차가능', '총4층']",37.545228,126.844841
2522897080,일반상가,월세,2/3,300,"3,000",79,79,북서향,20250429,"['25년이상', '역세권', '중층', '주차가능']",37.545067,126.844639
2522882403,복합상가,월세,2/6,135,"3,000",165,165,남향,20250429,"['25년이내', '역세권', '지상층(1층제외)', '주차가능']",37.534582,126.847785
2522853965,일반상가,월세,2/4,200,"3,000",206,206,,20250429,"['25년이상', '중층', '관리비10만원이하', '주차가능']",37.531745,126.859787
2522815756,일반상가,매매,1/5,,"2억 9,000",30,30,서향,20250429,"['25년이내', '1층', '관리비10만원이하', '주차가능']",37.542608,126.846793
2522698801,일반상가,월세,B1/7,100,"1,000",33,33,동향,20250429,"['25년이내', '지하층', '관리비10만원이하', '주차가능']",37.545705,126.844549
2522792273,일반상가,월세,전체층/6,700,1억,184,184,북동향,20250429,"['25년이내', '역세권', '주차가능', '엘리베이터']",37.544883,126.836818
2522806767,일반상가,월세,1/5,270,"3,000",117,117,남동향,20250429,"['25년이상', '1층', '주차가능', '총5층']",37.547094,126.845339
2522861741,일반상가,월세,1/15,400,"5,000",225,225,북동향,20250429,"['25년이내', '1층', '주차가능', '북동향']",37.550317,126.848778
2522832687,일반상가,월세,1/1,220,"2,000",11,11,북서향,20250429,"['25년이내', '역세권', '1층', '북서향']",37.541598,126.840985
2522835954,단지내상가,월세,1/19,200,"3,000",44,34,남동향,20250429,"['10년이내', '1층', '관리비20만원이하', '주차가능']",37.551767,126.849263
2522838247,일반상가,월세,1/3,140,"3,000",39,36,북서향,20250429,"['25년이상', '역세권', '1층', '총3층']",37.543904,126.843787
2522883800,일반상가,월세,2/4,150,"3,000",142,113,북서향,20250429,"['25년이상', '융자금없는', '역세권', '중층']",37.542477,126.844158
2522833767,일반상가,월세,1/4,70,"1,000",126,28,남동향,20250429,"['25년이상', '역세권', '1층', '총4층']",37.543545,126.843788
2522847288,일반상가,월세,2/4,450,"4,000",149,133,서향,20250429,"['25년이상', '중층', '관리비20만원이하', '주차가능']",37.545228,126.844841
2522906564,일반상가,월세,1/4,120,"3,000",84,82,남향,20250429,"['25년이내', '1층', '주차가능', '총4층']",37.541374,126.849164
2522846317,일반상가,월세,1/2,220,"4,000",76,76,남동향,20250429,"['25년이상', '1층', '총2층', '남동향']",37.554591,126.853933
2522887868,일반상가,월세,1/7,350,"8,000",46,39,북동향,20250429,"['15년이내', '역세권', '1층', '주차가능']",37.541144,126.840543
2522787606,일반상가,매매,B1/5,,70억,3147,1372,서향,20250429,"['15년이내', '역세권', '지하층', '주차가능']",37.547216,126.83682
2522984297,일반상가,월세,1/5,64,"1,000",29,29,남서향,20250429,"['4년이내', '1층', '관리비10만원이하', '주차가능']",37.531258,126.839404
2522943099,일반상가,월세,3/5,"1,800",2억,727,647,북향,20250429,"['2년이내', '중층', '주차가능', '엘리베이터']",37.539657,126.834182
2522927217,일반상가,월세,2/3,60,"1,000",108,54,서향,20250429,"['25년이상', '중층', '주차가능', '총3층']",37.531037,126.863289
2522995624,일반상가,월세,8/10,50,"1,000",82,40,남동향,20250429,"['25년이상', '고층', '주차가능', '천장에어컨']",37.554844,126.854292
2522857654,단지내상가,매매,2/5,,"7억 5,000",51,51,동향,20250429,"['15년이내', '역세권', '중층', '주차가능']",37.547216,126.83682
2522889009,일반상가,월세,1/3,150,"2,000",36,36,북향,20250429,"['25년이상', '1층', '총3층', '북향']",37.531483,126.857398
2522890570,일반상가,월세,3/3,120,"3,000",129,129,북향,20250429,"['25년이상', '고층', '총3층', '북향']",37.531483,126.857398
2522914386,일반상가,월세,4/7,300,"5,000",181,123,동향,20250429,"['4년이내', '역세권', '중층', '주차가능']",37.543148,126.838652
2522927215,일반상가,월세,2/5,45,"2,000",33,19,북서향,20250429,"['25년이내', '역세권', '중층', '관리비10만원이하']",37.544599,126.844434
2522631892,일반상가,월세,3/5,200,"3,000",247,165,남서향,20250428,"['25년이상', '역세권', '중층', '주차가능']",37.544162,126.838458
2522740878,복합상가,월세,1/7,300,"4,000",136,89,동향,20250428,"['10년이내', '역세권', '1층', '관리비20만원이하']",37.543961,126.836134
2522724905,일반상가,월세,1/5,85,"3,000",33,26,남동향,20250428,"['25년이상', '융자금적은', '1층', '관리비10만원이하']",37.546277,126.844946
2522700237,일반상가,월세,1/6,70,"1,000",39,29,남동향,20250428,"['25년이상', '1층', '주차가능', '남동향']",37.551523,126.852454
2522704239,일반상가,월세,3/4,200,"2,500",179,179,서향,20250428,"['25년이내', '고층', '관리비20만원이하', '주차가능']",37.551591,126.85133
2522472550,일반상가,월세,B1/3,40,"1,000",97,95,북서향,20250428,"['25년이상', '지하층', '총3층', '북서향']",37.548977,126.850105
2522659807,복합상가,월세,2/5,250,"3,000",156,132,남향,20250428,"['25년이상', '융자금적은', '중층', '주차가능']",37.554132,126.851048
2522663087,일반상가,월세,1/4,200,"2,000",66,66,동향,20250428,"['25년이상', '융자금없는', '1층', '주차가능']",37.544617,126.845659
2522663757,일반상가,매매,3/17,,31억,543,542,동향,20250428,"['15년이내', '지상층(1층제외)', '천장에어컨', '동향']",37.554309,126.850941
2522676256,일반상가,월세,1/4,65,500,40,18,서향,20250428,"['25년이상', '융자금없는', '역세권', '1층']",37.539183,126.839179
2522664394,일반상가,월세,1/2,90,"1,000",46,46,남향,20250428,"['25년이상', '역세권', '1층', '관리비10만원이하']",37.531986,126.851448
2522658974,일반상가,월세,3/4,160,"3,000",207,207,남향,20250428,"['25년이상', '융자금없는', '고층', '관리비20만원이하']",37.5334,126.862755
2522660923,일반상가,월세,2/4,60,"1,000",108,54,서향,20250428,"['25년이상', '중층', '주차가능', '총4층']",37.531037,126.863289
2522701928,복합상가,월세,5/9,200,"3,000",171,101,동향,20250428,"['25년이내', '융자금없는', '역세권', '중층']",37.530367,126.84718
2522672517,일반상가,월세,2/4,230,"2,000",119,119,남향,20250428,"['25년이상', '중층', '관리비10만원이하', '주차가능']",37.528673,126.844596
2522633628,일반상가,월세,2/6,140,"2,000",147,133,서향,20250428,"['25년이상', '지상층(1층제외)', '관리비10만원이하', '주차가능']",37.53278,126.836855
2522701829,일반상가,월세,B1/4,60,"1,000",118,118,북향,20250428,"['25년이상', '지하층', '관리비10만원이하', '주차가능']",37.552392,126.853284
2522664882,일반상가,월세,2/18,600,1억,322,322,동향,20250428,"['15년이내', '지상층(1층제외)', '천장에어컨', '동향']",37.554867,126.851263
2522634902,일반상가,월세,1/4,55,"1,000",33,33,동향,20250428,"['25년이상', '1층', '주차가능', '총4층']",37.532256,126.858312
2522676608,단지내상가,월세,1/3,140,"3,000",360,36,북서향,20250428,"['25년이상', '융자금없는', '역세권', '1층']",37.543904,126.843787
2522683686,일반상가,월세,1/2,60,500,33,33,남서향,20250428,"['25년이상', '1층', '총2층', '남서향']",37.548774,126.85018
2522695867,일반상가,월세,2/5,900,"1억 5,000",329,262,남서향,20250428,"['2년이내', '역세권', '중층', '주차가능']",37.533317,126.846092
2522650585,일반상가,월세,1/3,110,"1,000",149,38,남서향,20250428,"['25년이상', '1층', '관리비10만원이하', '주차가능']",37.549865,126.847604
2522703442,일반상가,월세,1/3,300,"5,000",64,64,남동향,20250428,"['25년이상', '융자금없는', '1층', '총3층']",37.5286,126.844238
2522703253,일반상가,월세,1/4,400,"8,000",147,103,남향,20250428,"['25년이상', '역세권', '1층', '주차가능']",37.529713,126.846635
2522702163,일반상가,월세,1/6,450,"8,500",149,149,남동향,20250428,"['25년이상', '1층', '주차가능', '남동향']",37.528589,126.844064
2522703883,일반상가,월세,1/4,110,"1,500",39,33,남향,20250428,"['25년이상', '융자금없는', '1층', '주차가능']",37.528397,126.840938
2522742647,일반상가,월세,2/18,550,"1억 6,000",476,323,남동향,20250428,"['15년이내', '융자금없는', '지상층(1층제외)', '주차가능']",37.554867,126.851263
2522703011,일반상가,월세,2/3,350,"5,000",174,159,북향,20250428,"['25년이상', '융자금없는', '역세권', '중층']",37.529948,126.847463
2522726570,일반상가,월세,1/4,100,"1,500",33,26,남서향,20250428,"['10년이내', '융자금없는', '역세권', '1층']",37.540763,126.839153
2522704306,일반상가,월세,1/2,300,"5,000",97,64,남향,20250428,"['25년이상', '융자금없는', '1층', '총2층']",37.534903,126.837604
2522753535,일반상가,월세,1/3,260,"3,000",99,82,동향,20250428,"['25년이상', '마당', '1층', '관리비10만원이하']",37.53173,126.862947
2522759866,일반상가,월세,1/6,180,"3,000",59,59,서향,20250428,"['10년이내', '역세권', '1층', '관리비10만원이하']",37.544768,126.837646
2522703663,일반상가,월세,1/5,300,"5,000",215,64,남동향,20250428,"['25년이내', '융자금없는', '1층', '주차가능']",37.528045,126.840073
2522713926,일반상가,월세,1/3,55,500,32,29,서향,20250428,"['25년이상', '역세권', '1층', '관리비10만원이하']",37.54439,126.840953
2522636110,일반상가,월세,2/3,630,"8,000",232,208,남서향,20250428,"['25년이상', '중층', '주차가능', '엘리베이터']",37.55313,126.851801
2522702078,일반상가,월세,1/4,60,"1,000",20,20,북서향,20250428,"['25년이상', '1층', '관리비10만원이하', '주차가능']",37.552392,126.853284
2522626885,일반상가,월세,B1/3,120,"1,500",128,112,남동향,20250428,"['25년이내', '역세권', '지하층', '관리비10만원이하']",37.542031,126.83909
2522638240,일반상가,월세,B1/2,130,"1,300",42,36,남향,20250428,"['25년이상', '지하층', '주차가능', '총2층']",37.553403,126.847757
2522605932,일반상가,월세,1/3,150,"2,000",66,47,남서향,20250428,"['25년이상', '1층', '총3층', '남서향']",37.533736,126.838728
2522557275,일반상가,월세,2/2,850,3억,456,456,북향,20250428,"['25년이상', '융자금없는', '역세권', '고층']",37.541784,126.842574
2522479883,일반상가,월세,2/3,360,"5,000",294,257,북동향,20250428,"['25년이상', '역세권', '중층', '주차가능']",37.544046,126.837751
2522607846,일반상가,월세,3/4,100,"2,000",109,92,남서향,20250428,"['25년이내', '고층', '관리비10만원이하', '주차가능']",37.54048,126.846217
2522601163,일반상가,월세,2/4,150,"2,000",172,172,서향,20250428,"['25년이상', '융자금적은', '중층', '주차가능']",37.53203,126.862344
2522480239,일반상가,월세,5/6,300,"5,000",229,198,북동향,20250428,"['25년이상', '역세권', '고층', '주차가능']",37.544148,126.837577
2522581141,일반상가,월세,1/2,75,"1,000",33,33,남서향,20250428,"['25년이상', '역세권', '1층', '총2층']",37.543862,126.842879
2522535797,일반상가,월세,3/4,120,"2,000",116,116,남향,20250428,"['25년이상', '역세권', '고층', '주차가능']",37.530968,126.850886
2522535043,일반상가,월세,3/8,360,"5,000",152,133,북향,20250428,"['25년이내', '융자금없는', '역세권', '중층']",37.541105,126.839213
2522566895,일반상가,월세,2/3,140,"2,000",99,99,북서향,20250428,"['25년이상', '융자금없는', '역세권', '중층']",37.543904,126.843787
2522659787,복합상가,매매,1/15,,6억,40,36,북서향,20250428,"['15년이내', '1층', '관리비20만원이하', '주차가능']",37.548963,126.847519
2522683302,일반상가,월세,2/6,240,"4,000",107,107,북서향,20250428,"['25년이내', '지상층(1층제외)', '관리비20만원이하', '주차가능']",37.552329,126.851201
2522572614,일반상가,월세,1/3,70,"1,000",19,19,남향,20250428,"['25년이상', '역세권', '1층', '총3층']",37.543545,126.843788
2522546095,일반상가,월세,1/5,80,"1,000",33,33,남서향,20250428,"['2년이내', '1층', '관리비10만원이하', '주차가능']",37.53156,126.853544
2522479726,복합상가,월세,4/7,300,"5,000",182,123,남동향,20250428,"['4년이내', '테라스', '역세권', '중층']",37.543148,126.838652
2522543657,일반상가,월세,1/2,150,"1,500",42,42,북서향,20250428,"['25년이상', '융자금없는', '역세권', '1층']",37.542945,126.844697
2522539841,일반상가,월세,2/3,360,"5,000",294,294,동향,20250428,"['25년이상', '융자금없는', '역세권', '중층']",37.543902,126.837836
2522597402,일반상가,월세,B1/4,280,"4,000",174,165,북서향,20250428,"['25년이상', '역세권', '지하층', '총4층']",37.531958,126.84632
2522471515,일반상가,월세,2/3,150,"3,000",105,73,남동향,20250428,"['25년이상', '중층', '총3층', '남동향']",37.546704,126.845198
2522661777,일반상가,매매,1/5,,2억,29,23,북동향,20250428,"['25년이내', '1층', '관리비10만원이하', '주차가능']",37.549667,126.850017
2522679039,일반상가,월세,B1/3,60,"1,000",123,115,동향,20250428,"['25년이상', '지하층', '총3층', '동향']",37.534661,126.863276
2522488515,일반상가,월세,1/3,120,"2,000",26,26,북서향,20250428,"['25년이상', '1층', '관리비10만원이하', '총3층']",37.549956,126.848307
2522471995,일반상가,월세,1/2,190,"1,800",82,82,남서향,20250428,"['25년이상', '1층', '관리비10만원이하', '총2층']",37.552264,126.853296
2522471734,일반상가,월세,3/5,350,"6,000",218,198,북서향,20250428,"['25년이상', '중층', '주차가능', '엘리베이터']",37.552593,126.850885
2522488278,일반상가,월세,1/1,270,"3,000",72,72,남동향,20250428,"['25년이상', '역세권', '1층', '남동향']",37.534312,126.847559
2522630902,일반상가,월세,1/3,300,"3,000",49,36,남서향,20250428,"['25년이상', '역세권', '1층', '총3층']",37.543786,126.843021
2522633474,일반상가,월세,4/5,270,"5,000",196,181,남향,20250428,"['25년이상', '역세권', '고층', '주차가능']",37.541157,126.837641
2522547626,일반상가,월세,1/3,240,"4,000",56,56,남서향,20250428,"['25년이상', '1층', '총3층', '남서향']",37.533736,126.838728
2522577352,일반상가,월세,B1/5,350,"5,000",155,137,남향,20250428,"['25년이내', '역세권', '지하층', '관리비20만원이하']",37.541899,126.838504
2522549208,일반상가,월세,1/4,65,"1,000",33,33,남서향,20250428,"['25년이상', '역세권', '1층', '주차가능']",37.542674,126.844568
2522606083,일반상가,월세,1/5,650,1억,66,66,남서향,20250428,"['25년이상', '역세권', '1층', '총5층']",37.541194,126.839433
2522561922,일반상가,월세,1/6,95,"2,000",45,37,북향,20250428,"['10년이내', '1층', '주차가능', '천장에어컨']",37.533885,126.861658
2522628814,일반상가,월세,1/4,260,"2,000",69,69,남서향,20250428,"['25년이내', '역세권', '1층', '주차가능']",37.540579,126.838334
2522594747,단지내상가,월세,1/5,160,"3,000",62,32,동향,20250428,"['15년이내', '역세권', '1층', '주차가능']",37.547216,126.83682
2522625116,일반상가,월세,B1/16,320,"3,000",278,219,북향,20250428,"['10년이내', '지하층', '주차가능', '북향']",37.528569,126.839381
2522767071,일반상가,월세,3/3,450,"7,000",285,238,남동향,20250428,"['25년이상', '역세권', '고층', '주차가능']",37.540928,126.836654
2522766334,일반상가,월세,2/3,350,"5,000",171,132,남동향,20250428,"['25년이상', '역세권', '중층', '주차가능']",37.540928,126.836654
2522769235,일반상가,월세,2/3,65,"1,000",99,99,남서향,20250428,"['25년이상', '역세권', '중층', '총3층']",37.541884,126.842743
2522592860,일반상가,월세,1/3,100,"3,000",60,60,서향,20250428,"['25년이상', '역세권', '1층', '총3층']",37.531763,126.847245
2522591641,일반상가,월세,3/4,190,"2,000",149,149,서향,20250428,"['25년이상', '고층', '관리비10만원이하', '총4층']",37.545228,126.844841
2522619225,일반상가,월세,1/5,120,"2,000",49,49,남향,20250428,"['25년이상', '1층', '관리비10만원이하', '주차가능']",37.532011,126.859248
2522570947,일반상가,월세,1/1,170,"4,000",33,33,동향,20250428,"['25년이상', '융자금없는', '역세권', '1층']",37.542225,126.843805
2522533090,일반상가,월세,1/1,253,"2,000",30,30,동향,20250428,"['25년이상', '융자금없는', '역세권', '1층']",37.543432,126.84329
2522471498,일반상가,월세,B1/4,70,"1,000",95,95,동향,20250428,"['25년이상', '지하층', '주차가능', '총4층']",37.546836,126.844272
2522530935,일반상가,월세,1/2,55,500,26,26,동향,20250428,"['25년이상', '1층', '총2층', '동향']",37.537715,126.836745
2522478033,단지내상가,월세,1/5,420,"5,000",162,162,북향,20250428,"['25년이상', '1층', '주차가능', '총5층']",37.531928,126.861468
2522489018,일반상가,월세,1/3,200,"2,000",42,42,북동향,20250428,"['25년이상', '1층', '관리비10만원이하', '총3층']",37.552702,126.852479
2522476722,일반상가,월세,1/1,315,"3,700",68,44,동향,20250428,"['4년이내', '역세권', '1층', '주차가능']",37.546249,126.835933
2522471879,일반상가,월세,1/7,170,"2,000",160,96,남서향,20250428,"['25년이내', '1층', '관리비10만원이하', '주차가능']",37.552749,126.848789
2522469858,일반상가,월세,2/18,550,"1억 6,000",380,323,북서향,20250428,"['15년이내', '지상층(1층제외)', '주차가능', '엘리베이터']",37.554867,126.851263
2522632294,일반상가,월세,4/5,160,"3,000",231,132,남서향,20250428,"['25년이상', '역세권', '고층', '주차가능']",37.544162,126.838458
2522576386,일반상가,월세,2/5,180,"3,000",146,132,남동향,20250428,"['25년이상', '융자금적은', '중층', '관리비20만원이하']",37.553447,126.85006
2522737647,일반상가,월세,1/4,280,"6,000",128,122,북서향,20250428,"['25년이내', '융자금적은', '1층', '관리비10만원이하']",37.554557,126.85032
2522752631,단지내상가,월세,1/3,180,"2,500",32,26,북동향,20250428,"['25년이상', '융자금없는', '1층', '관리비10만원이하']",37.533664,126.83734
2522652976,일반상가,월세,4/6,240,"3,000",234,198,북서향,20250428,"['25년이상', '중층', '관리비20만원이하', '주차가능']",37.534959,126.856288
2522745693,일반상가,월세,1/5,"1,000",1억,194,194,남향,20250428,"['25년이내', '1층', '주차가능', '총5층']",37.529427,126.858183
2522605097,일반상가,월세,2/3,100,"2,000",94,82,남서향,20250428,"['25년이상', '중층', '총3층', '남서향']",37.534117,126.83849
2522471534,일반상가,월세,4/5,270,"5,000",392,170,남향,20250428,"['25년이상', '융자금없는', '역세권', '고층']",37.541157,126.837641
2522471655,일반상가,월세,4/5,270,"5,000",215,175,남동향,20250428,"['25년이상', '융자금없는', '역세권', '고층']",37.530261,126.863549
2522472326,일반상가,월세,5/6,200,"2,000",208,181,서향,20250428,"['25년이내', '고층', '관리비20만원이하', '주차가능']",37.553138,126.847505
2522478579,일반상가,월세,5/5,500,1억,337,300,동향,20250428,"['25년이상', '역세권', '고층', '주차가능']",37.530261,126.863549
2522553210,일반상가,월세,1/2,580,1억,232,211,남동향,20250428,"['25년이상', '융자금없는', '역세권', '1층']",37.541784,126.842574
2522608345,일반상가,월세,1/4,100,"1,000",40,40,북서향,20250428,"['25년이상', '1층', '관리비10만원이하', '주차가능']",37.537143,126.838884
2522721709,일반상가,월세,1/4,80,"1,000",64,64,북동향,20250428,"['25년이내', '융자금없는', '1층', '관리비10만원이하']",37.549348,126.848816
2522749675,일반상가,월세,3/6,90,"1,500",66,52,북서향,20250428,"['25년이내', '역세권', '중층', '관리비10만원이하']",37.542328,126.842778
2522767480,일반상가,월세,3/3,150,"2,000",115,92,남동향,20250428,"['25년이상', '역세권', '고층', '관리비20만원이하']",37.540928,126.836654
2522674124,일반상가,매매,6/8,,13억,365,274,남향,20250428,"['25년이내', '역세권', '고층', '주차가능']",37.547775,126.834535
2522660401,일반상가,월세,1/5,250,"3,000",90,90,북향,20250428,"['25년이상', '1층', '주차가능', '총5층']",37.548524,126.847133
2522589512,일반상가,월세,1/5,400,1억,50,33,서향,20250428,"['15년이내', '역세권', '1층', '주차가능']",37.547216,126.83682
2522471900,복합상가,매매,B1/4,,18억,339,149,남서향,20250427,"['25년이상', '지하층', '주차가능', '총4층']",37.541384,126.845233
2522365151,일반상가,월세,3/5,50,"2,000",108,99,북서향,20250426,"['25년이상', '역세권', '중층', '주차가능']",37.542784,126.844446
2522363962,일반상가,월세,1/3,170,"2,500",38,34,남향,20250426,"['25년이상', '역세권', '1층', '관리비10만원이하']",37.530789,126.847909
2522364954,일반상가,월세,1/8,270,"5,000",34,32,북향,20250426,"['25년이내', '융자금없는', '역세권', '1층']",37.531395,126.847459
2522367032,일반상가,월세,1/4,300,"3,500",73,59,남향,20250426,"['25년이상', '융자금없는', '역세권', '1층']",37.54231,126.841463
2522369350,복합상가,매매,8/9,,26억,593,497,남동향,20250426,"['25년이내', '역세권', '고층', '주차가능']",37.541706,126.839407
2522372129,일반상가,월세,1/4,250,"4,000",59,39,북서향,20250426,"['25년이상', '융자금없는', '1층', '관리비10만원이하']",37.552323,126.850438
2522426874,단지내상가,월세,1/4,90,"1,000",49,39,동향,20250426,"['25년이상', '융자금없는', '역세권', '1층']",37.538435,126.839317
2522444582,일반상가,월세,1/3,70,"1,000",85,39,남향,20250426,"['25년이상', '1층', '총3층', '남향']",37.531049,126.857943
2522366231,일반상가,월세,4/9,150,"2,000",83,68,남동향,20250426,"['25년이내', '역세권', '중층', '주차가능']",37.541706,126.839407
2522406709,일반상가,월세,B1/4,70,"1,000",82,72,북서향,20250426,"['25년이상', '융자금적은', '지하층', '관리비10만원이하']",37.536867,126.836727
2522421561,일반상가,월세,1/3,90,"1,000",33,33,남서향,20250426,"['25년이상', '1층', '주차가능', '총3층']",37.537159,126.835268
2522407149,일반상가,월세,1/2,90,"1,000",48,39,서향,20250426,"['25년이상', '1층', '총2층', '서향']",37.53298,126.839364
2522405858,복합상가,월세,1/1,250,"5,000",81,81,북동향,20250426,"['25년이상', '1층', '주차가능', '북동향']",37.549804,126.848581
2522424373,일반상가,월세,2/4,150,"3,000",161,161,서향,20250426,"['25년이상', '중층', '관리비10만원이하', '주차가능']",37.537857,126.836709
2522402485,일반상가,월세,1/4,250,"5,000",114,114,남서향,20250426,"['25년이상', '융자금없는', '1층', '주차가능']",37.530924,126.863299
2522407273,일반상가,월세,1/3,168,"2,000",157,62,서향,20250426,"['25년이상', '융자금적은', '1층', '주차가능']",37.5426,126.847036
2522406970,복합상가,월세,1/2,150,"2,000",23,17,서향,20250426,"['25년이내', '융자금적은', '역세권', '1층']",37.547586,126.833327
2522450645,일반상가,월세,1/4,126,"1,500",42,42,남서향,20250426,"['25년이상', '1층', '관리비10만원이하', '총4층']",37.532533,126.863169
2522392747,일반상가,월세,2/5,80,"1,000",75,71,북향,20250426,"['25년이상', '중층', '주차가능', '총5층']",37.5426,126.847036
2522327601,단지내상가,매매,2/19,,"10억 5,000",211,211,북동향,20250426,"['15년이내', '지상층(1층제외)', '주차가능', '엘리베이터']",37.554308,126.851876
2522373117,일반상가,월세,3/7,135,"3,000",117,110,남향,20250426,"['25년이내', '융자금적은', '중층', '관리비20만원이하']",37.537476,126.837347
2522308593,일반상가,월세,9/10,500,"7,000",493,291,동향,20250426,"['25년이내', '역세권', '고층', '주차가능']",37.531084,126.846539
2522406736,일반상가,월세,1/5,105,"1,000",39,39,북서향,20250426,"['25년이상', '1층', '관리비10만원이하', '총5층']",37.54887,126.848455
2522407023,일반상가,월세,1/5,60,"1,000",20,19,서향,20250426,"['25년이상', '1층', '관리비10만원이하', '주차가능']",37.54887,126.848455
2522398225,일반상가,월세,1/3,120,"1,500",26,26,북향,20250426,"['25년이상', '융자금없는', '역세권', '1층']",37.534185,126.847993
2522315404,단지내상가,월세,2/5,650,1억,312,144,동향,20250426,"['10년이내', '역세권', '중층', '주차가능']",37.547216,126.83682
2522406593,일반상가,월세,1/4,130,"1,000",47,47,남동향,20250426,"['25년이내', '융자금적은', '1층', '관리비10만원이하']",37.535417,126.862634
2522407107,일반상가,월세,1/4,165,"2,000",93,93,북동향,20250426,"['25년이상', '1층', '주차가능', '총4층']",37.553302,126.852821
2522406490,복합상가,월세,1/4,121,"1,500",23,23,남향,20250426,"['10년이내', '역세권', '1층', '관리비10만원이하']",37.540763,126.839153
2522402270,일반상가,월세,B1/3,40,"1,000",97,85,북동향,20250426,"['25년이상', '융자금없는', '지하층', '관리비10만원이하']",37.548977,126.850105
2522407689,일반상가,월세,1/3,100,"1,000",69,69,동향,20250426,"['25년이상', '융자금적은', '역세권', '1층']",37.532268,126.842142
2522462520,일반상가,월세,1/3,40,500,15,15,동향,20250426,"['25년이상', '1층', '주차가능', '총3층']",37.529087,126.84133
2522377932,일반상가,매매,1/8,,"1억 6,000",31,22,서향,20250426,"['25년이내', '역세권', '1층', '관리비10만원이하']",37.540032,126.840933
2522252992,일반상가,월세,3/4,100,"2,000",109,109,남서향,20250425,"['25년이내', '고층', '관리비10만원이하', '주차가능']",37.54048,126.846217
2522206001,일반상가,월세,5/8,90,"1,300",85,82,북향,20250425,"['25년이상', '역세권', '중층', '관리비20만원이하']",37.532506,126.843834
2522202513,일반상가,월세,1/4,"1,700",3억,280,257,북향,20250425,"['2년이내', '1층', '주차가능', '엘리베이터']",37.539657,126.834182
2522250640,일반상가,월세,1/4,260,"3,000",42,42,남서향,20250425,"['25년이상', '역세권', '1층', '관리비20만원이하']",37.540709,126.841514
2522195671,일반상가,월세,2/12,240,"5,000",117,93,북동향,20250425,"['2년이내', '역세권', '지상층(1층제외)', '주차가능']",37.543251,126.838471
2522200750,일반상가,월세,2/18,250,"4,000",245,130,남동향,20250425,"['15년이내', '융자금없는', '지상층(1층제외)', '주차가능']",37.554867,126.851263
2522110167,일반상가,월세,1/2,350,1억,36,36,서향,20250425,"['25년이상', '역세권', '1층', '총2층']",37.531538,126.847159
2522106886,일반상가,월세,1/2,160,"2,000",40,39,북동향,20250425,"['25년이상', '1층', '총2층', '북동향']",37.553309,126.853424
2522080232,일반상가,월세,1/3,120,"2,000",50,50,서향,20250425,"['25년이상', '융자금없는', '1층', '주차가능']",37.533184,126.85949
2522083124,일반상가,월세,2/3,140,"2,000",86,86,북서향,20250425,"['25년이상', '역세권', '중층', '총3층']",37.543165,126.843098
2522080356,일반상가,월세,1/4,50,"1,000",30,30,동향,20250425,"['25년이상', '1층', '총4층', '동향']",37.536161,126.85768
2522082897,일반상가,월세,1/5,168,"2,000",62,62,북향,20250425,"['25년이상', '1층', '총5층', '북향']",37.5426,126.847036
2522089380,일반상가,월세,1/7,380,"7,000",34,34,동향,20250425,"['25년이내', '역세권', '1층', '주차가능']",37.532503,126.846691
2522106106,일반상가,월세,2/4,110,"1,500",98,98,북향,20250425,"['25년이내', '중층', '관리비10만원이하', '주차가능']",37.546609,126.845774
2522083958,일반상가,월세,1/2,237,"3,000",49,49,북서향,20250425,"['25년이상', '1층', '총2층', '북서향']",37.554161,126.852492
2522083732,일반상가,월세,1/2,160,"2,000",36,36,북향,20250425,"['25년이상', '1층', '총2층', '북향']",37.552669,126.852723
2522196208,일반상가,월세,2/12,220,"5,000",102,81,북동향,20250425,"['2년이내', '역세권', '지상층(1층제외)', '관리비20만원이하']",37.543251,126.838471
2522178041,일반상가,월세,1/3,120,"2,000",52,49,서향,20250425,"['25년이상', '1층', '주차가능', '총3층']",37.53631,126.837414
2522221108,일반상가,월세,1/4,320,"4,000",170,33,동향,20250425,"['25년이상', '융자금없는', '역세권', '1층']",37.531958,126.84632
2522218155,일반상가,월세,1/3,165,"3,000",34,34,북향,20250425,"['25년이상', '역세권', '1층', '관리비10만원이하']",37.540928,126.836654
2522207569,일반상가,월세,1/4,270,"3,000",348,46,서향,20250425,"['25년이상', '역세권', '1층', '관리비20만원이하']",37.540709,126.841514
2522123328,일반상가,월세,1/5,284,"4,200",305,148,북향,20250425,"['25년이상', '1층', '주차가능', '총5층']",37.531666,126.859211
2522143189,일반상가,월세,3/9,200,"4,000",220,183,북서향,20250425,"['25년이상', '지상층(1층제외)', '주차가능', '북서향']",37.553271,126.851181
2522214649,일반상가,월세,1/2,55,500,24,22,남동향,20250425,"['25년이상', '1층', '관리비10만원이하', '총2층']",37.533672,126.840669
2522182553,일반상가,월세,1/3,540,"5,000",132,132,서향,20250425,"['25년이상', '융자금적은', '역세권', '1층']",37.542903,126.843636
2522239609,일반상가,월세,1/3,65,"1,000",23,23,남향,20250425,"['25년이내', '1층', '총3층', '남향']",37.536463,126.847441
2522240123,일반상가,월세,1/6,190,"2,500",33,33,남향,20250425,"['25년이상', '1층', '관리비10만원이하', '남향']",37.528368,126.840067
2522194607,일반상가,월세,B1/12,300,"5,000",262,208,북동향,20250425,"['2년이내', '역세권', '지하층', '주차가능']",37.543251,126.838471
2522274773,일반상가,월세,1/2,160,"2,000",88,79,동향,20250425,"['25년이상', '1층', '총2층', '동향']",37.532335,126.860517
2522253463,일반상가,매매,B1/10,,"1억 2,500",61,46,북향,20250425,"['15년이내', '지하층', '북향']",37.530011,126.83999
2522275710,일반상가,월세,1/3,230,"3,000",49,49,북향,20250425,"['25년이상', '1층', '총3층', '북향']",37.533014,126.862006
2522295361,일반상가,월세,1/4,100,"1,000",56,56,남동향,20250425,"['25년이상', '1층', '관리비10만원이하', '주차가능']",37.547426,126.848559
2522290329,일반상가,월세,1/1,300,"4,000",99,99,북서향,20250425,"['25년이상', '융자금적은', '역세권', '1층']",37.534073,126.84768
2522241347,일반상가,월세,1/3,65,"1,500",16,16,북서향,20250425,"['25년이상', '1층', '관리비10만원이하', '총3층']",37.535399,126.861784
2522275919,일반상가,월세,1/3,140,"3,000",26,26,남향,20250425,"['25년이상', '융자금적은', '1층', '관리비10만원이하']",37.533238,126.863253
2522151732,일반상가,월세,5/6,300,"5,000",229,171,북서향,20250425,"['25년이상', '역세권', '고층', '주차가능']",37.544148,126.837577
2522211999,일반상가,월세,3/4,150,"2,500",202,161,남향,20250425,"['25년이상', '고층', '관리비10만원이하', '주차가능']",37.531731,126.856838
2522097001,일반상가,월세,1/4,110,"1,500",72,49,남향,20250425,"['25년이상', '1층', '주차가능', '총4층']",37.528397,126.840938
2522224021,일반상가,월세,2/4,300,"5,000",157,132,북서향,20250425,"['25년이상', '역세권', '중층', '주차가능']",37.544286,126.839042
2522192654,일반상가,월세,2/3,80,"1,000",76,49,남동향,20250425,"['25년이상', '역세권', '중층', '관리비10만원이하']",37.538937,126.839025
2522195138,일반상가,월세,2/6,150,"2,000",165,115,서향,20250425,"['25년이내', '역세권', '지상층(1층제외)', '주차가능']",37.542735,126.84087
2522190766,일반상가,월세,1/4,350,"5,000",105,92,북향,20250425,"['25년이내', '역세권', '1층', '관리비20만원이하']",37.544682,126.835895
2522114363,일반상가,월세,B1/3,40,500,66,66,북서향,20250425,"['25년이상', '지하층', '관리비10만원이하', '총3층']",37.546928,126.848672
2522180272,일반상가,월세,4/10,362,"7,000",499,383,북서향,20250425,"['25년이상', '중층', '주차가능', '엘리베이터']",37.553607,126.851372
2522254382,일반상가,월세,B2/10,350,"5,000",409,326,북동향,20250425,"['25년이상', '역세권', '지하층', '주차가능']",37.541951,126.839656
2522178481,일반상가,월세,3/4,90,"1,000",66,52,남동향,20250425,"['25년이상', '역세권', '고층', '관리비10만원이하']",37.541212,126.83795
2522179876,일반상가,월세,1/6,"2,200","2억 7,000",1914,1588,남향,20250425,"['25년이상', '1층', '주차가능', '엘리베이터']",37.529343,126.857548
2522180809,일반상가,월세,B1/6,250,"3,000",381,311,남향,20250425,"['25년이상', '지하층', '주차가능', '엘리베이터']",37.529343,126.857548
2522192392,일반상가,월세,3/8,360,"5,000",152,132,북서향,20250425,"['25년이내', '역세권', '중층', '주차가능']",37.541105,126.839213
2522177225,일반상가,월세,B1/3,50,500,56,56,남서향,20250425,"['25년이상', '지하층', '총3층', '남서향']",37.547296,126.845522
2522279011,일반상가,월세,1/5,"1,140","1억 7,000",647,575,북서향,20250425,"['25년이상', '융자금없는', '마당', '1층']",37.547125,126.845964
2522205312,일반상가,월세,B1/3,180,"2,500",204,181,북동향,20250425,"['25년이상', '역세권', '지하층', '주차가능']",37.543902,126.837836
2522276084,복합상가,월세,3/6,90,"1,000",90,70,남동향,20250425,"['25년이상', '중층', '주차가능', '화재경보기']",37.547456,126.845609
2522306596,일반상가,월세,2/5,170,"3,000",168,136,남서향,20250425,"['25년이상', '중층', '주차가능', '엘리베이터']",37.554325,126.854046
2522254503,일반상가,월세,3/5,250,"5,000",252,252,북향,20250425,"['25년이내', '융자금없는', '역세권', '중층']",37.533675,126.846557
2522322048,일반상가,월세,1/5,100,"1,000",27,25,북서향,20250425,"['15년이내', '융자금없는', '역세권', '1층']",37.542041,126.843384
2522196085,단지내상가,매매,3/3,,"1억 1,000",41,30,북동향,20250425,"['25년이상', '고층', '주차가능', '총3층']",37.533664,126.83734
2522190344,일반상가,월세,4/5,230,"3,500",126,99,북서향,20250425,"['10년이내', '고층', '주차가능', '엘리베이터']",37.552461,126.851337
2522179719,일반상가,월세,1/2,150,"2,000",54,53,남서향,20250425,"['25년이상', '1층', '총2층', '남서향']",37.551128,126.852573
2522140100,일반상가,월세,5/5,140,"3,000",156,156,남서향,20250425,"['25년이상', '융자금없는', '고층', '주차가능']",37.554132,126.851048
2521983896,일반상가,월세,1/2,110,"1,000",46,39,남서향,20250424,"['25년이상', '1층', '총2층', '남서향']",37.529037,126.839069
2522037279,일반상가,월세,2/5,150,"2,000",102,99,북서향,20250424,"['25년이상', '융자금적은', '중층', '관리비10만원이하']",37.554329,126.853031
2522027129,일반상가,월세,1/4,110,"1,000",49,46,동향,20250424,"['25년이상', '융자금없는', '1층', '총4층']",37.530086,126.861998
2522080681,복합상가,월세,2/5,150,"2,000",148,121,북서향,20250424,"['25년이상', '중층', '관리비10만원이하', '주차가능']",37.548524,126.847133
2521970101,일반상가,월세,4/5,270,"5,000",337,175,동향,20250424,"['25년이상', '융자금적은', '역세권', '고층']",37.530261,126.863549
2521967581,일반상가,월세,2/4,700,1억,331,297,북서향,20250424,"['25년이상', '융자금적은', '중층', '주차가능']",37.552323,126.850438
2521993805,일반상가,월세,3/5,50,"2,000",108,108,서향,20250424,"['25년이상', '역세권', '중층', '총5층']",37.542784,126.844446
2522078940,복합상가,매매,1/15,,6억,54,36,북서향,20250424,"['25년이내', '1층', '주차가능', '엘리베이터']",37.548863,126.847332
2522080440,복합상가,월세,1/5,250,"3,000",90,62,북서향,20250424,"['25년이상', '1층', '관리비10만원이하', '주차가능']",37.548524,126.847133
2522032167,일반상가,월세,2/3,250,"5,000",99,99,동향,20250424,"['25년이상', '융자금없는', '중층', '총3층']",37.53218,126.86344
2521991310,일반상가,월세,B1/4,70,"1,000",66,66,남서향,20250424,"['25년이상', '지하층', '관리비10만원이하', '총4층']",37.536867,126.836727
2522045955,일반상가,월세,1/6,800,1억,167,66,북동향,20250424,"['25년이내', '융자금없는', '역세권', '1층']",37.547828,126.835379
2522044821,일반상가,월세,1/8,130,"2,000",35,33,북향,20250424,"['25년이상', '역세권', '1층', '관리비10만원이하']",37.547775,126.834535
2521995000,일반상가,월세,1/7,850,"7,000",146,125,북서향,20250424,"['25년이상', '1층', '주차가능', '엘리베이터']",37.552825,126.851671
2522036851,일반상가,월세,1/2,135,"2,000",38,38,남동향,20250424,"['25년이상', '1층', '총2층', '남동향']",37.532586,126.839036
2521995832,일반상가,월세,4/7,240,"3,000",171,140,북서향,20250424,"['25년이상', '중층', '주차가능', '엘리베이터']",37.552825,126.851671
2522007828,일반상가,매매,1/6,,"4억 2,000",45,45,남서향,20250424,"['4년이내', '역세권', '1층', '관리비10만원이하']",37.539122,126.843246
2522063272,일반상가,월세,1/2,220,"4,000",97,76,북동향,20250424,"['25년이상', '1층', '총2층', '북동향']",37.542586,126.848042
2522063567,일반상가,월세,1/5,100,"1,000",39,39,북동향,20250424,"['25년이상', '1층', '관리비10만원이하', '주차가능']",37.547014,126.843955
2522063959,일반상가,월세,1/3,60,"1,000",29,29,남서향,20250424,"['25년이상', '1층', '총3층', '남서향']",37.542819,126.847514
2521989882,일반상가,월세,3/3,200,"3,000",167,165,남향,20250424,"['25년이상', '고층', '총3층', '남향']",37.552104,126.850529
2522064339,일반상가,월세,1/2,220,"3,000",109,99,남서향,20250424,"['25년이상', '1층', '총2층', '남서향']",37.551671,126.851733
2522021733,일반상가,월세,2/6,140,"2,000",147,147,북동향,20250424,"['25년이상', '지상층(1층제외)', '관리비10만원이하', '주차가능']",37.53278,126.836855
2522021554,일반상가,월세,1/4,750,1억,39,39,남동향,20250424,"['25년이상', '융자금적은', '역세권', '1층']",37.530731,126.847018
2521988899,일반상가,월세,3/9,250,"5,000",383,132,서향,20250424,"['25년이상', '지상층(1층제외)', '주차가능', '엘리베이터']",37.553271,126.851181
2522030260,일반상가,월세,3/4,80,"1,000",72,70,서향,20250424,"['25년이상', '융자금없는', '고층', '관리비10만원이하']",37.531648,126.863236
2522046510,일반상가,월세,1/5,420,"5,000",162,148,북향,20250424,"['25년이상', '융자금없는', '1층', '주차가능']",37.531928,126.861468
2521948625,일반상가,월세,1/4,100,"2,000",33,33,북서향,20250424,"['25년이내', '1층', '관리비10만원이하', '주차가능']",37.554557,126.85032
2521970969,일반상가,월세,2/5,900,"1억 5,000",265,265,남서향,20250424,"['2년이내', '역세권', '중층', '주차가능']",37.533317,126.846092
2521946645,일반상가,월세,B1/3,70,"1,000",26,26,동향,20250424,"['25년이내', '지하층', '주차가능', '총3층']",37.533238,126.857481
2521971789,일반상가,월세,B2/15,400,"5,000",198,198,남향,20250424,"['4년이내', '융자금적은', '지하층', '주차가능']",37.52872,126.846045
2521940593,일반상가,월세,1/3,120,"1,500",33,33,남향,20250424,"['25년이상', '역세권', '1층', '총3층']",37.54436,126.837092
2521970145,일반상가,월세,1/3,750,"1억 5,000",82,76,남서향,20250424,"['25년이상', '역세권', '1층', '총3층']",37.531818,126.846992
2521955261,일반상가,월세,1/3,90,"2,000",33,33,남향,20250424,"['25년이상', '1층', '주차가능', '총3층']",37.531896,126.858054
2521987854,일반상가,월세,1/15,220,"3,000",49,49,동향,20250424,"['10년이내', '1층', '주차가능', '동향']",37.554044,126.851729
2521911251,일반상가,월세,1/2,120,"1,500",40,40,북향,20250424,"['25년이상', '역세권', '1층', '주차가능']",37.544138,126.837404
2521914046,일반상가,월세,1/3,125,"2,000",144,45,남향,20250424,"['25년이상', '1층', '총3층', '남향']",37.531957,126.858711
2521925739,일반상가,월세,3/4,"2,000",2억,727,640,북서향,20250424,"['2년이내', '고층', '주차가능', '엘리베이터']",37.539657,126.834182
2521924705,일반상가,월세,4/4,"1,800",2억,727,630,북향,20250424,"['2년이내', '고층', '주차가능', '총4층']",37.539657,126.834182
2521916824,복합상가,월세,1/5,80,"1,000",31,31,북향,20250424,"['25년이내', '1층', '주차가능', '총5층']",37.534975,126.85031
2521912580,복합상가,월세,1/5,150,"2,000",62,62,북향,20250424,"['25년이내', '1층', '주차가능', '총5층']",37.534975,126.85031
2521907382,일반상가,월세,5/10,500,1억,413,280,북동향,20250424,"['25년이상', '역세권', '중층', '주차가능']",37.541951,126.839656
2521918855,일반상가,월세,2/4,120,"3,000",80,80,북동향,20250424,"['25년이상', '역세권', '중층', '총4층']",37.544162,126.836952
2521920749,일반상가,월세,1/1,270,"3,000",73,72,남동향,20250424,"['25년이상', '역세권', '1층', '남동향']",37.534312,126.847559
2521987255,일반상가,월세,1/12,160,"3,000",130,130,동향,20250424,"['25년이내', '1층', '관리비20만원이하', '주차가능']",37.55451,126.851992
2521935191,일반상가,월세,1/4,120,"2,000",28,28,북향,20250424,"['25년이상', '역세권', '1층', '주차가능']",37.547852,126.833603
2521981207,일반상가,월세,1/2,250,"3,000",80,70,남서향,20250424,"['25년이상', '1층', '총2층', '남서향']",37.551994,126.850416
2521979599,일반상가,월세,2/18,260,"8,000",240,128,남동향,20250424,"['15년이내', '융자금없는', '지상층(1층제외)', '주차가능']",37.554867,126.851263
2521931811,일반상가,월세,1/5,250,"5,000",50,50,북향,20250424,"['10년이내', '역세권', '1층', '관리비20만원이하']",37.533661,126.846724
2521928804,일반상가,월세,1/2,120,"2,000",23,23,남향,20250424,"['25년이상', '역세권', '1층', '관리비10만원이하']",37.533727,126.84584
2521862173,일반상가,월세,1/2,30,500,94,19,북서향,20250424,"['25년이상', '1층', '총2층', '북서향']",37.548893,126.850006
2521866904,일반상가,월세,1/2,186,"1,000",46,46,남서향,20250424,"['25년이상', '역세권', '1층', '총2층']",37.543184,126.843858
2521775577,일반상가,월세,1/4,250,"5,000",89,89,북동향,20250424,"['25년이상', '융자금없는', '1층', '주차가능']",37.554458,126.849422
2521850500,일반상가,월세,1/2,240,"3,000",97,97,북동향,20250424,"['25년이상', '1층', '천장에어컨', '총2층']",37.534903,126.837604
2521922009,일반상가,월세,2/5,120,"2,000",72,51,남동향,20250424,"['25년이상', '중층', '관리비10만원이하', '주차가능']",37.545563,126.844444
2521967431,일반상가,월세,8/9,200,"3,000",132,92,북서향,20250424,"['25년이상', '역세권', '고층', '주차가능']",37.541276,126.8399
2521962745,일반상가,월세,1/3,750,1억,56,49,남동향,20250424,"['25년이상', '역세권', '1층', '총3층']",37.530731,126.847018
2521909028,일반상가,월세,2/4,150,"1,500",82,63,남향,20250424,"['25년이상', '역세권', '중층', '관리비10만원이하']",37.542169,126.840922
2521869405,일반상가,월세,1/3,380,"4,000",158,142,남향,20250424,"['25년이상', '1층', '주차가능', '총3층']",37.52702,126.841498
2521916830,일반상가,월세,3/4,140,"2,000",116,102,남동향,20250424,"['25년이내', '융자금적은', '고층', '주차가능']",37.554307,126.849903
2521907338,일반상가,월세,1/2,70,500,26,26,남서향,20250424,"['25년이상', '1층', '총2층', '남서향']",37.545655,126.848146
2521865407,일반상가,월세,1/2,63,"1,000",26,26,북서향,20250424,"['25년이상', '1층', '총2층', '북서향']",37.548893,126.850006
2521923124,일반상가,월세,B1/6,80,"2,000",206,185,남서향,20250424,"['25년이상', '융자금적은', '지하층', '주차가능']",37.550981,126.85205
2521920018,일반상가,월세,2/3,150,"3,000",139,139,남향,20250424,"['25년이상', '융자금없는', '역세권', '중층']",37.54436,126.837092
2521949818,일반상가,월세,2/10,280,"5,000",198,171,북동향,20250424,"['25년이상', '역세권', '지상층(1층제외)', '주차가능']",37.541951,126.839656
2521983982,일반상가,월세,1/2,80,"1,500",31,31,북향,20250424,"['25년이상', '1층', '총2층', '북향']",37.54407,126.835606
2522044662,일반상가,월세,1/12,180,"3,000",54,54,북서향,20250424,"['25년이내', '융자금없는', '1층', '관리비20만원이하']",37.55451,126.851992
2521993708,일반상가,월세,1/6,720,1억,372,257,남향,20250424,"['25년이상', '1층', '주차가능', '엘리베이터']",37.529343,126.857548
2521984291,일반상가,월세,1/2,100,"1,000",40,33,동향,20250424,"['25년이상', '1층', '총2층', '동향']",37.532176,126.839288
2521927597,일반상가,월세,2/6,170,"5,000",198,165,남서향,20250424,"['25년이상', '지상층(1층제외)', '주차가능', '엘리베이터']",37.550981,126.85205
2521931916,일반상가,월세,B1/3,40,500,82,76,북서향,20250424,"['25년이상', '융자금없는', '지하층', '관리비10만원이하']",37.546928,126.848672
2521878822,일반상가,월세,1/4,700,1억,242,224,남향,20250424,"['25년이상', '1층', '주차가능', '총4층']",37.552323,126.850438
2521902759,일반상가,월세,B1/10,300,"5,000",409,280,북동향,20250424,"['25년이상', '역세권', '지하층', '주차가능']",37.541951,126.839656
2521868338,일반상가,월세,1/2,100,"2,000",33,33,남동향,20250424,"['25년이상', '역세권', '1층', '총2층']",37.542787,126.836693
2521906346,일반상가,월세,1/3,150,"4,000",42,42,북동향,20250424,"['25년이상', '1층', '총3층', '북동향']",37.532591,126.858201
2521896087,일반상가,월세,1/5,560,"7,700",305,305,북향,20250424,"['25년이상', '1층', '주차가능', '총5층']",37.531666,126.859211
2521827983,일반상가,월세,1/4,130,"2,000",46,46,북향,20250424,"['25년이상', '융자금없는', '역세권', '1층']",37.547821,126.834207
2521863061,일반상가,월세,1/2,80,"1,000",39,39,남서향,20250424,"['25년이상', '1층', '총2층', '남서향']",37.548893,126.850006
2521925485,일반상가,월세,4/6,150,"3,000",198,165,남서향,20250424,"['25년이상', '융자금적은', '중층', '주차가능']",37.550981,126.85205
2521863997,일반상가,월세,1/2,90,"1,000",30,29,북동향,20250424,"['25년이상', '1층', '총2층', '북동향']",37.547808,126.849114
2521918026,복합상가,매매,1/5,,"2억 7,500",71,62,북향,20250424,"['25년이내', '1층', '주차가능', '총5층']",37.534975,126.85031
2521922568,일반상가,월세,1/4,"1,000","2억 5,000",140,116,북서향,20250424,"['2년이내', '1층', '주차가능', '엘리베이터']",37.539657,126.834182
2521923882,일반상가,월세,3/4,90,"3,000",124,105,북향,20250424,"['25년이상', '고층', '관리비10만원이하', '주차가능']",37.536821,126.836485
2521909482,일반상가,월세,3/10,300,"5,000",261,178,북동향,20250424,"['25년이상', '역세권', '지상층(1층제외)', '주차가능']",37.541951,126.839656
2521917001,일반상가,월세,1/7,"1,000",2억,77,66,북서향,20250424,"['25년이내', '역세권', '1층', '주차가능']",37.541665,126.841134
2521928265,일반상가,월세,4/4,"1,600",2억,727,640,북서향,20250424,"['2년이내', '고층', '주차가능', '엘리베이터']",37.539657,126.834182
2521920562,일반상가,월세,3/4,"2,000",2억,727,632,북향,20250424,"['2년이내', '고층', '주차가능', '총4층']",37.539657,126.834182
2521926084,일반상가,월세,1/1,340,"3,600",34,34,서향,20250424,"['4년이내', '역세권', '1층', '주차가능']",37.546249,126.835933
2521915882,일반상가,월세,1/2,140,"2,000",23,23,남향,20250424,"['25년이상', '역세권', '1층', '총2층']",37.534065,126.846824
2521738800,일반상가,월세,2/4,150,"1,500",82,60,남서향,20250423,"['25년이상', '역세권', '중층', '관리비10만원이하']",37.542169,126.840922
2521812622,일반상가,월세,B1/3,150,"3,000",163,125,북서향,20250423,"['25년이상', '융자금적은', '지하층', '관리비10만원이하']",37.548648,126.847236
2521813015,일반상가,월세,1/6,85,"1,000",42,42,북서향,20250423,"['25년이내', '1층', '관리비10만원이하', '주차가능']",37.537278,126.839829
2521741567,일반상가,월세,1/10,300,"5,000",298,206,북서향,20250423,"['25년이상', '역세권', '1층', '주차가능']",37.54174,126.838847
2521753211,일반상가,월세,B1/3,130,"2,000",147,125,북동향,20250423,"['25년이상', '역세권', '지하층', '관리비20만원이하']",37.540396,126.841037
2521660079,일반상가,월세,3/4,150,"2,000",116,115,남동향,20250423,"['25년이내', '고층', '관리비20만원이하', '주차가능']",37.554307,126.849903
2521791556,일반상가,월세,1/4,850,"1억 5,000",155,142,북서향,20250423,"['2년이내', '1층', '주차가능', '엘리베이터']",37.539657,126.834182
2521740735,일반상가,월세,1/5,60,"1,000",83,29,남향,20250423,"['10년이내', '융자금없는', '1층', '관리비10만원이하']",37.534723,126.859437
2521702474,일반상가,월세,3/4,250,"3,000",207,207,남서향,20250423,"['25년이상', '융자금적은', '고층', '주차가능']",37.551867,126.850917
2521794212,일반상가,월세,1/2,500,"6,000",160,140,남향,20250423,"['25년이상', '융자금없는', '1층', '총2층']",37.551994,126.850416
2521742040,일반상가,월세,1/6,85,"1,000",42,26,북서향,20250423,"['25년이내', '1층', '관리비10만원이하', '주차가능']",37.537278,126.839829
2521718891,일반상가,매매,2/18,,23억,638,340,동향,20250423,"['15년이내', '지상층(1층제외)', '주차가능', '엘리베이터']",37.554867,126.851263
2521770414,일반상가,월세,1/4,180,"2,000",66,66,남향,20250423,"['25년이상', '1층', '주차가능', '총4층']",37.529825,126.856401
2521811276,일반상가,월세,2/3,100,"2,000",132,132,서향,20250423,"['25년이상', '융자금적은', '중층', '총3층']",37.532819,126.857935
2521800579,일반상가,월세,2/3,150,"3,000",142,112,북서향,20250423,"['25년이상', '역세권', '중층', '총3층']",37.542477,126.844158
2521784006,일반상가,월세,B1/5,200,"2,000",187,148,북동향,20250423,"['25년이상', '역세권', '지하층', '관리비20만원이하']",37.541233,126.839662
2521703685,일반상가,월세,2/4,200,"3,000",332,152,남서향,20250423,"['25년이상', '융자금적은', '중층', '주차가능']",37.551867,126.850917
2521801893,일반상가,월세,B1/3,90,"1,000",74,49,북서향,20250423,"['25년이상', '역세권', '지하층', '관리비10만원이하']",37.541844,126.841441
2521767206,일반상가,월세,1/2,120,"2,000",51,51,북향,20250423,"['25년이상', '역세권', '1층', '총2층']",37.530731,126.851261
2521730577,일반상가,월세,1/7,390,"7,000",73,34,북서향,20250423,"['25년이내', '역세권', '1층', '관리비20만원이하']",37.532503,126.846691
2521773421,일반상가,월세,1/3,190,"5,000",39,39,북향,20250423,"['25년이상', '역세권', '1층', '관리비10만원이하']",37.530488,126.848013
2521675122,일반상가,월세,1/7,350,"8,000",36,36,북동향,20250423,"['15년이내', '역세권', '1층', '관리비20만원이하']",37.541144,126.840543
2521776749,일반상가,월세,1/5,600,"8,000",345,338,남동향,20250423,"['25년이상', '1층', '주차가능', '총5층']",37.551372,126.848378
2521757854,일반상가,월세,3/5,300,"5,000",161,132,북향,20250423,"['25년이상', '역세권', '중층', '주차가능']",37.541194,126.839433
2521775333,일반상가,월세,B2/10,300,"5,000",403,280,북동향,20250423,"['25년이상', '역세권', '지하층', '주차가능']",37.541951,126.839656
2521524122,일반상가,월세,1/2,75,"2,000",67,67,북동향,20250422,"['25년이상', '융자금없는', '1층', '총2층']",37.552467,126.854125
2521430833,일반상가,월세,1/7,250,"3,000",186,136,남향,20250422,"['25년이내', '1층', '관리비10만원이하', '주차가능']",37.530298,126.860027
2521557445,일반상가,월세,3/5,320,"8,000",204,161,북향,20250422,"['25년이상', '중층', '주차가능', '총5층']",37.554544,126.855218
2521560284,일반상가,월세,2/4,200,"3,000",200,200,남서향,20250422,"['25년이상', '중층', '주차가능', '총4층']",37.551867,126.850917
2521573522,일반상가,월세,6/10,194,"3,000",345,122,남서향,20250422,"['25년이상', '융자금적은', '중층', '주차가능']",37.553878,126.851748
2521576823,일반상가,월세,1/2,200,"2,000",30,26,서향,20250422,"['25년이상', '융자금없는', '역세권', '1층']",37.533512,126.846073
2521583326,일반상가,월세,3/7,400,"5,000",240,214,북동향,20250422,"['25년이상', '역세권', '중층', '주차가능']",37.533031,126.845658
2521562621,복합상가,월세,2/3,150,"3,000",130,59,남향,20250422,"['25년이상', '역세권', '중층', '총3층']",37.54344,126.842759
2521532906,일반상가,월세,1/3,100,"1,000",43,43,남향,20250422,"['25년이상', '융자금없는', '역세권', '1층']",37.531986,126.851448
2521558717,일반상가,월세,5/7,170,"4,000",165,115,남향,20250422,"['25년이상', '고층', '주차가능', '엘리베이터']",37.540234,126.834199
2521560623,일반상가,월세,2/4,400,"5,000",167,149,남동향,20250422,"['25년이상', '중층', '관리비20만원이하', '총4층']",37.552676,126.851032
2521564539,일반상가,월세,3/4,70,700,49,46,북동향,20250422,"['25년이상', '역세권', '고층', '관리비10만원이하']",37.544386,126.837342
2521499101,일반상가,월세,1/15,"1,000","1억 5,000",126,115,남향,20250422,"['4년이내', '1층', '주차가능', '남향']",37.52872,126.846045
2521530976,일반상가,월세,1/1,60,500,23,23,북향,20250422,"['25년이상', '1층', '북향']",37.535928,126.846286
2521540601,일반상가,월세,1/6,465,"9,000",145,145,남동향,20250422,"['25년이내', '1층', '주차가능', '남동향']",37.552343,126.851648
2521552165,일반상가,월세,4/5,250,"3,000",204,112,북향,20250422,"['25년이상', '고층', '주차가능', '총5층']",37.554544,126.855218
2521560619,일반상가,월세,B1/4,130,"2,000",162,162,북서향,20250422,"['25년이상', '지하층', '주차가능', '총4층']",37.551867,126.850917
2521559061,일반상가,월세,3/9,200,"4,000",185,132,서향,20250422,"['25년이상', '지상층(1층제외)', '주차가능', '서향']",37.553271,126.851181
2521473678,일반상가,월세,B1/5,200,"4,000",200,200,남동향,20250422,"['25년이상', '역세권', '지하층', '주차가능']",37.541157,126.837641
2521540189,일반상가,월세,1/4,280,"5,000",49,49,동향,20250422,"['15년이내', '역세권', '1층', '관리비10만원이하']",37.547508,126.835377
2521467153,일반상가,월세,1/5,120,"3,000",44,44,서향,20250422,"['4년이내', '1층', '관리비10만원이하', '주차가능']",37.531377,126.851521
2521464789,일반상가,월세,1/2,207,"8,000",34,34,동향,20250422,"['25년이상', '역세권', '1층', '총2층']",37.547588,126.836012
2521406600,일반상가,월세,2/6,280,"5,000",145,83,남향,20250422,"['15년이내', '역세권', '지상층(1층제외)', '주차가능']",37.54141,126.838502
2521609647,일반상가,월세,1/4,140,"2,000",103,89,남서향,20250422,"['25년이상', '융자금적은', '1층', '관리비10만원이하']",37.549728,126.850348
2521593495,일반상가,월세,B1/4,45,500,167,99,북동향,20250422,"['25년이상', '융자금없는', '지하층', '관리비10만원이하']",37.549915,126.849568
2521490180,일반상가,월세,5/5,500,1억,337,297,남동향,20250422,"['25년이상', '역세권', '고층', '주차가능']",37.530261,126.863549
2521583009,일반상가,월세,1/1,130,"2,000",42,42,남서향,20250422,"['25년이상', '역세권', '1층', '남서향']",37.542993,126.8443
2521507866,일반상가,월세,3/8,300,"5,000",242,208,북서향,20250422,"['25년이내', '역세권', '중층', '주차가능']",37.54262,126.839117
2521575897,일반상가,월세,2/6,170,"5,000",214,148,남서향,20250422,"['25년이상', '지상층(1층제외)', '주차가능', '엘리베이터']",37.550981,126.85205
2521578442,일반상가,월세,4/6,150,"3,000",214,148,남서향,20250422,"['25년이상', '중층', '주차가능', '엘리베이터']",37.550981,126.85205
2521531311,일반상가,월세,1/13,550,1억,88,43,남서향,20250422,"['2년이내', '역세권', '1층', '주차가능']",37.542241,126.840386
2521538195,일반상가,월세,2/5,200,"4,000",119,105,동향,20250422,"['25년이상', '역세권', '중층', '주차가능']",37.541013,126.840616
2521581529,일반상가,월세,1/2,140,"2,000",33,26,북서향,20250422,"['10년이내', '역세권', '1층', '총2층']",37.533031,126.84494
2521544741,일반상가,월세,1/3,230,"4,000",40,39,북향,20250422,"['25년이상', '융자금없는', '역세권', '1층']",37.530488,126.848013
2521522250,일반상가,월세,2/5,300,"4,000",249,249,남서향,20250422,"['25년이내', '융자금없는', '역세권', '중층']",37.539162,126.842474
2521587726,일반상가,월세,1/4,"1,700",3억,280,259,북서향,20250422,"['2년이내', '1층', '주차가능', '엘리베이터']",37.539657,126.834182
2521572798,일반상가,월세,B1/4,"1,200",2억,444,400,남동향,20250422,"['25년이상', '지하층', '주차가능', '총4층']",37.552323,126.850438
2521523119,일반상가,월세,3/5,150,"2,000",124,124,남서향,20250422,"['25년이내', '융자금없는', '역세권', '중층']",37.539162,126.842474
2521445688,일반상가,월세,2/3,170,"3,000",173,173,남향,20250422,"['25년이상', '중층', '관리비10만원이하', '총3층']",37.531399,126.858148
2521466086,일반상가,월세,1/4,700,1억,157,157,남동향,20250422,"['25년이상', '1층', '주차가능', '총4층']",37.552323,126.850438
2521458733,일반상가,월세,1/5,"3,080",5억,1102,710,남동향,20250422,"['25년이상', '융자금적은', '1층', '주차가능']",37.551308,126.848761
2521398799,일반상가,월세,5/6,300,"5,000",229,200,남향,20250422,"['25년이상', '역세권', '고층', '주차가능']",37.544148,126.837577
2521398186,일반상가,월세,1/4,130,"2,000",67,67,남향,20250422,"['25년이상', '1층', '관리비10만원이하', '총4층']",37.536059,126.855083
2521406931,일반상가,월세,5/6,480,"5,000",341,280,남향,20250422,"['25년이상', '역세권', '고층', '주차가능']",37.541486,126.83878
2521391417,일반상가,월세,1/3,70,"1,000",25,25,동향,20250422,"['25년이상', '1층', '주차가능', '총3층']",37.530403,126.851357
2521402875,일반상가,월세,1/1,110,"2,000",33,30,북향,20250422,"['25년이상', '융자금없는', '역세권', '1층']",37.533957,126.847351
2521400450,일반상가,월세,4/4,50,"1,000",254,29,남동향,20250422,"['25년이상', '역세권', '고층', '관리비10만원이하']",37.540772,126.8361
2521399897,일반상가,월세,B1/8,150,"2,000",99,82,북서향,20250422,"['25년이내', '역세권', '지하층', '주차가능']",37.541105,126.839213
2521560511,일반상가,월세,1/4,150,"3,000",69,52,남동향,20250422,"['25년이상', '1층', '관리비10만원이하', '주차가능']",37.538422,126.837666
2521497448,일반상가,월세,3/3,200,"2,000",118,110,남향,20250422,"['25년이내', '융자금없는', '고층', '주차가능']",37.528388,126.839547
2521390291,일반상가,월세,B1/3,71,500,74,74,동향,20250422,"['25년이상', '지하층', '주차가능', '총3층']",37.530403,126.851357
2521399149,일반상가,월세,3/6,150,"2,000",165,132,북서향,20250422,"['25년이내', '역세권', '중층', '관리비20만원이하']",37.542735,126.84087
2521392993,일반상가,월세,2/3,300,"3,500",152,142,남서향,20250422,"['25년이상', '융자금없는', '역세권', '중층']",37.533727,126.84584
2521394906,일반상가,월세,1/3,250,"6,000",66,66,남향,20250422,"['25년이상', '융자금적은', '역세권', '1층']",37.547311,126.835689
2521398523,일반상가,월세,2/5,210,"2,000",250,180,남서향,20250422,"['25년이상', '역세권', '중층', '주차가능']",37.543094,126.839375
2521393410,일반상가,월세,5/5,100,"1,500",62,39,북서향,20250422,"['25년이상', '테라스', '고층', '관리비20만원이하']",37.547125,126.845964
2521393841,복합상가,월세,1/18,70,"1,000",33,26,북서향,20250422,"['10년이내', '융자금적은', '1층', '관리비10만원이하']",37.548087,126.846791
2521571077,일반상가,월세,2/3,150,"3,000",53,53,남서향,20250422,"['25년이상', '융자금없는', '역세권', '중층']",37.543284,126.842627
2521596425,일반상가,월세,10/10,"1,000","1억 2,000",747,561,북서향,20250422,"['25년이상', '역세권', '고층', '엘리베이터']",37.541951,126.839656
2521446069,일반상가,월세,1/6,"1,090","1억 4,000",714,557,남향,20250422,"['25년이상', '1층', '주차가능', '남향']",37.529343,126.857548
2521595295,일반상가,월세,4/6,270,"4,000",282,214,남향,20250422,"['25년이내', '중층', '주차가능', '엘리베이터']",37.544133,126.833059
2521400670,일반상가,월세,1/2,70,"1,000",25,25,남서향,20250422,"['25년이상', '융자금없는', '1층', '주차가능']",37.530589,126.851616
2521591437,단지내상가,월세,1/3,170,"3,000",62,52,북동향,20250422,"['25년이상', '융자금없는', '역세권', '1층']",37.533268,126.846339
2521589657,일반상가,월세,1/2,250,"3,000",35,35,남동향,20250422,"['25년이상', '역세권', '1층', '관리비20만원이하']",37.529768,126.847369
2521558510,일반상가,월세,4/7,200,"7,000",380,230,남향,20250422,"['25년이상', '중층', '주차가능', '엘리베이터']",37.540234,126.834199
2521559937,일반상가,월세,3/4,250,"3,000",210,210,북서향,20250422,"['25년이상', '고층', '주차가능', '총4층']",37.551867,126.850917
2521432158,일반상가,월세,4/7,180,"5,000",211,165,북서향,20250422,"['25년이내', '융자금없는', '중층', '주차가능']",37.548421,126.850311
2521418542,일반상가,월세,1/8,180,"2,000",76,39,북서향,20250422,"['15년이내', '역세권', '1층', '주차가능']",37.540606,126.837563
2521608238,일반상가,월세,B1/5,100,"1,500",129,128,남동향,20250422,"['25년이상', '역세권', '급매', '지하층']",37.542414,126.840675
2521602704,일반상가,월세,1/3,54,"1,200",33,33,북동향,20250422,"['25년이상', '1층', '총3층', '북동향']",37.548744,126.849847
2521592987,일반상가,월세,1/5,250,"5,000",66,66,북서향,20250422,"['10년이내', '역세권', '1층', '관리비20만원이하']",37.533661,126.846724
2521416235,일반상가,월세,2/3,150,"2,000",102,85,남동향,20250422,"['25년이상', '융자금적은', '중층', '총3층']",37.548305,126.846292
2521421792,일반상가,월세,1/3,60,"1,000",42,36,남향,20250422,"['25년이상', '융자금없는', '1층', '주차가능']",37.542819,126.847514
2521416566,일반상가,월세,4/6,150,"3,000",182,132,북향,20250422,"['25년이상', '중층', '관리비20만원이하', '주차가능']",37.537235,126.839562
2521497407,복합상가,월세,1/15,150,"2,000",46,39,북동향,20250422,"['25년이내', '1층', '주차가능', '북동향']",37.550552,126.84909
2521497618,일반상가,월세,1/4,90,"1,000",33,26,남향,20250422,"['25년이상', '역세권', '1층', '관리비10만원이하']",37.544386,126.837342
2521468220,일반상가,월세,6/6,360,"6,000",389,389,남동향,20250422,"['15년이내', '역세권', '고층', '주차가능']",37.54141,126.838502
2521535180,일반상가,월세,1/4,80,"1,000",33,33,동향,20250422,"['25년이상', '융자금없는', '1층', '주차가능']",37.53387,126.858456
2521534106,일반상가,월세,1/6,110,"2,000",27,23,북향,20250422,"['25년이내', '역세권', '1층', '관리비10만원이하']",37.547823,126.834358
2521523977,일반상가,월세,1/4,150,"3,000",66,49,남동향,20250422,"['25년이상', '융자금적은', '1층', '관리비10만원이하']",37.538422,126.837666
2521493654,일반상가,월세,3/4,250,"5,000",147,130,남동향,20250422,"['25년이상', '고층', '관리비20만원이하', '총4층']",37.552676,126.851032
2521540440,일반상가,월세,1/4,65,"1,000",39,39,남서향,20250422,"['25년이상', '1층', '관리비10만원이하', '주차가능']",37.540783,126.83361
2521288000,일반상가,월세,1/4,60,"1,000",32,26,서향,20250421,"['25년이내', '융자금없는', '역세권', '1층']",37.543525,126.837618
2521214661,일반상가,월세,4/5,120,"1,500",79,69,남서향,20250421,"['25년이상', '융자금적은', '고층', '관리비10만원이하']",37.554348,126.852286
2521086983,일반상가,월세,1/2,90,"1,000",33,33,북서향,20250421,"['25년이상', '1층', '총2층', '북서향']",37.546374,126.8482
2521105645,일반상가,월세,1/3,140,"3,000",50,43,북서향,20250421,"['25년이상', '역세권', '1층', '총3층']",37.543904,126.843787
2521087004,일반상가,월세,1/5,120,"1,500",41,39,남동향,20250421,"['25년이상', '1층', '관리비10만원이하', '주차가능']",37.55449,126.85415
2521110079,복합상가,매매,3/15,,4억,178,89,남서향,20250421,"['25년이내', '지상층(1층제외)', '주차가능', '천장에어컨']",37.550552,126.84909
2521161209,일반상가,월세,3/5,100,"2,000",108,108,북서향,20250421,"['25년이상', '역세권', '중층', '관리비10만원이하']",37.544734,126.844443
2521196522,일반상가,월세,1/3,130,"1,000",39,39,북서향,20250421,"['25년이상', '융자금없는', '1층', '주차가능']",37.548771,126.847856
2521088682,일반상가,월세,1/4,265,"6,000",140,39,북향,20250421,"['25년이상', '역세권', '1층', '총4층']",37.547833,126.835835
2521086974,일반상가,월세,2/4,90,"2,000",112,112,북서향,20250421,"['25년이상', '융자금없는', '중층', '관리비10만원이하']",37.545496,126.847994
2521176959,일반상가,월세,2/3,100,"2,000",100,100,남향,20250421,"['25년이상', '중층', '주차가능', '총3층']",37.532819,126.857935
2521123868,일반상가,월세,1/4,110,"1,000",45,45,북서향,20250421,"['25년이상', '역세권', '1층', '주차가능']",37.543028,126.844798
2521178262,일반상가,월세,1/3,70,"1,000",49,49,동향,20250421,"['25년이상', '1층', '총3층', '동향']",37.531049,126.857943
2521129923,일반상가,월세,1/4,90,"1,000",33,33,남동향,20250421,"['25년이상', '1층', '주차가능', '총4층']",37.532951,126.862862
2521138308,일반상가,월세,1/4,540,"5,500",194,194,서향,20250421,"['25년이상', '1층', '주차가능', '총4층']",37.534986,126.862933
2521165036,일반상가,월세,1/2,220,"3,000",150,112,북향,20250421,"['25년이상', '1층', '총2층', '북향']",37.551671,126.851733
2521159572,일반상가,월세,B1/3,150,"3,000",119,119,남향,20250421,"['25년이내', '지하층', '관리비10만원이하', '총3층']",37.552043,126.845792
2521176644,일반상가,월세,1/7,170,"2,000",160,96,남서향,20250421,"['25년이내', '융자금없는', '1층', '관리비10만원이하']",37.552686,126.848946
2521182028,일반상가,월세,1/4,328,"4,000",99,99,남향,20250421,"['25년이상', '1층', '주차가능', '총4층']",37.532183,126.860519
2521159882,일반상가,월세,4/4,120,"1,500",124,124,북서향,20250421,"['25년이상', '융자금없는', '역세권', '고층']",37.544097,126.843913
2521193978,일반상가,월세,1/5,350,"5,000",128,110,남향,20250421,"['25년이내', '역세권', '1층', '관리비20만원이하']",37.541899,126.838504
2521386054,일반상가,월세,1/4,140,"2,000",103,103,남서향,20250421,"['25년이상', '1층', '관리비10만원이하', '주차가능']",37.549728,126.850348
2521367450,일반상가,월세,1/3,190,"5,000",33,33,북향,20250421,"['25년이상', '역세권', '1층', '주차가능']",37.530488,126.848013
2521177379,일반상가,월세,1/3,70,"1,000",23,23,남동향,20250421,"['25년이상', '1층', '총3층', '남동향']",37.533125,126.839102
2521162087,일반상가,월세,2/4,55,"1,000",40,40,남동향,20250421,"['25년이상', '중층', '관리비10만원이하', '주차가능']",37.552461,126.849386
2521139306,일반상가,월세,1/4,150,"1,000",99,99,북향,20250421,"['25년이상', '1층', '주차가능', '총4층']",37.53171,126.862767
2521129335,일반상가,월세,1/4,265,"4,000",66,66,남향,20250421,"['25년이상', '1층', '관리비10만원이하', '주차가능']",37.532443,126.862901
2521166975,일반상가,월세,1/6,465,"9,000",143,143,동향,20250421,"['25년이내', '1층', '주차가능', '동향']",37.552343,126.851648
2521167984,일반상가,월세,1/7,"1,000",2억,77,63,북서향,20250421,"['25년이내', '역세권', '1층', '주차가능']",37.541665,126.841134
2521240040,일반상가,월세,1/3,300,"3,000",49,39,남동향,20250421,"['25년이상', '역세권', '1층', '관리비10만원이하']",37.543786,126.843021
2521275041,일반상가,월세,1/8,110,"1,500",41,36,남동향,20250421,"['25년이상', '역세권', '1층', '관리비10만원이하']",37.532506,126.843834
2521250758,일반상가,월세,1/6,700,1억,226,226,동향,20250421,"['25년이상', '1층', '주차가능', '동향']",37.552386,126.850774
2521266338,일반상가,월세,2/5,130,"2,000",98,98,남향,20250421,"['25년이상', '중층', '주차가능', '총5층']",37.528443,126.841589
2521227784,일반상가,월세,2/3,140,"2,000",86,66,북서향,20250421,"['25년이상', '중층', '총3층', '북서향']",37.543165,126.843098
2521255828,일반상가,월세,1/3,250,"6,000",82,66,서향,20250421,"['25년이상', '융자금없는', '역세권', '1층']",37.547311,126.835689
2521267790,일반상가,월세,1/4,180,"7,000",46,30,북서향,20250421,"['25년이상', '역세권', '1층', '관리비10만원이하']",37.54779,126.835661
2521241278,일반상가,월세,1/5,350,"5,000",161,137,남향,20250421,"['25년이내', '역세권', '1층', '관리비20만원이하']",37.541899,126.838504
2521206194,일반상가,월세,1/2,200,"3,000",104,104,동향,20250421,"['25년이상', '융자금없는', '1층', '총2층']",37.534977,126.837559
2521199975,일반상가,월세,1/3,170,"2,500",42,42,남향,20250421,"['25년이상', '역세권', '1층', '관리비10만원이하']",37.530789,126.847909
2521247958,일반상가,월세,2/3,150,"3,000",139,115,북향,20250421,"['25년이상', '역세권', '중층', '관리비20만원이하']",37.532414,126.842407
2521130533,일반상가,월세,1/4,230,"3,000",66,66,남서향,20250421,"['25년이내', '1층', '관리비10만원이하', '주차가능']",37.53237,126.862106
2521251743,복합상가,월세,1/6,250,"2,500",44,32,남향,20250421,"['10년이내', '융자금없는', '1층', '관리비10만원이하']",37.533497,126.863372
2521252930,일반상가,월세,2/3,630,"8,000",232,214,남서향,20250421,"['25년이상', '중층', '주차가능', '총3층']",37.55313,126.851801
2521258761,일반상가,월세,1/3,300,"5,000",110,82,남향,20250421,"['25년이상', '융자금없는', '1층', '총3층']",37.552211,126.85033
2521247068,일반상가,월세,3/4,140,"2,000",123,123,북서향,20250421,"['25년이상', '고층', '주차가능', '총4층']",37.537143,126.838884
2521218508,일반상가,월세,B1/6,50,500,66,57,남동향,20250421,"['25년이상', '융자금적은', '역세권', '지하층']",37.538749,126.842113
2521246769,일반상가,월세,2/4,150,"2,000",123,123,북서향,20250421,"['25년이상', '중층', '주차가능', '총4층']",37.537143,126.838884
2521248537,일반상가,월세,3/5,150,"2,000",118,118,동향,20250421,"['25년이내', '중층', '관리비20만원이하', '주차가능']",37.553527,126.850691
2521250520,일반상가,월세,B1/3,180,"3,000",196,155,동향,20250421,"['25년이상', '역세권', '지하층', '주차가능']",37.543902,126.837836
2521303351,일반상가,월세,4/4,120,"1,000",123,115,북서향,20250421,"['25년이상', '고층', '주차가능', '총4층']",37.537143,126.838884
2521297698,일반상가,월세,1/6,700,1억,184,148,북동향,20250421,"['15년이내', '역세권', '1층', '주차가능']",37.544883,126.836818
2521302329,일반상가,월세,3/4,130,"1,000",123,115,북서향,20250421,"['25년이상', '고층', '주차가능', '총4층']",37.537143,126.838884
2521238982,일반상가,월세,1/7,390,"7,000",76,34,북향,20250421,"['25년이내', '융자금없는', '역세권', '1층']",37.532503,126.846691
2521367501,일반상가,월세,1/4,150,"2,000",82,66,남서향,20250421,"['25년이상', '1층', '관리비10만원이하', '주차가능']",37.547159,126.844196
2521344558,일반상가,월세,전체층/2,255,"4,000",79,79,남향,20250421,"['25년이상', '역세권', '주차가능', '총2층']",37.529507,126.845305
2521339677,일반상가,월세,B1/4,800,2억,444,444,서향,20250421,"['25년이상', '융자금없는', '지하층', '주차가능']",37.552323,126.850438
2521298160,일반상가,월세,1/7,90,"1,000",40,35,남동향,20250421,"['10년이내', '1층', '관리비10만원이하', '주차가능']",37.536568,126.839499
2521366983,일반상가,월세,1/4,130,"2,000",106,106,북서향,20250421,"['25년이상', '역세권', '1층', '관리비10만원이하']",37.531074,126.85053
2521277789,단지내상가,월세,1/20,260,"5,000",98,42,남향,20250421,"['2년이내', '융자금없는', '테라스', '1층']",37.550524,126.848206
2521335355,일반상가,월세,1/4,130,"2,000",47,47,남동향,20250421,"['10년이내', '1층', '관리비10만원이하', '주차가능']",37.533365,126.839768
2521276756,일반상가,월세,4/6,200,"2,000",138,105,남향,20250421,"['25년이상', '역세권', '중층', '남향']",37.528757,126.846414
2521271601,복합상가,매매,1/8,,"2억 7,000",24,24,남동향,20250421,"['25년이내', '역세권', '1층', '관리비10만원이하']",37.531395,126.847459
2521339197,단지내상가,월세,1/7,150,"2,000",79,52,북향,20250421,"['10년이내', '역세권', '1층', '관리비10만원이하']",37.543961,126.836134
2521269757,일반상가,월세,1/4,110,"1,000",33,33,북향,20250421,"['25년이내', '1층', '총4층', '북향']",37.531017,126.853585
2521240445,일반상가,월세,1/2,140,"2,000",41,41,남향,20250421,"['25년이상', '융자금없는', '역세권', '1층']",37.533183,126.8478
2521261289,일반상가,월세,1/3,400,"3,000",173,153,북향,20250421,"['25년이상', '역세권', '1층', '주차가능']",37.540481,126.83709
2521278815,일반상가,월세,1/3,125,"2,000",50,45,남향,20250421,"['25년이상', '1층', '총3층', '남향']",37.531957,126.858711
2521343711,일반상가,월세,1/2,110,"1,000",39,39,남서향,20250421,"['25년이상', '1층', '총2층', '남서향']",37.529037,126.839069
2521384340,일반상가,월세,1/2,240,"3,000",97,90,북서향,20250421,"['25년이상', '1층', '총2층', '북서향']",37.534903,126.837604
2521381018,복합상가,월세,2/5,150,"2,000",74,74,북향,20250421,"['4년이내', '중층', '관리비10만원이하', '주차가능']",37.532255,126.840052
2521282676,일반상가,월세,1/3,110,"2,000",33,33,북서향,20250421,"['25년이내', '융자금적은', '역세권', '1층']",37.534371,126.848529
2521165684,일반상가,월세,6/9,330,1억,171,132,북서향,20250421,"['10년이내', '중층', '주차가능', '엘리베이터']",37.532159,126.863191
2521194173,단지내상가,월세,B1/11,100,"2,000",147,102,북서향,20250421,"['10년이내', '융자금없는', '지하층', '관리비10만원이하']",37.546764,126.845987
2521304518,단지내상가,월세,1/4,100,"1,000",82,56,남동향,20250421,"['25년이상', '1층', '관리비10만원이하', '총4층']",37.547426,126.848559
2521270670,일반상가,월세,1/1,400,"5,000",81,81,남서향,20250421,"['25년이상', '마당', '1층', '남서향']",37.553125,126.852387
2521336398,일반상가,월세,1/3,200,"3,000",33,33,남서향,20250421,"['25년이상', '역세권', '1층', '관리비10만원이하']",37.533727,126.84584
2521270595,일반상가,월세,3/6,150,"3,000",164,164,북향,20250421,"['25년이상', '중층', '관리비20만원이하', '주차가능']",37.535096,126.851759
2521388194,일반상가,월세,B1/4,150,"2,000",156,130,서향,20250421,"['25년이상', '지하층', '주차가능', '엘리베이터']",37.535371,126.863178
2521254728,일반상가,월세,1/4,700,1억,244,224,남향,20250421,"['25년이상', '1층', '주차가능', '총4층']",37.552214,126.850635
2521259571,일반상가,월세,2/4,700,1억,332,299,북서향,20250421,"['25년이상', '중층', '주차가능', '총4층']",37.552323,126.850438
2521216253,일반상가,월세,2/4,100,"1,000",101,101,북동향,20250421,"['25년이상', '융자금적은', '중층', '관리비10만원이하']",37.546592,126.844817
2521133050,일반상가,월세,B1/3,85,"1,100",108,108,남서향,20250421,"['25년이상', '지하층', '관리비10만원이하', '총3층']",37.533125,126.839102
2521164370,일반상가,월세,8/8,600,"5,000",458,458,남향,20250421,"['25년이상', '역세권', '고층', '주차가능']",37.542318,126.841299
2521384593,일반상가,월세,1/3,190,"5,000",40,33,북향,20250421,"['25년이상', '역세권', '1층', '주차가능']",37.530488,126.848013
2521296700,일반상가,월세,1/3,210,"3,000",45,42,남동향,20250421,"['25년이상', '융자금없는', '1층', '주차가능']",37.55283,126.853213
2521112786,단지내상가,매매,B1/2,,"3억 5,000",151,151,남서향,20250421,"['25년이상', '지하층', '관리비10만원이하', '주차가능']",37.535732,126.843677
2521086948,일반상가,월세,1/2,170,"3,500",80,79,북서향,20250421,"['25년이상', '1층', '총2층', '북서향']",37.553626,126.853977
2521105124,일반상가,매매,1/14,,"5억 3,000",63,40,서향,20250421,"['4년이내', '1층', '주차가능', '서향']",37.529495,126.838819
2521140352,일반상가,월세,1/2,140,"2,000",57,57,북동향,20250421,"['25년이상', '1층', '주차가능', '총2층']",37.531246,126.862103
2521087031,일반상가,월세,1/1,120,"3,000",30,29,남동향,20250421,"['25년이상', '1층', '남동향']",37.546429,126.845034
2521087017,일반상가,월세,2/4,80,"1,000",73,72,남서향,20250420,"['25년이상', '중층', '관리비10만원이하', '주차가능']",37.541384,126.845233
2521086994,일반상가,월세,2/4,150,"2,000",150,148,남동향,20250420,"['25년이상', '중층', '총4층', '남동향']",37.549132,126.851202
2521088702,일반상가,월세,1/4,250,"4,000",46,46,북서향,20250420,"['25년이상', '1층', '관리비10만원이하', '주차가능']",37.552323,126.850438
2520997096,일반상가,월세,1/2,220,"3,000",37,37,북동향,20250419,"['25년이상', '역세권', '1층', '총2층']",37.541956,126.844227
2520992749,일반상가,월세,5/7,480,"5,000",341,341,남동향,20250419,"['25년이상', '역세권', '고층', '주차가능']",37.541486,126.83878
2521048903,일반상가,월세,1/5,130,"2,500",66,56,남향,20250419,"['25년이내', '1층', '관리비10만원이하', '주차가능']",37.534702,126.857926
2520955392,일반상가,월세,1/6,120,"2,000",28,26,동향,20250419,"['10년이내', '1층', '주차가능', '동향']",37.552955,126.853265
2521013191,일반상가,월세,1/1,270,"3,000",99,99,동향,20250419,"['25년이상', '역세권', '1층', '동향']",37.534312,126.847559
2521035286,일반상가,월세,1/3,300,"3,000",79,79,,20250419,"['25년이상', '역세권', '1층', '총3층']",37.545067,126.844639
2520979091,일반상가,월세,7/8,50,"1,000",132,33,북서향,20250419,"['25년이상', '고층', '관리비10만원이하', '주차가능']",37.547855,126.846486
2520993842,일반상가,월세,4/5,230,"3,500",126,126,동향,20250419,"['10년이내', '융자금없는', '고층', '관리비20만원이하']",37.552461,126.851337
2521000584,일반상가,월세,4/5,270,"5,000",198,175,남동향,20250419,"['25년이상', '융자금없는', '역세권', '고층']",37.530261,126.863549
2520979197,일반상가,월세,4/8,130,"3,000",132,109,북서향,20250419,"['25년이상', '중층', '주차가능', '북서향']",37.547855,126.846486
2520978992,일반상가,월세,2/8,100,"2,000",132,66,북서향,20250419,"['25년이상', '지상층(1층제외)', '관리비20만원이하', '주차가능']",37.547855,126.846486
2521015112,일반상가,월세,1/5,"1,200","2억 4,000",419,387,북향,20250419,"['25년이상', '1층', '주차가능', '총5층']",37.554544,126.855218
2521019293,단지내상가,월세,B1/13,90,"2,000",113,83,동향,20250419,"['10년이내', '역세권', '지하층', '주차가능']",37.530018,126.846798
2520932071,일반상가,월세,B1/4,100,"1,000",205,204,남동향,20250419,"['25년이상', '역세권', '지하층', '관리비10만원이하']",37.530542,126.843822
2520905633,일반상가,월세,5/6,200,"5,000",290,251,남서향,20250419,"['25년이상', '고층', '주차가능', '엘리베이터']",37.550981,126.85205
2520904147,일반상가,월세,4/7,430,"5,000",226,201,북서향,20250419,"['25년이내', '중층', '주차가능', '엘리베이터']",37.55336,126.851926
2520906047,일반상가,월세,2/6,170,"5,000",162,141,남서향,20250419,"['25년이상', '지상층(1층제외)', '주차가능', '엘리베이터']",37.550981,126.85205
2521014624,일반상가,월세,2/5,"1,000","1억 5,000",753,604,북향,20250419,"['25년이상', '중층', '주차가능', '총5층']",37.554544,126.855218
2521013862,일반상가,월세,1/5,"1,200","2억 5,000",181,142,북향,20250419,"['2년이내', '1층', '주차가능', '엘리베이터']",37.539657,126.834182
2520945628,일반상가,월세,2/3,300,"5,000",105,99,북향,20250419,"['25년이상', '중층', '총3층', '북향']",37.53218,126.86344
2520906272,일반상가,월세,4/6,150,"3,000",158,135,남서향,20250419,"['25년이상', '중층', '주차가능', '엘리베이터']",37.550981,126.85205
2520928486,일반상가,월세,1/2,145,"2,000",92,92,서향,20250419,"['25년이상', '1층', '총2층', '서향']",37.532335,126.860517
2520810778,일반상가,매매,B1/5,,"2억 2,000",7131,59,남향,20250418,"['25년이내', '지하층', '주차가능', '총5층']",37.532222,126.853399
2520685112,일반상가,매매,B1/14,,40억,2444,1009,남동향,20250418,"['25년이내', '지하층', '주차가능', '남동향']",37.528781,126.845397
2520811980,일반상가,월세,1/3,65,"1,000",36,36,남동향,20250418,"['25년이내', '1층', '관리비10만원이하', '주차가능']",37.536516,126.847429
2520860679,일반상가,월세,1/4,110,"1,000",46,46,북향,20250418,"['25년이상', '융자금없는', '역세권', '1층']",37.543028,126.844798
2520821287,일반상가,월세,2/3,200,"2,000",56,56,남동향,20250418,"['25년이상', '역세권', '중층', '주차가능']",37.540994,126.836984
2520818660,일반상가,월세,1/2,190,"3,500",52,52,남향,20250418,"['25년이상', '1층', '총2층', '남향']",37.530214,126.838623
2520850190,단지내상가,월세,4/4,"1,800","1억 8,000",727,647,북향,20250418,"['2년이내', '고층', '주차가능', '천장에어컨']",37.539657,126.834182
2520803660,일반상가,월세,2/4,160,"2,000",111,111,동향,20250418,"['25년이상', '중층', '관리비20만원이하', '주차가능']",37.532443,126.862901
2520818105,일반상가,월세,1/3,240,"4,000",40,40,북향,20250418,"['25년이상', '역세권', '1층', '관리비10만원이하']",37.530488,126.848013
2520821493,일반상가,월세,1/2,250,"3,000",72,72,남서향,20250418,"['25년이상', '1층', '총2층', '남서향']",37.551994,126.850416
2520795713,일반상가,매매,2/18,,12억,295,157,북동향,20250418,"['15년이내', '지상층(1층제외)', '주차가능', '엘리베이터']",37.554867,126.851263
2520780461,일반상가,월세,1/15,180,"2,000",26,26,북서향,20250418,"['10년이내', '역세권', '1층', '관리비10만원이하']",37.530383,126.846405
2520881566,일반상가,월세,1/4,260,"2,000",66,66,남서향,20250418,"['25년이내', '역세권', '1층', '총4층']",37.540579,126.838334
2520889841,일반상가,월세,1/3,120,"4,000",33,33,동향,20250418,"['25년이상', '1층', '총3층', '동향']",37.534736,126.837706
2520844034,일반상가,월세,1/3,48,"1,500",19,19,남서향,20250418,"['25년이상', '1층', '주차가능', '총3층']",37.532829,126.861783
2520840646,일반상가,월세,1/5,250,"5,000",66,49,북향,20250418,"['10년이내', '역세권', '1층', '관리비20만원이하']",37.533661,126.846724
2520802932,일반상가,월세,3/7,400,"5,000",240,183,동향,20250418,"['25년이상', '역세권', '중층', '주차가능']",37.533031,126.845658
2520823769,일반상가,월세,1/3,"1,050",1억,200,135,남동향,20250418,"['25년이상', '역세권', '1층', '총3층']",37.540822,126.836286
2520822421,일반상가,월세,1/4,660,1억 500,231,231,남동향,20250418,"['25년이상', '1층', '주차가능', '총4층']",37.552106,126.849545
2520812515,일반상가,월세,1/2,240,"3,000",100,97,동향,20250418,"['25년이상', '1층', '총2층', '동향']",37.534903,126.837604
2520812221,일반상가,월세,1/2,55,500,30,25,남동향,20250418,"['25년이상', '1층', '관리비10만원이하', '총2층']",37.533672,126.840669
2520681646,복합상가,월세,1/16,280,"5,000",139,78,북서향,20250418,"['25년이내', '융자금없는', '마당', '1층']",37.549152,126.847797
2520681877,복합상가,월세,1/16,280,"5,000",109,61,북서향,20250418,"['25년이내', '융자금없는', '마당', '1층']",37.549152,126.847797
2520769291,일반상가,월세,1/5,90,"1,000",35,35,서향,20250418,"['25년이내', '1층', '총5층', '서향']",37.540339,126.833727
2520737512,일반상가,월세,6/7,210,"3,000",210,180,북서향,20250418,"['25년이내', '고층', '주차가능', '엘리베이터']",37.54567,126.845182
2520661454,일반상가,월세,2/3,90,"2,000",90,87,북동향,20250418,"['25년이상', '중층', '관리비10만원이하', '주차가능']",37.531767,126.854845
2520755488,일반상가,월세,1/3,90,"2,000",33,33,서향,20250418,"['25년이상', '1층', '총3층', '서향']",37.532591,126.858201
2520761816,일반상가,월세,1/4,160,"2,500",83,83,서향,20250418,"['25년이상', '1층', '주차가능', '총4층']",37.53371,126.863029
2520706945,일반상가,월세,1/3,300,"5,000",585,92,동향,20250418,"['25년이상', '1층', '관리비10만원이하', '주차가능']",37.537568,126.83825
2520762212,일반상가,월세,1/3,60,500,27,25,남동향,20250418,"['25년이상', '역세권', '1층', '주차가능']",37.530103,126.8504
2520714613,일반상가,월세,1/15,600,"7,000",212,118,동향,20250418,"['10년이내', '1층', '주차가능', '엘리베이터']",37.554044,126.851729
2520762040,일반상가,월세,B1/3,150,"2,000",237,237,북향,20250418,"['25년이상', '지하층', '관리비10만원이하', '주차가능']",37.531148,126.855042
2520656553,일반상가,월세,1/2,50,"1,000",28,28,동향,20250418,"['25년이상', '융자금없는', '1층', '주차가능']",37.531556,126.853741
2520900550,일반상가,월세,1/4,120,"1,000",33,33,동향,20250418,"['25년이상', '역세권', '1층', '주차가능']",37.530968,126.850886
2520807371,일반상가,월세,2/13,"2,520","3억 1,000",592,292,남서향,20250418,"['2년이내', '역세권', '지상층(1층제외)', '주차가능']",37.542241,126.840386
2520799875,일반상가,월세,3/5,110,"2,000",148,148,남향,20250418,"['25년이상', '역세권', '중층', '관리비10만원이하']",37.532662,126.842106
2520773940,일반상가,월세,1/5,350,"5,000",159,137,남향,20250418,"['25년이내', '역세권', '1층', '주차가능']",37.541899,126.838504
2520779625,일반상가,월세,1/3,800,"1억 5,000",82,82,남서향,20250418,"['25년이상', '역세권', '1층', '총3층']",37.531818,126.846992
2520694367,일반상가,월세,1/4,50,"1,000",62,62,북동향,20250418,"['25년이상', '1층', '주차가능', '총4층']",37.5487,126.852008
2520698970,일반상가,월세,B1/3,120,"2,000",147,132,동향,20250418,"['25년이상', '융자금없는', '역세권', '지하층']",37.540396,126.841037
2520663969,일반상가,월세,B1/5,45,500,80,80,북서향,20250418,"['25년이상', '역세권', '지하층', '총5층']",37.531003,126.848995
2520798378,일반상가,월세,1/4,240,"4,000",76,76,남동향,20250418,"['25년이상', '1층', '주차가능', '총4층']",37.531549,126.863244
2520796799,일반상가,매매,1/18,,39억,391,212,동향,20250418,"['15년이내', '1층', '급매', '주차가능']",37.554867,126.851263
2520797007,복합상가,매매,2/17,,42억,576,576,동향,20250418,"['15년이내', '지상층(1층제외)', '천장에어컨', '동향']",37.554309,126.850941
2520800000,일반상가,월세,1/3,130,"2,000",36,36,남향,20250418,"['25년이상', '1층', '총3층', '남향']",37.533029,126.859907
2520799702,일반상가,월세,1/3,72,"1,500",23,23,북동향,20250418,"['25년이상', '1층', '관리비10만원이하', '주차가능']",37.535399,126.861784
2520780604,일반상가,월세,1/3,290,"4,000",49,49,동향,20250418,"['25년이상', '역세권', '1층', '관리비10만원이하']",37.531023,126.846857
2520806304,일반상가,월세,B1/4,550,"5,500",388,330,서향,20250418,"['25년이상', '지하층', '주차가능', '총4층']",37.534986,126.862933
2520794196,일반상가,월세,2/4,700,1억,332,297,서향,20250418,"['25년이상', '융자금없는', '중층', '총4층']",37.552323,126.850438
2520816805,일반상가,월세,B1/3,150,"3,000",149,119,북서향,20250418,"['25년이상', '지하층', '관리비10만원이하', '주차가능']",37.548648,126.847236
2520805538,일반상가,월세,B1/3,150,"3,000",149,149,북동향,20250418,"['25년이상', '지하층', '관리비10만원이하', '주차가능']",37.548648,126.847236
2520657554,일반상가,월세,1/5,120,"3,000",44,34,남서향,20250418,"['4년이내', '1층', '관리비10만원이하', '주차가능']",37.531377,126.851521
2520896876,일반상가,월세,1/5,80,"1,000",33,33,남향,20250418,"['25년이내', '융자금적은', '1층', '관리비10만원이하']",37.535609,126.861486
2520763254,일반상가,월세,3/3,200,"2,000",237,237,북향,20250418,"['25년이상', '고층', '관리비10만원이하', '주차가능']",37.531148,126.855042
2520893201,일반상가,월세,4/4,270,"5,000",196,196,남동향,20250418,"['25년이상', '융자금없는', '역세권', '고층']",37.541157,126.837641
2520876305,일반상가,매매,1/18,,"28억 5,000",184,184,동향,20250418,"['15년이내', '1층', '천장에어컨', '동향']",37.554867,126.851263
2520896771,일반상가,월세,1/5,"2,200",3억,556,355,남동향,20250418,"['25년이상', '1층', '관리비10만원이하', '주차가능']",37.551308,126.848761
2520766261,일반상가,월세,B1/4,142,"2,000",85,82,서향,20250418,"['25년이상', '지하층', '주차가능', '총4층']",37.532009,126.863203
2520724877,일반상가,월세,1/4,150,"2,000",75,75,동향,20250418,"['10년이내', '1층', '관리비10만원이하', '주차가능']",37.547159,126.844196
2520863035,일반상가,월세,1/3,100,"1,000",33,33,동향,20250418,"['25년이상', '역세권', '1층', '총3층']",37.542704,126.843936
2520697217,일반상가,월세,3/5,120,"1,000",108,102,북서향,20250418,"['25년이상', '중층', '관리비10만원이하', '주차가능']",37.554634,126.853797
2520697945,일반상가,월세,1/5,280,"3,000",178,178,서향,20250418,"['25년이상', '1층', '주차가능', '총5층']",37.553633,126.849892
2520713286,일반상가,월세,1/2,170,"2,000",81,36,북향,20250418,"['25년이상', '1층', '총2층', '화재경보기']",37.552669,126.852723
2520805975,일반상가,월세,2/6,110,"2,000",90,79,남동향,20250418,"['25년이상', '지상층(1층제외)', '관리비10만원이하', '주차가능']",37.547456,126.845609
2520791870,일반상가,월세,1/4,700,1억,237,237,서향,20250418,"['25년이상', '1층', '주차가능', '총4층']",37.552323,126.850438
2520779440,일반상가,월세,1/3,"1,300",2억,376,376,북서향,20250418,"['25년이상', '역세권', '1층', '총3층']",37.530477,126.847804
2520770313,일반상가,월세,5/5,300,"2,000",107,107,남서향,20250418,"['4년이내', '융자금없는', '고층', '주차가능']",37.531377,126.851521
2520781714,일반상가,월세,2/3,170,"3,000",173,165,남향,20250418,"['25년이상', '중층', '관리비10만원이하', '총3층']",37.531399,126.858148
2520872059,일반상가,월세,2/3,170,"2,000",95,95,동향,20250418,"['25년이상', '융자금적은', '역세권', '중층']",37.540928,126.836654
2520855962,일반상가,월세,1/5,315,1억,55,55,남향,20250418,"['25년이상', '융자금적은', '역세권', '1층']",37.541157,126.837641
2520869918,일반상가,월세,3/3,300,"5,000",151,151,남향,20250418,"['25년이상', '융자금적은', '역세권', '고층']",37.540928,126.836654
2520877244,일반상가,월세,5/5,140,"3,000",156,138,북서향,20250418,"['25년이상', '고층', '주차가능', '엘리베이터']",37.554132,126.851048
2520832847,복합상가,월세,2/4,80,"1,000",52,46,남향,20250418,"['25년이내', '융자금적은', '역세권', '중층']",37.544427,126.84361
2520864469,일반상가,월세,2/3,350,"5,000",151,151,남향,20250418,"['25년이상', '융자금적은', '역세권', '중층']",37.540928,126.836654
2520846905,일반상가,월세,2/4,300,"5,000",156,132,북서향,20250418,"['25년이상', '역세권', '중층', '주차가능']",37.544286,126.839042
2520854950,일반상가,월세,2/3,130,"2,000",117,117,남동향,20250418,"['25년이상', '융자금없는', '역세권', '중층']",37.538937,126.839025
2520846211,일반상가,월세,6/8,200,"2,000",120,115,남향,20250418,"['25년이내', '융자금없는', '역세권', '고층']",37.547775,126.834535
2520858955,일반상가,월세,2/3,75,"1,000",48,48,남동향,20250418,"['25년이상', '융자금없는', '역세권', '중층']",37.538937,126.839025
2520883398,일반상가,월세,1/5,"2,200",3억,555,353,남동향,20250418,"['25년이상', '1층', '주차가능', '엘리베이터']",37.551308,126.848761
2520883505,일반상가,월세,1/5,"1,800",2억,515,330,남동향,20250418,"['25년이상', '1층', '주차가능', '엘리베이터']",37.551308,126.848761
2520872993,일반상가,월세,3/3,150,"2,000",95,95,동향,20250418,"['25년이상', '융자금적은', '역세권', '고층']",37.540928,126.836654
2520622317,일반상가,월세,3/11,80,"1,500",201,131,북서향,20250417,"['25년이상', '지상층(1층제외)', '관리비10만원이하', '주차가능']",37.538525,126.83548
2520619406,일반상가,월세,3/11,45,500,44,29,남동향,20250417,"['25년이상', '지상층(1층제외)', '관리비10만원이하', '주차가능']",37.538525,126.83548
2520635973,일반상가,월세,1/4,180,"3,000",98,84,북서향,20250417,"['25년이상', '융자금없는', '1층', '주차가능']",37.5538,126.849908
2520609560,일반상가,월세,4/6,200,"2,000",138,100,남향,20250417,"['25년이상', '역세권', '중층', '주차가능']",37.528757,126.846414
2520433453,단지내상가,월세,1/3,150,"2,000",39,39,북동향,20250417,"['2년이내', '융자금없는', '1층', '관리비10만원이하']",37.550706,126.851127
2520393451,일반상가,월세,4/8,70,500,49,49,북서향,20250417,"['25년이상', '중층', '주차가능', '엘리베이터']",37.54839,126.847023
2520399773,일반상가,월세,1/5,120,"2,000",43,43,북서향,20250417,"['15년이내', '1층', '관리비10만원이하', '총5층']",37.546654,126.848428
2520430706,일반상가,월세,1/2,130,"1,500",40,40,남향,20250417,"['25년이상', '역세권', '1층', '주차가능']",37.533306,126.844949
2520505518,복합상가,매매,B1/15,,"1억 6,000",120,86,남향,20250417,"['10년이내', '지하층', '관리비10만원이하', '주차가능']",37.551767,126.849263
2520478654,일반상가,월세,1/5,280,"3,000",177,177,서향,20250417,"['25년이상', '1층', '주차가능', '총5층']",37.553633,126.849892
2520493771,일반상가,월세,6/8,50,"1,000",33,33,북향,20250417,"['25년이상', '역세권', '고층', '관리비10만원이하']",37.532506,126.843834
2520550602,일반상가,매매,2/19,,10억,322,211,서향,20250417,"['15년이내', '지상층(1층제외)', '주차가능', '엘리베이터']",37.554308,126.851876
2520464559,일반상가,월세,2/6,110,"2,000",90,74,남동향,20250417,"['25년이상', '지상층(1층제외)', '관리비10만원이하', '주차가능']",37.547456,126.845609
2520392993,일반상가,월세,8/8,100,"1,000",87,87,북서향,20250417,"['25년이상', '고층', '관리비20만원이하', '주차가능']",37.54839,126.847023
2520440600,일반상가,월세,B1/3,180,"3,000",198,155,북동향,20250417,"['25년이상', '역세권', '지하층', '주차가능']",37.543902,126.837836
2520559164,일반상가,월세,1/3,60,"1,000",23,23,남향,20250417,"['25년이상', '융자금적은', '1층', '총3층']",37.54062,126.833808
2520589874,일반상가,월세,2/3,130,"3,000",179,125,남동향,20250417,"['25년이상', '역세권', '중층', '관리비10만원이하']",37.538937,126.839025
2520594016,일반상가,월세,1/6,400,1억,55,41,남향,20250417,"['15년이내', '역세권', '1층', '주차가능']",37.54141,126.838502
2520621558,일반상가,월세,1/5,100,"1,500",44,41,서향,20250417,"['25년이내', '융자금적은', '1층', '관리비10만원이하']",37.535761,126.847106
2520579413,일반상가,월세,1/2,110,"2,000",41,36,북향,20250417,"['25년이상', '융자금없는', '역세권', '1층']",37.533957,126.847351
2520538301,일반상가,월세,1/7,150,"2,000",96,96,남향,20250417,"['25년이내', '1층', '관리비10만원이하', '주차가능']",37.552876,126.84888
2520539419,일반상가,월세,1/3,280,"3,000",99,99,동향,20250417,"['25년이상', '1층', '관리비10만원이하', '주차가능']",37.53173,126.862947
2520527798,일반상가,월세,1/3,240,"4,000",36,36,북향,20250417,"['25년이상', '역세권', '1층', '관리비10만원이하']",37.530488,126.848013
2520464164,일반상가,월세,3/6,90,"1,000",90,74,남동향,20250417,"['25년이상', '중층', '관리비10만원이하', '주차가능']",37.547456,126.845609
2520512193,일반상가,월세,1/7,150,"2,000",160,96,남향,20250417,"['25년이내', '1층', '관리비10만원이하', '주차가능']",37.552876,126.84888
2520600382,일반상가,월세,1/3,70,"1,000",39,39,남향,20250417,"['25년이상', '융자금없는', '1층', '관리비10만원이하']",37.544913,126.834253
2520450849,일반상가,월세,1/19,250,"3,000",39,39,남동향,20250417,"['10년이내', '1층', '관리비20만원이하', '주차가능']",37.552569,126.849952
2520506939,일반상가,월세,1/2,70,"1,000",23,23,서향,20250417,"['25년이상', '융자금없는', '1층', '총2층']",37.534631,126.838814
2520494895,일반상가,월세,1/3,60,"1,000",23,23,남서향,20250417,"['25년이상', '1층', '총3층', '남서향']",37.535131,126.859333
2520453558,일반상가,월세,1/6,465,"9,000",270,145,남동향,20250417,"['25년이내', '1층', '주차가능', '남동향']",37.55232,126.851605
2520478176,일반상가,월세,1/1,70,"1,000",33,33,남향,20250417,"['25년이상', '1층', '남향']",37.536398,126.847155
2520499058,일반상가,월세,2/3,200,"3,000",112,112,북서향,20250417,"['25년이상', '융자금없는', '역세권', '중층']",37.542903,126.843636
2520511768,일반상가,월세,1/4,50,"1,000",59,59,북동향,20250417,"['25년이상', '1층', '주차가능', '총4층']",37.5487,126.852008
2520586084,일반상가,월세,1/8,130,"3,000",68,44,서향,20250417,"['2년이내', '융자금없는', '1층', '관리비10만원이하']",37.539055,126.83677
2520619996,일반상가,월세,B1/4,85,"1,000",99,99,동향,20250417,"['25년이상', '역세권', '지하층', '관리비10만원이하']",37.541587,126.838316
2520588252,일반상가,월세,1/6,180,"3,000",54,54,서향,20250417,"['10년이내', '역세권', '1층', '관리비10만원이하']",37.544768,126.837646
2520511272,일반상가,월세,1/4,180,"3,000",98,70,서향,20250417,"['25년이상', '1층', '주차가능', '총4층']",37.5538,126.849908
2520509288,일반상가,월세,1/2,80,"1,000",30,30,서향,20250417,"['25년이상', '역세권', '1층', '총2층']",37.542787,126.836693
2520429523,일반상가,월세,1/1,270,"3,000",73,70,남향,20250417,"['25년이상', '역세권', '1층', '남향']",37.534312,126.847559
2520402604,일반상가,월세,1/4,130,"2,000",56,56,남향,20250417,"['25년이상', '1층', '주차가능', '총4층']",37.531422,126.862115
2520423677,일반상가,월세,1/3,100,"2,000",33,33,동향,20250417,"['25년이상', '1층', '총3층', '동향']",37.532244,126.857643
2520461468,일반상가,월세,1/3,80,"1,500",16,16,남향,20250417,"['25년이상', '역세권', '1층', '총3층']",37.542884,126.844147
2520427967,일반상가,월세,1/1,120,"2,000",29,29,남향,20250417,"['25년이상', '1층', '관리비10만원이하', '남향']",37.534456,126.837655
2520397457,일반상가,월세,2/4,129,"2,000",148,148,북동향,20250417,"['25년이상', '중층', '총4층', '북동향']",37.549132,126.851202
2520510516,일반상가,월세,1/2,70,"1,000",33,33,서향,20250417,"['25년이상', '역세권', '1층', '관리비10만원이하']",37.54352,126.836606
2520502656,복합상가,월세,1/5,230,"4,000",25,25,서향,20250417,"['15년이내', '역세권', '1층', '주차가능']",37.547216,126.83682
2520495905,일반상가,월세,1/5,500,1억,249,215,북서향,20250417,"['25년이내', '1층', '주차가능', '총5층']",37.553261,126.852449
2520450376,일반상가,월세,1/4,200,"3,000",98,98,남동향,20250417,"['25년이내', '1층', '관리비10만원이하', '주차가능']",37.553194,126.852191
2520585610,일반상가,월세,2/4,100,"1,000",95,85,남서향,20250417,"['25년이상', '융자금없는', '중층', '엘리베이터']",37.542369,126.84911
2520597076,일반상가,월세,2/4,80,"2,000",98,98,북향,20250417,"['25년이내', '융자금없는', '역세권', '중층']",37.530623,126.85017
2520593436,일반상가,월세,1/2,130,"3,000",36,36,남서향,20250417,"['25년이상', '융자금적은', '1층', '총2층']",37.541451,126.845165
2520638985,일반상가,월세,1/5,90,"1,000",93,31,북향,20250417,"['25년이상', '1층', '관리비10만원이하', '주차가능']",37.530964,126.853429
2520508667,일반상가,월세,1/2,80,"1,500",30,28,북향,20250417,"['25년이상', '1층', '총2층', '북향']",37.54407,126.835606
2520465547,일반상가,월세,1/4,600,"6,000",388,363,서향,20250417,"['25년이상', '융자금없는', '1층', '관리비20만원이하']",37.534986,126.862933
2520466610,일반상가,월세,3/5,150,"2,000",144,87,북향,20250417,"['25년이상', '중층', '관리비10만원이하', '주차가능']",37.537297,126.839978
2520393123,일반상가,월세,5/8,100,"1,000",81,81,북서향,20250417,"['25년이상', '중층', '관리비20만원이하', '주차가능']",37.54839,126.847023
2520424830,일반상가,월세,1/3,75,"1,000",26,26,북향,20250417,"['25년이상', '1층', '총3층', '북향']",37.532185,126.85452
2520420028,일반상가,월세,1/4,200,,160,66,북서향,20250417,"['25년이상', '무보증', '1층', '총4층']",37.545649,126.847638
2520544468,일반상가,월세,5/10,500,1억,413,290,북동향,20250417,"['25년이상', '역세권', '중층', '주차가능']",37.541951,126.839656
2520463712,일반상가,월세,2/5,170,"3,000",168,155,동향,20250417,"['25년이상', '중층', '주차가능', '엘리베이터']",37.554325,126.854046
2520621091,복합상가,월세,B1/18,150,"2,000",166,139,북서향,20250417,"['10년이내', '융자금적은', '지하층', '주차가능']",37.553468,126.851291
2520619352,일반상가,월세,2/2,180,"2,000",128,128,북서향,20250417,"['25년이상', '융자금없는', '고층', '엘리베이터']",37.551994,126.850416
2520622124,일반상가,월세,1/15,150,"3,000",69,42,북서향,20250417,"['15년이내', '1층', '관리비10만원이하', '북서향']",37.554867,126.851263
2520589275,일반상가,월세,B1/4,120,"2,000",162,162,남동향,20250417,"['25년이상', '융자금적은', '역세권', '지하층']",37.539214,126.839742
2520539254,일반상가,월세,2/4,700,1억,331,297,북서향,20250417,"['25년이상', '중층', '주차가능', '총4층']",37.552214,126.850635
2520629101,일반상가,월세,1/3,50,500,26,25,남향,20250417,"['25년이상', '1층', '주차가능', '총3층']",37.527824,126.839985
2520504364,일반상가,월세,1/5,420,"5,000",162,158,북동향,20250417,"['25년이상', '융자금없는', '1층', '주차가능']",37.531928,126.861468
2520645869,일반상가,월세,3/6,90,"1,500",66,56,서향,20250417,"['25년이내', '역세권', '중층', '주차가능']",37.542328,126.842778
2520355417,일반상가,월세,5/10,390,"4,000",293,174,북동향,20250416,"['25년이내', '역세권', '중층', '주차가능']",37.531084,126.846539
2520324537,일반상가,월세,1/3,120,"1,500",30,30,남향,20250416,"['25년이상', '역세권', '1층', '천장에어컨']",37.530929,126.850295
2520334601,일반상가,월세,2/5,"1,000","1억 5,000",752,603,북동향,20250416,"['25년이상', '중층', '주차가능', '엘리베이터']",37.554544,126.855218
2520333192,일반상가,월세,1/5,"1,200","2억 4,000",610,386,북동향,20250416,"['25년이상', '1층', '주차가능', '엘리베이터']",37.554544,126.855218
2520333148,일반상가,월세,1/5,240,"5,000",140,126,동향,20250416,"['25년이상', '1층', '관리비20만원이하', '주차가능']",37.553447,126.85006
2520244101,일반상가,월세,1/3,70,"1,000",33,33,북동향,20250416,"['25년이상', '1층', '총3층', '북동향']",37.530403,126.851357
2520273495,일반상가,월세,1/5,65,"1,000",30,23,남향,20250416,"['25년이상', '1층', '관리비10만원이하', '주차가능']",37.545563,126.844444
2520343662,복합상가,월세,1/2,150,"2,000",39,39,남향,20250416,"['2년이내', '융자금적은', '1층', '주차가능']",37.550706,126.851127
2520180635,일반상가,월세,5/6,120,"1,500",134,15,남동향,20250416,"['25년이상', '역세권', '고층', '관리비20만원이하']",37.538749,126.842113
2520217181,일반상가,월세,1/4,165,"3,000",66,66,남향,20250416,"['25년이상', '1층', '주차가능', '총4층']",37.531082,126.851803
2520348790,일반상가,월세,1/2,135,"2,000",40,38,동향,20250416,"['25년이상', '1층', '주차가능', '총2층']",37.532586,126.839036
2520298977,복합상가,월세,1/3,200,"2,000",60,43,북향,20250416,"['25년이상', '1층', '총3층', '북향']",37.552702,126.852479
2520276552,일반상가,월세,2/2,60,"2,000",50,50,서향,20250416,"['25년이상', '고층', '총2층', '서향']",37.546948,126.845837
2520306216,일반상가,월세,1/1,260,"3,000",73,66,남동향,20250416,"['25년이상', '역세권', '1층', '남동향']",37.534312,126.847559
2520276255,일반상가,월세,1/3,400,"7,000",112,112,동향,20250416,"['25년이상', '1층', '주차가능', '총3층']",37.553696,126.851668
2520300046,일반상가,월세,1/1,240,"3,500",66,66,북향,20250416,"['25년이상', '역세권', '1층', '북향']",37.533838,126.847015
2520240678,일반상가,월세,1/3,750,"1억 5,000",173,69,북서향,20250416,"['25년이상', '역세권', '1층', '총3층']",37.531818,126.846992
2520276054,일반상가,월세,1/5,250,"5,000",114,114,남향,20250416,"['25년이상', '1층', '관리비10만원이하', '주차가능']",37.527127,126.842078
2520294130,일반상가,월세,B1/6,80,"2,000",206,165,남서향,20250416,"['25년이상', '지하층', '주차가능', '엘리베이터']",37.550981,126.85205
2520379677,일반상가,월세,4/4,80,"1,000",84,66,남동향,20250416,"['25년이상', '역세권', '고층', '관리비20만원이하']",37.541212,126.83795
2520383476,일반상가,월세,7/7,105,"1,500",62,50,남동향,20250416,"['25년이내', '고층', '주차가능', '엘리베이터']",37.537476,126.837347
2520294070,일반상가,월세,5/6,200,"5,000",290,245,남서향,20250416,"['25년이상', '고층', '주차가능', '엘리베이터']",37.550981,126.85205
2520361979,일반상가,월세,2/5,150,"2,000",123,115,북서향,20250416,"['25년이상', '중층', '관리비10만원이하', '주차가능']",37.537143,126.838884
2520181278,일반상가,월세,3/4,250,"3,000",232,201,남서향,20250416,"['25년이상', '고층', '주차가능', '엘리베이터']",37.551867,126.850917
2520181622,일반상가,월세,2/4,200,"3,000",165,145,남서향,20250416,"['25년이상', '중층', '주차가능', '엘리베이터']",37.551867,126.850917
2520384895,일반상가,월세,5/7,130,"3,000",102,81,남동향,20250416,"['25년이내', '고층', '주차가능', '엘리베이터']",37.537476,126.837347
2520232813,일반상가,월세,1/2,135,"2,000",33,33,동향,20250416,"['25년이상', '1층', '총2층', '동향']",37.532586,126.839036
2520383929,일반상가,월세,3/7,135,"3,000",119,95,남동향,20250416,"['25년이내', '중층', '주차가능', '엘리베이터']",37.537476,126.837347
2520399615,일반상가,월세,B1/4,60,"1,000",118,104,북동향,20250416,"['25년이상', '지하층', '관리비10만원이하', '주차가능']",37.552392,126.853284
2520383681,일반상가,월세,6/7,125,"2,500",82,66,남동향,20250416,"['25년이내', '고층', '주차가능', '엘리베이터']",37.537476,126.837347
2520256033,일반상가,월세,2/4,150,"5,000",213,164,동향,20250416,"['25년이상', '중층', '주차가능', '총4층']",37.533557,126.862746
2520231236,일반상가,단기임대,1/4,200,,70,70,서향,20250416,"['25년이상', '무보증', '1층', '주차가능']",37.545649,126.847638
2520073656,일반상가,월세,1/4,85,"3,000",26,19,남동향,20250415,"['25년이상', '1층', '관리비10만원이하', '주차가능']",37.546277,126.844946
2520079412,일반상가,월세,3/5,150,"2,000",124,100,남서향,20250415,"['25년이내', '역세권', '중층', '관리비20만원이하']",37.539162,126.842474
2520027331,일반상가,월세,3/4,200,"2,500",179,178,북서향,20250415,"['25년이내', '고층', '관리비10만원이하', '주차가능']",37.551591,126.85133
2520027593,일반상가,월세,2/4,200,"3,000",179,178,북서향,20250415,"['25년이내', '중층', '관리비10만원이하', '주차가능']",37.551591,126.85133
2520055575,일반상가,월세,5/5,140,"2,000",130,84,남동향,20250415,"['25년이상', '융자금적은', '고층', '주차가능']",37.551308,126.848761
2520080312,일반상가,월세,2/5,300,"4,000",249,231,남서향,20250415,"['25년이내', '역세권', '중층', '주차가능']",37.539162,126.842474
2519927441,일반상가,월세,B1/4,120,"1,500",73,66,남동향,20250415,"['25년이상', '융자금적은', '역세권', '지하층']",37.54231,126.841463
2520110099,일반상가,월세,1/3,250,"6,000",82,56,서향,20250415,"['25년이상', '역세권', '1층', '총3층']",37.547311,126.835689
2520114052,일반상가,월세,1/4,240,"2,000",177,72,남서향,20250415,"['25년이내', '역세권', '1층', '주차가능']",37.540579,126.838334
2520047496,일반상가,월세,1/5,110,"3,000",40,37,남동향,20250415,"['4년이내', '1층', '관리비10만원이하', '주차가능']",37.538846,126.834538
2520062506,일반상가,월세,B1/4,"1,200",2억,444,396,남동향,20250415,"['25년이상', '지하층', '주차가능', '총4층']",37.552214,126.850635
2519934363,일반상가,월세,1/4,165,"3,000",119,76,남향,20250415,"['25년이상', '1층', '주차가능', '총4층']",37.531082,126.851803
2519932545,일반상가,월세,1/4,85,"1,000",119,23,남향,20250415,"['25년이상', '융자금없는', '1층', '주차가능']",37.531082,126.851803
2520160685,일반상가,월세,1/6,400,1억,41,41,남동향,20250415,"['15년이내', '역세권', '1층', '주차가능']",37.54141,126.838502
2520103065,일반상가,월세,1/2,90,"2,000",45,29,동향,20250415,"['25년이상', '역세권', '1층', '총2층']",37.539871,126.836281
2520051123,일반상가,매매,B1/15,,1억,13,13,남향,20250415,"['4년이내', '지하층', '주차가능', '남향']",37.52872,126.846045
2520108802,일반상가,월세,B1/5,350,"5,000",159,137,남향,20250415,"['25년이내', '역세권', '지하층', '관리비20만원이하']",37.541899,126.838504
2520077657,일반상가,월세,1/3,200,"4,000",36,33,북향,20250415,"['25년이상', '역세권', '1층', '관리비10만원이하']",37.530477,126.847804
2520057464,일반상가,월세,B1/5,350,"5,000",137,137,남동향,20250415,"['25년이내', '역세권', '지하층', '관리비20만원이하']",37.541899,126.838504
2520099889,일반상가,월세,1/3,120,"1,500",35,30,남서향,20250415,"['25년이상', '역세권', '1층', '관리비10만원이하']",37.54436,126.837092
2520125994,일반상가,월세,1/2,60,"1,000",39,39,서향,20250415,"['25년이상', '1층', '관리비10만원이하', '주차가능']",37.538974,126.834455
2520057093,일반상가,월세,1/3,170,"2,500",33,33,남향,20250415,"['25년이상', '역세권', '1층', '관리비10만원이하']",37.530789,126.847909
2520160887,일반상가,월세,1/4,320,"4,000",42,34,북동향,20250415,"['25년이상', '역세권', '1층', '관리비10만원이하']",37.531958,126.84632
2519924555,일반상가,월세,6/7,150,"2,000",173,158,남동향,20250415,"['25년이내', '융자금없는', '고층', '주차가능']",37.545383,126.847075
2519940293,복합상가,월세,1/5,120,"2,000",44,34,남향,20250415,"['25년이상', '1층', '주차가능', '총5층']",37.532843,126.858153
2520025922,일반상가,월세,B1/4,150,"3,000",162,161,남서향,20250415,"['25년이상', '지하층', '주차가능', '총4층']",37.551867,126.850917
2520026347,일반상가,월세,2/4,150,"3,000",152,152,남서향,20250415,"['25년이상', '중층', '주차가능', '총4층']",37.551867,126.850917
2520009249,일반상가,월세,10/10,"1,000","1억 2,000",747,558,북동향,20250415,"['25년이상', '역세권', '고층', '주차가능']",37.541951,126.839656
2520043801,단지내상가,월세,전체층/1,250,"3,000",99,99,북동향,20250415,"['25년이상', '테라스', '마당', '역세권']",37.533421,126.848112
2520026762,일반상가,월세,3/4,250,"5,000",208,208,남서향,20250415,"['25년이상', '고층', '주차가능', '총4층']",37.551867,126.850917
2519926388,일반상가,월세,9/10,600,"5,000",459,291,동향,20250415,"['25년이내', '역세권', '고층', '동향']",37.531167,126.846773
2520048766,일반상가,매매,B1/15,,15억,330,330,남향,20250415,"['4년이내', '지하층', '주차가능', '남향']",37.52872,126.846045
2520008789,일반상가,월세,1/4,110,"2,000",26,19,남동향,20250415,"['10년이내', '역세권', '1층', '관리비20만원이하']",37.540763,126.839153
2520035444,일반상가,월세,1/2,90,"2,000",28,28,북향,20250415,"['25년이상', '역세권', '1층', '관리비10만원이하']",37.531736,126.84826
2520048347,일반상가,매매,1/15,,20억,115,115,남향,20250415,"['4년이내', '1층', '급매', '주차가능']",37.52872,126.846045
2520073518,일반상가,월세,1/18,230,"5,000",33,33,동향,20250415,"['15년이내', '1층', '관리비20만원이하', '천장에어컨']",37.554867,126.851263
2519985807,일반상가,월세,1/4,75,"1,000",20,20,남서향,20250415,"['25년이상', '1층', '주차가능', '총4층']",37.533998,126.858667
2520186674,일반상가,매매,1/7,,5억,80,61,남동향,20250415,"['25년이내', '1층', '남동향']",37.552876,126.84888
2519878315,일반상가,매매,1/5,,13억,365,365,남향,20250414,"['25년이상', '1층', '주차가능', '총5층']",37.548524,126.849919
2519881925,일반상가,월세,1/5,"1,500",3억,520,355,남동향,20250414,"['25년이상', '마당', '1층', '관리비10만원이하']",37.551308,126.848761
2519781829,일반상가,월세,2/12,130,"2,000",296,128,동향,20250414,"['25년이상', '역세권', '지상층(1층제외)', '관리비10만원이하']",37.529981,126.846166
2519629480,일반상가,매매,2/18,,7억,160,85,남동향,20250414,"['15년이내', '지상층(1층제외)', '주차가능', '남동향']",37.554867,126.851263
2519603604,일반상가,월세,1/3,70,"1,000",38,38,남서향,20250414,"['25년이상', '융자금없는', '1층', '총3층']",37.548977,126.850105
2519610770,일반상가,월세,4/4,110,"1,000",155,133,남향,20250414,"['25년이상', '고층', '관리비10만원이하', '주차가능']",37.538422,126.837666
2519616212,일반상가,월세,1/4,650,1억,42,42,남동향,20250414,"['25년이상', '역세권', '1층', '관리비10만원이하']",37.530731,126.847018
2519603061,복합상가,월세,1/8,350,"7,000",33,33,,20250414,"['15년이내', '역세권', '1층', '주차가능']",37.540606,126.837563
2519603653,일반상가,월세,1/4,70,"1,000",23,21,북향,20250414,"['25년이내', '역세권', '1층', '관리비10만원이하']",37.544232,126.841757
2519610473,일반상가,월세,2/4,150,"3,000",115,115,북서향,20250414,"['25년이상', '융자금없는', '역세권', '중층']",37.542477,126.844158
2519618709,일반상가,월세,1/4,265,"6,000",40,40,북향,20250414,"['25년이상', '역세권', '1층', '총4층']",37.547833,126.835835
2519639126,일반상가,월세,1/9,350,"5,000",108,69,남향,20250414,"['25년이상', '1층', '주차가능', '남향']",37.553271,126.851181
2519655442,일반상가,월세,1/4,150,"1,000",135,99,북향,20250414,"['25년이상', '1층', '주차가능', '총4층']",37.53171,126.862767
2519618735,일반상가,월세,1/5,500,1억,249,249,북향,20250414,"['25년이내', '1층', '주차가능', '총5층']",37.553261,126.852449
2519603755,일반상가,월세,B1/4,70,"1,000",114,105,남서향,20250414,"['25년이상', '지하층', '관리비10만원이하', '주차가능']",37.544526,126.845781
2519611924,일반상가,월세,1/2,80,"1,000",23,23,북향,20250414,"['25년이상', '융자금없는', '1층', '주차가능']",37.530219,126.838734
2519807640,일반상가,월세,1/4,230,"3,000",66,66,남향,20250414,"['25년이상', '1층', '총4층', '남향']",37.531549,126.863244
2519700832,일반상가,월세,2/2,170,"2,000",81,81,남서향,20250414,"['25년이상', '고층', '관리비10만원이하', '총2층']",37.552862,126.853095
2519702233,일반상가,월세,1/3,300,"5,000",59,59,서향,20250414,"['25년이상', '1층', '총3층', '서향']",37.552211,126.85033
2519789029,일반상가,월세,1/4,153,"3,000",90,90,남향,20250414,"['25년이내', '역세권', '1층', '관리비10만원이하']",37.542008,126.842601
2519658173,일반상가,월세,1/5,120,"3,000",37,37,남서향,20250414,"['4년이내', '융자금적은', '1층', '관리비10만원이하']",37.538846,126.834538
2519778459,일반상가,월세,B1/5,50,500,54,54,북향,20250414,"['25년이상', '지하층', '관리비10만원이하', '총5층']",37.529157,126.853689
2519764569,일반상가,월세,2/4,250,"2,000",128,109,남동향,20250414,"['25년이상', '중층', '주차가능', '총4층']",37.55234,126.849738
2519714213,복합상가,월세,1/5,190,"2,500",40,27,북향,20250414,"['25년이내', '융자금적은', '역세권', '1층']",37.547809,126.835029
2519682393,일반상가,월세,1/3,350,"4,000",158,158,남향,20250414,"['25년이상', '1층', '주차가능', '총3층']",37.52702,126.841498
2519711537,일반상가,월세,1/4,250,"3,500",89,59,남향,20250414,"['25년이상', '융자금적은', '역세권', '1층']",37.54231,126.841463
2519676062,복합상가,월세,1/4,700,1억,244,244,남동향,20250414,"['25년이상', '1층', '주차가능', '총4층']",37.552323,126.850438
2519716118,복합상가,월세,1/4,450,1억,122,83,남향,20250414,"['25년이상', '융자금없는', '역세권', '1층']",37.541927,126.839341
2519661494,일반상가,월세,1/3,48,"1,500",13,13,남동향,20250414,"['25년이상', '1층', '총3층', '남동향']",37.532829,126.861783
2519696524,일반상가,월세,1/4,130,"2,000",14,14,남동향,20250414,"['10년이내', '융자금적은', '1층', '관리비10만원이하']",37.533365,126.839768
2519871999,일반상가,월세,1/2,90,"2,000",52,52,북향,20250414,"['25년이상', '1층', '총2층', '북향']",37.532348,126.855897
2519863272,일반상가,월세,1/3,125,"2,000",39,39,남향,20250414,"['25년이상', '1층', '총3층', '남향']",37.531957,126.858711
2519875215,일반상가,월세,1/4,400,"8,000",98,98,남향,20250414,"['25년이상', '역세권', '1층', '주차가능']",37.529713,126.846635
2519872520,일반상가,월세,1/3,300,"5,000",82,66,북서향,20250414,"['25년이상', '1층', '총3층', '북서향']",37.552211,126.85033
2519840241,복합상가,월세,3/9,250,"5,000",150,132,서향,20250414,"['25년이상', '지상층(1층제외)', '주차가능', '서향']",37.553271,126.851181
2519663451,일반상가,월세,1/2,220,"4,000",69,69,북동향,20250414,"['25년이상', '융자금없는', '1층', '총2층']",37.542586,126.848042
2519659104,일반상가,월세,1/4,140,"2,400",60,60,남향,20250414,"['25년이상', '1층', '주차가능', '총4층']",37.537323,126.836359
2519760506,일반상가,월세,B1/3,60,"1,000",125,120,동향,20250414,"['25년이상', '지하층', '총3층', '동향']",37.532585,126.862882
2519664270,일반상가,월세,1/3,240,"4,000",44,44,남향,20250414,"['25년이상', '역세권', '1층', '관리비10만원이하']",37.543786,126.843021
2519828403,일반상가,월세,5/5,230,"5,000",148,122,동향,20250414,"['25년이상', '역세권', '고층', '관리비20만원이하']",37.530261,126.863549
2519836496,일반상가,월세,B1/3,40,"1,000",97,97,남동향,20250414,"['25년이상', '융자금없는', '지하층', '관리비10만원이하']",37.548977,126.850105
2519827831,일반상가,월세,5/5,500,1억,198,178,동향,20250414,"['25년이상', '역세권', '고층', '주차가능']",37.530261,126.863549
2519604877,일반상가,월세,2/3,150,"2,000",112,100,남향,20250414,"['25년이상', '중층', '주차가능', '총3층']",37.528517,126.843036
2519610434,일반상가,월세,2/5,150,"2,000",148,126,서향,20250414,"['25년이상', '중층', '관리비10만원이하', '주차가능']",37.548524,126.847133
2519715176,일반상가,월세,1/3,600,1억,244,72,북서향,20250414,"['25년이상', '1층', '총3층', '북서향']",37.552081,126.85021
2519616251,일반상가,월세,1/3,"2,000",3억,134,134,남향,20250414,"['15년이내', '역세권', '1층', '주차가능']",37.541556,126.839038
2519820233,일반상가,월세,B1/4,140,"1,500",69,69,남향,20250414,"['25년이상', '지하층', '관리비10만원이하', '총4층']",37.52837,126.839905
2519916049,일반상가,월세,1/5,90,"1,000",93,33,남향,20250414,"['25년이상', '융자금없는', '1층', '관리비10만원이하']",37.530964,126.853429
2519921811,일반상가,월세,1/3,90,"1,500",52,46,북동향,20250414,"['25년이상', '융자금적은', '1층', '총3층']",37.552232,126.849197
2519715482,일반상가,월세,2/4,200,"3,000",132,128,동향,20250414,"['25년이상', '융자금없는', '중층', '관리비20만원이하']",37.533095,126.863367
2519616192,일반상가,월세,2/5,250,"3,000",156,135,남향,20250414,"['25년이상', '중층', '주차가능', '엘리베이터']",37.554132,126.851048
2519716717,일반상가,월세,4/6,150,"3,000",316,133,남서향,20250414,"['25년이상', '중층', '주차가능', '엘리베이터']",37.550981,126.85205
2519776572,일반상가,월세,3/4,200,"3,000",200,159,남향,20250414,"['25년이상', '융자금없는', '역세권', '고층']",37.530887,126.849641
2519731948,복합상가,월세,2/20,"1,200",2억,536,311,남동향,20250414,"['4년이내', '융자금적은', '지상층(1층제외)', '주차가능']",37.552875,126.850208
2519704690,일반상가,월세,1/15,620,"7,200",186,124,남향,20250414,"['4년이내', '역세권', '1층', '주차가능']",37.546249,126.835933
2519776787,일반상가,월세,1/4,540,"5,000",132,132,남향,20250414,"['25년이상', '역세권', '1층', '총4층']",37.542903,126.843636
2519905446,일반상가,매매,1/5,,"2억 5,000",31,31,남향,20250414,"['25년이내', '역세권', '1층', '주차가능']",37.535174,126.848328
2519920940,일반상가,월세,1/3,85,"2,000",39,33,북동향,20250414,"['25년이상', '융자금적은', '1층', '관리비10만원이하']",37.552232,126.849197
2519475155,복합상가,월세,3/5,140,"3,000",156,156,남동향,20250412,"['25년이상', '융자금없는', '중층', '주차가능']",37.554132,126.851048
2519481272,단지내상가,월세,2/18,65,500,33,21,북서향,20250412,"['10년이내', '지상층(1층제외)', '관리비10만원이하', '주차가능']",37.551,126.848467
2519500603,일반상가,월세,1/8,200,"3,000",89,76,북서향,20250412,"['25년이상', '1층', '관리비20만원이하', '주차가능']",37.547855,126.846486
2519539081,일반상가,월세,2/8,600,1억,485,416,북서향,20250412,"['25년이내', '역세권', '지상층(1층제외)', '주차가능']",37.54262,126.839117
2519528482,일반상가,월세,B1/4,120,"1,500",73,59,남향,20250412,"['25년이상', '역세권', '지하층', '관리비10만원이하']",37.54231,126.841463
2519521816,일반상가,월세,2/4,250,"2,000",128,109,남서향,20250412,"['25년이상', '중층', '주차가능', '총4층']",37.552246,126.849662
2519549059,일반상가,월세,1/3,90,"2,000",67,67,북서향,20250412,"['25년이상', '1층', '총3층', '북서향']",37.552467,126.854125
2519454845,일반상가,월세,B1/4,100,"2,000",150,150,북동향,20250412,"['25년이상', '융자금없는', '역세권', '지하층']",37.534241,126.848151
2519470219,일반상가,월세,1/4,320,"4,000",33,33,동향,20250412,"['25년이상', '역세권', '1층', '총4층']",37.531958,126.84632
2519471401,일반상가,월세,1/2,160,"3,500",124,46,동향,20250412,"['25년이상', '역세권', '1층', '총2층']",37.532149,126.847011
2519470673,일반상가,월세,1/3,160,"3,000",49,49,동향,20250412,"['25년이상', '역세권', '1층', '총3층']",37.533268,126.846339
2519484798,일반상가,월세,B1/13,200,"2,000",171,171,남향,20250412,"['10년이내', '지하층', '관리비10만원이하', '주차가능']",37.52883,126.842629
2519521262,일반상가,월세,3/4,250,"3,000",232,195,남서향,20250412,"['25년이상', '고층', '주차가능', '엘리베이터']",37.551867,126.850917
2519473519,일반상가,월세,1/6,95,"2,000",74,74,북향,20250412,"['25년이상', '1층', '북향']",37.535096,126.851759
2519520698,일반상가,월세,2/4,450,"8,000",332,299,남서향,20250412,"['25년이상', '중층', '주차가능', '엘리베이터']",37.551867,126.850917
2519459752,일반상가,월세,4/6,180,"5,000",211,148,북서향,20250412,"['25년이내', '중층', '주차가능', '북서향']",37.548421,126.850311
2519530264,일반상가,월세,2/6,160,"2,000",182,148,북향,20250412,"['25년이상', '지상층(1층제외)', '관리비20만원이하', '주차가능']",37.537235,126.839562
2519421989,일반상가,월세,3/4,70,700,61,46,남동향,20250412,"['25년이상', '역세권', '고층', '관리비10만원이하']",37.544386,126.837342
2519470799,일반상가,월세,1/2,250,"4,000",57,57,남향,20250412,"['25년이상', '역세권', '1층', '총2층']",37.533943,126.846491
2519470528,일반상가,월세,1/5,120,"1,500",36,36,서향,20250412,"['25년이내', '역세권', '1층', '주차가능']",37.534867,126.847615
2519470003,일반상가,월세,1/3,100,"1,000",69,54,동향,20250412,"['25년이상', '역세권', '1층', '총3층']",37.532268,126.842142
2519490032,일반상가,월세,B1/3,65,"1,000",108,90,동향,20250412,"['25년이상', '역세권', '지하층', '총3층']",37.542425,126.836504
2519583261,일반상가,월세,1/4,80,"2,000",33,33,동향,20250412,"['25년이내', '융자금적은', '1층', '관리비10만원이하']",37.535417,126.862634
2519429154,일반상가,월세,2/3,100,"1,500",108,108,남향,20250412,"['25년이상', '중층', '주차가능', '총3층']",37.531636,126.85649
2519525774,일반상가,월세,1/5,600,1억,473,434,북서향,20250412,"['25년이상', '융자금적은', '마당', '1층']",37.546634,126.844687
2519518568,일반상가,월세,1/20,260,"5,000",72,42,남동향,20250412,"['2년이내', '1층', '주차가능', '엘리베이터']",37.550685,126.848355
2519549565,일반상가,월세,1/3,45,"1,000",20,16,북서향,20250412,"['25년이상', '1층', '총3층', '북서향']",37.552467,126.854125
2519495613,일반상가,월세,1/7,"1,000",2억,77,62,북서향,20250412,"['25년이내', '융자금없는', '역세권', '1층']",37.541665,126.841134
2519518985,일반상가,월세,1/20,450,1억,123,72,남동향,20250412,"['2년이내', '1층', '주차가능', '엘리베이터']",37.550685,126.848355
2519516492,일반상가,월세,2/12,80,"2,000",123,53,동향,20250412,"['25년이상', '융자금없는', '역세권', '지상층(1층제외)']",37.529981,126.846166
2519470927,일반상가,월세,1/4,200,"2,500",66,66,남향,20250412,"['25년이상', '역세권', '1층', '주차가능']",37.533204,126.844829
2519471330,일반상가,월세,1/1,160,"3,500",39,39,동향,20250412,"['25년이상', '마당', '역세권', '1층']",37.532245,126.847229
2519470316,일반상가,월세,1/1,190,"1,500",45,26,서향,20250412,"['25년이상', '역세권', '1층', '서향']",37.531929,126.847413
2519303676,일반상가,월세,1/3,400,"5,000",151,115,북서향,20250411,"['25년이상', '1층', '관리비10만원이하', '주차가능']",37.548648,126.847236
2519290083,일반상가,월세,1/4,130,"1,500",49,29,북향,20250411,"['25년이내', '융자금없는', '역세권', '1층']",37.544682,126.835895
2519239587,일반상가,매매,1/19,,4억,50,46,남동향,20250411,"['10년이내', '1층', '주차가능', '엘리베이터']",37.54817,126.847117
2519306839,일반상가,월세,2/3,360,"5,000",294,255,북동향,20250411,"['25년이상', '역세권', '중층', '주차가능']",37.543902,126.837836
2519210020,일반상가,월세,1/6,120,"2,000",28,28,북서향,20250411,"['10년이내', '융자금없는', '1층', '주차가능']",37.552955,126.853265
2519269544,일반상가,월세,1/4,130,"2,000",39,29,북서향,20250411,"['25년이상', '테라스', '1층', '관리비10만원이하']",37.54943,126.847852
2519034383,일반상가,월세,1/6,450,"5,000",98,46,남향,20250411,"['4년이내', '융자금없는', '1층', '주차가능']",37.531287,126.863524
2519014664,일반상가,월세,1/6,700,1억,127,60,남향,20250411,"['4년이내', '1층', '주차가능', '남향']",37.531287,126.863524
2519039929,일반상가,월세,1/6,450,"5,000",93,44,남향,20250411,"['4년이내', '1층', '주차가능', '남향']",37.531287,126.863524
2519222928,일반상가,월세,1/2,200,"4,000",80,80,남동향,20250411,"['25년이상', '1층', '총2층', '남동향']",37.552282,126.851337
2518972211,일반상가,월세,2/6,217,"5,000",87,43,남향,20250411,"['4년이내', '지상층(1층제외)', '주차가능', '남향']",37.531287,126.863524
2519355424,단지내상가,월세,1/13,550,1억,85,41,남향,20250411,"['2년이내', '역세권', '1층', '주차가능']",37.542241,126.840386
2519355224,일반상가,월세,3/3,150,"3,000",90,82,서향,20250411,"['25년이상', '역세권', '고층', '총3층']",37.529897,126.848081
2519220287,일반상가,월세,4/9,680,1억,594,443,북동향,20250411,"['25년이상', '역세권', '중층', '주차가능']",37.54262,126.839117
2519357214,일반상가,월세,2/4,110,"1,000",97,76,북서향,20250411,"['25년이상', '중층', '관리비10만원이하', '주차가능']",37.538233,126.838002
2519380501,복합상가,매매,B1/14,,"4억 3,000",232,174,북향,20250411,"['4년이내', '역세권', '지하층', '관리비20만원이하']",37.52854,126.849072
2519201803,일반상가,월세,1/4,60,"1,000",24,24,동향,20250411,"['25년이상', '역세권', '1층', '주차가능']",37.543545,126.843788
2519263656,일반상가,월세,B1/5,600,1억,473,473,북동향,20250411,"['25년이상', '지하층', '주차가능', '총5층']",37.546634,126.844687
2519245025,일반상가,월세,1/2,70,"1,000",40,40,남서향,20250411,"['25년이상', '융자금없는', '1층', '총2층']",37.53207,126.839599
2519301633,단지내상가,월세,1/13,250,"3,000",51,25,동향,20250411,"['2년이내', '역세권', '1층', '주차가능']",37.542241,126.840386
2519291133,일반상가,월세,1/2,850,3억,232,214,남동향,20250411,"['25년이상', '역세권', '1층', '총2층']",37.541784,126.842574
2519260581,일반상가,월세,4/7,300,"5,000",145,128,동향,20250411,"['4년이내', '융자금없는', '역세권', '중층']",37.543148,126.838652
2519300074,일반상가,월세,3/5,320,"3,000",276,248,남동향,20250411,"['25년이상', '융자금없는', '역세권', '중층']",37.543172,126.839505
2519313462,일반상가,월세,1/3,65,"1,000",27,27,남향,20250411,"['25년이상', '융자금없는', '1층', '주차가능']",37.531427,126.86009
2519262258,일반상가,월세,1/15,"1,000","1억 5,000",150,115,남향,20250411,"['4년이내', '1층', '급매', '주차가능']",37.52872,126.846045
2519217771,일반상가,월세,2/5,900,"1억 5,000",284,264,남서향,20250411,"['2년이내', '역세권', '중층', '주차가능']",37.533317,126.846092
2519289809,복합상가,월세,3/18,240,"4,000",263,118,남동향,20250411,"['15년이내', '융자금없는', '지상층(1층제외)', '주차가능']",37.554867,126.851263
2519237545,일반상가,월세,1/2,450,"7,000",109,109,남향,20250411,"['25년이상', '역세권', '1층', '총2층']",37.532869,126.846922
2519308185,일반상가,월세,4/6,180,"5,000",211,150,서향,20250411,"['25년이내', '중층', '주차가능', '서향']",37.548421,126.850311
2519223755,일반상가,월세,1/4,180,"7,000",49,29,북서향,20250411,"['25년이상', '역세권', '1층', '관리비10만원이하']",37.54779,126.835661
2519310051,일반상가,월세,3/18,130,"2,000",131,59,동향,20250411,"['15년이내', '지상층(1층제외)', '주차가능', '천장에어컨']",37.554867,126.851263
2519300488,일반상가,월세,2/5,210,"2,000",165,156,남동향,20250411,"['25년이상', '역세권', '중층', '주차가능']",37.543172,126.839505
2519268379,일반상가,월세,3/5,320,"3,000",276,248,서향,20250411,"['25년이상', '융자금없는', '역세권', '중층']",37.543094,126.839375
2519170732,일반상가,월세,1/3,120,"4,000",228,33,북동향,20250411,"['25년이상', '1층', '총3층', '북동향']",37.534736,126.837706
2518980087,일반상가,월세,2/6,330,"5,000",129,64,남향,20250411,"['4년이내', '지상층(1층제외)', '주차가능', '남향']",37.531287,126.863524
2519191915,일반상가,월세,2/2,170,"2,000",79,79,남향,20250411,"['25년이상', '고층', '총2층', '남향']",37.552862,126.853095
2519158023,일반상가,월세,1/2,65,"1,000",19,16,북향,20250411,"['25년이상', '역세권', '1층', '관리비10만원이하']",37.544277,126.838724
2519043156,일반상가,월세,1/6,500,"6,000",101,48,남향,20250411,"['4년이내', '1층', '주차가능', '남향']",37.531287,126.863524
2518986627,일반상가,월세,2/6,308,"5,000",120,60,남향,20250411,"['4년이내', '지상층(1층제외)', '주차가능', '남향']",37.531287,126.863524
2519296236,일반상가,월세,5/5,60,"1,000",42,33,북서향,20250411,"['25년이내', '역세권', '고층', '관리비10만원이하']",37.544518,126.844398
2519302267,일반상가,월세,2/8,600,1억,594,443,북동향,20250411,"['25년이내', '역세권', '지상층(1층제외)', '주차가능']",37.54262,126.839117
2519359966,일반상가,월세,1/2,150,"1,500",33,22,북동향,20250411,"['25년이상', '역세권', '1층', '총2층']",37.5331,126.84644
2519369313,일반상가,월세,1/5,350,"5,000",110,110,남향,20250411,"['25년이내', '역세권', '1층', '관리비20만원이하']",37.541899,126.838504
2519328312,일반상가,월세,1/4,200,"2,000",155,82,남향,20250411,"['25년이상', '1층', '관리비10만원이하', '주차가능']",37.529825,126.856401
2519329503,일반상가,월세,B1/4,110,"2,000",155,155,남향,20250411,"['25년이상', '지하층', '관리비10만원이하', '주차가능']",37.529825,126.856401
2519374066,일반상가,월세,1/4,50,500,73,23,동향,20250411,"['25년이상', '1층', '총4층', '동향']",37.530554,126.852794
2519325247,복합상가,월세,1/5,200,"2,000",74,55,북향,20250411,"['4년이내', '1층', '관리비10만원이하', '주차가능']",37.532255,126.840052
2519250542,일반상가,월세,1/4,150,"2,500",82,66,남동향,20250411,"['25년이상', '1층', '관리비20만원이하', '주차가능']",37.537323,126.836359
2519319848,일반상가,월세,5/7,130,"3,000",100,100,남향,20250411,"['25년이내', '고층', '관리비20만원이하', '주차가능']",37.537476,126.837347
2519312807,일반상가,월세,1/4,200,"4,000",26,26,북향,20250411,"['15년이내', '역세권', '1층', '관리비10만원이하']",37.533076,126.848132
2519324024,일반상가,월세,B1/2,180,"3,000",165,160,북서향,20250411,"['25년이상', '역세권', '지하층', '관리비10만원이하']",37.533512,126.846073
2519374335,일반상가,월세,2/2,150,"2,000",75,66,남향,20250411,"['25년이상', '역세권', '고층', '총2층']",37.530849,126.848771
2519327891,일반상가,월세,2/4,120,"2,000",145,145,남향,20250411,"['25년이상', '중층', '관리비10만원이하', '주차가능']",37.529825,126.856401
2518963527,일반상가,월세,4/5,270,"5,000",337,150,동향,20250410,"['25년이상', '역세권', '고층', '주차가능']",37.530261,126.863549
2518886298,일반상가,월세,1/4,150,"1,500",100,99,북동향,20250410,"['25년이상', '1층', '주차가능', '총4층']",37.549315,126.850142
2518852955,일반상가,월세,3/4,200,"2,500",179,158,남서향,20250410,"['25년이내', '고층', '관리비10만원이하', '주차가능']",37.551591,126.85133
2518882444,일반상가,월세,1/2,70,"1,000",26,26,북서향,20250410,"['25년이상', '1층', '총2층', '북서향']",37.549935,126.851869
2518894338,일반상가,월세,B1/3,40,500,65,65,북향,20250410,"['25년이상', '역세권', '지하층', '관리비10만원이하']",37.54442,126.841279
2518971113,일반상가,월세,B1/3,150,"3,000",149,115,북서향,20250410,"['25년이상', '지하층', '관리비10만원이하', '주차가능']",37.548648,126.847236
2518920483,일반상가,월세,1/2,55,"1,000",23,23,남동향,20250410,"['25년이상', '1층', '총2층', '남동향']",37.548901,126.850445
2518885047,일반상가,월세,1/2,55,"1,000",25,25,남동향,20250410,"['25년이상', '1층', '총2층', '남동향']",37.548901,126.850445
2518858279,일반상가,월세,2/4,110,"1,000",97,74,북서향,20250410,"['25년이상', '중층', '관리비10만원이하', '주차가능']",37.538233,126.838002
2519040778,일반상가,월세,1/6,550,"7,000",188,158,서향,20250410,"['25년이내', '1층', '엘리베이터', '보안']",37.544133,126.833059
2519138408,일반상가,월세,B1/3,150,"2,000",56,49,서향,20250410,"['25년이상', '융자금없는', '역세권', '지하층']",37.544268,126.842207
2519052810,일반상가,월세,1/3,300,"5,000",99,79,북서향,20250410,"['25년이상', '1층', '총3층', '북서향']",37.552211,126.85033
2518996591,일반상가,월세,3/4,280,"4,000",243,243,동향,20250410,"['25년이상', '융자금없는', '고층', '총4층']",37.533095,126.863367
2518908592,복합상가,매매,16/16,,10억,212,185,북서향,20250410,"['10년이내', '마당', '고층', '주차가능']",37.554798,126.853932
2519069743,일반상가,월세,1/2,190,"3,000",101,67,남향,20250410,"['25년이상', '역세권', '1층', '천장에어컨']",37.532691,126.842546
2518991106,일반상가,월세,3/6,90,"1,500",132,49,북서향,20250410,"['25년이내', '역세권', '중층', '관리비10만원이하']",37.542328,126.842778
2519041486,일반상가,월세,2/3,130,"2,000",102,82,남동향,20250410,"['25년이상', '중층', '주차가능', '총3층']",37.548305,126.846292
2519039204,일반상가,월세,5/6,380,"5,000",193,166,북향,20250410,"['25년이내', '역세권', '고층', '주차가능']",37.547828,126.835379
2518991367,일반상가,월세,4/5,270,"5,000",171,145,남향,20250410,"['25년이상', '역세권', '고층', '주차가능']",37.541157,126.837641
2519009548,일반상가,월세,1/3,65,"1,000",33,31,남서향,20250410,"['25년이상', '1층', '관리비10만원이하', '주차가능']",37.542516,126.848816
2519031491,일반상가,월세,1/6,800,1억,115,66,북동향,20250410,"['25년이내', '역세권', '1층', '관리비20만원이하']",37.547828,126.835379
2518967081,일반상가,월세,5/10,750,"1억 5,000",280,280,북동향,20250410,"['4년이내', '역세권', '중층', '주차가능']",37.542357,126.839285
2518893507,일반상가,월세,1/2,132,"2,000",66,66,북향,20250410,"['25년이상', '역세권', '1층', '총2층']",37.544415,126.840694
2518859054,일반상가,월세,B1/4,90,"1,000",143,109,북서향,20250410,"['25년이상', '지하층', '관리비10만원이하', '주차가능']",37.538233,126.838002
2518922335,일반상가,월세,1/4,100,"1,500",44,41,남서향,20250410,"['25년이내', '1층', '관리비10만원이하', '주차가능']",37.535761,126.847106
2518939944,일반상가,월세,1/2,70,"1,000",25,24,남향,20250410,"['25년이상', '1층', '총2층', '남향']",37.536573,126.847751
2518929162,일반상가,월세,1/2,70,500,23,22,남서향,20250410,"['25년이상', '1층', '총2층', '남서향']",37.545655,126.848146
2518959775,일반상가,월세,6/9,350,"5,000",297,220,북동향,20250410,"['25년이상', '역세권', '중층', '주차가능']",37.54262,126.839117
2518953597,일반상가,월세,1/3,130,"3,000",33,33,북향,20250410,"['25년이상', '융자금없는', '1층', '총3층']",37.532736,126.859121
2518935105,일반상가,월세,1/1,100,"1,500",27,27,남향,20250410,"['25년이상', '역세권', '1층', '남향']",37.530881,126.849961
2518963586,일반상가,월세,2/6,245,"5,000",111,55,남향,20250410,"['4년이내', '지상층(1층제외)', '주차가능', '남향']",37.531287,126.863524
2518932493,일반상가,월세,1/5,90,"1,000",37,37,남향,20250410,"['25년이상', '1층', '주차가능', '총5층']",37.530293,126.839612
2518936329,일반상가,월세,3/6,280,"3,000",168,168,남동향,20250410,"['25년이상', '중층', '주차가능', '엘리베이터']",37.552386,126.850774
2518902946,복합상가,월세,1/18,150,"2,000",42,42,북서향,20250410,"['15년이내', '1층', '관리비20만원이하', '주차가능']",37.554867,126.851263
2519115847,일반상가,월세,1/3,600,1억,82,72,남서향,20250410,"['25년이상', '1층', '관리비20만원이하', '총3층']",37.552081,126.85021
2519007135,일반상가,월세,1/3,"1,300",2억,386,386,북서향,20250410,"['25년이상', '역세권', '1층', '관리비10만원이하']",37.530477,126.847804
2518997134,일반상가,월세,4/4,90,"2,000",123,123,동향,20250410,"['25년이상', '융자금없는', '고층', '관리비10만원이하']",37.533095,126.863367
2518988359,일반상가,월세,3/5,450,"4,500",217,172,북향,20250410,"['10년이내', '융자금없는', '역세권', '중층']",37.540908,126.838659
2518988956,일반상가,월세,5/8,100,"1,000",172,83,북서향,20250410,"['25년이상', '중층', '관리비20만원이하', '주차가능']",37.54839,126.847023
2519037096,일반상가,월세,1/2,180,"2,000",43,31,북동향,20250410,"['2년이내', '1층', '관리비20만원이하', '주차가능']",37.550706,126.851127
2519040660,일반상가,월세,1/8,450,1억,81,45,북향,20250410,"['15년이내', '역세권', '1층', '주차가능']",37.540606,126.837563
2519101487,복합상가,매매,1/5,,10억,417,326,남서향,20250410,"['25년이상', '1층', '관리비10만원이하', '주차가능']",37.548524,126.849919
2519067335,일반상가,월세,1/2,255,"4,000",79,79,남향,20250410,"['25년이상', '융자금없는', '역세권', '1층']",37.529507,126.845305
2519010784,일반상가,월세,1/4,280,1억,30,30,북향,20250410,"['25년이상', '역세권', '1층', '관리비10만원이하']",37.54779,126.835661
2518933551,일반상가,월세,1/3,70,"1,000",40,40,남향,20250410,"['25년이상', '1층', '관리비10만원이하', '주차가능']",37.544913,126.834253
2519116289,일반상가,월세,2/3,500,1억,244,224,남서향,20250410,"['25년이상', '중층', '총3층', '남서향']",37.552081,126.85021
2519120789,일반상가,월세,3/9,200,"4,000",224,148,북서향,20250410,"['25년이상', '지상층(1층제외)', '주차가능', '엘리베이터']",37.553271,126.851181
2519105886,일반상가,월세,1/5,"1,000","1억 2,000",798,798,남서향,20250410,"['25년이상', '역세권', '1층', '주차가능']",37.53905,126.842535
2519107677,일반상가,월세,1/3,50,500,26,26,북서향,20250410,"['25년이상', '융자금없는', '역세권', '1층']",37.54439,126.840953
2519122101,일반상가,월세,1/9,350,"5,000",112,69,북서향,20250410,"['25년이상', '1층', '주차가능', '엘리베이터']",37.553271,126.851181
2519093719,일반상가,월세,1/3,120,"2,000",33,29,북동향,20250410,"['25년이상', '역세권', '1층', '총3층']",37.53434,126.84764
2519035794,일반상가,월세,1/1,350,"5,000",85,85,남향,20250410,"['25년이상', '1층', '주차가능', '남향']",37.531619,126.856231
2519105642,일반상가,월세,1/5,650,1억,473,473,북서향,20250410,"['25년이상', '1층', '주차가능', '총5층']",37.546634,126.844687
2519008315,일반상가,월세,1/4,230,"2,000",105,66,남동향,20250410,"['25년이상', '1층', '주차가능', '총4층']",37.544617,126.845659
2519100576,일반상가,월세,3/5,150,"2,000",168,160,남동향,20250410,"['25년이상', '중층', '관리비20만원이하', '주차가능']",37.530046,126.862674
2518987161,일반상가,월세,1/18,630,2억,117,90,남동향,20250410,"['10년이내', '1층', '주차가능', '남동향']",37.551,126.848467
2519094515,일반상가,월세,1/3,310,"6,000",49,49,남향,20250410,"['25년이상', '역세권', '1층', '총3층']",37.53434,126.84764
2519033153,일반상가,월세,3/4,150,"2,500",202,202,남향,20250410,"['25년이상', '고층', '관리비10만원이하', '주차가능']",37.531731,126.856838
2519010100,일반상가,월세,1/6,700,1억,116,55,남향,20250410,"['4년이내', '1층', '주차가능', '남향']",37.531287,126.863524
2519046129,일반상가,월세,4/6,560,"1억 2,000",300,296,북동향,20250410,"['4년이내', '역세권', '중층', '주차가능']",37.544586,126.837135
2519017549,복합상가,매매,1/8,,"9억 5,000",128,66,서향,20250410,"['15년이내', '역세권', '1층', '주차가능']",37.540606,126.837563
2519061843,일반상가,월세,1/5,250,"5,000",115,115,남향,20250410,"['25년이상', '융자금없는', '1층', '관리비10만원이하']",37.527127,126.842078
2519059471,일반상가,매매,B1/6,,"1억 5,000",59,44,북향,20250410,"['10년이내', '지하층', '관리비10만원이하', '주차가능']",37.539305,126.847041
2518985678,일반상가,월세,1/2,160,"2,000",39,31,북동향,20250410,"['2년이내', '1층', '관리비20만원이하', '총2층']",37.550643,126.851139
2518986270,일반상가,월세,4/9,350,"5,000",297,220,북동향,20250410,"['25년이상', '역세권', '중층', '주차가능']",37.54262,126.839117
2518921639,일반상가,월세,1/2,120,"1,000",33,33,남동향,20250410,"['25년이상', '역세권', '1층', '총2층']",37.543064,126.844401
2518941514,일반상가,월세,1/3,180,"2,000",60,60,동향,20250410,"['25년이상', '역세권', '1층', '총3층']",37.53117,126.848982
2518970730,일반상가,월세,1/4,400,"6,000",67,67,남향,20250410,"['25년이상', '1층', '주차가능', '총4층']",37.532533,126.863169
2518911141,복합상가,월세,4/9,450,"5,000",384,272,서향,20250410,"['25년이상', '중층', '주차가능', '서향']",37.553271,126.851181
2518912477,일반상가,월세,1/5,100,"1,000",36,36,북동향,20250410,"['25년이상', '1층', '주차가능', '총5층']",37.547014,126.843955
2518893514,일반상가,월세,1/2,"2,500","1억 7,000",220,220,남서향,20250410,"['25년이상', '역세권', '1층', '주차가능']",37.530319,126.847884
2518916825,일반상가,월세,2/3,230,"3,000",75,72,북향,20250410,"['25년이상', '융자금적은', '테라스', '역세권']",37.544174,126.8388
2519122114,일반상가,월세,1/5,280,"3,000",160,160,남향,20250410,"['25년이상', '융자금적은', '1층', '주차가능']",37.553633,126.849892
2519117438,일반상가,월세,1/5,65,"1,500",27,23,남향,20250410,"['25년이상', '1층', '관리비10만원이하', '주차가능']",37.545563,126.844444
2519143824,일반상가,월세,1/2,350,"3,000",50,40,남동향,20250410,"['25년이상', '융자금없는', '역세권', '1층']",37.543874,126.842969
2518910029,일반상가,월세,B1/3,"1,000",1억,375,330,북향,20250410,"['25년이상', '융자금적은', '테라스', '마당']",37.544174,126.8388
2518737145,일반상가,월세,1/2,"1,000","1억 2,000",468,98,남향,20250409,"['25년이상', '1층', '총2층', '남향']",37.528774,126.852979
2518642294,일반상가,월세,1/3,50,500,22,22,북향,20250409,"['25년이상', '융자금없는', '역세권', '1층']",37.5443,126.839253
2518754441,일반상가,월세,2/4,150,"2,500",152,148,남향,20250409,"['25년이상', '중층', '관리비10만원이하', '주차가능']",37.532291,126.861771
2518682818,일반상가,월세,2/2,60,"1,000",72,72,서향,20250409,"['25년이상', '융자금없는', '고층', '관리비10만원이하']",37.553126,126.853708
2518764279,일반상가,월세,1/4,85,"1,500",33,33,서향,20250409,"['25년이상', '1층', '관리비10만원이하', '총4층']",37.531767,126.854845
2518682134,단지내상가,월세,2/5,200,"5,000",270,39,북향,20250409,"['15년이내', '융자금없는', '역세권', '중층']",37.547216,126.83682
2518722787,일반상가,매매,2/13,,"6억 4,800",69,34,남서향,20250409,"['2년이내', '역세권', '지상층(1층제외)', '주차가능']",37.542241,126.840386
2518794215,일반상가,월세,1/4,120,"2,000",44,44,남향,20250409,"['25년이상', '1층', '관리비10만원이하', '주차가능']",37.532011,126.859248
2518713064,일반상가,월세,2/4,300,"5,000",156,122,북서향,20250409,"['25년이상', '역세권', '중층', '주차가능']",37.544286,126.839042
2518791382,일반상가,월세,1/3,240,"4,000",50,40,남동향,20250409,"['25년이상', '역세권', '1층', '주차가능']",37.543786,126.843021
2518762079,복합상가,매매,1/13,,"14억 2,300",30,30,동향,20250409,"['2년이내', '역세권', '1층', '주차가능']",37.542241,126.840386
2518722237,일반상가,월세,4/10,300,"5,000",198,125,북동향,20250409,"['25년이내', '역세권', '중층', '주차가능']",37.542183,126.83955
2518794914,일반상가,월세,1/4,70,"1,000",25,25,서향,20250409,"['25년이상', '1층', '총4층', '서향']",37.552392,126.853284
2518715571,일반상가,월세,2/4,120,"2,000",146,140,남향,20250409,"['25년이상', '중층', '주차가능', '총4층']",37.527824,126.839985
2518680666,단지내상가,월세,1/1,314,"3,600",96,63,서향,20250409,"['4년이내', '역세권', '1층', '관리비20만원이하']",37.546249,126.835933
2518711928,일반상가,월세,1/3,75,"1,000",29,27,서향,20250409,"['25년이상', '1층', '주차가능', '에어컨']",37.527668,126.839905
2518847913,일반상가,월세,1/4,130,"2,000",40,40,북향,20250409,"['25년이상', '역세권', '1층', '관리비10만원이하']",37.547775,126.833959
2518811214,일반상가,월세,1/4,275,"3,500",66,66,동향,20250409,"['25년이상', '역세권', '1층', '주차가능']",37.54231,126.841463
2518749240,일반상가,월세,1/3,120,"2,000",29,29,북동향,20250409,"['25년이상', '역세권', '1층', '총3층']",37.53434,126.84764
2518759299,복합상가,월세,1/8,250,"4,000",66,66,북서향,20250409,"['15년이내', '역세권', '1층', '주차가능']",37.540606,126.837563
2518856680,일반상가,월세,1/5,130,"2,000",49,30,북향,20250409,"['25년이상', '역세권', '1층', '주차가능']",37.547775,126.833959
2518794896,일반상가,월세,1/5,200,"5,000",30,25,북향,20250409,"['25년이내', '역세권', '1층', '주차가능']",37.547832,126.833398
