articleNo,articleName,tradeTypeName,floorInfo,rentPrc,dealOrWarrantPrc,area1,area2,direction,articleConfirmYmd,tagList,latitude,longitude
2524633039,일반상가,월세,1/14,100,"1,500",59,24,남동향,20250509,"['25년이상', '융자금없는', '역세권', '1층']",37.520788,126.92693
2524633358,일반상가,월세,1/10,290,"2,500",31,31,남동향,20250509,"['25년이상', '융자금없는', '역세권', '1층']",37.520662,126.929049
2524651440,복합상가,월세,B1/10,130,"1,500",92,56,북동향,20250509,"['25년이상', '역세권', '지하층', '주차가능']",37.51956,126.929051
2524632864,일반상가,월세,1/10,230,"2,000",52,26,남동향,20250509,"['25년이상', '융자금없는', '역세권', '1층']",37.521783,126.926563
2524617279,일반상가,월세,B1/13,136,"2,000",137,66,남서향,20250509,"['25년이상', '역세권', '지하층', '주차가능']",37.52937,126.919918
2524667369,일반상가,월세,B1/13,470,"7,000",246,154,북서향,20250509,"['10년이내', '융자금없는', '역세권', '지하층']",37.526583,126.918157
2524616124,일반상가,월세,1/12,"1,045","8,000",130,130,남서향,20250509,"['25년이내', '역세권', '1층', '주차가능']",37.530963,126.92114
2524667682,일반상가,월세,1/5,300,"3,000",50,35,북서향,20250509,"['25년이상', '역세권', '1층', '주차가능']",37.518891,126.931968
2524671862,일반상가,월세,1/13,260,"4,000",23,23,북동향,20250509,"['25년이내', '융자금없는', '역세권', '1층']",37.529617,126.92156
2524667108,단지내상가,매매,B1/2,,13억,357,155,북동향,20250509,"['25년이내', '역세권', '지하층', '주차가능']",37.52021,126.931761
2524668512,단지내상가,월세,B1/2,550,"7,000",429,211,북동향,20250509,"['25년이내', '역세권', '지하층', '주차가능']",37.519834,126.932297
2524631774,일반상가,월세,1/5,680,"7,000",53,51,남서향,20250509,"['25년이상', '융자금없는', '역세권', '1층']",37.521463,126.925089
2524616645,일반상가,월세,1/12,400,1억,78,43,북동향,20250509,"['25년이내', '역세권', '1층', '주차가능']",37.529617,126.92156
2524616313,일반상가,월세,3/10,"1,000",2억,297,297,북동향,20250509,"['25년이상', '역세권', '지상층(1층제외)', '주차가능']",37.530318,126.920875
2524617917,일반상가,월세,2/10,"1,600","2억 5,000",528,274,북서향,20250509,"['25년이상', '역세권', '지상층(1층제외)', '주차가능']",37.524603,126.926887
2524633738,일반상가,월세,B1/18,110,"1,500",105,52,남동향,20250509,"['25년이상', '융자금없는', '지하층', '관리비20만원이하']",37.522011,126.930124
2524634127,일반상가,월세,B1/23,635,"8,800",253,101,남동향,20250509,"['25년이상', '융자금없는', '역세권', '지하층']",37.523401,126.923491
2524632779,일반상가,월세,4/10,460,1억,277,152,남동향,20250509,"['25년이상', '융자금없는', '역세권', '중층']",37.521783,126.926563
2524633549,일반상가,월세,1/10,450,"5,000",39,39,남동향,20250509,"['25년이상', '융자금없는', '역세권', '1층']",37.520662,126.929049
2524631902,일반상가,월세,4/5,"1,000",1억,452,396,남서향,20250509,"['25년이상', '융자금없는', '역세권', '고층']",37.521463,126.925089
2524615678,일반상가,월세,B1/11,170,"3,000",75,75,남동향,20250509,"['25년이상', '융자금없는', '역세권', '지하층']",37.529064,126.921913
2524615980,일반상가,월세,1/4,660,1억,109,66,남서향,20250509,"['15년이내', '융자금없는', '역세권', '1층']",37.530265,126.92182
2524631860,일반상가,월세,2/5,800,"8,000",251,155,남서향,20250509,"['25년이상', '융자금없는', '역세권', '중층']",37.521463,126.925089
2524651822,일반상가,월세,2/5,215,"4,000",128,94,북서향,20250509,"['25년이상', '역세권', '중층', '총5층']",37.518891,126.931968
2524633649,일반상가,월세,B1/18,125,"1,840",140,72,남동향,20250509,"['25년이상', '융자금없는', '지하층', '남동향']",37.522011,126.930124
2524649510,복합상가,월세,B1/15,150,"5,000",84,39,북서향,20250509,"['10년이내', '역세권', '지하층', '주차가능']",37.519816,126.928023
2524632815,일반상가,월세,1/10,700,1억,270,103,남동향,20250509,"['25년이상', '융자금없는', '역세권', '1층']",37.521783,126.926563
2524617083,일반상가,월세,1/13,300,"4,000",39,39,북서향,20250509,"['25년이내', '융자금없는', '역세권', '1층']",37.529933,126.919182
2524618026,일반상가,월세,2/17,450,1억,140,70,북동향,20250509,"['4년이내', '역세권', '지상층(1층제외)', '주차가능']",37.520618,126.930465
2524617657,일반상가,월세,1/11,400,"3,650",92,92,남서향,20250509,"['25년이상', '역세권', '1층', '주차가능']",37.526807,126.917195
2524617209,일반상가,월세,3/13,255,1억,210,100,남서향,20250509,"['25년이상', '역세권', '지상층(1층제외)', '주차가능']",37.52937,126.919918
2524633475,일반상가,월세,1/10,450,"5,000",39,39,남동향,20250509,"['25년이상', '융자금없는', '1층', '주차가능']",37.520814,126.929292
2524616485,일반상가,월세,1/12,260,"4,000",40,22,북동향,20250509,"['25년이내', '역세권', '1층', '주차가능']",37.529617,126.92156
2524666417,복합상가,월세,B1/23,600,1억,238,122,남동향,20250509,"['25년이상', '융자금없는', '역세권', '지하층']",37.523401,126.923491
2524666697,일반상가,월세,1/19,190,"2,000",73,37,북동향,20250509,"['25년이상', '1층', '주차가능', '북동향']",37.521445,126.930661
2524653814,복합상가,월세,B1/10,150,"3,000",130,58,남서향,20250509,"['25년이상', '역세권', '지하층', '주차가능']",37.519409,126.930281
2524632282,일반상가,월세,1/5,800,1억,67,44,남서향,20250509,"['25년이상', '융자금없는', '역세권', '1층']",37.520485,126.923988
2524617808,일반상가,월세,1/10,"2,100",3억,347,181,북서향,20250509,"['25년이상', '역세권', '1층', '주차가능']",37.524603,126.926887
2524631831,일반상가,월세,2/5,340,"2,000",90,72,남서향,20250509,"['25년이상', '융자금없는', '역세권', '중층']",37.521463,126.925089
2524632337,일반상가,월세,B1/5,700,2억,194,129,남서향,20250509,"['25년이상', '융자금없는', '역세권', '지하층']",37.520485,126.923988
2524650413,복합상가,월세,3/9,80,800,56,32,북동향,20250509,"['25년이상', '역세권', '지상층(1층제외)', '주차가능']",37.519709,126.929291
2524633424,일반상가,월세,1/10,290,"2,500",31,31,남동향,20250509,"['25년이상', '융자금없는', '1층', '주차가능']",37.520814,126.929292
2524652850,복합상가,월세,1/10,135,"2,000",27,16,북서향,20250509,"['25년이상', '1층', '주차가능', '북서향']",37.520805,126.929883
2524632563,일반상가,월세,B1/5,"1,000","1억 5,000",135,135,남서향,20250509,"['25년이상', '융자금없는', '역세권', '지하층']",37.520485,126.923988
2524634239,일반상가,월세,B1/23,600,1억,118,118,남동향,20250509,"['25년이상', '융자금없는', '역세권', '지하층']",37.523401,126.923491
2524633865,일반상가,월세,5/12,300,"3,000",247,132,남동향,20250509,"['25년이상', '융자금없는', '역세권', '중층']",37.519643,126.930052
2524655084,복합상가,월세,1/2,"3,000",3억,379,379,남서향,20250509,"['25년이상', '역세권', '1층', '주차가능']",37.530265,126.92182
2524617011,일반상가,월세,B1/13,260,"3,000",92,92,북동향,20250509,"['25년이내', '융자금없는', '역세권', '급매']",37.529933,126.919182
2524616222,일반상가,월세,B1/11,515,1억,201,201,북서향,20250509,"['25년이상', '지하층', '주차가능', '북서향']",37.529807,126.921979
2524667613,단지내상가,월세,B1/2,550,"7,000",429,211,북동향,20250509,"['25년이내', '역세권', '지하층', '주차가능']",37.52021,126.931761
2524658629,단지내상가,매매,2/37,,"19억 9,000",714,308,서향,20250509,"['25년이상', '지상층(1층제외)', '주차가능', '서향']",37.519423,126.938613
2524654226,복합상가,월세,B1/11,900,"1억 1,000",552,294,북동향,20250509,"['25년이상', '역세권', '지하층', '주차가능']",37.52787,126.916896
2524616912,일반상가,월세,1/13,300,"4,000",41,41,북서향,20250509,"['25년이내', '융자금없는', '역세권', '1층']",37.529788,126.919526
2524618098,일반상가,월세,B1/17,400,"8,000",260,130,북동향,20250509,"['4년이내', '역세권', '지하층', '주차가능']",37.520618,126.930465
2524666864,일반상가,월세,B1/13,250,"4,000",154,95,북서향,20250509,"['10년이내', '융자금없는', '역세권', '지하층']",37.526583,126.918157
2524617427,일반상가,월세,B1/11,70,"1,000",50,25,북서향,20250509,"['25년이내', '역세권', '지하층', '주차가능']",37.527514,126.919613
2524615497,일반상가,월세,1/11,85,900,16,16,남서향,20250509,"['25년이상', '융자금없는', '역세권', '1층']",37.529064,126.921913
2524616846,일반상가,월세,B1/13,260,"3,000",90,90,북동향,20250509,"['25년이내', '융자금없는', '역세권', '지하층']",37.529788,126.919526
2524380656,복합상가,월세,1/10,135,"2,000",27,16,북서향,20250508,"['25년이상', '역세권', '1층', '주차가능']",37.520585,126.930095
2524599293,단지내상가,월세,11/14,70,"1,000",43,43,서향,20250508,"['25년이상', '고층', '주차가능', '서향']",37.52997,126.924862
2524567094,일반상가,월세,2/10,100,"1,000",46,26,남서향,20250508,"['25년이상', '역세권', '지상층(1층제외)', '주차가능']",37.519215,126.930875
2524338073,일반상가,월세,B1/17,231,"2,420",145,86,남동향,20250508,"['25년이상', '융자금없는', '역세권', '지하층']",37.523947,126.926737
2524318101,일반상가,월세,1/11,250,"2,000",50,32,북향,20250508,"['25년이상', '역세권', '1층', '주차가능']",37.520831,126.93117
2524558262,일반상가,매매,1/14,,"5억 5,000",33,16,북서향,20250508,"['25년이상', '역세권', '1층', '주차가능']",37.520788,126.92693
2524439957,단지내상가,매매,1/29,,"32억 2,600",118,57,북서향,20250508,"['2년이내', '역세권', '1층', '주차가능']",37.523546,126.925454
2524571376,일반상가,매매,B1/17,,8억,171,86,동향,20250508,"['4년이내', '역세권', '지하층', '주차가능']",37.520618,126.930465
2524539530,일반상가,월세,2/10,100,"1,000",35,26,북서향,20250508,"['25년이상', '역세권', '지상층(1층제외)', '관리비20만원이하']",37.519215,126.930875
2524564280,일반상가,월세,1/19,100,800,52,28,북동향,20250508,"['25년이상', '1층', '주차가능', '북동향']",37.521445,126.930661
2524522767,일반상가,월세,1/5,370,"3,700",48,39,남동향,20250508,"['25년이상', '역세권', '1층', '주차가능']",37.519396,126.93147
2524521010,일반상가,월세,3/14,80,"1,000",52,28,남향,20250508,"['25년이상', '역세권', '지상층(1층제외)', '관리비20만원이하']",37.520788,126.92693
2524521311,일반상가,월세,2/11,75,700,24,16,남향,20250508,"['25년이상', '역세권', '지상층(1층제외)', '관리비20만원이하']",37.520831,126.93117
2524498762,일반상가,월세,4/5,"1,000",1억,366,366,서향,20250508,"['25년이상', '역세권', '고층', '총5층']",37.521463,126.925089
2524389713,일반상가,월세,B1/13,250,"4,000",150,98,북동향,20250508,"['10년이내', '역세권', '지하층', '주차가능']",37.526583,126.918157
2524565090,일반상가,월세,B1/10,75,"2,000",52,26,남서향,20250508,"['25년이상', '역세권', '지하층', '주차가능']",37.526525,126.917475
2524362207,단지내상가,월세,2/17,450,1억,143,71,,20250508,"['4년이내', '역세권', '지상층(1층제외)', '주차가능']",37.520618,126.930465
2524314728,일반상가,월세,2/14,300,"3,000",50,50,북서향,20250508,"['4년이내', '융자금없는', '역세권', '지상층(1층제외)']",37.527377,126.916632
2524361378,일반상가,매매,1/10,,20억,61,36,북서향,20250508,"['25년이상', '1층', '주차가능', '엘리베이터']",37.520814,126.929292
2524573064,일반상가,월세,B1/14,160,"2,000",46,24,북서향,20250508,"['25년이상', '역세권', '지하층', '주차가능']",37.52185,126.928094
2524598846,일반상가,월세,3/10,200,"3,000",142,80,북서향,20250508,"['25년이상', '지상층(1층제외)', '주차가능', '북서향']",37.520805,126.929883
2524494767,단지내상가,매매,1/13,,"14억 5,000",72,47,남서향,20250508,"['25년이내', '역세권', '1층', '관리비20만원이하']",37.525708,126.918742
2524315188,일반상가,월세,B1/14,150,"1,500",47,24,남서향,20250508,"['25년이상', '역세권', '지하층', '주차가능']",37.52185,126.928094
2524335612,일반상가,월세,1/39,650,1억,280,120,남동향,20250508,"['25년이내', '융자금없는', '역세권', '1층']",37.520251,126.926395
2524317010,일반상가,월세,3/10,"1,000",2억,362,343,,20250508,"['25년이상', '역세권', '지상층(1층제외)', '주차가능']",37.530318,126.920875
2524314969,일반상가,월세,1/10,"1,400",2억,528,274,북서향,20250508,"['25년이상', '역세권', '1층', '주차가능']",37.524603,126.926887
2524337830,일반상가,월세,1/12,180,"2,000",64,34,남서향,20250508,"['25년이상', '융자금없는', '역세권', '1층']",37.519979,126.929719
2524354174,일반상가,월세,1/10,700,1억,271,104,남동향,20250508,"['25년이상', '역세권', '1층', '주차가능']",37.521783,126.926563
2524354105,일반상가,월세,4/10,460,1억,292,151,남동향,20250508,"['25년이상', '역세권', '중층', '주차가능']",37.521783,126.926563
2524363953,일반상가,월세,1/34,"1,200",3억,263,175,북동향,20250508,"['25년이내', '1층', '주차가능', '북동향']",37.521183,126.918658
2524387480,복합상가,월세,1/13,380,"5,000",79,49,남서향,20250508,"['25년이내', '역세권', '1층', '주차가능']",37.525708,126.918742
2524389062,복합상가,월세,4/10,"1,155",2억,545,297,북서향,20250508,"['25년이상', '역세권', '중층', '주차가능']",37.524603,126.926887
2524315481,일반상가,월세,B1/17,180,"3,000",87,43,북동향,20250508,"['4년이내', '역세권', '지하층', '주차가능']",37.520618,126.930465
2524311113,일반상가,월세,1/13,430,"4,300",101,49,남서향,20250508,"['25년이내', '융자금없는', '역세권', '1층']",37.528846,126.921014
2524313504,일반상가,월세,B1/13,260,"3,000",92,92,남동향,20250508,"['25년이내', '역세권', '지하층', '주차가능']",37.529635,126.919272
2524310693,일반상가,월세,1/13,"2,833",3억,337,337,남서향,20250508,"['25년이내', '역세권', '1층', '주차가능']",37.528846,126.921014
2524311265,일반상가,월세,B1/12,350,"4,000",167,167,북서향,20250508,"['25년이상', '융자금없는', '역세권', '지하층']",37.529243,126.920821
2524391031,복합상가,월세,2/10,"1,400",2억,596,314,북서향,20250508,"['25년이상', '역세권', '지상층(1층제외)', '주차가능']",37.524603,126.926887
2524358154,단지내상가,매매,1/12,,32억,535,138,북동향,20250508,"['25년이내', '역세권', '1층', '주차가능']",37.530963,126.92114
2524376353,일반상가,월세,B1/14,242,"2,420",79,79,남동향,20250508,"['25년이상', '역세권', '지하층', '주차가능']",37.524856,126.927284
2524314173,일반상가,월세,B1/11,714,"1억 4,280",295,295,남동향,20250508,"['25년이상', '융자금없는', '역세권', '지하층']",37.52787,126.916896
2524440037,일반상가,월세,2/2,700,"1억 5,000",317,142,북동향,20250508,"['25년이상', '융자금없는', '역세권', '고층']",37.519834,126.932297
2524381633,일반상가,월세,2/5,800,"8,000",199,190,남서향,20250508,"['25년이상', '역세권', '중층', '주차가능']",37.521463,126.925089
2524366570,일반상가,월세,B1/11,50,"1,000",85,39,남서향,20250508,"['25년이상', '역세권', '지하층', '주차가능']",37.529064,126.921913
2524364260,단지내상가,월세,1/35,220,"4,000",82,31,북동향,20250508,"['25년이내', '융자금없는', '역세권', '1층']",37.52021,126.931761
2524362505,일반상가,월세,B1/23,600,1억,250,100,남서향,20250508,"['25년이상', '역세권', '지하층', '주차가능']",37.523401,126.923491
2524312417,일반상가,월세,B1/12,260,"4,000",40,22,북동향,20250508,"['25년이내', '역세권', '지하층', '주차가능']",37.529617,126.92156
2524339492,일반상가,월세,B1/15,231,"2,420",145,86,남서향,20250508,"['25년이상', '융자금없는', '역세권', '지하층']",37.524856,126.927284
2524369629,일반상가,월세,1/5,370,"3,700",48,46,남동향,20250508,"['25년이상', '역세권', '1층', '총5층']",37.519396,126.93147
2524383270,복합상가,월세,1/11,150,"3,000",45,18,남동향,20250508,"['25년이상', '역세권', '1층', '주차가능']",37.529064,126.921913
2524382477,복합상가,월세,1/11,225,"3,000",76,30,북동향,20250508,"['25년이상', '역세권', '1층', '주차가능']",37.529064,126.921913
2524310875,일반상가,월세,1/13,910,1억,200,109,남서향,20250508,"['25년이내', '역세권', '1층', '주차가능']",37.528846,126.921014
2524310780,일반상가,월세,1/13,"1,500",2억,330,180,남서향,20250508,"['25년이내', '역세권', '1층', '주차가능']",37.528846,126.921014
2524313400,일반상가,월세,1/13,"1,200","1억 5,000",210,107,북서향,20250508,"['25년이내', '융자금없는', '역세권', '1층']",37.529788,126.919526
2524364178,일반상가,월세,B1/16,260,"4,000",126,62,북동향,20250508,"['4년이내', '역세권', '지하층', '주차가능']",37.520618,126.930465
2524364077,일반상가,매매,2/35,,15억,158,72,북동향,20250508,"['25년이내', '역세권', '지상층(1층제외)', '주차가능']",37.52021,126.931761
2524359593,단지내상가,월세,1/12,"3,000",4억,1238,320,북동향,20250508,"['25년이내', '역세권', '1층', '주차가능']",37.530963,126.92114
2524353270,일반상가,매매,7/15,,30억,239,163,남서향,20250508,"['25년이상', '역세권', '중층', '주차가능']",37.518943,126.930745
2524356238,단지내상가,월세,1/12,260,"3,000",49,31,북서향,20250508,"['25년이상', '역세권', '1층', '관리비20만원이하']",37.520831,126.93117
2524310527,일반상가,월세,B1/10,"1,300","1억 3,000",674,337,남동향,20250508,"['25년이상', '역세권', '지하층', '주차가능']",37.528632,126.921428
2524353464,일반상가,월세,3/19,170,"2,000",148,74,북동향,20250508,"['25년이상', '융자금없는', '지상층(1층제외)', '주차가능']",37.521445,126.930661
2524313609,일반상가,월세,1/13,300,"4,000",41,41,북동향,20250508,"['25년이내', '융자금없는', '역세권', '1층']",37.529635,126.919272
2524315600,일반상가,매매,4/16,,72억,1170,590,남서향,20250508,"['25년이상', '지상층(1층제외)', '주차가능', '남서향']",37.530731,126.924788
2524369759,일반상가,월세,1/5,270,"3,000",59,33,북동향,20250508,"['25년이상', '역세권', '1층', '주차가능']",37.519215,126.930875
2524353372,일반상가,월세,1/12,260,"3,000",50,32,남서향,20250508,"['25년이상', '역세권', '1층', '주차가능']",37.520831,126.93117
2524353551,일반상가,월세,1/13,380,"5,000",71,47,남서향,20250508,"['25년이내', '역세권', '1층', '주차가능']",37.525708,126.918742
2524090875,일반상가,월세,B1/12,100,"1,000",74,33,서향,20250508,"['25년이내', '융자금없는', '역세권', '지하층']",37.529617,126.92156
2524369897,일반상가,월세,1/5,680,"7,000",50,47,남서향,20250508,"['25년이상', '역세권', '1층', '관리비20만원이하']",37.521463,126.925089
2524383736,복합상가,월세,1/13,300,"5,000",82,41,북서향,20250508,"['25년이내', '역세권', '1층', '주차가능']",37.529933,126.919182
2524370345,복합상가,월세,B1/17,160,"3,000",86,42,북동향,20250508,"['4년이내', '역세권', '지하층', '주차가능']",37.520618,126.930465
2524379456,일반상가,매매,1/10,,40억,247,247,남향,20250508,"['25년이상', '역세권', '1층', '주차가능']",37.521783,126.926563
2524368838,복합상가,월세,1/13,370,"5,000",80,40,북동향,20250508,"['25년이내', '역세권', '1층', '주차가능']",37.529933,126.919182
2524405830,일반상가,월세,1/5,500,"1억 3,000",330,165,남서향,20250508,"['25년이상', '1층', '주차가능', '총5층']",37.518376,126.933722
2524479986,복합상가,월세,B1/2,280,"3,000",21,21,남동향,20250508,"['25년이상', '역세권', '지하층', '총2층']",37.526031,126.930744
2524591567,일반상가,매매,4/16,,32억,555,277,북동향,20250508,"['25년이상', '지상층(1층제외)', '주차가능', '북동향']",37.530731,126.924788
2524594281,복합상가,월세,B1/12,"1,300","1억 3,000",674,363,남동향,20250508,"['25년이상', '역세권', '지하층', '주차가능']",37.528632,126.921428
2524593866,일반상가,월세,1/3,190,"3,000",38,33,북서향,20250508,"['25년이상', '1층', '관리비20만원이하', '주차가능']",37.523428,126.934246
2524515189,일반상가,월세,1/2,"3,000","3,000",380,379,남서향,20250508,"['15년이내', '역세권', '1층', '총2층']",37.530265,126.92182
2524359006,일반상가,월세,B1/10,100,"2,000",123,67,북동향,20250508,"['25년이상', '역세권', '지하층', '주차가능']",37.520364,126.929735
2524354035,일반상가,월세,7/10,360,"4,500",297,165,남서향,20250508,"['25년이상', '역세권', '고층', '주차가능']",37.520427,126.929275
2524353942,일반상가,월세,B1/17,180,"3,000",88,43,남서향,20250508,"['4년이내', '역세권', '지하층', '주차가능']",37.520618,126.930465
2524353784,일반상가,월세,3/5,160,"2,000",96,72,남동향,20250508,"['25년이상', '역세권', '중층', '주차가능']",37.519396,126.93147
2524338724,일반상가,월세,B1/17,231,"2,420",145,86,남동향,20250508,"['25년이상', '융자금없는', '역세권', '지하층']",37.5238,126.926965
2524354253,일반상가,월세,1/36,900,"1억 5,000",127,53,북서향,20250508,"['25년이내', '역세권', '1층', '주차가능']",37.522913,126.924119
2524528082,일반상가,월세,2/10,140,"2,000",72,42,북동향,20250508,"['25년이상', '역세권', '지상층(1층제외)', '주차가능']",37.519979,126.929719
2524527353,일반상가,월세,1/2,320,"3,000",41,31,남서향,20250508,"['25년이상', '1층', '관리비20만원이하', '주차가능']",37.523213,126.933081
2524589356,일반상가,매매,4/16,,71억,1173,595,북동향,20250508,"['25년이상', '지상층(1층제외)', '주차가능', '북동향']",37.530731,126.924788
2524556406,일반상가,매매,3/5,,11억,165,125,북서향,20250508,"['25년이상', '역세권', '중층', '주차가능']",37.51935,126.932818
2524558686,일반상가,매매,1/14,,"9억 5,000",66,32,남동향,20250508,"['25년이상', '역세권', '1층', '주차가능']",37.520788,126.92693
2524529131,일반상가,월세,1/2,"3,000",3억,379,329,남향,20250508,"['25년이상', '융자금적은', '역세권', '1층']",37.530265,126.92182
2524567737,일반상가,월세,2/11,75,700,26,16,남서향,20250508,"['25년이상', '역세권', '지상층(1층제외)', '주차가능']",37.520831,126.93117
2524390379,일반상가,월세,1/13,340,"5,000",112,52,남서향,20250508,"['25년이상', '역세권', '1층', '주차가능']",37.520214,126.927281
2524372441,복합상가,월세,2/10,260,"3,600",159,87,북동향,20250508,"['25년이상', '역세권', '지상층(1층제외)', '주차가능']",37.519215,126.930875
2524379916,일반상가,월세,1/5,190,"2,000",31,16,남서향,20250508,"['25년이상', '1층', '주차가능', '총5층']",37.521473,126.930223
2524387327,복합상가,월세,1/10,230,"2,500",57,30,북서향,20250508,"['25년이상', '역세권', '1층', '주차가능']",37.520364,126.929735
2524522469,일반상가,월세,1/5,170,"1,500",27,14,남향,20250508,"['25년이상', '융자금없는', '1층', '주차가능']",37.521473,126.930223
2524522143,일반상가,월세,B1/16,120,"2,000",46,24,남서향,20250508,"['25년이상', '역세권', '지하층', '주차가능']",37.52185,126.928094
2524524791,일반상가,월세,B1/12,900,"1억 1,000",432,297,남동향,20250508,"['25년이상', '융자금없는', '역세권', '지하층']",37.52787,126.916896
2524521990,일반상가,월세,1/12,460,1억,113,72,북동향,20250508,"['25년이상', '역세권', '1층', '주차가능']",37.520831,126.93117
2524522983,일반상가,월세,3/10,150,"2,000",97,49,남향,20250508,"['25년이상', '융자금없는', '역세권', '지상층(1층제외)']",37.51956,126.929051
2524523499,일반상가,월세,B1/12,130,"2,000",122,58,남동향,20250508,"['25년이내', '역세권', '급매', '지하층']",37.527514,126.919613
2524524306,일반상가,월세,B1/10,120,"2,000",124,67,동향,20250508,"['25년이상', '역세권', '지하층', '주차가능']",37.520364,126.929735
2524522249,일반상가,월세,2/10,"1,400",2억,526,274,북서향,20250508,"['25년이상', '역세권', '지상층(1층제외)', '주차가능']",37.524603,126.926887
2524592283,복합상가,월세,1/16,530,1억,108,59,서향,20250508,"['10년이내', '융자금없는', '1층', '주차가능']",37.529756,126.924526
2524593240,단지내상가,매매,1/13,,"14억 9,000",88,58,북동향,20250508,"['25년이내', '역세권', '1층', '주차가능']",37.525708,126.918742
2524526760,일반상가,월세,1/14,110,"1,500",52,24,남향,20250508,"['25년이상', '융자금없는', '역세권', '1층']",37.520788,126.92693
2524573991,일반상가,월세,3/10,150,"2,000",95,53,남서향,20250508,"['25년이상', '지상층(1층제외)', '주차가능', '남서향']",37.51956,126.929051
2524528372,일반상가,월세,B1/12,150,"3,000",130,58,서향,20250508,"['25년이상', '역세권', '지하층', '주차가능']",37.519409,126.930281
2524528653,일반상가,매매,2/10,,"5억 2,000",63,38,서향,20250508,"['25년이상', '지상층(1층제외)', '주차가능', '서향']",37.520814,126.929292
2524528875,일반상가,월세,4/10,"1,155",2억,544,297,남서향,20250508,"['25년이상', '역세권', '중층', '주차가능']",37.524603,126.926887
2524498759,단지내상가,월세,1/13,350,"5,000",78,39,북동향,20250508,"['25년이내', '역세권', '1층', '주차가능']",37.529933,126.919182
2524501099,일반상가,월세,1/21,190,"2,000",73,37,북동향,20250508,"['25년이상', '1층', '주차가능', '북동향']",37.521445,126.930661
2524521853,일반상가,매매,7/15,,30억,240,163,남서향,20250508,"['25년이상', '역세권', '중층', '주차가능']",37.518943,126.930745
2524498574,일반상가,월세,1/35,"1,200",3억,263,175,북서향,20250508,"['25년이내', '1층', '주차가능', '북서향']",37.521183,126.918658
2524521776,일반상가,월세,1/12,250,"2,000",56,36,북동향,20250508,"['25년이상', '역세권', '1층', '관리비20만원이하']",37.520831,126.93117
2524521609,일반상가,월세,2/6,250,"2,500",206,92,북향,20250508,"['25년이상', '지상층(1층제외)', '주차가능', '북향']",37.518419,126.9339
2524498949,일반상가,매매,1/35,,18억,108,41,북동향,20250508,"['25년이내', '역세권', '1층', '주차가능']",37.52021,126.931761
2524517160,일반상가,매매,B1/36,,28억,422,422,서향,20250508,"['25년이내', '역세권', '지하층', '주차가능']",37.522913,126.924119
2524556517,일반상가,월세,2/5,70,700,52,39,남동향,20250508,"['25년이상', '역세권', '중층', '주차가능']",37.51935,126.932818
2524539457,일반상가,월세,B1/14,242,"2,420",145,79,북동향,20250508,"['25년이상', '역세권', '지하층', '주차가능']",37.524856,126.927284
2524536524,단지내상가,매매,3/3,,"7억 5,000",4505,28,남동향,20250508,"['25년이상', '고층', '주차가능', '총3층']",37.522575,126.931193
2524571956,일반상가,월세,B1/11,200,"2,500",132,95,북동향,20250508,"['25년이상', '역세권', '지하층', '주차가능']",37.520831,126.93117
2524565213,일반상가,매매,2/5,,"16억 5,000",48,42,남서향,20250508,"['25년이상', '역세권', '중층', '주차가능']",37.521463,126.925089
2524571826,일반상가,월세,B1/10,160,"3,000",128,58,남서향,20250508,"['25년이상', '역세권', '지하층', '주차가능']",37.519409,126.930281
2524440822,일반상가,월세,1/10,320,"2,000",52,30,북향,20250508,"['25년이상', '1층', '주차가능', '천장에어컨']",37.520814,126.929292
2524403148,일반상가,월세,1/5,180,"5,000",77,76,북서향,20250508,"['25년이상', '역세권', '1층', '주차가능']",37.51935,126.932818
2524498257,일반상가,월세,3/9,80,800,54,30,남동향,20250508,"['25년이상', '역세권', '지상층(1층제외)', '주차가능']",37.519944,126.929065
2524496894,일반상가,월세,1/5,680,"7,000",50,40,북향,20250508,"['25년이상', '역세권', '1층', '주차가능']",37.521463,126.925089
2524472291,일반상가,월세,1/19,100,800,55,28,북향,20250508,"['25년이상', '1층', '주차가능', '천장에어컨']",37.521445,126.930661
2524405583,일반상가,월세,B1/15,150,"5,000",84,38,,20250508,"['10년이내', '역세권', '지하층', '주차가능']",37.519816,126.928023
2524402846,복합상가,월세,5/5,400,"5,000",213,121,남서향,20250508,"['25년이상', '고층', '주차가능', '총5층']",37.521473,126.930223
2524496917,단지내상가,월세,B1/13,120,"1,500",93,39,남서향,20250508,"['25년이내', '역세권', '지하층', '주차가능']",37.529933,126.919182
2524527081,복합상가,매매,B1/40,,"3억 8,000",176,98,남동향,20250508,"['25년이내', '지하층', '주차가능', '남동향']",37.518643,126.939598
2524523246,일반상가,월세,B1/11,460,1억,113,72,남서향,20250508,"['25년이상', '역세권', '지하층', '주차가능']",37.520831,126.93117
2524521864,일반상가,월세,1/21,"1,300",2억,220,112,북동향,20250508,"['25년이상', '1층', '주차가능', '북동향']",37.521445,126.930661
2524526240,일반상가,월세,4/10,460,1억,277,150,남동향,20250508,"['25년이상', '융자금없는', '역세권', '중층']",37.521783,126.926563
2524525847,일반상가,월세,B1/10,150,"2,000",90,50,남동향,20250508,"['25년이상', '역세권', '지하층', '주차가능']",37.521783,126.926563
2524389282,일반상가,월세,B1/5,715,2억,194,130,북동향,20250508,"['25년이상', '역세권', '지하층', '주차가능']",37.520485,126.923988
2524393843,복합상가,월세,1/12,420,"6,600",86,35,남동향,20250508,"['25년이상', '역세권', '1층', '주차가능']",37.519713,126.931362
2524391325,일반상가,월세,3/10,480,"6,000",142,142,북동향,20250508,"['25년이상', '역세권', '지상층(1층제외)', '주차가능']",37.520662,126.929049
2524402403,복합상가,월세,B1/13,150,"5,000",131,83,남서향,20250508,"['25년이내', '역세권', '지하층', '주차가능']",37.529313,126.921458
2524405169,복합상가,월세,3/10,480,"6,000",235,142,남서향,20250508,"['25년이상', '지상층(1층제외)', '주차가능', '남서향']",37.520814,126.929292
2524418156,복합상가,월세,2/10,200,"3,000",91,45,북동향,20250508,"['25년이상', '역세권', '지상층(1층제외)', '주차가능']",37.520618,126.930465
2524519628,일반상가,월세,3/10,200,"3,000",139,80,남향,20250508,"['25년이상', '역세권', '지상층(1층제외)', '주차가능']",37.520585,126.930095
2524519998,일반상가,매매,B1/19,,"5억 5,000",114,58,남향,20250508,"['25년이상', '지하층', '주차가능', '남향']",37.521445,126.930661
2524520766,일반상가,월세,2/11,100,"1,500",47,32,남향,20250508,"['25년이상', '역세권', '지상층(1층제외)', '관리비20만원이하']",37.520831,126.93117
2524558390,일반상가,매매,B1/14,,"6억 5,000",62,32,북동향,20250508,"['25년이상', '역세권', '지하층', '주차가능']",37.520788,126.92693
2524521630,일반상가,월세,1/17,460,"7,000",67,33,북동향,20250508,"['4년이내', '역세권', '1층', '주차가능']",37.520618,126.930465
2524526518,일반상가,월세,4/5,"1,000",1억,452,431,서향,20250508,"['25년이상', '융자금적은', '역세권', '고층']",37.521463,126.925089
2524369582,복합상가,월세,B1/17,430,"8,000",265,131,북동향,20250508,"['4년이내', '역세권', '지하층', '주차가능']",37.520618,126.930465
2524393954,일반상가,월세,1/5,"1,155","2억 5,000",628,314,남서향,20250508,"['25년이상', '역세권', '1층', '주차가능']",37.524603,126.926887
2524394620,일반상가,월세,B1/5,230,"3,000",113,76,북동향,20250508,"['25년이상', '역세권', '지하층', '주차가능']",37.520485,126.923988
2524391474,복합상가,월세,1/10,450,"5,000",61,36,남동향,20250508,"['25년이상', '역세권', '1층', '주차가능']",37.520662,126.929049
2524396628,복합상가,월세,1/12,260,"4,000",42,23,북동향,20250508,"['25년이내', '역세권', '1층', '주차가능']",37.529617,126.92156
2524389940,일반상가,월세,1/36,900,"1억 5,000",127,53,북서향,20250508,"['25년이내', '역세권', '1층', '주차가능']",37.52315,126.924531
2524496401,단지내상가,월세,1/13,630,"5,000",100,50,남서향,20250508,"['25년이내', '역세권', '1층', '주차가능']",37.529933,126.919182
2524498844,단지내상가,매매,B1/35,,11억,269,118,남서향,20250508,"['25년이내', '역세권', '지하층', '주차가능']",37.52021,126.931761
2524502747,단지내상가,월세,1/10,120,"2,000",46,23,남서향,20250508,"['25년이상', '역세권', '1층', '주차가능']",37.530162,126.919725
2524521075,일반상가,월세,B1/17,340,"6,000",179,88,북동향,20250508,"['4년이내', '역세권', '지하층', '주차가능']",37.520618,126.930465
2524440230,일반상가,월세,B1/10,160,"2,640",173,100,북서향,20250508,"['25년이상', '역세권', '지하층', '천장에어컨']",37.519979,126.929719
2524110127,단지내상가,월세,5/5,400,"5,000",214,121,북서향,20250507,"['25년이상', '고층', '주차가능', '총5층']",37.521473,126.930223
2524214244,일반상가,월세,2/14,300,"3,000",75,50,남동향,20250507,"['4년이내', '역세권', '지상층(1층제외)', '주차가능']",37.527377,126.916632
2524273558,일반상가,매매,B1/10,,29억,610,410,남서향,20250507,"['25년이상', '역세권', '지하층', '주차가능']",37.520662,126.929049
2524258127,복합상가,월세,B1/13,600,"6,000",244,244,북동향,20250507,"['25년이내', '역세권', '지하층', '주차가능']",37.529557,126.921228
2524199907,일반상가,월세,2/35,140,"2,000",59,27,남동향,20250507,"['25년이내', '역세권', '지상층(1층제외)', '주차가능']",37.519834,126.932297
2524200342,일반상가,월세,1/10,350,"7,000",49,26,남서향,20250507,"['25년이상', '역세권', '1층', '주차가능']",37.519643,126.930052
2524110466,단지내상가,월세,5/5,400,"5,000",214,121,북서향,20250507,"['25년이상', '고층', '주차가능', '총5층']",37.521337,126.930348
2524252778,일반상가,월세,2/13,320,"5,000",136,82,,20250507,"['25년이내', '역세권', '지상층(1층제외)', '주차가능']",37.529557,126.921228
2524110304,일반상가,월세,B1/17,200,"3,000",45,45,북동향,20250507,"['4년이내', '역세권', '지하층', '주차가능']",37.520618,126.930465
2524199616,일반상가,월세,1/27,450,1억,94,55,북동향,20250507,"['25년이내', '역세권', '1층', '주차가능']",37.518175,126.926049
2523353288,일반상가,매매,3/5,,12억,85,55,북서향,20250507,"['25년이상', '역세권', '중층', '주차가능']",37.519396,126.93147
2524274253,일반상가,매매,1/10,,21억,112,67,동향,20250507,"['25년이상', '역세권', '1층', '주차가능']",37.520662,126.929049
2524274161,일반상가,월세,2/14,300,"3,000",76,50,남동향,20250507,"['4년이내', '역세권', '지상층(1층제외)', '주차가능']",37.527377,126.916632
2524274705,일반상가,매매,B1/10,,5억,148,76,남향,20250507,"['25년이상', '역세권', '지하층', '주차가능']",37.519559,126.931114
2524275142,일반상가,매매,1/14,,15억,89,58,북동향,20250507,"['25년이내', '역세권', '1층', '주차가능']",37.525708,126.918742
2524282342,복합상가,매매,B1/21,,3억,48,21,서향,20250507,"['25년이상', '지하층', '주차가능', '서향']",37.521445,126.930661
2524123369,일반상가,매매,1/39,,15억,125,52,북동향,20250507,"['25년이내', '역세권', '1층', '주차가능']",37.520251,126.926395
2524256009,단지내상가,월세,1/39,190,"3,000",56,24,남서향,20250507,"['25년이내', '역세권', '1층', '남서향']",37.520251,126.926395
2524165735,일반상가,월세,1/12,"1,045","8,000",515,133,남서향,20250507,"['25년이내', '역세권', '1층', '주차가능']",37.530963,126.92114
2524146305,일반상가,월세,1/69,"2,000",2억,507,198,남동향,20250507,"['10년이내', '융자금없는', '역세권', '1층']",37.526058,126.928299
2524134896,일반상가,월세,B1/13,136,"2,000",132,66,남서향,20250507,"['25년이상', '역세권', '지하층', '주차가능']",37.52937,126.919918
2524108263,일반상가,월세,1/2,"2,900",3억,330,330,남서향,20250507,"['15년이내', '역세권', '1층', '총2층']",37.530265,126.92182
2524185341,단지내상가,월세,1/13,420,"5,000",86,57,남서향,20250507,"['25년이내', '융자금없는', '역세권', '1층']",37.525708,126.918742
2524144747,일반상가,월세,B2/69,570,1억,99,99,남동향,20250507,"['10년이내', '융자금없는', '역세권', '지하층']",37.526058,126.928299
2524184749,일반상가,매매,3/11,,"1억 5,000",52,25,동향,20250507,"['25년이상', '지상층(1층제외)', '주차가능', '동향']",37.529981,126.922249
2524187371,일반상가,월세,1/10,450,"5,000",65,39,북서향,20250507,"['25년이상', '1층', '주차가능', '북서향']",37.520814,126.929292
2524255918,일반상가,월세,2/5,800,"8,000",190,190,남서향,20250507,"['25년이상', '역세권', '중층', '주차가능']",37.521463,126.925089
2524273849,복합상가,월세,2/35,320,"5,000",158,72,북동향,20250507,"['25년이내', '역세권', '지상층(1층제외)', '주차가능']",37.519834,126.932297
2524075311,일반상가,매매,3/5,,15억,74,55,남동향,20250507,"['25년이상', '역세권', '중층', '주차가능']",37.519396,126.93147
2524121260,복합상가,월세,B1/11,50,"1,000",42,18,북동향,20250507,"['25년이상', '역세권', '지하층', '주차가능']",37.529064,126.921913
2523962141,일반상가,월세,1/4,660,1억,115,91,,20250507,"['15년이내', '역세권', '1층', '주차가능']",37.530265,126.92182
2524106224,일반상가,월세,2/4,"2,050","1억 5,000",433,297,남서향,20250507,"['15년이내', '역세권', '중층', '주차가능']",37.530265,126.92182
2524114956,일반상가,월세,1/11,210,"2,000",56,36,남서향,20250507,"['25년이상', '융자금없는', '역세권', '1층']",37.520831,126.93117
2524113387,단지내상가,월세,1/39,650,1억,282,120,북동향,20250507,"['25년이내', '역세권', '1층', '주차가능']",37.520251,126.926395
2524108768,단지내상가,월세,1/13,340,"5,000",79,40,북동향,20250507,"['25년이내', '역세권', '1층', '주차가능']",37.529933,126.919182
2524105676,단지내상가,월세,B1/17,126,"1,260",60,30,남동향,20250507,"['25년이상', '역세권', '지하층', '관리비20만원이하']",37.523543,126.926559
2524094740,단지내상가,매매,3/3,,"7억 5,000",32,28,남향,20250507,"['25년이상', '고층', '관리비20만원이하', '주차가능']",37.522575,126.931193
2524199431,일반상가,월세,B1/12,218,"2,189",4570,72,북서향,20250507,"['25년이상', '융자금없는', '지하층', '주차가능']",37.521239,126.928904
2524199321,일반상가,월세,1/10,200,"2,000",56,36,남동향,20250507,"['25년이상', '융자금없는', '역세권', '1층']",37.520831,126.93117
2524182932,일반상가,매매,3/11,,5억,108,51,북향,20250507,"['25년이상', '지상층(1층제외)', '주차가능', '북향']",37.529981,126.922249
2524146074,일반상가,월세,2/69,428,"6,853",114,82,남동향,20250507,"['10년이내', '융자금없는', '역세권', '지상층(1층제외)']",37.526058,126.928299
2523961035,일반상가,월세,1/10,240,"2,400",79,49,북동향,20250507,"['25년이상', '역세권', '1층', '주차가능']",37.528181,126.922743
2524112841,복합상가,월세,1/2,"2,900",3억,380,380,남서향,20250507,"['15년이내', '융자금적은', '역세권', '1층']",37.530265,126.92182
2524170641,일반상가,월세,2/14,"1,200","1억 5,000",630,440,남서향,20250507,"['25년이내', '역세권', '지상층(1층제외)', '주차가능']",37.528321,126.919632
2524106572,단지내상가,월세,B1/13,220,"3,000",92,52,남동향,20250507,"['10년이내', '역세권', '지하층', '주차가능']",37.526583,126.918157
2523961739,일반상가,월세,2/4,"2,000",2억,356,300,,20250507,"['15년이내', '역세권', '중층', '주차가능']",37.530265,126.92182
2523930449,일반상가,매매,1/14,,"5억 3,000",36,18,남동향,20250507,"['25년이상', '역세권', '1층', '관리비20만원이하']",37.520788,126.92693
2523840254,복합상가,월세,1/14,150,"2,500",74,36,북동향,20250507,"['25년이상', '1층', '주차가능', '북동향']",37.52997,126.924862
2524058142,일반상가,월세,B1/15,120,"1,200",59,29,남서향,20250507,"['25년이상', '융자금없는', '역세권', '지하층']",37.523543,126.926559
2523840389,복합상가,월세,1/16,380,"5,000",59,32,북서향,20250507,"['10년이내', '1층', '주차가능', '북서향']",37.529756,126.924526
2523838060,일반상가,월세,B1/35,550,"7,000",487,214,남서향,20250507,"['25년이내', '역세권', '지하층', '주차가능']",37.519834,126.932297
2523864958,일반상가,월세,B1/10,130,"1,500",92,56,남서향,20250507,"['25년이상', '역세권', '지하층', '주차가능']",37.519792,126.928822
2524006247,일반상가,월세,B1/11,"1,133",1억 630,585,281,남서향,20250507,"['25년이상', '융자금적은', '역세권', '지하층']",37.526666,126.917336
2524196412,일반상가,매매,3/7,,"6억 4,000",156,71,북동향,20250507,"['25년이상', '중층', '북동향', '관리비70만원이하']",37.518419,126.9339
2524169426,일반상가,월세,2/10,"1,400",2억,527,274,북서향,20250507,"['25년이상', '역세권', '지상층(1층제외)', '북서향']",37.524603,126.926887
2524290427,일반상가,월세,2/10,130,"2,000",69,42,북동향,20250507,"['25년이상', '역세권', '지상층(1층제외)', '주차가능']",37.520364,126.929735
2524288572,일반상가,월세,B1/11,170,"3,000",123,55,,20250507,"['25년이상', '역세권', '지하층', '주차가능']",37.529064,126.921913
2524294510,단지내상가,월세,1/5,200,"2,000",40,23,남동향,20250507,"['25년이내', '역세권', '1층', '주차가능']",37.520485,126.923988
2524294494,일반상가,월세,1/20,"3,315","4억 4,283",269,182,남향,20250507,"['25년이상', '융자금없는', '역세권', '1층']",37.524271,126.9249
2524294692,일반상가,월세,2/17,450,1억,132,66,북동향,20250507,"['4년이내', '역세권', '지상층(1층제외)', '주차가능']",37.520618,126.930465
2524294404,일반상가,월세,1/5,260,"5,000",45,45,북동향,20250507,"['25년이상', '융자금없는', '역세권', '1층']",37.51935,126.932818
2524294221,복합상가,매매,1/35,,11억,82,24,남동향,20250507,"['25년이내', '역세권', '1층', '주차가능']",37.52021,126.931761
2524294955,복합상가,월세,B1/39,240,"5,000",116,51,남동향,20250507,"['25년이내', '융자금없는', '역세권', '지하층']",37.520251,126.926395
2523865761,일반상가,월세,1/35,600,1억,107,65,남서향,20250507,"['25년이내', '역세권', '1층', '주차가능']",37.519834,126.932297
2524014930,복합상가,매매,5/10,,"11억 5,000",246,131,북서향,20250507,"['25년이상', '역세권', '중층', '주차가능']",37.519643,126.930052
2523838522,일반상가,월세,2/2,270,"3,000",98,98,남서향,20250507,"['25년이상', '역세권', '고층', '주차가능']",37.526031,126.930744
2524057798,일반상가,월세,B1/17,231,"2,420",145,86,남동향,20250507,"['25년이상', '융자금없는', '역세권', '지하층']",37.523685,126.92679
2524115715,일반상가,월세,2/5,800,"8,000",199,142,남향,20250507,"['25년이상', '역세권', '중층', '주차가능']",37.521463,126.925089
2524108496,일반상가,월세,1/13,380,"6,000",50,50,북동향,20250507,"['25년이내', '융자금없는', '역세권', '1층']",37.525708,126.918742
2523925702,일반상가,월세,5/10,300,"3,000",247,132,북서향,20250507,"['25년이상', '융자금없는', '역세권', '중층']",37.519643,126.930052
2523995835,일반상가,월세,4/37,"7,678","7억 6,780",4606,1850,북서향,20250507,"['25년이상', '융자금없는', '지상층(1층제외)', '주차가능']",37.519423,126.938613
2524294167,일반상가,월세,3/10,480,"6,000",234,142,남동향,20250507,"['25년이상', '지상층(1층제외)', '주차가능', '천장에어컨']",37.520814,126.929292
2524292569,일반상가,월세,3/9,80,800,56,30,북서향,20250507,"['25년이상', '역세권', '지상층(1층제외)', '주차가능']",37.519944,126.929065
2524294101,일반상가,월세,2/10,120,"2,000",60,41,북동향,20250507,"['25년이상', '융자금없는', '지상층(1층제외)', '주차가능']",37.520814,126.929292
2524291073,일반상가,월세,1/13,400,"5,000",87,57,북동향,20250507,"['25년이내', '역세권', '1층', '주차가능']",37.525708,126.918742
2524290103,일반상가,월세,B1/10,80,"2,000",76,43,남향,20250507,"['25년이상', '역세권', '지하층', '주차가능']",37.520364,126.929735
2524290294,일반상가,매매,B1/10,,"3억 5,000",125,62,남서향,20250507,"['25년이상', '역세권', '지하층', '주차가능']",37.520364,126.929735
2524283147,일반상가,월세,1/5,190,"1,900",27,14,남서향,20250507,"['25년이상', '융자금없는', '1층', '주차가능']",37.521337,126.930348
2524288395,복합상가,월세,B1/12,202,"3,704",66,66,북서향,20250507,"['25년이상', '지하층', '주차가능', '북서향']",37.521239,126.928904
2524289981,일반상가,월세,B1/10,120,"2,000",122,62,남서향,20250507,"['25년이상', '역세권', '지하층', '주차가능']",37.520364,126.929735
2524290684,일반상가,매매,2/10,,3억,44,23,남서향,20250507,"['25년이상', '역세권', '지상층(1층제외)', '주차가능']",37.520364,126.929735
2524291841,단지내상가,월세,1/16,350,"5,000",39,27,,20250507,"['4년이내', '1층', '주차가능']",37.530197,126.925226
2523633970,일반상가,월세,B1/16,150,"1,500",47,23,남서향,20250507,"['25년이상', '역세권', '지하층', '주차가능']",37.52185,126.928094
2524282747,일반상가,월세,2/5,160,"2,000",87,49,남서향,20250507,"['25년이상', '중층', '주차가능', '총5층']",37.521473,126.930223
2524292226,일반상가,월세,B1/6,130,"1,500",92,45,북동향,20250507,"['25년이상', '지하층', '북동향']",37.518419,126.9339
2524274508,일반상가,월세,1/10,350,"6,200",156,86,남동향,20250507,"['25년이상', '역세권', '1층', '주차가능']",37.519215,126.930875
2524256351,복합상가,월세,4/10,460,1억,151,151,북동향,20250507,"['25년이상', '융자금없는', '역세권', '중층']",37.521783,126.926563
2524273299,복합상가,월세,1/5,500,"1억 3,000",231,115,,20250507,"['25년이상', '테라스', '1층', '주차가능']",37.518376,126.933722
2524273463,단지내상가,월세,1/36,650,1억,280,120,남향,20250507,"['25년이내', '역세권', '1층', '주차가능']",37.520251,126.926395
2524268441,일반상가,매매,2/5,,"16억 5,000",48,46,남향,20250507,"['25년이상', '역세권', '중층', '주차가능']",37.521463,126.925089
2524256754,복합상가,매매,1/14,,"2억 1,500",9,9,남서향,20250507,"['25년이상', '역세권', '1층', '주차가능']",37.520788,126.92693
2524274024,일반상가,월세,B1/16,125,"1,843",140,72,남동향,20250507,"['25년이상', '지하층', '주차가능', '남동향']",37.522011,126.930124
2524294210,일반상가,월세,1/2,282,"2,200",41,37,남동향,20250507,"['25년이상', '1층', '총2층', '남동향']",37.52109,126.93432
2524294327,복합상가,월세,2/17,250,"5,000",103,51,북동향,20250507,"['4년이내', '역세권', '지상층(1층제외)', '주차가능']",37.520618,126.930465
2524293073,일반상가,월세,B1/17,180,"3,000",89,43,북동향,20250507,"['2년이내', '역세권', '지하층', '주차가능']",37.520618,126.930465
2524256441,단지내상가,매매,B1/39,,"2억 2,000",24,24,남서향,20250507,"['25년이내', '역세권', '지하층', '남서향']",37.520251,126.926395
2524223662,일반상가,매매,1/2,,8억,23,23,남동향,20250507,"['25년이상', '1층', '관리비10만원이하', '주차가능']",37.523213,126.933081
2524213436,복합상가,월세,1/10,250,"3,000",59,39,북동향,20250507,"['25년이상', '역세권', '1층', '주차가능']",37.519215,126.930875
2524216141,단지내상가,월세,2/2,270,"3,000",98,9,북동향,20250507,"['25년이상', '역세권', '고층', '주차가능']",37.526031,126.930744
2524229629,단지내상가,매매,B1/13,,6억,18,18,남동향,20250507,"['25년이상', '지하층', '관리비10만원이하', '주차가능']",37.520698,126.937103
2524199471,일반상가,월세,B1/35,550,"7,000",487,214,남동향,20250507,"['25년이내', '역세권', '지하층', '주차가능']",37.52021,126.931761
2524199789,복합상가,매매,1/13,,29억,167,110,북동향,20250507,"['25년이내', '역세권', '1층', '주차가능']",37.525708,126.918742
2524246372,단지내상가,월세,1/2,110,"2,000",30,23,남동향,20250507,"['25년이상', '융자금없는', '1층', '관리비20만원이하']",37.52109,126.93432
2524291194,일반상가,월세,3/5,160,"2,000",99,66,남동향,20250507,"['25년이상', '역세권', '중층', '총5층']",37.519396,126.93147
2524286204,일반상가,월세,1/5,"2,100",3억,347,181,남서향,20250507,"['25년이상', '역세권', '1층', '주차가능']",37.524603,126.926887
2524291042,일반상가,월세,1/10,270,"3,000",62,33,북동향,20250507,"['25년이상', '역세권', '1층', '주차가능']",37.519215,126.930875
2524292120,일반상가,월세,2/5,215,"4,000",148,94,북서향,20250507,"['25년이상', '역세권', '중층', '주차가능']",37.518891,126.931968
2524280332,일반상가,월세,2/2,700,"1억 5,000",158,144,북동향,20250507,"['25년이내', '역세권', '고층', '주차가능']",37.52021,126.931761
2524275027,일반상가,월세,B1/19,330,"5,000",309,157,남동향,20250507,"['25년이상', '지하층', '주차가능', '남동향']",37.521445,126.930661
2524143932,일반상가,월세,2/2,700,"1억 5,000",317,142,북동향,20250507,"['25년이상', '융자금없는', '역세권', '고층']",37.52021,126.931761
2524186927,단지내상가,매매,1/12,,19억,45,45,남서향,20250507,"['25년이상', '1층', '관리비20만원이하', '주차가능']",37.520698,126.937103
2524189658,단지내상가,월세,B1/15,70,"1,500",30,20,남서향,20250507,"['25년이상', '융자금적은', '지하층', '관리비20만원이하']",37.519506,126.939256
2524181328,일반상가,매매,3/11,,6억,161,76,북향,20250507,"['25년이상', '지상층(1층제외)', '주차가능', '북향']",37.529981,126.922249
2524200138,일반상가,월세,2/35,140,"2,000",59,27,남동향,20250507,"['25년이내', '역세권', '지상층(1층제외)', '주차가능']",37.52021,126.931761
2524256585,단지내상가,매매,B1/39,,"5억 1,000",45,45,남서향,20250507,"['25년이내', '역세권', '지하층', '주차가능']",37.520251,126.926395
2524256109,단지내상가,매매,2/39,,"12억 5,000",58,58,남서향,20250507,"['25년이내', '역세권', '지상층(1층제외)', '주차가능']",37.520251,126.926395
2524123964,단지내상가,매매,B1/39,,"5억 1,000",102,45,북동향,20250507,"['25년이내', '역세권', '지하층', '주차가능']",37.520251,126.926395
2524274614,일반상가,매매,1/14,,"11억 5,000",71,33,동향,20250507,"['25년이상', '역세권', '1층', '급매']",37.519221,126.928598
2523915627,일반상가,월세,B1/11,200,"3,000",102,102,북동향,20250505,"['25년이상', '융자금적은', '역세권', '지하층']",37.528279,126.916494
2523746165,단지내상가,매매,1/13,,30억,90,90,남서향,20250503,"['25년이상', '1층', '관리비20만원이하', '주차가능']",37.520698,126.937103
2523758702,일반상가,월세,1/14,150,"2,000",59,29,남서향,20250503,"['4년이내', '융자금없는', '역세권', '1층']",37.527377,126.916632
2523721947,일반상가,월세,1/13,370,"5,000",80,40,북동향,20250503,"['25년이내', '역세권', '1층', '주차가능']",37.529635,126.919272
2523623028,일반상가,월세,2/10,130,"2,000",72,42,남동향,20250503,"['25년이상', '역세권', '지상층(1층제외)', '주차가능']",37.52013,126.92996
2523617909,일반상가,월세,1/10,250,"3,000",59,33,북동향,20250503,"['25년이상', '역세권', '1층', '주차가능']",37.519215,126.930875
2523622644,일반상가,월세,1/10,230,"2,500",57,30,남동향,20250503,"['25년이상', '역세권', '1층', '주차가능']",37.519979,126.929719
2523624014,복합상가,월세,1/10,320,"2,000",52,30,,20250503,"['25년이상', '역세권', '1층', '주차가능']",37.520662,126.929049
2523619330,일반상가,월세,14/15,600,"6,000",198,148,남서향,20250503,"['25년이상', '역세권', '고층', '주차가능']",37.518943,126.930745
2523633036,일반상가,월세,3/10,"1,000",2억,330,300,북동향,20250503,"['25년이상', '역세권', '지상층(1층제외)', '주차가능']",37.530318,126.920875
2523632274,일반상가,월세,B1/20,153,"3,410",112,47,,20250503,"['25년이상', '역세권', '지하층', '주차가능']",37.523613,126.923846
2523633274,일반상가,월세,1/12,260,"4,000",40,23,북동향,20250503,"['25년이내', '역세권', '1층', '주차가능']",37.529617,126.92156
2523627238,일반상가,월세,2/5,800,"8,000",214,142,남서향,20250503,"['25년이상', '역세권', '중층', '주차가능']",37.521463,126.925089
2523627634,일반상가,월세,1/16,580,"5,000",513,236,북동향,20250503,"['25년이상', '1층', '주차가능', '북동향']",37.530731,126.924788
2523633537,일반상가,월세,1/13,380,"5,000",76,47,북동향,20250503,"['25년이내', '역세권', '1층', '주차가능']",37.525708,126.918742
2523684618,일반상가,월세,1/5,900,1억,238,99,남서향,20250503,"['25년이상', '융자금없는', '역세권', '1층']",37.521463,126.925089
2523617440,일반상가,월세,1/5,120,800,40,27,남서향,20250503,"['25년이상', '역세권', '1층', '주차가능']",37.519396,126.93147
2523764140,일반상가,월세,1/13,350,"5,000",40,40,,20250503,"['25년이내', '역세권', '1층', '주차가능']",37.529933,126.919182
2523763968,일반상가,월세,1/13,350,"5,000",40,40,,20250503,"['25년이내', '역세권', '1층', '주차가능']",37.529635,126.919272
2523763715,일반상가,월세,1/13,350,"5,000",40,40,,20250503,"['25년이내', '역세권', '1층', '주차가능']",37.529788,126.919526
2523764684,일반상가,월세,B1/13,136,"2,000",41,20,북동향,20250503,"['25년이상', '역세권', '지하층', '주차가능']",37.52937,126.919918
2523770115,복합상가,월세,B1/12,"1,000","1억 1,000",826,439,남서향,20250503,"['25년이상', '역세권', '지하층', '주차가능']",37.529243,126.920821
2523634187,일반상가,월세,1/27,400,1억,83,48,북동향,20250503,"['25년이내', '역세권', '1층', '주차가능']",37.518175,126.926049
2523677064,일반상가,월세,B1/11,"1,155",1억 824,596,279,북동향,20250503,"['25년이상', '역세권', '지하층', '주차가능']",37.526666,126.917336
2523769980,일반상가,월세,B1/11,600,"1억 2,320",525,294,북동향,20250503,"['25년이상', '융자금없는', '역세권', '지하층']",37.52787,126.916896
2523737301,일반상가,월세,B1/11,160,"3,000",120,55,,20250503,"['25년이상', '역세권', '지하층', '주차가능']",37.529064,126.921913
2523772219,복합상가,월세,1/5,680,"7,000",49,47,남서향,20250503,"['25년이상', '역세권', '1층', '관리비20만원이하']",37.521463,126.925089
2523633165,일반상가,월세,B1/10,"1,289","1억 1,406",674,363,,20250503,"['25년이상', '역세권', '지하층', '주차가능']",37.528632,126.921428
2523632892,일반상가,월세,B1/11,130,"2,000",119,59,북서향,20250503,"['25년이내', '역세권', '지하층', '주차가능']",37.527514,126.919613
2523723739,일반상가,월세,2/13,"1,000","1억 4,000",462,231,남서향,20250503,"['25년이내', '역세권', '지상층(1층제외)', '주차가능']",37.528846,126.921014
2523632050,일반상가,월세,B1/13,260,"3,000",90,90,북동향,20250503,"['25년이내', '융자금없는', '역세권', '지하층']",37.529635,126.919272
2523736030,일반상가,월세,1/13,300,"4,000",78,39,북동향,20250503,"['25년이내', '역세권', '1층', '주차가능']",37.529788,126.919526
2523771234,일반상가,월세,B1/13,100,"3,000",152,72,북동향,20250503,"['15년이내', '역세권', '지하층', '주차가능']",37.53069,126.921624
2523770505,복합상가,월세,B1/12,350,"4,000",310,165,남서향,20250503,"['25년이상', '역세권', '지하층', '주차가능']",37.529243,126.920821
2523736403,일반상가,월세,1/13,370,"5,000",78,9,,20250503,"['25년이내', '역세권', '1층', '주차가능']",37.529635,126.919272
2523755196,복합상가,월세,B1/13,230,"4,000",154,98,북동향,20250503,"['10년이내', '융자금없는', '역세권', '지하층']",37.526583,126.918157
2523770582,복합상가,월세,B1/12,250,"3,000",214,115,남서향,20250503,"['25년이상', '역세권', '지하층', '주차가능']",37.529243,126.920821
2523756824,일반상가,월세,1/11,400,"3,650",171,92,남서향,20250503,"['25년이상', '융자금없는', '역세권', '1층']",37.526666,126.917336
2523630538,일반상가,월세,B1/12,190,"2,400",157,84,남서향,20250503,"['25년이상', '역세권', '지하층', '주차가능']",37.529243,126.920821
2523632851,일반상가,월세,B1/13,136,"2,000",266,126,,20250503,"['25년이상', '역세권', '지하층', '주차가능']",37.52937,126.919918
2523633074,일반상가,월세,B1/11,"1,154",1억 824,590,279,북동향,20250503,"['25년이상', '역세권', '지하층', '주차가능']",37.526666,126.917336
2523760313,일반상가,월세,2/13,530,"8,000",256,141,,20250503,"['25년이내', '역세권', '지상층(1층제외)', '주차가능']",37.529617,126.92156
2523764921,일반상가,월세,1/11,180,"1,100",50,20,남동향,20250503,"['25년이상', '역세권', '1층', '주차가능']",37.529064,126.921913
2523765521,일반상가,월세,3/10,"1,000",2억,330,297,북동향,20250503,"['25년이상', '역세권', '지상층(1층제외)', '주차가능']",37.530318,126.920875
2523786408,복합상가,월세,1/13,800,1억,165,109,북향,20250503,"['25년이내', '역세권', '1층', '주차가능']",37.525708,126.918742
2523776678,일반상가,월세,1/10,450,"5,000",65,38,북서향,20250503,"['25년이상', '1층', '주차가능', '천장에어컨']",37.520814,126.929292
2523776629,일반상가,월세,3/10,480,"6,000",233,142,북서향,20250503,"['25년이상', '역세권', '지상층(1층제외)', '주차가능']",37.520662,126.929049
2523706788,일반상가,월세,2/35,700,"1억 5,000",317,144,북동향,20250503,"['25년이내', '역세권', '지상층(1층제외)', '주차가능']",37.519834,126.932297
2523763136,일반상가,월세,1/11,200,"2,000",76,29,남동향,20250503,"['25년이상', '역세권', '1층', '주차가능']",37.529064,126.921913
2523706745,일반상가,월세,3/19,70,"1,000",59,30,북동향,20250503,"['25년이상', '융자금없는', '지상층(1층제외)', '주차가능']",37.521445,126.930661
2523632680,일반상가,월세,B1/11,450,"6,000",178,178,북서향,20250503,"['25년이내', '역세권', '지하층', '주차가능']",37.527514,126.919613
2523702821,일반상가,월세,B1/10,160,"2,000",90,48,남동향,20250503,"['25년이상', '융자금없는', '역세권', '지하층']",37.521783,126.926563
2523699338,단지내상가,월세,1/5,250,"5,000",31,19,북동향,20250503,"['25년이상', '융자금없는', '역세권', '1층']",37.520485,126.923988
2523624619,일반상가,월세,1/15,250,"5,000",66,19,남서향,20250503,"['25년이상', '역세권', '1층', '주차가능']",37.520485,126.923988
2523633383,일반상가,월세,2/14,150,"2,000",50,25,북서향,20250503,"['4년이내', '융자금없는', '역세권', '지상층(1층제외)']",37.527377,126.916632
2523674630,일반상가,월세,B1/16,120,"1,000",67,37,남동향,20250503,"['10년이내', '지하층', '주차가능', '남동향']",37.529756,126.924526
2523191008,복합상가,월세,3/12,40,500,47,23,남서향,20250502,"['25년이상', '지상층(1층제외)', '주차가능', '남서향']",37.529981,126.922249
2523348764,일반상가,매매,2/5,,"16억 5,000",47,41,남서향,20250502,"['25년이상', '역세권', '중층', '주차가능']",37.521463,126.925089
2523427358,단지내상가,매매,1/2,,"10억 4,000",25,19,동향,20250502,"['25년이상', '역세권', '1층', '관리비20만원이하']",37.526242,126.931086
2523603574,일반상가,월세,1/5,180,"2,000",31,16,남서향,20250502,"['25년이상', '융자금없는', '1층', '주차가능']",37.521337,126.930348
2523414890,일반상가,매매,4/6,,6억,155,69,북동향,20250502,"['25년이상', '중층', '주차가능', '북동향']",37.518419,126.9339
2523301908,일반상가,월세,B1/11,550,"6,000",360,180,남서향,20250502,"['25년이상', '융자금없는', '역세권', '지하층']",37.521783,126.926563
2523329729,일반상가,매매,3/14,,"5억 6,000",116,58,남동향,20250502,"['25년이상', '역세권', '지상층(1층제외)', '주차가능']",37.520214,126.927281
2523365319,일반상가,매매,1/16,,11억,62,34,남서향,20250502,"['10년이내', '1층', '관리비20만원이하', '주차가능']",37.529756,126.924526
2523429387,일반상가,월세,2/5,160,"2,000",57,53,남동향,20250502,"['25년이상', '역세권', '중층', '총5층']",37.519396,126.93147
2523430451,일반상가,월세,2/35,700,"1억 5,000",317,144,북동향,20250502,"['25년이내', '역세권', '지상층(1층제외)', '주차가능']",37.52021,126.931761
2523428810,일반상가,월세,1/13,400,"5,000",105,50,북동향,20250502,"['25년이내', '융자금없는', '테라스', '역세권']",37.525708,126.918742
2523430236,단지내상가,월세,1/2,130,"1,500",30,23,북서향,20250502,"['25년이상', '융자금없는', '1층', '주차가능']",37.523213,126.933081
2523429499,일반상가,월세,5/10,"1,995","2억 5,000",942,512,북동향,20250502,"['25년이상', '역세권', '중층', '주차가능']",37.524603,126.926887
2523442353,복합상가,월세,1/10,320,"2,000",30,30,남향,20250502,"['25년이상', '1층', '주차가능', '남향']",37.520814,126.929292
2523463657,일반상가,월세,1/10,320,"2,000",56,29,남동향,20250502,"['25년이상', '1층', '주차가능', '남동향']",37.520814,126.929292
2523463207,일반상가,월세,1/5,680,"7,000",47,47,남서향,20250502,"['25년이상', '융자금없는', '역세권', '1층']",37.521463,126.925089
2523461776,일반상가,월세,2/5,340,"2,000",85,68,남서향,20250502,"['25년이상', '역세권', '중층', '주차가능']",37.521463,126.925089
2523433464,일반상가,월세,1/10,450,"5,000",65,39,북서향,20250502,"['25년이상', '역세권', '1층', '주차가능']",37.520662,126.929049
2523461930,복합상가,월세,9/14,70,"1,000",91,43,북동향,20250502,"['25년이상', '융자금없는', '중층', '북동향']",37.52997,126.924862
2523451952,단지내상가,매매,1/13,,26억,180,90,남동향,20250502,"['25년이상', '1층', '주차가능', '남동향']",37.520698,126.937103
2523448994,일반상가,매매,3/10,,"9억 5,000",204,115,남향,20250502,"['25년이상', '역세권', '지상층(1층제외)', '주차가능']",37.520585,126.930095
2523455851,단지내상가,월세,1/13,120,"2,000",26,13,남동향,20250502,"['25년이상', '1층', '관리비10만원이하', '주차가능']",37.520698,126.937103
2523460962,복합상가,월세,1/17,370,"5,000",50,25,남서향,20250502,"['4년이내', '역세권', '1층', '주차가능']",37.520618,126.930465
2523488091,복합상가,월세,B1/11,200,"2,000",90,90,남서향,20250502,"['25년이상', '역세권', '지하층', '남서향']",37.52993,126.920857
2523468038,일반상가,월세,2/10,"1,355","1억 3,550",628,314,남서향,20250502,"['25년이상', '융자금없는', '역세권', '지상층(1층제외)']",37.524603,126.926887
2523466720,일반상가,월세,1/5,100,"1,500",33,23,남서향,20250502,"['25년이상', '역세권', '1층', '관리비20만원이하']",37.518891,126.931968
2523477901,일반상가,월세,2/10,"1,400",2억,314,314,남동향,20250502,"['25년이상', '역세권', '지상층(1층제외)', '주차가능']",37.524603,126.926887
2523464935,일반상가,월세,4/5,500,"5,000",216,206,서향,20250502,"['25년이상', '역세권', '고층', '주차가능']",37.521463,126.925089
2523528684,일반상가,월세,6/7,120,"1,200",140,71,북동향,20250502,"['25년이상', '융자금없는', '고층', '북동향']",37.518419,126.9339
2523463972,일반상가,매매,2/27,,"9억 5,000",140,81,북향,20250502,"['25년이내', '역세권', '지상층(1층제외)', '주차가능']",37.518175,126.926049
2523479685,일반상가,월세,1/5,180,"5,000",77,59,북동향,20250502,"['25년이상', '융자금없는', '역세권', '1층']",37.51935,126.932818
2523494030,복합상가,월세,B1/11,400,"5,000",183,183,북동향,20250502,"['25년이내', '역세권', '지하층', '주차가능']",37.527514,126.919613
2523464137,일반상가,월세,3/9,300,"5,000",182,101,남동향,20250502,"['25년이상', '역세권', '지상층(1층제외)', '주차가능']",37.519709,126.929291
2523599050,일반상가,월세,B1/2,550,"7,000",487,214,북동향,20250502,"['25년이내', '역세권', '지하층', '주차가능']",37.519834,126.932297
2523536402,단지내상가,월세,2/10,150,"1,500",90,52,남동향,20250502,"['25년이상', '역세권', '지상층(1층제외)', '주차가능']",37.51956,126.929051
2523599576,일반상가,월세,B1/2,550,"7,000",487,214,북동향,20250502,"['25년이내', '역세권', '지하층', '주차가능']",37.52021,126.931761
2523601984,일반상가,월세,3/6,120,"1,500",140,71,남서향,20250502,"['25년이상', '융자금없는', '중층', '주차가능']",37.518419,126.9339
2523603176,복합상가,월세,1/21,100,800,55,28,서향,20250502,"['25년이상', '1층', '주차가능', '서향']",37.521445,126.930661
2523594709,일반상가,월세,B1/11,130,"2,000",122,57,남서향,20250502,"['25년이내', '융자금없는', '역세권', '지하층']",37.527514,126.919613
2523593372,일반상가,월세,3/10,480,"6,000",233,142,북서향,20250502,"['25년이상', '지상층(1층제외)', '주차가능', '천장에어컨']",37.520814,126.929292
2523604037,일반상가,월세,B1/2,30,300,19,19,남동향,20250502,"['25년이상', '융자금없는', '지하층', '관리비20만원이하']",37.523213,126.933081
2523600204,일반상가,월세,2/5,250,"2,500",250,120,,20250502,"['25년이상', '중층', '주차가능', '총5층']",37.518419,126.9339
2523600468,일반상가,월세,1/5,270,"5,000",49,33,남향,20250502,"['25년이상', '역세권', '1층', '주차가능']",37.51935,126.932818
2523604361,일반상가,월세,1/10,250,"3,000",66,33,남서향,20250502,"['25년이상', '융자금없는', '역세권', '1층']",37.519215,126.930875
2523573316,일반상가,월세,1/14,370,"5,000",49,49,북동향,20250502,"['25년이상', '역세권', '1층', '주차가능']",37.519221,126.928598
2523603003,일반상가,월세,10/12,250,"2,000",132,36,북서향,20250502,"['25년이상', '역세권', '고층', '관리비20만원이하']",37.520831,126.93117
2523601185,일반상가,월세,1/10,135,"2,000",26,16,북동향,20250502,"['25년이상', '융자금없는', '1층', '관리비20만원이하']",37.520805,126.929883
2523478238,일반상가,월세,2/69,440,"6,850",235,82,남서향,20250502,"['10년이내', '역세권', '지상층(1층제외)', '천장에어컨']",37.526058,126.928299
2523596468,단지내상가,매매,5/5,,10억,66,49,,20250502,"['25년이상', '역세권', '고층', '주차가능']",37.518891,126.931968
2523572826,일반상가,월세,1/9,450,"6,000",48,48,북동향,20250502,"['25년이상', '역세권', '1층', '북동향']",37.519944,126.929065
2523601612,일반상가,월세,2/35,700,"1억 5,000",317,145,남서향,20250502,"['25년이내', '융자금없는', '역세권', '지상층(1층제외)']",37.52021,126.931761
2523608452,일반상가,월세,1/5,180,"5,000",99,59,북동향,20250502,"['25년이상', '융자금없는', '역세권', '1층']",37.51935,126.932818
2523608962,일반상가,월세,1/5,250,"5,000",33,23,남서향,20250502,"['25년이내', '융자금없는', '역세권', '1층']",37.520485,126.923988
2523534486,복합상가,월세,4/10,250,"2,500",165,92,남서향,20250502,"['25년이상', '역세권', '중층', '남서향']",37.529377,126.922618
2523302220,일반상가,월세,B1/5,230,"3,000",152,76,남서향,20250502,"['25년이내', '융자금없는', '역세권', '지하층']",37.520485,126.923988
2523248748,복합상가,월세,1/35,"1,200",3억,236,175,북서향,20250502,"['25년이내', '1층', '주차가능', '북서향']",37.521183,126.918658
2523248061,복합상가,월세,3/10,480,"6,000",234,142,북서향,20250502,"['25년이상', '역세권', '지상층(1층제외)', '주차가능']",37.520662,126.929049
2523341341,일반상가,월세,1/12,310,"5,000",62,25,북동향,20250502,"['25년이상', '역세권', '1층', '주차가능']",37.519713,126.931362
2523347574,일반상가,매매,2/10,,"5억 2,000",62,37,남서향,20250502,"['25년이상', '지상층(1층제외)', '주차가능', '남서향']",37.520814,126.929292
2523341041,일반상가,매매,1/10,,"8억 2,000",40,40,북동향,20250502,"['25년이상', '역세권', '1층', '관리비20만원이하']",37.519215,126.930875
2523352145,복합상가,월세,B1/11,140,"1,000",106,56,남동향,20250502,"['25년이상', '역세권', '지하층', '주차가능']",37.529064,126.921913
2523341223,일반상가,월세,1/17,460,"7,000",66,33,북동향,20250502,"['4년이내', '역세권', '1층', '주차가능']",37.520618,126.930465
2523341840,일반상가,매매,2/12,,11억,221,119,북동향,20250502,"['25년이상', '역세권', '지상층(1층제외)', '주차가능']",37.519713,126.931362
2523330958,일반상가,매매,B1/13,,"12억 8,000",152,84,북서향,20250502,"['25년이상', '역세권', '지하층', '주차가능']",37.520788,126.92693
2523329921,일반상가,월세,1/12,420,"6,600",86,35,,20250502,"['25년이상', '역세권', '1층', '주차가능']",37.519946,126.93113
2523328969,일반상가,월세,3/10,150,"2,000",95,53,북동향,20250502,"['25년이상', '역세권', '지상층(1층제외)', '주차가능']",37.519792,126.928822
2523325909,일반상가,매매,B1/10,,"3억 5,000",124,67,북동향,20250502,"['25년이상', '역세권', '지하층', '주차가능']",37.52013,126.92996
2523142908,일반상가,월세,2/12,70,700,33,21,남서향,20250430,"['25년이상', '역세권', '지상층(1층제외)', '주차가능']",37.520831,126.93117
2523206599,일반상가,매매,2/6,,"6억 3,000",95,43,남서향,20250430,"['25년이상', '지상층(1층제외)', '주차가능', '남서향']",37.518419,126.9339
2523146985,일반상가,월세,2/6,250,"2,500",267,120,남서향,20250430,"['25년이상', '지상층(1층제외)', '주차가능', '남서향']",37.518419,126.9339
2523055726,일반상가,월세,B1/17,260,"4,000",126,62,남서향,20250430,"['4년이내', '역세권', '지하층', '주차가능']",37.520618,126.930465
2523056274,일반상가,월세,2/5,340,"2,000",109,72,남서향,20250430,"['25년이상', '융자금없는', '역세권', '중층']",37.521463,126.925089
2523055930,일반상가,월세,B1/35,310,"7,000",197,86,북동향,20250430,"['25년이내', '역세권', '지하층', '주차가능']",37.519834,126.932297
2523056146,일반상가,월세,B1/18,110,"1,500",105,53,남동향,20250430,"['25년이상', '지하층', '주차가능', '남동향']",37.522011,126.930124
2523210132,일반상가,월세,1/3,"1,200",2억,620,348,남동향,20250430,"['25년이상', '테라스', '역세권', '1층']",37.524077,126.931577
2523113355,단지내상가,매매,B1/2,,4억,26,18,남동향,20250430,"['25년이상', '지하층', '관리비10만원이하', '주차가능']",37.523213,126.933081
2523146777,일반상가,월세,6/6,60,500,66,27,남서향,20250430,"['25년이상', '고층', '남서향']",37.518419,126.9339
2523148839,일반상가,월세,1/10,230,"2,000",49,26,북서향,20250430,"['25년이상', '융자금없는', '역세권', '1층']",37.521783,126.926563
2523146611,일반상가,매매,3/10,,9억,150,83,북동향,20250430,"['25년이상', '역세권', '지상층(1층제외)', '북동향']",37.519215,126.930875
2523147247,일반상가,월세,1/11,200,"3,000",66,29,북서향,20250430,"['25년이상', '역세권', '1층', '주차가능']",37.529064,126.921913
2523142522,일반상가,월세,2/12,120,"2,000",49,33,북동향,20250430,"['25년이상', '역세권', '지상층(1층제외)', '주차가능']",37.520831,126.93117
2523171081,일반상가,월세,B2/10,160,"2,000",90,48,남동향,20250430,"['25년이상', '역세권', '지하층', '주차가능']",37.521783,126.926563
2523142637,일반상가,월세,2/12,100,"1,500",52,29,남서향,20250430,"['25년이상', '역세권', '지상층(1층제외)', '주차가능']",37.520831,126.93117
2523070900,일반상가,월세,8/12,320,"3,000",213,172,북동향,20250430,"['25년이상', '역세권', '중층', '주차가능']",37.520831,126.93117
2523100077,복합상가,월세,1/11,400,"3,650",92,92,남서향,20250430,"['25년이상', '역세권', '1층', '주차가능']",37.526666,126.917336
2523110584,일반상가,월세,1/11,600,"8,000",350,165,북동향,20250430,"['25년이내', '역세권', '1층', '주차가능']",37.530316,126.919973
2523022426,일반상가,월세,1/8,"2,000",2억,493,198,남향,20250430,"['10년이내', '역세권', '1층', '주차가능']",37.526058,126.928299
2523019098,일반상가,월세,B2/8,570,1억,212,99,남향,20250430,"['10년이내', '역세권', '지하층', '주차가능']",37.526058,126.928299
2523109292,일반상가,월세,1/69,"2,000",2억,493,198,북서향,20250430,"['10년이내', '역세권', '1층', '주차가능']",37.526058,126.928299
2523021347,일반상가,월세,B1/13,260,"3,000",90,90,남동향,20250430,"['25년이내', '역세권', '지하층', '주차가능']",37.529933,126.919182
2523186572,복합상가,매매,1/16,,8억,46,25,북서향,20250430,"['10년이내', '1층', '주차가능', '북서향']",37.529756,126.924526
2523028521,단지내상가,월세,B1/13,250,"4,000",99,99,남동향,20250430,"['10년이내', '융자금없는', '역세권', '지하층']",37.526583,126.918157
2523055349,일반상가,월세,1/35,177,"3,000",35,13,북동향,20250430,"['25년이내', '역세권', '1층', '주차가능']",37.52021,126.931761
2523059598,일반상가,월세,B1/5,"1,000",2억,230,136,남동향,20250430,"['25년이상', '역세권', '지하층', '주차가능']",37.520485,126.923988
2523146500,일반상가,매매,4/6,,"6억 5,000",138,71,북동향,20250430,"['25년이상', '중층', '북동향']",37.518419,126.9339
2523088172,일반상가,월세,1/16,600,"6,000",637,238,북동향,20250430,"['25년이상', '1층', '북동향']",37.530731,126.924788
2523023219,일반상가,매매,B1/10,,11억,335,172,남서향,20250430,"['25년이상', '역세권', '지하층', '주차가능']",37.529993,126.919887
2523055524,일반상가,매매,B1/2,,11억,270,118,남동향,20250430,"['25년이내', '역세권', '지하층', '주차가능']",37.52021,126.931761
2523028567,일반상가,월세,B1/20,153,"3,401",66,47,남향,20250430,"['25년이상', '융자금없는', '역세권', '지하층']",37.523613,126.923846
2523028700,일반상가,월세,1/10,120,"2,000",46,23,남서향,20250430,"['25년이상', '역세권', '1층', '주차가능']",37.529826,126.920048
2522895647,단지내상가,월세,B1/2,200,"2,000",145,66,북동향,20250429,"['25년이내', '역세권', '지하층', '주차가능']",37.519834,126.932297
2522887322,일반상가,월세,B1/10,"1,000","1억 2,000",682,363,남동향,20250429,"['25년이상', '역세권', '지하층', '주차가능']",37.521783,126.926563
2522900249,일반상가,월세,2/14,240,"3,000",145,71,남동향,20250429,"['25년이상', '역세권', '지상층(1층제외)', '주차가능']",37.519221,126.928598
2522893927,일반상가,월세,B1/5,230,"3,000",114,76,북동향,20250429,"['25년이상', '역세권', '지하층', '주차가능']",37.520485,126.923988
2522985353,일반상가,월세,1/69,"2,000",2억,386,198,남동향,20250429,"['10년이내', '역세권', '1층', '주차가능']",37.526058,126.928299
2522872418,일반상가,월세,B1/20,153,"3,410",102,46,남향,20250429,"['25년이상', '역세권', '지하층', '주차가능']",37.523613,126.923846
2522877414,일반상가,매매,B1/10,,"3억 5,000",124,64,남동향,20250429,"['25년이상', '역세권', '지하층', '주차가능']",37.520364,126.929735
2522870941,일반상가,매매,3/10,,"9억 5,000",204,115,남향,20250429,"['25년이상', '지상층(1층제외)', '주차가능', '남향']",37.520805,126.929883
2522989189,일반상가,월세,B1/7,320,"4,000",264,198,북동향,20250429,"['25년이상', '지하층', '주차가능', '북동향']",37.518739,126.933585
2522954022,일반상가,월세,1/36,700,3억,110,53,북서향,20250429,"['25년이내', '역세권', '1층', '주차가능']",37.522913,126.924119
2522794176,일반상가,월세,2/14,300,"3,000",100,50,북서향,20250429,"['4년이내', '융자금없는', '역세권', '지상층(1층제외)']",37.527377,126.916632
2522793866,일반상가,월세,B1/11,270,"3,000",190,92,북서향,20250429,"['25년이내', '융자금없는', '역세권', '지하층']",37.527514,126.919613
2522784538,일반상가,매매,B1/12,,8억,209,103,남향,20250429,"['25년이상', '지하층', '주차가능', '남향']",37.52997,126.924862
2522795547,일반상가,매매,B1/10,,11억,335,172,남서향,20250429,"['25년이상', '역세권', '지하층', '주차가능']",37.530162,126.919725
2522781732,일반상가,매매,4/10,,"6억 5,000",112,62,남동향,20250429,"['25년이상', '역세권', '중층', '주차가능']",37.519215,126.930875
2522871287,일반상가,월세,2/14,150,"2,000",38,25,남향,20250429,"['10년이내', '역세권', '지상층(1층제외)', '주차가능']",37.527377,126.916632
2522981651,일반상가,월세,1/12,420,"6,600",59,35,남동향,20250429,"['25년이상', '역세권', '1층', '주차가능']",37.519713,126.931362
2522884505,일반상가,월세,1/10,428,"4,200",191,95,북서향,20250429,"['25년이상', '역세권', '1층', '주차가능']",37.528181,126.922743
2522873073,일반상가,매매,1/15,,12억,52,34,서향,20250429,"['10년이내', '1층', '주차가능', '서향']",37.529756,126.924526
2522893996,일반상가,월세,1/5,220,"3,000",40,40,북향,20250429,"['25년이상', '융자금없는', '역세권', '1층']",37.520485,126.923988
2522900646,일반상가,월세,B1/18,125,"1,840",138,72,남동향,20250429,"['25년이상', '지하층', '주차가능', '남동향']",37.522011,126.930124
2522900680,단지내상가,매매,1/12,,14억,28,28,남동향,20250429,"['25년이상', '1층', '관리비20만원이하', '주차가능']",37.520698,126.937103
2522929031,단지내상가,매매,B1/10,,5억,133,68,남향,20250429,"['25년이상', '역세권', '지하층', '주차가능']",37.528624,126.920653
2522997060,일반상가,월세,1/5,190,"1,900",31,14,남서향,20250429,"['25년이상', '융자금없는', '1층', '주차가능']",37.521473,126.930223
2522995242,일반상가,매매,1/5,,"8억 5,000",19,19,북서향,20250429,"['25년이상', '역세권', '1층', '관리비20만원이하']",37.519396,126.93147
2522787107,일반상가,월세,1/13,"1,340","1억 4,000",293,158,남서향,20250429,"['25년이내', '역세권', '1층', '주차가능']",37.528846,126.921014
2522895194,단지내상가,월세,B1/2,200,"2,000",145,66,북동향,20250429,"['25년이내', '역세권', '지하층', '주차가능']",37.52021,126.931761
2522833424,일반상가,월세,1/14,120,"1,500",42,23,남동향,20250429,"['25년이상', '융자금없는', '역세권', '1층']",37.520788,126.92693
2522870256,일반상가,월세,2/14,120,"2,500",81,39,서향,20250429,"['25년이상', '역세권', '지상층(1층제외)', '주차가능']",37.519221,126.928598
2522884318,일반상가,월세,1/5,210,"3,000",33,20,남동향,20250429,"['25년이상', '역세권', '1층', '총5층']",37.520485,126.923988
2522910051,일반상가,월세,1/11,260,"3,000",49,31,북동향,20250429,"['25년이상', '역세권', '1층', '관리비20만원이하']",37.520831,126.93117
2522787381,일반상가,월세,B1/12,"1,000","1억 2,000",440,440,남서향,20250429,"['25년이상', '융자금없는', '역세권', '지하층']",37.529243,126.920821
2522794076,일반상가,월세,B1/11,"1,154",1억 824,580,280,남서향,20250429,"['25년이상', '융자금없는', '역세권', '지하층']",37.526666,126.917336
2522793276,일반상가,월세,1/13,"1,200","1억 5,000",218,109,북서향,20250429,"['25년이내', '융자금없는', '역세권', '1층']",37.529933,126.919182
2522892830,일반상가,월세,1/13,350,"5,000",78,39,,20250429,"['25년이내', '역세권', '1층', '주차가능']",37.529635,126.919272
2522974040,일반상가,월세,3/12,"1,100","1억 5,000",757,409,남서향,20250429,"['25년이내', '역세권', '지상층(1층제외)', '주차가능']",37.529617,126.92156
2522841566,일반상가,월세,3/11,120,"1,500",78,42,북서향,20250429,"['25년이내', '융자금없는', '역세권', '지상층(1층제외)']",37.529617,126.92156
2522990848,일반상가,매매,5/10,,"11억 2,000",260,132,남서향,20250429,"['25년이상', '역세권', '중층', '주차가능']",37.519643,126.930052
2522951410,일반상가,월세,1/10,350,"6,200",154,85,남동향,20250429,"['25년이상', '역세권', '1층', '주차가능']",37.519215,126.930875
2522930365,일반상가,월세,B1/15,280,"4,500",231,115,남서향,20250429,"['25년이상', '융자금없는', '역세권', '지하층']",37.523722,126.926374
2522990917,일반상가,매매,1/14,,"11억 5,000",73,55,남동향,20250429,"['25년이상', '역세권', '1층', '주차가능']",37.519221,126.928598
2522993526,일반상가,월세,3/10,200,"3,000",138,69,북동향,20250429,"['25년이상', '지상층(1층제외)', '주차가능', '북동향']",37.520805,126.929883
2522993634,일반상가,월세,1/5,180,"5,000",76,59,북동향,20250429,"['25년이상', '역세권', '1층', '주차가능']",37.51935,126.932818
2522892910,일반상가,월세,B1/5,735,2억,198,132,북향,20250429,"['25년이상', '융자금없는', '역세권', '지하층']",37.520485,126.923988
2522891407,일반상가,월세,4/5,500,"5,000",168,125,북향,20250429,"['25년이상', '역세권', '고층', '주차가능']",37.521463,126.925089
2522894757,일반상가,월세,B1/19,330,"5,000",310,157,북동향,20250429,"['25년이상', '지하층', '주차가능', '북동향']",37.521445,126.930661
2522909742,일반상가,월세,1/11,460,1억,112,69,북동향,20250429,"['25년이상', '역세권', '1층', '주차가능']",37.520831,126.93117
2522883523,일반상가,월세,B1/12,"1,289","1억 1,406",673,363,남동향,20250429,"['25년이상', '역세권', '지하층', '주차가능']",37.528632,126.921428
2522877849,일반상가,매매,2/11,,6억,54,36,남향,20250429,"['25년이상', '역세권', '지상층(1층제외)', '관리비20만원이하']",37.520831,126.93117
2522830636,단지내상가,월세,2/10,150,"1,500",90,52,남동향,20250429,"['25년이상', '역세권', '지상층(1층제외)', '주차가능']",37.519792,126.928822
2522832974,일반상가,월세,1/35,177,"3,000",35,13,북동향,20250429,"['25년이내', '역세권', '1층', '주차가능']",37.519834,126.932297
2522833066,일반상가,월세,B1/35,310,"7,000",197,86,북동향,20250429,"['25년이내', '역세권', '지하층', '주차가능']",37.52021,126.931761
2522833404,일반상가,월세,B1/17,220,"3,000",118,58,북동향,20250429,"['4년이내', '역세권', '지하층', '주차가능']",37.520618,126.930465
2522833511,일반상가,월세,B1/35,550,1억,170,65,남동향,20250429,"['25년이내', '역세권', '지하층', '주차가능']",37.52021,126.931761
2522840742,일반상가,월세,1/12,460,1억,113,71,,20250429,"['25년이상', '역세권', '1층', '주차가능']",37.520831,126.93117
2522833317,일반상가,월세,2/5,220,"2,000",73,70,남서향,20250429,"['25년이상', '역세권', '중층', '총5층']",37.519396,126.93147
2522833332,일반상가,월세,B1/35,550,1억,170,65,남동향,20250429,"['25년이내', '역세권', '지하층', '주차가능']",37.519834,126.932297
2522807194,단지내상가,월세,1/13,380,"5,000",74,48,남서향,20250429,"['25년이내', '융자금없는', '역세권', '1층']",37.525708,126.918742
2522807233,단지내상가,매매,1/13,,15억,67,47,남서향,20250429,"['25년이내', '역세권', '1층', '주차가능']",37.525708,126.918742
2522789077,일반상가,월세,2/12,"1,400",2억,523,275,,20250429,"['15년이내', '역세권', '지상층(1층제외)', '주차가능']",37.524603,126.926887
2522789396,일반상가,월세,B1/10,130,"1,500",112,52,북동향,20250429,"['25년이상', '융자금없는', '역세권', '지하층']",37.51956,126.929051
2522794858,복합상가,월세,1/2,120,"2,000",21,21,남서향,20250429,"['25년이상', '1층', '주차가능', '총2층']",37.520698,126.937103
2522788983,일반상가,월세,1/10,"2,100",3억,348,182,,20250429,"['25년이상', '융자금없는', '역세권', '1층']",37.524603,126.926887
2522796048,일반상가,월세,B1/12,399,"8,000",260,130,북동향,20250429,"['4년이내', '융자금없는', '역세권', '지하층']",37.520618,126.930465
2522796334,일반상가,월세,3/10,480,"6,000",235,142,남서향,20250429,"['25년이상', '융자금없는', '역세권', '지상층(1층제외)']",37.520662,126.929049
2522798683,단지내상가,매매,2/2,,15억,227,125,북동향,20250429,"['25년이내', '역세권', '고층', '주차가능']",37.529617,126.92156
2522785923,일반상가,월세,B1/12,600,"6,000",421,244,남향,20250429,"['25년이내', '역세권', '지하층', '주차가능']",37.529557,126.921228
2522785556,일반상가,매매,3/10,,9억,151,82,북동향,20250429,"['25년이상', '역세권', '지상층(1층제외)', '주차가능']",37.519215,126.930875
2522783802,일반상가,월세,B1/16,120,"1,000",66,37,남동향,20250429,"['10년이내', '지하층', '주차가능', '남동향']",37.529756,126.924526
2522785001,일반상가,매매,1/13,,29억,169,111,동향,20250429,"['25년이내', '역세권', '1층', '주차가능']",37.525708,126.918742
2522786066,일반상가,월세,B1/12,"1,133",1억 630,585,280,남향,20250429,"['25년이상', '역세권', '지하층', '주차가능']",37.526666,126.917336
2522781098,일반상가,월세,3/7,130,"1,500",138,71,북서향,20250429,"['25년이상', '중층', '주차가능', '북서향']",37.518419,126.9339
2522788829,일반상가,월세,4/12,"1,155",2억,546,298,,20250429,"['15년이내', '역세권', '지상층(1층제외)', '주차가능']",37.524603,126.926887
2522787398,일반상가,매매,B1/10,,"3억 5,000",124,64,남동향,20250429,"['25년이상', '역세권', '지하층', '주차가능']",37.52013,126.92996
2522790675,일반상가,월세,1/13,340,"5,000",112,56,북동향,20250429,"['25년이상', '융자금없는', '역세권', '1층']",37.520214,126.927281
2522785689,일반상가,월세,3/10,"1,000",2억,343,279,북동향,20250429,"['25년이상', '역세권', '지상층(1층제외)', '주차가능']",37.530318,126.920875
2522786488,일반상가,매매,B1/14,,15억,379,171,남동향,20250429,"['25년이상', '역세권', '지하층', '주차가능']",37.519221,126.928598
2522783915,일반상가,월세,2/5,250,"3,000",99,92,남동향,20250429,"['25년이상', '역세권', '중층', '총5층']",37.519396,126.93147
2522784526,일반상가,매매,3/10,,"12억 5,000",152,92,북동향,20250429,"['25년이상', '마당', '지상층(1층제외)', '주차가능']",37.520814,126.929292
2522781211,일반상가,월세,3/10,150,"2,000",95,49,남서향,20250429,"['25년이상', '역세권', '지상층(1층제외)', '주차가능']",37.51956,126.929051
2522784831,일반상가,월세,B1/12,"1,190","9,020",596,295,남향,20250429,"['25년이상', '융자금없는', '역세권', '지하층']",37.526666,126.917336
2522581765,일반상가,월세,1/14,200,"2,000",68,34,남서향,20250428,"['4년이내', '융자금없는', '역세권', '1층']",37.527377,126.916632
2522699878,일반상가,월세,5/5,400,"5,000",121,121,북서향,20250428,"['25년이상', '고층', '주차가능', '총5층']",37.521473,126.930223
2522536988,일반상가,매매,1/11,,20억,198,99,북동향,20250428,"['25년이상', '역세권', '1층', '주차가능']",37.528279,126.916494
2522680028,일반상가,매매,4/10,,6억,112,56,북동향,20250428,"['25년이상', '역세권', '중층', '주차가능']",37.519215,126.930875
2522484566,일반상가,매매,B1/10,,11억,335,172,남서향,20250428,"['25년이상', '역세권', '지하층', '주차가능']",37.529826,126.920048
2522700612,일반상가,매매,B1/17,,"4억 5,000",86,44,남동향,20250428,"['4년이내', '역세권', '지하층', '주차가능']",37.520618,126.930465
2522502951,일반상가,월세,1/5,"1,200",1억,107,102,남서향,20250428,"['25년이상', '융자금없는', '역세권', '1층']",37.521463,126.925089
2522534478,복합상가,월세,B1/18,125,"1,843",132,72,북서향,20250428,"['25년이상', '지하층', '주차가능', '북서향']",37.522011,126.930124
2522544499,일반상가,월세,B1/35,200,"2,000",147,64,남서향,20250428,"['25년이내', '역세권', '지하층', '주차가능']",37.519834,126.932297
2522554714,일반상가,월세,4/10,"1,000",2억,333,297,북동향,20250428,"['25년이상', '역세권', '중층', '주차가능']",37.530318,126.920875
2522559724,일반상가,월세,B1/14,120,"1,200",79,43,북서향,20250428,"['25년이상', '역세권', '지하층', '주차가능']",37.522461,126.929062
2522557617,단지내상가,월세,1/2,280,"5,000",41,31,동향,20250428,"['25년이상', '1층', '주차가능', '총2층']",37.52109,126.93432
2522574210,단지내상가,월세,1/13,65,"1,000",60,33,남서향,20250428,"['25년이상', '융자금없는', '1층', '관리비10만원이하']",37.520698,126.937103
2522566559,단지내상가,매매,1/12,,61억,1033,267,북향,20250428,"['25년이내', '역세권', '1층', '주차가능']",37.530963,126.92114
2522582017,일반상가,매매,B1/35,,11억,270,118,남동향,20250428,"['25년이내', '역세권', '지하층', '주차가능']",37.519834,126.932297
2522557379,일반상가,월세,2/12,100,"1,500",47,32,북동향,20250428,"['25년이상', '역세권', '지상층(1층제외)', '관리비20만원이하']",37.520831,126.93117
2522579638,일반상가,월세,2/10,200,"2,400",99,56,남서향,20250428,"['25년이상', '역세권', '지상층(1층제외)', '주차가능']",37.51956,126.929051
2522550732,일반상가,매매,2/12,,6억,54,36,북동향,20250428,"['25년이상', '역세권', '지상층(1층제외)', '관리비20만원이하']",37.520831,126.93117
2522557155,일반상가,월세,6/7,80,800,156,71,북동향,20250428,"['25년이상', '고층', '주차가능', '북동향']",37.518419,126.9339
2522531829,복합상가,월세,B1/17,85,"1,000",65,33,북동향,20250428,"['25년이상', '역세권', '지하층', '주차가능']",37.5238,126.926965
2522599004,일반상가,월세,B1/9,200,"3,000",206,99,북동향,20250428,"['25년이상', '융자금없는', '역세권', '지하층']",37.519559,126.931114
2522597440,일반상가,월세,1/10,350,"6,200",154,82,남동향,20250428,"['25년이상', '역세권', '1층', '주차가능']",37.519215,126.930875
2522586356,일반상가,월세,2/10,"1,400",2억,627,313,남동향,20250428,"['25년이상', '융자금없는', '역세권', '지상층(1층제외)']",37.524603,126.926887
2522597203,일반상가,월세,B2/16,"1,400","6,600",535,535,남서향,20250428,"['25년이내', '융자금없는', '역세권', '지하층']",37.519179,126.930508
2522588211,일반상가,월세,1/13,400,"5,000",76,50,남서향,20250428,"['25년이내', '역세권', '1층', '주차가능']",37.525708,126.918742
2522599652,단지내상가,월세,B1/2,60,500,12,12,남동향,20250428,"['25년이상', '역세권', '지하층', '총2층']",37.526031,126.930744
2522600270,일반상가,월세,3/12,330,"4,000",171,94,동향,20250428,"['25년이내', '역세권', '지상층(1층제외)', '주차가능']",37.529617,126.92156
2522598843,일반상가,월세,B1/5,240,"5,000",58,39,남서향,20250428,"['25년이내', '융자금없는', '역세권', '지하층']",37.520485,126.923988
2522598221,일반상가,매매,1/19,,"8억 5,000",59,30,남향,20250428,"['25년이상', '1층', '주차가능', '남향']",37.521445,126.930661
2522590451,일반상가,월세,B1/5,730,2억,130,129,북서향,20250428,"['25년이상', '융자금없는', '역세권', '지하층']",37.520485,126.923988
2522527889,일반상가,월세,2/69,428,"6,853",234,81,북서향,20250428,"['10년이내', '역세권', '지상층(1층제외)', '주차가능']",37.526058,126.928299
2522524820,복합상가,월세,2/10,130,"2,000",72,41,북동향,20250428,"['25년이상', '역세권', '지상층(1층제외)', '주차가능']",37.519979,126.929719
2522523766,복합상가,월세,2/10,200,"2,400",99,56,남서향,20250428,"['25년이상', '역세권', '지상층(1층제외)', '주차가능']",37.519792,126.928822
2522522048,단지내상가,월세,B1/10,110,"2,000",94,50,북서향,20250428,"['25년이상', '역세권', '지하층', '주차가능']",37.521783,126.926563
2522524467,복합상가,월세,2/10,130,"2,000",72,41,북동향,20250428,"['25년이상', '역세권', '지상층(1층제외)', '주차가능']",37.52013,126.92996
2522529308,일반상가,월세,14/15,600,"6,000",238,162,남향,20250428,"['25년이상', '역세권', '고층', '주차가능']",37.518943,126.930745
2522527180,복합상가,월세,1/14,120,"1,000",44,22,북동향,20250428,"['25년이상', '역세권', '1층', '주차가능']",37.520788,126.92693
2522525261,복합상가,월세,2/10,130,"2,000",72,41,북동향,20250428,"['25년이상', '역세권', '지상층(1층제외)', '주차가능']",37.520364,126.929735
2522521631,일반상가,월세,1/11,800,"8,000",165,165,북서향,20250428,"['25년이내', '역세권', '1층', '주차가능']",37.530316,126.919973
2522499389,일반상가,월세,1/4,"2,900",3억,379,379,남서향,20250428,"['15년이내', '융자금없는', '역세권', '1층']",37.530265,126.92182
2522699936,일반상가,월세,5/5,400,"5,000",121,121,북서향,20250428,"['25년이상', '고층', '주차가능', '총5층']",37.521337,126.930348
2522747713,일반상가,매매,B1/10,,3억,66,33,남서향,20250428,"['25년이상', '역세권', '급매', '지하층']",37.52013,126.92996
2522700847,일반상가,월세,B1/17,200,"3,000",44,44,북동향,20250428,"['4년이내', '역세권', '지하층', '주차가능']",37.520618,126.930465
2522536318,일반상가,매매,B1/14,,"6억 5,000",185,89,남향,20250428,"['25년이상', '지하층', '주차가능', '남향']",37.52997,126.924862
2522549444,일반상가,월세,1/5,680,"7,000",50,33,남서향,20250428,"['25년이상', '역세권', '1층', '주차가능']",37.521463,126.925089
2522566594,단지내상가,매매,B1/3,,8억,47,30,남동향,20250428,"['25년이상', '지하층', '주차가능', '총3층']",37.522575,126.931193
2522588641,일반상가,월세,B1/36,766,1억,185,185,북서향,20250428,"['25년이상', '융자금없는', '역세권', '지하층']",37.522913,126.924119
2522591005,일반상가,월세,1/5,800,1억,44,44,북동향,20250428,"['25년이상', '역세권', '1층', '주차가능']",37.520485,126.923988
2522587479,일반상가,월세,B1/36,766,1억,185,185,북서향,20250428,"['25년이상', '융자금없는', '역세권', '지하층']",37.52315,126.924531
2522590741,단지내상가,월세,B1/5,230,"3,000",76,75,북서향,20250428,"['25년이상', '역세권', '지하층', '주차가능']",37.520485,126.923988
2522591212,일반상가,월세,B1/5,"1,000",2억,136,136,북동향,20250428,"['25년이상', '융자금없는', '역세권', '지하층']",37.520485,126.923988
2522588374,일반상가,월세,1/36,900,"1억 5,000",53,52,북서향,20250428,"['25년이상', '융자금없는', '역세권', '1층']",37.522913,126.924119
2522772573,일반상가,매매,3/10,,9억,150,82,북동향,20250428,"['25년이상', '역세권', '지상층(1층제외)', '주차가능']",37.519215,126.930875
2522765165,일반상가,월세,2/12,250,"5,000",99,51,북동향,20250428,"['4년이내', '융자금없는', '역세권', '지상층(1층제외)']",37.520618,126.930465
2522767468,일반상가,월세,B1/11,130,"2,000",99,49,남서향,20250428,"['25년이상', '융자금없는', '역세권', '지하층']",37.521783,126.926563
2522766227,일반상가,월세,3/10,150,"2,000",99,49,북동향,20250428,"['25년이상', '융자금없는', '역세권', '지상층(1층제외)']",37.51956,126.929051
2522767179,일반상가,월세,2/10,130,"2,000",60,36,남서향,20250428,"['25년이상', '융자금없는', '역세권', '지상층(1층제외)']",37.52013,126.92996
2522766044,일반상가,월세,2/12,130,"2,000",56,33,북동향,20250428,"['25년이상', '융자금없는', '역세권', '지상층(1층제외)']",37.520831,126.93117
2522765535,일반상가,월세,1/5,100,"1,500",40,23,남서향,20250428,"['25년이상', '융자금없는', '역세권', '1층']",37.518891,126.931968
2522722387,일반상가,월세,2/5,160,"2,000",85,49,남향,20250428,"['25년이상', '중층', '주차가능', '총5층']",37.521473,126.930223
2522761808,일반상가,월세,1/12,310,"5,000",50,25,남동향,20250428,"['25년이상', '역세권', '1층', '주차가능']",37.519713,126.931362
2522722532,일반상가,월세,1/10,230,"2,500",56,30,북서향,20250428,"['25년이상', '역세권', '1층', '주차가능']",37.520364,126.929735
2522761560,일반상가,월세,1/35,430,"5,000",92,39,북동향,20250428,"['25년이내', '융자금없는', '역세권', '1층']",37.52021,126.931761
2522742767,복합상가,월세,2/2,320,"5,000",247,109,북동향,20250428,"['25년이내', '융자금없는', '역세권', '고층']",37.52021,126.931761
2522700728,일반상가,월세,2/17,250,"5,000",51,51,북동향,20250428,"['4년이내', '역세권', '지상층(1층제외)', '주차가능']",37.520618,126.930465
2522711107,일반상가,월세,B1/10,160,"2,640",172,93,북서향,20250428,"['25년이상', '역세권', '지하층', '주차가능']",37.519979,126.929719
2522690672,일반상가,월세,1/2,280,"5,000",49,33,남동향,20250428,"['25년이상', '융자금없는', '1층', '관리비20만원이하']",37.52109,126.93432
2522759544,일반상가,매매,B1/19,,"8억 5,000",198,99,남동향,20250428,"['25년이상', '지하층', '주차가능', '남동향']",37.521445,126.930661
2522771043,일반상가,매매,1/15,,"25억 3,000",61,45,남서향,20250428,"['25년이상', '역세권', '1층', '주차가능']",37.518943,126.930745
2522765775,일반상가,매매,1/11,,8억,52,26,남서향,20250428,"['25년이상', '역세권', '1층', '주차가능']",37.521783,126.926563
2522679613,일반상가,월세,2/6,250,"2,500",240,120,남서향,20250428,"['25년이상', '융자금없는', '지상층(1층제외)', '주차가능']",37.518419,126.9339
2522681448,일반상가,월세,B1/35,320,"5,000",247,115,남서향,20250428,"['25년이내', '융자금없는', '역세권', '지하층']",37.52021,126.931761
2522685507,일반상가,월세,B1/10,150,"2,000",178,89,남서향,20250428,"['25년이상', '융자금없는', '역세권', '지하층']",37.519215,126.930875
2522687527,일반상가,월세,3/10,80,800,59,29,북동향,20250428,"['25년이상', '융자금없는', '역세권', '지상층(1층제외)']",37.519944,126.929065
2522667792,일반상가,월세,1/39,650,1억,120,120,북동향,20250428,"['25년이내', '역세권', '1층', '주차가능']",37.520251,126.926395
2522688986,일반상가,매매,1/5,,13억,49,32,남서향,20250428,"['25년이상', '역세권', '1층', '관리비20만원이하']",37.518891,126.931968
2522689915,일반상가,월세,2/5,160,"2,000",105,52,남서향,20250428,"['25년이상', '융자금없는', '중층', '주차가능']",37.521473,126.930223
2522691211,일반상가,월세,1/11,260,"2,000",60,32,북서향,20250428,"['25년이상', '융자금없는', '역세권', '1층']",37.520831,126.93117
2522758330,일반상가,월세,1/5,370,"3,700",60,35,남서향,20250428,"['25년이상', '융자금없는', '역세권', '1층']",37.519396,126.93147
2522694467,일반상가,월세,1/10,450,"5,000",60,36,북서향,20250428,"['25년이상', '1층', '주차가능', '북서향']",37.520814,126.929292
2522722698,일반상가,월세,3/9,80,800,56,32,남서향,20250428,"['25년이상', '역세권', '지상층(1층제외)', '주차가능']",37.519944,126.929065
2522700785,일반상가,월세,1/17,360,"5,000",25,25,북동향,20250428,"['4년이내', '역세권', '1층', '주차가능']",37.520618,126.930465
2522711200,일반상가,월세,B1/10,160,"2,640",172,93,북서향,20250428,"['25년이상', '역세권', '지하층', '주차가능']",37.520364,126.929735
2522762447,일반상가,월세,1/12,460,"7,000",60,33,북동향,20250428,"['4년이내', '융자금없는', '역세권', '1층']",37.520618,126.930465
2522663108,일반상가,월세,B1/13,220,"3,000",93,59,북동향,20250428,"['10년이내', '융자금없는', '역세권', '지하층']",37.526583,126.918157
2522643024,일반상가,월세,B1/10,322,"2,500",263,133,,20250428,"['25년이상', '역세권', '지하층', '주차가능']",37.528996,126.921263
2522666279,일반상가,월세,1/13,"1,500",2억,180,180,남서향,20250428,"['25년이상', '융자금없는', '역세권', '1층']",37.528846,126.921014
2522667723,일반상가,월세,6/14,950,2억,267,267,남서향,20250428,"['25년이상', '역세권', '중층', '남서향']",37.520788,126.92693
2522686558,일반상가,월세,1/6,100,"1,500",38,19,남서향,20250428,"['25년이상', '융자금없는', '1층', '관리비20만원이하']",37.518419,126.9339
2522667814,복합상가,월세,1/10,"2,700",4억,178,178,북서향,20250428,"['25년이상', '역세권', '1층', '북서향']",37.524603,126.926887
2522686219,일반상가,월세,B1/10,120,"2,000",125,66,남서향,20250428,"['25년이상', '융자금없는', '역세권', '지하층']",37.52013,126.92996
2522678783,일반상가,매매,B1/9,,8억,198,99,남서향,20250428,"['25년이상', '역세권', '지하층', '주차가능']",37.519559,126.931114
2522677843,일반상가,월세,2/10,160,"2,000",132,66,남서향,20250428,"['25년이상', '융자금없는', '역세권', '지상층(1층제외)']",37.519215,126.930875
2522688211,일반상가,월세,2/12,250,"5,000",99,49,북동향,20250428,"['4년이내', '융자금없는', '역세권', '지상층(1층제외)']",37.520618,126.930465
2522680886,일반상가,매매,2/27,,"9억 5,000",145,79,남서향,20250428,"['25년이내', '역세권', '지상층(1층제외)', '주차가능']",37.518175,126.926049
2522680467,일반상가,월세,B1/11,"1,000","1억 2,000",600,347,남서향,20250428,"['25년이상', '융자금없는', '역세권', '지하층']",37.521783,126.926563
2522687259,일반상가,월세,B1/35,200,"2,000",132,66,북동향,20250428,"['25년이내', '융자금없는', '역세권', '지하층']",37.52021,126.931761
2522675314,단지내상가,월세,1/13,700,1억,103,67,북동향,20250428,"['2년이내', '역세권', '1층', '주차가능']",37.52859,126.919766
2522636302,일반상가,월세,B1/19,330,"5,000",308,156,남향,20250428,"['25년이상', '지하층', '주차가능', '남향']",37.521445,126.930661
2522662956,일반상가,월세,B1/13,470,"7,000",247,157,북서향,20250428,"['10년이내', '융자금없는', '역세권', '지하층']",37.526583,126.918157
2522654854,일반상가,월세,2/10,300,"3,000",73,73,동향,20250428,"['25년이상', '역세권', '지상층(1층제외)', '주차가능']",37.521783,126.926563
2522659091,일반상가,월세,B1/12,250,"3,000",104,104,북동향,20250428,"['25년이상', '지하층', '북동향']",37.529981,126.922249
2522667531,일반상가,월세,1/5,735,2억,184,130,북향,20250428,"['25년이상', '융자금없는', '역세권', '1층']",37.520485,126.923988
2522667381,복합상가,월세,B1/1,440,"4억 5,000",51,51,남향,20250428,"['15년이내', '역세권', '지하층', '주차가능']",37.525555,126.926224
2522666361,일반상가,월세,1/13,430,"4,300",100,48,남서향,20250428,"['25년이상', '융자금없는', '역세권', '1층']",37.528846,126.921014
2522667562,일반상가,월세,1/13,910,1억,200,108,남서향,20250428,"['25년이상', '융자금없는', '역세권', '1층']",37.528846,126.921014
2522660594,일반상가,월세,B2/10,450,"5,000",148,148,북서향,20250428,"['25년이상', '역세권', '지하층', '주차가능']",37.521783,126.926563
2522663024,일반상가,월세,B1/13,230,"3,000",129,82,북동향,20250428,"['10년이내', '융자금없는', '역세권', '지하층']",37.526583,126.918157
2522660421,일반상가,월세,B2/10,"1,000","1억 2,000",360,359,북서향,20250428,"['25년이상', '역세권', '지하층', '주차가능']",37.521783,126.926563
2522629866,일반상가,매매,4/7,,"2억 6,000",63,27,북동향,20250428,"['25년이상', '중층', '북동향']",37.518419,126.9339
2522610368,단지내상가,월세,1/10,126,"1,260",53,25,남서향,20250428,"['25년이상', '역세권', '1층', '남서향']",37.528116,126.919855
2522631086,단지내상가,월세,2/16,300,1억,151,65,북서향,20250428,"['4년이내', '융자금없는', '지상층(1층제외)', '주차가능']",37.530197,126.925226
2522627746,단지내상가,매매,B1/13,,"7억 5,000",187,93,남향,20250428,"['25년이내', '역세권', '지하층', '주차가능']",37.529933,126.919182
2522604927,복합상가,매매,1/10,,21억,66,36,남서향,20250428,"['25년이상', '1층', '주차가능', '남서향']",37.520814,126.929292
2522600533,일반상가,월세,3/12,500,"5,500",250,191,동향,20250428,"['25년이내', '역세권', '지상층(1층제외)', '주차가능']",37.529617,126.92156
2522598358,일반상가,월세,B1/5,200,"3,000",60,40,남동향,20250428,"['25년이상', '융자금없는', '역세권', '지하층']",37.520485,126.923988
2522526592,복합상가,월세,1/10,350,"6,200",154,154,북동향,20250428,"['25년이상', '역세권', '1층', '주차가능']",37.519215,126.930875
2522535909,복합상가,월세,1/13,"1,045","8,000",515,133,남서향,20250428,"['25년이내', '역세권', '1층', '주차가능']",37.530963,126.92114
2522587621,일반상가,월세,1/36,900,"1억 5,000",53,52,북서향,20250428,"['25년이상', '융자금없는', '역세권', '1층']",37.52315,126.924531
2522609216,일반상가,월세,3/14,80,"1,000",52,29,남향,20250428,"['25년이상', '역세권', '지상층(1층제외)', '주차가능']",37.520788,126.92693
2522629130,일반상가,매매,6/7,,"5억 7,000",129,58,북동향,20250428,"['25년이상', '고층', '북동향']",37.518419,126.9339
2522449016,일반상가,월세,3/19,70,"1,000",59,32,동향,20250426,"['25년이상', '지상층(1층제외)', '주차가능', '동향']",37.521445,126.930661
2522422542,복합상가,월세,B1/13,420,"5,000",216,137,북동향,20250426,"['10년이내', '융자금없는', '역세권', '지하층']",37.526583,126.918157
2522449255,일반상가,월세,1/5,700,"7,000",50,36,남향,20250426,"['25년이상', '역세권', '1층', '주차가능']",37.521463,126.925089
2522316252,일반상가,월세,B1/11,165,"3,000",166,75,남동향,20250426,"['25년이상', '역세권', '지하층', '주차가능']",37.529064,126.921913
2522078637,일반상가,월세,B1/12,270,"3,000",120,120,북서향,20250425,"['25년이상', '융자금없는', '역세권', '지하층']",37.529243,126.920821
2521862456,일반상가,월세,3/11,50,"1,000",84,40,동향,20250425,"['25년이상', '융자금없는', '지상층(1층제외)', '주차가능']",37.529981,126.922249
2522129698,복합상가,월세,1/10,120,"2,000",46,23,남서향,20250425,"['25년이상', '역세권', '1층', '주차가능']",37.529993,126.919887
2522151870,복합상가,월세,B1/13,240,"4,000",161,82,북서향,20250425,"['25년이내', '역세권', '지하층', '주차가능']",37.523685,126.92679
2522206808,일반상가,매매,2/12,,15억,227,125,,20250425,"['25년이내', '역세권', '지상층(1층제외)', '주차가능']",37.529617,126.92156
2522097795,일반상가,월세,6/10,360,"4,500",297,165,남동향,20250425,"['25년이상', '융자금없는', '역세권', '중층']",37.520427,126.929275
2522149141,복합상가,월세,B1/11,140,"1,000",126,56,남동향,20250425,"['25년이상', '역세권', '지하층', '주차가능']",37.529064,126.921913
2522159967,단지내상가,월세,2/2,130,"2,000",30,30,동향,20250425,"['25년이상', '역세권', '고층', '주차가능']",37.526031,126.930744
2522146264,일반상가,월세,1/16,600,"6,000",637,277,남서향,20250425,"['25년이상', '1층', '주차가능', '남서향']",37.530731,126.924788
2522138785,복합상가,월세,1/5,680,"7,000",49,33,북서향,20250425,"['25년이상', '역세권', '1층', '관리비20만원이하']",37.521463,126.925089
2522082048,일반상가,월세,B1/11,270,"3,000",190,90,북서향,20250425,"['25년이내', '역세권', '지하층', '주차가능']",37.527514,126.919613
2522145404,복합상가,월세,2/14,240,"3,000",146,71,남동향,20250425,"['25년이상', '역세권', '지상층(1층제외)', '주차가능']",37.519221,126.928598
2522197388,단지내상가,매매,B1/2,,13억,92,73,남서향,20250425,"['25년이상', '지하층', '주차가능', '총2층']",37.52109,126.93432
2522148941,일반상가,월세,B1/10,"1,300","1억 3,000",337,337,남동향,20250425,"['25년이상', '융자금없는', '역세권', '지하층']",37.528632,126.921428
2522097929,일반상가,월세,7/15,600,"6,000",247,163,남동향,20250425,"['25년이상', '융자금없는', '역세권', '중층']",37.518943,126.930745
2522181091,일반상가,월세,1/13,450,"4,500",92,49,남서향,20250425,"['25년이내', '역세권', '1층', '주차가능']",37.528846,126.921014
2522282138,단지내상가,월세,1/2,177,"3,000",35,13,,20250425,"['25년이내', '역세권', '1층', '관리비20만원이하']",37.52021,126.931761
2522126234,복합상가,월세,1/11,300,"5,000",81,41,북서향,20250425,"['25년이내', '역세권', '1층', '주차가능']",37.529933,126.919182
2522135840,일반상가,월세,1/20,450,"5,000",65,39,남동향,20250425,"['25년이상', '융자금없는', '역세권', '1층']",37.520662,126.929049
2522290407,단지내상가,월세,B1/5,50,500,9,6,북동향,20250425,"['25년이상', '융자금없는', '역세권', '지하층']",37.520485,126.923988
2522233201,일반상가,월세,1/13,530,"8,000",256,141,,20250425,"['25년이내', '역세권', '1층', '주차가능']",37.529617,126.92156
2522082828,일반상가,매매,B1/19,,3억,41,21,남향,20250425,"['25년이상', '지하층', '주차가능', '남향']",37.521445,126.930661
2522129016,복합상가,월세,1/13,910,1억,201,109,남서향,20250425,"['4년이내', '역세권', '1층', '주차가능']",37.528846,126.921014
2522124120,복합상가,월세,1/10,450,"5,000",121,74,남서향,20250425,"['25년이상', '역세권', '1층', '주차가능']",37.526525,126.917475
2522121289,복합상가,월세,B1/10,300,"5,000",282,159,남서향,20250425,"['25년이상', '역세권', '지하층', '주차가능']",37.519215,126.930875
2522065206,일반상가,월세,4/10,460,1억,292,152,남동향,20250425,"['25년이상', '융자금없는', '역세권', '중층']",37.521783,126.926563
2522253709,일반상가,월세,2/12,350,"5,000",159,87,북동향,20250425,"['25년이내', '역세권', '지상층(1층제외)', '주차가능']",37.529617,126.92156
2522296425,복합상가,월세,1/16,320,"5,000",42,29,남서향,20250425,"['4년이내', '1층', '관리비20만원이하', '주차가능']",37.530197,126.925226
2522086739,일반상가,매매,3/9,,"10억 5,000",132,132,북서향,20250425,"['25년이상', '지상층(1층제외)', '주차가능', '북서향']",37.520814,126.929292
2522097717,일반상가,월세,B1/10,600,1억,623,265,남서향,20250425,"['25년이상', '융자금없는', '역세권', '지하층']",37.520244,126.928832
2521853239,일반상가,월세,B1/15,120,"1,200",59,29,남서향,20250424,"['25년이상', '융자금없는', '역세권', '지하층']",37.523722,126.926374
2521854411,일반상가,월세,B1/20,262,"2,620",91,66,남동향,20250424,"['25년이상', '융자금없는', '역세권', '지하층']",37.522536,126.924491
2521872846,복합상가,월세,B1/21,330,"5,000",309,157,북서향,20250424,"['25년이상', '지하층', '주차가능', '북서향']",37.521445,126.930661
2521906546,일반상가,월세,B1/35,320,"5,000",270,118,남동향,20250424,"['25년이내', '역세권', '지하층', '주차가능']",37.52021,126.931761
2521630738,일반상가,월세,2/5,80,"1,000",54,53,남서향,20250424,"['25년이상', '역세권', '중층', '관리비20만원이하']",37.51935,126.932818
2522050001,일반상가,월세,2/2,700,1억,158,144,북동향,20250424,"['25년이내', '역세권', '고층', '주차가능']",37.519834,126.932297
2522005958,일반상가,월세,B1/2,200,"2,000",132,66,북동향,20250424,"['25년이내', '융자금적은', '역세권', '지하층']",37.52021,126.931761
2522024694,일반상가,월세,1/14,150,"2,500",36,36,북서향,20250424,"['25년이상', '1층', '북서향']",37.52997,126.924862
2522067024,단지내상가,월세,1/23,"2,071",2억 710,720,364,,20250424,"['25년이상', '역세권', '1층', '주차가능']",37.522589,126.921817
2522066644,일반상가,월세,4/5,"1,155","2억 5,000",628,314,남서향,20250424,"['25년이상', '역세권', '고층', '주차가능']",37.524603,126.926887
2522051006,복합상가,월세,1/21,"1,300",2억,217,112,서향,20250424,"['25년이상', '1층', '주차가능', '서향']",37.521445,126.930661
2522044557,일반상가,월세,4/5,40,500,39,33,북동향,20250424,"['25년이상', '융자금없는', '역세권', '고층']",37.51935,126.932818
2522064149,단지내상가,월세,B1/39,900,"1억 7,000",525,233,,20250424,"['25년이내', '역세권', '지하층', '주차가능']",37.520251,126.926395
2521994418,일반상가,매매,1/35,,9억,79,31,북동향,20250424,"['25년이내', '역세권', '1층', '주차가능']",37.52021,126.931761
2521995426,일반상가,월세,B1/5,"1,000",2억,206,136,남서향,20250424,"['25년이상', '역세권', '지하층', '주차가능']",37.520485,126.923988
2521999714,일반상가,월세,1/10,350,"2,000",59,29,남서향,20250424,"['25년이상', '융자금없는', '1층', '주차가능']",37.520814,126.929292
2521909871,일반상가,월세,1/5,250,"2,000",63,39,남동향,20250424,"['25년이상', '역세권', '1층', '주차가능']",37.520485,126.923988
2521908864,일반상가,월세,1/2,250,"2,000",71,71,북동향,20250424,"['25년이상', '역세권', '1층', '총2층']",37.526031,126.930744
2521936058,일반상가,월세,1/12,400,"3,650",172,92,남향,20250424,"['25년이상', '역세권', '1층', '주차가능']",37.526666,126.917336
2521909581,일반상가,월세,1/13,350,"5,000",54,36,북서향,20250424,"['25년이내', '역세권', '1층', '주차가능']",37.525708,126.918742
2521957502,일반상가,월세,1/5,800,1억,70,46,남향,20250424,"['25년이상', '역세권', '1층', '주차가능']",37.520485,126.923988
2521833483,일반상가,월세,B1/13,260,"3,000",93,93,북동향,20250424,"['25년이내', '융자금없는', '역세권', '급매']",37.529933,126.919182
2521902644,일반상가,매매,1/14,,20억,132,66,남서향,20250424,"['4년이내', '역세권', '1층', '주차가능']",37.527377,126.916632
2521937606,일반상가,월세,B1/12,"1,154",1억 824,596,279,남향,20250424,"['25년이상', '융자금없는', '역세권', '지하층']",37.526666,126.917336
2521907474,복합상가,월세,B1/11,100,"1,000",74,33,북서향,20250424,"['25년이내', '융자금없는', '역세권', '지하층']",37.529617,126.92156
2521909144,일반상가,월세,1/14,110,"1,500",49,23,남서향,20250424,"['25년이상', '융자금없는', '역세권', '1층']",37.520788,126.92693
2521916613,일반상가,매매,3/5,,11억,127,124,북동향,20250424,"['25년이상', '역세권', '중층', '총5층']",37.51935,126.932818
2521934766,일반상가,월세,B1/20,153,"3,042",118,48,동향,20250424,"['25년이상', '융자금없는', '역세권', '지하층']",37.523613,126.923846
2521909389,일반상가,매매,1/39,,15억,125,53,남서향,20250424,"['25년이내', '역세권', '1층', '주차가능']",37.520251,126.926395
2521935128,일반상가,월세,B1/10,550,"6,000",338,180,동향,20250424,"['25년이상', '역세권', '지하층', '주차가능']",37.521783,126.926563
2521813514,복합상가,월세,B1/11,130,"2,000",122,58,남서향,20250424,"['25년이내', '융자금없는', '역세권', '지하층']",37.527514,126.919613
2521902256,일반상가,월세,B1/11,140,"1,000",56,56,남서향,20250424,"['25년이상', '역세권', '지하층', '주차가능']",37.529064,126.921913
2521902797,일반상가,월세,B1/10,160,"2,640",105,105,북동향,20250424,"['25년이상', '역세권', '지하층', '주차가능']",37.519979,126.929719
2521940752,일반상가,월세,1/10,250,"3,000",36,36,북향,20250424,"['25년이상', '역세권', '1층', '주차가능']",37.519215,126.930875
2521850286,일반상가,월세,1/10,"2,100",3억,181,181,북서향,20250424,"['25년이상', '융자금없는', '역세권', '1층']",37.524603,126.926887
2521936524,일반상가,월세,1/19,100,800,56,28,북서향,20250424,"['25년이상', '1층', '주차가능', '북서향']",37.521445,126.930661
2521902686,일반상가,월세,B1/18,130,"1,850",140,70,북서향,20250424,"['25년이상', '지하층', '주차가능', '북서향']",37.522011,126.930124
2522066825,일반상가,월세,1/1,390,"3,974",49,49,북향,20250424,"['10년이내', '융자금없는', '역세권', '1층']",37.525555,126.926224
2521628441,일반상가,월세,2/36,700,"1억 5,000",318,144,북동향,20250423,"['25년이상', '역세권', '지상층(1층제외)', '주차가능']",37.52021,126.931761
2521630240,일반상가,월세,B1/12,200,"2,000",132,66,북동향,20250423,"['25년이상', '융자금없는', '역세권', '지하층']",37.519643,126.930052
2521629642,일반상가,매매,B1/9,,"2억 9,000",61,29,북동향,20250423,"['25년이상', '역세권', '지하층', '주차가능']",37.519559,126.931114
2521630375,일반상가,월세,B1/10,120,"2,000",124,67,북동향,20250423,"['25년이상', '역세권', '지하층', '주차가능']",37.519979,126.929719
2521628937,복합상가,월세,1/10,350,"6,200",82,82,북동향,20250423,"['25년이상', '역세권', '1층', '주차가능']",37.519215,126.930875
2521636921,일반상가,월세,B1/10,330,"4,000",340,214,북동향,20250423,"['25년이상', '역세권', '지하층', '주차가능']",37.528794,126.920089
2521637679,일반상가,월세,B1/10,450,"4,500",221,221,남서향,20250423,"['25년이상', '역세권', '지하층', '주차가능']",37.526302,126.917704
2521686144,일반상가,월세,B1/5,"1,000",2억,204,136,남동향,20250423,"['25년이상', '역세권', '지하층', '주차가능']",37.520485,126.923988
2521681971,단지내상가,월세,1/13,80,"1,500",90,45,남동향,20250423,"['25년이상', '융자금없는', '1층', '관리비20만원이하']",37.520698,126.937103
2521686467,일반상가,월세,B1/35,300,"3,000",257,113,남서향,20250423,"['25년이내', '역세권', '지하층', '주차가능']",37.52021,126.931761
2521684101,일반상가,월세,1/12,310,"5,000",53,25,북동향,20250423,"['25년이상', '역세권', '1층', '주차가능']",37.519713,126.931362
2521682290,단지내상가,매매,1/13,,19억,45,45,남동향,20250423,"['25년이상', '1층', '관리비20만원이하', '주차가능']",37.520698,126.937103
2521684836,일반상가,월세,1/39,380,"5,000",113,48,북서향,20250423,"['25년이내', '역세권', '1층', '주차가능']",37.520251,126.926395
2521672275,단지내상가,매매,1/2,,8억,30,26,북서향,20250423,"['25년이상', '1층', '관리비20만원이하', '주차가능']",37.523213,126.933081
2521687657,단지내상가,월세,B1/35,200,"2,000",129,64,북동향,20250423,"['25년이내', '역세권', '지하층', '주차가능']",37.52021,126.931761
2521682173,일반상가,매매,B1/14,,2억,20,13,서향,20250423,"['25년이상', '지하층', '관리비20만원이하', '주차가능']",37.519506,126.939256
2521674657,단지내상가,월세,1/2,200,"3,000",31,20,북서향,20250423,"['25년이상', '융자금없는', '1층', '관리비20만원이하']",37.523213,126.933081
2521674055,일반상가,월세,2/11,"2,645","2억 6,456",884,458,남서향,20250423,"['25년이상', '융자금없는', '역세권', '지상층(1층제외)']",37.51944,126.928392
2521684498,일반상가,월세,1/12,310,"5,000",53,25,북동향,20250423,"['25년이상', '역세권', '1층', '주차가능']",37.519946,126.93113
2521800439,일반상가,매매,3/10,,"9억 5,000",268,115,북동향,20250423,"['25년이상', '역세권', '지상층(1층제외)', '주차가능']",37.520585,126.930095
2521767361,단지내상가,매매,B1/2,,"3억 2,000",23,9,북서향,20250423,"['25년이상', '지하층', '관리비20만원이하', '주차가능']",37.523213,126.933081
2521783222,일반상가,월세,3/12,800,1억,528,286,남서향,20250423,"['25년이내', '역세권', '지상층(1층제외)', '주차가능']",37.529617,126.92156
2521789472,일반상가,월세,B1/11,502,1억,405,202,,20250423,"['25년이상', '지하층', '주차가능']",37.529807,126.921979
2521656212,일반상가,월세,5/16,900,"1억 3,000",661,383,남서향,20250423,"['25년이내', '역세권', '지상층(1층제외)', '주차가능']",37.519179,126.930508
2521636806,일반상가,월세,B1/12,128,"2,000",190,98,남서향,20250423,"['25년이상', '역세권', '지하층', '주차가능']",37.528942,126.920336
2521640486,단지내상가,월세,B2/10,"1,000","1억 2,000",360,360,북서향,20250423,"['25년이상', '역세권', '지하층', '주차가능']",37.521783,126.926563
2521725771,단지내상가,매매,B1/17,,8억,174,86,동향,20250423,"['4년이내', '역세권', '지하층', '주차가능']",37.520618,126.930465
2521633199,일반상가,월세,1/35,600,1억,132,66,남서향,20250423,"['25년이내', '융자금없는', '역세권', '1층']",37.519834,126.932297
2521637513,일반상가,월세,1/10,450,"5,000",121,75,남서향,20250423,"['25년이상', '융자금없는', '역세권', '1층']",37.526525,126.917475
2521651767,일반상가,월세,7/15,600,"6,000",246,168,남서향,20250423,"['25년이상', '융자금없는', '역세권', '중층']",37.518943,126.930745
2521638737,일반상가,월세,1/13,350,"5,000",86,48,북동향,20250423,"['25년이내', '역세권', '1층', '주차가능']",37.525708,126.918742
2521720997,복합상가,월세,1/21,190,"3,000",46,28,북동향,20250423,"['25년이상', '1층', '주차가능', '북동향']",37.521445,126.930661
2521651375,일반상가,월세,B1/1,"2,558","2억 5,587",196,196,남향,20250423,"['15년이내', '역세권', '지하층', '주차가능']",37.524992,126.925313
2521635054,일반상가,월세,1/12,310,"5,000",64,25,남동향,20250423,"['25년이상', '역세권', '1층', '주차가능']",37.519713,126.931362
2521784090,복합상가,매매,1/36,,30억,116,49,서향,20250423,"['25년이내', '역세권', '1층', '주차가능']",37.522913,126.924119
2521806936,단지내상가,월세,B1/10,70,"3,000",85,42,남서향,20250423,"['25년이상', '역세권', '지하층', '주차가능']",37.528464,126.920408
2521768994,일반상가,월세,1/12,"1,030","1억 5,000",220,112,북서향,20250423,"['25년이상', '1층', '주차가능', '천장에어컨']",37.521445,126.930661
2521634070,일반상가,월세,B1/11,200,"2,000",149,67,남서향,20250423,"['25년이상', '융자금없는', '역세권', '지하층']",37.529064,126.921913
2521629273,일반상가,월세,1/17,370,"5,000",52,26,북동향,20250423,"['4년이내', '융자금없는', '역세권', '1층']",37.520618,126.930465
2521630793,일반상가,월세,B1/10,150,"3,000",100,51,남서향,20250423,"['25년이상', '융자금없는', '역세권', '지하층']",37.519409,126.930281
2521769214,복합상가,월세,6/6,120,"1,200",100,71,북서향,20250423,"['25년이상', '융자금없는', '고층', '주차가능']",37.518419,126.9339
2521774922,일반상가,매매,B1/13,,"2억 5,000",84,50,남서향,20250423,"['25년이내', '역세권', '지하층', '주차가능']",37.529557,126.921228
2521775760,일반상가,월세,2/36,650,1억,187,78,북서향,20250423,"['25년이내', '융자금없는', '역세권', '지상층(1층제외)']",37.522913,126.924119
2521717815,일반상가,월세,B1/10,160,"2,640",173,100,북서향,20250423,"['25년이상', '역세권', '지하층', '천장에어컨']",37.52013,126.92996
2521735760,복합상가,월세,3/5,160,"2,000",83,72,남동향,20250423,"['25년이상', '역세권', '중층', '총5층']",37.519396,126.93147
2521697358,일반상가,월세,B1/5,"1,000","8,000",136,91,남동향,20250423,"['25년이내', '역세권', '지하층', '주차가능']",37.520485,126.923988
2521824340,일반상가,월세,1/12,260,"4,000",41,23,북동향,20250423,"['25년이내', '역세권', '1층', '주차가능']",37.529617,126.92156
2521535646,일반상가,월세,B1/10,190,"1,900",155,85,남서향,20250422,"['25년이상', '역세권', '지하층', '주차가능']",37.526302,126.917704
2521525955,일반상가,월세,2/12,"1,400",2억,529,275,북향,20250422,"['25년이상', '역세권', '지상층(1층제외)', '주차가능']",37.524603,126.926887
2521594744,일반상가,월세,1/14,150,"2,000",55,27,남서향,20250422,"['4년이내', '역세권', '1층', '관리비20만원이하']",37.527377,126.916632
2521594624,일반상가,월세,4/6,120,"1,200",156,71,북동향,20250422,"['25년이상', '중층', '주차가능', '북동향']",37.518419,126.9339
2521552097,일반상가,월세,B1/14,116,"1,160",92,46,북서향,20250422,"['25년이상', '융자금없는', '역세권', '지하층']",37.522461,126.929062
2521519541,일반상가,매매,B1/10,,6억,90,49,남동향,20250422,"['25년이상', '역세권', '지하층', '주차가능']",37.521783,126.926563
2521410687,단지내상가,월세,B1/13,230,"3,000",99,56,남동향,20250422,"['10년이내', '융자금없는', '역세권', '지하층']",37.526583,126.918157
2521483539,일반상가,월세,1/10,450,"5,000",64,38,남동향,20250422,"['25년이상', '1층', '주차가능', '엘리베이터']",37.520814,126.929292
2521504650,일반상가,월세,1/5,500,"1억 3,000",231,165,남서향,20250422,"['25년이상', '테라스', '1층', '주차가능']",37.518376,126.933722
2521402991,일반상가,월세,1/13,"1,200","1억 5,000",218,109,북서향,20250422,"['25년이내', '융자금없는', '역세권', '1층']",37.529788,126.919526
2521585668,일반상가,월세,1/5,350,"5,000",49,33,남서향,20250422,"['25년이상', '역세권', '1층', '주차가능']",37.519396,126.93147
2521521413,일반상가,월세,5/10,720,1억,594,329,남향,20250422,"['25년이상', '역세권', '중층', '주차가능']",37.520427,126.929275
2521589170,일반상가,월세,2/69,428,"6,853",115,82,남향,20250422,"['10년이내', '역세권', '지상층(1층제외)', '주차가능']",37.526058,126.928299
2521584626,일반상가,월세,1/10,700,1억,271,103,남동향,20250422,"['25년이상', '역세권', '1층', '주차가능']",37.521783,126.926563
2521586358,일반상가,월세,1/5,270,"5,000",45,36,남서향,20250422,"['25년이상', '역세권', '1층', '관리비20만원이하']",37.51935,126.932818
2521564321,단지내상가,매매,1/11,,5억,68,34,남향,20250422,"['25년이상', '역세권', '1층', '주차가능']",37.528279,126.916494
2521457724,일반상가,월세,B1/14,150,"3,000",58,32,남동향,20250422,"['25년이상', '역세권', '지하층', '주차가능']",37.520788,126.92693
2521595514,일반상가,매매,2/10,,10억,231,115,북동향,20250422,"['25년이상', '역세권', '지상층(1층제외)', '주차가능']",37.528624,126.920653
2521588740,일반상가,월세,1/10,450,"5,000",56,37,남서향,20250422,"['25년이상', '1층', '급매', '주차가능']",37.520814,126.929292
2521586916,일반상가,월세,1/12,310,"5,000",56,25,남서향,20250422,"['25년이상', '융자금없는', '역세권', '1층']",37.519713,126.931362
2521476193,복합상가,월세,1/10,150,"5,000",23,18,북동향,20250422,"['25년이상', '역세권', '1층', '주차가능']",37.529064,126.921913
2521466560,단지내상가,매매,1/2,,14억,18,18,동향,20250422,"['25년이상', '역세권', '1층', '주차가능']",37.526031,126.930744
2521460002,일반상가,매매,1/36,,18억,108,41,북동향,20250422,"['25년이내', '역세권', '1층', '주차가능']",37.52021,126.931761
2521459222,일반상가,월세,1/10,250,"2,000",66,25,남향,20250422,"['25년이상', '융자금없는', '역세권', '1층']",37.521783,126.926563
2521458143,일반상가,월세,2/7,250,"2,500",270,120,북동향,20250422,"['25년이상', '지상층(1층제외)', '주차가능', '북동향']",37.518419,126.9339
2521410731,일반상가,월세,1/13,450,"5,000",56,56,북동향,20250422,"['25년이내', '융자금없는', '테라스', '역세권']",37.525708,126.918742
2521414986,일반상가,월세,B1/13,120,"1,500",100,46,북서향,20250422,"['25년이내', '역세권', '지하층', '주차가능']",37.529933,126.919182
2521401764,일반상가,월세,B1/12,200,"4,000",239,106,북동향,20250422,"['25년이내', '역세권', '지하층', '주차가능']",37.529617,126.92156
2521410632,복합상가,매매,1/13,,16억,96,47,남서향,20250422,"['25년이내', '역세권', '1층', '주차가능']",37.525708,126.918742
2521568183,복합상가,월세,1/16,320,"5,000",47,32,남서향,20250422,"['4년이내', '1층', '관리비20만원이하', '주차가능']",37.530197,126.925226
2521429813,일반상가,월세,1/12,350,"7,000",49,29,남동향,20250422,"['25년이상', '융자금없는', '역세권', '1층']",37.519643,126.930052
2521179215,일반상가,월세,1/10,220,"2,500",57,30,북서향,20250421,"['25년이상', '역세권', '1층', '주차가능']",37.52013,126.92996
2521185976,복합상가,월세,1/13,500,1억,173,86,북동향,20250421,"['25년이내', '융자금적은', '역세권', '1층']",37.529933,126.919182
2521175015,일반상가,매매,B1/10,,18억,423,237,남서향,20250421,"['25년이상', '지하층', '주차가능', '남서향']",37.520805,126.929883
2521122833,일반상가,매매,B1/21,,3억,41,21,남동향,20250421,"['25년이상', '지하층', '주차가능', '남동향']",37.521445,126.930661
2521173091,일반상가,매매,B1/10,,"2억 9,000",61,29,남향,20250421,"['25년이상', '역세권', '지하층', '주차가능']",37.519559,126.931114
2521354003,단지내상가,매매,B1/25,,23억,471,471,북서향,20250421,"['25년이상', '지하층', '주차가능', '북서향']",37.519423,126.938613
2521138165,단지내상가,매매,B1/36,,28억,422,177,남향,20250421,"['25년이내', '역세권', '지하층', '주차가능']",37.522913,126.924119
2521140280,일반상가,월세,2/5,340,"2,000",90,85,남서향,20250421,"['25년이상', '융자금없는', '역세권', '중층']",37.521463,126.925089
2521123201,일반상가,매매,3/36,,"16억 5,000",158,66,남동향,20250421,"['25년이내', '역세권', '지상층(1층제외)', '주차가능']",37.52315,126.924531
2521172500,일반상가,월세,1/19,"1,300",2억,216,112,북동향,20250421,"['25년이상', '1층', '주차가능', '북동향']",37.521445,126.930661
2521139036,일반상가,월세,1/12,310,"5,000",64,25,북동향,20250421,"['25년이상', '역세권', '1층', '주차가능']",37.519946,126.93113
2521145698,복합상가,월세,1/11,150,"5,000",23,18,남서향,20250421,"['25년이상', '역세권', '1층', '주차가능']",37.529064,126.921913
2521162374,일반상가,월세,2/5,340,"2,000",90,65,남서향,20250421,"['25년이상', '역세권', '중층', '주차가능']",37.521463,126.925089
2521161942,단지내상가,월세,B1/17,60,800,41,19,동향,20250421,"['25년이상', '융자금없는', '지하층', '주차가능']",37.519506,126.939256
2521164327,일반상가,월세,2/10,160,"2,000",99,60,남동향,20250421,"['25년이상', '역세권', '지상층(1층제외)', '주차가능']",37.519215,126.930875
2521190693,단지내상가,월세,1/2,80,"1,000",14,14,서향,20250421,"['25년이상', '1층', '관리비10만원이하', '주차가능']",37.52109,126.93432
2521195505,일반상가,월세,1/13,380,"5,000",108,51,북동향,20250421,"['25년이내', '역세권', '1층', '주차가능']",37.525708,126.918742
2521196571,일반상가,월세,2/9,150,"2,000",109,53,남서향,20250421,"['25년이상', '융자금없는', '역세권', '지상층(1층제외)']",37.519559,126.931114
2521255764,일반상가,월세,B2/1,441,"4,407",51,51,동향,20250421,"['10년이내', '역세권', '지하층', '주차가능']",37.525555,126.926224
2521189325,일반상가,월세,2/13,240,"3,000",140,71,북동향,20250421,"['25년이상', '융자금없는', '역세권', '지상층(1층제외)']",37.519221,126.928598
2521188407,일반상가,월세,1/35,190,"3,000",29,13,남서향,20250421,"['25년이내', '융자금없는', '역세권', '1층']",37.52021,126.931761
2521194727,일반상가,월세,B1/17,260,"4,000",127,62,남동향,20250421,"['4년이내', '역세권', '지하층', '주차가능']",37.520618,126.930465
2521183064,단지내상가,매매,B1/12,,"13억 5,000",60,60,남서향,20250421,"['25년이상', '지하층', '관리비20만원이하', '주차가능']",37.520698,126.937103
2521191711,일반상가,월세,1/19,"1,300",2억,220,112,남서향,20250421,"['25년이상', '1층', '주차가능', '남서향']",37.521445,126.930661
2521373646,단지내상가,월세,B1/12,128,"2,000",198,99,남서향,20250421,"['25년이상', '역세권', '지하층', '주차가능']",37.528942,126.920336
2521378264,일반상가,월세,B1/15,600,1억,421,235,남향,20250421,"['25년이상', '역세권', '지하층', '주차가능']",37.520244,126.928832
2521378460,일반상가,월세,B1/12,200,"2,000",132,72,남서향,20250421,"['25년이상', '역세권', '지하층', '주차가능']",37.519643,126.930052
2521378900,일반상가,월세,1/14,350,"5,000",80,40,북향,20250421,"['25년이내', '역세권', '1층', '주차가능']",37.529933,126.919182
2521379362,일반상가,월세,B2/10,"1,000","1억 2,000",682,363,동향,20250421,"['25년이상', '역세권', '지하층', '주차가능']",37.521783,126.926563
2521376145,일반상가,월세,1/12,350,"7,000",53,28,남서향,20250421,"['25년이상', '역세권', '1층', '주차가능']",37.519643,126.930052
2521355710,일반상가,월세,B1/10,515,1억,405,212,남향,20250421,"['25년이상', '지하층', '주차가능', '남향']",37.529807,126.921979
2521260700,일반상가,월세,1/14,90,"1,000",42,21,남서향,20250421,"['25년이상', '역세권', '1층', '관리비20만원이하']",37.520788,126.92693
2521255836,일반상가,월세,B1/1,"2,559","2억 5,588",196,196,서향,20250421,"['10년이내', '역세권', '지하층', '주차가능']",37.525555,126.926224
2521331816,일반상가,월세,1/10,450,"5,000",65,38,남동향,20250421,"['25년이상', '역세권', '1층', '남동향']",37.520662,126.929049
2521321300,단지내상가,월세,1/2,190,"3,000",56,24,남서향,20250421,"['25년이내', '역세권', '1층', '주차가능']",37.520251,126.926395
2521298506,일반상가,월세,1/10,230,"2,500",56,30,남서향,20250421,"['25년이상', '역세권', '1층', '주차가능']",37.52013,126.92996
2521299249,단지내상가,월세,1/2,650,1억,280,122,남서향,20250421,"['25년이내', '역세권', '1층', '주차가능']",37.520251,126.926395
2521304066,단지내상가,월세,B1/12,140,"1,000",176,46,북서향,20250421,"['25년이내', '역세권', '지하층', '주차가능']",37.530963,126.92114
2521283273,일반상가,매매,2/10,,3억,44,23,남서향,20250421,"['25년이상', '역세권', '지상층(1층제외)', '주차가능']",37.52013,126.92996
2521296591,단지내상가,매매,2/10,,5억,114,58,북동향,20250421,"['25년이상', '역세권', '지상층(1층제외)', '주차가능']",37.528624,126.920653
2521301382,일반상가,월세,4/10,511,"1억 2,000",975,479,북서향,20250421,"['25년이상', '역세권', '중층', '주차가능']",37.524603,126.926887
2521295440,단지내상가,월세,B1/15,600,1억,623,265,남동향,20250421,"['25년이상', '역세권', '지하층', '주차가능']",37.520244,126.928832
2521282951,일반상가,매매,2/10,,3억,44,23,남서향,20250421,"['25년이상', '역세권', '지상층(1층제외)', '주차가능']",37.519979,126.929719
2521257290,일반상가,월세,B2/1,441,"4,407",51,51,동향,20250421,"['10년이내', '역세권', '지하층', '주차가능']",37.524992,126.925313
2520916708,일반상가,월세,1/35,600,1억,107,65,북동향,20250419,"['25년이내', '역세권', '1층', '주차가능']",37.52021,126.931761
2520914914,복합상가,월세,B1/35,200,"2,000",147,64,북동향,20250419,"['25년이내', '역세권', '지하층', '주차가능']",37.52021,126.931761
2520903667,일반상가,월세,2/35,320,"5,000",132,69,남서향,20250419,"['25년이내', '융자금없는', '역세권', '지상층(1층제외)']",37.52021,126.931761
2520914280,일반상가,월세,B1/5,130,"1,500",92,45,남서향,20250419,"['25년이상', '지하층', '주차가능', '총5층']",37.518419,126.9339
2520904261,일반상가,월세,1/35,220,"4,000",60,31,남서향,20250419,"['25년이내', '융자금없는', '역세권', '1층']",37.52021,126.931761
2520915235,복합상가,월세,3/21,80,"1,000",59,30,동향,20250419,"['25년이상', '지상층(1층제외)', '주차가능', '동향']",37.521445,126.930661
2521000569,일반상가,월세,1/2,"2,900",3억,661,376,남서향,20250419,"['25년이상', '융자금없는', '역세권', '1층']",37.530265,126.92182
2521050244,일반상가,월세,1/10,112,"1,120",115,76,북동향,20250419,"['25년이상', '역세권', '1층', '주차가능']",37.527798,126.916217
2520903402,일반상가,월세,1/11,460,1억,132,69,북서향,20250419,"['25년이상', '융자금없는', '역세권', '1층']",37.520831,126.93117
2520927834,일반상가,월세,2/7,250,"2,500",206,92,북동향,20250419,"['25년이상', '지상층(1층제외)', '북동향']",37.518419,126.9339
2520905411,일반상가,월세,2/11,75,700,33,23,북서향,20250419,"['25년이상', '융자금없는', '역세권', '지상층(1층제외)']",37.520831,126.93117
2520903933,일반상가,월세,1/5,680,"7,000",60,40,북동향,20250419,"['25년이상', '융자금없는', '역세권', '1층']",37.521463,126.925089
2520905811,일반상가,월세,2/10,200,"2,400",112,56,북동향,20250419,"['25년이상', '융자금없는', '역세권', '지상층(1층제외)']",37.51956,126.929051
2520924062,일반상가,월세,B1/10,60,"1,200",72,35,남서향,20250419,"['25년이상', '역세권', '지하층', '주차가능']",37.528464,126.920408
2520989945,일반상가,매매,1/11,,6억,33,18,남향,20250419,"['25년이상', '역세권', '1층', '남향']",37.529064,126.921913
2520995913,일반상가,월세,B1/16,120,"2,000",47,24,남서향,20250419,"['25년이상', '융자금없는', '역세권', '지하층']",37.52185,126.928094
2520664790,일반상가,월세,1/11,85,900,16,15,남서향,20250418,"['25년이상', '융자금없는', '역세권', '1층']",37.529064,126.921913
2520814964,일반상가,월세,B1/13,232,"3,500",145,67,남서향,20250418,"['25년이상', '융자금없는', '지하층', '주차가능']",37.529255,126.924914
2520889272,일반상가,월세,1/39,660,1억,280,122,남서향,20250418,"['25년이내', '융자금없는', '역세권', '1층']",37.520251,126.926395
2520900684,일반상가,월세,3/10,140,"1,000",105,52,북동향,20250418,"['25년이상', '융자금없는', '역세권', '지상층(1층제외)']",37.519944,126.929065
2520891023,일반상가,월세,B1/11,210,"2,000",188,84,남동향,20250418,"['25년이상', '융자금없는', '역세권', '지하층']",37.529064,126.921913
2520897165,일반상가,월세,1/10,450,"5,000",61,33,북서향,20250418,"['25년이상', '융자금없는', '1층', '주차가능']",37.520814,126.929292
2520892324,일반상가,매매,1/5,,"8억 5,000",30,19,남서향,20250418,"['25년이상', '역세권', '1층', '관리비20만원이하']",37.519396,126.93147
2520901026,일반상가,월세,1/13,370,"5,000",80,40,북동향,20250418,"['25년이내', '역세권', '1층', '주차가능']",37.529788,126.919526
2520719706,일반상가,월세,B1/10,160,"2,640",173,100,북동향,20250418,"['25년이상', '역세권', '지하층', '주차가능']",37.520364,126.929735
2520893187,일반상가,월세,B1/12,219,"2,189",148,72,남향,20250418,"['25년이상', '융자금없는', '지하층', '주차가능']",37.521239,126.928904
2520892556,일반상가,매매,1/36,,30억,110,49,남서향,20250418,"['25년이내', '역세권', '1층', '주차가능']",37.522913,126.924119
2520888966,일반상가,월세,1/11,"2,931","2억 9,315",528,264,남서향,20250418,"['25년이상', '융자금없는', '역세권', '1층']",37.51944,126.928392
2520896747,일반상가,월세,B1/35,550,"7,000",429,214,남서향,20250418,"['25년이내', '융자금없는', '역세권', '지하층']",37.52021,126.931761
2520701907,일반상가,월세,14/15,600,"6,600",190,148,남동향,20250418,"['25년이상', '역세권', '고층', '주차가능']",37.518943,126.930745
2520706461,복합상가,월세,B1/11,515,1억,405,195,남동향,20250418,"['25년이상', '지하층', '주차가능', '남동향']",37.529807,126.921979
2520711597,복합상가,월세,2/12,240,"3,000",146,71,남동향,20250418,"['25년이상', '역세권', '지상층(1층제외)', '주차가능']",37.519221,126.928598
2520702233,복합상가,월세,B1/12,232,"3,500",146,67,남동향,20250418,"['25년이상', '지하층', '주차가능', '남동향']",37.529255,126.924914
2520700198,일반상가,월세,1/10,140,"1,800",97,49,남서향,20250418,"['25년이상', '역세권', '1층', '주차가능']",37.528464,126.920408
2520692115,일반상가,월세,1/16,700,"7,000",604,278,남향,20250418,"['25년이상', '1층', '관리비10만원이하', '주차가능']",37.530731,126.924788
2520696349,일반상가,월세,B1/14,120,"1,200",56,56,북서향,20250418,"['25년이상', '역세권', '지하층', '주차가능']",37.522461,126.929062
2520695120,일반상가,매매,2/3,,"16억 5,000",73,52,남동향,20250418,"['25년이상', '중층', '총3층', '남동향']",37.522575,126.931193
2520696614,일반상가,월세,1/10,270,"3,000",59,32,북동향,20250418,"['25년이상', '역세권', '1층', '주차가능']",37.519215,126.930875
2520684113,일반상가,월세,1/11,175,"1,750",35,35,남서향,20250418,"['25년이상', '역세권', '1층', '주차가능']",37.529377,126.922618
2520687536,일반상가,월세,2/14,75,700,50,22,남동향,20250418,"['25년이상', '융자금없는', '역세권', '지상층(1층제외)']",37.520788,126.92693
2520687776,일반상가,월세,6/14,850,1억,661,330,남동향,20250418,"['25년이상', '융자금없는', '역세권', '중층']",37.520788,126.92693
2520687079,일반상가,매매,1/5,,8억,20,19,북향,20250418,"['25년이상', '역세권', '1층', '총5층']",37.519396,126.93147
2520737663,일반상가,월세,1/36,900,"1억 5,000",53,53,남서향,20250418,"['25년이상', '융자금없는', '역세권', '1층']",37.52315,126.924531
2520711731,복합상가,월세,B1/35,550,"7,000",482,214,남서향,20250418,"['25년이내', '역세권', '지하층', '주차가능']",37.52021,126.931761
2520706519,일반상가,월세,1/10,190,"2,000",31,31,남서향,20250418,"['25년이상', '융자금없는', '역세권', '1층']",37.528116,126.919855
2520729939,일반상가,월세,B1/5,850,1억,191,130,북동향,20250418,"['25년이내', '역세권', '지하층', '주차가능']",37.520485,126.923988
2520734012,일반상가,월세,B1/12,232,"3,500",67,67,남동향,20250418,"['25년이상', '지하층', '천장에어컨', '남동향']",37.529255,126.924914
2520888315,단지내상가,매매,3/9,,4억,90,44,남서향,20250418,"['25년이상', '역세권', '지상층(1층제외)', '남서향']",37.519559,126.931114
2520850928,일반상가,월세,1/5,660,"1억 5,000",165,165,남서향,20250418,"['25년이상', '1층', '주차가능', '총5층']",37.518376,126.933722
2520876363,일반상가,월세,1/10,190,"1,900",32,16,남서향,20250418,"['25년이상', '융자금없는', '1층', '관리비20만원이하']",37.521473,126.930223
2520886931,일반상가,월세,B1/12,202,"3,700",132,66,남동향,20250418,"['25년이상', '지하층', '주차가능', '천장에어컨']",37.521239,126.928904
2520875660,단지내상가,월세,B1/2,60,500,33,26,북서향,20250418,"['25년이상', '융자금없는', '지하층', '주차가능']",37.52109,126.93432
2520888155,일반상가,월세,B1/17,180,"3,000",80,43,북동향,20250418,"['4년이내', '융자금없는', '역세권', '지하층']",37.520618,126.930465
2520862004,단지내상가,월세,2/2,400,"5,000",155,133,북서향,20250418,"['25년이상', '고층', '주차가능', '총2층']",37.523213,126.933081
2520795751,일반상가,월세,1/12,460,1억,69,69,북동향,20250418,"['25년이상', '역세권', '1층', '주차가능']",37.520831,126.93117
2520789734,복합상가,월세,9/14,60,"1,000",43,43,북서향,20250418,"['25년이상', '중층', '북서향', '관리비40만원이하']",37.52997,126.924862
2520778338,일반상가,월세,1/5,270,"5,000",48,33,북동향,20250418,"['25년이상', '융자금없는', '역세권', '1층']",37.51935,126.932818
2520799155,일반상가,월세,B1/10,190,"1,900",85,85,남서향,20250418,"['25년이상', '역세권', '지하층', '주차가능']",37.526302,126.917704
2520791290,일반상가,월세,1/12,425,"6,600",36,36,남동향,20250418,"['25년이상', '역세권', '1층', '주차가능']",37.519713,126.931362
2520763874,일반상가,월세,1/12,350,"7,000",29,29,남동향,20250418,"['25년이상', '역세권', '1층', '주차가능']",37.519643,126.930052
2520761581,일반상가,월세,B1/36,800,1억,442,185,북서향,20250418,"['25년이상', '융자금없는', '역세권', '지하층']",37.52315,126.924531
2520735665,일반상가,매매,1/16,,19억,112,62,남동향,20250418,"['10년이내', '1층', '주차가능', '남동향']",37.529756,126.924526
2520745243,일반상가,월세,1/17,460,"7,000",68,33,남동향,20250418,"['4년이내', '역세권', '1층', '주차가능']",37.520618,126.930465
2520755359,일반상가,월세,1/10,428,"4,200",191,110,남서향,20250418,"['25년이상', '융자금없는', '역세권', '1층']",37.528181,126.922743
2520732589,일반상가,월세,B1/13,210,"2,000",190,86,남동향,20250418,"['25년이상', '융자금없는', '역세권', '지하층']",37.529064,126.921913
2520725189,일반상가,월세,1/13,200,"2,000",76,29,남동향,20250418,"['25년이상', '융자금없는', '역세권', '1층']",37.529064,126.921913
2520736615,복합상가,월세,B1/11,210,"2,000",82,82,남동향,20250418,"['25년이상', '역세권', '지하층', '주차가능']",37.529064,126.921913
2520753588,일반상가,월세,3/5,110,"2,000",56,42,남동향,20250418,"['25년이상', '역세권', '중층', '총5층']",37.519396,126.93147
2520889692,일반상가,월세,3/5,90,"1,500",70,42,남동향,20250418,"['25년이상', '융자금없는', '역세권', '중층']",37.519396,126.93147
2520888344,일반상가,월세,1/10,450,"5,000",61,33,북서향,20250418,"['25년이상', '융자금없는', '역세권', '1층']",37.520662,126.929049
2520891088,일반상가,월세,B1/11,140,"1,000",123,56,남동향,20250418,"['25년이상', '융자금없는', '역세권', '지하층']",37.529064,126.921913
2520882401,복합상가,월세,B1/17,250,"4,000",163,81,북동향,20250418,"['25년이상', '역세권', '지하층', '주차가능']",37.523685,126.92679
2520895343,일반상가,월세,B1/14,160,"2,000",48,24,북동향,20250418,"['25년이상', '융자금없는', '역세권', '지하층']",37.52185,126.928094
2520895030,일반상가,매매,B1/10,,"3억 3,000",112,56,남서향,20250418,"['25년이상', '역세권', '지하층', '주차가능']",37.52013,126.92996
2520895816,일반상가,월세,2/5,800,"8,000",231,142,북동향,20250418,"['25년이상', '융자금없는', '역세권', '중층']",37.521463,126.925089
2520892858,일반상가,매매,1/13,,26억,165,111,동향,20250418,"['25년이내', '역세권', '1층', '주차가능']",37.525708,126.918742
2520877091,일반상가,월세,B1/19,330,"5,000",303,155,북동향,20250418,"['25년이상', '지하층', '주차가능', '북동향']",37.521445,126.930661
2520874382,일반상가,매매,1/12,,8억,42,26,북서향,20250418,"['10년이내', '테라스', '1층', '관리비20만원이하']",37.529756,126.924526
2520410894,일반상가,월세,3/5,270,"3,000",92,68,남서향,20250417,"['25년이상', '융자금없는', '역세권', '중층']",37.521463,126.925089
2520426157,일반상가,월세,1/20,"3,315","4억 4,283",271,271,남동향,20250417,"['25년이상', '역세권', '1층', '주차가능']",37.524271,126.9249
2520429022,일반상가,월세,3/5,160,"2,000",96,66,남동향,20250417,"['25년이상', '역세권', '중층', '총5층']",37.519396,126.93147
2520437600,일반상가,월세,2/10,140,"2,000",99,99,남동향,20250417,"['25년이상', '역세권', '지상층(1층제외)', '주차가능']",37.519215,126.930875
2520437360,일반상가,매매,B1/36,,"5억 1,000",102,45,남동향,20250417,"['25년이내', '역세권', '지하층', '주차가능']",37.520251,126.926395
2520431030,일반상가,월세,B1/40,200,"3,000",145,80,남동향,20250417,"['25년이내', '지하층', '주차가능', '남동향']",37.518643,126.939598
2520437965,일반상가,월세,B1/10,200,"2,000",455,243,북동향,20250417,"['25년이상', '역세권', '지하층', '주차가능']",37.519643,126.930052
2520490984,단지내상가,매매,B1/2,,8억,28,23,서향,20250417,"['25년이상', '역세권', '지하층', '주차가능']",37.526242,126.931086
2520537044,복합상가,월세,B1/11,515,1억,392,201,남서향,20250417,"['25년이상', '지하층', '주차가능', '남서향']",37.529807,126.921979
2520516612,복합상가,월세,2/12,260,"4,000",130,71,북동향,20250417,"['25년이내', '역세권', '지상층(1층제외)', '주차가능']",37.529617,126.92156
2520441385,일반상가,월세,3/10,400,"3,000",306,172,북동향,20250417,"['25년이상', '역세권', '지상층(1층제외)', '주차가능']",37.519215,126.930875
2520464541,일반상가,월세,1/10,240,"2,400",79,50,,20250417,"['25년이상', '역세권', '1층', '주차가능']",37.528181,126.922743
2520531723,복합상가,월세,1/5,100,"1,500",23,23,북동향,20250417,"['25년이상', '역세권', '1층', '관리비20만원이하']",37.518891,126.931968
2520439680,복합상가,월세,B1/17,180,"3,000",88,44,남동향,20250417,"['4년이내', '역세권', '지하층', '주차가능']",37.520618,126.930465
2520539252,일반상가,월세,3/10,150,"2,000",97,49,남향,20250417,"['25년이상', '융자금없는', '역세권', '지상층(1층제외)']",37.519792,126.928822
2520479066,일반상가,월세,B1/9,180,"2,000",204,99,남서향,20250417,"['25년이상', '역세권', '지하층', '주차가능']",37.519559,126.931114
2520539017,일반상가,월세,1/10,450,"5,000",56,37,남서향,20250417,"['25년이상', '역세권', '1층', '주차가능']",37.520662,126.929049
2520536832,일반상가,월세,1/14,370,"5,000",82,42,북향,20250417,"['25년이내', '역세권', '1층', '주차가능']",37.529933,126.919182
2520476385,일반상가,월세,2/5,800,"8,000",171,142,남향,20250417,"['25년이상', '역세권', '중층', '주차가능']",37.521463,126.925089
2520473029,일반상가,월세,1/13,"1,340","1억 4,000",290,158,,20250417,"['25년이내', '역세권', '1층', '관리비10만원이하']",37.528846,126.921014
2520538405,일반상가,월세,1/12,120,"2,000",46,24,남향,20250417,"['25년이상', '역세권', '1층', '주차가능']",37.530162,126.919725
2520567745,일반상가,월세,B1/35,350,"5,000",245,107,북동향,20250417,"['25년이내', '역세권', '지하층', '주차가능']",37.52021,126.931761
2520566353,일반상가,매매,B1/14,,15억,369,171,남동향,20250417,"['25년이상', '역세권', '지하층', '주차가능']",37.519221,126.928598
2520539453,일반상가,월세,1/12,120,"2,000",46,24,남향,20250417,"['25년이상', '역세권', '1층', '주차가능']",37.529993,126.919887
2520539622,일반상가,월세,2/4,"2,000",2억,356,303,남향,20250417,"['15년이내', '역세권', '중층', '주차가능']",37.530265,126.92182
2520546858,일반상가,월세,3/10,450,"6,000",147,147,북서향,20250417,"['25년이상', '역세권', '지상층(1층제외)', '주차가능']",37.521783,126.926563
2520539931,일반상가,매매,B1/13,,16억,360,160,남동향,20250417,"['25년이내', '역세권', '지하층', '주차가능']",37.529617,126.92156
2520568102,단지내상가,매매,1/13,,29억,239,110,북동향,20250417,"['25년이내', '역세권', '1층', '주차가능']",37.525708,126.918742
2520568292,일반상가,매매,1/10,,22억,112,67,서향,20250417,"['25년이상', '1층', '주차가능', '서향']",37.520814,126.929292
2520569760,일반상가,월세,B1/12,218,"2,189",131,72,북서향,20250417,"['25년이상', '지하층', '주차가능', '북서향']",37.521239,126.928904
2520567979,단지내상가,매매,1/14,,"11억 5,000",736,31,남동향,20250417,"['25년이상', '역세권', '1층', '주차가능']",37.519221,126.928598
2520568823,일반상가,월세,B1/35,350,"5,000",245,107,북동향,20250417,"['25년이내', '역세권', '지하층', '주차가능']",37.519834,126.932297
2520629427,단지내상가,월세,B1/13,100,"1,000",84,84,남동향,20250417,"['25년이상', '지하층', '주차가능', '남동향']",37.520698,126.937103
2520645835,일반상가,매매,B1/10,,"4억 1,000",135,72,북동향,20250417,"['25년이상', '역세권', '지하층', '주차가능']",37.519643,126.930052
2520630008,단지내상가,월세,B1/17,70,"1,500",68,22,동향,20250417,"['25년이상', '융자금없는', '지하층', '주차가능']",37.519506,126.939256
2520637767,일반상가,매매,B1/14,,"4억 5,000",115,56,남향,20250417,"['25년이상', '지하층', '주차가능', '남향']",37.52997,126.924862
2520521121,일반상가,매매,1/36,,30억,84,49,북서향,20250417,"['25년이내', '역세권', '1층', '주차가능']",37.522913,126.924119
2520205128,일반상가,월세,5/10,720,1억,595,330,남동향,20250416,"['25년이상', '융자금없는', '역세권', '중층']",37.520427,126.929275
2520193880,일반상가,매매,2/21,,"3억 9,500",83,42,남동향,20250416,"['25년이상', '지상층(1층제외)', '주차가능', '남동향']",37.521445,126.930661
2520193899,단지내상가,매매,1/10,,"9억 5,000",14,14,남서향,20250416,"['25년이상', '1층', '주차가능', '남서향']",37.520698,126.937103
2520198928,일반상가,월세,1/11,200,"2,000",54,29,남동향,20250416,"['25년이상', '역세권', '1층', '남동향']",37.529064,126.921913
2520251447,일반상가,월세,2/5,40,700,23,17,북서향,20250416,"['25년이상', '역세권', '중층', '관리비10만원이하']",37.51935,126.932818
2520204375,일반상가,월세,3/10,480,"5,500",277,148,남동향,20250416,"['25년이상', '융자금없는', '역세권', '지상층(1층제외)']",37.521783,126.926563
2520193832,복합상가,매매,3/20,,"5억 5,000",62,54,남동향,20250416,"['25년이상', '지상층(1층제외)', '관리비10만원이하', '주차가능']",37.521445,126.930661
2520207910,일반상가,월세,5/20,"1,080",1억 800,720,261,남동향,20250416,"['25년이상', '융자금없는', '역세권', '지상층(1층제외)']",37.522536,126.924491
2520221052,일반상가,월세,2/10,180,"1,800",82,46,북서향,20250416,"['25년이상', '역세권', '지상층(1층제외)', '주차가능']",37.519215,126.930875
2520252648,일반상가,월세,1/5,370,"3,700",48,35,남동향,20250416,"['25년이상', '역세권', '1층', '총5층']",37.519396,126.93147
2520369755,일반상가,월세,3/12,500,"5,500",357,193,남서향,20250416,"['25년이내', '역세권', '지상층(1층제외)', '주차가능']",37.529617,126.92156
2520216292,일반상가,매매,1/14,,"5억 5,000",35,17,북서향,20250416,"['25년이상', '역세권', '1층', '관리비20만원이하']",37.520788,126.92693
2520253841,일반상가,월세,1/35,150,"2,000",42,16,북동향,20250416,"['25년이내', '역세권', '1층', '관리비20만원이하']",37.519834,126.932297
2520227959,일반상가,월세,B1/10,160,"2,640",105,105,북동향,20250416,"['25년이상', '역세권', '지하층', '주차가능']",37.52013,126.92996
2520233631,단지내상가,월세,1/13,70,"1,000",45,26,남동향,20250416,"['25년이상', '1층', '주차가능', '남동향']",37.520698,126.937103
2520341364,일반상가,월세,B1/12,218,"2,189",150,72,남동향,20250416,"['25년이상', '지하층', '주차가능', '남동향']",37.521239,126.928904
2520364025,복합상가,월세,2/17,250,"5,000",102,51,북동향,20250416,"['4년이내', '역세권', '지상층(1층제외)', '주차가능']",37.520618,126.930465
2520344758,일반상가,월세,B1/12,400,"5,000",307,167,남향,20250416,"['25년이상', '역세권', '지하층', '주차가능']",37.529243,126.920821
2520254151,일반상가,매매,1/14,,21억,143,66,남동향,20250416,"['25년이상', '역세권', '1층', '주차가능']",37.519221,126.928598
2520257175,일반상가,월세,1/5,180,"5,000",77,53,북서향,20250416,"['25년이상', '역세권', '1층', '주차가능']",37.51935,126.932818
2520284851,단지내상가,월세,1/2,177,"3,000",35,13,남서향,20250416,"['25년이내', '역세권', '1층', '관리비20만원이하']",37.519834,126.932297
2520294976,일반상가,월세,4/7,120,"2,000",156,71,북동향,20250416,"['25년이상', '중층', '주차가능', '북동향']",37.518419,126.9339
2520379932,단지내상가,월세,B1/2,50,500,19,13,남서향,20250416,"['25년이상', '지하층', '주차가능', '총2층']",37.52109,126.93432
2520353365,일반상가,월세,B1/35,200,"2,000",132,65,북동향,20250416,"['25년이내', '역세권', '지하층', '주차가능']",37.52021,126.931761
2520367858,복합상가,월세,1/14,110,"1,500",114,52,남서향,20250416,"['25년이상', '역세권', '1층', '관리비10만원이하']",37.520788,126.92693
2520367990,단지내상가,월세,B1/2,300,"3,000",84,84,남서향,20250416,"['25년이상', '역세권', '지하층', '총2층']",37.526031,126.930744
2520318082,단지내상가,월세,2/2,320,"5,000",158,72,북동향,20250416,"['25년이내', '역세권', '고층', '주차가능']",37.519834,126.932297
2520317836,단지내상가,월세,2/2,320,"5,000",158,72,북동향,20250416,"['25년이내', '역세권', '고층', '주차가능']",37.52021,126.931761
2520275796,일반상가,월세,6/18,950,2억,536,268,,20250416,"['25년이상', '융자금없는', '역세권', '지상층(1층제외)']",37.520788,126.92693
2520303988,일반상가,월세,B1/11,130,"3,000",68,32,남향,20250416,"['25년이내', '융자금없는', '역세권', '지하층']",37.527514,126.919613
2520116126,일반상가,월세,B1/23,550,1억,450,100,남동향,20250415,"['25년이상', '역세권', '지하층', '관리비10만원이하']",37.523401,126.923491
2520098712,복합상가,매매,1/12,,"11억 5,000",72,33,남동향,20250415,"['25년이상', '역세권', '1층', '주차가능']",37.519221,126.928598
2520061706,일반상가,월세,5/5,400,"5,000",335,121,북동향,20250415,"['25년이상', '융자금없는', '고층', '주차가능']",37.521473,126.930223
2520098189,일반상가,월세,B1/21,350,"5,000",264,157,남동향,20250415,"['25년이상', '지하층', '주차가능', '남동향']",37.521445,126.930661
2520106746,일반상가,월세,4/5,500,"5,000",168,138,남향,20250415,"['25년이상', '역세권', '고층', '주차가능']",37.521463,126.925089
2520130865,일반상가,매매,3/10,,"9억 4,000",155,85,북서향,20250415,"['25년이상', '역세권', '지상층(1층제외)', '주차가능']",37.519215,126.930875
2519956031,복합상가,월세,B1/11,400,"5,000",140,67,남동향,20250415,"['25년이내', '융자금없는', '역세권', '지하층']",37.527514,126.919613
2520059069,단지내상가,월세,1/5,230,"3,000",19,19,남동향,20250415,"['25년이상', '융자금없는', '역세권', '1층']",37.520485,126.923988
2520058388,일반상가,월세,1/20,450,"5,000",39,39,북동향,20250415,"['25년이상', '융자금없는', '역세권', '1층']",37.520662,126.929049
2520010454,단지내상가,월세,1/13,300,"5,000",82,41,북동향,20250415,"['25년이내', '융자금없는', '역세권', '1층']",37.529788,126.919526
2520073713,일반상가,월세,B1/10,770,"7,700",661,661,남서향,20250415,"['25년이상', '역세권', '지하층', '남서향']",37.526302,126.917704
2520011974,일반상가,월세,2/5,340,"2,000",64,61,남향,20250415,"['25년이상', '역세권', '중층', '주차가능']",37.521463,126.925089
2520033355,일반상가,월세,1/12,260,"4,000",23,23,북동향,20250415,"['25년이내', '역세권', '1층', '관리비20만원이하']",37.529617,126.92156
2520031769,단지내상가,매매,B1/12,,3억,117,31,북동향,20250415,"['25년이내', '역세권', '지하층', '주차가능']",37.530963,126.92114
2520032756,일반상가,월세,1/13,"1,350","1억 3,500",158,158,남서향,20250415,"['25년이내', '역세권', '1층', '주차가능']",37.528846,126.921014
2520058559,일반상가,월세,1/20,290,"2,500",31,31,북동향,20250415,"['25년이상', '융자금없는', '역세권', '1층']",37.520662,126.929049
2520058260,일반상가,월세,3/20,480,"6,000",142,142,북동향,20250415,"['25년이상', '융자금없는', '역세권', '지상층(1층제외)']",37.520662,126.929049
2519978101,일반상가,월세,7/15,600,"6,000",165,165,남서향,20250415,"['25년이상', '역세권', '중층', '주차가능']",37.518943,126.930745
2519993838,일반상가,월세,3/10,"1,000",2억,330,97,북동향,20250415,"['25년이상', '역세권', '지상층(1층제외)', '주차가능']",37.530318,126.920875
2520124939,단지내상가,매매,B1/40,,"3억 8,000",175,98,남동향,20250415,"['25년이상', '지하층', '주차가능', '남동향']",37.518643,126.939598
2519978932,복합상가,월세,1/23,"2,071",2억 710,364,364,동향,20250415,"['25년이상', '역세권', '1층', '주차가능']",37.522589,126.921817
2520060440,단지내상가,월세,1/16,300,"3,000",29,29,북향,20250415,"['4년이내', '융자금없는', '1층', '관리비20만원이하']",37.530197,126.925226
2520005262,일반상가,월세,1/13,380,"5,000",49,49,북동향,20250415,"['25년이내', '융자금없는', '역세권', '1층']",37.525708,126.918742
2520156806,복합상가,월세,2/12,70,700,43,23,북동향,20250415,"['25년이상', '융자금없는', '역세권', '지상층(1층제외)']",37.520831,126.93117
2520122957,일반상가,월세,1/6,100,"1,000",46,19,북동향,20250415,"['25년이상', '1층', '주차가능', '북동향']",37.518419,126.9339
2519933901,일반상가,매매,B1/10,,10억,223,115,남서향,20250415,"['25년이상', '역세권', '지하층', '주차가능']",37.528624,126.920653
2519939282,일반상가,월세,1/10,450,"5,000",74,74,남서향,20250415,"['25년이상', '융자금없는', '역세권', '1층']",37.526525,126.917475
2519964843,일반상가,월세,3/14,80,"1,000",58,29,남동향,20250415,"['25년이상', '융자금없는', '역세권', '지상층(1층제외)']",37.520788,126.92693
2519744120,일반상가,월세,B1/10,120,"2,000",119,59,남서향,20250414,"['25년이상', '융자금없는', '역세권', '지하층']",37.52013,126.92996
2519748586,일반상가,월세,2/10,130,"2,000",60,36,남서향,20250414,"['25년이상', '융자금없는', '역세권', '지상층(1층제외)']",37.519979,126.929719
2519709422,일반상가,월세,3/19,70,"1,000",63,32,남동향,20250414,"['25년이상', '지상층(1층제외)', '주차가능', '남동향']",37.521445,126.930661
2519706345,일반상가,월세,B1/10,120,"1,700",123,75,북동향,20250414,"['25년이상', '역세권', '지하층', '주차가능']",37.52013,126.92996
2519757249,일반상가,월세,2/5,340,"2,000",99,66,북동향,20250414,"['25년이상', '융자금없는', '역세권', '중층']",37.521463,126.925089
2519751641,일반상가,월세,1/10,350,"6,200",148,82,북동향,20250414,"['25년이상', '융자금없는', '역세권', '1층']",37.519215,126.930875
2519769968,단지내상가,월세,B1/13,120,"1,500",92,46,남서향,20250414,"['25년이내', '역세권', '지하층', '주차가능']",37.529933,126.919182
2519696993,일반상가,월세,B1/14,116,"1,160",52,26,북서향,20250414,"['25년이상', '역세권', '지하층', '주차가능']",37.522461,126.929062
2519651644,단지내상가,월세,1/34,400,1억,108,72,북향,20250414,"['25년이내', '융자금없는', '1층', '주차가능']",37.521183,126.918658
2519655952,복합상가,월세,3/10,180,"5,000",145,82,북서향,20250414,"['25년이상', '역세권', '지상층(1층제외)', '주차가능']",37.519215,126.930875
2519651391,일반상가,월세,B1/6,130,"1,000",103,45,북동향,20250414,"['25년이상', '지하층', '북동향']",37.518419,126.9339
2519681886,일반상가,매매,1/15,,20억,98,59,동향,20250414,"['10년이내', '1층', '주차가능', '동향']",37.529756,126.924526
2519658889,일반상가,월세,1/5,210,"3,000",34,23,북서향,20250414,"['25년이상', '역세권', '1층', '관리비20만원이하']",37.520485,126.923988
2519657525,복합상가,월세,1/5,230,"3,000",66,43,남향,20250414,"['25년이내', '융자금적은', '역세권', '1층']",37.520485,126.923988
2519912983,일반상가,매매,3/10,,10억,148,92,남동향,20250414,"['25년이상', '역세권', '지상층(1층제외)', '주차가능']",37.519215,126.930875
2519658398,일반상가,매매,2/10,,3억,50,26,남동향,20250414,"['25년이상', '역세권', '지상층(1층제외)', '주차가능']",37.520364,126.929735
2519684602,일반상가,월세,B1/12,502,1억,405,195,남향,20250414,"['25년이상', '지하층', '주차가능', '남향']",37.529807,126.921979
2519683308,복합상가,매매,B1/16,,"3억 4,000",68,37,서향,20250414,"['10년이내', '지하층', '주차가능', '서향']",37.529756,126.924526
2519659236,단지내상가,월세,1/12,400,"8,000",71,47,남동향,20250414,"['25년이내', '역세권', '1층', '주차가능']",37.525708,126.918742
2519688001,일반상가,월세,B1/10,170,"3,000",206,99,남향,20250414,"['25년이상', '역세권', '지하층', '주차가능']",37.519559,126.931114
2519659680,일반상가,매매,3/10,,"9억 4,000",135,82,남동향,20250414,"['25년이상', '지상층(1층제외)', '주차가능', '남동향']",37.520814,126.929292
2519702577,일반상가,매매,B1/10,,20억,338,338,동향,20250414,"['25년이상', '역세권', '지하층', '주차가능']",37.521783,126.926563
2519705386,일반상가,월세,1/5,190,"2,000",31,17,남향,20250414,"['25년이상', '1층', '주차가능', '총5층']",37.521473,126.930223
2519827088,일반상가,월세,B1/10,150,"2,000",185,102,북동향,20250414,"['25년이상', '역세권', '지하층', '주차가능']",37.519215,126.930875
2519749553,일반상가,월세,B1/10,120,"2,000",59,59,남서향,20250414,"['25년이상', '융자금없는', '역세권', '지하층']",37.52013,126.92996
2519741766,단지내상가,매매,1/27,,12억,79,46,북동향,20250414,"['25년이내', '역세권', '1층', '급매']",37.518175,126.926049
2519908323,복합상가,월세,3/5,270,"3,000",122,65,남서향,20250414,"['25년이상', '역세권', '중층', '주차가능']",37.521463,126.925089
2519694584,일반상가,월세,B1/12,85,"1,000",67,30,남서향,20250414,"['25년이내', '융자금없는', '역세권', '지하층']",37.529617,126.92156
2519701370,일반상가,월세,1/5,270,"3,000",70,49,남향,20250414,"['25년이상', '역세권', '1층', '주차가능']",37.518891,126.931968
2519690566,일반상가,월세,1/11,260,"2,000",51,31,남향,20250414,"['25년이상', '역세권', '1층', '관리비20만원이하']",37.520831,126.93117
2519701911,일반상가,월세,B1/10,120,"1,700",123,75,북동향,20250414,"['25년이상', '역세권', '지하층', '주차가능']",37.520364,126.929735
2519702495,일반상가,월세,B1/10,120,"1,700",123,75,북동향,20250414,"['25년이상', '역세권', '지하층', '주차가능']",37.519979,126.929719
2519905428,일반상가,월세,4/10,460,1억,280,152,남동향,20250414,"['25년이상', '역세권', '중층', '주차가능']",37.521783,126.926563
2519909376,일반상가,월세,10/17,300,"3,000",203,106,,20250414,"['25년이상', '역세권', '중층', '주차가능']",37.520788,126.92693
2519907240,일반상가,월세,1/11,260,"3,000",49,32,북서향,20250414,"['25년이상', '역세권', '1층', '주차가능']",37.520831,126.93117
2519900027,일반상가,월세,2/14,75,750,49,19,남서향,20250414,"['25년이상', '융자금없는', '역세권', '지상층(1층제외)']",37.520788,126.92693
2519789478,단지내상가,월세,1/13,500,1억,171,85,남향,20250414,"['25년이내', '역세권', '1층', '주차가능']",37.529933,126.919182
2519832864,단지내상가,매매,1/41,,"11억 5,000",82,54,북동향,20250414,"['25년이내', '역세권', '1층', '주차가능']",37.517548,126.932343
2519892237,단지내상가,월세,1/16,300,"3,000",39,25,북서향,20250414,"['4년이내', '융자금없는', '1층', '관리비20만원이하']",37.530197,126.925226
2519887728,일반상가,월세,1/12,350,"7,000",50,27,북동향,20250414,"['25년이상', '융자금없는', '역세권', '1층']",37.519643,126.930052
2519788263,일반상가,월세,1/39,400,1억,83,48,북동향,20250414,"['25년이내', '역세권', '1층', '주차가능']",37.518175,126.926049
2519832402,일반상가,월세,2/5,160,"2,000",87,49,남서향,20250414,"['25년이상', '중층', '주차가능', '총5층']",37.521337,126.930348
2519887918,일반상가,매매,1/36,,30억,422,177,남서향,20250414,"['25년이내', '역세권', '1층', '주차가능']",37.52315,126.924531
2519892985,일반상가,월세,1/13,380,"5,000",56,50,북동향,20250414,"['25년이내', '융자금없는', '테라스', '역세권']",37.525708,126.918742
2519893283,일반상가,월세,B1/10,450,"4,500",330,221,남동향,20250414,"['25년이상', '융자금없는', '역세권', '지하층']",37.526302,126.917704
2519861052,단지내상가,매매,1/13,,5억,36,18,북동향,20250414,"['25년이상', '역세권', '1층', '관리비20만원이하']",37.520788,126.92693
2519826301,일반상가,월세,1/11,700,1억,198,105,남서향,20250414,"['25년이상', '융자금없는', '역세권', '1층']",37.521783,126.926563
2519826918,일반상가,월세,2/12,450,1억,132,72,북동향,20250414,"['4년이내', '융자금없는', '역세권', '지상층(1층제외)']",37.520618,126.930465
2519905309,일반상가,월세,B1/23,600,1억,228,122,남동향,20250414,"['25년이상', '역세권', '지하층', '주차가능']",37.523401,126.923491
2519769048,일반상가,매매,B1/14,,"12억 8,000",152,84,남서향,20250414,"['25년이상', '역세권', '지하층', '주차가능']",37.520788,126.92693
2519773900,단지내상가,월세,1/10,"1,200","1억 2,000",419,214,남서향,20250414,"['25년이상', '융자금없는', '역세권', '1층']",37.530162,126.919725
2519787557,단지내상가,월세,2/2,280,"4,000",77,77,남향,20250414,"['25년이상', '역세권', '고층', '총2층']",37.526031,126.930744
2519829732,일반상가,월세,B1/10,120,"2,000",125,66,남서향,20250414,"['25년이상', '융자금없는', '역세권', '지하층']",37.519979,126.929719
2519830591,일반상가,월세,1/27,400,1억,82,46,남서향,20250414,"['25년이내', '융자금없는', '역세권', '1층']",37.518175,126.926049
2519885906,일반상가,매매,9/11,,"5억 8,000",61,59,남동향,20250414,"['25년이상', '역세권', '고층', '주차가능']",37.529064,126.921913
2519846760,일반상가,매매,3/5,,11억,181,132,북동향,20250414,"['25년이상', '역세권', '중층', '주차가능']",37.51935,126.932818
2519734442,일반상가,월세,2/3,390,1억,101,42,남향,20250414,"['2년이내', '테라스', '역세권', '중층']",37.524114,126.929817
2519747534,일반상가,월세,1/10,230,"2,500",60,30,남서향,20250414,"['25년이상', '융자금없는', '역세권', '1층']",37.519979,126.929719
2519708578,일반상가,매매,B1/11,,"3억 6,000",81,37,남동향,20250414,"['25년이상', '역세권', '지하층', '주차가능']",37.529064,126.921913
2519712978,일반상가,월세,6/14,800,3억,429,264,북동향,20250414,"['25년이상', '역세권', '중층', '주차가능']",37.520788,126.92693
2519476106,복합상가,월세,B1/36,766,1억,442,185,북서향,20250412,"['25년이내', '융자금없는', '역세권', '지하층']",37.522913,126.924119
2519509859,복합상가,월세,B1/17,250,"4,000",163,81,북동향,20250412,"['25년이상', '역세권', '지하층', '주차가능']",37.5238,126.926965
2519527066,일반상가,월세,B1/16,80,"2,000",75,62,남동향,20250412,"['25년이상', '지하층', '관리비20만원이하', '주차가능']",37.53084,126.923942
2519429283,일반상가,매매,B1/17,,"4억 5,000",88,42,북동향,20250412,"['4년이내', '역세권', '지하층', '주차가능']",37.520618,126.930465
2519502425,일반상가,월세,1/10,210,"2,000",55,31,북동향,20250412,"['25년이상', '역세권', '1층', '관리비20만원이하']",37.520831,126.93117
2519424459,일반상가,월세,1/36,380,"5,000",125,48,,20250412,"['25년이내', '역세권', '1층', '주차가능']",37.520251,126.926395
2519552493,단지내상가,매매,B1/2,,18억,64,51,남동향,20250412,"['25년이상', '역세권', '지하층', '주차가능']",37.526242,126.931086
2519146684,일반상가,월세,B1/20,350,"8,700",224,109,남동향,20250411,"['25년이상', '융자금없는', '역세권', '지하층']",37.523613,126.923846
2519404816,일반상가,월세,B1/11,200,"2,500",132,79,남향,20250411,"['25년이상', '역세권', '지하층', '주차가능']",37.520831,126.93117
2519220558,일반상가,매매,1/35,,18억,108,41,북동향,20250411,"['25년이내', '역세권', '1층', '주차가능']",37.519834,126.932297
2519209603,일반상가,월세,B1/40,250,"3,000",256,142,남동향,20250411,"['25년이내', '지하층', '주차가능', '남동향']",37.518643,126.939598
2519216521,일반상가,매매,1/35,,9억,81,31,북동향,20250411,"['25년이내', '역세권', '1층', '주차가능']",37.519834,126.932297
2519235342,일반상가,월세,1/10,"3,500",5억,882,457,남서향,20250411,"['25년이상', '역세권', '1층', '주차가능']",37.524603,126.926887
2519219349,일반상가,매매,1/35,,"9억 5,000",78,30,북동향,20250411,"['25년이내', '역세권', '1층', '주차가능']",37.519834,126.932297
2519200964,일반상가,월세,1/13,450,"5,000",47,47,북동향,20250411,"['25년이내', '테라스', '역세권', '1층']",37.525708,126.918742
2519194864,복합상가,월세,B1/35,300,"3,000",257,113,남서향,20250411,"['25년이내', '역세권', '지하층', '주차가능']",37.519834,126.932297
2519195610,일반상가,매매,1/2,,18억,30,23,남동향,20250411,"['25년이상', '역세권', '1층', '총2층']",37.526242,126.931086
2519199017,단지내상가,매매,1/2,,"16억 9,000",41,33,북서향,20250411,"['25년이상', '1층', '주차가능', '총2층']",37.523213,126.933081
2519346367,단지내상가,월세,1/27,400,1억,82,48,북동향,20250411,"['25년이내', '역세권', '1층', '주차가능']",37.518175,126.926049
2519414806,일반상가,월세,B1/10,80,"2,000",76,41,남동향,20250411,"['25년이상', '역세권', '지하층', '주차가능']",37.52013,126.92996
2519374308,단지내상가,매매,1/5,,13억,46,32,남서향,20250411,"['25년이상', '역세권', '1층', '총5층']",37.518891,126.931968
2519398792,단지내상가,월세,2/2,700,"1억 5,000",317,144,북동향,20250411,"['25년이내', '역세권', '고층', '관리비10만원이하']",37.52021,126.931761
2519361642,일반상가,월세,1/36,900,"1억 5,000",125,52,북서향,20250411,"['25년이내', '역세권', '1층', '주차가능']",37.522913,126.924119
2519336383,일반상가,월세,1/5,600,2억,66,42,북동향,20250411,"['25년이상', '역세권', '1층', '주차가능']",37.520485,126.923988
2519333077,일반상가,월세,1/17,370,"5,000",39,23,북동향,20250411,"['4년이내', '역세권', '1층', '관리비20만원이하']",37.520618,126.930465
2518856578,일반상가,월세,1/16,600,"6,000",546,236,남서향,20250410,"['25년이상', '융자금없는', '1층', '주차가능']",37.530731,126.924788
2518857403,일반상가,월세,1/16,200,"2,000",178,82,남서향,20250410,"['25년이상', '융자금없는', '1층', '주차가능']",37.530731,126.924788
2518905802,복합상가,월세,B1/11,170,"3,000",144,65,남동향,20250410,"['25년이상', '역세권', '지하층', '주차가능']",37.529064,126.921913
2518906738,일반상가,월세,4/5,500,"5,000",236,225,북서향,20250410,"['25년이상', '역세권', '고층', '주차가능']",37.521463,126.925089
2518890588,일반상가,월세,1/14,100,"1,500",46,23,북동향,20250410,"['25년이상', '역세권', '1층', '주차가능']",37.520788,126.92693
2518899280,일반상가,월세,4/5,500,"5,000",176,168,북동향,20250410,"['25년이상', '역세권', '고층', '주차가능']",37.521463,126.925089
2518862813,일반상가,월세,1/13,550,1억,171,85,,20250410,"['25년이내', '역세권', '1층', '주차가능']",37.529635,126.919272
2518862951,일반상가,월세,1/13,550,1억,171,85,,20250410,"['25년이내', '역세권', '1층', '주차가능']",37.529788,126.919526
2518930133,일반상가,월세,1/20,450,"5,000",39,39,북동향,20250410,"['25년이상', '융자금없는', '1층', '주차가능']",37.520814,126.929292
2518937162,일반상가,매매,7/15,,30억,247,168,남서향,20250410,"['25년이상', '역세권', '중층', '주차가능']",37.518943,126.930745
2518937626,복합상가,매매,1/10,,30억,166,99,남서향,20250410,"['25년이상', '역세권', '1층', '주차가능']",37.521783,126.926563
2518928130,단지내상가,월세,1/12,"1,200","1억 5,000",664,164,남서향,20250410,"['25년이내', '역세권', '1층', '주차가능']",37.530963,126.92114
2518865292,단지내상가,월세,1/10,120,"2,000",23,23,남서향,20250410,"['25년이상', '역세권', '1층', '주차가능']",37.530162,126.919725
2518912489,일반상가,월세,B1/17,250,"4,000",79,79,남동향,20250410,"['25년이상', '역세권', '지하층', '주차가능']",37.523947,126.926737
2518937926,일반상가,매매,2/5,,"16억 5,000",46,46,남서향,20250410,"['25년이상', '역세권', '중층', '주차가능']",37.521463,126.925089
2518929401,일반상가,월세,1/20,290,"2,500",31,31,북동향,20250410,"['25년이상', '융자금없는', '1층', '주차가능']",37.520814,126.929292
2518939303,일반상가,월세,2/10,200,"2,400",90,56,남향,20250410,"['25년이상', '역세권', '지상층(1층제외)', '주차가능']",37.51956,126.929051
2518939848,일반상가,월세,2/10,200,"2,400",90,56,남향,20250410,"['25년이상', '역세권', '지상층(1층제외)', '주차가능']",37.519792,126.928822
2518985825,일반상가,월세,B1/10,80,"2,000",76,41,남향,20250410,"['25년이상', '역세권', '지하층', '주차가능']",37.520364,126.929735
2519066099,일반상가,월세,1/5,300,"3,000",49,35,북서향,20250410,"['25년이상', '역세권', '1층', '총5층']",37.518891,126.931968
2519079747,단지내상가,월세,1/13,80,"1,500",52,26,남서향,20250410,"['25년이상', '융자금없는', '1층', '관리비10만원이하']",37.520698,126.937103
2519140482,일반상가,매매,3/36,,28억,158,66,남향,20250410,"['25년이내', '역세권', '지상층(1층제외)', '주차가능']",37.522913,126.924119
2519128879,일반상가,월세,1/10,"2,100",3억,346,180,북서향,20250410,"['25년이상', '역세권', '1층', '주차가능']",37.524603,126.926887
2519009567,일반상가,월세,1/10,"3,500",5억,874,456,북서향,20250410,"['25년이상', '역세권', '1층', '주차가능']",37.524603,126.926887
2519038049,일반상가,월세,2/10,900,1억,462,231,북동향,20250410,"['25년이상', '역세권', '지상층(1층제외)', '주차가능']",37.530084,126.9211
2519005733,단지내상가,매매,1/13,,"3억 5,000",38,25,북동향,20250410,"['25년이내', '역세권', '1층', '관리비10만원이하']",37.525708,126.918742
2519079117,일반상가,월세,2/69,428,"6,853",236,82,남서향,20250410,"['10년이내', '융자금없는', '역세권', '지상층(1층제외)']",37.526058,126.928299
2518987216,일반상가,월세,1/10,140,"1,800",82,46,남향,20250410,"['25년이상', '역세권', '1층', '주차가능']",37.528464,126.920408
2518996301,일반상가,매매,B1/19,,"8억 5,000",200,101,남동향,20250410,"['25년이상', '지하층', '주차가능', '남동향']",37.521445,126.930661
2518990527,일반상가,월세,B1/10,80,"2,000",76,41,남향,20250410,"['25년이상', '역세권', '지하층', '주차가능']",37.519979,126.929719
2518995651,일반상가,매매,1/14,,"9억 5,000",70,35,남동향,20250410,"['25년이상', '역세권', '1층', '주차가능']",37.520788,126.92693
2518734654,일반상가,월세,2/14,75,750,51,22,서향,20250410,"['25년이상', '역세권', '지상층(1층제외)', '주차가능']",37.520788,126.92693
2518377510,일반상가,매매,1/36,,50억,64,37,서향,20250409,"['25년이내', '역세권', '1층', '주차가능']",37.522913,126.924119
2518677468,일반상가,월세,1/11,214,"4,000",71,36,북동향,20250409,"['25년이상', '융자금없는', '역세권', '1층']",37.528279,126.916494
2518653766,일반상가,월세,1/10,450,"5,000",75,75,남서향,20250409,"['25년이상', '역세권', '1층', '주차가능']",37.526525,126.917475
2518640899,일반상가,월세,1/14,300,"5,000",82,41,서향,20250409,"['25년이내', '역세권', '1층', '주차가능']",37.529933,126.919182
2518812532,복합상가,매매,1/14,,16억,66,38,북서향,20250409,"['25년이상', '역세권', '1층', '주차가능']",37.520788,126.92693
2518704720,일반상가,월세,B1/12,300,"5,000",337,175,남서향,20250409,"['25년이상', '역세권', '지하층', '주차가능']",37.528942,126.920336
2518844636,복합상가,월세,B1/12,630,"6,300",462,231,남서향,20250409,"['25년이상', '역세권', '지하층', '주차가능']",37.529243,126.920821
2518730480,일반상가,월세,B1/12,90,"1,000",88,51,북동향,20250409,"['25년이상', '역세권', '지하층', '북동향']",37.519713,126.931362
2518686119,일반상가,월세,1/20,"1,030","1억 5,000",218,112,북동향,20250409,"['25년이상', '1층', '주차가능', '북동향']",37.521445,126.930661
2518682390,일반상가,매매,B1/36,,20억,251,105,북서향,20250409,"['25년이내', '역세권', '지하층', '북서향']",37.522913,126.924119
2518812900,일반상가,월세,6/10,720,1억,594,329,남향,20250409,"['25년이상', '역세권', '중층', '주차가능']",37.520427,126.929275
2518783568,일반상가,월세,1/5,600,"8,000",115,70,남서향,20250409,"['25년이상', '융자금없는', '역세권', '1층']",37.518891,126.931968
2518813587,일반상가,월세,6/10,360,"5,000",287,162,남향,20250409,"['25년이상', '역세권', '중층', '주차가능']",37.520427,126.929275
2518783267,일반상가,매매,1/10,,"8억 5,000",39,21,북동향,20250409,"['25년이상', '역세권', '1층', '관리비20만원이하']",37.519215,126.930875
2518813430,일반상가,월세,1/14,110,"1,500",39,18,북동향,20250409,"['25년이상', '역세권', '1층', '주차가능']",37.520788,126.92693
2518813267,일반상가,월세,1/14,120,"1,000",42,26,북서향,20250409,"['25년이상', '역세권', '1층', '주차가능']",37.520788,126.92693
2518782534,일반상가,매매,B1/17,,"4억 5,000",85,42,북동향,20250409,"['4년이내', '역세권', '지하층', '관리비20만원이하']",37.520618,126.930465
2518784365,일반상가,매매,1/10,,"4억 3,000",46,19,북동향,20250409,"['25년이상', '1층', '관리비20만원이하', '주차가능']",37.518419,126.9339
2518782916,일반상가,월세,B1/23,635,"8,800",218,109,북동향,20250409,"['25년이상', '융자금없는', '역세권', '지하층']",37.523401,126.923491
2518784731,일반상가,매매,B1/13,,15억,340,171,북동향,20250409,"['25년이상', '역세권', '지하층', '주차가능']",37.519221,126.928598
2518804273,일반상가,월세,1/12,260,"2,000",40,32,북서향,20250409,"['25년이상', '융자금없는', '역세권', '1층']",37.520831,126.93117
2518784007,일반상가,월세,1/5,270,"5,000",49,31,북동향,20250409,"['25년이상', '융자금없는', '역세권', '1층']",37.51935,126.932818
2518782257,일반상가,월세,1/2,320,"3,000",35,30,남동향,20250409,"['25년이상', '융자금없는', '1층', '주차가능']",37.523213,126.933081
2518743937,일반상가,매매,2/27,,"9억 5,000",146,81,북동향,20250409,"['25년이내', '역세권', '급매', '지상층(1층제외)']",37.518175,126.926049
2518781316,일반상가,월세,B1/17,340,"6,000",165,86,북동향,20250409,"['4년이내', '융자금없는', '역세권', '지하층']",37.520618,126.930465
2518743211,일반상가,매매,B1/10,,30억,610,410,남서향,20250409,"['25년이상', '지하층', '주차가능', '남서향']",37.520814,126.929292
2518774225,일반상가,매매,1/13,,"14억 9,000",82,56,동향,20250409,"['25년이내', '테라스', '역세권', '1층']",37.525708,126.918742
2518763948,일반상가,월세,2/23,"1,308","1억 3,080",360,182,남동향,20250409,"['25년이상', '역세권', '지상층(1층제외)', '주차가능']",37.522589,126.921817
2518743054,일반상가,매매,1/36,,30억,116,49,북향,20250409,"['25년이내', '역세권', '1층', '주차가능']",37.52315,126.924531
2518781031,일반상가,월세,1/19,"1,030","1억 5,000",224,112,남동향,20250409,"['25년이상', '융자금없는', '1층', '주차가능']",37.521445,126.930661
2518780291,일반상가,월세,4/10,500,"5,000",277,151,남서향,20250409,"['25년이상', '융자금없는', '역세권', '중층']",37.521783,126.926563
2518743516,복합상가,월세,B1/36,200,"5,000",116,51,북동향,20250409,"['25년이내', '융자금없는', '역세권', '지하층']",37.520251,126.926395
2518764322,일반상가,월세,1/23,"1,744","1억 7,440",360,182,남동향,20250409,"['25년이상', '역세권', '1층', '주차가능']",37.522589,126.921817
2518773152,일반상가,매매,2/13,,21억,859,366,동향,20250409,"['25년이내', '지상층(1층제외)', '주차가능', '동향']",37.519423,126.938613
2518744099,일반상가,월세,B1/12,218,"2,189",72,72,북서향,20250409,"['25년이상', '융자금없는', '지하층', '주차가능']",37.521239,126.928904
2518742447,일반상가,월세,2/10,140,"2,000",72,42,북동향,20250409,"['25년이상', '역세권', '지상층(1층제외)', '주차가능']",37.520364,126.929735
