상가업소번호,period_score,5bin_review_score,review_score,rating_score,floor_score,parking_score
MA010120220800000033,5,0,0.0,0.0,1.0,0.0
MA010120220800000302,5,5,0.2727645611156686,4.225,1.0,1.0
MA010120220800000971,5,1,0.0020508613617719,4.8100000000000005,1.0,0.0
MA010120220800001379,5,0,0.0,0.0,1.0,0.0
MA010120220800001558,5,4,0.1948318293683347,5.0,1.0,0.0
MA010120220800002698,5,1,0.0082034454470877,2.0,1.0,0.0
MA010120220800002867,5,5,0.9803117309269892,4.29,1.0,1.0
MA010120220800002889,5,0,0.0,0.0,1.0,0.0
MA010120220800003226,5,0,0.0,0.0,0.0,0.0
MA010120220800003634,5,1,0.0020508613617719,4.36,1.0,0.0
MA010120220800003898,5,4,0.1127973748974569,4.56,1.0,0.0
MA010120220800004660,1,1,0.0082034454470877,4.94,1.0,0.0
MA010120220800005369,5,2,0.0307629204265791,4.24,1.0,0.0
MA010120220800005626,5,0,0.0,0.0,1.0,0.0
MA010120220800006673,5,2,0.0287120590648072,4.585,1.0,0.0
MA010120220800007126,5,5,0.6111566858080394,4.425,1.0,0.0
MA010120220800007320,5,1,0.0102543068088597,3.2,0.0,0.0
MA010120220800007378,5,1,0.0041017227235438,0.0,1.0,0.0
MA010120220800008535,5,4,0.1230516817063166,4.23,1.0,0.0
MA010120220800009105,5,5,0.5414273995077933,4.6,1.0,0.0
MA010120220800009183,5,4,0.182526661197703,0.0,1.0,0.0
MA010120220800009220,5,2,0.0246103363412633,4.5,1.0,1.0
MA010120220800013362,5,0,0.0,0.0,0.0,0.0
MA010120220800013429,5,5,0.2973748974569319,4.44,1.0,1.0
MA010120220800013501,5,5,1.138228055783429,4.0,1.0,0.0
MA010120220800013605,5,3,0.0820344544708777,4.155,1.0,0.0
MA010120220800013834,5,0,0.0,0.0,1.0,0.0
MA010120220800014174,5,5,0.5065627563576702,0.0,1.0,0.0
MA010120220800014726,1,0,0.0,0.0,0.0,0.0
MA010120220800014949,5,2,0.0328137817883511,3.7,1.0,1.0
MA010120220800016098,5,5,1.7145200984413451,4.38,1.0,0.0
MA010120220800016667,5,0,0.0,0.0,0.0,0.0
MA010120220800016838,5,5,1.1566858080393767,0.0,1.0,0.0
MA010120220800017772,5,0,0.0,0.0,0.0,1.0
MA010120220800018127,5,5,0.406070549630845,4.66,1.0,0.0
MA010120220800018393,5,5,0.4368334700574241,2.845,1.0,0.0
MA010120220800019983,5,2,0.0287120590648072,3.2,1.0,0.0
MA010120220800020110,5,1,0.0082034454470877,4.53,1.0,0.0
MA010120220800020280,5,4,0.1148482362592288,4.28,1.0,0.0
MA010120220800020809,5,5,0.2707136997538966,4.59,1.0,0.0
MA010120220800021606,5,5,1.989335520918786,3.94,1.0,0.0
MA010120220800021629,5,0,0.0,4.49,1.0,1.0
MA010120220800021661,5,5,0.6398687448728466,3.365,0.0,0.0
MA010120220800021663,5,5,0.7260049220672682,2.4,1.0,1.0
MA010120220800022072,5,4,0.1845775225594749,4.335,1.0,0.0
MA010120220800022528,4,3,0.0533223954060705,0.0,1.0,0.0
MA010120220800022626,5,5,0.4286300246103363,3.455,1.0,0.0
MA010120220800022739,5,5,0.4470877768662838,0.0,1.0,0.0
MA010120220800022809,5,0,0.0,0.0,1.0,1.0
MA010120220800022894,5,4,0.1230516817063166,4.355,1.0,0.0
MA010120220800023103,5,5,0.4614438063986875,3.915,0.0,0.0
MA010120220800023123,5,1,0.0020508613617719,5.0,1.0,0.0
MA010120220800023216,5,4,0.1661197703035274,4.7,0.0,1.0
MA010120220800023292,5,0,0.0,0.0,1.0,0.0
MA010120220800023619,5,3,0.0861361771944216,0.0,1.0,0.0
MA010120220800023973,5,5,0.2625102543068088,4.69,1.0,0.0
MA010120220800024000,5,5,0.623461853978671,4.1850000000000005,1.0,0.0
MA010120220800024291,5,3,0.0779327317473338,4.44,1.0,0.0
MA010120220800024389,5,4,0.0922887612797374,4.4,1.0,0.0
MA010120220800024464,5,1,0.0143560295324036,2.775,1.0,0.0
MA010120220800024651,4,5,0.5762920426579163,4.125,1.0,0.0
MA010120220800024794,4,2,0.0328137817883511,0.0,1.0,0.0
MA010120220800024974,5,1,0.0102543068088597,4.215,1.0,0.0
MA010120220800025092,5,5,0.2748154224774405,3.4,1.0,0.0
MA010120220800025310,5,5,0.3506972928630025,4.4,1.0,0.0
MA010120220800025912,5,1,0.0061525840853158,0.0,1.0,0.0
MA010120220800026291,5,5,0.3855619360131255,3.68,1.0,0.0
MA010120220800026475,5,4,0.0963904840032813,4.19,1.0,1.0
MA010120220800026481,5,3,0.0676784249384741,4.43,1.0,1.0
MA010120220800026630,5,2,0.0205086136177194,0.0,1.0,0.0
MA010120220800026936,5,5,1.5771123872026251,4.529999999999999,0.0,0.0
MA010120220800027131,5,0,0.0,4.57,1.0,0.0
MA010120220800027631,5,0,0.0,0.0,1.0,0.0
MA010120220800028144,5,4,0.0963904840032813,4.19,1.0,1.0
MA010120220800028316,5,1,0.0102543068088597,4.42,1.0,0.0
MA010120220800028706,5,1,0.0020508613617719,5.0,1.0,0.0
MA010120220800029250,5,4,0.2378999179655455,3.265,1.0,0.0
MA010120220800029362,5,5,0.5086136177194421,4.315,1.0,0.0
MA010120220800029475,5,4,0.1743232157506152,4.75,1.0,0.0
MA010120220800029549,5,5,0.6111566858080394,4.45,1.0,0.0
MA010120220800029586,5,5,0.3260869565217391,4.645,1.0,0.0
MA010120220800030036,5,4,0.2337981952420016,4.49,1.0,0.0
MA010120220800030084,5,1,0.0123051681706316,4.475,1.0,0.0
MA010120220800030108,5,4,0.254306808859721,4.52,1.0,0.0
MA010120220800030119,5,2,0.0287120590648072,4.720000000000001,1.0,0.0
MA010120220800030217,5,0,0.0,0.0,1.0,0.0
MA010120220800030323,5,5,0.3917145200984413,3.745,1.0,0.0
MA010120220800030348,5,1,0.0041017227235438,5.0,1.0,0.0
MA010120220800030710,5,1,0.0082034454470877,4.605,1.0,0.0
MA010120220800030749,5,1,0.0020508613617719,4.0,1.0,0.0
MA010120220800030923,5,3,0.0410172272354388,4.050000000000001,1.0,0.0
MA010120220800031016,5,5,0.401968826907301,4.6,0.0,0.0
MA010120220800031058,5,0,0.0,0.0,1.0,0.0
MA010120220800031143,5,3,0.0615258408531583,5.0,1.0,0.0
MA010120220800031379,5,5,0.7772764561115669,4.84,1.0,0.0
MA010120220800031710,5,0,0.0,0.0,0.0,0.0
MA010120220800031772,5,5,0.7629204265791633,4.050000000000001,1.0,0.0
MA010120220800032087,5,0,0.0,0.0,1.0,0.0
MA010120220800032114,5,2,0.0184577522559474,4.775,1.0,0.0
MA010120220800032118,5,5,1.4479081214109926,4.42,1.0,0.0
MA010120220800032250,5,0,0.0,0.0,1.0,0.0
MA010120220800032823,5,3,0.0799835931091058,4.494999999999999,1.0,0.0
MA010120220800032863,5,5,0.5598851517637408,4.234999999999999,0.0,0.0
MA010120220800033032,5,3,0.0512715340442986,4.38,1.0,1.0
MA010120220800033085,5,4,0.0963904840032813,4.705,1.0,0.0
MA010120220800033275,5,4,0.1045939294503691,4.17,1.0,0.0
MA010120220800033480,5,2,0.0328137817883511,3.105,1.0,0.0
MA010120220800033679,5,3,0.071780147662018,4.415,1.0,0.0
MA010120220800033726,5,2,0.0307629204265791,3.35,1.0,0.0
MA010120220800033990,5,4,0.1374077112387202,3.68,0.0,1.0
MA010120220800034023,4,4,0.2255947497949138,4.48,1.0,0.0
MA010120220800034190,5,0,0.0,4.41,1.0,0.0
MA010120220800034347,5,5,0.549630844954881,4.56,1.0,0.0
MA010120220800034358,5,5,1.1300246103363412,4.095000000000001,1.0,0.0
MA010120220800034416,5,0,0.0,0.0,1.0,0.0
MA010120220800034421,5,3,0.0574241181296144,4.795,1.0,0.0
MA010120220800034470,5,4,0.1127973748974569,4.255,1.0,0.0
MA010120220800034855,5,5,0.625512715340443,4.585,1.0,0.0
MA010120220800034883,5,3,0.0553732567678424,4.595000000000001,1.0,0.0
MA010120220800035344,5,2,0.0246103363412633,3.755,1.0,0.0
MA010120220800035353,5,5,0.8982772764561116,3.46,1.0,0.0
MA010120220800035466,5,1,0.0020508613617719,4.835,1.0,0.0
MA010120220800035736,5,4,0.1681706316652994,4.09,1.0,0.0
MA010120220800035777,5,4,0.0963904840032813,4.785,1.0,0.0
MA010120220800035795,5,5,0.4655455291222313,3.8,1.0,0.0
MA010120220800035960,5,1,0.0123051681706316,4.53,1.0,1.0
MA010120220800036168,5,5,0.6214109926168991,4.1850000000000005,1.0,0.0
MA010120220800036379,5,0,0.0,0.0,1.0,0.0
MA010120220800036591,5,3,0.0676784249384741,4.315,1.0,0.0
MA010120220800036614,5,5,0.2830188679245283,3.905,1.0,0.0
MA010120220800036866,5,1,0.0123051681706316,4.75,1.0,0.0
MA010120220800037232,5,4,0.1312551271534044,3.93,1.0,0.0
MA010120220800037417,5,4,0.2522559474979491,4.33,1.0,0.0
MA010120220800037691,5,0,0.0,5.0,1.0,0.0
MA010120220800037703,5,4,0.1127973748974569,4.6,1.0,0.0
MA010120220800037739,5,5,0.4101722723543888,4.595000000000001,1.0,0.0
MA010120220800038013,5,3,0.0389663658736669,3.355,1.0,0.0
MA010120220800038167,5,5,0.992616899097621,3.85,1.0,1.0
MA010120220800038168,5,2,0.0328137817883511,4.5,1.0,0.0
MA010120220800038309,5,2,0.0287120590648072,3.455,1.0,0.0
MA010120220800038462,5,3,0.0840853158326497,2.9,1.0,0.0
MA010120220800038508,5,5,0.3158326497128794,4.6,1.0,0.0
MA010120220800038802,5,0,0.0,0.0,0.0,0.0
MA010120220800038884,5,5,2.0344544708777685,4.88,1.0,0.0
MA010120220800038914,5,2,0.0205086136177194,4.265,1.0,0.0
MA010120220800039010,5,0,0.0,0.0,1.0,0.0
MA010120220800039169,5,2,0.0164068908941755,4.065,1.0,0.0
MA010120220800039172,5,5,0.365053322395406,0.0,1.0,0.0
MA010120220800039397,5,3,0.0594749794913863,3.92,1.0,0.0
MA010120220800039454,4,0,0.0,0.0,1.0,0.0
MA010120220800039477,5,0,0.0,4.45,1.0,0.0
MA010120220800039586,5,0,0.0,0.0,1.0,0.0
MA010120220800039628,5,4,0.1476620180475799,2.92,1.0,0.0
MA010120220800039668,5,5,0.7280557834290402,4.465,1.0,0.0
MA010120220800040038,5,5,0.4142739950779328,3.99,1.0,1.0
MA010120220800040127,5,2,0.0328137817883511,4.220000000000001,1.0,0.0
MA010120220800040278,5,0,0.0,0.0,1.0,0.0
MA010120220800040317,5,4,0.1948318293683347,4.17,1.0,0.0
MA010120220800040374,5,1,0.0041017227235438,3.665,0.0,0.0
MA010120220800040548,5,5,0.4860541427399507,4.0,1.0,1.0
MA010120220800040575,5,5,1.5504511894995898,3.7,0.0,0.0
MA010120220800040660,5,3,0.0635767022149302,3.545,1.0,0.0
MA010120220800040990,5,1,0.0020508613617719,5.0,1.0,0.0
MA010120220800041059,5,4,0.0963904840032813,4.055,1.0,0.0
MA010120220800041237,5,2,0.0184577522559474,4.574999999999999,1.0,0.0
MA010120220800041256,5,0,0.0,0.0,1.0,0.0
MA010120220800041328,5,1,0.0123051681706316,4.41,1.0,0.0
MA010120220800041482,5,4,0.1148482362592288,4.5,1.0,0.0
MA010120220800041690,5,1,0.0143560295324036,0.0,1.0,1.0
MA010120220800041887,5,5,0.3999179655455291,4.4,1.0,1.0
MA010120220800042370,5,4,0.1599671862182116,4.01,1.0,0.0
MA010120220800042852,5,5,0.4101722723543888,4.765000000000001,1.0,1.0
MA010120220800043119,5,2,0.0246103363412633,4.65,1.0,0.0
MA010120220800044766,5,1,0.0020508613617719,5.0,1.0,1.0
MA010120220800044910,5,1,0.0041017227235438,4.635,1.0,0.0
MA010120220800045495,5,0,0.0,0.0,1.0,0.0
MA010120220800046638,5,3,0.0840853158326497,3.975,1.0,0.0
MA010120220800046987,1,0,0.0,0.0,0.0,0.0
MA010120220800047155,5,0,0.0,0.0,0.0,0.0
MA010120220800049418,1,5,0.2912223133716161,4.9,1.0,0.0
MA010120220800050864,1,5,0.4860541427399507,3.4,0.0,0.0
MA010120220800051466,5,5,0.4696472518457752,4.66,1.0,0.0
MA010120220800052530,5,3,0.0615258408531583,4.3,1.0,0.0
MA010120220800053202,5,4,0.1866283839212469,4.45,1.0,0.0
MA010120220800054005,5,1,0.0082034454470877,4.94,1.0,0.0
MA010120220800055197,5,1,0.0082034454470877,0.0,0.0,0.0
MA010120220800056622,5,4,0.1025430680885972,5.0,1.0,0.0
MA010120220800057808,5,3,0.0430680885972108,4.0,1.0,0.0
MA010120220800058284,5,3,0.0635767022149302,4.66,1.0,0.0
MA010120220800062188,5,5,0.7588187038556193,4.68,1.0,1.0
MA010120220800062639,5,2,0.0164068908941755,4.855,1.0,1.0
MA010120220800063925,5,0,0.0,0.0,1.0,0.0
MA010120220800064237,1,0,0.0,0.0,1.0,0.0
MA010120220800066254,1,5,0.2625102543068088,4.4,0.0,0.0
MA010120220800066391,4,0,0.0,0.0,1.0,0.0
MA010120220800067034,1,0,0.0,0.0,1.0,0.0
MA010120220800067416,4,0,0.0,0.0,1.0,0.0
MA010120220800068015,4,0,0.0,0.0,1.0,0.0
MA010120220800069203,5,2,0.0246103363412633,2.7,1.0,0.0
MA010120220800070161,5,0,0.0,0.0,1.0,0.0
MA010120220800071236,5,0,0.0,0.0,1.0,0.0
MA010120220800072772,5,0,0.0,0.0,0.0,0.0
MA010120220800073062,5,1,0.0143560295324036,1.6,1.0,0.0
MA010120220800073538,4,1,0.0020508613617719,4.62,1.0,0.0
MA010120220800074745,5,0,0.0,0.0,0.0,0.0
MA010120220800075494,1,1,0.0102543068088597,5.0,1.0,0.0
MA010120220800075960,5,0,0.0,0.0,1.0,0.0
MA010120220800076059,5,5,0.9310910582444628,4.365,1.0,0.0
MA010120220800079823,5,5,0.2809680065627563,4.675000000000001,1.0,0.0
MA010120220800082280,5,4,0.1025430680885972,4.9,0.0,0.0
MA010120220800084577,5,5,0.3712059064807219,4.505000000000001,1.0,1.0
MA010120220800085352,5,5,1.8211648892534864,4.47,1.0,1.0
MA010120220800086424,5,4,0.1127973748974569,3.62,1.0,0.0
MA010120220800087173,5,3,0.0410172272354388,4.4,1.0,0.0
MA010120220800087245,5,4,0.219442165709598,4.1,1.0,1.0
MA010120220800088524,5,4,0.1230516817063166,4.66,1.0,0.0
MA010120220800088684,5,4,0.1148482362592288,0.0,1.0,0.0
MA010120220800088795,5,2,0.0164068908941755,3.2,1.0,0.0
MA010120220800089608,5,2,0.0369155045118949,3.1,1.0,0.0
MA010120220800089682,5,4,0.217391304347826,4.3,1.0,0.0
MA010120220800090627,5,2,0.0369155045118949,3.78,1.0,0.0
MA010120220800090754,5,1,0.0020508613617719,4.46,1.0,0.0
MA010120220800090849,5,0,0.0,4.25,1.0,0.0
MA010120220800091091,5,0,0.0,0.0,1.0,0.0
MA010120220800091261,5,4,0.1968826907301066,4.52,1.0,0.0
MA010120220800091651,5,1,0.0082034454470877,0.0,1.0,0.0
MA010120220800093321,5,4,0.0984413453650533,4.5,1.0,0.0
MA010120220800094347,5,5,0.3794093519278096,4.2,1.0,0.0
MA010120220800095126,5,5,0.9762100082034454,3.4,1.0,0.0
MA010120220800095406,5,1,0.0041017227235438,2.78,1.0,0.0
MA010120220800095669,5,0,0.0,0.0,0.0,0.0
MA010120220800096535,1,0,0.0,0.0,1.0,0.0
MA010120220800096654,5,5,0.4491386382280558,4.74,1.0,1.0
MA010120220800096867,5,2,0.0184577522559474,5.0,1.0,1.0
MA010120220800096939,5,2,0.0369155045118949,4.6,1.0,0.0
MA010120220800098195,5,5,0.6890894175553732,4.535,1.0,0.0
MA010120220800098955,4,1,0.0102543068088597,4.2,0.0,0.0
MA010120220800099171,5,3,0.0635767022149302,4.425,1.0,0.0
MA010120220800099864,5,4,0.0984413453650533,4.234999999999999,1.0,0.0
MA010120220800099882,5,4,0.1743232157506152,4.4,1.0,0.0
MA010120220800101358,5,1,0.0041017227235438,5.0,1.0,0.0
MA010120220800101998,5,3,0.0512715340442986,4.37,1.0,0.0
MA010120220800102157,5,2,0.0205086136177194,5.0,1.0,0.0
MA010120220800102458,5,5,0.5475799835931091,4.625,1.0,1.0
MA010120220800103104,5,5,0.5434782608695652,4.295,1.0,0.0
MA010120220800103307,5,0,0.0,0.0,0.0,0.0
MA010120220800103719,5,0,0.0,0.0,1.0,0.0
MA010120220800103931,5,4,0.1230516817063166,4.654999999999999,1.0,1.0
MA010120220800105068,5,2,0.0307629204265791,4.0,1.0,0.0
MA010120220800105121,5,2,0.0266611977030352,4.609999999999999,0.0,0.0
MA010120220800106017,5,5,1.542247744052502,4.65,1.0,0.0
MA010120220800106476,5,5,0.4881050041017227,4.4,1.0,1.0
MA010120220800106885,5,5,0.3465955701394586,4.63,1.0,0.0
MA010120220800108935,5,0,0.0,0.0,1.0,0.0
MA010120220800108939,1,2,0.0225594749794913,4.4,1.0,0.0
MA010120220800108961,5,4,0.2030352748154225,4.5,1.0,1.0
MA010120220800111125,5,4,0.1230516817063166,4.49,0.0,0.0
MA010120220800115286,5,1,0.0123051681706316,5.0,1.0,0.0
MA010120220800115320,5,5,0.7116488925348646,4.67,1.0,0.0
MA010120220800116848,5,3,0.0553732567678424,0.0,1.0,0.0
MA010120220800117732,5,5,1.531993437243642,4.145,1.0,0.0
MA010120220800119043,4,3,0.0430680885972108,5.0,1.0,1.0
MA010120220800119325,5,1,0.0082034454470877,4.0,1.0,0.0
MA010120220800120281,5,2,0.0205086136177194,4.665,1.0,1.0
MA010120220800120586,5,0,0.0,0.0,1.0,0.0
MA010120220800120719,5,1,0.0041017227235438,4.32,1.0,0.0
MA010120220800120941,5,3,0.0492206726825266,3.43,1.0,0.0
MA010120220800121379,5,4,0.1558654634946677,4.285,1.0,0.0
MA010120220800121651,5,3,0.0492206726825266,4.445,1.0,0.0
MA010120220800121990,5,1,0.0102543068088597,4.2,0.0,0.0
MA010120220800122205,5,2,0.0266611977030352,3.605,1.0,0.0
MA010120220800122972,5,1,0.0061525840853158,3.765,1.0,0.0
MA010120220800124120,5,0,0.0,0.0,0.0,0.0
MA010120220800126580,5,1,0.0102543068088597,4.36,1.0,0.0
MA010120220800126766,5,1,0.0041017227235438,0.0,1.0,0.0
MA010120220800126767,5,3,0.0553732567678424,4.715,1.0,0.0
MA010120220800128036,5,1,0.0061525840853158,4.34,1.0,0.0
MA010120220800128061,5,5,1.1853978671041836,5.0,1.0,0.0
MA010120220800128142,5,1,0.0123051681706316,3.3,0.0,0.0
MA010120220800128200,5,3,0.0492206726825266,4.41,1.0,0.0
MA010120220800128718,5,0,0.0,0.0,1.0,0.0
MA010120220800129022,5,2,0.0266611977030352,3.835,1.0,0.0
MA010120220800129179,5,1,0.0061525840853158,4.7,1.0,0.0
MA010120220800130423,5,1,0.0123051681706316,3.965,1.0,0.0
MA010120220800131703,5,4,0.1230516817063166,4.45,0.0,0.0
MA010120220800131945,5,2,0.0164068908941755,5.0,1.0,0.0
MA010120220800132074,5,1,0.0143560295324036,4.42,1.0,0.0
MA010120220800132180,5,4,0.217391304347826,4.04,0.0,0.0
MA010120220800132749,5,2,0.0205086136177194,5.0,1.0,0.0
MA010120220800133847,5,2,0.0328137817883511,5.0,1.0,0.0
MA010120220800134362,5,1,0.0020508613617719,5.0,1.0,0.0
MA010120220800134607,5,5,0.4368334700574241,5.0,1.0,0.0
MA010120220800134661,5,5,1.1628383921246923,4.765000000000001,1.0,1.0
MA010120220800135126,5,4,0.2255947497949138,4.255,1.0,0.0
MA010120220800135186,5,3,0.0820344544708777,3.44,1.0,1.0
MA010120220800135989,5,2,0.0287120590648072,3.775,1.0,0.0
MA010120220800136112,5,5,0.3445447087776866,4.715,1.0,0.0
MA010120220800136293,5,3,0.0615258408531583,3.73,0.0,0.0
MA010120220800136549,4,4,0.1333059885151763,3.55,1.0,0.0
MA010120220800136644,5,4,0.2030352748154225,4.86,1.0,0.0
MA010120220800136780,5,0,0.0,0.0,1.0,0.0
MA010120220800138159,5,5,0.6357670221493027,3.325,1.0,1.0
MA010120220800138374,5,1,0.0041017227235438,4.015000000000001,1.0,0.0
MA010120220800138469,5,1,0.0082034454470877,5.0,1.0,0.0
MA010120220800138934,5,2,0.0164068908941755,4.21,1.0,1.0
MA010120220800139390,5,1,0.0041017227235438,4.71,1.0,0.0
MA010120220800139460,1,1,0.0020508613617719,5.0,1.0,0.0
MA010120220800139602,5,3,0.0779327317473338,3.59,1.0,1.0
MA010120220800139613,5,2,0.0266611977030352,0.0,1.0,1.0
MA010120220800141085,5,3,0.0697292863002461,3.975,1.0,0.0
MA010120220800141921,5,1,0.0061525840853158,4.67,1.0,0.0
MA010120220800142079,5,4,0.2071369975389664,4.87,1.0,0.0
MA010120220800142095,5,2,0.0246103363412633,4.815,1.0,0.0
MA010120220800142131,5,3,0.0471698113207547,4.42,1.0,0.0
MA010120220800143252,5,5,0.4716981132075472,0.0,1.0,1.0
MA010120220800143345,5,0,0.0,0.0,1.0,0.0
MA010120220800144967,5,1,0.0102543068088597,5.0,1.0,0.0
MA010120220800145319,4,2,0.0205086136177194,4.54,1.0,0.0
MA010120220800146099,5,1,0.0143560295324036,5.0,1.0,1.0
MA010120220800146267,5,4,0.2522559474979491,3.475,1.0,0.0
MA010120220800147163,5,2,0.0246103363412633,4.720000000000001,1.0,1.0
MA010120220800147852,5,4,0.1435602953240361,0.0,0.0,0.0
MA010120220800148725,5,0,0.0,0.0,1.0,0.0
MA010120220800149336,5,4,0.1435602953240361,1.8,0.0,0.0
MA010120220800149685,4,5,0.8367514356029532,4.640000000000001,1.0,0.0
MA010120220800151597,5,3,0.0430680885972108,4.29,1.0,0.0
MA010120220800152764,5,1,0.0082034454470877,4.765000000000001,1.0,0.0
MA010120220800152817,5,5,0.2727645611156686,4.98,1.0,1.0
MA010120220800153882,5,5,0.736259228876128,4.5,1.0,0.0
MA010120220800155999,5,4,0.2502050861361772,4.12,1.0,0.0
MA010120220800156499,5,1,0.0143560295324036,0.0,1.0,0.0
MA010120220800156691,5,1,0.0082034454470877,4.82,1.0,1.0
MA010120220800156740,5,3,0.0533223954060705,5.0,1.0,1.0
MA010120220800156954,5,0,0.0,0.0,1.0,0.0
MA010120220800160555,5,3,0.071780147662018,3.595,1.0,0.0
MA010120220800161965,1,5,0.3937653814602133,5.0,1.0,0.0
MA010120220800162391,5,4,0.1251025430680886,0.0,1.0,0.0
MA010120220800162650,5,2,0.0225594749794913,4.7,1.0,0.0
MA010120220800164699,5,2,0.0246103363412633,0.0,0.0,0.0
MA010120220800167379,4,2,0.0287120590648072,3.725,1.0,0.0
MA010120220800167772,4,5,1.027481542247744,4.48,1.0,0.0
MA010120220800168364,5,2,0.034864643150123,3.0200000000000005,1.0,0.0
MA010120220800168753,5,5,0.4716981132075472,0.0,1.0,1.0
MA010120220800168796,1,0,0.0,0.0,1.0,0.0
MA010120220800169314,5,0,0.0,0.0,1.0,0.0
MA010120220800170439,5,0,0.0,0.0,1.0,0.0
MA010120220800171614,5,0,0.0,0.0,1.0,0.0
MA010120220800171883,5,0,0.0,0.0,1.0,0.0
MA010120220800174338,5,3,0.0451189499589827,0.0,0.0,0.0
MA010120220800176762,5,2,0.0287120590648072,4.19,1.0,0.0
MA010120220800176790,5,3,0.0471698113207547,4.27,1.0,0.0
MA010120220800178626,5,3,0.0840853158326497,3.2,1.0,0.0
MA010120220800181817,5,3,0.0656275635767022,3.6,1.0,0.0
MA010120220800183729,5,2,0.0184577522559474,4.065,1.0,1.0
MA010120220800186190,5,0,0.0,4.38,1.0,0.0
MA010120220800188977,5,0,0.0,0.0,1.0,0.0
MA010120220800189171,5,4,0.2440525020508613,4.665,1.0,1.0
MA010120220800189795,5,2,0.0164068908941755,4.9,1.0,0.0
MA010120220800189855,5,1,0.0102543068088597,4.82,1.0,0.0
MA010120220800190784,5,2,0.0369155045118949,3.955,1.0,0.0
MA010120220800191416,5,2,0.0246103363412633,4.665,1.0,1.0
MA010120220800192069,1,1,0.0041017227235438,2.5,1.0,0.0
MA010120220800194027,5,4,0.1989335520918786,4.6,1.0,0.0
MA010120220800194210,5,3,0.0738310090237899,0.0,1.0,1.0
MA010120220800194511,5,0,0.0,0.0,1.0,0.0
MA010120220800194596,5,2,0.0307629204265791,4.654999999999999,1.0,0.0
MA010120220800195452,5,4,0.2214930270713699,4.27,0.0,0.0
MA010120220800196009,5,3,0.0881870385561936,4.675,1.0,0.0
MA010120220800196276,5,3,0.0471698113207547,4.7,0.0,0.0
MA010120220800197582,5,1,0.0041017227235438,0.0,1.0,1.0
MA010120220800197704,5,3,0.0492206726825266,4.34,1.0,0.0
MA010120220800197841,5,1,0.0143560295324036,4.775,1.0,0.0
MA010120220800198028,5,1,0.0082034454470877,4.1850000000000005,1.0,0.0
MA010120220800199222,5,5,1.1443806398687448,4.375,1.0,1.0
MA010120220800199512,5,0,0.0,0.0,1.0,0.0
MA010120220800199693,5,0,0.0,0.0,0.0,0.0
MA010120220800199722,5,2,0.034864643150123,4.73,1.0,0.0
MA010120220800200064,5,2,0.0184577522559474,3.4,0.0,0.0
MA010120220800200818,5,3,0.0594749794913863,4.23,1.0,1.0
MA010120220800201324,5,0,0.0,0.0,1.0,0.0
MA010120220800201916,5,5,1.8642329778506967,4.42,0.0,0.0
MA010120220800202327,5,4,0.1230516817063166,3.735,1.0,0.0
MA010120220800202569,4,1,0.0041017227235438,0.0,1.0,1.0
MA010120220800203589,5,4,0.1353568498769483,4.619999999999999,1.0,0.0
MA010120220800204275,5,5,1.7186218211648894,4.45,1.0,0.0
MA010120220800204305,5,5,1.4191960623461854,4.5,0.0,0.0
MA010120220800204454,5,0,0.0,0.0,1.0,0.0
MA010120220800204559,5,5,0.2748154224774405,0.0,0.0,0.0
MA010120220800205027,5,4,0.2337981952420016,4.565,1.0,1.0
MA010120220800205093,5,0,0.0,0.0,0.0,0.0
MA010120220800205173,5,2,0.0225594749794913,0.0,1.0,0.0
MA010120220800205512,5,4,0.1415094339622641,4.3,1.0,1.0
MA010120220800205833,1,0,0.0,0.0,1.0,0.0
MA010120220800206029,5,1,0.0041017227235438,4.13,1.0,0.0
MA010120220800206048,5,3,0.0738310090237899,4.1,0.0,0.0
MA010120220800206206,5,2,0.0184577522559474,4.3,1.0,0.0
MA010120220800206497,5,1,0.0082034454470877,4.0,1.0,0.0
MA010120220800207236,5,5,0.9598031173092698,4.57,1.0,0.0
MA010120220800207375,5,5,2.35233798195242,4.48,1.0,0.0
MA010120220800207870,5,0,0.0,0.0,1.0,0.0
MA010120220800207966,5,3,0.0799835931091058,4.005,1.0,0.0
MA010120220800207989,5,0,0.0,0.0,1.0,0.0
MA010120220800208023,4,5,1.5750615258408531,4.365,1.0,0.0
MA010120220800208123,5,5,0.9495488105004102,4.225,1.0,0.0
MA010120220800208608,5,5,0.4901558654634946,4.5,1.0,0.0
MA010120220800209217,5,4,0.182526661197703,3.2,1.0,1.0
MA010120220800209650,5,0,0.0,4.44,1.0,0.0
MA010120220800209837,5,0,0.0,4.44,1.0,0.0
MA010120220800209884,5,4,0.1538146021328958,4.37,1.0,0.0
MA010120220800210197,5,5,0.4737489745693191,4.54,1.0,0.0
MA010120220800210240,5,5,0.4983593109105824,4.625,1.0,1.0
MA010120220800210383,4,3,0.0738310090237899,5.0,1.0,0.0
MA010120220800210803,5,5,0.3096800656275635,4.65,1.0,0.0
MA010120220800211146,5,5,1.1997538966365875,0.0,1.0,0.0
MA010120220800211290,5,0,0.0,4.55,1.0,1.0
MA010120220800211443,5,5,1.5627563576702213,3.8,1.0,0.0
MA010120220800211577,5,1,0.0041017227235438,2.0,1.0,0.0
MA010120220800211703,5,4,0.1168990976210008,3.325,1.0,0.0
MA010120220800211721,5,2,0.0184577522559474,3.8,1.0,0.0
MA010120220800211797,5,3,0.0758818703855619,4.77,1.0,1.0
MA010120220800211802,1,0,0.0,0.0,0.0,0.0
MA010120220800212117,5,5,0.4655455291222313,2.8,0.0,0.0
MA010120220800212185,5,4,0.1230516817063166,3.84,0.0,0.0
MA010120220800212427,5,4,0.1558654634946677,4.155,1.0,0.0
MA010120220800212591,5,2,0.0266611977030352,4.34,0.0,1.0
MA010120220800212932,5,4,0.1251025430680886,4.5,1.0,0.0
MA010120220800213242,5,4,0.2071369975389664,4.79,0.0,0.0
MA010120220800213387,5,5,0.4245283018867924,2.79,1.0,1.0
MA010120220800213415,4,5,0.2727645611156686,4.96,1.0,0.0
MA010120220800213478,5,4,0.2214930270713699,4.7,0.0,0.0
MA010120220800213566,5,0,0.0,0.0,1.0,0.0
MA010120220800213666,5,3,0.0471698113207547,4.15,1.0,0.0
MA010120220800213819,4,5,0.440935192780968,4.3,1.0,1.0
MA010120220800213886,5,5,0.4470877768662838,4.71,1.0,0.0
MA010120220800214299,5,5,0.3199343724364233,4.255,1.0,0.0
MA010120220800214496,5,4,0.1025430680885972,4.82,1.0,0.0
MA010120220800214920,5,0,0.0,0.0,1.0,0.0
MA010120220800215126,5,5,0.3814602132895816,3.895,0.0,0.0
MA010120220800215192,5,3,0.0861361771944216,1.2,1.0,0.0
MA010120220800215591,5,5,0.2850697292863002,4.63,1.0,1.0
MA010120220800215799,5,5,0.3260869565217391,4.44,1.0,1.0
MA010120220800215943,5,1,0.0102543068088597,4.0,1.0,0.0
MA010120220800216018,5,5,0.4655455291222313,4.640000000000001,1.0,1.0
MA010120220800216056,5,5,0.5024610336341263,4.4350000000000005,0.0,0.0
MA010120220800216073,5,0,0.0,0.0,0.0,0.0
MA010120220800216131,5,5,1.1177194421657095,4.3,1.0,0.0
MA010120220800216414,5,3,0.0656275635767022,4.395,1.0,0.0
MA010120220800216610,5,0,0.0,0.0,0.0,0.0
MA010120220800216991,5,0,0.0,0.0,1.0,0.0
MA010120220800217312,5,5,1.029532403609516,4.38,1.0,0.0
MA010120220800217736,4,3,0.0656275635767022,4.54,1.0,0.0
MA010120220800217766,5,1,0.0123051681706316,4.15,1.0,0.0
MA010120220800218618,5,0,0.0,4.56,1.0,0.0
MA010120220800218770,5,1,0.0123051681706316,4.445,1.0,0.0
MA010120220800218802,5,4,0.1640689089417555,3.725,1.0,0.0
MA010120220800219008,5,3,0.0410172272354388,4.15,1.0,0.0
MA010120220800219010,5,5,0.625512715340443,4.265000000000001,1.0,1.0
MA010120220800219039,5,2,0.0287120590648072,4.69,1.0,1.0
MA010120220800219104,5,0,0.0,0.0,1.0,0.0
MA010120220800219115,5,4,0.1702214930270713,4.25,1.0,1.0
MA010120220800219123,5,5,1.4786710418375717,0.0,1.0,0.0
MA010120220800219306,5,4,0.1415094339622641,2.2,1.0,0.0
MA010120220800219556,5,5,1.105414273995078,3.49,0.0,0.0
MA010120220800219766,5,3,0.0594749794913863,4.47,1.0,0.0
MA010120220800220180,5,4,0.0922887612797374,4.77,1.0,1.0
MA010120220800220295,5,1,0.0143560295324036,5.0,0.0,0.0
MA010120220800220766,5,3,0.0553732567678424,3.03,1.0,0.0
MA010120220800220827,5,2,0.0287120590648072,4.8,1.0,1.0
MA010120220800222865,5,3,0.0840853158326497,4.295,1.0,0.0
MA010120220800223084,5,5,0.9782608695652174,4.21,1.0,0.0
MA010120220800223143,5,4,0.1968826907301066,4.43,0.0,0.0
MA010120220800224182,5,0,0.0,0.0,1.0,0.0
MA010120220800226335,5,4,0.1004922067268252,4.1850000000000005,0.0,0.0
MA010120220800226988,5,0,0.0,0.0,1.0,0.0
MA010120220800227556,5,3,0.0635767022149302,4.125,1.0,0.0
MA010120220800228800,5,0,0.0,0.0,1.0,0.0
MA010120220800229742,5,2,0.0307629204265791,4.37,1.0,0.0
MA010120220800230238,5,5,1.03363412633306,4.41,1.0,1.0
MA010120220800230457,5,1,0.0020508613617719,5.0,1.0,0.0
MA010120220800230617,1,5,0.2891714520098442,3.865,1.0,0.0
MA010120220800231005,1,1,0.0041017227235438,0.0,1.0,0.0
MA010120220800231436,5,1,0.0102543068088597,5.0,0.0,1.0
MA010120220800233107,5,5,0.5701394585726005,4.305,1.0,0.0
MA010120220800233295,4,5,0.2973748974569319,4.715,1.0,0.0
MA010120220800234045,5,0,0.0,0.0,0.0,0.0
MA010120220800234325,5,3,0.0410172272354388,3.8,1.0,0.0
MA010120220800236488,5,3,0.0410172272354388,4.5,1.0,1.0
MA010120220800240105,4,0,0.0,0.0,1.0,0.0
MA010120220800241217,5,0,0.0,0.0,1.0,0.0
MA010120220800241588,5,4,0.1066447908121411,3.6,1.0,0.0
MA010120220800244016,5,0,0.0,0.0,1.0,0.0
MA010120220800245722,5,0,0.0,0.0,1.0,0.0
MA010120220800249787,5,0,0.0,0.0,1.0,0.0
MA010120220800250361,1,1,0.0041017227235438,0.0,1.0,0.0
MA010120220800251079,5,0,0.0,0.0,1.0,0.0
MA010120220800252042,5,0,0.0,0.0,1.0,0.0
MA010120220800252138,1,4,0.0922887612797374,0.0,1.0,0.0
MA010120220800252256,5,0,0.0,0.0,1.0,0.0
MA010120220800252465,5,0,0.0,0.0,1.0,0.0
MA010120220800252478,5,0,0.0,4.5,1.0,0.0
MA010120220800252716,5,0,0.0,0.0,0.0,0.0
MA010120220800253143,5,5,0.8470057424118129,4.4350000000000005,0.0,0.0
MA010120220800253198,5,0,0.0,0.0,1.0,0.0
MA010120220800254355,5,4,0.1558654634946677,4.245,0.0,0.0
MA010120220800258846,5,1,0.0061525840853158,4.75,1.0,0.0
MA010120220800259015,1,3,0.071780147662018,4.385,1.0,0.0
MA010120220800259925,1,0,0.0,0.0,1.0,0.0
MA010120220800261198,5,4,0.1127973748974569,4.6,0.0,0.0
MA010120220800262151,1,5,0.8716160787530763,3.455,1.0,0.0
MA010120220800265367,5,3,0.0389663658736669,3.25,1.0,0.0
MA010120220800268807,5,5,0.5762920426579163,4.595000000000001,1.0,0.0
MA010120220800269043,5,0,0.0,0.0,1.0,0.0
MA010120220800272193,5,3,0.0594749794913863,4.5,1.0,0.0
MA010120220800272935,5,1,0.0061525840853158,4.51,1.0,0.0
MA010120220800273344,5,2,0.0287120590648072,3.5,1.0,0.0
MA010120220800273668,5,1,0.0061525840853158,4.02,0.0,0.0
MA010120220800276295,4,5,1.5996718621821169,4.5,1.0,0.0
MA010120220800277195,5,3,0.0471698113207547,3.735,1.0,0.0
MA010120220800277614,5,3,0.0553732567678424,4.375,1.0,0.0
MA010120220800278695,5,0,0.0,0.0,1.0,0.0
MA010120220800278728,5,3,0.0697292863002461,4.3,0.0,0.0
MA010120220800278902,5,4,0.2378999179655455,4.41,1.0,0.0
MA010120220800279153,5,0,0.0,0.0,1.0,0.0
MA010120220800280317,5,4,0.182526661197703,4.38,0.0,0.0
MA010120220800280443,5,0,0.0,0.0,1.0,0.0
MA010120220800280526,5,4,0.217391304347826,3.54,0.0,0.0
MA010120220800280678,5,2,0.0225594749794913,4.39,1.0,0.0
MA010120220800280888,5,4,0.1599671862182116,4.84,0.0,0.0
MA010120220800281052,5,3,0.0799835931091058,4.3,1.0,0.0
MA010120220800281167,5,0,0.0,0.0,0.0,0.0
MA010120220800281847,5,1,0.0020508613617719,4.0,1.0,0.0
MA010120220800282209,5,5,0.4799015586546349,3.945,1.0,0.0
MA010120220800282628,5,0,0.0,0.0,0.0,0.0
MA010120220800283198,5,3,0.0758818703855619,4.7,1.0,0.0
MA010120220800283349,5,1,0.0061525840853158,0.0,1.0,1.0
MA010120220800284189,5,4,0.1722723543888433,4.565,1.0,0.0
MA010120220800284229,1,0,0.0,0.0,1.0,0.0
MA010120220800284540,5,5,0.7260049220672682,4.1,0.0,0.0
MA010120220800284641,5,5,0.7752255947497949,3.1,0.0,0.0
MA010120220800284856,5,0,0.0,0.0,1.0,0.0
MA010120220800284982,5,2,0.0184577522559474,4.5,1.0,0.0
MA010120220800285088,5,3,0.0410172272354388,4.109999999999999,1.0,0.0
MA010120220800285096,5,4,0.1620180475799836,3.2,1.0,0.0
MA010120220800285370,1,3,0.0492206726825266,3.31,1.0,0.0
MA010120220800285671,5,3,0.0451189499589827,3.485,1.0,0.0
MA010120220800285834,5,5,0.3096800656275635,4.395,1.0,0.0
MA010120220800285931,5,4,0.0943396226415094,4.475,1.0,0.0
MA010120220800285981,5,3,0.0389663658736669,3.405,0.0,0.0
MA010120220800286240,5,3,0.0758818703855619,4.3,1.0,0.0
MA010120220800287416,5,5,1.5996718621821169,4.0,1.0,1.0
MA010120220800287979,5,3,0.0512715340442986,4.27,0.0,0.0
MA010120220800288125,5,1,0.0061525840853158,4.3,1.0,0.0
MA010120220800288373,5,3,0.0820344544708777,5.0,1.0,1.0
MA010120220800288567,4,2,0.0287120590648072,4.56,1.0,0.0
MA010120220800292087,5,5,0.2707136997538966,3.545,1.0,1.0
MA010120220800296116,5,2,0.0246103363412633,4.7,1.0,0.0
MA010120220800296770,5,3,0.0881870385561936,4.32,1.0,0.0
MA010120220800296895,5,3,0.0533223954060705,4.09,1.0,0.0
MA010120220800297471,5,5,0.6562756357670221,4.225,0.0,0.0
MA010120220800298749,5,4,0.1907301066447908,0.0,1.0,1.0
MA010120220800299599,5,3,0.0697292863002461,4.27,1.0,0.0
MA010120220800299608,5,1,0.0041017227235438,4.15,1.0,0.0
MA010120220800299662,5,3,0.0553732567678424,4.055,1.0,0.0
MA010120220800300769,5,5,0.4142739950779328,4.53,1.0,0.0
MA010120220800300851,5,0,0.0,0.0,1.0,0.0
MA010120220800301105,5,3,0.0881870385561936,4.27,1.0,0.0
MA010120220800301442,5,4,0.2030352748154225,5.0,1.0,0.0
MA010120220800302466,5,5,0.293273174733388,4.275,1.0,0.0
MA010120220800304748,5,2,0.0225594749794913,4.25,1.0,0.0
MA010120220800304881,5,0,0.0,4.73,1.0,0.0
MA010120220800304926,5,1,0.0143560295324036,0.0,1.0,0.0
MA010120220800315673,4,4,0.1784249384741591,4.69,1.0,0.0
MA010120220800315922,4,0,0.0,0.0,1.0,0.0
MA010120220800319528,5,0,0.0,0.0,0.0,0.0
MA010120220800319870,5,1,0.0041017227235438,3.0,1.0,0.0
MA010120220800321118,5,0,0.0,0.0,1.0,0.0
MA010120220800321747,5,0,0.0,0.0,0.0,0.0
MA010120220800323883,5,0,0.0,0.0,1.0,0.0
MA010120220800329796,5,0,0.0,0.0,1.0,0.0
MA010120220800330859,5,0,0.0,0.0,1.0,0.0
MA010120220800333956,5,5,0.6050041017227236,4.085,1.0,0.0
MA010120220800333986,5,0,0.0,4.4,1.0,0.0
MA010120220800334712,1,3,0.0758818703855619,4.44,1.0,0.0
MA010120220800335461,5,3,0.0451189499589827,4.25,1.0,0.0
MA010120220800336668,5,1,0.0061525840853158,2.0,1.0,0.0
MA010120220800336756,5,1,0.0123051681706316,4.09,1.0,0.0
MA010120220800337158,5,1,0.0020508613617719,0.0,1.0,0.0
MA010120220800342128,5,0,0.0,0.0,1.0,0.0
MA010120220800343608,5,4,0.1004922067268252,4.27,1.0,0.0
MA010120220800345312,5,5,0.8162428219852338,3.415,0.0,0.0
MA010120220800346107,5,1,0.0061525840853158,4.225,1.0,0.0
MA010120220800346271,5,3,0.0861361771944216,4.33,1.0,0.0
MA010120220800346352,5,1,0.0061525840853158,4.73,1.0,0.0
MA010120220800346994,5,0,0.0,0.0,1.0,0.0
MA010120220800347506,5,0,0.0,0.0,1.0,0.0
MA010120220800347909,5,2,0.0164068908941755,2.76,1.0,0.0
MA010120220800349229,5,0,0.0,0.0,1.0,0.0
MA010120220800349466,5,3,0.0430680885972108,4.2,1.0,1.0
MA010120220800349881,5,4,0.2296964725184577,3.555,1.0,0.0
MA010120220800351078,5,0,0.0,0.0,1.0,0.0
MA010120220800351084,5,5,0.293273174733388,4.2,1.0,0.0
MA010120220800352615,5,2,0.0184577522559474,4.43,1.0,0.0
MA010120220800353659,5,4,0.1538146021328958,0.0,1.0,1.0
MA010120220800355576,4,1,0.0041017227235438,5.0,1.0,0.0
MA010120220800356060,5,1,0.0061525840853158,5.0,1.0,0.0
MA010120220800356654,5,1,0.0020508613617719,3.87,1.0,0.0
MA010120220800356802,5,5,1.8273174733388025,4.35,1.0,1.0
MA010120220800358889,5,2,0.0287120590648072,4.140000000000001,1.0,0.0
MA010120220800359297,4,4,0.2009844134536505,4.41,1.0,0.0
MA010120220800360065,5,3,0.0758818703855619,4.805,1.0,1.0
MA010120220800360773,5,1,0.0143560295324036,0.0,1.0,0.0
MA010120220800361098,5,3,0.0430680885972108,3.05,1.0,0.0
MA010120220800361391,5,3,0.0553732567678424,3.1,1.0,0.0
MA010120220800361713,5,3,0.0512715340442986,4.4,1.0,0.0
MA010120220800362360,5,2,0.0307629204265791,3.945,1.0,0.0
MA010120220800362437,5,1,0.0061525840853158,4.615,1.0,0.0
MA010120220800362545,5,3,0.0779327317473338,4.35,1.0,0.0
MA010120220800362794,5,1,0.0020508613617719,0.0,1.0,0.0
MA010120220800362840,5,2,0.0328137817883511,4.46,1.0,0.0
MA010120220800363142,4,4,0.1045939294503691,4.3,1.0,0.0
MA010120220800363609,5,1,0.0123051681706316,3.3,1.0,0.0
MA010120220800364333,5,2,0.0307629204265791,3.31,0.0,0.0
MA010120220800364455,5,2,0.0164068908941755,4.52,1.0,0.0
MA010120220800364474,5,1,0.0020508613617719,0.0,1.0,1.0
MA010120220800364521,5,3,0.0430680885972108,3.005,1.0,0.0
MA010120220800364682,5,2,0.0266611977030352,4.45,1.0,0.0
MA010120220800364730,5,4,0.1763740771123872,4.5,1.0,0.0
MA010120220800364764,5,4,0.217391304347826,4.405,0.0,0.0
MA010120220800365037,5,5,0.5045118949958983,4.45,1.0,0.0
MA010120220800365149,5,1,0.0102543068088597,4.63,1.0,0.0
MA010120220800365399,5,0,0.0,4.77,1.0,0.0
MA010120220800365413,5,1,0.0143560295324036,4.3,1.0,0.0
MA010120220800366262,5,2,0.0246103363412633,1.0,1.0,0.0
MA010120220800366420,5,5,1.3843314191960625,4.54,1.0,0.0
MA010120220800366631,5,2,0.0287120590648072,1.0,1.0,0.0
MA010120220800366644,5,1,0.0143560295324036,4.0,1.0,0.0
MA010120220800367090,5,4,0.0943396226415094,4.525,1.0,0.0
MA010120220800367617,4,0,0.0,0.0,1.0,0.0
MA010120220800367985,5,5,0.6316652994257588,4.165,1.0,0.0
MA010120220800368003,5,2,0.0164068908941755,4.24,1.0,0.0
MA010120220800368217,5,5,0.4224774405250204,0.0,1.0,0.0
MA010120220800368237,5,1,0.0123051681706316,4.55,1.0,0.0
MA010120220800369980,5,0,0.0,0.0,0.0,0.0
MA010120220800372104,5,2,0.0246103363412633,4.6,1.0,0.0
MA010120220800372630,5,1,0.0020508613617719,0.0,0.0,0.0
MA010120220800372924,4,2,0.034864643150123,3.6,1.0,0.0
MA010120220800373325,5,1,0.0123051681706316,4.715,1.0,0.0
MA010120220800373597,5,5,0.701394585726005,4.46,1.0,1.0
MA010120220800375351,5,0,0.0,0.0,0.0,0.0
MA010120220800375718,1,1,0.0102543068088597,0.0,1.0,1.0
MA010120220800376394,4,3,0.0451189499589827,3.1,1.0,0.0
MA010120220800380864,5,5,0.5045118949958983,4.49,1.0,0.0
MA010120220800381588,1,0,0.0,0.0,1.0,0.0
MA010120220800383050,5,5,0.5844954881050041,4.315,1.0,1.0
MA010120220800383621,5,3,0.0410172272354388,3.91,1.0,1.0
MA010120220800386757,5,2,0.0184577522559474,5.0,1.0,0.0
MA010120220800387533,5,4,0.0922887612797374,4.6,0.0,0.0
MA010120220800388499,5,0,0.0,0.0,1.0,0.0
MA010120220800394674,5,0,0.0,0.0,1.0,0.0
MA010120220800398263,5,0,0.0,0.0,1.0,0.0
MA010120220800398383,5,1,0.0020508613617719,4.0,1.0,0.0
MA010120220800398537,5,0,0.0,0.0,1.0,0.0
MA010120220800399386,1,5,0.3876127973748974,3.9,1.0,0.0
MA010120220800400764,1,0,0.0,0.0,1.0,0.0
MA010120220800407089,5,0,0.0,0.0,1.0,0.0
MA010120220800407923,5,4,0.1189499589827727,4.425,1.0,1.0
MA010120220800408975,5,1,0.0041017227235438,4.29,0.0,0.0
MA010120220800409363,5,0,0.0,0.0,1.0,0.0
MA010120220800415305,5,3,0.0779327317473338,4.6,1.0,1.0
MA010120220800416084,5,0,0.0,0.0,1.0,0.0
MA010120220800417618,5,4,0.2091878589007383,4.005,1.0,1.0
MA010120220800420636,5,4,0.1127973748974569,4.73,1.0,0.0
MA010120220800422924,5,4,0.1907301066447908,4.53,1.0,0.0
MA010120220800424557,5,2,0.0225594749794913,4.654999999999999,1.0,0.0
MA010120220800424910,5,2,0.0287120590648072,4.79,1.0,0.0
MA010120220800426507,5,4,0.1271534044298605,4.545,1.0,0.0
MA010120220800426508,5,1,0.0020508613617719,4.2,1.0,0.0
MA010120220800430687,5,5,0.4265791632485644,4.7,1.0,0.0
MA010120220800431704,5,0,0.0,0.0,1.0,0.0
MA010120220800433727,5,2,0.0369155045118949,3.405,1.0,0.0
MA010120220800434021,5,5,1.072600492206727,4.43,1.0,0.0
MA010120220800434332,5,2,0.0328137817883511,0.0,1.0,0.0
MA010120220800436656,5,4,0.1312551271534044,3.435,1.0,0.0
MA010120220800437383,5,2,0.0246103363412633,4.16,1.0,0.0
MA010120220800437734,5,4,0.1292042657916325,4.16,1.0,0.0
MA010120220800438700,5,4,0.1415094339622641,5.0,0.0,0.0
MA010120220800439370,4,1,0.0041017227235438,5.0,1.0,0.0
MA010120220800439761,5,1,0.0041017227235438,0.0,1.0,0.0
MA010120220800440925,5,5,0.4737489745693191,4.574999999999999,0.0,1.0
MA010120220800441035,5,4,0.0963904840032813,4.415,1.0,1.0
MA010120220800441099,5,1,0.0061525840853158,4.6850000000000005,1.0,0.0
MA010120220800441929,5,4,0.1127973748974569,3.97,1.0,0.0
MA010120220800441994,5,3,0.0656275635767022,4.82,1.0,1.0
MA010120220800442022,5,3,0.0738310090237899,4.234999999999999,1.0,1.0
MA010120220800442064,5,4,0.1599671862182116,4.565,1.0,0.0
MA010120220800442620,5,4,0.0943396226415094,4.82,1.0,0.0
MA010120220800442683,5,4,0.182526661197703,4.220000000000001,1.0,0.0
MA010120220800442699,5,0,0.0,0.0,1.0,0.0
MA010120220800443386,5,2,0.0246103363412633,4.6850000000000005,1.0,0.0
MA010120220800443752,1,5,1.0438884331419196,0.0,0.0,0.0
MA010120220800443782,5,5,0.477850697292863,4.46,0.0,0.0
MA010120220800443943,5,4,0.2296964725184577,3.74,0.0,0.0
MA010120220800444189,5,0,0.0,0.0,1.0,1.0
MA010120220800444612,5,3,0.0594749794913863,4.05,1.0,0.0
MA010120220800445338,5,5,0.367104183757178,4.285,1.0,0.0
MA010120220800445412,5,1,0.0143560295324036,4.1,0.0,0.0
MA010120220800445564,4,2,0.034864643150123,3.34,1.0,0.0
MA010120220800445948,5,4,0.0984413453650533,4.285,1.0,0.0
MA010120220800446097,5,3,0.0430680885972108,4.175,1.0,1.0
MA010120220800446229,5,4,0.1907301066447908,0.0,0.0,0.0
MA010120220800446367,5,2,0.0307629204265791,3.74,1.0,0.0
MA010120220800446482,5,3,0.0533223954060705,4.73,1.0,0.0
MA010120220800446574,5,1,0.0020508613617719,0.0,1.0,0.0
MA010120220800446683,5,3,0.0533223954060705,2.9,1.0,0.0
MA010120220800447151,5,1,0.0061525840853158,5.0,1.0,0.0
MA010120220800447235,5,0,0.0,0.0,1.0,1.0
MA010120220800447437,5,1,0.0123051681706316,3.4,1.0,0.0
MA010120220800447610,5,3,0.0758818703855619,3.3000000000000003,1.0,0.0
MA010120220800447798,5,4,0.1148482362592288,3.67,1.0,0.0
MA010120220800448081,5,3,0.0533223954060705,4.745,1.0,1.0
MA010120220800448125,5,1,0.0020508613617719,4.73,1.0,0.0
MA010120220800448406,5,0,0.0,0.0,0.0,0.0
MA010120220800448466,5,2,0.0205086136177194,4.12,1.0,0.0
MA010120220800448527,5,0,0.0,4.33,1.0,0.0
MA010120220800448668,1,4,0.0943396226415094,2.3,1.0,0.0
MA010120220800448816,5,3,0.071780147662018,4.52,1.0,0.0
MA010120220800449461,5,5,0.6952420016406891,3.1,1.0,1.0
MA010120220800449912,5,2,0.0246103363412633,3.7,1.0,0.0
MA010120220800449996,5,2,0.0225594749794913,4.555,1.0,0.0
MA010120220800450670,5,5,1.0131255127153405,4.3,1.0,1.0
MA010120220800451449,5,5,0.5475799835931091,3.83,1.0,0.0
MA010120220800453127,5,2,0.0164068908941755,4.970000000000001,1.0,0.0
MA010120220800456103,5,5,1.1648892534864643,3.995,0.0,1.0
MA010120220800456176,5,5,0.6275635767022149,4.355,0.0,0.0
MA010120220800457743,5,0,0.0,0.0,1.0,0.0
MA010120220800458310,5,3,0.0553732567678424,3.665,1.0,0.0
MA010120220800458405,5,3,0.0410172272354388,4.64,1.0,0.0
MA010120220800458812,5,4,0.1989335520918786,4.815,1.0,0.0
MA010120220800459367,5,4,0.1989335520918786,2.0,0.0,0.0
MA010120220800459484,5,5,1.8580803937653811,0.0,1.0,1.0
MA010120220800460748,5,4,0.2071369975389664,0.0,1.0,1.0
MA010120220800463626,5,4,0.1292042657916325,4.0200000000000005,0.0,0.0
MA010120220800464407,5,1,0.0143560295324036,4.34,1.0,0.0
MA010120220800464702,5,4,0.1312551271534044,0.0,0.0,1.0
MA010120220800469557,5,4,0.0943396226415094,2.2,0.0,0.0
MA010120220800470004,4,0,0.0,0.0,1.0,0.0
MA010120220800470771,5,0,0.0,0.0,1.0,0.0
MA010120220800472278,5,5,1.398687448728466,3.49,1.0,1.0
MA010120220800472321,5,0,0.0,0.0,0.0,0.0
MA010120220800477216,5,1,0.0061525840853158,4.5600000000000005,1.0,0.0
MA010120220800477601,5,5,0.2645611156685807,4.61,0.0,0.0
MA010120220800478795,5,2,0.0287120590648072,4.695,1.0,0.0
MA010120220800479388,5,0,0.0,5.0,1.0,0.0
MA010120220800480542,5,1,0.0041017227235438,5.0,1.0,0.0
MA010120220800485343,5,5,0.8962264150943395,4.855,1.0,0.0
MA010120220800487690,5,3,0.0799835931091058,4.4,0.0,0.0
MA010120220800490114,5,3,0.0574241181296144,4.74,1.0,0.0
MA010120220800490521,5,1,0.0020508613617719,4.5,1.0,0.0
MA010120220800493301,5,1,0.0082034454470877,4.5,1.0,0.0
MA010120220800496767,5,3,0.0533223954060705,4.9,0.0,0.0
MA010120220800497848,5,1,0.0041017227235438,3.0,1.0,0.0
MA010120220800500138,5,0,0.0,0.0,1.0,0.0
MA010120220800500302,5,2,0.0225594749794913,4.640000000000001,1.0,0.0
MA010120220800501692,5,4,0.1230516817063166,4.380000000000001,1.0,0.0
MA010120220800501786,5,4,0.1415094339622641,4.67,1.0,1.0
MA010120220800502176,5,4,0.1845775225594749,4.555,1.0,1.0
MA010120220800503850,5,3,0.0758818703855619,2.0,1.0,0.0
MA010120220800503927,4,2,0.0328137817883511,4.734999999999999,1.0,0.0
MA010120220800505420,5,2,0.0307629204265791,4.53,1.0,1.0
MA010120220800505619,5,0,0.0,0.0,1.0,0.0
MA010120220800505792,5,2,0.0246103363412633,4.140000000000001,1.0,0.0
MA010120220800506064,5,4,0.1681706316652994,4.62,1.0,0.0
MA010120220800507483,4,5,0.3219852337981952,3.865,1.0,1.0
MA010120220800507658,1,5,0.4204265791632485,2.3,1.0,1.0
MA010120220800507790,5,2,0.034864643150123,3.605,1.0,0.0
MA010120220800508012,5,4,0.1722723543888433,4.58,1.0,0.0
MA010120220800508831,5,2,0.0328137817883511,4.255,1.0,0.0
MA010120220800508988,5,0,0.0,0.0,1.0,0.0
MA010120220800509369,5,0,0.0,0.0,1.0,0.0
MA010120220800510225,5,1,0.0082034454470877,4.635,1.0,1.0
MA010120220800511048,5,0,0.0,0.0,1.0,0.0
MA010120220800511311,5,1,0.0061525840853158,3.0,1.0,0.0
MA010120220800511498,5,3,0.0656275635767022,3.8,1.0,0.0
MA010120220800511623,5,2,0.0225594749794913,3.865,1.0,0.0
MA010120220800511680,5,2,0.0225594749794913,4.0600000000000005,1.0,0.0
MA010120220800511764,5,3,0.0410172272354388,4.2,0.0,0.0
MA010120220800511951,5,4,0.1968826907301066,5.0,1.0,1.0
MA010120220800511972,5,4,0.1681706316652994,4.92,1.0,1.0
MA010120220800512013,5,0,0.0,0.0,1.0,1.0
MA010120220800512071,5,5,0.2748154224774405,4.265000000000001,0.0,0.0
MA010120220800512299,5,0,0.0,0.0,1.0,0.0
MA010120220800512768,5,5,0.3486464315012305,4.56,1.0,0.0
MA010120220800512816,5,0,0.0,0.0,0.0,0.0
MA010120220800512819,5,2,0.0164068908941755,3.75,1.0,0.0
MA010120220800513070,5,4,0.1168990976210008,0.0,1.0,0.0
MA010120220800513104,5,1,0.0082034454470877,4.28,1.0,0.0
MA010120220800513224,4,3,0.0389663658736669,4.675,1.0,0.0
MA010120220800514847,5,0,0.0,0.0,0.0,0.0
MA010120220800515678,5,4,0.182526661197703,4.48,1.0,0.0
MA010120220800516098,5,4,0.0984413453650533,0.0,1.0,0.0
MA010120220800516182,5,2,0.0266611977030352,4.76,1.0,0.0
MA010120220800517118,5,3,0.0758818703855619,4.705,1.0,0.0
MA010120220800517887,5,3,0.0553732567678424,4.8,1.0,0.0
MA010120220800518163,5,4,0.0963904840032813,4.1850000000000005,1.0,0.0
MA010120220800519374,5,3,0.071780147662018,4.9,1.0,1.0
MA010120220800524767,5,4,0.2214930270713699,0.0,1.0,1.0
MA010120220800525679,5,1,0.0082034454470877,0.0,1.0,0.0
MA010120220800527284,5,1,0.0020508613617719,0.0,1.0,0.0
MA010120220800528923,5,5,0.404019688269073,4.34,1.0,0.0
MA010120220800529574,5,1,0.0041017227235438,0.0,1.0,0.0
MA010120220800530091,5,1,0.0082034454470877,4.28,1.0,0.0
MA010120220800531673,1,1,0.0041017227235438,0.0,1.0,0.0
MA010120220800535761,5,0,0.0,0.0,1.0,0.0
MA010120220800536023,5,1,0.0123051681706316,4.725,1.0,0.0
MA010120220800538424,5,5,0.3117309269893355,3.38,1.0,0.0
MA010120220800538451,5,1,0.0082034454470877,5.0,0.0,0.0
MA010120220800538966,5,3,0.0451189499589827,5.0,1.0,0.0
MA010120220800544081,5,0,0.0,0.0,0.0,0.0
MA010120220800544154,5,1,0.0123051681706316,3.0,0.0,0.0
MA010120220800544371,5,5,1.1833470057424118,4.359999999999999,0.0,0.0
MA010120220800544386,5,4,0.2091878589007383,3.635,1.0,0.0
MA010120220800546834,5,0,0.0,0.0,1.0,0.0
MA010120220800548144,5,5,0.3240360951599672,4.25,0.0,0.0
MA010120220800552418,5,4,0.1394585726004922,4.19,0.0,0.0
MA010120220800554314,5,3,0.0594749794913863,0.0,0.0,0.0
MA010120220800555362,5,4,0.1210008203445447,4.6,1.0,1.0
MA010120220800555987,5,5,0.5455291222313372,4.505,1.0,0.0
MA010120220800556161,5,5,0.7198523379819524,4.32,0.0,0.0
MA010120220800556671,5,2,0.0369155045118949,0.0,1.0,1.0
MA010120220800557245,4,3,0.0840853158326497,3.685,1.0,0.0
MA010120220800557415,5,5,1.4109926168990978,4.62,1.0,1.0
MA010120220800558222,5,4,0.182526661197703,4.25,1.0,0.0
MA010120220800558661,5,1,0.0020508613617719,0.0,1.0,0.0
MA010120220800560954,5,3,0.0410172272354388,3.125,1.0,0.0
MA010120220800561014,5,3,0.0533223954060705,4.3,0.0,0.0
MA010120220800561199,4,2,0.0225594749794913,4.15,1.0,0.0
MA010120220800561746,5,2,0.0164068908941755,3.34,0.0,0.0
MA010120220800562989,5,4,0.1620180475799836,3.595,1.0,0.0
MA010120220800564669,5,0,0.0,4.28,1.0,0.0
MA010120220800565454,5,4,0.1579163248564397,0.0,1.0,0.0
MA010120220800565784,5,4,0.1394585726004922,4.705,1.0,0.0
MA010120220800566439,5,5,0.5086136177194421,4.395,1.0,0.0
MA010120220800569661,5,4,0.1374077112387202,4.225,1.0,0.0
MA010120220800570371,5,4,0.2296964725184577,3.965,0.0,0.0
MA010120220800570644,5,0,0.0,0.0,1.0,0.0
MA010120220800573074,5,1,0.0082034454470877,4.359999999999999,1.0,0.0
MA010120220800573470,5,1,0.0102543068088597,4.665,1.0,0.0
MA010120220800573812,5,5,0.3568498769483183,4.095,0.0,1.0
MA010120220800575035,5,3,0.0594749794913863,4.305,0.0,0.0
MA010120220800575933,5,2,0.0164068908941755,4.26,1.0,0.0
MA010120220800577979,5,1,0.0143560295324036,3.7,1.0,0.0
MA010120220800579806,5,4,0.219442165709598,4.0,1.0,0.0
MA010120220800579864,5,0,0.0,0.0,1.0,0.0
MA010120220800580145,5,5,0.6890894175553732,4.63,1.0,0.0
MA010120220800580270,5,4,0.1292042657916325,4.6,1.0,0.0
MA010120220800580961,5,0,0.0,0.0,0.0,0.0
MA010120220800582947,5,1,0.0020508613617719,0.0,1.0,0.0
MA010120220800584002,5,0,0.0,0.0,1.0,0.0
MA010120220800584193,5,2,0.0328137817883511,4.41,0.0,0.0
MA010120220800585784,5,5,0.3158326497128794,3.855,1.0,0.0
MA010120220800586350,5,5,0.2686628383921247,4.265000000000001,1.0,0.0
MA010120220800586382,5,5,0.4860541427399507,3.1,1.0,0.0
MA010120220800587927,5,2,0.0328137817883511,2.5,1.0,0.0
MA010120220800588265,5,2,0.0225594749794913,4.305,1.0,0.0
MA010120220800588344,4,2,0.0184577522559474,3.955,1.0,0.0
MA010120220800588603,5,1,0.0143560295324036,4.35,1.0,1.0
MA010120220800588625,5,3,0.0533223954060705,4.74,1.0,0.0
MA010120220800588758,5,5,0.3896636587366694,4.43,1.0,0.0
MA010120220800589926,5,2,0.0307629204265791,4.890000000000001,1.0,0.0
MA010120220800590196,5,0,0.0,0.0,1.0,0.0
MA010120220800590590,5,0,0.0,0.0,0.0,0.0
MA010120220800590609,4,5,0.7608695652173914,4.1,1.0,0.0
MA010120220800591496,4,2,0.0225594749794913,4.495,1.0,0.0
MA010120220800591574,5,0,0.0,0.0,0.0,0.0
MA010120220800591726,5,4,0.1681706316652994,4.18,1.0,0.0
MA010120220800591984,5,1,0.0102543068088597,4.5,1.0,0.0
MA010120220800592636,5,2,0.0369155045118949,4.72,1.0,1.0
MA010120220800593154,5,5,0.7998359310910583,4.315,1.0,0.0
MA010120220800593949,5,0,0.0,0.0,1.0,0.0
MA010120220800594332,5,0,0.0,0.0,1.0,0.0
MA010120220800594420,5,5,0.5803937653814603,4.484999999999999,0.0,0.0
MA010120220800594964,5,2,0.0184577522559474,3.8,1.0,0.0
MA010120220800595309,5,4,0.1681706316652994,4.83,1.0,1.0
MA010120220800595484,5,0,0.0,0.0,1.0,0.0
MA010120220800595606,5,4,0.1640689089417555,4.74,0.0,1.0
MA010120220800595625,5,2,0.0307629204265791,3.755,1.0,0.0
MA010120220800595734,5,3,0.0471698113207547,4.63,1.0,0.0
MA010120220800595871,5,0,0.0,0.0,0.0,0.0
MA010120220800596435,5,5,0.3014766201804758,4.449999999999999,1.0,0.0
MA010120220800596556,5,3,0.0615258408531583,4.645,1.0,1.0
MA010120220800596804,5,1,0.0123051681706316,3.85,1.0,0.0
MA010120220800597413,5,2,0.0246103363412633,3.9,1.0,0.0
MA010120220800597561,5,2,0.0266611977030352,4.779999999999999,1.0,1.0
MA010120220800598011,5,2,0.0225594749794913,4.21,1.0,0.0
MA010120220800598014,5,0,0.0,0.0,1.0,0.0
MA010120220800598525,5,1,0.0102543068088597,4.5,1.0,0.0
MA010120220800599218,5,4,0.2153404429860541,4.4,1.0,0.0
MA010120220800599549,5,1,0.0102543068088597,4.48,1.0,0.0
MA010120220800600318,5,3,0.0738310090237899,3.905,1.0,0.0
MA010120220800600409,5,4,0.0943396226415094,4.720000000000001,1.0,0.0
MA010120220800600421,5,3,0.0492206726825266,4.73,1.0,0.0
MA010120220800600549,5,3,0.0758818703855619,2.2,1.0,0.0
MA010120220800600809,5,5,0.5086136177194421,4.5,1.0,1.0
MA010120220800600866,5,1,0.0082034454470877,4.46,1.0,0.0
MA010120220800600941,5,5,0.3958162428219852,4.065,0.0,0.0
MA010120220800600994,5,3,0.0533223954060705,4.5,1.0,0.0
MA010120220800601088,5,4,0.1415094339622641,4.3,0.0,0.0
MA010120220800601441,5,1,0.0102543068088597,3.4,1.0,0.0
MA010120220800601741,5,0,0.0,0.0,1.0,0.0
MA010120220800601888,5,3,0.071780147662018,4.295,1.0,0.0
MA010120220800602147,5,2,0.0205086136177194,4.725,1.0,0.0
MA010120220800602162,5,2,0.034864643150123,3.7,1.0,0.0
MA010120220800602225,5,4,0.1025430680885972,4.455,1.0,0.0
MA010120220800602899,5,5,0.4552912223133716,5.0,1.0,0.0
MA010120220800603138,5,4,0.1804757998359311,4.315,1.0,0.0
MA010120220800603323,5,5,0.4142739950779328,4.16,0.0,0.0
MA010120220800603474,5,1,0.0102543068088597,4.29,1.0,1.0
MA010120220800603636,5,0,0.0,4.25,1.0,0.0
MA010120220800604107,5,4,0.1538146021328958,2.4,1.0,0.0
MA010120220800605297,5,3,0.0430680885972108,5.0,1.0,1.0
MA010120220800606743,5,5,0.5968006562756357,4.72,1.0,0.0
MA010120220800606841,5,2,0.0246103363412633,4.09,1.0,0.0
MA010120220800606969,5,5,0.6562756357670221,4.18,1.0,0.0
MA010120220800607725,5,0,0.0,0.0,1.0,0.0
MA010120220800609081,5,2,0.034864643150123,4.5,1.0,0.0
MA010120220800609658,5,2,0.034864643150123,5.0,1.0,0.0
MA010120220800610044,5,1,0.0143560295324036,3.745,1.0,0.0
MA010120220800610625,5,4,0.1045939294503691,4.76,1.0,0.0
MA010120220800610655,5,1,0.0020508613617719,3.92,1.0,0.0
MA010120220800612747,5,4,0.1312551271534044,4.300000000000001,1.0,0.0
MA010120220800614720,5,4,0.1681706316652994,3.675,1.0,0.0
MA010120220800617409,5,3,0.0492206726825266,3.67,1.0,0.0
MA010120220800618091,4,5,1.878589007383101,4.335,1.0,1.0
MA010120220800618253,5,2,0.0246103363412633,4.36,0.0,0.0
MA010120220800618422,5,5,1.7493847415914685,3.9,1.0,0.0
MA010120220800621393,1,4,0.2420016406890894,4.695,1.0,1.0
MA010120220800621777,5,5,0.328137817883511,3.4850000000000003,0.0,1.0
MA010120220800621846,1,0,0.0,0.0,1.0,0.0
MA010120220800622236,1,0,0.0,0.0,1.0,0.0
MA010120220800623224,5,0,0.0,0.0,1.0,0.0
MA010120220800623309,5,0,0.0,5.0,1.0,0.0
MA010120220800623752,4,0,0.0,0.0,1.0,0.0
MA010120220800623943,4,1,0.0123051681706316,4.5,1.0,0.0
MA010120220800624033,4,0,0.0,0.0,1.0,0.0
MA010120220800624297,4,1,0.0102543068088597,3.4,0.0,0.0
MA010120220800624337,4,2,0.0328137817883511,5.0,1.0,0.0
MA010120220800624758,5,0,0.0,0.0,1.0,0.0
MA010120220800626405,1,0,0.0,0.0,0.0,0.0
MA010120220800631247,5,3,0.0389663658736669,4.585,1.0,0.0
MA010120220800632413,5,5,1.1136177194421657,4.61,1.0,0.0
MA010120220800632853,5,0,0.0,0.0,1.0,0.0
MA010120220800634144,5,4,0.1886792452830188,4.23,0.0,0.0
MA010120220800635981,1,1,0.0102543068088597,0.0,1.0,0.0
MA010120220800636592,5,3,0.071780147662018,0.0,1.0,0.0
MA010120220800636797,5,3,0.0574241181296144,4.5,1.0,0.0
MA010120220800637666,5,2,0.0205086136177194,3.8,1.0,0.0
MA010120220800638268,5,5,1.7206726825266614,0.0,1.0,0.0
MA010120220800639719,5,1,0.0041017227235438,0.0,1.0,0.0
MA010120220800639902,5,3,0.0861361771944216,4.154999999999999,1.0,0.0
MA010120220800643564,5,2,0.0184577522559474,4.1,1.0,0.0
MA010120220800643622,5,0,0.0,0.0,1.0,0.0
MA010120220800645237,5,1,0.0123051681706316,4.42,0.0,0.0
MA010120220800649207,5,0,0.0,0.0,1.0,0.0
MA010120220800649613,5,3,0.0676784249384741,2.3,1.0,0.0
MA010120220800650074,5,1,0.0061525840853158,4.04,1.0,0.0
MA010120220800650247,5,1,0.0041017227235438,3.0,1.0,0.0
MA010120220800651040,5,3,0.0574241181296144,4.135,1.0,0.0
MA010120220800652103,5,5,1.2756357670221494,4.5,1.0,0.0
MA010120220800652164,4,4,0.1435602953240361,4.305,1.0,0.0
MA010120220800652542,5,0,0.0,4.0,0.0,0.0
MA010120220800655475,5,1,0.0102543068088597,2.6,1.0,0.0
MA010120220800655582,5,0,0.0,0.0,1.0,0.0
MA010120220800657461,5,0,0.0,0.0,1.0,0.0
MA010120220800661033,5,5,1.173092698933552,4.105,1.0,0.0
MA010120220800663506,5,2,0.0307629204265791,4.715,1.0,0.0
MA010120220800663776,5,4,0.254306808859721,4.2,1.0,1.0
MA010120220800664197,5,0,0.0,4.3,0.0,0.0
MA010120220800667127,5,5,1.068498769483183,2.7,1.0,0.0
MA010120220800669773,5,1,0.0020508613617719,4.95,1.0,1.0
MA010120220800672495,5,1,0.0020508613617719,5.0,1.0,0.0
MA010120220800674306,5,1,0.0020508613617719,5.0,1.0,0.0
MA010120220800675631,5,5,0.3876127973748974,4.6,0.0,0.0
MA010120220800678781,5,2,0.0164068908941755,0.0,1.0,0.0
MA010120220800680157,5,0,0.0,0.0,1.0,0.0
MA010120220800680354,4,5,0.8203445447087777,4.17,1.0,0.0
MA010120220800680448,5,2,0.0225594749794913,3.0,1.0,0.0
MA010120220800680517,5,0,0.0,0.0,1.0,0.0
MA010120220800684276,5,3,0.0738310090237899,4.345000000000001,0.0,0.0
MA010120220800684786,5,2,0.0287120590648072,4.54,1.0,0.0
MA010120220800684859,1,5,0.4265791632485644,4.64,0.0,0.0
MA010120220800684990,5,2,0.034864643150123,4.3,1.0,0.0
MA010120220800685829,5,2,0.0328137817883511,3.1950000000000003,1.0,0.0
MA010120220800686302,5,5,1.8252666119770304,4.78,1.0,0.0
MA010120220800686511,5,1,0.0143560295324036,4.57,1.0,0.0
MA010120220800686569,1,2,0.0184577522559474,4.26,1.0,0.0
MA010120220800686724,5,5,0.6890894175553732,5.0,1.0,0.0
MA010120220800688380,5,4,0.2296964725184577,4.7,0.0,0.0
MA010120220800690111,5,3,0.0451189499589827,3.4,1.0,0.0
MA010120220800690891,5,3,0.0697292863002461,0.0,1.0,0.0
MA010120220800691218,5,0,0.0,0.0,1.0,0.0
MA010120220800692786,5,5,1.5196882690730107,4.31,1.0,0.0
MA010120220800693486,5,4,0.1127973748974569,5.0,1.0,0.0
MA010120220800696112,5,1,0.0041017227235438,0.0,1.0,1.0
MA010120220800696529,5,5,0.2809680065627563,3.1,1.0,0.0
MA010120220800696795,5,1,0.0102543068088597,0.0,1.0,0.0
MA010120220800699220,4,5,0.3753076292042657,4.86,0.0,0.0
MA010120220800699367,5,0,0.0,0.0,1.0,0.0
MA010120220800699891,5,3,0.0410172272354388,4.62,1.0,1.0
MA010120220800703244,5,1,0.0020508613617719,0.0,1.0,0.0
MA010120220800708249,5,2,0.0328137817883511,4.68,1.0,0.0
MA010120220800713617,5,1,0.0082034454470877,2.0,1.0,0.0
MA010120220800714599,5,1,0.0020508613617719,4.29,1.0,0.0
MA010120220800715359,5,0,0.0,0.0,1.0,0.0
MA010120220800716259,5,1,0.0041017227235438,0.0,1.0,0.0
MA010120220800718162,5,0,0.0,0.0,0.0,0.0
MA010120220800719048,4,1,0.0123051681706316,4.465,1.0,0.0
MA010120220800719509,4,3,0.0738310090237899,4.36,1.0,0.0
MA010120220800724786,5,2,0.0266611977030352,4.77,1.0,0.0
MA010120220800725910,5,1,0.0102543068088597,4.0,1.0,0.0
MA010120220800728834,5,2,0.0225594749794913,4.8,1.0,0.0
MA010120220800731028,5,1,0.0020508613617719,4.46,1.0,0.0
MA010120220800733344,5,1,0.0041017227235438,4.63,1.0,0.0
MA010120220800734011,5,0,0.0,0.0,1.0,0.0
MA010120220800735816,5,5,0.3424938474159147,0.0,1.0,0.0
MA010120220800738133,5,2,0.0184577522559474,4.65,1.0,0.0
MA010120220800739133,5,1,0.0041017227235438,4.6,1.0,0.0
MA010120220800739617,4,4,0.1210008203445447,3.64,1.0,1.0
MA010120220800740638,5,1,0.0041017227235438,4.22,0.0,0.0
MA010120220800740735,5,5,0.6931911402789172,2.9,1.0,0.0
MA010120220800741681,5,4,0.1127973748974569,4.58,1.0,1.0
MA010120220800743175,5,5,0.6931911402789172,4.47,1.0,1.0
MA010120220800743231,5,1,0.0020508613617719,0.0,1.0,1.0
MA010120220800743409,5,1,0.0102543068088597,4.2,1.0,0.0
MA010120220800743421,5,2,0.0328137817883511,4.63,1.0,0.0
MA010120220800744721,5,5,1.8191140278917144,2.7,1.0,0.0
MA010120220800745416,4,5,0.4511894995898277,4.734999999999999,1.0,1.0
MA010120220800746676,5,1,0.0020508613617719,4.63,1.0,0.0
MA010120220800750107,5,1,0.0061525840853158,4.43,1.0,0.0
MA010120220800750406,5,3,0.0492206726825266,4.19,1.0,0.0
MA010120220800750411,4,1,0.0020508613617719,2.0,1.0,0.0
MA010120220800750703,5,4,0.1127973748974569,3.285,1.0,0.0
MA010120220800751891,4,3,0.0902378999179655,4.52,1.0,0.0
MA010120220800753027,5,4,0.1620180475799836,4.745,1.0,1.0
MA010120220800753589,5,0,0.0,0.0,1.0,0.0
MA010120220800755031,5,2,0.0184577522559474,0.0,1.0,1.0
MA010120220800756247,5,0,0.0,0.0,0.0,1.0
MA010120220800756699,5,3,0.0389663658736669,4.05,1.0,0.0
MA010120220800756955,4,5,0.4163248564397047,0.0,1.0,0.0
MA010120220800756979,5,3,0.0656275635767022,2.8,1.0,0.0
MA010120220800757153,5,3,0.0410172272354388,4.5,1.0,0.0
MA010120220800758591,5,3,0.0779327317473338,3.76,1.0,0.0
MA010120220800759027,5,2,0.0328137817883511,4.815,1.0,0.0
MA010120220800763505,1,1,0.0020508613617719,1.0,1.0,0.0
MA010120220800766191,5,0,0.0,0.0,1.0,0.0
MA010120220800766784,5,0,0.0,0.0,1.0,0.0
MA010120220800767107,1,0,0.0,0.0,0.0,0.0
MA010120220800772396,5,0,0.0,0.0,1.0,0.0
MA010120220800773509,5,0,0.0,0.0,1.0,0.0
MA010120220800773567,5,0,0.0,0.0,1.0,0.0
MA010120220800777134,5,0,0.0,0.0,1.0,0.0
MA010120220800779808,5,1,0.0041017227235438,4.29,1.0,0.0
MA010120220800781024,5,1,0.0020508613617719,4.33,1.0,0.0
MA010120220800781987,1,0,0.0,0.0,1.0,0.0
MA010120220800783530,4,1,0.0020508613617719,4.5,1.0,1.0
MA010120220800783875,5,0,0.0,0.0,0.0,0.0
MA010120220800784558,5,3,0.0635767022149302,2.855,1.0,0.0
MA010120220800784998,5,2,0.0246103363412633,3.0,1.0,0.0
MA010120220800785405,1,0,0.0,0.0,1.0,0.0
MA010120220800785598,5,0,0.0,0.0,1.0,0.0
MA010120220800786224,4,3,0.0758818703855619,4.24,1.0,0.0
MA010120220800786782,5,1,0.0061525840853158,4.775,1.0,1.0
MA010120220800787417,5,1,0.0082034454470877,4.3,0.0,0.0
MA010120220800790997,5,4,0.1640689089417555,4.37,1.0,0.0
MA010120220800791367,5,2,0.0225594749794913,1.8,0.0,0.0
MA010120220800791423,5,5,0.4286300246103363,4.3,1.0,0.0
MA010120220800792112,5,2,0.034864643150123,4.255,1.0,0.0
MA010120220800792638,4,3,0.0820344544708777,5.0,1.0,0.0
MA010120220800792689,5,2,0.0287120590648072,4.635,1.0,0.0
MA010120220800792722,4,4,0.1763740771123872,4.73,1.0,1.0
MA010120220800792961,5,3,0.0615258408531583,4.5,1.0,1.0
MA010120220800793308,5,1,0.0143560295324036,4.23,1.0,0.0
MA010120220800793319,5,3,0.0656275635767022,3.585,1.0,0.0
MA010120220800794628,5,5,0.5619360131255127,0.0,1.0,1.0
MA010120220800794903,5,2,0.0205086136177194,3.02,1.0,0.0
MA010120220800795059,5,2,0.0184577522559474,4.835,1.0,0.0
MA010120220800795083,5,2,0.0328137817883511,3.985,1.0,1.0
MA010120220800795375,5,1,0.0143560295324036,4.7,1.0,0.0
MA010120220800796213,5,4,0.0984413453650533,4.07,1.0,0.0
MA010120220800796415,5,0,0.0,0.0,0.0,1.0
MA010120220800797057,5,3,0.0533223954060705,4.375,1.0,0.0
MA010120220800797068,5,2,0.0328137817883511,3.9,1.0,0.0
MA010120220800797088,5,1,0.0020508613617719,3.0,1.0,0.0
MA010120220800797561,5,4,0.256357670221493,4.7,1.0,0.0
MA010120220800797670,5,3,0.0799835931091058,3.98,1.0,0.0
MA010120220800798005,5,5,0.3178835110746513,4.175,1.0,0.0
MA010120220800798117,5,2,0.0205086136177194,3.015,1.0,0.0
MA010120220800798148,5,1,0.0061525840853158,2.3,0.0,0.0
MA010120220800799067,5,2,0.0287120590648072,4.545,1.0,1.0
MA010120220800799640,5,2,0.0184577522559474,4.47,1.0,0.0
MA010120220800799791,5,4,0.1497128794093519,4.695,1.0,0.0
MA010120220800800682,4,1,0.0020508613617719,3.78,1.0,0.0
MA010120220800800855,5,5,0.3691550451189499,4.3100000000000005,1.0,0.0
MA010120220800800867,5,1,0.0102543068088597,0.0,1.0,1.0
MA010120220800801652,5,1,0.0041017227235438,0.0,1.0,0.0
MA010120220800802313,1,1,0.0020508613617719,4.3,1.0,0.0
MA010120220800803200,5,2,0.0369155045118949,0.0,1.0,0.0
MA010120220800803744,5,4,0.2502050861361772,4.86,1.0,0.0
MA010120220800804425,1,4,0.1866283839212469,4.205,1.0,0.0
MA010120220800804852,5,5,1.3351107465135357,4.41,1.0,0.0
MA010120220800804950,5,4,0.1804757998359311,2.9,1.0,1.0
MA010120220800806302,1,4,0.1066447908121411,4.8,1.0,0.0
MA010120220800807575,5,4,0.1107465135356849,4.22,1.0,1.0
MA010120220800807750,5,4,0.1148482362592288,4.71,1.0,0.0
MA010120220800807828,5,3,0.0615258408531583,4.5,1.0,0.0
MA010120220800807951,5,0,0.0,0.0,1.0,0.0
MA010120220800808010,5,4,0.1476620180475799,0.0,1.0,0.0
MA010120220800808012,5,0,0.0,0.0,1.0,0.0
MA010120220800809083,5,1,0.0041017227235438,4.41,1.0,1.0
MA010120220800809614,5,3,0.0471698113207547,2.0,1.0,0.0
MA010120220800809631,5,5,0.2604593929450369,4.880000000000001,1.0,0.0
MA010120220800811228,5,4,0.2399507793273174,4.585,1.0,0.0
MA010120220800815995,5,4,0.2009844134536505,3.935,1.0,0.0
MA010120220800818694,5,0,0.0,0.0,0.0,0.0
MA010120220800819331,5,0,0.0,0.0,1.0,0.0
MA010120220800819627,1,0,0.0,0.0,1.0,0.0
MA010120220800822818,1,0,0.0,3.95,0.0,0.0
MA010120220800823163,5,0,0.0,0.0,1.0,0.0
MA010120220800823445,5,0,0.0,0.0,0.0,0.0
MA010120220800827677,5,4,0.1435602953240361,4.865,1.0,0.0
MA010120220800828466,5,2,0.0246103363412633,4.79,1.0,1.0
MA010120220800830067,5,2,0.0287120590648072,4.4350000000000005,1.0,1.0
MA010120220800833359,1,4,0.1948318293683347,4.1,1.0,0.0
MA010120220800835123,5,5,0.4614438063986875,0.0,0.0,0.0
MA010120220800835308,5,3,0.0410172272354388,4.455,1.0,0.0
MA010120220800835864,5,1,0.0061525840853158,2.3,1.0,0.0
MA010120220800836296,5,4,0.1558654634946677,4.3,1.0,0.0
MA010120220800836409,5,1,0.0020508613617719,4.5,1.0,0.0
MA010120220800837315,5,1,0.0041017227235438,4.67,1.0,1.0
MA010120220800838120,5,1,0.0061525840853158,3.685,1.0,0.0
MA010120220800839313,5,5,1.7698933552091878,0.0,1.0,0.0
MA010120220800839835,5,2,0.0328137817883511,4.3,1.0,0.0
MA010120220800840306,5,5,0.4983593109105824,4.6,1.0,1.0
MA010120220800840342,5,5,0.5557834290401968,3.81,1.0,0.0
MA010120220800841757,5,4,0.1661197703035274,4.86,1.0,0.0
MA010120220800841975,5,3,0.0553732567678424,4.970000000000001,1.0,0.0
MA010120220800842304,5,5,0.3794093519278096,4.9,1.0,0.0
MA010120220800842361,4,3,0.0902378999179655,4.505,1.0,0.0
MA010120220800845773,5,4,0.1107465135356849,4.215,1.0,0.0
MA010120220800847139,5,1,0.0082034454470877,5.0,1.0,0.0
MA010120220800850849,4,1,0.0041017227235438,5.0,0.0,0.0
MA010120220800851214,5,2,0.0184577522559474,3.9,1.0,0.0
MA010120220800851299,5,0,0.0,0.0,0.0,0.0
MA010120220800851516,5,3,0.0410172272354388,2.8,1.0,0.0
MA010120220800854284,5,1,0.0143560295324036,4.3,1.0,0.0
MA010120220800856732,5,2,0.0164068908941755,4.94,1.0,0.0
MA010120220800858264,5,0,0.0,4.83,1.0,0.0
MA010120220800860621,5,1,0.0061525840853158,4.42,1.0,1.0
MA010120220800861568,5,2,0.0287120590648072,3.965,1.0,0.0
MA010120220800861943,5,2,0.0266611977030352,4.63,1.0,0.0
MA010120220800864094,5,1,0.0020508613617719,0.0,1.0,0.0
MA010120220800867421,5,0,0.0,4.24,1.0,0.0
MA010120220800868947,5,0,0.0,0.0,1.0,0.0
MA010120220800871686,5,0,0.0,0.0,0.0,0.0
MA010120220800872151,5,0,0.0,0.0,1.0,0.0
MA010120220800874094,5,2,0.0164068908941755,1.0,1.0,0.0
MA010120220800874219,5,0,0.0,0.0,1.0,0.0
MA010120220800877425,5,0,0.0,0.0,0.0,0.0
MA010120220800877666,5,3,0.0758818703855619,4.15,1.0,0.0
MA010120220800878760,5,1,0.0143560295324036,5.0,1.0,0.0
MA010120220800878766,5,2,0.0184577522559474,4.5,1.0,0.0
MA010120220800879390,4,4,0.1702214930270713,4.3,1.0,0.0
MA010120220800879667,5,4,0.1907301066447908,4.595,1.0,0.0
MA010120220800880476,5,1,0.0082034454470877,3.0,1.0,0.0
MA010120220800880909,5,3,0.0697292863002461,4.335,1.0,0.0
MA010120220800881325,5,2,0.0287120590648072,4.545,1.0,0.0
MA010120220800882160,1,3,0.0492206726825266,3.4,1.0,0.0
MA010120220800882204,5,0,0.0,0.0,1.0,0.0
MA010120220800883051,5,4,0.1640689089417555,4.015,1.0,0.0
MA010120220800883493,5,3,0.0471698113207547,0.0,1.0,1.0
MA010120220800883644,5,1,0.0123051681706316,0.0,1.0,0.0
MA010120220800884569,5,4,0.1045939294503691,4.63,0.0,0.0
MA010120220800884681,5,1,0.0061525840853158,4.57,1.0,0.0
MA010120220800885503,5,3,0.0512715340442986,4.654999999999999,1.0,0.0
MA010120220800886336,5,1,0.0020508613617719,4.575,1.0,0.0
MA010120220800886427,5,4,0.2358490566037736,3.8,1.0,1.0
MA010120220800886958,5,0,0.0,0.0,0.0,0.0
MA010120220800887376,5,5,0.2953240360951599,4.59,1.0,0.0
MA010120220800887583,5,2,0.0266611977030352,4.609999999999999,1.0,0.0
MA010120220800887855,5,2,0.0246103363412633,0.0,1.0,0.0
MA010120220800887872,5,4,0.1599671862182116,3.865,1.0,0.0
MA010120220800888096,5,1,0.0102543068088597,4.37,0.0,1.0
MA010120220800888923,5,1,0.0061525840853158,4.4,1.0,0.0
MA010120220800889058,1,1,0.0061525840853158,5.0,1.0,0.0
MA010120220800890254,5,1,0.0143560295324036,5.0,1.0,0.0
MA010120220800892421,5,1,0.0061525840853158,4.24,1.0,0.0
MA010120220800893253,1,1,0.0020508613617719,0.0,1.0,0.0
MA010120220800894049,5,1,0.0061525840853158,4.975,1.0,1.0
MA010120220800894439,5,5,0.3958162428219852,4.6,1.0,1.0
MA010120220800896110,5,1,0.0102543068088597,4.15,1.0,0.0
MA010120220800896244,5,3,0.0635767022149302,3.7,0.0,1.0
MA010120220800896750,1,0,0.0,0.0,1.0,1.0
MA010120220800902242,1,0,0.0,4.28,1.0,1.0
MA010120220800903218,1,5,1.1546349466776045,4.55,0.0,0.0
MA010120220800903368,5,0,0.0,0.0,1.0,0.0
MA010120220800904947,5,0,0.0,0.0,0.0,0.0
MA010120220800905116,5,1,0.0041017227235438,0.0,0.0,0.0
MA010120220800905229,5,3,0.0676784249384741,0.0,0.0,0.0
MA010120220800910011,5,3,0.0758818703855619,4.75,1.0,0.0
MA010120220800910551,5,4,0.2481542247744052,4.48,0.0,0.0
MA010120220800911831,5,4,0.0922887612797374,4.67,0.0,1.0
MA010120220800912899,5,3,0.0533223954060705,4.49,1.0,0.0
MA010120220800915909,5,3,0.071780147662018,4.17,1.0,0.0
MA010120220800916280,5,2,0.034864643150123,0.0,1.0,1.0
MA010120220800917451,5,2,0.0205086136177194,4.315,1.0,0.0
MA010120220800917899,5,4,0.1230516817063166,4.234999999999999,1.0,0.0
MA010120220800917921,5,1,0.0020508613617719,4.0,1.0,0.0
MA010120220800918324,5,5,0.5065627563576702,4.455,1.0,0.0
MA010120220800920433,5,3,0.0512715340442986,3.3,1.0,0.0
MA010120220800920785,5,0,0.0,0.0,1.0,0.0
MA010120220800921659,5,1,0.0102543068088597,3.4,1.0,0.0
MA010120220800921729,1,3,0.0615258408531583,5.0,1.0,0.0
MA010120220800922530,5,0,0.0,0.0,1.0,0.0
MA010120220800923577,5,5,0.4347826086956521,4.54,1.0,0.0
MA010120220800924818,1,0,0.0,0.0,0.0,0.0
MA010120220800925586,5,1,0.0061525840853158,0.0,1.0,0.0
MA010120220800925698,5,4,0.1025430680885972,4.15,1.0,0.0
MA010120220800925789,5,3,0.0738310090237899,5.0,0.0,0.0
MA010120220800925891,5,4,0.2091878589007383,4.0,1.0,0.0
MA010120220800926370,5,2,0.0205086136177194,4.36,1.0,1.0
MA010120220800929786,4,3,0.0553732567678424,0.0,1.0,0.0
MA010120220800938547,5,1,0.0020508613617719,4.25,1.0,0.0
MA010120220800944785,5,0,0.0,0.0,1.0,0.0
MA010120220800946667,5,4,0.1640689089417555,2.0,1.0,0.0
MA010120220800947738,5,1,0.0020508613617719,4.78,1.0,0.0
MA010120220800948143,5,3,0.0492206726825266,0.0,1.0,0.0
MA010120220800950813,5,2,0.0328137817883511,4.15,1.0,0.0
MA010120220800951038,5,3,0.0389663658736669,3.355,1.0,0.0
MA010120220800952006,5,1,0.0082034454470877,4.67,1.0,0.0
MA010120220800952616,5,0,0.0,4.05,1.0,0.0
MA010120220800960865,5,5,0.5619360131255127,3.1,0.0,0.0
MA010120220800962047,5,5,0.6706316652994257,2.87,0.0,0.0
MA010120220800962704,5,3,0.0738310090237899,4.75,1.0,0.0
MA010120220800963813,5,5,0.2994257588187038,4.7,1.0,0.0
MA010120220800964728,5,3,0.0902378999179655,1.9,1.0,0.0
MA010120220800968009,5,1,0.0143560295324036,4.555,1.0,0.0
MA010120220800968685,5,0,0.0,4.73,1.0,0.0
MA010120220800969046,5,4,0.1271534044298605,5.0,0.0,0.0
MA010120220800969359,5,0,0.0,0.0,1.0,0.0
MA010120220800970633,5,3,0.071780147662018,4.66,1.0,0.0
MA010120220800971924,5,4,0.1066447908121411,4.62,1.0,0.0
MA010120220800973086,5,4,0.1579163248564397,4.245,1.0,0.0
MA010120220800974816,5,1,0.0020508613617719,0.0,1.0,0.0
MA010120220800975860,5,5,0.3014766201804758,4.22,1.0,0.0
MA010120220800976304,5,5,0.2871205906480722,4.025,1.0,0.0
MA010120220800977558,5,5,0.7936833470057424,4.6,1.0,0.0
MA010120220800977899,5,3,0.0902378999179655,4.265000000000001,1.0,0.0
MA010120220800978275,5,2,0.0164068908941755,4.6850000000000005,1.0,0.0
MA010120220800978372,5,5,1.948318293683347,4.415,1.0,1.0
MA010120220800978533,5,3,0.0553732567678424,3.175,1.0,0.0
MA010120220800979104,5,4,0.1230516817063166,2.0,1.0,0.0
MA010120220800979823,5,4,0.1579163248564397,4.315,1.0,0.0
MA010120220800979986,5,3,0.0533223954060705,3.705,1.0,0.0
MA010120220800980142,5,3,0.0410172272354388,4.195,1.0,0.0
MA010120220800980334,5,2,0.0184577522559474,4.26,1.0,0.0
MA010120220800980913,5,1,0.0102543068088597,0.0,1.0,0.0
MA010120220800981640,5,5,0.3158326497128794,4.265000000000001,1.0,0.0
MA010120220800981958,5,1,0.0020508613617719,5.0,1.0,0.0
MA010120220800982731,5,5,1.7780968006562756,0.0,0.0,0.0
MA010120220800982878,5,2,0.0369155045118949,4.425,1.0,0.0
MA010120220800983616,5,1,0.0061525840853158,4.5,1.0,0.0
MA010120220800984061,5,3,0.0697292863002461,3.9,0.0,1.0
MA010120220800984087,5,1,0.0082034454470877,4.5,1.0,0.0
MA010120220800984299,5,2,0.0369155045118949,3.91,1.0,0.0
MA010120220800984323,5,1,0.0020508613617719,0.0,1.0,0.0
MA010120220800984709,5,0,0.0,0.0,1.0,0.0
MA010120220800984958,5,1,0.0102543068088597,2.505,1.0,1.0
MA010120220800984982,5,4,0.1230516817063166,4.895,1.0,0.0
MA010120220800985082,5,2,0.0225594749794913,4.3,1.0,0.0
MA010120220800985679,5,2,0.0205086136177194,3.795,1.0,0.0
MA010120220800986175,5,4,0.1107465135356849,4.755,1.0,0.0
MA010120220800986700,5,3,0.0635767022149302,4.86,1.0,0.0
MA010120220800986749,5,2,0.0164068908941755,4.3,1.0,0.0
MA010120220800986785,5,4,0.1866283839212469,3.2,1.0,0.0
MA010120220800987092,5,1,0.0082034454470877,4.775,1.0,0.0
MA010120220800987300,5,2,0.0287120590648072,4.57,1.0,0.0
MA010120220800987903,5,2,0.0287120590648072,2.4,0.0,0.0
MA010120220800988336,5,4,0.1415094339622641,4.41,1.0,0.0
MA010120220800988656,5,0,0.0,4.06,1.0,0.0
MA010120220800988779,5,1,0.0082034454470877,4.31,1.0,0.0
MA010120220800989289,4,3,0.0779327317473338,3.79,1.0,0.0
MA010120220800989334,5,1,0.0041017227235438,4.23,1.0,1.0
MA010120220800989587,5,5,0.4450369155045119,4.21,1.0,1.0
MA010120220800989629,4,4,0.0943396226415094,4.4,1.0,1.0
MA010120220800989713,5,2,0.0287120590648072,4.44,1.0,0.0
MA010120220800989736,5,2,0.0246103363412633,5.0,1.0,0.0
MA010120220800989980,5,3,0.0512715340442986,4.425,1.0,0.0
MA010120220800990092,5,4,0.145611156685808,4.1850000000000005,1.0,0.0
MA010120220800990189,5,3,0.0820344544708777,4.745,1.0,0.0
MA010120220800990370,5,4,0.1866283839212469,4.4,0.0,0.0
MA010120220800990686,4,2,0.034864643150123,4.67,1.0,1.0
MA010120220800991039,5,4,0.0943396226415094,4.7,1.0,0.0
MA010120220800991869,5,4,0.217391304347826,4.2,1.0,1.0
MA010120220800992072,5,1,0.0123051681706316,5.0,1.0,1.0
MA010120220800992852,5,4,0.1251025430680886,4.56,1.0,0.0
MA010120220800993573,5,1,0.0082034454470877,4.7,1.0,1.0
MA010120220800994009,5,4,0.1045939294503691,4.5,0.0,0.0
MA010120220800995837,5,5,0.9762100082034454,4.495,1.0,1.0
MA010120220800996296,5,4,0.1763740771123872,4.57,1.0,1.0
MA010120220800997061,5,3,0.0615258408531583,2.0,1.0,0.0
MA010120220800997783,5,5,0.623461853978671,4.08,0.0,0.0
MA010120220800997820,5,3,0.0451189499589827,4.8,1.0,0.0
MA010120220800998093,5,0,0.0,0.0,1.0,0.0
MA010120220801006408,4,2,0.0164068908941755,0.0,1.0,0.0
MA010120220801007517,4,0,0.0,0.0,1.0,0.0
MA010120220801009646,5,1,0.0020508613617719,1.0,1.0,0.0
MA010120220801009876,5,0,0.0,0.0,1.0,0.0
MA010120220801012282,5,2,0.0205086136177194,3.58,1.0,0.0
MA010120220801012921,5,0,0.0,0.0,1.0,0.0
MA010120220801020372,5,2,0.0184577522559474,3.98,1.0,0.0
MA010120220801022061,5,3,0.0492206726825266,0.0,0.0,1.0
MA010120220801023660,4,1,0.0020508613617719,5.0,1.0,0.0
MA010120220801023832,5,0,0.0,0.0,1.0,0.0
MA010120220801024643,5,4,0.0922887612797374,1.4,1.0,0.0
MA010120220801025061,4,2,0.0246103363412633,2.3,1.0,0.0
MA010120220801027117,5,2,0.0205086136177194,4.8,1.0,0.0
MA010120220801028447,5,5,0.2666119770303527,3.255,1.0,0.0
MA010120220801030051,5,1,0.0082034454470877,4.15,1.0,1.0
MA010120220801030340,5,4,0.2030352748154225,4.455,1.0,1.0
MA010120220801031739,5,4,0.2091878589007383,4.62,1.0,0.0
MA010120220801032397,5,0,0.0,0.0,1.0,0.0
MA010120220801034128,5,4,0.1804757998359311,0.0,1.0,1.0
MA010120220801034619,5,5,0.6439704675963904,3.3,1.0,0.0
MA010120220801036915,5,2,0.0307629204265791,0.0,1.0,1.0
MA010120220801037378,5,4,0.1189499589827727,3.95,1.0,1.0
MA010120220801038100,5,2,0.0164068908941755,4.74,1.0,0.0
MA010120220801038276,5,1,0.0020508613617719,1.0,1.0,0.0
MA010120220801038754,5,4,0.1210008203445447,4.7,1.0,0.0
MA010120220801039516,5,1,0.0041017227235438,4.32,1.0,0.0
MA010120220801039580,5,1,0.0041017227235438,5.0,1.0,0.0
MA010120220801040226,5,5,0.4327317473338802,4.51,1.0,0.0
MA010120220801040386,5,0,0.0,0.0,1.0,0.0
MA010120220801040507,5,5,0.6665299425758819,4.12,1.0,0.0
MA010120220801040732,5,2,0.0184577522559474,2.5,0.0,0.0
MA010120220801041760,5,4,0.2091878589007383,4.55,1.0,0.0
MA010120220801041893,5,0,0.0,0.0,1.0,0.0
MA010120220801042439,5,1,0.0082034454470877,4.32,1.0,0.0
MA010120220801042728,5,0,0.0,0.0,1.0,0.0
MA010120220801042760,5,3,0.0902378999179655,3.4,1.0,0.0
MA010120220801043314,5,3,0.0615258408531583,2.4,1.0,0.0
MA010120220801043316,5,2,0.0184577522559474,4.6,1.0,0.0
MA010120220801043778,5,3,0.0512715340442986,4.34,1.0,1.0
MA010120220801043923,5,3,0.071780147662018,4.8,1.0,0.0
MA010120220801043969,5,3,0.0430680885972108,3.835,1.0,0.0
MA010120220801044149,5,4,0.1004922067268252,4.1850000000000005,1.0,0.0
MA010120220801044204,5,2,0.0266611977030352,4.035,1.0,0.0
MA010120220801044394,5,1,0.0020508613617719,4.545,1.0,0.0
MA010120220801044448,5,4,0.1497128794093519,4.745,0.0,0.0
MA010120220801044492,5,3,0.0635767022149302,4.0,1.0,0.0
MA010120220801045304,5,1,0.0020508613617719,0.0,1.0,1.0
MA010120220801045455,5,1,0.0020508613617719,4.33,1.0,0.0
MA010120220801045848,5,3,0.0553732567678424,4.41,1.0,0.0
MA010120220801045937,5,3,0.0389663658736669,4.5,1.0,1.0
MA010120220801046136,5,0,0.0,0.0,1.0,0.0
MA010120220801046395,5,4,0.1558654634946677,4.2,0.0,0.0
MA010120220801046642,5,4,0.256357670221493,4.52,1.0,1.0
MA010120220801047073,5,4,0.1251025430680886,4.725,1.0,0.0
MA010120220801047081,5,4,0.2030352748154225,4.5600000000000005,1.0,0.0
MA010120220801047512,5,4,0.1435602953240361,4.68,1.0,0.0
MA010120220801047607,5,1,0.0123051681706316,4.82,1.0,0.0
MA010120220801047903,5,0,0.0,0.0,1.0,0.0
MA010120220801048069,5,5,0.7116488925348646,4.3,1.0,1.0
MA010120220801048113,4,2,0.0246103363412633,3.99,1.0,1.0
MA010120220801048477,5,3,0.0492206726825266,4.0,1.0,0.0
MA010120220801049024,5,5,1.7350287120590648,3.5,1.0,0.0
MA010120220801049330,5,5,1.324856439704676,3.26,1.0,1.0
MA010120220801050630,5,3,0.0779327317473338,4.6,1.0,0.0
MA010120220801050946,5,4,0.1374077112387202,4.675,1.0,0.0
MA010120220801051039,5,0,0.0,0.0,1.0,0.0
MA010120220801051911,5,2,0.0225594749794913,4.029999999999999,1.0,0.0
MA010120220801052258,5,5,1.1894995898277276,0.0,0.0,0.0
MA010120220801053277,1,0,0.0,0.0,1.0,1.0
MA010120220801053521,1,1,0.0041017227235438,0.0,1.0,0.0
MA010120220801054939,5,4,0.1989335520918786,3.885,1.0,0.0
MA010120220801055246,1,0,0.0,0.0,1.0,0.0
MA010120220801058538,5,0,0.0,0.0,1.0,0.0
MA010120220801059298,4,1,0.0020508613617719,5.0,1.0,0.0
MA010120220801059329,4,0,0.0,0.0,0.0,0.0
MA010120220801060545,5,0,0.0,0.0,1.0,0.0
MA010120220801060882,5,0,0.0,0.0,1.0,0.0
MA010120220801060912,5,4,0.1497128794093519,3.5,1.0,1.0
MA010120220801061383,5,3,0.0430680885972108,3.9,1.0,0.0
MA010120220801061904,5,0,0.0,0.0,1.0,0.0
MA010120220801062466,1,0,0.0,0.0,1.0,0.0
MA010120220801066285,5,4,0.1989335520918786,0.0,1.0,0.0
MA010120220801067122,5,0,0.0,0.0,1.0,0.0
MA010120220801067692,1,0,0.0,0.0,0.0,0.0
MA010120220801067819,5,0,0.0,0.0,1.0,0.0
MA010120220801068271,5,0,0.0,0.0,0.0,0.0
MA010120220801069940,4,0,0.0,0.0,1.0,0.0
MA010120220801070827,5,0,0.0,0.0,1.0,0.0
MA010120220801071788,5,3,0.0615258408531583,4.62,0.0,0.0
MA010120220801072533,5,0,0.0,0.0,1.0,0.0
MA010120220801073566,5,2,0.0369155045118949,4.325,1.0,0.0
MA010120220801075008,1,0,0.0,0.0,0.0,0.0
MA010120220801137707,4,1,0.0061525840853158,5.0,1.0,0.0
MA010120220801137932,5,4,0.1804757998359311,4.6,1.0,0.0
MA010120220801138917,5,1,0.0041017227235438,4.38,1.0,1.0
MA010120220801139180,5,2,0.0369155045118949,4.6,1.0,0.0
MA010120220801141293,5,3,0.0533223954060705,5.0,1.0,0.0
MA010120220801141451,5,3,0.0430680885972108,3.605,1.0,0.0
MA010120220801144108,5,4,0.1374077112387202,4.775,1.0,1.0
MA010120220801145252,5,3,0.0471698113207547,4.33,1.0,0.0
MA010120220801146787,5,5,1.948318293683347,3.7,1.0,1.0
MA010120220801149245,1,4,0.1107465135356849,4.8,1.0,0.0
MA010120220801149529,5,5,1.3289581624282198,3.425,1.0,0.0
MA010120220801158234,5,0,0.0,0.0,0.0,0.0
MA010120220801162112,1,0,0.0,0.0,1.0,0.0
MA010120220801179983,5,4,0.2153404429860541,4.49,0.0,0.0
MA010120220801189289,5,1,0.0041017227235438,5.0,1.0,0.0
MA010120220801223517,1,0,0.0,4.25,1.0,0.0
MA010120220801233602,5,0,0.0,0.0,1.0,0.0
MA010120220801234963,5,5,0.2666119770303527,4.295,1.0,1.0
MA010120220801236059,5,3,0.0389663658736669,5.0,1.0,0.0
MA010120220801246721,5,4,0.2481542247744052,3.0,0.0,0.0
MA010120220801248126,1,4,0.1210008203445447,3.755,0.0,0.0
MA010120220801249129,1,0,0.0,0.0,0.0,0.0
MA010120220801250681,5,0,0.0,0.0,0.0,0.0
MA010120220801265835,5,1,0.0020508613617719,4.59,0.0,0.0
MA010120220801283934,5,4,0.1927809680065627,3.875,1.0,0.0
MA010120220801286578,5,1,0.0041017227235438,4.85,1.0,0.0
MA010120220801299447,5,3,0.0594749794913863,3.4,0.0,0.0
MA010120220801305837,5,3,0.071780147662018,4.1,1.0,0.0
MA010120220801316462,5,5,0.662428219852338,4.53,1.0,0.0
MA010120220801317270,5,0,0.0,0.0,1.0,0.0
MA010120220801317951,5,1,0.0102543068088597,0.0,1.0,0.0
MA010120220801318078,5,4,0.1353568498769483,4.4,1.0,0.0
MA010120220801366315,5,4,0.2522559474979491,3.075,1.0,0.0
MA010120220801438597,5,4,0.1435602953240361,0.0,1.0,0.0
MA010120220801472349,5,4,0.1845775225594749,4.44,1.0,0.0
MA010120220801494691,5,1,0.0020508613617719,0.0,1.0,0.0
MA010120220801516814,5,5,0.3363412633305989,4.1,1.0,0.0
MA010120220801521232,5,2,0.0287120590648072,4.6,0.0,0.0
MA010120220801524339,5,3,0.0533223954060705,4.0,1.0,0.0
MA010120220801533691,5,4,0.1927809680065627,4.045,1.0,0.0
MA010120220801533896,5,3,0.071780147662018,4.405,1.0,1.0
MA010120220801546665,5,0,0.0,0.0,1.0,0.0
MA010120220801554841,5,5,0.2666119770303527,4.36,1.0,1.0
MA010120220801614958,5,1,0.0061525840853158,3.91,1.0,0.0
MA010120220801614982,5,5,0.5557834290401968,3.8,0.0,0.0
MA010120220801615044,5,4,0.1292042657916325,4.29,1.0,1.0
MA010120220801615755,5,1,0.0041017227235438,4.7,1.0,0.0
MA010120220801622443,1,2,0.0246103363412633,4.355,1.0,1.0
MA010120220801624613,5,5,0.3076292042657916,4.8100000000000005,1.0,0.0
MA010120220801626989,1,0,0.0,0.0,1.0,0.0
MA010120220801659341,5,3,0.0779327317473338,4.42,1.0,1.0
MA010120220801661248,5,4,0.1620180475799836,3.21,1.0,0.0
MA010120220801669913,5,0,0.0,0.0,1.0,0.0
MA010120220801683339,5,4,0.1804757998359311,0.0,1.0,1.0
MA010120220801726299,5,5,0.4122231337161608,4.48,1.0,1.0
MA010120220801735045,5,1,0.0143560295324036,4.77,1.0,1.0
MA010120220801748615,5,3,0.0410172272354388,0.0,1.0,1.0
MA010120220801759645,5,5,0.3609515996718622,2.7,1.0,0.0
MA010120220801771601,5,0,0.0,0.0,1.0,0.0
MA010120220801783545,5,2,0.0246103363412633,3.155,1.0,0.0
MA010120220801789787,5,0,0.0,4.0,1.0,0.0
MA010120220801791937,5,5,0.6890894175553732,4.095,1.0,0.0
MA010120220801792817,5,4,0.2153404429860541,4.7,1.0,0.0
MA010120220801807194,5,3,0.0410172272354388,4.515000000000001,1.0,0.0
MA010120220801822933,5,4,0.1886792452830188,4.8,1.0,1.0
MA010120220801834845,1,5,1.2325676784249384,3.9,0.0,0.0
MA010120220801838142,5,3,0.0738310090237899,4.545,1.0,1.0
MA010120220801838665,5,4,0.1333059885151763,4.425,1.0,1.0
MA010120220801844140,5,0,0.0,4.63,1.0,0.0
MA010120220801846098,4,0,0.0,0.0,1.0,0.0
MA010120220801847955,5,5,0.5311730926989335,0.0,1.0,0.0
MA010120220801894314,5,4,0.2235438884331419,4.29,1.0,1.0
MA010120220801895564,5,1,0.0143560295324036,3.22,0.0,0.0
MA010120220801899927,5,1,0.0020508613617719,0.0,1.0,1.0
MA010120220801910094,5,2,0.0287120590648072,4.4,0.0,0.0
MA010120220801921142,5,4,0.2461033634126333,3.555,1.0,1.0
MA010120220801921318,5,3,0.0799835931091058,4.26,1.0,0.0
MA010120220801939115,5,3,0.0594749794913863,3.845,1.0,0.0
MA010120220801940051,5,1,0.0123051681706316,4.73,1.0,0.0
MA010120220801949872,5,2,0.0205086136177194,3.6,1.0,0.0
MA010120220801952078,4,0,0.0,0.0,1.0,0.0
MA010120220801955443,5,0,0.0,0.0,1.0,0.0
MA010120220801956292,5,0,0.0,0.0,1.0,0.0
MA010120220801968023,5,0,0.0,0.0,1.0,0.0
MA010120220801988978,5,4,0.2481542247744052,4.1,1.0,1.0
MA010120220801994379,5,3,0.0451189499589827,4.69,1.0,1.0
MA010120220802028977,5,3,0.0553732567678424,4.495,1.0,0.0
MA010120220802044769,5,0,0.0,0.0,1.0,0.0
MA010120220802054670,5,5,0.4183757178014766,4.585,1.0,0.0
MA010120220802054919,5,5,1.5114848236259228,4.54,1.0,1.0
MA010120220802055137,5,2,0.0164068908941755,0.0,1.0,0.0
MA010120220802055643,5,3,0.0840853158326497,4.734999999999999,1.0,1.0
MA010120220802085837,5,2,0.0205086136177194,5.0,1.0,0.0
MA010120220802095698,5,5,1.4766201804757997,4.34,0.0,0.0
MA010120220802098844,5,3,0.0512715340442986,3.055,1.0,0.0
MA010120220802102713,5,3,0.0738310090237899,4.1850000000000005,1.0,1.0
MA010120220802108513,5,0,0.0,0.0,0.0,0.0
MA010120220802109552,5,0,0.0,0.0,1.0,0.0
MA010120220802115486,5,1,0.0082034454470877,4.8,1.0,1.0
MA010120220802147334,5,0,0.0,0.0,1.0,0.0
MA010120220802155510,5,1,0.0041017227235438,2.5,0.0,0.0
MA010120220802159812,5,5,1.0602953240360953,0.0,1.0,0.0
MA010120220802160639,5,1,0.0061525840853158,4.47,1.0,0.0
MA010120220802161525,1,0,0.0,0.0,0.0,0.0
MA010120220802185018,5,3,0.0799835931091058,4.34,1.0,0.0
MA010120220802186415,5,2,0.0225594749794913,4.425,1.0,0.0
MA010120220802200259,5,3,0.0533223954060705,4.315,1.0,0.0
MA010120220802203521,5,4,0.2009844134536505,3.95,1.0,1.0
MA010120220802223009,5,0,0.0,0.0,1.0,0.0
MA010120220802242902,1,5,0.7875307629204266,4.48,0.0,1.0
MA010120220802243250,5,2,0.0164068908941755,5.0,1.0,0.0
MA010120220802247130,5,0,0.0,0.0,1.0,0.0
MA010120220802253071,5,5,0.3096800656275635,3.8,1.0,1.0
MA010120220802256111,1,0,0.0,0.0,1.0,0.0
MA010120220802256607,1,0,0.0,0.0,0.0,0.0
MA010120220802262182,5,3,0.0492206726825266,3.375,1.0,1.0
MA010120220802267432,5,0,0.0,0.0,1.0,0.0
MA010120220802273136,5,0,0.0,0.0,1.0,0.0
MA010120220802274495,5,3,0.0471698113207547,3.815,1.0,0.0
MA010120220802276194,5,5,1.294093519278097,0.0,1.0,0.0
MA010120220802281662,5,3,0.0635767022149302,3.94,1.0,0.0
MA010120220802282386,5,5,0.2645611156685807,4.795,1.0,0.0
MA010120220802282857,5,1,0.0123051681706316,0.0,1.0,0.0
MA010120220802283650,5,2,0.0205086136177194,4.1,1.0,0.0
MA010120220802284394,5,4,0.1866283839212469,4.8,1.0,0.0
MA010120220802285244,5,1,0.0041017227235438,0.0,1.0,0.0
MA010120220802285382,5,3,0.0881870385561936,5.0,1.0,0.0
MA010120220802287453,4,3,0.0512715340442986,4.609999999999999,1.0,0.0
MA010120220802288223,5,0,0.0,0.0,1.0,0.0
MA010120220802317726,5,5,0.3342904019688269,4.470000000000001,1.0,0.0
MA010120220802330884,5,0,0.0,0.0,1.0,0.0
MA010120220802347667,5,0,0.0,0.0,1.0,0.0
MA010120220802355371,5,0,0.0,0.0,0.0,0.0
MA010120220802374397,5,1,0.0041017227235438,5.0,1.0,0.0
MA010120220802374728,5,4,0.0963904840032813,3.995,1.0,0.0
MA010120220802375069,5,4,0.1763740771123872,0.0,1.0,0.0
MA010120220802382495,4,3,0.0861361771944216,4.6,1.0,0.0
MA010120220802433986,5,1,0.0041017227235438,4.75,0.0,0.0
MA010120220802443267,5,0,0.0,0.0,0.0,0.0
MA010120220802474883,5,2,0.0266611977030352,4.725,1.0,0.0
MA010120220802486934,5,0,0.0,4.61,1.0,0.0
MA010120220802487043,1,0,0.0,0.0,1.0,0.0
MA010120220802489859,5,0,0.0,0.0,1.0,0.0
MA010120220802491391,1,0,0.0,0.0,1.0,0.0
MA010120220802491413,1,0,0.0,0.0,1.0,0.0
MA010120220802501545,5,5,0.7608695652173914,4.23,1.0,0.0
MA010120220802502498,5,5,2.2682526661197704,4.055,0.0,0.0
MA010120220802504752,5,4,0.1312551271534044,4.765000000000001,1.0,1.0
MA010120220802510051,5,5,0.3014766201804758,4.605,1.0,0.0
MA010120220802510160,5,1,0.0082034454470877,4.625,1.0,1.0
MA010120220802513115,5,4,0.1292042657916325,4.505000000000001,1.0,0.0
MA010120220802513426,5,2,0.0307629204265791,3.7,1.0,0.0
MA010120220802514515,5,5,0.8080393765381461,4.6850000000000005,1.0,0.0
MA010120220802514704,5,1,0.0082034454470877,4.0,1.0,0.0
MA010120220802515090,5,0,0.0,4.2,1.0,0.0
MA010120220802516182,5,1,0.0082034454470877,0.0,1.0,0.0
MA010120220802516422,5,5,0.6583264971287941,4.51,1.0,0.0
MA010120220802516487,5,0,0.0,0.0,1.0,0.0
MA010120220802518405,4,1,0.0020508613617719,5.0,1.0,0.0
MA010120220802518778,5,5,0.7752255947497949,4.12,1.0,0.0
MA010120220802551881,5,0,0.0,0.0,0.0,0.0
MA010120220802585041,5,5,0.4429860541427399,4.575,1.0,1.0
MA010120220802585268,5,1,0.0061525840853158,4.3,1.0,0.0
MA010120220802585414,5,2,0.0205086136177194,4.5,1.0,0.0
MA010120220802585938,5,0,0.0,0.0,1.0,0.0
MA010120220802587074,5,3,0.0533223954060705,4.7,1.0,1.0
MA010120220802587094,5,3,0.0738310090237899,0.0,1.0,0.0
MA010120220802587625,5,2,0.034864643150123,4.2,1.0,0.0
MA010120220802587975,5,2,0.0328137817883511,5.0,1.0,0.0
MA010120220802588495,5,5,0.7793273174733388,4.0,1.0,0.0
MA010120220802589143,5,1,0.0082034454470877,5.0,1.0,0.0
MA010120220802593382,1,0,0.0,0.0,1.0,0.0
MA010120220802602917,4,0,0.0,0.0,0.0,0.0
MA010120220802603267,5,0,0.0,0.0,0.0,0.0
MA010120220802620874,5,5,1.324856439704676,4.0600000000000005,1.0,0.0
MA010120220802633659,5,1,0.0123051681706316,0.0,1.0,1.0
MA010120220802642675,5,0,0.0,0.0,1.0,0.0
MA010120220802646834,5,5,0.3219852337981952,4.33,1.0,0.0
MA010120220802646959,5,4,0.1292042657916325,4.95,0.0,0.0
MA010120220802647346,5,5,0.258408531583265,4.875,0.0,1.0
MA010120220802648415,5,0,0.0,0.0,1.0,0.0
MA010120220802649750,5,5,1.6735028712059064,4.595000000000001,1.0,0.0
MA010120220802652261,5,0,0.0,0.0,1.0,0.0
MA010120220802663117,5,0,0.0,0.0,1.0,0.0
MA010120220802663121,1,0,0.0,0.0,1.0,0.0
MA010120220802673533,1,5,0.365053322395406,0.0,0.0,0.0
MA010120220802673568,1,3,0.0738310090237899,0.0,1.0,1.0
MA010120220802678038,5,3,0.0553732567678424,3.975,1.0,1.0
MA010120220802678209,5,3,0.0430680885972108,3.0,1.0,0.0
MA010120220802680776,5,0,0.0,4.47,0.0,0.0
MA010120220802681282,1,0,0.0,0.0,1.0,0.0
MA010120220802681833,5,3,0.0471698113207547,4.6,1.0,0.0
MA010120220802685012,5,4,0.1968826907301066,4.305,1.0,0.0
MA010120220802685610,5,2,0.0369155045118949,4.9,1.0,0.0
MA010120220802687193,5,4,0.1435602953240361,4.005,0.0,0.0
MA010120220802691011,5,1,0.0061525840853158,3.7,0.0,0.0
MA010120220802727479,1,2,0.034864643150123,4.25,1.0,0.0
MA010120220802730116,5,0,0.0,0.0,1.0,0.0
MA010120220802738352,5,5,0.7403609515996719,4.4350000000000005,1.0,0.0
MA010120220802738750,1,5,0.4655455291222313,4.3,1.0,0.0
MA010120220802740174,5,0,0.0,0.0,1.0,0.0
MA010120220802740704,5,0,0.0,4.44,1.0,0.0
MA010120220802741350,5,2,0.0225594749794913,4.21,1.0,0.0
MA010120220802741557,5,2,0.0287120590648072,4.345000000000001,1.0,0.0
MA010120220802743477,1,4,0.2420016406890894,4.78,1.0,0.0
MA010120220802754060,5,3,0.0492206726825266,4.18,1.0,0.0
MA010120220802754075,5,3,0.0615258408531583,1.0,1.0,0.0
MA010120220802776628,5,3,0.0553732567678424,2.6,1.0,0.0
MA010120220802779057,5,4,0.1271534044298605,4.29,1.0,1.0
MA010120220802779365,1,5,0.6173092698933552,4.8,1.0,0.0
MA010120220802780015,5,3,0.0533223954060705,2.78,1.0,0.0
MA010120220802780322,5,5,1.8211648892534864,4.47,1.0,1.0
MA010120220802781718,5,2,0.0369155045118949,5.0,1.0,0.0
MA010120220802782174,5,3,0.0451189499589827,0.0,1.0,0.0
MA010120220802782663,5,1,0.0061525840853158,4.7,1.0,0.0
MA010120220802784599,1,0,0.0,0.0,1.0,0.0
MA010120220802791156,5,4,0.1189499589827727,4.25,1.0,1.0
MA010120220802831817,5,1,0.0020508613617719,4.75,0.0,0.0
MA010120220802834101,5,3,0.0512715340442986,2.625,1.0,1.0
MA010120220802834419,5,1,0.0061525840853158,5.0,1.0,1.0
MA010120220802834521,5,3,0.0430680885972108,4.5,1.0,0.0
MA010120220802835112,1,0,0.0,0.0,1.0,0.0
MA010120220802835134,5,4,0.1989335520918786,3.71,1.0,0.0
MA010120220802836506,5,5,0.8531583264971287,4.23,0.0,1.0
MA010120220802836552,5,3,0.0512715340442986,4.68,1.0,0.0
MA010120220802844356,1,0,0.0,0.0,1.0,0.0
MA010120220802848276,5,0,0.0,0.0,1.0,0.0
MA010120220802848343,5,2,0.034864643150123,0.0,1.0,0.0
MA010120220802858974,5,0,0.0,0.0,1.0,0.0
MA010120220802859371,5,5,1.4356029532403611,4.7,1.0,0.0
MA010120220802859778,5,4,0.1681706316652994,4.75,1.0,0.0
MA010120220802860424,4,1,0.0020508613617719,4.6,0.0,0.0
MA010120220802861711,5,3,0.0512715340442986,3.875,1.0,1.0
MA010120220802861819,5,5,0.4942575881870386,4.33,0.0,0.0
MA010120220802862541,5,2,0.0205086136177194,5.0,1.0,0.0
MA010120220802863650,5,2,0.0184577522559474,4.7,1.0,0.0
MA010120220802864043,5,5,1.4253486464315013,4.745,1.0,0.0
MA010120220802864588,5,0,0.0,0.0,1.0,0.0
MA010120220802865877,5,1,0.0143560295324036,3.3,1.0,0.0
MA010120220802866360,5,2,0.0246103363412633,4.6850000000000005,1.0,1.0
MA010120220802866928,5,0,0.0,0.0,1.0,0.0
MA010120220802870316,4,1,0.0143560295324036,5.0,0.0,0.0
MA010120220802870889,5,4,0.1579163248564397,4.04,1.0,1.0
MA010120220802871129,1,0,0.0,0.0,0.0,0.0
MA010120220802873825,5,3,0.0553732567678424,4.715,1.0,0.0
MA010120220802876304,5,0,0.0,0.0,1.0,0.0
MA010120220802881464,5,1,0.0020508613617719,0.0,1.0,0.0
MA010120220802881628,5,4,0.1107465135356849,5.0,1.0,0.0
MA010120220802883431,5,3,0.0574241181296144,4.45,1.0,0.0
MA010120220802883587,5,1,0.0061525840853158,4.88,1.0,0.0
MA010120220802883644,5,2,0.0164068908941755,4.755,0.0,1.0
MA010120220802883870,5,2,0.0369155045118949,4.8,1.0,0.0
MA010120220802886709,5,2,0.0205086136177194,4.654999999999999,1.0,0.0
MA010120220802886968,5,2,0.0246103363412633,3.67,1.0,1.0
MA010120220802887146,1,4,0.1292042657916325,4.6,1.0,1.0
MA010120220802887457,5,4,0.1579163248564397,0.0,1.0,0.0
MA010120220802889087,5,5,0.7383100902378998,3.6,1.0,0.0
MA010120220802889192,5,4,0.1127973748974569,4.4,0.0,1.0
MA010120220802893040,4,3,0.0389663658736669,4.785,1.0,0.0
MA010120220802893636,5,0,0.0,0.0,1.0,0.0
MA010120220802895719,5,4,0.1886792452830188,4.8,0.0,0.0
MA010120220802896302,5,3,0.0389663658736669,4.62,1.0,0.0
MA010120220802896697,5,3,0.0492206726825266,3.7,1.0,1.0
MA010120220802896849,5,3,0.0840853158326497,4.07,1.0,1.0
MA010120220802896873,5,2,0.0307629204265791,4.734999999999999,1.0,0.0
MA010120220802897957,5,1,0.0061525840853158,4.67,1.0,1.0
MA010120220802900751,5,4,0.1907301066447908,4.38,0.0,1.0
MA010120220802901619,5,1,0.0143560295324036,1.3,1.0,0.0
MA010120220802902996,1,0,0.0,0.0,0.0,0.0
MA010120220802903019,5,2,0.034864643150123,5.0,1.0,0.0
MA010120220802904380,5,0,0.0,4.42,1.0,0.0
MA010120220802906010,5,0,0.0,0.0,0.0,0.0
MA010120220802907212,5,5,1.1341263330598852,4.45,1.0,0.0
MA010120220802910916,5,1,0.0102543068088597,5.0,1.0,0.0
MA010120220802911817,5,1,0.0102543068088597,3.705,1.0,0.0
MA010120220802911878,5,4,0.1620180475799836,5.0,1.0,1.0
MA010120220802913004,5,2,0.0266611977030352,4.41,0.0,0.0
MA010120220802915867,5,4,0.2440525020508613,2.8,0.0,0.0
MA010120220802915973,5,3,0.0656275635767022,4.6,1.0,0.0
MA010120220802917222,5,4,0.1353568498769483,4.85,1.0,0.0
MA010120220802917346,5,0,0.0,0.0,0.0,0.0
MA010120220802919713,5,4,0.1763740771123872,4.18,1.0,0.0
MA010120220802920978,5,1,0.0020508613617719,5.0,1.0,0.0
MA010120220802921142,5,4,0.0963904840032813,3.815,1.0,0.0
MA010120220802921503,5,4,0.1538146021328958,4.5,1.0,0.0
MA010120220802921795,5,5,1.058244462674323,4.415,1.0,1.0
MA010120220802921825,5,5,0.4450369155045119,0.0,1.0,0.0
MA010120220802924331,5,2,0.0246103363412633,4.5600000000000005,1.0,0.0
MA010120220802926065,1,4,0.2112387202625102,3.1,1.0,0.0
MA010120220802928313,5,1,0.0082034454470877,0.0,1.0,0.0
MA010120220802929107,5,1,0.0082034454470877,3.755,1.0,0.0
MA010120220802929413,5,1,0.0020508613617719,0.0,1.0,0.0
MA010120220802930955,5,1,0.0041017227235438,5.0,1.0,0.0
MA010120220802931292,5,0,0.0,0.0,1.0,0.0
MA010120220802931416,5,1,0.0020508613617719,5.0,1.0,0.0
MA010120220802936223,5,0,0.0,4.92,0.0,0.0
MA010120220802936816,5,3,0.0492206726825266,4.795,1.0,1.0
MA010120220802936962,5,3,0.0430680885972108,2.2,1.0,0.0
MA010120220802938597,5,3,0.0656275635767022,1.4,0.0,0.0
MA010120220802938759,5,2,0.0328137817883511,0.0,1.0,1.0
MA010120220802939072,5,2,0.0184577522559474,3.7,1.0,0.0
MA010120220802939663,1,0,0.0,0.0,1.0,0.0
MA010120220802942909,5,3,0.0697292863002461,4.385,1.0,0.0
MA010120220802943671,5,2,0.0164068908941755,4.6,1.0,0.0
MA010120220802947204,5,0,0.0,0.0,1.0,0.0
MA010120220802947586,4,5,0.8223954060705496,4.325,1.0,1.0
MA010120220802947886,5,1,0.0082034454470877,5.0,1.0,0.0
MA010120220802949304,5,4,0.145611156685808,0.0,1.0,0.0
MA010120220802949854,5,1,0.0041017227235438,4.25,1.0,1.0
MA010120220802951542,5,1,0.0082034454470877,3.8,1.0,0.0
MA010120220802951865,5,5,1.2776866283839214,4.47,0.0,0.0
MA010120220802952667,5,3,0.0902378999179655,4.3,0.0,0.0
MA010120220802953108,1,2,0.034864643150123,2.6,1.0,0.0
MA010120220802954787,5,3,0.0471698113207547,4.7,1.0,0.0
MA010120220802956091,5,1,0.0082034454470877,0.0,1.0,0.0
MA010120220802956627,5,5,0.2645611156685807,4.465,1.0,0.0
MA010120220802958097,5,2,0.0205086136177194,4.695,1.0,0.0
MA010120220802958277,5,0,0.0,0.0,1.0,0.0
MA010120220802958873,5,0,0.0,0.0,1.0,0.0
MA010120220802960235,5,5,0.3076292042657916,2.1,0.0,1.0
MA010120220802960454,5,3,0.0471698113207547,4.93,1.0,0.0
MA010120220802960491,5,3,0.071780147662018,4.555,1.0,1.0
MA010120220802961319,5,5,0.951599671862182,4.9,1.0,1.0
MA010120220802961741,5,0,0.0,0.0,0.0,0.0
MA010120220802961888,1,0,0.0,0.0,1.0,1.0
MA010120220802964103,5,2,0.0328137817883511,4.18,1.0,1.0
MA010120220802964354,5,2,0.0205086136177194,4.1,1.0,0.0
MA010120220802965641,5,0,0.0,0.0,1.0,0.0
MA010120220802966788,5,2,0.0328137817883511,3.165,1.0,0.0
MA010120220802967648,5,4,0.145611156685808,4.545,1.0,0.0
MA010120220802969028,1,0,0.0,0.0,1.0,0.0
MA010120220802970096,5,1,0.0020508613617719,4.29,1.0,0.0
MA010120220802970497,5,4,0.1004922067268252,4.6,1.0,0.0
MA010120220802971415,5,3,0.0594749794913863,3.225,1.0,1.0
MA010120220802972446,5,3,0.0451189499589827,4.8,1.0,0.0
MA010120220802972784,5,3,0.0697292863002461,4.1,1.0,0.0
MA010120220802973497,5,2,0.0164068908941755,4.49,1.0,0.0
MA010120220802978179,5,1,0.0123051681706316,3.3,1.0,0.0
MA010120220802978355,4,3,0.0430680885972108,4.395,1.0,0.0
MA010120220802979113,5,5,1.324856439704676,4.755,1.0,0.0
MA010120220802979174,5,0,0.0,0.0,1.0,0.0
MA010120220802979833,5,3,0.0697292863002461,3.665,1.0,1.0
MA010120220802981189,5,4,0.145611156685808,0.0,1.0,0.0
MA010120220802982338,5,3,0.0758818703855619,3.645,1.0,0.0
MA010120220802984278,1,0,0.0,0.0,1.0,0.0
MA010120220802987649,5,2,0.034864643150123,4.449999999999999,0.0,1.0
MA010120220802987926,5,2,0.0205086136177194,4.3,1.0,0.0
MA010120220802988370,5,2,0.034864643150123,5.0,1.0,0.0
MA010120220802989115,5,2,0.0246103363412633,2.8,1.0,0.0
MA010120220802990199,5,4,0.1681706316652994,4.42,0.0,0.0
MA010120220802991908,5,1,0.0020508613617719,1.0,0.0,0.0
MA010120220802992514,5,0,0.0,0.0,1.0,0.0
MA010120220802993871,5,4,0.2440525020508613,4.98,1.0,0.0
MA010120220802994487,5,0,0.0,0.0,1.0,0.0
MA010120220802998161,5,3,0.0594749794913863,3.3,1.0,0.0
MA010120220802998292,5,3,0.0389663658736669,5.0,1.0,0.0
MA010120220802999068,5,4,0.2420016406890894,4.9,1.0,0.0
MA010120220802999735,5,5,1.3269073010664478,4.785,1.0,0.0
MA010120220803002556,5,4,0.1066447908121411,4.67,1.0,0.0
MA010120220803002594,5,5,0.3527481542247744,4.66,1.0,0.0
MA010120220803005066,5,5,0.5127153404429861,3.825,1.0,0.0
MA010120220803007519,5,4,0.1066447908121411,4.88,1.0,0.0
MA010120220803009120,5,1,0.0143560295324036,4.4,1.0,0.0
MA010120220803011158,5,3,0.0553732567678424,4.7,1.0,0.0
MA010120220803011165,5,5,0.4306808859721083,4.37,0.0,1.0
MA010120220803012546,5,5,1.4622641509433962,4.1,0.0,0.0
MA010120220803015232,4,0,0.0,0.0,1.0,0.0
MA010120220803015701,5,2,0.0246103363412633,4.33,1.0,0.0
MA010120220803016819,5,3,0.0840853158326497,4.9,1.0,1.0
MA010120220803018119,5,5,1.2346185397867104,4.59,1.0,0.0
MA010120220803018826,5,2,0.0225594749794913,5.0,1.0,0.0
MA010120220803019688,5,5,0.5988515176374077,4.46,1.0,1.0
MA010120220803019862,5,0,0.0,0.0,1.0,0.0
MA010120220803019885,5,3,0.0574241181296144,3.0,0.0,0.0
MA010120220803023780,5,2,0.0307629204265791,0.0,1.0,1.0
MA010120220803024500,5,4,0.1374077112387202,5.0,1.0,0.0
MA010120220803024972,5,4,0.1948318293683347,4.56,1.0,0.0
MA010120220803025529,5,0,0.0,0.0,1.0,1.0
MA010120220803029190,1,5,1.363822805578343,4.105,0.0,0.0
MA010120220803029459,5,3,0.0738310090237899,4.105,1.0,1.0
MA010120220803030225,5,1,0.0061525840853158,4.1,0.0,0.0
MA010120220803031829,5,2,0.0225594749794913,4.085,1.0,0.0
MA010120220803032311,5,5,0.2830188679245283,4.415,1.0,1.0
MA010120220803032746,5,4,0.2461033634126333,0.0,1.0,0.0
MA010120220803034571,5,5,1.0028712059064806,3.91,1.0,0.0
MA010120220803035953,5,4,0.2091878589007383,3.26,1.0,1.0
MA010120220803039885,5,1,0.0102543068088597,3.78,1.0,0.0
MA010120220803040867,5,5,0.7670221493027072,4.75,0.0,0.0
MA010120220803041357,5,5,0.367104183757178,4.3100000000000005,1.0,1.0
MA010120220803043434,5,4,0.1763740771123872,3.5,1.0,0.0
MA010120220803043656,5,4,0.1210008203445447,5.0,1.0,0.0
MA010120220803046361,1,0,0.0,0.0,0.0,0.0
MA010120220803047438,5,1,0.0061525840853158,4.715,1.0,0.0
MA010120220803047638,5,4,0.2091878589007383,4.6,1.0,0.0
MA010120220803048352,5,5,0.2789171452009844,4.69,1.0,0.0
MA010120220803049570,5,0,0.0,4.13,1.0,0.0
MA010120220803051629,5,4,0.1968826907301066,5.0,1.0,0.0
MA010120220803052740,1,2,0.0266611977030352,3.0,1.0,0.0
MA010120220803053016,5,4,0.2337981952420016,4.82,1.0,0.0
MA010120220803053934,5,1,0.0041017227235438,0.0,1.0,0.0
MA010120220803054655,5,4,0.2030352748154225,0.0,1.0,1.0
MA010120220803055624,5,3,0.0594749794913863,3.3,0.0,0.0
MA010120220803055829,5,5,0.2604593929450369,4.775,1.0,1.0
MA010120220803057568,5,3,0.0389663658736669,0.0,1.0,0.0
MA010120220803057722,5,2,0.0307629204265791,4.4,1.0,0.0
MA010120220803058208,5,5,1.0828547990155866,4.75,1.0,0.0
MA010120220803058571,5,0,0.0,4.14,1.0,0.0
MA010120220803058644,5,2,0.0307629204265791,3.255,1.0,0.0
MA010120220803060300,5,2,0.034864643150123,3.505,1.0,0.0
MA010120220803061103,5,3,0.0533223954060705,4.529999999999999,1.0,0.0
MA010120220803061150,1,2,0.0266611977030352,4.720000000000001,1.0,0.0
MA010120220803061946,5,2,0.0369155045118949,3.2,0.0,0.0
MA010120220803062972,5,2,0.0266611977030352,3.0,1.0,0.0
MA010120220803063283,5,1,0.0061525840853158,4.7,1.0,0.0
MA010120220803063953,5,5,0.588597210828548,4.45,1.0,0.0
MA010120220803064669,5,5,1.2407711238720265,4.525,1.0,0.0
MA010120220803064868,5,0,0.0,0.0,1.0,0.0
MA010120220803065578,5,0,0.0,0.0,1.0,0.0
MA010120220803068834,5,3,0.0820344544708777,0.0,1.0,0.0
MA010120220803070343,5,5,0.8941755537325677,4.5,1.0,0.0
MA010120220803071538,5,4,0.1066447908121411,4.505000000000001,1.0,0.0
MA010120220803072252,5,2,0.0225594749794913,5.0,1.0,1.0
MA010120220803075389,5,4,0.1004922067268252,4.33,1.0,1.0
MA010120220803075585,5,5,2.161607875307629,4.38,1.0,0.0
MA010120220803077603,5,1,0.0123051681706316,5.0,1.0,0.0
MA010120220803077762,5,4,0.1127973748974569,4.6,1.0,0.0
MA010120220803079499,5,5,0.8716160787530763,3.7,1.0,0.0
MA010120220803080291,5,5,1.2264150943396226,0.0,1.0,1.0
MA010120220803080451,5,0,0.0,0.0,0.0,0.0
MA010120220803080732,5,0,0.0,0.0,1.0,0.0
MA010120220803081936,5,2,0.0266611977030352,3.62,1.0,0.0
MA010120220803083599,5,1,0.0123051681706316,1.0,0.0,0.0
MA010120220803084789,1,0,0.0,0.0,1.0,0.0
MA010120220803085979,5,0,0.0,0.0,1.0,0.0
MA010120220803088132,5,2,0.0246103363412633,4.595,1.0,0.0
MA010120220803088454,5,4,0.2091878589007383,4.625,1.0,0.0
MA010120220803090967,5,4,0.1004922067268252,0.0,0.0,0.0
MA010120220803091047,5,1,0.0041017227235438,4.11,1.0,0.0
MA010120220803092356,5,5,0.2809680065627563,4.835,1.0,0.0
MA010120220803093549,4,3,0.0779327317473338,4.0,1.0,0.0
MA010120220803093635,5,5,1.152584085315833,4.609999999999999,0.0,1.0
MA010120220803095240,5,4,0.1435602953240361,0.0,1.0,0.0
MA010120220803095575,5,0,0.0,0.0,1.0,0.0
MA010120220803096271,1,0,0.0,0.0,1.0,0.0
MA010120220803098237,1,5,0.9495488105004102,4.565,1.0,0.0
MA010120220803098596,5,0,0.0,0.0,1.0,0.0
MA010120220803098669,5,0,0.0,0.0,1.0,0.0
MA010120220803100692,5,1,0.0143560295324036,4.0,1.0,0.0
MA010120220803100735,4,3,0.0861361771944216,5.0,1.0,1.0
MA010120220803102226,5,2,0.0246103363412633,5.0,1.0,0.0
MA010120220803103034,5,1,0.0020508613617719,4.5,1.0,0.0
MA010120220803104968,5,5,1.248974569319114,4.375,1.0,0.0
MA010120220803105108,5,1,0.0082034454470877,4.15,1.0,1.0
MA010120220803106068,5,0,0.0,0.0,1.0,0.0
MA010120220803107514,5,3,0.0471698113207547,3.27,1.0,0.0
MA010120220803107732,5,5,0.2973748974569319,4.555,1.0,0.0
MA010120220803108425,5,1,0.0020508613617719,0.0,1.0,1.0
MA010120220803108969,4,0,0.0,0.0,1.0,0.0
MA010120220803109557,5,2,0.034864643150123,4.8,1.0,0.0
MA010120220803109758,5,5,0.2727645611156686,4.65,1.0,0.0
MA010120220803110087,5,3,0.0512715340442986,3.915,1.0,0.0
MA010120220803110288,5,2,0.0225594749794913,4.32,1.0,0.0
MA010120220803111201,5,4,0.1004922067268252,5.0,1.0,0.0
MA010120220803114243,5,2,0.0205086136177194,3.735,1.0,1.0
MA010120220803114277,5,5,0.5803937653814603,4.6,1.0,0.0
MA010120220803115013,5,4,0.1251025430680886,4.2,1.0,0.0
MA010120220803116309,5,0,0.0,0.0,1.0,0.0
MA010120220803116329,5,0,0.0,0.0,1.0,0.0
MA010120220803116617,5,4,0.2502050861361772,4.16,1.0,0.0
MA010120220803116826,5,0,0.0,0.0,1.0,0.0
MA010120220803117717,5,5,0.4942575881870386,4.640000000000001,1.0,0.0
MA010120220803118642,5,3,0.0656275635767022,4.18,1.0,0.0
MA010120220803119093,5,1,0.0041017227235438,4.5,1.0,0.0
MA010120220803119936,5,2,0.0225594749794913,0.0,1.0,0.0
MA010120220803120522,5,1,0.0020508613617719,4.33,1.0,0.0
MA010120220803121225,5,4,0.1025430680885972,3.1,1.0,0.0
MA010120220803123510,5,2,0.0369155045118949,3.625,1.0,0.0
MA010120220803125339,5,1,0.0041017227235438,0.0,1.0,0.0
MA010120220803125733,1,3,0.0881870385561936,3.89,1.0,0.0
MA010120220803126504,5,2,0.0205086136177194,5.0,1.0,0.0
MA010120220803127825,5,0,0.0,0.0,1.0,0.0
MA010120220803128965,5,1,0.0020508613617719,0.0,1.0,0.0
MA010120220803132439,5,3,0.0676784249384741,4.32,1.0,0.0
MA010120220803132448,5,0,0.0,0.0,1.0,0.0
MA010120220803134213,5,0,0.0,0.0,1.0,0.0
MA010120220803134692,5,3,0.0676784249384741,4.645,1.0,0.0
MA010120220803135327,1,0,0.0,0.0,1.0,0.0
MA010120220803136025,5,5,0.3896636587366694,4.68,1.0,1.0
MA010120220803138462,5,4,0.1476620180475799,0.0,1.0,1.0
MA010120220803138529,5,3,0.0410172272354388,4.705,0.0,0.0
MA010120220803138927,5,0,0.0,0.0,1.0,0.0
MA010120220803139429,5,5,0.2789171452009844,0.0,1.0,1.0
MA010120220803140057,5,3,0.0840853158326497,4.65,1.0,0.0
MA010120220803143190,5,0,0.0,0.0,1.0,0.0
MA010120220803144506,5,2,0.0205086136177194,4.69,1.0,0.0
MA010120220803144911,5,3,0.0594749794913863,4.96,0.0,1.0
MA010120220803145252,5,5,0.328137817883511,3.1,0.0,1.0
MA010120220803145254,5,1,0.0041017227235438,5.0,1.0,0.0
MA010120220803145491,5,0,0.0,0.0,0.0,0.0
MA010120220803148585,1,5,0.2666119770303527,4.3,1.0,1.0
MA010120220803148657,5,4,0.2235438884331419,4.85,1.0,0.0
MA010120220803148660,5,3,0.0512715340442986,4.18,1.0,0.0
MA010120220803148675,1,4,0.2317473338802297,4.82,1.0,0.0
MA010120220803149346,5,2,0.034864643150123,4.785,1.0,0.0
MA010120220803149622,5,5,0.4183757178014766,4.8,0.0,0.0
MA010120220803151219,5,2,0.0184577522559474,5.0,1.0,0.0
MA010120220803152295,5,2,0.0184577522559474,5.0,1.0,0.0
MA010120220803152905,5,5,0.3958162428219852,4.74,1.0,1.0
MA010120220803153019,5,2,0.0246103363412633,4.8,1.0,0.0
MA010120220803153198,5,5,0.7444626743232158,4.555,1.0,0.0
MA010120220803154211,5,3,0.0492206726825266,3.97,1.0,0.0
MA010120220803155548,5,2,0.0184577522559474,4.26,0.0,0.0
MA010120220803156716,5,4,0.1948318293683347,4.645,0.0,0.0
MA010120220803158855,5,5,1.3002461033634127,4.38,0.0,0.0
MA010120220803161778,5,5,0.2953240360951599,0.0,0.0,0.0
MA010120220803161911,5,1,0.0082034454470877,0.0,1.0,1.0
MA010120220803162966,5,5,0.3178835110746513,4.51,1.0,0.0
MA010120220803163239,5,3,0.071780147662018,4.345000000000001,1.0,0.0
MA010120220803163646,5,1,0.0102543068088597,2.2,1.0,0.0
MA010120220803168497,4,5,0.5680885972108286,4.36,0.0,1.0
MA010120220803171479,5,0,0.0,0.0,1.0,0.0
MA010120220803171954,5,2,0.0266611977030352,4.0,1.0,0.0
MA010120220803172229,5,0,0.0,0.0,0.0,0.0
MA010120220803172464,5,3,0.0451189499589827,2.5,1.0,0.0
MA010120220803173480,5,3,0.071780147662018,5.0,1.0,0.0
MA010120220803174257,5,2,0.0307629204265791,4.4,1.0,0.0
MA010120220803175900,5,3,0.0492206726825266,4.8,1.0,0.0
MA010120220803175975,5,2,0.0205086136177194,4.3,1.0,0.0
MA010120220803176141,1,5,0.293273174733388,4.65,1.0,1.0
MA010120220803179031,5,1,0.0102543068088597,4.46,1.0,0.0
MA010120220803179274,4,5,0.5086136177194421,4.495,1.0,0.0
MA010120220803179611,5,3,0.0471698113207547,5.0,1.0,0.0
MA010120220803179629,5,5,0.3937653814602133,4.5,0.0,0.0
MA010120220803181059,5,2,0.0205086136177194,4.53,1.0,0.0
MA010120220803181293,5,4,0.1681706316652994,3.1,1.0,0.0
MA010120220803181367,5,4,0.1497128794093519,4.0600000000000005,1.0,1.0
MA010120220803184746,5,3,0.0533223954060705,5.0,1.0,1.0
MA010120220803185560,5,4,0.2296964725184577,4.0,1.0,1.0
MA010120220803185831,5,1,0.0061525840853158,0.0,1.0,0.0
MA010120220803186807,1,1,0.0102543068088597,0.0,0.0,1.0
MA010120220803189334,5,5,0.3876127973748974,4.5,1.0,0.0
MA010120220803189680,5,5,0.4799015586546349,0.0,1.0,0.0
MA010120220803190551,5,4,0.1230516817063166,3.595,1.0,0.0
MA010120220803191573,5,5,0.3465955701394586,4.2,1.0,1.0
MA010120220803191946,5,1,0.0102543068088597,4.8,1.0,0.0
MA010120220803192120,5,5,1.5996718621821169,0.0,1.0,0.0
MA010120220803193898,1,3,0.071780147662018,4.7,0.0,0.0
MA010120220803194786,5,1,0.0123051681706316,4.69,1.0,0.0
MA010120220803195095,5,5,1.152584085315833,4.82,0.0,0.0
MA010120220803195209,5,2,0.0328137817883511,4.775,1.0,1.0
MA010120220803195744,5,4,0.1148482362592288,2.4,0.0,0.0
MA010120220803196351,5,5,0.3404429860541427,4.45,1.0,0.0
MA010120220803196904,5,2,0.0225594749794913,4.66,1.0,0.0
MA010120220803197823,5,4,0.1353568498769483,3.895,1.0,0.0
MA010120220803198304,1,0,0.0,0.0,1.0,0.0
MA010120220803199582,4,3,0.0861361771944216,5.0,1.0,1.0
MA010120220803200329,5,2,0.0328137817883511,4.725,1.0,1.0
MA010120220803200454,5,1,0.0143560295324036,4.0,1.0,0.0
MA010120220803200534,5,3,0.0902378999179655,4.495,1.0,0.0
MA010120220803202124,5,1,0.0102543068088597,4.6,0.0,0.0
MA010120220803203668,1,0,0.0,0.0,0.0,0.0
MA010120220803207654,5,0,0.0,0.0,1.0,0.0
MA010120220803210600,5,3,0.0430680885972108,3.8,1.0,0.0
MA010120220803212716,5,1,0.0082034454470877,4.0,1.0,1.0
MA010120220803213594,5,1,0.0123051681706316,4.15,1.0,0.0
MA010120220803215437,5,1,0.0041017227235438,3.96,1.0,1.0
MA010120220803216174,4,2,0.0184577522559474,4.654999999999999,1.0,0.0
MA010120220803216452,5,2,0.0287120590648072,4.445,1.0,0.0
MA010120220803217124,5,4,0.1784249384741591,4.6,1.0,0.0
MA010120220803217402,5,5,0.2707136997538966,4.7,1.0,0.0
MA010120220803218420,5,3,0.0512715340442986,4.86,1.0,1.0
MA010120220803219437,5,3,0.0615258408531583,4.5600000000000005,1.0,0.0
MA010120220803219511,5,5,0.4942575881870386,4.605,1.0,1.0
MA010120220803219841,5,3,0.0553732567678424,4.705,1.0,0.0
MA010120220803220596,5,5,0.5783429040196884,5.0,1.0,0.0
MA010120220803221042,5,1,0.0123051681706316,4.0,1.0,0.0
MA010120220803222272,5,0,0.0,0.0,0.0,0.0
MA010120220803222759,5,4,0.1866283839212469,3.03,1.0,0.0
MA010120220803222812,5,5,0.5578342904019689,4.42,1.0,0.0
MA010120220803224742,4,5,0.6009023789991796,3.84,0.0,0.0
MA010120220803225596,5,1,0.0082034454470877,4.8,0.0,0.0
MA010120220803226363,5,3,0.0533223954060705,4.49,1.0,0.0
MA010120220803227226,5,5,0.4696472518457752,4.305,1.0,0.0
MA010120220803227283,5,2,0.0164068908941755,1.3,0.0,0.0
MA010120220803229230,5,0,0.0,0.0,1.0,0.0
MA010120220803231189,4,5,0.4286300246103363,4.62,1.0,1.0
MA010120220803231756,5,4,0.1107465135356849,4.55,1.0,0.0
MA010120220803232671,5,3,0.0574241181296144,4.449999999999999,1.0,0.0
MA010120220803232989,5,1,0.0123051681706316,3.95,1.0,0.0
MA010120220803233349,5,4,0.1025430680885972,4.4,1.0,0.0
MA010120220803234608,5,5,0.3199343724364233,4.46,1.0,0.0
MA010120220803235799,5,5,0.2666119770303527,4.5,1.0,0.0
MA010120220803238291,5,3,0.0410172272354388,2.3,1.0,0.0
MA010120220803238481,1,0,0.0,0.0,0.0,0.0
MA010120220803240427,5,3,0.0861361771944216,4.9,1.0,0.0
MA010120220803241216,5,5,0.5311730926989335,4.465,1.0,0.0
MA010120220803241464,5,5,0.6644790812141099,4.51,0.0,0.0
MA010120220803242861,5,1,0.0041017227235438,4.5,1.0,0.0
MA010120220803243180,5,5,1.2551271534044297,4.13,0.0,0.0
MA010120220803244315,5,2,0.0369155045118949,3.955,1.0,0.0
MA010120220803244435,5,1,0.0041017227235438,4.65,1.0,0.0
MA010120220803244585,5,5,0.7752255947497949,4.52,0.0,0.0
MA010120220803245157,5,1,0.0102543068088597,3.885,1.0,1.0
MA010120220803245963,5,0,0.0,0.0,1.0,0.0
MA010120220803246319,5,4,0.2399507793273174,4.3,1.0,0.0
MA010120220803247443,5,1,0.0143560295324036,4.555,1.0,0.0
MA010120220803247602,5,3,0.0553732567678424,4.470000000000001,1.0,0.0
MA010120220803248153,5,5,1.841673502871206,5.0,1.0,0.0
MA010120220803248649,5,0,0.0,0.0,1.0,0.0
MA010120220803248689,5,4,0.2276456111566858,3.4,1.0,1.0
MA010120220803248750,5,5,0.7219031993437244,4.5,1.0,0.0
MA010120220803249311,5,3,0.0492206726825266,4.145,1.0,0.0
MA010120220803250395,5,3,0.0676784249384741,4.865,1.0,0.0
MA010120220803250398,5,2,0.0307629204265791,4.05,1.0,1.0
MA010120220803251324,5,5,1.0110746513535684,4.53,1.0,0.0
MA010120220803251498,5,0,0.0,0.0,0.0,0.0
MA010120220803251664,5,0,0.0,0.0,0.0,0.0
MA010120220803252013,5,3,0.0594749794913863,4.57,1.0,0.0
MA010120220803253508,5,5,0.805988515176374,4.27,0.0,0.0
MA010120220803254654,5,3,0.0492206726825266,2.3,1.0,0.0
MA010120220803255548,5,0,0.0,0.0,1.0,0.0
MA010120220803255672,5,2,0.0184577522559474,5.0,1.0,0.0
MA010120220803256475,5,1,0.0102543068088597,4.88,1.0,0.0
MA010120220803256561,5,2,0.0184577522559474,4.025,1.0,0.0
MA010120220803256898,5,1,0.0041017227235438,5.0,1.0,0.0
MA010120220803257016,5,5,0.4183757178014766,4.4,1.0,1.0
MA010120220803260834,5,5,0.3424938474159147,3.65,1.0,0.0
MA010120220803261708,5,5,0.2625102543068088,4.1,1.0,1.0
MA010120220803262509,5,3,0.0594749794913863,0.0,1.0,0.0
MA010120220803263317,5,5,0.5373256767842494,4.4,1.0,0.0
MA010120220803264163,5,1,0.0020508613617719,4.57,1.0,0.0
MA010120220803264260,5,4,0.108695652173913,4.285,1.0,1.0
MA010120220803266523,5,1,0.0061525840853158,2.665,1.0,0.0
MA010120220803267442,5,5,1.5135356849876949,4.5,1.0,1.0
MA010120220803267472,5,3,0.0512715340442986,0.0,1.0,0.0
MA010120220803269391,5,4,0.254306808859721,3.8,1.0,1.0
MA010120220803271795,5,4,0.1415094339622641,3.5,1.0,0.0
MA010120220803272749,5,4,0.1025430680885972,4.61,1.0,0.0
MA010120220803272983,5,3,0.0574241181296144,3.8,1.0,0.0
MA010120220803274383,5,1,0.0082034454470877,3.775,1.0,0.0
MA010120220803274550,1,2,0.0164068908941755,4.6,1.0,0.0
MA010120220803275553,5,3,0.0389663658736669,3.81,0.0,0.0
MA010120220803275678,1,5,0.3035274815422477,0.0,1.0,0.0
MA010120220803277703,5,1,0.0020508613617719,5.0,1.0,1.0
MA010120220803278948,1,1,0.0020508613617719,4.3,1.0,0.0
MA010120220803279187,5,2,0.0328137817883511,4.324999999999999,1.0,0.0
MA010120220803279227,5,4,0.2399507793273174,3.0,1.0,0.0
MA010120220803279253,5,1,0.0020508613617719,5.0,1.0,0.0
MA010120220803280658,5,0,0.0,4.14,1.0,0.0
MA010120220803281737,1,2,0.0184577522559474,3.4,1.0,0.0
MA010120220803283169,5,2,0.0287120590648072,4.5,1.0,0.0
MA010120220803283441,5,3,0.0676784249384741,0.0,1.0,0.0
MA010120220803284179,5,2,0.0287120590648072,3.1,1.0,0.0
MA010120220803285211,5,2,0.0205086136177194,4.705,1.0,0.0
MA010120220803285518,5,5,0.4142739950779328,4.7,1.0,0.0
MA010120220803285661,5,0,0.0,0.0,1.0,0.0
MA010120220803286104,5,4,0.2214930270713699,4.1,1.0,0.0
MA010120220803286561,5,1,0.0082034454470877,0.0,1.0,1.0
MA010120220803286763,5,4,0.1435602953240361,4.12,1.0,0.0
MA010120220803289149,5,5,0.5557834290401968,2.1,0.0,1.0
MA010120220803289929,5,0,0.0,0.0,0.0,0.0
MA010120220803290612,5,2,0.0369155045118949,0.0,1.0,0.0
MA010120220803290686,5,1,0.0143560295324036,0.0,1.0,0.0
MA010120220803292514,5,3,0.0656275635767022,4.95,1.0,0.0
MA010120220803292876,5,1,0.0082034454470877,4.55,0.0,1.0
MA010120220803292884,5,2,0.0225594749794913,0.0,1.0,1.0
MA010120220803293137,5,3,0.0451189499589827,4.0,1.0,0.0
MA010120220803294115,5,5,1.4438063986874488,4.52,1.0,1.0
MA010120220803294169,5,0,0.0,0.0,1.0,0.0
MA010120220803298603,5,4,0.1702214930270713,4.2,1.0,0.0
MA010120220803299183,5,0,0.0,0.0,0.0,0.0
MA010120220803299186,5,0,0.0,0.0,1.0,0.0
MA010120220803302432,5,1,0.0020508613617719,0.0,0.0,0.0
MA010120220803303077,5,0,0.0,0.0,1.0,0.0
MA010120220803304971,5,5,1.1874487284659558,4.595,1.0,1.0
MA010120220803304993,5,2,0.0225594749794913,1.9,1.0,0.0
MA010120220803305106,4,3,0.0902378999179655,4.6,1.0,0.0
MA010120220803305466,5,3,0.0553732567678424,1.9,1.0,0.0
MA010120220803305779,5,4,0.1374077112387202,4.38,1.0,0.0
MA010120220803306156,5,3,0.0430680885972108,2.76,1.0,0.0
MA010120220803306469,5,2,0.0246103363412633,4.140000000000001,1.0,0.0
MA010120220803308449,5,1,0.0143560295324036,4.79,1.0,0.0
MA010120220803308601,5,1,0.0123051681706316,4.52,1.0,1.0
MA010120220803308623,5,2,0.0246103363412633,5.0,1.0,0.0
MA010120220803311745,5,0,0.0,0.0,1.0,0.0
MA010120220803312457,5,3,0.0861361771944216,4.9,1.0,1.0
MA010120220803313630,5,4,0.1968826907301066,4.74,1.0,0.0
MA010120220803318125,5,1,0.0061525840853158,5.0,1.0,0.0
MA010120220803319237,1,0,0.0,0.0,1.0,0.0
MA010120220803319250,5,3,0.0553732567678424,3.6,1.0,0.0
MA010120220803321232,5,2,0.0164068908941755,4.0,1.0,0.0
MA010120220803322052,5,2,0.0184577522559474,4.7,1.0,0.0
MA010120220803322143,5,5,1.1484823625922889,4.609999999999999,1.0,0.0
MA010120220803322954,5,5,0.3937653814602133,4.5,1.0,1.0
MA010120220803323230,5,3,0.0574241181296144,0.0,1.0,0.0
MA010120220803325860,5,3,0.0697292863002461,4.765000000000001,1.0,0.0
MA010120220803325879,5,1,0.0143560295324036,3.74,1.0,0.0
MA010120220803326900,5,1,0.0020508613617719,4.715,1.0,0.0
MA010120220803327292,5,4,0.1107465135356849,4.785,1.0,1.0
MA010120220803327316,5,5,0.5578342904019689,1.0,1.0,0.0
MA010120220803328838,1,5,0.5352748154224775,4.515000000000001,1.0,0.0
MA010120220803329566,5,0,0.0,0.0,1.0,0.0
MA010120220803331542,1,3,0.0553732567678424,2.2,1.0,0.0
MA010120220803333253,5,4,0.108695652173913,4.265000000000001,1.0,0.0
MA010120220803333296,5,1,0.0061525840853158,0.0,1.0,0.0
MA010120220803336721,5,2,0.0246103363412633,4.835,0.0,1.0
MA010120220803336909,5,3,0.0799835931091058,4.9,1.0,1.0
MA010120220803338285,5,4,0.1640689089417555,4.115,1.0,1.0
MA010120220803339652,5,0,0.0,0.0,1.0,0.0
MA010120220803342878,5,0,0.0,0.0,1.0,0.0
MA010120220803343094,5,3,0.0512715340442986,4.7,0.0,0.0
MA010120220803344655,5,2,0.0307629204265791,3.8,1.0,0.0
MA010120220803345726,5,3,0.0594749794913863,2.7,1.0,0.0
MA010120220803346234,5,3,0.0451189499589827,0.0,1.0,0.0
MA010120220803346327,5,0,0.0,0.0,1.0,0.0
MA010120220803348714,5,3,0.0512715340442986,3.525,1.0,1.0
MA010120220803349430,4,0,0.0,0.0,1.0,0.0
MA010120220803349474,5,0,0.0,3.75,0.0,0.0
MA010120220803351845,5,1,0.0143560295324036,3.0,1.0,0.0
MA010120220803352259,5,2,0.0205086136177194,3.7,1.0,0.0
MA010120220803353908,5,5,0.6562756357670221,4.3,1.0,1.0
MA010120220803354503,5,4,0.1743232157506152,3.0,1.0,0.0
MA010120220803354607,5,3,0.0451189499589827,5.0,1.0,0.0
MA010120220803354608,5,1,0.0061525840853158,0.0,1.0,0.0
MA010120220803355542,5,0,0.0,4.4,1.0,0.0
MA010120220803356015,5,0,0.0,0.0,1.0,0.0
MA010120220803358582,5,4,0.1251025430680886,4.45,1.0,0.0
MA010120220803359191,4,1,0.0082034454470877,5.0,1.0,1.0
MA010120220803359747,5,0,0.0,0.0,1.0,0.0
MA010120220803359934,5,0,0.0,0.0,1.0,0.0
MA010120220803360630,5,1,0.0082034454470877,5.0,1.0,0.0
MA010120220803360995,5,3,0.0389663658736669,4.805,1.0,0.0
MA010120220803361108,5,4,0.0922887612797374,3.85,1.0,0.0
MA010120220803363438,5,1,0.0041017227235438,5.0,1.0,0.0
MA010120220803366445,5,2,0.034864643150123,0.0,1.0,0.0
MA010120220803368524,5,5,0.9372436423297784,4.425,0.0,1.0
MA010120220803368700,5,3,0.0574241181296144,3.965,0.0,0.0
MA010120220803369293,5,3,0.0471698113207547,0.0,1.0,0.0
MA010120220803369313,5,0,0.0,0.0,1.0,0.0
MA010120220803369851,5,0,0.0,0.0,1.0,0.0
MA010120220803371462,1,4,0.2071369975389664,4.8,1.0,0.0
MA010120220803374578,5,3,0.0594749794913863,4.695,1.0,0.0
MA010120220803375113,5,5,0.5250205086136177,4.025,1.0,1.0
MA010120220803375181,5,3,0.0881870385561936,3.47,1.0,0.0
MA010120220803376247,5,3,0.0840853158326497,4.3,1.0,0.0
MA010120220803377617,5,5,0.2625102543068088,3.3,1.0,1.0
MA010120220803377667,5,4,0.0984413453650533,4.88,0.0,0.0
MA010120220803379254,4,1,0.0041017227235438,0.0,1.0,1.0
MA010120220803379836,5,0,0.0,0.0,1.0,0.0
MA010120220803380711,5,5,1.0479901558654634,4.365,0.0,0.0
MA010120220803381235,5,2,0.0307629204265791,4.295,1.0,0.0
MA010120220803382878,1,4,0.1066447908121411,4.9,1.0,0.0
MA010120220803383843,5,1,0.0143560295324036,4.44,1.0,0.0
MA010120220803384582,5,2,0.0307629204265791,4.8,1.0,0.0
MA010120220803385250,5,5,1.505332239540607,4.54,1.0,0.0
MA010120220803385477,5,1,0.0041017227235438,4.25,1.0,0.0
MA010120220803387874,5,2,0.0246103363412633,2.7,1.0,0.0
MA010120220803392397,5,4,0.2337981952420016,4.9,1.0,0.0
MA010120220803392656,5,1,0.0041017227235438,0.0,1.0,0.0
MA010120220803394349,5,5,1.1956521739130437,4.38,0.0,0.0
MA010120220803394452,5,2,0.034864643150123,4.375,1.0,1.0
MA010120220803394764,5,4,0.0963904840032813,3.765,1.0,0.0
MA010120220803395128,5,1,0.0102543068088597,0.0,1.0,0.0
MA010120220803395294,1,0,0.0,0.0,1.0,0.0
MA010120220803396960,5,2,0.0205086136177194,3.3,1.0,0.0
MA010120220803397981,5,2,0.0266611977030352,2.3,1.0,0.0
MA010120220803398107,5,3,0.0574241181296144,0.0,1.0,0.0
MA010120220803398303,5,4,0.2481542247744052,4.3,1.0,0.0
MA010120220803399157,5,5,0.2645611156685807,4.25,1.0,0.0
MA010120220803399200,5,0,0.0,0.0,1.0,0.0
MA010120220803399815,1,5,0.920836751435603,4.57,1.0,0.0
MA010120220803400128,5,3,0.0430680885972108,4.52,1.0,0.0
MA010120220803401450,5,5,0.9433962264150944,0.0,1.0,0.0
MA010120220803405484,5,3,0.0738310090237899,4.6,1.0,0.0
MA010120220803405820,5,1,0.0123051681706316,4.57,1.0,0.0
MA010120220803410586,5,0,0.0,0.0,1.0,0.0
MA010120220803410751,1,0,0.0,0.0,1.0,0.0
MA010120220803411959,5,2,0.0246103363412633,4.43,1.0,0.0
MA010120220803412444,5,5,0.6398687448728466,3.63,0.0,0.0
MA010120220803412614,5,2,0.0369155045118949,3.425,1.0,1.0
MA010120220803413305,5,3,0.0553732567678424,4.59,1.0,0.0
MA010120220803414429,5,4,0.1210008203445447,4.16,1.0,0.0
MA010120220803415842,5,3,0.0533223954060705,3.9,1.0,0.0
MA010120220803416071,5,3,0.0738310090237899,4.46,1.0,0.0
MA010120220803418094,5,3,0.0389663658736669,3.7,1.0,1.0
MA010120220803420687,5,1,0.0143560295324036,4.675,1.0,0.0
MA010120220803422041,5,2,0.0164068908941755,3.285,1.0,0.0
MA010120220803422823,5,2,0.0287120590648072,2.0,1.0,1.0
MA010120220803423049,1,5,0.2686628383921247,3.8,1.0,1.0
MA010120220803424656,4,3,0.0840853158326497,4.22,1.0,0.0
MA010120220803434483,5,0,0.0,0.0,1.0,0.0
MA010120220803435584,5,5,0.6152584085315833,4.66,1.0,1.0
MA010120220803437366,5,2,0.034864643150123,0.0,1.0,0.0
MA010120220803437818,5,0,0.0,4.56,1.0,0.0
MA010120220803438760,5,2,0.0266611977030352,3.6,1.0,0.0
MA010120220803439134,5,3,0.0553732567678424,4.71,1.0,0.0
MA010120220803443968,5,5,0.916735028712059,4.615,1.0,0.0
MA010120220803445340,5,4,0.1230516817063166,4.74,1.0,0.0
MA010120220803445359,5,5,0.3117309269893355,4.26,1.0,0.0
MA010120220803445558,5,3,0.0451189499589827,4.7,1.0,1.0
MA010120220803446616,5,0,0.0,0.0,0.0,0.0
MA010120220803447367,5,4,0.1107465135356849,2.85,0.0,1.0
MA010120220803448240,5,1,0.0102543068088597,4.4,1.0,0.0
MA010120220803449252,5,2,0.0307629204265791,5.0,1.0,0.0
MA010120220803449383,5,1,0.0082034454470877,2.625,1.0,1.0
MA010120220803450339,5,0,0.0,0.0,0.0,0.0
MA010120220803453597,5,1,0.0041017227235438,5.0,1.0,0.0
MA010120220803453706,5,0,0.0,3.8,1.0,0.0
MA010120220803454013,5,5,0.3137817883511074,3.88,0.0,0.0
MA010120220803454459,5,2,0.0266611977030352,4.0,1.0,0.0
MA010120220803455722,5,0,0.0,0.0,1.0,0.0
MA010120220803456615,5,4,0.2337981952420016,3.805,1.0,0.0
MA010120220803457171,5,0,0.0,0.0,1.0,0.0
MA010120220803457302,5,5,0.5742411812961444,4.529999999999999,1.0,0.0
MA010120220803459126,5,2,0.0369155045118949,4.640000000000001,1.0,0.0
MA010120220803459288,5,0,0.0,0.0,0.0,0.0
MA010120220803460271,5,5,0.3055783429040197,3.4,1.0,1.0
MA010120220803460789,5,1,0.0020508613617719,5.0,1.0,0.0
MA010120220803461190,5,0,0.0,0.0,1.0,0.0
MA010120220803461733,5,4,0.2481542247744052,4.2,1.0,0.0
MA010120220803461938,5,1,0.0041017227235438,4.82,1.0,0.0
MA010120220803471717,5,1,0.0041017227235438,4.645,1.0,0.0
MA010120220803473837,5,5,0.9249384741591468,4.295,1.0,0.0
MA010120220803474185,5,5,1.763740771123872,4.39,0.0,0.0
MA010120220803475326,5,0,0.0,0.0,1.0,0.0
MA010120220803480460,5,3,0.0492206726825266,4.34,1.0,0.0
MA010120220803480688,5,4,0.182526661197703,4.31,1.0,0.0
MA010120220803482194,5,3,0.0676784249384741,2.52,1.0,0.0
MA010120220803484526,5,0,0.0,0.0,0.0,0.0
MA010120220803485488,5,4,0.254306808859721,0.0,1.0,0.0
MA010120220803485963,5,4,0.2132895816242822,4.37,1.0,0.0
MA010120220803486010,5,1,0.0020508613617719,5.0,1.0,0.0
MA010120220803486229,5,4,0.1189499589827727,0.0,0.0,0.0
MA010120220803486705,5,3,0.0840853158326497,3.045,0.0,0.0
MA010120220803486945,5,1,0.0123051681706316,4.48,1.0,0.0
MA010120220803487159,5,5,0.3117309269893355,4.484999999999999,1.0,0.0
MA010120220803488959,5,5,0.7198523379819524,3.735,1.0,1.0
MA010120220803489479,5,2,0.0266611977030352,4.5,0.0,0.0
MA010120220803489550,1,5,0.9146841673502872,4.885,1.0,0.0
MA010120220803492252,5,1,0.0082034454470877,3.695,0.0,0.0
MA010120220803492473,5,3,0.0410172272354388,3.455,1.0,0.0
MA010120220803492656,5,0,0.0,0.0,1.0,0.0
MA010120220803493632,5,0,0.0,0.0,1.0,0.0
MA010120220803493960,5,5,0.3096800656275635,4.38,1.0,1.0
MA010120220803494289,5,5,1.205906480721903,3.555,0.0,1.0
MA010120220803494316,5,0,0.0,4.33,1.0,0.0
MA010120220803494488,5,4,0.1230516817063166,4.3,1.0,0.0
MA010120220803494526,5,2,0.0307629204265791,4.8,1.0,0.0
MA010120220803495111,5,0,0.0,0.0,1.0,0.0
MA010120220803495491,4,2,0.0307629204265791,0.0,1.0,1.0
MA010120220803495685,5,1,0.0123051681706316,4.83,1.0,0.0
MA010120220803495757,5,3,0.0676784249384741,4.4,1.0,0.0
MA010120220803495874,5,0,0.0,0.0,0.0,0.0
MA010120220803495898,5,0,0.0,3.0,1.0,0.0
MA010120220803496171,5,3,0.0799835931091058,4.355,1.0,0.0
MA010120220803496779,5,1,0.0082034454470877,4.36,1.0,0.0
MA010120220803497179,5,0,0.0,0.0,1.0,0.0
MA010120220803497620,5,0,0.0,4.19,1.0,0.0
MA010120220803497733,5,4,0.1107465135356849,4.3,1.0,0.0
MA010120220803497882,5,0,0.0,0.0,0.0,0.0
MA010120220803498229,5,1,0.0041017227235438,4.09,1.0,0.0
MA010120220803498432,5,4,0.1763740771123872,3.685,1.0,0.0
MA010120220803498901,1,3,0.0389663658736669,3.88,1.0,0.0
MA010120220803499393,5,1,0.0020508613617719,5.0,1.0,0.0
MA010120220803499626,1,5,0.4614438063986875,3.315,0.0,0.0
MA010120220803500022,5,1,0.0041017227235438,4.42,1.0,0.0
MA010120220803500186,5,0,0.0,0.0,1.0,0.0
MA010120220803500371,5,4,0.1907301066447908,3.7,1.0,0.0
MA010120220803500470,5,5,0.3404429860541427,4.365,0.0,0.0
MA010120220803500913,5,5,0.4470877768662838,3.47,1.0,0.0
MA010120220803501240,4,3,0.0799835931091058,4.395,1.0,1.0
MA010120220803501256,5,1,0.0102543068088597,4.175,1.0,0.0
MA010120220803503361,5,0,0.0,0.0,1.0,0.0
MA010120220803503818,5,0,0.0,0.0,0.0,0.0
MA010120220803507375,5,0,0.0,4.1,1.0,0.0
MA010120220803507388,5,1,0.0061525840853158,4.5,1.0,0.0
MA010120220803508668,5,0,0.0,0.0,1.0,0.0
MA010120220803508865,5,4,0.0963904840032813,4.36,1.0,1.0
MA010120220803509296,5,2,0.0184577522559474,4.859999999999999,1.0,0.0
MA010120220803510075,5,3,0.0410172272354388,4.75,1.0,1.0
MA010120220803510401,5,0,0.0,0.0,1.0,0.0
MA010120220803511554,5,3,0.0758818703855619,4.8,1.0,0.0
MA010120220803515190,1,5,1.585315832649713,4.445,0.0,1.0
MA010120220803515496,5,2,0.0266611977030352,4.5,1.0,1.0
MA010120220803515801,5,3,0.0430680885972108,2.3,1.0,0.0
MA010120220803518998,5,0,0.0,0.0,1.0,0.0
MA010120220803519806,5,0,0.0,0.0,1.0,0.0
MA010120220803519926,5,2,0.0328137817883511,2.3,0.0,0.0
MA010120220803520158,5,0,0.0,0.0,1.0,0.0
MA010120220803522431,5,1,0.0020508613617719,4.61,0.0,0.0
MA010120220803523242,1,0,0.0,0.0,0.0,0.0
MA010120220803523623,5,0,0.0,0.0,0.0,0.0
MA010120220803523933,1,1,0.0082034454470877,0.0,1.0,0.0
MA010120220803529180,4,3,0.0471698113207547,4.675000000000001,1.0,0.0
MA010120220803529263,5,5,0.5229696472518458,3.9,1.0,1.0
MA010120220803530471,5,2,0.0246103363412633,4.34,1.0,0.0
MA010120220803531935,5,5,1.400738310090238,4.5,1.0,0.0
MA010120220803533749,5,0,0.0,0.0,1.0,0.0
MA010120220803535934,5,1,0.0020508613617719,4.25,1.0,0.0
MA010120220803536428,1,0,0.0,0.0,1.0,0.0
MA010120220803537549,5,4,0.1333059885151763,4.12,0.0,0.0
MA010120220803537601,5,4,0.1292042657916325,4.195,0.0,0.0
MA010120220803537612,5,4,0.1681706316652994,3.4,1.0,0.0
MA010120220803537839,5,1,0.0041017227235438,4.715,1.0,0.0
MA010120220803538891,5,5,0.258408531583265,4.145,0.0,0.0
MA010120220803539096,5,2,0.0205086136177194,4.51,1.0,1.0
MA010120220803540686,5,0,0.0,0.0,1.0,0.0
MA010120220803542736,5,3,0.0471698113207547,4.69,1.0,0.0
MA010120220803543495,5,4,0.217391304347826,4.725,1.0,0.0
MA010120220803544182,5,5,1.0746513535684987,4.495,0.0,0.0
MA010120220803546320,5,4,0.1845775225594749,5.0,1.0,1.0
MA010120220803546442,5,0,0.0,0.0,0.0,0.0
MA010120220803547619,5,1,0.0041017227235438,4.5,1.0,0.0
MA010120220803548354,5,5,0.4163248564397047,0.0,1.0,1.0
MA010120220803549949,5,4,0.0984413453650533,4.605,0.0,0.0
MA010120220803550565,5,4,0.1374077112387202,4.7,1.0,1.0
MA010120220803551212,5,1,0.0020508613617719,4.37,0.0,0.0
MA010120220803555090,4,3,0.0430680885972108,3.625,0.0,0.0
MA010120220803555436,5,1,0.0041017227235438,5.0,1.0,0.0
MA010120220803558545,5,4,0.1702214930270713,4.79,0.0,0.0
MA010120220803558873,5,0,0.0,0.0,1.0,0.0
MA010120220803568165,5,3,0.0615258408531583,3.73,1.0,1.0
MA010120220803569779,5,2,0.0184577522559474,4.705,1.0,0.0
MA010120220803570664,5,5,0.4655455291222313,4.38,1.0,0.0
MA010120220803571758,5,0,0.0,0.0,1.0,0.0
MA010120220803572621,5,3,0.0410172272354388,3.64,0.0,0.0
MA010120220803575488,5,4,0.1722723543888433,4.755,1.0,1.0
MA010120220803576014,5,5,0.2953240360951599,4.21,1.0,0.0
MA010120220803576142,5,0,0.0,0.0,0.0,0.0
MA010120220803577488,5,5,0.2625102543068088,4.48,1.0,0.0
MA010120220803577676,5,3,0.0799835931091058,4.41,1.0,1.0
MA010120220803577857,5,4,0.1743232157506152,4.4,1.0,1.0
MA010120220803578247,5,2,0.0225594749794913,4.265000000000001,1.0,0.0
MA010120220803579614,5,1,0.0061525840853158,4.725,1.0,0.0
MA010120220803579688,5,5,0.3876127973748974,4.1,1.0,0.0
MA010120220803580271,5,0,0.0,0.0,1.0,0.0
MA010120220803580385,1,0,0.0,0.0,0.0,0.0
MA010120220803585068,5,3,0.0492206726825266,4.36,1.0,0.0
MA010120220803586246,5,5,0.3547990155865463,4.37,0.0,1.0
MA010120220803586442,5,5,1.616078753076292,4.54,1.0,0.0
MA010120220803588777,5,4,0.1394585726004922,4.449999999999999,1.0,0.0
MA010120220803589920,5,4,0.1661197703035274,3.525,1.0,0.0
MA010120220803591336,5,5,0.477850697292863,4.68,1.0,0.0
MA010120220803594004,5,2,0.0164068908941755,0.0,1.0,1.0
MA010120220803594603,5,4,0.1025430680885972,4.48,1.0,1.0
MA010120220803596337,5,2,0.0205086136177194,4.715,1.0,0.0
MA010120220803596868,5,3,0.0389663658736669,3.4,1.0,1.0
MA010120220803597841,5,1,0.0102543068088597,5.0,1.0,0.0
MA010120220803598935,5,0,0.0,0.0,0.0,0.0
MA010120220803601653,5,4,0.1661197703035274,4.9,0.0,0.0
MA010120220803604398,5,5,2.22518457752256,4.105,0.0,0.0
MA010120220803604410,1,1,0.0041017227235438,3.0,1.0,0.0
MA010120220803604613,4,0,0.0,0.0,1.0,0.0
MA010120220803604878,5,5,1.616078753076292,4.32,0.0,1.0
MA010120220803604902,5,3,0.0451189499589827,2.8,1.0,0.0
MA010120220803605057,5,4,0.1374077112387202,3.8,0.0,0.0
MA010120220803605443,5,1,0.0123051681706316,1.8,1.0,0.0
MA010120220803605695,5,0,0.0,0.0,1.0,0.0
MA010120220803607761,5,1,0.0020508613617719,5.0,1.0,0.0
MA010120220803608210,1,2,0.0307629204265791,4.25,1.0,0.0
MA010120220803613639,5,3,0.0512715340442986,0.0,1.0,0.0
MA010120220803613894,5,5,0.9598031173092698,3.76,1.0,0.0
MA010120220803614483,5,2,0.0184577522559474,0.0,1.0,0.0
MA010120220803615223,5,0,0.0,0.0,0.0,1.0
MA010120220803615884,5,0,0.0,0.0,1.0,0.0
MA010120220803616660,5,2,0.0205086136177194,3.655,1.0,0.0
MA010120220803619920,5,3,0.0902378999179655,3.95,1.0,0.0
MA010120220803621661,5,2,0.034864643150123,4.915,1.0,0.0
MA010120220803622646,5,5,0.9844134536505332,4.25,1.0,0.0
MA010120220803623523,5,0,0.0,0.0,1.0,0.0
MA010120220803623593,5,1,0.0020508613617719,2.855,1.0,0.0
MA010120220803627243,5,2,0.0369155045118949,5.0,0.0,0.0
MA010120220803630298,4,1,0.0041017227235438,4.43,1.0,0.0
MA010120220803630996,1,0,0.0,0.0,1.0,0.0
MA010120220803632267,5,4,0.1025430680885972,3.725,1.0,1.0
MA010120220803634678,5,0,0.0,0.0,1.0,0.0
MA010120220803636048,5,3,0.0553732567678424,0.0,1.0,0.0
MA010120220803638935,5,4,0.1230516817063166,4.755,1.0,0.0
MA010120220803638997,1,3,0.0656275635767022,4.4,1.0,0.0
MA010120220803639016,5,5,0.2666119770303527,0.0,1.0,0.0
MA010120220803639334,5,0,0.0,0.0,1.0,1.0
MA010120220803642709,5,0,0.0,0.0,1.0,0.0
MA010120220803644004,5,0,0.0,0.0,1.0,0.0
MA010120220803645013,5,5,0.2912223133716161,4.505,0.0,1.0
MA010120220803646430,5,5,1.0438884331419196,4.48,1.0,0.0
MA010120220803646802,5,0,0.0,0.0,1.0,0.0
MA010120220803647639,5,1,0.0061525840853158,4.15,1.0,0.0
MA010120220803648346,5,0,0.0,0.0,0.0,0.0
MA010120220803649613,5,1,0.0143560295324036,0.0,1.0,0.0
MA010120220803649937,5,3,0.0451189499589827,4.715,1.0,0.0
MA010120220803650324,5,3,0.0451189499589827,3.955,1.0,0.0
MA010120220803651889,5,5,0.4942575881870386,0.0,1.0,0.0
MA010120220803652684,5,2,0.0225594749794913,4.54,1.0,0.0
MA010120220803652980,5,4,0.1045939294503691,4.03,1.0,0.0
MA010120220803653481,5,2,0.0205086136177194,4.45,1.0,0.0
MA010120220803653785,5,0,0.0,0.0,1.0,0.0
MA010120220803655751,5,2,0.0225594749794913,4.675,1.0,1.0
MA010120220803656104,5,4,0.1558654634946677,0.0,1.0,0.0
MA010120220803656189,5,2,0.0307629204265791,2.0,1.0,0.0
MA010120220803656717,5,5,0.2645611156685807,4.6,1.0,0.0
MA010120220803656883,5,4,0.0963904840032813,4.6,1.0,0.0
MA010120220803657606,5,5,0.2645611156685807,4.51,1.0,0.0
MA010120220803658119,5,3,0.0799835931091058,4.265,1.0,0.0
MA010120220803658530,5,2,0.0184577522559474,4.4,1.0,0.0
MA010120220803658554,5,4,0.1681706316652994,4.66,1.0,0.0
MA010120220803658685,5,0,0.0,0.0,1.0,0.0
MA010120220803658756,5,4,0.145611156685808,3.355,1.0,0.0
MA010120220803659667,5,4,0.1722723543888433,4.3,1.0,0.0
MA010120220803659717,5,3,0.0553732567678424,4.619999999999999,1.0,1.0
MA010120220803660058,5,2,0.0225594749794913,3.6,1.0,0.0
MA010120220803660347,5,1,0.0041017227235438,5.0,1.0,0.0
MA010120220803661278,5,0,0.0,0.0,1.0,0.0
MA010120220803661871,5,4,0.1640689089417555,4.5,1.0,1.0
MA010120220803662120,5,5,0.4819524200164068,4.51,1.0,1.0
MA010120220803662245,5,4,0.1579163248564397,4.175,1.0,0.0
MA010120220803662393,5,3,0.0430680885972108,4.205,1.0,0.0
MA010120220803663478,5,2,0.0205086136177194,4.505000000000001,0.0,0.0
MA010120220803663533,5,3,0.0471698113207547,4.04,1.0,0.0
MA010120220803663595,5,2,0.0307629204265791,4.005,1.0,0.0
MA010120220803663697,5,2,0.0246103363412633,4.76,1.0,0.0
MA010120220803663955,5,3,0.0389663658736669,4.28,1.0,1.0
MA010120220803664191,5,5,0.3240360951599672,3.865,1.0,1.0
MA010120220803664510,5,3,0.0512715340442986,4.73,1.0,0.0
MA010120220803664524,5,5,0.3424938474159147,4.545,1.0,0.0
MA010120220803664796,5,0,0.0,0.0,1.0,0.0
MA010120220803664985,5,4,0.1886792452830188,0.0,0.0,0.0
MA010120220803665205,5,2,0.0266611977030352,4.1,0.0,0.0
MA010120220803665583,5,1,0.0020508613617719,0.0,1.0,1.0
MA010120220803665674,5,3,0.0410172272354388,3.655,1.0,0.0
MA010120220803665749,5,0,0.0,0.0,1.0,0.0
MA010120220803667166,5,4,0.1333059885151763,3.255,1.0,0.0
MA010120220803667759,5,2,0.0328137817883511,3.725,1.0,0.0
MA010120220803669276,5,4,0.1066447908121411,3.34,1.0,0.0
MA010120220803669458,5,0,0.0,0.0,1.0,0.0
MA010120220803671103,5,4,0.2276456111566858,4.0,1.0,0.0
MA010120220803672587,5,3,0.0615258408531583,4.415,1.0,1.0
MA010120220803672836,5,3,0.0902378999179655,3.88,1.0,0.0
MA010120220803674019,5,2,0.0205086136177194,4.6,1.0,0.0
MA010120220803675047,5,0,0.0,0.0,0.0,0.0
MA010120220803675392,5,3,0.071780147662018,4.285,1.0,0.0
MA010120220803675552,5,2,0.034864643150123,4.8,1.0,0.0
MA010120220803678489,5,0,0.0,0.0,1.0,1.0
MA010120220803678699,5,0,0.0,0.0,1.0,1.0
MA010120220803678928,5,2,0.0369155045118949,3.4,0.0,0.0
MA010120220803684270,4,2,0.0184577522559474,4.38,1.0,0.0
MA010120220803684321,4,0,0.0,0.0,0.0,0.0
MA010120220803684695,1,1,0.0041017227235438,2.715,1.0,0.0
MA010120220803687153,5,0,0.0,0.0,0.0,0.0
MA010120220803688938,5,0,0.0,0.0,0.0,0.0
MA010120220803689944,5,5,0.3547990155865463,3.4,0.0,0.0
MA010120220803697910,5,3,0.0656275635767022,3.105,1.0,0.0
MA010120220803699273,5,5,0.401968826907301,3.76,1.0,0.0
MA010120220803699469,5,3,0.0451189499589827,3.755,1.0,0.0
MA010120220803699812,5,5,0.3055783429040197,4.279999999999999,0.0,0.0
MA010120220803699998,5,0,0.0,0.0,1.0,0.0
MA010120220803700756,5,0,0.0,0.0,1.0,0.0
MA010120220803700981,1,2,0.0184577522559474,3.9,1.0,0.0
MA010120220803701473,5,4,0.1476620180475799,5.0,1.0,1.0
MA010120220803701743,5,5,0.623461853978671,4.63,1.0,0.0
MA010120220803702685,5,2,0.0184577522559474,4.68,1.0,0.0
MA010120220803702750,5,4,0.2378999179655455,4.0,1.0,1.0
MA010120220803703572,4,4,0.1784249384741591,4.675000000000001,1.0,1.0
MA010120220803703588,5,4,0.1927809680065627,4.415,1.0,0.0
MA010120220803703797,5,4,0.2030352748154225,5.0,1.0,1.0
MA010120220803705421,5,1,0.0143560295324036,4.640000000000001,1.0,0.0
MA010120220803705740,5,5,0.2912223133716161,5.0,0.0,0.0
MA010120220803705841,5,3,0.0512715340442986,0.0,1.0,0.0
MA010120220803706648,5,3,0.0738310090237899,4.0,1.0,0.0
MA010120220803707181,5,3,0.0451189499589827,4.785,1.0,1.0
MA010120220803707958,1,5,0.9413453650533224,4.45,1.0,0.0
MA010120220803708451,5,2,0.034864643150123,4.7,1.0,0.0
MA010120220803708696,5,3,0.0902378999179655,3.43,1.0,1.0
MA010120220803709223,5,0,0.0,0.0,1.0,0.0
MA010120220803709949,5,4,0.1435602953240361,4.3,1.0,1.0
MA010120220803710269,5,5,0.6501230516817064,0.0,1.0,0.0
MA010120220803712779,5,1,0.0082034454470877,2.8,1.0,0.0
MA010120220803712894,5,0,0.0,0.0,1.0,0.0
MA010120220803714484,5,1,0.0061525840853158,0.0,1.0,0.0
MA010120220803714608,5,2,0.0246103363412633,3.6,1.0,0.0
MA010120220803715938,5,0,0.0,0.0,1.0,0.0
MA010120220803716035,5,2,0.0205086136177194,0.0,1.0,0.0
MA010120220803716093,5,3,0.0779327317473338,4.63,1.0,0.0
MA010120220803716457,5,0,0.0,0.0,1.0,0.0
MA010120220803717831,5,1,0.0061525840853158,4.39,1.0,0.0
MA010120220803718998,5,3,0.0635767022149302,0.0,1.0,0.0
MA010120220803719658,5,2,0.0225594749794913,3.4,1.0,0.0
MA010120220803719714,5,2,0.0164068908941755,4.07,1.0,0.0
MA010120220803721112,5,0,0.0,0.0,1.0,0.0
MA010120220803721243,5,5,1.363822805578343,4.515000000000001,0.0,0.0
MA010120220803722823,5,5,0.4593929450369155,4.7,1.0,1.0
MA010120220803723029,5,3,0.0758818703855619,0.0,1.0,1.0
MA010120220803723132,5,1,0.0143560295324036,5.0,1.0,0.0
MA010120220803724038,5,0,0.0,0.0,1.0,0.0
MA010120220803725077,4,0,0.0,0.0,1.0,0.0
MA010120220803725157,5,0,0.0,0.0,1.0,0.0
MA010120220803727334,1,4,0.0922887612797374,5.0,1.0,0.0
MA010120220803728195,5,5,0.4183757178014766,4.18,1.0,1.0
MA010120220803733923,5,1,0.0102543068088597,4.12,1.0,0.0
MA010120220803735683,5,1,0.0082034454470877,3.0,1.0,0.0
MA010120220803736227,5,4,0.1517637407711238,4.72,1.0,0.0
MA010120220803737965,5,2,0.0307629204265791,4.12,1.0,0.0
MA010120220803739215,4,1,0.0020508613617719,5.0,1.0,1.0
MA010120220803740605,5,0,0.0,0.0,1.0,0.0
MA010120220803741767,5,4,0.1312551271534044,1.8,1.0,0.0
MA010120220803742275,5,1,0.0020508613617719,0.0,1.0,0.0
MA010120220803742327,5,1,0.0123051681706316,4.46,1.0,0.0
MA010120220803744260,5,1,0.0061525840853158,4.35,1.0,0.0
MA010120220803744934,4,3,0.0799835931091058,4.085,1.0,0.0
MA010120220803745077,1,5,1.058244462674323,3.805,1.0,0.0
MA010120220803745881,5,5,1.3412633305988515,4.205,1.0,1.0
MA010120220803746048,5,1,0.0143560295324036,4.69,1.0,0.0
MA010120220803746388,5,5,1.0910582444626744,4.705,1.0,0.0
MA010120220803748891,5,0,0.0,4.81,0.0,0.0
MA010120220803750599,5,0,0.0,0.0,0.0,0.0
MA010120220803751835,5,5,0.7321575061525841,4.7,1.0,0.0
MA010120220803752528,5,5,1.4397046759639047,3.5,1.0,0.0
MA010120220803752615,5,2,0.0225594749794913,4.255,1.0,0.0
MA010120220803754492,5,1,0.0123051681706316,4.53,1.0,1.0
MA010120220803756482,5,2,0.0369155045118949,4.5,1.0,1.0
MA010120220803756976,5,5,0.3322395406070549,4.35,1.0,1.0
MA010120220803758409,5,1,0.0061525840853158,3.7,0.0,0.0
MA010120220803758820,5,3,0.0594749794913863,4.625,1.0,0.0
MA010120220803758860,5,1,0.0041017227235438,4.465,1.0,0.0
MA010120220803760938,5,0,0.0,0.0,1.0,0.0
MA010120220803760970,4,1,0.0061525840853158,3.3,1.0,0.0
MA010120220803762087,5,1,0.0123051681706316,4.755,1.0,1.0
MA010120220803764278,5,3,0.0656275635767022,4.3,1.0,0.0
MA010120220803764682,5,2,0.0225594749794913,5.0,1.0,0.0
MA010120220803765035,5,5,1.3371616078753077,4.375,1.0,1.0
MA010120220803765644,5,1,0.0061525840853158,3.655,1.0,0.0
MA010120220803765780,5,2,0.0225594749794913,4.395,0.0,0.0
MA010120220803766479,5,3,0.0676784249384741,4.109999999999999,1.0,0.0
MA010120220803766789,5,1,0.0020508613617719,4.14,0.0,0.0
MA010120220803767369,5,1,0.0102543068088597,5.0,1.0,0.0
MA010120220803767414,5,5,0.4245283018867924,4.53,1.0,0.0
MA010120220803768412,5,2,0.0287120590648072,4.21,1.0,0.0
MA010120220803769057,5,0,0.0,0.0,1.0,0.0
MA010120220803769119,5,4,0.1497128794093519,3.51,1.0,0.0
MA010120220803769414,5,1,0.0082034454470877,4.8,1.0,0.0
MA010120220803769840,5,1,0.0082034454470877,3.3,1.0,0.0
MA010120220803770337,5,5,0.3178835110746513,4.75,1.0,0.0
MA010120220803770340,5,5,0.3589007383100903,4.12,1.0,0.0
MA010120220803770514,4,5,1.3269073010664478,4.4,1.0,0.0
MA010120220803770915,5,2,0.0369155045118949,3.605,1.0,0.0
MA010120220803771417,5,5,1.2366694011484822,3.7,1.0,0.0
MA010120220803771570,5,0,0.0,0.0,0.0,0.0
MA010120220803771653,5,3,0.0635767022149302,4.390000000000001,1.0,0.0
MA010120220803773731,5,5,0.7136997538966366,4.635,1.0,0.0
MA010120220803774150,5,4,0.0963904840032813,4.76,1.0,1.0
MA010120220803775021,5,5,0.4922067268252666,4.65,1.0,1.0
MA010120220803775158,5,4,0.1640689089417555,4.715,1.0,0.0
MA010120220803775609,5,5,0.4593929450369155,4.9,1.0,0.0
MA010120220803775684,5,1,0.0123051681706316,4.77,1.0,1.0
MA010120220803775919,5,0,0.0,0.0,1.0,0.0
MA010120220803776123,5,0,0.0,0.0,1.0,0.0
MA010120220803776508,5,5,0.4224774405250204,4.029999999999999,1.0,1.0
MA010120220803776588,5,3,0.0840853158326497,4.83,1.0,1.0
MA010120220803777177,5,3,0.0389663658736669,5.0,1.0,1.0
MA010120220803777496,5,1,0.0082034454470877,3.0,1.0,0.0
MA010120220803777615,5,2,0.0205086136177194,2.9,0.0,0.0
MA010120220803777792,1,5,0.3342904019688269,3.515,1.0,0.0
MA010120220803778098,5,3,0.0553732567678424,4.7,1.0,0.0
MA010120220803778269,5,1,0.0123051681706316,4.525,1.0,0.0
MA010120220803778792,5,2,0.0225594749794913,4.79,1.0,1.0
MA010120220803778836,5,0,0.0,0.0,1.0,0.0
MA010120220803779064,5,3,0.071780147662018,4.0,1.0,0.0
MA010120220803779426,5,3,0.071780147662018,5.0,1.0,0.0
MA010120220803779462,5,3,0.0410172272354388,4.6850000000000005,0.0,1.0
MA010120220803779517,5,2,0.0164068908941755,4.8,1.0,0.0
MA010120220803779642,5,2,0.034864643150123,4.255,1.0,0.0
MA010120220803779695,5,2,0.0164068908941755,3.885,1.0,0.0
MA010120220803779972,5,4,0.2296964725184577,3.0,0.0,0.0
MA010120220803780124,5,5,0.4224774405250204,4.7,1.0,1.0
MA010120220803780165,5,0,0.0,0.0,1.0,0.0
MA010120220803780418,5,3,0.0656275635767022,4.654999999999999,1.0,0.0
MA010120220803781650,5,1,0.0123051681706316,4.41,1.0,0.0
MA010120220803784643,5,5,0.2830188679245283,4.77,1.0,0.0
MA010120220803785063,5,4,0.1025430680885972,3.82,1.0,1.0
MA010120220803785163,5,2,0.0225594749794913,3.0,1.0,0.0
MA010120220803786851,5,1,0.0061525840853158,5.0,1.0,0.0
MA010120220803787040,5,0,0.0,0.0,1.0,0.0
MA010120220803788049,5,1,0.0020508613617719,0.0,1.0,1.0
MA010120220803789331,5,4,0.1661197703035274,4.38,0.0,0.0
MA010120220803794280,4,0,0.0,0.0,1.0,0.0
MA010120220803794432,4,0,0.0,0.0,1.0,0.0
MA010120220803794683,4,1,0.0041017227235438,4.19,1.0,0.0
MA010120220803794806,4,0,0.0,0.0,0.0,0.0
MA010120220803795562,5,0,0.0,0.0,1.0,0.0
MA010120220803796875,5,0,0.0,0.0,1.0,0.0
MA010120220803800846,5,0,0.0,0.0,1.0,0.0
MA010120220803801972,5,0,0.0,0.0,1.0,0.0
MA010120220803802758,5,1,0.0061525840853158,1.0,1.0,0.0
MA010120220803807810,5,2,0.0246103363412633,4.45,0.0,0.0
MA010120220803808474,5,3,0.0676784249384741,4.859999999999999,1.0,1.0
MA010120220803808521,1,1,0.0061525840853158,0.0,1.0,0.0
MA010120220803809219,5,3,0.0594749794913863,4.46,0.0,0.0
MA010120220803809459,5,0,0.0,0.0,1.0,0.0
MA010120220803811519,5,2,0.0266611977030352,4.33,1.0,0.0
MA010120220803812824,5,5,0.2789171452009844,4.4350000000000005,1.0,1.0
MA010120220803813113,5,4,0.1127973748974569,4.41,1.0,0.0
MA010120220803813487,5,3,0.0471698113207547,3.59,1.0,0.0
MA010120220803816569,5,4,0.1394585726004922,3.035,1.0,0.0
MA010120220803817934,5,3,0.0861361771944216,3.7,0.0,0.0
MA010120220803818522,5,0,0.0,4.64,1.0,0.0
MA010120220803819022,5,4,0.2440525020508613,4.2,1.0,1.0
MA010120220803819968,5,4,0.2481542247744052,4.5,1.0,0.0
MA010120220803821568,5,4,0.2276456111566858,4.7,1.0,0.0
MA010120220803822192,5,5,0.2625102543068088,4.6,1.0,1.0
MA010120220803823555,1,4,0.1538146021328958,4.0,1.0,0.0
MA010120220803825763,5,2,0.0164068908941755,3.7,1.0,0.0
MA010120220803827921,5,5,1.3166529942575882,5.0,1.0,1.0
MA010120220803827938,5,3,0.0758818703855619,5.0,1.0,0.0
MA010120220803829027,5,5,0.3117309269893355,0.0,1.0,0.0
MA010120220803831335,5,3,0.0512715340442986,4.605,1.0,0.0
MA010120220803832299,5,3,0.0615258408531583,2.7,1.0,0.0
MA010120220803832575,5,5,0.7608695652173914,3.55,1.0,0.0
MA010120220803832602,5,0,0.0,0.0,1.0,0.0
MA010120220803835138,5,1,0.0123051681706316,2.0,1.0,0.0
MA010120220803836286,5,5,0.330188679245283,3.4,1.0,0.0
MA010120220803838835,4,1,0.0082034454470877,4.8,0.0,0.0
MA010120220803839120,5,0,0.0,4.45,1.0,0.0
MA010120220803842405,5,3,0.0451189499589827,3.0,1.0,0.0
MA010120220803844600,5,2,0.0164068908941755,3.685,1.0,0.0
MA010120220803844857,5,3,0.0635767022149302,4.21,1.0,0.0
MA010120220803844881,5,0,0.0,0.0,1.0,0.0
MA010120220803848084,5,1,0.0041017227235438,0.0,1.0,0.0
MA010120220803848928,5,3,0.0738310090237899,2.8,1.0,0.0
MA010120220803849423,5,2,0.0164068908941755,0.0,1.0,0.0
MA010120220803851243,5,5,0.6070549630844955,4.41,1.0,0.0
MA010120220803851511,4,5,1.7206726825266614,4.575,1.0,0.0
MA010120220803854259,1,5,0.6009023789991796,4.94,0.0,0.0
MA010120220803854953,5,5,0.3240360951599672,4.39,1.0,1.0
MA010120220803855925,4,0,0.0,0.0,0.0,0.0
MA010120220803856033,5,1,0.0082034454470877,4.3,1.0,0.0
MA010120220803856963,5,0,0.0,4.71,1.0,0.0
MA010120220803858178,5,5,0.6480721903199343,4.8,1.0,0.0
MA010120220803859302,5,2,0.0307629204265791,4.4,1.0,0.0
MA010120220803859398,5,4,0.0943396226415094,4.45,1.0,0.0
MA010120220803861663,5,0,0.0,0.0,1.0,0.0
MA010120220803862298,1,0,0.0,0.0,1.0,0.0
MA010120220803862423,5,5,1.3433141919606233,5.0,1.0,0.0
MA010120220803862561,5,2,0.0307629204265791,4.495,1.0,1.0
MA010120220803862971,5,3,0.0820344544708777,4.715,1.0,0.0
MA010120220803863380,5,0,0.0,4.62,0.0,0.0
MA010120220803864081,5,2,0.0164068908941755,2.6,1.0,0.0
MA010120220803865372,5,1,0.0123051681706316,0.0,1.0,1.0
MA010120220803865810,1,5,0.5086136177194421,4.8,1.0,0.0
MA010120220803866159,5,5,0.8716160787530763,4.5,1.0,0.0
MA010120220803869696,5,1,0.0123051681706316,5.0,1.0,0.0
MA010120220803871698,5,1,0.0061525840853158,4.0,1.0,0.0
MA010120220803872507,5,1,0.0061525840853158,3.0,1.0,0.0
MA010120220803873389,5,1,0.0041017227235438,0.0,1.0,0.0
MA010120220803874714,5,1,0.0020508613617719,4.17,1.0,0.0
MA010120220803876550,5,2,0.0287120590648072,3.1,1.0,0.0
MA010120220803877415,5,2,0.0266611977030352,5.0,1.0,0.0
MA010120220803877419,1,5,1.4991796554552914,3.8,1.0,0.0
MA010120220803878389,1,0,0.0,0.0,1.0,0.0
MA010120220803878519,5,1,0.0020508613617719,5.0,1.0,0.0
MA010120220803880592,1,0,0.0,4.53,1.0,0.0
MA010120220803881150,5,3,0.0594749794913863,4.345,1.0,0.0
MA010120220803883290,5,1,0.0102543068088597,4.12,1.0,0.0
MA010120220803883928,5,1,0.0020508613617719,0.0,1.0,0.0
MA010120220803885062,1,3,0.0656275635767022,4.41,1.0,1.0
MA010120220803885467,1,1,0.0020508613617719,0.0,1.0,0.0
MA010120220803888516,5,3,0.0451189499589827,4.7,1.0,0.0
MA010120220803890996,5,2,0.0328137817883511,3.77,1.0,0.0
MA010120220803891421,5,4,0.1784249384741591,4.21,1.0,1.0
MA010120220803892364,5,0,0.0,0.0,1.0,0.0
MA010120220803894286,5,0,0.0,0.0,1.0,0.0
MA010120220803894763,5,2,0.0328137817883511,3.1,1.0,0.0
MA010120220803895749,5,4,0.1292042657916325,4.67,1.0,1.0
MA010120220803896066,5,2,0.0164068908941755,4.5,1.0,0.0
MA010120220803896137,5,3,0.0799835931091058,5.0,1.0,0.0
MA010120220803897464,5,2,0.0287120590648072,4.58,1.0,0.0
MA010120220803898868,5,5,0.3117309269893355,4.665,1.0,1.0
MA010120220803900672,5,3,0.0553732567678424,4.635,1.0,0.0
MA010120220803900802,5,3,0.0410172272354388,0.0,1.0,1.0
MA010120220803900848,5,3,0.0656275635767022,4.505,1.0,0.0
MA010120220803901278,5,5,1.152584085315833,4.67,1.0,0.0
MA010120220803901908,5,0,0.0,0.0,1.0,0.0
MA010120220803902005,5,1,0.0123051681706316,4.45,1.0,0.0
MA010120220803902052,4,4,0.1107465135356849,3.905,1.0,1.0
MA010120220803902207,5,4,0.1066447908121411,3.985,0.0,0.0
MA010120220803902806,5,4,0.1333059885151763,4.12,1.0,0.0
MA010120220803903262,5,0,0.0,0.0,1.0,0.0
MA010120220803903930,5,2,0.0266611977030352,4.2,1.0,0.0
MA010120220803903942,5,0,0.0,0.0,1.0,1.0
MA010120220803904088,5,1,0.0082034454470877,4.63,1.0,1.0
MA010120220803904090,5,3,0.0635767022149302,4.15,1.0,0.0
MA010120220803904225,5,2,0.0307629204265791,3.855,1.0,0.0
MA010120220803904476,5,2,0.0307629204265791,4.0,0.0,0.0
MA010120220803904612,5,0,0.0,0.0,0.0,0.0
MA010120220803905371,5,4,0.0963904840032813,4.495,1.0,0.0
MA010120220803905385,5,5,0.4470877768662838,4.8,1.0,0.0
MA010120220803905416,5,4,0.1681706316652994,4.395,1.0,0.0
MA010120220803905609,5,4,0.1599671862182116,4.66,1.0,0.0
MA010120220803906206,5,2,0.0328137817883511,3.83,1.0,0.0
MA010120220803906263,5,0,0.0,0.0,1.0,0.0
MA010120220803906375,5,3,0.0902378999179655,4.775,1.0,0.0
MA010120220803906408,5,3,0.0553732567678424,3.685,1.0,0.0
MA010120220803907183,5,1,0.0102543068088597,3.655,1.0,0.0
MA010120220803907260,5,3,0.0410172272354388,4.38,1.0,0.0
MA010120220803907526,5,2,0.0205086136177194,4.300000000000001,1.0,0.0
MA010120220803907728,5,3,0.0881870385561936,3.995,1.0,1.0
MA010120220803907891,5,5,0.3076292042657916,3.5,1.0,0.0
MA010120220803907993,5,0,0.0,0.0,1.0,0.0
MA010120220803908262,5,5,0.4183757178014766,0.0,0.0,0.0
MA010120220803908509,5,4,0.1045939294503691,4.62,1.0,0.0
MA010120220803908671,5,3,0.0492206726825266,4.41,1.0,0.0
MA010120220803908857,5,1,0.0143560295324036,4.62,1.0,1.0
MA010120220803909414,5,5,0.7936833470057424,3.995,1.0,0.0
MA010120220803909439,4,5,0.734208367514356,4.59,1.0,0.0
MA010120220803909757,5,3,0.0799835931091058,2.2,1.0,0.0
MA010120220803910348,5,3,0.0471698113207547,4.734999999999999,1.0,0.0
MA010120220803911228,5,0,0.0,0.0,1.0,0.0
MA010120220803911503,5,5,1.6468416735028713,4.58,1.0,0.0
MA010120220803911605,5,5,0.7280557834290402,4.205,1.0,0.0
MA010120220803911676,5,2,0.0205086136177194,2.705,0.0,0.0
MA010120220803911786,5,5,0.3035274815422477,4.365,0.0,0.0
MA010120220803913346,5,2,0.0164068908941755,4.9,0.0,0.0
MA010120220803913373,5,2,0.0328137817883511,4.74,1.0,0.0
MA010120220803913659,5,5,0.3137817883511074,4.435,1.0,0.0
MA010120220803914731,5,0,0.0,0.0,1.0,0.0
MA010120220803915934,5,0,0.0,0.0,1.0,0.0
MA010120220803916944,5,1,0.0102543068088597,4.715,1.0,1.0
MA010120220803917026,5,4,0.1127973748974569,4.345,1.0,0.0
MA010120220803918127,5,4,0.2071369975389664,4.57,1.0,0.0
MA010120220803919811,5,2,0.0184577522559474,2.6,1.0,0.0
MA010120220803921004,5,4,0.1681706316652994,3.245,1.0,1.0
MA010120220803922306,1,0,0.0,0.0,0.0,0.0
MA010120220803922334,5,5,0.3465955701394586,3.0,1.0,0.0
MA010120220803925109,5,2,0.0205086136177194,4.7,1.0,0.0
MA010120220803925565,5,0,0.0,0.0,1.0,0.0
MA010120220803925579,5,5,0.4573420836751435,4.465,1.0,0.0
MA010120220803925673,5,3,0.0389663658736669,4.2,1.0,0.0
MA010120220803926619,5,2,0.0328137817883511,4.1,1.0,0.0
MA010120220803930346,5,0,0.0,0.0,1.0,0.0
MA010120220803930785,1,0,0.0,0.0,1.0,0.0
MA010120220803931403,1,1,0.0041017227235438,4.0,0.0,1.0
MA010120220803931436,5,0,0.0,0.0,0.0,0.0
MA010120220803932739,5,0,0.0,0.0,0.0,0.0
MA010120220803941375,5,5,1.989335520918786,4.38,1.0,1.0
MA010120220803941498,5,0,0.0,0.0,1.0,0.0
MA010120220803941529,5,3,0.0471698113207547,3.59,0.0,0.0
MA010120220803942484,5,2,0.0184577522559474,4.535,1.0,0.0
MA010120220803945366,5,0,0.0,0.0,1.0,0.0
MA010120220803945434,5,4,0.1189499589827727,2.1,1.0,1.0
MA010120220803946706,5,1,0.0041017227235438,4.13,1.0,0.0
MA010120220803951976,5,0,0.0,0.0,1.0,0.0
MA010120220803951980,5,2,0.0205086136177194,4.8,1.0,0.0
MA010120220803952844,5,0,0.0,4.5,0.0,1.0
MA010120220803959883,5,2,0.0164068908941755,4.58,1.0,0.0
MA010120220803961292,5,4,0.0943396226415094,4.525,1.0,0.0
MA010120220803962175,5,1,0.0102543068088597,0.0,1.0,0.0
MA010120220803965754,5,5,0.8613617719442166,3.8,1.0,1.0
MA010120220803969480,5,4,0.0984413453650533,4.720000000000001,1.0,0.0
MA010120220803969832,5,0,0.0,4.64,0.0,0.0
MA010120220803972349,5,0,0.0,0.0,1.0,0.0
MA010120220803972657,5,3,0.0553732567678424,3.865,1.0,0.0
MA010120220803972691,5,5,0.699343724364233,4.085,1.0,1.0
MA010120220803974343,5,4,0.1948318293683347,4.3100000000000005,1.0,0.0
MA010120220803974516,5,1,0.0041017227235438,4.76,1.0,0.0
MA010120220803975275,5,4,0.2481542247744052,4.48,1.0,1.0
MA010120220803975479,5,2,0.0225594749794913,0.0,1.0,1.0
MA010120220803975482,5,0,0.0,4.3,1.0,1.0
MA010120220803976350,5,1,0.0020508613617719,0.0,1.0,0.0
MA010120220803976429,5,1,0.0041017227235438,0.0,1.0,0.0
MA010120220803976999,5,1,0.0143560295324036,4.67,1.0,0.0
MA010120220803977183,5,3,0.0451189499589827,0.0,0.0,0.0
MA010120220803977531,5,1,0.0020508613617719,4.78,0.0,0.0
MA010120220803977915,5,4,0.2440525020508613,5.0,1.0,0.0
MA010120220803978080,5,5,0.623461853978671,0.0,0.0,0.0
MA010120220803978912,5,2,0.0184577522559474,4.68,1.0,0.0
MA010120220803978932,5,2,0.0266611977030352,4.24,1.0,0.0
MA010120220803979505,5,1,0.0102543068088597,4.54,1.0,0.0
MA010120220803980265,5,0,0.0,0.0,1.0,1.0
MA010120220803980278,5,3,0.0779327317473338,4.12,1.0,1.0
MA010120220803980309,5,5,0.4573420836751435,4.23,1.0,0.0
MA010120220803980844,5,2,0.0246103363412633,4.76,1.0,0.0
MA010120220803982182,5,3,0.0758818703855619,4.205,1.0,1.0
MA010120220803985398,4,1,0.0061525840853158,0.0,1.0,1.0
MA010120220803986031,5,2,0.0164068908941755,3.74,1.0,0.0
MA010120220803986263,5,1,0.0082034454470877,4.3,1.0,0.0
MA010120220803989730,5,2,0.0307629204265791,4.645,1.0,0.0
MA010120220803992863,5,3,0.0635767022149302,5.0,1.0,1.0
MA010120220803993077,5,5,0.6726825266611978,4.2,1.0,1.0
MA010120220803993320,5,3,0.0410172272354388,1.9,1.0,0.0
MA010120220803993606,5,2,0.0369155045118949,4.0,1.0,1.0
MA010120220803996432,5,4,0.1804757998359311,4.2,1.0,1.0
MA010120220803997001,5,4,0.2399507793273174,4.0,1.0,1.0
MA010120220803997682,5,0,0.0,0.0,1.0,0.0
MA010120220803999971,4,0,0.0,0.0,1.0,0.0
MA010120220804001617,5,3,0.0451189499589827,4.36,1.0,1.0
MA010120220804002643,4,3,0.0779327317473338,4.62,1.0,0.0
MA010120220804003237,5,2,0.0205086136177194,0.0,1.0,0.0
MA010120220804003654,5,1,0.0020508613617719,5.0,1.0,0.0
MA010120220804013949,5,5,1.878589007383101,3.99,0.0,0.0
MA010120220804015233,5,0,0.0,0.0,1.0,0.0
MA010120220804015250,5,1,0.0061525840853158,4.43,1.0,0.0
MA010120220804017385,5,2,0.0164068908941755,3.715,1.0,0.0
MA010120220804018659,5,5,0.2789171452009844,3.4450000000000003,1.0,0.0
MA010120220804019811,5,0,0.0,0.0,1.0,0.0
MA010120220804020319,5,1,0.0102543068088597,3.68,1.0,0.0
MA010120220804022574,5,5,0.7095980311730927,4.3,1.0,0.0
MA010120220804022903,5,2,0.0246103363412633,4.45,0.0,0.0
MA010120220804023936,1,0,0.0,0.0,1.0,0.0
MA010120220804023970,5,1,0.0020508613617719,4.8,1.0,0.0
MA010120220804024496,4,2,0.0266611977030352,4.1,1.0,1.0
MA010120220804024682,5,2,0.0184577522559474,4.38,1.0,0.0
MA010120220804025317,5,3,0.0451189499589827,4.915,1.0,0.0
MA010120220804025344,5,2,0.0184577522559474,5.0,1.0,0.0
MA010120220804025794,5,3,0.0820344544708777,4.605,1.0,0.0
MA010120220804027408,5,5,0.3445447087776866,4.4,1.0,0.0
MA010120220804028334,5,2,0.0205086136177194,4.720000000000001,1.0,1.0
MA010120220804028416,5,5,1.251025430680886,4.035,1.0,0.0
MA010120220804028439,5,0,0.0,0.0,1.0,0.0
MA010120220804028534,5,3,0.0594749794913863,3.7,1.0,0.0
MA010120220804028988,4,2,0.0287120590648072,4.455,1.0,0.0
MA010120220804029249,5,3,0.0615258408531583,4.74,1.0,1.0
MA010120220804029449,5,4,0.108695652173913,3.7,1.0,0.0
MA010120220804030495,5,5,1.029532403609516,3.935,1.0,1.0
MA010120220804030594,4,3,0.0574241181296144,3.9,1.0,0.0
MA010120220804030743,5,1,0.0143560295324036,3.66,1.0,0.0
MA010120220804030790,5,5,0.258408531583265,4.555,0.0,0.0
MA010120220804031102,5,0,0.0,0.0,1.0,0.0
MA010120220804031226,1,0,0.0,4.35,1.0,0.0
MA010120220804032164,5,4,0.1148482362592288,4.449999999999999,0.0,0.0
MA010120220804032442,5,0,0.0,0.0,1.0,0.0
MA010120220804032542,5,3,0.0676784249384741,4.5,1.0,1.0
MA010120220804032874,5,5,0.6132075471698113,4.5,1.0,0.0
MA010120220804033399,5,5,1.357670221493027,4.720000000000001,1.0,1.0
MA010120220804033525,5,5,0.3609515996718622,4.0,0.0,0.0
MA010120220804033932,5,3,0.0410172272354388,4.6,1.0,0.0
MA010120220804034546,5,4,0.1210008203445447,4.5600000000000005,1.0,0.0
MA010120220804035108,5,3,0.0676784249384741,4.470000000000001,1.0,0.0
MA010120220804035363,5,4,0.1025430680885972,4.734999999999999,1.0,0.0
MA010120220804035406,5,5,0.2830188679245283,5.0,1.0,0.0
MA010120220804035690,5,3,0.0779327317473338,4.35,1.0,0.0
MA010120220804035745,5,4,0.1620180475799836,4.6,1.0,0.0
MA010120220804036292,5,5,0.8511074651353568,4.1850000000000005,0.0,0.0
MA010120220804036529,5,3,0.0574241181296144,4.6,1.0,0.0
MA010120220804036604,5,2,0.0164068908941755,4.705,1.0,0.0
MA010120220804037283,5,1,0.0123051681706316,4.535,1.0,0.0
MA010120220804037533,5,2,0.0184577522559474,4.77,1.0,0.0
MA010120220804038249,5,2,0.034864643150123,0.0,1.0,0.0
MA010120220804038336,5,2,0.0246103363412633,4.5,1.0,0.0
MA010120220804043268,5,5,0.2973748974569319,4.77,1.0,0.0
MA010120220804043645,5,4,0.1517637407711238,4.484999999999999,1.0,0.0
MA010120220804045029,5,5,1.5237899917965545,4.6,1.0,0.0
MA010120220804045492,5,2,0.0164068908941755,4.6,1.0,0.0
MA010120220804045665,5,4,0.1292042657916325,0.0,1.0,0.0
MA010120220804045779,5,1,0.0123051681706316,0.0,0.0,0.0
MA010120220804047219,1,3,0.0492206726825266,4.1,1.0,0.0
MA010120220804047411,5,1,0.0041017227235438,4.44,1.0,0.0
MA010120220804048588,5,0,0.0,0.0,0.0,0.0
MA010120220804048754,5,2,0.0246103363412633,4.345000000000001,1.0,1.0
MA010120220804050124,5,3,0.0635767022149302,4.1,1.0,0.0
MA010120220804050618,5,1,0.0082034454470877,4.38,1.0,0.0
MA010120220804053299,5,1,0.0123051681706316,3.675,1.0,0.0
MA010120220804055683,5,0,0.0,0.0,1.0,0.0
MA010120220804056713,4,0,0.0,0.0,1.0,0.0
MA010120220804057187,5,0,0.0,0.0,1.0,0.0
MA010120220804057858,5,0,0.0,0.0,0.0,0.0
MA010120220804058136,5,0,0.0,0.0,1.0,0.0
MA010120220804058144,5,0,0.0,0.0,0.0,0.0
MA010120220804058240,5,0,0.0,0.0,1.0,0.0
MA010120220804058500,5,0,0.0,0.0,0.0,0.0
MA010120220804059548,5,0,0.0,0.0,1.0,0.0
MA010120220804059734,5,0,0.0,0.0,1.0,0.0
MA010120220804061542,1,0,0.0,0.0,1.0,0.0
MA010120220804061874,5,0,0.0,0.0,1.0,0.0
MA010120220804064468,5,0,0.0,0.0,1.0,0.0
MA010120220804066139,5,0,0.0,0.0,1.0,0.0
MA010120220804066733,5,0,0.0,0.0,1.0,0.0
MA010120220804067223,5,5,0.3896636587366694,0.0,1.0,0.0
MA010120220804067716,5,1,0.0061525840853158,4.2,0.0,0.0
MA010120220804068500,5,0,0.0,0.0,1.0,0.0
MA010120220804068918,5,3,0.0389663658736669,4.5,0.0,0.0
MA010120220804068956,5,4,0.1004922067268252,4.25,1.0,0.0
MA010120220804069211,5,5,1.3699753896636588,4.62,1.0,0.0
MA010120220804069216,5,0,0.0,0.0,1.0,0.0
MA010120220804069463,5,5,0.6214109926168991,4.06,0.0,0.0
MA010120220804071531,1,1,0.0061525840853158,5.0,1.0,0.0
MA010120220804072253,5,5,0.8982772764561116,4.39,1.0,1.0
MA010120220804073789,1,0,0.0,0.0,1.0,0.0
MA010120220804073973,5,1,0.0102543068088597,4.41,1.0,0.0
MA010120220804078989,5,3,0.0512715340442986,4.18,1.0,1.0
MA010120220804079067,5,2,0.0205086136177194,4.105,1.0,0.0
MA010120220804079736,5,5,0.6849876948318294,0.0,0.0,0.0
MA010120220804081737,5,1,0.0020508613617719,0.0,1.0,0.0
MA010120220804092119,5,0,0.0,0.0,1.0,0.0
MA010120220804093147,5,3,0.0430680885972108,3.775,1.0,0.0
MA010120220804093804,5,3,0.0615258408531583,4.2,1.0,0.0
MA010120220804097225,5,4,0.1927809680065627,4.109999999999999,1.0,0.0
MA010120220804097295,5,0,0.0,0.0,1.0,0.0
MA010120220804098120,5,3,0.0635767022149302,4.62,1.0,1.0
MA010120220804100933,5,0,0.0,0.0,1.0,0.0
MA010120220804106315,5,2,0.0266611977030352,4.94,1.0,0.0
MA010120220804106964,5,1,0.0082034454470877,4.475,1.0,0.0
MA010120220804107110,5,1,0.0143560295324036,0.0,1.0,0.0
MA010120220804107871,5,2,0.0246103363412633,4.105,1.0,0.0
MA010120220804108138,4,3,0.0820344544708777,0.0,1.0,1.0
MA010120220804108887,5,1,0.0082034454470877,3.855,1.0,1.0
MA010120220804108947,5,3,0.0574241181296144,3.455,1.0,0.0
MA010120220804108979,5,5,0.2789171452009844,4.67,1.0,0.0
MA010120220804109275,5,1,0.0041017227235438,5.0,0.0,0.0
MA010120220804109865,5,2,0.0369155045118949,3.955,1.0,0.0
MA010120220804110141,4,3,0.0738310090237899,4.5,1.0,0.0
MA010120220804110944,5,5,0.6337161607875308,4.0,1.0,1.0
MA010120220804111327,5,2,0.0307629204265791,0.0,1.0,1.0
MA010120220804111335,4,5,0.4183757178014766,4.2,1.0,1.0
MA010120220804111385,5,1,0.0143560295324036,4.37,1.0,0.0
MA010120220804112145,5,3,0.0389663658736669,4.79,1.0,0.0
MA010120220804112259,5,0,0.0,0.0,1.0,0.0
MA010120220804112544,5,3,0.0594749794913863,4.42,1.0,0.0
MA010120220804112942,5,1,0.0061525840853158,4.6,1.0,1.0
MA010120220804113212,5,5,1.3863822805578343,4.41,1.0,0.0
MA010120220804113654,5,1,0.0041017227235438,4.455,1.0,0.0
MA010120220804113694,5,2,0.0205086136177194,4.5600000000000005,1.0,0.0
MA010120220804113770,4,5,0.8162428219852338,0.0,1.0,0.0
MA010120220804113953,5,1,0.0102543068088597,0.0,1.0,0.0
MA010120220804113993,5,3,0.0902378999179655,4.449999999999999,1.0,1.0
MA010120220804114506,5,1,0.0020508613617719,0.0,1.0,0.0
MA010120220804114862,4,1,0.0102543068088597,5.0,1.0,1.0
MA010120220804115852,5,4,0.0943396226415094,4.6850000000000005,1.0,0.0
MA010120220804116175,5,2,0.0164068908941755,4.56,1.0,1.0
MA010120220804116210,5,3,0.0738310090237899,4.62,1.0,1.0
MA010120220804116265,5,3,0.0471698113207547,5.0,1.0,0.0
MA010120220804123862,5,2,0.0205086136177194,4.33,1.0,0.0
MA010120220804124416,5,4,0.1538146021328958,0.0,1.0,0.0
MA010120220804124917,5,4,0.1251025430680886,4.734999999999999,1.0,1.0
MA010120220804125217,5,4,0.1722723543888433,4.71,1.0,0.0
MA010120220804125785,5,2,0.0225594749794913,5.0,1.0,0.0
MA010120220804127125,1,0,0.0,0.0,1.0,0.0
MA010120220804131483,4,1,0.0041017227235438,5.0,1.0,0.0
MA010120220804132364,5,2,0.034864643150123,4.645,1.0,0.0
MA010120220804132396,5,4,0.1886792452830188,3.705,1.0,1.0
MA010120220804132715,5,0,0.0,0.0,1.0,0.0
MA010120220804132982,5,1,0.0041017227235438,5.0,0.0,0.0
MA010120220804133494,5,0,0.0,0.0,0.0,0.0
MA010120220804140784,5,4,0.1066447908121411,4.3,1.0,0.0
MA010120220804140787,5,2,0.0246103363412633,5.0,1.0,1.0
MA010120220804142302,5,2,0.0225594749794913,3.68,1.0,0.0
MA010120220804142859,5,5,0.6152584085315833,4.48,1.0,0.0
MA010120220804146033,5,5,0.5701394585726005,4.0,0.0,0.0
MA010120220804147003,5,5,0.4265791632485644,4.5,1.0,0.0
MA010120220804147074,5,4,0.145611156685808,0.0,1.0,0.0
MA010120220804147105,4,3,0.0451189499589827,4.795,1.0,0.0
MA010120220804147632,5,0,0.0,4.17,1.0,0.0
MA010120220804148639,1,3,0.0451189499589827,0.0,1.0,0.0
MA010120220804149613,5,2,0.034864643150123,3.1,1.0,0.0
MA010120220804150044,5,3,0.0451189499589827,3.955,1.0,0.0
MA010120220804151047,5,5,0.8634126333059886,4.675000000000001,1.0,1.0
MA010120220804151187,5,2,0.0184577522559474,3.78,1.0,0.0
MA010120220804151367,5,0,0.0,0.0,1.0,0.0
MA010120220804152498,5,3,0.0820344544708777,4.605,1.0,0.0
MA010120220804154411,5,2,0.0164068908941755,4.0,1.0,0.0
MA010120220804155349,5,3,0.0553732567678424,4.5,1.0,0.0
MA010120220804156243,4,3,0.0451189499589827,2.7,1.0,0.0
MA010120220804156824,5,0,0.0,0.0,1.0,0.0
MA010120220804165777,5,4,0.0984413453650533,4.66,1.0,0.0
MA010120220804167177,5,1,0.0020508613617719,5.0,1.0,0.0
MA010120220804170866,5,5,0.4245283018867924,4.15,1.0,0.0
MA010120220804171066,5,5,1.2325676784249384,4.53,1.0,0.0
MA010120220804171457,5,0,0.0,4.29,1.0,0.0
MA010120220804171594,5,5,1.6714520098441346,4.565,1.0,0.0
MA010120220804174008,5,1,0.0041017227235438,0.0,1.0,1.0
MA010120220804174431,5,5,0.3137817883511074,4.904999999999999,1.0,0.0
MA010120220804177737,5,3,0.0697292863002461,4.0,1.0,0.0
MA010120220804177946,5,3,0.0738310090237899,4.715,1.0,0.0
MA010120220804179504,5,0,0.0,4.45,1.0,0.0
MA010120220804179843,5,4,0.0943396226415094,4.4,1.0,0.0
MA010120220804180214,5,4,0.2481542247744052,0.0,1.0,0.0
MA010120220804181458,5,2,0.0246103363412633,4.91,1.0,0.0
MA010120220804181696,5,1,0.0041017227235438,0.0,0.0,1.0
MA010120220804181824,5,1,0.0061525840853158,0.0,1.0,0.0
MA010120220804185311,5,1,0.0041017227235438,4.654999999999999,1.0,0.0
MA010120220804185464,5,4,0.1476620180475799,4.46,1.0,0.0
MA010120220804185922,5,2,0.0328137817883511,3.655,1.0,0.0
MA010120220804186575,1,4,0.1620180475799836,4.0,1.0,0.0
MA010120220804186964,5,4,0.1579163248564397,4.32,0.0,1.0
MA010120220804187535,5,5,0.3465955701394586,4.24,1.0,1.0
MA010120220804188005,5,3,0.0512715340442986,3.91,1.0,1.0
MA010120220804188307,5,2,0.0164068908941755,5.0,1.0,0.0
MA010120220804188449,5,3,0.0533223954060705,4.675000000000001,1.0,0.0
MA010120220804188698,5,3,0.0553732567678424,4.475,1.0,1.0
MA010120220804188759,5,3,0.0758818703855619,3.45,1.0,0.0
MA010120220804189256,5,2,0.0205086136177194,4.055,1.0,1.0
MA010120220804189646,5,3,0.0451189499589827,4.635,1.0,1.0
MA010120220804190133,5,2,0.0328137817883511,3.53,1.0,0.0
MA010120220804191282,5,5,0.3589007383100903,4.34,1.0,0.0
MA010120220804191407,5,5,0.8388022969647252,3.585,1.0,0.0
MA010120220804191604,5,4,0.1025430680885972,4.46,1.0,1.0
MA010120220804191624,5,0,0.0,0.0,0.0,0.0
MA010120220804191630,5,3,0.0574241181296144,4.76,1.0,0.0
MA010120220804192759,5,3,0.0738310090237899,4.050000000000001,1.0,1.0
MA010120220804193012,4,0,0.0,0.0,1.0,0.0
MA010120220804193061,5,2,0.0164068908941755,3.69,1.0,0.0
MA010120220804193261,5,5,0.4655455291222313,3.5,1.0,1.0
MA010120220804193646,5,3,0.0471698113207547,4.415,1.0,0.0
MA010120220804194309,5,1,0.0143560295324036,4.609999999999999,1.0,1.0
MA010120220804194333,4,3,0.0738310090237899,4.5,1.0,1.0
MA010120220804194782,5,3,0.0758818703855619,4.609999999999999,1.0,0.0
MA010120220804194915,5,1,0.0041017227235438,4.62,1.0,0.0
MA010120220804195413,5,3,0.0635767022149302,3.705,1.0,0.0
MA010120220804195927,5,3,0.0512715340442986,4.69,1.0,1.0
MA010120220804196373,5,5,1.10746513535685,4.58,1.0,0.0
MA010120220804196840,5,3,0.0697292863002461,4.3,1.0,0.0
MA010120220804196994,5,1,0.0061525840853158,4.1,1.0,1.0
MA010120220804197181,5,1,0.0020508613617719,4.29,1.0,0.0
MA010120220804197195,5,2,0.0266611977030352,4.355,1.0,0.0
MA010120220804197449,5,0,0.0,0.0,1.0,0.0
MA010120220804198990,5,1,0.0123051681706316,3.0,1.0,0.0
MA010120220804199089,5,0,0.0,0.0,1.0,0.0
MA010120220804200077,5,4,0.217391304347826,0.0,1.0,0.0
MA010120220804200793,5,5,0.4901558654634946,4.25,0.0,1.0
MA010120220804200830,5,5,1.0746513535684987,4.3,1.0,0.0
MA010120220804201596,5,5,0.4716981132075472,4.53,1.0,0.0
MA010120220804202015,5,1,0.0143560295324036,3.7,1.0,0.0
MA010120220804202127,5,4,0.1271534044298605,4.88,1.0,1.0
MA010120220804203185,5,1,0.0123051681706316,5.0,1.0,0.0
MA010120220804204861,5,5,1.8642329778506967,4.42,1.0,0.0
MA010120220804205911,5,5,0.8736669401148482,4.4,1.0,1.0
MA010120220804207624,5,3,0.0553732567678424,4.6,1.0,1.0
MA010120220804207671,5,2,0.0164068908941755,4.68,1.0,0.0
MA010120220804208982,5,0,0.0,0.0,0.0,0.0
MA010120220804208996,5,0,0.0,0.0,0.0,0.0
MA010120220804211420,5,0,0.0,0.0,1.0,0.0
MA010120220804211762,5,5,0.4881050041017227,4.225,1.0,0.0
MA010120220804212024,5,0,0.0,0.0,1.0,0.0
MA010120220804212061,5,0,0.0,0.0,1.0,0.0
MA010120220804214268,5,0,0.0,0.0,1.0,0.0
MA010120220804221020,1,0,0.0,0.0,1.0,0.0
MA010120220804222469,5,0,0.0,0.0,1.0,0.0
MA010120220804224492,1,3,0.0553732567678424,3.845,1.0,0.0
MA010120220804225549,5,0,0.0,0.0,0.0,0.0
MA010120220804225938,5,0,0.0,0.0,1.0,0.0
MA010120220804226736,1,5,0.2789171452009844,0.0,1.0,0.0
MA010120220804227283,1,2,0.0205086136177194,3.8,1.0,0.0
MA010120220804233432,5,1,0.0123051681706316,4.25,1.0,0.0
MA010120220804233933,5,1,0.0123051681706316,3.0,0.0,0.0
MA010120220804234188,4,2,0.0246103363412633,4.645,1.0,0.0
MA010120220804240243,5,2,0.0184577522559474,4.449999999999999,1.0,0.0
MA010120220804240531,5,4,0.1968826907301066,4.2,1.0,1.0
MA010120220804242272,5,5,0.365053322395406,3.0,1.0,0.0
MA010120220804245447,4,4,0.1045939294503691,4.640000000000001,1.0,1.0
MA010120220804245563,5,1,0.0143560295324036,3.375,1.0,1.0
MA010120220804246219,1,0,0.0,0.0,1.0,0.0
MA010120220804247941,5,4,0.2502050861361772,4.74,1.0,0.0
MA010120220804250705,5,0,0.0,0.0,1.0,0.0
MA010120220804254850,5,1,0.0123051681706316,4.17,1.0,0.0
MA010120220804256994,5,4,0.1004922067268252,3.8,1.0,1.0
MA010120220804259638,4,1,0.0041017227235438,4.5,1.0,0.0
MA010120220804260700,5,5,0.6111566858080394,4.83,1.0,1.0
MA010120220804260749,5,4,0.1558654634946677,4.6,1.0,0.0
MA010120220804260877,5,2,0.0225594749794913,3.4,0.0,0.0
MA010120220804261797,5,0,0.0,0.0,1.0,0.0
MA010120220804262024,5,3,0.0389663658736669,4.654999999999999,0.0,1.0
MA010120220804262537,5,0,0.0,0.0,1.0,0.0
MA010120220804263889,5,2,0.0205086136177194,3.62,1.0,0.0
MA010120220804264376,4,0,0.0,0.0,1.0,0.0
MA010120220804265422,5,5,0.7403609515996719,4.62,1.0,0.0
MA010120220804265470,5,3,0.0553732567678424,3.745,1.0,0.0
MA010120220804265772,5,4,0.2399507793273174,4.605,1.0,0.0
MA010120220804265952,5,0,0.0,0.0,1.0,0.0
MA010120220804266075,5,4,0.1866283839212469,4.4,1.0,0.0
MA010120220804266333,1,0,0.0,0.0,1.0,0.0
MA010120220804268031,5,2,0.0205086136177194,3.33,0.0,1.0
MA010120220804268801,5,3,0.0512715340442986,3.4,0.0,0.0
MA010120220804269758,5,3,0.0738310090237899,4.54,1.0,0.0
MA010120220804269865,5,0,0.0,0.0,1.0,0.0
MA010120220804271086,5,3,0.0553732567678424,4.83,1.0,1.0
MA010120220804272524,5,2,0.0225594749794913,4.745,1.0,0.0
MA010120220804272834,5,2,0.0287120590648072,3.6,0.0,1.0
MA010120220804272900,5,4,0.1210008203445447,4.46,1.0,0.0
MA010120220804273529,5,4,0.1025430680885972,4.785,1.0,0.0
MA010120220804273934,5,5,0.2666119770303527,2.9800000000000004,1.0,0.0
MA010120220804274371,5,3,0.0594749794913863,4.43,1.0,0.0
MA010120220804274777,4,0,0.0,0.0,1.0,0.0
MA010120220804274837,5,4,0.2337981952420016,0.0,1.0,1.0
MA010120220804275478,5,4,0.1579163248564397,4.17,1.0,1.0
MA010120220804275679,5,1,0.0082034454470877,4.27,1.0,1.0
MA010120220804275878,5,3,0.0676784249384741,4.77,1.0,1.0
MA010120220804277015,5,1,0.0061525840853158,5.0,1.0,1.0
MA010120220804277051,5,1,0.0102543068088597,1.0,1.0,0.0
MA010120220804277093,5,4,0.1394585726004922,0.0,0.0,1.0
MA010120220804278002,5,2,0.0184577522559474,4.1,0.0,0.0
MA010120220804278846,5,1,0.0041017227235438,3.675,1.0,0.0
MA010120220804279073,4,3,0.0635767022149302,4.455,1.0,0.0
MA010120220804279215,5,5,0.8388022969647252,0.0,1.0,1.0
MA010120220804279362,5,1,0.0082034454470877,3.97,1.0,0.0
MA010120220804279485,5,0,0.0,0.0,1.0,0.0
MA010120220804279527,5,5,0.5065627563576702,4.3,1.0,0.0
MA010120220804279575,5,3,0.0471698113207547,5.0,1.0,1.0
MA010120220804279756,5,2,0.0164068908941755,4.79,1.0,1.0
MA010120220804280133,5,1,0.0143560295324036,5.0,1.0,0.0
MA010120220804280353,5,4,0.1210008203445447,4.755000000000001,1.0,0.0
MA010120220804281480,5,2,0.0328137817883511,4.73,1.0,1.0
MA010120220804281955,5,4,0.1599671862182116,4.785,1.0,0.0
MA010120220804282191,5,3,0.0799835931091058,4.1,1.0,0.0
MA010120220804282233,5,1,0.0020508613617719,4.75,1.0,0.0
MA010120220804283030,5,2,0.0164068908941755,0.0,0.0,0.0
MA010120220804283432,5,2,0.0205086136177194,4.43,1.0,0.0
MA010120220804283485,1,3,0.0451189499589827,5.0,1.0,0.0
MA010120220804283553,5,5,0.2912223133716161,0.0,1.0,0.0
MA010120220804283758,5,4,0.1681706316652994,4.21,1.0,1.0
MA010120220804284520,5,4,0.1866283839212469,4.77,0.0,1.0
MA010120220804284628,5,1,0.0123051681706316,4.23,1.0,1.0
MA010120220804286060,5,0,0.0,0.0,1.0,0.0
MA010120220804287346,5,5,0.3794093519278096,4.7,1.0,0.0
MA010120220804287369,5,0,0.0,0.0,1.0,0.0
MA010120220804287530,5,5,0.8695652173913043,3.6,1.0,0.0
MA010120220804287767,5,2,0.0225594749794913,4.79,1.0,0.0
MA010120220804288042,1,5,0.8941755537325677,0.0,1.0,0.0
MA010120220804288972,5,4,0.2112387202625102,4.53,1.0,0.0
MA010120220804289213,5,5,0.2686628383921247,4.675000000000001,1.0,1.0
MA010120220804289393,5,3,0.0410172272354388,4.285,1.0,1.0
MA010120220804294329,4,0,0.0,0.0,1.0,0.0
MA010120220804294331,4,1,0.0041017227235438,0.0,0.0,0.0
MA010120220804295154,5,0,0.0,0.0,1.0,0.0
MA010120220804295740,5,1,0.0143560295324036,4.4,1.0,0.0
MA010120220804298640,5,0,0.0,0.0,1.0,0.0
MA010120220804299752,5,0,0.0,0.0,1.0,0.0
MA010120220804301640,5,0,0.0,0.0,1.0,0.0
MA010120220804302534,5,0,0.0,0.0,1.0,0.0
MA010120220804306383,4,0,0.0,0.0,0.0,0.0
MA010120220804316138,5,5,1.796554552912223,3.24,1.0,0.0
MA010120220804317357,5,3,0.0799835931091058,4.515,1.0,0.0
MA010120220804321580,5,0,0.0,0.0,0.0,0.0
MA010120220804322603,5,5,0.2768662838392124,0.0,1.0,0.0
MA010120220804322989,5,2,0.0287120590648072,4.42,1.0,1.0
MA010120220804323345,5,1,0.0143560295324036,4.08,1.0,0.0
MA010120220804323703,5,2,0.0287120590648072,5.0,1.0,0.0
MA010120220804325155,5,5,0.3096800656275635,4.9,1.0,0.0
MA010120220804325160,5,5,0.4327317473338802,4.4,1.0,1.0
MA010120220804327583,5,5,0.365053322395406,0.0,1.0,0.0
MA010120220804328194,5,5,0.9413453650533224,4.1,1.0,1.0
MA010120220804328202,5,2,0.0266611977030352,3.0,1.0,0.0
MA010120220804328610,5,2,0.0287120590648072,4.6850000000000005,1.0,0.0
MA010120220804328702,5,1,0.0041017227235438,4.36,1.0,1.0
MA010120220804329388,5,1,0.0061525840853158,3.7,1.0,0.0
MA010120220804330513,5,1,0.0020508613617719,0.0,0.0,0.0
MA010120220804332994,5,1,0.0082034454470877,3.0,1.0,1.0
MA010120220804333486,5,0,0.0,0.0,0.0,0.0
MA010120220804333754,5,3,0.0758818703855619,4.725,1.0,0.0
MA010120220804336253,5,4,0.1722723543888433,0.0,1.0,1.0
MA010120220804339141,5,0,0.0,0.0,0.0,0.0
MA010120220804339142,5,5,0.5414273995077933,4.5,1.0,0.0
MA010120220804339177,5,3,0.0635767022149302,4.23,0.0,0.0
MA010120220804339669,5,0,0.0,0.0,0.0,0.0
MA010120220804340076,1,5,0.5352748154224775,4.8,1.0,0.0
MA010120220804343429,5,3,0.0471698113207547,4.4,1.0,0.0
MA010120220804346159,5,1,0.0020508613617719,0.0,1.0,0.0
MA010120220804346766,5,3,0.0451189499589827,3.735,1.0,0.0
MA010120220804351434,5,1,0.0020508613617719,4.57,1.0,0.0
MA010120220804353822,5,1,0.0041017227235438,4.13,1.0,0.0
MA010120220804354320,5,2,0.0225594749794913,4.21,1.0,0.0
MA010120220804354360,5,2,0.0246103363412633,4.550000000000001,1.0,0.0
MA010120220804355860,5,5,0.5434782608695652,5.0,1.0,0.0
MA010120220804356235,5,0,0.0,0.0,1.0,0.0
MA010120220804357493,5,0,0.0,0.0,1.0,0.0
MA010120220804357830,5,0,0.0,0.0,1.0,0.0
MA010120220804359274,5,2,0.034864643150123,2.855,1.0,0.0
MA010120220804361293,5,4,0.1271534044298605,3.48,1.0,0.0
MA010120220804361452,5,3,0.0451189499589827,3.355,1.0,0.0
MA010120220804363123,5,4,0.1271534044298605,3.76,1.0,1.0
MA010120220804363174,5,4,0.1230516817063166,0.0,1.0,0.0
MA010120220804363243,5,2,0.0307629204265791,4.7,1.0,0.0
MA010120220804363340,5,4,0.2112387202625102,4.7,0.0,0.0
MA010120220804364664,4,0,0.0,4.48,1.0,0.0
MA010120220804364984,5,3,0.0615258408531583,4.24,1.0,1.0
MA010120220804365239,5,5,0.2953240360951599,0.0,1.0,0.0
MA010120220804365323,4,2,0.0164068908941755,3.5,1.0,0.0
MA010120220804365347,5,4,0.1271534044298605,4.3,1.0,0.0
MA010120220804366741,5,4,0.1025430680885972,4.695,1.0,0.0
MA010120220804367110,5,4,0.1312551271534044,4.415,0.0,0.0
MA010120220804367145,5,4,0.1640689089417555,2.3,1.0,0.0
MA010120220804367603,5,2,0.0164068908941755,4.62,1.0,0.0
MA010120220804367615,5,2,0.0266611977030352,4.3,1.0,0.0
MA010120220804367913,5,4,0.1271534044298605,4.535,1.0,0.0
MA010120220804368054,5,3,0.0902378999179655,4.565,0.0,1.0
MA010120220804368069,5,5,1.140278917145201,4.42,1.0,0.0
MA010120220804368648,5,1,0.0041017227235438,0.0,0.0,0.0
MA010120220804368670,5,4,0.1394585726004922,3.0,0.0,0.0
MA010120220804369085,5,2,0.0164068908941755,5.0,1.0,0.0
MA010120220804369462,5,2,0.0184577522559474,4.6850000000000005,1.0,0.0
MA010120220804369500,5,3,0.0594749794913863,3.675,1.0,0.0
MA010120220804369523,5,2,0.0164068908941755,0.0,1.0,0.0
MA010120220804369815,5,5,0.7977850697292863,3.67,1.0,0.0
MA010120220804369854,5,4,0.1066447908121411,4.35,1.0,0.0
MA010120220804370583,5,0,0.0,0.0,0.0,1.0
MA010120220804371144,5,2,0.0307629204265791,4.845000000000001,1.0,1.0
MA010120220804371932,5,4,0.2522559474979491,3.82,0.0,0.0
MA010120220804372265,5,4,0.0984413453650533,1.8,1.0,0.0
MA010120220804372387,4,0,0.0,0.0,1.0,0.0
MA010120220804373669,5,5,0.3855619360131255,0.0,1.0,0.0
MA010120220804378402,5,4,0.1312551271534044,0.0,1.0,0.0
MA010120220804381151,5,0,0.0,0.0,0.0,0.0
MA010120220804382110,5,1,0.0061525840853158,4.63,1.0,0.0
MA010120220804386922,5,0,0.0,0.0,0.0,0.0
MA010120220804387318,5,2,0.0184577522559474,3.3,1.0,0.0
MA010120220804388322,5,2,0.0266611977030352,3.96,1.0,0.0
MA010120220804390158,5,0,0.0,0.0,1.0,0.0
MA010120220804390373,5,5,1.8888433141919605,3.595,1.0,0.0
MA010120220804395202,5,4,0.108695652173913,4.77,1.0,0.0
MA010120220804395736,5,1,0.0102543068088597,5.0,0.0,0.0
MA010120220804396752,5,4,0.0963904840032813,3.92,1.0,0.0
MA010120220804396841,5,2,0.0328137817883511,4.38,1.0,0.0
MA010120220804400976,1,2,0.0287120590648072,5.0,1.0,0.0
MA010120220804402570,5,2,0.0328137817883511,4.895,1.0,0.0
MA010120220804402991,5,5,0.5721903199343724,2.925,1.0,0.0
MA010120220804404449,5,4,0.1230516817063166,5.0,1.0,0.0
MA010120220804407115,1,3,0.0594749794913863,0.0,0.0,0.0
MA010120220804407692,5,3,0.0594749794913863,3.985,1.0,0.0
MA010120220804409622,5,5,0.5414273995077933,0.0,0.0,0.0
MA010120220804410439,5,3,0.0389663658736669,3.805,0.0,0.0
MA010120220804410509,4,5,0.6480721903199343,4.8,1.0,0.0
MA010120220804410521,5,0,0.0,0.0,1.0,0.0
MA010120220804411481,5,3,0.0430680885972108,3.905,1.0,0.0
MA010120220804411917,5,5,0.7793273174733388,4.720000000000001,1.0,1.0
MA010120220804414242,4,4,0.1210008203445447,4.695,1.0,1.0
MA010120220804417264,4,3,0.0820344544708777,4.33,1.0,1.0
MA010120220804418375,5,5,0.4963084495488105,4.4,1.0,0.0
MA010120220804418485,5,0,0.0,0.0,1.0,0.0
MA010120220804419396,5,2,0.034864643150123,4.0,1.0,0.0
MA010120220804421068,5,0,0.0,0.0,1.0,0.0
MA010120220804422062,5,3,0.0430680885972108,0.0,1.0,0.0
MA010120220804422149,5,3,0.0676784249384741,2.6,1.0,0.0
MA010120220804422323,5,0,0.0,0.0,1.0,0.0
MA010120220804422777,5,4,0.2317473338802297,5.0,0.0,0.0
MA010120220804423043,5,2,0.0225594749794913,3.5,1.0,0.0
MA010120220804423749,5,1,0.0082034454470877,4.605,1.0,0.0
MA010120220804423790,5,2,0.0164068908941755,5.0,1.0,0.0
MA010120220804425688,5,2,0.034864643150123,4.37,1.0,0.0
MA010120220804425711,5,1,0.0020508613617719,5.0,1.0,0.0
MA010120220804426291,1,3,0.0512715340442986,4.65,1.0,0.0
MA010120220804426732,5,1,0.0143560295324036,4.5,1.0,1.0
MA010120220804427728,1,0,0.0,0.0,1.0,0.0
MA010120220804428382,5,0,0.0,0.0,1.0,0.0
MA010120220804428499,5,4,0.2030352748154225,4.5,1.0,0.0
MA010120220804429137,5,5,0.4552912223133716,4.95,1.0,0.0
MA010120220804429890,5,2,0.0287120590648072,4.67,1.0,0.0
MA010120220804430340,5,2,0.0225594749794913,4.4,1.0,0.0
MA010120220804430918,5,0,0.0,0.0,1.0,0.0
MA010120220804432239,5,4,0.1784249384741591,4.0,1.0,0.0
MA010120220804432672,5,4,0.2296964725184577,4.55,0.0,0.0
MA010120220804433014,5,1,0.0061525840853158,0.0,0.0,1.0
MA010120220804433148,5,3,0.0512715340442986,4.85,1.0,1.0
MA010120220804433242,5,3,0.071780147662018,4.58,1.0,1.0
MA010120220804434239,5,2,0.0246103363412633,2.9,1.0,0.0
MA010120220804434492,1,0,0.0,0.0,1.0,0.0
MA010120220804434663,5,2,0.0307629204265791,5.0,1.0,0.0
MA010120220804435844,1,4,0.1989335520918786,5.0,0.0,0.0
MA010120220804436640,5,0,0.0,0.0,1.0,0.0
MA010120220804444465,5,0,0.0,0.0,1.0,0.0
MA010120220804446379,5,2,0.0328137817883511,4.2,1.0,0.0
MA010120220804446602,5,1,0.0020508613617719,4.44,1.0,0.0
MA010120220804446621,4,4,0.0943396226415094,4.08,1.0,1.0
MA010120220804448012,5,2,0.034864643150123,4.2,1.0,0.0
MA010120220804448236,5,1,0.0061525840853158,3.3,1.0,0.0
MA010120220804448890,5,2,0.0246103363412633,0.0,1.0,1.0
MA010120220804450541,5,4,0.2009844134536505,0.0,1.0,0.0
MA010120220804456055,5,1,0.0082034454470877,0.0,1.0,0.0
MA010120220804456142,5,0,0.0,0.0,1.0,0.0
MA010120220804456366,5,1,0.0123051681706316,3.7,1.0,0.0
MA010120220804457334,5,3,0.0389663658736669,4.71,1.0,1.0
MA010120220804457844,5,5,0.8593109105824447,3.56,0.0,0.0
MA010120220804458062,5,3,0.0820344544708777,4.3,1.0,0.0
MA010120220804458626,5,5,0.2789171452009844,4.13,1.0,0.0
MA010120220804458719,5,4,0.1230516817063166,3.79,1.0,0.0
MA010120220804458860,4,3,0.0779327317473338,4.305,1.0,0.0
MA010120220804459388,5,3,0.0799835931091058,4.275,1.0,0.0
MA010120220804459456,5,4,0.1066447908121411,4.37,1.0,1.0
MA010120220804460189,5,5,0.2707136997538966,4.3,1.0,1.0
MA010120220804460399,5,3,0.0492206726825266,3.855,1.0,0.0
MA010120220804460448,5,2,0.0205086136177194,4.24,1.0,1.0
MA010120220804461028,5,1,0.0041017227235438,4.57,1.0,0.0
MA010120220804461100,5,5,1.7186218211648894,3.875,1.0,0.0
MA010120220804461249,5,3,0.0389663658736669,3.0,1.0,0.0
MA010120220804461626,4,0,0.0,0.0,1.0,0.0
MA010120220804461630,5,4,0.1025430680885972,3.165,1.0,0.0
MA010120220804461934,5,2,0.0246103363412633,4.220000000000001,1.0,0.0
MA010120220804461954,5,5,0.3342904019688269,3.4000000000000004,1.0,0.0
MA010120220804462003,5,4,0.1763740771123872,4.46,1.0,0.0
MA010120220804462200,5,5,0.805988515176374,4.225,1.0,0.0
MA010120220804463425,5,5,1.5258408531583263,4.085,1.0,0.0
MA010120220804463531,5,5,0.9495488105004102,0.0,1.0,1.0
MA010120220804463691,5,3,0.071780147662018,5.0,1.0,0.0
MA010120220804463705,5,4,0.1107465135356849,4.705,1.0,0.0
MA010120220804464251,5,1,0.0082034454470877,4.415,1.0,0.0
MA010120220804464255,5,2,0.0266611977030352,4.605,1.0,0.0
MA010120220804464756,5,2,0.0369155045118949,3.1,1.0,1.0
MA010120220804465399,5,1,0.0123051681706316,3.7,1.0,0.0
MA010120220804465467,4,1,0.0061525840853158,0.0,1.0,0.0
MA010120220804466200,1,0,0.0,0.0,1.0,0.0
MA010120220804466709,5,5,0.2625102543068088,4.5,1.0,1.0
MA010120220804466751,1,0,0.0,0.0,1.0,0.0
MA010120220804466860,5,3,0.0738310090237899,4.75,1.0,0.0
MA010120220804467233,5,3,0.0656275635767022,4.75,1.0,0.0
MA010120220804467498,5,1,0.0143560295324036,4.58,1.0,0.0
MA010120220804467514,5,4,0.1148482362592288,0.0,1.0,1.0
MA010120220804467713,5,3,0.0574241181296144,3.14,1.0,0.0
MA010120220804467948,5,0,0.0,0.0,1.0,0.0
MA010120220804468016,5,2,0.0246103363412633,4.4,1.0,0.0
MA010120220804468166,5,4,0.1025430680885972,4.72,1.0,0.0
MA010120220804468340,5,1,0.0082034454470877,5.0,1.0,0.0
MA010120220804468348,5,0,0.0,0.0,1.0,0.0
MA010120220804469737,5,2,0.0205086136177194,5.0,1.0,0.0
MA010120220804470242,5,1,0.0102543068088597,3.0,1.0,0.0
MA010120220804470291,5,5,0.2912223133716161,4.5,1.0,0.0
MA010120220804472436,5,5,0.2727645611156686,4.37,1.0,0.0
MA010120220804472553,1,5,1.6837571780147662,4.1,0.0,0.0
MA010120220804473390,5,3,0.0410172272354388,3.7,0.0,0.0
MA010120220804474072,1,0,0.0,0.0,1.0,0.0
MA010120220804474624,5,0,0.0,4.22,0.0,0.0
MA010120220804474828,5,2,0.0164068908941755,5.0,1.0,0.0
MA010120220804480775,4,1,0.0041017227235438,5.0,0.0,0.0
MA010120220804482383,1,0,0.0,0.0,0.0,0.0
MA010120220804484259,5,0,0.0,0.0,1.0,0.0
MA010120220804489112,5,0,0.0,0.0,1.0,0.0
MA010120220804491402,5,0,0.0,0.0,0.0,0.0
MA010120220804492276,5,0,0.0,0.0,1.0,0.0
MA010120220804492397,5,0,0.0,0.0,1.0,0.0
MA010120220804493317,5,2,0.0369155045118949,4.17,1.0,1.0
MA010120220804495330,1,1,0.0020508613617719,4.0,1.0,0.0
MA010120220804497092,5,0,0.0,0.0,0.0,0.0
MA010120220804498565,5,0,0.0,0.0,0.0,0.0
MA010120220804498801,5,0,0.0,0.0,1.0,0.0
MA010120220804530824,5,1,0.0020508613617719,0.0,1.0,0.0
MA010120220804531373,5,1,0.0123051681706316,5.0,1.0,0.0
MA010120220804532943,5,5,0.2686628383921247,4.8,1.0,0.0
MA010120220804533705,5,5,0.6829368334700574,4.4,1.0,1.0
MA010120220804535888,4,0,0.0,0.0,0.0,0.0
MA010120220804536065,5,1,0.0020508613617719,4.58,0.0,0.0
MA010120220804536809,5,5,0.3404429860541427,4.58,1.0,0.0
MA010120220804536905,5,2,0.0246103363412633,5.0,1.0,1.0
MA010120220804544345,5,4,0.1045939294503691,4.49,0.0,0.0
MA010120220804544790,5,5,0.3999179655455291,4.2,1.0,0.0
MA010120220804546382,5,5,0.8285479901558656,4.385,1.0,1.0
MA010120220804546396,5,2,0.0225594749794913,4.54,1.0,0.0
MA010120220804546497,5,2,0.0225594749794913,4.6,1.0,1.0
MA010120220804546617,5,3,0.0574241181296144,4.859999999999999,0.0,0.0
MA010120220804546701,5,2,0.0164068908941755,4.82,1.0,0.0
MA010120220804546755,5,5,0.3404429860541427,4.49,0.0,0.0
MA010120220804547128,5,3,0.0451189499589827,3.87,1.0,0.0
MA010120220804547769,5,1,0.0020508613617719,5.0,1.0,0.0
MA010120220804552474,1,0,0.0,0.0,0.0,0.0
MA010120220804553795,1,5,0.5393765381460213,0.0,0.0,0.0
MA010120220804572168,5,5,0.2686628383921247,0.0,1.0,0.0
MA010120220804572401,1,5,0.3096800656275635,3.265,0.0,0.0
MA010120220804575555,5,0,0.0,0.0,1.0,0.0
MA010120220804576146,5,3,0.0574241181296144,5.0,0.0,0.0
MA010120220804576474,5,2,0.0164068908941755,4.5,1.0,0.0
MA010120220804577567,5,2,0.0246103363412633,4.62,1.0,0.0
MA010120220804580651,5,4,0.1210008203445447,0.0,0.0,0.0
MA010120220804581731,5,2,0.0205086136177194,2.3,1.0,0.0
MA010120220804581933,5,0,0.0,0.0,1.0,0.0
MA010120220804582845,5,2,0.0225594749794913,4.7,1.0,0.0
MA010120220804584775,5,0,0.0,0.0,0.0,0.0
MA010120220804585662,5,0,0.0,0.0,0.0,0.0
MA010120220804586182,4,0,0.0,0.0,1.0,0.0
MA010120220804586765,5,0,0.0,4.6,1.0,0.0
MA010120220804598877,4,4,0.0963904840032813,4.73,0.0,1.0
MA010120220804599260,1,5,0.2830188679245283,5.0,1.0,0.0
MA010120220804600869,5,4,0.2112387202625102,3.975,1.0,0.0
MA010120220804601090,5,2,0.0164068908941755,3.0,1.0,0.0
MA010120220804601116,5,0,0.0,0.0,1.0,0.0
MA010120220804601210,5,5,0.4450369155045119,4.32,1.0,0.0
MA010120220804601394,5,5,0.5475799835931091,4.0,1.0,0.0
MA010120220804601933,5,2,0.0205086136177194,4.06,1.0,0.0
MA010120220804602992,5,3,0.0635767022149302,4.5,1.0,0.0
MA010120220804603915,5,2,0.0369155045118949,4.640000000000001,1.0,1.0
MA010120220804606876,5,3,0.0799835931091058,4.01,1.0,1.0
MA010120220804607629,5,1,0.0082034454470877,5.0,1.0,0.0
MA010120220804608088,5,4,0.2420016406890894,4.475,1.0,0.0
MA010120220804608423,5,3,0.0451189499589827,5.0,1.0,1.0
MA010120220804609389,5,5,0.588597210828548,0.0,1.0,0.0
MA010120220804610033,5,1,0.0102543068088597,0.0,1.0,1.0
MA010120220804611307,5,0,0.0,0.0,0.0,0.0
MA010120220804611455,5,5,1.3392124692370797,4.54,1.0,0.0
MA010120220804611504,5,3,0.0533223954060705,4.42,1.0,0.0
MA010120220804626736,5,1,0.0102543068088597,4.04,1.0,0.0
MA010120220804656727,5,4,0.1948318293683347,3.44,1.0,0.0
MA010120220804657580,5,0,0.0,0.0,0.0,1.0
MA010120220804658209,5,0,0.0,0.0,0.0,0.0
MA010120220804659972,5,1,0.0020508613617719,0.0,0.0,0.0
MA010120220804660213,5,2,0.034864643150123,0.0,1.0,0.0
MA010120220804661155,5,1,0.0102543068088597,4.79,1.0,1.0
MA010120220804661411,5,5,1.8662838392124688,4.41,1.0,0.0
MA010120220804662430,5,3,0.0430680885972108,0.0,1.0,1.0
MA010120220804669288,1,0,0.0,0.0,0.0,0.0
MA010120220804670135,5,0,0.0,0.0,1.0,0.0
MA010120220804670501,5,2,0.0246103363412633,4.62,0.0,0.0
MA010120220804681315,5,2,0.0328137817883511,4.9,1.0,0.0
MA010120220804681389,5,4,0.1394585726004922,4.5600000000000005,1.0,0.0
MA010120220804681493,5,4,0.1230516817063166,3.75,1.0,0.0
MA010120220804682777,5,3,0.0451189499589827,3.17,1.0,0.0
MA010120220804683255,5,4,0.2481542247744052,0.0,1.0,1.0
MA010120220804684775,5,2,0.0184577522559474,3.0,1.0,0.0
MA010120220804686815,5,1,0.0020508613617719,0.0,1.0,0.0
MA010120220804687245,5,2,0.0328137817883511,0.0,0.0,0.0
MA010120220804687693,5,5,0.6091058244462675,4.545,1.0,0.0
MA010120220804688210,5,2,0.0225594749794913,3.9,1.0,0.0
MA010120220804689304,5,5,0.5352748154224775,4.6,1.0,1.0
MA010120220804689573,5,3,0.0758818703855619,4.8,1.0,0.0
MA010120220804689859,5,1,0.0143560295324036,5.0,0.0,0.0
MA010120220804691246,5,2,0.0246103363412633,3.445,1.0,0.0
MA010120220804691824,5,1,0.0123051681706316,4.38,1.0,1.0
MA010120220804691966,5,0,0.0,0.0,0.0,0.0
MA010120220804692550,5,0,0.0,0.0,1.0,0.0
MA010120220804694949,4,5,0.3076292042657916,2.4,1.0,1.0
MA010120220804719912,5,1,0.0020508613617719,5.0,1.0,0.0
MA010120220804720615,5,2,0.0164068908941755,0.0,1.0,0.0
MA010120220804722092,5,2,0.0369155045118949,5.0,1.0,0.0
MA010120220804722851,5,5,0.3322395406070549,4.82,1.0,0.0
MA010120220804722998,1,1,0.0020508613617719,4.58,1.0,0.0
MA010120220804723197,5,3,0.0512715340442986,4.19,1.0,1.0
MA010120220804723787,5,4,0.0963904840032813,4.699999999999999,1.0,1.0
MA010120220804724471,4,0,0.0,0.0,1.0,0.0
MA010120220804725898,5,5,0.5147662018047581,0.0,1.0,0.0
MA010120220804726930,1,1,0.0041017227235438,1.0,1.0,0.0
MA010120220804728636,5,2,0.0266611977030352,4.2,1.0,0.0
MA010120220804729365,5,4,0.1333059885151763,3.5,1.0,0.0
MA010120220804733969,5,1,0.0041017227235438,0.0,1.0,0.0
MA010120220804734050,5,2,0.0205086136177194,3.1,1.0,1.0
MA010120220804734516,5,3,0.0389663658736669,0.0,1.0,0.0
MA010120220804735337,5,5,0.3855619360131255,4.9,1.0,1.0
MA010120220804735545,5,3,0.0574241181296144,3.8,0.0,1.0
MA010120220804735782,5,4,0.2399507793273174,4.64,1.0,0.0
MA010120220804740739,5,0,0.0,0.0,1.0,0.0
MA010120220804756855,5,0,0.0,0.0,1.0,0.0
MA010120220804757987,5,4,0.2255947497949138,4.6,1.0,1.0
MA010120220804758397,5,0,0.0,0.0,1.0,0.0
MA010120220804759479,5,1,0.0102543068088597,4.5,1.0,1.0
MA010120220804759905,1,4,0.2132895816242822,4.6,0.0,0.0
MA010120220804760035,5,4,0.1189499589827727,3.47,0.0,0.0
MA010120220804760460,1,0,0.0,0.0,1.0,0.0
MA010120220804761222,5,5,2.2005742411812963,4.265000000000001,1.0,0.0
MA010120220804762360,5,1,0.0082034454470877,2.65,1.0,0.0
MA010120220804762678,1,1,0.0020508613617719,0.0,0.0,0.0
MA010120220804763070,5,2,0.0246103363412633,4.3,1.0,1.0
MA010120220804765259,5,2,0.0205086136177194,5.0,0.0,0.0
MA010120220804766045,5,3,0.071780147662018,4.0,0.0,0.0
MA010120220804766250,5,5,0.4799015586546349,4.305,1.0,0.0
MA010120220804766419,1,0,0.0,0.0,1.0,0.0
MA010120220804766706,5,4,0.0963904840032813,4.645,1.0,0.0
MA010120220804768065,5,1,0.0143560295324036,4.67,1.0,0.0
MA010120220804768448,5,4,0.1251025430680886,4.5,1.0,0.0
MA010120220804768802,5,2,0.0307629204265791,4.315,1.0,1.0
MA010120220804768866,5,2,0.0246103363412633,3.8,1.0,0.0
MA010120220804771756,5,0,0.0,0.0,0.0,0.0
MA010120220804773103,5,0,0.0,4.38,0.0,0.0
MA010120220804773737,5,0,0.0,0.0,1.0,0.0
MA010120220804776891,5,4,0.1907301066447908,3.925,1.0,0.0
MA010120220804780390,5,5,1.400738310090238,4.085,1.0,0.0
MA010120220804782412,5,3,0.0738310090237899,4.7,1.0,0.0
MA010120220804782948,5,1,0.0082034454470877,0.0,1.0,0.0
MA010120220804784212,4,2,0.0307629204265791,4.734999999999999,1.0,1.0
MA010120220804784499,5,0,0.0,0.0,1.0,0.0
MA010120220804785986,5,5,0.9413453650533224,3.9,1.0,0.0
MA010120220804786678,5,5,0.475799835931091,4.745,1.0,0.0
MA010120220804787148,5,3,0.0410172272354388,4.41,1.0,0.0
MA010120220804787818,5,5,0.6439704675963904,4.41,1.0,0.0
MA010120220804790354,5,2,0.0184577522559474,3.0,1.0,0.0
MA010120220804790540,5,0,0.0,0.0,0.0,0.0
MA010120220804790811,5,2,0.034864643150123,4.695,0.0,0.0
MA010120220804791194,5,3,0.0615258408531583,4.6,1.0,1.0
MA010120220804791785,5,3,0.0799835931091058,4.640000000000001,1.0,1.0
MA010120220804791901,1,3,0.0492206726825266,4.54,1.0,0.0
MA010120220804793581,1,0,0.0,0.0,1.0,0.0
MA010120220804797147,5,4,0.2071369975389664,3.9,1.0,0.0
MA010120220804798060,5,0,0.0,0.0,1.0,0.0
MA010120220804800582,5,5,0.3835110746513536,4.515000000000001,1.0,0.0
MA010120220804801293,5,4,0.1107465135356849,4.3,1.0,1.0
MA010120220804802476,5,5,0.660377358490566,3.905,1.0,0.0
MA010120220804803188,5,2,0.0205086136177194,4.6850000000000005,1.0,0.0
MA010120220804805876,1,4,0.2235438884331419,4.62,1.0,0.0
MA010120220804805970,5,0,0.0,0.0,1.0,0.0
MA010120220804806692,5,4,0.2091878589007383,4.48,1.0,0.0
MA010120220804806879,5,1,0.0020508613617719,5.0,1.0,0.0
MA010120220804806892,5,0,0.0,0.0,1.0,0.0
MA010120220804807016,5,2,0.0369155045118949,4.44,1.0,0.0
MA010120220804807567,5,3,0.0430680885972108,2.7,1.0,0.0
MA010120220804807831,5,5,0.293273174733388,4.9350000000000005,1.0,0.0
MA010120220804808202,5,1,0.0041017227235438,4.585,1.0,0.0
MA010120220804808332,5,0,0.0,0.0,1.0,0.0
MA010120220804809347,5,5,0.3958162428219852,4.315,1.0,0.0
MA010120220804815320,4,4,0.1558654634946677,4.305,1.0,0.0
MA010120220804815552,5,4,0.2009844134536505,4.34,1.0,0.0
MA010120220804815622,5,2,0.0369155045118949,4.165,1.0,0.0
MA010120220804816652,5,5,0.8634126333059886,3.985,0.0,1.0
MA010120220804816721,5,4,0.0943396226415094,4.045,1.0,1.0
MA010120220804817528,5,0,0.0,0.0,1.0,0.0
MA010120220804817775,5,3,0.0676784249384741,3.755,1.0,1.0
MA010120220804817862,5,4,0.1907301066447908,4.36,1.0,0.0
MA010120220804817975,5,3,0.0635767022149302,4.45,1.0,0.0
MA010120220804818202,5,3,0.0594749794913863,4.4,1.0,0.0
MA010120220804818467,5,2,0.0369155045118949,5.0,1.0,0.0
MA010120220804818946,5,3,0.0492206726825266,4.69,1.0,0.0
MA010120220804819457,5,3,0.0389663658736669,4.3,1.0,0.0
MA010120220804819923,5,5,1.4602132895816242,3.65,1.0,0.0
MA010120220804822133,5,5,0.4942575881870386,0.0,1.0,0.0
MA010120220804822849,5,4,0.2399507793273174,3.6,1.0,0.0
MA010120220804824234,5,2,0.0164068908941755,3.7,0.0,0.0
MA010120220804825260,1,3,0.0574241181296144,5.0,1.0,0.0
MA010120220804826680,1,0,0.0,0.0,1.0,0.0
MA010120220804827908,5,0,0.0,0.0,1.0,0.0
MA010120220804836393,5,5,0.5639868744872847,4.755,1.0,0.0
MA010120220804836411,5,4,0.1168990976210008,3.89,1.0,0.0
MA010120220804836463,5,2,0.0225594749794913,3.7,1.0,0.0
MA010120220804836469,5,3,0.0512715340442986,4.8,1.0,0.0
MA010120220804836527,5,2,0.0164068908941755,4.8,1.0,0.0
MA010120220804837302,5,1,0.0020508613617719,4.27,1.0,0.0
MA010120220804837658,5,4,0.1251025430680886,4.0,1.0,0.0
MA010120220804839700,5,2,0.0307629204265791,4.5,1.0,0.0
MA010120220804841267,5,5,0.4881050041017227,4.7,1.0,0.0
MA010120220804841502,5,5,0.5414273995077933,4.1,1.0,0.0
MA010120220804841627,5,0,0.0,0.0,1.0,0.0
MA010120220804843240,1,0,0.0,0.0,1.0,0.0
MA010120220804843887,5,0,0.0,0.0,0.0,0.0
MA010120220804847575,5,4,0.1374077112387202,4.4,1.0,0.0
MA010120220804848931,5,3,0.0430680885972108,4.3,1.0,0.0
MA010120220804851660,5,0,0.0,0.0,0.0,0.0
MA010120220804851721,5,0,0.0,0.0,1.0,1.0
MA010120220804851831,5,5,1.0418375717801478,4.720000000000001,1.0,0.0
MA010120220804851839,5,3,0.071780147662018,3.4,1.0,0.0
MA010120220804853778,5,5,0.3712059064807219,0.0,1.0,1.0
MA010120220804854947,5,2,0.0287120590648072,4.015000000000001,1.0,0.0
MA010120220804854969,5,2,0.0184577522559474,3.98,1.0,0.0
MA010120220804855809,5,2,0.0328137817883511,4.7,1.0,0.0
MA010120220804856213,5,0,0.0,0.0,1.0,0.0
MA010120220804862091,5,5,1.618129614438064,3.955,1.0,0.0
MA010120220804862347,5,2,0.0369155045118949,2.7,1.0,0.0
MA010120220804862843,1,2,0.0369155045118949,0.0,1.0,0.0
MA010120220804863484,5,5,0.5844954881050041,4.4,1.0,0.0
MA010120220804865029,5,1,0.0020508613617719,1.0,1.0,0.0
MA010120220804865341,5,1,0.0082034454470877,4.4,1.0,0.0
MA010120220804865760,5,4,0.2112387202625102,4.105,1.0,0.0
MA010120220804866604,5,1,0.0102543068088597,5.0,1.0,0.0
MA010120220804867315,5,0,0.0,0.0,1.0,0.0
MA010120220804868227,5,2,0.0184577522559474,3.1,1.0,0.0
MA010120220804869089,5,0,0.0,0.0,1.0,0.0
MA010120220804869171,1,0,0.0,0.0,1.0,0.0
MA010120220804869563,5,3,0.0471698113207547,0.0,1.0,0.0
MA010120220804869909,5,2,0.0307629204265791,4.59,1.0,0.0
MA010120220804871511,5,5,0.438884331419196,3.9,1.0,0.0
MA010120220804876217,5,2,0.0369155045118949,4.71,1.0,1.0
MA010120220804876729,5,3,0.0635767022149302,4.58,1.0,0.0
MA010120220804876730,5,3,0.0512715340442986,3.9,1.0,0.0
MA010120220804877064,5,5,0.3855619360131255,4.3,1.0,1.0
MA010120220804877707,5,3,0.0656275635767022,3.205,1.0,0.0
MA010120220804878169,5,3,0.0451189499589827,4.75,1.0,0.0
MA010120220804878270,5,4,0.1784249384741591,5.0,1.0,0.0
MA010120220804878700,5,3,0.0799835931091058,4.73,1.0,0.0
MA010120220804879265,5,3,0.0471698113207547,3.7,1.0,0.0
MA010120220804879558,5,5,1.5340442986054144,4.34,0.0,0.0
MA010120220804879863,5,4,0.1374077112387202,3.6,1.0,0.0
MA010120220804881657,5,1,0.0041017227235438,0.0,0.0,0.0
MA010120220804882501,5,5,0.5127153404429861,4.105,1.0,0.0
MA010120220804884213,5,0,0.0,4.0,1.0,0.0
MA010120220804885533,4,1,0.0041017227235438,3.0,1.0,0.0
MA010120220804886212,4,0,0.0,0.0,1.0,0.0
MA010120220804888476,5,4,0.1025430680885972,4.73,1.0,0.0
MA010120220804888572,5,5,1.5607054963084497,4.135,0.0,0.0
MA010120220804889330,5,1,0.0041017227235438,4.16,1.0,0.0
MA010120220804889834,5,4,0.0943396226415094,3.1,0.0,0.0
MA010120220804889867,1,0,0.0,0.0,1.0,0.0
MA010120220804891079,5,2,0.0287120590648072,1.4,1.0,0.0
MA010120220804891093,5,3,0.0799835931091058,4.6,0.0,0.0
MA010120220804891251,4,3,0.0492206726825266,4.3,1.0,0.0
MA010120220804891381,5,4,0.2317473338802297,4.45,0.0,0.0
MA010120220804891657,5,1,0.0143560295324036,0.0,0.0,0.0
MA010120220804891875,5,1,0.0102543068088597,3.0,1.0,0.0
MA010120220804892630,5,4,0.1743232157506152,4.375,1.0,1.0
MA010120220804892840,5,5,1.4786710418375717,0.0,1.0,0.0
MA010120220804893535,5,3,0.0635767022149302,4.84,1.0,0.0
MA010120220804894876,4,4,0.2153404429860541,0.0,1.0,0.0
MA010120220804895628,1,3,0.0881870385561936,4.915,1.0,1.0
MA010120220804896824,5,1,0.0102543068088597,5.0,0.0,0.0
MA010120220804898343,4,5,0.3465955701394586,4.33,1.0,1.0
MA010120220804899554,5,5,0.3404429860541427,4.5,1.0,0.0
MA010120220804903272,5,4,0.1374077112387202,5.0,1.0,0.0
MA010120220804905649,5,1,0.0041017227235438,3.605,1.0,0.0
MA010120220804905712,5,3,0.0553732567678424,4.815,1.0,0.0
MA010120220804908290,5,1,0.0061525840853158,5.0,1.0,0.0
MA010120220804910904,5,0,0.0,0.0,1.0,0.0
MA010120220804912304,5,2,0.0307629204265791,4.4,1.0,0.0
MA010120220804913215,5,4,0.1271534044298605,4.95,1.0,0.0
MA010120220804913570,5,4,0.0963904840032813,4.9,1.0,0.0
MA010120220804913627,5,0,0.0,0.0,0.0,0.0
MA010120220804915727,4,3,0.0594749794913863,4.0,1.0,0.0
MA010120220804916188,5,1,0.0123051681706316,5.0,1.0,0.0
MA010120220804916940,5,0,0.0,0.0,1.0,0.0
MA010120220804917874,5,3,0.0410172272354388,1.0,1.0,0.0
MA010120220804918451,5,4,0.2276456111566858,4.6,1.0,0.0
MA010120220804919210,5,2,0.0328137817883511,3.62,1.0,0.0
MA010120220804920685,5,4,0.1168990976210008,4.21,1.0,0.0
MA010120220804920815,5,0,0.0,0.0,1.0,0.0
MA010120220804921700,5,3,0.0512715340442986,5.0,1.0,1.0
MA010120220804922633,5,5,1.1300246103363412,4.529999999999999,1.0,0.0
MA010120220804922964,5,3,0.0758818703855619,4.23,1.0,0.0
MA010120220804923227,5,3,0.0389663658736669,4.105,1.0,0.0
MA010120220804924231,4,1,0.0020508613617719,4.19,1.0,0.0
MA010120220804924389,5,1,0.0143560295324036,4.6,0.0,0.0
MA010120220804926140,5,0,0.0,0.0,1.0,0.0
MA010120220804928018,5,0,0.0,0.0,0.0,0.0
MA010120220804928410,5,2,0.0246103363412633,4.29,1.0,0.0
MA010120220804930024,5,3,0.0553732567678424,4.34,1.0,0.0
MA010120220804930574,5,1,0.0143560295324036,4.31,1.0,0.0
MA010120220804930744,5,2,0.034864643150123,4.31,1.0,0.0
MA010120220804931905,5,4,0.2296964725184577,4.84,1.0,0.0
MA010120220804932932,5,1,0.0143560295324036,0.0,1.0,0.0
MA010120220804933492,5,4,0.1271534044298605,4.355,1.0,0.0
MA010120220804934065,5,5,0.2871205906480722,4.725,0.0,1.0
MA010120220804935318,5,3,0.0512715340442986,4.8,1.0,0.0
MA010120220804936258,5,3,0.0676784249384741,4.24,1.0,0.0
MA010120220804936373,5,3,0.0451189499589827,4.3,1.0,0.0
MA010120220804936598,1,0,0.0,0.0,0.0,0.0
MA010120220804936825,1,0,0.0,0.0,1.0,0.0
MA010120220804937624,5,5,0.8223954060705496,0.0,0.0,0.0
MA010120220804938004,5,5,0.4265791632485644,4.3,0.0,0.0
MA010120220804938062,5,1,0.0143560295324036,3.1,0.0,0.0
MA010120220804940418,5,3,0.0553732567678424,3.04,1.0,0.0
MA010120220804940725,4,0,0.0,4.39,1.0,1.0
MA010120220804942359,5,4,0.1886792452830188,3.7,1.0,1.0
MA010120220804943142,5,0,0.0,0.0,1.0,0.0
MA010120220804943527,5,5,1.2264150943396226,4.875,1.0,0.0
MA010120220804943729,5,5,0.4429860541427399,4.4,1.0,1.0
MA010120220804944006,5,3,0.0758818703855619,5.0,1.0,0.0
MA010120220804945192,5,3,0.0430680885972108,4.825,1.0,0.0
MA010120220804947205,1,1,0.0041017227235438,3.0,0.0,0.0
MA010120220804948485,5,4,0.0963904840032813,4.19,1.0,1.0
MA010120220804948719,5,0,0.0,0.0,0.0,0.0
MA010120220804949894,4,3,0.0492206726825266,4.2,1.0,0.0
MA010120220804951384,5,1,0.0143560295324036,4.22,1.0,0.0
MA010120220804951734,5,3,0.0738310090237899,4.0,1.0,0.0
MA010120220804954546,1,5,0.3363412633305989,3.9,0.0,0.0
MA010120220804954810,5,5,1.7863002461033632,3.9,1.0,0.0
MA010120220804956426,5,1,0.0020508613617719,4.07,0.0,1.0
MA010120220804957819,5,2,0.034864643150123,4.265000000000001,1.0,1.0
MA010120220804958305,5,3,0.0451189499589827,5.0,1.0,0.0
MA010120220804962009,5,1,0.0041017227235438,4.24,1.0,0.0
MA010120220804963788,5,0,0.0,0.0,1.0,0.0
MA010120220804964341,5,5,0.4470877768662838,4.495,0.0,1.0
MA010120220804965115,5,4,0.1251025430680886,4.765000000000001,1.0,1.0
MA010120220804965193,5,0,0.0,0.0,1.0,0.0
MA010120220804965221,5,3,0.0656275635767022,4.279999999999999,1.0,0.0
MA010120220804965359,5,3,0.0533223954060705,5.0,1.0,0.0
MA010120220804967141,5,0,0.0,0.0,1.0,0.0
MA010120220804967979,5,5,0.5680885972108286,4.5,0.0,1.0
MA010120220804968136,5,2,0.0369155045118949,3.9,0.0,1.0
MA010120220804968718,5,2,0.0205086136177194,4.18,1.0,0.0
MA010120220804969677,5,4,0.2317473338802297,4.3,1.0,0.0
MA010120220804970866,5,5,0.4737489745693191,4.7,1.0,1.0
MA010120220804970870,5,1,0.0123051681706316,4.38,1.0,0.0
MA010120220804972419,4,3,0.0594749794913863,3.275,1.0,1.0
MA010120220804973882,5,3,0.0574241181296144,2.9,1.0,0.0
MA010120220804975413,5,3,0.0553732567678424,4.56,1.0,0.0
MA010120220804975428,5,1,0.0123051681706316,5.0,1.0,0.0
MA010120220804976988,1,3,0.0840853158326497,3.78,0.0,0.0
MA010120220804977726,5,0,0.0,0.0,1.0,0.0
MA010120220804978302,5,5,0.7629204265791633,4.75,1.0,0.0
MA010120220804979229,1,4,0.1168990976210008,5.0,1.0,0.0
MA010120220804980606,1,5,0.293273174733388,5.0,1.0,1.0
MA010120220804981555,5,1,0.0020508613617719,0.0,1.0,0.0
MA010120220804982101,5,2,0.0225594749794913,3.5,1.0,0.0
MA010120220804982450,5,1,0.0041017227235438,0.0,1.0,0.0
MA010120220804982565,5,2,0.0307629204265791,4.005,1.0,0.0
MA010120220804982764,5,5,0.330188679245283,4.65,1.0,1.0
MA010120220804983288,5,2,0.0307629204265791,4.25,1.0,0.0
MA010120220804984031,5,5,0.258408531583265,4.58,1.0,1.0
MA010120220804985229,5,0,0.0,0.0,1.0,0.0
MA010120220804986397,5,5,0.3794093519278096,4.49,0.0,0.0
MA010120220804987066,5,5,0.6214109926168991,4.405,1.0,0.0
MA010120220804987806,5,5,0.4963084495488105,4.49,1.0,1.0
MA010120220804988524,5,5,0.8223954060705496,4.4350000000000005,1.0,0.0
MA010120220804990406,5,3,0.0451189499589827,4.7,1.0,0.0
MA010120220804990604,5,0,0.0,0.0,1.0,0.0
MA010120220804991776,5,5,0.3465955701394586,4.815,1.0,0.0
MA010120220804995243,4,5,0.7895816242821985,4.6,1.0,0.0
MA010120220804995574,5,2,0.0246103363412633,0.0,1.0,0.0
MA010120220804995773,5,5,0.2871205906480722,3.4,1.0,0.0
MA010120220804996333,5,0,0.0,4.22,0.0,0.0
MA010120220804998096,1,5,0.2994257588187038,4.3,1.0,0.0
MA010120220804999080,5,5,1.3125512715340442,4.32,1.0,1.0
MA010120220804999536,5,2,0.0164068908941755,4.68,1.0,1.0
MA010120220804999831,5,4,0.219442165709598,3.565,1.0,0.0
MA010120220805001588,5,1,0.0041017227235438,3.0,1.0,0.0
MA010120220805007987,5,4,0.2337981952420016,4.265000000000001,1.0,0.0
MA010120220805008609,5,2,0.0184577522559474,5.0,1.0,0.0
MA010120220805008985,5,5,0.951599671862182,3.8,0.0,1.0
MA010120220805010295,4,1,0.0102543068088597,5.0,0.0,1.0
MA010120220805011716,5,0,0.0,0.0,0.0,0.0
MA010120220805012558,5,5,0.7936833470057424,3.72,0.0,0.0
MA010120220805014465,5,5,0.5639868744872847,4.619999999999999,1.0,1.0
MA010120220805016521,5,2,0.0164068908941755,3.6,1.0,0.0
MA010120220805018393,5,3,0.0553732567678424,3.4,1.0,0.0
MA010120220805018658,5,1,0.0061525840853158,3.7,1.0,0.0
MA010120220805019181,1,5,0.4942575881870386,4.5,1.0,0.0
MA010120220805021156,5,3,0.0451189499589827,0.0,1.0,0.0
MA010120220805021348,5,0,0.0,0.0,1.0,0.0
MA010120220805021939,5,3,0.0594749794913863,4.2,1.0,1.0
MA010120220805022678,1,0,0.0,0.0,1.0,0.0
MA010120220805023011,5,4,0.1620180475799836,3.4,1.0,0.0
MA010120220805023022,5,1,0.0143560295324036,4.3,1.0,0.0
MA010120220805023530,5,1,0.0020508613617719,2.0,1.0,0.0
MA010120220805023829,5,2,0.0266611977030352,4.15,0.0,0.0
MA010120220805024537,4,5,0.9413453650533224,4.79,1.0,0.0
MA010120220805024879,5,1,0.0143560295324036,3.945,1.0,0.0
MA010120220805024881,5,4,0.2337981952420016,3.945,1.0,0.0
MA010120220805026025,5,3,0.0389663658736669,4.47,1.0,0.0
MA010120220805026642,5,4,0.145611156685808,4.37,1.0,0.0
MA010120220805026887,5,4,0.2420016406890894,3.5,1.0,0.0
MA010120220805026888,1,4,0.1579163248564397,4.84,0.0,1.0
MA010120220805028494,5,2,0.0184577522559474,5.0,1.0,1.0
MA010120220805028908,5,4,0.1312551271534044,4.655,1.0,1.0
MA010120220805028914,5,3,0.0615258408531583,3.805,1.0,1.0
MA010120220805029389,5,1,0.0143560295324036,4.5,1.0,1.0
MA010120220805029491,5,4,0.1599671862182116,2.2,0.0,0.0
MA010120220805030783,1,5,0.6111566858080394,4.08,0.0,0.0
MA010120220805031528,5,3,0.0902378999179655,4.1,1.0,1.0
MA010120220805031632,5,5,0.625512715340443,4.61,1.0,0.0
MA010120220805032304,5,3,0.0410172272354388,3.955,1.0,0.0
MA010120220805033645,5,1,0.0082034454470877,0.0,1.0,0.0
MA010120220805033742,5,1,0.0082034454470877,1.5,1.0,0.0
MA010120220805037015,5,4,0.2440525020508613,3.615,0.0,0.0
MA010120220805039179,5,3,0.0389663658736669,4.4,1.0,1.0
MA010120220805040065,5,4,0.1927809680065627,4.445,0.0,0.0
MA010120220805041518,5,2,0.0164068908941755,4.6,0.0,1.0
MA010120220805042101,5,1,0.0123051681706316,0.0,1.0,0.0
MA010120220805042123,5,4,0.0943396226415094,4.51,1.0,1.0
MA010120220805042310,5,1,0.0061525840853158,5.0,0.0,1.0
MA010120220805042618,5,3,0.0430680885972108,4.21,1.0,0.0
MA010120220805043212,5,5,0.3445447087776866,4.4,1.0,0.0
MA010120220805043461,5,2,0.0307629204265791,0.0,0.0,1.0
MA010120220805043870,5,4,0.1476620180475799,3.47,0.0,0.0
MA010120220805045991,4,1,0.0143560295324036,4.26,1.0,0.0
MA010120220805047024,5,2,0.0287120590648072,0.0,1.0,0.0
MA010120220805049108,5,5,1.1115668580803937,4.4350000000000005,1.0,0.0
MA010120220805052739,5,5,0.328137817883511,4.9,1.0,1.0
MA010120220805053518,5,3,0.0676784249384741,3.245,1.0,0.0
MA010120220805053544,5,0,0.0,0.0,1.0,0.0
MA010120220805053972,5,4,0.2071369975389664,4.36,0.0,0.0
MA010120220805056060,5,2,0.0307629204265791,4.5,1.0,0.0
MA010120220805056191,5,5,0.5762920426579163,3.2,0.0,0.0
MA010120220805058478,5,4,0.145611156685808,4.55,1.0,0.0
MA010120220805059594,5,5,0.4183757178014766,4.8,1.0,0.0
MA010120220805059869,5,0,0.0,0.0,1.0,0.0
MA010120220805060741,1,5,0.3363412633305989,4.5,1.0,0.0
MA010120220805060797,5,2,0.0307629204265791,4.6850000000000005,1.0,0.0
MA010120220805062465,5,3,0.0902378999179655,0.0,1.0,1.0
MA010120220805062732,5,4,0.2276456111566858,4.26,1.0,0.0
MA010120220805064025,5,1,0.0123051681706316,4.67,1.0,0.0
MA010120220805064889,5,1,0.0082034454470877,3.5,1.0,0.0
MA010120220805065126,5,4,0.108695652173913,3.3,1.0,0.0
MA010120220805065568,5,0,0.0,0.0,1.0,0.0
MA010120220805065983,5,1,0.0020508613617719,4.765000000000001,1.0,0.0
MA010120220805068897,5,5,1.884741591468417,4.58,0.0,0.0
MA010120220805069758,5,3,0.0533223954060705,4.38,0.0,1.0
MA010120220805070203,5,3,0.0779327317473338,4.25,1.0,0.0
MA010120220805074220,5,0,0.0,4.47,0.0,0.0
MA010120220805075167,5,0,0.0,0.0,1.0,1.0
MA010120220805075357,5,0,0.0,0.0,1.0,0.0
MA010120220805077631,5,1,0.0061525840853158,4.7,1.0,0.0
MA010120220805078560,5,1,0.0143560295324036,4.815,1.0,1.0
MA010120220805079149,5,3,0.0512715340442986,4.9,1.0,1.0
MA010120220805079729,5,2,0.0225594749794913,4.7,1.0,0.0
MA010120220805079868,5,1,0.0020508613617719,4.44,1.0,0.0
MA010120220805079906,5,0,0.0,0.0,1.0,0.0
MA010120220805080285,5,1,0.0041017227235438,5.0,1.0,0.0
MA010120220805081177,1,0,0.0,4.25,1.0,0.0
MA010120220805081355,5,3,0.0615258408531583,4.425000000000001,1.0,0.0
MA010120220805082588,5,1,0.0102543068088597,2.8,1.0,0.0
MA010120220805082892,5,1,0.0102543068088597,2.3,1.0,0.0
MA010120220805083766,1,0,0.0,0.0,1.0,0.0
MA010120220805084342,5,2,0.0369155045118949,3.395,1.0,0.0
MA010120220805085897,5,5,0.2768662838392124,0.0,0.0,0.0
MA010120220805087154,1,3,0.0799835931091058,3.355,1.0,0.0
MA010120220805087223,5,5,1.320754716981132,4.26,1.0,0.0
MA010120220805090298,5,3,0.0512715340442986,5.0,1.0,0.0
MA010120220805090684,5,1,0.0123051681706316,3.7,1.0,0.0
MA010120220805090861,5,2,0.034864643150123,4.5,1.0,0.0
MA010120220805091239,5,3,0.0779327317473338,4.4,1.0,0.0
MA010120220805091983,5,0,0.0,0.0,1.0,0.0
MA010120220805092354,5,5,0.4573420836751435,4.6,1.0,0.0
MA010120220805094795,5,4,0.1189499589827727,4.225,1.0,1.0
MA010120220805095077,1,5,0.5065627563576702,0.0,1.0,0.0
MA010120220805101156,5,0,0.0,0.0,1.0,1.0
MA010120220805102049,5,5,0.3178835110746513,4.73,1.0,0.0
MA010120220805104351,5,3,0.0492206726825266,4.41,1.0,0.0
MA010120220805104491,5,1,0.0041017227235438,4.79,1.0,1.0
MA010120220805105407,5,0,0.0,0.0,1.0,0.0
MA010120220805105456,5,3,0.0635767022149302,4.5,1.0,1.0
MA010120220805105505,1,0,0.0,0.0,0.0,0.0
MA010120220805106546,4,1,0.0102543068088597,3.0,1.0,0.0
MA010120220805110810,5,5,0.6132075471698113,2.0,0.0,1.0
MA010120220805113178,5,4,0.1210008203445447,4.64,1.0,0.0
MA010120220805113195,5,4,0.1579163248564397,0.0,1.0,0.0
MA010120220805114258,5,4,0.1168990976210008,3.8,0.0,0.0
MA010120220805115110,5,2,0.0266611977030352,4.67,1.0,0.0
MA010120220805115515,5,2,0.0184577522559474,4.88,1.0,0.0
MA010120220805115703,5,1,0.0020508613617719,4.36,1.0,0.0
MA010120220805117484,5,3,0.0676784249384741,3.04,1.0,1.0
MA010120220805120507,5,0,0.0,0.0,0.0,0.0
MA010120220805121547,5,2,0.0164068908941755,4.3,1.0,0.0
MA010120220805122897,5,5,0.3363412633305989,3.7,1.0,0.0
MA010120220805123536,5,2,0.0225594749794913,4.26,1.0,1.0
MA010120220805123828,5,4,0.1476620180475799,4.38,1.0,0.0
MA010120220805124593,5,3,0.0840853158326497,4.07,1.0,0.0
MA010120220805124676,5,5,0.3014766201804758,4.59,1.0,0.0
MA010120220805125222,5,2,0.0246103363412633,2.0,1.0,0.0
MA010120220805125576,5,4,0.1948318293683347,4.535,1.0,0.0
MA010120220805125884,5,1,0.0061525840853158,5.0,1.0,1.0
MA010120220805126027,5,0,0.0,0.0,0.0,0.0
MA010120220805129739,5,5,0.365053322395406,4.5,1.0,0.0
MA010120220805129934,5,4,0.1107465135356849,0.0,1.0,0.0
MA010120220805129983,5,2,0.0225594749794913,5.0,1.0,0.0
MA010120220805131718,1,3,0.071780147662018,3.2,1.0,0.0
MA010120220805133599,5,5,0.4163248564397047,4.1,1.0,1.0
MA010120220805133856,5,3,0.0410172272354388,4.154999999999999,1.0,0.0
MA010120220805133939,5,5,0.2727645611156686,4.375,1.0,0.0
MA010120220805134471,5,0,0.0,0.0,1.0,0.0
MA010120220805135074,5,3,0.0533223954060705,4.43,1.0,0.0
MA010120220805136299,5,3,0.0656275635767022,4.23,1.0,0.0
MA010120220805136420,5,1,0.0123051681706316,4.29,1.0,1.0
MA010120220805136600,1,0,0.0,4.48,1.0,0.0
MA010120220805137089,5,3,0.0451189499589827,4.68,1.0,1.0
MA010120220805137351,5,0,0.0,0.0,1.0,0.0
MA010120220805137602,5,0,0.0,0.0,1.0,0.0
MA010120220805138179,5,0,0.0,0.0,0.0,0.0
MA010120220805139600,5,5,1.1648892534864643,4.55,1.0,0.0
MA010120220805141954,5,3,0.0512715340442986,4.665,1.0,0.0
MA010120220805142574,5,4,0.1292042657916325,4.9,1.0,0.0
MA010120220805143379,5,3,0.0615258408531583,4.5,1.0,0.0
MA010120220805143488,5,1,0.0061525840853158,4.66,1.0,1.0
MA010120220805145237,5,4,0.1292042657916325,4.57,1.0,0.0
MA010120220805149936,5,3,0.0471698113207547,4.6,0.0,0.0
MA010120220805149940,5,0,0.0,0.0,0.0,0.0
MA010120220805150417,5,1,0.0041017227235438,4.6,1.0,0.0
MA010120220805150704,5,2,0.0369155045118949,4.1,0.0,0.0
MA010120220805150882,5,1,0.0061525840853158,0.0,1.0,0.0
MA010120220805151030,5,5,0.4122231337161608,3.445,1.0,1.0
MA010120220805153274,5,5,0.916735028712059,4.565,1.0,0.0
MA010120220805153328,5,1,0.0102543068088597,5.0,0.0,0.0
MA010120220805153545,5,5,1.661197703035275,4.390000000000001,0.0,0.0
MA010120220805155108,5,3,0.0594749794913863,4.9,0.0,0.0
MA010120220805155663,1,0,0.0,0.0,1.0,0.0
MA010120220805156221,5,3,0.0533223954060705,4.915,1.0,0.0
MA010120220805156797,5,5,0.3794093519278096,3.9,1.0,0.0
MA010120220805157038,5,2,0.0328137817883511,4.0,1.0,0.0
MA010120220805158085,5,5,0.2604593929450369,4.4,1.0,0.0
MA010120220805159807,4,3,0.0902378999179655,4.69,0.0,1.0
MA010120220805159874,5,5,2.0406070549630844,3.56,0.0,1.0
MA010120220805160400,1,0,0.0,0.0,1.0,0.0
MA010120220805160596,1,0,0.0,0.0,1.0,0.0
MA010120220805163239,5,5,0.8490566037735848,3.4,0.0,0.0
MA010120220805163889,5,4,0.1989335520918786,4.375,1.0,1.0
MA010120220805163943,5,1,0.0123051681706316,4.36,1.0,1.0
MA010120220805165296,5,1,0.0061525840853158,0.0,1.0,0.0
MA010120220805165991,5,5,1.0213289581624283,4.245,1.0,1.0
MA010120220805166166,5,1,0.0020508613617719,4.45,1.0,0.0
MA010120220805167253,5,4,0.1230516817063166,5.0,1.0,0.0
MA010120220805168171,5,1,0.0082034454470877,4.335,1.0,0.0
MA010120220805168437,5,5,0.4511894995898277,4.53,1.0,1.0
MA010120220805168783,5,2,0.0205086136177194,2.9,0.0,0.0
MA010120220805169038,5,4,0.1066447908121411,4.87,1.0,0.0
MA010120220805169964,5,5,0.3609515996718622,4.1,1.0,0.0
MA010120220805173609,5,1,0.0143560295324036,4.640000000000001,1.0,0.0
MA010120220805173809,5,5,1.8273174733388025,4.234999999999999,1.0,1.0
MA010120220805174189,5,2,0.0205086136177194,5.0,1.0,1.0
MA010120220805174380,5,1,0.0061525840853158,0.0,1.0,1.0
MA010120220805175733,5,3,0.0451189499589827,3.255,1.0,0.0
MA010120220805177603,5,5,0.4306808859721083,4.395,1.0,0.0
MA010120220805177870,5,3,0.0799835931091058,4.545,1.0,1.0
MA010120220805178713,5,0,0.0,0.0,1.0,0.0
MA010120220805179062,5,5,0.6870385561936012,2.8,1.0,0.0
MA010120220805181713,5,4,0.1907301066447908,4.6,1.0,1.0
MA010120220805181726,5,1,0.0020508613617719,4.3,1.0,0.0
MA010120220805183304,5,3,0.0492206726825266,4.23,1.0,0.0
MA010120220805185462,5,4,0.2461033634126333,4.67,1.0,0.0
MA010120220805185723,5,3,0.0881870385561936,4.7,0.0,0.0
MA010120220805187040,5,4,0.2009844134536505,4.665,1.0,0.0
MA010120220805188272,5,2,0.0369155045118949,4.785,1.0,0.0
MA010120220805188326,5,3,0.0430680885972108,3.905,1.0,0.0
MA010120220805189021,5,0,0.0,0.0,1.0,0.0
MA010120220805190472,5,0,0.0,0.0,1.0,0.0
MA010120220805190912,5,0,0.0,0.0,1.0,0.0
MA010120220805191959,1,0,0.0,0.0,1.0,0.0
MA010120220805193802,5,5,1.0828547990155866,4.0,1.0,0.0
MA010120220805194022,5,5,1.3125512715340442,4.235,1.0,0.0
MA010120220805194492,5,0,0.0,0.0,0.0,0.0
MA010120220805196116,4,3,0.0820344544708777,4.19,1.0,0.0
MA010120220805196300,5,5,0.2748154224774405,4.58,1.0,0.0
MA010120220805196571,5,0,0.0,0.0,1.0,0.0
MA010120220805197325,5,2,0.0369155045118949,2.5,1.0,0.0
MA010120220805197388,5,2,0.0266611977030352,4.39,1.0,0.0
MA010120220805198062,5,5,0.4081214109926169,4.39,1.0,0.0
MA010120220805199560,5,3,0.0471698113207547,4.09,1.0,0.0
MA010120220805201619,5,3,0.0471698113207547,4.675,1.0,0.0
MA010120220805202405,5,4,0.1497128794093519,4.795,1.0,0.0
MA010120220805202587,5,2,0.0328137817883511,4.2,1.0,0.0
MA010120220805202737,5,4,0.1004922067268252,4.785,1.0,0.0
MA010120220805203815,1,4,0.1127973748974569,3.525,1.0,0.0
MA010120220805205531,5,0,0.0,0.0,1.0,0.0
MA010120220805206770,4,2,0.034864643150123,4.94,1.0,0.0
MA010120220805207599,5,5,1.029532403609516,4.1,1.0,0.0
MA010120220805207856,5,2,0.0369155045118949,4.265000000000001,1.0,0.0
MA010120220805209745,5,4,0.1599671862182116,4.815,1.0,0.0
MA010120220805209809,5,1,0.0102543068088597,4.720000000000001,1.0,0.0
MA010120220805210178,5,2,0.034864643150123,5.0,1.0,1.0
MA010120220805210985,5,2,0.0205086136177194,5.0,1.0,1.0
MA010120220805211804,5,3,0.0471698113207547,5.0,1.0,1.0
MA010120220805214020,5,2,0.0225594749794913,4.375,1.0,0.0
MA010120220805214482,5,5,1.7534864643150123,4.58,0.0,1.0
MA010120220805216388,5,2,0.034864643150123,3.955,1.0,0.0
MA010120220805217012,5,0,0.0,0.0,1.0,0.0
MA010120220805217720,5,0,0.0,0.0,1.0,0.0
MA010120220805218359,5,2,0.0369155045118949,2.9,0.0,0.0
MA010120220805218540,5,3,0.0656275635767022,4.6,1.0,0.0
MA010120220805218825,5,2,0.0307629204265791,0.0,1.0,1.0
MA010120220805219619,4,4,0.1333059885151763,4.775,1.0,1.0
MA010120220805221379,5,5,1.5894175553732568,3.73,1.0,0.0
MA010120220805222279,5,4,0.1066447908121411,3.565,0.0,0.0
MA010120220805223095,5,2,0.0266611977030352,3.75,1.0,0.0
MA010120220805226488,5,1,0.0061525840853158,0.0,0.0,0.0
MA010120220805227224,5,2,0.0205086136177194,0.0,1.0,1.0
MA010120220805227526,5,3,0.0389663658736669,4.055,1.0,0.0
MA010120220805227876,5,5,1.138228055783429,4.0,0.0,0.0
MA010120220805229659,5,0,0.0,0.0,1.0,0.0
MA010120220805230713,5,5,1.659146841673503,4.34,1.0,0.0
MA010120220805231361,5,3,0.0635767022149302,4.76,0.0,0.0
MA010120220805232383,5,2,0.0307629204265791,3.96,1.0,0.0
MA010120220805233085,5,3,0.0574241181296144,4.205,1.0,0.0
MA010120220805234373,5,0,0.0,0.0,0.0,0.0
MA010120220805234755,5,2,0.0225594749794913,4.21,1.0,0.0
MA010120220805235831,5,2,0.034864643150123,4.2,1.0,0.0
MA010120220805237669,5,0,0.0,0.0,1.0,0.0
MA010120220805238495,5,1,0.0020508613617719,4.5,1.0,0.0
MA010120220805239756,5,2,0.0246103363412633,4.66,1.0,0.0
MA010120220805240210,5,4,0.0922887612797374,4.7,1.0,0.0
MA010120220805241590,5,2,0.0184577522559474,3.9,1.0,0.0
MA010120220805241800,5,1,0.0143560295324036,4.625,1.0,0.0
MA010120220805241839,5,1,0.0123051681706316,5.0,1.0,0.0
MA010120220805242479,5,2,0.034864643150123,4.165,0.0,0.0
MA010120220805243579,5,1,0.0020508613617719,4.32,0.0,0.0
MA010120220805246110,5,4,0.1804757998359311,4.74,1.0,0.0
MA010120220805246758,5,0,0.0,0.0,1.0,0.0
MA010120220805250653,5,2,0.0246103363412633,0.0,1.0,0.0
MA010120220805253638,5,0,0.0,0.0,0.0,0.0
MA010120220805253764,5,0,0.0,0.0,0.0,0.0
MA010120220805254626,5,0,0.0,0.0,1.0,0.0
MA010120220805257029,4,0,0.0,0.0,0.0,0.0
MA010120220805258542,5,5,0.3547990155865463,4.74,0.0,1.0
MA010120220805260228,5,2,0.0266611977030352,4.4,1.0,0.0
MA010120220805261292,5,4,0.182526661197703,4.65,0.0,0.0
MA010120220805264219,4,1,0.0020508613617719,5.0,1.0,0.0
MA010120220805268334,5,0,0.0,0.0,1.0,0.0
MA010120220805268525,5,0,0.0,0.0,1.0,0.0
MA010120220805268530,5,1,0.0123051681706316,4.8,1.0,0.0
MA010120220805268554,5,0,0.0,0.0,1.0,0.0
MA010120220805269727,5,2,0.0225594749794913,4.2,1.0,0.0
MA010120220805270251,5,2,0.0287120590648072,3.775,0.0,0.0
MA010120220805275832,5,0,0.0,0.0,1.0,0.0
MA010120220805276658,1,0,0.0,0.0,0.0,0.0
MA010120220805277071,1,5,1.5586546349466777,4.37,1.0,0.0
MA010120220805277656,5,3,0.0492206726825266,4.66,0.0,0.0
MA010120220805278096,5,4,0.0943396226415094,4.98,1.0,0.0
MA010120220805278803,1,4,0.2214930270713699,4.0,1.0,0.0
MA010120220805278893,5,1,0.0061525840853158,0.0,0.0,0.0
MA010120220805279692,4,4,0.1435602953240361,4.595,1.0,0.0
MA010120220805280593,5,2,0.0246103363412633,0.0,1.0,0.0
MA010120220805281258,5,3,0.0594749794913863,4.5,1.0,0.0
MA010120220805281476,5,3,0.071780147662018,3.4,1.0,0.0
MA010120220805281951,4,4,0.2214930270713699,0.0,1.0,0.0
MA010120220805282372,5,2,0.0225594749794913,4.66,1.0,0.0
MA010120220805282501,5,3,0.0676784249384741,4.9,1.0,0.0
MA010120220805282577,5,2,0.0307629204265791,4.0,1.0,0.0
MA010120220805283041,5,5,0.8921246923707957,3.3,1.0,0.0
MA010120220805283863,5,1,0.0102543068088597,4.38,1.0,0.0
MA010120220805283996,5,5,0.4450369155045119,4.699999999999999,1.0,1.0
MA010120220805284168,5,1,0.0020508613617719,4.27,1.0,0.0
MA010120220805284709,5,1,0.0082034454470877,4.835,1.0,0.0
MA010120220805285987,5,0,0.0,0.0,1.0,0.0
MA010120220805286683,5,2,0.0205086136177194,4.7,1.0,0.0
MA010120220805286944,5,2,0.0287120590648072,4.4,1.0,0.0
MA010120220805288537,5,3,0.0553732567678424,4.65,1.0,0.0
MA010120220805290395,1,5,1.5525020508613618,4.585,1.0,0.0
MA010120220805293598,5,2,0.0307629204265791,4.245,1.0,0.0
MA010120220805294467,5,3,0.0471698113207547,3.13,0.0,0.0
MA010120220805295162,5,5,0.4142739950779328,4.37,1.0,0.0
MA010120220805296008,5,0,0.0,0.0,1.0,0.0
MA010120220805296718,5,3,0.0389663658736669,4.1,1.0,0.0
MA010120220805297046,5,4,0.1127973748974569,4.8,1.0,0.0
MA010120220805297446,5,5,0.7403609515996719,4.825,1.0,0.0
MA010120220805298056,5,3,0.0451189499589827,4.5,1.0,0.0
MA010120220805298900,5,2,0.0205086136177194,4.2,1.0,0.0
MA010120220805299657,5,4,0.1702214930270713,4.2,1.0,0.0
MA010120220805300553,5,1,0.0123051681706316,4.46,1.0,1.0
MA010120220805301284,5,3,0.0389663658736669,3.495,0.0,0.0
MA010120220805301708,5,2,0.0225594749794913,4.5,1.0,1.0
MA010120220805302637,5,4,0.1271534044298605,3.895,1.0,0.0
MA010120220805306317,5,4,0.2358490566037736,3.825,1.0,0.0
MA010120220805306384,5,3,0.0861361771944216,4.74,1.0,0.0
MA010120220805306407,5,1,0.0020508613617719,4.795,1.0,0.0
MA010120220805307766,5,2,0.0205086136177194,3.3,1.0,0.0
MA010120220805307980,5,1,0.0020508613617719,0.0,0.0,0.0
MA010120220805308558,4,2,0.0328137817883511,2.8,1.0,0.0
MA010120220805309956,5,5,0.9967186218211648,4.315,1.0,0.0
MA010120220805311371,5,2,0.0164068908941755,4.3,1.0,1.0
MA010120220805311943,4,5,1.806808859721083,4.6,1.0,0.0
MA010120220805312709,5,5,0.5414273995077933,4.5,1.0,0.0
MA010120220805312795,5,2,0.0225594749794913,4.3,1.0,0.0
MA010120220805313206,5,1,0.0061525840853158,4.13,1.0,0.0
MA010120220805313986,5,1,0.0041017227235438,4.29,1.0,0.0
MA010120220805314872,5,1,0.0102543068088597,4.0,1.0,0.0
MA010120220805319534,1,2,0.0184577522559474,2.8,1.0,0.0
MA010120220805319826,5,3,0.0451189499589827,5.0,1.0,0.0
MA010120220805321974,5,3,0.0840853158326497,3.985,1.0,0.0
MA010120220805322701,1,0,0.0,0.0,1.0,0.0
MA010120220805323245,1,0,0.0,0.0,1.0,0.0
MA010120220805323413,5,0,0.0,0.0,1.0,0.0
MA010120220805324132,5,5,0.4593929450369155,4.9,1.0,0.0
MA010120220805326235,5,4,0.2071369975389664,4.17,1.0,0.0
MA010120220805327414,5,0,0.0,0.0,1.0,0.0
MA010120220805328243,5,2,0.0369155045118949,3.965,1.0,1.0
MA010120220805330186,5,0,0.0,0.0,1.0,0.0
MA010120220805331644,5,2,0.0246103363412633,4.24,1.0,0.0
MA010120220805332458,5,2,0.0184577522559474,4.3,1.0,0.0
MA010120220805332886,5,1,0.0041017227235438,4.25,1.0,0.0
MA010120220805332984,5,1,0.0143560295324036,4.615,1.0,0.0
MA010120220805334794,4,3,0.0758818703855619,0.0,1.0,0.0
MA010120220805335581,5,5,0.2645611156685807,4.455,1.0,0.0
MA010120220805336691,5,0,0.0,0.0,1.0,1.0
MA010120220805337932,5,5,0.2830188679245283,0.0,0.0,0.0
MA010120220805338305,5,5,0.994667760459393,3.5,0.0,1.0
MA010120220805338386,5,2,0.0225594749794913,4.57,1.0,0.0
MA010120220805339299,5,3,0.0410172272354388,4.9350000000000005,1.0,1.0
MA010120220805340468,5,4,0.1045939294503691,4.67,1.0,0.0
MA010120220805340778,5,0,0.0,4.41,0.0,0.0
MA010120220805342098,5,2,0.0369155045118949,3.5,1.0,1.0
MA010120220805342310,5,4,0.1620180475799836,4.0,1.0,1.0
MA010120220805344967,5,4,0.1558654634946677,3.0,1.0,0.0
MA010120220805344985,5,0,0.0,0.0,1.0,0.0
MA010120220805344992,5,0,0.0,0.0,0.0,0.0
MA010120220805346622,5,5,0.5639868744872847,4.6,1.0,0.0
MA010120220805346928,5,4,0.1230516817063166,4.7,1.0,1.0
MA010120220805347911,5,2,0.0246103363412633,4.46,1.0,0.0
MA010120220805349006,5,1,0.0102543068088597,0.0,1.0,0.0
MA010120220805349008,5,3,0.0635767022149302,5.0,1.0,0.0
MA010120220805349931,5,1,0.0020508613617719,4.96,1.0,0.0
MA010120220805350421,5,5,0.4183757178014766,3.8,1.0,1.0
MA010120220805354254,5,4,0.1333059885151763,3.865,1.0,0.0
MA010120220805354424,5,3,0.071780147662018,3.8,1.0,0.0
MA010120220805354914,5,0,0.0,0.0,0.0,0.0
MA010120220805354947,5,0,0.0,0.0,0.0,0.0
MA010120220805355601,5,0,0.0,4.0,0.0,0.0
MA010120220805357481,5,5,0.7690730106644792,0.0,0.0,1.0
MA010120220805357787,5,0,0.0,0.0,1.0,0.0
MA010120220805358404,5,0,0.0,0.0,1.0,0.0
MA010120220805358706,4,3,0.0553732567678424,4.845,1.0,0.0
MA010120220805359143,5,4,0.2255947497949138,4.385,0.0,0.0
MA010120220805359788,5,4,0.1415094339622641,0.0,1.0,0.0
MA010120220805359951,1,4,0.0943396226415094,0.0,1.0,0.0
MA010120220805360987,5,2,0.0369155045118949,5.0,1.0,0.0
MA010120220805361807,5,5,0.918785890073831,4.55,1.0,0.0
MA010120220805363457,5,3,0.0471698113207547,4.7,1.0,0.0
MA010120220805364149,5,2,0.0184577522559474,4.5,1.0,0.0
MA010120220805365173,5,5,0.6050041017227236,3.4,0.0,0.0
MA010120220805368517,5,2,0.0225594749794913,0.0,1.0,1.0
MA010120220805369612,5,2,0.0287120590648072,4.35,1.0,0.0
MA010120220805370555,5,0,0.0,0.0,1.0,0.0
MA010120220805370565,5,1,0.0102543068088597,3.585,0.0,1.0
MA010120220805371459,5,3,0.0451189499589827,4.275,1.0,0.0
MA010120220805371852,5,2,0.0369155045118949,4.6,1.0,0.0
MA010120220805372602,5,4,0.0922887612797374,4.605,1.0,0.0
MA010120220805372837,5,2,0.0287120590648072,4.4,1.0,0.0
MA010120220805373151,5,3,0.0594749794913863,4.56,1.0,0.0
MA010120220805373342,5,5,0.4122231337161608,0.0,0.0,1.0
MA010120220805373795,5,0,0.0,4.22,0.0,0.0
MA010120220805375741,5,0,0.0,0.0,1.0,0.0
MA010120220805376735,1,1,0.0020508613617719,0.0,0.0,0.0
MA010120220805376837,5,3,0.0512715340442986,4.7,1.0,0.0
MA010120220805377220,5,0,0.0,0.0,0.0,0.0
MA010120220805377586,5,2,0.0184577522559474,0.0,1.0,0.0
MA010120220805378019,5,3,0.0389663658736669,3.95,1.0,0.0
MA010120220805378471,5,2,0.0307629204265791,4.7,1.0,0.0
MA010120220805379834,5,1,0.0082034454470877,0.0,0.0,0.0
MA010120220805380095,5,3,0.0389663658736669,0.0,1.0,0.0
MA010120220805384516,5,5,0.9064807219031994,4.46,1.0,1.0
MA010120220805386683,5,0,0.0,0.0,0.0,0.0
MA010120220805388403,5,3,0.0615258408531583,0.0,1.0,0.0
MA010120220805388430,5,0,0.0,4.41,1.0,0.0
MA010120220805388439,5,1,0.0061525840853158,4.38,1.0,0.0
MA010120220805389105,5,4,0.2502050861361772,4.7,1.0,0.0
MA010120220805389658,5,2,0.0225594749794913,4.465,1.0,0.0
MA010120220805390320,5,4,0.1927809680065627,4.9,1.0,1.0
MA010120220805390360,5,3,0.0553732567678424,2.3,1.0,0.0
MA010120220805392748,5,4,0.1333059885151763,4.734999999999999,1.0,0.0
MA010120220805395322,5,5,0.2604593929450369,3.545,1.0,0.0
MA010120220805397838,5,3,0.0635767022149302,4.165,1.0,1.0
MA010120220805397999,5,2,0.0225594749794913,3.1,1.0,0.0
MA010120220805398390,5,4,0.1763740771123872,4.9,0.0,0.0
MA010120220805400156,5,0,0.0,0.0,1.0,0.0
MA010120220805400821,5,4,0.1251025430680886,4.805,1.0,0.0
MA010120220805401177,5,0,0.0,0.0,1.0,0.0
MA010120220805401223,5,1,0.0123051681706316,4.734999999999999,1.0,1.0
MA010120220805401741,1,4,0.1968826907301066,4.7,1.0,1.0
MA010120220805402387,5,3,0.0820344544708777,4.5,1.0,0.0
MA010120220805403269,5,0,0.0,0.0,0.0,0.0
MA010120220805404558,5,0,0.0,0.0,1.0,0.0
MA010120220805404732,5,3,0.0471698113207547,5.0,1.0,0.0
MA010120220805406127,5,0,0.0,0.0,1.0,0.0
MA010120220805410287,4,4,0.0922887612797374,4.425,1.0,1.0
MA010120220805412993,5,5,0.4183757178014766,2.0,1.0,1.0
MA010120220805413720,5,5,1.027481542247744,5.0,1.0,1.0
MA010120220805414555,5,2,0.0225594749794913,4.6,0.0,0.0
MA010120220805415478,4,0,0.0,0.0,1.0,0.0
MA010120220805415550,5,4,0.1168990976210008,4.4,0.0,0.0
MA010120220805415563,5,2,0.034864643150123,4.8100000000000005,1.0,0.0
MA010120220805417655,5,4,0.2440525020508613,2.6,1.0,0.0
MA010120220805419228,5,4,0.0963904840032813,3.345,1.0,0.0
MA010120220805419686,5,3,0.0389663658736669,4.315,1.0,0.0
MA010120220805420450,5,1,0.0143560295324036,4.845000000000001,1.0,0.0
MA010120220805421451,5,5,0.7567678424938474,3.75,1.0,0.0
MA010120220805423562,5,0,0.0,0.0,1.0,0.0
MA010120220805423889,5,4,0.0943396226415094,0.0,1.0,0.0
MA010120220805424960,5,4,0.2358490566037736,4.49,1.0,1.0
MA010120220805425137,5,1,0.0061525840853158,4.14,1.0,0.0
MA010120220805427392,5,5,1.2735849056603774,4.25,1.0,0.0
MA010120220805428511,5,5,0.8736669401148482,3.9,1.0,0.0
MA010120220805430763,5,5,0.4429860541427399,4.63,1.0,1.0
MA010120220805433429,5,4,0.2235438884331419,4.8,1.0,0.0
MA010120220805433645,5,3,0.0635767022149302,4.1,1.0,0.0
MA010120220805434517,4,3,0.0594749794913863,4.705,1.0,0.0
MA010120220805435782,5,0,0.0,0.0,0.0,0.0
MA010120220805435869,5,4,0.1476620180475799,0.0,1.0,0.0
MA010120220805437417,5,5,0.3691550451189499,4.46,1.0,0.0
MA010120220805437649,5,4,0.1558654634946677,5.0,1.0,0.0
MA010120220805439481,5,5,0.3137817883511074,4.2,1.0,0.0
MA010120220805441101,1,0,0.0,0.0,1.0,0.0
MA010120220805441356,5,2,0.0307629204265791,4.5,1.0,0.0
MA010120220805442170,5,5,0.2830188679245283,4.875,1.0,1.0
MA010120220805442504,5,4,0.1579163248564397,4.3,1.0,1.0
MA010120220805443823,5,2,0.0369155045118949,0.0,1.0,1.0
MA010120220805444142,5,2,0.0266611977030352,4.68,0.0,1.0
MA010120220805445846,1,0,0.0,0.0,0.0,0.0
MA010120220805446012,5,0,0.0,0.0,1.0,0.0
MA010120220805446050,5,0,0.0,0.0,1.0,0.0
MA010120220805448057,5,2,0.0328137817883511,4.49,1.0,1.0
MA010120220805448864,5,2,0.0246103363412633,3.0,1.0,1.0
MA010120220805448959,5,1,0.0082034454470877,2.0,0.0,0.0
MA010120220805449540,4,0,0.0,0.0,1.0,0.0
MA010120220805450326,5,4,0.1127973748974569,4.6,1.0,0.0
MA010120220805450650,5,0,0.0,0.0,1.0,0.0
MA010120220805450768,5,0,0.0,0.0,1.0,0.0
MA010120220805451901,5,4,0.1661197703035274,3.965,1.0,1.0
MA010120220805451907,5,3,0.0574241181296144,4.37,0.0,0.0
MA010120220805452412,5,0,0.0,0.0,1.0,0.0
MA010120220805452441,5,3,0.0615258408531583,0.0,1.0,0.0
MA010120220805452558,5,5,0.4634946677604594,4.37,1.0,0.0
MA010120220805452742,5,0,0.0,0.0,1.0,0.0
MA010120220805453046,5,5,0.8326497128794095,4.6,0.0,0.0
MA010120220805453894,5,3,0.0512715340442986,4.335,1.0,0.0
MA010120220805454448,5,5,1.0192780968006565,4.38,1.0,0.0
MA010120220805454758,5,3,0.0881870385561936,0.0,1.0,0.0
MA010120220805454863,5,4,0.108695652173913,4.16,1.0,0.0
MA010120220805458323,5,0,0.0,0.0,0.0,0.0
MA010120220805459923,5,3,0.0430680885972108,4.79,1.0,1.0
MA010120220805464121,5,4,0.1210008203445447,4.3,1.0,0.0
MA010120220805464769,5,4,0.1497128794093519,4.135,1.0,0.0
MA010120220805465049,5,1,0.0041017227235438,4.41,1.0,0.0
MA010120220805465349,1,0,0.0,0.0,1.0,0.0
MA010120220805465511,5,4,0.1210008203445447,4.255,1.0,0.0
MA010120220805466113,5,0,0.0,0.0,1.0,0.0
MA010120220805466180,1,2,0.0287120590648072,4.58,1.0,0.0
MA010120220805469508,5,5,0.3917145200984413,4.2,1.0,1.0
MA010120220805469951,4,3,0.0799835931091058,4.46,1.0,0.0
MA010120220805470060,5,1,0.0143560295324036,4.645,1.0,0.0
MA010120220805470693,5,2,0.0307629204265791,0.0,1.0,1.0
MA010120220805470816,5,1,0.0123051681706316,4.91,1.0,0.0
MA010120220805471432,5,1,0.0143560295324036,5.0,1.0,0.0
MA010120220805472028,1,4,0.1394585726004922,0.0,1.0,0.0
MA010120220805473485,5,2,0.034864643150123,4.675,1.0,0.0
MA010120220805473565,5,1,0.0061525840853158,4.245,1.0,0.0
MA010120220805474840,5,1,0.0123051681706316,5.0,1.0,0.0
MA010120220805477673,5,3,0.0881870385561936,4.92,1.0,0.0
MA010120220805478529,5,4,0.2276456111566858,4.49,1.0,0.0
MA010120220805478966,5,3,0.0533223954060705,3.0,1.0,1.0
MA010120220805479208,5,2,0.0266611977030352,4.55,1.0,0.0
MA010120220805481041,5,3,0.0656275635767022,3.45,1.0,0.0
MA010120220805481681,1,1,0.0041017227235438,4.26,1.0,0.0
MA010120220805482139,5,5,1.031583264971288,4.66,1.0,0.0
MA010120220805482368,5,2,0.0184577522559474,5.0,1.0,0.0
MA010120220805483120,5,1,0.0020508613617719,4.17,1.0,0.0
MA010120220805483683,5,0,0.0,0.0,1.0,0.0
MA010120220805484646,5,1,0.0082034454470877,4.8,1.0,0.0
MA010120220805485518,5,0,0.0,0.0,1.0,0.0
MA010120220805486040,5,0,0.0,0.0,1.0,0.0
MA010120220805490826,5,4,0.2296964725184577,4.7,1.0,1.0
MA010120220805490968,5,2,0.0328137817883511,1.5,1.0,1.0
MA010120220805491379,5,1,0.0061525840853158,0.0,1.0,0.0
MA010120220805491881,5,4,0.1435602953240361,4.0,1.0,0.0
MA010120220805492068,5,2,0.0184577522559474,5.0,1.0,0.0
MA010120220805492817,5,4,0.254306808859721,3.565,1.0,0.0
MA010120220805493075,5,3,0.0881870385561936,4.5,1.0,1.0
MA010120220805493635,5,3,0.0471698113207547,3.8,1.0,0.0
MA010120220805493668,5,4,0.1620180475799836,4.0,1.0,0.0
MA010120220805494859,5,0,0.0,0.0,0.0,0.0
MA010120220805496752,5,0,0.0,0.0,0.0,0.0
MA010120220805497833,5,3,0.0410172272354388,0.0,0.0,0.0
MA010120220805498380,5,4,0.0963904840032813,4.6,1.0,0.0
MA010120220805498519,5,0,0.0,0.0,1.0,0.0
MA010120220805498530,5,5,0.3773584905660377,4.63,1.0,0.0
MA010120220805498568,5,3,0.0881870385561936,4.895,1.0,0.0
MA010120220805499279,1,2,0.0328137817883511,3.615,1.0,1.0
MA010120220805500794,1,5,2.13084495488105,4.105,1.0,1.0
MA010120220805500852,5,0,0.0,0.0,1.0,0.0
MA010120220805501644,5,3,0.0635767022149302,0.0,1.0,0.0
MA010120220805502538,5,2,0.0266611977030352,3.5,1.0,0.0
MA010120220805502965,5,2,0.0266611977030352,4.65,1.0,1.0
MA010120220805504369,5,4,0.1640689089417555,3.62,1.0,0.0
MA010120220805506128,5,5,0.6173092698933552,4.36,1.0,0.0
MA010120220805506658,1,0,0.0,0.0,0.0,0.0
MA010120220805507078,5,0,0.0,0.0,1.0,0.0
MA010120220805509858,5,1,0.0061525840853158,5.0,1.0,0.0
MA010120220805510832,5,4,0.217391304347826,0.0,0.0,0.0
MA010120220805510998,5,3,0.0430680885972108,2.5,1.0,0.0
MA010120220805511005,1,4,0.1292042657916325,5.0,0.0,0.0
MA010120220805511366,5,4,0.1025430680885972,4.7,1.0,1.0
MA010120220805511562,5,3,0.0553732567678424,4.48,1.0,0.0
MA010120220805511682,5,0,0.0,0.0,1.0,0.0
MA010120220805513509,5,3,0.0615258408531583,4.574999999999999,1.0,1.0
MA010120220805518534,5,2,0.0246103363412633,4.59,1.0,0.0
MA010120220805518649,5,5,0.3855619360131255,4.4,1.0,0.0
MA010120220805518931,5,2,0.0369155045118949,4.215,1.0,0.0
MA010120220805519031,5,0,0.0,0.0,1.0,0.0
MA010120220805521074,5,4,0.1538146021328958,5.0,1.0,0.0
MA010120220805521408,5,2,0.0369155045118949,4.8,1.0,0.0
MA010120220805522391,5,2,0.0164068908941755,4.4,1.0,0.0
MA010120220805523199,5,3,0.0840853158326497,4.4,1.0,1.0
MA010120220805523543,5,1,0.0020508613617719,0.0,0.0,0.0
MA010120220805523836,5,3,0.071780147662018,2.4,1.0,0.0
MA010120220805524387,5,4,0.1620180475799836,4.6,1.0,1.0
MA010120220805525282,5,5,0.5578342904019689,4.9,1.0,1.0
MA010120220805528341,5,4,0.1230516817063166,4.42,1.0,0.0
MA010120220805528350,5,4,0.1927809680065627,4.7,1.0,1.0
MA010120220805528646,5,3,0.0820344544708777,4.6850000000000005,1.0,0.0
MA010120220805529302,5,1,0.0041017227235438,4.0,1.0,0.0
MA010120220805532332,5,3,0.0471698113207547,4.345,1.0,0.0
MA010120220805533823,5,2,0.0266611977030352,4.654999999999999,1.0,0.0
MA010120220805536391,5,0,0.0,0.0,0.0,0.0
MA010120220805536396,5,0,0.0,0.0,1.0,0.0
MA010120220805536872,5,0,0.0,0.0,1.0,0.0
MA010120220805537747,5,0,0.0,0.0,1.0,0.0
MA010120220805537816,5,2,0.0184577522559474,3.905,1.0,0.0
MA010120220805538067,5,2,0.0184577522559474,4.3,1.0,0.0
MA010120220805538308,5,4,0.1497128794093519,4.055,1.0,0.0
MA010120220805539262,5,0,0.0,0.0,1.0,0.0
MA010120220805539661,5,2,0.0164068908941755,4.12,1.0,0.0
MA010120220805539803,5,4,0.1681706316652994,0.0,0.0,0.0
MA010120220805540208,5,1,0.0041017227235438,4.4,1.0,0.0
MA010120220805540995,5,3,0.0389663658736669,3.8,1.0,0.0
MA010120220805542649,5,0,0.0,0.0,1.0,0.0
MA010120220805542938,5,1,0.0061525840853158,0.0,1.0,0.0
MA010120220805544981,5,3,0.0492206726825266,4.1,1.0,0.0
MA010120220805545200,1,5,0.4799015586546349,4.5,0.0,1.0
MA010120220805545732,5,0,0.0,4.86,0.0,0.0
MA010120220805546316,5,0,0.0,0.0,1.0,0.0
MA010120220805547858,4,4,0.1148482362592288,4.625,1.0,1.0
MA010120220805564811,5,5,0.8613617719442166,3.2,1.0,0.0
MA010120220805605927,5,3,0.0615258408531583,4.57,1.0,1.0
MA010120220805609231,5,0,0.0,0.0,0.0,1.0
MA010120220805609312,4,4,0.2502050861361772,4.32,1.0,0.0
MA010120220805609559,5,2,0.0205086136177194,0.0,1.0,0.0
MA010120220805612107,1,0,0.0,0.0,1.0,0.0
MA010120220805629360,5,3,0.0615258408531583,5.0,1.0,0.0
MA010120220805635507,5,5,0.258408531583265,4.32,1.0,0.0
MA010120220805639737,5,0,0.0,4.39,1.0,0.0
MA010120220805640648,5,5,0.5578342904019689,4.64,1.0,1.0
MA010120220805643530,5,1,0.0041017227235438,5.0,1.0,1.0
MA010120220805647634,5,3,0.0389663658736669,4.7,1.0,0.0
MA010120220805652182,1,3,0.0656275635767022,4.7,0.0,0.0
MA010120220805681557,5,1,0.0143560295324036,5.0,1.0,0.0
MA010120220805681573,5,2,0.0164068908941755,3.46,1.0,1.0
MA010120220805682409,5,3,0.0512715340442986,0.0,1.0,1.0
MA010120220805684187,5,5,0.3506972928630025,4.535,1.0,1.0
MA010120220805684235,5,4,0.1333059885151763,4.0,1.0,0.0
MA010120220805685302,5,4,0.1127973748974569,4.9,0.0,0.0
MA010120220805686883,5,3,0.0553732567678424,4.33,1.0,0.0
MA010120220805686920,5,5,0.2686628383921247,4.33,1.0,0.0
MA010120220805687517,5,3,0.0840853158326497,4.68,1.0,0.0
MA010120220805688326,5,5,0.2768662838392124,4.234999999999999,1.0,0.0
MA010120220805689558,5,2,0.0205086136177194,3.895,1.0,0.0
MA010120220805690336,5,0,0.0,0.0,1.0,0.0
MA010120220805690833,5,3,0.0533223954060705,5.0,1.0,0.0
MA010120220805691076,5,3,0.0574241181296144,2.8,1.0,1.0
MA010120220805691679,5,0,0.0,0.0,1.0,0.0
MA010120220805691876,5,1,0.0082034454470877,4.48,1.0,0.0
MA010120220805691951,5,3,0.0430680885972108,3.52,1.0,0.0
MA010120220805693288,5,1,0.0020508613617719,4.39,1.0,0.0
MA010120220805693535,5,5,1.5135356849876949,0.0,1.0,0.0
MA010120220805693670,5,0,0.0,0.0,1.0,0.0
MA010120220805694659,5,2,0.034864643150123,4.0,1.0,0.0
MA010120220805695089,5,5,0.4204265791632485,4.66,1.0,1.0
MA010120220805696886,5,0,0.0,0.0,1.0,0.0
MA010120220805703628,1,0,0.0,0.0,1.0,0.0
MA010120220805703964,4,2,0.0287120590648072,4.640000000000001,1.0,0.0
MA010120220805704929,5,4,0.1415094339622641,4.825,0.0,0.0
MA010120220805724034,5,2,0.0184577522559474,0.0,1.0,0.0
MA010120220805724889,4,3,0.0430680885972108,4.74,1.0,0.0
MA010120220805725774,5,3,0.0574241181296144,4.615,1.0,0.0
MA010120220805725817,5,5,0.4716981132075472,4.58,1.0,0.0
MA010120220805727391,5,5,0.4163248564397047,4.7,1.0,0.0
MA010120220805728024,5,0,0.0,0.0,1.0,0.0
MA010120220805730497,5,1,0.0082034454470877,3.8,0.0,0.0
MA010120220805731051,5,4,0.0984413453650533,4.51,1.0,0.0
MA010120220805734596,5,2,0.0369155045118949,0.0,1.0,1.0
MA010120220805736038,5,0,0.0,0.0,1.0,0.0
MA010120220805736431,5,0,0.0,0.0,1.0,0.0
MA010120220805799932,5,5,0.3568498769483183,5.0,1.0,1.0
MA010120220805801569,5,1,0.0082034454470877,4.6,1.0,0.0
MA010120220805804547,5,5,0.5844954881050041,4.46,1.0,0.0
MA010120220805805044,5,0,0.0,0.0,1.0,0.0
MA010120220805810603,1,0,0.0,0.0,1.0,0.0
MA010120220805819195,5,0,0.0,0.0,1.0,0.0
MA010120220805830074,5,5,0.8203445447087777,5.0,0.0,0.0
MA010120220805831827,5,0,0.0,0.0,0.0,0.0
MA010120220805832355,5,3,0.0430680885972108,4.2,0.0,0.0
MA010120220805832680,5,3,0.0410172272354388,4.255,1.0,0.0
MA010120220805832837,5,5,1.501230516817063,3.59,1.0,0.0
MA010120220805834755,5,3,0.0676784249384741,4.359999999999999,1.0,1.0
MA010120220805835392,1,3,0.0533223954060705,2.9,0.0,0.0
MA010120220805836232,5,5,0.9413453650533224,4.45,1.0,0.0
MA010120220805837640,5,1,0.0102543068088597,4.765000000000001,1.0,0.0
MA010120220805838493,5,0,0.0,0.0,0.0,1.0
MA010120220805843756,1,4,0.1763740771123872,4.279999999999999,1.0,0.0
MA010120220805843776,5,5,0.3404429860541427,4.59,1.0,1.0
MA010120220805843955,5,5,0.3158326497128794,4.71,1.0,0.0
MA010120220805843985,5,3,0.0758818703855619,4.67,1.0,0.0
MA010120220805844477,5,2,0.0328137817883511,3.4400000000000004,1.0,0.0
MA010120220805846170,5,2,0.034864643150123,0.0,0.0,0.0
MA010120220805853869,5,3,0.0471698113207547,3.905,1.0,0.0
MA010120220805855404,5,5,0.955701394585726,4.3,1.0,0.0
MA010120220805856433,5,0,0.0,0.0,1.0,0.0
MA010120220805856509,5,2,0.0266611977030352,3.925,1.0,0.0
MA010120220805858556,1,5,0.4922067268252666,0.0,1.0,0.0
MA010120220805858918,5,3,0.0902378999179655,4.859999999999999,0.0,0.0
MA010120220805860540,5,3,0.0430680885972108,4.76,0.0,0.0
MA010120220805860968,5,3,0.0553732567678424,3.875,1.0,0.0
MA010120220805861052,4,2,0.0225594749794913,3.1500000000000004,1.0,0.0
MA010120220805887683,5,2,0.0164068908941755,4.27,1.0,0.0
MA010120220805888106,5,1,0.0143560295324036,4.5,0.0,0.0
MA010120220805888344,5,2,0.0225594749794913,5.0,1.0,0.0
MA010120220805889148,5,0,0.0,0.0,1.0,0.0
MA010120220805889889,5,2,0.034864643150123,4.25,0.0,1.0
MA010120220805894156,5,3,0.0615258408531583,4.779999999999999,1.0,0.0
MA010120220805894605,5,4,0.1743232157506152,5.0,1.0,0.0
MA010120220805896258,5,1,0.0041017227235438,0.0,1.0,0.0
MA010120220805896836,5,4,0.1743232157506152,2.7,1.0,0.0
MA010120220805899310,5,4,0.1579163248564397,4.98,0.0,0.0
MA010120220805899432,5,5,0.2768662838392124,0.0,1.0,0.0
MA010120220805899732,5,4,0.108695652173913,4.67,1.0,0.0
MA010120220805900738,5,4,0.1353568498769483,2.1,1.0,0.0
MA010120220805906456,5,3,0.0656275635767022,4.23,1.0,1.0
MA010120220805906704,5,0,0.0,0.0,0.0,0.0
MA010120220805925140,5,2,0.0328137817883511,4.63,1.0,0.0
MA010120220805927046,5,2,0.0246103363412633,4.51,0.0,0.0
MA010120220805927117,5,4,0.1045939294503691,4.0200000000000005,1.0,0.0
MA010120220805927244,5,3,0.0430680885972108,4.625,1.0,0.0
MA010120220805930775,5,5,0.7629204265791633,4.57,1.0,0.0
MA010120220805931570,5,1,0.0020508613617719,4.09,1.0,0.0
MA010120220805931634,5,5,0.7034454470877769,4.2,1.0,0.0
MA010120220805935059,5,2,0.0266611977030352,4.37,0.0,0.0
MA010120220805935081,5,0,0.0,0.0,1.0,0.0
MA010120220805935395,1,5,0.5393765381460213,5.0,1.0,0.0
MA010120220805936953,1,1,0.0123051681706316,0.0,1.0,0.0
MA010120220805944295,1,3,0.0389663658736669,4.36,1.0,0.0
MA010120220805947181,5,2,0.0369155045118949,5.0,1.0,0.0
MA010120220805947330,5,5,0.7772764561115669,4.369999999999999,1.0,1.0
MA010120220805948704,5,4,0.1004922067268252,4.015,1.0,0.0
MA010120220805949413,5,3,0.0471698113207547,4.6,1.0,0.0
MA010120220805949814,5,0,0.0,0.0,1.0,0.0
MA010120220805951150,5,5,0.3691550451189499,0.0,1.0,0.0
MA010120220805955772,5,2,0.0164068908941755,4.56,1.0,0.0
MA010120220805956172,5,0,0.0,0.0,1.0,0.0
MA010120220805958253,5,4,0.2030352748154225,0.0,0.0,0.0
MA010120220805959905,5,0,0.0,0.0,1.0,0.0
MA010120220805961685,5,5,0.4450369155045119,4.545,1.0,1.0
MA010120220805961938,5,4,0.0943396226415094,4.815,1.0,0.0
MA010120220805962430,5,3,0.0430680885972108,5.0,1.0,1.0
MA010120220805962502,5,2,0.0225594749794913,4.55,1.0,1.0
MA010120220805963821,5,5,0.3486464315012305,4.074999999999999,0.0,0.0
MA010120220805965491,5,1,0.0061525840853158,4.5,0.0,1.0
MA010120220805965955,5,3,0.0410172272354388,3.835,1.0,1.0
MA010120220805966216,5,1,0.0061525840853158,4.7,0.0,0.0
MA010120220805966996,5,4,0.1066447908121411,3.8,0.0,0.0
MA010120220805967112,5,0,0.0,0.0,1.0,0.0
MA010120220805982228,5,2,0.0184577522559474,5.0,1.0,0.0
MA010120220805982515,5,2,0.0164068908941755,0.0,0.0,0.0
MA010120220805983126,5,1,0.0020508613617719,0.0,1.0,0.0
MA010120220805985288,5,3,0.0861361771944216,4.42,1.0,0.0
MA010120220805986797,5,4,0.1620180475799836,4.609999999999999,1.0,1.0
MA010120220805987695,5,0,0.0,0.0,1.0,0.0
MA010120220805988199,5,1,0.0082034454470877,4.765000000000001,1.0,0.0
MA010120220805991583,5,5,0.4942575881870386,3.5,1.0,1.0
MA010120220805993413,5,3,0.0881870385561936,4.0,0.0,0.0
MA010120220805994072,5,5,0.2645611156685807,4.69,1.0,1.0
MA010120220805994501,5,3,0.0881870385561936,4.859999999999999,1.0,0.0
MA010120220805994845,5,1,0.0041017227235438,5.0,1.0,0.0
MA010120220805994920,1,2,0.0164068908941755,3.775,1.0,0.0
MA010120220805999774,5,0,0.0,0.0,0.0,0.0
MA010120220805999815,5,5,0.9905660377358492,4.5,1.0,0.0
MA010120220806011983,5,1,0.0020508613617719,1.0,1.0,0.0
MA010120220806022496,5,5,0.3568498769483183,4.335,0.0,0.0
MA010120220806022846,5,3,0.0410172272354388,4.205,1.0,0.0
MA010120220806023097,5,2,0.0184577522559474,4.66,1.0,0.0
MA010120220806024161,5,4,0.1312551271534044,4.32,1.0,0.0
MA010120220806024646,5,3,0.0389663658736669,4.27,1.0,0.0
MA010120220806024701,5,5,0.6890894175553732,4.8,1.0,0.0
MA010120220806026328,5,2,0.0287120590648072,0.0,1.0,0.0
MA010120220806026749,5,2,0.0184577522559474,4.67,1.0,0.0
MA010120220806026767,5,3,0.0635767022149302,4.095,1.0,0.0
MA010120220806026831,5,3,0.0861361771944216,0.0,1.0,0.0
MA010120220806027954,5,5,0.4306808859721083,4.525,1.0,1.0
MA010120220806028044,5,3,0.0758818703855619,0.0,1.0,1.0
MA010120220806028078,4,2,0.0266611977030352,4.46,0.0,1.0
MA010120220806028910,5,3,0.0512715340442986,4.15,1.0,1.0
MA010120220806029038,5,4,0.1702214930270713,3.6,1.0,0.0
MA010120220806029856,1,4,0.0943396226415094,0.0,1.0,0.0
MA010120220806031173,5,4,0.1230516817063166,3.63,1.0,0.0
MA010120220806033055,5,3,0.0676784249384741,4.59,1.0,1.0
MA010120220806033301,5,5,0.3055783429040197,4.51,1.0,0.0
MA010120220806079748,5,5,0.3896636587366694,4.225,1.0,0.0
MA010120220806090690,5,5,0.8162428219852338,4.24,0.0,0.0
MA010120220806095282,5,0,0.0,0.0,0.0,0.0
MA010120220806117749,5,3,0.0533223954060705,4.58,1.0,0.0
MA010120220806117848,5,1,0.0020508613617719,5.0,1.0,0.0
MA010120220806118090,5,4,0.219442165709598,0.0,1.0,0.0
MA010120220806118174,5,3,0.0533223954060705,3.81,1.0,0.0
MA010120220806118869,5,5,0.2891714520098442,0.0,1.0,1.0
MA010120220806119144,5,5,0.5024610336341263,0.0,0.0,1.0
MA010120220806119445,5,1,0.0082034454470877,4.7,1.0,0.0
MA010120220806120069,5,4,0.2440525020508613,3.6,1.0,1.0
MA010120220806156765,5,5,0.5065627563576702,4.51,1.0,1.0
MA010120220806159967,5,5,1.1464315012305168,4.23,0.0,0.0
MA010120220806160940,5,5,0.8921246923707957,4.3,1.0,0.0
MA010120220806161603,5,2,0.034864643150123,4.79,1.0,0.0
MA010120220806162604,5,3,0.0738310090237899,4.395,1.0,0.0
MA010120220806162694,5,3,0.0533223954060705,4.3100000000000005,1.0,0.0
MA010120220806167189,4,3,0.0410172272354388,4.0,1.0,0.0
MA010120220806167191,4,3,0.0779327317473338,4.62,1.0,0.0
MA010120220806167242,4,1,0.0041017227235438,0.0,1.0,1.0
MA010120220806167899,5,5,0.4634946677604594,0.0,1.0,1.0
MA010120220806171086,5,1,0.0020508613617719,0.0,1.0,0.0
MA010120220806179848,5,4,0.2296964725184577,3.8,1.0,0.0
MA010120220806206345,5,4,0.1168990976210008,3.86,1.0,0.0
MA010120220806239616,1,0,0.0,0.0,1.0,0.0
MA010120220806239662,5,2,0.0307629204265791,1.6,1.0,0.0
MA010120220806241244,5,4,0.1743232157506152,4.545,1.0,0.0
MA010120220806241438,1,5,0.6275635767022149,4.7,1.0,0.0
MA010120220806250005,4,1,0.0020508613617719,4.39,1.0,0.0
MA010120220806252213,5,3,0.0451189499589827,0.0,1.0,0.0
MA010120220806268692,1,0,0.0,0.0,1.0,0.0
MA010120220806270631,5,2,0.0307629204265791,0.0,1.0,1.0
MA010120220806274987,5,1,0.0102543068088597,0.0,1.0,0.0
MA010120220806276013,5,3,0.0881870385561936,4.3,1.0,1.0
MA010120220806277581,5,1,0.0082034454470877,4.42,0.0,0.0
MA010120220806277820,5,5,0.7075471698113207,4.59,0.0,0.0
MA010120220806277898,5,0,0.0,0.0,1.0,0.0
MA010120220806278204,5,2,0.0307629204265791,4.635,1.0,0.0
MA010120220806279985,5,4,0.1045939294503691,3.7,1.0,0.0
MA010120220806281210,1,0,0.0,0.0,1.0,0.0
MA010120220806283013,4,3,0.0635767022149302,5.0,1.0,0.0
MA010120220806283219,5,4,0.2522559474979491,4.1,1.0,0.0
MA010120220806283732,5,1,0.0041017227235438,0.0,1.0,0.0
MA010120220806284661,5,2,0.0246103363412633,4.705,1.0,0.0
MA010120220806286201,4,1,0.0082034454470877,5.0,1.0,1.0
MA010120220806286568,5,5,0.6132075471698113,4.3,1.0,0.0
MA010120220806286608,5,0,0.0,0.0,1.0,0.0
MA010120220806303860,4,3,0.0758818703855619,5.0,1.0,0.0
MA010120220806304553,5,0,0.0,0.0,0.0,0.0
MA010120220806304910,5,0,0.0,0.0,1.0,0.0
MA010120220806305026,5,4,0.217391304347826,0.0,1.0,0.0
MA010120220806305127,5,4,0.1107465135356849,4.575,1.0,0.0
MA010120220806307820,5,2,0.0205086136177194,4.4,1.0,0.0
MA010120220806312812,5,0,0.0,0.0,1.0,0.0
MA010120220806335596,1,5,0.2625102543068088,4.9,1.0,0.0
MA010120220806336643,5,5,0.7916324856439705,4.63,1.0,0.0
MA010120220806336870,5,3,0.0574241181296144,4.8,1.0,0.0
MA010120220806337997,1,5,0.3322395406070549,4.8,0.0,1.0
MA010120220806338737,5,1,0.0020508613617719,4.44,1.0,0.0
MA010120220806341229,4,3,0.0656275635767022,4.7,1.0,0.0
MA010120220806341557,5,0,0.0,4.49,1.0,1.0
MA010120220806341986,5,0,0.0,0.0,1.0,0.0
MA010120220806347464,5,2,0.0328137817883511,3.4,1.0,0.0
MA010120220806354545,5,3,0.0389663658736669,4.4,1.0,0.0
MA010120220806355540,5,4,0.1681706316652994,4.355,1.0,1.0
MA010120220806357351,5,1,0.0082034454470877,4.36,1.0,0.0
MA010120220806358175,5,1,0.0041017227235438,5.0,0.0,0.0
MA010120220806358528,5,3,0.0512715340442986,4.1,1.0,0.0
MA010120220806359661,5,5,0.6378178835110747,4.6,0.0,0.0
MA010120220806360842,5,4,0.2276456111566858,3.8,1.0,0.0
MA010120220806361039,5,3,0.0902378999179655,4.515000000000001,1.0,0.0
MA010120220806361295,1,0,0.0,0.0,1.0,0.0
MA010120220806367028,5,5,1.5299425758818703,4.0,1.0,0.0
MA010120220806367090,5,1,0.0020508613617719,0.0,1.0,0.0
MA010120220806367904,5,2,0.0328137817883511,4.26,1.0,0.0
MA010120220806368669,5,4,0.1394585726004922,3.4,1.0,0.0
MA010120220806369709,5,0,0.0,0.0,1.0,0.0
MA010120220806370072,5,5,0.5250205086136177,0.0,1.0,1.0
MA010120220806371850,5,3,0.0799835931091058,4.495,1.0,0.0
MA010120220806373148,5,2,0.0184577522559474,3.53,1.0,0.0
MA010120220806374775,5,5,0.5906480721903199,4.71,1.0,1.0
MA010120220806374795,5,3,0.0533223954060705,4.83,1.0,0.0
MA010120220806375757,5,0,0.0,0.0,1.0,0.0
MA010120220806376535,1,4,0.1045939294503691,0.0,1.0,0.0
MA010120220806376551,5,3,0.0861361771944216,4.76,1.0,1.0
MA010120220806377217,5,2,0.0266611977030352,4.765000000000001,1.0,1.0
MA010120220806377797,5,2,0.0328137817883511,4.3,1.0,0.0
MA010120220806379731,5,0,0.0,0.0,1.0,0.0
MA010120220806381588,5,1,0.0020508613617719,1.0,1.0,0.0
MA010120220806381895,5,1,0.0020508613617719,0.0,0.0,0.0
MA010120220806382191,5,1,0.0102543068088597,4.720000000000001,1.0,0.0
MA010120220806382412,5,4,0.182526661197703,4.53,1.0,1.0
MA010120220806383723,5,0,0.0,0.0,1.0,0.0
MA010120220806385522,5,0,0.0,0.0,1.0,0.0
MA010120220806385600,5,3,0.0451189499589827,4.3,1.0,0.0
MA010120220806386442,5,5,0.3794093519278096,4.41,1.0,0.0
MA010120220806386903,5,5,0.3076292042657916,0.0,1.0,0.0
MA010120220806387542,5,5,0.51681706316653,3.945,1.0,0.0
MA010120220806387933,5,4,0.2009844134536505,4.945,1.0,0.0
MA010120220806388316,5,5,0.7506152584085315,4.53,1.0,1.0
MA010120220806389735,1,1,0.0020508613617719,4.0,1.0,0.0
MA010120220806389873,1,4,0.1661197703035274,4.575,1.0,0.0
MA010120220806390705,5,5,1.5586546349466777,4.595000000000001,1.0,0.0
MA010120220806394682,5,3,0.0676784249384741,2.3,1.0,0.0
MA010120220806394725,5,2,0.0369155045118949,4.705,1.0,1.0
MA010120220806397280,5,5,1.0172272354388845,4.8,1.0,0.0
MA010120220806397801,5,5,1.1874487284659558,4.705,1.0,0.0
MA010120220806397810,5,5,0.6398687448728466,4.77,1.0,0.0
MA010120220806398051,5,1,0.0061525840853158,0.0,1.0,0.0
MA010120220806398121,5,4,0.2481542247744052,1.9,1.0,1.0
MA010120220806402608,5,0,0.0,0.0,1.0,0.0
MA010120220806403310,5,0,0.0,0.0,1.0,0.0
MA010120220806404392,5,1,0.0020508613617719,5.0,1.0,0.0
MA010120220806405745,1,3,0.0492206726825266,4.8,1.0,0.0
MA010120220806408218,5,1,0.0020508613617719,0.0,1.0,1.0
MA010120220806409001,5,4,0.1620180475799836,4.765000000000001,1.0,0.0
MA010120220806410203,5,0,0.0,0.0,1.0,0.0
MA010120220806410289,5,2,0.0287120590648072,4.609999999999999,1.0,0.0
MA010120220806411558,5,2,0.0225594749794913,5.0,1.0,0.0
MA010120220806412014,5,4,0.1415094339622641,4.375,1.0,0.0
MA010120220806413003,5,0,0.0,0.0,0.0,0.0
MA010120220806413691,5,0,0.0,0.0,1.0,0.0
MA010120220806414809,5,4,0.1045939294503691,4.295,1.0,0.0
MA010120220806415620,5,1,0.0082034454470877,4.41,1.0,1.0
MA010120220806415785,5,4,0.145611156685808,4.2,0.0,0.0
MA010120220806418006,5,4,0.108695652173913,4.9,0.0,0.0
MA010120220806418141,5,1,0.0143560295324036,4.45,1.0,0.0
MA010120220806419416,5,5,0.2625102543068088,4.6,1.0,0.0
MA010120220806419607,5,3,0.0840853158326497,4.73,1.0,0.0
MA010120220806423349,5,0,0.0,4.69,0.0,0.0
MA010120220806424855,5,5,1.058244462674323,4.390000000000001,1.0,1.0
MA010120220806425247,5,2,0.0266611977030352,4.470000000000001,1.0,0.0
MA010120220806425571,5,5,0.6132075471698113,4.3100000000000005,1.0,1.0
MA010120220806425665,5,0,0.0,0.0,1.0,0.0
MA010120220806425918,5,0,0.0,0.0,1.0,0.0
MA010120220806426984,5,3,0.0635767022149302,4.865,1.0,0.0
MA010120220806430791,5,5,0.7424118129614438,4.7,1.0,0.0
MA010120220806432213,5,2,0.0266611977030352,4.695,1.0,0.0
MA010120220806432268,5,3,0.0410172272354388,4.33,1.0,0.0
MA010120220806432998,5,4,0.2502050861361772,4.1,0.0,1.0
MA010120220806434462,5,5,1.665299425758819,4.529999999999999,1.0,0.0
MA010120220806434484,1,5,1.5873666940114848,4.71,1.0,0.0
MA010120220806435426,5,3,0.0471698113207547,3.61,1.0,1.0
MA010120220806436071,5,4,0.1722723543888433,4.76,0.0,0.0
MA010120220806436781,5,4,0.1148482362592288,4.135,1.0,0.0
MA010120220806438003,5,0,0.0,0.0,0.0,0.0
MA010120220806439358,5,4,0.1066447908121411,4.4,1.0,1.0
MA010120220806439979,5,5,0.5291222313371615,4.075,0.0,0.0
MA010120220806440756,5,3,0.0594749794913863,4.42,0.0,1.0
MA010120220806440777,1,1,0.0082034454470877,5.0,1.0,0.0
MA010120220806441180,5,3,0.0471698113207547,4.6,1.0,0.0
MA010120220806441891,5,1,0.0123051681706316,4.715,1.0,0.0
MA010120220806441934,5,4,0.1661197703035274,3.885,1.0,0.0
MA010120220806442153,1,2,0.034864643150123,5.0,1.0,1.0
MA010120220806442400,5,0,0.0,0.0,1.0,0.0
MA010120220806442957,5,2,0.0205086136177194,4.8,1.0,0.0
MA010120220806445190,5,4,0.219442165709598,0.0,1.0,0.0
MA010120220806446871,5,3,0.0533223954060705,4.3,1.0,0.0
MA010120220806446996,5,1,0.0082034454470877,3.725,1.0,0.0
MA010120220806447008,5,4,0.1763740771123872,4.145,1.0,1.0
MA010120220806447532,5,4,0.182526661197703,4.65,1.0,0.0
MA010120220806450391,5,4,0.1394585726004922,5.0,1.0,1.0
MA010120220806450433,5,0,0.0,0.0,1.0,0.0
MA010120220806450637,5,3,0.0656275635767022,2.9,1.0,0.0
MA010120220806451190,5,3,0.0820344544708777,4.625,1.0,0.0
MA010120220806452250,5,1,0.0041017227235438,0.0,1.0,0.0
MA010120220806452482,5,4,0.1394585726004922,3.4,0.0,1.0
MA010120220806457942,5,2,0.0225594749794913,4.8,1.0,0.0
MA010120220806459098,5,2,0.0225594749794913,4.7,1.0,0.0
MA010120220806459230,5,0,0.0,0.0,1.0,0.0
MA010120220806459564,5,4,0.1107465135356849,4.84,1.0,0.0
MA010120220806460834,5,1,0.0082034454470877,5.0,1.0,0.0
MA010120220806462148,5,0,0.0,0.0,1.0,0.0
MA010120220806462316,5,1,0.0020508613617719,4.57,1.0,0.0
MA010120220806465349,5,3,0.0389663658736669,5.0,1.0,0.0
MA010120220806466072,5,5,0.3096800656275635,0.0,1.0,0.0
MA010120220806466772,5,5,2.024200164068909,4.0,1.0,0.0
MA010120220806466829,5,4,0.1435602953240361,3.17,1.0,0.0
MA010120220806469377,5,3,0.0881870385561936,4.609999999999999,1.0,1.0
MA010120220806471809,5,2,0.0287120590648072,3.095,0.0,0.0
MA010120220806472430,5,4,0.1394585726004922,4.835,1.0,0.0
MA010120220806473256,1,0,0.0,0.0,1.0,0.0
MA010120220806475160,4,2,0.0287120590648072,3.6,1.0,0.0
MA010120220806476231,5,0,0.0,0.0,0.0,0.0
MA010120220806476252,5,5,0.920836751435603,4.1,0.0,0.0
MA010120220806476688,5,3,0.0389663658736669,4.585,1.0,0.0
MA010120220806477271,5,3,0.0574241181296144,4.4,0.0,0.0
MA010120220806477413,5,3,0.0533223954060705,4.74,0.0,1.0
MA010120220806478777,5,3,0.0389663658736669,5.0,1.0,0.0
MA010120220806478919,1,5,0.6357670221493027,4.74,1.0,1.0
MA010120220806479070,5,5,2.221082854799016,4.2,1.0,1.0
MA010120220806481047,5,2,0.0164068908941755,4.5,1.0,0.0
MA010120220806481596,5,5,0.258408531583265,4.625,1.0,1.0
MA010120220806482341,5,5,0.8429040196882691,4.95,1.0,0.0
MA010120220806483762,5,0,0.0,0.0,1.0,0.0
MA010120220806483902,5,5,0.3630024610336341,3.5,1.0,0.0
MA010120220806484579,5,4,0.1127973748974569,3.755,1.0,0.0
MA010120220806484982,5,1,0.0143560295324036,3.3,1.0,0.0
MA010120220806486938,5,3,0.0902378999179655,4.07,1.0,0.0
MA010120220806487015,4,5,0.9680065627563575,4.74,1.0,0.0
MA010120220806488446,5,4,0.1210008203445447,3.05,1.0,0.0
MA010120220806488507,5,3,0.0820344544708777,4.1,1.0,0.0
MA010120220806490419,5,4,0.1497128794093519,4.775,1.0,1.0
MA010120220806491198,5,2,0.0205086136177194,4.8,1.0,0.0
MA010120220806491658,5,0,0.0,0.0,1.0,0.0
MA010120220806493996,1,0,0.0,0.0,1.0,0.0
MA010120220806494940,5,3,0.0574241181296144,4.135,1.0,0.0
MA010120220806496281,5,4,0.1620180475799836,4.7,1.0,1.0
MA010120220806496535,5,4,0.1845775225594749,4.92,1.0,0.0
MA010120220806496752,5,3,0.0594749794913863,3.0,1.0,0.0
MA010120220806497132,5,1,0.0082034454470877,0.0,1.0,0.0
MA010120220806497802,5,4,0.0943396226415094,4.6,1.0,0.0
MA010120220806499003,5,0,0.0,0.0,1.0,0.0
MA010120220806499041,5,4,0.1127973748974569,3.8,1.0,0.0
MA010120220806500162,1,0,0.0,0.0,0.0,0.0
MA010120220806501009,5,3,0.0471698113207547,3.04,1.0,0.0
MA010120220806502763,5,3,0.0881870385561936,4.845000000000001,1.0,0.0
MA010120220806503435,5,4,0.1517637407711238,0.0,0.0,1.0
MA010120220806504035,1,0,0.0,4.58,1.0,0.0
MA010120220806508673,5,1,0.0020508613617719,4.5,1.0,0.0
MA010120220806508678,5,4,0.108695652173913,4.1850000000000005,1.0,0.0
MA010120220806508884,5,2,0.0246103363412633,3.5,1.0,0.0
MA010120220806508976,5,3,0.0471698113207547,4.68,1.0,0.0
MA010120220806510023,5,4,0.1599671862182116,4.23,1.0,0.0
MA010120220806510229,5,3,0.0676784249384741,3.225,1.0,1.0
MA010120220806511033,5,2,0.0205086136177194,5.0,1.0,1.0
MA010120220806511446,4,2,0.0164068908941755,4.87,1.0,0.0
MA010120220806512632,5,1,0.0041017227235438,5.0,1.0,0.0
MA010120220806512948,5,3,0.0758818703855619,0.0,1.0,1.0
MA010120220806513645,5,2,0.0307629204265791,3.5,1.0,0.0
MA010120220806515018,5,3,0.0451189499589827,4.585,1.0,0.0
MA010120220806515100,5,3,0.0553732567678424,1.9,1.0,0.0
MA010120220806517072,5,5,0.477850697292863,4.6,1.0,0.0
MA010120220806517801,5,0,0.0,4.49,1.0,0.0
MA010120220806518915,1,4,0.2276456111566858,4.0,1.0,0.0
MA010120220806519013,5,3,0.0389663658736669,5.0,1.0,1.0
MA010120220806519072,5,3,0.0389663658736669,1.0,1.0,0.0
MA010120220806519307,5,1,0.0082034454470877,4.75,1.0,0.0
MA010120220806519551,5,2,0.0205086136177194,4.705,1.0,0.0
MA010120220806520430,5,4,0.2214930270713699,4.2,1.0,0.0
MA010120220806520491,4,3,0.0451189499589827,3.1,1.0,0.0
MA010120220806520787,5,4,0.2296964725184577,4.18,1.0,0.0
MA010120220806521390,5,1,0.0082034454470877,4.68,1.0,1.0
MA010120220806523323,5,3,0.0574241181296144,4.3,1.0,1.0
MA010120220806523765,5,0,0.0,0.0,1.0,0.0
MA010120220806523787,5,5,1.583264971287941,3.6,1.0,0.0
MA010120220806523856,5,4,0.0984413453650533,2.7,0.0,0.0
MA010120220806524201,5,0,0.0,4.5,1.0,0.0
MA010120220806524395,5,0,0.0,0.0,1.0,0.0
MA010120220806524405,5,1,0.0123051681706316,4.9,0.0,0.0
MA010120220806525068,4,5,0.4942575881870386,4.28,1.0,0.0
MA010120220806526616,5,3,0.0594749794913863,4.665,1.0,0.0
MA010120220806527944,5,3,0.0676784249384741,3.9,1.0,0.0
MA010120220806528090,5,4,0.2317473338802297,4.67,1.0,0.0
MA010120220806528179,5,4,0.219442165709598,4.6,1.0,0.0
MA010120220806528761,5,2,0.0287120590648072,4.44,1.0,0.0
MA010120220806528870,5,0,0.0,0.0,1.0,1.0
MA010120220806530810,5,1,0.0061525840853158,0.0,1.0,0.0
MA010120220806531017,5,5,0.9392945036915504,4.3,1.0,0.0
MA010120220806531973,5,5,0.4286300246103363,4.51,1.0,1.0
MA010120220806532046,5,0,0.0,0.0,1.0,0.0
MA010120220806532593,5,3,0.0389663658736669,4.04,1.0,0.0
MA010120220806533035,5,1,0.0041017227235438,0.0,0.0,0.0
MA010120220806533112,5,5,0.6521739130434783,3.9,1.0,0.0
MA010120220806535984,5,3,0.0389663658736669,2.4,1.0,0.0
MA010120220806537395,5,2,0.0246103363412633,4.7,0.0,0.0
MA010120220806537630,5,1,0.0020508613617719,4.32,1.0,0.0
MA010120220806538900,5,4,0.1271534044298605,4.91,1.0,1.0
MA010120220806539489,5,5,0.5742411812961444,4.33,1.0,0.0
MA010120220806539580,5,5,0.4614438063986875,0.0,1.0,0.0
MA010120220806539819,5,3,0.0656275635767022,4.67,1.0,0.0
MA010120220806539843,5,1,0.0082034454470877,2.8,0.0,0.0
MA010120220806541644,5,1,0.0020508613617719,0.0,1.0,1.0
MA010120220806543290,1,0,0.0,0.0,1.0,0.0
MA010120220806545197,5,1,0.0082034454470877,0.0,1.0,0.0
MA010120220806546177,5,2,0.0307629204265791,4.71,1.0,0.0
MA010120220806546395,5,3,0.0451189499589827,3.83,1.0,0.0
MA010120220806546988,5,1,0.0102543068088597,4.73,1.0,1.0
MA010120220806546998,5,1,0.0102543068088597,3.0,1.0,0.0
MA010120220806547649,5,2,0.0205086136177194,3.7,1.0,0.0
MA010120220806547930,5,2,0.0266611977030352,0.0,1.0,0.0
MA010120220806548225,5,2,0.0246103363412633,3.6,1.0,0.0
MA010120220806548545,1,5,0.367104183757178,0.0,1.0,0.0
MA010120220806549031,5,3,0.0574241181296144,3.97,1.0,0.0
MA010120220806549195,5,1,0.0061525840853158,3.7,1.0,0.0
MA010120220806549778,5,4,0.1107465135356849,4.3,1.0,0.0
MA010120220806550179,5,4,0.1599671862182116,5.0,1.0,0.0
MA010120220806550332,1,0,0.0,0.0,1.0,0.0
MA010120220806551019,5,4,0.1681706316652994,4.605,1.0,1.0
MA010120220806552705,5,4,0.1127973748974569,3.9,1.0,0.0
MA010120220806555345,5,5,0.5721903199343724,4.3,1.0,0.0
MA010120220806555986,5,0,0.0,0.0,1.0,0.0
MA010120220806556594,1,0,0.0,0.0,1.0,0.0
MA010120220806556818,5,0,0.0,0.0,1.0,0.0
MA010120220806556935,5,3,0.0389663658736669,4.484999999999999,1.0,0.0
MA010120220806557197,5,0,0.0,0.0,1.0,0.0
MA010120220806557985,5,3,0.0389663658736669,4.255,0.0,0.0
MA010120220806558536,5,2,0.0246103363412633,4.3,0.0,0.0
MA010120220806559717,5,1,0.0020508613617719,0.0,1.0,0.0
MA010120220806560285,5,3,0.0574241181296144,3.9,0.0,0.0
MA010120220806561006,5,1,0.0041017227235438,4.35,1.0,0.0
MA010120220806561764,1,5,0.2768662838392124,4.7,0.0,0.0
MA010120220806561948,5,4,0.2358490566037736,4.109999999999999,0.0,1.0
MA010120220806562910,5,4,0.1148482362592288,3.7,0.0,0.0
MA010120220806562962,5,1,0.0143560295324036,4.0,1.0,0.0
MA010120220806563092,5,3,0.0738310090237899,4.425,1.0,1.0
MA010120220806564110,5,0,0.0,0.0,1.0,0.0
MA010120220806564403,5,0,0.0,0.0,1.0,0.0
MA010120220806564701,5,1,0.0082034454470877,4.44,1.0,0.0
MA010120220806565435,4,2,0.0184577522559474,4.29,1.0,0.0
MA010120220806565517,5,1,0.0123051681706316,0.0,1.0,0.0
MA010120220806567768,5,5,0.2707136997538966,4.38,1.0,0.0
MA010120220806567817,5,5,0.8634126333059886,3.835,1.0,0.0
MA010120220806567953,5,2,0.0184577522559474,4.805,1.0,0.0
MA010120220806568028,5,1,0.0143560295324036,4.234999999999999,1.0,0.0
MA010120220806568029,5,0,0.0,0.0,1.0,0.0
MA010120220806570357,1,2,0.0205086136177194,0.0,1.0,0.0
MA010120220806570363,5,5,0.2789171452009844,3.815,0.0,0.0
MA010120220806570629,5,3,0.0799835931091058,3.8,1.0,1.0
MA010120220806571178,5,3,0.0512715340442986,3.8,1.0,1.0
MA010120220806571240,5,1,0.0123051681706316,1.8,1.0,0.0
MA010120220806571356,5,2,0.0328137817883511,4.73,1.0,0.0
MA010120220806573973,4,1,0.0020508613617719,0.0,1.0,0.0
MA010120220806574754,5,0,0.0,0.0,1.0,0.0
MA010120220806575480,5,0,0.0,0.0,1.0,0.0
MA010120220806576192,5,2,0.0246103363412633,4.59,1.0,0.0
MA010120220806576575,5,0,0.0,0.0,1.0,0.0
MA010120220806576685,5,2,0.0164068908941755,5.0,1.0,0.0
MA010120220806578629,5,2,0.0225594749794913,4.015000000000001,1.0,0.0
MA010120220806579234,5,1,0.0082034454470877,4.33,1.0,0.0
MA010120220806579603,5,1,0.0123051681706316,4.825,1.0,1.0
MA010120220806580257,5,2,0.0369155045118949,4.66,0.0,1.0
MA010120220806580984,1,5,0.2666119770303527,4.7,1.0,0.0
MA010120220806581079,4,2,0.0266611977030352,4.1,1.0,0.0
MA010120220806582851,5,1,0.0082034454470877,5.0,1.0,0.0
MA010120220806585618,5,5,1.025430680885972,4.23,1.0,0.0
MA010120220806586409,5,4,0.2317473338802297,4.3,1.0,1.0
MA010120220806588060,5,3,0.0820344544708777,4.57,1.0,0.0
MA010120220806588177,5,1,0.0041017227235438,4.54,0.0,1.0
MA010120220806588396,5,2,0.0225594749794913,0.0,1.0,0.0
MA010120220806590555,5,4,0.1025430680885972,4.3,1.0,0.0
MA010120220806590955,5,5,0.404019688269073,4.5,1.0,0.0
MA010120220806591351,5,2,0.0225594749794913,4.54,1.0,1.0
MA010120220806592526,5,2,0.0328137817883511,4.845000000000001,1.0,0.0
MA010120220806592924,5,3,0.0512715340442986,4.73,1.0,0.0
MA010120220806593976,1,0,0.0,0.0,1.0,0.0
MA010120220806594570,5,0,0.0,0.0,0.0,0.0
MA010120220806595864,5,0,0.0,4.45,1.0,0.0
MA010120220806600385,1,0,0.0,0.0,1.0,0.0
MA010120220806601223,5,1,0.0123051681706316,4.585,0.0,0.0
MA010120220806601581,5,3,0.0697292863002461,4.685,1.0,0.0
MA010120220806601695,5,1,0.0041017227235438,0.0,1.0,0.0
MA010120220806606014,5,2,0.034864643150123,4.745,1.0,0.0
MA010120220806606656,5,3,0.0533223954060705,4.529999999999999,1.0,0.0
MA010120220806606877,5,4,0.254306808859721,4.199999999999999,1.0,1.0
MA010120220806607813,5,1,0.0041017227235438,0.0,1.0,0.0
MA010120220806607849,5,5,0.773174733388023,0.0,1.0,1.0
MA010120220806608411,5,5,0.3527481542247744,4.73,0.0,0.0
MA010120220806608586,5,1,0.0061525840853158,4.51,1.0,0.0
MA010120220806609849,5,0,0.0,0.0,1.0,1.0
MA010120220806610055,5,0,0.0,0.0,1.0,0.0
MA010120220806610132,5,0,0.0,0.0,0.0,0.0
MA010120220806612106,1,0,0.0,0.0,0.0,0.0
MA010120220806615852,5,2,0.0225594749794913,4.6,1.0,0.0
MA010120220806616215,5,2,0.0184577522559474,4.7,1.0,0.0
MA010120220806619094,5,2,0.0287120590648072,4.875,1.0,0.0
MA010120220806619252,5,1,0.0061525840853158,4.7,1.0,0.0
MA010120220806619534,5,0,0.0,0.0,1.0,0.0
MA010120220806619618,5,2,0.0184577522559474,4.35,1.0,0.0
MA010120220806620046,5,0,0.0,0.0,1.0,0.0
MA010120220806620084,5,1,0.0102543068088597,5.0,1.0,0.0
MA010120220806621087,5,3,0.0594749794913863,4.365,1.0,1.0
MA010120220806621113,5,2,0.0307629204265791,1.9,1.0,0.0
MA010120220806621226,1,3,0.0820344544708777,4.37,1.0,0.0
MA010120220806624599,5,0,0.0,0.0,1.0,0.0
MA010120220806625884,5,5,1.2202625102543068,2.9,1.0,0.0
MA010120220806626583,5,4,0.108695652173913,5.0,1.0,0.0
MA010120220806627269,5,4,0.2153404429860541,4.6,1.0,0.0
MA010120220806628160,5,4,0.1681706316652994,4.23,1.0,0.0
MA010120220806628410,5,1,0.0123051681706316,0.0,1.0,1.0
MA010120220806628745,5,2,0.0225594749794913,4.9350000000000005,1.0,1.0
MA010120220806628876,5,1,0.0102543068088597,4.0,1.0,0.0
MA010120220806629164,5,0,0.0,0.0,1.0,0.0
MA010120220806629356,5,5,0.6542247744052503,4.75,1.0,0.0
MA010120220806631441,5,5,0.8880229696472519,3.74,0.0,0.0
MA010120220806633495,5,1,0.0123051681706316,4.705,1.0,0.0
MA010120220806635801,5,5,0.440935192780968,0.0,1.0,1.0
MA010120220806635834,5,0,0.0,0.0,1.0,0.0
MA010120220806636263,5,3,0.0594749794913863,4.745,1.0,0.0
MA010120220806636749,5,0,0.0,0.0,0.0,1.0
MA010120220806637157,5,2,0.0287120590648072,3.0,1.0,0.0
MA010120220806637970,5,4,0.0984413453650533,4.9,1.0,0.0
MA010120220806638387,5,2,0.0369155045118949,3.0,1.0,0.0
MA010120220806639513,5,5,0.3814602132895816,4.72,1.0,0.0
MA010120220806640027,5,4,0.1599671862182116,3.6,1.0,0.0
MA010120220806641022,5,3,0.0902378999179655,3.8,1.0,1.0
MA010120220806641906,5,1,0.0102543068088597,0.0,1.0,0.0
MA010120220806642145,5,3,0.0410172272354388,4.52,1.0,0.0
MA010120220806643628,5,0,0.0,0.0,1.0,0.0
MA010120220806645026,1,0,0.0,0.0,0.0,0.0
MA010120220806646196,5,1,0.0061525840853158,4.0,1.0,1.0
MA010120220806647746,5,4,0.1251025430680886,4.65,1.0,1.0
MA010120220806648544,5,1,0.0143560295324036,3.7,1.0,0.0
MA010120220806649041,5,4,0.182526661197703,4.2,1.0,1.0
MA010120220806649064,5,3,0.0779327317473338,4.720000000000001,1.0,0.0
MA010120220806649551,5,3,0.0697292863002461,4.9,1.0,0.0
MA010120220806650824,5,2,0.034864643150123,4.025,1.0,0.0
MA010120220806651183,5,2,0.0164068908941755,4.705,1.0,0.0
MA010120220806651519,5,2,0.0164068908941755,4.109999999999999,1.0,0.0
MA010120220806652344,5,4,0.1866283839212469,3.7,1.0,0.0
MA010120220806653613,5,0,0.0,0.0,1.0,0.0
MA010120220806653727,5,1,0.0102543068088597,4.5,1.0,0.0
MA010120220806653993,5,4,0.1168990976210008,4.265000000000001,0.0,0.0
MA010120220806657703,5,0,0.0,0.0,1.0,0.0
MA010120220806657975,5,3,0.0533223954060705,4.025,1.0,0.0
MA010120220806658531,5,3,0.0656275635767022,2.6,1.0,0.0
MA010120220806658687,5,2,0.0205086136177194,5.0,1.0,0.0
MA010120220806659079,5,0,0.0,0.0,1.0,0.0
MA010120220806659570,5,1,0.0123051681706316,4.21,1.0,0.0
MA010120220806660511,5,4,0.2112387202625102,4.675,1.0,0.0
MA010120220806660520,5,5,0.8018867924528301,4.6,1.0,0.0
MA010120220806661615,5,3,0.0574241181296144,4.225,1.0,0.0
MA010120220806663630,5,1,0.0041017227235438,4.75,1.0,0.0
MA010120220806664407,1,0,0.0,0.0,1.0,0.0
MA010120220806664965,5,0,0.0,0.0,1.0,0.0
MA010120220806664986,1,1,0.0020508613617719,2.75,1.0,0.0
MA010120220806666078,5,5,1.025430680885972,4.0600000000000005,0.0,0.0
MA010120220806666210,5,5,0.4552912223133716,4.49,1.0,0.0
MA010120220806666628,5,3,0.0430680885972108,2.8,1.0,0.0
MA010120220806668593,5,4,0.0922887612797374,4.27,1.0,0.0
MA010120220806669026,5,0,0.0,4.17,1.0,0.0
MA010120220806669200,5,0,0.0,0.0,1.0,0.0
MA010120220806669514,5,5,1.1505332239540609,3.9,1.0,0.0
MA010120220806669878,1,4,0.2091878589007383,4.69,1.0,0.0
MA010120220806670395,5,5,0.438884331419196,4.48,0.0,0.0
MA010120220806671099,5,5,0.9741591468416736,4.75,1.0,0.0
MA010120220806671357,5,0,0.0,0.0,1.0,0.0
MA010120220806672464,5,5,1.944216570959803,4.1,0.0,0.0
MA010120220806672651,5,2,0.0225594749794913,4.0,1.0,0.0
MA010120220806673079,5,2,0.0369155045118949,4.73,1.0,0.0
MA010120220806674167,5,2,0.0307629204265791,4.5,1.0,0.0
MA010120220806674276,5,5,2.1903199343724364,4.785,1.0,0.0
MA010120220806674731,5,1,0.0020508613617719,5.0,1.0,0.0
MA010120220806677482,5,0,0.0,0.0,1.0,0.0
MA010120220806677622,5,1,0.0061525840853158,0.0,1.0,0.0
MA010120220806678318,5,0,0.0,0.0,1.0,0.0
MA010120220806678997,5,3,0.0615258408531583,4.48,1.0,0.0
MA010120220806679646,5,5,0.2994257588187038,3.8,1.0,0.0
MA010120220806679871,5,3,0.0697292863002461,5.0,1.0,0.0
MA010120220806681654,5,5,0.4881050041017227,4.4,0.0,1.0
MA010120220806681991,5,5,0.6111566858080394,4.83,1.0,1.0
MA010120220806682799,5,5,0.7403609515996719,0.0,1.0,0.0
MA010120220806684473,5,2,0.034864643150123,3.4,1.0,0.0
MA010120220806684816,4,3,0.0656275635767022,4.21,1.0,1.0
MA010120220806684938,5,3,0.0389663658736669,4.5,1.0,0.0
MA010120220806685535,1,5,1.099261689909762,3.5,1.0,0.0
MA010120220806686608,5,3,0.0451189499589827,4.815,1.0,0.0
MA010120220806688207,5,5,0.3568498769483183,4.529999999999999,1.0,0.0
MA010120220806688309,5,3,0.0594749794913863,4.705,1.0,0.0
MA010120220806689162,5,4,0.1230516817063166,4.695,1.0,1.0
MA010120220806689213,5,3,0.0553732567678424,0.0,1.0,0.0
MA010120220806689333,5,1,0.0041017227235438,0.0,1.0,0.0
MA010120220806690131,5,5,0.3178835110746513,4.7,1.0,0.0
MA010120220806690968,5,2,0.0328137817883511,4.88,1.0,0.0
MA010120220806696567,5,1,0.0123051681706316,4.865,0.0,0.0
MA010120220806700247,5,3,0.0656275635767022,2.955,0.0,0.0
MA010120220806701112,5,4,0.1045939294503691,4.3100000000000005,1.0,0.0
MA010120220806701232,5,1,0.0082034454470877,4.3,1.0,0.0
MA010120220806701648,5,0,0.0,0.0,1.0,0.0
MA010120220806702133,5,2,0.0225594749794913,4.63,1.0,0.0
MA010120220806703224,5,1,0.0020508613617719,0.0,1.0,1.0
MA010120220806703912,5,4,0.219442165709598,4.46,1.0,0.0
MA010120220806706279,5,0,0.0,0.0,1.0,0.0
MA010120220806706747,5,2,0.0266611977030352,4.48,1.0,0.0
MA010120220806709791,5,4,0.1045939294503691,4.3,1.0,0.0
MA010120220806710107,5,4,0.182526661197703,4.425,0.0,0.0
MA010120220806710419,5,5,0.3527481542247744,4.6,0.0,0.0
MA010120220806711542,5,5,0.3937653814602133,4.205,1.0,1.0
MA010120220806714640,5,0,0.0,0.0,1.0,0.0
MA010120220806714864,5,1,0.0102543068088597,4.2,1.0,1.0
MA010120220806715088,5,0,0.0,0.0,1.0,0.0
MA010120220806717846,5,3,0.0574241181296144,4.825,1.0,0.0
MA010120220806719604,5,3,0.0389663658736669,3.43,1.0,0.0
MA010120220806721045,5,3,0.0779327317473338,4.390000000000001,1.0,0.0
MA010120220806723418,5,4,0.1743232157506152,3.315,1.0,0.0
MA010120220806723927,5,4,0.1066447908121411,4.5,1.0,0.0
MA010120220806724152,5,0,0.0,0.0,1.0,0.0
MA010120220806724354,5,1,0.0061525840853158,0.0,1.0,0.0
MA010120220806724832,5,0,0.0,0.0,0.0,0.0
MA010120220806724841,5,0,0.0,0.0,1.0,0.0
MA010120220806724927,5,0,0.0,4.42,1.0,0.0
MA010120220806725185,1,3,0.0553732567678424,0.0,1.0,0.0
MA010120220806726258,5,3,0.0574241181296144,3.92,1.0,0.0
MA010120220806726600,5,3,0.0574241181296144,3.7,1.0,1.0
MA010120220806726719,5,2,0.0184577522559474,3.0,1.0,1.0
MA010120220806726902,5,0,0.0,0.0,1.0,0.0
MA010120220806727161,5,4,0.1251025430680886,4.6,1.0,0.0
MA010120220806730551,5,5,0.2871205906480722,4.045,0.0,0.0
MA010120220806731495,5,5,0.7567678424938474,4.59,1.0,0.0
MA010120220806732805,5,0,0.0,0.0,1.0,0.0
MA010120220806733233,5,2,0.0307629204265791,4.734999999999999,1.0,0.0
MA010120220806734542,5,4,0.0943396226415094,5.0,1.0,0.0
MA010120220806738200,5,0,0.0,0.0,1.0,0.0
MA010120220806738397,5,3,0.0758818703855619,4.355,1.0,0.0
MA010120220806738859,5,4,0.1353568498769483,3.2,1.0,1.0
MA010120220806740945,5,5,0.5557834290401968,4.9,1.0,0.0
MA010120220806741717,5,4,0.182526661197703,4.65,0.0,0.0
MA010120220806742030,5,0,0.0,0.0,1.0,0.0
MA010120220806742062,5,5,1.072600492206727,4.34,1.0,0.0
MA010120220806743112,5,5,1.5976210008203444,4.075,1.0,0.0
MA010120220806743842,5,3,0.0820344544708777,3.405,1.0,0.0
MA010120220806743878,5,1,0.0020508613617719,3.0,1.0,0.0
MA010120220806747520,5,2,0.0205086136177194,3.7,1.0,0.0
MA010120220806748022,5,0,0.0,0.0,1.0,0.0
MA010120220806748138,4,2,0.034864643150123,2.935,1.0,0.0
MA010120220806748737,5,4,0.1579163248564397,4.695,1.0,1.0
MA010120220806748768,5,5,0.3794093519278096,4.765000000000001,1.0,1.0
MA010120220806748810,5,3,0.0574241181296144,3.9,1.0,0.0
MA010120220806750334,5,5,0.6808859721082855,4.1,1.0,0.0
MA010120220806750530,5,0,0.0,0.0,1.0,1.0
MA010120220806750844,5,5,0.6009023789991796,4.58,0.0,0.0
MA010120220806752131,5,4,0.1661197703035274,5.0,1.0,0.0
MA010120220806753638,4,4,0.2296964725184577,4.0,1.0,0.0
MA010120220806754141,5,5,0.3691550451189499,4.505000000000001,1.0,0.0
MA010120220806758465,1,4,0.2378999179655455,4.8,1.0,1.0
MA010120220806760160,5,2,0.0246103363412633,3.845,1.0,0.0
MA010120220806760264,5,1,0.0082034454470877,4.695,1.0,1.0
MA010120220806760422,5,4,0.1681706316652994,2.6,1.0,0.0
MA010120220806760736,5,0,0.0,4.58,0.0,0.0
MA010120220806762131,1,3,0.0738310090237899,0.0,1.0,0.0
MA010120220806762267,5,3,0.0533223954060705,4.515000000000001,1.0,0.0
MA010120220806764276,5,0,0.0,0.0,1.0,0.0
MA010120220806764390,5,5,0.5045118949958983,4.75,1.0,0.0
MA010120220806765135,5,5,0.3137817883511074,3.965,1.0,1.0
MA010120220806765649,5,1,0.0020508613617719,1.0,0.0,0.0
MA010120220806767393,5,5,0.3732567678424938,4.57,0.0,0.0
MA010120220806767813,5,2,0.0205086136177194,4.5,1.0,0.0
MA010120220806768485,4,4,0.2420016406890894,4.625,0.0,0.0
MA010120220806772685,5,3,0.0881870385561936,4.9,1.0,0.0
MA010120220806773664,4,2,0.0307629204265791,4.8,1.0,1.0
MA010120220806775019,5,0,0.0,0.0,1.0,0.0
MA010120220806775282,5,5,1.913453650533224,4.42,0.0,1.0
MA010120220806776003,1,5,0.8039376538146021,0.0,0.0,0.0
MA010120220806777617,5,3,0.0471698113207547,4.455,1.0,0.0
MA010120220806781828,4,3,0.0430680885972108,4.33,0.0,0.0
MA010120220806782515,5,1,0.0123051681706316,3.3,0.0,0.0
MA010120220806783515,5,2,0.0307629204265791,0.0,1.0,0.0
MA010120220806783531,1,3,0.0533223954060705,3.8,1.0,0.0
MA010120220806784052,5,4,0.1476620180475799,3.6,1.0,0.0
MA010120220806784913,5,0,0.0,0.0,1.0,0.0
MA010120220806785155,5,4,0.0943396226415094,4.2,1.0,0.0
MA010120220806785274,5,0,0.0,0.0,1.0,0.0
MA010120220806786599,5,0,0.0,0.0,0.0,0.0
MA010120220806787029,5,2,0.0369155045118949,4.23,1.0,1.0
MA010120220806787242,5,1,0.0020508613617719,0.0,1.0,1.0
MA010120220806787800,5,1,0.0102543068088597,4.4,1.0,0.0
MA010120220806788305,5,3,0.0861361771944216,4.42,1.0,0.0
MA010120220806788572,1,5,0.5229696472518458,4.74,1.0,0.0
MA010120220806788776,5,4,0.1107465135356849,4.135,1.0,0.0
MA010120220806789789,5,0,0.0,0.0,1.0,0.0
MA010120220806790353,5,5,0.3547990155865463,4.76,1.0,0.0
MA010120220806792019,5,5,0.477850697292863,4.23,1.0,0.0
MA010120220806793213,5,2,0.0225594749794913,4.24,0.0,0.0
MA010120220806794354,1,5,0.4142739950779328,4.55,0.0,0.0
MA010120220806796945,5,1,0.0143560295324036,4.1450000000000005,1.0,0.0
MA010120220806797183,5,1,0.0102543068088597,4.4,1.0,0.0
MA010120220806798039,5,0,0.0,0.0,1.0,0.0
MA010120220806800899,5,0,0.0,0.0,1.0,0.0
MA010120220806801868,5,0,0.0,0.0,1.0,0.0
MA010120220806801913,5,4,0.182526661197703,4.6850000000000005,1.0,0.0
MA010120220806807072,5,3,0.0533223954060705,4.205,1.0,0.0
MA010120220806807200,5,2,0.0266611977030352,4.5,1.0,0.0
MA010120220806807319,5,0,0.0,0.0,0.0,0.0
MA010120220806808320,5,3,0.0758818703855619,4.9,1.0,1.0
MA010120220806808469,5,5,1.843724364232978,4.68,1.0,0.0
MA010120220806809586,5,4,0.1722723543888433,4.535,1.0,0.0
MA010120220806810367,5,3,0.071780147662018,4.545,1.0,0.0
MA010120220806811018,5,5,0.5229696472518458,4.64,1.0,0.0
MA010120220806811075,5,1,0.0143560295324036,3.8,1.0,0.0
MA010120220806811588,5,5,0.5373256767842494,0.0,1.0,0.0
MA010120220806814642,5,2,0.0225594749794913,4.69,1.0,0.0
MA010120220806815309,5,1,0.0041017227235438,3.0,1.0,0.0
MA010120220806815324,5,4,0.2214930270713699,3.3,1.0,0.0
MA010120220806816916,5,1,0.0061525840853158,2.7,0.0,0.0
MA010120220806817056,5,5,0.623461853978671,2.8,1.0,1.0
MA010120220806819197,1,0,0.0,0.0,1.0,0.0
MA010120220806819576,5,0,0.0,0.0,1.0,0.0
MA010120220806820598,5,3,0.0533223954060705,5.0,0.0,0.0
MA010120220806821773,5,2,0.0225594749794913,4.32,1.0,0.0
MA010120220806822975,5,2,0.0164068908941755,0.0,1.0,0.0
MA010120220806823848,5,1,0.0082034454470877,4.34,1.0,0.0
MA010120220806825161,4,0,0.0,0.0,1.0,0.0
MA010120220806828137,5,5,0.5578342904019689,3.9,1.0,0.0
MA010120220806828228,5,0,0.0,0.0,1.0,0.0
MA010120220806828234,5,3,0.0533223954060705,0.0,0.0,1.0
MA010120220806828259,4,2,0.0205086136177194,5.0,1.0,0.0
MA010120220806829743,5,1,0.0020508613617719,5.0,1.0,0.0
MA010120220806831822,5,2,0.034864643150123,4.9,1.0,0.0
MA010120220806832153,5,2,0.0225594749794913,3.7,1.0,0.0
MA010120220806832204,5,3,0.0779327317473338,4.9,1.0,0.0
MA010120220806832348,4,1,0.0041017227235438,5.0,1.0,0.0
MA010120220806832899,1,4,0.219442165709598,1.6,1.0,0.0
MA010120220806834402,5,2,0.0266611977030352,3.8,1.0,1.0
MA010120220806834995,5,5,0.2604593929450369,0.0,1.0,0.0
MA010120220806835658,5,5,0.6398687448728466,3.74,1.0,0.0
MA010120220806837418,5,2,0.034864643150123,3.95,1.0,0.0
MA010120220806837662,5,1,0.0041017227235438,3.0,1.0,0.0
MA010120220806838361,5,5,1.0192780968006565,4.734999999999999,0.0,0.0
MA010120220806838550,5,1,0.0102543068088597,4.42,1.0,0.0
MA010120220806839050,5,5,0.4286300246103363,3.455,1.0,0.0
MA010120220806839786,5,1,0.0143560295324036,3.6,1.0,0.0
MA010120220806843399,5,2,0.0287120590648072,3.4,1.0,0.0
MA010120220806844766,5,1,0.0102543068088597,4.4,1.0,0.0
MA010120220806845408,5,4,0.1681706316652994,3.9,0.0,1.0
MA010120220806846805,5,5,0.4552912223133716,4.275,0.0,0.0
MA010120220806847234,5,3,0.0410172272354388,4.7,1.0,0.0
MA010120220806847362,5,1,0.0102543068088597,4.0,1.0,0.0
MA010120220806847660,5,1,0.0082034454470877,4.0,1.0,0.0
MA010120220806847778,5,4,0.108695652173913,3.245,1.0,0.0
MA010120220806848498,5,1,0.0102543068088597,4.37,1.0,0.0
MA010120220806848652,5,1,0.0123051681706316,4.55,0.0,0.0
MA010120220806848914,5,2,0.0205086136177194,4.6,0.0,0.0
MA010120220806849648,5,1,0.0123051681706316,4.0,1.0,0.0
MA010120220806849729,5,4,0.1804757998359311,4.59,1.0,0.0
MA010120220806849881,5,1,0.0061525840853158,2.75,1.0,0.0
MA010120220806852087,1,1,0.0061525840853158,0.0,1.0,0.0
MA010120220806852710,4,1,0.0020508613617719,0.0,0.0,0.0
MA010120220806853118,5,4,0.1907301066447908,4.35,0.0,0.0
MA010120220806854290,5,3,0.0512715340442986,5.0,1.0,1.0
MA010120220806855126,5,0,0.0,0.0,0.0,0.0
MA010120220806855134,4,0,0.0,0.0,1.0,0.0
MA010120220806855400,5,0,0.0,0.0,1.0,0.0
MA010120220806855468,5,0,0.0,0.0,1.0,0.0
MA010120220806855530,5,0,0.0,0.0,1.0,0.0
MA010120220806855714,1,4,0.1640689089417555,4.53,1.0,1.0
MA010120220806857664,5,3,0.0574241181296144,3.9,1.0,0.0
MA010120220806859200,5,0,0.0,0.0,1.0,0.0
MA010120220806860365,5,5,1.0849056603773586,4.33,0.0,0.0
MA010120220806860585,5,5,0.6173092698933552,4.6,1.0,0.0
MA010120220806860653,5,4,0.1599671862182116,4.86,1.0,0.0
MA010120220806860993,5,4,0.2050861361771944,3.1,1.0,0.0
MA010120220806862832,5,5,1.7780968006562756,3.5,1.0,0.0
MA010120220806863445,5,3,0.0779327317473338,3.855,0.0,0.0
MA010120220806866239,5,5,1.0869565217391304,4.2,1.0,1.0
MA010120220806866804,5,0,0.0,0.0,1.0,0.0
MA010120220806866918,5,5,0.4716981132075472,4.815,1.0,1.0
MA010120220806866967,1,1,0.0123051681706316,0.0,1.0,0.0
MA010120220806871916,1,4,0.2132895816242822,4.609999999999999,1.0,1.0
MA010120220806873419,5,1,0.0082034454470877,4.0,1.0,0.0
MA010120220806874347,5,0,0.0,0.0,1.0,0.0
MA010120220806874386,1,5,0.6029532403609515,3.8,1.0,1.0
MA010120220806877307,5,5,0.3363412633305989,2.0,1.0,0.0
MA010120220806877309,5,0,0.0,0.0,1.0,0.0
MA010120220806877589,5,4,0.1538146021328958,3.23,1.0,0.0
MA010120220806879082,5,5,0.6562756357670221,0.0,0.0,0.0
MA010120220806880390,5,2,0.0266611977030352,3.8,1.0,0.0
MA010120220806880456,1,0,0.0,0.0,1.0,0.0
MA010120220806880475,5,0,0.0,0.0,1.0,0.0
MA010120220806880850,5,2,0.0205086136177194,3.79,1.0,1.0
MA010120220806880952,5,1,0.0123051681706316,4.025,1.0,0.0
MA010120220806881542,4,0,0.0,0.0,1.0,0.0
MA010120220806881786,5,3,0.071780147662018,3.565,0.0,1.0
MA010120220806881833,5,4,0.2030352748154225,4.2,1.0,1.0
MA010120220806882738,1,4,0.2502050861361772,4.609999999999999,1.0,0.0
MA010120220806882876,1,0,0.0,0.0,0.0,0.0
MA010120220806883318,5,2,0.0225594749794913,4.43,0.0,0.0
MA010120220806883422,5,1,0.0020508613617719,0.0,1.0,0.0
MA010120220806883778,5,5,0.3630024610336341,4.475,1.0,0.0
MA010120220806884919,5,5,0.4183757178014766,4.44,1.0,0.0
MA010120220806884933,5,1,0.0020508613617719,4.37,1.0,0.0
MA010120220806885118,1,0,0.0,0.0,1.0,0.0
MA010120220806888941,5,3,0.0902378999179655,0.0,1.0,0.0
MA010120220806889907,1,4,0.2235438884331419,3.555,1.0,0.0
MA010120220806892609,5,5,0.2789171452009844,3.715,1.0,0.0
MA010120220806893334,5,5,0.951599671862182,4.39,1.0,0.0
MA010120220806895557,5,0,0.0,0.0,1.0,0.0
MA010120220806899023,5,3,0.0553732567678424,4.58,1.0,0.0
MA010120220806900604,5,5,1.1894995898277276,4.85,1.0,0.0
MA010120220806900883,5,3,0.0635767022149302,4.9,1.0,0.0
MA010120220806901006,5,5,0.6132075471698113,0.0,1.0,0.0
MA010120220806902167,5,4,0.1927809680065627,4.275,1.0,0.0
MA010120220806902444,5,2,0.0205086136177194,4.5,1.0,0.0
MA010120220806902524,5,5,0.4675963904840033,4.6,0.0,1.0
MA010120220806903110,5,1,0.0041017227235438,5.0,1.0,0.0
MA010120220806903273,5,1,0.0082034454470877,0.0,1.0,0.0
MA010120220806903716,5,0,0.0,0.0,0.0,0.0
MA010120220806903822,5,5,0.4675963904840033,4.35,0.0,1.0
MA010120220806905770,5,5,0.3199343724364233,4.0200000000000005,1.0,0.0
MA010120220806905812,1,5,0.3383921246923708,4.51,1.0,0.0
MA010120220806907453,5,1,0.0143560295324036,5.0,1.0,0.0
MA010120220806908286,5,3,0.0594749794913863,4.4,1.0,0.0
MA010120220806908623,5,1,0.0020508613617719,0.0,1.0,0.0
MA010120220806910560,5,3,0.0410172272354388,4.2,1.0,0.0
MA010120220806911076,5,3,0.071780147662018,4.8,1.0,1.0
MA010120220806911171,5,1,0.0102543068088597,4.725,1.0,0.0
MA010120220806913713,5,4,0.1168990976210008,4.77,1.0,1.0
MA010120220806915814,5,0,0.0,0.0,1.0,0.0
MA010120220806916926,5,4,0.219442165709598,0.0,1.0,0.0
MA010120220806917474,5,3,0.0697292863002461,4.26,1.0,0.0
MA010120220806918937,1,5,0.3630024610336341,5.0,1.0,0.0
MA010120220806919972,5,2,0.0328137817883511,4.0,1.0,0.0
MA010120220806920060,5,5,0.5455291222313372,4.355,1.0,0.0
MA010120220806920265,5,2,0.0307629204265791,3.4,1.0,0.0
MA010120220806921905,5,4,0.2030352748154225,4.9,1.0,1.0
MA010120220806922213,5,2,0.0246103363412633,3.0,1.0,0.0
MA010120220806922666,5,4,0.1066447908121411,4.5,1.0,0.0
MA010120220806923098,5,2,0.0164068908941755,4.795,1.0,0.0
MA010120220806924028,5,4,0.1907301066447908,3.56,1.0,0.0
MA010120220806924412,5,4,0.2420016406890894,5.0,1.0,1.0
MA010120220806925462,5,0,0.0,0.0,1.0,0.0
MA010120220806927039,5,5,1.140278917145201,4.345000000000001,0.0,0.0
MA010120220806927806,5,5,1.333059885151764,4.655,1.0,1.0
MA010120220806928741,5,2,0.0225594749794913,4.055,1.0,0.0
MA010120220806929727,5,5,0.810090237899918,4.615,1.0,0.0
MA010120220806931405,5,2,0.034864643150123,4.3,0.0,0.0
MA010120220806932875,5,0,0.0,4.57,1.0,0.0
MA010120220806933462,5,5,0.955701394585726,4.56,1.0,1.0
MA010120220806933476,5,3,0.0553732567678424,4.495,0.0,0.0
MA010120220806933903,5,2,0.0246103363412633,4.87,1.0,0.0
MA010120220806937555,5,3,0.0656275635767022,3.625,1.0,1.0
MA010120220806937978,1,2,0.0369155045118949,4.6,1.0,0.0
MA010120220806939675,5,2,0.0328137817883511,5.0,1.0,0.0
MA010120220806939951,5,4,0.1333059885151763,4.38,1.0,0.0
MA010120220806940424,5,3,0.0512715340442986,3.61,1.0,0.0
MA010120220806940844,1,2,0.0328137817883511,0.0,1.0,0.0
MA010120220806941131,5,3,0.0820344544708777,4.62,1.0,1.0
MA010120220806942071,1,3,0.0553732567678424,2.9,1.0,0.0
MA010120220806942996,5,5,1.5155865463494669,4.1,1.0,0.0
MA010120220806943074,5,1,0.0020508613617719,4.25,0.0,0.0
MA010120220806945587,5,2,0.0369155045118949,4.73,1.0,1.0
MA010120220806945882,5,0,0.0,0.0,0.0,0.0
MA010120220806945925,5,2,0.0225594749794913,5.0,0.0,0.0
MA010120220806947081,5,2,0.0307629204265791,4.9,1.0,0.0
MA010120220806947406,5,2,0.0184577522559474,2.0,1.0,0.0
MA010120220806949150,5,4,0.1333059885151763,4.455,1.0,0.0
MA010120220806949991,5,4,0.1230516817063166,4.88,0.0,0.0
MA010120220806950615,5,4,0.1968826907301066,4.1,1.0,0.0
MA010120220806952832,5,1,0.0020508613617719,0.0,1.0,0.0
MA010120220806956045,1,0,0.0,0.0,1.0,0.0
MA010120220806959023,4,5,1.800656275635767,4.755,1.0,0.0
MA010120220806959383,5,2,0.034864643150123,3.5650000000000004,1.0,0.0
MA010120220806961243,5,2,0.0246103363412633,3.5,1.0,0.0
MA010120220806961310,5,5,0.918785890073831,4.345000000000001,1.0,1.0
MA010120220806961526,5,3,0.0553732567678424,3.505,1.0,0.0
MA010120220806963077,5,4,0.2337981952420016,4.3,1.0,0.0
MA010120220806964063,5,3,0.0430680885972108,5.0,1.0,0.0
MA010120220806964255,5,0,0.0,0.0,1.0,0.0
MA010120220806964449,5,4,0.1702214930270713,2.6,1.0,0.0
MA010120220806967728,5,3,0.0697292863002461,4.4,1.0,0.0
MA010120220806968454,5,4,0.1415094339622641,5.0,1.0,0.0
MA010120220806968720,5,4,0.1640689089417555,4.7,0.0,0.0
MA010120220806968986,5,1,0.0020508613617719,3.0,1.0,0.0
MA010120220806970302,5,2,0.0328137817883511,5.0,1.0,0.0
MA010120220806970924,5,1,0.0082034454470877,4.734999999999999,0.0,0.0
MA010120220806971660,5,3,0.0533223954060705,4.37,1.0,0.0
MA010120220806971661,5,2,0.0266611977030352,5.0,1.0,0.0
MA010120220806972969,5,1,0.0143560295324036,4.59,1.0,0.0
MA010120220806972989,5,3,0.0656275635767022,4.87,1.0,1.0
MA010120220806977714,5,3,0.0512715340442986,4.13,1.0,0.0
MA010120220806977982,5,0,0.0,0.0,0.0,0.0
MA010120220806978667,5,1,0.0020508613617719,5.0,1.0,0.0
MA010120220806979485,5,5,0.3322395406070549,4.3,1.0,1.0
MA010120220806979681,5,2,0.0287120590648072,4.9,1.0,0.0
MA010120220806980108,5,0,0.0,4.08,1.0,0.0
MA010120220806981591,5,3,0.0840853158326497,4.6,1.0,0.0
MA010120220806981667,5,2,0.0246103363412633,4.615,1.0,0.0
MA010120220806981880,5,2,0.0225594749794913,3.775,1.0,1.0
MA010120220806982481,5,4,0.1804757998359311,5.0,0.0,0.0
MA010120220806982869,5,2,0.034864643150123,4.67,1.0,0.0
MA010120220806984219,5,0,0.0,0.0,1.0,0.0
MA010120220806984359,5,4,0.0963904840032813,5.0,1.0,0.0
MA010120220806985923,5,5,0.3158326497128794,4.39,1.0,1.0
MA010120220806986588,1,5,0.9782608695652174,4.23,0.0,0.0
MA010120220806989276,5,2,0.0369155045118949,0.0,0.0,0.0
MA010120220806990178,5,5,0.8490566037735848,4.32,1.0,0.0
MA010120220806991297,5,0,0.0,0.0,0.0,0.0
MA010120220806992172,5,3,0.0533223954060705,2.8,1.0,0.0
MA010120220806994539,5,3,0.0533223954060705,3.425,1.0,1.0
MA010120220806995142,5,2,0.0246103363412633,2.5,1.0,0.0
MA010120220806995459,5,3,0.0430680885972108,3.955,1.0,0.0
MA010120220806996030,5,0,0.0,4.73,1.0,0.0
MA010120220806998404,5,4,0.1661197703035274,4.73,0.0,1.0
MA010120220806999036,5,5,0.5557834290401968,4.29,1.0,0.0
MA010120220806999501,5,3,0.0471698113207547,4.5,1.0,0.0
MA010120220807002467,5,2,0.034864643150123,4.3,1.0,0.0
MA010120220807006070,5,1,0.0020508613617719,0.0,1.0,0.0
MA010120220807008212,5,3,0.0738310090237899,4.7,1.0,0.0
MA010120220807009871,5,1,0.0082034454470877,3.0,0.0,0.0
MA010120220807011505,5,2,0.0246103363412633,4.88,1.0,0.0
MA010120220807012604,5,5,0.2748154224774405,4.3,1.0,1.0
MA010120220807014061,5,1,0.0102543068088597,4.58,1.0,0.0
MA010120220807014368,5,5,0.4819524200164068,4.925,1.0,1.0
MA010120220807014497,5,2,0.0369155045118949,4.695,1.0,1.0
MA010120220807014750,5,5,1.622231337161608,4.35,0.0,0.0
MA010120220807015983,5,5,0.916735028712059,4.37,1.0,1.0
MA010120220807017419,5,5,0.4470877768662838,4.395,1.0,0.0
MA010120220807017757,5,2,0.0266611977030352,3.29,0.0,0.0
MA010120220807018780,5,4,0.1579163248564397,2.0,1.0,0.0
MA010120220807019110,5,4,0.1292042657916325,0.0,1.0,0.0
MA010120220807019534,5,1,0.0041017227235438,5.0,1.0,1.0
MA010120220807020444,5,3,0.0594749794913863,4.57,1.0,0.0
MA010120220807020679,5,2,0.0287120590648072,2.1,1.0,0.0
MA010120220807022057,5,4,0.2522559474979491,4.1,1.0,0.0
MA010120220807022749,5,0,0.0,0.0,1.0,0.0
MA010120220807023431,1,0,0.0,0.0,1.0,0.0
MA010120220807023476,5,0,0.0,4.17,1.0,0.0
MA010120220807024045,5,0,0.0,0.0,1.0,0.0
MA010120220807025676,5,1,0.0041017227235438,5.0,1.0,1.0
MA010120220807026048,1,5,0.4675963904840033,3.9,1.0,1.0
MA010120220807026705,5,0,0.0,0.0,1.0,0.0
MA010120220807028843,5,0,0.0,0.0,1.0,0.0
MA010120220807029695,5,2,0.0307629204265791,4.59,1.0,0.0
MA010120220807030132,5,5,0.51681706316653,4.404999999999999,1.0,0.0
MA010120220807030902,5,0,0.0,0.0,1.0,0.0
MA010120220807035518,5,4,0.1353568498769483,4.5,1.0,0.0
MA010120220807035646,5,5,0.3117309269893355,4.6,1.0,1.0
MA010120220807036936,5,1,0.0061525840853158,4.0,0.0,0.0
MA010120220807040088,5,4,0.1476620180475799,4.795,1.0,1.0
MA010120220807043090,5,0,0.0,3.89,0.0,1.0
MA010120220807043673,5,5,0.2768662838392124,4.6850000000000005,1.0,1.0
MA010120220807044019,5,2,0.0246103363412633,0.0,1.0,1.0
MA010120220807045318,4,4,0.1517637407711238,4.0,1.0,1.0
MA010120220807046206,5,1,0.0020508613617719,2.0,1.0,0.0
MA010120220807047888,1,3,0.0594749794913863,0.0,1.0,0.0
MA010120220807048469,5,5,0.2850697292863002,3.96,1.0,0.0
MA010120220807049612,5,4,0.1210008203445447,5.0,1.0,0.0
MA010120220807051217,5,3,0.0492206726825266,3.59,1.0,0.0
MA010120220807052283,5,0,0.0,0.0,1.0,0.0
MA010120220807052518,5,4,0.1763740771123872,4.52,1.0,1.0
MA010120220807053165,5,3,0.0430680885972108,4.48,1.0,0.0
MA010120220807053319,5,3,0.0676784249384741,4.4,1.0,1.0
MA010120220807054083,5,5,0.3199343724364233,4.825,1.0,1.0
MA010120220807055440,5,0,0.0,0.0,0.0,0.0
MA010120220807056135,5,5,0.3055783429040197,4.62,1.0,0.0
MA010120220807056568,1,5,0.9105824446267432,0.0,1.0,0.0
MA010120220807058056,5,2,0.034864643150123,4.345,1.0,0.0
MA010120220807058221,5,0,0.0,0.0,1.0,0.0
MA010120220807059465,1,0,0.0,0.0,1.0,0.0
MA010120220807061097,5,3,0.0471698113207547,4.505,1.0,0.0
MA010120220807061459,5,2,0.0369155045118949,5.0,1.0,0.0
MA010120220807061582,1,3,0.0553732567678424,4.8,0.0,0.0
MA010120220807061863,5,5,0.2809680065627563,3.7,1.0,0.0
MA010120220807064638,5,5,0.7301066447908121,4.9,1.0,0.0
MA010120220807065172,5,5,1.4191960623461854,4.5,1.0,0.0
MA010120220807066575,5,0,0.0,0.0,1.0,0.0
MA010120220807067480,5,2,0.0246103363412633,4.49,0.0,0.0
MA010120220807067887,5,4,0.2358490566037736,4.45,1.0,0.0
MA010120220807068810,5,3,0.0779327317473338,4.8,1.0,0.0
MA010120220807068825,5,4,0.1579163248564397,4.29,1.0,0.0
MA010120220807069096,5,2,0.0205086136177194,4.42,1.0,0.0
MA010120220807069773,5,3,0.0615258408531583,4.54,1.0,0.0
MA010120220807070602,5,2,0.0184577522559474,4.8,1.0,0.0
MA010120220807071205,5,3,0.0471698113207547,3.8,1.0,0.0
MA010120220807072197,5,4,0.1640689089417555,4.69,0.0,0.0
MA010120220807072648,5,5,0.5598851517637408,4.2,1.0,0.0
MA010120220807073632,5,4,0.2481542247744052,0.0,1.0,0.0
MA010120220807073664,5,5,0.6111566858080394,3.7,1.0,0.0
MA010120220807075015,5,3,0.0820344544708777,4.93,1.0,0.0
MA010120220807076163,5,3,0.0594749794913863,3.67,0.0,0.0
MA010120220807077690,5,5,0.3158326497128794,4.4,1.0,0.0
MA010120220807078030,5,4,0.1763740771123872,4.785,1.0,0.0
MA010120220807083496,5,0,0.0,0.0,1.0,0.0
MA010120220807085290,4,4,0.0943396226415094,4.109999999999999,1.0,1.0
MA010120220807085350,5,1,0.0061525840853158,2.3,0.0,0.0
MA010120220807085502,5,3,0.0697292863002461,4.505000000000001,1.0,0.0
MA010120220807085926,5,2,0.0307629204265791,4.39,0.0,0.0
MA010120220807086247,1,3,0.0902378999179655,4.4,0.0,0.0
MA010120220807086257,5,0,0.0,0.0,0.0,0.0
MA010120220807086346,5,4,0.1640689089417555,4.8,1.0,0.0
MA010120220807086366,5,5,0.7301066447908121,4.5,0.0,0.0
MA010120220807086516,5,2,0.0225594749794913,0.0,1.0,0.0
MA010120220807086726,5,1,0.0041017227235438,5.0,1.0,0.0
MA010120220807087759,1,1,0.0061525840853158,0.0,1.0,1.0
MA010120220807089627,1,4,0.1599671862182116,0.0,1.0,0.0
MA010120220807090909,5,5,0.5988515176374077,4.08,0.0,0.0
MA010120220807091173,5,1,0.0041017227235438,5.0,1.0,0.0
MA010120220807092513,5,3,0.0615258408531583,4.06,1.0,1.0
MA010120220807094104,4,2,0.034864643150123,3.8,1.0,0.0
MA010120220807096103,5,0,0.0,0.0,0.0,0.0
MA010120220807096332,1,0,0.0,0.0,0.0,0.0
MA010120220807096457,5,0,0.0,0.0,1.0,0.0
MA010120220807096965,5,5,2.038556193601313,0.0,1.0,0.0
MA010120220807098747,5,0,0.0,0.0,1.0,0.0
MA010120220807099421,1,4,0.1066447908121411,4.1,1.0,0.0
MA010120220807100256,5,1,0.0143560295324036,4.645,1.0,0.0
MA010120220807100611,5,1,0.0082034454470877,3.7,1.0,1.0
MA010120220807101012,5,1,0.0020508613617719,0.0,1.0,0.0
MA010120220807102284,5,4,0.254306808859721,4.63,1.0,0.0
MA010120220807102740,4,2,0.0205086136177194,4.88,1.0,0.0
MA010120220807103163,5,5,0.3896636587366694,0.0,1.0,0.0
MA010120220807105538,5,5,0.877768662838392,4.705,1.0,0.0
MA010120220807106312,5,0,0.0,0.0,1.0,0.0
MA010120220807106532,5,2,0.0205086136177194,2.4,1.0,0.0
MA010120220807107000,5,0,0.0,0.0,0.0,0.0
MA010120220807110043,5,0,0.0,0.0,1.0,0.0
MA010120220807110788,5,0,0.0,0.0,1.0,0.0
MA010120220807111048,5,2,0.0205086136177194,2.2,1.0,0.0
MA010120220807111449,5,3,0.0553732567678424,4.65,1.0,1.0
MA010120220807113195,5,2,0.0225594749794913,4.720000000000001,1.0,0.0
MA010120220807113501,5,5,0.8203445447087777,4.47,0.0,0.0
MA010120220807113530,5,2,0.0225594749794913,5.0,1.0,0.0
MA010120220807114210,5,5,1.3022969647251843,4.69,1.0,1.0
MA010120220807116336,5,0,0.0,0.0,1.0,0.0
MA010120220807117721,5,5,0.2871205906480722,3.3,1.0,0.0
MA010120220807118004,5,5,1.6488925348646433,0.0,0.0,0.0
MA010120220807121357,5,2,0.0205086136177194,3.9,0.0,0.0
MA010120220807121717,5,4,0.1107465135356849,4.395,1.0,0.0
MA010120220807122304,5,2,0.0266611977030352,4.705,1.0,0.0
MA010120220807123745,5,5,0.3035274815422477,4.6,0.0,0.0
MA010120220807124330,5,2,0.0287120590648072,3.78,1.0,0.0
MA010120220807125288,5,4,0.1476620180475799,4.865,0.0,1.0
MA010120220807125973,5,0,0.0,0.0,1.0,0.0
MA010120220807126254,5,3,0.0779327317473338,0.0,0.0,1.0
MA010120220807128552,5,0,0.0,0.0,1.0,1.0
MA010120220807129908,5,3,0.0758818703855619,4.9350000000000005,1.0,0.0
MA010120220807130998,5,2,0.0369155045118949,4.13,1.0,0.0
MA010120220807131467,5,3,0.0594749794913863,4.720000000000001,1.0,0.0
MA010120220807132760,5,5,0.2727645611156686,0.0,1.0,1.0
MA010120220807132967,5,5,1.029532403609516,4.21,0.0,1.0
MA010120220807133123,4,1,0.0102543068088597,0.0,1.0,0.0
MA010120220807133539,5,1,0.0102543068088597,3.0,1.0,0.0
MA010120220807134019,5,1,0.0041017227235438,4.22,1.0,0.0
MA010120220807136457,5,3,0.0656275635767022,3.79,1.0,0.0
MA010120220807136529,5,4,0.2235438884331419,0.0,1.0,0.0
MA010120220807138965,5,5,0.5434782608695652,4.6,1.0,0.0
MA010120220807140033,5,1,0.0061525840853158,5.0,1.0,0.0
MA010120220807140270,5,1,0.0020508613617719,0.0,1.0,0.0
MA010120220807140333,5,3,0.0758818703855619,4.175,1.0,0.0
MA010120220807140848,5,5,1.4397046759639047,4.41,1.0,0.0
MA010120220807140884,1,0,0.0,4.88,1.0,0.0
MA010120220807141600,4,3,0.0799835931091058,3.78,1.0,0.0
MA010120220807142387,5,3,0.0840853158326497,5.0,1.0,0.0
MA010120220807142813,5,1,0.0102543068088597,3.49,1.0,0.0
MA010120220807142964,5,3,0.0410172272354388,5.0,1.0,0.0
MA010120220807144975,5,3,0.0492206726825266,4.734999999999999,1.0,1.0
MA010120220807147790,5,4,0.0984413453650533,4.385,1.0,0.0
MA010120220807147906,5,1,0.0102543068088597,0.0,1.0,0.0
MA010120220807149010,5,5,0.3732567678424938,0.0,1.0,0.0
MA010120220807149544,5,4,0.1804757998359311,4.2,1.0,0.0
MA010120220807151987,5,3,0.0389663658736669,4.0,1.0,1.0
MA010120220807153939,5,4,0.1620180475799836,4.05,1.0,0.0
MA010120220807155453,5,3,0.0471698113207547,4.4,1.0,0.0
MA010120220807155866,5,5,0.8634126333059886,4.965,1.0,0.0
MA010120220807156083,1,1,0.0082034454470877,0.0,0.0,0.0
MA010120220807156219,1,0,0.0,0.0,0.0,0.0
MA010120220807156333,5,5,1.322805578342904,4.52,1.0,1.0
MA010120220807158879,5,2,0.0205086136177194,3.4,1.0,0.0
MA010120220807159891,5,1,0.0082034454470877,4.51,1.0,0.0
MA010120220807161710,5,4,0.1907301066447908,5.0,1.0,0.0
MA010120220807161885,5,1,0.0102543068088597,4.725,1.0,1.0
MA010120220807162721,5,4,0.0922887612797374,3.8,1.0,0.0
MA010120220807162812,5,1,0.0061525840853158,4.7,0.0,0.0
MA010120220807163757,5,2,0.0307629204265791,4.4,1.0,0.0
MA010120220807164921,5,5,0.5332239540607054,4.0,1.0,1.0
MA010120220807165917,5,2,0.0225594749794913,4.4,0.0,1.0
MA010120220807167918,5,3,0.0676784249384741,4.755,1.0,0.0
MA010120220807169245,5,4,0.1907301066447908,3.975,1.0,0.0
MA010120220807169989,5,2,0.0246103363412633,4.73,1.0,1.0
MA010120220807170573,5,5,0.8429040196882691,5.0,1.0,1.0
MA010120220807173931,5,2,0.034864643150123,5.0,1.0,1.0
MA010120220807173957,5,3,0.0697292863002461,4.6,1.0,0.0
MA010120220807174041,5,3,0.0410172272354388,4.8,1.0,1.0
MA010120220807174578,5,2,0.0287120590648072,4.2,1.0,0.0
MA010120220807175334,5,1,0.0082034454470877,2.72,1.0,0.0
MA010120220807175582,5,0,0.0,0.0,1.0,0.0
MA010120220807202572,5,3,0.0430680885972108,5.0,0.0,0.0
MA010120220807202877,5,4,0.0922887612797374,4.1,1.0,0.0
MA010120220807205303,5,2,0.0184577522559474,4.805,1.0,0.0
MA010120220807206277,5,2,0.0164068908941755,4.52,1.0,0.0
MA010120220807206935,5,3,0.0574241181296144,5.0,1.0,1.0
MA010120220807208814,5,0,0.0,4.23,1.0,0.0
MA010120220807209028,5,5,1.1361771944216572,4.69,1.0,0.0
MA010120220807210431,5,0,0.0,0.0,1.0,0.0
MA010120220807212908,5,5,0.3117309269893355,0.0,1.0,0.0
MA010120220807213165,5,5,0.6193601312551271,4.3,0.0,0.0
MA010120220807215442,5,5,1.1259228876127974,4.465,0.0,0.0
MA010120220807221617,5,1,0.0102543068088597,5.0,1.0,0.0
MA010120220807222389,5,0,0.0,0.0,1.0,0.0
MA010120220807253875,5,1,0.0020508613617719,0.0,1.0,0.0
MA010120220807273369,5,1,0.0020508613617719,0.0,0.0,0.0
MA010120220807274370,5,4,0.1168990976210008,5.0,1.0,0.0
MA010120220807274962,5,5,1.7186218211648894,4.45,1.0,0.0
MA010120220807277237,5,4,0.1189499589827727,4.904999999999999,1.0,1.0
MA010120220807278698,5,4,0.1168990976210008,4.4,0.0,0.0
MA010120220807290965,5,0,0.0,0.0,0.0,0.0
MA010120220807291076,5,0,0.0,0.0,1.0,0.0
MA010120220807292941,5,4,0.2440525020508613,4.88,1.0,0.0
MA010120220807298551,5,0,0.0,0.0,1.0,0.0
MA010120220807327909,5,2,0.0205086136177194,3.5,1.0,1.0
MA010120220807328980,5,0,0.0,4.53,1.0,0.0
MA010120220807329267,5,1,0.0082034454470877,5.0,1.0,0.0
MA010120220807329849,5,0,0.0,0.0,1.0,0.0
MA010120220807331504,5,3,0.071780147662018,4.74,1.0,0.0
MA010120220807332506,5,4,0.1210008203445447,4.5,1.0,0.0
MA010120220807332770,5,4,0.1866283839212469,5.0,1.0,0.0
MA010120220807333573,5,2,0.0205086136177194,4.779999999999999,1.0,1.0
MA010120220807333877,5,2,0.0184577522559474,5.0,1.0,0.0
MA010120220807334767,5,3,0.0410172272354388,0.0,1.0,0.0
MA010120220807343113,4,1,0.0123051681706316,0.0,0.0,0.0
MA010120220807343815,5,0,0.0,0.0,1.0,0.0
MA010120220807363311,5,2,0.0266611977030352,3.7,1.0,0.0
MA010120220807365880,5,3,0.0840853158326497,4.1850000000000005,1.0,0.0
MA010120220807368068,5,0,0.0,4.13,1.0,0.0
MA010120220807369000,5,2,0.0225594749794913,4.1,1.0,0.0
MA010120220807370159,5,2,0.0205086136177194,4.015000000000001,1.0,0.0
MA010120220807370517,5,0,0.0,0.0,1.0,0.0
MA010120220807372112,5,2,0.0246103363412633,4.9350000000000005,0.0,1.0
MA010120220807372274,5,3,0.0861361771944216,5.0,1.0,1.0
MA010120220807372753,5,5,0.3876127973748974,3.865,1.0,0.0
MA010120220807378342,5,2,0.0328137817883511,1.4,0.0,0.0
MA010120220807383253,5,4,0.1004922067268252,4.8,0.0,0.0
MA010120220807384188,5,3,0.0492206726825266,4.8100000000000005,0.0,0.0
MA010120220807385056,5,0,0.0,0.0,1.0,0.0
MA010120220807385494,4,4,0.1661197703035274,2.5,1.0,0.0
MA010120220807385540,5,2,0.0205086136177194,2.5,1.0,0.0
MA010120220807386355,5,2,0.0266611977030352,3.175,1.0,0.0
MA010120220807387264,5,0,0.0,0.0,1.0,0.0
MA010120220807387737,5,2,0.0164068908941755,5.0,1.0,1.0
MA010120220807389578,4,1,0.0082034454470877,0.0,1.0,1.0
MA010120220807390075,5,4,0.0943396226415094,4.859999999999999,1.0,1.0
MA010120220807393235,5,4,0.0922887612797374,4.6,1.0,0.0
MA010120220807393965,5,3,0.0512715340442986,3.005,1.0,0.0
MA010120220807394555,5,0,0.0,0.0,0.0,0.0
MA010120220807396719,5,2,0.0225594749794913,4.57,1.0,0.0
MA010120220807397869,5,4,0.1661197703035274,4.5,1.0,0.0
MA010120220807398904,5,4,0.2091878589007383,4.8,1.0,0.0
MA010120220807401915,5,0,0.0,0.0,0.0,0.0
MA010120220807405080,5,3,0.0635767022149302,4.67,1.0,1.0
MA010120220807405472,5,4,0.1271534044298605,4.51,1.0,0.0
MA010120220807406198,5,5,0.2707136997538966,4.4,1.0,0.0
MA010120220807407519,5,5,1.168990976210008,4.3,1.0,0.0
MA010120220807410029,5,4,0.1025430680885972,4.470000000000001,1.0,0.0
MA010120220807410947,5,4,0.0984413453650533,4.625,1.0,0.0
MA010120220807411155,5,1,0.0123051681706316,4.47,1.0,0.0
MA010120220807411895,5,1,0.0082034454470877,3.0,1.0,0.0
MA010120220807412212,5,2,0.0287120590648072,0.0,1.0,1.0
MA010120220807413191,5,4,0.1107465135356849,2.5,1.0,0.0
MA010120220807413683,5,0,0.0,4.75,1.0,0.0
MA010120220807415498,5,2,0.0328137817883511,5.0,1.0,1.0
MA010120220807415901,5,1,0.0041017227235438,4.32,1.0,0.0
MA010120220807416693,5,4,0.1640689089417555,4.195,1.0,1.0
MA010120220807416850,5,4,0.0943396226415094,4.715,1.0,0.0
MA010120220807418016,5,3,0.0451189499589827,4.0,1.0,0.0
MA010120220807430734,5,0,0.0,0.0,0.0,0.0
MA010120220807430768,5,2,0.0369155045118949,4.484999999999999,1.0,0.0
MA010120220807432232,1,1,0.0102543068088597,4.8,1.0,0.0
MA010120220807433360,5,3,0.0492206726825266,3.9,1.0,1.0
MA010120220807433861,5,3,0.0697292863002461,4.2,1.0,1.0
MA010120220807433967,1,3,0.0697292863002461,0.0,1.0,1.0
MA010120220807434317,5,2,0.0287120590648072,1.0,1.0,0.0
MA010120220807435988,5,5,0.2994257588187038,4.8,1.0,0.0
MA010120220807436038,5,1,0.0061525840853158,5.0,1.0,0.0
MA010120220807436167,5,0,0.0,0.0,1.0,0.0
MA010120220807436520,5,2,0.0246103363412633,4.745,1.0,0.0
MA010120220807436928,5,4,0.1210008203445447,5.0,1.0,0.0
MA010120220807437197,5,5,0.2748154224774405,4.4,1.0,0.0
MA010120220807440339,5,3,0.071780147662018,2.6,1.0,0.0
MA010120220807440482,5,0,0.0,0.0,1.0,0.0
MA010120220807441310,5,1,0.0082034454470877,4.885,1.0,0.0
MA010120220807441663,5,2,0.0225594749794913,4.21,1.0,0.0
MA010120220807445316,4,3,0.0471698113207547,4.7,1.0,0.0
MA010120220807445788,5,3,0.0881870385561936,2.8,0.0,0.0
MA010120220807445921,5,0,0.0,0.0,0.0,0.0
MA010120220807481321,5,2,0.0205086136177194,4.39,1.0,0.0
MA010120220807481584,5,2,0.0328137817883511,4.43,1.0,0.0
MA010120220807482841,5,0,0.0,0.0,1.0,0.0
MA010120220807483740,5,1,0.0102543068088597,0.0,0.0,0.0
MA010120220807484335,5,0,0.0,0.0,1.0,0.0
MA010120220807486425,5,0,0.0,0.0,1.0,0.0
MA010120220807488088,5,3,0.0902378999179655,4.859999999999999,1.0,0.0
MA010120220807488340,5,4,0.1640689089417555,4.77,0.0,0.0
MA010120220807488678,5,2,0.0369155045118949,3.35,1.0,0.0
MA010120220807488989,5,0,0.0,0.0,0.0,0.0
MA010120220807490442,5,1,0.0020508613617719,0.0,1.0,0.0
MA010120220807490783,5,5,1.1648892534864643,4.46,0.0,0.0
MA010120220807491431,5,5,0.4675963904840033,3.17,1.0,0.0
MA010120220807493338,5,3,0.0553732567678424,3.68,1.0,0.0
MA010120220807494619,5,4,0.0963904840032813,4.28,1.0,0.0
MA010120220807495239,4,2,0.0287120590648072,0.0,1.0,0.0
MA010120220807497238,5,3,0.0635767022149302,2.5,1.0,0.0
MA010120220807497471,1,5,0.5004101722723544,3.675,1.0,1.0
MA010120220807506887,5,5,0.6583264971287941,4.35,1.0,0.0
MA010120220807518374,5,2,0.0328137817883511,4.23,1.0,0.0
MA010120220807558461,5,4,0.0922887612797374,4.92,1.0,0.0
MA010120220807560576,5,5,0.293273174733388,3.83,1.0,0.0
MA010120220807561717,5,4,0.1538146021328958,3.875,1.0,0.0
MA010120220807561999,5,5,1.9626743232157504,4.335,0.0,0.0
MA010120220807565527,5,5,0.6521739130434783,4.5,1.0,0.0
MA010120220807566482,5,5,0.6152584085315833,3.88,0.0,0.0
MA010120220807571391,5,3,0.0635767022149302,0.0,1.0,0.0
MA010120220807571497,5,0,0.0,0.0,1.0,0.0
MA010120220807571680,5,4,0.1210008203445447,4.69,1.0,0.0
MA010120220807572240,5,1,0.0082034454470877,5.0,1.0,0.0
MA010120220807580036,5,0,0.0,0.0,1.0,0.0
MA010120220807580091,5,4,0.1148482362592288,4.3,1.0,0.0
MA010120220807584986,5,0,0.0,0.0,1.0,0.0
MA010120220807656258,5,5,0.2953240360951599,4.305,1.0,0.0
MA010120220807656323,5,4,0.1353568498769483,4.0600000000000005,1.0,1.0
MA010120220807656355,1,0,0.0,0.0,1.0,0.0
MA010120220807663569,4,0,0.0,4.85,1.0,0.0
MA010120220807665053,5,3,0.0758818703855619,4.19,1.0,0.0
MA010120220807673413,5,0,0.0,0.0,1.0,0.0
MA010120220807712237,5,3,0.0553732567678424,4.734999999999999,1.0,0.0
MA010120220807713721,4,4,0.1127973748974569,4.955,1.0,1.0
MA010120220807718355,5,1,0.0061525840853158,4.535,1.0,1.0
MA010120220807718430,5,2,0.0287120590648072,3.5,1.0,0.0
MA010120220807718968,5,5,0.5619360131255127,4.609999999999999,1.0,1.0
MA010120220807720573,5,2,0.0307629204265791,4.34,1.0,0.0
MA010120220807721966,4,3,0.0389663658736669,2.2,1.0,0.0
MA010120220807722821,5,5,0.6665299425758819,3.95,1.0,1.0
MA010120220807722946,5,1,0.0143560295324036,4.43,1.0,0.0
MA010120220807724774,5,0,0.0,0.0,1.0,0.0
MA010120220807732038,4,2,0.0164068908941755,4.74,0.0,0.0
MA010120220807732887,1,3,0.0820344544708777,4.1,0.0,0.0
MA010120220807749684,5,4,0.1681706316652994,0.0,0.0,0.0
MA010120220807749717,5,2,0.0184577522559474,4.79,1.0,1.0
MA010120220807750767,5,3,0.0533223954060705,4.890000000000001,1.0,0.0
MA010120220807751024,5,0,0.0,0.0,1.0,0.0
MA010120220807755149,5,0,0.0,0.0,1.0,0.0
MA010120220807757053,5,3,0.0553732567678424,0.0,0.0,0.0
MA010120220807757553,5,2,0.0307629204265791,3.2,1.0,0.0
MA010120220807758148,5,1,0.0082034454470877,5.0,1.0,0.0
MA010120220807758152,5,4,0.0922887612797374,5.0,0.0,0.0
MA010120220807758887,5,3,0.0635767022149302,5.0,1.0,0.0
MA010120220807766402,4,0,0.0,0.0,1.0,0.0
MA010120220807770047,5,3,0.0492206726825266,4.3,1.0,0.0
MA010120220807772518,5,4,0.1435602953240361,4.85,1.0,0.0
MA010120220807773162,5,5,0.3342904019688269,4.285,1.0,1.0
MA010120220807774652,4,2,0.0246103363412633,4.105,1.0,0.0
MA010120220807774832,5,4,0.2030352748154225,4.38,1.0,0.0
MA010120220807774899,5,2,0.0164068908941755,3.8,1.0,0.0
MA010120220807775150,5,1,0.0020508613617719,5.0,1.0,0.0
MA010120220807776301,5,5,0.920836751435603,0.0,0.0,0.0
MA010120220807776884,5,2,0.0184577522559474,4.53,1.0,0.0
MA010120220807778221,5,5,0.3076292042657916,4.0,1.0,0.0
MA010120220807781255,5,3,0.0533223954060705,1.9,1.0,0.0
MA010120220807783605,5,4,0.1230516817063166,5.0,1.0,1.0
MA010120220807783680,5,2,0.0205086136177194,4.4,1.0,0.0
MA010120220807784727,5,2,0.0205086136177194,4.0,1.0,0.0
MA010120220807784761,5,3,0.0389663658736669,4.705,1.0,0.0
MA010120220807787269,5,5,0.2871205906480722,4.565,1.0,0.0
MA010120220807787283,5,4,0.182526661197703,4.36,1.0,0.0
MA010120220807790932,4,3,0.0389663658736669,2.2,1.0,0.0
MA010120220807792858,5,3,0.0471698113207547,4.62,1.0,0.0
MA010120220807794759,5,2,0.0164068908941755,4.675,1.0,1.0
MA010120220807797971,5,5,0.7260049220672682,3.945,1.0,0.0
MA010120220807798168,5,4,0.1107465135356849,4.7,0.0,0.0
MA010120220807800353,1,4,0.1004922067268252,0.0,1.0,0.0
MA010120220807801482,5,2,0.0266611977030352,0.0,1.0,0.0
MA010120220807801801,5,2,0.0369155045118949,4.53,1.0,0.0
MA010120220807803577,5,3,0.0697292863002461,4.85,1.0,0.0
MA010120220807803971,1,3,0.0574241181296144,4.1,1.0,0.0
MA010120220807804112,5,5,0.2645611156685807,4.51,0.0,0.0
MA010120220807804200,5,1,0.0082034454470877,4.645,1.0,0.0
MA010120220807812357,5,3,0.0533223954060705,0.0,1.0,0.0
MA010120220807821180,5,2,0.0307629204265791,4.86,1.0,0.0
MA010120220807821518,5,1,0.0061525840853158,0.0,1.0,0.0
MA010120220807823025,1,3,0.0656275635767022,4.484999999999999,1.0,0.0
MA010120220807824772,5,3,0.0533223954060705,4.865,1.0,0.0
MA010120220807825180,5,4,0.2378999179655455,4.29,1.0,0.0
MA010120220807828137,1,2,0.0328137817883511,0.0,1.0,0.0
MA010120220807828506,5,2,0.0287120590648072,4.355,1.0,0.0
MA010120220807828556,5,0,0.0,0.0,1.0,0.0
MA010120220807828602,5,5,0.3691550451189499,4.53,1.0,0.0
MA010120220807829222,5,0,0.0,0.0,1.0,0.0
MA010120220807833463,1,0,0.0,4.44,1.0,0.0
MA010120220807834189,4,0,0.0,4.63,1.0,0.0
MA010120220807864203,5,0,0.0,4.62,1.0,0.0
MA010120220807879030,1,2,0.0205086136177194,5.0,1.0,1.0
MA010120220807879190,5,5,0.3137817883511074,4.575,1.0,0.0
MA010120220807879488,5,5,0.5311730926989335,4.12,1.0,0.0
MA010120220807880140,5,3,0.0615258408531583,3.3,1.0,0.0
MA010120220807880842,5,1,0.0061525840853158,4.36,1.0,0.0
MA010120220807885542,5,2,0.0246103363412633,4.885,1.0,1.0
MA010120220807889132,5,4,0.1333059885151763,4.385,1.0,0.0
MA010120220807889215,5,3,0.071780147662018,4.82,1.0,0.0
MA010120220807890617,5,3,0.0471698113207547,4.42,1.0,0.0
MA010120220807891268,5,4,0.1907301066447908,4.605,1.0,0.0
MA010120220807891368,5,4,0.1927809680065627,0.0,1.0,0.0
MA010120220807899591,1,3,0.0430680885972108,0.0,0.0,1.0
MA010120220807899916,4,0,0.0,0.0,1.0,0.0
MA010120220807901043,5,4,0.2112387202625102,4.37,1.0,0.0
MA010120220807901045,5,5,0.2686628383921247,4.54,1.0,0.0
MA010120220807929010,5,5,0.4429860541427399,4.63,0.0,1.0
MA010120220807929523,5,0,0.0,0.0,1.0,0.0
MA010120220807930613,5,3,0.0492206726825266,4.9,1.0,0.0
MA010120220807930722,5,0,0.0,4.19,1.0,0.0
MA010120220807931384,5,0,0.0,0.0,1.0,0.0
MA010120220807931437,1,2,0.0225594749794913,5.0,1.0,0.0
MA010120220807931623,4,1,0.0061525840853158,4.42,1.0,0.0
MA010120220807931686,5,5,0.3240360951599672,4.8,1.0,0.0
MA010120220807931716,5,0,0.0,4.5,1.0,0.0
MA010120220807933373,5,3,0.0471698113207547,4.765000000000001,1.0,1.0
MA010120220807934016,5,1,0.0102543068088597,4.49,1.0,0.0
MA010120220807935375,5,2,0.0205086136177194,4.859999999999999,1.0,0.0
MA010120220807935931,5,2,0.034864643150123,4.115,1.0,0.0
MA010120220807936570,5,2,0.0164068908941755,4.785,1.0,1.0
MA010120220807939504,5,4,0.1210008203445447,4.45,1.0,0.0
MA010120220807940542,1,5,0.549630844954881,4.85,1.0,0.0
MA010120220807941278,5,1,0.0082034454470877,0.0,1.0,0.0
MA010120220807941294,5,2,0.0328137817883511,4.4,1.0,0.0
MA010120220807944082,5,1,0.0082034454470877,0.0,0.0,0.0
MA010120220807944726,5,5,0.7957342083675144,4.265000000000001,1.0,0.0
MA010120220807944747,5,2,0.0328137817883511,4.515000000000001,1.0,0.0
MA010120220807948797,4,1,0.0041017227235438,5.0,1.0,0.0
MA010120220807949330,5,5,0.4183757178014766,4.17,0.0,0.0
MA010120220807978349,5,5,0.4675963904840033,4.5,1.0,0.0
MA010120220807980479,5,3,0.0471698113207547,4.51,1.0,0.0
MA010120220807983017,5,3,0.0656275635767022,4.38,1.0,0.0
MA010120220807983635,5,3,0.0779327317473338,4.3,1.0,0.0
MA010120220807983639,5,5,0.5147662018047581,0.0,0.0,0.0
MA010120220807989727,5,0,0.0,0.0,1.0,0.0
MA010120220807989783,5,5,0.293273174733388,4.13,1.0,0.0
MA010120220807989817,5,5,1.1341263330598852,4.8,1.0,0.0
MA010120220807990096,5,1,0.0041017227235438,0.0,1.0,0.0
MA010120220807993642,5,5,1.0787530762920423,4.43,1.0,1.0
MA010120220807995005,5,1,0.0041017227235438,5.0,1.0,0.0
MA010120220807996553,5,4,0.0922887612797374,4.875,1.0,0.0
MA010120220807999171,5,5,1.2920426579163249,4.46,1.0,0.0
MA010120220808000120,5,3,0.0389663658736669,2.925,1.0,0.0
MA010120220808000395,5,2,0.0307629204265791,1.0,1.0,0.0
MA010120220808001500,5,3,0.0902378999179655,3.9,0.0,0.0
MA010120220808003151,5,4,0.1661197703035274,4.17,1.0,0.0
MA010120220808004279,5,4,0.1333059885151763,2.7,1.0,0.0
MA010120220808008465,5,4,0.2296964725184577,3.745,1.0,0.0
MA010120220808008733,5,2,0.0307629204265791,5.0,1.0,0.0
MA010120220808009101,5,2,0.0184577522559474,4.66,1.0,0.0
MA010120220808012343,5,0,0.0,0.0,1.0,0.0
MA010120220808014073,5,1,0.0041017227235438,5.0,0.0,0.0
MA010120220808015018,5,3,0.0615258408531583,0.0,1.0,0.0
MA010120220808017718,5,1,0.0041017227235438,5.0,1.0,0.0
MA010120220808019343,5,5,1.979081214109926,3.7,1.0,0.0
MA010120220808019542,5,5,1.4130434782608694,4.3,0.0,0.0
MA010120220808021088,5,2,0.0164068908941755,4.575,1.0,1.0
MA010120220808021749,5,0,0.0,0.0,1.0,0.0
MA010120220808021896,1,5,0.5188679245283019,4.0,1.0,0.0
MA010120220808023936,5,4,0.0922887612797374,4.43,0.0,0.0
MA010120220808027820,5,4,0.1476620180475799,4.4,1.0,0.0
MA010120220808028174,5,3,0.0451189499589827,0.0,1.0,1.0
MA010120220808028883,5,1,0.0020508613617719,5.0,0.0,0.0
MA010120220808029103,5,3,0.0861361771944216,4.76,1.0,0.0
MA010120220808029647,1,5,0.8593109105824447,0.0,0.0,0.0
MA010120220808030762,5,4,0.1148482362592288,4.609999999999999,1.0,1.0
MA010120220808033294,5,0,0.0,0.0,1.0,0.0
MA010120220808034520,5,5,1.657095980311731,3.5,1.0,1.0
MA010120220808034962,5,0,0.0,0.0,1.0,0.0
MA010120220808036033,5,0,0.0,0.0,1.0,0.0
MA010120220808036476,5,1,0.0102543068088597,4.6,0.0,0.0
MA010120220808036996,5,3,0.0471698113207547,3.455,1.0,0.0
MA010120220808038518,5,3,0.0574241181296144,3.255,1.0,0.0
MA010120220808039723,5,0,0.0,0.0,1.0,0.0
MA010120220808039843,5,1,0.0143560295324036,4.79,1.0,0.0
MA010120220808040614,5,0,0.0,0.0,0.0,0.0
MA010120220808041684,5,5,0.3117309269893355,3.3,1.0,0.0
MA010120220808041770,4,0,0.0,0.0,0.0,0.0
MA010120220808044780,5,0,0.0,4.44,1.0,0.0
MA010120220808044836,5,2,0.0225594749794913,2.3,1.0,0.0
MA010120220808045652,5,3,0.0676784249384741,2.7,1.0,0.0
MA010120220808046420,5,4,0.1045939294503691,4.2,1.0,1.0
MA010120220808046602,5,3,0.0676784249384741,5.0,1.0,1.0
MA010120220808047083,5,5,0.3732567678424938,4.6,1.0,0.0
MA010120220808049151,5,5,0.2686628383921247,0.0,1.0,0.0
MA010120220808051946,5,0,0.0,0.0,1.0,0.0
MA010120220808053346,5,0,0.0,0.0,1.0,0.0
MA010120220808054668,5,3,0.0451189499589827,4.8,1.0,0.0
MA010120220808055472,5,4,0.2214930270713699,4.32,1.0,1.0
MA010120220808055564,5,4,0.2132895816242822,4.085,0.0,0.0
MA010120220808055866,1,0,0.0,0.0,1.0,0.0
MA010120220808057082,5,0,0.0,0.0,1.0,0.0
MA010120220808057833,5,4,0.1251025430680886,3.5,1.0,1.0
MA010120220808058011,5,1,0.0020508613617719,0.0,0.0,0.0
MA010120220808059472,5,0,0.0,0.0,0.0,0.0
MA010120220808059628,5,4,0.1394585726004922,4.725,1.0,0.0
MA010120220808061307,5,2,0.0184577522559474,3.8,1.0,0.0
MA010120220808064955,1,2,0.0184577522559474,4.715,1.0,0.0
MA010120220808067018,5,5,1.390484003281378,4.58,1.0,0.0
MA010120220808067285,5,0,0.0,0.0,1.0,0.0
MA010120220808068411,5,5,0.6480721903199343,4.42,1.0,0.0
MA010120220808069247,5,1,0.0143560295324036,4.0,1.0,0.0
MA010120220808069257,5,0,0.0,0.0,0.0,0.0
MA010120220808069419,1,2,0.0205086136177194,0.0,1.0,0.0
MA010120220808069721,5,1,0.0123051681706316,3.3,0.0,0.0
MA010120220808073511,1,5,0.951599671862182,0.0,1.0,0.0
MA010120220808073779,5,2,0.0287120590648072,4.16,1.0,0.0
MA010120220808074293,4,3,0.0533223954060705,3.2,0.0,0.0
MA010120220808074362,5,2,0.034864643150123,0.0,1.0,0.0
MA010120220808074510,5,1,0.0082034454470877,4.6,1.0,1.0
MA010120220808074827,5,2,0.0205086136177194,3.1,1.0,0.0
MA010120220808076301,5,0,0.0,0.0,1.0,0.0
MA010120220808076329,5,5,0.3117309269893355,3.7,1.0,0.0
MA010120220808078476,5,3,0.0615258408531583,3.875,1.0,1.0
MA010120220808079683,5,2,0.0225594749794913,3.0,1.0,1.0
MA010120220808079762,5,2,0.0287120590648072,4.41,1.0,0.0
MA010120220808080488,5,1,0.0020508613617719,4.29,1.0,0.0
MA010120220808085014,5,0,0.0,0.0,1.0,0.0
MA010120220808085034,5,2,0.0307629204265791,2.9,1.0,0.0
MA010120220808086613,5,2,0.0225594749794913,4.135,1.0,0.0
MA010120220808087160,5,5,0.881870385561936,4.4,1.0,0.0
MA010120220808090525,5,1,0.0123051681706316,3.895,1.0,1.0
MA010120220808092247,5,4,0.1497128794093519,0.0,0.0,1.0
MA010120220808094293,5,0,0.0,0.0,1.0,0.0
MA010120220808098894,5,5,0.2809680065627563,4.4,1.0,1.0
MA010120220808099073,5,2,0.0205086136177194,4.5,1.0,0.0
MA010120220808100545,1,0,0.0,0.0,1.0,0.0
MA010120220808102276,5,0,0.0,0.0,1.0,0.0
MA010120220808102633,1,0,0.0,0.0,0.0,0.0
MA010120220808105783,5,1,0.0143560295324036,4.8,0.0,0.0
MA010120220808106133,4,1,0.0061525840853158,4.3,1.0,0.0
MA010120220808106591,5,3,0.0512715340442986,4.345000000000001,1.0,0.0
MA010120220808106879,5,5,0.6316652994257588,4.915,1.0,0.0
MA010120220808107364,5,2,0.0369155045118949,3.0,1.0,1.0
MA010120220808108631,5,3,0.0389663658736669,0.0,1.0,0.0
MA010120220808108996,5,2,0.0287120590648072,4.605,1.0,0.0
MA010120220808109740,5,1,0.0020508613617719,0.0,1.0,0.0
MA010120220808111060,5,5,0.7567678424938474,4.33,1.0,0.0
MA010120220808111191,5,1,0.0143560295324036,2.0,0.0,0.0
MA010120220808111199,5,1,0.0082034454470877,4.265000000000001,0.0,0.0
MA010120220808111717,5,5,0.3158326497128794,2.6,1.0,0.0
MA010120220808112199,1,0,0.0,0.0,1.0,0.0
MA010120220808112293,1,0,0.0,0.0,1.0,0.0
MA010120220808113665,5,0,0.0,0.0,1.0,0.0
MA010120220808114493,5,4,0.0963904840032813,3.715,0.0,0.0
MA010120220808117791,5,5,0.3691550451189499,4.1,1.0,1.0
MA010120220808118842,5,3,0.0574241181296144,4.3,1.0,0.0
MA010120220808120964,5,0,0.0,0.0,1.0,0.0
MA010120220808121604,5,0,0.0,0.0,1.0,0.0
MA010120220808123312,5,1,0.0082034454470877,4.5,1.0,0.0
MA010120220808123347,5,5,1.5914684167350288,4.73,1.0,0.0
MA010120220808123411,5,4,0.1045939294503691,0.0,1.0,0.0
MA010120220808124182,5,1,0.0020508613617719,5.0,1.0,0.0
MA010120220808125349,5,2,0.0287120590648072,4.49,1.0,0.0
MA010120220808126733,5,1,0.0102543068088597,4.82,1.0,0.0
MA010120220808128152,5,1,0.0143560295324036,3.9,1.0,0.0
MA010120220808128940,5,3,0.0799835931091058,4.52,1.0,0.0
MA010120220808130372,5,0,0.0,4.34,1.0,1.0
MA010120220808130459,5,0,0.0,0.0,1.0,0.0
MA010120220808131186,5,3,0.0451189499589827,4.42,1.0,0.0
MA010120220808132287,4,0,0.0,0.0,1.0,0.0
MA010120220808133812,5,4,0.1251025430680886,5.0,1.0,1.0
MA010120220808134381,5,1,0.0143560295324036,0.0,0.0,0.0
MA010120220808134933,5,2,0.0369155045118949,3.3,1.0,1.0
MA010120220808135426,5,4,0.1497128794093519,4.705,0.0,0.0
MA010120220808136074,5,5,0.5537325676784249,4.345,1.0,1.0
MA010120220808136401,5,3,0.0553732567678424,3.5,1.0,0.0
MA010120220808136836,5,3,0.0697292863002461,4.0,0.0,1.0
MA010120220808137848,5,5,0.3568498769483183,4.605,1.0,1.0
MA010120220808138699,1,0,0.0,0.0,1.0,0.0
MA010120220808139057,5,3,0.0471698113207547,4.62,1.0,1.0
MA010120220808139426,5,3,0.0656275635767022,4.140000000000001,0.0,0.0
MA010120220808141338,5,0,0.0,0.0,1.0,0.0
MA010120220808141494,5,0,0.0,0.0,1.0,0.0
MA010120220808141545,4,1,0.0102543068088597,3.6,0.0,0.0
MA010120220808143607,5,0,0.0,0.0,1.0,1.0
MA010120220808144494,4,1,0.0143560295324036,5.0,1.0,0.0
MA010120220808144745,5,2,0.0369155045118949,3.6,1.0,0.0
MA010120220808145599,5,4,0.2132895816242822,4.41,1.0,0.0
MA010120220808145750,5,5,0.5557834290401968,4.365,1.0,0.0
MA010120220808146371,5,3,0.0451189499589827,5.0,1.0,0.0
MA010120220808147250,4,0,0.0,0.0,1.0,0.0
MA010120220808147995,1,2,0.0184577522559474,0.0,1.0,0.0
MA010120220808148372,5,3,0.0471698113207547,4.3,1.0,0.0
MA010120220808149328,5,0,0.0,4.43,0.0,0.0
MA010120220808149489,5,3,0.0410172272354388,4.065,1.0,0.0
MA010120220808149563,5,4,0.1271534044298605,3.31,0.0,0.0
MA010120220808151316,5,3,0.0389663658736669,4.46,1.0,0.0
MA010120220808151949,5,4,0.2255947497949138,3.99,0.0,1.0
MA010120220808152133,4,0,0.0,0.0,1.0,0.0
MA010120220808152506,1,0,0.0,0.0,1.0,0.0
MA010120220808154628,5,0,0.0,0.0,1.0,0.0
MA010120220808155181,1,0,0.0,0.0,0.0,0.0
MA010120220808155302,5,1,0.0041017227235438,0.0,1.0,1.0
MA010120220808155667,5,5,0.4101722723543888,4.0,1.0,1.0
MA010120220808156320,5,4,0.1251025430680886,4.415,1.0,0.0
MA010120220808157025,5,3,0.0574241181296144,1.4,1.0,0.0
MA010120220808158044,5,0,0.0,0.0,1.0,0.0
MA010120220808158408,5,1,0.0123051681706316,3.7,1.0,0.0
MA010120220808159134,5,0,0.0,0.0,1.0,0.0
MA010120220808159638,5,3,0.0389663658736669,5.0,1.0,0.0
MA010120220808160478,5,5,0.6132075471698113,4.35,1.0,0.0
MA010120220808161420,1,0,0.0,0.0,1.0,0.0
MA010120220808163736,5,1,0.0102543068088597,4.8,1.0,0.0
MA010120220808165106,5,0,0.0,0.0,1.0,0.0
MA010120220808165139,5,5,0.3465955701394586,4.825,1.0,0.0
MA010120220808167459,5,5,0.5373256767842494,4.55,1.0,1.0
MA010120220808167732,5,3,0.0451189499589827,4.8,0.0,0.0
MA010120220808168428,5,3,0.0451189499589827,4.5,1.0,0.0
MA010120220808169099,5,4,0.1415094339622641,3.9,1.0,1.0
MA010120220808169367,5,4,0.1907301066447908,0.0,1.0,0.0
MA010120220808169902,5,0,0.0,4.41,1.0,0.0
MA010120220808170021,5,2,0.0266611977030352,4.5,1.0,0.0
MA010120220808170327,5,3,0.0389663658736669,4.305,1.0,0.0
MA010120220808170737,5,5,1.650943396226415,4.0,1.0,0.0
MA010120220808171824,5,4,0.1251025430680886,4.109999999999999,1.0,1.0
MA010120220808172579,1,0,0.0,0.0,1.0,0.0
MA010120220808174169,5,3,0.0553732567678424,4.0,1.0,0.0
MA010120220808174629,5,2,0.034864643150123,3.5,1.0,0.0
MA010120220808174861,5,2,0.0184577522559474,5.0,1.0,0.0
MA010120220808178209,5,3,0.0533223954060705,3.6,1.0,0.0
MA010120220808178781,5,5,1.3146021328958164,4.35,1.0,0.0
MA010120220808179254,5,1,0.0123051681706316,4.7,1.0,0.0
MA010120220808181048,1,5,0.440935192780968,4.5,1.0,0.0
MA010120220808184646,4,0,0.0,0.0,1.0,0.0
MA010120220808184755,5,0,0.0,0.0,0.0,0.0
MA010120220808185814,5,2,0.0205086136177194,4.66,1.0,0.0
MA010120220808186055,1,0,0.0,5.0,0.0,0.0
MA010120220808189115,5,3,0.0451189499589827,3.17,1.0,0.0
MA010120220808190807,5,1,0.0143560295324036,4.734999999999999,1.0,0.0
MA010120220808191673,4,2,0.0184577522559474,5.0,1.0,0.0
MA010120220808191809,5,0,0.0,0.0,1.0,0.0
MA010120220808194824,5,4,0.1394585726004922,4.495,1.0,0.0
MA010120220808195064,5,4,0.1702214930270713,4.34,1.0,0.0
MA010120220808197406,5,5,0.2994257588187038,1.0,1.0,0.0
MA010120220808198013,1,5,0.4511894995898277,4.3,0.0,0.0
MA010120220808198056,5,2,0.0184577522559474,4.0,1.0,1.0
MA010120220808201242,5,4,0.0943396226415094,3.99,1.0,0.0
MA010120220808202424,5,4,0.0963904840032813,3.6,1.0,0.0
MA010120220808205276,5,1,0.0020508613617719,4.75,1.0,0.0
MA010120220808208327,5,0,0.0,0.0,1.0,0.0
MA010120220808209821,5,5,0.2994257588187038,4.9,1.0,0.0
MA010120220808210846,5,3,0.0512715340442986,4.755,1.0,0.0
MA010120220808211732,5,0,0.0,4.54,0.0,0.0
MA010120220808212251,1,0,0.0,0.0,0.0,0.0
MA010120220808213608,5,2,0.0328137817883511,1.9,1.0,0.0
MA010120220808215780,5,1,0.0020508613617719,5.0,0.0,0.0
MA010120220808216341,5,1,0.0102543068088597,3.675,1.0,0.0
MA010120220808216608,5,2,0.034864643150123,2.9,0.0,0.0
MA010120220808216810,5,5,0.2994257588187038,4.265000000000001,1.0,0.0
MA010120220808219941,5,1,0.0143560295324036,5.0,1.0,1.0
MA010120220808221476,1,1,0.0020508613617719,5.0,0.0,0.0
MA010120220808227691,4,2,0.0205086136177194,4.734999999999999,1.0,0.0
MA010120220808228046,5,5,0.3363412633305989,4.8,1.0,0.0
MA010120220808229896,5,4,0.1168990976210008,4.7,1.0,0.0
MA010120220808229926,5,5,1.40278917145201,4.68,0.0,0.0
MA010120220808231412,5,5,0.3732567678424938,4.43,1.0,0.0
MA010120220808231740,5,0,0.0,0.0,1.0,0.0
MA010120220808231851,5,0,0.0,0.0,0.0,0.0
MA010120220808233426,5,0,0.0,0.0,1.0,0.0
MA010120220808233608,1,5,0.4716981132075472,4.8,0.0,0.0
MA010120220808238730,5,1,0.0102543068088597,5.0,1.0,1.0
MA010120220808239849,5,0,0.0,0.0,1.0,0.0
MA010120220808241351,4,2,0.034864643150123,4.41,1.0,0.0
MA010120220808243804,5,0,0.0,0.0,0.0,0.0
MA010120220808245913,5,3,0.0656275635767022,4.88,1.0,0.0
MA010120220808246297,5,2,0.0246103363412633,4.39,1.0,0.0
MA010120220808249696,4,4,0.1004922067268252,3.9,1.0,0.0
MA010120220808249787,5,3,0.0389663658736669,5.0,0.0,0.0
MA010120220808251360,5,0,0.0,0.0,0.0,0.0
MA010120220808251448,5,0,0.0,0.0,1.0,0.0
MA010120220808253315,5,1,0.0041017227235438,3.5,1.0,0.0
MA010120220808253860,1,5,0.3917145200984413,3.5,1.0,0.0
MA010120220808254667,1,3,0.0471698113207547,4.0,0.0,0.0
MA010120220808254669,5,3,0.0840853158326497,2.985,1.0,0.0
MA010120220808256460,5,4,0.2050861361771944,4.7,1.0,0.0
MA010120220808256912,5,3,0.0594749794913863,3.455,1.0,0.0
MA010120220808257124,1,3,0.0758818703855619,4.69,1.0,0.0
MA010120220808257233,5,0,0.0,0.0,1.0,0.0
MA010120220808257572,5,2,0.0184577522559474,4.9,1.0,0.0
MA010120220808258677,5,5,1.4068908941755538,0.0,1.0,0.0
MA010120220808258943,5,1,0.0102543068088597,0.0,0.0,0.0
MA010120220808258971,5,4,0.1968826907301066,4.404999999999999,1.0,1.0
MA010120220808259208,5,0,0.0,0.0,1.0,0.0
MA010120220808259326,5,2,0.0225594749794913,4.8,1.0,0.0
MA010120220808259480,5,5,1.948318293683347,4.48,1.0,0.0
MA010120220808259705,5,3,0.0779327317473338,4.59,1.0,0.0
MA010120220808259797,5,0,0.0,0.0,1.0,0.0
MA010120220808260114,5,5,1.0910582444626744,3.6,1.0,0.0
MA010120220808260839,5,1,0.0082034454470877,4.8,1.0,0.0
MA010120220808261112,5,0,0.0,4.68,1.0,1.0
MA010120220808261610,5,4,0.145611156685808,4.23,1.0,0.0
MA010120220808261669,5,1,0.0102543068088597,4.8,1.0,0.0
MA010120220808264292,1,3,0.0881870385561936,4.6,1.0,0.0
MA010120220808265383,5,1,0.0082034454470877,4.6,1.0,0.0
MA010120220808265954,5,2,0.0307629204265791,4.58,1.0,1.0
MA010120220808267069,4,5,0.2953240360951599,4.595000000000001,1.0,0.0
MA010120220808267691,5,5,0.551681706316653,4.82,1.0,1.0
MA010120220808268804,5,4,0.1804757998359311,4.6,1.0,1.0
MA010120220808269884,5,2,0.0328137817883511,4.484999999999999,1.0,0.0
MA010120220808270866,5,5,0.3589007383100903,4.745,0.0,0.0
MA010120220808271574,1,2,0.0184577522559474,0.0,1.0,0.0
MA010120220808271930,1,0,0.0,0.0,1.0,0.0
MA010120220808273067,5,5,0.8162428219852338,4.7,1.0,0.0
MA010120220808273157,1,5,0.623461853978671,3.98,0.0,0.0
MA010120220808275134,5,5,0.4347826086956521,3.805,1.0,1.0
MA010120220808276314,5,3,0.0410172272354388,3.605,1.0,0.0
MA010120220808276846,5,0,0.0,0.0,1.0,0.0
MA010120220808279572,1,0,0.0,0.0,1.0,0.0
MA010120220808279892,5,0,0.0,0.0,1.0,0.0
MA010120220808279986,5,5,1.6365873666940114,4.404999999999999,1.0,0.0
MA010120220808280102,5,1,0.0143560295324036,4.98,1.0,0.0
MA010120220808281578,5,1,0.0143560295324036,4.84,0.0,0.0
MA010120220808281765,5,5,1.2243642329778506,3.525,0.0,0.0
MA010120220808282263,5,3,0.0656275635767022,4.0,0.0,0.0
MA010120220808284833,1,2,0.0225594749794913,4.885,1.0,1.0
MA010120220808284913,5,1,0.0041017227235438,3.695,1.0,0.0
MA010120220808285438,5,0,0.0,0.0,1.0,0.0
MA010120220808288029,5,3,0.0410172272354388,4.0,1.0,0.0
MA010120220808288512,4,4,0.1107465135356849,5.0,1.0,0.0
MA010120220808289825,5,3,0.0451189499589827,4.055,1.0,0.0
MA010120220808289925,5,5,1.3125512715340442,4.48,1.0,0.0
MA010120220808290800,5,2,0.0307629204265791,5.0,1.0,1.0
MA010120220808293702,1,0,0.0,0.0,1.0,1.0
MA010120220808294519,4,0,0.0,0.0,1.0,0.0
MA010120220808294986,4,3,0.0389663658736669,3.7,1.0,0.0
MA010120220808295589,5,1,0.0102543068088597,5.0,1.0,0.0
MA010120220808296186,5,2,0.0225594749794913,4.39,1.0,0.0
MA010120220808299239,1,1,0.0102543068088597,0.0,0.0,0.0
MA010120220808299564,5,2,0.0328137817883511,5.0,1.0,1.0
MA010120220808299611,5,0,0.0,0.0,1.0,0.0
MA010120220808300062,5,1,0.0041017227235438,4.67,1.0,0.0
MA010120220808301124,5,2,0.0328137817883511,4.0,1.0,0.0
MA010120220808301873,5,0,0.0,0.0,1.0,0.0
MA010120220808303432,5,2,0.0307629204265791,4.095,1.0,0.0
MA010120220808303991,5,5,1.179245283018868,0.0,1.0,0.0
MA010120220808304609,5,3,0.0492206726825266,4.53,1.0,1.0
MA010120220808304626,5,4,0.1333059885151763,3.14,1.0,0.0
MA010120220808305164,5,2,0.0369155045118949,5.0,1.0,0.0
MA010120220808307598,5,5,1.6837571780147662,4.65,1.0,0.0
MA010120220808309567,1,5,0.5270713699753897,0.0,1.0,1.0
MA010120220808310659,5,5,1.9360131255127155,4.57,0.0,0.0
MA010120220808310797,5,4,0.1333059885151763,0.0,1.0,0.0
MA010120220808311297,5,5,1.3166529942575882,4.2,0.0,0.0
MA010120220808313211,5,4,0.254306808859721,4.765000000000001,1.0,1.0
MA010120220808313669,5,5,0.6788351107465135,4.53,1.0,0.0
MA010120220808314224,5,4,0.256357670221493,5.0,1.0,1.0
MA010120220808316286,5,0,0.0,0.0,1.0,0.0
MA010120220808316604,5,3,0.0779327317473338,4.27,1.0,0.0
MA010120220808317263,1,5,0.3732567678424938,4.3,1.0,0.0
MA010120220808318118,5,5,0.7178014766201806,4.1,1.0,0.0
MA010120220808318246,5,4,0.219442165709598,4.234999999999999,1.0,1.0
MA010120220808319844,5,1,0.0041017227235438,4.705,0.0,1.0
MA010120220808321851,5,0,0.0,0.0,1.0,0.0
MA010120220808323766,5,1,0.0020508613617719,4.0,0.0,0.0
MA010120220808326375,5,0,0.0,0.0,1.0,0.0
MA010120220808328021,5,2,0.0328137817883511,4.915,1.0,0.0
MA010120220808328727,5,5,1.0397867104183758,4.165,1.0,1.0
MA010120220808328868,5,3,0.0656275635767022,4.305,1.0,0.0
MA010120220808329094,5,0,0.0,0.0,1.0,0.0
MA010120220808329655,5,3,0.0574241181296144,2.985,1.0,0.0
MA010120220808329816,5,5,1.3084495488105006,4.385,1.0,0.0
MA010120220808329837,1,5,0.3978671041837572,4.6,0.0,0.0
MA010120220808330043,5,1,0.0041017227235438,3.305,0.0,0.0
MA010120220808330244,5,1,0.0020508613617719,5.0,1.0,0.0
MA010120220808330451,5,1,0.0041017227235438,4.32,0.0,0.0
MA010120220808330504,5,4,0.1148482362592288,4.44,1.0,1.0
MA010120220808330520,5,1,0.0061525840853158,1.0,1.0,0.0
MA010120220808331002,5,2,0.0266611977030352,4.445,1.0,1.0
MA010120220808331213,5,3,0.071780147662018,4.4,1.0,0.0
MA010120220808334146,5,0,0.0,0.0,1.0,0.0
MA010120220808335426,5,2,0.0164068908941755,4.43,1.0,0.0
MA010120220808335863,5,3,0.0553732567678424,4.720000000000001,1.0,0.0
MA010120220808337399,5,2,0.0328137817883511,4.5600000000000005,1.0,1.0
MA010120220808337475,5,4,0.1620180475799836,4.91,1.0,0.0
MA010120220808337836,5,3,0.0451189499589827,5.0,1.0,0.0
MA010120220808338622,5,4,0.1107465135356849,0.0,1.0,1.0
MA010120220808339101,5,0,0.0,0.0,1.0,0.0
MA010120220808339586,5,3,0.0451189499589827,4.4350000000000005,0.0,0.0
MA010120220808339684,5,1,0.0123051681706316,4.8,0.0,0.0
MA010120220808340458,5,3,0.0758818703855619,4.425,1.0,0.0
MA010120220808341131,5,3,0.0799835931091058,3.6,1.0,0.0
MA010120220808345180,5,5,0.6419196062346186,4.78,1.0,1.0
MA010120220808345926,5,2,0.0184577522559474,5.0,1.0,0.0
MA010120220808346489,5,2,0.0369155045118949,3.755,1.0,0.0
MA010120220808348147,5,2,0.0287120590648072,2.7,1.0,0.0
MA010120220808348315,5,1,0.0082034454470877,4.3,1.0,0.0
MA010120220808348379,5,2,0.0328137817883511,4.67,1.0,1.0
MA010120220808349537,5,3,0.0615258408531583,4.83,1.0,1.0
MA010120220808349658,5,3,0.0389663658736669,2.3,1.0,0.0
MA010120220808350359,5,3,0.0676784249384741,4.29,1.0,0.0
MA010120220808351297,5,0,0.0,0.0,0.0,0.0
MA010120220808352003,5,0,0.0,0.0,1.0,0.0
MA010120220808352187,5,5,0.367104183757178,4.59,0.0,0.0
MA010120220808353472,5,1,0.0020508613617719,2.515,1.0,0.0
MA010120220808353615,4,3,0.0389663658736669,3.685,1.0,0.0
MA010120220808354181,5,4,0.2399507793273174,4.64,1.0,0.0
MA010120220808355641,5,3,0.0820344544708777,4.25,0.0,1.0
MA010120220808355763,5,5,0.3630024610336341,3.905,1.0,0.0
MA010120220808355928,5,1,0.0082034454470877,5.0,0.0,0.0
MA010120220808358241,5,1,0.0061525840853158,4.615,1.0,0.0
MA010120220808358602,5,0,0.0,0.0,1.0,0.0
MA010120220808359707,5,5,0.4204265791632485,4.3,0.0,0.0
MA010120220808359846,5,2,0.0287120590648072,4.785,1.0,1.0
MA010120220808360009,5,1,0.0143560295324036,0.0,1.0,0.0
MA010120220808360699,5,0,0.0,4.41,1.0,0.0
MA010120220808361376,5,5,1.1915504511894996,4.6,0.0,0.0
MA010120220808362093,5,1,0.0061525840853158,3.7,1.0,0.0
MA010120220808362769,5,5,1.025430680885972,4.51,0.0,1.0
MA010120220808364357,5,2,0.0164068908941755,1.3,1.0,0.0
MA010120220808365840,5,5,0.4183757178014766,3.7,1.0,1.0
MA010120220808366345,5,5,1.2633305988515175,4.4,1.0,0.0
MA010120220808366502,5,2,0.0246103363412633,4.6,1.0,0.0
MA010120220808366562,5,1,0.0123051681706316,4.815,1.0,1.0
MA010120220808366673,5,4,0.2358490566037736,5.0,1.0,0.0
MA010120220808368663,5,5,0.440935192780968,3.6,0.0,0.0
MA010120220808369066,5,2,0.0287120590648072,5.0,1.0,0.0
MA010120220808369981,5,4,0.0984413453650533,4.890000000000001,0.0,0.0
MA010120220808370057,5,5,0.4122231337161608,0.0,0.0,1.0
MA010120220808370362,5,4,0.2091878589007383,4.04,1.0,1.0
MA010120220808370942,5,1,0.0041017227235438,5.0,1.0,0.0
MA010120220808372484,1,0,0.0,0.0,1.0,0.0
MA010120220808372783,1,0,0.0,0.0,1.0,0.0
MA010120220808373437,5,2,0.034864643150123,4.71,0.0,0.0
MA010120220808373758,1,5,0.51681706316653,0.0,1.0,0.0
MA010120220808374249,1,5,0.4573420836751435,0.0,1.0,0.0
MA010120220808374856,5,0,0.0,0.0,1.0,0.0
MA010120220808374920,1,4,0.2358490566037736,0.0,1.0,0.0
MA010120220808376083,5,3,0.0615258408531583,4.445,1.0,0.0
MA010120220808376573,5,3,0.0492206726825266,4.625,1.0,1.0
MA010120220808377358,5,1,0.0020508613617719,5.0,1.0,0.0
MA010120220808378320,5,3,0.0533223954060705,0.0,1.0,0.0
MA010120220808378485,5,3,0.0820344544708777,4.895,1.0,1.0
MA010120220808378545,5,0,0.0,0.0,0.0,0.0
MA010120220808379329,5,3,0.0779327317473338,4.2,1.0,0.0
MA010120220808379693,1,1,0.0082034454470877,4.0,1.0,0.0
MA010120220808379780,4,2,0.034864643150123,3.3,1.0,0.0
MA010120220808382171,5,4,0.1168990976210008,4.1,1.0,0.0
MA010120220808382464,5,0,0.0,0.0,1.0,0.0
MA010120220808384179,5,1,0.0061525840853158,4.085,1.0,0.0
MA010120220808384421,5,2,0.0184577522559474,4.25,1.0,1.0
MA010120220808385587,5,4,0.2378999179655455,4.71,1.0,0.0
MA010120220808386016,5,2,0.0164068908941755,4.695,1.0,1.0
MA010120220808387662,5,0,0.0,0.0,1.0,0.0
MA010120220808387744,5,5,0.3506972928630025,4.0,0.0,0.0
MA010120220808387915,5,2,0.0225594749794913,5.0,1.0,1.0
MA010120220808391136,5,4,0.2317473338802297,0.0,1.0,1.0
MA010120220808391277,1,4,0.0943396226415094,4.5,0.0,0.0
MA010120220808395846,1,1,0.0041017227235438,0.0,1.0,0.0
MA010120220808395870,5,5,1.5873666940114848,4.45,1.0,0.0
MA010120220808397355,5,2,0.0205086136177194,4.37,1.0,0.0
MA010120220808398055,5,3,0.0758818703855619,4.574999999999999,1.0,0.0
MA010120220808400357,5,5,0.2871205906480722,4.0,1.0,0.0
MA010120220808401127,5,5,0.4675963904840033,4.73,1.0,1.0
MA010120220808401515,5,2,0.0184577522559474,4.4,1.0,0.0
MA010120220808405553,5,0,0.0,0.0,1.0,0.0
MA010120220808405594,5,5,0.3630024610336341,3.9,1.0,0.0
MA010120220808405667,1,2,0.0225594749794913,3.9,1.0,0.0
MA010120220808405684,5,3,0.0738310090237899,2.8,1.0,0.0
MA010120220808406322,5,5,0.3855619360131255,3.9,0.0,1.0
MA010120220808406541,5,5,0.3199343724364233,4.550000000000001,1.0,1.0
MA010120220808407791,5,3,0.0451189499589827,5.0,1.0,0.0
MA010120220808408522,5,3,0.0410172272354388,3.9,1.0,0.0
MA010120220808409405,5,3,0.0635767022149302,2.7,1.0,0.0
MA010120220808410606,5,4,0.145611156685808,3.38,1.0,1.0
MA010120220808410896,5,4,0.1517637407711238,4.41,1.0,1.0
MA010120220808411191,5,3,0.0820344544708777,4.52,0.0,1.0
MA010120220808411236,5,5,0.3342904019688269,3.515,0.0,0.0
MA010120220808412136,5,0,0.0,0.0,1.0,0.0
MA010120220808412772,5,0,0.0,0.0,0.0,0.0
MA010120220808413859,5,0,0.0,0.0,1.0,0.0
MA010120220808414886,5,4,0.1661197703035274,5.0,0.0,0.0
MA010120220808415273,5,4,0.1148482362592288,4.7,1.0,1.0
MA010120220808416923,1,0,0.0,0.0,0.0,0.0
MA010120220808417118,5,1,0.0082034454470877,4.0,1.0,0.0
MA010120220808417427,5,3,0.0635767022149302,4.53,1.0,0.0
MA010120220808420924,5,1,0.0061525840853158,4.154999999999999,1.0,0.0
MA010120220808422762,5,0,0.0,4.0,1.0,0.0
MA010120220808424347,5,3,0.0512715340442986,3.175,1.0,0.0
MA010120220808424619,5,3,0.0615258408531583,4.665,1.0,0.0
MA010120220808425955,5,0,0.0,0.0,1.0,0.0
MA010120220808426427,5,1,0.0123051681706316,4.47,1.0,0.0
MA010120220808427037,5,5,0.3199343724364233,4.285,0.0,0.0
MA010120220808428837,5,5,0.2809680065627563,4.9,1.0,1.0
MA010120220808429055,1,1,0.0061525840853158,4.52,1.0,0.0
MA010120220808429072,5,2,0.0246103363412633,4.73,1.0,0.0
MA010120220808429459,5,2,0.0164068908941755,2.3,1.0,0.0
MA010120220808430960,5,2,0.0205086136177194,0.0,0.0,0.0
MA010120220808431525,5,1,0.0061525840853158,4.75,1.0,0.0
MA010120220808432215,5,0,0.0,0.0,1.0,0.0
MA010120220808432787,5,0,0.0,4.25,1.0,1.0
MA010120220808434706,5,3,0.0451189499589827,4.41,1.0,0.0
MA010120220808435724,5,3,0.0451189499589827,4.58,1.0,0.0
MA010120220808435912,5,0,0.0,0.0,1.0,0.0
MA010120220808437319,5,4,0.1968826907301066,4.2,1.0,1.0
MA010120220808440153,5,5,0.3773584905660377,3.9,1.0,1.0
MA010120220808440914,5,4,0.1045939294503691,0.0,1.0,0.0
MA010120220808441077,5,2,0.0307629204265791,0.0,1.0,0.0
MA010120220808441287,5,3,0.0553732567678424,4.6,1.0,0.0
MA010120220808443898,5,3,0.0389663658736669,4.555,1.0,0.0
MA010120220808444519,5,0,0.0,0.0,1.0,0.0
MA010120220808445463,5,1,0.0123051681706316,4.48,1.0,0.0
MA010120220808445680,5,4,0.256357670221493,5.0,1.0,0.0
MA010120220808447851,5,1,0.0082034454470877,4.295,1.0,0.0
MA010120220808448193,5,2,0.0246103363412633,5.0,1.0,0.0
MA010120220808448549,5,3,0.0656275635767022,4.93,1.0,1.0
MA010120220808448853,5,5,0.7547169811320754,4.69,1.0,0.0
MA010120220808448882,5,5,0.957752255947498,4.61,0.0,0.0
MA010120220808450644,5,2,0.0205086136177194,4.1,0.0,0.0
MA010120220808451172,5,2,0.0164068908941755,4.4,1.0,0.0
MA010120220808452190,5,0,0.0,0.0,1.0,0.0
MA010120220808452576,5,0,0.0,0.0,1.0,0.0
MA010120220808454464,5,5,0.5086136177194421,4.205,1.0,0.0
MA010120220808457709,5,4,0.1620180475799836,4.7,1.0,1.0
MA010120220808458521,1,5,0.9844134536505332,4.619999999999999,0.0,0.0
MA010120220808460394,5,0,0.0,0.0,1.0,0.0
MA010120220808461250,5,2,0.0184577522559474,3.4,0.0,0.0
MA010120220808462068,5,0,0.0,0.0,0.0,0.0
MA010120220808463723,5,3,0.0533223954060705,3.4,1.0,0.0
MA010120220808464493,5,5,0.3219852337981952,4.01,0.0,0.0
MA010120220808464499,5,5,0.3158326497128794,4.335,1.0,1.0
MA010120220808464738,5,2,0.034864643150123,0.0,1.0,0.0
MA010120220808465859,5,4,0.1251025430680886,4.37,1.0,0.0
MA010120220808466012,5,4,0.0922887612797374,4.67,1.0,1.0
MA010120220808466518,5,3,0.0697292863002461,5.0,1.0,0.0
MA010120220808467390,5,5,0.2912223133716161,4.215,1.0,0.0
MA010120220808467399,5,5,0.5086136177194421,4.48,1.0,0.0
MA010120220808468608,5,4,0.1353568498769483,4.6,1.0,0.0
MA010120220808469046,5,1,0.0102543068088597,0.0,1.0,0.0
MA010120220808469367,5,2,0.0184577522559474,4.3,0.0,0.0
MA010120220808470018,5,1,0.0041017227235438,4.695,1.0,0.0
MA010120220808471330,5,3,0.0799835931091058,3.0,1.0,1.0
MA010120220808471611,1,1,0.0020508613617719,0.0,1.0,0.0
MA010120220808471756,5,3,0.0635767022149302,4.0,1.0,0.0
MA010120220808472574,5,4,0.1620180475799836,3.295,0.0,0.0
MA010120220808473540,1,5,0.5475799835931091,4.69,0.0,0.0
MA010120220808474592,5,1,0.0082034454470877,4.56,1.0,0.0
MA010120220808475083,5,3,0.0656275635767022,4.9,1.0,1.0
MA010120220808476577,5,0,0.0,0.0,1.0,0.0
MA010120220808476796,5,2,0.0184577522559474,2.65,0.0,0.0
MA010120220808477793,1,4,0.1968826907301066,4.7,1.0,1.0
MA010120220808479506,5,5,0.8244462674323216,0.0,1.0,0.0
MA010120220808479567,5,0,0.0,0.0,1.0,1.0
MA010120220808479572,5,3,0.0430680885972108,4.645,1.0,0.0
MA010120220808479640,5,3,0.0697292863002461,4.71,1.0,0.0
MA010120220808480015,5,2,0.0184577522559474,0.0,1.0,0.0
MA010120220808480417,5,5,0.293273174733388,4.42,1.0,1.0
MA010120220808480421,5,0,0.0,0.0,0.0,0.0
MA010120220808480805,5,5,0.4819524200164068,0.0,1.0,0.0
MA010120220808482150,5,2,0.0184577522559474,2.2,0.0,0.0
MA010120220808482281,1,1,0.0020508613617719,0.0,1.0,0.0
MA010120220808482577,5,4,0.1066447908121411,3.85,1.0,0.0
MA010120220808484331,5,4,0.1681706316652994,4.615,1.0,0.0
MA010120220808485009,1,1,0.0020508613617719,5.0,1.0,0.0
MA010120220808485158,5,2,0.0246103363412633,3.0,1.0,0.0
MA010120220808485994,5,0,0.0,0.0,1.0,0.0
MA010120220808486005,5,0,0.0,0.0,0.0,0.0
MA010120220808486620,5,3,0.0820344544708777,4.895,1.0,0.0
MA010120220808487743,5,1,0.0102543068088597,4.8,1.0,0.0
MA010120220808488055,5,3,0.0512715340442986,0.0,1.0,0.0
MA010120220808488211,1,1,0.0020508613617719,5.0,1.0,0.0
MA010120220808490374,5,2,0.0307629204265791,0.0,1.0,0.0
MA010120220808492875,5,4,0.1189499589827727,4.5,1.0,0.0
MA010120220808493851,5,5,0.6357670221493027,4.7,0.0,0.0
MA010120220808493882,5,1,0.0102543068088597,0.0,1.0,1.0
MA010120220808494653,5,4,0.1620180475799836,4.484999999999999,1.0,0.0
MA010120220808496271,5,4,0.1866283839212469,4.66,0.0,0.0
MA010120220808498375,5,3,0.071780147662018,4.7,1.0,1.0
MA010120220808498773,5,2,0.0287120590648072,4.77,1.0,1.0
MA010120220808499637,5,1,0.0123051681706316,4.63,1.0,0.0
MA010120220808500790,5,3,0.0389663658736669,5.0,1.0,0.0
MA010120220808500926,4,0,0.0,4.29,1.0,0.0
MA010120220808500959,5,3,0.0738310090237899,4.9,1.0,0.0
MA010120220808502084,5,3,0.071780147662018,3.605,1.0,0.0
MA010120220808503417,5,5,0.8695652173913043,3.89,1.0,0.0
MA010120220808504281,1,4,0.1661197703035274,3.5,1.0,0.0
MA010120220808504591,5,4,0.0922887612797374,4.955,1.0,0.0
MA010120220808505398,5,0,0.0,0.0,1.0,0.0
MA010120220808505842,5,5,0.2604593929450369,3.895,1.0,0.0
MA010120220808506593,5,4,0.1025430680885972,4.705,1.0,0.0
MA010120220808506834,5,2,0.0266611977030352,5.0,1.0,0.0
MA010120220808507538,5,4,0.1107465135356849,3.8,1.0,1.0
MA010120220808508359,5,3,0.0410172272354388,0.0,1.0,0.0
MA010120220808508821,5,5,0.3322395406070549,3.165,0.0,0.0
MA010120220808508847,5,5,0.5537325676784249,4.654999999999999,1.0,0.0
MA010120220808508968,5,3,0.0410172272354388,5.0,1.0,0.0
MA010120220808512009,5,4,0.145611156685808,3.1,1.0,0.0
MA010120220808512247,5,5,1.294093519278097,4.26,1.0,0.0
MA010120220808512398,5,2,0.0225594749794913,4.36,1.0,0.0
MA010120220808513948,5,2,0.0287120590648072,3.795,1.0,0.0
MA010120220808515268,4,2,0.0184577522559474,4.875,1.0,0.0
MA010120220808515880,5,2,0.034864643150123,3.955,1.0,0.0
MA010120220808517488,5,5,0.6029532403609515,4.85,0.0,0.0
MA010120220808518411,5,0,0.0,4.47,1.0,0.0
MA010120220808518879,5,1,0.0020508613617719,5.0,1.0,0.0
MA010120220808519116,5,3,0.0533223954060705,4.57,0.0,0.0
MA010120220808519362,4,3,0.0430680885972108,4.154999999999999,1.0,1.0
MA010120220808521072,5,2,0.0266611977030352,4.205,1.0,0.0
MA010120220808521980,4,0,0.0,0.0,1.0,0.0
MA010120220808522095,5,0,0.0,0.0,0.0,0.0
MA010120220808522105,5,0,0.0,0.0,1.0,0.0
MA010120220808524237,5,1,0.0102543068088597,4.0,1.0,0.0
MA010120220808524494,5,0,0.0,0.0,1.0,0.0
MA010120220808527184,5,0,0.0,0.0,1.0,0.0
MA010120220808528527,5,3,0.0656275635767022,4.255,1.0,1.0
MA010120220808529958,5,5,0.2686628383921247,4.07,1.0,0.0
MA010120220808535016,4,2,0.0328137817883511,3.6,1.0,0.0
MA010120220808535965,5,3,0.0492206726825266,4.24,1.0,0.0
MA010120220808536287,5,4,0.1353568498769483,4.415,1.0,0.0
MA010120220808536400,5,1,0.0020508613617719,0.0,1.0,0.0
MA010120220808537838,5,5,0.6214109926168991,3.2,1.0,1.0
MA010120220808537862,5,4,0.182526661197703,4.8,1.0,1.0
MA010120220808537894,5,2,0.0369155045118949,4.51,1.0,0.0
MA010120220808538167,5,4,0.1066447908121411,0.0,1.0,0.0
MA010120220808538805,5,4,0.108695652173913,0.0,1.0,0.0
MA010120220808539203,5,1,0.0061525840853158,4.61,1.0,1.0
MA010120220808539577,1,2,0.0225594749794913,4.7,1.0,0.0
MA010120220808541058,5,1,0.0102543068088597,4.359999999999999,0.0,0.0
MA010120220808541242,5,4,0.2317473338802297,4.0,1.0,1.0
MA010120220808542288,5,1,0.0143560295324036,0.0,1.0,1.0
MA010120220808542892,5,1,0.0041017227235438,4.15,1.0,0.0
MA010120220808544709,5,5,0.438884331419196,4.6,1.0,0.0
MA010120220808545803,1,5,0.8449548810500409,4.1850000000000005,0.0,0.0
MA010120220808546446,5,0,0.0,0.0,1.0,0.0
MA010120220808547450,5,3,0.0615258408531583,4.74,1.0,0.0
MA010120220808548404,5,0,0.0,0.0,1.0,0.0
MA010120220808549441,5,1,0.0061525840853158,2.705,1.0,0.0
MA010120220808549498,5,3,0.0553732567678424,4.505,0.0,0.0
MA010120220808550504,5,5,0.4429860541427399,3.375,1.0,0.0
MA010120220808550653,5,2,0.0184577522559474,4.3,0.0,0.0
MA010120220808551180,5,1,0.0123051681706316,0.0,1.0,1.0
MA010120220808554109,1,2,0.034864643150123,4.49,1.0,1.0
MA010120220808554218,5,0,0.0,0.0,1.0,0.0
MA010120220808554938,5,2,0.0287120590648072,4.87,1.0,0.0
MA010120220808556131,5,0,0.0,0.0,0.0,0.0
MA010120220808556406,5,2,0.0287120590648072,4.615,1.0,0.0
MA010120220808558071,5,3,0.0840853158326497,1.6,1.0,0.0
MA010120220808559416,1,1,0.0143560295324036,0.0,1.0,0.0
MA010120220808559593,5,2,0.0225594749794913,3.3,1.0,0.0
MA010120220808560420,5,4,0.1599671862182116,4.9,1.0,0.0
MA010120220808560752,5,2,0.0328137817883511,4.605,1.0,0.0
MA010120220808561253,5,1,0.0143560295324036,4.705,0.0,0.0
MA010120220808561304,5,5,0.3178835110746513,3.5,1.0,0.0
MA010120220808562233,5,3,0.0492206726825266,4.5,1.0,0.0
MA010120220808562367,5,4,0.254306808859721,4.0600000000000005,1.0,0.0
MA010120220808564122,5,0,0.0,0.0,0.0,0.0
MA010120220808564592,5,1,0.0020508613617719,5.0,1.0,0.0
MA010120220808565140,5,0,0.0,0.0,1.0,0.0
MA010120220808565303,1,5,0.2686628383921247,0.0,1.0,0.0
MA010120220808566415,5,2,0.0246103363412633,4.734999999999999,1.0,0.0
MA010120220808566499,5,5,0.3096800656275635,4.21,1.0,0.0
MA010120220808567825,5,2,0.0225594749794913,4.33,1.0,0.0
MA010120220808569642,5,4,0.1886792452830188,4.025,0.0,0.0
MA010120220808569664,5,3,0.0410172272354388,4.1,1.0,0.0
MA010120220808569687,5,3,0.0861361771944216,4.4350000000000005,1.0,1.0
MA010120220808570375,5,5,1.1320754716981132,0.0,0.0,0.0
MA010120220808570667,5,2,0.0164068908941755,5.0,1.0,0.0
MA010120220808570886,1,5,0.5373256767842494,4.2,1.0,1.0
MA010120220808571164,5,2,0.0164068908941755,4.52,1.0,0.0
MA010120220808571596,5,5,0.2604593929450369,4.0,1.0,0.0
MA010120220808572212,5,4,0.1148482362592288,3.7,1.0,0.0
MA010120220808573534,5,0,0.0,0.0,0.0,0.0
MA010120220808573642,5,2,0.0164068908941755,5.0,1.0,0.0
MA010120220808573744,1,5,0.2891714520098442,3.64,1.0,0.0
MA010120220808574199,5,4,0.1989335520918786,3.99,1.0,0.0
MA010120220808574782,5,0,0.0,0.0,1.0,0.0
MA010120220808574817,5,3,0.0697292863002461,3.53,1.0,0.0
MA010120220808575778,5,1,0.0041017227235438,4.15,0.0,0.0
MA010120220808576852,5,2,0.034864643150123,3.89,1.0,0.0
MA010120220808576880,5,0,0.0,0.0,1.0,0.0
MA010120220808577914,5,4,0.1168990976210008,4.3,1.0,0.0
MA010120220808578009,5,0,0.0,0.0,1.0,0.0
MA010120220808580988,4,2,0.0205086136177194,3.91,1.0,0.0
MA010120220808581989,1,2,0.0287120590648072,4.4,1.0,0.0
MA010120220808585102,5,5,0.2891714520098442,4.47,0.0,1.0
MA010120220808586380,5,0,0.0,5.0,1.0,0.0
MA010120220808586938,5,3,0.0881870385561936,4.875,1.0,0.0
MA010120220808587242,5,4,0.1025430680885972,4.68,1.0,0.0
MA010120220808587342,5,5,0.4122231337161608,4.6,1.0,1.0
MA010120220808587517,5,1,0.0123051681706316,4.625,1.0,0.0
MA010120220808588275,5,1,0.0082034454470877,2.3,1.0,0.0
MA010120220808588994,5,5,0.3260869565217391,4.7,1.0,1.0
MA010120220808589951,5,0,0.0,0.0,0.0,1.0
MA010120220808590361,5,3,0.0738310090237899,4.619999999999999,1.0,0.0
MA010120220808590810,5,3,0.0738310090237899,3.77,1.0,0.0
MA010120220808591791,5,0,0.0,4.5,0.0,0.0
MA010120220808591905,4,1,0.0041017227235438,5.0,0.0,0.0
MA010120220808591925,1,0,0.0,0.0,1.0,0.0
MA010120220808593988,5,4,0.2358490566037736,4.54,1.0,1.0
MA010120220808594660,5,0,0.0,0.0,1.0,0.0
MA010120220808594732,5,5,1.83552091878589,3.79,1.0,0.0
MA010120220808595541,5,4,0.1784249384741591,2.0,1.0,0.0
MA010120220808597182,5,0,0.0,4.17,1.0,0.0
MA010120220808598302,1,5,0.3117309269893355,4.8,1.0,0.0
MA010120220808598525,5,3,0.0410172272354388,3.7,1.0,0.0
MA010120220808598911,5,0,0.0,0.0,1.0,0.0
MA010120220808599179,5,0,0.0,0.0,0.0,0.0
MA010120220808600502,5,0,0.0,0.0,1.0,0.0
MA010120220808601699,5,5,2.0283018867924527,4.25,1.0,0.0
MA010120220808603806,5,5,0.3506972928630025,0.0,1.0,0.0
MA010120220808603912,5,1,0.0082034454470877,5.0,1.0,0.0
MA010120220808604142,5,0,0.0,0.0,1.0,0.0
MA010120220808607182,5,3,0.0799835931091058,4.72,0.0,0.0
MA010120220808608809,5,2,0.0205086136177194,3.7,1.0,0.0
MA010120220808609228,5,0,0.0,0.0,1.0,0.0
MA010120220808610276,5,5,0.3055783429040197,3.805,1.0,0.0
MA010120220808610300,5,3,0.0758818703855619,2.3,1.0,0.0
MA010120220808610488,5,3,0.0840853158326497,3.885,1.0,1.0
MA010120220808610814,5,1,0.0020508613617719,0.0,1.0,0.0
MA010120220808613391,1,2,0.0184577522559474,4.3,1.0,0.0
MA010120220808614735,5,0,0.0,0.0,1.0,0.0
MA010120220808615127,5,4,0.1620180475799836,3.1,1.0,0.0
MA010120220808616295,5,3,0.0779327317473338,4.7,1.0,1.0
MA010120220808616306,5,4,0.1374077112387202,3.165,0.0,0.0
MA010120220808616479,5,5,1.140278917145201,0.0,1.0,0.0
MA010120220808617053,5,2,0.0225594749794913,4.32,1.0,0.0
MA010120220808617612,5,0,0.0,0.0,1.0,0.0
MA010120220808618167,5,0,0.0,0.0,1.0,0.0
MA010120220808618456,1,1,0.0102543068088597,5.0,1.0,0.0
MA010120220808619826,5,1,0.0020508613617719,0.0,1.0,0.0
MA010120220808620211,5,0,0.0,4.26,1.0,0.0
MA010120220808620447,5,5,1.0931091058244462,0.0,1.0,0.0
MA010120220808620505,5,3,0.0635767022149302,3.725,1.0,0.0
MA010120220808621957,5,1,0.0082034454470877,2.3,0.0,0.0
MA010120220808623962,5,2,0.0307629204265791,3.885,1.0,0.0
MA010120220808624602,5,1,0.0082034454470877,5.0,0.0,0.0
MA010120220808625720,5,1,0.0082034454470877,4.71,1.0,1.0
MA010120220808627658,1,2,0.0246103363412633,3.8,1.0,0.0
MA010120220808628038,5,4,0.1558654634946677,4.9,1.0,0.0
MA010120220808628224,5,5,0.3547990155865463,4.345,1.0,1.0
MA010120220808628232,5,5,1.9565217391304348,3.8,0.0,0.0
MA010120220808628275,5,1,0.0061525840853158,4.4,1.0,0.0
MA010120220808628841,5,5,1.3863822805578343,4.88,0.0,0.0
MA010120220808631724,4,3,0.0410172272354388,4.0,1.0,0.0
MA010120220808632218,5,4,0.1948318293683347,0.0,1.0,1.0
MA010120220808632438,1,0,0.0,0.0,1.0,0.0
MA010120220808633654,5,4,0.1866283839212469,4.26,1.0,0.0
MA010120220808633905,5,1,0.0082034454470877,4.35,1.0,0.0
MA010120220808637332,5,3,0.0512715340442986,4.1,1.0,0.0
MA010120220808637684,5,4,0.2440525020508613,0.0,1.0,0.0
MA010120220808638397,4,4,0.1743232157506152,4.085,1.0,0.0
MA010120220808640163,5,3,0.071780147662018,4.31,1.0,0.0
MA010120220808641439,5,1,0.0020508613617719,0.0,1.0,1.0
MA010120220808642061,5,0,0.0,0.0,1.0,0.0
MA010120220808644423,5,2,0.0307629204265791,3.46,1.0,0.0
MA010120220808645884,5,2,0.0246103363412633,4.67,1.0,0.0
MA010120220808646114,5,0,0.0,0.0,1.0,0.0
MA010120220808646650,5,3,0.0902378999179655,4.645,1.0,1.0
MA010120220808647244,5,2,0.0246103363412633,4.5,1.0,0.0
MA010120220808648003,5,5,0.6275635767022149,2.9,1.0,0.0
MA010120220808649626,5,2,0.034864643150123,5.0,1.0,0.0
MA010120220808650538,5,3,0.0820344544708777,4.365,1.0,0.0
MA010120220808650831,5,5,0.918785890073831,4.54,1.0,0.0
MA010120220808652069,5,0,0.0,0.0,1.0,0.0
MA010120220808652876,5,4,0.1948318293683347,4.7,1.0,0.0
MA010120220808655891,5,3,0.0697292863002461,5.0,1.0,0.0
MA010120220808655930,5,1,0.0061525840853158,0.0,1.0,1.0
MA010120220808657394,5,2,0.0266611977030352,4.785,1.0,1.0
MA010120220808658938,5,4,0.2112387202625102,3.765,1.0,0.0
MA010120220808662727,5,0,0.0,0.0,1.0,0.0
MA010120220808664050,5,1,0.0123051681706316,4.51,1.0,1.0
MA010120220808664452,5,1,0.0041017227235438,4.44,1.0,0.0
MA010120220808664817,5,5,0.258408531583265,3.6,1.0,1.0
MA010120220808665601,4,3,0.0902378999179655,4.8,1.0,1.0
MA010120220808666626,5,2,0.0369155045118949,0.0,1.0,0.0
MA010120220808667191,1,3,0.0430680885972108,4.39,1.0,1.0
MA010120220808667946,5,2,0.0307629204265791,5.0,1.0,1.0
MA010120220808667956,5,4,0.1127973748974569,4.46,1.0,0.0
MA010120220808671093,5,2,0.0266611977030352,4.27,1.0,0.0
MA010120220808671702,5,3,0.0779327317473338,3.59,1.0,0.0
MA010120220808672071,1,5,0.7772764561115669,4.655,0.0,0.0
MA010120220808672178,4,0,0.0,0.0,1.0,0.0
MA010120220808672513,5,1,0.0123051681706316,2.8,1.0,0.0
MA010120220808672564,5,3,0.0861361771944216,3.2300000000000004,1.0,0.0
MA010120220808672646,5,0,0.0,0.0,1.0,0.0
MA010120220808673322,5,2,0.0369155045118949,0.0,1.0,1.0
MA010120220808674955,5,5,0.5803937653814603,4.4350000000000005,1.0,0.0
MA010120220808677562,5,0,0.0,0.0,0.0,0.0
MA010120220808677906,5,3,0.0389663658736669,3.68,1.0,0.0
MA010120220808678554,1,4,0.2091878589007383,3.8,1.0,0.0
MA010120220808681376,5,2,0.034864643150123,4.43,1.0,0.0
MA010120220808682783,5,0,0.0,0.0,1.0,0.0
MA010120220808684679,5,5,0.9659557013945858,4.4,1.0,0.0
MA010120220808685566,4,0,0.0,0.0,1.0,0.0
MA010120220808687028,5,5,0.5947497949138638,3.4,1.0,0.0
MA010120220808689323,5,5,1.0418375717801478,4.59,1.0,0.0
MA010120220808689812,5,0,0.0,0.0,0.0,0.0
MA010120220808690007,5,0,0.0,4.3,1.0,0.0
MA010120220808690504,1,2,0.0225594749794913,1.0,0.0,0.0
MA010120220808691269,5,2,0.0307629204265791,4.755,1.0,0.0
MA010120220808691740,4,5,0.3547990155865463,0.0,1.0,1.0
MA010120220808692432,5,0,0.0,0.0,1.0,0.0
MA010120220808694070,5,4,0.1251025430680886,0.0,1.0,0.0
MA010120220808696696,5,4,0.2050861361771944,4.5,1.0,0.0
MA010120220808697314,5,3,0.0512715340442986,3.475,1.0,0.0
MA010120220808697762,5,4,0.1497128794093519,4.175,1.0,0.0
MA010120220808698564,5,3,0.0738310090237899,3.7,1.0,0.0
MA010120220808698972,5,4,0.1681706316652994,4.76,1.0,1.0
MA010120220808699860,5,2,0.0246103363412633,2.8,0.0,0.0
MA010120220808700584,5,3,0.0533223954060705,4.32,1.0,0.0
MA010120220808700959,5,0,0.0,0.0,1.0,0.0
MA010120220808701415,5,2,0.0287120590648072,4.734999999999999,1.0,0.0
MA010120220808703623,5,1,0.0123051681706316,4.640000000000001,1.0,0.0
MA010120220808706104,5,2,0.0266611977030352,3.84,1.0,0.0
MA010120220808706803,5,3,0.0389663658736669,4.5,1.0,0.0
MA010120220808706866,1,4,0.2461033634126333,3.81,0.0,0.0
MA010120220808707396,5,3,0.0656275635767022,4.8,1.0,0.0
MA010120220808707698,5,2,0.0287120590648072,4.5,1.0,0.0
MA010120220808707874,5,4,0.1004922067268252,3.705,1.0,0.0
MA010120220808708325,5,3,0.0594749794913863,0.0,1.0,0.0
MA010120220808709031,5,2,0.0266611977030352,4.035,1.0,0.0
MA010120220808709224,5,5,0.2973748974569319,0.0,1.0,0.0
MA010120220808709282,5,4,0.0943396226415094,0.0,1.0,0.0
MA010120220808709571,5,4,0.1845775225594749,4.86,1.0,0.0
MA010120220808709779,5,0,0.0,0.0,1.0,0.0
MA010120220808710348,5,2,0.0266611977030352,4.654999999999999,1.0,0.0
MA010120220808710945,5,3,0.0881870385561936,0.0,1.0,0.0
MA010120220808711619,5,3,0.0676784249384741,4.8,1.0,0.0
MA010120220808711620,4,4,0.2235438884331419,5.0,1.0,0.0
MA010120220808712195,5,0,0.0,0.0,0.0,1.0
MA010120220808714727,5,3,0.0512715340442986,4.49,1.0,0.0
MA010120220808714882,5,3,0.0430680885972108,4.22,1.0,0.0
MA010120220808715504,4,0,0.0,0.0,1.0,0.0
MA010120220808716189,5,1,0.0102543068088597,2.6,1.0,0.0
MA010120220808716715,5,4,0.2502050861361772,4.1,1.0,1.0
MA010120220808717166,1,0,0.0,0.0,1.0,0.0
MA010120220808717334,5,0,0.0,0.0,1.0,0.0
MA010120220808717493,5,2,0.0307629204265791,3.77,1.0,0.0
MA010120220808718900,5,1,0.0082034454470877,4.0,1.0,0.0
MA010120220808719043,5,0,0.0,4.58,1.0,0.0
MA010120220808720052,5,5,0.2830188679245283,3.965,0.0,0.0
MA010120220808724158,5,3,0.0881870385561936,4.095,1.0,0.0
MA010120220808725255,5,0,0.0,4.48,1.0,0.0
MA010120220808725550,5,5,0.6480721903199343,4.69,1.0,0.0
MA010120220808726493,5,2,0.0164068908941755,2.5,1.0,0.0
MA010120220808726555,5,5,0.8490566037735848,4.42,1.0,1.0
MA010120220808726675,5,5,2.1144380639868747,3.925,0.0,0.0
MA010120220808726730,5,5,0.5660377358490566,0.0,0.0,0.0
MA010120220808727356,1,1,0.0041017227235438,0.0,1.0,0.0
MA010120220808727720,5,3,0.0656275635767022,4.3,1.0,0.0
MA010120220808728327,5,1,0.0123051681706316,3.315,1.0,0.0
MA010120220808730827,5,5,0.6419196062346186,4.6,1.0,0.0
MA010120220808731423,5,0,0.0,0.0,0.0,0.0
MA010120220808732369,5,0,0.0,0.0,1.0,0.0
MA010120220808734583,5,3,0.0676784249384741,4.945,1.0,0.0
MA010120220808736376,5,5,1.3392124692370797,4.53,0.0,0.0
MA010120220808737110,5,3,0.0451189499589827,4.555,0.0,0.0
MA010120220808737169,5,3,0.0553732567678424,0.0,1.0,0.0
MA010120220808737217,5,3,0.0512715340442986,3.89,1.0,0.0
MA010120220808742242,5,0,0.0,0.0,1.0,0.0
MA010120220808742451,5,5,1.0479901558654634,3.765,1.0,0.0
MA010120220808745373,5,2,0.034864643150123,1.0,1.0,0.0
MA010120220808747186,5,0,0.0,0.0,1.0,0.0
MA010120220808750216,1,5,1.4561115668580804,4.4,1.0,0.0
MA010120220808750401,5,2,0.0164068908941755,5.0,1.0,0.0
MA010120220808750542,5,1,0.0082034454470877,4.43,1.0,1.0
MA010120220808751143,5,1,0.0123051681706316,4.55,1.0,0.0
MA010120220808751210,5,4,0.1599671862182116,4.8,1.0,0.0
MA010120220808751403,5,4,0.1476620180475799,3.36,1.0,0.0
MA010120220808751558,5,3,0.0533223954060705,5.0,1.0,0.0
MA010120220808753506,5,4,0.2050861361771944,3.815,1.0,0.0
MA010120220808755862,5,2,0.0184577522559474,3.2,1.0,0.0
MA010120220808759591,5,4,0.1866283839212469,4.3100000000000005,0.0,0.0
MA010120220808759603,5,0,0.0,0.0,1.0,0.0
MA010120220808761170,5,4,0.254306808859721,5.0,1.0,1.0
MA010120220808762758,5,5,0.3917145200984413,3.6,0.0,0.0
MA010120220808763535,5,4,0.1989335520918786,4.205,0.0,1.0
MA010120220808764795,5,4,0.1045939294503691,4.775,1.0,0.0
MA010120220808765305,5,4,0.1004922067268252,4.2,1.0,0.0
MA010120220808766149,5,3,0.0471698113207547,2.4,1.0,0.0
MA010120220808766301,5,2,0.0266611977030352,3.8,1.0,0.0
MA010120220808767710,5,4,0.1271534044298605,0.0,1.0,1.0
MA010120220808771072,5,5,0.365053322395406,4.529999999999999,1.0,0.0
MA010120220808772765,1,1,0.0041017227235438,0.0,1.0,0.0
MA010120220808775816,5,1,0.0020508613617719,4.29,1.0,0.0
MA010120220808776447,5,3,0.0656275635767022,4.59,1.0,0.0
MA010120220808776466,5,3,0.0389663658736669,3.405,1.0,0.0
MA010120220808776591,5,3,0.0430680885972108,3.395,1.0,0.0
MA010120220808779321,5,1,0.0102543068088597,0.0,1.0,0.0
MA010120220808779818,5,1,0.0020508613617719,5.0,1.0,0.0
MA010120220808780555,5,2,0.0328137817883511,4.5,1.0,0.0
MA010120220808782337,5,0,0.0,0.0,0.0,0.0
MA010120220808784789,5,3,0.0902378999179655,4.4,1.0,0.0
MA010120220808784886,4,2,0.0225594749794913,3.3,1.0,0.0
MA010120220808784945,5,4,0.0922887612797374,4.33,1.0,0.0
MA010120220808785798,5,5,1.2592288761279735,4.65,1.0,0.0
MA010120220808790291,5,1,0.0143560295324036,5.0,1.0,0.0
MA010120220808791384,5,0,0.0,0.0,1.0,0.0
MA010120220808794305,5,4,0.0922887612797374,4.78,1.0,1.0
MA010120220808796819,5,3,0.0553732567678424,5.0,1.0,1.0
MA010120220808797138,5,3,0.0656275635767022,4.8,1.0,0.0
MA010120220808797455,5,3,0.0512715340442986,5.0,1.0,0.0
MA010120220808799594,1,0,0.0,0.0,1.0,0.0
MA010120220808802121,1,0,0.0,0.0,1.0,0.0
MA010120220808802471,5,0,0.0,0.0,1.0,0.0
MA010120220808802605,5,0,0.0,0.0,1.0,0.0
MA010120220808802872,5,0,0.0,0.0,1.0,0.0
MA010120220808809992,5,4,0.1251025430680886,4.815,1.0,0.0
MA010120220808810061,5,4,0.1004922067268252,4.65,1.0,0.0
MA010120220808810510,4,1,0.0102543068088597,4.2,1.0,0.0
MA010120220808810840,5,1,0.0102543068088597,4.0,1.0,0.0
MA010120220808811038,5,3,0.0881870385561936,4.615,1.0,0.0
MA010120220808811435,5,2,0.0287120590648072,3.255,1.0,0.0
MA010120220808813869,5,2,0.0287120590648072,4.56,1.0,0.0
MA010120220808816920,1,0,0.0,0.0,1.0,0.0
MA010120220808817009,1,4,0.2030352748154225,4.5,1.0,0.0
MA010120220808818611,5,2,0.0184577522559474,4.705,1.0,1.0
MA010120220808818619,5,1,0.0041017227235438,4.4,0.0,0.0
MA010120220808821942,5,4,0.1353568498769483,3.8,1.0,0.0
MA010120220808822833,5,2,0.0369155045118949,4.255,1.0,0.0
MA010120220808823498,5,4,0.0963904840032813,3.025,1.0,0.0
MA010120220808823917,5,5,0.5803937653814603,4.275,1.0,0.0
MA010120220808824628,1,5,0.3527481542247744,4.69,1.0,0.0
MA010120220808824747,5,3,0.0512715340442986,4.654999999999999,1.0,1.0
MA010120220808825903,5,0,0.0,0.0,1.0,0.0
MA010120220808825953,5,3,0.0553732567678424,4.68,1.0,0.0
MA010120220808828763,5,1,0.0123051681706316,1.3,1.0,0.0
MA010120220808829068,5,2,0.0266611977030352,4.95,1.0,0.0
MA010120220808829667,1,0,0.0,0.0,1.0,0.0
MA010120220808830925,5,5,1.7083675143560295,4.42,1.0,0.0
MA010120220808832530,5,0,0.0,0.0,1.0,0.0
MA010120220808833746,5,3,0.0471698113207547,4.19,1.0,1.0
MA010120220808834356,1,3,0.0410172272354388,4.4350000000000005,1.0,0.0
MA010120220808836788,5,3,0.0902378999179655,3.815,1.0,0.0
MA010120220808839176,5,0,0.0,0.0,1.0,0.0
MA010120220808839715,5,5,1.474569319114028,4.08,0.0,0.0
MA010120220808840612,5,2,0.0266611977030352,4.0,1.0,0.0
MA010120220808842157,5,0,0.0,0.0,0.0,0.0
MA010120220808843361,1,0,0.0,0.0,0.0,0.0
MA010120220808871326,5,2,0.0307629204265791,4.435,1.0,1.0
MA010120220808904258,5,0,0.0,0.0,1.0,0.0
MA010120220808905322,5,3,0.0840853158326497,4.69,1.0,0.0
MA010120220808905325,5,1,0.0123051681706316,4.52,1.0,0.0
MA010120220808907032,5,2,0.034864643150123,4.345000000000001,1.0,0.0
MA010120220808907432,5,4,0.1127973748974569,0.0,1.0,1.0
MA010120220808908148,5,1,0.0102543068088597,4.285,1.0,1.0
MA010120220808909468,5,2,0.0266611977030352,4.43,1.0,0.0
MA010120220808912054,5,5,1.6058244462674325,0.0,1.0,0.0
MA010120220808912137,5,2,0.0369155045118949,4.1,0.0,0.0
MA010120220808913567,1,3,0.0594749794913863,4.82,1.0,0.0
MA010120220808913866,5,2,0.0164068908941755,4.6,1.0,0.0
MA010120220808913902,5,4,0.2235438884331419,0.0,0.0,0.0
MA010120220808914062,5,5,0.6419196062346186,4.29,1.0,0.0
MA010120220808914831,5,5,0.3589007383100903,0.0,0.0,0.0
MA010120220808920580,4,1,0.0061525840853158,5.0,1.0,0.0
MA010120220808938090,5,3,0.0512715340442986,4.720000000000001,1.0,0.0
MA010120220808946023,5,3,0.0430680885972108,0.0,1.0,0.0
MA010120220808978811,5,1,0.0061525840853158,4.705,1.0,0.0
MA010120220808979587,5,0,0.0,0.0,1.0,0.0
MA010120220808980343,5,3,0.0512715340442986,4.45,1.0,0.0
MA010120220808980911,5,3,0.0553732567678424,4.42,1.0,0.0
MA010120220808982179,5,2,0.0184577522559474,0.0,1.0,0.0
MA010120220808982612,5,2,0.0287120590648072,4.1,1.0,0.0
MA010120220808983334,5,3,0.0615258408531583,4.2,1.0,0.0
MA010120220808984265,5,5,0.4204265791632485,3.645,1.0,0.0
MA010120220808987246,5,4,0.1620180475799836,4.83,1.0,0.0
MA010120220808990780,5,3,0.0451189499589827,4.5,1.0,0.0
MA010120220808993666,5,4,0.2255947497949138,4.5,1.0,0.0
MA010120220808993696,5,1,0.0102543068088597,4.66,1.0,0.0
MA010120220808994298,5,1,0.0102543068088597,4.0,1.0,0.0
MA010120220808998152,4,4,0.1127973748974569,4.5,1.0,1.0
MA010120220809005573,5,0,0.0,0.0,1.0,0.0
MA010120220809079323,5,4,0.1025430680885972,4.75,1.0,0.0
MA010120220809083875,5,2,0.0225594749794913,4.335,1.0,0.0
MA010120220809084124,5,5,0.4922067268252666,4.73,1.0,0.0
MA010120220809085509,5,0,0.0,0.0,0.0,0.0
MA010120220809086067,5,1,0.0102543068088597,0.0,1.0,0.0
MA010120220809086240,5,4,0.1886792452830188,4.39,1.0,0.0
MA010120220809132550,5,1,0.0041017227235438,3.0,1.0,1.0
MA010120220809134944,1,4,0.2420016406890894,5.0,1.0,1.0
MA010120220809135598,5,2,0.0246103363412633,4.3,1.0,0.0
MA010120220809135972,5,4,0.2317473338802297,4.69,1.0,0.0
MA010120220809141129,5,3,0.0430680885972108,4.765000000000001,1.0,0.0
MA010120220809141442,5,3,0.0594749794913863,4.875,1.0,0.0
MA010120220809149915,1,3,0.0676784249384741,4.7,1.0,0.0
MA010120220809151008,5,2,0.0164068908941755,4.6,1.0,0.0
MA010120220809151044,5,5,1.4663658736669405,4.51,1.0,0.0
MA010120220809151456,1,0,0.0,0.0,1.0,0.0
MA010120220809196394,5,1,0.0020508613617719,5.0,1.0,0.0
MA010120220809196844,5,2,0.0287120590648072,3.7,1.0,0.0
MA010120220809197724,5,3,0.0820344544708777,0.0,1.0,0.0
MA010120220809201104,5,1,0.0041017227235438,4.5,0.0,0.0
MA010120220809202526,5,1,0.0123051681706316,3.615,1.0,0.0
MA010120220809204863,5,1,0.0123051681706316,2.8,1.0,0.0
MA010120220809206337,5,1,0.0143560295324036,4.74,1.0,0.0
MA010120220809206380,5,1,0.0020508613617719,0.0,1.0,0.0
MA010120220809206877,5,1,0.0102543068088597,0.0,1.0,0.0
MA010120220809206923,5,3,0.0758818703855619,4.54,1.0,0.0
MA010120220809207218,5,4,0.1599671862182116,0.0,1.0,0.0
MA010120220809207341,5,1,0.0082034454470877,5.0,1.0,1.0
MA010120220809215885,5,2,0.0164068908941755,4.3,1.0,0.0
MA010120220809228204,5,3,0.0512715340442986,4.82,0.0,1.0
MA010120220809228337,5,5,0.6480721903199343,4.1,0.0,1.0
MA010120220809230032,5,2,0.0246103363412633,4.455,1.0,0.0
MA010120220809230958,5,2,0.034864643150123,3.455,1.0,0.0
MA010120220809231021,5,1,0.0041017227235438,4.41,1.0,0.0
MA010120220809231478,5,5,1.4499589827727646,4.42,1.0,0.0
MA010120220809231640,5,0,0.0,0.0,1.0,0.0
MA010120220809233764,5,0,0.0,0.0,0.0,0.0
MA010120220809235715,5,4,0.1333059885151763,4.825,0.0,1.0
MA010120220809236435,5,4,0.1189499589827727,4.51,1.0,0.0
MA010120220809237796,5,2,0.0246103363412633,5.0,1.0,0.0
MA010120220809241043,5,1,0.0061525840853158,4.83,1.0,0.0
MA010120220809265458,5,3,0.0471698113207547,4.380000000000001,1.0,0.0
MA010120220809265472,5,4,0.0984413453650533,4.42,0.0,0.0
MA010120220809268098,4,4,0.1866283839212469,4.675,0.0,0.0
MA010120220809269000,5,3,0.0553732567678424,4.2,1.0,1.0
MA010120220809269678,5,3,0.0471698113207547,3.255,1.0,0.0
MA010120220809271670,5,1,0.0041017227235438,4.55,1.0,0.0
MA010120220809272002,5,4,0.1968826907301066,1.1,1.0,0.0
MA010120220809272414,1,4,0.1845775225594749,4.63,1.0,1.0
MA010120220809272815,1,0,0.0,0.0,1.0,0.0
MA010120220809273344,5,3,0.0430680885972108,4.0,1.0,0.0
MA010120220809274647,1,1,0.0082034454470877,0.0,1.0,0.0
MA010120220809274842,5,4,0.0963904840032813,4.75,1.0,0.0
MA010120220809277733,5,0,0.0,0.0,1.0,0.0
MA010120220809278279,1,4,0.1353568498769483,4.3,1.0,0.0
MA010120220809278555,5,1,0.0061525840853158,5.0,1.0,0.0
MA010120220809280058,5,3,0.0758818703855619,0.0,1.0,0.0
MA010120220809280397,5,1,0.0041017227235438,0.0,1.0,0.0
MA010120220809285522,1,0,0.0,0.0,1.0,0.0
MA010120220809290223,5,2,0.0266611977030352,0.0,1.0,0.0
MA010120220809290656,4,2,0.0307629204265791,5.0,1.0,0.0
MA010120220809290910,4,2,0.0225594749794913,2.625,1.0,1.0
MA010120220809292319,5,4,0.108695652173913,5.0,1.0,0.0
MA010120220809295792,5,3,0.0430680885972108,4.8,1.0,0.0
MA010120220809297613,5,3,0.0697292863002461,4.565,1.0,0.0
MA010120220809298667,5,2,0.0287120590648072,3.2,0.0,0.0
MA010120220809299010,5,5,0.5578342904019689,4.095,1.0,0.0
MA010120220809299754,5,0,0.0,0.0,1.0,0.0
MA010120220809300203,1,5,0.7054963084495489,0.0,1.0,0.0
MA010120220809300704,5,2,0.0307629204265791,2.7,1.0,0.0
MA010120220809301223,5,2,0.0287120590648072,5.0,1.0,0.0
MA010120220809302097,5,3,0.0451189499589827,3.9,1.0,0.0
MA010120220809303851,5,1,0.0041017227235438,4.19,1.0,1.0
MA010120220809306014,5,4,0.1045939294503691,0.0,1.0,1.0
MA010120220809306922,1,0,0.0,0.0,1.0,0.0
MA010120220809307330,5,0,0.0,0.0,1.0,0.0
MA010120220809321967,1,0,0.0,0.0,1.0,0.0
MA010120220809322128,5,5,0.6911402789171451,0.0,1.0,0.0
MA010120220809322551,5,0,0.0,0.0,0.0,0.0
MA010120220809322619,5,2,0.0184577522559474,4.675000000000001,1.0,0.0
MA010120220809324009,5,2,0.0307629204265791,4.0,0.0,0.0
MA010120220809324277,5,1,0.0061525840853158,0.0,1.0,0.0
MA010120220809326106,1,0,0.0,0.0,0.0,0.0
MA010120220809327862,5,5,0.8080393765381461,4.7,1.0,0.0
MA010120220809328324,5,2,0.0246103363412633,4.734999999999999,1.0,0.0
MA010120220809328581,5,2,0.0184577522559474,3.8,1.0,0.0
MA010120220809329894,5,2,0.0184577522559474,4.67,1.0,0.0
MA010120220809330750,5,2,0.0225594749794913,3.3,1.0,1.0
MA010120220809331537,5,2,0.0184577522559474,2.4,1.0,0.0
MA010120220809333394,5,2,0.0225594749794913,5.0,1.0,0.0
MA010120220809333599,5,2,0.0369155045118949,0.0,1.0,0.0
MA010120220809333855,5,5,1.0808039376538146,4.71,1.0,0.0
MA010120220809334523,5,3,0.0389663658736669,4.82,1.0,0.0
MA010120220809336107,5,1,0.0123051681706316,4.0,1.0,0.0
MA010120220809337092,5,2,0.0184577522559474,3.7,1.0,0.0
MA010120220809337727,5,2,0.0328137817883511,4.4,1.0,0.0
MA010120220809337826,5,0,0.0,0.0,0.0,0.0
MA010120220809337999,5,5,0.3014766201804758,0.0,1.0,0.0
MA010120220809339030,5,2,0.0164068908941755,0.0,0.0,1.0
MA010120220809340956,5,2,0.034864643150123,4.4,1.0,0.0
MA010120220809361774,1,0,0.0,0.0,1.0,0.0
MA010120220809362227,5,4,0.182526661197703,0.0,1.0,0.0
MA010120220809363840,5,1,0.0061525840853158,3.955,1.0,1.0
MA010120220809364936,5,2,0.0164068908941755,5.0,1.0,1.0
MA010120220809365555,5,5,0.404019688269073,4.8,1.0,0.0
MA010120220809368630,4,5,0.4675963904840033,4.095000000000001,1.0,1.0
MA010120220809368916,5,4,0.1517637407711238,4.390000000000001,1.0,1.0
MA010120220809369115,5,5,0.7178014766201806,4.470000000000001,0.0,0.0
MA010120220809369278,1,4,0.1107465135356849,4.69,1.0,0.0
MA010120220809370621,5,0,0.0,4.46,1.0,0.0
MA010120220809394281,1,0,0.0,0.0,1.0,0.0
MA010120220809394378,5,2,0.0205086136177194,4.43,0.0,0.0
MA010120220809396916,5,1,0.0061525840853158,5.0,1.0,1.0
MA010120220809397147,5,2,0.0246103363412633,4.605,1.0,0.0
MA010120220809397167,5,2,0.0266611977030352,4.5,1.0,0.0
MA010120220809397916,5,0,0.0,0.0,1.0,1.0
MA010120220809399820,5,3,0.0676784249384741,4.745,1.0,0.0
MA010120220809403420,5,2,0.0328137817883511,3.995,1.0,0.0
MA010120220809404853,5,5,1.251025430680886,4.74,1.0,0.0
MA010120220809405014,5,3,0.0512715340442986,4.71,0.0,0.0
MA010120220809408894,1,0,0.0,0.0,1.0,0.0
MA010120220809459705,5,0,0.0,0.0,0.0,0.0
MA010120220809460904,5,0,0.0,0.0,0.0,0.0
MA010120220809461667,5,3,0.0656275635767022,5.0,1.0,0.0
MA010120220809504003,5,4,0.145611156685808,4.8,1.0,0.0
MA010120220809529289,5,3,0.0881870385561936,3.6,1.0,0.0
MA010120220809530847,5,0,0.0,0.0,1.0,0.0
MA010120220809533886,5,4,0.1640689089417555,4.5,1.0,0.0
MA010120220809535217,5,4,0.2502050861361772,2.4,1.0,0.0
MA010120220809535257,5,3,0.0512715340442986,4.3,1.0,0.0
MA010120220809542196,4,3,0.0656275635767022,4.0,1.0,0.0
MA010120220809543666,5,0,0.0,0.0,1.0,0.0
MA010120220809561150,1,0,0.0,0.0,1.0,0.0
MA010120220809569078,5,2,0.0246103363412633,4.59,1.0,1.0
MA010120220809569136,5,4,0.0943396226415094,3.61,1.0,1.0
MA010120220809569313,5,5,0.258408531583265,4.125,1.0,0.0
MA010120220809569607,5,2,0.0369155045118949,3.9,1.0,0.0
MA010120220809569949,1,0,0.0,3.86,0.0,0.0
MA010120220809571938,1,4,0.2378999179655455,4.0,0.0,0.0
MA010120220809572711,1,0,0.0,0.0,0.0,0.0
MA010120220809573225,5,3,0.0553732567678424,4.0,1.0,0.0
MA010120220809573403,5,1,0.0082034454470877,4.43,1.0,0.0
MA010120220809573843,1,5,1.3084495488105006,4.1,1.0,0.0
MA010120220809575219,5,2,0.0307629204265791,4.455,1.0,0.0
MA010120220809575760,5,2,0.0184577522559474,3.66,1.0,0.0
MA010120220809576129,5,5,0.4696472518457752,4.1,0.0,0.0
MA010120220809578133,5,3,0.0779327317473338,3.6,1.0,0.0
MA010120220809578227,1,5,0.2830188679245283,4.8,0.0,0.0
MA010120220809579284,5,5,2.0447087776866284,4.305,0.0,0.0
MA010120220809579404,5,0,0.0,0.0,1.0,0.0
MA010120220809579573,5,4,0.1948318293683347,4.56,1.0,0.0
MA010120220809579915,5,0,0.0,4.55,1.0,0.0
MA010120220809580684,5,1,0.0061525840853158,5.0,1.0,0.0
MA010120220809586174,5,0,0.0,0.0,1.0,0.0
MA010120220809586241,5,0,0.0,0.0,1.0,0.0
MA010120220809589342,5,0,0.0,0.0,1.0,0.0
MA010120220809589755,5,3,0.0553732567678424,4.7,1.0,0.0
MA010120220809590973,5,5,0.3568498769483183,4.0,1.0,0.0
MA010120220809591376,5,5,0.4860541427399507,4.52,1.0,0.0
MA010120220809592479,5,3,0.0635767022149302,4.78,1.0,0.0
MA010120220809592492,5,0,0.0,5.0,1.0,0.0
MA010120220809594637,5,4,0.1558654634946677,4.48,1.0,0.0
MA010120220809596363,5,2,0.0287120590648072,0.0,1.0,1.0
MA010120220809597234,5,0,0.0,4.46,1.0,0.0
MA010120220809597699,5,0,0.0,0.0,0.0,0.0
MA010120220809599851,5,5,0.3917145200984413,4.17,1.0,0.0
MA010120220809599862,5,2,0.0246103363412633,2.3,1.0,0.0
MA010120220809600069,5,3,0.0881870385561936,5.0,1.0,1.0
MA010120220809600073,5,1,0.0143560295324036,5.0,1.0,0.0
MA010120220809600644,5,1,0.0061525840853158,4.3,1.0,0.0
MA010120220809601846,1,5,0.3096800656275635,4.625,1.0,0.0
MA010120220809603877,5,2,0.0205086136177194,4.42,1.0,0.0
MA010120220809605736,5,4,0.2112387202625102,4.5,1.0,0.0
MA010120220809606916,5,0,0.0,4.0,1.0,0.0
MA010120220809607011,5,5,0.6501230516817064,4.395,1.0,0.0
MA010120220809607659,5,0,0.0,0.0,1.0,0.0
MA010120220809608029,5,3,0.0533223954060705,4.5,1.0,0.0
MA010120220809610279,5,1,0.0020508613617719,4.47,1.0,0.0
MA010120220809611191,5,5,0.2891714520098442,4.525,1.0,0.0
MA010120220809611767,5,1,0.0143560295324036,4.56,1.0,1.0
MA010120220809614086,5,5,0.3917145200984413,4.779999999999999,1.0,0.0
MA010120220809615865,5,1,0.0041017227235438,5.0,0.0,0.0
MA010120220809616052,5,3,0.0861361771944216,4.815,1.0,0.0
MA010120220809616787,5,4,0.2132895816242822,3.9,1.0,0.0
MA010120220809617759,5,0,0.0,0.0,1.0,0.0
MA010120220809621545,5,4,0.0963904840032813,4.0,1.0,0.0
MA010120220809621939,5,4,0.2440525020508613,3.37,1.0,1.0
MA010120220809624097,5,3,0.0533223954060705,4.4,1.0,1.0
MA010120220809624141,4,0,0.0,0.0,1.0,0.0
MA010120220809624514,5,1,0.0082034454470877,4.28,0.0,0.0
MA010120220809624579,5,3,0.0861361771944216,4.385,1.0,1.0
MA010120220809624604,5,3,0.0676784249384741,4.404999999999999,1.0,0.0
MA010120220809625875,5,5,0.3199343724364233,4.5,1.0,0.0
MA010120220809626735,5,2,0.0246103363412633,3.8,1.0,0.0
MA010120220809628155,4,1,0.0020508613617719,5.0,1.0,0.0
MA010120220809630040,5,3,0.0615258408531583,4.5,1.0,0.0
MA010120220809631158,5,2,0.0266611977030352,0.0,1.0,1.0
MA010120220809631530,4,5,0.3835110746513536,4.665,1.0,1.0
MA010120220809631582,5,1,0.0102543068088597,0.0,1.0,1.0
MA010120220809633335,1,0,0.0,0.0,1.0,0.0
MA010120220809635256,5,2,0.0184577522559474,4.33,1.0,0.0
MA010120220809637567,5,5,0.3876127973748974,3.305,0.0,0.0
MA010120220809640758,5,4,0.108695652173913,4.8,1.0,0.0
MA010120220809641409,5,2,0.0205086136177194,0.0,1.0,0.0
MA010120220809641536,5,3,0.0635767022149302,4.5,1.0,0.0
MA010120220809641766,5,5,0.4655455291222313,4.3,1.0,0.0
MA010120220809642463,5,0,0.0,0.0,1.0,0.0
MA010120220809642695,5,3,0.0512715340442986,4.665,1.0,0.0
MA010120220809642709,5,1,0.0143560295324036,0.0,1.0,0.0
MA010120220809645323,5,1,0.0041017227235438,0.0,1.0,0.0
MA010120220809645466,5,4,0.2050861361771944,4.9,1.0,1.0
MA010120220809646000,5,5,0.4163248564397047,4.1,1.0,0.0
MA010120220809647304,5,2,0.0287120590648072,3.605,1.0,0.0
MA010120220809647397,5,4,0.1989335520918786,4.64,1.0,1.0
MA010120220809648502,5,5,0.5947497949138638,4.33,1.0,0.0
MA010120220809649529,5,5,1.357670221493027,3.7,1.0,0.0
MA010120220809650313,5,0,0.0,4.58,1.0,0.0
MA010120220809650336,5,4,0.1045939294503691,4.2,1.0,1.0
MA010120220809651646,5,1,0.0082034454470877,3.75,0.0,0.0
MA010120220809652283,5,0,0.0,0.0,1.0,0.0
MA010120220809653003,5,3,0.0389663658736669,3.3,1.0,0.0
MA010120220809656504,5,1,0.0041017227235438,0.0,1.0,0.0
MA010120220809656520,5,1,0.0143560295324036,4.475,1.0,0.0
MA010120220809656812,5,3,0.0451189499589827,4.25,1.0,0.0
MA010120220809657407,5,5,0.3137817883511074,4.9,1.0,1.0
MA010120220809657461,5,5,0.3322395406070549,4.734999999999999,1.0,1.0
MA010120220809657504,5,4,0.1599671862182116,4.005,1.0,0.0
MA010120220809658017,5,5,0.3814602132895816,3.475,1.0,1.0
MA010120220809658186,1,0,0.0,0.0,1.0,0.0
MA010120220809664144,5,5,0.3178835110746513,4.49,1.0,0.0
MA010120220809664459,5,1,0.0082034454470877,0.0,1.0,0.0
MA010120220809669595,5,4,0.108695652173913,4.7,1.0,0.0
MA010120220809669735,5,2,0.0266611977030352,4.91,1.0,0.0
MA010120220809669759,5,1,0.0020508613617719,4.54,1.0,1.0
MA010120220809669995,5,0,0.0,0.0,0.0,0.0
MA010120220809670037,5,4,0.1763740771123872,4.9,1.0,0.0
MA010120220809671447,5,1,0.0061525840853158,5.0,1.0,0.0
MA010120220809672363,1,4,0.2235438884331419,4.645,1.0,1.0
MA010120220809672952,5,4,0.1251025430680886,4.27,1.0,1.0
MA010120220809673319,5,3,0.0881870385561936,4.2,1.0,0.0
MA010120220809674062,5,2,0.0184577522559474,3.43,1.0,0.0
MA010120220809675045,5,3,0.0410172272354388,2.4,1.0,0.0
MA010120220809677449,5,5,0.6050041017227236,0.0,1.0,0.0
MA010120220809678175,5,1,0.0061525840853158,4.165,1.0,0.0
MA010120220809680100,5,4,0.2317473338802297,4.109999999999999,1.0,0.0
MA010120220809680818,5,5,1.2571780147662015,4.62,0.0,0.0
MA010120220809680930,5,5,1.806808859721083,4.405,1.0,0.0
MA010120220809681095,1,5,0.5065627563576702,4.5,1.0,0.0
MA010120220809681242,5,3,0.0594749794913863,4.16,1.0,0.0
MA010120220809682550,5,4,0.1148482362592288,4.6,1.0,0.0
MA010120220809682708,5,5,2.095980311730927,4.6,1.0,1.0
MA010120220809683085,5,2,0.0246103363412633,4.2,0.0,0.0
MA010120220809686227,4,0,0.0,0.0,1.0,0.0
MA010120220809686489,5,5,1.281788351107465,4.0600000000000005,1.0,0.0
MA010120220809688286,5,0,0.0,0.0,1.0,0.0
MA010120220809689985,5,0,0.0,4.45,1.0,0.0
MA010120220809692482,5,2,0.0225594749794913,4.2,1.0,0.0
MA010120220809694810,5,4,0.2153404429860541,4.3,1.0,0.0
MA010120220809696080,5,4,0.0963904840032813,1.7,1.0,0.0
MA010120220809696773,5,2,0.0266611977030352,4.54,1.0,0.0
MA010120220809696895,5,0,0.0,0.0,1.0,0.0
MA010120220809697039,5,3,0.0902378999179655,4.109999999999999,1.0,1.0
MA010120220809697766,5,1,0.0102543068088597,5.0,1.0,1.0
MA010120220809697987,5,1,0.0020508613617719,4.35,1.0,0.0
MA010120220809698105,5,3,0.0533223954060705,4.41,1.0,0.0
MA010120220809698392,5,0,0.0,0.0,1.0,0.0
MA010120220809699448,5,0,0.0,0.0,0.0,0.0
MA010120220809700771,5,0,0.0,0.0,1.0,0.0
MA010120220809701677,1,5,0.7608695652173914,3.4,1.0,1.0
MA010120220809702145,5,0,0.0,0.0,1.0,0.0
MA010120220809703021,5,4,0.1004922067268252,0.0,0.0,0.0
MA010120220809703211,4,0,0.0,0.0,1.0,0.0
MA010120220809703351,5,2,0.0266611977030352,4.9,1.0,1.0
MA010120220809703852,5,4,0.2276456111566858,4.9,1.0,0.0
MA010120220809703960,5,1,0.0041017227235438,0.0,1.0,0.0
MA010120220809704822,5,1,0.0143560295324036,4.57,1.0,1.0
MA010120220809705268,5,2,0.0246103363412633,4.77,1.0,0.0
MA010120220809706475,1,1,0.0123051681706316,1.0,0.0,1.0
MA010120220809706654,5,0,0.0,0.0,1.0,0.0
MA010120220809707130,5,3,0.0656275635767022,3.4400000000000004,1.0,1.0
MA010120220809708164,5,2,0.034864643150123,3.0,1.0,1.0
MA010120220809709614,5,4,0.1251025430680886,4.82,1.0,1.0
MA010120220809709980,5,4,0.1312551271534044,3.3,1.0,0.0
MA010120220809710496,5,3,0.0779327317473338,3.5,1.0,0.0
MA010120220809712078,5,5,0.4450369155045119,4.8,1.0,0.0
MA010120220809712189,5,5,0.771123872026251,4.3,0.0,0.0
MA010120220809715570,5,5,0.6808859721082855,4.335,1.0,0.0
MA010120220809716059,5,1,0.0020508613617719,5.0,1.0,0.0
MA010120220809716549,5,4,0.1640689089417555,4.6,1.0,0.0
MA010120220809716573,5,4,0.0922887612797374,4.085,1.0,0.0
MA010120220809717248,5,5,1.517637407711239,4.5,1.0,0.0
MA010120220809718736,5,2,0.0164068908941755,4.3,1.0,0.0
MA010120220809719575,1,4,0.2050861361771944,4.8,1.0,0.0
MA010120220809720516,5,2,0.0369155045118949,4.255,1.0,0.0
MA010120220809720661,5,3,0.0902378999179655,0.0,1.0,0.0
MA010120220809722132,5,4,0.1230516817063166,4.4,1.0,0.0
MA010120220809723103,5,4,0.1497128794093519,4.3,1.0,1.0
MA010120220809723110,5,1,0.0123051681706316,4.55,1.0,0.0
MA010120220809724591,5,2,0.0287120590648072,4.355,1.0,0.0
MA010120220809726002,5,5,0.4675963904840033,3.9,0.0,0.0
MA010120220809726084,5,4,0.1107465135356849,4.455,1.0,1.0
MA010120220809726237,5,3,0.0553732567678424,0.0,1.0,1.0
MA010120220809726530,5,4,0.1886792452830188,3.995,1.0,0.0
MA010120220809726593,5,0,0.0,0.0,1.0,0.0
MA010120220809726948,5,2,0.034864643150123,3.9,1.0,1.0
MA010120220809727278,5,1,0.0102543068088597,0.0,1.0,0.0
MA010120220809727572,5,1,0.0102543068088597,3.615,1.0,0.0
MA010120220809728039,5,3,0.0861361771944216,4.6,1.0,0.0
MA010120220809728856,5,0,0.0,0.0,1.0,0.0
MA010120220809729437,5,5,0.8162428219852338,4.65,0.0,0.0
MA010120220809731907,5,2,0.0287120590648072,5.0,1.0,0.0
MA010120220809733261,5,1,0.0061525840853158,3.0,1.0,0.0
MA010120220809733700,5,1,0.0123051681706316,2.625,1.0,0.0
MA010120220809734477,5,1,0.0123051681706316,5.0,1.0,0.0
MA010120220809735630,5,3,0.0779327317473338,4.545,1.0,0.0
MA010120220809736312,1,0,0.0,0.0,1.0,0.0
MA010120220809737550,5,5,0.4675963904840033,0.0,1.0,0.0
MA010120220809737664,5,0,0.0,4.17,1.0,0.0
MA010120220809738762,5,0,0.0,0.0,1.0,0.0
MA010120220809740027,5,5,0.6665299425758819,4.4,1.0,0.0
MA010120220809743568,5,4,0.1127973748974569,4.17,1.0,0.0
MA010120220809744262,5,2,0.0246103363412633,4.5,1.0,0.0
MA010120220809745520,5,4,0.1045939294503691,0.0,1.0,0.0
MA010120220809746031,5,0,0.0,4.75,1.0,1.0
MA010120220809746117,5,2,0.0246103363412633,4.915,1.0,0.0
MA010120220809748024,5,3,0.0738310090237899,4.16,1.0,0.0
MA010120220809749625,5,1,0.0061525840853158,4.51,1.0,0.0
MA010120220809749670,5,5,0.6111566858080394,4.43,1.0,0.0
MA010120220809749800,5,5,0.5352748154224775,5.0,1.0,0.0
MA010120220809750833,5,1,0.0082034454470877,5.0,1.0,0.0
MA010120220809753374,5,4,0.2440525020508613,4.41,1.0,0.0
MA010120220809754016,5,1,0.0102543068088597,5.0,1.0,0.0
MA010120220809754922,5,1,0.0041017227235438,4.5,1.0,0.0
MA010120220809755141,5,4,0.2337981952420016,3.805,1.0,0.0
MA010120220809759851,5,5,1.1279737489745694,4.4,1.0,0.0
MA010120220809759899,5,1,0.0020508613617719,5.0,1.0,0.0
MA010120220809762351,5,2,0.0205086136177194,4.4,1.0,0.0
MA010120220809762634,5,0,0.0,0.0,1.0,0.0
MA010120220809763653,5,5,0.4122231337161608,4.68,1.0,0.0
MA010120220809763954,5,0,0.0,0.0,1.0,0.0
MA010120220809767465,5,3,0.0574241181296144,1.7,1.0,0.0
MA010120220809767823,4,4,0.2112387202625102,5.0,1.0,1.0
MA010120220809767885,5,2,0.0328137817883511,3.505,0.0,0.0
MA010120220809769251,5,2,0.0184577522559474,4.07,1.0,0.0
MA010120220809769467,5,2,0.0246103363412633,4.45,1.0,0.0
MA010120220809771115,5,2,0.034864643150123,3.5,1.0,0.0
MA010120220809771951,5,5,0.4922067268252666,4.46,1.0,0.0
MA010120220809773023,5,4,0.1661197703035274,3.98,0.0,0.0
MA010120220809773274,5,2,0.0225594749794913,4.0,1.0,0.0
MA010120220809774641,5,4,0.0922887612797374,3.9,1.0,1.0
MA010120220809774746,5,5,1.3002461033634127,0.0,1.0,0.0
MA010120220809774902,5,5,0.7629204265791633,4.625,1.0,0.0
MA010120220809775114,5,5,0.477850697292863,4.6,1.0,0.0
MA010120220809775117,5,5,0.4081214109926169,4.085,1.0,0.0
MA010120220809775939,5,0,0.0,0.0,1.0,0.0
MA010120220809776296,5,5,0.9290401968826908,0.0,1.0,0.0
MA010120220809776407,5,3,0.0574241181296144,0.0,0.0,1.0
MA010120220809778001,5,2,0.0164068908941755,4.4,1.0,0.0
MA010120220809781722,5,3,0.071780147662018,4.125,1.0,1.0
MA010120220809782075,5,5,1.064397046759639,4.0,1.0,0.0
MA010120220809784591,5,5,0.5352748154224775,4.295,1.0,0.0
MA010120220809785862,5,0,0.0,0.0,1.0,0.0
MA010120220809788368,5,0,0.0,0.0,0.0,0.0
MA010120220809789303,5,5,0.6767842493847416,4.72,1.0,0.0
MA010120220809789946,5,3,0.0451189499589827,4.135,1.0,0.0
MA010120220809790974,5,5,0.8859721082854799,4.365,1.0,1.0
MA010120220809791149,5,1,0.0143560295324036,0.0,0.0,0.0
MA010120220809791863,5,1,0.0143560295324036,2.5,1.0,0.0
MA010120220809794669,5,1,0.0143560295324036,0.0,1.0,1.0
MA010120220809795013,4,1,0.0061525840853158,0.0,1.0,0.0
MA010120220809795816,5,4,0.1620180475799836,4.5,1.0,1.0
MA010120220809795855,5,3,0.0635767022149302,4.695,1.0,0.0
MA010120220809796050,5,5,0.3117309269893355,4.805,1.0,0.0
MA010120220809796293,5,4,0.1989335520918786,0.0,1.0,0.0
MA010120220809797031,5,5,0.4532403609515997,3.1,0.0,0.0
MA010120220809797883,4,4,0.1374077112387202,4.8,1.0,0.0
MA010120220809801151,5,4,0.1620180475799836,4.615,1.0,0.0
MA010120220809801441,5,5,0.4922067268252666,0.0,1.0,0.0
MA010120220809802368,5,2,0.0328137817883511,5.0,0.0,0.0
MA010120220809802435,5,4,0.1989335520918786,4.205,1.0,1.0
MA010120220809803241,5,1,0.0041017227235438,5.0,1.0,0.0
MA010120220809804378,5,3,0.0820344544708777,2.0,1.0,1.0
MA010120220809804624,5,4,0.182526661197703,4.3,1.0,0.0
MA010120220809804873,5,0,0.0,4.37,1.0,0.0
MA010120220809804982,5,3,0.071780147662018,3.725,1.0,0.0
MA010120220809805873,5,5,1.0438884331419196,3.9,1.0,0.0
MA010120220809806418,5,2,0.034864643150123,4.1850000000000005,1.0,0.0
MA010120220809806668,5,2,0.0164068908941755,4.775,1.0,0.0
MA010120220809806690,5,5,0.5270713699753897,4.6,1.0,0.0
MA010120220809807073,5,1,0.0082034454470877,3.8,1.0,0.0
MA010120220809807508,5,0,0.0,0.0,1.0,0.0
MA010120220809807787,5,5,1.6283839212469235,4.03,1.0,1.0
MA010120220809809151,5,0,0.0,0.0,0.0,0.0
MA010120220809809879,5,2,0.0184577522559474,4.815,1.0,0.0
MA010120220809811113,5,1,0.0102543068088597,4.66,1.0,0.0
MA010120220809811665,5,3,0.0410172272354388,4.805,1.0,1.0
MA010120220809812063,5,5,0.9064807219031994,4.64,1.0,0.0
MA010120220809814667,5,2,0.0184577522559474,4.43,1.0,0.0
MA010120220809814946,5,4,0.2235438884331419,3.415,0.0,0.0
MA010120220809815061,4,5,0.8736669401148482,4.49,1.0,0.0
MA010120220809815419,5,2,0.0205086136177194,0.0,1.0,0.0
MA010120220809815569,5,4,0.1107465135356849,4.6,1.0,0.0
MA010120220809817368,5,2,0.0205086136177194,4.5,0.0,0.0
MA010120220809819599,5,2,0.0225594749794913,3.29,1.0,0.0
MA010120220809820789,5,2,0.0205086136177194,3.7,1.0,1.0
MA010120220809821218,4,0,0.0,0.0,1.0,0.0
MA010120220809821829,5,3,0.0533223954060705,4.59,1.0,0.0
MA010120220809821983,5,0,0.0,0.0,1.0,0.0
MA010120220809822442,5,5,0.2625102543068088,4.0,1.0,0.0
MA010120220809822933,5,1,0.0061525840853158,4.665,1.0,1.0
MA010120220809823219,1,3,0.0410172272354388,4.77,1.0,0.0
MA010120220809823394,5,5,0.2850697292863002,4.72,1.0,0.0
MA010120220809823782,5,5,0.4901558654634946,4.5,1.0,1.0
MA010120220809824148,5,3,0.0389663658736669,3.915,1.0,1.0
MA010120220809824500,5,1,0.0102543068088597,4.6,1.0,0.0
MA010120220809826338,5,3,0.0430680885972108,3.5,0.0,0.0
MA010120220809826398,5,2,0.0246103363412633,3.5,0.0,0.0
MA010120220809827569,1,0,0.0,0.0,1.0,0.0
MA010120220809827905,5,3,0.0533223954060705,2.0,1.0,0.0
MA010120220809828503,5,0,0.0,4.36,1.0,0.0
MA010120220809829257,5,4,0.2050861361771944,4.5,1.0,0.0
MA010120220809830281,5,3,0.0861361771944216,4.619999999999999,1.0,1.0
MA010120220809830379,5,4,0.1107465135356849,4.365,1.0,0.0
MA010120220809830556,5,3,0.0656275635767022,4.075,1.0,0.0
MA010120220809830583,5,1,0.0143560295324036,3.4,1.0,0.0
MA010120220809831209,5,5,0.8716160787530763,0.0,1.0,0.0
MA010120220809831261,5,4,0.1394585726004922,4.505,1.0,0.0
MA010120220809831317,5,2,0.0266611977030352,4.8,1.0,0.0
MA010120220809831700,5,0,0.0,0.0,1.0,0.0
MA010120220809833747,5,1,0.0082034454470877,4.33,0.0,0.0
MA010120220809834064,1,2,0.0246103363412633,4.1,0.0,0.0
MA010120220809834574,5,4,0.1066447908121411,0.0,0.0,1.0
MA010120220809834716,5,1,0.0061525840853158,4.29,1.0,1.0
MA010120220809838189,5,0,0.0,0.0,1.0,0.0
MA010120220809839897,5,4,0.2481542247744052,4.65,1.0,1.0
MA010120220809841458,5,0,0.0,0.0,1.0,0.0
MA010120220809843570,5,5,1.2100082034454471,4.57,0.0,1.0
MA010120220809843872,5,2,0.0184577522559474,2.6,0.0,0.0
MA010120220809844245,5,0,0.0,0.0,1.0,0.0
MA010120220809845674,5,5,0.7178014766201806,4.65,1.0,0.0
MA010120220809846672,5,2,0.0164068908941755,4.535,1.0,1.0
MA010120220809847761,5,4,0.2030352748154225,3.7,1.0,0.0
MA010120220809847822,5,5,0.3055783429040197,0.0,1.0,0.0
MA010120220809850294,5,3,0.0738310090237899,4.93,1.0,0.0
MA010120220809851201,5,4,0.1251025430680886,4.52,1.0,0.0
MA010120220809852442,5,2,0.0328137817883511,4.8,1.0,1.0
MA010120220809852718,5,0,0.0,0.0,1.0,0.0
MA010120220809853259,5,1,0.0143560295324036,4.84,1.0,0.0
MA010120220809854478,5,4,0.2009844134536505,4.82,1.0,0.0
MA010120220809855854,5,5,0.3158326497128794,3.255,0.0,0.0
MA010120220809856350,5,5,1.611977030352748,0.0,0.0,0.0
MA010120220809856540,5,5,0.5147662018047581,4.5,1.0,0.0
MA010120220809856565,5,3,0.0389663658736669,4.2,1.0,1.0
MA010120220809857082,5,1,0.0041017227235438,4.05,1.0,0.0
MA010120220809857103,5,3,0.0533223954060705,2.1,1.0,0.0
MA010120220809860882,5,0,0.0,4.41,1.0,1.0
MA010120220809861066,5,1,0.0061525840853158,4.73,1.0,0.0
MA010120220809861999,1,1,0.0143560295324036,0.0,1.0,0.0
MA010120220809863709,4,3,0.0451189499589827,3.5,1.0,0.0
MA010120220809863877,5,1,0.0020508613617719,5.0,1.0,0.0
MA010120220809864872,5,4,0.2132895816242822,4.83,0.0,0.0
MA010120220809866500,5,2,0.0205086136177194,4.2,1.0,0.0
MA010120220809868441,5,2,0.0266611977030352,3.7,1.0,0.0
MA010120220809869457,5,1,0.0143560295324036,3.7,1.0,0.0
MA010120220809869759,5,1,0.0020508613617719,5.0,1.0,0.0
MA010120220809870655,5,5,0.2809680065627563,4.25,1.0,1.0
MA010120220809870718,5,3,0.0533223954060705,5.0,1.0,0.0
MA010120220809873974,5,3,0.0410172272354388,5.0,1.0,0.0
MA010120220809874322,5,1,0.0041017227235438,3.4450000000000003,1.0,1.0
MA010120220809875500,5,4,0.1004922067268252,0.0,1.0,0.0
MA010120220809875589,5,0,0.0,0.0,1.0,0.0
MA010120220809880696,4,1,0.0061525840853158,4.265000000000001,1.0,0.0
MA010120220809880863,5,5,0.3527481542247744,4.6,1.0,0.0
MA010120220809880977,5,3,0.0492206726825266,3.47,1.0,0.0
MA010120220809882602,5,4,0.1107465135356849,4.535,1.0,0.0
MA010120220809882764,5,0,0.0,0.0,0.0,0.0
MA010120220809882775,5,4,0.1579163248564397,3.415,1.0,1.0
MA010120220809883024,5,5,1.0438884331419196,5.0,1.0,1.0
MA010120220809883636,5,4,0.1886792452830188,4.609999999999999,1.0,1.0
MA010120220809884365,5,4,0.1312551271534044,4.58,1.0,1.0
MA010120220809884914,5,2,0.0225594749794913,0.0,1.0,0.0
MA010120220809885791,4,1,0.0061525840853158,0.0,1.0,0.0
MA010120220809886493,5,2,0.0164068908941755,4.0,1.0,0.0
MA010120220809887618,5,4,0.2296964725184577,4.77,1.0,0.0
MA010120220809889508,5,3,0.0492206726825266,4.215,1.0,0.0
MA010120220809890928,4,2,0.0205086136177194,4.8,1.0,0.0
MA010120220809892519,5,3,0.0635767022149302,4.5,0.0,0.0
MA010120220809893042,1,5,0.4142739950779328,2.0,0.0,1.0
MA010120220809894068,5,3,0.0430680885972108,4.73,1.0,0.0
MA010120220809894153,5,3,0.0820344544708777,3.42,1.0,0.0
MA010120220809895425,5,0,0.0,0.0,1.0,0.0
MA010120220809896689,5,1,0.0102543068088597,3.2,1.0,0.0
MA010120220809898547,1,0,0.0,0.0,0.0,0.0
MA010120220809899354,5,4,0.0943396226415094,4.755,1.0,0.0
MA010120220809900055,4,5,0.5475799835931091,5.0,1.0,0.0
MA010120220809900873,5,1,0.0061525840853158,0.0,1.0,0.0
MA010120220809901798,5,3,0.0389663658736669,3.465,1.0,0.0
MA010120220809902636,4,5,0.4634946677604594,4.9,1.0,0.0
MA010120220809902871,5,3,0.0594749794913863,4.38,1.0,0.0
MA010120220809904563,5,5,0.6808859721082855,4.2,1.0,0.0
MA010120220809906848,5,5,1.7801476620180476,3.825,0.0,0.0
MA010120220809909376,5,1,0.0082034454470877,2.5,1.0,0.0
MA010120220809909651,5,2,0.0225594749794913,4.5,1.0,0.0
MA010120220809909899,5,0,0.0,0.0,1.0,0.0
MA010120220809912354,5,4,0.1948318293683347,4.3,1.0,1.0
MA010120220809912936,5,1,0.0020508613617719,5.0,1.0,0.0
MA010120220809914191,5,1,0.0041017227235438,4.69,1.0,0.0
MA010120220809920049,5,1,0.0123051681706316,3.805,1.0,1.0
MA010120220809921082,5,1,0.0061525840853158,0.0,1.0,0.0
MA010120220809921226,5,3,0.0512715340442986,4.85,1.0,0.0
MA010120220809922051,5,4,0.1845775225594749,2.8,1.0,0.0
MA010120220809922329,5,1,0.0061525840853158,5.0,1.0,0.0
MA010120220809923227,5,2,0.0184577522559474,4.3,0.0,0.0
MA010120220809926451,5,2,0.0246103363412633,4.5,1.0,0.0
MA010120220809926760,5,1,0.0020508613617719,5.0,1.0,0.0
MA010120220809926838,4,1,0.0020508613617719,0.0,1.0,0.0
MA010120220809928296,5,5,0.330188679245283,3.8,1.0,0.0
MA010120220809930149,5,2,0.0266611977030352,3.355,1.0,0.0
MA010120220809931801,5,0,0.0,0.0,1.0,1.0
MA010120220809931824,5,2,0.0287120590648072,4.675,1.0,1.0
MA010120220809932000,1,0,0.0,0.0,1.0,0.0
MA010120220809932709,5,3,0.0533223954060705,4.4,1.0,0.0
MA010120220809933162,5,5,0.4634946677604594,4.74,1.0,1.0
MA010120220809933805,5,3,0.0389663658736669,4.715,1.0,0.0
MA010120220809935661,5,0,0.0,0.0,1.0,0.0
MA010120220809935911,5,3,0.0574241181296144,4.825,1.0,0.0
MA010120220809936906,1,0,0.0,0.0,1.0,0.0
MA010120220809936954,5,2,0.0205086136177194,3.5,1.0,0.0
MA010120220809937232,5,5,1.9360131255127155,4.035,1.0,0.0
MA010120220809937893,5,3,0.0840853158326497,4.8,1.0,1.0
MA010120220809940781,5,2,0.0369155045118949,3.5,0.0,0.0
MA010120220809940817,5,1,0.0041017227235438,0.0,1.0,0.0
MA010120220809942377,4,5,0.8695652173913043,4.58,1.0,0.0
MA010120220809943503,5,0,0.0,0.0,1.0,0.0
MA010120220809944796,5,5,0.2891714520098442,4.69,1.0,0.0
MA010120220809946942,5,5,0.3076292042657916,4.805,1.0,1.0
MA010120220809950024,5,0,0.0,0.0,1.0,0.0
MA010120220809952573,5,4,0.182526661197703,2.3,1.0,1.0
MA010120220809953572,5,4,0.1127973748974569,3.915,1.0,0.0
MA010120220809954822,5,1,0.0143560295324036,4.2,1.0,0.0
MA010120220809955283,5,5,1.7083675143560295,5.0,0.0,0.0
MA010120220809955410,5,4,0.1251025430680886,4.45,1.0,0.0
MA010120220809956782,5,1,0.0061525840853158,4.8100000000000005,1.0,0.0
MA010120220809956932,5,1,0.0041017227235438,0.0,1.0,0.0
MA010120220809957125,5,1,0.0143560295324036,5.0,1.0,0.0
MA010120220809957810,5,0,0.0,0.0,1.0,0.0
MA010120220809959506,5,1,0.0020508613617719,5.0,1.0,0.0
MA010120220809959827,5,2,0.0164068908941755,4.26,1.0,0.0
MA010120220809960116,5,1,0.0102543068088597,5.0,1.0,0.0
MA010120220809962723,5,1,0.0082034454470877,5.0,0.0,0.0
MA010120220809963610,5,3,0.0389663658736669,4.695,1.0,0.0
MA010120220809964065,5,3,0.0840853158326497,4.605,1.0,0.0
MA010120220809964863,4,4,0.1333059885151763,4.8,1.0,0.0
MA010120220809965688,5,5,0.3486464315012305,4.56,1.0,0.0
MA010120220809966096,5,0,0.0,0.0,1.0,0.0
MA010120220809966282,5,2,0.0328137817883511,5.0,1.0,1.0
MA010120220809967182,5,0,0.0,0.0,1.0,0.0
MA010120220809967550,5,0,0.0,0.0,1.0,0.0
MA010120220809968333,1,0,0.0,0.0,0.0,0.0
MA010120220809969130,5,1,0.0020508613617719,4.87,1.0,0.0
MA010120220809969726,5,3,0.0512715340442986,3.8,1.0,0.0
MA010120220809971894,5,2,0.034864643150123,3.0,1.0,0.0
MA010120220809972423,5,0,0.0,0.0,1.0,0.0
MA010120220809972994,5,2,0.0184577522559474,2.4,1.0,0.0
MA010120220809973260,5,2,0.0307629204265791,3.705,1.0,0.0
MA010120220809973625,5,0,0.0,0.0,1.0,0.0
MA010120220809973883,5,2,0.0184577522559474,4.6850000000000005,0.0,0.0
MA010120220809974397,5,4,0.2071369975389664,4.645,1.0,0.0
MA010120220809974663,5,0,0.0,0.0,0.0,0.0
MA010120220809974804,5,3,0.0410172272354388,3.685,1.0,0.0
MA010120220809975361,5,1,0.0020508613617719,0.0,1.0,0.0
MA010120220809975674,5,2,0.0205086136177194,3.585,1.0,0.0
MA010120220809976798,5,5,0.5844954881050041,4.68,1.0,0.0
MA010120220809977195,5,3,0.0471698113207547,4.62,1.0,1.0
MA010120220809981121,5,1,0.0020508613617719,5.0,1.0,0.0
MA010120220809983065,5,3,0.0840853158326497,3.925,1.0,1.0
MA010120220809984381,5,1,0.0041017227235438,5.0,1.0,0.0
MA010120220809985243,5,3,0.0574241181296144,3.43,1.0,0.0
MA010120220809985394,5,2,0.0184577522559474,4.23,1.0,0.0
MA010120220809985936,5,2,0.0369155045118949,4.4,1.0,0.0
MA010120220809985997,5,5,1.6735028712059064,4.75,1.0,0.0
MA010120220809987642,5,0,0.0,0.0,1.0,0.0
MA010120220809987651,5,0,0.0,0.0,0.0,0.0
MA010120220809989114,5,5,0.6521739130434783,4.6,1.0,0.0
MA010120220809990312,5,1,0.0082034454470877,4.665,1.0,0.0
MA010120220809990721,5,1,0.0061525840853158,4.7,1.0,0.0
MA010120220809992061,5,1,0.0102543068088597,5.0,1.0,0.0
MA010120220809992672,5,3,0.0779327317473338,4.7,0.0,0.0
MA010120220809995827,5,3,0.0676784249384741,4.125,1.0,1.0
MA010120220809995891,5,5,0.258408531583265,0.0,1.0,0.0
MA010120220809996951,1,3,0.0861361771944216,5.0,1.0,0.0
MA010120220809997484,5,4,0.1333059885151763,3.565,1.0,0.0
MA010120220809997549,5,5,0.3055783429040197,4.62,1.0,0.0
MA010120220809999626,5,3,0.0512715340442986,3.2,1.0,0.0
MA010120220809999757,5,4,0.1107465135356849,4.609999999999999,1.0,0.0
MA010120220810000494,5,5,0.6275635767022149,4.13,0.0,0.0
MA010120220810000787,5,0,0.0,0.0,1.0,0.0
MA010120220810001244,5,3,0.0635767022149302,4.42,1.0,1.0
MA010120220810001770,5,2,0.0307629204265791,3.675,1.0,0.0
MA010120220810002012,5,4,0.1538146021328958,4.32,1.0,0.0
MA010120220810002776,5,5,1.3392124692370797,3.705,1.0,0.0
MA010120220810002840,4,2,0.0369155045118949,4.61,1.0,1.0
MA010120220810003701,5,2,0.0246103363412633,4.1,1.0,0.0
MA010120220810004623,5,5,0.5619360131255127,5.0,1.0,0.0
MA010120220810004708,5,4,0.1948318293683347,4.56,1.0,0.0
MA010120220810006302,5,4,0.1045939294503691,4.7,1.0,0.0
MA010120220810007221,5,0,0.0,4.51,0.0,1.0
MA010120220810010740,5,4,0.1148482362592288,4.27,1.0,1.0
MA010120220810011425,5,5,0.3076292042657916,4.5,1.0,0.0
MA010120220810011629,5,3,0.0410172272354388,4.66,1.0,0.0
MA010120220810012198,5,3,0.0553732567678424,4.37,1.0,1.0
MA010120220810012347,5,0,0.0,0.0,1.0,0.0
MA010120220810012503,5,5,1.0931091058244462,4.6,1.0,0.0
MA010120220810013229,5,0,0.0,0.0,1.0,0.0
MA010120220810014168,5,0,0.0,0.0,1.0,0.0
MA010120220810014678,5,5,0.6829368334700574,4.545,1.0,0.0
MA010120220810015374,5,5,0.2912223133716161,4.65,1.0,0.0
MA010120220810016377,5,0,0.0,0.0,1.0,0.0
MA010120220810017384,5,0,0.0,0.0,0.0,0.0
MA010120220810019510,5,4,0.1968826907301066,4.5,1.0,0.0
MA010120220810020139,5,0,0.0,4.36,1.0,0.0
MA010120220810020653,4,2,0.0328137817883511,4.79,1.0,0.0
MA010120220810021229,5,4,0.2481542247744052,4.33,0.0,0.0
MA010120220810021318,1,0,0.0,0.0,1.0,0.0
MA010120220810021566,5,4,0.1558654634946677,4.8,0.0,0.0
MA010120220810022340,5,4,0.256357670221493,3.965,1.0,0.0
MA010120220810023571,5,5,0.6173092698933552,4.18,0.0,0.0
MA010120220810024273,5,4,0.1763740771123872,4.65,1.0,0.0
MA010120220810024637,5,3,0.0594749794913863,2.8,1.0,0.0
MA010120220810026094,4,5,0.6480721903199343,4.8,1.0,0.0
MA010120220810026244,5,2,0.0225594749794913,4.734999999999999,1.0,0.0
MA010120220810026668,5,4,0.1066447908121411,4.065,1.0,0.0
MA010120220810027384,5,1,0.0123051681706316,0.0,1.0,1.0
MA010120220810027436,5,1,0.0061525840853158,3.7,1.0,0.0
MA010120220810028992,5,1,0.0041017227235438,3.96,1.0,1.0
MA010120220810030056,5,3,0.0574241181296144,4.4,1.0,0.0
MA010120220810030362,5,1,0.0041017227235438,4.07,1.0,0.0
MA010120220810031017,5,2,0.0205086136177194,4.4,1.0,0.0
MA010120220810031193,5,1,0.0143560295324036,5.0,1.0,0.0
MA010120220810032916,5,4,0.1312551271534044,3.34,1.0,1.0
MA010120220810033078,5,0,0.0,0.0,1.0,0.0
MA010120220810033731,5,5,1.2428219852337985,4.6,1.0,0.0
MA010120220810033812,5,2,0.0369155045118949,4.6,1.0,0.0
MA010120220810034237,5,0,0.0,0.0,0.0,0.0
MA010120220810034909,5,3,0.0471698113207547,0.0,1.0,0.0
MA010120220810035351,5,3,0.0430680885972108,5.0,1.0,0.0
MA010120220810035361,5,5,0.3158326497128794,4.5,1.0,0.0
MA010120220810035494,5,3,0.0676784249384741,5.0,1.0,0.0
MA010120220810035763,5,2,0.0369155045118949,4.585,1.0,1.0
MA010120220810037464,5,3,0.0512715340442986,4.6,1.0,0.0
MA010120220810039012,5,1,0.0061525840853158,4.720000000000001,1.0,0.0
MA010120220810039260,5,0,0.0,0.0,0.0,0.0
MA010120220810039391,5,5,0.6091058244462675,0.0,1.0,0.0
MA010120220810039709,5,4,0.1763740771123872,0.0,1.0,1.0
MA010120220810040813,5,4,0.2112387202625102,4.2,1.0,0.0
MA010120220810043391,5,5,1.064397046759639,5.0,1.0,1.0
MA010120220810044484,5,1,0.0082034454470877,4.734999999999999,1.0,0.0
MA010120220810045634,5,5,0.5680885972108286,4.01,0.0,0.0
MA010120220810046581,1,2,0.0164068908941755,0.0,1.0,0.0
MA010120220810049836,1,2,0.0205086136177194,2.0,1.0,1.0
MA010120220810050064,1,1,0.0061525840853158,5.0,1.0,0.0
MA010120220810051902,1,0,0.0,0.0,0.0,0.0
MA010120220810052113,5,4,0.2337981952420016,4.359999999999999,1.0,1.0
MA010120220810052129,5,4,0.1148482362592288,2.0,1.0,1.0
MA010120220810052290,5,3,0.0615258408531583,5.0,1.0,0.0
MA010120220810052543,5,4,0.1312551271534044,4.95,1.0,0.0
MA010120220810055487,5,4,0.1045939294503691,0.0,1.0,0.0
MA010120220810055936,5,0,0.0,0.0,1.0,0.0
MA010120220810056196,5,3,0.0553732567678424,4.41,1.0,0.0
MA010120220810056790,5,0,0.0,0.0,1.0,0.0
MA010120220810057742,5,4,0.2461033634126333,4.0,1.0,0.0
MA010120220810058212,1,5,0.3732567678424938,4.57,1.0,0.0
MA010120220810058969,5,1,0.0123051681706316,4.49,0.0,0.0
MA010120220810059982,5,1,0.0102543068088597,3.7,1.0,0.0
MA010120220810060893,1,4,0.0943396226415094,4.385,1.0,1.0
MA010120220810063664,5,3,0.0635767022149302,0.0,1.0,1.0
MA010120220810063750,5,0,0.0,0.0,1.0,0.0
MA010120220810065008,5,5,0.7444626743232158,4.295,0.0,1.0
MA010120220810065018,5,3,0.0594749794913863,0.0,0.0,0.0
MA010120220810066521,5,5,1.177194421657096,4.42,1.0,0.0
MA010120220810067374,5,1,0.0020508613617719,3.0,1.0,0.0
MA010120220810067384,1,5,1.585315832649713,4.305,1.0,0.0
MA010120220810068109,5,0,0.0,0.0,1.0,0.0
MA010120220810068737,5,4,0.1066447908121411,4.3,0.0,0.0
MA010120220810068810,5,1,0.0102543068088597,5.0,1.0,0.0
MA010120220810069242,4,2,0.0307629204265791,3.1,1.0,0.0
MA010120220810070499,4,5,0.4963084495488105,4.48,1.0,0.0
MA010120220810072596,5,1,0.0102543068088597,5.0,1.0,1.0
MA010120220810073175,5,1,0.0143560295324036,4.8,1.0,0.0
MA010120220810073481,5,4,0.1927809680065627,4.3,1.0,0.0
MA010120220810073964,5,2,0.0287120590648072,3.37,1.0,0.0
MA010120220810074864,5,4,0.2091878589007383,4.9,1.0,0.0
MA010120220810074917,5,3,0.0840853158326497,3.72,1.0,0.0
MA010120220810076538,5,0,0.0,0.0,0.0,0.0
MA010120220810077233,4,0,0.0,0.0,1.0,0.0
MA010120220810077401,5,4,0.1620180475799836,4.44,0.0,0.0
MA010120220810077735,1,0,0.0,0.0,0.0,0.0
MA010120220810077849,5,5,1.0131255127153405,4.465,1.0,0.0
MA010120220810078031,5,0,0.0,4.44,1.0,0.0
MA010120220810083651,5,5,1.1197703035274815,4.075,1.0,0.0
MA010120220810084450,1,3,0.0779327317473338,4.3,1.0,0.0
MA010120220810084526,5,2,0.0328137817883511,0.0,1.0,0.0
MA010120220810086216,5,5,0.3035274815422477,4.800000000000001,0.0,0.0
MA010120220810087551,1,0,0.0,0.0,1.0,0.0
MA010120220810088771,5,4,0.0943396226415094,4.529999999999999,1.0,1.0
MA010120220810090730,5,1,0.0041017227235438,4.890000000000001,1.0,0.0
MA010120220810091387,5,4,0.1763740771123872,4.6850000000000005,1.0,0.0
MA010120220810091911,5,2,0.0369155045118949,4.705,1.0,0.0
MA010120220810091934,5,4,0.1004922067268252,0.0,1.0,0.0
MA010120220810092248,5,5,0.2604593929450369,4.7,1.0,0.0
MA010120220810093121,5,3,0.0758818703855619,4.77,1.0,1.0
MA010120220810093509,1,4,0.1168990976210008,0.0,1.0,0.0
MA010120220810093643,5,5,0.8203445447087777,3.5,1.0,1.0
MA010120220810094052,5,2,0.0246103363412633,4.35,1.0,0.0
MA010120220810094399,1,0,0.0,0.0,1.0,0.0
MA010120220810096332,5,5,0.877768662838392,4.76,1.0,0.0
MA010120220810096561,5,2,0.0164068908941755,4.48,1.0,0.0
MA010120220810097344,5,1,0.0020508613617719,0.0,0.0,0.0
MA010120220810097369,5,2,0.034864643150123,4.43,1.0,0.0
MA010120220810099130,5,5,0.4593929450369155,4.53,1.0,0.0
MA010120220810100966,4,1,0.0061525840853158,3.7,1.0,0.0
MA010120220810101453,5,2,0.034864643150123,3.0,1.0,0.0
MA010120220810103548,5,3,0.0881870385561936,0.0,1.0,0.0
MA010120220810104248,5,1,0.0061525840853158,4.8,1.0,0.0
MA010120220810105123,5,5,0.4655455291222313,4.035,1.0,0.0
MA010120220810105662,5,3,0.0676784249384741,4.48,1.0,0.0
MA010120220810105912,5,2,0.0164068908941755,0.0,1.0,1.0
MA010120220810106137,5,5,1.7042657916324857,4.175,0.0,0.0
MA010120220810106708,5,1,0.0102543068088597,3.2,1.0,0.0
MA010120220810107301,5,2,0.0307629204265791,5.0,1.0,1.0
MA010120220810107328,5,4,0.1353568498769483,4.35,1.0,0.0
MA010120220810107857,1,0,0.0,0.0,0.0,0.0
MA010120220810108831,5,2,0.0369155045118949,5.0,0.0,0.0
MA010120220810111163,1,0,0.0,0.0,0.0,0.0
MA010120220810112329,5,0,0.0,0.0,1.0,0.0
MA010120220810112788,5,2,0.0184577522559474,2.2,1.0,0.0
MA010120220810113058,5,3,0.0451189499589827,0.0,1.0,0.0
MA010120220810113302,5,1,0.0123051681706316,4.41,1.0,1.0
MA010120220810113913,5,3,0.0492206726825266,4.53,1.0,0.0
MA010120220810114965,5,2,0.0328137817883511,4.005,1.0,0.0
MA010120220810116138,1,5,1.0131255127153405,4.37,1.0,0.0
MA010120220810117374,5,5,0.3076292042657916,2.81,1.0,0.0
MA010120220810119104,5,2,0.0266611977030352,5.0,1.0,1.0
MA010120220810119792,5,4,0.2030352748154225,4.609999999999999,1.0,1.0
MA010120220810120576,5,1,0.0143560295324036,4.41,1.0,0.0
MA010120220810122434,5,3,0.0697292863002461,3.68,1.0,0.0
MA010120220810122618,5,5,0.7301066447908121,3.765,1.0,0.0
MA010120220810124274,4,1,0.0041017227235438,0.0,1.0,1.0
MA010120220810125238,5,1,0.0102543068088597,3.7,1.0,0.0
MA010120220810125498,5,3,0.071780147662018,4.77,1.0,0.0
MA010120220810125694,1,1,0.0020508613617719,1.0,0.0,0.0
MA010120220810126486,5,1,0.0061525840853158,4.32,1.0,0.0
MA010120220810130705,5,5,0.3999179655455291,4.5,1.0,0.0
MA010120220810134427,1,5,0.330188679245283,4.9,0.0,0.0
MA010120220810135135,5,4,0.0984413453650533,4.5,1.0,1.0
MA010120220810135210,5,4,0.1230516817063166,4.47,1.0,0.0
MA010120220810135299,5,4,0.2050861361771944,4.3,1.0,0.0
MA010120220810139778,5,1,0.0061525840853158,4.35,1.0,0.0
MA010120220810142313,5,4,0.1168990976210008,4.68,0.0,0.0
MA010120220810143153,5,2,0.0287120590648072,4.13,1.0,0.0
MA010120220810144604,5,1,0.0082034454470877,0.0,1.0,0.0
MA010120220810144916,5,2,0.0307629204265791,4.39,1.0,0.0
MA010120220810146569,5,0,0.0,4.29,1.0,0.0
MA010120220810148603,5,2,0.0328137817883511,3.605,1.0,0.0
MA010120220810149505,5,1,0.0061525840853158,0.0,1.0,1.0
MA010120220810150865,5,2,0.0225594749794913,2.2,1.0,0.0
MA010120220810150914,1,4,0.2481542247744052,4.675,1.0,0.0
MA010120220810151283,5,3,0.0820344544708777,4.220000000000001,1.0,0.0
MA010120220810153918,5,2,0.0307629204265791,0.0,1.0,0.0
MA010120220810155625,5,3,0.0820344544708777,0.0,1.0,0.0
MA010120220810155651,4,5,0.5004101722723544,4.6850000000000005,1.0,1.0
MA010120220810156262,5,4,0.1620180475799836,0.0,1.0,1.0
MA010120220810156482,5,0,0.0,0.0,1.0,0.0
MA010120220810157820,5,0,0.0,0.0,0.0,0.0
MA010120220810159233,5,3,0.0574241181296144,3.8,1.0,0.0
MA010120220810160315,5,1,0.0082034454470877,5.0,1.0,0.0
MA010120220810161095,1,2,0.0205086136177194,5.0,1.0,0.0
MA010120220810162578,5,5,0.328137817883511,4.3,1.0,0.0
MA010120220810163464,5,2,0.0369155045118949,4.925,1.0,0.0
MA010120220810166238,5,0,0.0,0.0,1.0,0.0
MA010120220810167487,5,0,0.0,0.0,1.0,0.0
MA010120220810167949,5,0,0.0,0.0,1.0,0.0
MA010120220810169514,5,0,0.0,0.0,0.0,0.0
MA010120220810169981,5,0,0.0,0.0,1.0,0.0
MA010120220810170434,1,0,0.0,0.0,1.0,0.0
MA010120220810171773,5,5,0.9433962264150944,4.185,1.0,0.0
MA010120220810171818,5,0,0.0,0.0,1.0,0.0
MA010120220810171848,5,5,0.2953240360951599,4.575,1.0,1.0
MA010120220810173208,5,3,0.0410172272354388,4.825,1.0,0.0
MA010120220810173823,5,5,0.3589007383100903,0.0,1.0,0.0
MA010120220810173910,5,4,0.1743232157506152,4.095000000000001,1.0,1.0
MA010120220810174499,5,1,0.0020508613617719,2.0,0.0,0.0
MA010120220810174526,5,0,0.0,4.47,1.0,0.0
MA010120220810174621,5,4,0.1558654634946677,3.335,1.0,0.0
MA010120220810174917,1,0,0.0,0.0,1.0,0.0
MA010120220810176223,4,3,0.0676784249384741,4.04,1.0,0.0
MA010120220810176463,5,5,0.6111566858080394,0.0,1.0,0.0
MA010120220810179428,1,1,0.0082034454470877,0.0,1.0,0.0
MA010120220810179741,5,1,0.0020508613617719,4.78,0.0,0.0
MA010120220810180067,5,5,0.3917145200984413,0.0,1.0,0.0
MA010120220810181077,5,2,0.0266611977030352,0.0,1.0,1.0
MA010120220810181156,5,5,0.6501230516817064,4.91,1.0,0.0
MA010120220810182306,5,3,0.0471698113207547,4.5,1.0,0.0
MA010120220810182497,5,1,0.0143560295324036,4.7,1.0,0.0
MA010120220810182771,1,5,0.4286300246103363,0.0,1.0,0.0
MA010120220810182997,5,2,0.0164068908941755,4.425,1.0,0.0
MA010120220810183665,5,3,0.0451189499589827,5.0,1.0,0.0
MA010120220810184512,5,2,0.0266611977030352,4.3,1.0,1.0
MA010120220810184768,5,5,0.3794093519278096,4.6,1.0,0.0
MA010120220810185792,5,5,0.3096800656275635,3.95,1.0,0.0
MA010120220810186311,5,3,0.0553732567678424,3.6,1.0,0.0
MA010120220810186351,5,3,0.0758818703855619,3.6,1.0,0.0
MA010120220810186554,5,4,0.0943396226415094,2.1,1.0,1.0
MA010120220810188021,1,0,0.0,0.0,1.0,0.0
MA010120220810189479,5,4,0.0984413453650533,4.9,1.0,0.0
MA010120220810190917,1,2,0.0225594749794913,4.31,1.0,0.0
MA010120220810191020,5,2,0.0205086136177194,5.0,1.0,0.0
MA010120220810191489,5,3,0.0410172272354388,3.65,1.0,0.0
MA010120220810192415,5,2,0.0184577522559474,4.385,1.0,0.0
MA010120220810192594,5,1,0.0143560295324036,4.25,1.0,0.0
MA010120220810192733,5,4,0.1210008203445447,4.74,0.0,0.0
MA010120220810194404,1,0,0.0,0.0,1.0,0.0
MA010120220810195374,5,0,0.0,0.0,1.0,0.0
MA010120220810196704,5,5,1.5217391304347827,4.0,1.0,0.0
MA010120220810197408,5,0,0.0,0.0,0.0,0.0
MA010120220810199262,5,1,0.0082034454470877,5.0,1.0,0.0
MA010120220810200494,5,1,0.0020508613617719,0.0,1.0,0.0
MA010120220810201540,1,3,0.0451189499589827,3.7,0.0,0.0
MA010120220810202222,5,5,1.0869565217391304,4.4,1.0,0.0
MA010120220810202296,5,2,0.0328137817883511,4.33,1.0,0.0
MA010120220810203314,5,4,0.0922887612797374,4.0,1.0,0.0
MA010120220810203664,5,2,0.0246103363412633,4.885,1.0,1.0
MA010120220810204537,5,3,0.0902378999179655,1.6,1.0,1.0
MA010120220810205229,5,5,0.586546349466776,0.0,0.0,0.0
MA010120220810206758,5,3,0.0451189499589827,4.8,1.0,0.0
MA010120220810207204,5,1,0.0041017227235438,3.0,1.0,1.0
MA010120220810207256,5,3,0.0410172272354388,3.5,0.0,0.0
MA010120220810207332,5,0,0.0,0.0,0.0,0.0
MA010120220810207595,4,0,0.0,4.64,1.0,0.0
MA010120220810208626,5,4,0.1004922067268252,4.32,1.0,0.0
MA010120220810209636,4,4,0.1743232157506152,3.275,1.0,1.0
MA010120220810210374,5,4,0.1866283839212469,3.97,1.0,1.0
MA010120220810210534,5,4,0.1292042657916325,3.395,1.0,0.0
MA010120220810210602,5,4,0.1845775225594749,4.205,1.0,0.0
MA010120220810212909,5,2,0.0205086136177194,2.6,1.0,0.0
MA010120220810214989,5,5,0.6521739130434783,4.63,1.0,0.0
MA010120220810215355,5,3,0.0676784249384741,4.665,1.0,1.0
MA010120220810216359,5,3,0.0512715340442986,2.7,1.0,0.0
MA010120220810217338,1,5,0.4840032813781788,3.6,1.0,1.0
MA010120220810217466,1,0,0.0,0.0,1.0,0.0
MA010120220810218638,5,1,0.0082034454470877,4.595000000000001,1.0,0.0
MA010120220810220646,5,4,0.2091878589007383,4.8100000000000005,1.0,0.0
MA010120220810220798,1,5,0.5783429040196884,0.0,1.0,0.0
MA010120220810222575,5,2,0.0164068908941755,4.84,1.0,0.0
MA010120220810223877,5,0,0.0,0.0,1.0,0.0
MA010120220810226242,5,4,0.1066447908121411,4.9,1.0,1.0
MA010120220810227219,5,0,0.0,0.0,1.0,0.0
MA010120220810228674,5,2,0.0369155045118949,0.0,1.0,0.0
MA010120220810229010,5,0,0.0,0.0,1.0,0.0
MA010120220810229025,5,0,0.0,0.0,1.0,0.0
MA010120220810229243,5,5,0.3240360951599672,4.665,1.0,0.0
MA010120220810230559,5,0,0.0,0.0,1.0,0.0
MA010120220810231488,5,5,0.3424938474159147,0.0,1.0,0.0
MA010120220810232033,5,0,0.0,0.0,1.0,0.0
MA010120220810232332,5,2,0.0246103363412633,4.4,0.0,0.0
MA010120220810232746,5,1,0.0082034454470877,4.245,1.0,0.0
MA010120220810233191,5,1,0.0061525840853158,4.7,1.0,0.0
MA010120220810233276,5,4,0.1702214930270713,4.4,1.0,0.0
MA010120220810233902,5,0,0.0,0.0,1.0,0.0
MA010120220810234062,5,3,0.0553732567678424,3.3,1.0,0.0
MA010120220810234087,5,1,0.0143560295324036,2.5,1.0,0.0
MA010120220810234154,5,0,0.0,0.0,1.0,0.0
MA010120220810234175,5,3,0.0471698113207547,4.77,1.0,0.0
MA010120220810234788,5,3,0.0574241181296144,4.93,1.0,1.0
MA010120220810236516,5,0,0.0,0.0,0.0,0.0
MA010120220810236804,5,4,0.2009844134536505,0.0,1.0,0.0
MA010120220810237030,5,1,0.0143560295324036,0.0,1.0,0.0
MA010120220810238394,5,5,0.3896636587366694,4.654999999999999,1.0,1.0
MA010120220810239983,5,3,0.0861361771944216,4.145,1.0,0.0
MA010120220810241043,5,4,0.0922887612797374,4.54,1.0,1.0
MA010120220810241542,5,3,0.0512715340442986,4.475,1.0,0.0
MA010120220810241774,5,5,1.2715340442986054,3.6,1.0,0.0
MA010120220810242008,5,1,0.0123051681706316,4.050000000000001,1.0,0.0
MA010120220810242241,5,1,0.0082034454470877,0.0,1.0,0.0
MA010120220810244222,5,5,0.586546349466776,4.5,0.0,1.0
MA010120220810244544,5,1,0.0082034454470877,4.5,0.0,0.0
MA010120220810244970,5,0,0.0,4.67,1.0,0.0
MA010120220810245257,5,3,0.0615258408531583,4.9,1.0,0.0
MA010120220810245954,5,1,0.0102543068088597,0.0,1.0,0.0
MA010120220810246323,5,3,0.0635767022149302,3.9,1.0,0.0
MA010120220810246923,5,5,0.6952420016406891,4.140000000000001,1.0,0.0
MA010120220810247079,5,1,0.0020508613617719,0.0,1.0,0.0
MA010120220810247267,1,0,0.0,0.0,1.0,0.0
MA010120220810248306,5,2,0.0225594749794913,4.1,0.0,1.0
MA010120220810248852,5,0,0.0,0.0,1.0,0.0
MA010120220810248876,5,1,0.0041017227235438,4.865,1.0,0.0
MA010120220810250903,5,3,0.0451189499589827,4.66,1.0,0.0
MA010120220810251033,5,5,1.2899917965545529,3.6,0.0,1.0
MA010120220810253009,5,5,0.3589007383100903,4.8,1.0,1.0
MA010120220810253903,5,1,0.0102543068088597,4.33,1.0,0.0
MA010120220810255819,5,0,0.0,0.0,0.0,0.0
MA010120220810256511,1,5,0.3178835110746513,4.55,0.0,0.0
MA010120220810256667,1,4,0.2337981952420016,4.075,1.0,0.0
MA010120220810256699,5,3,0.0594749794913863,4.234999999999999,1.0,0.0
MA010120220810256895,5,0,0.0,0.0,1.0,0.0
MA010120220810256900,1,5,0.5619360131255127,0.0,1.0,0.0
MA010120220810258560,5,5,1.6304347826086958,4.8,1.0,1.0
MA010120220810258680,4,2,0.0225594749794913,0.0,1.0,0.0
MA010120220810259487,5,3,0.0512715340442986,3.29,0.0,0.0
MA010120220810259663,5,5,0.881870385561936,4.1,1.0,0.0
MA010120220810259731,5,3,0.0656275635767022,4.125,1.0,0.0
MA010120220810262373,1,0,0.0,0.0,0.0,0.0
MA010120220810262832,5,5,0.3773584905660377,4.5,1.0,0.0
MA010120220810264765,5,3,0.0574241181296144,4.46,1.0,1.0
MA010120220810265333,5,3,0.0594749794913863,4.75,1.0,0.0
MA010120220810266130,5,0,0.0,0.0,1.0,0.0
MA010120220810266166,5,5,0.6685808039376538,4.205,1.0,1.0
MA010120220810266849,5,1,0.0020508613617719,5.0,1.0,0.0
MA010120220810266907,5,3,0.0410172272354388,3.5,1.0,0.0
MA010120220810267576,5,0,0.0,0.0,1.0,0.0
MA010120220810268374,1,5,0.9064807219031994,4.9,1.0,1.0
MA010120220810268612,5,4,0.1168990976210008,4.35,1.0,0.0
MA010120220810269193,5,4,0.1476620180475799,4.8100000000000005,1.0,1.0
MA010120220810269282,5,4,0.1168990976210008,4.37,1.0,1.0
MA010120220810269970,5,1,0.0061525840853158,3.7,1.0,0.0
MA010120220810271240,4,2,0.0369155045118949,4.75,1.0,0.0
MA010120220810271549,5,0,0.0,0.0,1.0,0.0
MA010120220810272589,5,3,0.0799835931091058,4.355,1.0,0.0
MA010120220810274481,5,0,0.0,0.0,1.0,0.0
MA010120220810274822,1,4,0.2522559474979491,4.6,1.0,1.0
MA010120220810274904,5,3,0.0574241181296144,3.4,1.0,0.0
MA010120220810275454,5,1,0.0082034454470877,4.36,1.0,0.0
MA010120220810275472,5,2,0.0164068908941755,3.2,1.0,0.0
MA010120220810276522,1,1,0.0143560295324036,0.0,1.0,1.0
MA010120220810277442,5,0,0.0,0.0,1.0,0.0
MA010120220810278536,5,4,0.108695652173913,4.47,0.0,0.0
MA010120220810278727,5,2,0.0164068908941755,0.0,1.0,0.0
MA010120220810282862,1,0,0.0,0.0,1.0,0.0
MA010120220810283579,5,5,0.5968006562756357,0.0,1.0,1.0
MA010120220810284037,4,1,0.0082034454470877,4.46,1.0,0.0
MA010120220810284098,5,4,0.0922887612797374,4.859999999999999,1.0,1.0
MA010120220810284288,5,5,0.2707136997538966,4.645,0.0,0.0
MA010120220810284598,4,0,0.0,0.0,1.0,0.0
MA010120220810286763,4,0,0.0,0.0,1.0,0.0
MA010120220810288554,5,5,0.365053322395406,0.0,1.0,0.0
MA010120220810289409,5,4,0.1517637407711238,0.0,1.0,0.0
MA010120220810290434,5,0,0.0,0.0,1.0,0.0
MA010120220810290595,5,5,0.734208367514356,4.67,1.0,1.0
MA010120220810291037,5,4,0.1558654634946677,4.79,1.0,0.0
MA010120220810291612,5,4,0.2112387202625102,4.8,1.0,0.0
MA010120220810292610,1,5,1.792452830188679,3.6,1.0,0.0
MA010120220810293759,5,5,1.7801476620180476,4.2,0.0,0.0
MA010120220810295682,5,5,0.2666119770303527,4.405,1.0,0.0
MA010120220810295825,5,3,0.0533223954060705,4.720000000000001,1.0,0.0
MA010120220810296282,5,0,0.0,0.0,1.0,0.0
MA010120220810297663,5,5,1.696062346185398,3.8,0.0,0.0
MA010120220810298595,5,4,0.1045939294503691,4.77,1.0,0.0
MA010120220810299445,5,2,0.0205086136177194,4.46,1.0,0.0
MA010120220810299523,5,3,0.0799835931091058,4.4,1.0,0.0
MA010120220810300033,5,4,0.0922887612797374,4.44,0.0,1.0
MA010120220810301118,5,2,0.0287120590648072,4.62,1.0,0.0
MA010120220810301514,1,1,0.0143560295324036,0.0,1.0,1.0
MA010120220810302112,5,3,0.071780147662018,4.720000000000001,1.0,0.0
MA010120220810302606,5,3,0.0430680885972108,3.8,1.0,0.0
MA010120220810302743,5,4,0.1599671862182116,3.695,0.0,0.0
MA010120220810304205,5,2,0.0266611977030352,4.4,1.0,1.0
MA010120220810304586,5,5,0.3937653814602133,4.8,1.0,0.0
MA010120220810304625,5,3,0.0676784249384741,4.595000000000001,0.0,0.0
MA010120220810304908,5,2,0.0287120590648072,1.8,1.0,0.0
MA010120220810308406,5,2,0.034864643150123,2.2,1.0,0.0
MA010120220810308898,5,4,0.2071369975389664,4.8,1.0,0.0
MA010120220810310103,5,4,0.2276456111566858,5.0,0.0,0.0
MA010120220810311030,5,4,0.1292042657916325,4.654999999999999,1.0,0.0
MA010120220810311976,1,2,0.0205086136177194,3.7,1.0,0.0
MA010120220810312403,5,4,0.1025430680885972,0.0,1.0,0.0
MA010120220810312846,5,0,0.0,0.0,1.0,0.0
MA010120220810313254,5,0,0.0,4.72,1.0,0.0
MA010120220810313645,5,1,0.0123051681706316,2.7,1.0,0.0
MA010120220810313938,5,3,0.0492206726825266,4.36,1.0,0.0
MA010120220810314002,5,3,0.0389663658736669,4.77,1.0,0.0
MA010120220810314567,5,3,0.0635767022149302,4.15,1.0,0.0
MA010120220810315239,5,5,0.2973748974569319,3.965,1.0,0.0
MA010120220810316019,5,0,0.0,0.0,1.0,0.0
MA010120220810316286,5,5,0.9823625922887612,3.3,0.0,0.0
MA010120220810316301,1,2,0.0184577522559474,3.7,1.0,0.0
MA010120220810318247,5,3,0.0451189499589827,5.0,1.0,0.0
MA010120220810318340,5,3,0.0553732567678424,2.3,1.0,0.0
MA010120220810319023,5,2,0.0369155045118949,4.17,1.0,1.0
MA010120220810320809,5,2,0.0328137817883511,5.0,0.0,0.0
MA010120220810322067,5,1,0.0082034454470877,4.595,1.0,0.0
MA010120220810322085,5,3,0.0615258408531583,4.16,1.0,0.0
MA010120220810323316,5,2,0.0205086136177194,4.529999999999999,1.0,0.0
MA010120220810323989,5,2,0.0225594749794913,4.43,1.0,0.0
MA010120220810325777,5,5,0.6747333880229696,4.4,0.0,0.0
MA010120220810328311,5,1,0.0061525840853158,4.720000000000001,1.0,1.0
MA010120220810329365,5,1,0.0082034454470877,3.8,1.0,0.0
MA010120220810329381,5,0,0.0,0.0,0.0,0.0
MA010120220810331775,5,1,0.0041017227235438,5.0,1.0,0.0
MA010120220810332182,5,2,0.0184577522559474,4.19,1.0,0.0
MA010120220810332429,5,4,0.1210008203445447,0.0,1.0,0.0
MA010120220810333306,5,2,0.034864643150123,3.545,1.0,0.0
MA010120220810333882,5,1,0.0061525840853158,4.53,1.0,0.0
MA010120220810336599,4,0,0.0,0.0,1.0,0.0
MA010120220810338185,5,2,0.0164068908941755,0.0,1.0,0.0
MA010120220810340671,5,1,0.0143560295324036,5.0,1.0,0.0
MA010120220810341984,5,3,0.0492206726825266,4.41,0.0,0.0
MA010120220810342608,5,0,0.0,0.0,1.0,0.0
MA010120220810343380,5,0,0.0,0.0,1.0,0.0
MA010120220810343445,5,4,0.1353568498769483,4.535,1.0,0.0
MA010120220810344417,5,4,0.0943396226415094,5.0,1.0,0.0
MA010120220810345134,1,5,0.7034454470877769,4.6,1.0,0.0
MA010120220810345326,5,4,0.1886792452830188,4.59,1.0,0.0
MA010120220810345824,4,4,0.2337981952420016,4.9,1.0,0.0
MA010120220810345944,5,5,0.7526661197703035,4.15,1.0,0.0
MA010120220810346388,5,0,0.0,0.0,1.0,0.0
MA010120220810346765,5,0,0.0,0.0,1.0,0.0
MA010120220810348466,1,2,0.0225594749794913,3.8,1.0,0.0
MA010120220810348576,5,3,0.0799835931091058,3.935,1.0,1.0
MA010120220810349166,5,2,0.034864643150123,3.9,0.0,0.0
MA010120220810349853,1,0,0.0,0.0,1.0,0.0
MA010120220810353892,5,4,0.1784249384741591,4.7,1.0,0.0
MA010120220810354548,5,4,0.0922887612797374,0.0,1.0,0.0
MA010120220810355732,1,2,0.0246103363412633,4.33,1.0,1.0
MA010120220810355799,5,0,0.0,0.0,0.0,0.0
MA010120220810356772,4,0,0.0,0.0,1.0,0.0
MA010120220810357063,5,0,0.0,0.0,1.0,0.0
MA010120220810357807,5,3,0.0430680885972108,4.4,1.0,1.0
MA010120220810359628,5,0,0.0,0.0,1.0,0.0
MA010120220810361339,5,5,0.3014766201804758,4.71,1.0,1.0
MA010120220810362364,5,5,0.4491386382280558,4.7,1.0,0.0
MA010120220810362933,5,3,0.0574241181296144,4.0,1.0,0.0
MA010120220810363266,5,0,0.0,0.0,1.0,0.0
MA010120220810364524,5,3,0.071780147662018,4.79,1.0,0.0
MA010120220810364837,5,4,0.2009844134536505,4.699999999999999,1.0,0.0
MA010120220810365687,5,3,0.0615258408531583,4.6,1.0,1.0
MA010120220810365960,5,2,0.0328137817883511,4.66,0.0,1.0
MA010120220810366947,5,0,0.0,0.0,0.0,0.0
MA010120220810367466,5,4,0.219442165709598,4.109999999999999,1.0,0.0
MA010120220810372529,5,1,0.0102543068088597,5.0,1.0,0.0
MA010120220810374283,5,2,0.034864643150123,4.5,1.0,0.0
MA010120220810375852,5,4,0.1107465135356849,4.4,1.0,0.0
MA010120220810376579,4,1,0.0143560295324036,3.0,1.0,0.0
MA010120220810378412,5,0,0.0,0.0,0.0,0.0
MA010120220810379098,5,2,0.0184577522559474,4.75,1.0,1.0
MA010120220810379140,5,2,0.0307629204265791,5.0,1.0,0.0
MA010120220810379872,5,2,0.0164068908941755,4.94,1.0,1.0
MA010120220810380600,5,2,0.0369155045118949,4.99,1.0,1.0
MA010120220810382955,5,0,0.0,0.0,1.0,1.0
MA010120220810384215,5,1,0.0123051681706316,4.38,1.0,0.0
MA010120220810385820,5,3,0.0410172272354388,3.7,1.0,0.0
MA010120220810386622,5,0,0.0,0.0,1.0,0.0
MA010120220810387465,5,4,0.2153404429860541,0.0,1.0,0.0
MA010120220810388259,5,3,0.0799835931091058,4.4,0.0,0.0
MA010120220810388332,5,3,0.0389663658736669,3.81,1.0,1.0
MA010120220810388967,5,2,0.0266611977030352,3.8,1.0,0.0
MA010120220810389198,5,1,0.0061525840853158,5.0,1.0,0.0
MA010120220810391823,5,4,0.1517637407711238,3.4,1.0,0.0
MA010120220810391871,5,2,0.0205086136177194,3.7,1.0,0.0
MA010120220810393715,5,4,0.2214930270713699,3.8,1.0,0.0
MA010120220810397232,5,0,0.0,0.0,1.0,0.0
MA010120220810398280,5,2,0.0307629204265791,3.965,1.0,0.0
MA010120220810398373,5,2,0.0328137817883511,3.855,1.0,0.0
MA010120220810399375,5,0,0.0,0.0,1.0,1.0
MA010120220810403291,5,2,0.0164068908941755,4.6,1.0,0.0
MA010120220810404461,5,1,0.0020508613617719,4.58,1.0,1.0
MA010120220810404702,5,0,0.0,0.0,1.0,0.0
MA010120220810406470,5,0,0.0,0.0,1.0,0.0
MA010120220810406602,1,0,0.0,0.0,0.0,0.0
MA010120220810406818,5,0,0.0,0.0,1.0,0.0
MA010120220810409182,5,0,0.0,0.0,1.0,0.0
MA010120220810410629,5,0,0.0,0.0,1.0,0.0
MA010120220810414302,4,2,0.0225594749794913,3.6,1.0,0.0
MA010120220810415198,5,3,0.0758818703855619,4.315,1.0,0.0
MA010120220810419791,5,2,0.0369155045118949,0.0,1.0,0.0
MA010120220810420590,1,5,0.2604593929450369,4.1,1.0,0.0
MA010120220810423722,1,1,0.0020508613617719,5.0,1.0,0.0
MA010120220810424103,5,3,0.0430680885972108,3.62,0.0,1.0
MA010120220810424326,5,0,0.0,4.42,1.0,1.0
MA010120220810424700,5,5,0.2973748974569319,4.43,1.0,0.0
MA010120220810424754,5,5,0.7095980311730927,5.0,1.0,0.0
MA010120220810424799,5,2,0.0369155045118949,4.1,1.0,0.0
MA010120220810424805,5,0,0.0,0.0,1.0,0.0
MA010120220810425108,1,1,0.0020508613617719,4.48,1.0,0.0
MA010120220810426100,5,5,0.5557834290401968,4.5,1.0,1.0
MA010120220810426770,5,0,0.0,0.0,1.0,0.0
MA010120220810427099,5,5,0.8613617719442166,4.6,1.0,0.0
MA010120220810431199,5,5,0.4819524200164068,4.57,1.0,0.0
MA010120220810431803,5,0,0.0,0.0,1.0,0.0
MA010120220810432866,5,5,0.2871205906480722,4.015,1.0,0.0
MA010120220810433268,1,3,0.0615258408531583,5.0,1.0,0.0
MA010120220810433480,1,4,0.1045939294503691,5.0,1.0,0.0
MA010120220810434520,5,4,0.2358490566037736,4.6,1.0,0.0
MA010120220810435359,5,5,0.2727645611156686,4.455,1.0,1.0
MA010120220810436756,4,5,0.3917145200984413,4.295,1.0,1.0
MA010120220810436951,5,2,0.0205086136177194,4.5,1.0,0.0
MA010120220810437869,5,3,0.0779327317473338,5.0,0.0,0.0
MA010120220810438078,5,4,0.0984413453650533,3.6,1.0,0.0
MA010120220810438388,5,4,0.2440525020508613,4.63,1.0,1.0
MA010120220810439743,5,5,0.6173092698933552,0.0,1.0,1.0
MA010120220810439775,5,4,0.0984413453650533,3.4,1.0,1.0
MA010120220810440463,5,1,0.0020508613617719,1.0,1.0,0.0
MA010120220810441002,5,1,0.0082034454470877,3.8,0.0,0.0
MA010120220810441365,5,5,0.3424938474159147,4.6,1.0,0.0
MA010120220810441989,5,3,0.0512715340442986,4.165,1.0,0.0
MA010120220810442633,5,1,0.0041017227235438,3.0,1.0,0.0
MA010120220810443199,5,4,0.0963904840032813,3.965,1.0,0.0
MA010120220810444632,5,3,0.0492206726825266,0.0,1.0,0.0
MA010120220810445306,5,0,0.0,0.0,1.0,0.0
MA010120220810445689,5,3,0.0840853158326497,4.12,0.0,0.0
MA010120220810447139,5,3,0.0697292863002461,3.0,1.0,0.0
MA010120220810447294,5,2,0.0184577522559474,3.2,1.0,1.0
MA010120220810447325,5,1,0.0143560295324036,5.0,1.0,1.0
MA010120220810447490,5,0,0.0,0.0,1.0,0.0
MA010120220810448269,5,2,0.0184577522559474,4.67,1.0,1.0
MA010120220810448657,5,2,0.0369155045118949,3.46,1.0,0.0
MA010120220810451175,5,5,0.551681706316653,3.7,1.0,0.0
MA010120220810451625,5,3,0.0758818703855619,4.8,1.0,0.0
MA010120220810453930,5,1,0.0123051681706316,5.0,1.0,0.0
MA010120220810456617,5,3,0.0779327317473338,3.53,0.0,0.0
MA010120220810457406,1,1,0.0082034454470877,4.0,1.0,0.0
MA010120220810466953,5,3,0.0389663658736669,3.915,1.0,0.0
MA010120220810467515,5,1,0.0102543068088597,4.2,1.0,1.0
MA010120220810479642,5,4,0.1045939294503691,4.715,1.0,0.0
MA010120220810479679,5,2,0.0164068908941755,5.0,1.0,0.0
MA010120220810480245,5,4,0.2112387202625102,4.68,0.0,0.0
MA010120220810480633,5,0,0.0,0.0,0.0,0.0
MA010120220810480945,5,4,0.1025430680885972,4.4,1.0,1.0
MA010120220810482307,5,4,0.1681706316652994,0.0,0.0,0.0
MA010120220810482538,1,1,0.0082034454470877,0.0,1.0,0.0
MA010120220810482696,5,3,0.0881870385561936,4.46,1.0,0.0
MA010120220810483392,5,5,2.4056603773584904,4.83,1.0,0.0
MA010120220810483664,5,5,0.2871205906480722,4.6,0.0,0.0
MA010120220810483784,5,2,0.0369155045118949,5.0,1.0,0.0
MA010120220810484930,5,3,0.0430680885972108,2.7,1.0,0.0
MA010120220810487535,5,0,0.0,0.0,1.0,0.0
MA010120220810488903,5,1,0.0041017227235438,4.44,1.0,0.0
MA010120220810489229,5,3,0.0451189499589827,4.62,1.0,0.0
MA010120220810489895,4,5,0.4450369155045119,4.73,1.0,0.0
MA010120220810490366,5,3,0.0430680885972108,4.8,1.0,0.0
MA010120220810490728,5,2,0.0266611977030352,4.28,1.0,0.0
MA010120220810492861,5,4,0.1517637407711238,3.965,1.0,0.0
MA010120220810493239,5,3,0.0553732567678424,4.0,0.0,0.0
MA010120220810494685,5,4,0.1148482362592288,4.835,1.0,1.0
MA010120220810495029,5,5,0.3178835110746513,4.9,1.0,0.0
MA010120220810496590,5,1,0.0020508613617719,5.0,1.0,1.0
MA010120220810497432,5,4,0.1251025430680886,4.125,1.0,0.0
MA010120220810503358,5,0,0.0,0.0,1.0,0.0
MA010120220810536437,5,2,0.0287120590648072,2.5,1.0,0.0
MA010120220810536733,5,3,0.0533223954060705,3.2,1.0,0.0
MA010120220810536948,4,2,0.0266611977030352,0.0,1.0,1.0
MA010120220810537314,5,5,0.4614438063986875,3.315,0.0,0.0
MA010120220810539307,5,0,0.0,0.0,1.0,0.0
MA010120220810540725,5,5,0.9680065627563575,3.9,0.0,0.0
MA010120220810541520,5,4,0.2358490566037736,4.63,1.0,1.0
MA010120220810542674,5,2,0.0328137817883511,3.765,1.0,0.0
MA010120220810543018,5,5,0.3814602132895816,4.7,1.0,1.0
MA010120220810543614,5,0,0.0,0.0,1.0,0.0
MA010120220810544517,5,3,0.0512715340442986,2.0,1.0,0.0
MA010120220810544781,5,5,0.586546349466776,4.68,0.0,0.0
MA010120220810545423,5,5,0.4716981132075472,4.68,1.0,0.0
MA010120220810546440,5,5,1.7780968006562756,0.0,1.0,0.0
MA010120220810549602,5,5,1.8560295324036091,4.555,1.0,1.0
MA010120220810552013,5,0,0.0,0.0,1.0,0.0
MA010120220810552541,5,1,0.0061525840853158,0.0,1.0,0.0
MA010120220810554437,5,2,0.0266611977030352,4.9,1.0,0.0
MA010120220810554730,1,2,0.0266611977030352,5.0,1.0,0.0
MA010120220810555021,1,5,1.1977030352748157,4.64,1.0,0.0
MA010120220810555883,5,0,0.0,0.0,0.0,0.0
MA010120220810562855,5,0,0.0,0.0,1.0,0.0
MA010120220810563222,5,0,0.0,0.0,1.0,0.0
MA010120220810572741,5,2,0.034864643150123,4.3,1.0,0.0
MA010120220810573427,5,3,0.0533223954060705,4.73,1.0,0.0
MA010120220810575059,5,5,0.3691550451189499,0.0,1.0,0.0
MA010120220810577365,1,2,0.0246103363412633,4.45,1.0,0.0
MA010120220810578809,5,1,0.0020508613617719,0.0,0.0,0.0
MA010120220810579329,5,2,0.034864643150123,3.9,1.0,0.0
MA010120220810579609,5,0,0.0,0.0,1.0,1.0
MA010120220810579923,5,3,0.0861361771944216,3.7,1.0,0.0
MA010120220810580436,5,0,0.0,0.0,1.0,0.0
MA010120220810581187,5,5,0.365053322395406,0.0,0.0,1.0
MA010120220810581382,5,4,0.1230516817063166,4.14,1.0,0.0
MA010120220810584187,5,2,0.0369155045118949,3.0,1.0,0.0
MA010120220810584726,5,1,0.0041017227235438,4.31,1.0,0.0
MA010120220810585630,5,4,0.1004922067268252,4.0,1.0,0.0
MA010120220810585702,5,0,0.0,0.0,1.0,0.0
MA010120220810587612,5,3,0.0574241181296144,4.305,1.0,0.0
MA010120220810591819,5,3,0.0492206726825266,4.1,1.0,0.0
MA010120220810593280,4,3,0.0492206726825266,4.0,1.0,0.0
MA010120220810595282,5,2,0.0205086136177194,4.4,1.0,0.0
MA010120220810595285,5,1,0.0061525840853158,4.85,1.0,0.0
MA010120220810595396,5,5,0.6193601312551271,4.34,1.0,0.0
MA010120220810595547,5,1,0.0082034454470877,4.37,1.0,1.0
MA010120220810597475,1,4,0.1292042657916325,2.6,1.0,0.0
MA010120220810598145,5,1,0.0020508613617719,0.0,1.0,0.0
MA010120220810652559,5,0,0.0,0.0,1.0,0.0
MA010120220810656887,5,5,0.6521739130434783,3.2,1.0,0.0
MA010120220810658998,5,4,0.217391304347826,4.3,1.0,0.0
MA010120220810659363,4,3,0.0594749794913863,4.77,1.0,0.0
MA010120220810660842,5,4,0.219442165709598,0.0,1.0,0.0
MA010120220810664686,5,3,0.0451189499589827,4.7,1.0,0.0
MA010120220810743009,5,5,1.585315832649713,4.57,0.0,1.0
MA010120220810743311,1,0,0.0,0.0,1.0,0.0
MA010120220810743511,5,2,0.0307629204265791,4.37,1.0,0.0
MA010120220810751608,5,0,0.0,0.0,1.0,0.0
MA010120220810751705,5,1,0.0143560295324036,4.3,1.0,0.0
MA010120220810798484,5,4,0.0963904840032813,4.465,1.0,0.0
MA010120220810799255,5,5,0.2768662838392124,2.5,1.0,1.0
MA010120220810800614,5,1,0.0143560295324036,4.625,1.0,1.0
MA010120220810800940,5,5,0.3630024610336341,4.8,1.0,1.0
MA010120220810801259,5,5,1.7206726825266614,4.47,1.0,0.0
MA010120220810802394,5,2,0.0307629204265791,4.105,1.0,0.0
MA010120220810803533,5,2,0.034864643150123,4.574999999999999,1.0,0.0
MA010120220810811813,5,1,0.0082034454470877,3.685,1.0,0.0
MA010120220810817261,5,3,0.0615258408531583,3.7,1.0,1.0
MA010120220810823307,5,4,0.2071369975389664,3.545,1.0,0.0
MA010120220810823423,5,0,0.0,0.0,1.0,0.0
MA010120220810824365,5,0,0.0,0.0,1.0,0.0
MA010120220810852704,5,3,0.0635767022149302,3.605,1.0,0.0
MA010120220810875134,5,4,0.1415094339622641,4.455,1.0,0.0
MA010120220810876464,5,1,0.0082034454470877,0.0,1.0,0.0
MA010120220810877009,5,2,0.0205086136177194,4.0,1.0,0.0
MA010120220810877913,5,1,0.0123051681706316,4.695,1.0,1.0
MA010120220810880892,5,0,0.0,0.0,1.0,0.0
MA010120220810881781,5,2,0.0266611977030352,4.65,0.0,0.0
MA010120220810886906,5,3,0.0492206726825266,3.505,1.0,0.0
MA010120220810887413,5,4,0.108695652173913,2.4,0.0,0.0
MA010120220810888014,5,3,0.0389663658736669,3.78,1.0,0.0
MA010120220810888973,5,5,1.175143560295324,4.67,1.0,1.0
MA010120220810897368,5,5,0.953650533223954,4.405,1.0,0.0
MA010120220810897397,5,3,0.0389663658736669,4.0,1.0,1.0
MA010120220810897422,5,5,0.8880229696472519,0.0,1.0,0.0
MA010120220810922583,5,5,0.3855619360131255,4.17,1.0,0.0
MA010120220810960273,5,4,0.1312551271534044,4.5,1.0,0.0
MA010120220810961515,5,5,1.5196882690730107,0.0,1.0,0.0
MA010120220810961651,5,3,0.0594749794913863,4.9,1.0,0.0
MA010120220810961733,5,5,1.437653814602133,0.0,1.0,1.0
MA010120220810961981,5,3,0.0738310090237899,2.3,1.0,0.0
MA010120220810964427,5,2,0.0205086136177194,3.71,1.0,1.0
MA010120220810965310,5,4,0.1271534044298605,4.51,1.0,0.0
MA010120220810966476,5,3,0.0697292863002461,5.0,1.0,1.0
MA010120220810969105,5,1,0.0143560295324036,4.46,1.0,0.0
MA010120220810970836,5,3,0.0676784249384741,4.3,1.0,1.0
MA010120220810971119,5,5,0.7280557834290402,4.49,0.0,1.0
MA010120220810973373,5,5,0.3547990155865463,4.54,1.0,0.0
MA010120220811041833,5,4,0.1907301066447908,2.8,1.0,1.0
MA010120220811043492,5,1,0.0123051681706316,0.0,1.0,0.0
MA010120220811047664,5,1,0.0041017227235438,4.4,1.0,0.0
MA010120220811047908,5,2,0.0328137817883511,5.0,1.0,0.0
MA010120220811049284,5,4,0.1333059885151763,4.654999999999999,1.0,0.0
MA010120220811050295,5,5,0.2973748974569319,3.1,1.0,0.0
MA010120220811057889,5,4,0.1763740771123872,3.4,1.0,1.0
MA010120220811057954,5,4,0.0984413453650533,3.4,1.0,0.0
MA010120220811057981,1,0,0.0,0.0,0.0,0.0
MA010120220811060976,1,0,0.0,0.0,1.0,0.0
MA010120220811075763,4,5,0.4286300246103363,4.73,1.0,0.0
MA010120220811077209,5,5,0.4840032813781788,4.525,1.0,0.0
MA010120220811082080,5,3,0.0861361771944216,2.2,0.0,1.0
MA010120220811082120,1,1,0.0123051681706316,3.0,0.0,0.0
MA010120220811082330,5,4,0.1620180475799836,4.28,0.0,0.0
MA010120220811086373,5,5,0.4799015586546349,4.24,1.0,0.0
MA010120220811090067,5,2,0.0246103363412633,4.7,1.0,0.0
MA010120220811122477,5,4,0.2378999179655455,4.5600000000000005,1.0,1.0
MA010120220811122578,5,0,0.0,0.0,1.0,0.0
MA010120220811122976,5,4,0.1004922067268252,4.525,1.0,0.0
MA010120220811123208,1,0,0.0,0.0,1.0,0.0
MA010120220811123551,5,3,0.0615258408531583,4.63,1.0,1.0
MA010120220811124532,1,5,0.477850697292863,4.1,1.0,0.0
MA010120220811125260,5,2,0.0164068908941755,0.0,1.0,1.0
MA010120220811125643,5,2,0.0369155045118949,4.4,1.0,1.0
MA010120220811126751,5,4,0.1189499589827727,0.0,1.0,0.0
MA010120220811127499,5,3,0.0738310090237899,4.78,1.0,0.0
MA010120220811129464,5,3,0.0410172272354388,4.475,1.0,0.0
MA010120220811129924,1,5,0.4163248564397047,4.775,1.0,0.0
MA010120220811132774,5,2,0.0266611977030352,4.745,1.0,0.0
MA010120220811135046,5,3,0.0861361771944216,4.635,1.0,0.0
MA010120220811135765,5,3,0.0881870385561936,5.0,1.0,0.0
MA010120220811137564,5,0,0.0,4.43,0.0,0.0
MA010120220811142172,1,0,0.0,0.0,1.0,0.0
MA010120220811142978,5,5,0.3055783429040197,4.62,1.0,0.0
MA010120220811193884,5,1,0.0041017227235438,4.0,0.0,0.0
MA010120220811196721,5,1,0.0020508613617719,4.47,1.0,0.0
MA010120220811196807,5,0,0.0,4.64,1.0,0.0
MA010120220811196935,5,0,0.0,0.0,1.0,0.0
MA010120220811198760,5,4,0.2461033634126333,4.234999999999999,1.0,1.0
MA010120220811199682,5,0,0.0,0.0,1.0,0.0
MA010120220811200510,5,1,0.0020508613617719,5.0,1.0,0.0
MA010120220811200737,5,3,0.0820344544708777,3.0,1.0,0.0
MA010120220811201709,5,0,0.0,0.0,1.0,1.0
MA010120220811215399,5,3,0.0512715340442986,4.7,1.0,0.0
MA010120220811215886,4,1,0.0041017227235438,5.0,1.0,0.0
MA010120220811217478,5,2,0.0225594749794913,3.0,1.0,0.0
MA010120220811217749,5,1,0.0082034454470877,5.0,1.0,0.0
MA010120220811219401,5,1,0.0061525840853158,0.0,1.0,0.0
MA010120220811222741,5,0,0.0,4.27,0.0,0.0
MA010120220811223038,5,3,0.0533223954060705,4.755,1.0,0.0
MA010120220811223798,5,2,0.034864643150123,5.0,0.0,1.0
MA010120220811224511,5,3,0.0656275635767022,4.3,1.0,0.0
MA010120220811224826,5,4,0.108695652173913,4.365,1.0,0.0
MA010120220811225505,4,3,0.0799835931091058,3.4,1.0,0.0
MA010120220811225902,5,3,0.0840853158326497,4.865,1.0,0.0
MA010120220811226492,5,4,0.1538146021328958,4.495,1.0,1.0
MA010120220811226687,5,4,0.1620180475799836,4.8,1.0,0.0
MA010120220811227739,5,1,0.0061525840853158,4.640000000000001,1.0,0.0
MA010120220811228199,5,5,2.0344544708777685,4.165,1.0,0.0
MA010120220811228806,5,5,1.40278917145201,4.2,0.0,1.0
MA010120220811229427,1,0,0.0,0.0,0.0,0.0
MA010120220811229760,5,4,0.1210008203445447,5.0,1.0,1.0
MA010120220811229879,1,0,0.0,0.0,1.0,0.0
MA010120220811231482,5,1,0.0020508613617719,5.0,1.0,0.0
MA010120220811238613,5,1,0.0020508613617719,0.0,0.0,0.0
MA010120220811284673,5,1,0.0061525840853158,0.0,1.0,0.0
MA010120220811285920,5,5,0.3158326497128794,4.535,1.0,1.0
MA010120220811285973,5,0,0.0,4.25,1.0,0.0
MA010120220811286111,5,2,0.0164068908941755,3.0,1.0,0.0
MA010120220811286752,1,0,0.0,0.0,1.0,0.0
MA010120220811287446,5,2,0.0246103363412633,4.46,1.0,0.0
MA010120220811287785,5,4,0.1210008203445447,3.5,1.0,0.0
MA010120220811288073,5,3,0.0881870385561936,3.755,1.0,0.0
MA010120220811288307,5,1,0.0143560295324036,4.1,1.0,0.0
MA010120220811288873,5,3,0.0820344544708777,4.71,1.0,0.0
MA010120220811288954,5,3,0.0492206726825266,3.875,0.0,1.0
MA010120220811288960,5,5,0.9146841673502872,0.0,1.0,0.0
MA010120220811378213,4,5,2.098031173092699,3.8,1.0,0.0
MA010120220811378259,4,1,0.0020508613617719,5.0,1.0,0.0
MA010120220811382069,5,0,0.0,0.0,1.0,0.0
MA010120220811429195,5,4,0.1333059885151763,4.5,0.0,1.0
MA010120220811452618,5,2,0.0307629204265791,2.5,1.0,0.0
MA010120220811453534,5,3,0.0799835931091058,5.0,1.0,0.0
MA010120220811454468,5,5,1.1936013125512714,4.8,0.0,0.0
MA010120220811454609,5,4,0.2153404429860541,4.96,1.0,0.0
MA010120220811462631,5,1,0.0102543068088597,2.4,1.0,0.0
MA010120220811465022,1,4,0.1558654634946677,4.71,1.0,1.0
MA010120220811472865,5,0,0.0,0.0,1.0,0.0
MA010120220811475085,5,4,0.1907301066447908,4.484999999999999,1.0,1.0
MA010120220811478027,5,1,0.0020508613617719,5.0,1.0,0.0
MA010120220811478317,5,5,0.7383100902378998,4.65,1.0,0.0
MA010120220811478640,5,3,0.0553732567678424,3.045,1.0,0.0
MA010120220811479082,5,5,1.2633305988515175,4.145,1.0,0.0
MA010120220811480006,5,4,0.1538146021328958,3.655,1.0,0.0
MA010120220811481089,5,1,0.0123051681706316,4.3,1.0,0.0
MA010120220811483646,5,1,0.0061525840853158,0.0,0.0,0.0
MA010120220811484943,5,3,0.0553732567678424,4.225,1.0,1.0
MA010120220811485269,5,2,0.0369155045118949,4.13,1.0,0.0
MA010120220811485389,5,3,0.071780147662018,4.74,1.0,0.0
MA010120220811486047,5,4,0.2153404429860541,4.470000000000001,1.0,0.0
MA010120220811486123,5,2,0.0287120590648072,4.2,1.0,0.0
MA010120220811486211,5,3,0.0656275635767022,3.2,1.0,0.0
MA010120220811490456,5,1,0.0143560295324036,0.0,1.0,0.0
MA010120220811493010,1,5,0.7424118129614438,3.5,1.0,0.0
MA010120220811496774,5,2,0.0307629204265791,4.6,1.0,1.0
MA010120220811497827,5,5,0.6316652994257588,4.65,1.0,1.0
MA010120220811499280,5,3,0.0533223954060705,3.3,1.0,0.0
MA010120220811499449,5,3,0.0389663658736669,4.3,1.0,0.0
MA010120220811500610,5,3,0.0861361771944216,4.755000000000001,1.0,0.0
MA010120220811501678,5,2,0.0184577522559474,0.0,1.0,0.0
MA010120220811503617,5,3,0.0512715340442986,5.0,1.0,1.0
MA010120220811504597,4,4,0.1168990976210008,4.695,1.0,0.0
MA010120220811507508,5,5,0.6829368334700574,3.5,0.0,0.0
MA010120220811507666,5,5,0.3240360951599672,3.7,1.0,1.0
MA010120220811508562,5,4,0.2337981952420016,4.0,1.0,1.0
MA010120220811509435,5,5,0.3691550451189499,4.42,1.0,0.0
MA010120220811511879,5,0,0.0,0.0,1.0,0.0
MA010120220811551997,5,1,0.0061525840853158,4.29,1.0,0.0
MA010120220811554106,5,1,0.0082034454470877,4.69,1.0,0.0
MA010120220811555896,5,2,0.0328137817883511,4.9,0.0,0.0
MA010120220811557675,5,5,1.7739950779327318,4.01,1.0,1.0
MA010120220811557883,5,4,0.0963904840032813,4.545,1.0,0.0
MA010120220811558106,5,2,0.0369155045118949,3.31,1.0,0.0
MA010120220811558194,5,4,0.1148482362592288,0.0,1.0,0.0
MA010120220811563767,1,0,0.0,0.0,1.0,0.0
MA010120220811564642,5,3,0.0861361771944216,3.0,1.0,0.0
MA010120220811627951,5,4,0.1045939294503691,4.755,1.0,0.0
MA010120220811628167,5,5,0.3691550451189499,0.0,1.0,0.0
MA010120220811629887,5,5,1.0520918785890074,3.8,1.0,0.0
MA010120220811639550,5,5,0.3260869565217391,4.49,1.0,1.0
MA010120220811651079,5,3,0.0635767022149302,4.5600000000000005,1.0,1.0
MA010120220811655410,5,2,0.0246103363412633,3.56,1.0,0.0
MA010120220811656810,5,3,0.0758818703855619,4.0200000000000005,1.0,0.0
MA010120220811658220,5,5,0.4347826086956521,4.75,1.0,1.0
MA010120220811658843,4,4,0.2461033634126333,0.0,1.0,0.0
MA010120220811659285,5,4,0.1599671862182116,4.645,1.0,0.0
MA010120220811659670,5,2,0.0225594749794913,3.3,1.0,0.0
MA010120220811662064,5,1,0.0123051681706316,5.0,1.0,0.0
MA010120220811663353,1,3,0.0635767022149302,4.7,0.0,0.0
MA010120220811665698,4,0,0.0,0.0,1.0,0.0
MA010120220811666239,1,1,0.0041017227235438,4.3,1.0,0.0
MA010120220811667973,5,1,0.0102543068088597,4.39,1.0,1.0
MA010120220811669279,5,3,0.0574241181296144,4.455,1.0,0.0
MA010120220811670310,5,4,0.0984413453650533,0.0,1.0,0.0
MA010120220811673918,5,5,0.3219852337981952,3.99,1.0,0.0
MA010120220811675775,5,5,0.365053322395406,4.71,1.0,0.0
MA010120220811679498,5,0,0.0,0.0,1.0,0.0
MA010120220811680299,1,3,0.071780147662018,2.715,1.0,0.0
MA010120220811680300,5,1,0.0123051681706316,5.0,1.0,0.0
MA010120220811680820,4,3,0.0410172272354388,5.0,1.0,0.0
MA010120220811680906,5,1,0.0020508613617719,4.0,1.0,0.0
MA010120220811681464,5,4,0.1804757998359311,0.0,1.0,0.0
MA010120220811683028,5,2,0.0369155045118949,4.48,1.0,0.0
MA010120220811684217,5,5,1.3761279737489749,4.73,1.0,0.0
MA010120220811685975,5,0,0.0,0.0,1.0,0.0
MA010120220811686572,5,4,0.0984413453650533,4.025,1.0,0.0
MA010120220811686783,5,5,0.3630024610336341,3.5,0.0,0.0
MA010120220811688240,5,5,0.7280557834290402,4.74,1.0,1.0
MA010120220811690627,5,5,0.4429860541427399,4.055,1.0,0.0
MA010120220811691435,5,0,0.0,0.0,0.0,0.0
MA010120220811693783,5,5,1.8908941755537323,0.0,1.0,0.0
MA010120220811693876,5,4,0.2440525020508613,4.06,1.0,0.0
MA010120220811695362,5,4,0.1989335520918786,3.79,1.0,1.0
MA010120220811696248,5,1,0.0020508613617719,0.0,0.0,0.0
MA010120220811696962,5,0,0.0,0.0,0.0,0.0
MA010120220811697992,5,1,0.0041017227235438,4.71,1.0,1.0
MA010120220811698001,5,0,0.0,0.0,0.0,0.0
MA010120220811698093,1,0,0.0,4.24,1.0,0.0
MA010120220811698410,5,5,0.2625102543068088,4.45,1.0,0.0
MA010120220811699015,4,2,0.0225594749794913,0.0,1.0,1.0
MA010120220811699241,5,3,0.0615258408531583,2.7,1.0,0.0
MA010120220811700427,5,5,0.258408531583265,4.2,1.0,0.0
MA010120220811701334,5,5,0.5065627563576702,4.55,1.0,1.0
MA010120220811703173,5,3,0.0902378999179655,3.5200000000000005,1.0,0.0
MA010120220811703399,5,0,0.0,0.0,1.0,0.0
MA010120220811705333,5,5,0.7383100902378998,4.9,1.0,1.0
MA010120220811705624,5,0,0.0,0.0,1.0,0.0
MA010120220811706386,5,0,0.0,0.0,0.0,0.0
MA010120220811706610,5,4,0.1599671862182116,4.6,1.0,0.0
MA010120220811706711,5,0,0.0,0.0,0.0,0.0
MA010120220811708175,5,5,0.5229696472518458,4.529999999999999,1.0,0.0
MA010120220811710725,5,4,0.1025430680885972,4.58,1.0,1.0
MA010120220811711695,5,5,0.9249384741591468,4.265000000000001,1.0,1.0
MA010120220811715091,5,4,0.0922887612797374,4.4,0.0,0.0
MA010120220811715190,5,5,0.2625102543068088,3.865,0.0,0.0
MA010120220811715198,5,4,0.1763740771123872,4.59,1.0,1.0
MA010120220811716533,5,3,0.0492206726825266,4.215,1.0,0.0
MA010120220811716576,5,0,0.0,0.0,1.0,0.0
MA010120220811716616,5,0,0.0,0.0,1.0,0.0
MA010120220811718276,5,0,0.0,4.45,1.0,0.0
MA010120220811720939,1,1,0.0143560295324036,5.0,1.0,0.0
MA010120220811721148,5,3,0.0840853158326497,0.0,0.0,0.0
MA010120220811721199,1,2,0.0369155045118949,0.0,1.0,1.0
MA010120220811721238,5,0,0.0,0.0,0.0,0.0
MA010120220811721259,5,4,0.1476620180475799,2.0,1.0,0.0
MA010120220811722744,5,3,0.0492206726825266,4.3,0.0,0.0
MA010120220811722819,5,5,0.623461853978671,4.405,0.0,1.0
MA010120220811723475,5,4,0.0922887612797374,3.5,1.0,1.0
MA010120220811724233,5,5,0.440935192780968,4.72,1.0,1.0
MA010120220811724523,5,3,0.0492206726825266,3.4,1.0,0.0
MA010120220811725288,5,5,0.6357670221493027,4.1,1.0,1.0
MA010120220811726563,5,4,0.1558654634946677,4.255,1.0,0.0
MA010120220811731541,5,5,0.3917145200984413,4.485,0.0,0.0
MA010120220811732233,5,5,1.8396226415094337,4.175,1.0,0.0
MA010120220811732276,5,1,0.0020508613617719,0.0,1.0,0.0
MA010120220811732789,5,2,0.0205086136177194,4.0,1.0,0.0
MA010120220811732852,5,4,0.1066447908121411,5.0,1.0,1.0
MA010120220811733134,5,5,1.620180475799836,4.1,0.0,0.0
MA010120220811734470,5,2,0.0287120590648072,4.1,1.0,0.0
MA010120220811734521,5,5,0.4306808859721083,4.734999999999999,1.0,0.0
MA010120220811735762,5,4,0.0984413453650533,4.295,0.0,0.0
MA010120220811736655,1,1,0.0061525840853158,0.0,1.0,0.0
MA010120220811736725,1,0,0.0,0.0,0.0,0.0
MA010120220811740608,5,3,0.0430680885972108,3.995,1.0,0.0
MA010120220811743449,5,5,0.5783429040196884,4.66,1.0,1.0
MA010120220811743465,5,5,0.258408531583265,4.6,1.0,1.0
MA010120220811744910,5,5,1.029532403609516,4.23,1.0,0.0
MA010120220811745305,5,5,0.9044298605414274,4.525,1.0,0.0
MA010120220811745792,5,1,0.0061525840853158,2.72,1.0,0.0
MA010120220811748447,4,4,0.1886792452830188,5.0,1.0,1.0
MA010120220811748558,5,3,0.0512715340442986,4.65,1.0,0.0
MA010120220811748704,5,1,0.0020508613617719,0.0,1.0,0.0
MA010120220811750574,5,0,0.0,4.39,1.0,1.0
MA010120220811751207,5,5,1.1566858080393767,0.0,1.0,0.0
MA010120220811753124,5,3,0.0779327317473338,2.5,1.0,1.0
MA010120220811754117,5,5,0.5127153404429861,3.0250000000000004,0.0,1.0
MA010120220811758296,5,0,0.0,0.0,1.0,0.0
MA010120220811758402,5,0,0.0,0.0,1.0,0.0
MA010120220811759007,5,3,0.0881870385561936,4.8,1.0,0.0
MA010120220811759230,5,4,0.1353568498769483,4.0,1.0,0.0
MA010120220811760379,5,5,0.2727645611156686,3.575,1.0,0.0
MA010120220811760866,5,2,0.0307629204265791,4.02,1.0,0.0
MA010120220811761497,1,4,0.217391304347826,0.0,1.0,0.0
MA010120220811762159,5,1,0.0020508613617719,0.0,1.0,0.0
MA010120220811762770,5,5,1.6037735849056602,4.57,1.0,0.0
MA010120220811762800,5,2,0.0164068908941755,4.005,1.0,0.0
MA010120220811763793,5,5,1.025430680885972,4.69,1.0,0.0
MA010120220811763899,4,4,0.1107465135356849,0.0,1.0,0.0
MA010120220811764520,5,4,0.0943396226415094,4.25,1.0,0.0
MA010120220811765731,5,5,0.330188679245283,0.0,1.0,0.0
MA010120220811766205,5,0,0.0,0.0,1.0,0.0
MA010120220811767424,5,0,0.0,4.73,1.0,1.0
MA010120220811770115,5,4,0.0922887612797374,5.0,1.0,1.0
MA010120220811770396,5,0,0.0,0.0,1.0,0.0
MA010120220811770920,5,2,0.0307629204265791,5.0,1.0,0.0
MA010120220811773859,5,3,0.0533223954060705,4.0,1.0,0.0
MA010120220811774211,5,5,0.4163248564397047,4.8,1.0,0.0
MA010120220811774406,5,1,0.0082034454470877,4.79,0.0,1.0
MA010120220811774483,5,1,0.0061525840853158,4.0,1.0,0.0
MA010120220811774833,5,3,0.0512715340442986,4.73,1.0,0.0
MA010120220811776556,5,3,0.0881870385561936,4.37,0.0,0.0
MA010120220811776703,5,4,0.2481542247744052,4.8,1.0,1.0
MA010120220811778112,5,5,0.3158326497128794,4.640000000000001,1.0,0.0
MA010120220811780242,4,0,0.0,0.0,1.0,0.0
MA010120220811781219,5,5,0.3896636587366694,4.12,1.0,0.0
MA010120220811781641,1,4,0.1804757998359311,3.8,1.0,1.0
MA010120220811782826,5,3,0.0451189499589827,2.9,0.0,0.0
MA010120220811783596,4,2,0.0184577522559474,4.3,1.0,0.0
MA010120220811784501,5,2,0.0287120590648072,0.0,1.0,0.0
MA010120220811787060,1,1,0.0143560295324036,5.0,1.0,0.0
MA010120220811788229,5,4,0.1210008203445447,3.845,0.0,0.0
MA010120220811789429,5,0,0.0,0.0,1.0,0.0
MA010120220811789588,5,4,0.1271534044298605,4.720000000000001,1.0,0.0
MA010120220811789685,5,4,0.1353568498769483,4.4,1.0,0.0
MA010120220811790244,5,3,0.0799835931091058,4.27,1.0,0.0
MA010120220811791241,5,1,0.0102543068088597,0.0,1.0,0.0
MA010120220811791288,5,1,0.0041017227235438,0.0,1.0,0.0
MA010120220811791640,5,4,0.1476620180475799,4.7,0.0,0.0
MA010120220811792104,4,3,0.0471698113207547,4.89,1.0,0.0
MA010120220811792566,5,3,0.0656275635767022,4.3,1.0,0.0
MA010120220811793348,5,5,0.3240360951599672,0.0,1.0,0.0
MA010120220811794135,5,3,0.0451189499589827,2.3,1.0,0.0
MA010120220811794725,5,0,0.0,0.0,0.0,0.0
MA010120220811798735,5,0,0.0,0.0,1.0,0.0
MA010120220811799777,5,4,0.1743232157506152,4.779999999999999,1.0,0.0
MA010120220811800557,5,4,0.1045939294503691,4.9,1.0,0.0
MA010120220811801127,5,2,0.0184577522559474,0.0,1.0,0.0
MA010120220811802244,4,4,0.1804757998359311,3.2,1.0,1.0
MA010120220811802533,5,3,0.0840853158326497,4.16,1.0,0.0
MA010120220811805866,4,1,0.0143560295324036,5.0,1.0,0.0
MA010120220811807019,1,0,0.0,0.0,0.0,0.0
MA010120220811807814,5,5,0.7895816242821985,3.5,1.0,1.0
MA010120220811808337,5,5,0.440935192780968,4.8,1.0,0.0
MA010120220811808713,5,0,0.0,4.63,0.0,1.0
MA010120220811809435,4,3,0.0779327317473338,4.5,1.0,0.0
MA010120220811810169,5,4,0.2276456111566858,3.8,1.0,0.0
MA010120220811810706,5,3,0.0594749794913863,5.0,1.0,0.0
MA010120220811810724,1,0,0.0,0.0,1.0,1.0
MA010120220811812015,5,3,0.0492206726825266,4.695,1.0,0.0
MA010120220811812417,5,0,0.0,0.0,1.0,0.0
MA010120220811813197,5,0,0.0,0.0,1.0,0.0
MA010120220811813683,5,3,0.0758818703855619,3.735,1.0,0.0
MA010120220811814928,5,2,0.0266611977030352,3.8,1.0,0.0
MA010120220811815602,5,0,0.0,0.0,1.0,0.0
MA010120220811817040,1,1,0.0041017227235438,5.0,1.0,0.0
MA010120220811818350,5,0,0.0,0.0,1.0,0.0
MA010120220811818558,5,1,0.0061525840853158,5.0,1.0,0.0
MA010120220811818609,5,3,0.071780147662018,4.779999999999999,1.0,1.0
MA010120220811820343,5,0,0.0,0.0,1.0,0.0
MA010120220811820625,1,5,1.0397867104183758,3.0,1.0,0.0
MA010120220811822169,5,4,0.2440525020508613,4.7,1.0,0.0
MA010120220811823342,5,5,0.3158326497128794,4.305,1.0,0.0
MA010120220811824332,5,5,1.6345365053322394,3.64,1.0,0.0
MA010120220811824471,5,1,0.0143560295324036,4.1,1.0,0.0
MA010120220811825537,5,1,0.0041017227235438,3.225,1.0,0.0
MA010120220811828291,5,0,0.0,4.45,1.0,0.0
MA010120220811828880,4,5,0.2748154224774405,4.475,0.0,0.0
MA010120220811829253,5,1,0.0143560295324036,4.37,1.0,0.0
MA010120220811830206,5,1,0.0061525840853158,4.42,1.0,0.0
MA010120220811831060,5,4,0.1148482362592288,0.0,1.0,0.0
MA010120220811834786,5,1,0.0082034454470877,0.0,0.0,1.0
MA010120220811836777,5,4,0.1640689089417555,3.58,1.0,0.0
MA010120220811836784,5,0,0.0,0.0,1.0,0.0
MA010120220811838609,5,2,0.0287120590648072,4.645,1.0,0.0
MA010120220811838833,5,1,0.0020508613617719,4.41,1.0,0.0
MA010120220811840352,5,4,0.1722723543888433,4.0,0.0,0.0
MA010120220811840650,5,5,0.7157506152584086,4.57,1.0,1.0
MA010120220811841718,5,5,0.9474979491386382,4.300000000000001,1.0,0.0
MA010120220811842155,5,3,0.0779327317473338,4.6850000000000005,1.0,0.0
MA010120220811846744,5,5,0.4840032813781788,3.805,1.0,0.0
MA010120220811846849,5,3,0.0820344544708777,4.73,1.0,1.0
MA010120220811849985,1,5,0.9639048400328136,5.0,0.0,0.0
MA010120220811850421,1,0,0.0,0.0,0.0,0.0
MA010120220811850750,5,3,0.0533223954060705,3.405,1.0,0.0
MA010120220811852872,5,3,0.0635767022149302,5.0,1.0,0.0
MA010120220811853149,5,2,0.034864643150123,0.0,1.0,0.0
MA010120220811853859,5,1,0.0061525840853158,0.0,1.0,0.0
MA010120220811855947,5,3,0.0594749794913863,4.835,1.0,1.0
MA010120220811856578,5,1,0.0123051681706316,0.0,1.0,0.0
MA010120220811858271,5,3,0.0758818703855619,4.175,1.0,0.0
MA010120220811860204,5,2,0.0328137817883511,4.695,1.0,0.0
MA010120220811861869,1,4,0.2461033634126333,4.5,1.0,0.0
MA010120220811862093,5,5,0.7383100902378998,4.16,1.0,0.0
MA010120220811863919,5,2,0.0369155045118949,4.22,1.0,0.0
MA010120220811864742,5,3,0.0512715340442986,4.69,1.0,1.0
MA010120220811865203,5,1,0.0020508613617719,4.28,1.0,1.0
MA010120220811866243,1,0,0.0,0.0,0.0,0.0
MA010120220811868020,5,2,0.0205086136177194,3.7,1.0,0.0
MA010120220811868889,5,3,0.0471698113207547,4.4,1.0,0.0
MA010120220811869078,5,3,0.0430680885972108,4.115,1.0,1.0
MA010120220811869921,5,3,0.0738310090237899,4.45,1.0,0.0
MA010120220811870737,1,0,0.0,0.0,0.0,0.0
MA010120220811870831,5,5,0.2768662838392124,4.9,1.0,0.0
MA010120220811871626,5,0,0.0,0.0,1.0,0.0
MA010120220811871907,5,0,0.0,4.45,1.0,0.0
MA010120220811872292,5,3,0.0471698113207547,1.7,1.0,0.0
MA010120220811873081,5,0,0.0,0.0,1.0,0.0
MA010120220811873683,5,3,0.0861361771944216,4.275,1.0,0.0
MA010120220811874143,5,5,0.3794093519278096,4.0,1.0,0.0
MA010120220811875902,5,2,0.0328137817883511,4.77,1.0,0.0
MA010120220811876496,5,2,0.0369155045118949,3.66,1.0,0.0
MA010120220811876627,5,2,0.0266611977030352,3.6,0.0,0.0
MA010120220811877889,5,0,0.0,4.83,0.0,0.0
MA010120220811878319,5,2,0.0205086136177194,4.5,1.0,0.0
MA010120220811878493,1,1,0.0061525840853158,5.0,1.0,0.0
MA010120220811878847,5,4,0.1292042657916325,3.9,1.0,0.0
MA010120220811879462,5,2,0.0328137817883511,4.24,1.0,0.0
MA010120220811880669,5,4,0.1251025430680886,4.0,1.0,0.0
MA010120220811880721,5,2,0.0164068908941755,2.665,1.0,1.0
MA010120220811880875,5,0,0.0,4.33,1.0,1.0
MA010120220811882261,5,4,0.1066447908121411,4.72,1.0,1.0
MA010120220811882293,5,5,0.2727645611156686,4.615,0.0,0.0
MA010120220811882742,5,0,0.0,0.0,0.0,0.0
MA010120220811882919,5,5,1.833470057424118,4.8100000000000005,1.0,0.0
MA010120220811883499,5,5,0.3219852337981952,4.74,1.0,1.0
MA010120220811883920,5,0,0.0,0.0,1.0,0.0
MA010120220811884093,1,5,1.1977030352748157,4.2,1.0,0.0
MA010120220811884616,5,3,0.0615258408531583,4.0200000000000005,1.0,0.0
MA010120220811888005,5,0,0.0,0.0,1.0,0.0
MA010120220811888060,5,4,0.1415094339622641,4.75,1.0,0.0
MA010120220811889254,5,4,0.1927809680065627,5.0,1.0,0.0
MA010120220811889850,5,3,0.0574241181296144,3.3,1.0,0.0
MA010120220811890395,1,2,0.0184577522559474,4.8,1.0,1.0
MA010120220811892145,5,3,0.0779327317473338,4.59,1.0,1.0
MA010120220811892429,5,5,1.505332239540607,4.2,1.0,1.0
MA010120220811892625,5,1,0.0102543068088597,4.720000000000001,1.0,0.0
MA010120220811892708,5,0,0.0,0.0,1.0,0.0
MA010120220811893146,5,4,0.1538146021328958,4.6,1.0,0.0
MA010120220811893896,5,5,0.2994257588187038,4.385,0.0,0.0
MA010120220811893917,5,0,0.0,0.0,1.0,0.0
MA010120220811893934,5,0,0.0,0.0,1.0,0.0
MA010120220811894096,4,1,0.0143560295324036,4.0,1.0,0.0
MA010120220811894409,5,5,0.406070549630845,4.734999999999999,1.0,0.0
MA010120220811895314,5,5,0.3178835110746513,0.0,1.0,0.0
MA010120220811898951,5,5,1.205906480721903,3.555,0.0,1.0
MA010120220811899122,5,1,0.0143560295324036,3.57,1.0,0.0
MA010120220811900014,5,3,0.0676784249384741,4.845000000000001,1.0,1.0
MA010120220811901742,5,1,0.0143560295324036,3.7,1.0,1.0
MA010120220811901821,5,2,0.0287120590648072,4.4,1.0,0.0
MA010120220811902115,5,1,0.0082034454470877,0.0,1.0,1.0
MA010120220811904065,5,2,0.0225594749794913,4.49,1.0,0.0
MA010120220811905028,5,1,0.0123051681706316,4.5,1.0,0.0
MA010120220811906038,5,4,0.1497128794093519,4.67,1.0,0.0
MA010120220811906845,5,0,0.0,0.0,1.0,0.0
MA010120220811907200,1,1,0.0020508613617719,4.25,0.0,0.0
MA010120220811908830,5,1,0.0020508613617719,5.0,0.0,0.0
MA010120220811909716,5,3,0.0758818703855619,4.33,1.0,0.0
MA010120220811911241,5,4,0.1907301066447908,3.7,1.0,0.0
MA010120220811913523,5,4,0.2235438884331419,4.305,1.0,0.0
MA010120220811914275,5,0,0.0,0.0,1.0,0.0
MA010120220811919581,5,1,0.0082034454470877,5.0,1.0,0.0
MA010120220811920308,5,3,0.0410172272354388,5.0,1.0,0.0
MA010120220811920393,5,5,0.4881050041017227,4.56,0.0,1.0
MA010120220811922277,5,3,0.0615258408531583,4.93,1.0,0.0
MA010120220811922437,5,2,0.0369155045118949,0.0,1.0,0.0
MA010120220811923094,5,1,0.0020508613617719,5.0,1.0,1.0
MA010120220811923304,1,5,1.3781788351107465,4.390000000000001,1.0,0.0
MA010120220811924187,5,3,0.0820344544708777,4.31,1.0,1.0
MA010120220811924605,5,1,0.0143560295324036,4.3,1.0,0.0
MA010120220811924656,5,0,0.0,0.0,0.0,0.0
MA010120220811925735,5,3,0.0902378999179655,4.6850000000000005,1.0,0.0
MA010120220811925966,1,5,0.2686628383921247,0.0,1.0,1.0
MA010120220811926684,5,3,0.0553732567678424,4.0,1.0,0.0
MA010120220811929357,5,1,0.0020508613617719,4.13,1.0,0.0
MA010120220811929675,1,5,0.3342904019688269,4.3,0.0,1.0
MA010120220811932428,5,2,0.0205086136177194,4.3,1.0,0.0
MA010120220811932556,5,4,0.1435602953240361,4.57,0.0,0.0
MA010120220811933121,1,0,0.0,0.0,1.0,0.0
MA010120220811934233,5,2,0.0328137817883511,4.6850000000000005,1.0,0.0
MA010120220811935596,5,3,0.0430680885972108,4.275,1.0,1.0
MA010120220811935888,4,0,0.0,0.0,1.0,0.0
MA010120220811937760,5,2,0.0328137817883511,4.53,1.0,0.0
MA010120220811937960,5,4,0.1148482362592288,4.415,0.0,1.0
MA010120220811938163,5,3,0.0697292863002461,4.61,0.0,0.0
MA010120220811938425,5,0,0.0,0.0,1.0,0.0
MA010120220811938899,5,1,0.0102543068088597,4.4,1.0,0.0
MA010120220811941523,5,3,0.0471698113207547,4.385,1.0,0.0
MA010120220811942085,5,1,0.0143560295324036,4.29,1.0,0.0
MA010120220811942672,5,5,0.8264971287940935,4.51,1.0,0.0
MA010120220811943944,5,2,0.0246103363412633,3.22,1.0,0.0
MA010120220811945425,5,4,0.1476620180475799,3.475,1.0,1.0
MA010120220811946517,5,5,1.570959803117309,4.17,1.0,0.0
MA010120220811948052,5,5,1.2694831829368336,4.4,1.0,0.0
MA010120220811949888,5,4,0.1271534044298605,4.4,1.0,0.0
MA010120220811950064,5,3,0.0430680885972108,4.859999999999999,1.0,1.0
MA010120220811950651,5,3,0.0553732567678424,4.6,1.0,0.0
MA010120220811952512,5,2,0.0287120590648072,4.779999999999999,1.0,0.0
MA010120220811953537,1,0,0.0,0.0,1.0,0.0
MA010120220811954581,5,3,0.0389663658736669,3.755,1.0,1.0
MA010120220811955806,5,1,0.0020508613617719,0.0,1.0,1.0
MA010120220811956266,5,4,0.1025430680885972,3.24,1.0,1.0
MA010120220811956459,5,4,0.1763740771123872,4.46,0.0,0.0
MA010120220811957983,5,1,0.0082034454470877,4.57,1.0,0.0
MA010120220811959562,5,2,0.0369155045118949,4.04,1.0,0.0
MA010120220811961548,5,4,0.1415094339622641,4.79,1.0,0.0
MA010120220811961814,5,0,0.0,0.0,1.0,0.0
MA010120220811962017,5,2,0.0184577522559474,0.0,1.0,0.0
MA010120220811962548,5,5,0.3076292042657916,4.265000000000001,1.0,1.0
MA010120220811962674,5,3,0.0758818703855619,4.6,1.0,0.0
MA010120220811962837,5,4,0.2317473338802297,0.0,0.0,1.0
MA010120220811962918,5,1,0.0020508613617719,4.11,0.0,0.0
MA010120220811962946,5,5,0.2850697292863002,4.74,1.0,0.0
MA010120220811963836,4,1,0.0102543068088597,0.0,1.0,0.0
MA010120220811965487,5,5,1.6406890894175554,4.615,1.0,0.0
MA010120220811966143,5,2,0.0266611977030352,0.0,1.0,0.0
MA010120220811967536,5,2,0.0164068908941755,0.0,1.0,1.0
MA010120220811968048,5,4,0.2153404429860541,4.305,1.0,0.0
MA010120220811968054,5,4,0.2440525020508613,4.375,1.0,0.0
MA010120220811968247,5,4,0.2214930270713699,4.445,1.0,0.0
MA010120220811969251,5,4,0.1661197703035274,4.6,1.0,0.0
MA010120220811970168,5,3,0.0738310090237899,4.3,1.0,0.0
MA010120220811970620,5,5,0.9085315832649712,3.8,1.0,1.0
MA010120220811970628,1,5,0.6316652994257588,4.39,0.0,0.0
MA010120220811971488,5,1,0.0041017227235438,0.0,0.0,0.0
MA010120220811973551,5,2,0.0328137817883511,4.375,1.0,0.0
MA010120220811973568,5,4,0.1476620180475799,4.0,1.0,1.0
MA010120220811976414,5,0,0.0,0.0,0.0,0.0
MA010120220811977555,5,5,1.1628383921246923,4.57,1.0,0.0
MA010120220811980013,1,4,0.1148482362592288,0.0,0.0,0.0
MA010120220811982063,5,4,0.1784249384741591,4.705,1.0,0.0
MA010120220811982400,5,2,0.034864643150123,3.995,1.0,0.0
MA010120220811983103,5,3,0.0656275635767022,4.720000000000001,1.0,1.0
MA010120220811983416,5,4,0.1066447908121411,4.145,1.0,1.0
MA010120220811983495,5,2,0.0225594749794913,4.605,1.0,0.0
MA010120220811983608,5,4,0.2112387202625102,4.8,1.0,0.0
MA010120220811984447,5,5,0.9023789991796556,0.0,1.0,0.0
MA010120220811988028,1,5,0.4368334700574241,4.26,1.0,0.0
MA010120220811988252,5,2,0.0287120590648072,3.9,1.0,0.0
MA010120220811989227,5,5,1.851927809680065,4.305,0.0,0.0
MA010120220811989616,5,3,0.0881870385561936,3.23,1.0,0.0
MA010120220811990214,5,3,0.0902378999179655,3.3,1.0,0.0
MA010120220811990218,1,4,0.1640689089417555,4.39,1.0,0.0
MA010120220811990595,5,0,0.0,0.0,1.0,0.0
MA010120220811990614,5,1,0.0020508613617719,0.0,0.0,0.0
MA010120220811991219,5,5,0.8141919606234618,4.5,0.0,0.0
MA010120220811991617,5,3,0.0574241181296144,4.3,1.0,0.0
MA010120220811993974,5,1,0.0020508613617719,4.44,1.0,0.0
MA010120220811994020,4,3,0.0635767022149302,4.65,1.0,0.0
MA010120220811995636,5,3,0.0430680885972108,4.745,1.0,0.0
MA010120220811998995,5,1,0.0061525840853158,4.855,1.0,1.0
MA010120220811999682,5,5,1.3802296964725187,3.5,0.0,0.0
MA010120220812000489,5,2,0.0246103363412633,4.175,1.0,0.0
MA010120220812001171,5,3,0.0533223954060705,3.7,1.0,0.0
MA010120220812002262,5,2,0.0225594749794913,2.0,1.0,0.0
MA010120220812003070,5,5,0.6275635767022149,4.83,1.0,0.0
MA010120220812003931,5,2,0.0205086136177194,3.39,1.0,0.0
MA010120220812005767,5,0,0.0,0.0,1.0,0.0
MA010120220812006696,5,0,0.0,0.0,0.0,0.0
MA010120220812008806,5,1,0.0123051681706316,4.665,1.0,0.0
MA010120220812008867,5,4,0.1476620180475799,4.8,0.0,0.0
MA010120220812009426,5,5,0.551681706316653,4.39,1.0,0.0
MA010120220812010247,5,1,0.0082034454470877,0.0,1.0,1.0
MA010120220812010308,5,5,0.4491386382280558,4.0,1.0,1.0
MA010120220812012038,5,3,0.0881870385561936,4.895,1.0,1.0
MA010120220812012779,5,2,0.0184577522559474,4.325,1.0,0.0
MA010120220812014304,5,2,0.0205086136177194,3.4,1.0,1.0
MA010120220812014543,5,4,0.1374077112387202,4.7,1.0,0.0
MA010120220812014831,5,2,0.034864643150123,5.0,1.0,0.0
MA010120220812015045,5,5,0.5250205086136177,0.0,1.0,0.0
MA010120220812016054,1,1,0.0020508613617719,1.0,1.0,0.0
MA010120220812018485,5,3,0.0389663658736669,0.0,1.0,0.0
MA010120220812018795,5,4,0.1168990976210008,4.56,1.0,1.0
MA010120220812019878,1,2,0.0328137817883511,0.0,1.0,0.0
MA010120220812020314,5,4,0.145611156685808,0.0,1.0,0.0
MA010120220812022634,5,4,0.0984413453650533,4.605,1.0,0.0
MA010120220812024270,5,1,0.0143560295324036,4.635,1.0,0.0
MA010120220812024728,5,4,0.1066447908121411,4.7,1.0,1.0
MA010120220812025126,5,5,0.5004101722723544,0.0,0.0,0.0
MA010120220812025166,1,0,0.0,0.0,1.0,0.0
MA010120220812025287,5,3,0.0430680885972108,4.24,1.0,0.0
MA010120220812025338,5,4,0.1743232157506152,4.555,1.0,0.0
MA010120220812026825,5,4,0.2091878589007383,4.015000000000001,1.0,1.0
MA010120220812027040,5,4,0.2030352748154225,3.17,1.0,1.0
MA010120220812027658,5,3,0.0635767022149302,4.21,1.0,0.0
MA010120220812028391,5,2,0.0246103363412633,3.74,1.0,0.0
MA010120220812028628,5,2,0.0328137817883511,3.6,1.0,0.0
MA010120220812030196,5,0,0.0,0.0,1.0,0.0
MA010120220812030646,5,5,1.1669401148482363,2.6,1.0,0.0
MA010120220812031058,5,2,0.0164068908941755,0.0,1.0,0.0
MA010120220812031615,1,0,0.0,0.0,1.0,0.0
MA010120220812033605,1,5,0.6173092698933552,0.0,0.0,0.0
MA010120220812034746,5,5,0.2850697292863002,4.795,1.0,0.0
MA010120220812034748,5,1,0.0020508613617719,1.0,1.0,0.0
MA010120220812036797,5,1,0.0020508613617719,0.0,1.0,1.0
MA010120220812037752,5,4,0.182526661197703,4.7,0.0,0.0
MA010120220812038001,5,5,0.3609515996718622,3.81,1.0,1.0
MA010120220812039858,5,2,0.0246103363412633,4.5,1.0,0.0
MA010120220812041051,5,4,0.1845775225594749,3.8,1.0,0.0
MA010120220812041665,5,2,0.0246103363412633,5.0,1.0,1.0
MA010120220812041841,5,5,0.6357670221493027,4.705,1.0,1.0
MA010120220812042624,5,4,0.2214930270713699,4.8,1.0,0.0
MA010120220812045492,5,4,0.182526661197703,4.4,1.0,0.0
MA010120220812046737,4,0,0.0,0.0,1.0,0.0
MA010120220812047905,5,4,0.1148482362592288,4.8,0.0,1.0
MA010120220812049265,5,2,0.0164068908941755,4.5,1.0,0.0
MA010120220812049764,5,2,0.034864643150123,3.94,1.0,0.0
MA010120220812050473,4,3,0.0676784249384741,4.0,1.0,0.0
MA010120220812052096,5,2,0.0184577522559474,5.0,1.0,0.0
MA010120220812052842,5,5,0.6296144380639869,4.675,1.0,0.0
MA010120220812054860,5,5,0.367104183757178,4.345,0.0,0.0
MA010120220812056160,1,0,0.0,0.0,1.0,0.0
MA010120220812057326,5,5,0.4122231337161608,4.67,0.0,0.0
MA010120220812057802,5,2,0.0246103363412633,4.87,1.0,1.0
MA010120220812058364,4,3,0.0430680885972108,4.605,1.0,0.0
MA010120220812059697,5,2,0.0266611977030352,4.2,1.0,0.0
MA010120220812059763,5,2,0.0184577522559474,4.775,1.0,1.0
MA010120220812059890,5,5,0.8408531583264971,4.6,1.0,1.0
MA010120220812060895,5,1,0.0061525840853158,5.0,1.0,0.0
MA010120220812061112,5,5,0.2768662838392124,0.0,1.0,0.0
MA010120220812062081,5,5,1.0213289581624283,4.6,1.0,0.0
MA010120220812062288,5,5,0.328137817883511,4.485,1.0,0.0
MA010120220812063420,5,1,0.0143560295324036,4.21,1.0,0.0
MA010120220812067674,5,5,0.3342904019688269,4.9,1.0,0.0
MA010120220812068880,5,4,0.0984413453650533,4.18,0.0,0.0
MA010120220812069245,5,1,0.0020508613617719,0.0,1.0,0.0
MA010120220812069806,5,4,0.145611156685808,4.785,1.0,0.0
MA010120220812069885,5,5,0.3835110746513536,3.98,1.0,0.0
MA010120220812070139,5,2,0.0287120590648072,5.0,1.0,0.0
MA010120220812071907,1,5,0.5311730926989335,0.0,1.0,1.0
MA010120220812072829,1,5,0.328137817883511,4.775,1.0,0.0
MA010120220812072851,5,3,0.0635767022149302,4.359999999999999,1.0,0.0
MA010120220812074134,5,2,0.0184577522559474,2.4,1.0,0.0
MA010120220812077175,5,0,0.0,0.0,0.0,0.0
MA010120220812077188,5,5,0.4840032813781788,4.44,1.0,1.0
MA010120220812078011,5,2,0.0246103363412633,0.0,0.0,1.0
MA010120220812078915,5,5,0.6665299425758819,0.0,1.0,1.0
MA010120220812079487,4,5,0.3404429860541427,5.0,1.0,0.0
MA010120220812079579,5,0,0.0,0.0,0.0,0.0
MA010120220812081139,5,1,0.0102543068088597,3.2,1.0,0.0
MA010120220812082093,5,3,0.0697292863002461,5.0,1.0,0.0
MA010120220812083319,5,3,0.0840853158326497,4.52,1.0,0.0
MA010120220812083595,5,4,0.1538146021328958,3.605,1.0,0.0
MA010120220812083719,1,4,0.2337981952420016,4.6,1.0,0.0
MA010120220812084644,5,5,0.293273174733388,4.45,1.0,0.0
MA010120220812085769,5,2,0.0205086136177194,4.445,1.0,1.0
MA010120220812087129,5,3,0.0615258408531583,3.735,1.0,0.0
MA010120220812087523,1,3,0.0574241181296144,0.0,1.0,0.0
MA010120220812088010,5,0,0.0,0.0,1.0,0.0
MA010120220812088245,5,3,0.0410172272354388,4.8,1.0,0.0
MA010120220812088252,5,4,0.2461033634126333,5.0,1.0,0.0
MA010120220812090086,5,5,0.6316652994257588,4.65,0.0,0.0
MA010120220812090661,5,5,1.7329778506972928,3.2,1.0,0.0
MA010120220812090906,5,5,1.031583264971288,3.7,1.0,0.0
MA010120220812091211,5,5,0.5721903199343724,4.59,1.0,0.0
MA010120220812092579,5,5,0.9721082854799016,3.4,1.0,0.0
MA010120220812094033,5,5,0.4942575881870386,0.0,1.0,0.0
MA010120220812097666,5,1,0.0082034454470877,2.3,1.0,0.0
MA010120220812098363,5,3,0.0697292863002461,3.9,1.0,0.0
MA010120220812100700,5,3,0.0594749794913863,4.605,1.0,0.0
MA010120220812103966,5,5,0.6378178835110747,3.84,0.0,0.0
MA010120220812104002,4,0,0.0,0.0,1.0,0.0
MA010120220812104158,1,5,0.5414273995077933,4.6,1.0,0.0
MA010120220812104416,5,0,0.0,4.76,1.0,0.0
MA010120220812107311,5,3,0.0861361771944216,3.0200000000000005,1.0,0.0
MA010120220812107980,5,3,0.0471698113207547,3.7,1.0,1.0
MA010120220812111101,5,1,0.0143560295324036,3.775,1.0,0.0
MA010120220812111200,5,4,0.1127973748974569,4.9,1.0,0.0
MA010120220812111642,5,1,0.0020508613617719,0.0,1.0,0.0
MA010120220812113527,5,4,0.2050861361771944,0.0,1.0,0.0
MA010120220812115366,5,2,0.0287120590648072,0.0,1.0,1.0
MA010120220812115461,5,1,0.0082034454470877,4.65,1.0,0.0
MA010120220812116911,5,4,0.1579163248564397,4.605,1.0,1.0
MA010120220812117924,1,0,0.0,0.0,1.0,0.0
MA010120220812118389,5,1,0.0123051681706316,4.09,0.0,0.0
MA010120220812118645,5,0,0.0,0.0,1.0,0.0
MA010120220812119642,5,4,0.1045939294503691,4.845000000000001,1.0,0.0
MA010120220812120021,5,2,0.0266611977030352,2.2,1.0,0.0
MA010120220812120651,5,4,0.1743232157506152,4.42,1.0,0.0
MA010120220812120964,5,1,0.0061525840853158,4.35,1.0,0.0
MA010120220812122260,5,4,0.2440525020508613,5.0,1.0,0.0
MA010120220812122592,5,3,0.0676784249384741,3.97,1.0,0.0
MA010120220812122728,5,3,0.0451189499589827,0.0,1.0,0.0
MA010120220812123415,5,4,0.2481542247744052,4.755000000000001,1.0,0.0
MA010120220812124526,5,1,0.0123051681706316,0.0,1.0,1.0
MA010120220812126985,5,1,0.0061525840853158,3.96,1.0,0.0
MA010120220812127440,5,2,0.0164068908941755,3.0,0.0,0.0
MA010120220812127654,1,4,0.1374077112387202,3.915,1.0,0.0
MA010120220812127707,5,4,0.1394585726004922,4.23,1.0,0.0
MA010120220812132595,5,1,0.0020508613617719,0.0,1.0,0.0
MA010120220812133035,5,5,0.7260049220672682,4.66,0.0,0.0
MA010120220812133363,5,2,0.0225594749794913,0.0,1.0,1.0
MA010120220812133707,5,5,0.2994257588187038,4.76,1.0,0.0
MA010120220812134701,5,2,0.0205086136177194,5.0,1.0,0.0
MA010120220812134739,5,2,0.0184577522559474,3.4,1.0,0.0
MA010120220812135593,5,0,0.0,0.0,0.0,0.0
MA010120220812137134,5,3,0.0410172272354388,4.26,1.0,0.0
MA010120220812137430,5,0,0.0,0.0,0.0,0.0
MA010120220812137493,4,4,0.1333059885151763,0.0,1.0,1.0
MA010120220812137670,5,2,0.0184577522559474,3.7,1.0,0.0
MA010120220812137883,5,5,0.8716160787530763,4.734999999999999,1.0,0.0
MA010120220812138755,5,5,1.6858080393765382,0.0,1.0,0.0
MA010120220812139015,5,2,0.0287120590648072,3.635,1.0,0.0
MA010120220812139162,5,5,1.179245283018868,4.665,1.0,1.0
MA010120220812140722,5,4,0.0943396226415094,3.765,1.0,0.0
MA010120220812142551,5,5,1.743232157506153,4.76,1.0,0.0
MA010120220812144912,5,2,0.0328137817883511,4.675,1.0,1.0
MA010120220812145764,5,0,0.0,0.0,1.0,0.0
MA010120220812148021,5,5,0.5680885972108286,3.875,0.0,0.0
MA010120220812148065,5,4,0.1271534044298605,4.79,1.0,0.0
MA010120220812148235,5,2,0.0246103363412633,4.105,1.0,0.0
MA010120220812148619,5,2,0.0246103363412633,5.0,1.0,0.0
MA010120220812148991,5,4,0.1025430680885972,4.37,1.0,0.0
MA010120220812149496,5,4,0.1066447908121411,5.0,1.0,0.0
MA010120220812149524,5,3,0.0410172272354388,4.945,1.0,1.0
MA010120220812150197,5,4,0.0963904840032813,4.07,1.0,0.0
MA010120220812150762,5,3,0.0881870385561936,4.7,1.0,1.0
MA010120220812151312,5,5,0.3383921246923708,4.29,1.0,0.0
MA010120220812151843,5,0,0.0,0.0,0.0,0.0
MA010120220812152121,5,0,0.0,0.0,1.0,0.0
MA010120220812153580,5,4,0.1661197703035274,4.37,0.0,0.0
MA010120220812154040,5,5,1.2715340442986054,4.73,1.0,0.0
MA010120220812159068,5,4,0.108695652173913,0.0,1.0,1.0
MA010120220812159178,5,5,0.9064807219031994,4.585,1.0,0.0
MA010120220812160558,5,5,1.1628383921246923,4.72,1.0,0.0
MA010120220812161279,5,2,0.0287120590648072,2.6,1.0,0.0
MA010120220812161710,5,0,0.0,0.0,1.0,0.0
MA010120220812163423,4,5,1.6899097621000818,0.0,1.0,0.0
MA010120220812164674,5,2,0.0164068908941755,5.0,1.0,0.0
MA010120220812164813,5,4,0.1230516817063166,3.6,1.0,0.0
MA010120220812164995,5,3,0.0451189499589827,5.0,1.0,0.0
MA010120220812166796,5,2,0.0246103363412633,4.565,1.0,0.0
MA010120220812167091,5,2,0.0266611977030352,4.2,1.0,0.0
MA010120220812168223,5,5,0.2973748974569319,4.52,1.0,0.0
MA010120220812169037,5,4,0.1066447908121411,4.59,1.0,0.0
MA010120220812170532,5,2,0.0287120590648072,3.9,1.0,1.0
MA010120220812172901,5,4,0.0922887612797374,4.9,1.0,0.0
MA010120220812172973,5,2,0.0328137817883511,4.6,1.0,0.0
MA010120220812173244,5,2,0.0246103363412633,4.865,1.0,0.0
MA010120220812173308,1,1,0.0041017227235438,0.0,1.0,0.0
MA010120220812174121,5,4,0.0984413453650533,4.21,1.0,1.0
MA010120220812175206,1,0,0.0,0.0,1.0,0.0
MA010120220812175280,5,0,0.0,0.0,1.0,0.0
MA010120220812178026,5,1,0.0143560295324036,4.64,1.0,0.0
MA010120220812178216,5,4,0.1845775225594749,4.42,1.0,1.0
MA010120220812179209,5,3,0.0553732567678424,3.155,1.0,0.0
MA010120220812179383,5,5,0.9392945036915504,4.8,1.0,0.0
MA010120220812180802,5,2,0.0287120590648072,3.26,1.0,1.0
MA010120220812181774,5,0,0.0,0.0,1.0,0.0
MA010120220812183445,1,2,0.0246103363412633,5.0,1.0,1.0
MA010120220812183873,5,0,0.0,0.0,1.0,0.0
MA010120220812184138,5,5,0.365053322395406,4.77,0.0,1.0
MA010120220812186750,5,4,0.0922887612797374,4.175,1.0,0.0
MA010120220812187696,4,2,0.0164068908941755,3.935,1.0,1.0
MA010120220812190177,5,0,0.0,0.0,1.0,1.0
MA010120220812191198,1,5,0.8757178014766203,4.2,1.0,1.0
MA010120220812192019,5,4,0.1292042657916325,5.0,1.0,0.0
MA010120220812192209,5,5,0.9105824446267432,4.42,1.0,0.0
MA010120220812196625,5,5,0.5844954881050041,4.6,1.0,0.0
MA010120220812198316,5,1,0.0082034454470877,5.0,1.0,0.0
MA010120220812198608,5,2,0.0184577522559474,4.72,0.0,1.0
MA010120220812199067,4,3,0.0594749794913863,4.945,1.0,0.0
MA010120220812199113,5,5,0.5475799835931091,4.41,1.0,0.0
MA010120220812201252,5,0,0.0,0.0,1.0,0.0
MA010120220812201284,5,3,0.0410172272354388,4.025,1.0,1.0
MA010120220812201492,5,4,0.1292042657916325,3.945,1.0,0.0
MA010120220812203369,5,1,0.0061525840853158,3.5,1.0,0.0
MA010120220812203764,4,0,0.0,0.0,1.0,0.0
MA010120220812204757,5,0,0.0,0.0,1.0,0.0
MA010120220812204905,1,4,0.1230516817063166,0.0,1.0,0.0
MA010120220812206926,5,1,0.0143560295324036,4.77,0.0,1.0
MA010120220812207106,1,2,0.0184577522559474,4.23,1.0,0.0
MA010120220812209412,5,5,0.5106644790812142,4.45,1.0,0.0
MA010120220812211040,5,4,0.1168990976210008,4.87,1.0,0.0
MA010120220812212121,5,1,0.0082034454470877,0.0,1.0,0.0
MA010120220812212180,5,5,0.5475799835931091,0.0,1.0,1.0
MA010120220812212857,5,1,0.0123051681706316,3.915,0.0,1.0
MA010120220812214019,5,2,0.0164068908941755,4.265000000000001,1.0,0.0
MA010120220812214717,5,0,0.0,0.0,1.0,0.0
MA010120220812215421,5,0,0.0,0.0,0.0,0.0
MA010120220812216671,5,2,0.0287120590648072,1.0,1.0,0.0
MA010120220812218700,5,1,0.0143560295324036,5.0,1.0,1.0
MA010120220812219147,5,5,0.8039376538146021,4.61,0.0,0.0
MA010120220812219182,5,0,0.0,4.54,1.0,0.0
MA010120220812220125,4,3,0.0574241181296144,4.005,1.0,0.0
MA010120220812221862,5,2,0.0184577522559474,5.0,1.0,0.0
MA010120220812222065,1,5,0.5968006562756357,3.9,0.0,0.0
MA010120220812222326,5,3,0.0430680885972108,4.395,1.0,0.0
MA010120220812223016,5,4,0.1025430680885972,4.425000000000001,1.0,0.0
MA010120220812223191,5,5,0.5619360131255127,3.905,1.0,1.0
MA010120220812223402,5,4,0.1353568498769483,2.6,1.0,0.0
MA010120220812223813,1,5,0.3876127973748974,4.8,1.0,0.0
MA010120220812225091,1,5,0.3937653814602133,0.0,1.0,0.0
MA010120220812226653,5,5,0.4101722723543888,4.445,0.0,0.0
MA010120220812227989,5,5,0.2850697292863002,4.06,1.0,1.0
MA010120220812228674,5,0,0.0,0.0,1.0,0.0
MA010120220812229756,5,4,0.1558654634946677,4.2,1.0,0.0
MA010120220812229776,5,2,0.0266611977030352,0.0,1.0,0.0
MA010120220812229989,5,4,0.0984413453650533,2.9,1.0,0.0
MA010120220812230388,5,0,0.0,0.0,1.0,0.0
MA010120220812231307,5,2,0.0225594749794913,4.2,1.0,0.0
MA010120220812232894,5,2,0.0369155045118949,4.35,1.0,0.0
MA010120220812232928,5,4,0.0922887612797374,4.645,1.0,0.0
MA010120220812233746,5,4,0.2091878589007383,3.7,1.0,1.0
MA010120220812233842,5,1,0.0041017227235438,4.5,1.0,0.0
MA010120220812234000,5,2,0.0287120590648072,4.075,1.0,1.0
MA010120220812236882,5,2,0.034864643150123,2.8,1.0,0.0
MA010120220812236940,5,2,0.0307629204265791,2.2,1.0,0.0
MA010120220812238767,5,4,0.1476620180475799,4.965,1.0,0.0
MA010120220812242230,5,2,0.0369155045118949,0.0,1.0,0.0
MA010120220812244831,5,0,0.0,0.0,1.0,0.0
MA010120220812246245,1,2,0.0184577522559474,0.0,1.0,0.0
MA010120220812246514,5,3,0.0471698113207547,4.375,1.0,0.0
MA010120220812247268,5,2,0.034864643150123,3.7,1.0,0.0
MA010120220812249653,5,5,0.4450369155045119,4.61,1.0,0.0
MA010120220812250028,5,3,0.0676784249384741,4.7,1.0,0.0
MA010120220812250302,5,3,0.0738310090237899,3.7,1.0,0.0
MA010120220812251249,1,4,0.2050861361771944,4.2,1.0,1.0
MA010120220812252571,5,2,0.0328137817883511,5.0,1.0,0.0
MA010120220812253136,5,4,0.2071369975389664,4.775,1.0,0.0
MA010120220812256350,5,3,0.0451189499589827,4.7,1.0,0.0
MA010120220812257519,5,0,0.0,0.0,1.0,0.0
MA010120220812257761,5,0,0.0,0.0,1.0,0.0
MA010120220812258107,5,4,0.2420016406890894,0.0,1.0,1.0
MA010120220812259788,5,5,0.2645611156685807,4.38,1.0,0.0
MA010120220812260261,5,3,0.0697292863002461,3.405,0.0,0.0
MA010120220812260385,5,1,0.0082034454470877,4.8,1.0,0.0
MA010120220812261058,5,1,0.0041017227235438,0.0,1.0,0.0
MA010120220812262247,5,4,0.1948318293683347,4.12,1.0,0.0
MA010120220812264332,5,0,0.0,0.0,1.0,0.0
MA010120220812266703,5,5,0.2891714520098442,5.0,0.0,0.0
MA010120220812268491,5,4,0.0943396226415094,3.7,1.0,0.0
MA010120220812269708,1,1,0.0143560295324036,3.7,1.0,0.0
MA010120220812270112,5,2,0.0184577522559474,2.5,1.0,0.0
MA010120220812270904,5,3,0.0574241181296144,4.44,1.0,1.0
MA010120220812272518,5,1,0.0102543068088597,0.0,1.0,0.0
MA010120220812272695,5,5,0.9905660377358492,3.6,1.0,0.0
MA010120220812273777,4,3,0.0430680885972108,4.49,1.0,0.0
MA010120220812274644,5,2,0.0369155045118949,4.41,1.0,0.0
MA010120220812275123,5,0,0.0,0.0,1.0,0.0
MA010120220812276273,5,5,0.8490566037735848,4.375,1.0,0.0
MA010120220812276323,5,0,0.0,0.0,0.0,0.0
MA010120220812277080,5,2,0.0184577522559474,3.6,1.0,0.0
MA010120220812277180,5,4,0.1148482362592288,0.0,1.0,1.0
MA010120220812277430,5,5,0.8982772764561116,4.529999999999999,1.0,1.0
MA010120220812278555,5,1,0.0143560295324036,3.6,1.0,0.0
MA010120220812279896,5,2,0.0164068908941755,3.68,0.0,0.0
MA010120220812280047,5,2,0.0369155045118949,3.2,1.0,0.0
MA010120220812280508,5,4,0.1333059885151763,4.1,1.0,0.0
MA010120220812281076,5,5,0.7567678424938474,4.77,1.0,0.0
MA010120220812281190,5,4,0.2235438884331419,4.695,1.0,0.0
MA010120220812282312,5,5,1.6488925348646433,4.88,0.0,0.0
MA010120220812283325,5,3,0.0451189499589827,4.605,1.0,1.0
MA010120220812284609,5,3,0.0738310090237899,4.6,1.0,0.0
MA010120220812285317,5,0,0.0,0.0,0.0,0.0
MA010120220812287110,5,1,0.0123051681706316,5.0,1.0,1.0
MA010120220812287456,5,3,0.0533223954060705,3.98,1.0,0.0
MA010120220812288016,1,5,0.5311730926989335,4.16,1.0,0.0
MA010120220812289126,5,2,0.0266611977030352,0.0,0.0,0.0
MA010120220812289345,5,0,0.0,0.0,1.0,0.0
MA010120220812289516,5,1,0.0061525840853158,4.88,1.0,1.0
MA010120220812289674,1,5,0.4163248564397047,4.3,1.0,0.0
MA010120220812291500,5,4,0.2153404429860541,4.9,1.0,0.0
MA010120220812291868,4,4,0.0943396226415094,4.3,1.0,1.0
MA010120220812292468,5,4,0.1415094339622641,4.565,0.0,0.0
MA010120220812292694,5,5,0.6152584085315833,4.915,1.0,1.0
MA010120220812293265,5,1,0.0082034454470877,5.0,1.0,0.0
MA010120220812294218,5,1,0.0143560295324036,5.0,0.0,1.0
MA010120220812294604,5,5,0.8039376538146021,4.14,1.0,0.0
MA010120220812294783,5,1,0.0143560295324036,4.9,1.0,0.0
MA010120220812296005,5,2,0.0246103363412633,4.0,1.0,0.0
MA010120220812297017,5,0,0.0,4.47,0.0,0.0
MA010120220812300080,1,4,0.1517637407711238,4.4,1.0,0.0
MA010120220812302866,1,3,0.0799835931091058,4.9,1.0,0.0
MA010120220812303536,5,2,0.0266611977030352,4.9,1.0,0.0
MA010120220812305937,5,1,0.0082034454470877,4.77,1.0,0.0
MA010120220812307046,5,0,0.0,0.0,1.0,0.0
MA010120220812307611,5,4,0.1886792452830188,4.065,0.0,0.0
MA010120220812307944,5,2,0.0184577522559474,4.615,1.0,0.0
MA010120220812308670,5,1,0.0123051681706316,4.41,1.0,0.0
MA010120220812308742,1,0,0.0,0.0,1.0,0.0
MA010120220812309994,5,2,0.034864643150123,4.279999999999999,1.0,0.0
MA010120220812310507,5,1,0.0143560295324036,3.355,1.0,0.0
MA010120220812310787,5,1,0.0143560295324036,3.0,1.0,0.0
MA010120220812311607,5,1,0.0020508613617719,4.53,1.0,0.0
MA010120220812312349,5,0,0.0,0.0,1.0,0.0
MA010120220812312430,5,4,0.1107465135356849,4.0,1.0,0.0
MA010120220812314120,4,0,0.0,0.0,1.0,0.0
MA010120220812316267,5,2,0.0287120590648072,4.33,0.0,0.0
MA010120220812316329,5,4,0.2255947497949138,4.82,1.0,0.0
MA010120220812319257,5,3,0.0389663658736669,4.425,1.0,1.0
MA010120220812320378,5,2,0.0328137817883511,3.5650000000000004,1.0,0.0
MA010120220812320789,5,3,0.0881870385561936,4.3,0.0,0.0
MA010120220812321059,5,5,0.8347005742411813,4.3,1.0,0.0
MA010120220812323337,5,5,0.5844954881050041,4.46,0.0,0.0
MA010120220812324366,5,0,0.0,0.0,1.0,0.0
MA010120220812324512,5,2,0.0225594749794913,3.6,0.0,0.0
MA010120220812325262,5,1,0.0102543068088597,4.36,1.0,0.0
MA010120220812326915,5,4,0.1045939294503691,3.3150000000000004,1.0,0.0
MA010120220812328480,5,1,0.0061525840853158,5.0,0.0,0.0
MA010120220812329257,5,0,0.0,0.0,1.0,0.0
MA010120220812330423,5,3,0.0738310090237899,4.154999999999999,1.0,0.0
MA010120220812331455,5,5,0.3055783429040197,4.404999999999999,1.0,0.0
MA010120220812331645,5,1,0.0061525840853158,3.0,1.0,1.0
MA010120220812332511,4,2,0.0164068908941755,0.0,0.0,1.0
MA010120220812333832,5,1,0.0143560295324036,4.734999999999999,1.0,0.0
MA010120220812336066,5,5,0.3117309269893355,4.880000000000001,0.0,0.0
MA010120220812336154,5,3,0.0635767022149302,3.5,1.0,0.0
MA010120220812336486,5,4,0.2030352748154225,4.53,1.0,0.0
MA010120220812336932,5,5,0.6316652994257588,4.1,1.0,0.0
MA010120220812337397,5,1,0.0020508613617719,0.0,1.0,0.0
MA010120220812337688,5,4,0.254306808859721,5.0,1.0,0.0
MA010120220812337821,5,0,0.0,4.44,1.0,0.0
MA010120220812338416,5,0,0.0,4.44,0.0,0.0
MA010120220812338889,5,4,0.1189499589827727,4.27,0.0,0.0
MA010120220812341791,5,3,0.0430680885972108,0.0,1.0,1.0
MA010120220812342665,5,1,0.0102543068088597,4.785,1.0,0.0
MA010120220812342740,5,2,0.0266611977030352,2.7,1.0,0.0
MA010120220812344135,5,0,0.0,0.0,1.0,0.0
MA010120220812346469,5,2,0.0164068908941755,4.66,1.0,0.0
MA010120220812346557,5,2,0.0328137817883511,4.755,1.0,0.0
MA010120220812347803,5,4,0.1476620180475799,4.83,1.0,0.0
MA010120220812347932,5,2,0.0266611977030352,2.3,1.0,1.0
MA010120220812348776,5,0,0.0,0.0,1.0,0.0
MA010120220812350254,5,1,0.0123051681706316,3.0,1.0,0.0
MA010120220812350358,5,2,0.0184577522559474,5.0,1.0,1.0
MA010120220812350842,5,4,0.1558654634946677,4.2,0.0,0.0
MA010120220812351163,5,3,0.0697292863002461,3.7,1.0,0.0
MA010120220812351977,5,0,0.0,0.0,1.0,0.0
MA010120220812352181,5,5,0.367104183757178,4.6,0.0,0.0
MA010120220812356145,5,2,0.0266611977030352,4.8,1.0,0.0
MA010120220812356734,5,5,0.3691550451189499,4.6,1.0,1.0
MA010120220812357258,5,1,0.0102543068088597,4.5,1.0,0.0
MA010120220812357548,5,4,0.219442165709598,4.9,1.0,0.0
MA010120220812358866,5,5,0.293273174733388,0.0,1.0,0.0
MA010120220812360048,5,1,0.0020508613617719,4.5,1.0,0.0
MA010120220812360152,5,4,0.1168990976210008,3.855,1.0,0.0
MA010120220812360427,5,5,0.2789171452009844,4.375,1.0,0.0
MA010120220812362451,5,5,1.2038556193601313,3.3,1.0,0.0
MA010120220812362732,5,3,0.0533223954060705,3.625,1.0,1.0
MA010120220812362998,5,5,0.5024610336341263,4.41,1.0,1.0
MA010120220812364140,5,0,0.0,0.0,1.0,0.0
MA010120220812364982,5,0,0.0,0.0,1.0,0.0
MA010120220812366064,5,4,0.108695652173913,4.49,1.0,0.0
MA010120220812367595,5,1,0.0061525840853158,5.0,1.0,0.0
MA010120220812368066,5,0,0.0,0.0,0.0,0.0
MA010120220812368687,5,4,0.1435602953240361,5.0,1.0,0.0
MA010120220812368984,5,2,0.0287120590648072,4.3,1.0,0.0
MA010120220812369466,5,0,0.0,0.0,1.0,0.0
MA010120220812370169,5,2,0.0205086136177194,2.5,1.0,0.0
MA010120220812371294,5,2,0.0328137817883511,4.6,1.0,1.0
MA010120220812371485,5,1,0.0102543068088597,5.0,1.0,0.0
MA010120220812371486,5,2,0.0205086136177194,4.04,1.0,0.0
MA010120220812372002,5,5,0.6460213289581624,0.0,0.0,0.0
MA010120220812372698,5,2,0.0184577522559474,4.37,1.0,0.0
MA010120220812373437,5,4,0.0943396226415094,4.405,1.0,0.0
MA010120220812374592,5,1,0.0041017227235438,5.0,1.0,0.0
MA010120220812375911,5,3,0.0492206726825266,3.7,1.0,0.0
MA010120220812376196,5,3,0.0553732567678424,5.0,1.0,0.0
MA010120220812376683,5,4,0.0963904840032813,4.525,1.0,1.0
MA010120220812377657,5,4,0.2091878589007383,3.87,1.0,1.0
MA010120220812380581,5,4,0.145611156685808,4.46,1.0,0.0
MA010120220812380811,5,3,0.0758818703855619,0.0,1.0,0.0
MA010120220812380923,5,5,0.5762920426579163,4.425,1.0,0.0
MA010120220812381987,5,2,0.0205086136177194,4.08,1.0,0.0
MA010120220812382585,5,3,0.0410172272354388,4.555,1.0,0.0
MA010120220812383243,1,0,0.0,0.0,1.0,0.0
MA010120220812384372,5,5,1.138228055783429,4.4,1.0,1.0
MA010120220812387920,5,0,0.0,0.0,1.0,0.0
MA010120220812388187,5,0,0.0,0.0,0.0,0.0
MA010120220812389242,5,3,0.0451189499589827,5.0,1.0,0.0
MA010120220812389570,5,5,0.2994257588187038,4.4,1.0,0.0
MA010120220812389623,5,3,0.0492206726825266,4.665,1.0,1.0
MA010120220812390319,5,1,0.0143560295324036,0.0,1.0,0.0
MA010120220812394480,5,0,0.0,0.0,1.0,0.0
MA010120220812394484,5,1,0.0061525840853158,4.63,1.0,0.0
MA010120220812395805,5,2,0.0266611977030352,4.605,1.0,0.0
MA010120220812395933,5,0,0.0,0.0,1.0,0.0
MA010120220812396097,5,3,0.0779327317473338,4.3,1.0,1.0
MA010120220812396374,5,4,0.1661197703035274,4.76,1.0,0.0
MA010120220812398405,5,4,0.1476620180475799,4.7,1.0,0.0
MA010120220812399806,5,4,0.1025430680885972,4.85,1.0,0.0
MA010120220812400933,5,1,0.0143560295324036,4.32,1.0,0.0
MA010120220812402197,5,4,0.1476620180475799,4.14,1.0,1.0
MA010120220812402426,5,3,0.0656275635767022,4.12,1.0,0.0
MA010120220812403085,5,5,0.3917145200984413,4.88,0.0,0.0
MA010120220812404480,5,1,0.0020508613617719,0.0,1.0,0.0
MA010120220812408900,5,2,0.0287120590648072,4.21,1.0,0.0
MA010120220812409400,5,3,0.0779327317473338,4.35,1.0,1.0
MA010120220812411556,5,5,0.549630844954881,4.390000000000001,0.0,0.0
MA010120220812411699,5,2,0.0246103363412633,4.94,1.0,0.0
MA010120220812412218,4,3,0.0861361771944216,4.48,1.0,0.0
MA010120220812412791,5,5,0.3014766201804758,4.4,1.0,0.0
MA010120220812417607,5,5,0.5106644790812142,4.38,1.0,0.0
MA010120220812417710,5,2,0.0225594749794913,4.635,1.0,0.0
MA010120220812418002,5,5,0.7670221493027072,3.6,1.0,1.0
MA010120220812418041,1,5,0.51681706316653,0.0,1.0,0.0
MA010120220812419730,5,2,0.0184577522559474,4.654999999999999,1.0,0.0
MA010120220812422104,5,3,0.0738310090237899,4.47,0.0,1.0
MA010120220812422806,5,2,0.0246103363412633,4.154999999999999,1.0,0.0
MA010120220812422897,5,5,0.6726825266611978,4.505000000000001,1.0,1.0
MA010120220812425182,1,4,0.1025430680885972,4.845000000000001,0.0,1.0
MA010120220812426591,5,1,0.0082034454470877,4.225,1.0,1.0
MA010120220812426741,5,4,0.1599671862182116,4.49,1.0,1.0
MA010120220812427667,5,4,0.1025430680885972,4.9,1.0,0.0
MA010120220812427726,5,2,0.0225594749794913,2.5,1.0,0.0
MA010120220812429921,5,4,0.0943396226415094,5.0,0.0,1.0
MA010120220812430341,5,1,0.0123051681706316,2.0,1.0,0.0
MA010120220812430588,5,3,0.0574241181296144,5.0,1.0,0.0
MA010120220812430721,5,4,0.1353568498769483,3.605,1.0,1.0
MA010120220812431312,5,2,0.0246103363412633,5.0,1.0,0.0
MA010120220812432786,5,4,0.2358490566037736,4.8,1.0,1.0
MA010120220812437125,1,5,0.3835110746513536,4.7,1.0,1.0
MA010120220812437711,5,4,0.1374077112387202,5.0,1.0,1.0
MA010120220812439539,5,4,0.1312551271534044,4.665,1.0,0.0
MA010120220812441548,5,5,0.9864643150123052,4.6,1.0,0.0
MA010120220812441803,5,4,0.1681706316652994,0.0,0.0,0.0
MA010120220812442151,5,1,0.0123051681706316,4.5,1.0,0.0
MA010120220812442404,5,1,0.0041017227235438,4.88,1.0,1.0
MA010120220812442707,1,5,0.8593109105824447,2.9,1.0,1.0
MA010120220812443231,5,1,0.0041017227235438,4.5,0.0,1.0
MA010120220812443721,5,5,1.441755537325677,0.0,1.0,0.0
MA010120220812444783,5,0,0.0,0.0,1.0,0.0
MA010120220812445914,5,3,0.0389663658736669,0.0,1.0,0.0
MA010120220812446898,5,1,0.0061525840853158,4.45,1.0,0.0
MA010120220812448273,5,4,0.1045939294503691,3.6,1.0,0.0
MA010120220812448663,5,2,0.0369155045118949,4.2,1.0,0.0
MA010120220812448723,5,0,0.0,0.0,0.0,0.0
MA010120220812450675,5,2,0.0184577522559474,0.0,1.0,1.0
MA010120220812450954,5,5,0.6009023789991796,4.08,0.0,0.0
MA010120220812451771,5,2,0.034864643150123,4.51,1.0,0.0
MA010120220812452911,5,5,0.4245283018867924,4.595,1.0,0.0
MA010120220812454214,1,3,0.0820344544708777,0.0,0.0,0.0
MA010120220812454932,5,0,0.0,0.0,0.0,0.0
MA010120220812455735,5,2,0.034864643150123,5.0,1.0,0.0
MA010120220812456631,5,3,0.071780147662018,4.825,0.0,0.0
MA010120220812457023,5,5,1.7719442165709598,4.52,0.0,1.0
MA010120220812458320,5,3,0.0697292863002461,3.905,1.0,0.0
MA010120220812461000,1,1,0.0041017227235438,0.0,1.0,0.0
MA010120220812461857,5,3,0.0881870385561936,4.545,1.0,0.0
MA010120220812462931,5,1,0.0041017227235438,5.0,1.0,0.0
MA010120220812463890,5,2,0.0164068908941755,4.56,1.0,0.0
MA010120220812465721,1,3,0.0389663658736669,5.0,1.0,1.0
MA010120220812466692,5,5,1.573010664479081,4.23,1.0,0.0
MA010120220812468779,5,2,0.034864643150123,4.025,1.0,0.0
MA010120220812469809,5,5,0.6132075471698113,0.0,1.0,0.0
MA010120220812470140,5,3,0.0656275635767022,4.9,1.0,1.0
MA010120220812470691,5,1,0.0082034454470877,3.75,1.0,0.0
MA010120220812471086,5,4,0.1640689089417555,2.7,1.0,0.0
MA010120220812472456,5,5,0.6747333880229696,4.48,1.0,0.0
MA010120220812474113,5,4,0.1497128794093519,4.77,1.0,0.0
MA010120220812476282,5,1,0.0123051681706316,4.315,1.0,1.0
MA010120220812476876,5,1,0.0102543068088597,3.5,1.0,1.0
MA010120220812477051,5,0,0.0,4.38,1.0,0.0
MA010120220812479655,5,3,0.0492206726825266,4.09,1.0,0.0
MA010120220812479694,5,2,0.0246103363412633,4.805,1.0,1.0
MA010120220812479817,5,5,0.5639868744872847,4.345000000000001,1.0,1.0
MA010120220812480534,5,1,0.0061525840853158,0.0,1.0,0.0
MA010120220812481801,5,3,0.0451189499589827,4.0,0.0,0.0
MA010120220812485724,5,4,0.2112387202625102,4.535,1.0,1.0
MA010120220812485831,5,2,0.0266611977030352,3.295,1.0,0.0
MA010120220812487053,1,0,0.0,0.0,1.0,0.0
MA010120220812487083,5,4,0.2522559474979491,4.42,1.0,0.0
MA010120220812487641,5,1,0.0020508613617719,0.0,1.0,0.0
MA010120220812488495,5,3,0.0553732567678424,2.3,0.0,0.0
MA010120220812488542,5,3,0.0697292863002461,0.0,1.0,0.0
MA010120220812488866,5,4,0.1210008203445447,0.0,1.0,0.0
MA010120220812488900,5,3,0.0697292863002461,4.9,1.0,0.0
MA010120220812489477,5,5,0.2994257588187038,3.915,0.0,0.0
MA010120220812491495,5,5,0.5639868744872847,4.800000000000001,1.0,0.0
MA010120220812492378,5,0,0.0,0.0,1.0,0.0
MA010120220812492687,5,1,0.0143560295324036,5.0,1.0,0.0
MA010120220812493360,5,2,0.0328137817883511,4.6,1.0,0.0
MA010120220812494110,5,0,0.0,0.0,1.0,0.0
MA010120220812495554,5,3,0.0389663658736669,0.0,1.0,0.0
MA010120220812495713,5,0,0.0,4.53,0.0,0.0
MA010120220812498464,5,2,0.0328137817883511,4.38,1.0,0.0
MA010120220812499220,5,1,0.0123051681706316,3.0,1.0,1.0
MA010120220812500805,5,0,0.0,0.0,0.0,0.0
MA010120220812504572,5,0,0.0,0.0,0.0,0.0
MA010120220812506017,5,5,0.6501230516817064,4.7,1.0,1.0
MA010120220812507366,5,3,0.0430680885972108,4.8,1.0,0.0
MA010120220812508173,5,3,0.0512715340442986,4.324999999999999,1.0,0.0
MA010120220812511813,5,1,0.0061525840853158,5.0,1.0,0.0
MA010120220812511902,5,3,0.0492206726825266,3.1,1.0,0.0
MA010120220812512372,5,4,0.1415094339622641,3.89,1.0,0.0
MA010120220812514364,5,0,0.0,0.0,1.0,0.0
MA010120220812515182,5,3,0.0410172272354388,4.4,1.0,1.0
MA010120220812515400,5,3,0.0389663658736669,3.4,1.0,1.0
MA010120220812516149,5,5,0.4204265791632485,4.645,1.0,0.0
MA010120220812516291,5,5,0.7054963084495489,4.765000000000001,1.0,0.0
MA010120220812517750,5,0,0.0,0.0,0.0,0.0
MA010120220812518889,5,4,0.1230516817063166,4.8,1.0,0.0
MA010120220812519187,1,0,0.0,0.0,1.0,0.0
MA010120220812519431,5,5,0.7116488925348646,4.390000000000001,1.0,0.0
MA010120220812520005,5,3,0.0410172272354388,4.29,1.0,0.0
MA010120220812521714,5,5,0.5147662018047581,4.38,1.0,0.0
MA010120220812521938,5,2,0.0246103363412633,4.3100000000000005,0.0,0.0
MA010120220812522048,5,2,0.0184577522559474,4.79,1.0,0.0
MA010120220812522261,5,1,0.0041017227235438,5.0,1.0,0.0
MA010120220812522575,5,5,0.662428219852338,4.545,1.0,0.0
MA010120220812522644,5,2,0.0184577522559474,4.18,1.0,0.0
MA010120220812526561,5,5,0.3035274815422477,4.9,1.0,0.0
MA010120220812526690,5,2,0.0328137817883511,5.0,1.0,0.0
MA010120220812526812,5,5,0.3322395406070549,4.9,1.0,1.0
MA010120220812527007,5,5,0.3076292042657916,4.8,1.0,1.0
MA010120220812527664,5,2,0.0246103363412633,1.0,1.0,0.0
MA010120220812528758,5,4,0.254306808859721,3.8,1.0,0.0
MA010120220812529496,1,2,0.0225594749794913,2.9,0.0,0.0
MA010120220812529673,5,3,0.0820344544708777,5.0,1.0,0.0
MA010120220812530484,5,2,0.0266611977030352,4.3,1.0,0.0
MA010120220812530497,5,2,0.0164068908941755,3.7,1.0,1.0
MA010120220812531249,5,2,0.0328137817883511,2.905,1.0,0.0
MA010120220812531374,5,3,0.0451189499589827,4.3,1.0,1.0
MA010120220812531511,5,5,0.6296144380639869,4.5,1.0,0.0
MA010120220812531900,5,4,0.1230516817063166,4.375,1.0,0.0
MA010120220812532260,5,4,0.1866283839212469,3.4,1.0,0.0
MA010120220812532315,5,5,0.3096800656275635,4.3100000000000005,1.0,0.0
MA010120220812532989,5,4,0.1989335520918786,4.85,1.0,1.0
MA010120220812533156,5,3,0.0533223954060705,4.415,1.0,0.0
MA010120220812533816,5,5,1.6304347826086958,4.305,1.0,0.0
MA010120220812533972,5,1,0.0082034454470877,4.865,1.0,0.0
MA010120220812534137,5,5,0.992616899097621,4.35,1.0,0.0
MA010120220812535322,5,4,0.2255947497949138,4.78,1.0,0.0
MA010120220812535677,5,3,0.0861361771944216,4.529999999999999,1.0,1.0
MA010120220812536782,5,5,2.069319114027892,3.83,0.0,0.0
MA010120220812537182,5,5,1.6817063166529942,4.555,1.0,1.0
MA010120220812537483,5,2,0.0164068908941755,2.0,1.0,0.0
MA010120220812538482,5,4,0.1907301066447908,4.5600000000000005,0.0,0.0
MA010120220812538706,5,4,0.2399507793273174,0.0,0.0,0.0
MA010120220812539766,5,5,0.3424938474159147,4.25,1.0,1.0
MA010120220812539954,5,1,0.0041017227235438,0.0,1.0,0.0
MA010120220812540252,5,3,0.0840853158326497,5.0,1.0,0.0
MA010120220812542014,5,4,0.2235438884331419,4.18,0.0,0.0
MA010120220812546376,5,4,0.1845775225594749,3.0,1.0,0.0
MA010120220812546843,5,3,0.0430680885972108,5.0,1.0,1.0
MA010120220812548555,5,2,0.0266611977030352,4.35,1.0,1.0
MA010120220812550081,5,5,0.9474979491386382,3.7,0.0,0.0
MA010120220812551572,5,4,0.1497128794093519,4.8,0.0,1.0
MA010120220812551779,5,2,0.0164068908941755,4.68,1.0,1.0
MA010120220812552016,5,4,0.2112387202625102,4.545,1.0,1.0
MA010120220812552778,5,4,0.1579163248564397,4.720000000000001,1.0,0.0
MA010120220812553079,5,5,0.7608695652173914,4.84,1.0,0.0
MA010120220812555457,5,1,0.0123051681706316,4.3,1.0,0.0
MA010120220812556827,1,4,0.1640689089417555,3.8,1.0,0.0
MA010120220812558122,5,2,0.0307629204265791,4.23,1.0,0.0
MA010120220812558754,5,5,0.6173092698933552,3.7,1.0,0.0
MA010120220812559286,5,0,0.0,0.0,1.0,0.0
MA010120220812560342,5,2,0.0164068908941755,4.9,0.0,0.0
MA010120220812561014,5,5,0.4860541427399507,0.0,1.0,1.0
MA010120220812561989,5,5,0.3691550451189499,4.39,0.0,0.0
MA010120220812562953,5,2,0.0246103363412633,4.665,1.0,0.0
MA010120220812565725,5,3,0.0533223954060705,4.415,1.0,0.0
MA010120220812566433,5,5,0.6214109926168991,5.0,1.0,0.0
MA010120220812567710,1,5,0.2953240360951599,4.0,1.0,0.0
MA010120220812568891,5,5,0.3383921246923708,4.775,1.0,0.0
MA010120220812570672,5,2,0.0225594749794913,5.0,1.0,0.0
MA010120220812577270,5,5,0.6460213289581624,0.0,1.0,0.0
MA010120220812577306,5,2,0.0266611977030352,4.6,1.0,0.0
MA010120220812577676,5,1,0.0123051681706316,0.0,1.0,0.0
MA010120220812578111,5,3,0.0635767022149302,4.0,1.0,0.0
MA010120220812579146,5,5,0.2830188679245283,4.115,0.0,0.0
MA010120220812580713,5,2,0.0369155045118949,4.4,1.0,0.0
MA010120220812580886,5,1,0.0082034454470877,5.0,1.0,0.0
MA010120220812581282,5,2,0.0225594749794913,4.715,1.0,0.0
MA010120220812581739,5,3,0.0902378999179655,5.0,0.0,0.0
MA010120220812581831,4,0,0.0,0.0,1.0,0.0
MA010120220812584041,5,0,0.0,0.0,0.0,0.0
MA010120220812585184,5,4,0.1989335520918786,4.45,1.0,1.0
MA010120220812585193,5,2,0.0307629204265791,4.475,1.0,0.0
MA010120220812586057,5,3,0.0615258408531583,4.5,1.0,1.0
MA010120220812586613,5,3,0.0430680885972108,4.2,1.0,0.0
MA010120220812587088,5,4,0.1476620180475799,4.715,1.0,1.0
MA010120220812587893,5,1,0.0061525840853158,4.23,1.0,0.0
MA010120220812590868,5,5,0.2666119770303527,4.300000000000001,1.0,1.0
MA010120220812591151,5,5,0.7916324856439705,3.8,1.0,1.0
MA010120220812591631,5,3,0.0861361771944216,4.465,1.0,1.0
MA010120220812591755,5,5,0.588597210828548,4.4,1.0,0.0
MA010120220812594063,5,5,0.6132075471698113,3.73,1.0,0.0
MA010120220812595260,5,2,0.0307629204265791,4.005,1.0,0.0
MA010120220812595540,5,5,0.2686628383921247,4.8,1.0,0.0
MA010120220812595738,5,0,0.0,0.0,0.0,0.0
MA010120220812596082,5,3,0.0820344544708777,3.665,1.0,0.0
MA010120220812599140,5,4,0.1948318293683347,0.0,1.0,0.0
MA010120220812599299,5,4,0.1353568498769483,4.699999999999999,0.0,0.0
MA010120220812599864,5,1,0.0041017227235438,4.29,1.0,0.0
MA010120220812600967,5,2,0.0307629204265791,5.0,1.0,0.0
MA010120220812601345,5,3,0.0512715340442986,4.42,1.0,1.0
MA010120220812601622,5,0,0.0,0.0,1.0,0.0
MA010120220812602064,5,2,0.0164068908941755,4.2,1.0,0.0
MA010120220812603454,5,0,0.0,0.0,1.0,0.0
MA010120220812606359,5,1,0.0020508613617719,0.0,1.0,1.0
MA010120220812606644,5,5,0.3691550451189499,3.9,1.0,0.0
MA010120220812607553,5,2,0.0287120590648072,5.0,1.0,0.0
MA010120220812608173,5,0,0.0,4.39,1.0,0.0
MA010120220812610395,5,2,0.0328137817883511,4.37,1.0,0.0
MA010120220812611509,1,0,0.0,0.0,1.0,0.0
MA010120220812611700,4,1,0.0143560295324036,4.025,1.0,0.0
MA010120220812611896,5,3,0.0389663658736669,4.34,0.0,0.0
MA010120220812612513,5,1,0.0041017227235438,0.0,1.0,0.0
MA010120220812613711,1,0,0.0,0.0,1.0,0.0
MA010120220812614050,5,5,0.2707136997538966,4.4,1.0,1.0
MA010120220812614981,5,2,0.0164068908941755,3.4,1.0,0.0
MA010120220812615676,5,2,0.0328137817883511,4.0,1.0,0.0
MA010120220812616527,1,2,0.0328137817883511,4.7,1.0,1.0
MA010120220812617644,5,5,0.3794093519278096,4.37,1.0,0.0
MA010120220812618294,5,3,0.0594749794913863,4.845000000000001,1.0,0.0
MA010120220812620431,5,5,0.7424118129614438,4.55,1.0,0.0
MA010120220812621644,5,1,0.0143560295324036,5.0,1.0,0.0
MA010120220812621663,5,3,0.0881870385561936,4.8,1.0,1.0
MA010120220812622405,5,3,0.0389663658736669,4.545,1.0,1.0
MA010120220812625923,5,5,0.3117309269893355,4.69,1.0,1.0
MA010120220812627493,5,1,0.0061525840853158,0.0,1.0,0.0
MA010120220812628509,5,3,0.0492206726825266,4.205,1.0,0.0
MA010120220812629075,5,2,0.0287120590648072,2.8,1.0,0.0
MA010120220812629601,5,0,0.0,0.0,1.0,0.0
MA010120220812632194,5,4,0.1497128794093519,4.48,1.0,0.0
MA010120220812632985,5,4,0.256357670221493,4.65,1.0,1.0
MA010120220812633210,5,0,0.0,0.0,0.0,0.0
MA010120220812634828,5,2,0.0184577522559474,5.0,1.0,0.0
MA010120220812635195,5,5,0.3322395406070549,4.62,0.0,0.0
MA010120220812635370,5,1,0.0082034454470877,4.605,1.0,0.0
MA010120220812639309,5,0,0.0,0.0,1.0,0.0
MA010120220812639593,5,2,0.0164068908941755,5.0,1.0,0.0
MA010120220812640638,5,3,0.0840853158326497,4.34,1.0,0.0
MA010120220812641028,5,5,0.2707136997538966,2.9,1.0,0.0
MA010120220812641083,5,1,0.0102543068088597,0.0,1.0,1.0
MA010120220812643199,5,5,0.5414273995077933,4.1,1.0,0.0
MA010120220812645662,5,3,0.0410172272354388,3.9,0.0,0.0
MA010120220812645960,4,1,0.0082034454470877,4.8,1.0,0.0
MA010120220812646496,5,4,0.1989335520918786,4.5,1.0,0.0
MA010120220812646771,5,4,0.1025430680885972,4.555,1.0,1.0
MA010120220812647138,5,2,0.0307629204265791,4.7,1.0,0.0
MA010120220812647615,5,0,0.0,0.0,1.0,0.0
MA010120220812650009,5,0,0.0,0.0,0.0,0.0
MA010120220812650265,5,5,0.6111566858080394,4.45,1.0,0.0
MA010120220812650713,5,2,0.0225594749794913,4.6,1.0,0.0
MA010120220812650776,5,5,0.2912223133716161,3.8,1.0,0.0
MA010120220812650933,5,0,0.0,0.0,1.0,0.0
MA010120220812652282,1,1,0.0102543068088597,5.0,0.0,0.0
MA010120220812653062,1,2,0.0328137817883511,4.225,1.0,1.0
MA010120220812653269,5,2,0.0164068908941755,0.0,1.0,0.0
MA010120220812655335,5,2,0.0369155045118949,3.505,1.0,0.0
MA010120220812655827,5,2,0.034864643150123,4.315,1.0,0.0
MA010120220812657231,4,0,0.0,0.0,1.0,0.0
MA010120220812657788,5,3,0.0738310090237899,4.1,1.0,0.0
MA010120220812658250,4,2,0.0164068908941755,0.0,1.0,0.0
MA010120220812658867,1,0,0.0,0.0,0.0,0.0
MA010120220812659126,5,5,0.5209187858900739,4.6,1.0,1.0
MA010120220812660230,1,5,0.2666119770303527,5.0,1.0,0.0
MA010120220812660668,5,3,0.0676784249384741,4.45,1.0,1.0
MA010120220812662170,5,0,0.0,0.0,1.0,0.0
MA010120220812662959,5,5,1.913453650533224,4.56,1.0,0.0
MA010120220812663352,1,0,0.0,0.0,1.0,0.0
MA010120220812663556,4,3,0.0840853158326497,4.04,1.0,0.0
MA010120220812664918,5,5,0.4163248564397047,4.86,0.0,0.0
MA010120220812665125,5,5,0.4245283018867924,4.675,1.0,0.0
MA010120220812666578,5,4,0.1538146021328958,4.625,1.0,0.0
MA010120220812667316,5,4,0.1579163248564397,3.9,1.0,0.0
MA010120220812669187,5,3,0.0697292863002461,3.42,1.0,0.0
MA010120220812670148,5,0,0.0,0.0,1.0,0.0
MA010120220812670749,5,2,0.0328137817883511,4.85,1.0,0.0
MA010120220812672277,5,1,0.0143560295324036,0.0,0.0,0.0
MA010120220812675109,5,1,0.0143560295324036,5.0,1.0,1.0
MA010120220812675908,4,4,0.145611156685808,4.3,1.0,1.0
MA010120220812676766,5,1,0.0020508613617719,0.0,0.0,0.0
MA010120220812678270,5,4,0.1907301066447908,4.7,1.0,0.0
MA010120220812679183,5,1,0.0102543068088597,4.2,1.0,0.0
MA010120220812679961,5,3,0.0840853158326497,0.0,1.0,0.0
MA010120220812680843,5,2,0.0328137817883511,3.89,1.0,0.0
MA010120220812681396,5,4,0.1681706316652994,5.0,1.0,1.0
MA010120220812681434,5,5,0.8490566037735848,0.0,1.0,0.0
MA010120220812682091,5,1,0.0082034454470877,5.0,1.0,0.0
MA010120220812682717,5,4,0.1681706316652994,0.0,1.0,0.0
MA010120220812684551,5,0,0.0,0.0,1.0,0.0
MA010120220812685091,5,3,0.0594749794913863,3.4,1.0,0.0
MA010120220812685290,5,3,0.0656275635767022,4.18,0.0,0.0
MA010120220812686940,5,3,0.0676784249384741,4.720000000000001,0.0,0.0
MA010120220812688732,5,5,0.623461853978671,4.645,0.0,0.0
MA010120220812690199,5,2,0.0287120590648072,4.6,1.0,0.0
MA010120220812691255,5,3,0.0881870385561936,3.2,1.0,0.0
MA010120220812692268,5,2,0.0266611977030352,3.72,1.0,0.0
MA010120220812692918,1,0,0.0,0.0,1.0,0.0
MA010120220812693050,5,0,0.0,0.0,1.0,0.0
MA010120220812693380,5,0,0.0,0.0,0.0,0.0
MA010120220812696413,5,4,0.0963904840032813,4.8,1.0,0.0
MA010120220812696560,5,2,0.0205086136177194,4.29,1.0,1.0
MA010120220812697751,5,4,0.1168990976210008,1.6,1.0,1.0
MA010120220812698278,5,3,0.0430680885972108,4.025,1.0,0.0
MA010120220812699028,5,3,0.0430680885972108,4.17,1.0,1.0
MA010120220812700593,5,1,0.0123051681706316,5.0,1.0,0.0
MA010120220812701270,1,5,0.3917145200984413,0.0,1.0,0.0
MA010120220812701901,5,2,0.0287120590648072,3.8,1.0,0.0
MA010120220812707573,5,0,0.0,0.0,1.0,0.0
MA010120220812708621,5,4,0.1415094339622641,4.44,1.0,0.0
MA010120220812712355,5,1,0.0143560295324036,4.465,1.0,1.0
MA010120220812715307,5,5,0.6583264971287941,0.0,1.0,0.0
MA010120220812715684,4,3,0.0553732567678424,4.45,1.0,0.0
MA010120220812715953,5,3,0.0656275635767022,4.63,1.0,1.0
MA010120220812717282,5,1,0.0020508613617719,4.38,0.0,0.0
MA010120220812720000,5,2,0.0225594749794913,4.5,1.0,0.0
MA010120220812720238,5,3,0.0758818703855619,4.535,1.0,0.0
MA010120220812720337,5,5,1.322805578342904,0.0,1.0,0.0
MA010120220812720546,5,1,0.0143560295324036,4.6850000000000005,1.0,0.0
MA010120220812720820,5,3,0.0861361771944216,4.8,1.0,0.0
MA010120220812721278,5,5,1.1546349466776045,4.300000000000001,0.0,1.0
MA010120220812721570,5,5,1.10746513535685,4.5,0.0,0.0
MA010120220812722257,5,0,0.0,0.0,0.0,0.0
MA010120220812724467,5,5,0.5373256767842494,4.93,1.0,1.0
MA010120220812725536,5,0,0.0,0.0,1.0,0.0
MA010120220812725845,5,4,0.1374077112387202,4.359999999999999,0.0,0.0
MA010120220812727819,5,1,0.0020508613617719,5.0,1.0,0.0
MA010120220812727994,4,0,0.0,0.0,1.0,0.0
MA010120220812729304,5,5,0.51681706316653,4.5,1.0,0.0
MA010120220812731370,5,1,0.0143560295324036,4.875,1.0,0.0
MA010120220812731586,5,2,0.0369155045118949,4.8100000000000005,1.0,0.0
MA010120220812735666,5,3,0.0410172272354388,0.0,1.0,0.0
MA010120220812736204,5,4,0.1107465135356849,5.0,1.0,0.0
MA010120220812737172,5,1,0.0061525840853158,3.75,1.0,0.0
MA010120220812741036,5,5,0.2789171452009844,0.0,1.0,0.0
MA010120220812746202,1,0,0.0,0.0,1.0,0.0
MA010120220812746970,5,1,0.0082034454470877,3.28,1.0,0.0
MA010120220812747846,5,0,0.0,0.0,1.0,0.0
MA010120220812751908,5,4,0.0922887612797374,3.565,1.0,0.0
MA010120220812754367,5,1,0.0082034454470877,4.76,1.0,1.0
MA010120220812754679,4,3,0.0553732567678424,4.645,1.0,0.0
MA010120220812754929,5,1,0.0061525840853158,4.3,1.0,0.0
MA010120220812754980,5,3,0.0758818703855619,4.3,0.0,0.0
MA010120220812756121,5,3,0.0492206726825266,4.8,1.0,1.0
MA010120220812757520,5,5,0.3240360951599672,4.92,1.0,1.0
MA010120220812757563,5,2,0.034864643150123,4.8,1.0,0.0
MA010120220812759903,5,0,0.0,0.0,1.0,0.0
MA010120220812760390,5,5,0.3896636587366694,4.225,1.0,0.0
MA010120220812761916,5,2,0.0205086136177194,4.78,1.0,0.0
MA010120220812762299,5,5,2.0857260049220674,4.2,0.0,0.0
MA010120220812762818,5,4,0.1066447908121411,4.37,1.0,0.0
MA010120220812764150,1,0,0.0,4.55,1.0,1.0
MA010120220812766551,5,3,0.0881870385561936,5.0,1.0,1.0
MA010120220812766869,5,4,0.1251025430680886,4.595000000000001,1.0,1.0
MA010120220812767862,5,1,0.0041017227235438,4.4350000000000005,1.0,0.0
MA010120220812768809,4,5,0.5373256767842494,4.2,1.0,0.0
MA010120220812768935,5,5,0.5332239540607054,4.66,1.0,0.0
MA010120220812769134,5,5,1.2305168170631666,3.6,1.0,0.0
MA010120220812769509,5,4,0.1066447908121411,4.865,1.0,1.0
MA010120220812770796,5,2,0.0164068908941755,4.7,1.0,0.0
MA010120220812772263,5,0,0.0,0.0,1.0,0.0
MA010120220812772589,5,0,0.0,0.0,1.0,0.0
MA010120220812773235,1,0,0.0,0.0,0.0,0.0
MA010120220812774644,5,5,0.3014766201804758,4.4350000000000005,1.0,0.0
MA010120220812774662,5,3,0.0594749794913863,4.2,0.0,0.0
MA010120220812775239,5,0,0.0,0.0,0.0,0.0
MA010120220812775526,5,0,0.0,0.0,1.0,0.0
MA010120220812775617,5,2,0.0205086136177194,4.545,1.0,0.0
MA010120220812776206,5,5,0.3835110746513536,5.0,1.0,0.0
MA010120220812776735,5,4,0.1558654634946677,4.9,1.0,1.0
MA010120220812777618,5,1,0.0123051681706316,4.7,1.0,1.0
MA010120220812777972,5,2,0.0328137817883511,4.8,1.0,0.0
MA010120220812779839,5,1,0.0041017227235438,5.0,1.0,0.0
MA010120220812782227,5,4,0.2440525020508613,4.3,1.0,0.0
MA010120220812782836,5,0,0.0,0.0,1.0,0.0
MA010120220812783461,5,0,0.0,0.0,1.0,0.0
MA010120220812784093,5,3,0.0451189499589827,3.7,0.0,0.0
MA010120220812784718,5,2,0.0164068908941755,4.42,1.0,0.0
MA010120220812785769,5,0,0.0,0.0,1.0,1.0
MA010120220812785902,5,3,0.0574241181296144,3.2,1.0,0.0
MA010120220812787068,5,2,0.0225594749794913,4.705,1.0,0.0
MA010120220812788223,1,0,0.0,0.0,0.0,0.0
MA010120220812789985,5,5,0.3814602132895816,4.51,1.0,0.0
MA010120220812790473,5,4,0.0943396226415094,3.26,0.0,0.0
MA010120220812791165,5,2,0.0184577522559474,4.449999999999999,1.0,0.0
MA010120220812792124,5,0,0.0,0.0,1.0,0.0
MA010120220812794430,5,5,0.2994257588187038,4.68,1.0,1.0
MA010120220812794670,5,4,0.1989335520918786,4.3,1.0,1.0
MA010120220812794744,5,4,0.1415094339622641,3.7,1.0,1.0
MA010120220812794876,5,3,0.0471698113207547,4.43,1.0,0.0
MA010120220812796226,5,3,0.0615258408531583,4.8,1.0,0.0
MA010120220812796539,5,5,0.8223954060705496,4.51,1.0,0.0
MA010120220812796703,5,0,0.0,0.0,1.0,0.0
MA010120220812796816,5,1,0.0041017227235438,4.73,1.0,0.0
MA010120220812797025,5,1,0.0082034454470877,4.0,1.0,0.0
MA010120220812798205,5,1,0.0061525840853158,4.8,1.0,0.0
MA010120220812798804,5,2,0.0246103363412633,4.1,1.0,0.0
MA010120220812799962,5,5,0.4429860541427399,4.3,1.0,0.0
MA010120220812800356,1,4,0.1435602953240361,4.5,1.0,0.0
MA010120220812800567,5,0,0.0,4.39,1.0,0.0
MA010120220812800864,5,3,0.0656275635767022,4.635,1.0,0.0
MA010120220812801042,1,5,0.734208367514356,3.7,1.0,0.0
MA010120220812801617,5,5,1.62428219852338,4.8,0.0,0.0
MA010120220812801939,4,2,0.0369155045118949,4.8,1.0,0.0
MA010120220812803114,5,0,0.0,0.0,1.0,0.0
MA010120220812805363,5,2,0.0205086136177194,4.26,1.0,0.0
MA010120220812807043,5,3,0.0410172272354388,4.58,1.0,0.0
MA010120220812808180,5,5,0.3342904019688269,4.0,1.0,0.0
MA010120220812808818,5,5,0.4573420836751435,4.615,1.0,0.0
MA010120220812810441,5,4,0.2255947497949138,5.0,1.0,1.0
MA010120220812810666,5,2,0.0287120590648072,0.0,1.0,1.0
MA010120220812810807,5,3,0.0574241181296144,4.37,1.0,0.0
MA010120220812811930,5,2,0.0328137817883511,4.5,1.0,0.0
MA010120220812812489,5,4,0.1066447908121411,4.37,1.0,0.0
MA010120220812812635,5,0,0.0,0.0,1.0,0.0
MA010120220812812913,5,0,0.0,0.0,1.0,0.0
MA010120220812813273,5,4,0.1127973748974569,4.34,0.0,0.0
MA010120220812814238,1,0,0.0,0.0,1.0,0.0
MA010120220812814483,5,0,0.0,0.0,1.0,0.0
MA010120220812815946,5,1,0.0143560295324036,4.4,1.0,0.0
MA010120220812816094,5,1,0.0041017227235438,0.0,1.0,1.0
MA010120220812816297,5,4,0.1948318293683347,4.5600000000000005,1.0,0.0
MA010120220812817542,5,4,0.1948318293683347,4.82,1.0,1.0
MA010120220812818235,5,3,0.0512715340442986,4.6,1.0,0.0
MA010120220812819476,4,3,0.0861361771944216,5.0,0.0,0.0
MA010120220812820823,1,2,0.0225594749794913,5.0,1.0,0.0
MA010120220812821377,5,1,0.0102543068088597,5.0,1.0,0.0
MA010120220812821813,5,3,0.0492206726825266,4.005,1.0,0.0
MA010120220812821848,5,2,0.0266611977030352,4.279999999999999,1.0,0.0
MA010120220812826077,5,0,0.0,0.0,1.0,0.0
MA010120220812828364,5,1,0.0123051681706316,3.0,1.0,0.0
MA010120220812829983,5,4,0.1025430680885972,4.1,1.0,0.0
MA010120220812830511,5,5,0.9803117309269892,4.05,1.0,1.0
MA010120220812830818,5,5,0.4286300246103363,4.77,1.0,0.0
MA010120220812830891,4,3,0.0779327317473338,4.505000000000001,1.0,0.0
MA010120220812834262,5,5,0.6193601312551271,4.545,1.0,0.0
MA010120220812835344,5,0,0.0,0.0,1.0,0.0
MA010120220812836151,5,1,0.0082034454470877,0.0,1.0,0.0
MA010120220812838795,5,3,0.0779327317473338,4.4350000000000005,1.0,0.0
MA010120220812839214,5,0,0.0,0.0,1.0,0.0
MA010120220812840287,5,2,0.0164068908941755,0.0,1.0,1.0
MA010120220812842200,5,0,0.0,0.0,1.0,0.0
MA010120220812843146,5,5,0.3219852337981952,3.8,1.0,0.0
MA010120220812844469,5,4,0.1025430680885972,4.375,1.0,0.0
MA010120220812844476,5,2,0.0205086136177194,4.17,1.0,0.0
MA010120220812847193,5,5,0.365053322395406,4.83,1.0,0.0
MA010120220812848741,5,2,0.0246103363412633,4.57,1.0,0.0
MA010120220812848857,5,0,0.0,4.46,0.0,0.0
MA010120220812851645,5,5,0.6480721903199343,4.62,1.0,0.0
MA010120220812851742,5,4,0.1907301066447908,3.73,0.0,0.0
MA010120220812852111,1,0,0.0,0.0,0.0,0.0
MA010120220812852495,5,4,0.1107465135356849,0.0,1.0,0.0
MA010120220812854100,1,0,0.0,0.0,0.0,0.0
MA010120220812854343,5,3,0.0861361771944216,3.2350000000000003,1.0,0.0
MA010120220812854831,5,1,0.0061525840853158,5.0,1.0,0.0
MA010120220812854847,5,3,0.0471698113207547,3.075,1.0,1.0
MA010120220812858526,5,1,0.0061525840853158,4.06,1.0,0.0
MA010120220812859906,5,5,0.3506972928630025,0.0,1.0,1.0
MA010120220812860034,5,5,0.4593929450369155,4.595000000000001,1.0,0.0
MA010120220812861323,5,4,0.1066447908121411,4.34,1.0,0.0
MA010120220812862338,5,5,0.6091058244462675,4.365,1.0,0.0
MA010120220812863699,5,3,0.0635767022149302,4.75,0.0,0.0
MA010120220812863814,5,1,0.0082034454470877,4.695,1.0,0.0
MA010120220812866846,5,3,0.0553732567678424,4.83,1.0,0.0
MA010120220812868450,5,3,0.0430680885972108,4.5,1.0,0.0
MA010120220812869399,5,3,0.0430680885972108,4.82,1.0,0.0
MA010120220812869554,5,5,0.5332239540607054,4.4,1.0,0.0
MA010120220812869907,5,1,0.0061525840853158,4.775,1.0,0.0
MA010120220812870596,5,1,0.0020508613617719,5.0,1.0,0.0
MA010120220812870897,5,4,0.1538146021328958,0.0,1.0,0.0
MA010120220812871188,5,4,0.1845775225594749,4.8100000000000005,1.0,0.0
MA010120220812874306,5,0,0.0,0.0,0.0,0.0
MA010120220812874381,5,4,0.2235438884331419,0.0,0.0,0.0
MA010120220812877120,5,3,0.0492206726825266,3.3,1.0,0.0
MA010120220812877282,5,0,0.0,0.0,0.0,0.0
MA010120220812877877,5,3,0.0779327317473338,4.68,1.0,0.0
MA010120220812878266,5,1,0.0123051681706316,4.75,1.0,0.0
MA010120220812878274,5,2,0.034864643150123,4.0,1.0,0.0
MA010120220812880708,5,2,0.0328137817883511,3.9,1.0,0.0
MA010120220812884337,5,4,0.1025430680885972,5.0,1.0,0.0
MA010120220812885109,5,2,0.0246103363412633,3.7,1.0,0.0
MA010120220812885508,5,3,0.0574241181296144,3.94,1.0,1.0
MA010120220812886167,5,4,0.1148482362592288,4.5,0.0,0.0
MA010120220812886695,5,1,0.0102543068088597,0.0,1.0,0.0
MA010120220812886860,4,2,0.0369155045118949,5.0,1.0,1.0
MA010120220812888117,4,2,0.0307629204265791,4.6,1.0,0.0
MA010120220812889031,5,5,1.4212469237079572,4.8,0.0,1.0
MA010120220812890640,5,3,0.0451189499589827,1.8,1.0,0.0
MA010120220812891182,5,5,0.6132075471698113,4.595,1.0,0.0
MA010120220812893900,5,3,0.0410172272354388,4.050000000000001,1.0,1.0
MA010120220812895797,5,1,0.0061525840853158,0.0,0.0,0.0
MA010120220812896696,5,1,0.0020508613617719,4.52,1.0,0.0
MA010120220812899500,5,2,0.0225594749794913,3.4,1.0,0.0
MA010120220812900663,5,4,0.1415094339622641,4.305,1.0,0.0
MA010120220812901625,1,0,0.0,0.0,0.0,0.0
MA010120220812902035,5,4,0.1927809680065627,4.405,0.0,0.0
MA010120220812903922,5,3,0.0881870385561936,4.9,1.0,0.0
MA010120220812903952,5,5,0.3199343724364233,3.9,1.0,0.0
MA010120220812904053,5,5,2.100082034454471,4.390000000000001,0.0,0.0
MA010120220812904876,5,2,0.0164068908941755,4.705,1.0,1.0
MA010120220812905103,5,2,0.0164068908941755,4.83,1.0,0.0
MA010120220812908086,5,1,0.0082034454470877,4.775,1.0,0.0
MA010120220812908131,1,0,0.0,0.0,0.0,0.0
MA010120220812908577,5,3,0.0410172272354388,3.335,1.0,0.0
MA010120220812908623,5,0,0.0,0.0,0.0,0.0
MA010120220812908817,5,0,0.0,0.0,1.0,0.0
MA010120220812910691,5,5,0.6726825266611978,4.015,1.0,1.0
MA010120220812911097,5,3,0.0410172272354388,3.6,1.0,0.0
MA010120220812912006,5,0,0.0,0.0,0.0,0.0
MA010120220812912741,5,4,0.1948318293683347,3.8,0.0,0.0
MA010120220812912893,1,3,0.0471698113207547,4.675,1.0,0.0
MA010120220812912952,5,4,0.2440525020508613,3.8,1.0,0.0
MA010120220812914468,5,2,0.0246103363412633,4.779999999999999,1.0,0.0
MA010120220812915025,5,4,0.1640689089417555,4.69,1.0,0.0
MA010120220812915855,1,0,0.0,0.0,1.0,0.0
MA010120220812915887,5,2,0.0225594749794913,4.21,1.0,0.0
MA010120220812916219,5,0,0.0,0.0,1.0,0.0
MA010120220812916557,5,3,0.0697292863002461,4.545,1.0,0.0
MA010120220812917104,5,4,0.2399507793273174,4.22,1.0,0.0
MA010120220812917588,5,2,0.0205086136177194,4.64,1.0,0.0
MA010120220812917650,5,5,1.804757998359311,4.565,1.0,0.0
MA010120220812918103,5,0,0.0,0.0,1.0,0.0
MA010120220812918350,5,0,0.0,4.6,0.0,0.0
MA010120220812918355,5,5,0.588597210828548,4.715,1.0,1.0
MA010120220812918379,5,5,0.3978671041837572,4.8,0.0,0.0
MA010120220812919005,5,2,0.0164068908941755,4.415,1.0,0.0
MA010120220812919434,1,4,0.1004922067268252,4.3,1.0,0.0
MA010120220812919702,5,0,0.0,0.0,,
MA010120220812924343,5,2,0.0246103363412633,3.6,1.0,0.0
MA010120220812924378,5,5,0.6501230516817064,3.3,1.0,1.0
MA010120220812924986,1,0,0.0,0.0,1.0,0.0
MA010120220812925900,5,1,0.0020508613617719,0.0,0.0,0.0
MA010120220812926885,5,5,1.2674323215750616,3.97,1.0,0.0
MA010120220812927378,5,3,0.0594749794913863,4.56,1.0,1.0
MA010120220812927464,5,1,0.0020508613617719,0.0,1.0,0.0
MA010120220812927984,5,5,0.5147662018047581,5.0,1.0,0.0
MA010120220812929897,5,2,0.0246103363412633,0.0,0.0,0.0
MA010120220812930183,5,3,0.0512715340442986,4.2,1.0,0.0
MA010120220812931625,5,4,0.1599671862182116,3.7,1.0,0.0
MA010120220812933580,5,0,0.0,5.0,0.0,0.0
MA010120220812934752,5,3,0.0410172272354388,4.3,1.0,1.0
MA010120220812935546,5,5,0.810090237899918,4.7,1.0,0.0
MA010120220812935762,5,3,0.0594749794913863,4.62,0.0,0.0
MA010120220812936847,5,3,0.0635767022149302,4.8,1.0,0.0
MA010120220812938055,5,1,0.0143560295324036,2.7,1.0,0.0
MA010120220812939845,5,5,0.4429860541427399,4.805,1.0,1.0
MA010120220812941074,5,0,0.0,0.0,0.0,0.0
MA010120220812942515,5,2,0.0164068908941755,4.49,1.0,0.0
MA010120220812945177,5,4,0.0963904840032813,4.7,1.0,0.0
MA010120220812945729,5,1,0.0020508613617719,4.33,1.0,0.0
MA010120220812945819,5,4,0.182526661197703,4.0,0.0,0.0
MA010120220812946573,5,4,0.1333059885151763,3.505,1.0,0.0
MA010120220812947200,5,3,0.0471698113207547,4.545,1.0,0.0
MA010120220812947206,5,1,0.0082034454470877,4.755,1.0,0.0
MA010120220812948192,5,0,0.0,0.0,1.0,0.0
MA010120220812948769,5,5,0.4101722723543888,4.89,1.0,0.0
MA010120220812952394,5,3,0.0430680885972108,3.505,1.0,0.0
MA010120220812952684,5,5,0.6972928630024611,4.7,1.0,0.0
MA010120220812953206,5,0,0.0,0.0,0.0,0.0
MA010120220812953872,5,0,0.0,0.0,1.0,0.0
MA010120220812954498,5,4,0.2337981952420016,0.0,1.0,0.0
MA010120220812955061,5,1,0.0123051681706316,0.0,1.0,0.0
MA010120220812955519,5,3,0.0410172272354388,3.805,1.0,0.0
MA010120220812958049,5,4,0.1476620180475799,4.68,1.0,0.0
MA010120220812959249,5,4,0.1804757998359311,5.0,1.0,0.0
MA010120220812959553,5,4,0.1538146021328958,0.0,0.0,0.0
MA010120220812960815,5,5,0.2830188679245283,4.44,1.0,1.0
MA010120220812961518,5,0,0.0,0.0,0.0,0.0
MA010120220812963285,1,4,0.2030352748154225,4.755000000000001,1.0,0.0
MA010120220812963728,5,1,0.0102543068088597,4.59,1.0,0.0
MA010120220812964815,5,4,0.1230516817063166,4.675000000000001,1.0,0.0
MA010120220812965192,5,4,0.1394585726004922,4.835,0.0,0.0
MA010120220812965874,5,1,0.0143560295324036,3.0,1.0,0.0
MA010120220812966135,5,1,0.0143560295324036,5.0,1.0,0.0
MA010120220812966782,5,4,0.1640689089417555,4.6,1.0,0.0
MA010120220812967578,5,2,0.0205086136177194,4.75,1.0,1.0
MA010120220812967597,5,1,0.0020508613617719,0.0,0.0,0.0
MA010120220812969559,5,3,0.0758818703855619,4.67,1.0,0.0
MA010120220812970654,5,4,0.1004922067268252,3.605,0.0,0.0
MA010120220812972041,5,5,0.330188679245283,4.705,1.0,0.0
MA010120220812972262,5,4,0.1374077112387202,4.715,1.0,1.0
MA010120220812972728,5,0,0.0,0.0,0.0,0.0
MA010120220812974713,5,5,0.5332239540607054,4.9,1.0,1.0
MA010120220812975728,5,2,0.0184577522559474,4.265000000000001,1.0,0.0
MA010120220812976944,5,1,0.0102543068088597,4.58,1.0,1.0
MA010120220812977206,5,3,0.0389663658736669,1.8,1.0,0.0
MA010120220812977873,5,5,0.3732567678424938,4.79,1.0,0.0
MA010120220812978098,5,2,0.0328137817883511,4.39,1.0,0.0
MA010120220812979094,5,1,0.0082034454470877,3.875,1.0,0.0
MA010120220812982254,5,5,0.736259228876128,4.3,1.0,0.0
MA010120220812983509,5,1,0.0123051681706316,0.0,1.0,0.0
MA010120220812984038,5,5,0.6173092698933552,4.765000000000001,1.0,1.0
MA010120220812985460,5,4,0.1333059885151763,4.685,1.0,1.0
MA010120220812985963,5,3,0.0492206726825266,4.44,1.0,0.0
MA010120220812988264,1,3,0.0615258408531583,4.6,1.0,0.0
MA010120220812988278,5,4,0.1025430680885972,4.015,1.0,0.0
MA010120220812988877,5,5,0.3014766201804758,4.68,1.0,0.0
MA010120220812991425,5,1,0.0020508613617719,4.17,1.0,0.0
MA010120220812992125,5,4,0.1620180475799836,5.0,1.0,0.0
MA010120220812992361,4,2,0.0205086136177194,4.79,1.0,0.0
MA010120220812992758,5,3,0.0553732567678424,3.505,0.0,0.0
MA010120220812992923,5,5,1.5771123872026251,4.225,0.0,1.0
MA010120220812993584,5,3,0.0738310090237899,4.470000000000001,1.0,0.0
MA010120220812993597,5,0,0.0,0.0,1.0,0.0
MA010120220812993813,5,2,0.0184577522559474,4.9,0.0,0.0
MA010120220812994293,5,3,0.0410172272354388,4.3,1.0,0.0
MA010120220812994741,5,3,0.0738310090237899,3.62,1.0,0.0
MA010120220812995094,5,2,0.0266611977030352,2.0,1.0,0.0
MA010120220812995995,5,5,1.1361771944216572,4.61,1.0,0.0
MA010120220812996704,5,2,0.0225594749794913,3.4,1.0,0.0
MA010120220813005418,1,3,0.0738310090237899,4.7,1.0,1.0
MA010120220813006074,5,2,0.0246103363412633,4.595000000000001,1.0,0.0
MA010120220813006194,5,1,0.0082034454470877,3.3,1.0,0.0
MA010120220813006725,5,0,0.0,0.0,1.0,0.0
MA010120220813008284,5,3,0.0594749794913863,4.4,1.0,0.0
MA010120220813008311,5,3,0.0533223954060705,3.475,1.0,0.0
MA010120220813008599,1,5,1.7206726825266614,4.47,1.0,0.0
MA010120220813009584,5,0,0.0,0.0,1.0,1.0
MA010120220813009983,5,5,0.258408531583265,4.0,1.0,1.0
MA010120220813010673,5,1,0.0020508613617719,0.0,1.0,0.0
MA010120220813011858,5,2,0.0369155045118949,3.055,1.0,0.0
MA010120220813012590,5,3,0.0533223954060705,3.275,1.0,0.0
MA010120220813013105,5,2,0.0328137817883511,4.77,1.0,0.0
MA010120220813014641,1,0,0.0,0.0,1.0,0.0
MA010120220813017258,5,1,0.0123051681706316,5.0,1.0,0.0
MA010120220813020903,5,0,0.0,0.0,0.0,0.0
MA010120220813021727,5,4,0.1989335520918786,3.155,1.0,0.0
MA010120220813025215,5,5,0.3096800656275635,2.6,1.0,1.0
MA010120220813026929,5,4,0.2481542247744052,4.6,1.0,1.0
MA010120220813028229,5,1,0.0061525840853158,5.0,1.0,0.0
MA010120220813028979,5,3,0.0451189499589827,4.9,1.0,1.0
MA010120220813029445,5,3,0.0799835931091058,4.7,1.0,0.0
MA010120220813032194,5,2,0.0184577522559474,4.0,0.0,0.0
MA010120220813032439,1,4,0.1168990976210008,4.7,1.0,0.0
MA010120220813033679,5,0,0.0,0.0,1.0,0.0
MA010120220813034118,5,5,1.3556193601312552,4.0,1.0,0.0
MA010120220813034129,1,2,0.0328137817883511,5.0,0.0,1.0
MA010120220813034139,1,1,0.0061525840853158,0.0,1.0,0.0
MA010120220813034586,5,4,0.1415094339622641,4.505000000000001,1.0,0.0
MA010120220813035140,1,0,0.0,0.0,1.0,0.0
MA010120220813036362,5,5,1.585315832649713,4.57,0.0,1.0
MA010120220813036672,1,0,0.0,0.0,1.0,0.0
MA010120220813039180,5,1,0.0102543068088597,5.0,1.0,1.0
MA010120220813039616,5,5,0.8880229696472519,4.0,1.0,0.0
MA010120220813042120,5,1,0.0123051681706316,5.0,1.0,0.0
MA010120220813042995,4,5,0.3342904019688269,4.84,1.0,0.0
MA010120220813043312,5,0,0.0,0.0,1.0,0.0
MA010120220813043406,5,0,0.0,0.0,1.0,0.0
MA010120220813045697,1,0,0.0,0.0,1.0,0.0
MA010120220813046325,5,4,0.0922887612797374,4.33,1.0,0.0
MA010120220813047993,5,1,0.0143560295324036,0.0,1.0,1.0
MA010120220813049917,5,0,0.0,0.0,1.0,0.0
MA010120220813052506,5,1,0.0020508613617719,4.46,1.0,0.0
MA010120220813053007,5,0,0.0,0.0,1.0,0.0
MA010120220813054016,5,3,0.0594749794913863,4.0,1.0,0.0
MA010120220813054921,5,2,0.0266611977030352,4.23,1.0,0.0
MA010120220813055152,5,4,0.1004922067268252,0.0,1.0,0.0
MA010120220813055604,1,5,1.1894995898277276,4.7,1.0,0.0
MA010120220813056021,5,3,0.0738310090237899,2.9,0.0,0.0
MA010120220813056669,5,1,0.0123051681706316,3.2,1.0,0.0
MA010120220813056695,5,1,0.0082034454470877,4.3,1.0,0.0
MA010120220813057166,5,2,0.0225594749794913,4.55,1.0,0.0
MA010120220813057597,1,0,0.0,0.0,0.0,1.0
MA010120220813057918,1,1,0.0102543068088597,0.0,1.0,0.0
MA010120220813058298,5,2,0.0328137817883511,4.705,1.0,0.0
MA010120220813059852,5,0,0.0,0.0,0.0,0.0
MA010120220813060347,5,2,0.034864643150123,3.785,1.0,1.0
MA010120220813062387,5,3,0.0779327317473338,3.9,1.0,0.0
MA010120220813062486,1,4,0.1435602953240361,0.0,0.0,1.0
MA010120220813062844,5,3,0.0594749794913863,2.8,1.0,0.0
MA010120220813063103,5,3,0.0574241181296144,3.6,1.0,0.0
MA010120220813063575,5,2,0.0205086136177194,4.335,1.0,0.0
MA010120220813064501,5,1,0.0061525840853158,3.6,0.0,1.0
MA010120220813065527,5,3,0.0615258408531583,4.5,1.0,0.0
MA010120220813065736,5,3,0.0389663658736669,4.3100000000000005,1.0,0.0
MA010120220813066350,5,1,0.0041017227235438,3.0,1.0,0.0
MA010120220813066381,5,3,0.0430680885972108,2.7,1.0,0.0
MA010120220813066488,5,2,0.0307629204265791,3.96,1.0,0.0
MA010120220813067104,5,3,0.0492206726825266,4.0,0.0,0.0
MA010120220813067139,5,4,0.1702214930270713,4.699999999999999,1.0,0.0
MA010120220813067283,5,2,0.0246103363412633,3.615,1.0,0.0
MA010120220813067823,1,5,0.365053322395406,4.63,0.0,0.0
MA010120220813071525,5,5,0.6747333880229696,4.85,0.0,0.0
MA010120220813071551,5,5,0.3445447087776866,3.2,1.0,1.0
MA010120220813072750,5,5,0.8470057424118129,4.515000000000001,1.0,0.0
MA010120220813073840,5,4,0.1640689089417555,4.44,1.0,1.0
MA010120220813073841,5,4,0.1189499589827727,0.0,0.0,0.0
MA010120220813074806,5,1,0.0041017227235438,4.72,1.0,0.0
MA010120220813075109,5,1,0.0041017227235438,4.19,1.0,0.0
MA010120220813075513,1,2,0.0246103363412633,0.0,0.0,0.0
MA010120220813079430,4,0,0.0,0.0,1.0,0.0
MA010120220813081343,5,1,0.0020508613617719,0.0,1.0,0.0
MA010120220813084220,4,3,0.0840853158326497,4.635,1.0,0.0
MA010120220813084628,5,5,0.771123872026251,4.0,1.0,0.0
MA010120220813086479,5,5,0.4922067268252666,0.0,0.0,0.0
MA010120220813086921,5,1,0.0082034454470877,4.36,1.0,1.0
MA010120220813093243,5,2,0.0205086136177194,4.5,1.0,0.0
MA010120220813095018,1,2,0.034864643150123,4.74,1.0,0.0
MA010120220813096268,5,1,0.0143560295324036,5.0,0.0,0.0
MA010120220813096783,5,0,0.0,0.0,1.0,0.0
MA010120220813097995,5,5,1.4048400328137816,4.42,0.0,0.0
MA010120220813098724,5,5,0.406070549630845,4.035,1.0,1.0
MA010120220813098904,1,0,0.0,0.0,1.0,0.0
MA010120220813099183,5,4,0.1989335520918786,3.7,1.0,1.0
MA010120220813099936,5,5,1.8539786710418376,4.295,1.0,0.0
MA010120220813101159,5,1,0.0061525840853158,5.0,1.0,0.0
MA010120220813101659,5,3,0.0451189499589827,4.5,1.0,0.0
MA010120220813101852,5,2,0.0328137817883511,4.06,1.0,1.0
MA010120220813101992,5,5,0.3794093519278096,4.725,1.0,1.0
MA010120220813102965,5,4,0.1948318293683347,3.345,0.0,1.0
MA010120220813103980,5,5,0.2625102543068088,4.46,1.0,1.0
MA010120220813105212,5,5,0.4840032813781788,4.4,1.0,0.0
MA010120220813105744,1,1,0.0020508613617719,1.0,0.0,0.0
MA010120220813106266,5,5,0.953650533223954,4.7,1.0,0.0
MA010120220813108698,5,2,0.0225594749794913,3.0,1.0,0.0
MA010120220813108794,5,4,0.1435602953240361,4.69,1.0,0.0
MA010120220813109796,5,2,0.034864643150123,0.0,0.0,0.0
MA010120220813110720,5,5,0.7977850697292863,4.54,1.0,0.0
MA010120220813111263,5,5,0.5024610336341263,5.0,1.0,0.0
MA010120220813113160,5,3,0.0533223954060705,4.5,1.0,1.0
MA010120220813113553,5,4,0.1066447908121411,4.055,1.0,0.0
MA010120220813114644,5,3,0.0471698113207547,4.42,1.0,0.0
MA010120220813115109,5,3,0.0656275635767022,3.71,1.0,1.0
MA010120220813116230,5,1,0.0082034454470877,0.0,1.0,0.0
MA010120220813116750,5,5,0.4532403609515997,3.215,0.0,0.0
MA010120220813117109,5,4,0.1784249384741591,4.2,1.0,0.0
MA010120220813119031,5,0,0.0,0.0,1.0,0.0
MA010120220813120448,5,4,0.2214930270713699,4.4350000000000005,1.0,0.0
MA010120220813121884,5,3,0.0779327317473338,3.32,1.0,0.0
MA010120220813123075,5,2,0.0369155045118949,2.5,1.0,0.0
MA010120220813123793,5,1,0.0061525840853158,5.0,1.0,1.0
MA010120220813124191,5,3,0.0594749794913863,4.425,1.0,1.0
MA010120220813124343,5,2,0.0369155045118949,3.655,1.0,0.0
MA010120220813125521,1,2,0.0287120590648072,4.23,1.0,0.0
MA010120220813125772,5,2,0.0246103363412633,2.4,1.0,0.0
MA010120220813129034,5,2,0.0307629204265791,4.5,1.0,0.0
MA010120220813131361,5,3,0.0615258408531583,4.9,1.0,0.0
MA010120220813131864,5,1,0.0102543068088597,4.885,1.0,0.0
MA010120220813131895,5,5,1.7739950779327318,4.01,1.0,1.0
MA010120220813132164,5,5,1.1566858080393767,4.385,1.0,0.0
MA010120220813132718,5,5,0.6193601312551271,4.4,1.0,1.0
MA010120220813132912,5,4,0.1784249384741591,4.5,1.0,0.0
MA010120220813133146,5,1,0.0082034454470877,4.0,1.0,1.0
MA010120220813135194,5,3,0.0512715340442986,4.3,1.0,0.0
MA010120220813135279,5,0,0.0,0.0,1.0,0.0
MA010120220813135768,5,2,0.0246103363412633,4.8,1.0,0.0
MA010120220813136826,5,1,0.0102543068088597,3.0,1.0,0.0
MA010120220813138539,5,0,0.0,0.0,1.0,0.0
MA010120220813142633,1,5,0.2707136997538966,4.265000000000001,0.0,0.0
MA010120220813146282,5,1,0.0123051681706316,0.0,1.0,0.0
MA010120220813147367,5,5,0.3158326497128794,4.6,1.0,0.0
MA010120220813147422,5,1,0.0102543068088597,4.2,1.0,0.0
MA010120220813147494,5,3,0.071780147662018,4.745,1.0,1.0
MA010120220813148635,1,0,0.0,4.37,0.0,0.0
MA010120220813148700,4,3,0.0840853158326497,4.185,1.0,0.0
MA010120220813149235,5,4,0.1476620180475799,4.045,0.0,0.0
MA010120220813150365,5,4,0.1866283839212469,3.7,1.0,0.0
MA010120220813153787,5,0,0.0,0.0,0.0,0.0
MA010120220813153792,5,5,0.4470877768662838,4.9,1.0,0.0
MA010120220813154232,5,2,0.0225594749794913,3.58,1.0,1.0
MA010120220813154593,5,5,0.7444626743232158,0.0,1.0,1.0
MA010120220813156371,5,3,0.0656275635767022,5.0,1.0,0.0
MA010120220813162571,5,1,0.0041017227235438,0.0,1.0,0.0
MA010120220813164764,5,5,0.3055783429040197,4.49,1.0,0.0
MA010120220813165020,5,5,1.9360131255127155,4.57,1.0,0.0
MA010120220813165388,5,4,0.1497128794093519,3.6,1.0,0.0
MA010120220813165717,1,0,0.0,0.0,1.0,0.0
MA010120220813166495,5,4,0.1271534044298605,4.85,1.0,1.0
MA010120220813167101,5,0,0.0,4.45,1.0,1.0
MA010120220813167447,5,1,0.0123051681706316,5.0,1.0,0.0
MA010120220813167674,5,1,0.0082034454470877,4.67,1.0,0.0
MA010120220813167971,5,4,0.1004922067268252,4.865,1.0,0.0
MA010120220813168714,5,3,0.0430680885972108,4.52,0.0,0.0
MA010120220813169024,5,4,0.1538146021328958,3.99,1.0,0.0
MA010120220813170583,5,0,0.0,0.0,1.0,0.0
MA010120220813171947,5,5,0.3609515996718622,4.46,1.0,0.0
MA010120220813172437,5,5,0.4142739950779328,4.140000000000001,1.0,1.0
MA010120220813173396,5,2,0.0307629204265791,3.6,1.0,0.0
MA010120220813174346,5,3,0.0881870385561936,4.71,1.0,1.0
MA010120220813174403,5,2,0.0369155045118949,4.275,1.0,0.0
MA010120220813174937,5,2,0.0287120590648072,0.0,1.0,0.0
MA010120220813175851,1,5,0.328137817883511,4.3,1.0,0.0
MA010120220813177290,5,4,0.1599671862182116,3.22,0.0,0.0
MA010120220813178398,5,4,0.1066447908121411,4.5,1.0,0.0
MA010120220813178592,5,0,0.0,0.0,0.0,0.0
MA010120220813180926,5,5,2.0713699753896635,4.46,1.0,0.0
MA010120220813182803,5,1,0.0143560295324036,0.0,0.0,1.0
MA010120220813182962,5,3,0.0861361771944216,4.69,1.0,0.0
MA010120220813183029,5,0,0.0,0.0,1.0,0.0
MA010120220813183320,5,2,0.0369155045118949,4.82,1.0,0.0
MA010120220813183451,5,5,1.9708777686628385,4.245,1.0,0.0
MA010120220813183814,5,2,0.0184577522559474,2.3,0.0,0.0
MA010120220813183823,5,3,0.0389663658736669,4.140000000000001,1.0,0.0
MA010120220813184535,4,0,0.0,0.0,1.0,0.0
MA010120220813184812,5,0,0.0,5.0,1.0,0.0
MA010120220813186010,5,4,0.1374077112387202,4.55,1.0,0.0
MA010120220813191304,5,0,0.0,0.0,1.0,0.0
MA010120220813191729,5,3,0.071780147662018,4.825,1.0,1.0
MA010120220813192179,5,3,0.0697292863002461,4.755,1.0,0.0
MA010120220813192827,5,4,0.1025430680885972,3.735,1.0,0.0
MA010120220813193456,5,0,0.0,5.0,1.0,0.0
MA010120220813194031,5,4,0.2481542247744052,4.395,1.0,0.0
MA010120220813194426,5,1,0.0123051681706316,5.0,1.0,0.0
MA010120220813196518,5,1,0.0143560295324036,4.8,1.0,0.0
MA010120220813197027,5,3,0.0676784249384741,2.9,1.0,1.0
MA010120220813197234,5,0,0.0,0.0,1.0,0.0
MA010120220813197415,5,5,1.9995898277276456,4.125,1.0,0.0
MA010120220813198301,4,4,0.2235438884331419,4.9,0.0,0.0
MA010120220813199035,1,1,0.0082034454470877,5.0,0.0,0.0
MA010120220813199643,5,4,0.1025430680885972,3.9,1.0,0.0
MA010120220813200073,5,5,0.736259228876128,4.295,1.0,0.0
MA010120220813200278,5,3,0.0881870385561936,4.47,1.0,1.0
MA010120220813201329,5,5,0.4204265791632485,4.295,1.0,0.0
MA010120220813201848,5,2,0.0184577522559474,4.7,1.0,0.0
MA010120220813203498,5,4,0.1702214930270713,3.905,1.0,0.0
MA010120220813204262,5,3,0.0594749794913863,3.5,1.0,0.0
MA010120220813204778,5,4,0.1045939294503691,3.835,1.0,1.0
MA010120220813205617,1,5,0.6644790812141099,0.0,1.0,1.0
MA010120220813206101,5,5,0.7178014766201806,2.8,1.0,1.0
MA010120220813206362,5,3,0.0758818703855619,3.96,1.0,1.0
MA010120220813206434,5,5,0.2727645611156686,4.73,1.0,0.0
MA010120220813206577,5,5,0.3630024610336341,4.595000000000001,1.0,1.0
MA010120220813206720,5,4,0.2399507793273174,3.6,0.0,0.0
MA010120220813206823,5,4,0.1004922067268252,3.505,0.0,1.0
MA010120220813208533,5,5,0.916735028712059,4.48,0.0,0.0
MA010120220813209907,5,3,0.0697292863002461,4.51,1.0,0.0
MA010120220813210722,5,4,0.1333059885151763,3.805,1.0,0.0
MA010120220813210949,5,2,0.0328137817883511,3.7,1.0,0.0
MA010120220813213429,1,5,0.8326497128794095,0.0,1.0,1.0
MA010120220813214286,5,4,0.1107465135356849,5.0,1.0,1.0
MA010120220813214728,5,2,0.0205086136177194,0.0,1.0,1.0
MA010120220813216141,5,4,0.2030352748154225,3.835,0.0,0.0
MA010120220813217216,5,1,0.0102543068088597,4.5,1.0,0.0
MA010120220813217942,5,0,0.0,0.0,1.0,0.0
MA010120220813220050,5,1,0.0020508613617719,5.0,1.0,0.0
MA010120220813221291,5,2,0.0225594749794913,3.95,1.0,0.0
MA010120220813221458,5,5,0.2604593929450369,4.3,1.0,0.0
MA010120220813221976,5,3,0.0553732567678424,4.95,1.0,0.0
MA010120220813222107,5,4,0.2317473338802297,0.0,1.0,0.0
MA010120220813222222,5,5,0.6665299425758819,4.315,1.0,1.0
MA010120220813222977,4,1,0.0102543068088597,4.2,1.0,0.0
MA010120220813223635,5,1,0.0102543068088597,4.2,0.0,0.0
MA010120220813223669,5,1,0.0082034454470877,4.39,1.0,0.0
MA010120220813224961,1,3,0.0594749794913863,4.5,1.0,0.0
MA010120220813225246,5,4,0.2358490566037736,5.0,1.0,0.0
MA010120220813226683,5,3,0.0738310090237899,4.38,1.0,0.0
MA010120220813226738,5,4,0.1374077112387202,3.14,1.0,0.0
MA010120220813227580,5,5,0.5209187858900739,5.0,0.0,0.0
MA010120220813228729,1,0,0.0,0.0,0.0,0.0
MA010120220813230155,1,3,0.0410172272354388,4.8,1.0,0.0
MA010120220813233294,5,5,0.4429860541427399,4.695,1.0,0.0
MA010120220813233413,5,1,0.0082034454470877,3.8,0.0,0.0
MA010120220813235639,5,5,0.7936833470057424,4.45,1.0,1.0
MA010120220813237937,1,3,0.0676784249384741,4.4,1.0,0.0
MA010120220813238353,1,4,0.1189499589827727,4.145,1.0,0.0
MA010120220813240787,5,3,0.0574241181296144,3.145,1.0,0.0
MA010120220813241715,5,4,0.1681706316652994,4.58,0.0,0.0
MA010120220813241773,5,0,0.0,0.0,0.0,0.0
MA010120220813241902,5,4,0.1168990976210008,4.7,1.0,0.0
MA010120220813243108,5,5,0.3240360951599672,4.56,1.0,0.0
MA010120220813243132,5,2,0.0246103363412633,4.58,1.0,0.0
MA010120220813243504,5,4,0.0943396226415094,4.61,1.0,1.0
MA010120220813244496,5,2,0.0205086136177194,4.835,1.0,1.0
MA010120220813244689,5,2,0.0164068908941755,4.265000000000001,1.0,1.0
MA010120220813244788,5,3,0.0389663658736669,4.135,1.0,0.0
MA010120220813245372,5,4,0.2378999179655455,4.95,1.0,0.0
MA010120220813245442,5,1,0.0041017227235438,0.0,1.0,0.0
MA010120220813246286,5,2,0.0307629204265791,5.0,1.0,1.0
MA010120220813246870,5,5,0.6849876948318294,4.675,1.0,0.0
MA010120220813246924,5,5,0.8736669401148482,4.1,1.0,0.0
MA010120220813247179,5,2,0.0164068908941755,3.3,1.0,0.0
MA010120220813247943,5,5,1.7883511074651357,4.385,0.0,0.0
MA010120220813248194,5,3,0.0615258408531583,0.0,1.0,0.0
MA010120220813248700,5,5,0.2871205906480722,3.7,1.0,0.0
MA010120220813249255,5,3,0.0799835931091058,2.7,1.0,0.0
MA010120220813249982,4,4,0.1251025430680886,4.074999999999999,1.0,1.0
MA010120220813250502,5,3,0.0594749794913863,4.83,1.0,1.0
MA010120220813250937,5,3,0.0881870385561936,4.71,1.0,0.0
MA010120220813252373,5,5,1.7842493847415914,4.42,1.0,0.0
MA010120220813252716,5,0,0.0,0.0,1.0,0.0
MA010120220813252917,1,4,0.1702214930270713,0.0,1.0,0.0
MA010120220813253049,5,1,0.0143560295324036,0.0,1.0,0.0
MA010120220813254650,5,0,0.0,0.0,1.0,0.0
MA010120220813255900,5,1,0.0082034454470877,5.0,0.0,0.0
MA010120220813256908,1,4,0.2235438884331419,3.555,1.0,0.0
MA010120220813257051,5,2,0.0328137817883511,4.67,1.0,1.0
MA010120220813257946,1,0,0.0,0.0,1.0,0.0
MA010120220813258334,5,5,0.3547990155865463,0.0,1.0,0.0
MA010120220813259384,5,0,0.0,0.0,1.0,0.0
MA010120220813260789,1,2,0.0184577522559474,4.865,1.0,0.0
MA010120220813262707,5,1,0.0102543068088597,4.0,1.0,0.0
MA010120220813262999,5,0,0.0,0.0,1.0,0.0
MA010120220813263179,5,3,0.0758818703855619,4.625,1.0,0.0
MA010120220813263607,5,4,0.2009844134536505,3.85,1.0,0.0
MA010120220813265644,5,4,0.2461033634126333,0.0,0.0,0.0
MA010120220813265763,5,1,0.0061525840853158,5.0,1.0,0.0
MA010120220813265878,5,5,0.2830188679245283,0.0,1.0,0.0
MA010120220813267981,5,3,0.0574241181296144,4.04,1.0,0.0
MA010120220813269216,5,2,0.0225594749794913,4.25,1.0,0.0
MA010120220813269560,5,4,0.1927809680065627,4.485,0.0,1.0
MA010120220813271148,1,4,0.1045939294503691,5.0,1.0,0.0
MA010120220813271334,1,2,0.0287120590648072,4.265000000000001,1.0,0.0
MA010120220813272290,5,2,0.0184577522559474,3.1,0.0,0.0
MA010120220813272364,4,3,0.0492206726825266,2.3,1.0,0.0
MA010120220813272981,5,4,0.1497128794093519,0.0,1.0,0.0
MA010120220813273696,1,4,0.1640689089417555,3.8,0.0,0.0
MA010120220813274880,5,5,0.2871205906480722,4.365,1.0,1.0
MA010120220813274924,5,3,0.0881870385561936,4.9,1.0,0.0
MA010120220813276998,1,3,0.0902378999179655,4.7,1.0,1.0
MA010120220813277356,5,5,0.4491386382280558,4.66,1.0,0.0
MA010120220813279237,5,3,0.0820344544708777,0.0,1.0,1.0
MA010120220813280092,5,5,0.3568498769483183,4.609999999999999,1.0,0.0
MA010120220813282100,1,3,0.0430680885972108,4.785,0.0,0.0
MA010120220813282250,5,4,0.1127973748974569,4.2,0.0,1.0
MA010120220813282429,5,5,0.2666119770303527,0.0,1.0,1.0
MA010120220813283018,5,4,0.1210008203445447,4.0,1.0,0.0
MA010120220813284456,5,0,0.0,0.0,1.0,1.0
MA010120220813286843,5,5,0.6521739130434783,0.0,1.0,0.0
MA010120220813287526,1,0,0.0,0.0,1.0,0.0
MA010120220813289327,5,4,0.1538146021328958,4.5,1.0,0.0
MA010120220813289597,5,3,0.0410172272354388,4.205,1.0,1.0
MA010120220813289656,5,1,0.0143560295324036,2.0,1.0,0.0
MA010120220813291225,5,5,0.701394585726005,3.8,1.0,0.0
MA010120220813291328,5,3,0.0471698113207547,4.715,1.0,0.0
MA010120220813291461,5,5,0.3076292042657916,3.975,1.0,0.0
MA010120220813292332,5,1,0.0061525840853158,4.53,1.0,0.0
MA010120220813292922,5,2,0.0205086136177194,4.115,1.0,0.0
MA010120220813292983,5,5,0.5598851517637408,4.51,1.0,0.0
MA010120220813293773,5,3,0.0799835931091058,2.7,1.0,0.0
MA010120220813294015,5,0,0.0,0.0,1.0,0.0
MA010120220813295540,5,1,0.0143560295324036,4.0,1.0,0.0
MA010120220813296200,1,0,0.0,0.0,1.0,0.0
MA010120220813297560,5,0,0.0,4.42,0.0,0.0
MA010120220813297620,1,0,0.0,0.0,1.0,0.0
MA010120220813298894,1,0,0.0,4.79,1.0,0.0
MA010120220813300758,5,0,0.0,0.0,1.0,0.0
MA010120220813301014,5,3,0.0758818703855619,0.0,1.0,1.0
MA010120220813302214,5,2,0.0266611977030352,4.695,1.0,0.0
MA010120220813302776,5,3,0.0697292863002461,4.5,1.0,0.0
MA010120220813303407,1,1,0.0061525840853158,4.0,1.0,0.0
MA010120220813303765,5,4,0.1579163248564397,4.1,1.0,0.0
MA010120220813305192,5,0,0.0,0.0,0.0,0.0
MA010120220813305556,5,4,0.1517637407711238,4.555,1.0,1.0
MA010120220813307611,5,5,0.3855619360131255,4.4,1.0,0.0
MA010120220813307944,1,0,0.0,0.0,1.0,0.0
MA010120220813310144,5,3,0.0676784249384741,4.62,1.0,0.0
MA010120220813311064,5,3,0.0779327317473338,4.41,1.0,0.0
MA010120220813311106,5,0,0.0,0.0,1.0,1.0
MA010120220813312574,5,1,0.0082034454470877,3.345,1.0,0.0
MA010120220813312686,5,1,0.0143560295324036,4.4,1.0,0.0
MA010120220813312823,5,0,0.0,0.0,0.0,0.0
MA010120220813315865,5,3,0.0615258408531583,5.0,1.0,0.0
MA010120220813315999,5,2,0.0164068908941755,5.0,1.0,0.0
MA010120220813316638,5,4,0.2481542247744052,4.6,1.0,0.0
MA010120220813316687,5,4,0.1230516817063166,5.0,1.0,0.0
MA010120220813316825,5,5,1.5504511894995898,4.32,1.0,0.0
MA010120220813322420,5,1,0.0061525840853158,0.0,1.0,0.0
MA010120220813322992,5,3,0.0881870385561936,1.9,1.0,0.0
MA010120220813323220,5,4,0.1702214930270713,4.3,1.0,0.0
MA010120220813323422,5,3,0.0389663658736669,4.875,1.0,0.0
MA010120220813323578,5,1,0.0143560295324036,4.9,1.0,0.0
MA010120220813323997,5,0,0.0,0.0,1.0,0.0
MA010120220813324844,5,2,0.0287120590648072,4.7,1.0,0.0
MA010120220813325265,5,1,0.0102543068088597,0.0,1.0,0.0
MA010120220813326123,5,5,0.6911402789171451,4.49,1.0,1.0
MA010120220813329261,5,2,0.034864643150123,3.875,0.0,0.0
MA010120220813329962,5,4,0.1127973748974569,5.0,1.0,1.0
MA010120220813332959,5,3,0.0471698113207547,3.155,1.0,0.0
MA010120220813333119,5,2,0.0246103363412633,4.765000000000001,1.0,0.0
MA010120220813335748,5,5,1.0541427399507797,4.53,1.0,0.0
MA010120220813336060,5,1,0.0102543068088597,4.68,1.0,0.0
MA010120220813336908,5,3,0.0533223954060705,4.32,1.0,0.0
MA010120220813337141,5,4,0.1989335520918786,4.535,1.0,1.0
MA010120220813339053,5,0,0.0,4.39,1.0,0.0
MA010120220813339163,4,0,0.0,0.0,1.0,0.0
MA010120220813339288,5,5,0.8305988515176375,4.38,1.0,0.0
MA010120220813339323,4,5,1.5976210008203444,4.45,1.0,0.0
MA010120220813339443,5,5,0.2912223133716161,0.0,1.0,0.0
MA010120220813339513,5,4,0.256357670221493,4.635,1.0,1.0
MA010120220813341033,5,5,0.2727645611156686,0.0,1.0,0.0
MA010120220813341651,5,5,1.10746513535685,3.8,1.0,1.0
MA010120220813342186,1,3,0.0430680885972108,4.8,0.0,1.0
MA010120220813342216,1,4,0.2071369975389664,3.635,1.0,0.0
MA010120220813343917,5,4,0.1127973748974569,4.0,0.0,0.0
MA010120220813344980,5,5,0.8347005742411813,3.7,1.0,1.0
MA010120220813345157,5,3,0.0430680885972108,4.0,1.0,0.0
MA010120220813345355,5,4,0.1784249384741591,4.3,1.0,1.0
MA010120220813349137,5,2,0.034864643150123,4.255,1.0,0.0
MA010120220813350328,5,5,1.5566037735849056,4.605,1.0,0.0
MA010120220813350358,5,4,0.108695652173913,4.75,1.0,1.0
MA010120220813351084,5,0,0.0,0.0,1.0,0.0
MA010120220813351485,1,5,0.4347826086956521,4.7,1.0,0.0
MA010120220813351769,5,2,0.0184577522559474,4.61,1.0,0.0
MA010120220813351872,5,3,0.0635767022149302,0.0,1.0,0.0
MA010120220813352206,5,1,0.0041017227235438,4.2,1.0,1.0
MA010120220813352674,5,0,0.0,0.0,1.0,0.0
MA010120220813354086,5,1,0.0041017227235438,4.35,1.0,1.0
MA010120220813354404,4,3,0.0697292863002461,4.0,1.0,0.0
MA010120220813355088,5,4,0.1579163248564397,4.575,1.0,0.0
MA010120220813356928,4,1,0.0123051681706316,4.3,0.0,0.0
MA010120220813357099,5,0,0.0,0.0,1.0,0.0
MA010120220813358893,5,4,0.1763740771123872,4.53,0.0,0.0
MA010120220813359145,5,4,0.1394585726004922,2.5,1.0,0.0
MA010120220813361872,5,3,0.0840853158326497,5.0,1.0,0.0
MA010120220813363285,5,0,0.0,0.0,1.0,0.0
MA010120220813364255,5,5,0.7670221493027072,4.57,1.0,0.0
MA010120220813364621,5,3,0.0389663658736669,0.0,1.0,0.0
MA010120220813365066,5,0,0.0,0.0,1.0,0.0
MA010120220813365372,5,4,0.1271534044298605,4.0,1.0,0.0
MA010120220813366640,5,0,0.0,0.0,1.0,0.0
MA010120220813367694,1,0,0.0,0.0,1.0,0.0
MA010120220813368854,5,0,0.0,0.0,1.0,1.0
MA010120220813368909,5,5,1.579163248564397,4.58,1.0,0.0
MA010120220813369373,5,1,0.0123051681706316,0.0,1.0,0.0
MA010120220813371083,5,3,0.0656275635767022,4.09,1.0,0.0
MA010120220813371145,5,5,0.7629204265791633,4.17,0.0,0.0
MA010120220813371147,5,3,0.0430680885972108,4.6850000000000005,1.0,0.0
MA010120220813372189,5,5,1.0890073831009024,4.665,1.0,1.0
MA010120220813373843,5,1,0.0061525840853158,3.69,1.0,0.0
MA010120220813374302,1,0,0.0,0.0,1.0,0.0
MA010120220813375456,5,1,0.0143560295324036,4.84,1.0,0.0
MA010120220813375777,5,3,0.0635767022149302,3.6,0.0,0.0
MA010120220813375903,5,3,0.0389663658736669,4.015000000000001,1.0,0.0
MA010120220813376385,1,5,2.0590648072190323,3.465,0.0,0.0
MA010120220813376919,5,4,0.2153404429860541,4.6,1.0,0.0
MA010120220813377328,5,0,0.0,0.0,1.0,0.0
MA010120220813379004,5,3,0.0512715340442986,4.77,1.0,0.0
MA010120220813381137,5,3,0.0574241181296144,4.0,1.0,0.0
MA010120220813381400,5,5,1.2100082034454471,0.0,1.0,0.0
MA010120220813381503,5,3,0.0451189499589827,4.8,1.0,0.0
MA010120220813381787,5,2,0.0184577522559474,4.0,1.0,0.0
MA010120220813381980,5,0,0.0,4.53,1.0,0.0
MA010120220813384095,5,3,0.0574241181296144,4.734999999999999,1.0,0.0
MA010120220813384187,5,1,0.0143560295324036,4.39,1.0,0.0
MA010120220813384704,5,0,0.0,0.0,1.0,0.0
MA010120220813385141,1,5,1.792452830188679,4.355,1.0,0.0
MA010120220813385373,5,4,0.1210008203445447,4.3,1.0,1.0
MA010120220813385443,5,2,0.0164068908941755,3.235,1.0,1.0
MA010120220813388990,5,1,0.0041017227235438,1.0,1.0,0.0
MA010120220813390064,5,2,0.0369155045118949,2.9,1.0,0.0
MA010120220813390135,5,0,0.0,4.56,1.0,0.0
MA010120220813391318,5,5,0.4081214109926169,3.73,1.0,1.0
MA010120220813393269,5,5,0.2604593929450369,4.69,0.0,0.0
MA010120220813394104,5,1,0.0041017227235438,4.33,1.0,0.0
MA010120220813395706,5,5,1.331009023789992,4.83,1.0,0.0
MA010120220813395732,5,2,0.0246103363412633,4.4,1.0,0.0
MA010120220813396182,5,0,0.0,4.86,1.0,0.0
MA010120220813397212,5,3,0.0574241181296144,3.3,1.0,0.0
MA010120220813398437,5,4,0.2522559474979491,4.86,1.0,0.0
MA010120220813401546,5,5,0.4881050041017227,0.0,0.0,1.0
MA010120220813402469,5,5,2.167760459392945,4.609999999999999,1.0,0.0
MA010120220813402950,5,4,0.1435602953240361,2.8,0.0,0.0
MA010120220813403893,5,0,0.0,0.0,1.0,0.0
MA010120220813403980,5,5,0.4081214109926169,4.48,1.0,1.0
MA010120220813405331,5,3,0.0451189499589827,4.6,1.0,1.0
MA010120220813405407,5,0,0.0,0.0,1.0,0.0
MA010120220813405832,5,1,0.0020508613617719,0.0,1.0,0.0
MA010120220813406400,5,4,0.1702214930270713,4.4,0.0,0.0
MA010120220813409597,1,2,0.0266611977030352,0.0,1.0,0.0
MA010120220813410446,5,2,0.0225594749794913,4.5,1.0,0.0
MA010120220813411383,5,1,0.0082034454470877,4.59,1.0,0.0
MA010120220813413680,5,2,0.0164068908941755,4.2,0.0,0.0
MA010120220813417328,1,5,0.701394585726005,4.2,1.0,0.0
MA010120220813419599,5,4,0.0922887612797374,4.33,0.0,0.0
MA010120220813419641,5,2,0.0164068908941755,4.5,1.0,0.0
MA010120220813419972,1,3,0.0758818703855619,0.0,1.0,0.0
MA010120220813422184,5,4,0.1066447908121411,3.855,1.0,0.0
MA010120220813422253,5,2,0.0246103363412633,4.4,1.0,0.0
MA010120220813422494,1,1,0.0041017227235438,0.0,1.0,1.0
MA010120220813423176,5,2,0.0246103363412633,4.41,1.0,0.0
MA010120220813423844,5,5,0.5721903199343724,5.0,1.0,0.0
MA010120220813423889,5,3,0.0430680885972108,3.6,1.0,0.0
MA010120220813424395,5,0,0.0,0.0,1.0,0.0
MA010120220813425684,5,3,0.071780147662018,3.84,1.0,0.0
MA010120220813426591,5,0,0.0,0.0,1.0,0.0
MA010120220813426921,5,3,0.0861361771944216,0.0,0.0,0.0
MA010120220813428079,5,1,0.0041017227235438,4.33,1.0,0.0
MA010120220813429232,5,0,0.0,0.0,1.0,0.0
MA010120220813430602,5,3,0.0410172272354388,4.13,0.0,0.0
MA010120220813430615,5,4,0.1107465135356849,4.465,1.0,0.0
MA010120220813430805,5,0,0.0,0.0,1.0,0.0
MA010120220813430965,5,5,0.660377358490566,5.0,1.0,1.0
MA010120220813431930,5,3,0.0492206726825266,4.805,1.0,0.0
MA010120220813432445,5,4,0.1702214930270713,3.92,1.0,0.0
MA010120220813434122,1,0,0.0,0.0,1.0,0.0
MA010120220813435347,5,1,0.0061525840853158,5.0,1.0,0.0
MA010120220813435709,5,2,0.0307629204265791,4.73,0.0,0.0
MA010120220813436395,5,1,0.0041017227235438,0.0,1.0,0.0
MA010120220813438374,5,1,0.0082034454470877,0.0,1.0,0.0
MA010120220813439077,1,4,0.1497128794093519,0.0,1.0,1.0
MA010120220813440724,5,5,0.2850697292863002,4.5,1.0,0.0
MA010120220813440918,5,5,0.5660377358490566,4.2,1.0,0.0
MA010120220813443639,5,1,0.0123051681706316,3.0,1.0,0.0
MA010120220813445769,5,5,0.805988515176374,4.56,1.0,1.0
MA010120220813446147,4,1,0.0020508613617719,0.0,1.0,0.0
MA010120220813446389,5,1,0.0082034454470877,0.0,1.0,0.0
MA010120220813448103,5,2,0.0205086136177194,4.38,1.0,1.0
MA010120220813448368,5,0,0.0,0.0,1.0,0.0
MA010120220813448797,5,2,0.0369155045118949,3.8,0.0,0.0
MA010120220813449228,5,3,0.0615258408531583,4.52,1.0,0.0
MA010120220813449262,5,0,0.0,4.45,1.0,1.0
MA010120220813450022,1,4,0.1127973748974569,5.0,1.0,1.0
MA010120220813450508,5,3,0.0492206726825266,0.0,1.0,0.0
MA010120220813452243,5,1,0.0020508613617719,0.0,1.0,0.0
MA010120220813453178,5,2,0.0328137817883511,4.71,1.0,0.0
MA010120220813453187,5,1,0.0102543068088597,4.0,1.0,0.0
MA010120220813454314,1,4,0.2337981952420016,3.4,0.0,0.0
MA010120220813454320,5,3,0.0512715340442986,4.71,1.0,1.0
MA010120220813456233,4,5,0.3178835110746513,3.3,0.0,0.0
MA010120220813456466,5,0,0.0,0.0,1.0,0.0
MA010120220813456630,5,5,0.7629204265791633,3.2,0.0,0.0
MA010120220813456709,5,0,0.0,0.0,1.0,0.0
MA010120220813457724,5,1,0.0041017227235438,1.0,1.0,0.0
MA010120220813458545,5,4,0.1804757998359311,3.785,1.0,0.0
MA010120220813460029,5,4,0.1497128794093519,4.7,1.0,1.0
MA010120220813461687,5,3,0.0676784249384741,3.83,1.0,0.0
MA010120220813462597,5,1,0.0082034454470877,5.0,1.0,0.0
MA010120220813464352,5,5,0.8264971287940935,0.0,1.0,1.0
MA010120220813465366,4,4,0.1312551271534044,4.91,1.0,1.0
MA010120220813466674,5,3,0.0840853158326497,0.0,1.0,0.0
MA010120220813467744,5,4,0.1599671862182116,3.48,0.0,0.0
MA010120220813468220,5,4,0.1353568498769483,0.0,1.0,0.0
MA010120220813468287,5,4,0.1230516817063166,2.0,1.0,0.0
MA010120220813468588,1,4,0.1784249384741591,4.76,1.0,0.0
MA010120220813470137,1,0,0.0,0.0,1.0,0.0
MA010120220813473058,1,5,1.2694831829368336,4.3,1.0,1.0
MA010120220813476151,5,4,0.1004922067268252,4.445,1.0,0.0
MA010120220813476510,5,0,0.0,0.0,1.0,0.0
MA010120220813476681,5,1,0.0123051681706316,4.8,1.0,1.0
MA010120220813477739,5,1,0.0123051681706316,3.0,0.0,0.0
MA010120220813478009,1,3,0.0451189499589827,4.8,1.0,0.0
MA010120220813478654,5,0,0.0,0.0,1.0,0.0
MA010120220813479295,5,1,0.0143560295324036,0.0,1.0,1.0
MA010120220813479452,5,3,0.0574241181296144,3.985,1.0,1.0
MA010120220813480610,5,5,0.3260869565217391,4.82,1.0,1.0
MA010120220813482061,1,2,0.0184577522559474,4.33,1.0,0.0
MA010120220813482103,5,4,0.1374077112387202,0.0,1.0,0.0
MA010120220813482205,5,1,0.0020508613617719,4.21,1.0,0.0
MA010120220813482374,5,3,0.0820344544708777,4.14,0.0,0.0
MA010120220813484392,5,3,0.0389663658736669,4.815,1.0,0.0
MA010120220813484958,5,2,0.0246103363412633,4.87,1.0,0.0
MA010120220813485383,4,4,0.108695652173913,3.595,1.0,1.0
MA010120220813488039,5,5,0.6050041017227236,4.345,0.0,1.0
MA010120220813488563,5,4,0.1579163248564397,4.2,1.0,0.0
MA010120220813488598,5,5,0.7977850697292863,5.0,1.0,0.0
MA010120220813488816,1,3,0.0697292863002461,4.734999999999999,1.0,0.0
MA010120220813489770,5,5,1.8150123051681708,4.205,1.0,0.0
MA010120220813490738,5,1,0.0061525840853158,4.22,1.0,0.0
MA010120220813491137,5,2,0.0328137817883511,4.75,1.0,0.0
MA010120220813493525,5,4,0.1210008203445447,2.1,1.0,0.0
MA010120220813493682,5,5,1.3371616078753077,4.31,1.0,0.0
MA010120220813493798,5,5,0.4552912223133716,4.1,1.0,0.0
MA010120220813494594,5,3,0.0451189499589827,5.0,0.0,0.0
MA010120220813495852,5,0,0.0,0.0,0.0,0.0
MA010120220813495904,1,0,0.0,0.0,1.0,0.0
MA010120220813497528,5,3,0.0512715340442986,4.68,1.0,0.0
MA010120220813497710,4,5,0.734208367514356,4.2,1.0,1.0
MA010120220813500100,5,1,0.0143560295324036,4.665,1.0,0.0
MA010120220813500674,5,3,0.0471698113207547,4.8,1.0,1.0
MA010120220813500703,5,3,0.0471698113207547,4.89,1.0,0.0
MA010120220813500796,5,3,0.0799835931091058,4.69,1.0,0.0
MA010120220813502960,5,2,0.0266611977030352,4.225,1.0,1.0
MA010120220813504398,5,2,0.0328137817883511,3.29,1.0,0.0
MA010120220813505368,5,4,0.0922887612797374,5.0,0.0,1.0
MA010120220813507659,5,5,0.4142739950779328,4.5,1.0,0.0
MA010120220813508313,5,5,1.0500410172272354,4.66,1.0,0.0
MA010120220813508428,5,0,0.0,4.21,1.0,0.0
MA010120220813508576,5,5,0.588597210828548,4.74,1.0,0.0
MA010120220813509346,5,3,0.0553732567678424,4.6,1.0,0.0
MA010120220813511179,1,4,0.1251025430680886,4.7,1.0,0.0
MA010120220813511286,5,5,0.9823625922887612,3.3,1.0,0.0
MA010120220813512133,5,0,0.0,0.0,1.0,0.0
MA010120220813513721,1,4,0.2276456111566858,0.0,0.0,0.0
MA010120220813514026,5,5,0.2707136997538966,5.0,1.0,1.0
MA010120220813514774,5,1,0.0020508613617719,1.0,1.0,0.0
MA010120220813514852,5,5,1.6386382280557834,4.675,0.0,0.0
MA010120220813515635,5,4,0.1107465135356849,2.8,1.0,0.0
MA010120220813518021,5,3,0.0471698113207547,4.79,1.0,0.0
MA010120220813519329,5,3,0.0758818703855619,0.0,1.0,0.0
MA010120220813520868,5,5,0.440935192780968,4.485,1.0,0.0
MA010120220813521261,1,4,0.1415094339622641,4.46,1.0,0.0
MA010120220813522085,5,3,0.0615258408531583,4.44,1.0,0.0
MA010120220813522197,5,0,0.0,0.0,1.0,0.0
MA010120220813527312,5,0,0.0,0.0,0.0,0.0
MA010120220813530596,5,3,0.0676784249384741,3.67,1.0,0.0
MA010120220813530754,5,4,0.1845775225594749,4.47,1.0,1.0
MA010120220813532042,5,2,0.0225594749794913,4.745,1.0,0.0
MA010120220813534215,5,3,0.0389663658736669,5.0,1.0,0.0
MA010120220813535194,5,4,0.0984413453650533,4.6850000000000005,1.0,0.0
MA010120220813535458,5,1,0.0020508613617719,0.0,1.0,0.0
MA010120220813535579,1,0,0.0,0.0,0.0,0.0
MA010120220813535805,5,3,0.0738310090237899,3.9,1.0,0.0
MA010120220813537232,5,3,0.0451189499589827,4.609999999999999,1.0,0.0
MA010120220813538425,1,1,0.0123051681706316,5.0,1.0,1.0
MA010120220813540691,5,0,0.0,0.0,1.0,0.0
MA010120220813541669,5,4,0.1004922067268252,0.0,1.0,0.0
MA010120220813542149,1,2,0.0205086136177194,3.3150000000000004,1.0,0.0
MA010120220813545803,5,2,0.0184577522559474,4.45,1.0,0.0
MA010120220813548076,5,4,0.1784249384741591,4.1,1.0,1.0
MA010120220813548176,5,0,0.0,0.0,0.0,0.0
MA010120220813548357,5,4,0.1025430680885972,4.815,1.0,0.0
MA010120220813552359,5,5,1.2879409351927809,3.7,0.0,0.0
MA010120220813552839,5,5,0.8223954060705496,4.205,1.0,0.0
MA010120220813555145,5,1,0.0102543068088597,5.0,1.0,0.0
MA010120220813555250,5,2,0.0266611977030352,4.0,1.0,0.0
MA010120220813555956,5,0,0.0,4.86,0.0,0.0
MA010120220813556502,1,0,0.0,0.0,0.0,0.0
MA010120220813557485,1,0,0.0,0.0,0.0,0.0
MA010120220813558844,5,5,0.3712059064807219,4.275,1.0,0.0
MA010120220813559269,4,3,0.0676784249384741,3.005,1.0,0.0
MA010120220813560123,5,4,0.1394585726004922,4.19,1.0,0.0
MA010120220813561778,5,0,0.0,0.0,1.0,0.0
MA010120220813562397,5,3,0.0656275635767022,3.625,1.0,1.0
MA010120220813563436,5,3,0.0492206726825266,4.54,1.0,1.0
MA010120220813564964,5,4,0.1312551271534044,0.0,1.0,0.0
MA010120220813567849,5,5,1.2961443806398687,4.3,1.0,0.0
MA010120220813567893,5,2,0.0225594749794913,4.0,1.0,0.0
MA010120220813568229,5,2,0.0328137817883511,3.855,1.0,0.0
MA010120220813568759,5,2,0.0164068908941755,4.615,1.0,1.0
MA010120220813568889,5,5,1.531993437243642,4.609999999999999,1.0,0.0
MA010120220813570077,5,2,0.0184577522559474,3.1,0.0,0.0
MA010120220813570861,5,3,0.0758818703855619,3.635,1.0,0.0
MA010120220813570876,5,3,0.0594749794913863,5.0,1.0,0.0
MA010120220813571292,5,1,0.0143560295324036,0.0,1.0,0.0
MA010120220813572024,5,0,0.0,0.0,0.0,0.0
MA010120220813572856,5,1,0.0041017227235438,4.32,1.0,0.0
MA010120220813573284,5,4,0.0984413453650533,4.68,1.0,1.0
MA010120220813573846,5,4,0.1230516817063166,4.46,1.0,0.0
MA010120220813574087,5,5,1.0151763740771125,0.0,1.0,0.0
MA010120220813577574,5,5,1.1484823625922889,3.76,0.0,0.0
MA010120220813577650,5,4,0.1784249384741591,4.6,1.0,1.0
MA010120220813578096,1,0,0.0,0.0,1.0,0.0
MA010120220813578258,5,5,1.5032813781788352,4.165,1.0,0.0
MA010120220813579044,5,2,0.0246103363412633,4.3,1.0,0.0
MA010120220813580557,5,4,0.1045939294503691,2.8,1.0,0.0
MA010120220813580802,5,4,0.1927809680065627,4.609999999999999,1.0,1.0
MA010120220813581545,5,3,0.0574241181296144,4.8,1.0,1.0
MA010120220813581789,5,2,0.0205086136177194,4.355,1.0,0.0
MA010120220813584835,5,0,0.0,0.0,1.0,0.0
MA010120220813585244,5,2,0.0205086136177194,4.22,0.0,0.0
MA010120220813587732,5,1,0.0143560295324036,5.0,1.0,1.0
MA010120220813588147,5,5,0.4511894995898277,0.0,0.0,0.0
MA010120220813588226,5,5,0.6419196062346186,3.28,1.0,0.0
MA010120220813588427,5,2,0.0246103363412633,3.855,1.0,0.0
MA010120220813589065,5,2,0.0307629204265791,4.62,1.0,0.0
MA010120220813589192,5,5,0.6501230516817064,4.49,1.0,1.0
MA010120220813589474,5,2,0.034864643150123,4.0,1.0,0.0
MA010120220813590365,5,0,0.0,0.0,1.0,0.0
MA010120220813592152,5,1,0.0061525840853158,4.359999999999999,1.0,0.0
MA010120220813593606,5,4,0.1066447908121411,3.5,0.0,0.0
MA010120220813594286,5,4,0.217391304347826,3.565,1.0,0.0
MA010120220813594334,5,0,0.0,0.0,1.0,0.0
MA010120220813595048,4,0,0.0,0.0,0.0,0.0
MA010120220813595202,5,2,0.0328137817883511,3.8,1.0,0.0
MA010120220813596471,5,4,0.1045939294503691,4.175,1.0,0.0
MA010120220813597947,5,1,0.0143560295324036,4.4,0.0,0.0
MA010120220813600144,5,2,0.0164068908941755,4.140000000000001,1.0,0.0
MA010120220813600405,5,1,0.0123051681706316,4.105,1.0,0.0
MA010120220813600490,5,5,0.2707136997538966,4.1,0.0,0.0
MA010120220813603114,5,5,0.6050041017227236,4.805,0.0,0.0
MA010120220813604037,5,3,0.0676784249384741,4.57,0.0,0.0
MA010120220813604187,5,1,0.0020508613617719,2.0,1.0,0.0
MA010120220813604327,1,1,0.0061525840853158,5.0,1.0,0.0
MA010120220813604880,5,5,0.2850697292863002,2.9,1.0,0.0
MA010120220813604898,5,1,0.0020508613617719,5.0,1.0,0.0
MA010120220813605096,5,5,0.3465955701394586,3.015,1.0,0.0
MA010120220813607630,5,0,0.0,0.0,1.0,0.0
MA010120220813608927,5,1,0.0102543068088597,5.0,0.0,1.0
MA010120220813609212,5,5,0.6747333880229696,4.734999999999999,1.0,1.0
MA010120220813609858,5,0,0.0,0.0,1.0,0.0
MA010120220813609998,5,4,0.1886792452830188,4.720000000000001,1.0,0.0
MA010120220813611367,5,5,0.9290401968826908,0.0,1.0,0.0
MA010120220813612002,5,4,0.219442165709598,3.2,1.0,0.0
MA010120220813612772,5,4,0.182526661197703,4.0,1.0,0.0
MA010120220813613602,5,5,0.2686628383921247,4.609999999999999,1.0,0.0
MA010120220813613862,5,3,0.0881870385561936,4.335,1.0,0.0
MA010120220813615587,5,0,0.0,0.0,1.0,0.0
MA010120220813617125,5,3,0.0840853158326497,0.0,0.0,0.0
MA010120220813617571,4,5,2.0283018867924527,4.76,1.0,0.0
MA010120220813617609,5,3,0.0635767022149302,0.0,1.0,0.0
MA010120220813619014,5,3,0.0553732567678424,4.73,1.0,0.0
MA010120220813620246,5,2,0.0205086136177194,4.09,1.0,0.0
MA010120220813620410,5,3,0.071780147662018,4.7,1.0,1.0
MA010120220813620471,5,0,0.0,0.0,1.0,0.0
MA010120220813621140,5,2,0.0369155045118949,4.7,1.0,0.0
MA010120220813621316,5,3,0.0553732567678424,3.7,1.0,0.0
MA010120220813621646,5,1,0.0143560295324036,3.4,1.0,0.0
MA010120220813622947,5,4,0.1968826907301066,4.8,0.0,0.0
MA010120220813624810,5,4,0.1989335520918786,3.2,1.0,1.0
MA010120220813626445,5,2,0.0307629204265791,4.915,1.0,1.0
MA010120220813626932,5,3,0.0553732567678424,4.8,1.0,0.0
MA010120220813627542,1,4,0.1148482362592288,4.5,1.0,0.0
MA010120220813628285,5,4,0.0922887612797374,4.2,1.0,1.0
MA010120220813629090,5,1,0.0102543068088597,5.0,0.0,0.0
MA010120220813629716,5,2,0.0328137817883511,4.26,1.0,0.0
MA010120220813632792,5,4,0.108695652173913,5.0,0.0,0.0
MA010120220813633314,5,0,0.0,0.0,1.0,0.0
MA010120220813633552,5,4,0.2317473338802297,4.74,1.0,1.0
MA010120220813636504,5,5,1.2981952420016407,0.0,0.0,0.0
MA010120220813640883,5,1,0.0041017227235438,5.0,1.0,0.0
MA010120220813641258,5,5,1.3802296964725187,4.76,1.0,1.0
MA010120220813642302,5,5,0.4204265791632485,4.2,0.0,1.0
MA010120220813643426,5,4,0.1230516817063166,3.165,1.0,0.0
MA010120220813643777,5,4,0.2153404429860541,5.0,1.0,0.0
MA010120220813646402,5,3,0.0430680885972108,4.79,1.0,0.0
MA010120220813647639,5,3,0.0533223954060705,4.6850000000000005,1.0,1.0
MA010120220813648869,5,2,0.0246103363412633,4.7,1.0,0.0
MA010120220813649533,5,2,0.0205086136177194,4.25,1.0,0.0
MA010120220813650739,1,1,0.0143560295324036,3.8,1.0,0.0
MA010120220813651301,5,5,1.8314191960623465,0.0,1.0,0.0
MA010120220813653639,5,2,0.0287120590648072,4.75,1.0,0.0
MA010120220813653761,5,0,0.0,0.0,1.0,0.0
MA010120220813655572,5,4,0.1230516817063166,3.5,1.0,0.0
MA010120220813656175,5,1,0.0041017227235438,0.0,1.0,0.0
MA010120220813656456,5,1,0.0041017227235438,0.0,1.0,0.0
MA010120220813657816,5,1,0.0123051681706316,3.5,1.0,0.0
MA010120220813658664,5,0,0.0,0.0,1.0,0.0
MA010120220813658672,5,1,0.0020508613617719,4.75,1.0,1.0
MA010120220813660028,5,5,2.0283018867924527,0.0,1.0,1.0
MA010120220813660104,5,0,0.0,0.0,1.0,0.0
MA010120220813661202,5,1,0.0123051681706316,0.0,1.0,1.0
MA010120220813661750,5,2,0.0328137817883511,4.555,1.0,0.0
MA010120220813661752,5,1,0.0082034454470877,4.17,1.0,0.0
MA010120220813661766,4,5,0.2994257588187038,4.4,1.0,1.0
MA010120220813665507,5,4,0.1066447908121411,4.51,0.0,0.0
MA010120220813666076,5,2,0.0225594749794913,4.705,1.0,0.0
MA010120220813666140,5,5,0.4122231337161608,5.0,1.0,0.0
MA010120220813666663,5,3,0.0615258408531583,4.43,1.0,0.0
MA010120220813666773,5,3,0.0656275635767022,4.3,1.0,1.0
MA010120220813666785,5,0,0.0,0.0,1.0,0.0
MA010120220813667833,5,2,0.0164068908941755,5.0,1.0,0.0
MA010120220813668064,5,1,0.0102543068088597,5.0,1.0,0.0
MA010120220813668838,5,3,0.0451189499589827,3.5,1.0,0.0
MA010120220813670184,5,4,0.1558654634946677,4.4350000000000005,1.0,0.0
MA010120220813670950,5,2,0.0307629204265791,4.58,1.0,1.0
MA010120220813671794,5,2,0.0369155045118949,4.705,1.0,0.0
MA010120220813671818,5,1,0.0041017227235438,5.0,1.0,0.0
MA010120220813673078,5,5,1.8109105824446268,0.0,1.0,1.0
MA010120220813673105,5,4,0.1640689089417555,4.45,1.0,0.0
MA010120220813676422,5,5,0.6111566858080394,4.5,1.0,0.0
MA010120220813676655,5,5,0.3465955701394586,4.725,1.0,1.0
MA010120220813677302,1,4,0.1251025430680886,0.0,0.0,0.0
MA010120220813677587,5,0,0.0,0.0,1.0,0.0
MA010120220813679390,5,5,0.662428219852338,4.475,1.0,0.0
MA010120220813680679,5,1,0.0020508613617719,4.13,1.0,0.0
MA010120220813680705,5,0,0.0,0.0,1.0,0.0
MA010120220813681574,5,5,0.4552912223133716,4.55,1.0,1.0
MA010120220813685492,5,0,0.0,4.73,0.0,0.0
MA010120220813685771,5,5,0.2789171452009844,4.33,1.0,1.0
MA010120220813686510,5,5,0.2604593929450369,3.9,0.0,0.0
MA010120220813690618,5,2,0.0307629204265791,3.4,1.0,0.0
MA010120220813690638,5,5,0.3096800656275635,4.615,1.0,0.0
MA010120220813690931,5,1,0.0082034454470877,4.71,1.0,0.0
MA010120220813692111,5,1,0.0123051681706316,3.7,1.0,0.0
MA010120220813693736,5,2,0.0287120590648072,0.0,1.0,0.0
MA010120220813696888,5,3,0.0512715340442986,3.9,1.0,0.0
MA010120220813698164,5,2,0.0225594749794913,3.895,1.0,1.0
MA010120220813698243,5,4,0.1517637407711238,3.565,1.0,0.0
MA010120220813698541,5,3,0.0656275635767022,4.3,0.0,0.0
MA010120220813699361,5,0,0.0,0.0,0.0,0.0
MA010120220813699582,5,0,0.0,0.0,1.0,0.0
MA010120220813699720,5,4,0.108695652173913,3.58,1.0,0.0
MA010120220813699930,5,3,0.0574241181296144,4.75,0.0,0.0
MA010120220813700446,5,3,0.0902378999179655,0.0,1.0,1.0
MA010120220813700493,1,0,0.0,0.0,1.0,0.0
MA010120220813700772,5,4,0.2358490566037736,4.5,1.0,1.0
MA010120220813703255,5,5,0.3630024610336341,3.43,1.0,0.0
MA010120220813703622,5,5,1.7760459392945038,3.895,1.0,0.0
MA010120220813703763,5,2,0.0164068908941755,4.3,0.0,0.0
MA010120220813707894,5,5,0.3568498769483183,4.53,1.0,0.0
MA010120220813708274,5,5,0.2645611156685807,4.565,0.0,0.0
MA010120220813708680,4,3,0.0533223954060705,4.859999999999999,1.0,1.0
MA010120220813710528,4,3,0.0574241181296144,4.8,1.0,0.0
MA010120220813711082,5,1,0.0082034454470877,2.0,1.0,0.0
MA010120220813711418,5,2,0.0225594749794913,5.0,1.0,0.0
MA010120220813712584,4,4,0.2522559474979491,4.1,1.0,1.0
MA010120220813713042,5,3,0.0820344544708777,0.0,1.0,1.0
MA010120220813713054,5,3,0.0656275635767022,4.779999999999999,0.0,0.0
MA010120220813713548,5,3,0.0861361771944216,3.675,1.0,0.0
MA010120220813717143,5,3,0.0389663658736669,4.6,1.0,0.0
MA010120220813717596,5,2,0.034864643150123,4.9,1.0,0.0
MA010120220813720786,5,1,0.0041017227235438,5.0,1.0,0.0
MA010120220813722515,5,3,0.0779327317473338,4.195,1.0,0.0
MA010120220813725365,5,5,0.4081214109926169,4.48,0.0,1.0
MA010120220813725458,5,3,0.0410172272354388,3.95,1.0,0.0
MA010120220813726153,5,3,0.0697292863002461,4.055,1.0,0.0
MA010120220813726973,5,1,0.0102543068088597,3.5,1.0,0.0
MA010120220813730172,5,1,0.0061525840853158,4.855,1.0,0.0
MA010120220813732306,5,2,0.034864643150123,2.8,1.0,0.0
MA010120220813733243,1,0,0.0,0.0,1.0,0.0
MA010120220813734741,5,5,1.0520918785890074,4.485,1.0,1.0
MA010120220813734852,5,3,0.0656275635767022,5.0,1.0,0.0
MA010120220813734978,5,1,0.0102543068088597,4.42,1.0,1.0
MA010120220813737439,5,1,0.0082034454470877,4.65,1.0,0.0
MA010120220813737444,5,1,0.0061525840853158,5.0,1.0,1.0
MA010120220813737866,5,1,0.0082034454470877,4.53,1.0,0.0
MA010120220813738488,5,1,0.0143560295324036,4.42,1.0,0.0
MA010120220813738806,1,5,0.9700574241181296,0.0,0.0,0.0
MA010120220813739575,5,2,0.0328137817883511,4.63,1.0,0.0
MA010120220813741013,1,5,1.8478260869565213,4.33,1.0,1.0
MA010120220813742655,5,0,0.0,0.0,1.0,0.0
MA010120220813742724,5,1,0.0143560295324036,5.0,1.0,0.0
MA010120220813742994,5,5,0.916735028712059,3.5,1.0,0.0
MA010120220813744395,5,5,1.058244462674323,4.55,1.0,1.0
MA010120220813745450,5,2,0.0225594749794913,4.8,1.0,1.0
MA010120220813745491,1,1,0.0123051681706316,4.0,1.0,0.0
MA010120220813746102,5,4,0.1127973748974569,4.9,1.0,0.0
MA010120220813746448,5,3,0.0615258408531583,2.6,1.0,0.0
MA010120220813747176,5,3,0.0471698113207547,2.3,1.0,1.0
MA010120220813749663,5,2,0.0164068908941755,4.38,0.0,0.0
MA010120220813749725,5,3,0.0840853158326497,3.86,1.0,0.0
MA010120220813750887,5,1,0.0102543068088597,4.5,1.0,1.0
MA010120220813751116,5,1,0.0061525840853158,4.8,0.0,0.0
MA010120220813751251,5,3,0.0799835931091058,4.8,1.0,0.0
MA010120220813751830,5,5,0.2871205906480722,0.0,1.0,0.0
MA010120220813752722,5,0,0.0,0.0,1.0,0.0
MA010120220813752934,5,0,0.0,0.0,0.0,0.0
MA010120220813753666,1,5,1.0910582444626744,4.57,0.0,0.0
MA010120220813755003,5,5,0.2686628383921247,4.4,0.0,0.0
MA010120220813755482,5,1,0.0061525840853158,4.15,1.0,0.0
MA010120220813757736,5,3,0.0492206726825266,3.6,1.0,0.0
MA010120220813758239,5,3,0.0779327317473338,2.9,1.0,0.0
MA010120220813759161,1,0,0.0,0.0,0.0,0.0
MA010120220813760279,4,1,0.0143560295324036,3.34,1.0,0.0
MA010120220813762705,4,0,0.0,0.0,1.0,0.0
MA010120220813762827,5,0,0.0,0.0,0.0,0.0
MA010120220813762836,5,1,0.0082034454470877,4.0,1.0,1.0
MA010120220813764097,5,1,0.0082034454470877,4.8,1.0,1.0
MA010120220813764480,4,3,0.0635767022149302,4.8,1.0,0.0
MA010120220813767209,5,1,0.0061525840853158,4.88,1.0,0.0
MA010120220813767344,5,4,0.1333059885151763,3.925,0.0,0.0
MA010120220813768794,5,3,0.0574241181296144,3.0,1.0,0.0
MA010120220813769563,5,1,0.0061525840853158,4.79,1.0,0.0
MA010120220813770820,5,0,0.0,0.0,1.0,0.0
MA010120220813771556,5,5,1.1915504511894996,4.48,1.0,0.0
MA010120220813772261,5,5,0.3342904019688269,4.565,0.0,0.0
MA010120220813774970,5,2,0.0164068908941755,5.0,1.0,1.0
MA010120220813775405,5,0,0.0,0.0,0.0,0.0
MA010120220813775420,5,5,0.5598851517637408,4.545,1.0,1.0
MA010120220813775443,5,4,0.2378999179655455,3.8,1.0,0.0
MA010120220813775869,5,5,0.6009023789991796,4.39,1.0,1.0
MA010120220813775884,5,0,0.0,0.0,0.0,0.0
MA010120220813777191,5,3,0.0389663658736669,3.8,1.0,0.0
MA010120220813778151,5,5,2.4671862182116486,4.615,1.0,0.0
MA010120220813778604,5,3,0.0553732567678424,4.86,1.0,1.0
MA010120220813778624,5,1,0.0020508613617719,4.33,1.0,0.0
MA010120220813780131,5,1,0.0082034454470877,4.9,1.0,1.0
MA010120220813782081,5,2,0.0369155045118949,4.67,1.0,0.0
MA010120220813782249,5,0,0.0,0.0,0.0,0.0
MA010120220813786262,1,1,0.0041017227235438,3.0,1.0,0.0
MA010120220813786743,5,3,0.0471698113207547,2.2,1.0,0.0
MA010120220813787001,5,1,0.0102543068088597,4.8,1.0,0.0
MA010120220813788087,5,5,0.6767842493847416,4.43,0.0,0.0
MA010120220813788516,5,1,0.0102543068088597,0.0,0.0,0.0
MA010120220813788593,5,4,0.1168990976210008,4.65,1.0,0.0
MA010120220813791615,5,2,0.0205086136177194,4.2,1.0,0.0
MA010120220813792388,5,4,0.1230516817063166,2.75,1.0,0.0
MA010120220813792676,5,0,0.0,4.45,0.0,0.0
MA010120220813793775,1,5,0.4450369155045119,4.365,1.0,0.0
MA010120220813795122,5,2,0.0369155045118949,4.79,1.0,0.0
MA010120220813796188,5,1,0.0020508613617719,0.0,1.0,0.0
MA010120220813797768,5,1,0.0123051681706316,4.220000000000001,1.0,0.0
MA010120220813798863,1,1,0.0061525840853158,0.0,1.0,0.0
MA010120220813799298,5,2,0.0266611977030352,0.0,1.0,0.0
MA010120220813799301,5,4,0.1948318293683347,4.885,1.0,1.0
MA010120220813799670,5,4,0.1866283839212469,4.95,1.0,0.0
MA010120220813799981,5,4,0.1620180475799836,5.0,1.0,0.0
MA010120220813803157,5,0,0.0,0.0,1.0,0.0
MA010120220813805043,5,4,0.2337981952420016,0.0,1.0,0.0
MA010120220813805765,5,1,0.0143560295324036,0.0,1.0,1.0
MA010120220813805854,5,0,0.0,0.0,1.0,0.0
MA010120220813806269,5,5,0.6398687448728466,4.545,1.0,0.0
MA010120220813806306,5,4,0.1599671862182116,4.470000000000001,1.0,0.0
MA010120220813807152,5,3,0.0430680885972108,4.605,1.0,0.0
MA010120220813807178,5,2,0.0225594749794913,4.615,0.0,0.0
MA010120220813808918,5,2,0.0225594749794913,3.795,1.0,0.0
MA010120220813809489,5,4,0.2071369975389664,4.04,1.0,1.0
MA010120220813810443,5,5,0.2830188679245283,4.55,0.0,1.0
MA010120220813810533,5,0,0.0,0.0,1.0,0.0
MA010120220813810854,5,2,0.0184577522559474,4.7,1.0,0.0
MA010120220813812383,5,1,0.0143560295324036,4.3,1.0,0.0
MA010120220813812415,1,0,0.0,0.0,0.0,0.0
MA010120220813813701,5,5,0.7034454470877769,0.0,1.0,1.0
MA010120220813814230,5,0,0.0,0.0,1.0,0.0
MA010120220813815118,5,0,0.0,0.0,1.0,1.0
MA010120220813815989,5,2,0.0328137817883511,3.105,1.0,0.0
MA010120220813816568,5,3,0.0553732567678424,4.345000000000001,1.0,0.0
MA010120220813816827,5,0,0.0,0.0,1.0,0.0
MA010120220813817590,5,3,0.0430680885972108,4.9,1.0,0.0
MA010120220813818719,5,3,0.0430680885972108,4.0,1.0,0.0
MA010120220813819743,5,5,0.2871205906480722,4.8,1.0,0.0
MA010120220813827101,5,5,0.2809680065627563,4.2,1.0,0.0
MA010120220813828511,5,5,0.3055783429040197,0.0,1.0,0.0
MA010120220813828993,5,4,0.1579163248564397,4.85,1.0,0.0
MA010120220813830131,5,4,0.2153404429860541,1.5,1.0,1.0
MA010120220813830844,1,3,0.0430680885972108,4.9,1.0,0.0
MA010120220813830935,5,1,0.0020508613617719,1.0,0.0,0.0
MA010120220813832292,5,1,0.0020508613617719,3.0,1.0,0.0
MA010120220813832434,5,0,0.0,4.3,1.0,0.0
MA010120220813832615,5,0,0.0,0.0,0.0,0.0
MA010120220813832725,5,0,0.0,0.0,1.0,0.0
MA010120220813832808,5,0,0.0,0.0,1.0,0.0
MA010120220813835599,5,2,0.0307629204265791,4.0,1.0,1.0
MA010120220813836036,5,2,0.0307629204265791,4.715,1.0,0.0
MA010120220813836300,5,3,0.0451189499589827,4.3,1.0,0.0
MA010120220813836693,1,3,0.0799835931091058,4.38,1.0,0.0
MA010120220813837605,5,3,0.0533223954060705,3.0,1.0,0.0
MA010120220813837846,5,4,0.2091878589007383,4.705,1.0,0.0
MA010120220813838334,5,5,0.9823625922887612,4.155,1.0,0.0
MA010120220813839256,5,4,0.1066447908121411,4.12,1.0,0.0
MA010120220813840104,5,5,1.7698933552091878,3.0,0.0,0.0
MA010120220813840267,5,1,0.0102543068088597,4.37,1.0,0.0
MA010120220813841040,5,2,0.0225594749794913,5.0,1.0,1.0
MA010120220813841153,5,4,0.1702214930270713,4.435,0.0,0.0
MA010120220813841797,5,4,0.1640689089417555,2.6,1.0,1.0
MA010120220813841838,5,5,0.7506152584085315,3.5,1.0,0.0
MA010120220813845544,1,3,0.0430680885972108,0.0,0.0,0.0
MA010120220813846296,5,4,0.1025430680885972,0.0,1.0,0.0
MA010120220813846389,5,4,0.1886792452830188,4.734999999999999,1.0,0.0
MA010120220813846491,5,2,0.0287120590648072,4.7,1.0,0.0
MA010120220813849012,5,3,0.071780147662018,3.305,1.0,0.0
MA010120220813849247,5,2,0.0328137817883511,3.5,1.0,0.0
MA010120220813851678,5,3,0.0389663658736669,3.1,1.0,0.0
MA010120220813853909,5,4,0.1558654634946677,0.0,1.0,0.0
MA010120220813853921,5,2,0.0369155045118949,4.0,1.0,1.0
MA010120220813854672,4,1,0.0123051681706316,3.8,1.0,0.0
MA010120220813854726,4,5,0.2686628383921247,4.8,1.0,0.0
MA010120220813856392,5,5,0.3568498769483183,4.085,1.0,0.0
MA010120220813856558,5,3,0.0430680885972108,3.8,1.0,0.0
MA010120220813856720,1,2,0.0369155045118949,5.0,1.0,0.0
MA010120220813857233,5,2,0.0164068908941755,5.0,1.0,0.0
MA010120220813857307,5,5,0.2666119770303527,4.64,1.0,1.0
MA010120220813858165,5,5,0.3240360951599672,4.715,1.0,0.0
MA010120220813858269,5,5,0.3589007383100903,4.855,1.0,1.0
MA010120220813858501,5,1,0.0102543068088597,4.2,1.0,0.0
MA010120220813864709,5,4,0.1210008203445447,5.0,1.0,0.0
MA010120220813864859,5,0,0.0,0.0,0.0,0.0
MA010120220813866568,5,3,0.0779327317473338,3.955,1.0,0.0
MA010120220813869835,5,2,0.0225594749794913,4.33,1.0,1.0
MA010120220813872952,5,4,0.2276456111566858,0.0,1.0,0.0
MA010120220813873898,5,1,0.0082034454470877,4.88,1.0,0.0
MA010120220813875570,1,0,0.0,0.0,1.0,0.0
MA010120220813875779,5,4,0.1374077112387202,4.390000000000001,1.0,1.0
MA010120220813876575,4,3,0.0389663658736669,4.695,1.0,1.0
MA010120220813877349,5,3,0.0738310090237899,3.1,1.0,1.0
MA010120220813878622,5,5,0.3630024610336341,4.1,1.0,1.0
MA010120220813878776,5,3,0.0553732567678424,4.77,1.0,1.0
MA010120220813879606,5,5,0.6726825266611978,4.73,1.0,0.0
MA010120220813879673,5,0,0.0,0.0,0.0,0.0
MA010120220813879761,5,4,0.1681706316652994,4.67,1.0,1.0
MA010120220813879841,5,2,0.0266611977030352,2.9,0.0,0.0
MA010120220813884179,5,1,0.0082034454470877,5.0,1.0,0.0
MA010120220813884463,1,5,0.2707136997538966,4.7,1.0,1.0
MA010120220813885873,5,3,0.0676784249384741,3.5,1.0,0.0
MA010120220813887844,5,1,0.0041017227235438,4.27,1.0,0.0
MA010120220813888049,4,5,0.7280557834290402,4.155,1.0,0.0
MA010120220813888425,4,3,0.0389663658736669,4.3,1.0,0.0
MA010120220813888545,5,2,0.0164068908941755,2.3,0.0,0.0
MA010120220813889308,5,5,0.7588187038556193,4.545,0.0,0.0
MA010120220813890282,5,3,0.0430680885972108,5.0,1.0,1.0
MA010120220813890769,5,5,1.7329778506972928,4.734999999999999,1.0,0.0
MA010120220813891098,5,0,0.0,0.0,1.0,0.0
MA010120220813891399,1,0,0.0,0.0,0.0,0.0
MA010120220813891760,1,0,0.0,0.0,0.0,0.0
MA010120220813892781,5,5,0.4286300246103363,4.8,1.0,1.0
MA010120220813895862,1,3,0.0635767022149302,0.0,1.0,0.0
MA010120220813896596,5,2,0.0287120590648072,4.86,1.0,0.0
MA010120220813896713,5,1,0.0020508613617719,0.0,1.0,1.0
MA010120220813896723,5,2,0.0307629204265791,4.5,1.0,0.0
MA010120220813898735,5,0,0.0,0.0,0.0,0.0
MA010120220813899397,5,1,0.0020508613617719,0.0,1.0,0.0
MA010120220813899849,5,5,0.438884331419196,4.7,1.0,1.0
MA010120220813900100,5,0,0.0,0.0,1.0,0.0
MA010120220813902655,5,3,0.0471698113207547,4.4,1.0,0.0
MA010120220813902699,5,5,1.8478260869565213,4.62,1.0,0.0
MA010120220813904489,5,4,0.1271534044298605,4.295,1.0,0.0
MA010120220813905166,5,3,0.0697292863002461,0.0,0.0,0.0
MA010120220813905617,5,5,0.4511894995898277,4.535,1.0,0.0
MA010120220813906399,1,5,1.1197703035274815,4.3,1.0,0.0
MA010120220813907661,5,0,0.0,0.0,0.0,0.0
MA010120220813907687,5,0,0.0,0.0,1.0,0.0
MA010120220813908683,5,3,0.0635767022149302,4.85,1.0,1.0
MA010120220813909031,5,1,0.0061525840853158,4.35,0.0,0.0
MA010120220813909290,5,0,0.0,0.0,1.0,0.0
MA010120220813911103,5,0,0.0,0.0,1.0,0.0
MA010120220813913151,5,2,0.0266611977030352,4.7,1.0,0.0
MA010120220813913200,1,4,0.1907301066447908,4.38,1.0,0.0
MA010120220813913811,5,3,0.0410172272354388,4.225,1.0,1.0
MA010120220813914041,1,4,0.256357670221493,4.535,1.0,0.0
MA010120220813914057,5,5,0.8080393765381461,4.5600000000000005,1.0,1.0
MA010120220813914241,5,4,0.2030352748154225,4.3,1.0,0.0
MA010120220813914626,1,5,1.7042657916324857,4.2,1.0,0.0
MA010120220813915657,5,3,0.0389663658736669,4.27,1.0,0.0
MA010120220813917085,5,0,0.0,4.33,0.0,0.0
MA010120220813918857,5,4,0.1251025430680886,3.035,1.0,0.0
MA010120220813920008,5,1,0.0061525840853158,0.0,1.0,0.0
MA010120220813920910,5,3,0.0492206726825266,3.765,1.0,0.0
MA010120220813922277,5,3,0.0430680885972108,4.43,1.0,0.0
MA010120220813922691,5,4,0.1886792452830188,4.23,1.0,0.0
MA010120220813923235,5,1,0.0041017227235438,4.49,1.0,0.0
MA010120220813924281,5,1,0.0020508613617719,4.5,1.0,0.0
MA010120220813924470,5,4,0.1784249384741591,4.154999999999999,1.0,0.0
MA010120220813924982,5,4,0.1189499589827727,4.9,1.0,0.0
MA010120220813925652,5,4,0.2420016406890894,3.835,1.0,0.0
MA010120220813926823,1,5,1.140278917145201,4.825,1.0,0.0
MA010120220813927089,5,2,0.0266611977030352,4.8,1.0,0.0
MA010120220813927109,5,4,0.0922887612797374,3.755,0.0,0.0
MA010120220813928390,5,5,0.3137817883511074,4.01,1.0,0.0
MA010120220813928456,5,0,0.0,0.0,0.0,0.0
MA010120220813928637,5,2,0.034864643150123,4.365,1.0,0.0
MA010120220813929364,5,2,0.0246103363412633,3.0,1.0,0.0
MA010120220813930164,5,4,0.1743232157506152,5.0,1.0,0.0
MA010120220813930682,1,0,0.0,0.0,1.0,0.0
MA010120220813932352,5,4,0.1722723543888433,4.645,1.0,1.0
MA010120220813934253,5,5,0.9085315832649712,4.8,0.0,1.0
MA010120220813934723,5,2,0.0184577522559474,3.72,1.0,0.0
MA010120220813935235,5,4,0.145611156685808,4.145,1.0,1.0
MA010120220813935293,5,2,0.0225594749794913,5.0,1.0,0.0
MA010120220813937659,5,5,0.5086136177194421,5.0,0.0,1.0
MA010120220813939430,5,1,0.0041017227235438,5.0,1.0,1.0
MA010120220813939625,5,2,0.0307629204265791,4.76,1.0,0.0
MA010120220813942954,5,3,0.0881870385561936,4.82,1.0,0.0
MA010120220813943329,5,5,0.3773584905660377,4.5,1.0,0.0
MA010120220813946240,5,4,0.1127973748974569,4.75,1.0,1.0
MA010120220813947281,4,3,0.0512715340442986,3.97,1.0,0.0
MA010120220813947520,5,5,0.662428219852338,0.0,1.0,1.0
MA010120220813947895,5,0,0.0,4.37,0.0,0.0
MA010120220813947962,5,3,0.0820344544708777,3.875,1.0,1.0
MA010120220813948080,5,1,0.0143560295324036,5.0,1.0,0.0
MA010120220813948097,5,4,0.1127973748974569,4.66,1.0,0.0
MA010120220813948186,5,4,0.1107465135356849,4.59,1.0,0.0
MA010120220813948650,4,2,0.0369155045118949,2.805,1.0,0.0
MA010120220813950501,5,3,0.0594749794913863,4.3,1.0,0.0
MA010120220813950506,5,2,0.0328137817883511,3.915,1.0,0.0
MA010120220813950557,5,4,0.2255947497949138,3.2,1.0,0.0
MA010120220813951932,5,5,0.3568498769483183,4.535,1.0,0.0
MA010120220813954379,5,2,0.0328137817883511,4.0,1.0,0.0
MA010120220813955743,5,5,1.0520918785890074,2.635,1.0,1.0
MA010120220813957003,5,4,0.1271534044298605,4.03,1.0,0.0
MA010120220813957016,5,2,0.034864643150123,4.2,1.0,0.0
MA010120220813957501,5,3,0.0902378999179655,4.34,1.0,1.0
MA010120220813958070,5,3,0.0512715340442986,4.0,1.0,0.0
MA010120220813958265,5,5,1.1279737489745694,4.42,1.0,1.0
MA010120220813958293,5,3,0.0410172272354388,0.0,1.0,0.0
MA010120220813958639,5,3,0.0410172272354388,3.385,1.0,0.0
MA010120220813959022,5,1,0.0061525840853158,4.3,0.0,0.0
MA010120220813959812,5,3,0.0512715340442986,2.0,1.0,0.0
MA010120220813960606,1,1,0.0041017227235438,4.0,1.0,0.0
MA010120220813962848,5,3,0.0820344544708777,0.0,1.0,0.0
MA010120220813963323,5,3,0.0574241181296144,3.645,0.0,0.0
MA010120220813963939,5,4,0.1025430680885972,0.0,1.0,0.0
MA010120220813964170,5,2,0.0328137817883511,3.44,0.0,0.0
MA010120220813965546,5,4,0.1148482362592288,4.715,0.0,0.0
MA010120220813968499,5,3,0.0656275635767022,0.0,1.0,0.0
MA010120220813968877,5,1,0.0143560295324036,5.0,1.0,0.0
MA010120220813970601,4,0,0.0,0.0,1.0,0.0
MA010120220813971579,5,0,0.0,0.0,1.0,0.0
MA010120220813972575,5,1,0.0061525840853158,4.44,1.0,1.0
MA010120220813972640,4,1,0.0102543068088597,4.5,1.0,0.0
MA010120220813973047,5,2,0.0307629204265791,3.9,0.0,0.0
MA010120220813974853,1,0,0.0,0.0,1.0,0.0
MA010120220813974879,5,0,0.0,0.0,0.0,0.0
MA010120220813975496,5,5,0.367104183757178,4.92,1.0,0.0
MA010120220813975559,5,3,0.0840853158326497,3.46,1.0,0.0
MA010120220813976144,5,1,0.0020508613617719,5.0,1.0,0.0
MA010120220813976419,5,3,0.0389663658736669,4.51,1.0,0.0
MA010120220813977033,5,2,0.0205086136177194,0.0,1.0,0.0
MA010120220813977429,5,5,0.5619360131255127,4.2,1.0,0.0
MA010120220813978090,5,3,0.0820344544708777,4.705,1.0,0.0
MA010120220813978641,5,1,0.0143560295324036,4.46,1.0,0.0
MA010120220813978676,5,4,0.1107465135356849,5.0,1.0,0.0
MA010120220813980709,5,0,0.0,0.0,1.0,0.0
MA010120220813981238,5,4,0.1148482362592288,4.5,1.0,0.0
MA010120220813981897,5,0,0.0,0.0,1.0,0.0
MA010120220813982392,1,2,0.0287120590648072,4.59,1.0,0.0
MA010120220813982996,5,5,0.4963084495488105,4.45,0.0,0.0
MA010120220813983107,5,0,0.0,0.0,1.0,0.0
MA010120220813984096,1,4,0.0984413453650533,4.3,1.0,0.0
MA010120220813984973,5,2,0.0184577522559474,3.7,1.0,0.0
MA010120220813986760,5,5,1.8949958982772763,4.23,1.0,0.0
MA010120220813987176,1,3,0.0676784249384741,4.845000000000001,1.0,0.0
MA010120220813987571,5,4,0.1251025430680886,0.0,1.0,0.0
MA010120220813988314,5,2,0.0225594749794913,4.654999999999999,1.0,0.0
MA010120220813988981,5,1,0.0020508613617719,5.0,1.0,0.0
MA010120220813989042,5,3,0.0574241181296144,3.49,1.0,0.0
MA010120220813993212,5,3,0.0471698113207547,4.8100000000000005,1.0,0.0
MA010120220813994310,5,2,0.0328137817883511,4.73,1.0,0.0
MA010120220813994854,1,0,0.0,0.0,1.0,0.0
MA010120220813994925,5,3,0.0697292863002461,4.445,1.0,1.0
MA010120220813996290,5,0,0.0,0.0,1.0,0.0
MA010120220813997887,5,1,0.0041017227235438,0.0,1.0,0.0
MA010120220813998236,1,1,0.0020508613617719,0.0,1.0,1.0
MA010120220813998343,5,1,0.0061525840853158,0.0,1.0,0.0
MA010120220813998605,1,2,0.0307629204265791,5.0,0.0,0.0
MA010120220813998684,5,2,0.0164068908941755,4.4,1.0,0.0
MA010120220813999906,5,4,0.0943396226415094,4.6,1.0,1.0
MA010120220814000425,5,0,0.0,0.0,1.0,0.0
MA010120220814002278,4,2,0.0205086136177194,3.0,1.0,0.0
MA010120220814002293,1,4,0.1579163248564397,4.6,0.0,0.0
MA010120220814002951,5,2,0.0205086136177194,4.495,1.0,1.0
MA010120220814002955,5,2,0.0225594749794913,4.09,1.0,0.0
MA010120220814003768,5,3,0.0820344544708777,4.885,1.0,0.0
MA010120220814004577,5,3,0.0758818703855619,2.815,1.0,0.0
MA010120220814004912,5,2,0.0225594749794913,4.6,1.0,0.0
MA010120220814005530,5,3,0.0451189499589827,4.25,1.0,1.0
MA010120220814006766,5,5,0.3712059064807219,4.51,1.0,1.0
MA010120220814006825,5,0,0.0,0.0,1.0,0.0
MA010120220814007232,1,5,0.6009023789991796,4.43,1.0,0.0
MA010120220814008494,5,5,0.6460213289581624,4.34,1.0,0.0
MA010120220814008682,5,1,0.0020508613617719,5.0,1.0,0.0
MA010120220814009038,5,3,0.0881870385561936,5.0,1.0,0.0
MA010120220814009133,5,2,0.0369155045118949,4.755,1.0,1.0
MA010120220814012747,5,4,0.1866283839212469,4.9,0.0,0.0
MA010120220814013431,5,1,0.0061525840853158,4.94,1.0,1.0
MA010120220814015098,4,3,0.0758818703855619,4.67,1.0,0.0
MA010120220814015142,5,5,1.437653814602133,4.09,1.0,0.0
MA010120220814015910,5,2,0.034864643150123,4.775,1.0,0.0
MA010120220814017443,5,1,0.0102543068088597,4.63,1.0,0.0
MA010120220814019498,5,5,1.7391304347826086,3.87,1.0,0.0
MA010120220814020179,5,4,0.2337981952420016,4.69,1.0,0.0
MA010120220814021078,5,4,0.1784249384741591,4.9,1.0,1.0
MA010120220814026148,5,2,0.0287120590648072,4.52,1.0,0.0
MA010120220814026747,5,5,0.2686628383921247,5.0,1.0,0.0
MA010120220814027587,4,3,0.0389663658736669,3.91,1.0,0.0
MA010120220814028107,5,4,0.1702214930270713,3.02,1.0,0.0
MA010120220814029693,1,0,0.0,0.0,1.0,0.0
MA010120220814030187,5,0,0.0,0.0,1.0,0.0
MA010120220814031124,5,2,0.0266611977030352,4.075,1.0,0.0
MA010120220814031278,5,3,0.0533223954060705,4.44,1.0,0.0
MA010120220814031563,5,3,0.0635767022149302,4.445,1.0,0.0
MA010120220814032148,5,1,0.0102543068088597,3.6,1.0,0.0
MA010120220814032286,5,4,0.1661197703035274,4.52,1.0,1.0
MA010120220814033721,5,5,1.396636587366694,4.0600000000000005,1.0,0.0
MA010120220814034247,5,4,0.1107465135356849,4.3,1.0,0.0
MA010120220814034353,5,4,0.0943396226415094,0.0,0.0,0.0
MA010120220814035969,5,5,0.5988515176374077,4.795,1.0,0.0
MA010120220814036361,4,1,0.0020508613617719,0.0,0.0,0.0
MA010120220814037769,5,4,0.2091878589007383,4.32,1.0,0.0
MA010120220814037978,5,3,0.0594749794913863,4.225,1.0,1.0
MA010120220814038596,5,3,0.0574241181296144,4.885,1.0,1.0
MA010120220814039405,5,5,0.365053322395406,4.07,1.0,0.0
MA010120220814039416,5,2,0.0225594749794913,4.0600000000000005,1.0,0.0
MA010120220814040125,5,4,0.2276456111566858,4.43,1.0,0.0
MA010120220814041411,5,2,0.0184577522559474,4.0,1.0,0.0
MA010120220814041639,5,5,0.7444626743232158,4.465,1.0,0.0
MA010120220814046238,5,2,0.0225594749794913,2.2,1.0,0.0
MA010120220814046249,5,5,0.328137817883511,3.905,1.0,0.0
MA010120220814046373,5,4,0.1517637407711238,4.7,,
MA010120220814046924,5,3,0.0779327317473338,2.0,1.0,0.0
MA010120220814050412,5,3,0.0635767022149302,4.56,1.0,0.0
MA010120220814052240,5,4,0.219442165709598,4.8100000000000005,1.0,0.0
MA010120220814052463,4,4,0.1886792452830188,4.925,1.0,1.0
MA010120220814053983,5,2,0.0225594749794913,4.41,1.0,0.0
MA010120220814054079,5,0,0.0,0.0,1.0,0.0
MA010120220814054128,5,0,0.0,0.0,0.0,0.0
MA010120220814054485,5,0,0.0,0.0,1.0,0.0
MA010120220814054659,5,2,0.0266611977030352,5.0,1.0,0.0
MA010120220814055710,5,3,0.0512715340442986,3.0,0.0,1.0
MA010120220814056614,5,4,0.1189499589827727,4.965,1.0,0.0
MA010120220814056703,5,1,0.0082034454470877,4.3,1.0,0.0
MA010120220814057226,5,4,0.108695652173913,0.0,1.0,0.0
MA010120220814057230,5,5,1.357670221493027,4.525,0.0,1.0
MA010120220814057562,5,2,0.0164068908941755,4.3,0.0,0.0
MA010120220814058869,5,1,0.0061525840853158,0.0,1.0,0.0
MA010120220814059689,5,3,0.0471698113207547,3.2,0.0,0.0
MA010120220814061785,5,5,1.5771123872026251,4.415,0.0,0.0
MA010120220814062388,5,5,0.2707136997538966,4.06,1.0,0.0
MA010120220814066654,5,1,0.0102543068088597,4.0,1.0,0.0
MA010120220814067839,5,4,0.1025430680885972,3.0,0.0,0.0
MA010120220814067845,5,5,1.152584085315833,0.0,1.0,0.0
MA010120220814068988,5,2,0.0287120590648072,4.42,0.0,1.0
MA010120220814070335,5,5,0.7567678424938474,4.61,1.0,0.0
MA010120220814070924,5,1,0.0143560295324036,4.359999999999999,0.0,0.0
MA010120220814071040,1,5,1.5340442986054144,4.455,1.0,0.0
MA010120220814071300,5,2,0.0246103363412633,5.0,1.0,0.0
MA010120220814071683,5,0,0.0,0.0,1.0,0.0
MA010120220814072448,4,1,0.0143560295324036,3.3,1.0,0.0
MA010120220814073135,5,3,0.0902378999179655,4.1,0.0,0.0
MA010120220814073263,5,5,1.359721082854799,4.38,1.0,0.0
MA010120220814074429,5,1,0.0061525840853158,3.515,1.0,0.0
MA010120220814074648,5,4,0.256357670221493,4.7,1.0,0.0
MA010120220814074740,5,4,0.1435602953240361,4.345,1.0,0.0
MA010120220814074840,5,0,0.0,0.0,0.0,0.0
MA010120220814077903,5,5,1.0500410172272354,3.705,1.0,0.0
MA010120220814078041,5,4,0.1886792452830188,4.494999999999999,1.0,0.0
MA010120220814078194,5,1,0.0061525840853158,5.0,1.0,0.0
MA010120220814078318,5,1,0.0041017227235438,0.0,1.0,0.0
MA010120220814079272,5,0,0.0,0.0,1.0,0.0
MA010120220814082858,5,5,1.2284659557013946,4.46,1.0,0.0
MA010120220814084821,5,2,0.0328137817883511,5.0,1.0,0.0
MA010120220814085021,5,1,0.0020508613617719,4.69,1.0,0.0
MA010120220814085384,5,2,0.0184577522559474,4.7,1.0,0.0
MA010120220814085547,5,1,0.0082034454470877,3.45,1.0,0.0
MA010120220814085594,5,2,0.0246103363412633,5.0,1.0,0.0
MA010120220814087366,5,3,0.0594749794913863,4.165,1.0,1.0
MA010120220814090403,5,3,0.0840853158326497,3.5700000000000003,1.0,0.0
MA010120220814090613,5,5,0.5393765381460213,4.2,1.0,1.0
MA010120220814091061,5,1,0.0020508613617719,4.41,1.0,0.0
MA010120220814091526,5,3,0.0430680885972108,4.035,1.0,0.0
MA010120220814092028,5,4,0.0984413453650533,4.605,1.0,1.0
MA010120220814092380,5,3,0.0635767022149302,2.2,0.0,0.0
MA010120220814093272,5,2,0.0246103363412633,3.0,1.0,0.0
MA010120220814094605,5,0,0.0,0.0,0.0,0.0
MA010120220814095448,5,4,0.2296964725184577,4.3,1.0,0.0
MA010120220814096397,5,2,0.0287120590648072,4.355,1.0,0.0
MA010120220814096527,5,4,0.1271534044298605,4.220000000000001,1.0,0.0
MA010120220814097015,5,0,0.0,0.0,1.0,0.0
MA010120220814097329,5,2,0.0287120590648072,4.68,1.0,0.0
MA010120220814098004,5,2,0.0225594749794913,4.745,1.0,0.0
MA010120220814100495,5,1,0.0082034454470877,3.7,1.0,0.0
MA010120220814100801,5,3,0.0779327317473338,4.2,1.0,0.0
MA010120220814101533,5,5,0.3589007383100903,4.295,1.0,1.0
MA010120220814102337,5,5,1.10746513535685,4.475,1.0,0.0
MA010120220814102456,5,0,0.0,0.0,1.0,0.0
MA010120220814102696,5,1,0.0143560295324036,4.734999999999999,1.0,0.0
MA010120220814103923,5,0,0.0,0.0,1.0,0.0
MA010120220814104612,5,1,0.0020508613617719,4.39,1.0,1.0
MA010120220814105356,5,5,0.3076292042657916,0.0,1.0,1.0
MA010120220814105661,5,1,0.0123051681706316,4.465,1.0,0.0
MA010120220814106376,5,4,0.254306808859721,3.36,1.0,0.0
MA010120220814106411,5,1,0.0143560295324036,3.5700000000000003,0.0,1.0
MA010120220814106981,5,2,0.0225594749794913,4.36,0.0,1.0
MA010120220814107280,5,5,0.8736669401148482,3.3,0.0,0.0
MA010120220814109822,5,3,0.0779327317473338,3.105,1.0,0.0
MA010120220814109950,5,1,0.0082034454470877,5.0,1.0,0.0
MA010120220814110828,5,4,0.1702214930270713,4.84,1.0,0.0
MA010120220814112096,5,3,0.0430680885972108,4.105,1.0,0.0
MA010120220814113115,5,5,0.406070549630845,4.1,1.0,0.0
MA010120220814115384,5,5,0.586546349466776,4.155,1.0,0.0
MA010120220814115504,5,3,0.0533223954060705,4.3,1.0,0.0
MA010120220814115583,5,3,0.0389663658736669,4.34,1.0,0.0
MA010120220814115739,5,4,0.0922887612797374,4.630000000000001,1.0,0.0
MA010120220814116520,5,1,0.0143560295324036,4.75,1.0,0.0
MA010120220814117599,5,4,0.2255947497949138,3.805,1.0,1.0
MA010120220814118795,5,0,0.0,0.0,1.0,0.0
MA010120220814120797,5,2,0.0205086136177194,4.0,1.0,0.0
MA010120220814121055,5,0,0.0,0.0,1.0,0.0
MA010120220814121492,5,4,0.1866283839212469,4.675,1.0,0.0
MA010120220814122603,5,4,0.1251025430680886,4.55,1.0,0.0
MA010120220814123006,5,4,0.1394585726004922,0.0,1.0,1.0
MA010120220814124659,1,2,0.0246103363412633,0.0,1.0,0.0
MA010120220814124879,5,4,0.254306808859721,4.5,1.0,0.0
MA010120220814125829,5,5,1.5073831009023788,4.6,1.0,0.0
MA010120220814126063,4,0,0.0,4.38,1.0,0.0
MA010120220814126921,5,2,0.034864643150123,5.0,1.0,0.0
MA010120220814129815,5,0,0.0,0.0,1.0,0.0
MA010120220814131733,5,4,0.0963904840032813,0.0,1.0,0.0
MA010120220814132780,5,3,0.0574241181296144,3.54,1.0,0.0
MA010120220814133648,5,1,0.0123051681706316,4.0,1.0,1.0
MA010120220814133676,5,1,0.0143560295324036,0.0,1.0,0.0
MA010120220814136847,5,1,0.0143560295324036,3.3,1.0,0.0
MA010120220814137080,5,2,0.0205086136177194,3.5,1.0,0.0
MA010120220814138033,5,0,0.0,0.0,1.0,0.0
MA010120220814140522,5,3,0.0492206726825266,2.6,1.0,0.0
MA010120220814141129,5,5,1.0931091058244462,0.0,0.0,0.0
MA010120220814143494,5,3,0.0410172272354388,4.6,1.0,0.0
MA010120220814143828,5,5,0.7198523379819524,4.59,1.0,0.0
MA010120220814144116,5,3,0.0512715340442986,3.7,1.0,0.0
MA010120220814144804,4,3,0.0471698113207547,4.885,1.0,0.0
MA010120220814144964,5,5,0.6214109926168991,4.63,0.0,1.0
MA010120220814145226,5,0,0.0,0.0,1.0,0.0
MA010120220814145908,5,0,0.0,0.0,1.0,0.0
MA010120220814150471,5,5,0.4634946677604594,4.82,1.0,1.0
MA010120220814152484,5,2,0.0225594749794913,4.73,1.0,0.0
MA010120220814152771,5,4,0.2091878589007383,3.62,1.0,1.0
MA010120220814153298,5,0,0.0,0.0,1.0,0.0
MA010120220814154056,5,5,0.5209187858900739,4.77,1.0,1.0
MA010120220814154256,5,2,0.0246103363412633,0.0,1.0,0.0
MA010120220814155046,5,3,0.0389663658736669,2.5,1.0,0.0
MA010120220814156342,5,5,0.5762920426579163,4.8,1.0,0.0
MA010120220814157588,4,0,0.0,0.0,0.0,0.0
MA010120220814157948,1,3,0.0389663658736669,4.0,1.0,0.0
MA010120220814158379,4,0,0.0,0.0,0.0,0.0
MA010120220814159193,5,3,0.0758818703855619,4.8,1.0,0.0
MA010120220814159316,5,5,0.5906480721903199,3.8,1.0,1.0
MA010120220814160942,5,2,0.0184577522559474,4.6,1.0,0.0
MA010120220814161479,5,3,0.0594749794913863,4.4,1.0,0.0
MA010120220814162465,5,5,0.7321575061525841,4.085,1.0,0.0
MA010120220814163136,5,2,0.034864643150123,3.015,1.0,0.0
MA010120220814163159,5,4,0.1907301066447908,3.3,1.0,0.0
MA010120220814163323,5,2,0.0246103363412633,3.0,1.0,0.0
MA010120220814164042,5,5,0.6890894175553732,4.6,1.0,1.0
MA010120220814165145,5,5,1.394585726004922,0.0,1.0,0.0
MA010120220814165642,5,5,0.625512715340443,4.465,1.0,0.0
MA010120220814166738,5,1,0.0102543068088597,4.875,1.0,0.0
MA010120220814167083,5,4,0.2235438884331419,4.135,1.0,0.0
MA010120220814167632,5,0,0.0,0.0,1.0,0.0
MA010120220814170358,5,5,1.0028712059064806,3.2,1.0,0.0
MA010120220814170727,4,3,0.0430680885972108,3.4,1.0,0.0
MA010120220814170885,5,2,0.0246103363412633,4.8,1.0,0.0
MA010120220814171194,5,2,0.0225594749794913,4.57,1.0,0.0
MA010120220814171205,5,1,0.0123051681706316,4.59,1.0,1.0
MA010120220814171903,5,3,0.071780147662018,4.08,1.0,0.0
MA010120220814174617,5,1,0.0123051681706316,5.0,0.0,1.0
MA010120220814175936,5,4,0.1681706316652994,4.605,1.0,0.0
MA010120220814177739,5,0,0.0,0.0,1.0,0.0
MA010120220814179435,5,4,0.1784249384741591,3.7,1.0,0.0
MA010120220814180094,5,0,0.0,0.0,1.0,0.0
MA010120220814181115,5,4,0.1251025430680886,4.58,1.0,1.0
MA010120220814181116,5,0,0.0,0.0,1.0,0.0
MA010120220814181122,5,2,0.0205086136177194,4.3,1.0,0.0
MA010120220814181622,5,4,0.1127973748974569,4.82,0.0,0.0
MA010120220814182845,5,3,0.0779327317473338,0.0,0.0,0.0
MA010120220814183181,5,1,0.0082034454470877,4.0,1.0,0.0
MA010120220814185754,5,4,0.0943396226415094,0.0,1.0,0.0
MA010120220814185811,5,4,0.0984413453650533,5.0,1.0,0.0
MA010120220814186271,5,5,0.9474979491386382,4.725,1.0,0.0
MA010120220814190468,1,0,0.0,0.0,1.0,0.0
MA010120220814190872,5,4,0.2050861361771944,0.0,1.0,0.0
MA010120220814190968,5,2,0.0266611977030352,4.26,1.0,0.0
MA010120220814190974,5,5,1.8129614438063988,4.2,1.0,1.0
MA010120220814191038,5,2,0.0369155045118949,3.3,1.0,0.0
MA010120220814191057,5,4,0.1333059885151763,0.0,1.0,0.0
MA010120220814191377,5,3,0.0410172272354388,5.0,1.0,0.0
MA010120220814191441,1,0,0.0,0.0,1.0,0.0
MA010120220814191755,5,4,0.219442165709598,5.0,1.0,0.0
MA010120220814193356,5,2,0.0287120590648072,0.0,1.0,0.0
MA010120220814193605,5,2,0.0369155045118949,3.8,0.0,0.0
MA010120220814194875,5,4,0.2091878589007383,3.2,1.0,0.0
MA010120220814195442,5,4,0.1353568498769483,0.0,1.0,0.0
MA010120220814198616,5,4,0.2235438884331419,3.2,1.0,1.0
MA010120220814200169,5,2,0.0287120590648072,2.8,1.0,0.0
MA010120220814202560,5,4,0.1517637407711238,3.4850000000000003,1.0,0.0
MA010120220814203212,5,3,0.0492206726825266,4.29,1.0,0.0
MA010120220814204047,5,3,0.0615258408531583,4.79,1.0,1.0
MA010120220814204671,5,0,0.0,0.0,0.0,0.0
MA010120220814205655,5,4,0.1497128794093519,4.8,1.0,1.0
MA010120220814205857,5,0,0.0,0.0,1.0,0.0
MA010120220814207264,5,0,0.0,0.0,1.0,0.0
MA010120220814207290,5,0,0.0,0.0,1.0,0.0
MA010120220814208579,5,0,0.0,0.0,1.0,0.0
MA010120220814209008,5,3,0.0533223954060705,3.265,1.0,0.0
MA010120220814213104,5,2,0.0287120590648072,0.0,1.0,1.0
MA010120220814214343,5,3,0.0451189499589827,4.32,1.0,1.0
MA010120220814215772,5,3,0.0389663658736669,4.265000000000001,1.0,0.0
MA010120220814216407,5,2,0.0184577522559474,5.0,1.0,0.0
MA010120220814216790,5,0,0.0,0.0,1.0,0.0
MA010120220814220461,5,3,0.0451189499589827,4.305,1.0,0.0
MA010120220814220471,4,2,0.0287120590648072,0.0,1.0,0.0
MA010120220814220522,5,1,0.0020508613617719,4.5,1.0,0.0
MA010120220814220955,1,5,0.4716981132075472,4.9,1.0,1.0
MA010120220814222502,5,4,0.254306808859721,5.0,1.0,0.0
MA010120220814222643,5,1,0.0102543068088597,5.0,1.0,0.0
MA010120220814222987,5,1,0.0061525840853158,4.7,1.0,0.0
MA010120220814224048,5,2,0.0246103363412633,0.0,1.0,0.0
MA010120220814224784,1,4,0.1435602953240361,4.8,1.0,1.0
MA010120220814225392,5,2,0.0164068908941755,4.635,1.0,0.0
MA010120220814226393,5,4,0.1476620180475799,3.3,1.0,1.0
MA010120220814227407,1,0,0.0,4.38,1.0,0.0
MA010120220814228456,5,4,0.1148482362592288,3.425,1.0,0.0
MA010120220814228547,1,3,0.0389663658736669,0.0,1.0,0.0
MA010120220814228774,5,0,0.0,0.0,0.0,0.0
MA010120220814229913,5,2,0.034864643150123,3.7,1.0,0.0
MA010120220814230433,5,2,0.0307629204265791,2.765,1.0,0.0
MA010120220814230739,5,5,0.6173092698933552,4.08,1.0,0.0
MA010120220814231386,5,5,0.3199343724364233,3.565,0.0,0.0
MA010120220814232627,5,4,0.1230516817063166,4.335,0.0,0.0
MA010120220814232875,5,2,0.034864643150123,4.69,1.0,0.0
MA010120220814234054,5,2,0.0184577522559474,4.734999999999999,1.0,0.0
MA010120220814234202,5,3,0.0779327317473338,3.44,1.0,0.0
MA010120220814234351,5,3,0.0594749794913863,3.675,1.0,0.0
MA010120220814234420,5,5,0.586546349466776,0.0,1.0,0.0
MA010120220814238892,5,1,0.0020508613617719,4.23,1.0,0.0
MA010120220814240158,4,5,0.2645611156685807,4.04,0.0,0.0
MA010120220814240883,5,0,0.0,0.0,0.0,0.0
MA010120220814241034,5,5,0.6972928630024611,0.0,1.0,0.0
MA010120220814241404,5,3,0.0533223954060705,4.845000000000001,0.0,0.0
MA010120220814241582,5,3,0.0410172272354388,3.7,1.0,0.0
MA010120220814242225,5,5,0.2850697292863002,0.0,1.0,1.0
MA010120220814242607,5,1,0.0082034454470877,4.415,1.0,1.0
MA010120220814242779,4,0,0.0,0.0,1.0,0.0
MA010120220814243676,5,5,0.3999179655455291,4.82,1.0,0.0
MA010120220814246224,5,2,0.0184577522559474,4.68,1.0,0.0
MA010120220814250103,5,0,0.0,0.0,0.0,0.0
MA010120220814251077,5,1,0.0123051681706316,4.6,1.0,0.0
MA010120220814251586,5,4,0.219442165709598,4.1,1.0,0.0
MA010120220814252810,5,4,0.1538146021328958,3.5,1.0,1.0
MA010120220814252824,5,2,0.0307629204265791,4.755,1.0,0.0
MA010120220814253356,1,0,0.0,4.4,1.0,0.0
MA010120220814253839,5,0,0.0,0.0,1.0,0.0
MA010120220814254097,5,3,0.0533223954060705,3.705,1.0,0.0
MA010120220814254317,5,5,0.3835110746513536,4.645,1.0,0.0
MA010120220814255473,5,4,0.0984413453650533,4.0,1.0,0.0
MA010120220814255689,5,0,0.0,0.0,1.0,0.0
MA010120220814256514,4,0,0.0,0.0,1.0,0.0
MA010120220814258336,5,3,0.0758818703855619,4.4,1.0,0.0
MA010120220814258841,5,0,0.0,0.0,1.0,0.0
MA010120220814261663,5,2,0.034864643150123,3.1,1.0,0.0
MA010120220814261946,5,3,0.0533223954060705,0.0,1.0,0.0
MA010120220814262975,5,3,0.0615258408531583,4.705,1.0,0.0
MA010120220814263588,4,1,0.0020508613617719,4.14,1.0,1.0
MA010120220814264936,5,5,0.4429860541427399,4.63,1.0,1.0
MA010120220814266487,5,3,0.0574241181296144,4.525,1.0,1.0
MA010120220814266570,5,4,0.1435602953240361,4.105,1.0,0.0
MA010120220814266911,1,0,0.0,0.0,1.0,0.0
MA010120220814268433,5,2,0.0266611977030352,4.83,1.0,0.0
MA010120220814269204,5,4,0.0922887612797374,4.62,1.0,1.0
MA010120220814269484,5,5,0.2645611156685807,0.0,1.0,0.0
MA010120220814269779,5,5,1.2571780147662015,4.605,1.0,1.0
MA010120220814271095,5,3,0.0410172272354388,4.2,1.0,0.0
MA010120220814271105,5,5,0.9454470877768664,4.51,1.0,0.0
MA010120220814271699,5,3,0.0451189499589827,4.275,0.0,1.0
MA010120220814272176,5,4,0.1722723543888433,4.415,1.0,0.0
MA010120220814273562,5,1,0.0082034454470877,4.68,1.0,1.0
MA010120220814274820,5,3,0.0471698113207547,5.0,1.0,1.0
MA010120220814275751,5,4,0.1661197703035274,4.435,1.0,0.0
MA010120220814278267,5,4,0.1661197703035274,4.12,1.0,0.0
MA010120220814280372,5,5,0.660377358490566,4.16,0.0,0.0
MA010120220814283531,5,2,0.0164068908941755,4.615,1.0,0.0
MA010120220814285223,5,4,0.1353568498769483,4.8,1.0,0.0
MA010120220814285467,5,1,0.0020508613617719,4.0,1.0,0.0
MA010120220814285590,5,5,1.173092698933552,3.805,1.0,1.0
MA010120220814285958,5,0,0.0,0.0,0.0,0.0
MA010120220814289425,5,4,0.1948318293683347,4.135,1.0,0.0
MA010120220814292102,5,3,0.0635767022149302,2.96,1.0,0.0
MA010120220814292881,5,1,0.0082034454470877,4.805,1.0,0.0
MA010120220814294836,1,0,0.0,4.56,1.0,1.0
MA010120220814295407,5,2,0.0184577522559474,4.035,1.0,0.0
MA010120220814296974,5,0,0.0,0.0,0.0,0.0
MA010120220814297702,5,5,0.3219852337981952,4.35,1.0,0.0
MA010120220814300555,5,3,0.0574241181296144,2.7,1.0,0.0
MA010120220814300897,5,1,0.0041017227235438,5.0,1.0,0.0
MA010120220814301350,5,0,0.0,0.0,0.0,0.0
MA010120220814302083,5,2,0.0164068908941755,4.375,1.0,0.0
MA010120220814302419,5,4,0.2050861361771944,2.8,1.0,0.0
MA010120220814303331,5,2,0.0225594749794913,0.0,1.0,0.0
MA010120220814303863,5,1,0.0020508613617719,4.28,1.0,0.0
MA010120220814304333,5,3,0.071780147662018,4.445,1.0,0.0
MA010120220814306097,5,4,0.2050861361771944,3.065,1.0,0.0
MA010120220814307735,5,4,0.0922887612797374,2.3,1.0,0.0
MA010120220814309317,5,3,0.0492206726825266,4.7,1.0,0.0
MA010120220814309870,1,3,0.0676784249384741,4.4,0.0,0.0
MA010120220814310325,5,1,0.0061525840853158,4.8,1.0,0.0
MA010120220814311034,5,1,0.0020508613617719,5.0,1.0,0.0
MA010120220814311283,5,3,0.0389663658736669,3.355,1.0,0.0
MA010120220814313538,5,1,0.0041017227235438,4.83,1.0,0.0
MA010120220814313650,5,3,0.071780147662018,4.07,0.0,0.0
MA010120220814314363,5,3,0.0758818703855619,4.3,1.0,1.0
MA010120220814314816,5,5,1.585315832649713,3.5,1.0,1.0
MA010120220814315983,4,1,0.0041017227235438,3.0,1.0,0.0
MA010120220814316129,5,5,1.833470057424118,3.785,1.0,0.0
MA010120220814316300,5,0,0.0,0.0,1.0,0.0
MA010120220814316489,5,4,0.1989335520918786,4.41,1.0,0.0
MA010120220814316634,5,0,0.0,0.0,1.0,0.0
MA010120220814316872,1,0,0.0,0.0,1.0,0.0
MA010120220814318091,5,5,0.2686628383921247,4.0,1.0,1.0
MA010120220814319092,5,2,0.0287120590648072,4.52,1.0,1.0
MA010120220814319264,5,1,0.0143560295324036,5.0,1.0,0.0
MA010120220814319329,5,1,0.0041017227235438,0.0,1.0,0.0
MA010120220814319949,5,2,0.0246103363412633,3.0,1.0,0.0
MA010120220814320343,5,1,0.0143560295324036,3.4,1.0,0.0
MA010120220814320466,5,3,0.0861361771944216,4.67,1.0,0.0
MA010120220814321717,5,0,0.0,0.0,1.0,0.0
MA010120220814321942,5,5,1.394585726004922,4.645,1.0,0.0
MA010120220814322122,5,1,0.0041017227235438,2.0,1.0,0.0
MA010120220814322142,5,1,0.0061525840853158,4.775,1.0,0.0
MA010120220814322449,5,2,0.0287120590648072,4.215,1.0,0.0
MA010120220814323423,5,4,0.1333059885151763,5.0,,
MA010120220814324059,1,2,0.0307629204265791,0.0,1.0,0.0
MA010120220814326755,1,0,0.0,0.0,0.0,0.0
MA010120220814328784,5,0,0.0,0.0,1.0,0.0
MA010120220814329046,5,2,0.0205086136177194,4.665,1.0,0.0
MA010120220814329148,5,3,0.0615258408531583,4.5,1.0,1.0
MA010120220814329271,5,0,0.0,0.0,1.0,0.0
MA010120220814329761,5,4,0.2132895816242822,4.59,1.0,0.0
MA010120220814329856,5,2,0.0328137817883511,2.655,1.0,0.0
MA010120220814330407,5,4,0.2255947497949138,4.695,1.0,1.0
MA010120220814330545,5,2,0.0164068908941755,4.6,1.0,0.0
MA010120220814330726,5,3,0.0574241181296144,3.155,1.0,0.0
MA010120220814330876,5,5,1.3084495488105006,3.935,1.0,0.0
MA010120220814331053,5,2,0.0205086136177194,3.84,1.0,0.0
MA010120220814331232,5,2,0.0328137817883511,3.4,1.0,0.0
MA010120220814331502,5,5,1.5135356849876949,0.0,1.0,1.0
MA010120220814332622,5,1,0.0020508613617719,0.0,1.0,0.0
MA010120220814334192,5,3,0.0738310090237899,4.6,1.0,0.0
MA010120220814334604,5,3,0.0656275635767022,4.3100000000000005,1.0,0.0
MA010120220814335223,5,4,0.1681706316652994,3.6,0.0,0.0
MA010120220814335796,5,0,0.0,0.0,1.0,0.0
MA010120220814335806,5,0,0.0,0.0,1.0,0.0
MA010120220814337165,5,2,0.0369155045118949,3.1,1.0,1.0
MA010120220814337194,5,2,0.0246103363412633,3.865,1.0,0.0
MA010120220814337580,5,3,0.0615258408531583,0.0,0.0,0.0
MA010120220814338014,5,1,0.0020508613617719,4.765000000000001,1.0,0.0
MA010120220814338514,5,4,0.1045939294503691,4.3,1.0,1.0
MA010120220814339253,5,5,0.4306808859721083,0.0,1.0,0.0
MA010120220814339484,5,4,0.1845775225594749,0.0,1.0,0.0
MA010120220814340254,4,1,0.0143560295324036,0.0,1.0,0.0
MA010120220814340743,5,1,0.0102543068088597,3.345,1.0,1.0
MA010120220814341052,5,4,0.1025430680885972,3.7,1.0,0.0
MA010120220814341701,5,0,0.0,0.0,0.0,0.0
MA010120220814344469,5,5,0.293273174733388,4.1,1.0,0.0
MA010120220814345041,5,5,0.9659557013945858,4.470000000000001,0.0,0.0
MA010120220814345447,1,0,0.0,0.0,0.0,0.0
MA010120220814345639,5,0,0.0,0.0,1.0,0.0
MA010120220814347940,5,1,0.0143560295324036,5.0,1.0,0.0
MA010120220814348210,5,0,0.0,0.0,0.0,0.0
MA010120220814348386,5,3,0.0799835931091058,3.225,1.0,1.0
MA010120220814349270,5,1,0.0020508613617719,4.53,0.0,0.0
MA010120220814351672,5,3,0.0594749794913863,5.0,1.0,0.0
MA010120220814353242,5,0,0.0,4.26,0.0,0.0
MA010120220814354041,5,2,0.0307629204265791,4.89,1.0,1.0
MA010120220814354407,5,1,0.0041017227235438,5.0,1.0,0.0
MA010120220814354744,5,2,0.0287120590648072,5.0,1.0,1.0
MA010120220814358318,5,4,0.2112387202625102,4.37,1.0,0.0
MA010120220814361072,5,4,0.1189499589827727,3.5,1.0,1.0
MA010120220814361694,5,5,0.3158326497128794,4.59,1.0,1.0
MA010120220814361926,5,2,0.0225594749794913,3.595,1.0,0.0
MA010120220814362117,5,4,0.2399507793273174,0.0,1.0,0.0
MA010120220814362892,5,5,0.8654634946677604,4.69,1.0,0.0
MA010120220814363176,5,5,0.5250205086136177,4.734999999999999,1.0,0.0
MA010120220814363610,1,3,0.0676784249384741,5.0,1.0,1.0
MA010120220814364136,5,5,0.2604593929450369,4.3100000000000005,1.0,1.0
MA010120220814364178,5,2,0.0205086136177194,3.25,1.0,0.0
MA010120220814364274,5,2,0.0287120590648072,4.84,1.0,0.0
MA010120220814365491,5,0,0.0,0.0,0.0,0.0
MA010120220814365603,5,0,0.0,0.0,1.0,0.0
MA010120220814366859,5,0,0.0,0.0,1.0,0.0
MA010120220814367262,5,3,0.0451189499589827,4.725,1.0,1.0
MA010120220814367714,5,4,0.1353568498769483,4.4,1.0,0.0
MA010120220814369231,5,3,0.0512715340442986,0.0,1.0,0.0
MA010120220814369600,5,0,0.0,0.0,0.0,0.0
MA010120220814371492,5,1,0.0041017227235438,3.0,1.0,0.0
MA010120220814371799,5,3,0.0615258408531583,0.0,1.0,0.0
MA010120220814373589,5,5,0.367104183757178,4.3,0.0,0.0
MA010120220814374006,5,2,0.0266611977030352,3.7,1.0,1.0
MA010120220814374132,5,1,0.0082034454470877,4.5,1.0,0.0
MA010120220814374338,5,2,0.0184577522559474,4.0,0.0,0.0
MA010120220814375325,5,0,0.0,0.0,1.0,0.0
MA010120220814375726,1,1,0.0082034454470877,0.0,1.0,0.0
MA010120220814376938,5,2,0.0184577522559474,0.0,0.0,0.0
MA010120220814378130,5,2,0.0266611977030352,4.2,1.0,0.0
MA010120220814378887,5,2,0.0328137817883511,3.2,1.0,0.0
MA010120220814379708,5,0,0.0,4.52,1.0,0.0
MA010120220814380892,5,1,0.0143560295324036,4.9,1.0,0.0
MA010120220814381273,5,2,0.0369155045118949,4.03,1.0,1.0
MA010120220814382387,5,2,0.0225594749794913,4.13,1.0,0.0
MA010120220814383023,5,3,0.0656275635767022,4.47,1.0,0.0
MA010120220814383131,5,3,0.071780147662018,5.0,1.0,1.0
MA010120220814383277,5,4,0.0922887612797374,4.59,1.0,0.0
MA010120220814383371,5,4,0.1210008203445447,4.7,1.0,0.0
MA010120220814383830,5,2,0.0205086136177194,0.0,1.0,0.0
MA010120220814384278,5,0,0.0,0.0,1.0,0.0
MA010120220814384455,5,4,0.1292042657916325,3.835,1.0,0.0
MA010120220814384911,5,0,0.0,0.0,1.0,0.0
MA010120220814388375,5,5,0.4655455291222313,3.805,1.0,0.0
MA010120220814388611,5,2,0.0266611977030352,4.0,1.0,0.0
MA010120220814389343,5,1,0.0082034454470877,3.0,0.0,0.0
MA010120220814390123,5,1,0.0102543068088597,5.0,1.0,1.0
MA010120220814390825,5,3,0.0615258408531583,4.1,1.0,1.0
MA010120220814394834,5,4,0.1210008203445447,3.84,1.0,1.0
MA010120220814395136,5,0,0.0,0.0,1.0,0.0
MA010120220814395181,5,0,0.0,0.0,1.0,0.0
MA0101202209A0000721,5,3,0.0533223954060705,5.0,1.0,0.0
MA0101202209A0000933,1,1,0.0143560295324036,5.0,1.0,0.0
MA0101202209A0001496,1,1,0.0020508613617719,3.7,0.0,1.0
MA0101202209A0002076,5,0,0.0,0.0,1.0,0.0
MA0101202209A0002284,5,5,1.1259228876127974,4.1,1.0,0.0
MA0101202209A0002457,5,4,0.1107465135356849,4.0,1.0,0.0
MA0101202209A0002927,1,3,0.071780147662018,0.0,1.0,0.0
MA0101202209A0002962,5,5,0.5475799835931091,4.76,1.0,0.0
MA0101202209A0003106,1,4,0.1681706316652994,4.74,1.0,0.0
MA0101202209A0007850,5,3,0.0799835931091058,3.085,1.0,0.0
MA0101202209A0008421,5,0,0.0,0.0,1.0,0.0
MA0101202209A0008618,1,3,0.0451189499589827,4.46,1.0,0.0
MA0101202209A0008808,5,3,0.0840853158326497,5.0,1.0,1.0
MA0101202209A0009235,1,2,0.0307629204265791,0.0,1.0,1.0
MA0101202209A0009916,5,2,0.0287120590648072,2.1,1.0,0.0
MA0101202209A0010101,5,3,0.0389663658736669,4.7,1.0,0.0
MA0101202209A0012110,5,5,1.6714520098441346,2.7,0.0,0.0
MA0101202209A0013462,5,5,0.5270713699753897,4.42,1.0,1.0
MA0101202209A0013654,5,3,0.0799835931091058,5.0,1.0,0.0
MA0101202209A0014050,5,3,0.0389663658736669,5.0,1.0,0.0
MA0101202209A0016415,5,2,0.0205086136177194,3.0,1.0,0.0
MA0101202209A0017323,5,2,0.0369155045118949,4.2,1.0,1.0
MA0101202209A0019732,5,0,0.0,0.0,0.0,0.0
MA0101202209A0019751,5,1,0.0123051681706316,3.395,1.0,1.0
MA0101202209A0019828,5,2,0.0266611977030352,5.0,1.0,0.0
MA0101202209A0020019,5,1,0.0020508613617719,0.0,1.0,0.0
MA0101202209A0020125,1,4,0.217391304347826,4.7,1.0,1.0
MA0101202209A0020316,5,3,0.0471698113207547,2.7,0.0,0.0
MA0101202209A0020322,5,5,0.7301066447908121,4.4,1.0,1.0
MA0101202209A0021647,5,4,0.2502050861361772,4.4,0.0,1.0
MA0101202209A0021984,1,1,0.0102543068088597,5.0,0.0,0.0
MA0101202209A0022071,1,0,0.0,0.0,1.0,0.0
MA0101202209A0022180,1,1,0.0041017227235438,5.0,1.0,0.0
MA0101202209A0022776,5,2,0.0307629204265791,5.0,1.0,0.0
MA0101202209A0022868,1,4,0.2255947497949138,4.14,0.0,0.0
MA0101202209A0023384,5,5,0.5803937653814603,4.395,1.0,0.0
MA0101202209A0024000,5,2,0.0369155045118949,4.3,1.0,0.0
MA0101202209A0024790,5,2,0.0266611977030352,4.0,1.0,0.0
MA0101202209A0025004,5,1,0.0102543068088597,3.0,0.0,0.0
MA0101202209A0025495,4,0,0.0,0.0,1.0,0.0
MA0101202209A0025742,5,2,0.0184577522559474,3.2,1.0,0.0
MA0101202209A0026334,5,2,0.0205086136177194,5.0,1.0,0.0
MA0101202209A0026450,1,0,0.0,0.0,0.0,0.0
MA0101202209A0026829,4,2,0.034864643150123,3.675,1.0,1.0
MA0101202209A0030966,5,0,0.0,0.0,1.0,0.0
MA0101202209A0031083,5,2,0.0266611977030352,3.415,1.0,0.0
MA0101202209A0035690,5,1,0.0143560295324036,5.0,1.0,0.0
MA0101202209A0035981,5,3,0.0533223954060705,4.720000000000001,1.0,0.0
MA0101202209A0035997,5,1,0.0041017227235438,5.0,1.0,0.0
MA0101202209A0036931,5,4,0.1107465135356849,5.0,1.0,0.0
MA0101202209A0037079,5,2,0.0184577522559474,5.0,1.0,1.0
MA0101202209A0037644,5,1,0.0020508613617719,0.0,1.0,1.0
MA0101202209A0037864,5,2,0.0184577522559474,4.585,1.0,0.0
MA0101202209A0038723,5,2,0.0307629204265791,4.37,1.0,0.0
MA0101202209A0039356,5,5,0.5127153404429861,4.6,0.0,0.0
MA0101202209A0040113,5,1,0.0102543068088597,0.0,1.0,1.0
MA0101202209A0040561,1,2,0.0225594749794913,4.3,1.0,0.0
MA0101202209A0040788,1,0,0.0,0.0,0.0,0.0
MA0101202209A0040908,5,4,0.1476620180475799,3.0,1.0,1.0
MA0101202209A0040979,5,2,0.0266611977030352,4.8,1.0,0.0
MA0101202209A0041980,5,2,0.0205086136177194,5.0,1.0,1.0
MA0101202209A0042449,5,3,0.0430680885972108,5.0,0.0,0.0
MA0101202209A0042660,1,3,0.0389663658736669,0.0,1.0,0.0
MA0101202209A0043564,1,5,0.3958162428219852,0.0,0.0,0.0
MA0101202209A0044030,1,4,0.1640689089417555,0.0,0.0,0.0
MA0101202209A0044232,5,2,0.0287120590648072,3.8,1.0,1.0
MA0101202209A0044265,5,1,0.0061525840853158,0.0,0.0,0.0
MA0101202209A0044806,1,5,0.51681706316653,4.4,1.0,0.0
MA0101202209A0045489,5,0,0.0,0.0,1.0,0.0
MA0101202209A0048265,5,1,0.0020508613617719,4.77,1.0,0.0
MA0101202209A0049182,5,1,0.0020508613617719,0.0,1.0,0.0
MA0101202209A0049646,5,5,1.5032813781788352,4.4,1.0,0.0
MA0101202209A0049760,5,3,0.0410172272354388,4.36,1.0,0.0
MA0101202209A0050358,5,2,0.0369155045118949,2.2,1.0,1.0
MA0101202209A0051823,1,4,0.2235438884331419,4.94,0.0,1.0
MA0101202209A0051854,5,5,0.5291222313371615,5.0,1.0,0.0
MA0101202209A0051933,5,2,0.0287120590648072,5.0,1.0,0.0
MA0101202209A0053228,5,0,0.0,0.0,1.0,0.0
MA0101202209A0053291,5,2,0.0307629204265791,4.3,1.0,0.0
MA0101202209A0053607,1,2,0.0246103363412633,4.64,1.0,1.0
MA0101202209A0053766,5,4,0.1476620180475799,4.7,,
MA0101202209A0053829,5,1,0.0082034454470877,0.0,0.0,0.0
MA0101202209A0053852,5,2,0.0307629204265791,4.1,1.0,0.0
MA0101202209A0054131,5,3,0.0779327317473338,4.7,1.0,0.0
MA0101202209A0054637,1,5,0.6542247744052503,4.6,1.0,1.0
MA0101202209A0055433,5,3,0.0512715340442986,3.995,1.0,0.0
MA0101202209A0055902,5,2,0.0307629204265791,0.0,1.0,0.0
MA0101202209A0056225,1,0,0.0,0.0,1.0,0.0
MA0101202209A0056690,1,0,0.0,0.0,1.0,0.0
MA0101202209A0056913,5,4,0.1599671862182116,4.8,1.0,0.0
MA0101202209A0057758,5,3,0.0533223954060705,0.0,1.0,0.0
MA0101202209A0058198,5,1,0.0143560295324036,5.0,1.0,0.0
MA0101202209A0059380,5,4,0.1066447908121411,4.825,1.0,0.0
MA0101202209A0059708,5,4,0.1168990976210008,4.565,1.0,0.0
MA0101202209A0060182,5,3,0.0656275635767022,5.0,1.0,0.0
MA0101202209A0060230,5,5,0.2912223133716161,4.0,0.0,0.0
MA0101202209A0060428,5,3,0.0410172272354388,3.6,1.0,0.0
MA0101202209A0061241,5,3,0.0410172272354388,3.105,1.0,0.0
MA0101202209A0061331,5,3,0.0656275635767022,3.9,1.0,0.0
MA0101202209A0062660,5,3,0.0656275635767022,4.35,0.0,0.0
MA0101202209A0063396,5,1,0.0102543068088597,0.0,1.0,0.0
MA0101202209A0063458,5,1,0.0020508613617719,0.0,1.0,0.0
MA0101202209A0063657,1,5,0.3712059064807219,4.2,1.0,1.0
MA0101202209A0064171,5,4,0.1148482362592288,5.0,1.0,1.0
MA0101202209A0064771,5,5,0.2850697292863002,5.0,1.0,0.0
MA0101202209A0066233,4,2,0.0205086136177194,4.4350000000000005,1.0,0.0
MA0101202209A0066461,5,4,0.2009844134536505,4.1,1.0,1.0
MA0101202209A0066791,5,4,0.1045939294503691,4.0,1.0,0.0
MA0101202209A0067249,5,1,0.0020508613617719,0.0,1.0,0.0
MA0101202209A0068191,5,3,0.0738310090237899,3.1,1.0,0.0
MA0101202209A0068605,5,3,0.0820344544708777,4.52,1.0,1.0
MA0101202209A0069201,5,2,0.0205086136177194,3.0,1.0,0.0
MA0101202209A0069336,5,5,1.333059885151764,4.415,0.0,0.0
MA0101202209A0070165,5,3,0.0574241181296144,2.7,1.0,0.0
MA0101202209A0070347,1,5,0.3691550451189499,4.8,1.0,1.0
MA0101202209A0070642,1,0,0.0,0.0,1.0,0.0
MA0101202209A0071368,5,1,0.0041017227235438,4.0,1.0,0.0
MA0101202209A0071591,5,4,0.1189499589827727,4.31,0.0,0.0
MA0101202209A0071725,5,2,0.0287120590648072,4.1,1.0,0.0
MA0101202209A0071849,5,5,0.662428219852338,4.53,1.0,0.0
MA0101202209A0073736,5,5,0.6152584085315833,4.6,1.0,0.0
MA0101202209A0074027,5,3,0.0881870385561936,4.26,1.0,0.0
MA0101202209A0074324,5,5,0.3835110746513536,4.6,1.0,1.0
MA0101202209A0074337,5,2,0.0328137817883511,4.7,1.0,1.0
MA0101202209A0074450,1,0,0.0,0.0,1.0,0.0
MA0101202209A0076123,5,3,0.0861361771944216,4.5,1.0,0.0
MA0101202209A0077729,1,5,0.4163248564397047,5.0,1.0,1.0
MA0101202209A0077771,1,3,0.0512715340442986,0.0,1.0,0.0
MA0101202209A0078002,5,1,0.0020508613617719,0.0,1.0,0.0
MA0101202209A0078721,5,4,0.1210008203445447,5.0,1.0,0.0
MA0101202209A0079458,5,2,0.0307629204265791,4.62,1.0,0.0
MA0101202209A0079527,1,5,0.3240360951599672,4.46,1.0,0.0
MA0101202209A0080944,5,5,1.4602132895816242,4.3,1.0,1.0
MA0101202209A0082802,5,5,1.0931091058244462,0.0,0.0,0.0
MA0101202209A0083775,5,1,0.0082034454470877,0.0,1.0,0.0
MA0101202209A0083784,5,5,0.3096800656275635,3.4,1.0,0.0
MA0101202209A0085487,5,1,0.0020508613617719,2.0,1.0,0.0
MA0101202209A0085503,5,3,0.0656275635767022,4.8,0.0,0.0
MA0101202209A0085670,1,5,0.9967186218211648,4.38,1.0,1.0
MA0101202209A0085988,5,3,0.0533223954060705,3.3,1.0,0.0
MA0101202209A0086486,5,2,0.0307629204265791,4.6,1.0,1.0
MA0101202209A0086786,5,5,0.9721082854799016,0.0,1.0,1.0
MA0101202209A0086956,5,1,0.0020508613617719,5.0,1.0,1.0
MA0101202209A0087919,1,1,0.0143560295324036,3.7,1.0,0.0
MA0101202209A0088199,5,5,0.4470877768662838,4.2,1.0,0.0
MA0101202209A0088428,5,0,0.0,0.0,1.0,0.0
MA0101202209A0088604,5,3,0.0881870385561936,3.86,1.0,0.0
MA0101202209A0088853,1,4,0.1845775225594749,0.0,1.0,0.0
MA0101202209A0088960,5,1,0.0082034454470877,0.0,0.0,0.0
MA0101202209A0089251,5,2,0.0266611977030352,5.0,1.0,0.0
MA0101202209A0089424,5,5,0.7567678424938474,4.800000000000001,1.0,0.0
MA0101202209A0090451,5,0,0.0,0.0,1.0,0.0
MA0101202209A0091300,1,4,0.1230516817063166,3.985,1.0,1.0
MA0101202209A0091384,5,2,0.0184577522559474,4.0,1.0,0.0
MA0101202209A0092063,5,4,0.2214930270713699,4.9,1.0,0.0
MA0101202209A0092253,5,0,0.0,0.0,0.0,0.0
MA0101202209A0092568,5,3,0.0533223954060705,4.795,1.0,1.0
MA0101202209A0093438,5,3,0.0451189499589827,4.29,1.0,0.0
MA0101202209A0093750,5,4,0.1435602953240361,5.0,1.0,0.0
MA0101202209A0094015,5,4,0.1763740771123872,4.145,0.0,1.0
MA0101202209A0095254,5,3,0.0430680885972108,3.8,1.0,0.0
MA0101202209A0095543,5,4,0.1004922067268252,4.7,0.0,0.0
MA0101202209A0095700,1,1,0.0020508613617719,0.0,0.0,0.0
MA0101202209A0096628,5,1,0.0123051681706316,4.0,1.0,0.0
MA0101202209A0096688,4,1,0.0082034454470877,0.0,1.0,1.0
MA0101202209A0096815,5,3,0.0410172272354388,3.5,1.0,0.0
MA0101202209A0096877,5,5,0.5127153404429861,4.71,1.0,1.0
MA0101202209A0096906,5,3,0.0389663658736669,4.38,1.0,0.0
MA0101202209A0097883,5,1,0.0061525840853158,4.779999999999999,1.0,0.0
MA0101202209A0098428,5,1,0.0061525840853158,2.3,1.0,0.0
MA0101202209A0098659,5,2,0.0287120590648072,2.7,1.0,0.0
MA0101202209A0100605,5,3,0.0389663658736669,4.74,1.0,0.0
MA0101202209A0100625,5,1,0.0041017227235438,3.0,1.0,0.0
MA0101202209A0101282,5,5,0.5332239540607054,3.945,1.0,0.0
MA0101202209A0101558,5,4,0.0963904840032813,4.8,1.0,1.0
MA0101202210A0000168,1,5,0.5250205086136177,4.7,1.0,0.0
MA0101202210A0001003,1,2,0.0246103363412633,0.0,1.0,0.0
MA0101202210A0001022,5,5,0.4552912223133716,0.0,1.0,1.0
MA0101202210A0001101,4,0,0.0,0.0,1.0,0.0
MA0101202210A0001484,5,5,0.3855619360131255,0.0,1.0,1.0
MA0101202210A0003246,5,3,0.0615258408531583,0.0,1.0,0.0
MA0101202210A0004973,5,4,0.1127973748974569,4.3,1.0,0.0
MA0101202210A0005194,5,2,0.0205086136177194,4.745,1.0,0.0
MA0101202210A0005473,5,2,0.0287120590648072,0.0,0.0,0.0
MA0101202210A0005870,4,4,0.0984413453650533,4.275,1.0,1.0
MA0101202210A0006399,5,3,0.0410172272354388,3.6,1.0,0.0
MA0101202210A0007106,5,4,0.256357670221493,4.9,1.0,0.0
MA0101202210A0007203,5,0,0.0,0.0,1.0,0.0
MA0101202210A0008913,5,0,0.0,0.0,1.0,0.0
MA0101202210A0009212,5,0,0.0,0.0,1.0,0.0
MA0101202210A0009636,5,4,0.1394585726004922,4.785,1.0,1.0
MA0101202210A0009652,5,3,0.0533223954060705,2.5,0.0,0.0
MA0101202210A0010781,5,1,0.0123051681706316,5.0,1.0,0.0
MA0101202210A0010958,4,3,0.0676784249384741,4.17,1.0,0.0
MA0101202210A0012660,4,0,0.0,0.0,1.0,0.0
MA0101202210A0012785,5,5,0.7260049220672682,4.5,1.0,0.0
MA0101202210A0013087,5,2,0.0266611977030352,5.0,1.0,0.0
MA0101202210A0014161,4,0,0.0,0.0,1.0,0.0
MA0101202210A0014901,5,5,0.5147662018047581,3.4,1.0,0.0
MA0101202210A0014997,5,2,0.0205086136177194,5.0,1.0,0.0
MA0101202210A0015433,5,1,0.0061525840853158,1.0,1.0,0.0
MA0101202210A0015540,5,0,0.0,0.0,1.0,0.0
MA0101202210A0016993,5,2,0.0266611977030352,4.0,1.0,0.0
MA0101202210A0019439,5,1,0.0020508613617719,5.0,1.0,0.0
MA0101202210A0019829,5,2,0.0369155045118949,0.0,1.0,0.0
MA0101202210A0020119,5,2,0.0225594749794913,5.0,1.0,0.0
MA0101202210A0021520,5,1,0.0102543068088597,0.0,1.0,0.0
MA0101202210A0023147,5,2,0.0328137817883511,3.505,1.0,0.0
MA0101202210A0023299,4,5,0.4963084495488105,4.9,1.0,1.0
MA0101202210A0023308,5,3,0.0553732567678424,4.5,1.0,1.0
MA0101202210A0023610,5,0,0.0,0.0,1.0,0.0
MA0101202210A0024050,5,5,0.6029532403609515,0.0,1.0,0.0
MA0101202210A0024338,5,1,0.0082034454470877,4.0,1.0,0.0
MA0101202210A0024491,5,3,0.0656275635767022,3.765,1.0,0.0
MA0101202210A0026721,5,0,0.0,0.0,1.0,0.0
MA0101202210A0028076,5,4,0.219442165709598,4.1,1.0,0.0
MA0101202210A0028213,5,3,0.0697292863002461,4.9,1.0,0.0
MA0101202210A0030456,5,3,0.0410172272354388,5.0,1.0,1.0
MA0101202210A0030941,5,5,0.3691550451189499,4.3,1.0,0.0
MA0101202210A0031854,5,1,0.0061525840853158,2.0,1.0,0.0
MA0101202210A0032250,5,1,0.0123051681706316,4.455,0.0,0.0
MA0101202210A0034058,5,2,0.0205086136177194,4.57,1.0,0.0
MA0101202210A0034673,5,4,0.2050861361771944,3.9,1.0,0.0
MA0101202210A0035230,1,0,0.0,0.0,1.0,0.0
MA0101202210A0035506,5,3,0.0840853158326497,0.0,1.0,0.0
MA0101202210A0035614,5,4,0.1702214930270713,5.0,1.0,1.0
MA0101202210A0036425,1,4,0.1394585726004922,4.51,0.0,0.0
MA0101202210A0036427,5,0,0.0,0.0,1.0,0.0
MA0101202210A0036660,5,0,0.0,0.0,1.0,0.0
MA0101202210A0037077,5,0,0.0,0.0,1.0,0.0
MA0101202210A0037192,5,0,0.0,0.0,1.0,0.0
MA0101202210A0038289,5,3,0.0512715340442986,4.0,1.0,1.0
MA0101202210A0038776,5,2,0.0164068908941755,2.3,1.0,0.0
MA0101202210A0039157,5,0,0.0,0.0,1.0,0.0
MA0101202210A0039265,5,3,0.0389663658736669,3.7,1.0,0.0
MA0101202210A0039290,5,0,0.0,0.0,1.0,0.0
MA0101202210A0041742,5,1,0.0123051681706316,0.0,1.0,0.0
MA0101202210A0041819,5,3,0.0410172272354388,3.6,0.0,0.0
MA0101202210A0042260,4,1,0.0082034454470877,5.0,1.0,0.0
MA0101202210A0042764,1,2,0.0328137817883511,2.9,1.0,0.0
MA0101202210A0042933,4,3,0.0594749794913863,5.0,1.0,0.0
MA0101202210A0043244,5,2,0.0266611977030352,3.9,1.0,0.0
MA0101202210A0044160,5,2,0.0328137817883511,4.275,1.0,1.0
MA0101202210A0044235,5,3,0.0533223954060705,3.6,1.0,0.0
MA0101202210A0044487,5,4,0.1004922067268252,4.9,1.0,1.0
MA0101202210A0044512,5,1,0.0123051681706316,5.0,0.0,1.0
MA0101202210A0044601,5,1,0.0020508613617719,0.0,0.0,0.0
MA0101202210A0044760,5,2,0.0307629204265791,3.5,1.0,0.0
MA0101202210A0044894,5,1,0.0061525840853158,5.0,1.0,0.0
MA0101202210A0046064,5,4,0.1517637407711238,4.58,1.0,0.0
MA0101202210A0046248,5,5,0.920836751435603,4.9,1.0,1.0
MA0101202210A0046580,5,2,0.0369155045118949,4.61,1.0,1.0
MA0101202210A0046928,5,2,0.0246103363412633,5.0,1.0,0.0
MA0101202210A0047027,5,5,0.2871205906480722,4.8,1.0,1.0
MA0101202210A0047315,5,4,0.0963904840032813,3.5,1.0,0.0
MA0101202210A0047880,5,5,0.4819524200164068,4.79,1.0,0.0
MA0101202210A0048986,5,5,0.8285479901558656,4.1,1.0,0.0
MA0101202210A0049484,5,5,0.4922067268252666,4.8,1.0,0.0
MA0101202210A0050171,1,1,0.0082034454470877,0.0,1.0,1.0
MA0101202210A0050407,5,4,0.1066447908121411,5.0,1.0,0.0
MA0101202210A0050552,1,1,0.0123051681706316,4.2,1.0,0.0
MA0101202210A0051235,1,5,0.4655455291222313,0.0,1.0,0.0
MA0101202210A0052640,5,2,0.0205086136177194,0.0,1.0,0.0
MA0101202210A0053077,5,2,0.0225594749794913,4.42,1.0,0.0
MA0101202210A0053255,5,1,0.0082034454470877,5.0,1.0,0.0
MA0101202210A0054634,5,3,0.0758818703855619,5.0,1.0,0.0
MA0101202210A0055320,5,5,0.3260869565217391,3.9,0.0,0.0
MA0101202210A0055823,5,0,0.0,0.0,1.0,0.0
MA0101202210A0056846,5,0,0.0,4.61,1.0,0.0
MA0101202210A0056985,5,4,0.1333059885151763,1.5,1.0,0.0
MA0101202210A0057010,5,1,0.0020508613617719,0.0,0.0,0.0
MA0101202210A0058204,5,3,0.0410172272354388,5.0,1.0,1.0
MA0101202210A0058409,5,3,0.0615258408531583,4.1,1.0,0.0
MA0101202210A0058785,5,3,0.0471698113207547,3.8,1.0,0.0
MA0101202210A0058881,5,2,0.0328137817883511,4.505,1.0,0.0
MA0101202210A0059558,5,3,0.0635767022149302,5.0,1.0,1.0
MA0101202210A0059891,5,5,0.4922067268252666,0.0,1.0,0.0
MA0101202210A0059932,5,5,0.5906480721903199,0.0,1.0,1.0
MA0101202210A0060056,5,1,0.0123051681706316,5.0,1.0,0.0
MA0101202210A0061297,5,4,0.1353568498769483,4.7,1.0,0.0
MA0101202210A0061630,5,3,0.0656275635767022,3.7,1.0,1.0
MA0101202210A0062380,5,0,0.0,0.0,1.0,0.0
MA0101202210A0064646,5,2,0.0225594749794913,0.0,1.0,0.0
MA0101202210A0064661,4,3,0.071780147662018,4.5,1.0,0.0
MA0101202210A0064766,5,5,1.5237899917965545,0.0,1.0,1.0
MA0101202210A0065835,4,1,0.0102543068088597,5.0,1.0,0.0
MA0101202210A0065861,1,2,0.0266611977030352,3.5,1.0,0.0
MA0101202210A0066117,5,2,0.034864643150123,4.19,1.0,0.0
MA0101202210A0067248,5,2,0.0205086136177194,4.285,1.0,0.0
MA0101202210A0067409,5,3,0.0410172272354388,4.68,1.0,1.0
MA0101202210A0067538,5,2,0.0164068908941755,5.0,1.0,0.0
MA0101202210A0068364,5,3,0.0779327317473338,3.455,0.0,0.0
MA0101202210A0068461,4,1,0.0041017227235438,5.0,1.0,0.0
MA0101202210A0068585,5,3,0.0430680885972108,3.555,1.0,0.0
MA0101202210A0068768,5,1,0.0041017227235438,0.0,0.0,0.0
MA0101202210A0068892,5,2,0.0287120590648072,4.0,1.0,0.0
MA0101202210A0069439,1,5,0.3773584905660377,4.1,1.0,0.0
MA0101202210A0069570,5,5,0.3712059064807219,4.61,1.0,0.0
MA0101202210A0069909,5,4,0.108695652173913,4.6,1.0,1.0
MA0101202210A0070748,5,2,0.0184577522559474,0.0,1.0,0.0
MA0101202210A0070843,5,2,0.0369155045118949,5.0,1.0,1.0
MA0101202210A0070963,5,1,0.0143560295324036,3.86,1.0,0.0
MA0101202210A0072054,5,2,0.034864643150123,4.3,1.0,0.0
MA0101202210A0072840,5,4,0.1107465135356849,3.9,1.0,0.0
MA0101202210A0073628,5,3,0.0574241181296144,3.465,1.0,0.0
MA0101202210A0073755,5,2,0.0184577522559474,4.0,1.0,0.0
MA0101202210A0074277,1,3,0.0779327317473338,5.0,1.0,0.0
MA0101202210A0074508,5,2,0.0164068908941755,4.5,1.0,0.0
MA0101202210A0076974,4,4,0.1312551271534044,3.9,1.0,0.0
MA0101202210A0079453,5,0,0.0,0.0,1.0,0.0
MA0101202210A0081046,5,5,0.475799835931091,4.2,1.0,0.0
MA0101202210A0083784,5,3,0.0779327317473338,2.3,1.0,0.0
MA0101202210A0084404,5,0,0.0,0.0,0.0,0.0
MA0101202210A0086863,5,1,0.0123051681706316,5.0,1.0,1.0
MA0101202210A0088461,5,2,0.0246103363412633,3.0,1.0,0.0
MA0101202210A0088702,5,2,0.0369155045118949,4.8,0.0,0.0
MA0101202210A0089278,5,1,0.0123051681706316,0.0,1.0,0.0
MA0101202210A0089507,5,4,0.2091878589007383,0.0,1.0,0.0
MA0101202210A0090433,5,5,0.4963084495488105,4.1,1.0,1.0
MA0101202210A0090714,5,3,0.0738310090237899,5.0,1.0,1.0
MA0101202210A0091296,5,3,0.0430680885972108,4.53,1.0,0.0
MA0101202210A0091390,1,3,0.0676784249384741,3.0,1.0,0.0
MA0101202210A0092142,5,1,0.0102543068088597,4.4,0.0,0.0
MA0101202210A0093538,5,1,0.0102543068088597,2.625,1.0,0.0
MA0101202210A0093760,5,4,0.2296964725184577,1.0,1.0,1.0
MA0101202210A0095010,5,5,0.3732567678424938,4.4,0.0,1.0
MA0101202210A0095727,5,4,0.1353568498769483,4.0,1.0,1.0
MA0101202210A0095907,5,3,0.0512715340442986,0.0,0.0,1.0
MA0101202210A0096808,5,2,0.0246103363412633,4.21,1.0,0.0
MA0101202210A0096912,5,0,0.0,0.0,,
MA0101202210A0097114,5,2,0.0328137817883511,5.0,1.0,1.0
MA0101202210A0097590,5,4,0.2255947497949138,4.3,1.0,0.0
MA0101202210A0097741,5,2,0.0205086136177194,0.0,1.0,0.0
MA0101202210A0097828,5,0,0.0,0.0,0.0,0.0
MA0101202210A0097973,5,2,0.0266611977030352,5.0,1.0,0.0
MA0101202210A0098188,4,0,0.0,0.0,1.0,0.0
MA0101202210A0098346,5,4,0.1271534044298605,4.39,0.0,1.0
MA0101202210A0099929,5,2,0.0184577522559474,2.7,1.0,0.0
MA0101202210A0099966,5,5,0.5024610336341263,4.8,1.0,1.0
MA0101202210A0101100,5,0,0.0,0.0,1.0,0.0
MA0101202210A0101537,5,2,0.0205086136177194,4.9,1.0,0.0
MA0101202210A0101629,1,5,0.3424938474159147,4.4,1.0,0.0
MA0101202210A0101678,4,2,0.0205086136177194,4.84,1.0,0.0
MA0101202210A0101804,5,5,1.1587366694011485,4.42,1.0,0.0
MA0101202210B0019345,1,0,0.0,0.0,0.0,0.0
MA0101202210B0025517,1,0,0.0,0.0,1.0,0.0
MA0101202211A0000099,5,0,0.0,0.0,1.0,0.0
MA0101202211A0001610,5,0,0.0,0.0,0.0,0.0
MA0101202211A0001726,5,4,0.0943396226415094,4.245,1.0,0.0
MA0101202211A0002076,1,1,0.0123051681706316,3.8,1.0,0.0
MA0101202211A0002362,5,3,0.0881870385561936,5.0,1.0,1.0
MA0101202211A0003385,5,3,0.0615258408531583,5.0,1.0,0.0
MA0101202211A0003491,5,4,0.1004922067268252,5.0,1.0,0.0
MA0101202211A0003777,5,2,0.0184577522559474,2.4,1.0,0.0
MA0101202211A0003985,5,5,0.9639048400328136,4.72,1.0,0.0
MA0101202211A0004267,5,4,0.1107465135356849,4.9,1.0,0.0
MA0101202211A0004584,5,0,0.0,0.0,0.0,0.0
MA0101202211A0007560,5,0,0.0,0.0,0.0,0.0
MA0101202211A0008515,5,4,0.1045939294503691,5.0,1.0,0.0
MA0101202211A0008752,5,5,1.6735028712059064,3.1,1.0,0.0
MA0101202211A0008974,5,3,0.0594749794913863,4.9,1.0,0.0
MA0101202211A0008999,1,0,0.0,0.0,1.0,0.0
MA0101202211A0009054,5,5,1.5299425758818703,3.9,1.0,0.0
MA0101202211A0010910,5,1,0.0123051681706316,4.33,1.0,0.0
MA0101202211A0012769,5,3,0.0410172272354388,4.51,0.0,1.0
MA0101202211A0013079,4,2,0.0164068908941755,5.0,1.0,0.0
MA0101202211A0013385,5,4,0.0922887612797374,4.3,1.0,1.0
MA0101202211A0013702,1,1,0.0041017227235438,5.0,1.0,0.0
MA0101202211A0013837,5,1,0.0123051681706316,4.92,1.0,0.0
MA0101202211A0013881,5,4,0.108695652173913,4.355,0.0,0.0
MA0101202211A0014494,5,3,0.0738310090237899,4.2,1.0,0.0
MA0101202211A0015520,5,5,0.3568498769483183,3.5,1.0,0.0
MA0101202211A0015554,5,2,0.0307629204265791,3.305,1.0,0.0
MA0101202211A0015730,5,4,0.1025430680885972,5.0,1.0,1.0
MA0101202211A0015963,5,2,0.0369155045118949,4.3,1.0,0.0
MA0101202211A0018132,5,5,0.3424938474159147,4.8,1.0,0.0
MA0101202211A0018201,5,1,0.0143560295324036,4.1,0.0,0.0
MA0101202211A0018468,5,1,0.0143560295324036,5.0,1.0,0.0
MA0101202211A0018560,1,0,0.0,0.0,1.0,0.0
MA0101202211A0019947,5,3,0.0430680885972108,3.725,1.0,0.0
MA0101202211A0020805,5,2,0.0369155045118949,5.0,1.0,0.0
MA0101202211A0021182,5,1,0.0123051681706316,5.0,1.0,0.0
MA0101202211A0022506,5,5,3.1521739130434785,4.5,1.0,1.0
MA0101202211A0024811,5,5,0.258408531583265,4.1,1.0,0.0
MA0101202211A0025676,5,4,0.0922887612797374,4.875,1.0,0.0
MA0101202211A0026628,5,0,0.0,0.0,1.0,0.0
MA0101202211A0029098,5,3,0.0676784249384741,4.315,1.0,0.0
MA0101202211A0029659,5,5,1.396636587366694,3.9,1.0,0.0
MA0101202211A0029867,5,0,0.0,0.0,1.0,0.0
MA0101202211A0029931,5,5,0.2994257588187038,0.0,1.0,0.0
MA0101202211A0030001,5,0,0.0,0.0,0.0,0.0
MA0101202211A0030186,5,0,0.0,0.0,1.0,0.0
MA0101202211A0030864,5,5,0.8203445447087777,4.21,1.0,0.0
MA0101202211A0031043,5,3,0.0676784249384741,4.43,1.0,0.0
MA0101202211A0031239,5,3,0.0779327317473338,2.4,1.0,0.0
MA0101202211A0031240,5,1,0.0082034454470877,4.55,1.0,0.0
MA0101202211A0031408,5,1,0.0123051681706316,3.0,1.0,0.0
MA0101202211A0032637,5,2,0.0164068908941755,4.2,1.0,0.0
MA0101202211A0032661,5,0,0.0,0.0,1.0,0.0
MA0101202211A0034219,5,2,0.0205086136177194,4.3,1.0,0.0
MA0101202211A0034555,5,5,0.9741591468416736,4.8,1.0,0.0
MA0101202211A0034752,5,2,0.034864643150123,2.9,1.0,0.0
MA0101202211A0034953,5,1,0.0020508613617719,4.445,1.0,1.0
MA0101202211A0035041,1,0,0.0,0.0,1.0,0.0
MA0101202211A0035471,5,3,0.0471698113207547,0.0,1.0,0.0
MA0101202211A0036072,5,5,0.4491386382280558,2.8,1.0,1.0
MA0101202211A0036621,5,5,0.4675963904840033,4.2,0.0,0.0
MA0101202211A0036663,1,3,0.0738310090237899,0.0,1.0,0.0
MA0101202211A0037251,5,4,0.2502050861361772,4.8,1.0,0.0
MA0101202211A0037779,5,4,0.1681706316652994,4.8,1.0,0.0
MA0101202211A0038283,1,3,0.0881870385561936,4.44,1.0,0.0
MA0101202211A0040081,5,2,0.0287120590648072,5.0,1.0,1.0
MA0101202211A0040197,5,4,0.1353568498769483,4.27,1.0,0.0
MA0101202211A0041130,1,4,0.145611156685808,4.615,1.0,0.0
MA0101202211A0041158,5,5,0.3937653814602133,4.5,1.0,0.0
MA0101202211A0042380,5,4,0.1661197703035274,4.62,1.0,0.0
MA0101202211A0042681,5,5,0.6091058244462675,0.0,1.0,0.0
MA0101202211A0042912,5,3,0.0430680885972108,4.2,1.0,0.0
MA0101202211A0043391,5,5,0.2768662838392124,0.0,0.0,1.0
MA0101202211A0045070,5,2,0.0184577522559474,0.0,1.0,1.0
MA0101202211A0045208,5,1,0.0082034454470877,4.0,1.0,0.0
MA0101202211A0045588,5,4,0.1045939294503691,4.285,1.0,1.0
MA0101202211A0045679,5,5,0.5455291222313372,4.6,0.0,0.0
MA0101202211A0047318,5,3,0.0471698113207547,0.0,1.0,0.0
MA0101202211A0047648,5,3,0.0594749794913863,4.67,1.0,0.0
MA0101202211A0047711,5,4,0.1435602953240361,5.0,1.0,1.0
MA0101202211A0048114,5,5,0.8285479901558656,4.9,1.0,0.0
MA0101202211A0048599,5,5,0.920836751435603,4.8,1.0,0.0
MA0101202211A0049067,5,2,0.0225594749794913,0.0,1.0,0.0
MA0101202211A0050204,5,0,0.0,0.0,1.0,0.0
MA0101202211A0051216,5,3,0.0492206726825266,4.17,1.0,0.0
MA0101202211A0051970,1,1,0.0123051681706316,4.8,1.0,0.0
MA0101202211A0052026,5,4,0.2091878589007383,4.775,1.0,0.0
MA0101202211A0052041,5,2,0.0205086136177194,5.0,1.0,1.0
MA0101202211A0052946,5,2,0.0266611977030352,4.36,1.0,0.0
MA0101202211A0053221,5,5,0.8654634946677604,4.3,1.0,0.0
MA0101202211A0054616,5,3,0.0553732567678424,5.0,0.0,1.0
MA0101202211A0055080,5,2,0.0246103363412633,1.3,1.0,0.0
MA0101202211A0056277,5,1,0.0041017227235438,4.5,1.0,0.0
MA0101202211A0057048,5,3,0.0820344544708777,3.845,1.0,0.0
MA0101202211A0057196,5,1,0.0061525840853158,5.0,1.0,0.0
MA0101202211A0057754,5,0,0.0,0.0,1.0,0.0
MA0101202211A0058047,5,2,0.034864643150123,0.0,1.0,1.0
MA0101202211A0058520,5,2,0.0164068908941755,2.0,1.0,0.0
MA0101202211A0059810,5,3,0.0881870385561936,4.7,1.0,0.0
MA0101202211A0060251,5,2,0.0266611977030352,4.54,1.0,0.0
MA0101202211A0060542,5,0,0.0,0.0,1.0,0.0
MA0101202211A0061468,5,2,0.0246103363412633,3.85,1.0,0.0
MA0101202211A0062012,5,5,1.5627563576702213,3.965,1.0,1.0
MA0101202211A0063780,5,3,0.0389663658736669,4.8,1.0,0.0
MA0101202211A0065834,4,4,0.1517637407711238,0.0,1.0,0.0
MA0101202211A0066583,4,5,0.6439704675963904,5.0,1.0,0.0
MA0101202211A0067163,5,0,0.0,0.0,1.0,0.0
MA0101202211A0067745,5,5,0.9598031173092698,4.445,1.0,0.0
MA0101202211A0068102,5,5,0.3035274815422477,3.8,1.0,0.0
MA0101202211A0069149,5,3,0.0451189499589827,3.0,1.0,0.0
MA0101202211A0070213,5,2,0.0246103363412633,3.5,1.0,0.0
MA0101202211A0070217,1,0,0.0,0.0,0.0,0.0
MA0101202211A0070229,5,3,0.0779327317473338,4.33,1.0,0.0
MA0101202211A0071318,5,0,0.0,0.0,1.0,0.0
MA0101202211A0072005,5,5,1.1546349466776045,3.8,1.0,1.0
MA0101202211A0072699,5,0,0.0,0.0,1.0,0.0
MA0101202211A0073610,5,3,0.0697292863002461,4.6,1.0,0.0
MA0101202211A0073756,1,0,0.0,0.0,0.0,0.0
MA0101202211A0074437,5,4,0.0943396226415094,3.8,1.0,0.0
MA0101202211A0075849,5,4,0.145611156685808,4.4,1.0,0.0
MA0101202211A0076542,5,1,0.0102543068088597,2.3,1.0,0.0
MA0101202211A0076598,5,2,0.0287120590648072,4.654999999999999,1.0,0.0
MA0101202211A0076619,5,5,0.5106644790812142,4.4,0.0,1.0
MA0101202211A0078187,5,5,0.4696472518457752,4.7,0.0,0.0
MA0101202211A0078360,5,1,0.0102543068088597,0.0,1.0,0.0
MA0101202211A0079423,5,1,0.0020508613617719,0.0,1.0,0.0
MA0101202211A0079561,5,4,0.1784249384741591,4.4,1.0,0.0
MA0101202211A0079827,1,4,0.2440525020508613,4.5,1.0,0.0
MA0101202211A0081007,5,5,1.029532403609516,1.9,1.0,0.0
MA0101202211A0082270,5,3,0.0697292863002461,4.855,1.0,0.0
MA0101202211A0082284,5,5,0.3424938474159147,4.9,1.0,1.0
MA0101202211A0083856,5,4,0.1702214930270713,4.3,1.0,0.0
MA0101202211A0084023,1,5,0.6562756357670221,4.8,1.0,0.0
MA0101202211A0084042,5,5,0.8962264150943395,4.1,1.0,0.0
MA0101202211A0084165,5,5,0.3199343724364233,4.6,0.0,0.0
MA0101202211A0084245,5,1,0.0102543068088597,2.6,1.0,0.0
MA0101202211A0084344,5,2,0.0369155045118949,4.48,1.0,0.0
MA0101202211A0084443,5,3,0.0410172272354388,4.3,1.0,0.0
MA0101202211A0085400,5,5,1.2428219852337985,4.65,1.0,0.0
MA0101202211A0085985,5,1,0.0020508613617719,0.0,1.0,1.0
MA0101202211A0087368,5,4,0.2112387202625102,3.3,0.0,0.0
MA0101202211A0087493,5,3,0.0799835931091058,4.279999999999999,1.0,0.0
MA0101202211A0088020,5,2,0.0328137817883511,4.0,1.0,0.0
MA0101202211A0089302,5,4,0.1189499589827727,4.5,1.0,1.0
MA0101202211A0089983,1,1,0.0123051681706316,0.0,1.0,1.0
MA0101202211A0090179,5,2,0.0184577522559474,4.2,1.0,1.0
MA0101202211A0090541,5,3,0.0697292863002461,4.715,1.0,0.0
MA0101202211A0091334,1,2,0.0164068908941755,4.4,1.0,0.0
MA0101202211A0091887,5,1,0.0143560295324036,3.0,1.0,0.0
MA0101202211A0092202,5,3,0.0451189499589827,4.525,0.0,1.0
MA0101202211A0092746,1,2,0.0225594749794913,5.0,1.0,0.0
MA0101202211A0092786,5,0,0.0,4.92,1.0,0.0
MA0101202211A0094462,1,0,0.0,0.0,0.0,0.0
MA0101202211A0094712,5,1,0.0123051681706316,4.2,1.0,0.0
MA0101202211A0095055,5,1,0.0041017227235438,5.0,1.0,1.0
MA0101202211A0095072,5,4,0.1189499589827727,4.545,1.0,0.0
MA0101202211A0095150,5,0,0.0,0.0,1.0,0.0
MA0101202211A0095660,5,1,0.0082034454470877,0.0,1.0,0.0
MA0101202211A0095984,5,4,0.1681706316652994,5.0,1.0,1.0
MA0101202211A0096342,5,3,0.0820344544708777,4.3,1.0,0.0
MA0101202211A0096591,5,3,0.0471698113207547,5.0,1.0,0.0
MA0101202211A0097057,5,4,0.217391304347826,4.5,1.0,0.0
MA0101202211A0097226,1,1,0.0102543068088597,0.0,1.0,0.0
MA0101202211A0097380,5,3,0.0512715340442986,4.46,1.0,0.0
MA0101202211A0097382,5,3,0.0635767022149302,4.8,1.0,0.0
MA0101202211A0097645,5,1,0.0102543068088597,2.6,1.0,0.0
MA0101202211A0098826,5,4,0.1415094339622641,2.3,,
MA0101202211A0099165,5,5,0.4983593109105824,5.0,1.0,0.0
MA0101202211A0099503,5,1,0.0102543068088597,2.0,1.0,0.0
MA0101202211A0100558,5,3,0.0389663658736669,4.82,1.0,0.0
MA0101202211A0100611,5,1,0.0143560295324036,0.0,1.0,1.0
MA0101202211A0100852,5,5,0.6460213289581624,3.9,1.0,0.0
MA0101202211A0102294,5,5,0.5086136177194421,4.39,1.0,0.0
MA0101202211A0102296,5,4,0.1004922067268252,0.0,1.0,0.0
MA0101202211A0102495,1,5,0.2850697292863002,4.5,1.0,0.0
MA0101202211A0102519,5,5,0.4470877768662838,4.4,1.0,1.0
MA0101202211B0010600,1,0,0.0,0.0,1.0,0.0
MA0101202212A0000821,5,0,0.0,4.48,1.0,0.0
MA0101202212A0000941,5,4,0.108695652173913,4.0,1.0,0.0
MA0101202212A0002461,4,3,0.0471698113207547,5.0,1.0,0.0
MA0101202212A0003483,5,3,0.071780147662018,4.625,1.0,0.0
MA0101202212A0003994,5,4,0.1394585726004922,4.0,1.0,0.0
MA0101202212A0004613,5,4,0.2296964725184577,4.1,1.0,1.0
MA0101202212A0004648,5,3,0.0758818703855619,4.6,1.0,1.0
MA0101202212A0004962,5,3,0.0635767022149302,0.0,1.0,0.0
MA0101202212A0005429,5,1,0.0143560295324036,5.0,1.0,0.0
MA0101202212A0005509,5,3,0.0656275635767022,3.6,1.0,0.0
MA0101202212A0006537,5,4,0.2481542247744052,3.8,1.0,1.0
MA0101202212A0006722,5,1,0.0143560295324036,4.37,1.0,0.0
MA0101202212A0006951,5,2,0.0287120590648072,4.39,1.0,0.0
MA0101202212A0007456,5,2,0.034864643150123,0.0,1.0,1.0
MA0101202212A0008356,5,4,0.1271534044298605,5.0,1.0,1.0
MA0101202212A0009226,5,2,0.0225594749794913,5.0,1.0,0.0
MA0101202212A0010112,5,0,0.0,0.0,1.0,0.0
MA0101202212A0010335,5,0,0.0,0.0,1.0,0.0
MA0101202212A0010681,5,3,0.0799835931091058,4.36,1.0,0.0
MA0101202212A0011805,5,3,0.0574241181296144,0.0,1.0,1.0
MA0101202212A0011819,5,4,0.1025430680885972,5.0,1.0,0.0
MA0101202212A0012117,5,4,0.1702214930270713,4.9,1.0,0.0
MA0101202212A0012226,5,1,0.0123051681706316,3.5,1.0,0.0
MA0101202212A0012852,5,0,0.0,0.0,0.0,0.0
MA0101202212A0013593,5,5,0.922887612797375,4.7,0.0,0.0
MA0101202212A0014339,5,2,0.0225594749794913,5.0,1.0,0.0
MA0101202212A0014491,5,1,0.0082034454470877,0.0,1.0,0.0
MA0101202212A0014500,5,3,0.0676784249384741,0.0,1.0,0.0
MA0101202212A0014964,5,2,0.0225594749794913,4.68,1.0,0.0
MA0101202212A0015217,5,4,0.1845775225594749,4.5,1.0,1.0
MA0101202212A0016137,5,3,0.0430680885972108,1.5,1.0,0.0
MA0101202212A0017466,5,4,0.1989335520918786,4.2,1.0,0.0
MA0101202212A0018284,5,2,0.0225594749794913,3.3,1.0,0.0
MA0101202212A0019458,5,4,0.182526661197703,4.34,0.0,1.0
MA0101202212A0019530,5,0,0.0,0.0,1.0,0.0
MA0101202212A0019949,5,2,0.0246103363412633,4.4,1.0,0.0
MA0101202212A0020329,1,3,0.0861361771944216,2.5,1.0,0.0
MA0101202212A0021251,5,1,0.0061525840853158,5.0,1.0,0.0
MA0101202212A0022115,5,2,0.0328137817883511,2.0,1.0,0.0
MA0101202212A0022309,5,2,0.0328137817883511,3.5,1.0,0.0
MA0101202212A0022492,5,0,0.0,0.0,1.0,0.0
MA0101202212A0022708,5,2,0.0287120590648072,4.8,1.0,0.0
MA0101202212A0023169,5,3,0.0389663658736669,4.345,1.0,0.0
MA0101202212A0024027,5,5,0.3547990155865463,4.8,1.0,1.0
MA0101202212A0024193,1,1,0.0061525840853158,0.0,1.0,1.0
MA0101202212A0024451,5,5,0.7629204265791633,0.0,1.0,0.0
MA0101202212A0024581,1,0,0.0,0.0,0.0,0.0
MA0101202212A0024659,1,0,0.0,0.0,1.0,0.0
MA0101202212A0024690,5,2,0.0164068908941755,0.0,1.0,0.0
MA0101202212A0025421,5,3,0.0430680885972108,4.1,1.0,0.0
MA0101202212A0025489,5,1,0.0102543068088597,5.0,1.0,1.0
MA0101202212A0027177,5,2,0.0369155045118949,0.0,1.0,0.0
MA0101202212A0027223,1,2,0.0184577522559474,4.0,1.0,1.0
MA0101202212A0027763,5,5,0.2604593929450369,0.0,1.0,0.0
MA0101202212A0028110,5,4,0.1251025430680886,4.0,1.0,0.0
MA0101202212A0028497,5,5,0.4429860541427399,0.0,1.0,0.0
MA0101202212A0028547,5,2,0.0225594749794913,4.765000000000001,1.0,0.0
MA0101202212A0028911,5,1,0.0082034454470877,0.0,1.0,0.0
MA0101202212A0031398,5,0,0.0,0.0,,
MA0101202212A0031494,5,1,0.0082034454470877,3.3,1.0,0.0
MA0101202212A0032922,5,2,0.0369155045118949,0.0,1.0,0.0
MA0101202212A0032985,5,1,0.0041017227235438,4.32,1.0,0.0
MA0101202212A0032989,5,4,0.1517637407711238,4.0,1.0,1.0
MA0101202212A0033040,5,1,0.0020508613617719,0.0,1.0,0.0
MA0101202212A0033632,5,0,0.0,0.0,1.0,0.0
MA0101202212A0034063,5,0,0.0,0.0,1.0,0.0
MA0101202212A0034475,1,1,0.0020508613617719,0.0,1.0,0.0
MA0101202212A0034577,5,2,0.0328137817883511,4.3,1.0,1.0
MA0101202212A0034736,5,1,0.0082034454470877,4.46,1.0,0.0
MA0101202212A0034826,5,4,0.1558654634946677,0.0,0.0,0.0
MA0101202212A0036025,5,3,0.0799835931091058,4.7,1.0,0.0
MA0101202212A0036747,5,2,0.0266611977030352,2.9,1.0,0.0
MA0101202212A0037080,5,0,0.0,0.0,1.0,0.0
MA0101202212A0037529,5,3,0.0430680885972108,5.0,1.0,0.0
MA0101202212A0037621,5,1,0.0102543068088597,0.0,1.0,1.0
MA0101202212A0038605,5,3,0.0820344544708777,4.7,1.0,0.0
MA0101202212A0039159,5,1,0.0041017227235438,5.0,1.0,0.0
MA0101202212A0039773,5,0,0.0,0.0,1.0,0.0
MA0101202212A0039912,5,2,0.0266611977030352,5.0,1.0,1.0
MA0101202212A0041419,5,2,0.0266611977030352,3.8,1.0,0.0
MA0101202212A0041495,5,4,0.1127973748974569,0.0,1.0,0.0
MA0101202212A0041848,5,3,0.0697292863002461,4.78,1.0,0.0
MA0101202212A0041874,4,4,0.1394585726004922,4.8,1.0,0.0
MA0101202212A0041993,5,2,0.0287120590648072,4.0,1.0,0.0
MA0101202212A0042645,5,5,0.6337161607875308,4.295,1.0,0.0
MA0101202212A0042859,5,0,0.0,0.0,0.0,0.0
MA0101202212A0043397,5,4,0.1107465135356849,4.5,1.0,1.0
MA0101202212A0043957,5,4,0.217391304347826,0.0,1.0,0.0
MA0101202212A0044403,1,0,0.0,0.0,1.0,0.0
MA0101202212A0044602,5,0,0.0,0.0,1.0,0.0
MA0101202212A0044811,5,2,0.0369155045118949,4.625,1.0,0.0
MA0101202212A0044967,5,3,0.0512715340442986,5.0,1.0,0.0
MA0101202212A0045718,5,2,0.0205086136177194,0.0,0.0,1.0
MA0101202212A0046003,5,3,0.0430680885972108,5.0,1.0,1.0
MA0101202212A0046024,5,1,0.0082034454470877,3.7,1.0,0.0
MA0101202212A0046769,1,0,0.0,0.0,0.0,0.0
MA0101202212A0048257,5,3,0.0492206726825266,5.0,1.0,1.0
MA0101202212A0049690,5,3,0.0492206726825266,4.8,1.0,0.0
MA0101202212A0049734,5,2,0.0246103363412633,3.78,1.0,1.0
MA0101202212A0050391,5,3,0.0676784249384741,5.0,1.0,0.0
MA0101202212A0050758,5,5,0.3753076292042657,4.8100000000000005,1.0,1.0
MA0101202212A0050776,5,1,0.0020508613617719,4.0,0.0,0.0
MA0101202212A0050797,4,3,0.0676784249384741,3.3,1.0,1.0
MA0101202212A0051022,5,4,0.1866283839212469,5.0,1.0,1.0
MA0101202212A0051177,5,5,0.4511894995898277,4.1,1.0,0.0
MA0101202212A0052453,5,0,0.0,0.0,1.0,0.0
MA0101202212A0052531,5,1,0.0102543068088597,4.46,1.0,0.0
MA0101202212A0052774,5,4,0.1763740771123872,5.0,1.0,0.0
MA0101202212A0052855,5,5,0.3568498769483183,4.4,1.0,0.0
MA0101202212A0053109,5,1,0.0061525840853158,4.43,1.0,0.0
MA0101202212A0053509,5,3,0.0615258408531583,5.0,0.0,0.0
MA0101202212A0053853,5,0,0.0,0.0,1.0,0.0
MA0101202212A0054698,5,0,0.0,0.0,1.0,0.0
MA0101202212A0055939,4,1,0.0061525840853158,0.0,1.0,0.0
MA0101202212A0056493,5,5,0.6398687448728466,5.0,1.0,0.0
MA0101202212A0056861,5,1,0.0082034454470877,3.0,1.0,0.0
MA0101202212A0057329,5,1,0.0020508613617719,3.0,1.0,0.0
MA0101202212A0057555,5,3,0.0656275635767022,5.0,1.0,0.0
MA0101202212A0059727,5,3,0.0492206726825266,0.0,1.0,0.0
MA0101202212A0059839,5,4,0.1045939294503691,5.0,1.0,0.0
MA0101202212A0061055,5,1,0.0061525840853158,1.0,1.0,0.0
MA0101202212A0061986,5,5,1.361771944216571,3.5,1.0,0.0
MA0101202212A0062294,5,0,0.0,0.0,1.0,0.0
MA0101202212A0063472,4,1,0.0143560295324036,4.154999999999999,1.0,0.0
MA0101202212A0063765,1,0,0.0,0.0,1.0,0.0
MA0101202212A0064032,5,2,0.0184577522559474,5.0,1.0,0.0
MA0101202212A0064543,5,1,0.0041017227235438,4.35,1.0,0.0
MA0101202212A0065362,5,5,1.398687448728466,4.385,0.0,1.0
MA0101202212A0065543,5,4,0.1722723543888433,4.88,1.0,0.0
MA0101202212A0066614,5,1,0.0061525840853158,0.0,1.0,0.0
MA0101202212A0066743,1,2,0.0287120590648072,4.6,1.0,0.0
MA0101202212A0067184,5,3,0.0574241181296144,4.7,1.0,1.0
MA0101202212A0067813,5,0,0.0,0.0,1.0,0.0
MA0101202212A0067883,5,4,0.219442165709598,4.46,1.0,0.0
MA0101202212A0068611,5,3,0.0451189499589827,3.59,1.0,0.0
MA0101202212A0069021,5,3,0.0758818703855619,3.745,1.0,0.0
MA0101202212A0069160,5,5,1.2879409351927809,3.5250000000000004,1.0,1.0
MA0101202212A0069165,5,5,0.3978671041837572,4.6,1.0,0.0
MA0101202212A0069666,5,1,0.0082034454470877,5.0,1.0,0.0
MA0101202212A0069809,5,3,0.0553732567678424,4.0,1.0,0.0
MA0101202212A0069910,5,4,0.217391304347826,0.0,1.0,0.0
MA0101202212A0070824,5,5,0.3465955701394586,5.0,1.0,0.0
MA0101202212A0071100,5,1,0.0102543068088597,4.4,1.0,0.0
MA0101202212A0072763,5,5,0.7301066447908121,4.76,1.0,0.0
MA0101202212A0073987,5,3,0.0492206726825266,5.0,1.0,1.0
MA0101202212A0074092,5,2,0.0225594749794913,4.21,1.0,0.0
MA0101202212A0074728,5,5,1.5155865463494669,4.1,1.0,0.0
MA0101202212A0075559,5,2,0.0205086136177194,2.9,1.0,0.0
MA0101202212A0077108,5,0,0.0,0.0,0.0,0.0
MA0101202212A0077510,5,1,0.0143560295324036,0.0,1.0,1.0
MA0101202212A0077732,5,4,0.1620180475799836,5.0,1.0,0.0
MA0101202212A0080752,5,3,0.0697292863002461,4.0,1.0,0.0
MA0101202212A0082134,5,4,0.1907301066447908,0.0,1.0,0.0
MA0101202212A0082244,1,5,1.109515996718622,4.5,1.0,0.0
MA0101202212A0082327,1,1,0.0123051681706316,4.41,1.0,1.0
MA0101202212A0082698,5,4,0.1353568498769483,4.8,1.0,0.0
MA0101202212A0084847,5,3,0.0471698113207547,4.42,1.0,0.0
MA0101202212A0085742,5,0,0.0,0.0,1.0,0.0
MA0101202212A0086287,5,4,0.1107465135356849,4.8,1.0,1.0
MA0101202212A0089269,5,4,0.1148482362592288,3.8,0.0,1.0
MA0101202212A0089544,5,0,0.0,0.0,1.0,0.0
MA0101202212A0089940,5,5,0.3712059064807219,3.7,1.0,0.0
MA0101202212A0090513,5,1,0.0082034454470877,5.0,1.0,0.0
MA0101202212A0091128,5,4,0.219442165709598,4.59,1.0,0.0
MA0101202212A0092131,5,2,0.0287120590648072,5.0,1.0,0.0
MA0101202212A0092136,5,2,0.0205086136177194,0.0,1.0,0.0
MA0101202212A0092508,5,5,0.5209187858900739,4.6,1.0,1.0
MA0101202212A0092632,5,1,0.0041017227235438,5.0,1.0,0.0
MA0101202212A0092837,4,3,0.0389663658736669,4.8,0.0,1.0
MA0101202212A0093277,5,4,0.2337981952420016,0.0,1.0,0.0
MA0101202212A0095116,5,4,0.1661197703035274,3.8,1.0,0.0
MA0101202212A0096316,5,2,0.0184577522559474,3.7,1.0,0.0
MA0101202212A0096339,5,0,0.0,0.0,1.0,0.0
MA0101202212A0097331,1,0,0.0,0.0,0.0,0.0
MA0101202212A0097624,5,4,0.1927809680065627,4.4,1.0,0.0
MA0101202212A0098047,5,2,0.0328137817883511,5.0,1.0,0.0
MA0101202212A0098243,5,3,0.0492206726825266,2.7,1.0,0.0
MA0101202212A0098280,5,2,0.0205086136177194,0.0,1.0,1.0
MA0101202212A0099361,5,5,0.3527481542247744,4.39,1.0,1.0
MA0101202212A0099673,4,3,0.0902378999179655,4.69,1.0,1.0
MA0101202212A0099874,5,1,0.0143560295324036,2.3,1.0,0.0
MA0101202212A0099899,5,3,0.0553732567678424,3.7,1.0,0.0
MA0101202212A0100004,5,5,0.8941755537325677,5.0,1.0,1.0
MA0101202212A0100502,5,0,0.0,0.0,1.0,0.0
MA0101202301A0000207,5,3,0.0799835931091058,4.36,1.0,0.0
MA0101202301A0000442,5,3,0.0738310090237899,3.375,1.0,1.0
MA0101202301A0000569,5,2,0.0307629204265791,4.805,1.0,0.0
MA0101202301A0000768,5,5,0.5045118949958983,4.62,1.0,1.0
MA0101202301A0001083,1,5,1.1238720262510251,4.1,1.0,0.0
MA0101202301A0001713,5,0,0.0,0.0,1.0,0.0
MA0101202301A0002457,5,5,0.6152584085315833,4.609999999999999,1.0,0.0
MA0101202301A0002911,5,0,0.0,0.0,1.0,0.0
MA0101202301A0005061,5,1,0.0143560295324036,0.0,1.0,0.0
MA0101202301A0006057,5,3,0.0758818703855619,4.175,1.0,0.0
MA0101202301A0006107,5,5,0.9003281378178835,0.0,0.0,1.0
MA0101202301A0006215,5,2,0.0307629204265791,4.2,1.0,0.0
MA0101202301A0006807,1,0,0.0,0.0,1.0,0.0
MA0101202301A0007455,5,2,0.0205086136177194,0.0,1.0,0.0
MA0101202301A0007621,5,2,0.0184577522559474,4.545,0.0,0.0
MA0101202301A0007720,5,4,0.1579163248564397,0.0,0.0,0.0
MA0101202301A0007821,5,5,0.2789171452009844,4.7,1.0,1.0
MA0101202301A0008377,5,3,0.0410172272354388,0.0,1.0,0.0
MA0101202301A0009184,1,1,0.0123051681706316,2.665,1.0,0.0
MA0101202301A0009607,5,4,0.1353568498769483,4.7,1.0,0.0
MA0101202301A0010022,1,1,0.0020508613617719,5.0,0.0,0.0
MA0101202301A0010944,5,4,0.1538146021328958,2.975,0.0,1.0
MA0101202301A0011474,1,5,0.7116488925348646,4.6,0.0,1.0
MA0101202301A0011617,5,3,0.0635767022149302,3.755,1.0,1.0
MA0101202301A0011893,5,0,0.0,0.0,1.0,0.0
MA0101202301A0012968,5,3,0.0410172272354388,4.285,1.0,0.0
MA0101202301A0015125,5,1,0.0020508613617719,0.0,1.0,0.0
MA0101202301A0015130,1,1,0.0082034454470877,0.0,1.0,0.0
MA0101202301A0015484,5,3,0.0676784249384741,4.720000000000001,1.0,0.0
MA0101202301A0015961,5,2,0.0369155045118949,4.3,1.0,0.0
MA0101202301A0016776,4,4,0.182526661197703,1.4,0.0,0.0
MA0101202301A0017259,1,5,0.8429040196882691,4.8,1.0,0.0
MA0101202301A0017593,5,4,0.2112387202625102,4.6,1.0,0.0
MA0101202301A0019050,5,3,0.0533223954060705,4.6,1.0,0.0
MA0101202301A0021214,5,3,0.0779327317473338,4.54,1.0,0.0
MA0101202301A0021218,5,0,0.0,0.0,1.0,0.0
MA0101202301A0021442,5,5,0.5639868744872847,4.4,1.0,0.0
MA0101202301A0023081,1,0,0.0,0.0,1.0,0.0
MA0101202301A0023976,5,1,0.0041017227235438,5.0,1.0,1.0
MA0101202301A0024944,5,5,0.2768662838392124,4.4,1.0,1.0
MA0101202301A0025571,5,3,0.0676784249384741,2.0,1.0,0.0
MA0101202301A0025680,5,0,0.0,0.0,1.0,0.0
MA0101202301A0026386,5,0,0.0,0.0,1.0,0.0
MA0101202301A0026986,5,3,0.0533223954060705,3.3,0.0,0.0
MA0101202301A0027026,5,2,0.0369155045118949,2.5,1.0,0.0
MA0101202301A0027889,4,1,0.0041017227235438,5.0,1.0,0.0
MA0101202301A0028256,1,5,2.0426579163248566,4.455,1.0,0.0
MA0101202301A0028371,5,2,0.0184577522559474,4.3,1.0,1.0
MA0101202301A0028706,5,5,0.5475799835931091,4.545,1.0,1.0
MA0101202301A0029890,5,1,0.0082034454470877,4.0,0.0,0.0
MA0101202301A0031008,5,3,0.0779327317473338,4.7,1.0,0.0
MA0101202301A0031149,1,5,0.9782608695652174,4.23,0.0,0.0
MA0101202301A0031195,1,5,0.6931911402789172,4.32,1.0,1.0
MA0101202301A0032836,5,3,0.0615258408531583,4.7,1.0,1.0
MA0101202301A0033055,5,5,0.5988515176374077,3.6,1.0,0.0
MA0101202301A0034612,5,3,0.0471698113207547,5.0,1.0,0.0
MA0101202301A0036398,5,1,0.0041017227235438,3.5,1.0,0.0
MA0101202301A0038746,5,5,0.9433962264150944,4.3,1.0,1.0
MA0101202301A0039255,5,2,0.0246103363412633,4.79,1.0,0.0
MA0101202301A0040171,5,1,0.0102543068088597,4.08,1.0,1.0
MA0101202301A0040174,5,5,0.4122231337161608,4.815,1.0,1.0
MA0101202301A0041099,5,4,0.2112387202625102,4.9,1.0,0.0
MA0101202301A0041508,5,3,0.0697292863002461,4.5,1.0,0.0
MA0101202301A0041916,5,3,0.0451189499589827,4.9,1.0,0.0
MA0101202301A0042462,5,2,0.0225594749794913,4.3,1.0,0.0
MA0101202301A0044381,5,1,0.0020508613617719,5.0,1.0,0.0
MA0101202301A0046428,5,5,0.2809680065627563,0.0,1.0,0.0
MA0101202301A0046669,4,5,1.6345365053322394,4.5,1.0,0.0
MA0101202301A0047383,5,1,0.0041017227235438,0.0,1.0,1.0
MA0101202301A0049313,5,1,0.0082034454470877,5.0,1.0,0.0
MA0101202301A0050433,1,5,0.9331419196062346,3.3,1.0,0.0
MA0101202301A0053061,5,0,0.0,0.0,1.0,0.0
MA0101202301A0053239,1,2,0.0225594749794913,5.0,1.0,0.0
MA0101202301A0053490,5,5,0.5578342904019689,4.43,1.0,0.0
MA0101202301A0054143,1,0,0.0,0.0,0.0,0.0
MA0101202301A0054760,5,3,0.071780147662018,3.3,1.0,1.0
MA0101202301A0055405,5,5,0.6501230516817064,4.3,0.0,0.0
MA0101202301A0055967,5,4,0.1681706316652994,4.6,1.0,0.0
MA0101202301A0056905,5,0,0.0,0.0,1.0,0.0
MA0101202301A0056937,5,2,0.0225594749794913,0.0,1.0,0.0
MA0101202301A0056985,5,3,0.0840853158326497,3.595,1.0,0.0
MA0101202301A0057417,5,1,0.0061525840853158,5.0,1.0,0.0
MA0101202301A0058447,5,3,0.0758818703855619,0.0,1.0,0.0
MA0101202301A0058787,5,1,0.0143560295324036,0.0,1.0,0.0
MA0101202301A0059038,5,5,0.8326497128794095,5.0,0.0,1.0
MA0101202301A0061238,5,2,0.0164068908941755,2.3,1.0,0.0
MA0101202301A0061589,5,4,0.1435602953240361,5.0,1.0,0.0
MA0101202301A0062590,5,1,0.0123051681706316,4.2,1.0,0.0
MA0101202301A0062626,5,3,0.0512715340442986,4.1,1.0,1.0
MA0101202301A0062988,5,5,0.4963084495488105,4.1,1.0,1.0
MA0101202301A0063222,5,4,0.1599671862182116,4.9,1.0,0.0
MA0101202301A0063978,5,5,0.6767842493847416,4.2,0.0,0.0
MA0101202301A0064226,5,1,0.0020508613617719,0.0,1.0,1.0
MA0101202301A0064752,5,2,0.0205086136177194,0.0,0.0,0.0
MA0101202301A0065469,5,1,0.0082034454470877,5.0,1.0,0.0
MA0101202301A0065672,5,5,1.8806398687448729,3.95,1.0,0.0
MA0101202301A0066348,5,5,0.6111566858080394,4.5,1.0,0.0
MA0101202301A0066461,5,0,0.0,0.0,1.0,0.0
MA0101202301A0066484,5,1,0.0082034454470877,5.0,0.0,1.0
MA0101202301A0067942,1,5,0.9905660377358492,3.8,1.0,0.0
MA0101202301A0068079,1,4,0.1415094339622641,5.0,1.0,0.0
MA0101202301A0068497,1,0,0.0,0.0,1.0,0.0
MA0101202301A0068659,5,3,0.0430680885972108,3.0,1.0,0.0
MA0101202301A0069371,5,1,0.0082034454470877,0.0,1.0,0.0
MA0101202301A0070635,5,2,0.0307629204265791,5.0,0.0,0.0
MA0101202301A0070667,5,4,0.1517637407711238,4.7,1.0,1.0
MA0101202301A0070952,5,2,0.034864643150123,5.0,1.0,1.0
MA0101202301A0071068,5,5,0.4799015586546349,4.3,1.0,1.0
MA0101202301A0071893,5,2,0.0184577522559474,3.0,1.0,0.0
MA0101202301A0072054,5,2,0.0369155045118949,5.0,1.0,0.0
MA0101202301A0072104,5,1,0.0143560295324036,4.0,1.0,0.0
MA0101202301A0072402,5,4,0.0984413453650533,3.9,1.0,0.0
MA0101202301A0072708,5,3,0.0676784249384741,3.55,1.0,0.0
MA0101202301A0074256,4,0,0.0,0.0,1.0,0.0
MA0101202301A0074963,5,5,0.3917145200984413,4.5,1.0,0.0
MA0101202301A0076007,5,0,0.0,0.0,1.0,0.0
MA0101202301A0078086,5,5,0.4081214109926169,4.54,1.0,0.0
MA0101202301A0078611,5,0,0.0,0.0,1.0,0.0
MA0101202301A0080377,5,5,0.4265791632485644,3.5,1.0,1.0
MA0101202301A0080507,5,4,0.2378999179655455,4.6,1.0,0.0
MA0101202301A0080819,5,4,0.2214930270713699,5.0,1.0,0.0
MA0101202301A0080918,5,1,0.0082034454470877,3.5,1.0,0.0
MA0101202301A0081312,4,2,0.0307629204265791,4.8,0.0,1.0
MA0101202301A0081370,5,3,0.0861361771944216,5.0,1.0,1.0
MA0101202301A0081601,1,4,0.1435602953240361,0.0,0.0,0.0
MA0101202301A0082812,5,4,0.0963904840032813,5.0,0.0,0.0
MA0101202301A0083044,5,1,0.0143560295324036,0.0,1.0,0.0
MA0101202301A0083580,5,4,0.254306808859721,4.9,1.0,1.0
MA0101202301A0084363,5,3,0.0758818703855619,4.8,1.0,0.0
MA0101202301A0084783,1,0,0.0,0.0,1.0,0.0
MA0101202301A0085251,5,2,0.0225594749794913,5.0,0.0,1.0
MA0101202301A0086697,5,3,0.0861361771944216,4.4,1.0,1.0
MA0101202301A0087222,1,1,0.0082034454470877,0.0,1.0,0.0
MA0101202301A0087504,1,4,0.1353568498769483,4.7,1.0,1.0
MA0101202301A0088252,5,2,0.0369155045118949,4.365,1.0,1.0
MA0101202301A0090102,5,5,0.7321575061525841,2.5,0.0,0.0
MA0101202301A0090628,5,1,0.0020508613617719,0.0,1.0,1.0
MA0101202301A0090651,5,3,0.0697292863002461,5.0,1.0,0.0
MA0101202301A0090675,5,1,0.0082034454470877,4.835,1.0,0.0
MA0101202301A0090753,5,2,0.0164068908941755,0.0,1.0,0.0
MA0101202301A0091035,5,0,0.0,0.0,1.0,0.0
MA0101202301A0091199,5,2,0.034864643150123,3.64,1.0,0.0
MA0101202301A0091850,1,1,0.0041017227235438,0.0,1.0,0.0
MA0101202301A0092818,5,2,0.0287120590648072,3.0,1.0,0.0
MA0101202301A0093344,5,1,0.0143560295324036,4.5,1.0,0.0
MA0101202301A0093386,5,5,0.2625102543068088,5.0,1.0,1.0
MA0101202301A0093741,5,1,0.0123051681706316,3.0,1.0,0.0
MA0101202301A0093750,5,3,0.0471698113207547,5.0,1.0,0.0
MA0101202301A0093845,5,4,0.1620180475799836,0.0,1.0,0.0
MA0101202301A0094918,5,2,0.0369155045118949,5.0,1.0,1.0
MA0101202301A0095511,1,2,0.034864643150123,0.0,1.0,1.0
MA0101202301A0095799,5,1,0.0061525840853158,5.0,1.0,0.0
MA0101202301A0096294,5,1,0.0102543068088597,4.8,1.0,1.0
MA0101202301A0096406,5,1,0.0061525840853158,0.0,1.0,0.0
MA0101202301A0096615,5,3,0.0840853158326497,5.0,1.0,1.0
MA0101202301A0097369,5,2,0.0184577522559474,4.6,1.0,0.0
MA0101202301A0097448,5,3,0.0471698113207547,4.5,1.0,0.0
MA0101202301A0097486,5,5,0.4204265791632485,4.7,1.0,1.0
MA0101202301A0097903,1,0,0.0,0.0,0.0,0.0
MA0101202301A0098626,1,1,0.0061525840853158,5.0,0.0,0.0
MA0101202301A0099899,5,0,0.0,0.0,1.0,0.0
MA0101202301A0100200,5,5,0.9044298605414274,4.3,0.0,0.0
MA0101202301A0100292,5,1,0.0143560295324036,3.0,1.0,0.0
MA0101202301A0100557,5,1,0.0102543068088597,4.9,1.0,0.0
MA0101202301A0102447,5,2,0.0266611977030352,4.405,1.0,0.0
MA0101202301A0102602,5,1,0.0143560295324036,0.0,1.0,0.0
MA0101202301A0102781,5,1,0.0082034454470877,0.0,1.0,0.0
MA0101202301A0103400,5,2,0.0287120590648072,4.045,1.0,0.0
MA0101202301A0104964,5,3,0.0574241181296144,5.0,1.0,0.0
MA0101202301A0105419,5,5,0.5393765381460213,4.38,1.0,0.0
MA0101202301A0106304,1,0,0.0,0.0,1.0,0.0
MA0101202301A0106529,5,1,0.0082034454470877,2.0,0.0,0.0
MA0101202301A0108176,5,4,0.2276456111566858,4.8,1.0,0.0
MA0101202301A0109397,5,5,1.109515996718622,4.2,0.0,0.0
MA0101202302A0000879,5,2,0.0184577522559474,0.0,1.0,0.0
MA0101202302A0003571,5,5,0.4491386382280558,4.109999999999999,0.0,0.0
MA0101202302A0004334,5,1,0.0061525840853158,3.7,1.0,0.0
MA0101202302A0005147,5,2,0.0184577522559474,3.7,1.0,0.0
MA0101202302A0006689,5,3,0.0512715340442986,4.4,1.0,0.0
MA0101202302A0006819,5,5,0.258408531583265,4.8,1.0,0.0
MA0101202302A0007248,5,3,0.0410172272354388,4.4,1.0,1.0
MA0101202302A0009087,4,1,0.0041017227235438,0.0,1.0,0.0
MA0101202302A0009371,5,2,0.0307629204265791,4.37,1.0,1.0
MA0101202302A0009754,5,3,0.0861361771944216,5.0,1.0,0.0
MA0101202302A0010184,4,4,0.145611156685808,4.7,0.0,0.0
MA0101202302A0010314,5,2,0.0205086136177194,0.0,1.0,1.0
MA0101202302A0010967,5,0,0.0,0.0,1.0,0.0
MA0101202302A0011185,5,2,0.0205086136177194,2.0,1.0,0.0
MA0101202302A0012142,5,0,0.0,0.0,1.0,0.0
MA0101202302A0012717,1,5,0.3178835110746513,5.0,1.0,0.0
MA0101202302A0013424,5,2,0.0246103363412633,4.8,1.0,0.0
MA0101202302A0013533,5,2,0.0287120590648072,4.2,1.0,0.0
MA0101202302A0013665,4,4,0.1579163248564397,4.005,1.0,0.0
MA0101202302A0013769,5,0,0.0,0.0,1.0,0.0
MA0101202302A0013882,5,3,0.0533223954060705,4.6,1.0,1.0
MA0101202302A0014094,5,2,0.0287120590648072,4.1,1.0,1.0
MA0101202302A0014430,5,3,0.0430680885972108,3.4,1.0,0.0
MA0101202302A0015251,1,3,0.0861361771944216,2.0,1.0,1.0
MA0101202302A0015736,5,5,0.5106644790812142,3.5,1.0,0.0
MA0101202302A0016345,5,0,0.0,0.0,1.0,0.0
MA0101202302A0016483,1,1,0.0041017227235438,0.0,1.0,0.0
MA0101202302A0016588,5,3,0.0615258408531583,4.0,1.0,1.0
MA0101202302A0017006,5,5,1.251025430680886,4.3,1.0,0.0
MA0101202302A0017784,5,5,0.4265791632485644,4.32,1.0,0.0
MA0101202302A0017868,5,2,0.0266611977030352,5.0,1.0,0.0
MA0101202302A0017976,1,4,0.1148482362592288,4.5,1.0,0.0
MA0101202302A0018405,5,3,0.0492206726825266,3.8,1.0,0.0
MA0101202302A0018825,5,1,0.0041017227235438,4.83,1.0,1.0
MA0101202302A0019118,5,2,0.0307629204265791,4.8,1.0,0.0
MA0101202302A0019422,5,1,0.0061525840853158,4.7,1.0,0.0
MA0101202302A0019861,5,1,0.0041017227235438,5.0,1.0,0.0
MA0101202302A0020080,5,1,0.0061525840853158,4.5,1.0,0.0
MA0101202302A0021744,1,1,0.0041017227235438,4.5,1.0,0.0
MA0101202302A0022036,5,4,0.1866283839212469,0.0,1.0,1.0
MA0101202302A0022340,5,2,0.034864643150123,4.765000000000001,0.0,0.0
MA0101202302A0022567,1,0,0.0,0.0,0.0,0.0
MA0101202302A0024271,5,4,0.1927809680065627,3.8,1.0,0.0
MA0101202302A0024548,5,2,0.0369155045118949,4.4,1.0,0.0
MA0101202302A0025492,4,3,0.0410172272354388,5.0,1.0,1.0
MA0101202302A0026567,5,4,0.1435602953240361,5.0,0.0,0.0
MA0101202302A0027791,5,5,0.3035274815422477,3.3,0.0,0.0
MA0101202302A0028229,1,3,0.071780147662018,4.495,1.0,0.0
MA0101202302A0029143,1,1,0.0082034454470877,5.0,1.0,0.0
MA0101202302A0029756,5,1,0.0082034454470877,0.0,1.0,0.0
MA0101202302A0029783,5,2,0.0225594749794913,4.2,1.0,0.0
MA0101202302A0031310,5,4,0.256357670221493,4.5,1.0,0.0
MA0101202302A0031615,1,5,0.2686628383921247,0.0,1.0,0.0
MA0101202302A0032697,5,1,0.0102543068088597,0.0,1.0,0.0
MA0101202302A0032832,5,4,0.1127973748974569,5.0,1.0,1.0
MA0101202302A0033510,4,4,0.1558654634946677,5.0,1.0,1.0
MA0101202302A0034229,5,1,0.0102543068088597,4.0,1.0,0.0
MA0101202302A0034531,5,1,0.0082034454470877,5.0,1.0,1.0
MA0101202302A0036296,1,5,0.7485643970467597,4.8,1.0,1.0
MA0101202302A0037061,1,0,0.0,0.0,1.0,0.0
MA0101202302A0037735,5,4,0.217391304347826,5.0,1.0,0.0
MA0101202302A0039570,5,5,0.8305988515176375,3.835,0.0,0.0
MA0101202302A0040514,5,2,0.0307629204265791,3.5,1.0,0.0
MA0101202302A0040516,5,0,0.0,0.0,0.0,0.0
MA0101202302A0040778,5,0,0.0,0.0,0.0,0.0
MA0101202302A0041228,1,4,0.1189499589827727,4.484999999999999,1.0,1.0
MA0101202302A0042410,5,3,0.0676784249384741,0.0,1.0,1.0
MA0101202302A0042919,4,4,0.1620180475799836,4.8,1.0,0.0
MA0101202302A0045189,5,3,0.0451189499589827,5.0,1.0,0.0
MA0101202302A0045191,5,1,0.0020508613617719,0.0,1.0,0.0
MA0101202302A0046210,5,4,0.1292042657916325,5.0,1.0,0.0
MA0101202302A0048546,5,1,0.0143560295324036,4.3,1.0,0.0
MA0101202302A0049136,5,1,0.0020508613617719,0.0,1.0,0.0
MA0101202302A0049676,5,3,0.0492206726825266,4.555,1.0,0.0
MA0101202302A0049998,5,4,0.1292042657916325,4.7,1.0,0.0
MA0101202302A0050540,5,2,0.0225594749794913,4.21,1.0,0.0
MA0101202302A0051684,4,2,0.0369155045118949,3.0,1.0,0.0
MA0101202302A0052138,5,1,0.0123051681706316,5.0,1.0,0.0
MA0101202302A0052590,5,1,0.0123051681706316,1.7,1.0,0.0
MA0101202302A0052838,5,5,0.2748154224774405,3.7,0.0,0.0
MA0101202302A0052873,5,5,0.3506972928630025,0.0,1.0,0.0
MA0101202302A0056076,5,2,0.0266611977030352,5.0,1.0,0.0
MA0101202302A0056080,5,2,0.0266611977030352,3.3,1.0,0.0
MA0101202302A0056608,5,4,0.1620180475799836,4.2,1.0,1.0
MA0101202302A0056757,1,3,0.0389663658736669,4.82,1.0,1.0
MA0101202302A0056834,5,3,0.0451189499589827,0.0,1.0,0.0
MA0101202302A0058385,5,1,0.0102543068088597,0.0,1.0,0.0
MA0101202302A0058863,5,3,0.0656275635767022,4.165,1.0,1.0
MA0101202302A0059001,5,0,0.0,0.0,0.0,0.0
MA0101202302A0059569,5,4,0.0943396226415094,5.0,1.0,1.0
MA0101202302A0059928,5,1,0.0123051681706316,4.3,1.0,1.0
MA0101202302A0061731,5,3,0.0635767022149302,0.0,0.0,0.0
MA0101202302A0061832,1,3,0.0492206726825266,5.0,1.0,1.0
MA0101202302A0062281,5,2,0.0225594749794913,5.0,1.0,0.0
MA0101202302A0063077,5,0,0.0,0.0,0.0,0.0
MA0101202302A0063184,5,0,0.0,0.0,1.0,0.0
MA0101202302A0063513,5,4,0.1948318293683347,4.734999999999999,1.0,1.0
MA0101202302A0063579,5,3,0.0389663658736669,4.0,1.0,0.0
MA0101202302A0064419,5,4,0.1312551271534044,5.0,1.0,0.0
MA0101202302A0065249,1,4,0.0963904840032813,0.0,1.0,1.0
MA0101202302A0065295,5,5,0.8162428219852338,4.335,1.0,1.0
MA0101202302A0065596,5,5,0.8449548810500409,4.42,1.0,0.0
MA0101202302A0065970,5,4,0.1353568498769483,3.7,1.0,1.0
MA0101202302A0066264,5,2,0.0266611977030352,3.3,1.0,0.0
MA0101202302A0066507,5,0,0.0,0.0,1.0,0.0
MA0101202302A0067242,1,1,0.0041017227235438,0.0,1.0,0.0
MA0101202302A0067476,5,3,0.0492206726825266,0.0,1.0,1.0
MA0101202302A0067510,5,0,0.0,0.0,0.0,0.0
MA0101202302A0069364,5,0,0.0,0.0,1.0,0.0
MA0101202302A0069946,5,0,0.0,0.0,0.0,0.0
MA0101202302A0070520,5,2,0.0225594749794913,5.0,1.0,0.0
MA0101202302A0070683,1,2,0.0164068908941755,0.0,1.0,1.0
MA0101202302A0070985,5,1,0.0123051681706316,5.0,1.0,0.0
MA0101202302A0071119,5,5,0.5065627563576702,4.525,1.0,1.0
MA0101202302A0072864,5,2,0.0307629204265791,4.3,1.0,1.0
MA0101202302A0072882,5,1,0.0143560295324036,5.0,1.0,0.0
MA0101202302A0073133,5,0,0.0,4.53,1.0,0.0
MA0101202302A0073269,5,3,0.0410172272354388,3.605,1.0,0.0
MA0101202302A0073570,5,3,0.0512715340442986,5.0,1.0,0.0
MA0101202302A0074515,5,1,0.0082034454470877,5.0,1.0,0.0
MA0101202302A0074850,5,3,0.0492206726825266,4.315,1.0,1.0
MA0101202302A0075037,5,2,0.0369155045118949,3.9,1.0,0.0
MA0101202302A0077716,5,2,0.0369155045118949,5.0,1.0,0.0
MA0101202302A0078339,5,2,0.0164068908941755,1.8,1.0,0.0
MA0101202302A0078446,5,3,0.0451189499589827,0.0,1.0,0.0
MA0101202302A0078899,5,0,0.0,4.02,1.0,0.0
MA0101202302A0079109,5,4,0.2132895816242822,4.6,1.0,0.0
MA0101202302A0080343,5,5,0.9085315832649712,5.0,1.0,0.0
MA0101202302A0081630,5,1,0.0061525840853158,0.0,1.0,0.0
MA0101202302A0081954,5,1,0.0020508613617719,5.0,1.0,0.0
MA0101202302A0082484,5,1,0.0082034454470877,4.0,1.0,0.0
MA0101202302A0082981,5,3,0.0492206726825266,0.0,1.0,0.0
MA0101202302A0083526,5,2,0.0307629204265791,1.7,1.0,0.0
MA0101202302A0085350,5,0,0.0,0.0,1.0,0.0
MA0101202302A0086212,5,0,0.0,0.0,1.0,0.0
MA0101202302A0086330,5,1,0.0082034454470877,5.0,1.0,1.0
MA0101202302A0086773,5,4,0.1292042657916325,0.0,1.0,0.0
MA0101202302A0087448,5,5,0.5537325676784249,4.5,1.0,0.0
MA0101202302A0087546,5,4,0.1497128794093519,4.3,1.0,0.0
MA0101202302A0087652,5,4,0.145611156685808,4.2,1.0,0.0
MA0101202302A0088329,5,4,0.1907301066447908,0.0,1.0,0.0
MA0101202302A0088674,5,3,0.0902378999179655,0.0,1.0,0.0
MA0101202302A0089593,1,2,0.0225594749794913,5.0,1.0,0.0
MA0101202302A0090172,5,1,0.0143560295324036,0.0,1.0,0.0
MA0101202302A0090429,5,4,0.1271534044298605,5.0,1.0,0.0
MA0101202302A0090433,1,5,0.3137817883511074,4.8,1.0,0.0
MA0101202302A0092700,5,2,0.034864643150123,0.0,1.0,0.0
MA0101202302A0093930,5,4,0.1312551271534044,4.7,1.0,1.0
MA0101202302A0094420,5,0,0.0,0.0,1.0,0.0
MA0101202302A0094781,5,1,0.0061525840853158,5.0,1.0,0.0
MA0101202302A0094802,5,5,1.843724364232978,0.0,1.0,0.0
MA0101202302A0094818,5,2,0.0205086136177194,4.0,1.0,0.0
MA0101202302A0096327,5,5,0.477850697292863,4.765000000000001,1.0,0.0
MA0101202302A0097145,5,1,0.0041017227235438,4.5,1.0,0.0
MA0101202302A0098146,1,3,0.0512715340442986,0.0,0.0,0.0
MA0101202302A0098865,1,4,0.2132895816242822,3.2,1.0,1.0
MA0101202302A0099395,5,0,0.0,0.0,1.0,0.0
MA0101202302A0099455,5,2,0.0164068908941755,2.1,1.0,0.0
MA0101202302A0099640,5,0,0.0,0.0,1.0,0.0
MA0101202302A0101626,5,1,0.0123051681706316,5.0,1.0,0.0
MA0101202302A0101781,5,3,0.0656275635767022,5.0,0.0,0.0
MA0101202302A0103731,5,1,0.0020508613617719,0.0,1.0,0.0
MA0101202302A0104247,5,1,0.0102543068088597,5.0,1.0,0.0
MA0101202302A0104692,1,4,0.254306808859721,4.0,1.0,0.0
MA0101202302A0105660,5,4,0.1312551271534044,4.41,1.0,0.0
MA0101202302A0105739,5,1,0.0082034454470877,4.3,1.0,0.0
MA0101202302A0105818,5,2,0.0307629204265791,3.7,1.0,0.0
MA0101202302A0106558,5,3,0.0389663658736669,3.745,1.0,0.0
MA0101202302A0107127,5,3,0.0881870385561936,3.465,1.0,1.0
MA0101202302A0107699,5,4,0.2420016406890894,3.935,1.0,0.0
MA0101202302A0108061,5,2,0.0164068908941755,4.46,0.0,0.0
MA0101202302A0108153,5,2,0.0246103363412633,3.9,1.0,0.0
MA0101202302A0108250,5,2,0.0184577522559474,4.45,1.0,0.0
MA0101202302A0108581,5,2,0.0164068908941755,4.9,1.0,0.0
MA0101202302A0108820,4,4,0.0963904840032813,4.2,1.0,0.0
MA0101202302A0108997,5,5,0.8982772764561116,4.7,0.0,0.0
MA0101202302A0110364,5,5,0.4327317473338802,3.7,1.0,0.0
MA0101202302A0111661,5,2,0.0328137817883511,3.0,1.0,0.0
MA0101202302A0112534,5,4,0.1927809680065627,4.4,1.0,1.0
MA0101202302A0112809,5,0,0.0,0.0,1.0,0.0
MA0101202302A0113462,5,1,0.0143560295324036,0.0,1.0,0.0
MA0101202303A0000395,4,3,0.0820344544708777,5.0,0.0,0.0
MA0101202303A0000967,4,1,0.0041017227235438,3.0,1.0,0.0
MA0101202303A0002011,4,1,0.0102543068088597,5.0,1.0,0.0
MA0101202303A0002199,4,2,0.0225594749794913,3.0,1.0,0.0
MA0101202303A0002629,4,4,0.1702214930270713,5.0,1.0,0.0
MA0101202303A0002783,4,3,0.0492206726825266,4.76,1.0,0.0
MA0101202303A0003206,4,3,0.0779327317473338,0.0,0.0,0.0
MA0101202303A0003637,4,5,0.4634946677604594,0.0,0.0,0.0
MA0101202303A0003711,4,2,0.0225594749794913,5.0,1.0,0.0
MA0101202303A0003882,4,2,0.0225594749794913,5.0,1.0,0.0
MA0101202303A0004051,4,2,0.0307629204265791,4.0,1.0,1.0
MA0101202303A0005383,4,2,0.0369155045118949,5.0,1.0,0.0
MA0101202303A0005565,4,4,0.1292042657916325,4.34,1.0,0.0
MA0101202303A0005914,1,5,0.3855619360131255,0.0,1.0,1.0
MA0101202303A0006866,1,1,0.0061525840853158,3.0,1.0,1.0
MA0101202303A0007248,4,0,0.0,0.0,1.0,0.0
MA0101202303A0007917,4,2,0.0205086136177194,3.4,1.0,0.0
MA0101202303A0007939,4,3,0.0779327317473338,3.1,1.0,0.0
MA0101202303A0008330,4,1,0.0020508613617719,3.0,1.0,0.0
MA0101202303A0008346,4,4,0.1210008203445447,3.1,1.0,0.0
MA0101202303A0008918,4,1,0.0020508613617719,0.0,1.0,0.0
MA0101202303A0009133,4,2,0.0205086136177194,3.0,1.0,0.0
MA0101202303A0009741,1,5,0.2912223133716161,3.7,1.0,0.0
MA0101202303A0010028,4,1,0.0143560295324036,3.0,1.0,0.0
MA0101202303A0010140,4,1,0.0020508613617719,0.0,1.0,1.0
MA0101202303A0010506,4,5,0.5332239540607054,4.4,1.0,1.0
MA0101202303A0010612,4,4,0.1784249384741591,3.6,0.0,0.0
MA0101202303A0011317,4,5,0.4245283018867924,4.0,0.0,0.0
MA0101202303A0011456,4,3,0.0881870385561936,5.0,1.0,0.0
MA0101202303A0012138,4,1,0.0102543068088597,0.0,1.0,0.0
MA0101202303A0013132,4,2,0.0164068908941755,0.0,0.0,0.0
MA0101202303A0014008,1,0,0.0,0.0,1.0,0.0
MA0101202303A0014362,4,0,0.0,0.0,1.0,0.0
MA0101202303A0014650,4,2,0.0246103363412633,0.0,1.0,0.0
MA0101202303A0014859,4,3,0.0656275635767022,4.04,0.0,0.0
MA0101202303A0015009,4,4,0.1743232157506152,3.0650000000000004,1.0,1.0
MA0101202303A0015350,4,0,0.0,0.0,1.0,0.0
MA0101202303A0015918,4,2,0.0266611977030352,4.33,1.0,0.0
MA0101202303A0018264,1,2,0.0164068908941755,0.0,1.0,0.0
MA0101202303A0019963,4,1,0.0041017227235438,5.0,1.0,0.0
MA0101202303A0020196,4,2,0.0184577522559474,2.2,1.0,0.0
MA0101202303A0020505,4,0,0.0,0.0,1.0,0.0
MA0101202303A0020716,4,3,0.0410172272354388,5.0,1.0,0.0
MA0101202303A0021298,4,5,1.4561115668580804,2.4,0.0,0.0
MA0101202303A0021357,4,4,0.1661197703035274,4.8,1.0,0.0
MA0101202303A0021660,4,2,0.0266611977030352,4.0,1.0,0.0
MA0101202303A0023543,4,3,0.0656275635767022,3.37,1.0,0.0
MA0101202303A0023635,4,1,0.0061525840853158,0.0,0.0,0.0
MA0101202303A0023878,4,4,0.0943396226415094,4.61,1.0,1.0
MA0101202303A0024008,4,1,0.0102543068088597,5.0,1.0,0.0
MA0101202303A0024320,4,5,1.31870385561936,4.33,1.0,0.0
MA0101202303A0024778,4,2,0.034864643150123,4.4,1.0,0.0
MA0101202303A0025093,4,3,0.0430680885972108,3.0,1.0,0.0
MA0101202303A0025386,4,5,0.2727645611156686,2.8,0.0,0.0
MA0101202303A0025569,1,1,0.0123051681706316,0.0,1.0,0.0
MA0101202303A0025685,4,5,0.5147662018047581,2.9,0.0,1.0
MA0101202303A0025753,4,3,0.0451189499589827,4.720000000000001,1.0,0.0
MA0101202303A0025908,1,5,0.5639868744872847,0.0,0.0,0.0
MA0101202303A0026418,4,5,1.6427399507793272,4.74,1.0,0.0
MA0101202303A0027371,4,3,0.0799835931091058,5.0,1.0,0.0
MA0101202303A0027694,4,4,0.1251025430680886,5.0,1.0,1.0
MA0101202303A0028097,4,5,0.734208367514356,4.9,1.0,0.0
MA0101202303A0029577,4,2,0.0266611977030352,4.5,1.0,0.0
MA0101202303A0030588,1,5,0.3383921246923708,5.0,1.0,0.0
MA0101202303A0030621,4,5,1.0767022149302707,0.0,0.0,1.0
MA0101202303A0030638,4,5,0.8388022969647252,0.0,1.0,1.0
MA0101202303A0030739,4,3,0.0799835931091058,0.0,1.0,0.0
MA0101202303A0031066,4,5,0.2625102543068088,4.550000000000001,1.0,0.0
MA0101202303A0031525,4,1,0.0102543068088597,0.0,1.0,0.0
MA0101202303A0031979,4,1,0.0082034454470877,4.56,1.0,1.0
MA0101202303A0032171,4,2,0.0328137817883511,4.6,1.0,0.0
MA0101202303A0033454,4,3,0.0410172272354388,3.0,1.0,0.0
MA0101202303A0034310,4,1,0.0061525840853158,4.3,1.0,0.0
MA0101202303A0034352,4,1,0.0020508613617719,0.0,1.0,0.0
MA0101202303A0035034,1,5,0.7690730106644792,4.3,1.0,0.0
MA0101202303A0035053,4,2,0.0287120590648072,0.0,1.0,1.0
MA0101202303A0035059,4,5,0.3117309269893355,4.445,1.0,0.0
MA0101202303A0036100,4,5,0.2850697292863002,4.5,1.0,0.0
MA0101202303A0036606,1,3,0.0430680885972108,4.47,1.0,0.0
MA0101202303A0037489,4,2,0.0225594749794913,2.6,1.0,0.0
MA0101202303A0037800,4,2,0.0287120590648072,5.0,1.0,0.0
MA0101202303A0037861,4,1,0.0020508613617719,5.0,1.0,0.0
MA0101202303A0038843,4,3,0.0492206726825266,5.0,1.0,0.0
MA0101202303A0039259,4,2,0.0205086136177194,4.0,1.0,0.0
MA0101202303A0039272,4,2,0.0287120590648072,3.0,1.0,0.0
MA0101202303A0039384,4,0,0.0,0.0,1.0,0.0
MA0101202303A0039987,4,3,0.0840853158326497,3.3,0.0,0.0
MA0101202303A0041302,4,4,0.2071369975389664,0.0,1.0,0.0
MA0101202303A0041442,1,2,0.0246103363412633,4.07,1.0,0.0
MA0101202303A0041775,1,4,0.1640689089417555,2.1,1.0,1.0
MA0101202303A0041864,4,4,0.1538146021328958,3.5,1.0,1.0
MA0101202303A0042256,4,0,0.0,0.0,1.0,0.0
MA0101202303A0042452,4,1,0.0041017227235438,3.0,1.0,0.0
MA0101202303A0043203,4,1,0.0082034454470877,5.0,1.0,0.0
MA0101202303A0043297,4,0,0.0,0.0,1.0,0.0
MA0101202303A0044318,1,2,0.0184577522559474,5.0,1.0,0.0
MA0101202303A0045676,1,3,0.0492206726825266,4.4,1.0,1.0
MA0101202303A0045702,4,1,0.0143560295324036,4.4,1.0,0.0
MA0101202303A0045800,4,5,0.9290401968826908,4.6,1.0,0.0
MA0101202303A0046018,4,1,0.0041017227235438,0.0,1.0,0.0
MA0101202303A0046775,4,5,0.6009023789991796,4.2,0.0,0.0
MA0101202303A0046840,4,5,1.4253486464315013,0.0,1.0,0.0
MA0101202303A0046870,4,3,0.0389663658736669,0.0,1.0,0.0
MA0101202303A0048333,1,0,0.0,0.0,1.0,0.0
MA0101202303A0048626,4,5,0.2830188679245283,3.385,1.0,0.0
MA0101202303A0048750,4,2,0.0246103363412633,2.9,1.0,0.0
MA0101202303A0048771,4,3,0.0492206726825266,5.0,1.0,0.0
MA0101202303A0049282,1,0,0.0,0.0,1.0,0.0
MA0101202303A0049596,4,3,0.0574241181296144,4.0,1.0,0.0
MA0101202303A0050094,4,2,0.0164068908941755,0.0,1.0,0.0
MA0101202303A0051873,4,2,0.034864643150123,0.0,1.0,0.0
MA0101202303A0052439,4,5,0.6439704675963904,0.0,1.0,0.0
MA0101202303A0052601,4,1,0.0143560295324036,0.0,1.0,0.0
MA0101202303A0053069,4,1,0.0082034454470877,5.0,1.0,0.0
MA0101202303A0053112,4,4,0.256357670221493,4.5,1.0,0.0
MA0101202303A0053488,4,5,0.5968006562756357,3.9,1.0,0.0
MA0101202303A0053854,1,5,0.4655455291222313,3.5,0.0,0.0
MA0101202303A0054458,4,1,0.0061525840853158,3.7,0.0,1.0
MA0101202303A0054968,4,5,0.7629204265791633,4.5,1.0,0.0
MA0101202303A0056217,4,5,1.361771944216571,3.1,1.0,1.0
MA0101202303A0056489,4,1,0.0020508613617719,5.0,1.0,0.0
MA0101202303A0056772,4,2,0.0287120590648072,4.7,0.0,0.0
MA0101202303A0056875,4,4,0.1107465135356849,5.0,1.0,1.0
MA0101202303A0058976,4,4,0.217391304347826,1.0,1.0,0.0
MA0101202303A0059090,4,5,0.4224774405250204,4.5,1.0,0.0
MA0101202303A0059473,4,4,0.1333059885151763,4.9,1.0,0.0
MA0101202303A0059627,4,0,0.0,0.0,1.0,0.0
MA0101202303A0059719,4,3,0.0758818703855619,5.0,1.0,1.0
MA0101202303A0060501,4,3,0.0799835931091058,2.9,1.0,0.0
MA0101202303A0060756,1,0,0.0,4.25,0.0,0.0
MA0101202303A0061402,4,5,0.588597210828548,4.37,1.0,0.0
MA0101202303A0061404,4,0,0.0,0.0,1.0,0.0
MA0101202303A0061692,4,5,1.2120590648072191,4.609999999999999,1.0,0.0
MA0101202303A0061874,1,1,0.0020508613617719,0.0,1.0,0.0
MA0101202303A0062088,4,5,0.3445447087776866,4.315,1.0,0.0
MA0101202303A0062136,4,2,0.0225594749794913,5.0,1.0,0.0
MA0101202303A0062244,4,2,0.034864643150123,3.845,1.0,0.0
MA0101202303A0063856,1,1,0.0061525840853158,0.0,1.0,0.0
MA0101202303A0064550,4,5,0.2830188679245283,1.3,1.0,0.0
MA0101202303A0064739,4,2,0.0205086136177194,5.0,1.0,0.0
MA0101202303A0064755,4,2,0.0328137817883511,4.355,1.0,0.0
MA0101202303A0065115,4,1,0.0082034454470877,3.0,1.0,0.0
MA0101202303A0065419,4,3,0.0574241181296144,5.0,1.0,0.0
MA0101202303A0065845,4,3,0.071780147662018,4.2,1.0,1.0
MA0101202303A0065888,4,0,0.0,0.0,1.0,0.0
MA0101202303A0066518,4,3,0.0389663658736669,5.0,1.0,0.0
MA0101202303A0066682,4,3,0.0656275635767022,4.8,1.0,0.0
MA0101202303A0066690,4,3,0.0389663658736669,5.0,1.0,0.0
MA0101202303A0066767,4,2,0.0225594749794913,0.0,1.0,0.0
MA0101202303A0067460,4,1,0.0143560295324036,1.3,1.0,0.0
MA0101202303A0067631,4,4,0.1784249384741591,4.8,1.0,0.0
MA0101202303A0067728,1,5,0.3999179655455291,4.1,1.0,0.0
MA0101202303A0067897,4,0,0.0,0.0,1.0,1.0
MA0101202303A0068144,1,3,0.0758818703855619,4.9,1.0,0.0
MA0101202303A0068201,1,0,0.0,0.0,0.0,0.0
MA0101202303A0068595,4,2,0.0246103363412633,3.7,1.0,0.0
MA0101202303A0069630,4,2,0.0164068908941755,4.42,1.0,0.0
MA0101202303A0069708,4,4,0.108695652173913,4.0,0.0,0.0
MA0101202303A0070977,4,3,0.0430680885972108,3.4,1.0,0.0
MA0101202303A0071656,4,1,0.0082034454470877,4.665,1.0,0.0
MA0101202303A0072077,4,1,0.0041017227235438,0.0,1.0,0.0
MA0101202303A0072128,1,2,0.0164068908941755,4.61,1.0,1.0
MA0101202303A0072345,4,1,0.0041017227235438,4.54,1.0,1.0
MA0101202303A0073246,4,4,0.2296964725184577,0.0,1.0,0.0
MA0101202303A0073816,1,3,0.0533223954060705,0.0,1.0,0.0
MA0101202303A0073995,4,2,0.0184577522559474,4.5,1.0,0.0
MA0101202303A0074002,4,1,0.0061525840853158,0.0,1.0,0.0
MA0101202303A0074301,4,2,0.0287120590648072,4.4,1.0,0.0
MA0101202303A0074774,1,5,1.470467596390484,4.43,1.0,0.0
MA0101202303A0074898,4,1,0.0143560295324036,5.0,1.0,0.0
MA0101202303A0075569,1,3,0.0410172272354388,5.0,1.0,0.0
MA0101202303A0075679,4,0,0.0,0.0,1.0,0.0
MA0101202303A0076057,4,2,0.0246103363412633,3.4,1.0,0.0
MA0101202303A0076449,4,4,0.2317473338802297,4.8,0.0,1.0
MA0101202303A0077867,4,3,0.071780147662018,5.0,1.0,0.0
MA0101202303A0078675,4,0,0.0,0.0,1.0,0.0
MA0101202303A0079682,4,5,0.4081214109926169,4.1,1.0,0.0
MA0101202303A0080207,4,1,0.0143560295324036,3.9,1.0,0.0
MA0101202303A0080369,4,1,0.0061525840853158,0.0,1.0,0.0
MA0101202303A0080432,4,5,1.072600492206727,2.4,0.0,0.0
MA0101202303A0080790,4,4,0.2440525020508613,4.9,1.0,0.0
MA0101202303A0081002,1,0,0.0,0.0,1.0,0.0
MA0101202303A0081075,4,2,0.0246103363412633,3.7,1.0,0.0
MA0101202303A0081146,4,3,0.0758818703855619,4.6,1.0,1.0
MA0101202303A0081159,4,3,0.0738310090237899,5.0,1.0,0.0
MA0101202303A0081590,4,3,0.0820344544708777,3.875,1.0,1.0
MA0101202303A0082562,4,3,0.0758818703855619,5.0,1.0,1.0
MA0101202303A0083077,4,4,0.2112387202625102,0.0,0.0,0.0
MA0101202303A0083285,4,2,0.0287120590648072,2.9,1.0,0.0
MA0101202303A0083361,4,2,0.0328137817883511,3.705,1.0,0.0
MA0101202303A0083670,4,1,0.0061525840853158,0.0,1.0,0.0
MA0101202303A0083777,1,0,0.0,0.0,1.0,0.0
MA0101202303A0084047,4,5,0.4737489745693191,4.8,1.0,0.0
MA0101202303A0085141,4,4,0.1210008203445447,4.3,0.0,1.0
MA0101202303A0085506,4,1,0.0041017227235438,0.0,1.0,0.0
MA0101202303A0085543,4,2,0.0184577522559474,4.220000000000001,1.0,1.0
MA0101202303A0085771,4,5,0.3937653814602133,4.5,1.0,0.0
MA0101202303A0086124,4,2,0.0225594749794913,3.3,1.0,0.0
MA0101202303A0086835,4,5,0.2707136997538966,4.17,1.0,0.0
MA0101202303A0087379,4,1,0.0102543068088597,0.0,1.0,0.0
MA0101202303A0088204,1,0,0.0,0.0,1.0,1.0
MA0101202303A0088228,1,1,0.0061525840853158,3.0,1.0,0.0
MA0101202303A0088593,4,0,0.0,0.0,1.0,0.0
MA0101202303A0090297,4,1,0.0041017227235438,4.5,1.0,0.0
MA0101202303A0090924,4,0,0.0,0.0,1.0,0.0
MA0101202303A0091617,4,2,0.0184577522559474,0.0,1.0,0.0
MA0101202303A0091719,4,1,0.0041017227235438,0.0,1.0,0.0
MA0101202303A0093153,4,4,0.1784249384741591,0.0,0.0,0.0
MA0101202303A0093669,1,1,0.0041017227235438,5.0,1.0,0.0
MA0101202303A0094248,4,2,0.0164068908941755,3.0,1.0,0.0
MA0101202303A0094545,4,5,0.5045118949958983,0.0,1.0,1.0
MA0101202303A0095243,4,5,1.583264971287941,4.46,1.0,0.0
MA0101202303A0095591,1,1,0.0061525840853158,5.0,1.0,0.0
MA0101202303A0098343,4,2,0.0307629204265791,4.37,1.0,0.0
MA0101202303A0098422,4,2,0.0287120590648072,4.1,1.0,0.0
MA0101202303A0098459,4,4,0.1497128794093519,4.9,1.0,0.0
MA0101202303A0098982,4,4,0.1866283839212469,4.7,0.0,0.0
MA0101202303A0099435,4,4,0.2112387202625102,4.2,1.0,1.0
MA0101202303A0099766,4,5,0.477850697292863,0.0,1.0,1.0
MA0101202303A0100154,4,2,0.0184577522559474,4.7,1.0,0.0
MA0101202303A0100179,4,1,0.0061525840853158,5.0,1.0,0.0
MA0101202303A0100286,4,1,0.0082034454470877,3.3,1.0,0.0
MA0101202303A0100493,4,1,0.0123051681706316,2.5,1.0,0.0
MA0101202303A0101886,4,3,0.0656275635767022,5.0,1.0,1.0
MA0101202303A0102316,4,2,0.0307629204265791,4.6,1.0,0.0
MA0101202303A0102454,1,5,0.8490566037735848,4.74,1.0,1.0
MA0101202303A0103343,4,3,0.0389663658736669,4.69,1.0,1.0
MA0101202303A0105787,4,1,0.0020508613617719,5.0,1.0,1.0
MA0101202303A0106153,4,2,0.0205086136177194,5.0,1.0,0.0
MA0101202303A0106244,4,2,0.0266611977030352,4.5,1.0,0.0
MA0101202303A0106712,4,2,0.0266611977030352,0.0,1.0,0.0
MA0101202303A0107253,4,3,0.0492206726825266,4.65,1.0,0.0
MA0101202303A0107315,4,2,0.0246103363412633,4.3,1.0,0.0
MA0101202303A0107825,1,5,0.330188679245283,4.29,1.0,0.0
MA0101202303A0108266,4,4,0.1271534044298605,5.0,1.0,0.0
MA0101202303A0109283,4,3,0.0430680885972108,5.0,1.0,0.0
MA0101202303A0109328,4,5,0.2973748974569319,5.0,1.0,0.0
MA0101202303A0110037,4,1,0.0020508613617719,5.0,1.0,0.0
MA0101202303A0110174,4,3,0.0533223954060705,4.8,1.0,1.0
MA0101202303A0110265,4,4,0.0963904840032813,0.0,1.0,1.0
MA0101202303A0110820,4,1,0.0041017227235438,3.71,1.0,1.0
MA0101202303A0110844,4,5,0.6398687448728466,0.0,1.0,0.0
MA0101202303A0112624,4,5,0.810090237899918,0.0,0.0,0.0
MA0101202303A0113287,4,3,0.0676784249384741,4.0,1.0,0.0
MA0101202303A0113857,4,0,0.0,0.0,1.0,0.0
MA0101202303A0114093,4,5,1.7801476620180476,4.3,0.0,0.0
MA0101202303A0114510,4,2,0.0164068908941755,3.0,1.0,0.0
MA0101202303A0114513,4,4,0.1415094339622641,4.75,1.0,0.0
MA0101202303A0114698,4,4,0.1620180475799836,4.5,1.0,1.0
MA0101202303A0115326,4,2,0.034864643150123,3.5,1.0,0.0
MA0101202303A0115865,4,0,0.0,0.0,,
MA0101202303A0116080,4,3,0.0779327317473338,4.3,1.0,0.0
MA0101202303A0116169,4,1,0.0143560295324036,4.4,1.0,0.0
MA0101202303A0116235,4,2,0.034864643150123,4.8,1.0,0.0
MA0101202303A0117422,4,2,0.0164068908941755,4.57,1.0,0.0
MA0101202303A0117937,4,2,0.0225594749794913,5.0,1.0,0.0
MA0101202303A0118016,4,1,0.0102543068088597,0.0,1.0,0.0
MA0101202303A0119079,4,5,0.3855619360131255,4.6,1.0,0.0
MA0101202303A0120327,4,3,0.0615258408531583,0.0,1.0,0.0
MA0101202303A0120550,4,1,0.0020508613617719,5.0,1.0,0.0
MA0101202303A0120594,4,3,0.0820344544708777,5.0,1.0,0.0
MA0101202303A0120753,4,2,0.034864643150123,5.0,1.0,1.0
MA0101202303A0121298,4,1,0.0041017227235438,5.0,1.0,0.0
MA0101202303A0121532,4,4,0.2214930270713699,4.3,1.0,0.0
MA0101202303A0121722,4,2,0.034864643150123,3.555,1.0,0.0
MA0101202303A0122085,4,1,0.0123051681706316,5.0,1.0,0.0
MA0101202305A0000300,4,5,0.3465955701394586,0.0,1.0,0.0
MA0101202305A0000457,1,1,0.0143560295324036,0.0,0.0,0.0
MA0101202305A0000562,4,5,0.4142739950779328,4.8,0.0,0.0
MA0101202305A0000949,1,5,0.2912223133716161,4.5,1.0,0.0
MA0101202305A0001363,4,1,0.0143560295324036,5.0,1.0,0.0
MA0101202305A0002189,4,1,0.0061525840853158,5.0,1.0,0.0
MA0101202305A0002438,4,0,0.0,0.0,1.0,0.0
MA0101202305A0002468,4,2,0.0225594749794913,3.4,1.0,0.0
MA0101202305A0002546,4,4,0.2050861361771944,5.0,1.0,0.0
MA0101202305A0002748,1,4,0.0922887612797374,4.5,1.0,0.0
MA0101202305A0004132,4,5,0.8757178014766203,3.765,1.0,0.0
MA0101202305A0004176,1,1,0.0020508613617719,1.0,1.0,0.0
MA0101202305A0004342,4,1,0.0143560295324036,5.0,1.0,0.0
MA0101202305A0004516,4,2,0.0266611977030352,4.31,1.0,0.0
MA0101202305A0004653,4,3,0.0861361771944216,0.0,1.0,0.0
MA0101202305A0007221,4,5,1.6735028712059064,3.1,1.0,0.0
MA0101202305A0007510,4,3,0.0574241181296144,3.975,1.0,1.0
MA0101202305A0007517,4,5,0.3178835110746513,4.36,1.0,1.0
MA0101202305A0007566,4,2,0.0164068908941755,4.7,1.0,0.0
MA0101202305A0007598,4,0,0.0,0.0,1.0,0.0
MA0101202305A0008297,4,0,0.0,0.0,0.0,0.0
MA0101202305A0008440,4,2,0.0164068908941755,0.0,1.0,0.0
MA0101202305A0009289,4,2,0.0225594749794913,3.5,0.0,0.0
MA0101202305A0009641,1,1,0.0061525840853158,3.8,1.0,0.0
MA0101202305A0010889,4,3,0.0410172272354388,4.6,1.0,0.0
MA0101202305A0010902,4,5,1.6406890894175554,0.0,1.0,1.0
MA0101202305A0010958,4,4,0.1168990976210008,0.0,1.0,1.0
MA0101202305A0011305,4,2,0.0307629204265791,5.0,1.0,0.0
MA0101202305A0011364,4,4,0.1743232157506152,4.1,1.0,1.0
MA0101202305A0011855,4,1,0.0020508613617719,0.0,0.0,0.0
MA0101202305A0011917,1,1,0.0123051681706316,4.555,0.0,0.0
MA0101202305A0012401,4,1,0.0082034454470877,5.0,1.0,0.0
MA0101202305A0012411,1,5,0.2789171452009844,4.4,1.0,0.0
MA0101202305A0012449,4,3,0.0410172272354388,4.88,1.0,0.0
MA0101202305A0012589,4,4,0.2112387202625102,0.0,1.0,0.0
MA0101202305A0012810,4,3,0.0533223954060705,5.0,1.0,0.0
MA0101202305A0012906,4,2,0.0184577522559474,0.0,0.0,0.0
MA0101202305A0013061,4,3,0.0410172272354388,3.3,1.0,1.0
MA0101202305A0013911,4,0,0.0,0.0,1.0,0.0
MA0101202305A0013989,4,0,0.0,0.0,1.0,0.0
MA0101202305A0014449,4,3,0.0389663658736669,4.5,1.0,1.0
MA0101202305A0014670,4,4,0.217391304347826,3.6,1.0,0.0
MA0101202305A0015045,4,3,0.0533223954060705,5.0,0.0,0.0
MA0101202305A0015100,4,5,0.6767842493847416,4.6,1.0,0.0
MA0101202305A0016461,1,1,0.0102543068088597,4.654999999999999,1.0,0.0
MA0101202305A0016499,4,3,0.0553732567678424,4.3,0.0,1.0
MA0101202305A0016621,4,3,0.0758818703855619,3.3,1.0,0.0
MA0101202305A0017251,4,2,0.0266611977030352,4.0,1.0,0.0
MA0101202305A0017919,4,4,0.1989335520918786,4.3,1.0,1.0
MA0101202305A0018378,4,4,0.1148482362592288,0.0,0.0,0.0
MA0101202305A0018573,4,4,0.1045939294503691,4.0,1.0,1.0
MA0101202305A0018757,1,4,0.1045939294503691,4.779999999999999,0.0,1.0
MA0101202305A0019174,4,1,0.0102543068088597,4.2,1.0,0.0
MA0101202305A0019259,4,2,0.0246103363412633,1.3,1.0,0.0
MA0101202305A0019772,4,4,0.256357670221493,4.8,1.0,1.0
MA0101202305A0020065,4,2,0.0225594749794913,3.0,1.0,0.0
MA0101202305A0021309,4,2,0.0266611977030352,4.0,1.0,0.0
MA0101202305A0022302,4,0,0.0,0.0,1.0,0.0
MA0101202305A0022581,4,2,0.0266611977030352,5.0,1.0,0.0
MA0101202305A0022768,4,3,0.0430680885972108,5.0,1.0,0.0
MA0101202305A0022976,4,4,0.1374077112387202,4.5,1.0,0.0
MA0101202305A0023028,4,4,0.2522559474979491,3.5,1.0,0.0
MA0101202305A0023060,4,0,0.0,0.0,1.0,0.0
MA0101202305A0023147,4,2,0.0184577522559474,4.5,1.0,0.0
MA0101202305A0023192,4,1,0.0082034454470877,0.0,1.0,0.0
MA0101202305A0023490,4,1,0.0061525840853158,5.0,1.0,0.0
MA0101202305A0023511,4,3,0.0881870385561936,5.0,1.0,0.0
MA0101202305A0023656,4,3,0.0635767022149302,4.295,1.0,0.0
MA0101202305A0023700,4,1,0.0143560295324036,0.0,1.0,0.0
MA0101202305A0023803,4,5,0.4922067268252666,4.8,1.0,0.0
MA0101202305A0023842,4,2,0.0287120590648072,4.4,0.0,0.0
MA0101202305A0024020,4,2,0.0246103363412633,4.0,1.0,1.0
MA0101202305A0024318,1,0,0.0,0.0,1.0,0.0
MA0101202305A0024927,4,2,0.0205086136177194,3.82,1.0,0.0
MA0101202305A0026609,4,4,0.2112387202625102,3.86,1.0,0.0
MA0101202305A0026748,1,3,0.0533223954060705,5.0,1.0,1.0
MA0101202305A0026994,4,2,0.0307629204265791,3.0,1.0,0.0
MA0101202305A0027448,4,1,0.0041017227235438,0.0,1.0,0.0
MA0101202305A0028111,1,0,0.0,0.0,1.0,0.0
MA0101202305A0028320,4,5,0.920836751435603,0.0,1.0,0.0
MA0101202305A0028937,4,5,0.3117309269893355,4.26,0.0,0.0
MA0101202305A0029206,4,0,0.0,0.0,1.0,0.0
MA0101202305A0029478,4,2,0.0246103363412633,1.9,1.0,0.0
MA0101202305A0029528,4,5,0.3445447087776866,4.745,0.0,0.0
MA0101202305A0030173,4,2,0.0225594749794913,3.7,1.0,0.0
MA0101202305A0030494,4,4,0.0963904840032813,4.9,1.0,0.0
MA0101202305A0030566,1,4,0.1435602953240361,4.875,1.0,0.0
MA0101202305A0030821,4,5,1.2223133716160788,4.9,1.0,1.0
MA0101202305A0031219,4,4,0.1476620180475799,5.0,1.0,1.0
MA0101202305A0031939,4,5,0.3835110746513536,4.4,1.0,1.0
MA0101202305A0032914,4,2,0.0184577522559474,0.0,1.0,1.0
MA0101202305A0033300,4,3,0.0594749794913863,5.0,1.0,0.0
MA0101202305A0033502,1,5,0.3383921246923708,5.0,1.0,0.0
MA0101202305A0033656,4,3,0.0697292863002461,4.38,1.0,1.0
MA0101202305A0033901,4,2,0.0328137817883511,4.6,1.0,1.0
MA0101202305A0034166,4,3,0.0697292863002461,3.0,1.0,0.0
MA0101202305A0034313,4,2,0.0246103363412633,4.585,1.0,0.0
MA0101202305A0035181,4,0,0.0,0.0,1.0,0.0
MA0101202305A0035367,4,0,0.0,0.0,1.0,0.0
MA0101202305A0036298,4,0,0.0,0.0,1.0,0.0
MA0101202305A0036470,4,5,0.6480721903199343,4.0,1.0,1.0
MA0101202305A0036504,4,3,0.0697292863002461,4.0,1.0,0.0
MA0101202305A0036532,4,1,0.0102543068088597,0.0,1.0,0.0
MA0101202305A0036990,4,4,0.1804757998359311,0.0,1.0,0.0
MA0101202305A0037173,4,2,0.0287120590648072,4.0,1.0,0.0
MA0101202305A0037643,4,3,0.0389663658736669,0.0,1.0,1.0
MA0101202305A0038220,4,0,0.0,0.0,1.0,0.0
MA0101202305A0038473,4,2,0.0328137817883511,0.0,1.0,1.0
MA0101202305A0038507,4,1,0.0020508613617719,3.0,1.0,0.0
MA0101202305A0039467,4,2,0.0164068908941755,5.0,1.0,0.0
MA0101202305A0039573,4,2,0.0287120590648072,4.775,1.0,0.0
MA0101202305A0040038,4,1,0.0020508613617719,0.0,0.0,0.0
MA0101202305A0040085,4,4,0.1743232157506152,5.0,1.0,1.0
MA0101202305A0040113,4,2,0.0307629204265791,4.5,1.0,1.0
MA0101202305A0040442,4,2,0.0184577522559474,3.9,1.0,0.0
MA0101202305A0040579,4,3,0.0553732567678424,5.0,1.0,0.0
MA0101202305A0041205,4,1,0.0102543068088597,3.0,1.0,0.0
MA0101202305A0041354,4,5,0.3055783429040197,4.925000000000001,1.0,0.0
MA0101202305A0042103,1,1,0.0041017227235438,5.0,1.0,0.0
MA0101202305A0042184,1,0,0.0,0.0,1.0,0.0
MA0101202305A0042787,4,3,0.0553732567678424,3.815,1.0,0.0
MA0101202305A0043437,4,2,0.0246103363412633,4.0,1.0,1.0
MA0101202305A0044032,4,2,0.0287120590648072,5.0,1.0,0.0
MA0101202305A0045566,4,2,0.0287120590648072,4.9,1.0,0.0
MA0101202305A0045596,4,3,0.0410172272354388,5.0,1.0,0.0
MA0101202305A0045777,1,2,0.0184577522559474,0.0,1.0,0.0
MA0101202305A0047302,4,0,0.0,0.0,1.0,0.0
MA0101202305A0047327,4,2,0.034864643150123,3.6,1.0,0.0
MA0101202305A0048780,4,1,0.0123051681706316,4.8,1.0,0.0
MA0101202305A0049539,4,2,0.0225594749794913,2.5,1.0,0.0
MA0101202305A0049647,4,2,0.0287120590648072,0.0,1.0,1.0
MA0101202305A0050109,4,1,0.0102543068088597,0.0,1.0,1.0
MA0101202305A0050679,4,1,0.0020508613617719,0.0,1.0,1.0
MA0101202305A0051102,1,1,0.0082034454470877,5.0,1.0,0.0
MA0101202305A0051292,4,2,0.0225594749794913,0.0,1.0,0.0
MA0101202305A0051354,4,4,0.1558654634946677,3.0,1.0,1.0
MA0101202305A0051389,4,4,0.1333059885151763,3.55,1.0,0.0
MA0101202305A0051546,4,4,0.1927809680065627,4.654999999999999,1.0,0.0
MA0101202305A0051691,4,0,0.0,0.0,1.0,0.0
MA0101202305A0052884,4,2,0.0266611977030352,0.0,1.0,0.0
MA0101202305A0053255,4,2,0.0307629204265791,0.0,1.0,1.0
MA0101202305A0053603,4,1,0.0102543068088597,0.0,1.0,0.0
MA0101202305A0055490,1,2,0.0266611977030352,5.0,1.0,0.0
MA0101202305A0055606,1,0,0.0,0.0,1.0,0.0
MA0101202305A0056262,1,1,0.0041017227235438,0.0,1.0,1.0
MA0101202305A0056567,4,1,0.0020508613617719,5.0,1.0,0.0
MA0101202305A0056649,4,5,0.881870385561936,0.0,0.0,0.0
MA0101202305A0056938,4,1,0.0082034454470877,0.0,1.0,0.0
MA0101202305A0058964,4,5,0.7219031993437244,4.8,0.0,0.0
MA0101202305A0059545,4,2,0.0184577522559474,5.0,1.0,0.0
MA0101202305A0059829,4,1,0.0082034454470877,0.0,1.0,0.0
MA0101202305A0059899,4,1,0.0082034454470877,5.0,1.0,0.0
MA0101202305A0059988,4,4,0.1066447908121411,3.5,1.0,0.0
MA0101202305A0060185,4,3,0.0553732567678424,5.0,0.0,0.0
MA0101202305A0060435,4,3,0.0697292863002461,5.0,1.0,1.0
MA0101202305A0060451,4,5,0.3137817883511074,4.51,0.0,1.0
MA0101202305A0060500,4,5,0.4081214109926169,0.0,0.0,0.0
MA0101202305A0060529,4,0,0.0,0.0,1.0,0.0
MA0101202305A0060573,4,0,0.0,0.0,1.0,0.0
MA0101202305A0060700,4,5,0.2686628383921247,4.8,1.0,0.0
MA0101202305A0060754,4,2,0.034864643150123,4.8,1.0,0.0
MA0101202305A0060764,4,2,0.0164068908941755,4.6,1.0,0.0
MA0101202305A0061244,4,2,0.0307629204265791,4.5,1.0,0.0
MA0101202305A0061272,4,4,0.1538146021328958,3.775,1.0,1.0
MA0101202305A0062191,4,2,0.0184577522559474,4.3,1.0,1.0
MA0101202305A0062205,4,5,0.3383921246923708,2.6,1.0,0.0
MA0101202305A0062305,4,1,0.0020508613617719,4.855,1.0,1.0
MA0101202305A0062456,4,5,0.7075471698113207,4.0,1.0,0.0
MA0101202305A0062694,1,2,0.0225594749794913,4.8,1.0,0.0
MA0101202305A0062989,4,2,0.0184577522559474,4.7,1.0,0.0
MA0101202305A0063070,4,2,0.034864643150123,2.8,1.0,0.0
MA0101202305A0063339,4,0,0.0,0.0,1.0,0.0
MA0101202305A0064124,4,1,0.0143560295324036,5.0,1.0,0.0
MA0101202305A0064237,4,1,0.0061525840853158,5.0,1.0,0.0
MA0101202305A0064926,4,1,0.0061525840853158,3.0,1.0,0.0
MA0101202305A0064966,4,1,0.0020508613617719,4.0,1.0,0.0
MA0101202305A0065203,4,3,0.0799835931091058,2.7,1.0,0.0
MA0101202305A0065260,4,3,0.0471698113207547,5.0,1.0,1.0
MA0101202305A0065287,4,2,0.0246103363412633,4.0,1.0,1.0
MA0101202305A0065430,4,3,0.0471698113207547,4.38,1.0,0.0
MA0101202305A0065658,4,1,0.0020508613617719,0.0,1.0,0.0
MA0101202305A0066750,4,3,0.0451189499589827,3.7,1.0,0.0
MA0101202305A0067250,4,5,0.2604593929450369,4.8,1.0,0.0
MA0101202305A0067805,4,2,0.0369155045118949,5.0,1.0,0.0
MA0101202305A0068347,4,0,0.0,0.0,0.0,0.0
MA0101202305A0068406,4,2,0.0184577522559474,2.3,1.0,0.0
MA0101202305A0068562,4,1,0.0082034454470877,5.0,1.0,0.0
MA0101202305A0068982,4,1,0.0102543068088597,4.0,1.0,0.0
MA0101202305A0069455,4,5,0.4552912223133716,3.5,1.0,0.0
MA0101202305A0069737,4,1,0.0102543068088597,3.0,1.0,1.0
MA0101202305A0070531,4,3,0.0656275635767022,4.3,1.0,0.0
MA0101202305A0071076,4,3,0.0676784249384741,0.0,1.0,1.0
MA0101202305A0071343,4,2,0.0266611977030352,5.0,1.0,0.0
MA0101202305A0071499,4,1,0.0082034454470877,2.0,1.0,0.0
MA0101202305A0072107,4,0,0.0,0.0,1.0,0.0
MA0101202305A0072756,4,4,0.1763740771123872,0.0,1.0,1.0
MA0101202305A0073059,4,4,0.2481542247744052,0.0,0.0,1.0
MA0101202305A0073196,4,4,0.1661197703035274,5.0,1.0,0.0
MA0101202305A0073220,4,3,0.0861361771944216,4.3,1.0,0.0
MA0101202305A0074537,4,2,0.0287120590648072,4.5,1.0,0.0
MA0101202305A0074901,4,1,0.0061525840853158,0.0,1.0,0.0
MA0101202305A0075002,4,5,1.1977030352748157,2.9,0.0,0.0
MA0101202305A0075091,4,2,0.0328137817883511,5.0,0.0,0.0
MA0101202305A0075577,4,2,0.0266611977030352,4.025,1.0,0.0
MA0101202305A0075871,4,2,0.034864643150123,4.2,1.0,0.0
MA0101202305A0076287,1,0,0.0,0.0,1.0,1.0
MA0101202305A0076477,1,3,0.0820344544708777,4.8,0.0,0.0
MA0101202305A0078150,4,2,0.0328137817883511,3.3,1.0,0.0
MA0101202305A0078727,4,2,0.0307629204265791,4.7,1.0,0.0
MA0101202305A0078875,4,1,0.0061525840853158,2.7,1.0,0.0
MA0101202305A0079787,4,2,0.0225594749794913,4.279999999999999,1.0,0.0
MA0101202305A0080237,1,3,0.0492206726825266,5.0,0.0,1.0
MA0101202305A0080268,1,0,0.0,0.0,1.0,0.0
MA0101202305A0080652,4,3,0.0512715340442986,4.9,1.0,0.0
MA0101202305A0081324,4,1,0.0123051681706316,4.36,1.0,0.0
MA0101202305A0082061,4,0,0.0,0.0,1.0,0.0
MA0101202305A0082381,4,5,1.4499589827727646,4.8,1.0,0.0
MA0101202305A0082390,4,3,0.0410172272354388,2.6,1.0,0.0
MA0101202305A0082625,4,0,0.0,0.0,0.0,0.0
MA0101202305A0082681,4,4,0.1107465135356849,3.28,1.0,0.0
MA0101202305A0083029,4,4,0.182526661197703,3.0,1.0,1.0
MA0101202305A0083217,1,0,0.0,0.0,1.0,0.0
MA0101202305A0083394,4,3,0.0533223954060705,4.8,1.0,1.0
MA0101202305A0084976,4,4,0.1292042657916325,4.5,1.0,0.0
MA0101202305A0085104,4,3,0.0512715340442986,4.945,1.0,0.0
MA0101202305A0085118,4,3,0.0389663658736669,5.0,1.0,0.0
MA0101202305A0085130,4,3,0.0758818703855619,5.0,1.0,1.0
MA0101202305A0085637,1,2,0.034864643150123,5.0,1.0,1.0
MA0101202305A0085675,4,5,0.5004101722723544,4.7,1.0,0.0
MA0101202305A0085941,4,2,0.0369155045118949,0.0,0.0,1.0
MA0101202305A0086605,4,5,0.3978671041837572,3.1,1.0,0.0
MA0101202305A0087205,4,5,1.0069729286300246,3.3,0.0,1.0
MA0101202305A0087834,4,2,0.0287120590648072,3.3,1.0,0.0
MA0101202305A0088101,4,0,0.0,0.0,1.0,0.0
MA0101202305A0088120,4,5,0.6890894175553732,0.0,0.0,1.0
MA0101202305A0089078,4,2,0.0287120590648072,1.4,0.0,0.0
MA0101202305A0089476,4,3,0.0553732567678424,3.3,1.0,0.0
MA0101202305A0090323,4,0,0.0,0.0,1.0,0.0
MA0101202305A0090633,1,0,0.0,0.0,0.0,0.0
MA0101202305A0090671,4,1,0.0082034454470877,5.0,1.0,1.0
MA0101202305A0091418,4,2,0.0307629204265791,1.0,1.0,1.0
MA0101202305A0091731,4,3,0.0389663658736669,4.7,1.0,0.0
MA0101202305A0091966,1,4,0.2276456111566858,4.8,1.0,0.0
MA0101202305A0092799,4,5,1.3822805578342905,4.3,1.0,1.0
MA0101202305A0093553,4,4,0.1333059885151763,5.0,1.0,0.0
MA0101202305A0094736,4,4,0.1435602953240361,4.1,1.0,0.0
MA0101202305A0094771,4,5,0.3383921246923708,4.7,1.0,0.0
MA0101202305A0094773,4,2,0.0266611977030352,4.109999999999999,1.0,0.0
MA0101202305A0095443,4,3,0.0471698113207547,4.405,1.0,0.0
MA0101202305A0096502,4,1,0.0102543068088597,5.0,1.0,0.0
MA0101202305A0097101,4,2,0.0307629204265791,3.255,1.0,0.0
MA0101202305A0097465,4,0,0.0,0.0,1.0,0.0
MA0101202305A0097703,4,3,0.0861361771944216,5.0,1.0,0.0
MA0101202305A0098074,4,0,0.0,0.0,0.0,0.0
MA0101202305A0099281,4,5,0.2707136997538966,4.7,1.0,0.0
MA0101202305A0099293,4,3,0.0553732567678424,5.0,1.0,0.0
MA0101202305A0100032,4,5,0.401968826907301,3.9,1.0,0.0
MA0101202305A0100636,4,1,0.0102543068088597,5.0,1.0,0.0
MA0101202305A0101061,4,0,0.0,0.0,1.0,1.0
MA0101202305A0101198,4,0,0.0,0.0,1.0,0.0
MA0101202305A0101845,4,1,0.0041017227235438,3.0,1.0,0.0
MA0101202305A0102118,4,0,0.0,0.0,1.0,0.0
MA0101202305A0102416,4,3,0.0492206726825266,4.5,1.0,0.0
MA0101202305A0102437,4,0,0.0,0.0,0.0,0.0
MA0101202305A0102813,1,2,0.0205086136177194,5.0,1.0,0.0
MA0101202305A0103250,1,1,0.0082034454470877,4.8,1.0,0.0
MA0101202305A0103329,4,2,0.0184577522559474,2.7,1.0,0.0
MA0101202305A0103646,4,4,0.1907301066447908,4.38,0.0,0.0
MA0101202305A0104228,1,3,0.0553732567678424,4.5,1.0,1.0
MA0101202305A0104562,4,5,0.5824446267432322,4.54,1.0,0.0
MA0101202305A0104670,4,5,1.1423297785069728,3.425,0.0,0.0
MA0101202305A0105213,4,5,0.7854799015586545,4.0,1.0,0.0
MA0101202305A0105235,4,5,1.0561936013125512,4.4,0.0,0.0
MA0101202305A0105499,4,3,0.0492206726825266,5.0,1.0,0.0
MA0101202305A0105622,4,5,0.3076292042657916,4.38,1.0,0.0
MA0101202305A0105731,4,2,0.0164068908941755,5.0,1.0,0.0
MA0101202305A0106484,1,0,0.0,0.0,1.0,0.0
MA0101202305A0106603,1,5,0.3486464315012305,5.0,1.0,1.0
MA0101202305A0106813,4,3,0.0615258408531583,0.0,1.0,0.0
MA0101202305A0107329,4,4,0.1743232157506152,3.7,1.0,0.0
MA0101202305A0107727,1,1,0.0082034454470877,5.0,1.0,0.0
MA0101202305A0107745,4,2,0.0266611977030352,5.0,1.0,0.0
MA0101202305A0108379,4,2,0.0184577522559474,4.4,1.0,0.0
MA0101202305A0108431,4,1,0.0082034454470877,4.8,1.0,0.0
MA0101202305A0108863,4,5,0.3178835110746513,4.2,1.0,0.0
MA0101202305A0109638,4,1,0.0061525840853158,4.63,1.0,0.0
MA0101202305A0109820,4,2,0.0328137817883511,0.0,1.0,0.0
MA0101202305A0109895,4,2,0.0164068908941755,4.8,1.0,0.0
MA0101202305A0110009,4,3,0.0574241181296144,4.8,1.0,1.0
MA0101202305A0111206,4,5,0.3773584905660377,4.6850000000000005,1.0,1.0
MA0101202305A0111298,4,0,0.0,0.0,1.0,0.0
MA0101202305A0112097,4,2,0.0287120590648072,5.0,1.0,0.0
MA0101202305A0112402,4,0,0.0,0.0,1.0,0.0
MA0101202305A0113370,4,1,0.0143560295324036,4.79,1.0,0.0
MA0101202305A0113704,1,5,0.2850697292863002,4.609999999999999,0.0,0.0
MA0101202305A0113812,4,3,0.0738310090237899,4.645,1.0,0.0
MA0101202305A0114250,4,2,0.0164068908941755,0.0,0.0,0.0
MA0101202305A0114596,4,1,0.0143560295324036,5.0,1.0,0.0
MA0101202305A0114774,4,1,0.0123051681706316,4.58,1.0,0.0
MA0101202305A0116019,4,5,0.3383921246923708,0.0,1.0,0.0
MA0101202305A0116226,4,3,0.0471698113207547,5.0,1.0,0.0
MA0101202305A0116377,1,2,0.0369155045118949,5.0,1.0,1.0
MA0101202305A0117126,4,2,0.0328137817883511,5.0,1.0,1.0
MA0101202305A0117175,4,3,0.0389663658736669,5.0,1.0,0.0
MA0101202305A0117356,1,5,0.3117309269893355,0.0,1.0,0.0
MA0101202305A0118106,4,2,0.0246103363412633,4.605,1.0,0.0
MA0101202305A0118126,4,3,0.0840853158326497,5.0,1.0,0.0
MA0101202305A0118923,4,1,0.0143560295324036,5.0,1.0,0.0
MA0101202305A0119278,1,0,0.0,0.0,1.0,0.0
MA0101202305A0119444,4,3,0.0738310090237899,0.0,1.0,0.0
MA0101202305A0120075,4,3,0.0389663658736669,4.5,0.0,0.0
MA0101202305A0120581,4,4,0.2030352748154225,5.0,1.0,1.0
MA0101202305A0120892,4,4,0.1661197703035274,5.0,1.0,1.0
MA0101202305A0121384,4,4,0.2358490566037736,4.7,1.0,0.0
MA0101202305A0121620,1,3,0.0492206726825266,4.8,1.0,1.0
MA0101202305A0121651,4,3,0.0533223954060705,5.0,1.0,0.0
MA0101202305A0121922,4,3,0.0533223954060705,5.0,1.0,0.0
MA0101202305A0122431,1,1,0.0102543068088597,0.0,1.0,1.0
MA0101202305A0122537,4,2,0.0205086136177194,3.83,1.0,0.0
MA0101202305A0122679,1,0,0.0,0.0,0.0,0.0
MA0101202305A0122911,4,3,0.0676784249384741,5.0,1.0,0.0
MA0101202305A0123318,4,5,1.2551271534044297,4.42,1.0,1.0
MA0101202305A0124235,4,4,0.1230516817063166,3.1,1.0,0.0
MA0101202305A0124716,1,3,0.0758818703855619,3.58,1.0,0.0
MA0101202305A0124774,1,5,0.6562756357670221,4.67,1.0,0.0
MA0101202305A0125148,4,5,0.3855619360131255,0.0,0.0,1.0
MA0101202305A0125471,4,4,0.2522559474979491,3.7,1.0,1.0
MA0101202305A0126414,1,1,0.0102543068088597,5.0,1.0,0.0
MA0101202305A0126667,4,3,0.0697292863002461,4.7,1.0,1.0
MA0101202305A0127662,4,4,0.1230516817063166,0.0,1.0,0.0
MA0101202305A0127871,4,0,0.0,0.0,1.0,0.0
MA0101202305A0127882,4,5,0.5147662018047581,4.02,0.0,0.0
MA0101202305A0127909,4,0,0.0,4.35,0.0,1.0
MA0101202305A0128400,4,3,0.0533223954060705,3.3,1.0,0.0
MA0101202305A0128635,4,5,0.3630024610336341,4.9,1.0,1.0
MA0101202305A0128915,4,1,0.0041017227235438,4.44,1.0,0.0
MA0101202305A0128956,4,0,0.0,0.0,1.0,0.0
MA0101202305A0129289,4,2,0.0205086136177194,3.7,1.0,0.0
MA0101202305A0130116,4,0,0.0,0.0,1.0,0.0
MA0101202305A0130211,1,0,0.0,0.0,0.0,0.0
MA0101202305A0130235,4,2,0.0184577522559474,5.0,1.0,0.0
MA0101202305A0130504,4,3,0.0697292863002461,0.0,1.0,0.0
MA0101202305A0130885,4,5,0.2830188679245283,3.5,1.0,1.0
MA0101202305A0131046,4,5,0.6829368334700574,4.0,1.0,0.0
MA0101202305A0131792,4,0,0.0,0.0,1.0,0.0
MA0101202305A0132928,4,3,0.0594749794913863,4.9,1.0,0.0
MA0101202305A0132935,4,3,0.0533223954060705,3.455,1.0,0.0
MA0101202305A0133034,4,4,0.1599671862182116,4.9,1.0,0.0
MA0101202305A0133137,4,2,0.0164068908941755,5.0,1.0,0.0
MA0101202305A0133240,4,2,0.0328137817883511,5.0,1.0,0.0
MA0101202305A0133719,4,5,0.4511894995898277,4.805,1.0,0.0
MA0101202305A0134657,4,5,0.406070549630845,4.9,1.0,0.0
MA0101202305A0135013,4,5,0.6419196062346186,0.0,1.0,0.0
MA0101202305A0135018,4,0,0.0,0.0,1.0,1.0
MA0101202305A0135511,4,0,0.0,0.0,1.0,0.0
MA0101202305A0135919,4,0,0.0,0.0,1.0,0.0
MA0101202305A0136703,4,2,0.0266611977030352,4.2,1.0,0.0
MA0101202305A0136901,4,4,0.182526661197703,4.3,1.0,1.0
MA0101202305A0136986,4,2,0.0307629204265791,0.0,1.0,1.0
MA0101202305A0137050,1,1,0.0123051681706316,5.0,1.0,0.0
MA0101202305A0137054,4,1,0.0082034454470877,0.0,1.0,0.0
MA0101202305A0137535,4,2,0.0205086136177194,2.4,1.0,0.0
MA0101202305A0137683,4,3,0.0635767022149302,3.7,1.0,0.0
MA0101202305A0138730,4,5,0.3035274815422477,4.9,1.0,1.0
MA0101202305A0138799,4,4,0.1127973748974569,5.0,1.0,0.0
MA0101202305A0139078,4,0,0.0,0.0,1.0,0.0
MA0101202305A0139197,4,5,0.2850697292863002,5.0,0.0,0.0
MA0101202305A0139590,4,5,0.2666119770303527,4.7,1.0,1.0
MA0101202305A0139788,4,3,0.0861361771944216,5.0,1.0,0.0
MA0101202305A0140047,4,3,0.0779327317473338,4.6,1.0,0.0
MA0101202305A0140537,4,1,0.0041017227235438,5.0,1.0,0.0
MA0101202305A0140786,4,5,0.5250205086136177,0.0,0.0,1.0
MA0101202305A0141516,4,4,0.1333059885151763,5.0,0.0,0.0
MA0101202305A0141520,4,2,0.0287120590648072,4.5,1.0,0.0
MA0101202305A0141623,4,1,0.0020508613617719,0.0,0.0,0.0
MA0101202305A0141987,1,4,0.1004922067268252,4.595000000000001,1.0,1.0
MA0101202305A0143126,4,5,0.2830188679245283,4.3,1.0,0.0
MA0101202305A0143204,4,1,0.0041017227235438,4.5,1.0,0.0
MA0101202305A0143621,4,5,0.3958162428219852,4.895,0.0,0.0
MA0101202305A0144330,4,5,0.6542247744052503,4.1,0.0,1.0
MA0101202305A0144841,4,2,0.034864643150123,5.0,1.0,1.0
MA0101202305A0145464,4,5,0.8264971287940935,0.0,1.0,0.0
MA0101202305A0145476,4,0,0.0,0.0,1.0,1.0
MA0101202305A0145594,4,2,0.0164068908941755,5.0,1.0,0.0
MA0101202305A0146255,4,0,0.0,0.0,1.0,0.0
MA0101202305A0146430,4,2,0.0287120590648072,4.8,1.0,0.0
MA0101202305A0147057,4,4,0.2296964725184577,5.0,1.0,0.0
MA0101202305A0147300,4,5,0.9598031173092698,4.8,0.0,0.0
MA0101202305A0147768,1,4,0.1661197703035274,0.0,1.0,0.0
MA0101202305A0148952,4,5,0.3158326497128794,4.4,1.0,0.0
MA0101202305A0149029,4,1,0.0082034454470877,5.0,1.0,0.0
MA0101202305A0149440,4,3,0.0594749794913863,4.52,1.0,0.0
MA0101202305A0149505,4,2,0.0184577522559474,5.0,1.0,0.0
MA0101202305A0149683,4,2,0.034864643150123,0.0,1.0,1.0
MA0101202305A0149962,4,3,0.0861361771944216,5.0,0.0,1.0
MA0101202305A0150275,4,2,0.034864643150123,4.7,1.0,0.0
MA0101202305A0151202,4,3,0.0615258408531583,4.8,0.0,0.0
MA0101202305A0152058,4,0,0.0,0.0,1.0,0.0
MA0101202305A0152174,4,0,0.0,0.0,1.0,0.0
MA0101202305A0153682,1,5,0.6439704675963904,3.4,1.0,0.0
MA0101202305A0153704,4,3,0.0738310090237899,4.6,1.0,0.0
MA0101202305A0154597,4,3,0.0902378999179655,3.895,1.0,0.0
MA0101202305A0155336,4,3,0.0697292863002461,4.35,0.0,0.0
MA0101202305A0155854,4,1,0.0143560295324036,3.0,1.0,0.0
MA0101202305A0156057,4,3,0.0799835931091058,4.7,1.0,0.0
MA0101202305A0156062,1,2,0.0164068908941755,0.0,1.0,0.0
MA0101202305A0156222,4,2,0.0164068908941755,2.0,1.0,0.0
MA0101202305A0156375,4,1,0.0102543068088597,0.0,1.0,0.0
MA0101202305A0156569,4,3,0.0451189499589827,3.8,1.0,0.0
MA0101202305A0156904,4,1,0.0020508613617719,5.0,1.0,0.0
MA0101202305A0157363,4,0,0.0,0.0,0.0,0.0
MA0101202305A0159299,4,0,0.0,0.0,1.0,0.0
MA0101202305A0159326,4,1,0.0061525840853158,2.695,0.0,0.0
MA0101202305A0159365,4,1,0.0041017227235438,4.41,1.0,0.0
MA0101202305A0159753,1,5,0.3055783429040197,4.9,1.0,1.0
MA0101202305A0161634,4,2,0.0328137817883511,5.0,0.0,0.0
MA0101202305A0161794,4,5,1.101312551271534,0.0,0.0,0.0
MA0101202305A0162405,4,4,0.1374077112387202,4.74,1.0,0.0
MA0101202305A0163189,4,2,0.0369155045118949,3.4,1.0,1.0
MA0101202305A0163779,4,4,0.0922887612797374,5.0,1.0,0.0
MA0101202305A0164322,4,2,0.0287120590648072,4.6,1.0,0.0
MA0101202305A0165075,4,3,0.0594749794913863,3.58,1.0,0.0
MA0101202305A0165849,4,2,0.0225594749794913,4.3,0.0,0.0
MA0101202305A0165968,4,4,0.0943396226415094,3.7,1.0,0.0
MA0101202305A0166406,4,3,0.0676784249384741,4.48,0.0,0.0
MA0101202305A0167438,1,5,0.9680065627563575,4.61,1.0,0.0
MA0101202305A0167897,4,0,0.0,0.0,1.0,0.0
MA0101202305A0168674,4,3,0.0389663658736669,0.0,1.0,0.0
MA0101202305A0169282,4,0,0.0,0.0,0.0,0.0
MA0101202305A0170448,4,1,0.0061525840853158,5.0,1.0,0.0
MA0101202305A0170538,4,0,0.0,0.0,1.0,0.0
MA0101202305A0170541,4,0,0.0,0.0,0.0,0.0
MA0101202305A0170855,4,2,0.0164068908941755,0.0,1.0,1.0
MA0101202305A0170977,4,2,0.0246103363412633,5.0,1.0,0.0
MA0101202305A0171101,4,1,0.0061525840853158,0.0,1.0,0.0
MA0101202305A0171645,4,4,0.1066447908121411,5.0,1.0,1.0
MA0101202305A0171704,4,2,0.0266611977030352,5.0,1.0,0.0
MA0101202305A0171784,4,2,0.0246103363412633,4.8,1.0,0.0
MA0101202305A0172328,4,3,0.0410172272354388,5.0,1.0,0.0
MA0101202305A0172364,4,1,0.0123051681706316,0.0,1.0,0.0
MA0101202305A0172515,4,4,0.1251025430680886,4.5,1.0,1.0
MA0101202305A0172562,4,2,0.0287120590648072,2.0,1.0,0.0
MA0101202305A0172799,4,5,1.5114848236259228,4.28,1.0,0.0
MA0101202305A0173061,4,1,0.0020508613617719,5.0,1.0,0.0
MA0101202305A0173869,4,2,0.0225594749794913,4.5,1.0,0.0
MA0101202305A0173892,4,2,0.0205086136177194,3.7,1.0,0.0
MA0101202305A0174019,4,3,0.0512715340442986,4.19,1.0,0.0
MA0101202305A0174086,4,1,0.0061525840853158,5.0,1.0,0.0
MA0101202305A0174208,4,2,0.0328137817883511,4.1,0.0,0.0
MA0101202305A0174250,4,4,0.1333059885151763,5.0,1.0,0.0
MA0101202305A0174455,4,5,0.293273174733388,4.8,1.0,1.0
MA0101202305A0174632,4,4,0.1538146021328958,2.6,1.0,0.0
MA0101202305A0175211,1,5,0.8716160787530763,5.0,1.0,1.0
MA0101202305A0175501,4,1,0.0102543068088597,5.0,1.0,1.0
MA0101202305A0175726,4,2,0.0164068908941755,4.359999999999999,1.0,1.0
MA0101202305A0175852,1,1,0.0143560295324036,4.3,1.0,0.0
MA0101202305A0176541,4,4,0.1210008203445447,4.8,1.0,1.0
MA0101202305A0176705,4,2,0.0369155045118949,1.9,1.0,0.0
MA0101202305A0177304,4,3,0.0758818703855619,0.0,1.0,1.0
MA0101202305A0178421,4,4,0.1415094339622641,4.4,0.0,1.0
MA0101202305A0178748,4,2,0.0164068908941755,0.0,0.0,0.0
MA0101202305A0179136,4,0,0.0,0.0,1.0,0.0
MA0101202305A0179270,4,4,0.0984413453650533,0.0,1.0,0.0
MA0101202305A0179476,4,3,0.071780147662018,0.0,0.0,0.0
MA0101202305A0179726,4,4,0.1066447908121411,3.72,1.0,0.0
MA0101202305A0180983,4,5,0.8326497128794095,4.2,0.0,0.0
MA0101202305A0181241,4,1,0.0082034454470877,0.0,1.0,0.0
MA0101202305A0181399,4,3,0.0656275635767022,5.0,1.0,0.0
MA0101202305A0182284,4,2,0.0225594749794913,3.7,1.0,0.0
MA0101202305A0182524,4,2,0.0205086136177194,5.0,1.0,0.0
MA0101202305A0183085,4,0,0.0,0.0,0.0,0.0
MA0101202305A0183667,4,4,0.0984413453650533,4.8,1.0,0.0
MA0101202305A0184036,1,0,0.0,0.0,1.0,0.0
MA0101202305A0184808,4,0,0.0,0.0,1.0,0.0
MA0101202305A0185272,4,1,0.0102543068088597,4.75,1.0,1.0
MA0101202305A0185582,4,1,0.0082034454470877,3.5,1.0,0.0
MA0101202305A0185904,4,4,0.1722723543888433,4.7,1.0,1.0
MA0101202305A0186558,4,1,0.0061525840853158,5.0,0.0,0.0
MA0101202305A0187767,4,5,0.5147662018047581,4.6,1.0,1.0
MA0101202305A0188372,4,5,1.5094339622641508,4.3,1.0,0.0
MA0101202305A0188482,4,4,0.1681706316652994,4.904999999999999,1.0,0.0
MA0101202305A0188570,4,3,0.0840853158326497,3.9,1.0,0.0
MA0101202305A0188867,4,3,0.0758818703855619,5.0,1.0,0.0
MA0101202305A0188899,4,1,0.0082034454470877,0.0,1.0,0.0
MA0101202305A0190985,1,5,0.4901558654634946,4.5,1.0,1.0
MA0101202305A0192787,4,2,0.0307629204265791,5.0,1.0,1.0
MA0101202305A0192803,1,2,0.0246103363412633,3.8,1.0,1.0
MA0101202305A0193253,4,3,0.0799835931091058,4.49,1.0,0.0
MA0101202305A0193607,4,2,0.034864643150123,4.7,1.0,1.0
MA0101202305A0193886,4,2,0.0266611977030352,3.7,1.0,0.0
MA0101202305A0194005,4,4,0.1189499589827727,5.0,1.0,0.0
MA0101202305A0194263,4,4,0.1907301066447908,4.2,1.0,1.0
MA0101202305A0195473,4,5,0.8654634946677604,4.165,1.0,0.0
MA0101202305A0195578,4,1,0.0061525840853158,5.0,1.0,0.0
MA0101202305A0195863,4,5,0.6706316652994257,4.1,1.0,0.0
MA0101202305A0196087,4,1,0.0020508613617719,0.0,1.0,0.0
MA0101202305A0196452,4,3,0.0471698113207547,4.6,1.0,0.0
MA0101202305A0196489,4,3,0.071780147662018,0.0,1.0,0.0
MA0101202305A0196708,4,3,0.0430680885972108,0.0,1.0,0.0
MA0101202305A0196742,4,3,0.0615258408531583,4.1,1.0,0.0
MA0101202305A0196973,4,0,0.0,0.0,1.0,0.0
MA0101202305A0198307,4,1,0.0082034454470877,4.0,1.0,0.0
MA0101202305A0198442,4,4,0.2337981952420016,4.9,1.0,0.0
MA0101202305A0198708,4,1,0.0123051681706316,5.0,1.0,0.0
MA0101202305A0199071,4,3,0.0430680885972108,5.0,1.0,1.0
MA0101202305A0199155,4,4,0.1045939294503691,4.8,1.0,0.0
MA0101202305A0199268,4,2,0.0266611977030352,3.2,1.0,0.0
MA0101202305A0199635,4,4,0.1251025430680886,4.8,1.0,1.0
MA0101202305A0199886,4,2,0.0164068908941755,3.2,1.0,0.0
MA0101202305A0200559,1,1,0.0020508613617719,0.0,1.0,0.0
MA0101202305A0201928,1,1,0.0041017227235438,5.0,1.0,0.0
MA0101202305A0201948,4,1,0.0123051681706316,1.0,1.0,0.0
MA0101202305A0202113,4,5,0.4552912223133716,0.0,1.0,0.0
MA0101202305A0202734,4,4,0.1415094339622641,4.5,1.0,1.0
MA0101202305A0204187,1,1,0.0102543068088597,0.0,1.0,1.0
MA0101202305A0204336,4,3,0.0430680885972108,3.405,1.0,0.0
MA0101202305A0204531,4,1,0.0102543068088597,5.0,1.0,0.0
MA0101202305A0205721,4,4,0.1866283839212469,4.3,1.0,1.0
MA0101202305A0205855,4,1,0.0061525840853158,0.0,1.0,1.0
MA0101202305A0205982,4,5,0.3978671041837572,4.1,1.0,1.0
MA0101202305A0206172,4,0,0.0,0.0,1.0,0.0
MA0101202305A0206347,4,1,0.0020508613617719,0.0,1.0,1.0
MA0101202306A0000479,4,2,0.0287120590648072,3.9,1.0,0.0
MA0101202306A0000894,4,4,0.1127973748974569,3.4,1.0,0.0
MA0101202306A0000949,4,0,0.0,0.0,1.0,0.0
MA0101202306A0001095,1,1,0.0143560295324036,5.0,1.0,0.0
MA0101202306A0001485,4,5,0.3917145200984413,4.699999999999999,1.0,0.0
MA0101202306A0001880,1,4,0.1066447908121411,0.0,1.0,0.0
MA0101202306A0002520,4,1,0.0102543068088597,4.7,1.0,1.0
MA0101202306A0002988,4,3,0.0697292863002461,4.8,0.0,0.0
MA0101202306A0003001,1,2,0.0307629204265791,0.0,0.0,0.0
MA0101202306A0003410,4,3,0.0533223954060705,5.0,1.0,0.0
MA0101202306A0003483,1,3,0.0820344544708777,4.52,1.0,1.0
MA0101202306A0004013,4,3,0.0389663658736669,5.0,0.0,0.0
MA0101202306A0004239,4,3,0.0512715340442986,4.6,1.0,0.0
MA0101202306A0004915,1,5,0.438884331419196,3.9,1.0,0.0
MA0101202306A0005759,4,4,0.1025430680885972,4.33,1.0,0.0
MA0101202306A0006634,4,4,0.1230516817063166,5.0,0.0,0.0
MA0101202306A0007859,4,0,0.0,0.0,1.0,0.0
MA0101202306A0008683,4,4,0.1435602953240361,4.8,1.0,0.0
MA0101202306A0009312,1,4,0.108695652173913,4.0,1.0,0.0
MA0101202306A0009457,1,0,0.0,0.0,0.0,0.0
MA0101202306A0010150,4,4,0.1292042657916325,4.5,1.0,0.0
MA0101202306A0010261,4,3,0.0430680885972108,4.9,1.0,1.0
MA0101202306A0010696,4,2,0.0184577522559474,3.4,1.0,0.0
MA0101202306A0010801,4,0,0.0,0.0,1.0,0.0
MA0101202306A0011088,4,1,0.0082034454470877,3.8,1.0,0.0
MA0101202306A0011089,4,5,0.2809680065627563,4.8,1.0,0.0
MA0101202306A0011314,1,2,0.034864643150123,1.9,1.0,0.0
MA0101202306A0011472,4,4,0.254306808859721,0.0,1.0,1.0
MA0101202306A0011699,4,4,0.1189499589827727,5.0,1.0,1.0
MA0101202306A0012070,4,4,0.0963904840032813,4.3,1.0,0.0
MA0101202306A0012991,4,3,0.0738310090237899,5.0,1.0,0.0
MA0101202306A0013543,4,0,0.0,0.0,1.0,0.0
MA0101202306A0013700,4,1,0.0123051681706316,0.0,0.0,0.0
MA0101202306A0014047,4,1,0.0020508613617719,0.0,1.0,1.0
MA0101202306A0015415,4,2,0.0164068908941755,1.6,1.0,0.0
MA0101202306A0016285,4,0,0.0,0.0,1.0,0.0
MA0101202306A0017886,4,3,0.0799835931091058,4.2,1.0,0.0
MA0101202306A0017897,4,1,0.0143560295324036,5.0,1.0,1.0
MA0101202306A0018350,4,1,0.0041017227235438,1.0,1.0,0.0
MA0101202306A0018502,4,4,0.1312551271534044,4.65,1.0,0.0
MA0101202306A0018709,4,2,0.0328137817883511,4.23,1.0,0.0
MA0101202306A0018811,4,3,0.0389663658736669,3.1,1.0,1.0
MA0101202306A0018884,4,3,0.0430680885972108,4.68,1.0,1.0
MA0101202306A0019058,4,4,0.2337981952420016,3.0,1.0,0.0
MA0101202306A0019250,4,5,0.2830188679245283,4.34,1.0,1.0
MA0101202306A0019720,4,1,0.0020508613617719,0.0,1.0,0.0
MA0101202306A0022618,4,5,0.3137817883511074,4.475,0.0,0.0
MA0101202306A0022690,4,5,0.6849876948318294,4.9,0.0,0.0
MA0101202306A0023695,1,4,0.145611156685808,0.0,1.0,0.0
MA0101202306A0023847,4,4,0.1415094339622641,4.3,0.0,0.0
MA0101202306A0023968,4,0,0.0,0.0,1.0,0.0
MA0101202306A0025005,4,4,0.1271534044298605,4.9,1.0,0.0
MA0101202306A0025654,4,1,0.0123051681706316,3.5,1.0,0.0
MA0101202306A0026406,4,4,0.1681706316652994,4.56,1.0,0.0
MA0101202306A0026598,4,0,0.0,0.0,1.0,0.0
MA0101202306A0026814,4,1,0.0082034454470877,0.0,1.0,0.0
MA0101202306A0027515,4,5,1.2838392124692373,1.0,1.0,0.0
MA0101202306A0028035,4,2,0.0328137817883511,0.0,1.0,1.0
MA0101202306A0028863,4,1,0.0102543068088597,5.0,1.0,0.0
MA0101202306A0029452,4,3,0.0410172272354388,3.89,1.0,0.0
MA0101202306A0029525,1,0,0.0,0.0,0.0,0.0
MA0101202306A0029668,1,5,0.4142739950779328,4.505,1.0,0.0
MA0101202306A0029854,4,3,0.071780147662018,4.2,1.0,0.0
MA0101202306A0029877,4,5,0.3589007383100903,4.4,1.0,1.0
MA0101202306A0030256,4,2,0.0205086136177194,4.0,1.0,1.0
MA0101202306A0030864,1,2,0.034864643150123,0.0,0.0,0.0
MA0101202306A0031655,4,1,0.0102543068088597,5.0,1.0,0.0
MA0101202306A0031713,4,3,0.0553732567678424,5.0,1.0,0.0
MA0101202306A0032251,4,4,0.1148482362592288,0.0,1.0,0.0
MA0101202306A0032944,4,3,0.0594749794913863,3.3,1.0,0.0
MA0101202306A0034168,4,1,0.0041017227235438,5.0,1.0,0.0
MA0101202306A0034249,4,0,0.0,0.0,1.0,0.0
MA0101202306A0034447,4,5,0.8859721082854799,4.85,1.0,1.0
MA0101202306A0034651,4,2,0.0246103363412633,4.5,1.0,0.0
MA0101202306A0034741,4,3,0.0697292863002461,4.66,1.0,0.0
MA0101202306A0034760,4,2,0.034864643150123,0.0,1.0,0.0
MA0101202306A0034979,4,5,0.3137817883511074,4.7,1.0,1.0
MA0101202306A0035176,4,5,1.109515996718622,3.7,1.0,0.0
MA0101202306A0035244,4,5,0.4306808859721083,4.1,1.0,1.0
MA0101202306A0035594,4,1,0.0102543068088597,3.0,1.0,1.0
MA0101202306A0035828,4,2,0.0164068908941755,3.0,1.0,0.0
MA0101202306A0035861,4,1,0.0061525840853158,0.0,1.0,0.0
MA0101202306A0036000,1,1,0.0102543068088597,3.0,1.0,0.0
MA0101202306A0036376,1,0,0.0,0.0,1.0,0.0
MA0101202306A0036867,4,1,0.0123051681706316,4.0,1.0,0.0
MA0101202306A0037077,4,5,1.7063166529942575,4.84,1.0,0.0
MA0101202306A0037162,4,3,0.0656275635767022,2.8,1.0,0.0
MA0101202306A0037257,4,3,0.0635767022149302,2.3,1.0,0.0
MA0101202306A0037341,1,2,0.0328137817883511,4.1,1.0,0.0
MA0101202306A0037414,4,4,0.2112387202625102,3.6,0.0,0.0
MA0101202306A0037608,4,5,0.4860541427399507,4.7,1.0,0.0
MA0101202306A0038461,4,1,0.0143560295324036,0.0,1.0,0.0
MA0101202306A0038834,4,3,0.0410172272354388,4.2,1.0,0.0
MA0101202306A0039067,4,3,0.0471698113207547,3.3,1.0,0.0
MA0101202306A0039567,4,5,0.9413453650533224,4.45,1.0,0.0
MA0101202306A0040062,4,1,0.0061525840853158,4.53,1.0,0.0
MA0101202306A0040281,4,2,0.0164068908941755,5.0,1.0,0.0
MA0101202306A0042718,4,3,0.0471698113207547,3.4,1.0,0.0
MA0101202306A0043007,1,0,0.0,0.0,1.0,0.0
MA0101202306A0043345,1,0,0.0,0.0,1.0,0.0
MA0101202306A0043728,4,2,0.0369155045118949,5.0,1.0,0.0
MA0101202306A0043804,4,2,0.0164068908941755,2.1,1.0,0.0
MA0101202306A0045102,4,2,0.0184577522559474,5.0,1.0,0.0
MA0101202306A0045132,4,3,0.0410172272354388,0.0,1.0,0.0
MA0101202306A0045182,4,1,0.0061525840853158,0.0,1.0,0.0
MA0101202306A0045660,4,0,0.0,0.0,1.0,0.0
MA0101202306A0046095,4,5,1.1710418375717802,4.73,1.0,0.0
MA0101202306A0046321,4,1,0.0061525840853158,0.0,1.0,0.0
MA0101202306A0046946,4,1,0.0020508613617719,0.0,1.0,0.0
MA0101202306A0047835,4,2,0.0266611977030352,5.0,1.0,0.0
MA0101202306A0048184,4,0,0.0,0.0,1.0,0.0
MA0101202306A0048351,4,2,0.0225594749794913,3.8,1.0,0.0
MA0101202306A0048696,4,2,0.0287120590648072,3.96,1.0,0.0
MA0101202306A0049557,4,1,0.0061525840853158,4.56,1.0,0.0
MA0101202306A0049850,4,5,0.3404429860541427,5.0,1.0,0.0
MA0101202306A0049883,4,4,0.1784249384741591,4.4,1.0,1.0
MA0101202306A0050568,4,3,0.071780147662018,4.4,1.0,0.0
MA0101202306A0051031,4,2,0.0205086136177194,5.0,0.0,0.0
MA0101202306A0051075,4,2,0.0184577522559474,4.3,1.0,0.0
MA0101202306A0051592,4,3,0.0574241181296144,3.405,1.0,0.0
MA0101202306A0052627,4,2,0.0184577522559474,5.0,1.0,0.0
MA0101202306A0052760,4,3,0.0758818703855619,4.265000000000001,1.0,0.0
MA0101202306A0052799,4,1,0.0123051681706316,5.0,1.0,0.0
MA0101202306A0053165,1,0,0.0,0.0,0.0,0.0
MA0101202306A0053357,4,1,0.0082034454470877,4.5,1.0,0.0
MA0101202306A0053622,4,2,0.0164068908941755,5.0,1.0,0.0
MA0101202306A0054114,4,4,0.1743232157506152,3.695,0.0,0.0
MA0101202306A0054244,4,1,0.0143560295324036,5.0,1.0,0.0
MA0101202306A0054407,4,2,0.0328137817883511,3.9,1.0,0.0
MA0101202306A0054593,4,1,0.0082034454470877,0.0,1.0,0.0
MA0101202306A0054939,4,2,0.0369155045118949,3.7,1.0,0.0
MA0101202306A0055079,4,1,0.0102543068088597,0.0,0.0,0.0
MA0101202306A0055279,4,5,0.9372436423297784,3.4,1.0,0.0
MA0101202306A0055374,4,1,0.0143560295324036,5.0,1.0,0.0
MA0101202306A0055472,1,2,0.034864643150123,5.0,1.0,0.0
MA0101202306A0055530,4,0,0.0,0.0,1.0,0.0
MA0101202306A0055564,4,1,0.0082034454470877,5.0,1.0,0.0
MA0101202306A0056035,4,2,0.0225594749794913,3.2,1.0,0.0
MA0101202306A0056600,4,2,0.0225594749794913,0.0,1.0,0.0
MA0101202306A0057851,4,3,0.0574241181296144,5.0,1.0,0.0
MA0101202306A0058614,4,4,0.1251025430680886,4.73,0.0,1.0
MA0101202306A0059683,4,3,0.0430680885972108,4.4,1.0,0.0
MA0101202306A0059792,4,4,0.1640689089417555,4.665,0.0,0.0
MA0101202306A0060223,4,4,0.1004922067268252,5.0,1.0,0.0
MA0101202306A0060266,4,0,0.0,0.0,1.0,0.0
MA0101202306A0060386,4,3,0.0471698113207547,4.58,1.0,0.0
MA0101202306A0061846,4,2,0.0369155045118949,4.47,1.0,1.0
MA0101202306A0062166,4,1,0.0020508613617719,2.0,1.0,0.0
MA0101202306A0062257,4,5,0.3794093519278096,4.2,1.0,1.0
MA0101202306A0063797,4,2,0.0246103363412633,4.55,1.0,1.0
MA0101202306A0064300,4,3,0.0615258408531583,4.12,0.0,1.0
MA0101202306A0064402,4,1,0.0143560295324036,1.7,1.0,0.0
MA0101202306A0065301,4,1,0.0143560295324036,3.1,1.0,0.0
MA0101202306A0065713,1,2,0.0369155045118949,3.8,1.0,0.0
MA0101202306A0066077,1,0,0.0,0.0,1.0,0.0
MA0101202306A0066423,1,3,0.0594749794913863,5.0,1.0,0.0
MA0101202306A0066599,1,1,0.0102543068088597,4.2,0.0,1.0
MA0101202306A0067318,4,1,0.0041017227235438,0.0,1.0,0.0
MA0101202306A0067505,4,3,0.0451189499589827,5.0,1.0,0.0
MA0101202306A0067591,4,4,0.1210008203445447,0.0,1.0,0.0
MA0101202306A0068557,4,2,0.0164068908941755,0.0,1.0,0.0
MA0101202306A0068692,4,1,0.0061525840853158,5.0,,
MA0101202306A0068983,4,0,0.0,0.0,1.0,0.0
MA0101202306A0069435,4,5,1.9524200164068908,3.1,1.0,0.0
MA0101202306A0069488,4,4,0.108695652173913,5.0,1.0,1.0
MA0101202306A0069962,4,0,0.0,0.0,1.0,0.0
MA0101202306A0070198,4,0,0.0,0.0,1.0,0.0
MA0101202306A0070528,4,0,0.0,0.0,1.0,0.0
MA0101202306A0071265,4,2,0.0307629204265791,4.885,1.0,1.0
MA0101202306A0071499,4,0,0.0,0.0,1.0,0.0
MA0101202306A0071865,1,1,0.0041017227235438,5.0,1.0,0.0
MA0101202306A0071898,4,2,0.034864643150123,4.01,1.0,0.0
MA0101202306A0072414,1,2,0.0328137817883511,5.0,1.0,1.0
MA0101202306A0074009,4,4,0.1066447908121411,4.585,1.0,0.0
MA0101202306A0074315,4,2,0.0205086136177194,0.0,1.0,0.0
MA0101202306A0074697,4,5,0.3753076292042657,0.0,1.0,1.0
MA0101202306A0074896,4,1,0.0020508613617719,5.0,1.0,0.0
MA0101202306A0075551,4,1,0.0123051681706316,4.3,1.0,0.0
MA0101202306A0075888,4,5,0.4696472518457752,2.5,1.0,0.0
MA0101202306A0076281,4,1,0.0123051681706316,5.0,1.0,0.0
MA0101202306A0076654,4,3,0.0574241181296144,3.8,1.0,1.0
MA0101202306A0076871,4,5,0.6808859721082855,4.3,1.0,0.0
MA0101202306A0076955,4,3,0.0512715340442986,5.0,1.0,1.0
MA0101202306A0077190,4,0,0.0,0.0,1.0,0.0
MA0101202306A0077549,4,3,0.0635767022149302,4.3,1.0,0.0
MA0101202306A0078258,4,3,0.0881870385561936,4.38,1.0,1.0
MA0101202306A0078541,1,5,0.3527481542247744,4.39,1.0,1.0
MA0101202306A0079465,4,3,0.0492206726825266,4.5,1.0,0.0
MA0101202306A0079482,4,4,0.0922887612797374,3.9,1.0,0.0
MA0101202306A0079747,4,2,0.0287120590648072,3.1,1.0,0.0
MA0101202306A0080708,4,3,0.0471698113207547,4.7,1.0,0.0
MA0101202306A0080883,1,5,0.4429860541427399,4.1,1.0,0.0
MA0101202306A0081109,4,2,0.0246103363412633,1.3,1.0,0.0
MA0101202306A0081703,4,4,0.1599671862182116,4.5,0.0,0.0
MA0101202306A0082356,4,2,0.0205086136177194,4.2,1.0,0.0
MA0101202306A0083299,4,2,0.0225594749794913,4.52,1.0,0.0
MA0101202306A0084368,4,1,0.0123051681706316,1.0,1.0,1.0
MA0101202306A0084393,4,1,0.0061525840853158,0.0,1.0,0.0
MA0101202306A0084976,4,0,0.0,0.0,1.0,0.0
MA0101202306A0085032,4,4,0.1210008203445447,4.73,1.0,0.0
MA0101202306A0085205,4,3,0.0389663658736669,5.0,1.0,0.0
MA0101202306A0085377,4,1,0.0102543068088597,3.2,1.0,0.0
MA0101202306A0085662,4,5,0.4716981132075472,4.5,0.0,0.0
MA0101202306A0085791,4,4,0.1415094339622641,4.75,1.0,1.0
MA0101202306A0086242,4,3,0.0451189499589827,4.5,1.0,1.0
MA0101202306A0086993,1,1,0.0020508613617719,5.0,1.0,1.0
MA0101202306A0087339,4,3,0.0533223954060705,4.8,1.0,1.0
MA0101202306A0088203,4,3,0.0430680885972108,4.779999999999999,1.0,0.0
MA0101202306A0088312,4,1,0.0041017227235438,0.0,1.0,0.0
MA0101202306A0089393,4,1,0.0020508613617719,0.0,1.0,0.0
MA0101202306A0089564,4,5,0.3630024610336341,5.0,1.0,0.0
MA0101202306A0089646,4,3,0.0840853158326497,0.0,1.0,1.0
MA0101202306A0089759,4,2,0.0225594749794913,5.0,1.0,0.0
MA0101202306A0089978,4,4,0.2358490566037736,4.485,1.0,0.0
MA0101202306A0090652,4,4,0.1886792452830188,4.895,1.0,0.0
MA0101202306A0090696,4,5,0.3076292042657916,4.75,1.0,0.0
MA0101202306A0091032,4,2,0.0266611977030352,4.395,1.0,0.0
MA0101202306A0091193,4,0,0.0,0.0,1.0,0.0
MA0101202306A0091227,1,1,0.0020508613617719,0.0,1.0,0.0
MA0101202306A0091635,4,4,0.1415094339622641,5.0,1.0,1.0
MA0101202306A0091826,4,1,0.0041017227235438,5.0,1.0,0.0
MA0101202306A0092189,1,5,2.093929450369155,4.7,1.0,0.0
MA0101202306A0092235,4,2,0.0287120590648072,4.425000000000001,1.0,0.0
MA0101202306A0092248,4,1,0.0082034454470877,5.0,1.0,0.0
MA0101202306A0092272,4,0,0.0,0.0,1.0,0.0
MA0101202306A0092394,4,4,0.2378999179655455,4.7,0.0,0.0
MA0101202306A0092465,4,0,0.0,0.0,1.0,0.0
MA0101202306A0093263,4,3,0.0430680885972108,5.0,1.0,0.0
MA0101202306A0093438,4,3,0.0902378999179655,5.0,1.0,1.0
MA0101202306A0093456,4,2,0.0328137817883511,5.0,0.0,1.0
MA0101202306A0093968,4,1,0.0020508613617719,5.0,0.0,0.0
MA0101202306A0094084,4,2,0.034864643150123,0.0,1.0,1.0
MA0101202306A0095437,4,4,0.182526661197703,4.9,1.0,1.0
MA0101202306A0095649,4,4,0.1886792452830188,0.0,1.0,0.0
MA0101202306A0096386,4,1,0.0123051681706316,5.0,1.0,0.0
MA0101202306A0096493,4,3,0.0553732567678424,4.2,1.0,0.0
MA0101202306A0096507,4,5,0.2912223133716161,4.31,1.0,1.0
MA0101202306A0097088,1,4,0.1907301066447908,4.8100000000000005,0.0,1.0
MA0101202306A0097181,1,0,0.0,0.0,1.0,0.0
MA0101202306A0097221,1,2,0.0184577522559474,5.0,1.0,1.0
MA0101202306A0097364,4,0,0.0,0.0,1.0,1.0
MA0101202306A0097799,4,3,0.0451189499589827,4.0,1.0,0.0
MA0101202306A0097805,1,3,0.0430680885972108,4.1,1.0,0.0
MA0101202306A0098159,4,3,0.0389663658736669,4.5,1.0,0.0
MA0101202306A0098368,4,4,0.1066447908121411,4.2,1.0,0.0
MA0101202306A0098791,4,2,0.0205086136177194,4.0,1.0,0.0
MA0101202306A0098839,4,1,0.0041017227235438,0.0,1.0,0.0
MA0101202306A0099228,4,1,0.0061525840853158,0.0,1.0,0.0
MA0101202306A0099399,4,3,0.0861361771944216,5.0,1.0,0.0
MA0101202306A0099473,1,3,0.0389663658736669,0.0,0.0,0.0
MA0101202306A0099719,4,5,1.2079573420836751,4.35,1.0,1.0
MA0101202306A0100492,4,3,0.0574241181296144,4.41,1.0,0.0
MA0101202306A0101069,4,0,0.0,0.0,1.0,0.0
MA0101202306A0102299,4,3,0.0410172272354388,4.7,1.0,1.0
MA0101202306A0102607,4,3,0.0410172272354388,3.725,1.0,0.0
MA0101202306A0102784,4,5,0.5045118949958983,4.53,1.0,0.0
MA0101202306A0103131,4,2,0.0266611977030352,4.5,1.0,0.0
MA0101202306A0103305,4,4,0.2317473338802297,4.44,1.0,0.0
MA0101202306A0103334,4,2,0.0184577522559474,4.3,1.0,0.0
MA0101202306A0103604,4,3,0.0676784249384741,0.0,1.0,1.0
MA0101202306A0105069,1,1,0.0082034454470877,3.0,1.0,0.0
MA0101202306A0105744,4,5,1.10746513535685,4.965,1.0,1.0
MA0101202306A0106137,4,1,0.0102543068088597,0.0,1.0,1.0
MA0101202306A0106392,4,2,0.0307629204265791,5.0,1.0,1.0
MA0101202306A0106711,4,1,0.0102543068088597,4.3,1.0,0.0
MA0101202306A0106946,1,1,0.0041017227235438,0.0,1.0,0.0
MA0101202306A0108875,4,5,1.903199343724364,3.4,1.0,0.0
MA0101202306A0109499,1,5,0.3219852337981952,4.5,1.0,0.0
MA0101202306A0109542,4,4,0.1189499589827727,4.4,1.0,0.0
MA0101202306A0109569,4,3,0.0492206726825266,0.0,1.0,0.0
MA0101202306A0109599,4,1,0.0082034454470877,3.95,1.0,0.0
MA0101202306A0109774,4,2,0.0307629204265791,3.9,1.0,1.0
MA0101202306A0110438,4,4,0.2112387202625102,4.145,1.0,0.0
MA0101202306A0110669,1,1,0.0102543068088597,4.5,0.0,0.0
MA0101202306A0110790,4,1,0.0123051681706316,5.0,1.0,1.0
MA0101202307A0000750,4,4,0.1948318293683347,4.4,1.0,1.0
MA0101202307A0000815,4,1,0.0123051681706316,4.0,1.0,0.0
MA0101202307A0001001,4,1,0.0061525840853158,5.0,0.0,0.0
MA0101202307A0001016,4,1,0.0143560295324036,2.3,1.0,0.0
MA0101202307A0001081,4,5,0.9372436423297784,4.7,0.0,0.0
MA0101202307A0001098,1,3,0.0410172272354388,4.9,1.0,0.0
MA0101202307A0001427,4,5,0.3363412633305989,0.0,1.0,0.0
MA0101202307A0001545,1,3,0.0471698113207547,5.0,0.0,0.0
MA0101202307A0002224,4,1,0.0102543068088597,2.6,1.0,0.0
MA0101202307A0002788,4,4,0.1210008203445447,3.545,1.0,0.0
MA0101202307A0003293,4,1,0.0082034454470877,0.0,1.0,1.0
MA0101202307A0003884,4,2,0.0164068908941755,4.8,1.0,0.0
MA0101202307A0004561,4,3,0.0553732567678424,0.0,1.0,0.0
MA0101202307A0004712,4,5,0.3917145200984413,4.895,0.0,1.0
MA0101202307A0004876,4,2,0.0184577522559474,3.5,1.0,0.0
MA0101202307A0004902,4,2,0.0307629204265791,5.0,1.0,1.0
MA0101202307A0004941,4,4,0.1538146021328958,3.99,1.0,1.0
MA0101202307A0005333,4,3,0.0492206726825266,2.7,1.0,0.0
MA0101202307A0005525,4,1,0.0123051681706316,0.0,0.0,0.0
MA0101202307A0006157,4,1,0.0041017227235438,0.0,1.0,0.0
MA0101202307A0007699,1,5,0.3568498769483183,4.7,1.0,1.0
MA0101202307A0009365,4,1,0.0061525840853158,5.0,1.0,0.0
MA0101202307A0009443,4,3,0.071780147662018,4.9,1.0,1.0
MA0101202307A0009628,4,2,0.0205086136177194,0.0,1.0,0.0
MA0101202307A0009809,4,2,0.0369155045118949,5.0,1.0,1.0
MA0101202307A0010992,4,2,0.0246103363412633,0.0,1.0,0.0
MA0101202307A0011250,4,3,0.0656275635767022,4.5,1.0,0.0
MA0101202307A0011647,4,4,0.0984413453650533,2.79,1.0,0.0
MA0101202307A0012359,1,4,0.254306808859721,4.1,1.0,1.0
MA0101202307A0012631,1,3,0.0615258408531583,4.8,0.0,0.0
MA0101202307A0012680,4,1,0.0041017227235438,5.0,1.0,0.0
MA0101202307A0014877,4,1,0.0020508613617719,0.0,1.0,0.0
MA0101202307A0015290,1,4,0.1004922067268252,4.1,1.0,0.0
MA0101202307A0015445,4,5,0.3547990155865463,4.7,1.0,1.0
MA0101202307A0016220,4,4,0.108695652173913,3.5,0.0,1.0
MA0101202307A0016321,4,5,0.7198523379819524,3.9,1.0,0.0
MA0101202307A0016630,4,5,0.5147662018047581,4.9,1.0,0.0
MA0101202307A0017208,4,2,0.0184577522559474,3.3,1.0,0.0
MA0101202307A0017319,4,2,0.0328137817883511,4.6,1.0,0.0
MA0101202307A0018996,4,3,0.0697292863002461,4.3,1.0,0.0
MA0101202307A0020221,4,1,0.0123051681706316,4.0,0.0,0.0
MA0101202307A0020276,4,4,0.1004922067268252,3.5,0.0,0.0
MA0101202307A0020288,4,1,0.0082034454470877,0.0,1.0,1.0
MA0101202307A0020477,4,1,0.0082034454470877,5.0,1.0,0.0
MA0101202307A0020799,4,0,0.0,0.0,1.0,0.0
MA0101202307A0022277,4,2,0.0246103363412633,4.36,1.0,0.0
MA0101202307A0022374,4,1,0.0082034454470877,0.0,1.0,0.0
MA0101202307A0022518,4,0,0.0,0.0,1.0,0.0
MA0101202307A0022804,4,1,0.0041017227235438,0.0,1.0,1.0
MA0101202307A0023580,4,3,0.0512715340442986,0.0,1.0,0.0
MA0101202307A0023645,4,3,0.0430680885972108,5.0,1.0,0.0
MA0101202307A0023838,4,1,0.0061525840853158,0.0,1.0,0.0
MA0101202307A0024017,4,4,0.1907301066447908,4.0,1.0,0.0
MA0101202307A0024946,4,0,0.0,0.0,1.0,0.0
MA0101202307A0025181,1,5,1.8560295324036091,4.59,1.0,1.0
MA0101202307A0026988,4,1,0.0143560295324036,0.0,1.0,0.0
MA0101202307A0027224,4,1,0.0102543068088597,3.4,1.0,0.0
MA0101202307A0027334,4,4,0.2481542247744052,4.5,1.0,0.0
MA0101202307A0027591,1,5,0.5147662018047581,0.0,0.0,0.0
MA0101202307A0027944,4,2,0.0307629204265791,5.0,1.0,0.0
MA0101202307A0028272,4,5,0.4491386382280558,4.84,1.0,0.0
MA0101202307A0028967,4,3,0.0471698113207547,4.1,1.0,1.0
MA0101202307A0029579,4,1,0.0082034454470877,0.0,1.0,0.0
MA0101202307A0029658,4,1,0.0123051681706316,4.5,1.0,0.0
MA0101202307A0030004,1,1,0.0123051681706316,5.0,1.0,0.0
MA0101202307A0030146,4,0,0.0,0.0,1.0,0.0
MA0101202307A0030871,1,0,0.0,0.0,1.0,0.0
MA0101202307A0030912,4,2,0.0184577522559474,3.4,1.0,0.0
MA0101202307A0031753,4,2,0.0369155045118949,5.0,1.0,0.0
MA0101202307A0032497,4,4,0.108695652173913,4.455,1.0,0.0
MA0101202307A0032588,4,4,0.1107465135356849,4.6,0.0,0.0
MA0101202307A0034027,4,3,0.0512715340442986,0.0,1.0,0.0
MA0101202307A0034470,4,0,0.0,0.0,1.0,1.0
MA0101202307A0034604,4,1,0.0061525840853158,5.0,1.0,0.0
MA0101202307A0035198,4,3,0.0758818703855619,5.0,1.0,1.0
MA0101202307A0035390,4,2,0.0164068908941755,4.8,1.0,0.0
MA0101202307A0035400,4,3,0.0512715340442986,5.0,1.0,0.0
MA0101202307A0035622,4,0,0.0,0.0,1.0,0.0
MA0101202307A0036121,4,5,0.4737489745693191,3.3,1.0,0.0
MA0101202307A0036738,4,4,0.1004922067268252,4.47,1.0,0.0
MA0101202307A0036941,4,4,0.1599671862182116,0.0,0.0,0.0
MA0101202307A0037182,1,4,0.1025430680885972,3.5,0.0,0.0
MA0101202307A0037469,4,1,0.0041017227235438,3.0,1.0,0.0
MA0101202307A0037550,4,1,0.0041017227235438,5.0,1.0,0.0
MA0101202307A0038562,4,4,0.256357670221493,4.6,1.0,1.0
MA0101202307A0038822,4,3,0.0615258408531583,3.755,1.0,0.0
MA0101202307A0038864,1,1,0.0143560295324036,0.0,1.0,0.0
MA0101202307A0040395,4,0,0.0,0.0,1.0,0.0
MA0101202307A0041186,4,2,0.0205086136177194,4.9,1.0,0.0
MA0101202307A0041440,4,2,0.0266611977030352,2.5,1.0,0.0
MA0101202307A0041897,4,0,0.0,0.0,1.0,0.0
MA0101202307A0042089,4,3,0.0676784249384741,5.0,1.0,1.0
MA0101202307A0042386,4,0,0.0,0.0,1.0,0.0
MA0101202307A0043366,4,3,0.0799835931091058,4.0,0.0,0.0
MA0101202307A0044765,4,5,0.6767842493847416,4.6,1.0,0.0
MA0101202307A0045543,4,3,0.0553732567678424,3.7,1.0,0.0
MA0101202307A0047253,4,0,0.0,0.0,0.0,0.0
MA0101202307A0047275,4,3,0.0840853158326497,3.7,1.0,0.0
MA0101202307A0048267,4,2,0.0246103363412633,4.5,1.0,0.0
MA0101202307A0048670,4,0,0.0,0.0,1.0,0.0
MA0101202307A0049049,4,4,0.1168990976210008,4.0,1.0,0.0
MA0101202307A0049688,4,4,0.1148482362592288,3.9,1.0,1.0
MA0101202307A0049690,4,1,0.0020508613617719,5.0,1.0,0.0
MA0101202307A0049735,4,2,0.0164068908941755,5.0,1.0,0.0
MA0101202307A0050204,4,1,0.0061525840853158,0.0,1.0,0.0
MA0101202307A0051250,4,3,0.0697292863002461,5.0,1.0,1.0
MA0101202307A0051907,4,1,0.0143560295324036,4.2,1.0,0.0
MA0101202307A0053635,4,2,0.0184577522559474,5.0,1.0,0.0
MA0101202307A0053886,4,1,0.0061525840853158,0.0,1.0,1.0
MA0101202307A0053966,4,2,0.0369155045118949,3.2,1.0,0.0
MA0101202307A0054071,4,4,0.0963904840032813,4.86,1.0,0.0
MA0101202307A0055690,4,4,0.1968826907301066,3.5,1.0,0.0
MA0101202307A0056660,1,5,0.4368334700574241,4.5,1.0,0.0
MA0101202307A0057084,4,1,0.0041017227235438,0.0,1.0,1.0
MA0101202307A0058506,4,3,0.0881870385561936,5.0,1.0,0.0
MA0101202307A0060202,4,4,0.2461033634126333,3.405,1.0,0.0
MA0101202307A0061192,4,3,0.071780147662018,4.46,1.0,0.0
MA0101202307A0062464,4,3,0.0451189499589827,0.0,0.0,0.0
MA0101202307A0063261,4,2,0.034864643150123,5.0,1.0,0.0
MA0101202307A0064584,4,0,0.0,0.0,1.0,0.0
MA0101202307A0064816,4,5,0.51681706316653,3.945,1.0,0.0
MA0101202307A0066628,4,1,0.0061525840853158,4.91,1.0,1.0
MA0101202307A0066890,4,1,0.0082034454470877,5.0,1.0,0.0
MA0101202307A0067355,1,5,0.258408531583265,4.7,1.0,0.0
MA0101202307A0067969,4,5,0.5947497949138638,4.32,0.0,1.0
MA0101202307A0068563,4,3,0.0471698113207547,3.325,1.0,1.0
MA0101202307A0070239,4,3,0.0615258408531583,4.3,1.0,0.0
MA0101202307A0071318,4,4,0.2317473338802297,3.9,1.0,1.0
MA0101202307A0072724,4,2,0.0184577522559474,4.4,1.0,0.0
MA0101202307A0073355,4,3,0.0758818703855619,3.67,1.0,1.0
MA0101202307A0073495,4,2,0.0328137817883511,3.0,1.0,1.0
MA0101202307A0074161,4,2,0.034864643150123,0.0,1.0,1.0
MA0101202307A0074424,4,3,0.0492206726825266,4.9,1.0,0.0
MA0101202307A0075383,4,3,0.0635767022149302,1.4,1.0,0.0
MA0101202307A0075541,4,3,0.0430680885972108,4.675,1.0,0.0
MA0101202307A0076163,4,1,0.0102543068088597,0.0,1.0,0.0
MA0101202307A0076692,4,2,0.0164068908941755,0.0,1.0,0.0
MA0101202307A0076970,4,0,0.0,0.0,0.0,1.0
MA0101202307A0077441,1,5,0.551681706316653,0.0,1.0,0.0
MA0101202307A0077866,4,3,0.0533223954060705,4.8,1.0,0.0
MA0101202307A0077927,4,3,0.0389663658736669,4.0,1.0,1.0
MA0101202307A0077952,4,5,0.9987694831829368,4.135,1.0,1.0
MA0101202307A0078418,4,5,1.0787530762920423,4.82,1.0,0.0
MA0101202307A0079898,4,3,0.0615258408531583,4.22,1.0,0.0
MA0101202307A0079919,4,1,0.0123051681706316,4.765000000000001,1.0,0.0
MA0101202307A0080281,4,3,0.0451189499589827,4.8,1.0,0.0
MA0101202307A0080626,4,0,0.0,0.0,1.0,0.0
MA0101202307A0080895,4,4,0.2296964725184577,4.46,1.0,0.0
MA0101202307A0081040,4,1,0.0041017227235438,5.0,1.0,0.0
MA0101202307A0081285,4,1,0.0123051681706316,3.8,1.0,0.0
MA0101202307A0081853,4,2,0.0205086136177194,0.0,1.0,0.0
MA0101202307A0082003,4,1,0.0041017227235438,3.0,1.0,0.0
MA0101202307A0082238,4,2,0.0225594749794913,0.0,1.0,0.0
MA0101202307A0082501,4,5,0.438884331419196,0.0,0.0,0.0
MA0101202307A0082692,1,1,0.0041017227235438,5.0,1.0,0.0
MA0101202307A0083663,1,3,0.0840853158326497,4.779999999999999,1.0,0.0
MA0101202307A0085387,4,1,0.0102543068088597,5.0,1.0,1.0
MA0101202307A0086015,4,1,0.0123051681706316,3.5,1.0,0.0
MA0101202307A0086251,4,1,0.0082034454470877,5.0,1.0,1.0
MA0101202307A0086757,1,2,0.034864643150123,0.0,1.0,0.0
MA0101202307A0087555,4,1,0.0041017227235438,4.0,1.0,0.0
MA0101202307A0088937,4,0,0.0,0.0,1.0,0.0
MA0101202307A0089191,4,3,0.0656275635767022,4.26,1.0,1.0
MA0101202307A0089360,4,2,0.0266611977030352,4.3,1.0,1.0
MA0101202307A0089678,4,3,0.0697292863002461,0.0,1.0,1.0
MA0101202307A0090117,4,0,0.0,0.0,1.0,0.0
MA0101202307A0090384,4,0,0.0,0.0,0.0,0.0
MA0101202307A0090419,4,4,0.2112387202625102,4.67,1.0,0.0
MA0101202307A0090821,4,2,0.0184577522559474,5.0,1.0,0.0
MA0101202307A0091049,4,0,0.0,0.0,1.0,0.0
MA0101202307A0091466,4,2,0.0369155045118949,4.6850000000000005,1.0,0.0
MA0101202307A0091522,4,1,0.0041017227235438,3.0,1.0,0.0
MA0101202307A0091578,4,1,0.0123051681706316,5.0,1.0,0.0
MA0101202307A0091611,4,4,0.256357670221493,5.0,1.0,1.0
MA0101202307A0093234,4,1,0.0082034454470877,5.0,1.0,0.0
MA0101202307A0093697,4,0,0.0,0.0,1.0,0.0
MA0101202307A0094002,4,2,0.0205086136177194,5.0,1.0,0.0
MA0101202307A0094065,4,4,0.1127973748974569,4.1,1.0,0.0
MA0101202307A0094303,4,3,0.0512715340442986,4.9,1.0,1.0
MA0101202307A0094850,4,0,0.0,0.0,1.0,0.0
MA0101202307A0095308,1,4,0.1292042657916325,4.8,1.0,0.0
MA0101202307A0095494,4,1,0.0082034454470877,4.745,1.0,0.0
MA0101202307A0095590,4,5,1.4991796554552914,4.2,1.0,1.0
MA0101202307A0095917,4,4,0.1353568498769483,0.0,0.0,0.0
MA0101202307A0095942,4,3,0.0492206726825266,3.7,1.0,0.0
MA0101202307A0096053,4,5,0.4922067268252666,4.5,1.0,0.0
MA0101202307A0096463,4,4,0.2050861361771944,0.0,1.0,0.0
MA0101202307A0096509,4,2,0.0225594749794913,5.0,1.0,0.0
MA0101202307A0096814,4,4,0.1148482362592288,4.5,0.0,0.0
MA0101202307A0097445,4,2,0.0266611977030352,4.2,1.0,1.0
MA0101202307A0097496,4,2,0.0184577522559474,5.0,1.0,0.0
MA0101202307A0097550,4,3,0.0553732567678424,4.4,1.0,1.0
MA0101202307A0097635,4,0,0.0,0.0,1.0,0.0
MA0101202307A0097654,4,1,0.0061525840853158,0.0,1.0,0.0
MA0101202307A0098826,4,2,0.0225594749794913,5.0,1.0,0.0
MA0101202307A0099033,4,0,0.0,0.0,1.0,0.0
MA0101202307A0099095,4,2,0.0307629204265791,4.71,1.0,0.0
MA0101202307A0099353,4,1,0.0020508613617719,4.57,1.0,1.0
MA0101202307A0099731,4,2,0.0184577522559474,0.0,1.0,1.0
MA0101202307A0100185,4,5,0.9803117309269892,3.5,0.0,1.0
MA0101202307A0101164,4,2,0.0328137817883511,4.5,1.0,0.0
MA0101202307A0102112,4,0,0.0,4.59,1.0,0.0
MA0101202307A0103147,4,2,0.0184577522559474,3.6,1.0,0.0
MA0101202307A0103313,4,4,0.1353568498769483,4.8,1.0,1.0
MA0101202307A0103740,4,5,0.3486464315012305,4.0,0.0,0.0
MA0101202307A0103741,4,4,0.217391304347826,4.26,1.0,0.0
MA0101202307A0104030,4,4,0.2030352748154225,4.9,1.0,0.0
MA0101202307A0104081,4,2,0.0369155045118949,4.5,1.0,0.0
MA0101202307A0104138,4,5,0.3486464315012305,3.9,1.0,1.0
MA0101202307A0104881,4,5,0.586546349466776,2.7,1.0,0.0
MA0101202307A0105227,4,4,0.2296964725184577,5.0,1.0,1.0
MA0101202307A0105230,4,0,0.0,0.0,1.0,0.0
MA0101202307A0105281,4,2,0.0184577522559474,3.4,1.0,1.0
MA0101202307A0105432,4,3,0.0451189499589827,4.9,1.0,0.0
MA0101202307A0106840,4,3,0.0451189499589827,2.0,1.0,0.0
MA0101202308A0000820,4,2,0.0225594749794913,4.52,1.0,0.0
MA0101202308A0000825,4,2,0.0225594749794913,0.0,1.0,0.0
MA0101202308A0001303,4,3,0.0492206726825266,5.0,1.0,0.0
MA0101202308A0001833,4,5,0.5537325676784249,4.615,1.0,1.0
MA0101202308A0002034,4,0,0.0,0.0,1.0,1.0
MA0101202308A0003128,4,3,0.0512715340442986,5.0,1.0,1.0
MA0101202308A0003831,4,1,0.0082034454470877,5.0,1.0,0.0
MA0101202308A0005268,4,0,0.0,0.0,1.0,0.0
MA0101202308A0005961,1,0,0.0,0.0,1.0,0.0
MA0101202308A0006062,4,1,0.0082034454470877,3.0,1.0,0.0
MA0101202308A0006507,4,2,0.0184577522559474,4.0,1.0,1.0
MA0101202308A0007273,4,3,0.0410172272354388,4.4,1.0,0.0
MA0101202308A0007603,4,5,0.551681706316653,4.5,1.0,0.0
MA0101202308A0007615,4,1,0.0102543068088597,0.0,0.0,0.0
MA0101202308A0007927,4,3,0.0635767022149302,3.45,1.0,0.0
MA0101202308A0008183,4,1,0.0082034454470877,5.0,1.0,0.0
MA0101202308A0008564,4,3,0.0471698113207547,4.7,1.0,0.0
MA0101202308A0009093,4,1,0.0041017227235438,5.0,1.0,0.0
MA0101202308A0009395,4,1,0.0102543068088597,2.8,1.0,0.0
MA0101202308A0009507,4,2,0.0164068908941755,5.0,0.0,0.0
MA0101202308A0009541,4,4,0.1866283839212469,3.8,1.0,0.0
MA0101202308A0009841,4,2,0.0266611977030352,3.2,1.0,0.0
MA0101202308A0010706,4,1,0.0082034454470877,4.715,1.0,1.0
MA0101202308A0010964,4,3,0.0615258408531583,5.0,1.0,1.0
MA0101202308A0010986,4,1,0.0123051681706316,3.5,1.0,0.0
MA0101202308A0011091,4,4,0.2071369975389664,3.9,1.0,0.0
MA0101202308A0011536,4,2,0.0164068908941755,3.745,1.0,1.0
MA0101202308A0012230,4,0,0.0,0.0,1.0,0.0
MA0101202308A0012842,4,1,0.0123051681706316,0.0,1.0,0.0
MA0101202308A0012960,4,3,0.0676784249384741,4.5,1.0,0.0
MA0101202308A0013892,4,4,0.1907301066447908,4.8,1.0,0.0
MA0101202308A0015238,4,2,0.0184577522559474,5.0,1.0,0.0
MA0101202308A0015437,4,1,0.0061525840853158,2.3,1.0,0.0
MA0101202308A0015504,4,1,0.0020508613617719,0.0,1.0,1.0
MA0101202308A0015638,4,3,0.0492206726825266,4.3,1.0,0.0
MA0101202308A0015888,4,2,0.0164068908941755,0.0,1.0,1.0
MA0101202308A0015914,4,2,0.0369155045118949,5.0,0.0,0.0
MA0101202308A0016993,4,3,0.0635767022149302,5.0,1.0,1.0
MA0101202308A0017196,4,2,0.0266611977030352,5.0,1.0,0.0
MA0101202308A0017618,4,1,0.0143560295324036,4.8,1.0,0.0
MA0101202308A0018232,4,3,0.0635767022149302,0.0,1.0,1.0
MA0101202308A0019172,4,5,0.3691550451189499,4.3,1.0,0.0
MA0101202308A0020912,1,2,0.0307629204265791,0.0,1.0,1.0
MA0101202308A0021295,1,4,0.145611156685808,4.45,1.0,0.0
MA0101202308A0021982,4,2,0.0266611977030352,1.7,1.0,0.0
MA0101202308A0022154,4,4,0.2440525020508613,0.0,1.0,0.0
MA0101202308A0022313,1,0,0.0,0.0,1.0,0.0
MA0101202308A0023010,4,3,0.0451189499589827,5.0,1.0,1.0
MA0101202308A0023057,4,4,0.1517637407711238,0.0,1.0,0.0
MA0101202308A0023211,4,5,1.2038556193601313,4.0,0.0,0.0
MA0101202308A0023452,4,3,0.0471698113207547,3.545,1.0,0.0
MA0101202308A0025272,1,1,0.0082034454470877,5.0,1.0,0.0
MA0101202308A0025712,4,5,0.9474979491386382,0.0,1.0,1.0
MA0101202308A0025852,4,2,0.0287120590648072,4.58,1.0,0.0
MA0101202308A0026283,4,3,0.0471698113207547,0.0,1.0,1.0
MA0101202308A0026563,4,5,0.3260869565217391,4.9,1.0,0.0
MA0101202308A0026590,4,3,0.0533223954060705,4.4,1.0,0.0
MA0101202308A0026667,4,3,0.0492206726825266,0.0,1.0,1.0
MA0101202308A0027689,4,0,0.0,0.0,1.0,0.0
MA0101202308A0027998,4,3,0.0615258408531583,5.0,1.0,0.0
MA0101202308A0028098,4,0,0.0,4.56,1.0,1.0
MA0101202308A0028194,4,1,0.0020508613617719,3.0,1.0,0.0
MA0101202308A0028451,1,2,0.0266611977030352,4.0,1.0,0.0
MA0101202308A0029311,4,2,0.0307629204265791,0.0,0.0,0.0
MA0101202308A0030196,4,5,1.064397046759639,5.0,0.0,1.0
MA0101202308A0030431,4,2,0.0328137817883511,2.4,1.0,0.0
MA0101202308A0030464,4,3,0.0512715340442986,4.4,1.0,0.0
MA0101202308A0030596,4,1,0.0123051681706316,3.0,1.0,0.0
MA0101202308A0030688,4,1,0.0102543068088597,4.0,1.0,0.0
MA0101202308A0030817,4,3,0.0574241181296144,4.8,1.0,0.0
MA0101202308A0031064,1,3,0.0594749794913863,5.0,1.0,0.0
MA0101202308A0031853,4,4,0.0922887612797374,5.0,1.0,0.0
MA0101202308A0032043,1,1,0.0020508613617719,0.0,1.0,0.0
MA0101202308A0033512,4,4,0.1394585726004922,0.0,1.0,0.0
MA0101202308A0033842,4,2,0.0287120590648072,2.1,1.0,0.0
MA0101202308A0034229,4,5,0.4429860541427399,0.0,1.0,0.0
MA0101202308A0034909,4,4,0.145611156685808,0.0,1.0,1.0
MA0101202308A0035100,4,4,0.1353568498769483,0.0,0.0,0.0
MA0101202308A0035111,4,1,0.0102543068088597,0.0,1.0,0.0
MA0101202308A0035503,4,1,0.0061525840853158,2.5,1.0,0.0
MA0101202308A0035688,4,1,0.0123051681706316,5.0,1.0,0.0
MA0101202308A0035848,4,1,0.0082034454470877,3.0,1.0,0.0
MA0101202308A0036054,4,2,0.0164068908941755,4.82,1.0,0.0
MA0101202308A0036564,4,1,0.0143560295324036,0.0,1.0,1.0
MA0101202308A0037581,1,2,0.0205086136177194,2.69,1.0,0.0
MA0101202308A0038487,1,2,0.0307629204265791,5.0,1.0,0.0
MA0101202308A0040239,4,1,0.0102543068088597,0.0,1.0,0.0
MA0101202308A0040302,4,5,0.3199343724364233,3.845,0.0,0.0
MA0101202308A0040481,4,2,0.0287120590648072,4.915,1.0,0.0
MA0101202308A0040702,4,1,0.0123051681706316,5.0,1.0,0.0
MA0101202308A0040721,4,5,0.4368334700574241,2.9,1.0,0.0
MA0101202308A0040818,1,1,0.0143560295324036,5.0,1.0,0.0
MA0101202308A0041267,4,4,0.1251025430680886,4.6,1.0,0.0
MA0101202308A0041457,4,2,0.0246103363412633,4.75,1.0,0.0
MA0101202308A0041751,4,1,0.0143560295324036,0.0,1.0,0.0
MA0101202308A0042723,1,3,0.0615258408531583,4.51,1.0,1.0
MA0101202308A0043097,4,1,0.0102543068088597,5.0,0.0,0.0
MA0101202308A0043289,4,3,0.0635767022149302,3.89,1.0,0.0
MA0101202308A0044113,4,2,0.0307629204265791,4.44,1.0,0.0
MA0101202308A0044776,4,0,0.0,0.0,1.0,0.0
MA0101202308A0044812,4,3,0.071780147662018,3.75,1.0,0.0
MA0101202308A0045091,4,5,0.2953240360951599,4.3,1.0,0.0
MA0101202308A0045257,4,3,0.0492206726825266,4.005,1.0,0.0
MA0101202308A0045381,4,2,0.0328137817883511,4.7,1.0,0.0
MA0101202308A0045888,4,0,0.0,0.0,1.0,0.0
MA0101202308A0046610,4,4,0.2317473338802297,4.455,1.0,1.0
MA0101202308A0047166,4,0,0.0,3.97,1.0,1.0
MA0101202308A0047402,4,4,0.2276456111566858,0.0,1.0,0.0
MA0101202308A0047423,1,4,0.1312551271534044,4.2,1.0,1.0
MA0101202308A0047636,4,1,0.0041017227235438,5.0,1.0,0.0
MA0101202308A0048147,1,0,0.0,0.0,1.0,1.0
MA0101202308A0048195,4,2,0.0205086136177194,4.3,1.0,0.0
MA0101202308A0048276,4,0,0.0,0.0,1.0,0.0
MA0101202308A0048280,4,2,0.0184577522559474,0.0,1.0,0.0
MA0101202308A0051755,4,1,0.0061525840853158,5.0,1.0,0.0
MA0101202308A0051761,4,2,0.0164068908941755,4.205,1.0,0.0
MA0101202308A0052236,4,1,0.0061525840853158,2.0,1.0,0.0
MA0101202308A0054863,4,2,0.0164068908941755,0.0,1.0,1.0
MA0101202308A0055740,4,5,0.3035274815422477,5.0,1.0,0.0
MA0101202308A0056518,4,3,0.0553732567678424,4.41,0.0,0.0
MA0101202308A0056597,4,4,0.1374077112387202,5.0,1.0,0.0
MA0101202308A0057194,4,3,0.0840853158326497,5.0,1.0,1.0
MA0101202308A0057483,1,5,0.4122231337161608,5.0,1.0,0.0
MA0101202308A0058164,4,5,1.7452830188679245,4.4,1.0,0.0
MA0101202308A0058918,4,2,0.0369155045118949,3.5,1.0,0.0
MA0101202308A0058997,4,0,0.0,0.0,1.0,0.0
MA0101202308A0059220,4,5,1.2325676784249384,3.945,1.0,1.0
MA0101202308A0060271,4,4,0.1394585726004922,5.0,1.0,1.0
MA0101202308A0062319,1,3,0.0738310090237899,4.9,0.0,0.0
MA0101202308A0063401,4,0,0.0,0.0,1.0,0.0
MA0101202308A0064309,4,1,0.0123051681706316,0.0,1.0,0.0
MA0101202308A0064690,4,3,0.0656275635767022,4.5,1.0,0.0
MA0101202308A0064937,4,2,0.0184577522559474,0.0,1.0,0.0
MA0101202308A0064959,4,5,2.0529122231337165,4.645,1.0,1.0
MA0101202308A0065055,4,3,0.0881870385561936,4.38,1.0,1.0
MA0101202308A0065389,1,2,0.0164068908941755,4.0,1.0,0.0
MA0101202308A0066245,4,2,0.0246103363412633,2.8,1.0,0.0
MA0101202308A0066382,4,2,0.0225594749794913,5.0,1.0,0.0
MA0101202308A0066607,4,3,0.0512715340442986,4.0,1.0,0.0
MA0101202308A0066653,4,5,0.4614438063986875,4.0,1.0,0.0
MA0101202308A0066850,4,3,0.0430680885972108,4.275,1.0,1.0
MA0101202308A0067101,4,5,1.6263330598851518,4.85,1.0,0.0
MA0101202308A0067110,4,5,0.3630024610336341,5.0,1.0,1.0
MA0101202308A0067429,4,1,0.0061525840853158,0.0,1.0,0.0
MA0101202308A0067846,4,2,0.034864643150123,3.8,1.0,0.0
MA0101202308A0068041,4,5,0.6193601312551271,5.0,1.0,0.0
MA0101202308A0068112,1,1,0.0041017227235438,5.0,1.0,0.0
MA0101202308A0068514,4,4,0.1968826907301066,4.5,1.0,0.0
MA0101202308A0068827,4,3,0.0820344544708777,4.125,1.0,0.0
MA0101202308A0069094,4,2,0.0205086136177194,3.4,1.0,0.0
MA0101202308A0069611,4,1,0.0061525840853158,5.0,1.0,0.0
MA0101202308A0069976,4,5,0.957752255947498,4.5,1.0,0.0
MA0101202308A0070403,4,0,0.0,0.0,1.0,0.0
MA0101202308A0073265,4,3,0.0430680885972108,5.0,1.0,0.0
MA0101202308A0073778,1,2,0.0328137817883511,4.5,1.0,1.0
MA0101202308A0074180,4,1,0.0123051681706316,0.0,0.0,0.0
MA0101202308A0074502,4,3,0.0635767022149302,5.0,1.0,0.0
MA0101202308A0076007,4,5,0.6480721903199343,4.705,1.0,0.0
MA0101202308A0076246,4,1,0.0123051681706316,5.0,1.0,0.0
MA0101202308A0076671,4,2,0.0225594749794913,4.0,1.0,1.0
MA0101202308A0077116,4,4,0.145611156685808,4.71,1.0,1.0
MA0101202308A0077529,1,3,0.0574241181296144,5.0,1.0,0.0
MA0101202308A0077877,4,3,0.0553732567678424,3.0,0.0,0.0
MA0101202308A0078102,4,3,0.0553732567678424,4.0,1.0,0.0
MA0101202308A0078317,4,5,0.4081214109926169,4.5,1.0,0.0
MA0101202308A0079021,4,1,0.0020508613617719,0.0,1.0,0.0
MA0101202308A0079084,4,3,0.0533223954060705,4.765000000000001,1.0,1.0
MA0101202308A0079466,1,1,0.0082034454470877,5.0,1.0,0.0
MA0101202308A0079788,4,2,0.0164068908941755,2.8,1.0,0.0
MA0101202308A0080555,4,2,0.0246103363412633,4.0,1.0,0.0
MA0101202308A0081172,4,0,0.0,0.0,1.0,0.0
MA0101202308A0081731,4,3,0.0492206726825266,4.445,1.0,0.0
MA0101202308A0082115,4,3,0.0697292863002461,5.0,0.0,1.0
MA0101202308A0082206,4,1,0.0102543068088597,0.0,1.0,0.0
MA0101202308A0083134,4,0,0.0,0.0,1.0,0.0
MA0101202308A0083175,4,2,0.0205086136177194,3.7,1.0,0.0
MA0101202308A0083500,4,1,0.0041017227235438,0.0,1.0,0.0
MA0101202308A0084151,4,3,0.0512715340442986,4.3,1.0,0.0
MA0101202308A0084440,4,5,0.2953240360951599,5.0,1.0,0.0
MA0101202308A0084900,4,5,0.3896636587366694,4.2,1.0,0.0
MA0101202308A0085211,4,4,0.1804757998359311,0.0,0.0,1.0
MA0101202308A0086071,1,0,0.0,0.0,0.0,0.0
MA0101202308A0086788,1,4,0.1251025430680886,4.25,1.0,1.0
MA0101202308A0086872,4,3,0.0451189499589827,4.8,1.0,0.0
MA0101202308A0087092,4,3,0.0389663658736669,1.9,1.0,0.0
MA0101202308A0087121,4,3,0.0881870385561936,3.6,1.0,0.0
MA0101202308A0087431,4,2,0.0205086136177194,4.76,1.0,0.0
MA0101202308A0089586,4,2,0.0225594749794913,0.0,1.0,1.0
MA0101202308A0089848,4,0,0.0,0.0,1.0,0.0
MA0101202308A0089937,4,4,0.0943396226415094,4.4,1.0,0.0
MA0101202308A0090424,1,3,0.0553732567678424,4.67,1.0,0.0
MA0101202308A0091255,4,2,0.0246103363412633,5.0,1.0,1.0
MA0101202308A0091297,4,4,0.108695652173913,3.925,1.0,1.0
MA0101202308A0092339,4,0,0.0,0.0,1.0,0.0
MA0101202308A0092917,4,1,0.0082034454470877,4.7,1.0,0.0
MA0101202308A0092972,1,2,0.0246103363412633,4.5,1.0,0.0
MA0101202308A0093001,4,2,0.034864643150123,4.8,1.0,0.0
MA0101202308A0093099,1,0,0.0,0.0,1.0,0.0
MA0101202308A0093110,4,3,0.0492206726825266,4.0,0.0,0.0
MA0101202308A0093139,4,4,0.2378999179655455,5.0,1.0,1.0
MA0101202308A0093522,4,3,0.0656275635767022,4.075,1.0,1.0
MA0101202308A0094209,4,4,0.1251025430680886,0.0,1.0,0.0
MA0101202308A0094906,4,1,0.0102543068088597,4.5,1.0,1.0
MA0101202308A0095095,4,2,0.0266611977030352,4.6,1.0,0.0
MA0101202308A0095103,4,4,0.1763740771123872,4.9,1.0,1.0
MA0101202308A0095159,4,2,0.0307629204265791,3.4,1.0,0.0
MA0101202308A0096532,1,5,0.6521739130434783,4.205,1.0,0.0
MA0101202308A0096614,1,0,0.0,0.0,0.0,0.0
MA0101202308A0097560,4,1,0.0041017227235438,1.0,1.0,0.0
MA0101202308A0097760,4,3,0.0615258408531583,3.0,1.0,0.0
MA0101202308A0097940,4,4,0.2030352748154225,4.74,1.0,0.0
MA0101202308A0097948,4,2,0.0246103363412633,5.0,1.0,0.0
MA0101202308A0098063,4,0,0.0,0.0,1.0,0.0
MA0101202308A0099043,4,2,0.0266611977030352,4.0,1.0,1.0
MA0101202308A0099321,4,2,0.034864643150123,4.35,0.0,0.0
MA0101202308A0100703,4,3,0.0574241181296144,4.1,1.0,0.0
MA0101202308A0102361,4,3,0.0820344544708777,5.0,1.0,0.0
MA0101202308A0102429,4,4,0.0984413453650533,0.0,1.0,1.0
MA0101202308A0103862,1,0,0.0,0.0,1.0,0.0
MA0101202308A0104161,1,1,0.0041017227235438,1.0,1.0,0.0
MA0101202308A0104307,4,2,0.0205086136177194,5.0,1.0,0.0
MA0101202308A0104552,4,1,0.0061525840853158,5.0,1.0,0.0
MA0101202308A0104801,4,1,0.0102543068088597,3.0,1.0,0.0
MA0101202309A0000340,4,4,0.1394585726004922,4.6,1.0,0.0
MA0101202309A0001847,4,5,0.2666119770303527,4.2,1.0,0.0
MA0101202309A0001935,4,3,0.0799835931091058,4.645,1.0,0.0
MA0101202309A0001944,4,2,0.0307629204265791,4.3,1.0,0.0
MA0101202309A0002033,4,3,0.0389663658736669,4.0,1.0,0.0
MA0101202309A0002212,4,3,0.0799835931091058,3.945,0.0,0.0
MA0101202309A0002880,4,5,0.2830188679245283,4.5,1.0,1.0
MA0101202309A0002888,4,1,0.0041017227235438,3.0,1.0,0.0
MA0101202309A0004375,1,1,0.0020508613617719,0.0,1.0,0.0
MA0101202309A0004521,4,4,0.1271534044298605,4.48,0.0,0.0
MA0101202309A0005044,4,4,0.1948318293683347,4.115,1.0,0.0
MA0101202309A0005311,4,1,0.0102543068088597,4.4,1.0,0.0
MA0101202309A0005358,4,1,0.0020508613617719,0.0,1.0,0.0
MA0101202309A0006119,4,0,0.0,0.0,1.0,0.0
MA0101202309A0006227,4,0,0.0,0.0,1.0,0.0
MA0101202309A0006649,1,2,0.0287120590648072,4.9,1.0,0.0
MA0101202309A0006726,4,2,0.0184577522559474,4.3,1.0,0.0
MA0101202309A0006733,4,5,0.5680885972108286,4.6,1.0,0.0
MA0101202309A0007099,4,3,0.0410172272354388,4.265000000000001,1.0,0.0
MA0101202309A0007341,4,0,0.0,0.0,1.0,0.0
MA0101202309A0007750,4,1,0.0123051681706316,4.8,1.0,0.0
MA0101202309A0008769,4,5,0.293273174733388,3.7,1.0,0.0
MA0101202309A0009020,4,1,0.0143560295324036,5.0,1.0,0.0
MA0101202309A0009308,4,1,0.0143560295324036,5.0,0.0,0.0
MA0101202309A0009329,1,2,0.0266611977030352,3.0,1.0,0.0
MA0101202309A0009345,4,5,0.8531583264971287,4.6,1.0,0.0
MA0101202309A0011901,4,1,0.0020508613617719,5.0,1.0,0.0
MA0101202309A0011979,4,3,0.0512715340442986,3.0,1.0,0.0
MA0101202309A0012199,4,5,0.5639868744872847,4.3,1.0,0.0
MA0101202309A0012704,4,1,0.0102543068088597,4.4,1.0,0.0
MA0101202309A0012759,4,3,0.0471698113207547,4.8,1.0,0.0
MA0101202309A0013563,4,5,0.9085315832649712,4.1,1.0,0.0
MA0101202309A0013634,4,0,0.0,0.0,1.0,0.0
MA0101202309A0013998,4,5,0.588597210828548,4.71,0.0,0.0
MA0101202309A0014030,4,4,0.1251025430680886,0.0,1.0,0.0
MA0101202309A0014874,4,2,0.0307629204265791,5.0,1.0,1.0
MA0101202309A0015185,4,5,0.477850697292863,4.9,1.0,0.0
MA0101202309A0015795,4,5,0.8982772764561116,3.3,1.0,0.0
MA0101202309A0015986,4,4,0.2337981952420016,4.3,1.0,1.0
MA0101202309A0016178,4,1,0.0102543068088597,0.0,1.0,0.0
MA0101202309A0016325,4,5,0.3076292042657916,4.3,1.0,0.0
MA0101202309A0016438,4,1,0.0143560295324036,3.85,1.0,0.0
MA0101202309A0016855,4,0,0.0,0.0,1.0,0.0
MA0101202309A0017205,4,3,0.0492206726825266,4.9,1.0,1.0
MA0101202309A0017696,4,5,1.876538146021329,1.7,1.0,0.0
MA0101202309A0018230,4,4,0.2378999179655455,0.0,1.0,0.0
MA0101202309A0018495,4,1,0.0020508613617719,5.0,1.0,0.0
MA0101202309A0018800,4,3,0.0881870385561936,4.8,1.0,1.0
MA0101202309A0019288,4,2,0.0205086136177194,4.54,1.0,0.0
MA0101202309A0019743,1,3,0.0594749794913863,5.0,1.0,1.0
MA0101202309A0021425,4,3,0.0410172272354388,4.0,1.0,0.0
MA0101202309A0022167,4,3,0.0758818703855619,4.7,1.0,1.0
MA0101202309A0022171,4,5,0.7424118129614438,3.5,1.0,0.0
MA0101202309A0022570,4,5,0.7116488925348646,4.785,1.0,0.0
MA0101202309A0022851,4,5,0.916735028712059,4.2,1.0,0.0
MA0101202309A0022962,4,4,0.0963904840032813,0.0,1.0,0.0
MA0101202309A0023299,4,4,0.2399507793273174,4.1,1.0,0.0
MA0101202309A0023561,1,1,0.0020508613617719,3.0,1.0,0.0
MA0101202309A0023581,1,2,0.0246103363412633,4.0,1.0,0.0
MA0101202309A0024566,1,1,0.0020508613617719,0.0,1.0,0.0
MA0101202309A0024826,4,4,0.1230516817063166,4.525,0.0,0.0
MA0101202309A0025095,4,1,0.0102543068088597,0.0,1.0,0.0
MA0101202309A0025409,4,5,0.6378178835110747,4.0,1.0,0.0
MA0101202309A0026278,4,4,0.1230516817063166,4.695,0.0,0.0
MA0101202309A0026548,4,2,0.034864643150123,4.6,0.0,0.0
MA0101202309A0026778,4,2,0.0287120590648072,3.6,1.0,0.0
MA0101202309A0028018,4,4,0.2091878589007383,5.0,1.0,0.0
MA0101202309A0028148,4,2,0.0225594749794913,4.3,1.0,0.0
MA0101202309A0028347,4,2,0.0225594749794913,5.0,1.0,0.0
MA0101202309A0028351,4,1,0.0082034454470877,0.0,1.0,0.0
MA0101202309A0028428,4,2,0.0184577522559474,4.75,1.0,0.0
MA0101202309A0028601,4,3,0.0861361771944216,4.7,1.0,0.0
MA0101202309A0028944,4,0,0.0,0.0,1.0,0.0
MA0101202309A0029547,4,2,0.0184577522559474,5.0,1.0,1.0
MA0101202309A0030050,4,1,0.0102543068088597,0.0,1.0,0.0
MA0101202309A0030844,4,1,0.0041017227235438,2.0,1.0,0.0
MA0101202309A0031194,4,3,0.0471698113207547,5.0,1.0,0.0
MA0101202309A0031268,4,2,0.0184577522559474,5.0,1.0,0.0
MA0101202309A0032108,4,4,0.1681706316652994,0.0,1.0,1.0
MA0101202309A0032470,4,4,0.1845775225594749,2.5,1.0,0.0
MA0101202309A0032602,4,1,0.0102543068088597,4.2,1.0,0.0
MA0101202309A0032722,4,1,0.0123051681706316,0.0,1.0,0.0
MA0101202309A0032819,1,3,0.071780147662018,4.67,1.0,0.0
MA0101202309A0034183,4,3,0.0656275635767022,3.8,1.0,0.0
MA0101202309A0035377,4,0,0.0,0.0,1.0,0.0
MA0101202309A0036378,1,1,0.0061525840853158,5.0,1.0,0.0
MA0101202309A0037181,4,4,0.0922887612797374,4.62,1.0,1.0
MA0101202309A0037357,4,1,0.0143560295324036,4.0,1.0,1.0
MA0101202309A0037477,4,2,0.0266611977030352,4.9,1.0,0.0
MA0101202309A0037814,4,5,0.7136997538966366,4.2,1.0,0.0
MA0101202309A0037983,4,0,0.0,0.0,1.0,0.0
MA0101202309A0038697,4,3,0.071780147662018,3.835,1.0,0.0
MA0101202309A0039308,4,5,0.6521739130434783,3.7,1.0,0.0
MA0101202309A0039572,4,2,0.0287120590648072,5.0,1.0,0.0
MA0101202309A0039825,4,3,0.0799835931091058,4.2,1.0,0.0
MA0101202309A0040731,4,3,0.0738310090237899,3.8,0.0,0.0
MA0101202309A0040935,4,2,0.0225594749794913,4.5,1.0,0.0
MA0101202309A0041107,4,1,0.0020508613617719,0.0,1.0,0.0
MA0101202309A0041118,4,1,0.0123051681706316,0.0,0.0,0.0
MA0101202309A0043214,4,2,0.0369155045118949,3.91,1.0,0.0
MA0101202309A0043410,4,3,0.0676784249384741,3.905,1.0,0.0
MA0101202309A0044749,4,5,1.4540607054963084,3.86,1.0,1.0
MA0101202309A0044880,4,1,0.0041017227235438,5.0,1.0,0.0
MA0101202309A0046131,1,1,0.0102543068088597,5.0,1.0,1.0
MA0101202309A0046205,4,0,0.0,0.0,1.0,0.0
MA0101202309A0046222,4,1,0.0123051681706316,4.8,1.0,0.0
MA0101202309A0046231,4,4,0.1251025430680886,3.5,1.0,0.0
MA0101202309A0047181,4,5,0.5988515176374077,4.59,1.0,0.0
MA0101202309A0048420,4,1,0.0041017227235438,0.0,1.0,0.0
MA0101202309A0048812,4,3,0.0533223954060705,3.625,1.0,0.0
MA0101202309A0049716,4,3,0.0471698113207547,4.9,1.0,0.0
MA0101202309A0050121,1,0,0.0,0.0,1.0,0.0
MA0101202309A0050916,4,3,0.0430680885972108,3.9,1.0,0.0
MA0101202309A0051619,4,4,0.1168990976210008,0.0,1.0,0.0
MA0101202309A0051796,4,2,0.0184577522559474,0.0,1.0,0.0
MA0101202309A0053184,4,1,0.0061525840853158,4.59,1.0,0.0
MA0101202309A0053466,4,1,0.0061525840853158,0.0,1.0,0.0
MA0101202309A0053518,4,1,0.0041017227235438,0.0,1.0,0.0
MA0101202309A0053932,4,1,0.0041017227235438,5.0,1.0,0.0
MA0101202309A0054109,4,2,0.0205086136177194,1.9,1.0,0.0
MA0101202309A0054242,4,2,0.0246103363412633,0.0,1.0,0.0
MA0101202309A0054926,4,5,0.883921246923708,4.7,1.0,1.0
MA0101202309A0055250,4,2,0.0225594749794913,5.0,1.0,1.0
MA0101202309A0055781,4,4,0.2440525020508613,4.8,1.0,0.0
MA0101202309A0055851,4,4,0.1107465135356849,2.9,1.0,0.0
MA0101202309A0055860,4,0,0.0,0.0,1.0,0.0
MA0101202309A0056116,4,1,0.0143560295324036,4.0,1.0,1.0
MA0101202309A0056354,4,4,0.2132895816242822,4.6,1.0,0.0
MA0101202309A0056864,4,5,0.3035274815422477,3.8,0.0,0.0
MA0101202309A0058630,4,2,0.0164068908941755,0.0,1.0,0.0
MA0101202309A0058799,4,4,0.1415094339622641,5.0,1.0,1.0
MA0101202309A0059185,4,0,0.0,0.0,1.0,0.0
MA0101202309A0060360,4,3,0.0881870385561936,5.0,1.0,1.0
MA0101202309A0062534,4,3,0.0471698113207547,0.0,1.0,1.0
MA0101202309A0062574,4,0,0.0,0.0,1.0,0.0
MA0101202309A0062609,1,1,0.0061525840853158,0.0,1.0,0.0
MA0101202309A0062737,4,1,0.0143560295324036,0.0,1.0,0.0
MA0101202309A0062954,1,0,0.0,0.0,0.0,0.0
MA0101202309A0063110,4,3,0.0533223954060705,4.5,1.0,1.0
MA0101202309A0063561,4,0,0.0,0.0,1.0,0.0
MA0101202309A0063715,4,3,0.0410172272354388,4.3,1.0,0.0
MA0101202309A0064472,4,5,0.3096800656275635,4.62,1.0,0.0
MA0101202309A0065156,1,5,0.3178835110746513,5.0,1.0,0.0
MA0101202309A0065611,4,4,0.1784249384741591,4.2,1.0,1.0
MA0101202309A0065971,4,4,0.1189499589827727,4.64,1.0,0.0
MA0101202309A0066228,4,0,0.0,0.0,1.0,0.0
MA0101202309A0066318,1,2,0.0184577522559474,0.0,1.0,0.0
MA0101202309A0066339,4,4,0.1251025430680886,4.56,1.0,0.0
MA0101202309A0068141,4,2,0.0164068908941755,5.0,1.0,0.0
MA0101202309A0070481,4,5,0.6501230516817064,4.8,1.0,0.0
MA0101202309A0071333,4,5,0.3835110746513536,4.8,1.0,0.0
MA0101202309A0071357,4,5,0.549630844954881,0.0,1.0,0.0
MA0101202309A0071799,4,1,0.0123051681706316,5.0,1.0,0.0
MA0101202309A0072852,4,4,0.1374077112387202,4.8,1.0,1.0
MA0101202309A0072967,4,2,0.0205086136177194,0.0,1.0,1.0
MA0101202309A0072968,4,3,0.0553732567678424,3.7,1.0,1.0
MA0101202309A0073079,4,1,0.0102543068088597,0.0,1.0,0.0
MA0101202309A0074191,1,1,0.0082034454470877,1.0,1.0,1.0
MA0101202309A0074238,4,3,0.0492206726825266,5.0,1.0,0.0
MA0101202309A0074361,4,2,0.0246103363412633,4.3,1.0,0.0
MA0101202309A0074680,4,4,0.1784249384741591,4.2,1.0,0.0
MA0101202309A0075091,4,1,0.0061525840853158,3.7,1.0,0.0
MA0101202309A0075611,4,0,0.0,0.0,1.0,0.0
MA0101202309A0076181,4,4,0.1168990976210008,3.8,1.0,1.0
MA0101202309A0077025,4,1,0.0061525840853158,0.0,1.0,0.0
MA0101202309A0077355,1,2,0.0266611977030352,4.7,1.0,0.0
MA0101202309A0077798,4,3,0.0758818703855619,3.0,0.0,0.0
MA0101202309A0078811,4,1,0.0123051681706316,4.3,1.0,1.0
MA0101202309A0078838,4,1,0.0143560295324036,4.37,1.0,0.0
MA0101202309A0078920,4,2,0.0328137817883511,4.545,1.0,0.0
MA0101202309A0079240,4,3,0.0471698113207547,4.9,1.0,0.0
MA0101202309A0079520,4,3,0.0410172272354388,3.965,1.0,0.0
MA0101202309A0079602,4,1,0.0020508613617719,4.45,1.0,0.0
MA0101202309A0080339,4,5,0.3137817883511074,5.0,1.0,0.0
MA0101202309A0080460,4,3,0.0574241181296144,0.0,1.0,0.0
MA0101202309A0080900,1,4,0.1066447908121411,5.0,0.0,0.0
MA0101202309A0081201,4,4,0.2112387202625102,4.8,1.0,0.0
MA0101202309A0081427,4,4,0.1681706316652994,0.0,1.0,1.0
MA0101202309A0081495,4,2,0.0164068908941755,2.3,1.0,0.0
MA0101202309A0081946,1,1,0.0061525840853158,0.0,1.0,0.0
MA0101202309A0081997,4,5,0.6050041017227236,4.1,1.0,0.0
MA0101202309A0083065,4,3,0.0635767022149302,5.0,0.0,1.0
MA0101202309A0083614,4,3,0.0471698113207547,4.4,1.0,0.0
MA0101202309A0084935,4,1,0.0143560295324036,2.4,1.0,0.0
MA0101202309A0086165,4,5,1.175143560295324,4.2,1.0,0.0
MA0101202309A0086331,4,5,0.7034454470877769,3.6,1.0,0.0
MA0101202309A0086652,4,5,0.477850697292863,4.7,0.0,0.0
MA0101202309A0086654,4,3,0.0779327317473338,5.0,1.0,0.0
MA0101202309A0086901,4,4,0.1004922067268252,5.0,0.0,0.0
MA0101202309A0087731,4,0,0.0,0.0,1.0,0.0
MA0101202309A0087991,1,1,0.0020508613617719,0.0,1.0,0.0
MA0101202309A0088028,4,5,0.6644790812141099,4.1,1.0,0.0
MA0101202309A0089440,4,1,0.0041017227235438,2.5,1.0,0.0
MA0101202309A0089729,4,1,0.0041017227235438,0.0,1.0,0.0
MA0101202309A0090157,1,2,0.034864643150123,5.0,0.0,1.0
MA0101202309A0090900,4,1,0.0041017227235438,5.0,1.0,0.0
MA0101202309A0091594,4,4,0.1251025430680886,4.2,1.0,1.0
MA0101202309A0091849,4,2,0.0164068908941755,4.9,1.0,0.0
MA0101202310A0000471,4,5,1.573010664479081,4.68,1.0,1.0
MA0101202310A0000995,4,3,0.0410172272354388,3.4,1.0,0.0
MA0101202310A0001871,4,3,0.0553732567678424,0.0,1.0,1.0
MA0101202310A0002602,1,4,0.0943396226415094,0.0,1.0,1.0
MA0101202310A0002761,4,4,0.1681706316652994,4.4,1.0,1.0
MA0101202310A0002839,4,5,0.7834290401968826,4.7,1.0,1.0
MA0101202310A0003546,4,3,0.0410172272354388,4.81,1.0,1.0
MA0101202310A0003765,4,5,0.5332239540607054,4.7,1.0,1.0
MA0101202310A0004454,4,5,0.3814602132895816,4.0,0.0,0.0
MA0101202310A0004654,4,3,0.071780147662018,0.0,1.0,0.0
MA0101202310A0004813,4,1,0.0020508613617719,0.0,1.0,0.0
MA0101202310A0004893,4,3,0.0430680885972108,4.0,1.0,0.0
MA0101202310A0005448,1,5,0.7936833470057424,2.5,1.0,1.0
MA0101202310A0005957,4,5,0.3076292042657916,4.2,1.0,1.0
MA0101202310A0006079,4,2,0.0328137817883511,5.0,1.0,0.0
MA0101202310A0006474,1,1,0.0061525840853158,0.0,1.0,1.0
MA0101202310A0007399,4,5,0.3424938474159147,5.0,1.0,0.0
MA0101202310A0007613,4,1,0.0123051681706316,5.0,1.0,0.0
MA0101202310A0008137,4,3,0.0553732567678424,3.0,0.0,0.0
MA0101202310A0008318,4,4,0.1497128794093519,4.3,1.0,1.0
MA0101202310A0008479,4,1,0.0143560295324036,3.3,1.0,0.0
MA0101202310A0009012,4,2,0.0266611977030352,4.2,1.0,0.0
MA0101202310A0009289,4,3,0.0697292863002461,5.0,1.0,0.0
MA0101202310A0010323,4,4,0.1312551271534044,4.83,1.0,0.0
MA0101202310A0011648,4,5,0.3506972928630025,5.0,1.0,0.0
MA0101202310A0012791,4,2,0.0184577522559474,5.0,1.0,0.0
MA0101202310A0012973,4,4,0.1353568498769483,3.35,1.0,0.0
MA0101202310A0013507,4,1,0.0123051681706316,4.0,1.0,0.0
MA0101202310A0014375,4,3,0.0389663658736669,3.29,1.0,0.0
MA0101202310A0014635,4,0,0.0,0.0,0.0,0.0
MA0101202310A0015341,4,5,0.3260869565217391,4.38,1.0,1.0
MA0101202310A0015667,4,1,0.0123051681706316,5.0,1.0,0.0
MA0101202310A0016039,4,2,0.0164068908941755,5.0,1.0,1.0
MA0101202310A0018052,4,4,0.1681706316652994,5.0,1.0,0.0
MA0101202310A0018709,4,4,0.1004922067268252,4.7,1.0,1.0
MA0101202310A0019204,4,0,0.0,0.0,1.0,0.0
MA0101202310A0019246,4,0,0.0,0.0,1.0,0.0
MA0101202310A0019685,4,5,0.877768662838392,2.7,0.0,0.0
MA0101202310A0020009,4,3,0.0574241181296144,4.6,1.0,0.0
MA0101202310A0020071,4,1,0.0061525840853158,1.0,1.0,0.0
MA0101202310A0020144,4,5,1.1977030352748157,4.0,1.0,0.0
MA0101202310A0021070,4,2,0.0287120590648072,4.7,1.0,0.0
MA0101202310A0021918,4,1,0.0061525840853158,5.0,1.0,0.0
MA0101202310A0022157,4,0,0.0,0.0,1.0,0.0
MA0101202310A0023318,4,0,0.0,0.0,1.0,0.0
MA0101202310A0024213,4,5,0.8982772764561116,3.96,1.0,0.0
MA0101202310A0024876,4,2,0.0205086136177194,5.0,1.0,0.0
MA0101202310A0025182,4,1,0.0061525840853158,4.720000000000001,1.0,0.0
MA0101202310A0025463,4,2,0.0164068908941755,5.0,1.0,0.0
MA0101202310A0025531,4,2,0.0369155045118949,2.69,1.0,0.0
MA0101202310A0025602,4,4,0.145611156685808,4.7,1.0,0.0
MA0101202310A0026430,4,2,0.0369155045118949,4.0,1.0,0.0
MA0101202310A0026574,4,1,0.0143560295324036,4.0,0.0,0.0
MA0101202310A0027071,4,1,0.0082034454470877,0.0,1.0,1.0
MA0101202310A0027287,4,5,0.3096800656275635,4.8,0.0,1.0
MA0101202310A0027711,1,3,0.0615258408531583,0.0,1.0,0.0
MA0101202310A0028177,4,2,0.0184577522559474,4.5,1.0,0.0
MA0101202310A0028358,4,2,0.0266611977030352,5.0,1.0,0.0
MA0101202310A0028641,4,2,0.0369155045118949,4.5,1.0,0.0
MA0101202310A0028689,4,5,0.3978671041837572,4.6,1.0,1.0
MA0101202310A0029065,4,0,0.0,0.0,1.0,0.0
MA0101202310A0029210,1,4,0.0963904840032813,4.7,1.0,1.0
MA0101202310A0029334,4,5,0.5721903199343724,4.4,1.0,0.0
MA0101202310A0029343,4,4,0.1251025430680886,4.225,0.0,0.0
MA0101202310A0030565,4,1,0.0061525840853158,3.0,1.0,0.0
MA0101202310A0030782,4,0,0.0,0.0,1.0,0.0
MA0101202310A0031480,4,2,0.0164068908941755,4.465,1.0,0.0
MA0101202310A0032172,4,1,0.0020508613617719,3.0,1.0,0.0
MA0101202310A0032258,4,1,0.0041017227235438,1.0,1.0,0.0
MA0101202310A0033160,4,1,0.0082034454470877,5.0,1.0,1.0
MA0101202310A0033264,4,3,0.0430680885972108,4.82,1.0,0.0
MA0101202310A0033377,4,0,0.0,0.0,1.0,0.0
MA0101202310A0033554,4,5,0.8080393765381461,4.6,0.0,0.0
MA0101202310A0034307,1,3,0.0492206726825266,5.0,1.0,0.0
MA0101202310A0034487,4,0,0.0,4.41,1.0,1.0
MA0101202310A0034861,4,5,0.5578342904019689,4.5,1.0,0.0
MA0101202310A0035213,4,0,0.0,0.0,1.0,0.0
MA0101202310A0036078,4,2,0.0164068908941755,5.0,1.0,1.0
MA0101202310A0036144,4,5,1.7124692370795735,4.085,0.0,0.0
MA0101202310A0036346,4,2,0.0164068908941755,4.5,1.0,0.0
MA0101202310A0036505,4,3,0.0430680885972108,5.0,0.0,0.0
MA0101202310A0037425,4,4,0.1312551271534044,5.0,1.0,1.0
MA0101202310A0038401,4,2,0.0184577522559474,5.0,1.0,1.0
MA0101202310A0038489,4,1,0.0102543068088597,3.7,1.0,0.0
MA0101202310A0038901,4,2,0.0287120590648072,4.9,1.0,0.0
MA0101202310A0038927,4,5,0.3240360951599672,4.404999999999999,1.0,0.0
MA0101202310A0039179,4,2,0.0225594749794913,3.9,1.0,0.0
MA0101202310A0039301,4,2,0.034864643150123,5.0,1.0,1.0
MA0101202310A0040195,4,1,0.0143560295324036,5.0,1.0,0.0
MA0101202310A0040352,4,4,0.1394585726004922,4.6,1.0,1.0
MA0101202310A0040371,4,1,0.0041017227235438,5.0,1.0,0.0
MA0101202310A0040638,4,2,0.0369155045118949,4.555,1.0,0.0
MA0101202310A0041188,4,0,0.0,4.63,1.0,0.0
MA0101202310A0041606,4,4,0.1415094339622641,4.9,1.0,0.0
MA0101202310A0042034,4,1,0.0041017227235438,5.0,1.0,1.0
MA0101202310A0042227,4,5,1.8539786710418376,4.4,0.0,0.0
MA0101202310A0042508,4,2,0.0184577522559474,2.3,1.0,0.0
MA0101202310A0042790,4,3,0.0430680885972108,4.0,1.0,1.0
MA0101202310A0042841,4,2,0.0184577522559474,0.0,1.0,0.0
MA0101202310A0043644,4,5,2.1841673502871206,3.675,1.0,1.0
MA0101202310A0043755,4,5,0.3691550451189499,0.0,1.0,0.0
MA0101202310A0044212,4,3,0.0574241181296144,3.825,1.0,0.0
MA0101202310A0044226,4,1,0.0061525840853158,0.0,1.0,1.0
MA0101202310A0045212,4,1,0.0123051681706316,5.0,1.0,0.0
MA0101202310A0046398,4,3,0.0410172272354388,1.7,1.0,0.0
MA0101202310A0046435,4,2,0.0369155045118949,3.3,1.0,0.0
MA0101202310A0046646,4,1,0.0061525840853158,2.0,1.0,0.0
MA0101202310A0046780,4,2,0.0328137817883511,3.6,1.0,0.0
MA0101202310A0047292,4,5,1.4663658736669405,4.3,1.0,0.0
MA0101202310A0047482,4,5,0.4245283018867924,4.675,1.0,0.0
MA0101202310A0048640,4,2,0.0369155045118949,0.0,1.0,0.0
MA0101202310A0048804,4,1,0.0143560295324036,4.23,1.0,0.0
MA0101202310A0049171,1,0,0.0,0.0,1.0,0.0
MA0101202310A0050341,4,1,0.0123051681706316,0.0,1.0,1.0
MA0101202310A0051340,4,3,0.0676784249384741,3.7,1.0,0.0
MA0101202310A0051539,4,4,0.0943396226415094,4.62,1.0,0.0
MA0101202310A0051555,4,4,0.1866283839212469,0.0,1.0,0.0
MA0101202310A0051780,4,1,0.0102543068088597,0.0,1.0,0.0
MA0101202310A0051895,4,3,0.0492206726825266,4.37,0.0,0.0
MA0101202310A0052379,1,4,0.1148482362592288,4.1,0.0,1.0
MA0101202310A0052390,4,4,0.0984413453650533,3.0,1.0,0.0
MA0101202310A0053017,4,1,0.0102543068088597,4.19,1.0,0.0
MA0101202310A0053023,4,5,0.4860541427399507,4.0,1.0,1.0
MA0101202310A0053036,4,5,0.5434782608695652,4.609999999999999,1.0,1.0
MA0101202310A0053139,4,1,0.0041017227235438,3.5,1.0,0.0
MA0101202310A0053300,4,1,0.0061525840853158,5.0,1.0,0.0
MA0101202310A0053722,4,2,0.0287120590648072,5.0,1.0,0.0
MA0101202310A0054013,4,0,0.0,0.0,1.0,0.0
MA0101202310A0054023,4,2,0.0164068908941755,4.375,1.0,0.0
MA0101202310A0054251,4,0,0.0,0.0,1.0,0.0
MA0101202310A0054260,4,5,0.2686628383921247,3.945,1.0,1.0
MA0101202310A0055799,4,2,0.0266611977030352,4.19,1.0,0.0
MA0101202310A0055930,4,2,0.0225594749794913,0.0,1.0,0.0
MA0101202310A0056018,4,1,0.0143560295324036,0.0,1.0,0.0
MA0101202310A0056259,4,5,1.542247744052502,4.265000000000001,1.0,1.0
MA0101202310A0056730,1,0,0.0,0.0,1.0,0.0
MA0101202310A0057095,4,4,0.0963904840032813,5.0,1.0,1.0
MA0101202310A0057736,4,2,0.0164068908941755,4.449999999999999,1.0,0.0
MA0101202310A0058455,4,2,0.0266611977030352,3.0,1.0,0.0
MA0101202310A0058795,4,2,0.0225594749794913,2.3,1.0,0.0
MA0101202310A0058916,4,4,0.1107465135356849,4.8,1.0,1.0
MA0101202310A0059203,4,5,0.3035274815422477,4.5,1.0,1.0
MA0101202310A0060284,1,2,0.0225594749794913,4.44,0.0,0.0
MA0101202310A0060575,4,5,0.3609515996718622,4.7,1.0,0.0
MA0101202310A0061253,4,2,0.0164068908941755,5.0,1.0,0.0
MA0101202310A0061837,4,1,0.0102543068088597,4.79,1.0,1.0
MA0101202310A0062016,4,0,0.0,0.0,1.0,0.0
MA0101202310A0062129,4,3,0.0533223954060705,5.0,1.0,0.0
MA0101202310A0062317,4,5,0.6562756357670221,4.390000000000001,0.0,0.0
MA0101202310A0063417,4,3,0.071780147662018,4.095,1.0,0.0
MA0101202310A0063981,4,3,0.0779327317473338,4.35,1.0,1.0
MA0101202310A0064355,4,4,0.108695652173913,5.0,1.0,0.0
MA0101202310A0064381,4,5,0.6521739130434783,3.0,1.0,0.0
MA0101202310A0064627,4,5,0.4122231337161608,3.7,1.0,1.0
MA0101202310A0064700,4,1,0.0102543068088597,0.0,1.0,0.0
MA0101202310A0064820,4,1,0.0041017227235438,5.0,1.0,0.0
MA0101202310A0066698,4,2,0.0205086136177194,4.3,1.0,0.0
MA0101202310A0068686,4,3,0.071780147662018,4.875,1.0,1.0
MA0101202310A0069886,4,2,0.0307629204265791,2.2,1.0,0.0
MA0101202310A0070634,4,1,0.0102543068088597,3.0,1.0,0.0
MA0101202310A0071761,4,5,0.3506972928630025,4.5,1.0,1.0
MA0101202310A0072480,4,0,0.0,0.0,1.0,0.0
MA0101202310A0072482,4,1,0.0041017227235438,0.0,1.0,0.0
MA0101202310A0073316,1,0,0.0,0.0,1.0,0.0
MA0101202310A0073426,1,5,0.9495488105004102,4.005,0.0,0.0
MA0101202310A0073428,4,5,1.2592288761279735,2.8,0.0,0.0
MA0101202310A0073670,4,0,0.0,0.0,0.0,1.0
MA0101202310A0074150,4,4,0.1107465135356849,3.26,1.0,0.0
MA0101202310A0075074,4,1,0.0041017227235438,5.0,1.0,0.0
MA0101202310A0075472,4,1,0.0143560295324036,3.1,0.0,0.0
MA0101202310A0075496,4,1,0.0020508613617719,4.0,1.0,0.0
MA0101202310A0075666,1,1,0.0143560295324036,0.0,1.0,0.0
MA0101202310A0076022,4,3,0.0430680885972108,3.335,1.0,0.0
MA0101202310A0076525,4,5,0.4983593109105824,4.6,1.0,0.0
MA0101202310A0077044,1,4,0.1927809680065627,5.0,1.0,1.0
MA0101202310A0077960,4,1,0.0061525840853158,4.0,1.0,0.0
MA0101202310A0078281,1,4,0.0922887612797374,0.0,1.0,0.0
MA0101202310A0078610,4,4,0.1066447908121411,4.3,1.0,0.0
MA0101202310A0078618,1,2,0.0369155045118949,4.5,1.0,1.0
MA0101202310A0079050,4,1,0.0102543068088597,5.0,1.0,0.0
MA0101202310A0079314,4,4,0.1661197703035274,4.425000000000001,1.0,0.0
MA0101202310A0079631,4,1,0.0123051681706316,0.0,1.0,0.0
MA0101202310A0080020,1,5,0.3137817883511074,4.9,1.0,0.0
MA0101202310A0081943,4,3,0.0758818703855619,4.34,1.0,0.0
MA0101202310A0081975,4,1,0.0123051681706316,0.0,1.0,0.0
MA0101202310A0082316,4,3,0.0779327317473338,4.465,1.0,1.0
MA0101202310A0082909,4,2,0.0287120590648072,4.3,1.0,0.0
MA0101202310A0083403,4,2,0.0164068908941755,4.7,1.0,0.0
MA0101202310A0084162,4,3,0.0410172272354388,4.8,1.0,0.0
MA0101202310A0084583,4,3,0.0697292863002461,0.0,0.0,0.0
MA0101202310A0084828,4,0,0.0,0.0,1.0,0.0
MA0101202310A0085017,4,2,0.0246103363412633,4.9,1.0,0.0
MA0101202310A0085370,4,0,0.0,0.0,1.0,0.0
MA0101202310A0085683,4,5,0.5229696472518458,4.8,1.0,0.0
MA0101202310A0086033,4,2,0.034864643150123,5.0,1.0,0.0
MA0101202310A0086340,4,5,0.3219852337981952,5.0,1.0,0.0
MA0101202310A0086630,4,3,0.0779327317473338,3.3200000000000003,1.0,0.0
MA0101202310A0087113,4,3,0.0697292863002461,5.0,1.0,0.0
MA0101202310A0087329,4,1,0.0123051681706316,5.0,0.0,0.0
MA0101202310A0088388,4,2,0.0287120590648072,0.0,1.0,0.0
MA0101202310A0088471,1,5,1.1997538966365875,0.0,1.0,0.0
MA0101202310A0089089,4,1,0.0082034454470877,3.0,1.0,0.0
MA0101202310A0090126,4,4,0.1968826907301066,3.4,1.0,0.0
MA0101202310A0091310,4,2,0.0246103363412633,4.0,1.0,0.0
MA0101202310A0092063,4,2,0.0225594749794913,5.0,1.0,0.0
MA0101202310A0092620,1,1,0.0123051681706316,3.0,1.0,0.0
MA0101202310A0093029,4,1,0.0082034454470877,0.0,1.0,0.0
MA0101202310A0093249,1,2,0.0307629204265791,5.0,0.0,0.0
MA0101202310A0093831,4,0,0.0,0.0,1.0,0.0
MA0101202310A0094424,4,1,0.0041017227235438,0.0,1.0,1.0
MA0101202310A0094497,4,1,0.0041017227235438,0.0,1.0,0.0
MA0101202310A0096063,1,5,0.2789171452009844,4.7,0.0,0.0
MA0101202310A0097426,4,1,0.0020508613617719,0.0,1.0,0.0
MA0101202310A0097624,4,2,0.0266611977030352,2.8,1.0,0.0
MA0101202310A0098081,4,2,0.0184577522559474,0.0,1.0,1.0
MA0101202310A0098821,4,1,0.0102543068088597,4.2,1.0,0.0
MA0101202310A0099127,1,1,0.0020508613617719,0.0,0.0,0.0
MA0101202311A0000347,4,1,0.0102543068088597,0.0,1.0,0.0
MA0101202311A0001104,4,2,0.0205086136177194,5.0,1.0,0.0
MA0101202311A0001247,4,1,0.0102543068088597,0.0,1.0,1.0
MA0101202311A0001299,4,1,0.0082034454470877,2.5,1.0,0.0
MA0101202311A0002213,4,0,0.0,0.0,1.0,0.0
MA0101202311A0002892,4,1,0.0061525840853158,2.3,1.0,0.0
MA0101202311A0003555,4,5,0.81214109926169,5.0,1.0,0.0
MA0101202311A0003782,4,3,0.0799835931091058,3.0,1.0,0.0
MA0101202311A0004228,4,2,0.0328137817883511,3.7,1.0,0.0
MA0101202311A0004736,4,2,0.0369155045118949,4.085,1.0,0.0
MA0101202311A0004747,4,4,0.1168990976210008,3.6,1.0,0.0
MA0101202311A0006612,4,3,0.0635767022149302,5.0,1.0,0.0
MA0101202311A0006735,4,2,0.0184577522559474,4.2,1.0,0.0
MA0101202311A0006802,4,1,0.0123051681706316,0.0,1.0,1.0
MA0101202311A0007146,4,5,0.5414273995077933,5.0,1.0,0.0
MA0101202311A0007846,4,0,0.0,0.0,1.0,0.0
MA0101202311A0008437,4,0,0.0,0.0,1.0,0.0
MA0101202311A0009132,1,0,0.0,0.0,1.0,0.0
MA0101202311A0009834,4,3,0.0594749794913863,0.0,1.0,0.0
MA0101202311A0009861,4,0,0.0,0.0,1.0,0.0
MA0101202311A0010319,4,2,0.0225594749794913,0.0,1.0,0.0
MA0101202311A0010864,4,0,0.0,0.0,1.0,0.0
MA0101202311A0010950,4,1,0.0082034454470877,3.3,1.0,0.0
MA0101202311A0011126,4,4,0.1763740771123872,3.815,1.0,1.0
MA0101202311A0012208,4,1,0.0061525840853158,0.0,0.0,1.0
MA0101202311A0012459,4,3,0.0861361771944216,5.0,1.0,1.0
MA0101202311A0012499,4,2,0.0225594749794913,5.0,1.0,1.0
MA0101202311A0012592,4,3,0.0861361771944216,3.8,1.0,1.0
MA0101202311A0012752,4,2,0.0287120590648072,0.0,1.0,0.0
MA0101202311A0012854,4,5,0.5004101722723544,0.0,0.0,0.0
MA0101202311A0012873,4,4,0.2091878589007383,4.5,1.0,0.0
MA0101202311A0013667,4,2,0.0266611977030352,5.0,1.0,0.0
MA0101202311A0014574,4,1,0.0082034454470877,0.0,1.0,1.0
MA0101202311A0014668,4,1,0.0020508613617719,4.765000000000001,1.0,0.0
MA0101202311A0015465,4,1,0.0020508613617719,0.0,1.0,0.0
MA0101202311A0016045,4,3,0.071780147662018,4.7,,
MA0101202311A0016217,4,3,0.0451189499589827,5.0,1.0,0.0
MA0101202311A0016262,4,1,0.0020508613617719,0.0,1.0,0.0
MA0101202311A0016316,4,0,0.0,0.0,0.0,0.0
MA0101202311A0016650,4,1,0.0143560295324036,3.4,1.0,0.0
MA0101202311A0016902,4,4,0.1866283839212469,4.2,1.0,1.0
MA0101202311A0016957,4,0,0.0,0.0,1.0,0.0
MA0101202311A0016992,4,5,1.7227235438884332,4.47,1.0,0.0
MA0101202311A0017191,4,2,0.0205086136177194,4.4,1.0,0.0
MA0101202311A0017304,4,0,0.0,0.0,0.0,0.0
MA0101202311A0017483,4,4,0.2337981952420016,3.7,1.0,0.0
MA0101202311A0017543,4,0,0.0,0.0,0.0,0.0
MA0101202311A0017568,4,0,0.0,0.0,1.0,0.0
MA0101202311A0019093,4,4,0.1948318293683347,5.0,1.0,1.0
MA0101202311A0019365,4,2,0.0164068908941755,3.5,1.0,0.0
MA0101202311A0020043,4,4,0.1640689089417555,4.0,1.0,0.0
MA0101202311A0020122,4,1,0.0123051681706316,0.0,1.0,0.0
MA0101202311A0020983,4,1,0.0082034454470877,2.3,1.0,0.0
MA0101202311A0021617,1,5,0.4737489745693191,0.0,0.0,0.0
MA0101202311A0021649,4,0,0.0,0.0,1.0,0.0
MA0101202311A0022440,4,0,0.0,0.0,1.0,0.0
MA0101202311A0022563,4,2,0.0225594749794913,5.0,1.0,0.0
MA0101202311A0022600,3,4,0.1435602953240361,4.425000000000001,1.0,0.0
MA0101202311A0022611,4,3,0.0861361771944216,3.8,1.0,1.0
MA0101202311A0022788,4,2,0.0246103363412633,0.0,1.0,0.0
MA0101202311A0024017,1,3,0.0389663658736669,5.0,1.0,0.0
MA0101202311A0024028,4,3,0.0615258408531583,4.8,1.0,0.0
MA0101202311A0024103,4,0,0.0,0.0,1.0,0.0
MA0101202311A0024296,4,1,0.0123051681706316,4.5,1.0,0.0
MA0101202311A0024357,4,4,0.1394585726004922,0.0,1.0,0.0
MA0101202311A0024781,4,2,0.0184577522559474,5.0,1.0,0.0
MA0101202311A0024961,4,2,0.0246103363412633,0.0,1.0,0.0
MA0101202311A0027160,4,2,0.0328137817883511,5.0,1.0,1.0
MA0101202311A0027283,1,5,0.9762100082034454,0.0,1.0,0.0
MA0101202311A0028413,4,2,0.0164068908941755,3.7,1.0,0.0
MA0101202311A0028443,4,5,0.8941755537325677,4.53,1.0,0.0
MA0101202311A0029232,4,5,0.2871205906480722,5.0,1.0,1.0
MA0101202311A0029359,1,0,0.0,0.0,1.0,0.0
MA0101202311A0030034,4,5,0.6480721903199343,4.1,0.0,1.0
MA0101202311A0030250,4,1,0.0123051681706316,2.3,1.0,0.0
MA0101202311A0030303,4,3,0.0471698113207547,5.0,1.0,1.0
MA0101202311A0031927,4,0,0.0,0.0,0.0,0.0
MA0101202311A0032111,4,3,0.0492206726825266,3.4,1.0,0.0
MA0101202311A0032273,4,1,0.0143560295324036,5.0,1.0,0.0
MA0101202311A0032707,4,1,0.0041017227235438,1.0,1.0,0.0
MA0101202311A0033666,1,3,0.0676784249384741,4.279999999999999,1.0,0.0
MA0101202311A0033749,4,1,0.0061525840853158,5.0,1.0,0.0
MA0101202311A0034126,4,4,0.1107465135356849,4.8,0.0,0.0
MA0101202311A0034292,4,4,0.1538146021328958,4.3,1.0,0.0
MA0101202311A0034560,4,0,0.0,0.0,1.0,0.0
MA0101202311A0034669,4,3,0.0389663658736669,4.9,1.0,1.0
MA0101202311A0034896,4,3,0.0553732567678424,4.3,1.0,0.0
MA0101202311A0035860,4,2,0.0225594749794913,2.2,1.0,0.0
MA0101202311A0036522,1,2,0.0328137817883511,5.0,1.0,1.0
MA0101202311A0036699,1,4,0.1989335520918786,0.0,1.0,0.0
MA0101202311A0036890,4,5,0.7116488925348646,4.5600000000000005,1.0,0.0
MA0101202311A0036914,1,1,0.0041017227235438,0.0,1.0,0.0
MA0101202311A0036986,4,2,0.0369155045118949,2.4,0.0,0.0
MA0101202311A0037134,4,0,0.0,0.0,1.0,0.0
MA0101202311A0037143,4,2,0.0225594749794913,4.165,1.0,1.0
MA0101202311A0037442,1,5,0.920836751435603,0.0,1.0,0.0
MA0101202311A0037584,4,0,0.0,0.0,1.0,0.0
MA0101202311A0037706,4,3,0.0594749794913863,3.225,1.0,1.0
MA0101202311A0037933,4,1,0.0041017227235438,0.0,1.0,0.0
MA0101202311A0038017,4,1,0.0041017227235438,0.0,1.0,0.0
MA0101202311A0038073,4,1,0.0020508613617719,0.0,1.0,0.0
MA0101202311A0038484,4,1,0.0041017227235438,4.5,1.0,0.0
MA0101202311A0039057,4,2,0.0328137817883511,4.720000000000001,1.0,0.0
MA0101202311A0039102,4,0,0.0,0.0,1.0,0.0
MA0101202311A0039687,1,0,0.0,0.0,1.0,0.0
MA0101202311A0039842,4,5,1.099261689909762,5.0,1.0,0.0
MA0101202311A0040227,4,4,0.2050861361771944,4.43,1.0,0.0
MA0101202311A0040458,4,3,0.0615258408531583,3.8,1.0,0.0
MA0101202311A0040583,4,2,0.0266611977030352,2.5,1.0,0.0
MA0101202311A0040782,1,4,0.1722723543888433,4.7,1.0,1.0
MA0101202311A0040813,4,5,1.759639048400328,4.59,1.0,0.0
MA0101202311A0040933,4,3,0.0656275635767022,5.0,1.0,0.0
MA0101202311A0041420,4,5,0.6173092698933552,4.39,1.0,0.0
MA0101202311A0041897,4,5,0.2953240360951599,4.8,1.0,0.0
MA0101202311A0041909,4,4,0.1661197703035274,3.1,1.0,0.0
MA0101202311A0041970,4,0,0.0,0.0,1.0,0.0
MA0101202311A0042085,4,2,0.0287120590648072,5.0,1.0,0.0
MA0101202311A0042266,4,2,0.0246103363412633,3.3,1.0,0.0
MA0101202311A0042598,4,3,0.0410172272354388,4.7,1.0,0.0
MA0101202311A0043828,1,5,0.5373256767842494,4.734999999999999,0.0,0.0
MA0101202311A0043930,4,1,0.0123051681706316,4.55,1.0,0.0
MA0101202311A0043932,4,3,0.0389663658736669,4.0,1.0,1.0
MA0101202311A0044302,4,1,0.0143560295324036,3.9,0.0,0.0
MA0101202311A0044480,1,2,0.0225594749794913,4.0,1.0,0.0
MA0101202311A0044640,4,2,0.0287120590648072,0.0,1.0,0.0
MA0101202311A0044766,4,1,0.0020508613617719,5.0,1.0,0.0
MA0101202311A0044839,3,4,0.1907301066447908,4.8,1.0,0.0
MA0101202311A0045114,4,0,0.0,0.0,1.0,1.0
MA0101202311A0045685,4,1,0.0143560295324036,4.0,1.0,0.0
MA0101202311A0045735,4,1,0.0082034454470877,5.0,1.0,0.0
MA0101202311A0047800,4,2,0.0287120590648072,3.8,1.0,0.0
MA0101202311A0048735,4,0,0.0,0.0,1.0,0.0
MA0101202311A0048909,1,5,0.549630844954881,0.0,1.0,1.0
MA0101202311A0049075,4,4,0.1045939294503691,4.4350000000000005,1.0,0.0
MA0101202311A0049294,1,5,1.3125512715340442,0.0,1.0,0.0
MA0101202311A0055112,4,2,0.0184577522559474,4.9,1.0,0.0
MA0101202311A0055320,4,0,0.0,0.0,0.0,0.0
MA0101202311A0055499,4,1,0.0143560295324036,5.0,1.0,0.0
MA0101202311A0055759,4,5,0.9433962264150944,4.135,1.0,0.0
MA0101202311A0055866,4,1,0.0123051681706316,5.0,1.0,0.0
MA0101202311A0056291,4,3,0.0492206726825266,4.75,1.0,0.0
MA0101202311A0056340,4,1,0.0123051681706316,0.0,1.0,1.0
MA0101202311A0056813,1,3,0.0656275635767022,4.75,1.0,0.0
MA0101202311A0057006,1,1,0.0041017227235438,0.0,1.0,0.0
MA0101202311A0057160,4,2,0.0184577522559474,3.0,0.0,0.0
MA0101202311A0057925,4,1,0.0102543068088597,5.0,1.0,0.0
MA0101202311A0058354,4,5,1.2899917965545529,3.96,1.0,0.0
MA0101202311A0059506,1,0,0.0,0.0,1.0,0.0
MA0101202311A0059564,4,3,0.0471698113207547,3.7,1.0,0.0
MA0101202311A0060280,4,3,0.0738310090237899,5.0,0.0,0.0
MA0101202311A0060760,4,2,0.0184577522559474,4.0,1.0,0.0
MA0101202311A0060861,4,4,0.1148482362592288,4.29,1.0,0.0
MA0101202311A0061027,1,0,0.0,0.0,0.0,0.0
MA0101202311A0061572,4,5,0.7424118129614438,4.55,1.0,0.0
MA0101202311A0062099,4,2,0.0307629204265791,4.8,1.0,0.0
MA0101202311A0062317,4,1,0.0143560295324036,0.0,1.0,0.0
MA0101202311A0062480,4,1,0.0082034454470877,4.5,1.0,0.0
MA0101202311A0062963,4,4,0.1476620180475799,0.0,1.0,0.0
MA0101202311A0063323,4,3,0.0410172272354388,1.9,1.0,0.0
MA0101202311A0063691,4,5,0.2809680065627563,4.69,1.0,0.0
MA0101202311A0063989,1,4,0.145611156685808,5.0,1.0,0.0
MA0101202311A0064123,4,1,0.0143560295324036,3.7,1.0,0.0
MA0101202311A0064467,4,3,0.0430680885972108,4.775,1.0,1.0
MA0101202311A0064478,4,3,0.0430680885972108,0.0,1.0,0.0
MA0101202311A0064947,4,1,0.0143560295324036,5.0,1.0,0.0
MA0101202311A0065172,4,0,0.0,0.0,1.0,0.0
MA0101202311A0065293,4,5,0.8388022969647252,4.8,1.0,0.0
MA0101202311A0065779,4,0,0.0,0.0,0.0,0.0
MA0101202311A0066770,4,1,0.0041017227235438,0.0,1.0,0.0
MA0101202311A0067987,4,4,0.1230516817063166,5.0,1.0,1.0
MA0101202311A0068593,4,5,0.7424118129614438,4.55,1.0,0.0
MA0101202311A0069501,1,3,0.0471698113207547,4.48,1.0,0.0
MA0101202311A0069626,4,0,0.0,0.0,1.0,0.0
MA0101202311A0071588,4,1,0.0123051681706316,5.0,1.0,0.0
MA0101202311A0071823,4,3,0.0615258408531583,3.7,1.0,0.0
MA0101202311A0071838,4,2,0.0287120590648072,0.0,1.0,0.0
MA0101202311A0071843,4,2,0.034864643150123,2.4,1.0,1.0
MA0101202311A0071875,4,5,0.2789171452009844,0.0,0.0,1.0
MA0101202311A0071892,4,5,0.7567678424938474,4.8,1.0,0.0
MA0101202311A0071966,4,0,0.0,0.0,1.0,0.0
MA0101202311A0072274,4,5,0.6583264971287941,3.9,1.0,0.0
MA0101202311A0072473,4,2,0.0225594749794913,2.7,1.0,0.0
MA0101202311A0072918,4,0,0.0,4.69,1.0,0.0
MA0101202311A0073037,1,0,0.0,0.0,1.0,0.0
MA0101202311A0073516,4,0,0.0,0.0,0.0,0.0
MA0101202311A0073692,4,2,0.0307629204265791,5.0,1.0,1.0
MA0101202311A0073843,4,1,0.0082034454470877,3.0,1.0,0.0
MA0101202311A0074355,4,2,0.0307629204265791,5.0,1.0,0.0
MA0101202311A0075070,1,3,0.0820344544708777,4.9,1.0,0.0
MA0101202311A0075177,4,0,0.0,0.0,1.0,0.0
MA0101202311A0075522,4,2,0.0164068908941755,4.1,1.0,0.0
MA0101202311A0075600,4,1,0.0123051681706316,4.8,1.0,0.0
MA0101202311A0075879,4,0,0.0,0.0,1.0,0.0
MA0101202311A0076635,4,0,0.0,0.0,1.0,0.0
MA0101202311A0077634,4,3,0.0902378999179655,5.0,1.0,1.0
MA0101202311A0078539,4,2,0.0266611977030352,4.0,1.0,0.0
MA0101202311A0079174,4,5,0.5639868744872847,4.5,0.0,0.0
MA0101202311A0079739,4,4,0.0922887612797374,4.385,1.0,0.0
MA0101202311A0080031,4,3,0.0492206726825266,3.9,1.0,0.0
MA0101202311A0080141,1,1,0.0041017227235438,4.4,0.0,0.0
MA0101202311A0080456,4,3,0.0553732567678424,5.0,1.0,0.0
MA0101202311A0081889,4,1,0.0102543068088597,0.0,1.0,0.0
MA0101202311A0082696,4,2,0.0307629204265791,0.0,1.0,1.0
MA0101202311A0082698,4,3,0.0758818703855619,4.390000000000001,1.0,0.0
MA0101202311A0082859,4,3,0.0574241181296144,4.8,1.0,0.0
MA0101202311A0083122,4,3,0.0615258408531583,4.51,1.0,1.0
MA0101202311A0083488,4,0,0.0,4.44,1.0,0.0
MA0101202311A0083904,4,3,0.0430680885972108,4.8,1.0,1.0
MA0101202311A0084872,4,3,0.0492206726825266,4.295,1.0,0.0
MA0101202311A0085038,1,5,0.2871205906480722,4.8,1.0,0.0
MA0101202311A0085409,4,1,0.0102543068088597,5.0,1.0,0.0
MA0101202311A0085733,1,2,0.0205086136177194,5.0,1.0,1.0
MA0101202311A0086536,1,1,0.0020508613617719,0.0,1.0,0.0
MA0101202311A0086758,4,0,0.0,0.0,1.0,0.0
MA0101202311A0087803,1,1,0.0102543068088597,4.7,1.0,1.0
MA0101202311A0088597,4,4,0.2502050861361772,4.5,1.0,1.0
MA0101202311A0088636,4,4,0.1661197703035274,5.0,1.0,0.0
MA0101202311A0088786,4,2,0.0246103363412633,4.21,1.0,1.0
MA0101202311A0088860,4,2,0.0328137817883511,4.6,1.0,0.0
MA0101202311A0090011,4,2,0.0164068908941755,3.7,1.0,0.0
MA0101202311A0091008,4,0,0.0,0.0,1.0,0.0
MA0101202311A0091056,4,2,0.0225594749794913,2.6,1.0,0.0
MA0101202311A0091502,4,4,0.0963904840032813,4.9,1.0,0.0
MA0101202311A0091914,4,1,0.0020508613617719,0.0,1.0,0.0
MA0101202311A0092392,4,0,0.0,0.0,0.0,0.0
MA0101202311A0092514,4,1,0.0061525840853158,0.0,1.0,0.0
MA0101202311A0093416,4,1,0.0082034454470877,5.0,0.0,0.0
MA0101202311A0094207,4,2,0.0369155045118949,4.5,1.0,1.0
MA0101202311A0094212,4,2,0.034864643150123,4.7,1.0,0.0
MA0101202311A0094451,1,5,0.5188679245283019,3.9,1.0,0.0
MA0101202311A0095595,4,3,0.0861361771944216,5.0,1.0,0.0
MA0101202311A0095967,4,0,0.0,0.0,0.0,0.0
MA0101202311A0096488,4,3,0.071780147662018,0.0,1.0,0.0
MA0101202311A0096961,4,1,0.0020508613617719,0.0,1.0,0.0
MA0101202311A0096974,4,1,0.0123051681706316,0.0,0.0,0.0
MA0101202311A0097626,4,3,0.0451189499589827,4.7,1.0,0.0
MA0101202311A0098192,4,4,0.1579163248564397,5.0,0.0,0.0
MA0101202311A0098690,4,1,0.0102543068088597,0.0,1.0,0.0
MA0101202311A0099071,4,1,0.0102543068088597,0.0,1.0,0.0
MA0101202311A0099158,1,4,0.2255947497949138,4.0,0.0,0.0
MA0101202311A0099697,4,1,0.0061525840853158,0.0,1.0,0.0
MA0101202311A0100026,4,1,0.0061525840853158,3.7,1.0,0.0
MA0101202311A0101827,1,0,0.0,0.0,1.0,0.0
MA0101202311A0101948,4,4,0.219442165709598,4.8,0.0,0.0
MA0101202311A0102365,4,1,0.0061525840853158,0.0,1.0,1.0
MA0101202311A0103776,1,1,0.0082034454470877,0.0,1.0,0.0
MA0101202311A0103778,4,4,0.0963904840032813,3.425,1.0,0.0
MA0101202311A0104229,1,5,0.3117309269893355,4.5,1.0,1.0
MA0101202311A0105458,4,1,0.0020508613617719,0.0,1.0,0.0
MA0101202311A0105550,4,1,0.0061525840853158,5.0,1.0,0.0
MA0101202406A0000303,2,3,0.0533223954060705,4.8,1.0,1.0
MA0101202406A0000697,2,0,0.0,0.0,1.0,0.0
MA0101202406A0001064,2,1,0.0143560295324036,4.6,1.0,0.0
MA0101202406A0001526,2,0,0.0,0.0,1.0,0.0
MA0101202406A0001776,2,2,0.0246103363412633,4.62,1.0,0.0
MA0101202406A0002432,2,4,0.1230516817063166,4.3,1.0,0.0
MA0101202406A0002449,2,3,0.0451189499589827,4.7,1.0,1.0
MA0101202406A0002483,2,3,0.0389663658736669,3.92,1.0,0.0
MA0101202406A0003170,2,4,0.1333059885151763,5.0,1.0,0.0
MA0101202406A0003205,2,2,0.0225594749794913,4.6,1.0,0.0
MA0101202406A0003292,2,0,0.0,0.0,1.0,0.0
MA0101202406A0003303,2,3,0.0389663658736669,2.0,1.0,0.0
MA0101202406A0003591,2,5,0.5291222313371615,4.82,1.0,0.0
MA0101202406A0003681,2,2,0.0184577522559474,4.6,1.0,0.0
MA0101202406A0004077,2,5,0.3978671041837572,4.0,0.0,0.0
MA0101202406A0004174,2,0,0.0,0.0,0.0,0.0
MA0101202406A0004365,2,0,0.0,0.0,1.0,0.0
MA0101202406A0004399,2,3,0.0861361771944216,4.3,0.0,0.0
MA0101202406A0004716,2,3,0.0492206726825266,0.0,1.0,0.0
MA0101202406A0004812,2,0,0.0,0.0,1.0,0.0
MA0101202406A0004839,2,5,0.2850697292863002,4.8,1.0,0.0
MA0101202406A0005285,2,2,0.0164068908941755,5.0,1.0,0.0
MA0101202406A0005512,2,1,0.0061525840853158,5.0,1.0,0.0
MA0101202406A0006355,2,2,0.0164068908941755,5.0,1.0,0.0
MA0101202406A0006856,2,0,0.0,0.0,0.0,1.0
MA0101202406A0007100,2,5,0.4265791632485644,5.0,1.0,1.0
MA0101202406A0007216,2,4,0.1517637407711238,4.7,1.0,0.0
MA0101202406A0007835,2,4,0.1763740771123872,0.0,1.0,0.0
MA0101202406A0007966,2,3,0.0615258408531583,0.0,0.0,0.0
MA0101202406A0007987,2,2,0.0184577522559474,0.0,0.0,1.0
MA0101202406A0008495,2,5,0.2604593929450369,4.4,1.0,1.0
MA0101202406A0008743,2,4,0.1312551271534044,5.0,1.0,1.0
MA0101202406A0009814,2,2,0.0328137817883511,4.21,1.0,0.0
MA0101202406A0010092,2,0,0.0,0.0,1.0,0.0
MA0101202406A0010498,2,1,0.0020508613617719,5.0,1.0,1.0
MA0101202406A0010878,2,1,0.0020508613617719,4.0,0.0,0.0
MA0101202406A0010881,2,1,0.0061525840853158,0.0,0.0,0.0
MA0101202406A0011729,2,5,0.6070549630844955,0.0,1.0,0.0
MA0101202406A0011908,2,0,0.0,0.0,1.0,0.0
MA0101202406A0011976,2,4,0.1620180475799836,4.7,1.0,1.0
MA0101202406A0012717,2,5,0.6788351107465135,2.6,1.0,0.0
MA0101202406A0012853,2,3,0.0738310090237899,3.3150000000000004,1.0,1.0
MA0101202406A0012971,2,3,0.071780147662018,4.72,0.0,1.0
MA0101202406A0013404,2,4,0.1558654634946677,4.94,0.0,0.0
MA0101202406A0013488,2,5,0.2973748974569319,3.655,1.0,0.0
MA0101202406A0013490,2,1,0.0102543068088597,2.0,1.0,0.0
MA0101202406A0013949,2,3,0.0635767022149302,4.58,1.0,0.0
MA0101202406A0014871,2,2,0.0225594749794913,4.0,1.0,0.0
MA0101202406A0015067,2,0,0.0,0.0,1.0,0.0
MA0101202406A0015182,2,4,0.1845775225594749,4.9,1.0,0.0
MA0101202406A0015576,2,1,0.0082034454470877,4.0,1.0,0.0
MA0101202406A0015908,2,3,0.0594749794913863,3.0,1.0,0.0
MA0101202406A0016855,2,4,0.1004922067268252,3.7,1.0,0.0
MA0101202406A0017461,2,4,0.2502050861361772,4.9,1.0,0.0
MA0101202406A0017494,2,4,0.1743232157506152,4.7,1.0,0.0
MA0101202406A0017627,2,5,0.2994257588187038,4.5,1.0,0.0
MA0101202406A0018216,2,4,0.0943396226415094,5.0,1.0,0.0
MA0101202406A0018298,2,2,0.0164068908941755,4.4,1.0,0.0
MA0101202406A0018450,2,1,0.0061525840853158,5.0,1.0,0.0
MA0101202406A0018813,2,2,0.0266611977030352,4.775,1.0,1.0
MA0101202406A0019355,2,4,0.1497128794093519,0.0,0.0,0.0
MA0101202406A0019817,2,5,1.8314191960623465,0.0,1.0,0.0
MA0101202406A0020087,2,1,0.0082034454470877,4.0,1.0,0.0
MA0101202406A0020202,2,3,0.0492206726825266,5.0,1.0,1.0
MA0101202406A0020227,2,2,0.0184577522559474,0.0,1.0,0.0
MA0101202406A0020686,2,3,0.0799835931091058,3.5,0.0,1.0
MA0101202406A0021321,2,1,0.0143560295324036,3.7,1.0,0.0
MA0101202406A0021400,2,4,0.1927809680065627,0.0,1.0,1.0
MA0101202406A0021502,2,1,0.0020508613617719,0.0,1.0,0.0
MA0101202406A0021541,2,0,0.0,0.0,1.0,0.0
MA0101202406A0021557,2,2,0.0266611977030352,0.0,1.0,0.0
MA0101202406A0022027,2,1,0.0082034454470877,4.8,1.0,0.0
MA0101202406A0023066,2,4,0.182526661197703,4.2,1.0,0.0
MA0101202406A0023520,2,1,0.0082034454470877,4.7,1.0,0.0
MA0101202406A0023645,2,3,0.0533223954060705,4.68,1.0,0.0
MA0101202406A0026495,2,5,0.4470877768662838,4.2,0.0,0.0
MA0101202406A0027365,2,4,0.1640689089417555,5.0,1.0,0.0
MA0101202406A0027607,2,0,0.0,0.0,1.0,0.0
MA0101202406A0028040,2,3,0.0533223954060705,4.6,1.0,0.0
MA0101202406A0028202,2,3,0.0553732567678424,4.5,1.0,1.0
MA0101202406A0028373,2,1,0.0061525840853158,5.0,1.0,0.0
MA0101202406A0028762,2,1,0.0041017227235438,5.0,1.0,0.0
MA0101202406A0029169,2,5,1.1361771944216572,4.5,1.0,0.0
MA0101202406A0029731,2,3,0.0389663658736669,2.2,1.0,0.0
MA0101202406A0030903,2,1,0.0143560295324036,4.3,1.0,0.0
MA0101202406A0031544,2,1,0.0041017227235438,0.0,0.0,0.0
MA0101202406A0031920,2,1,0.0102543068088597,4.0,1.0,0.0
MA0101202406A0032395,2,1,0.0061525840853158,0.0,1.0,0.0
MA0101202406A0032415,2,5,0.4552912223133716,4.7,1.0,0.0
MA0101202406A0032747,2,5,0.367104183757178,4.7,1.0,1.0
MA0101202406A0032760,2,3,0.0820344544708777,4.6,0.0,0.0
MA0101202406A0032903,2,3,0.0430680885972108,5.0,1.0,1.0
MA0101202406A0033067,2,1,0.0102543068088597,0.0,1.0,0.0
MA0101202406A0034122,2,2,0.0164068908941755,4.4,1.0,0.0
MA0101202406A0034136,2,3,0.0410172272354388,5.0,1.0,0.0
MA0101202406A0034955,2,2,0.0369155045118949,0.0,1.0,1.0
MA0101202406A0034982,2,3,0.0533223954060705,5.0,1.0,0.0
MA0101202406A0035054,2,2,0.0307629204265791,4.5,1.0,0.0
MA0101202406A0035824,2,2,0.0266611977030352,4.3,1.0,0.0
MA0101202406A0036251,2,2,0.0307629204265791,4.5,1.0,0.0
MA0101202406A0036314,2,3,0.0553732567678424,4.84,1.0,1.0
MA0101202406A0036451,2,1,0.0102543068088597,5.0,1.0,1.0
MA0101202406A0036842,2,3,0.0635767022149302,4.665,1.0,0.0
MA0101202406A0038117,2,0,0.0,0.0,0.0,0.0
MA0101202406A0039697,2,4,0.1168990976210008,3.7,0.0,0.0
MA0101202406A0039712,2,4,0.1415094339622641,5.0,1.0,0.0
MA0101202406A0040046,2,3,0.0410172272354388,5.0,1.0,0.0
MA0101202406A0040421,2,2,0.0328137817883511,4.695,1.0,0.0
MA0101202406A0040493,2,5,0.6788351107465135,4.8,1.0,0.0
MA0101202406A0041084,2,1,0.0020508613617719,5.0,1.0,0.0
MA0101202406A0041121,2,3,0.0512715340442986,5.0,1.0,0.0
MA0101202406A0041252,2,1,0.0143560295324036,0.0,1.0,0.0
MA0101202406A0041729,2,3,0.0492206726825266,4.8,1.0,0.0
MA0101202406A0041889,2,5,0.3158326497128794,4.7,1.0,0.0
MA0101202406A0042304,2,1,0.0082034454470877,5.0,1.0,1.0
MA0101202406A0042402,2,2,0.0266611977030352,4.1,1.0,0.0
MA0101202406A0043086,2,5,0.3199343724364233,4.69,1.0,1.0
MA0101202406A0043097,2,5,0.3424938474159147,0.0,0.0,0.0
MA0101202406A0043625,2,5,0.3855619360131255,4.5,1.0,1.0
MA0101202406A0043703,2,2,0.0184577522559474,3.7,1.0,0.0
MA0101202406A0044255,2,1,0.0061525840853158,0.0,1.0,0.0
MA0101202406A0044587,2,2,0.034864643150123,1.0,1.0,0.0
MA0101202406A0044679,2,2,0.0205086136177194,0.0,1.0,0.0
MA0101202406A0044713,2,2,0.0205086136177194,5.0,1.0,0.0
MA0101202406A0044809,2,4,0.1415094339622641,3.0,1.0,1.0
MA0101202406A0045289,2,1,0.0102543068088597,2.2,1.0,0.0
MA0101202406A0045444,2,1,0.0143560295324036,0.0,1.0,0.0
MA0101202406A0046094,2,4,0.1045939294503691,4.77,1.0,0.0
MA0101202406A0046195,2,1,0.0102543068088597,3.6,1.0,0.0
MA0101202406A0046404,2,4,0.1333059885151763,4.58,1.0,0.0
MA0101202406A0046420,2,1,0.0123051681706316,5.0,1.0,0.0
MA0101202406A0046626,2,2,0.0307629204265791,5.0,1.0,0.0
MA0101202406A0046760,2,2,0.0287120590648072,4.04,1.0,0.0
MA0101202406A0047196,2,4,0.1230516817063166,4.0,1.0,1.0
MA0101202406A0047383,2,5,0.6091058244462675,4.7,1.0,0.0
MA0101202406A0047950,2,5,0.9618539786710418,0.0,1.0,0.0
MA0101202406A0047987,2,3,0.0902378999179655,5.0,1.0,0.0
MA0101202406A0048202,2,2,0.0164068908941755,0.0,1.0,0.0
MA0101202406A0048338,2,0,0.0,0.0,1.0,0.0
MA0101202406A0048343,2,1,0.0020508613617719,5.0,1.0,0.0
MA0101202406A0048401,2,1,0.0041017227235438,0.0,1.0,1.0
MA0101202406A0048877,2,2,0.0369155045118949,3.7,1.0,0.0
MA0101202406A0049791,2,0,0.0,0.0,1.0,0.0
MA0101202406A0050230,2,2,0.0307629204265791,0.0,1.0,0.0
MA0101202406A0050491,2,1,0.0123051681706316,5.0,1.0,0.0
MA0101202406A0051007,2,1,0.0061525840853158,4.53,1.0,1.0
MA0101202406A0051011,2,3,0.0902378999179655,3.3,1.0,0.0
MA0101202406A0051320,2,1,0.0102543068088597,5.0,1.0,0.0
MA0101202406A0052318,2,4,0.1907301066447908,0.0,1.0,0.0
MA0101202406A0052873,2,5,0.4716981132075472,4.08,1.0,1.0
MA0101202406A0052985,2,1,0.0020508613617719,0.0,1.0,0.0
MA0101202406A0053223,2,2,0.0246103363412633,4.32,1.0,0.0
MA0101202406A0053289,2,1,0.0041017227235438,3.0,1.0,1.0
MA0101202406A0053348,2,2,0.0164068908941755,0.0,0.0,0.0
MA0101202406A0053638,2,1,0.0061525840853158,0.0,1.0,0.0
MA0101202406A0054214,2,5,0.3178835110746513,0.0,1.0,0.0
MA0101202406A0054480,2,4,0.1230516817063166,0.0,1.0,0.0
MA0101202406A0055265,2,1,0.0041017227235438,0.0,1.0,0.0
MA0101202406A0055465,2,0,0.0,3.96,1.0,0.0
MA0101202406A0055544,2,2,0.0205086136177194,4.779999999999999,1.0,1.0
MA0101202406A0055628,2,3,0.0635767022149302,5.0,0.0,0.0
MA0101202406A0055846,2,3,0.0410172272354388,1.3,0.0,0.0
MA0101202406A0055910,2,1,0.0082034454470877,5.0,1.0,0.0
MA0101202406A0056560,2,3,0.0410172272354388,0.0,1.0,0.0
MA0101202406A0056911,2,2,0.0328137817883511,0.0,1.0,0.0
MA0101202406A0057242,2,1,0.0020508613617719,5.0,1.0,0.0
MA0101202406A0057455,2,1,0.0143560295324036,0.0,1.0,1.0
MA0101202406A0058859,2,4,0.0943396226415094,2.0,1.0,0.0
MA0101202406A0058941,2,5,0.404019688269073,3.4,1.0,0.0
MA0101202406A0060374,2,2,0.0328137817883511,3.7,1.0,0.0
MA0101202406A0060512,2,1,0.0143560295324036,2.5,1.0,0.0
MA0101202406A0061658,2,2,0.0225594749794913,5.0,1.0,1.0
MA0101202406A0061679,2,1,0.0143560295324036,0.0,1.0,1.0
MA0101202406A0062101,2,1,0.0020508613617719,5.0,1.0,0.0
MA0101202406A0062183,2,1,0.0061525840853158,5.0,1.0,0.0
MA0101202406A0062449,2,2,0.0246103363412633,4.55,1.0,1.0
MA0101202406A0062996,2,2,0.034864643150123,4.315,1.0,0.0
MA0101202406A0063034,2,1,0.0102543068088597,2.3,1.0,1.0
MA0101202406A0063039,2,2,0.0164068908941755,4.47,1.0,1.0
MA0101202406A0063153,2,3,0.0779327317473338,0.0,0.0,0.0
MA0101202406A0063220,2,0,0.0,0.0,1.0,1.0
MA0101202406A0064204,2,1,0.0082034454470877,0.0,1.0,0.0
MA0101202406A0064597,2,1,0.0041017227235438,5.0,1.0,1.0
MA0101202406A0064692,2,0,0.0,0.0,1.0,0.0
MA0101202406A0065039,2,2,0.0164068908941755,3.94,1.0,0.0
MA0101202406A0065515,2,5,0.7075471698113207,3.7,1.0,0.0
MA0101202406A0066493,2,1,0.0061525840853158,4.0,1.0,0.0
MA0101202406A0066910,2,2,0.0266611977030352,0.0,1.0,0.0
MA0101202406A0067037,2,4,0.2337981952420016,0.0,1.0,0.0
MA0101202406A0067849,2,5,1.6058244462674325,4.495,0.0,0.0
MA0101202406A0068332,2,4,0.1435602953240361,0.0,1.0,0.0
MA0101202406A0068482,2,1,0.0041017227235438,5.0,1.0,0.0
MA0101202406A0068620,2,5,0.2809680065627563,4.5,1.0,0.0
MA0101202406A0069259,2,4,0.1168990976210008,4.4,0.0,0.0
MA0101202406A0069375,2,4,0.1866283839212469,5.0,1.0,1.0
MA0101202406A0069824,2,2,0.0369155045118949,5.0,1.0,0.0
MA0101202406A0070000,2,5,0.4306808859721083,4.2,1.0,1.0
MA0101202406A0070158,2,5,1.3453650533223955,4.725,1.0,0.0
MA0101202406A0070376,2,5,0.2809680065627563,4.425,0.0,1.0
MA0101202406A0070437,2,0,0.0,0.0,1.0,0.0
MA0101202406A0070800,2,1,0.0102543068088597,4.805,1.0,0.0
MA0101202406A0070837,2,1,0.0143560295324036,0.0,1.0,0.0
MA0101202406A0070908,2,5,2.1103363412633307,4.125,1.0,0.0
MA0101202406A0071123,2,2,0.0205086136177194,5.0,1.0,0.0
MA0101202406A0071597,2,2,0.0205086136177194,2.0,1.0,0.0
MA0101202406A0071945,2,2,0.0369155045118949,5.0,1.0,1.0
MA0101202406A0072061,2,1,0.0123051681706316,5.0,1.0,0.0
MA0101202406A0072536,2,2,0.0246103363412633,2.0,1.0,1.0
MA0101202406A0072594,2,2,0.034864643150123,3.9,1.0,0.0
MA0101202406A0072720,2,1,0.0061525840853158,5.0,1.0,1.0
MA0101202406A0073034,2,2,0.0184577522559474,3.8,1.0,0.0
MA0101202406A0074133,2,1,0.0102543068088597,0.0,1.0,1.0
MA0101202406A0074296,2,2,0.0369155045118949,4.635,1.0,0.0
MA0101202406A0074502,2,1,0.0143560295324036,3.1,1.0,0.0
MA0101202406A0074795,2,2,0.0369155045118949,5.0,1.0,1.0
MA0101202406A0074823,2,1,0.0061525840853158,3.3,1.0,0.0
MA0101202406A0075336,2,3,0.0758818703855619,3.19,1.0,0.0
MA0101202406A0075518,2,1,0.0082034454470877,4.765000000000001,1.0,0.0
MA0101202406A0075604,2,2,0.0266611977030352,3.62,1.0,0.0
MA0101202406A0075716,2,2,0.0328137817883511,0.0,1.0,0.0
MA0101202406A0075735,2,4,0.2214930270713699,4.5,1.0,1.0
MA0101202406A0075969,2,1,0.0082034454470877,4.59,1.0,0.0
MA0101202406A0076241,2,3,0.0820344544708777,3.3,1.0,0.0
MA0101202406A0076246,2,2,0.0184577522559474,1.0,1.0,0.0
MA0101202406A0077680,2,4,0.1538146021328958,4.5,1.0,1.0
MA0101202406A0077786,2,1,0.0082034454470877,5.0,1.0,0.0
MA0101202406A0078363,2,3,0.0512715340442986,3.9,1.0,0.0
MA0101202406A0078377,2,4,0.2461033634126333,4.7,1.0,0.0
MA0101202406A0078521,2,3,0.0881870385561936,4.8,1.0,1.0
MA0101202406A0079231,2,3,0.0533223954060705,4.5,1.0,0.0
MA0101202406A0079743,2,1,0.0041017227235438,3.0,1.0,0.0
MA0101202406A0079913,2,0,0.0,0.0,1.0,0.0
MA0101202406A0080501,2,3,0.0471698113207547,4.8,1.0,0.0
MA0101202406A0080964,2,4,0.1353568498769483,4.415,0.0,0.0
MA0101202406A0081018,2,0,0.0,0.0,1.0,0.0
MA0101202406A0081032,2,3,0.0533223954060705,5.0,1.0,1.0
MA0101202406A0081057,2,5,0.5209187858900739,4.5,0.0,0.0
MA0101202406A0081062,2,0,0.0,0.0,1.0,0.0
MA0101202406A0081171,2,4,0.1004922067268252,4.105,1.0,0.0
MA0101202406A0081340,2,1,0.0143560295324036,4.0,1.0,0.0
MA0101202406A0082338,2,3,0.0758818703855619,4.2,1.0,1.0
MA0101202406A0082787,2,4,0.1127973748974569,0.0,1.0,1.0
MA0101202406A0083285,1,4,0.1640689089417555,4.7,1.0,0.0
MA0101202406A0083697,2,3,0.0594749794913863,5.0,0.0,0.0
MA0101202406A0084204,2,3,0.0430680885972108,5.0,1.0,0.0
MA0101202406A0085096,1,2,0.034864643150123,0.0,0.0,1.0
MA0101202406A0085864,1,0,0.0,0.0,1.0,0.0
MA0101202406A0085915,1,2,0.0164068908941755,0.0,1.0,0.0
MA0101202406A0086243,1,3,0.0410172272354388,4.255,1.0,0.0
MA0101202406A0087028,2,3,0.0656275635767022,0.0,1.0,0.0
MA0101202406A0087502,2,3,0.0574241181296144,3.865,1.0,1.0
MA0101202406A0087814,2,2,0.0266611977030352,5.0,1.0,0.0
MA0101202406A0087899,1,1,0.0082034454470877,5.0,1.0,0.0
MA0101202406A0087924,1,2,0.0246103363412633,4.24,1.0,0.0
MA0101202406A0088328,1,1,0.0061525840853158,2.3,1.0,0.0
MA0101202406A0088677,2,0,0.0,0.0,1.0,1.0
MA0101202406A0089444,1,1,0.0061525840853158,4.0,1.0,0.0
MA0101202406A0089862,1,2,0.0205086136177194,0.0,1.0,0.0
MA0101202406A0090109,1,0,0.0,0.0,0.0,0.0
MA0101202406A0090144,1,1,0.0123051681706316,3.0,1.0,0.0
MA0101202406A0090299,2,1,0.0041017227235438,0.0,1.0,0.0
MA0101202406A0090789,1,0,0.0,0.0,1.0,0.0
MA0101202406A0091426,2,1,0.0061525840853158,0.0,1.0,0.0
MA0101202406A0091527,1,0,0.0,0.0,1.0,0.0
MA0101202406A0091887,1,5,1.1833470057424118,0.0,0.0,0.0
MA0101202406A0091891,2,1,0.0061525840853158,3.0,1.0,0.0
MA0101202406A0092128,1,0,0.0,0.0,0.0,0.0
MA0101202406A0092167,2,4,0.2112387202625102,5.0,1.0,0.0
MA0101202406A0092451,1,0,0.0,0.0,1.0,1.0
MA0101202406A0093309,2,0,0.0,0.0,1.0,0.0
MA0101202406A0093555,1,2,0.0225594749794913,4.8,1.0,0.0
MA0101202406A0093584,2,2,0.0164068908941755,4.71,1.0,0.0
MA0101202406A0093788,2,3,0.0779327317473338,4.295,1.0,0.0
MA0101202406A0094273,1,4,0.1210008203445447,5.0,1.0,0.0
MA0101202406A0094689,1,2,0.0287120590648072,4.49,1.0,0.0
MA0101202406A0094861,1,1,0.0041017227235438,5.0,1.0,0.0
MA0101202406A0095594,2,1,0.0041017227235438,3.5,0.0,0.0
MA0101202406A0096004,1,1,0.0123051681706316,4.5,1.0,1.0
MA0101202406A0096297,1,2,0.0205086136177194,4.3,1.0,0.0
MA0101202406A0096331,1,1,0.0020508613617719,0.0,1.0,0.0
MA0101202406A0096451,1,3,0.0615258408531583,3.2,1.0,0.0
MA0101202406A0096622,1,3,0.0861361771944216,5.0,1.0,0.0
MA0101202406A0096804,2,1,0.0041017227235438,3.5,1.0,0.0
MA0101202406A0096865,2,5,0.2768662838392124,4.5,1.0,0.0
MA0101202406A0097069,1,1,0.0041017227235438,0.0,1.0,1.0
MA0101202406A0097422,1,4,0.0943396226415094,4.7,1.0,0.0
MA0101202406A0097848,1,5,0.5598851517637408,0.0,1.0,1.0
MA0101202406A0098170,1,2,0.0307629204265791,3.9,1.0,0.0
MA0101202406A0098406,2,4,0.2214930270713699,0.0,1.0,1.0
MA0101202406A0098652,1,1,0.0143560295324036,4.38,1.0,0.0
MA0101202406A0099280,1,2,0.0184577522559474,5.0,1.0,0.0
MA0101202406A0099341,2,2,0.0225594749794913,5.0,1.0,0.0
MA0101202406A0099578,1,2,0.0184577522559474,4.5,1.0,1.0
MA0101202406A0099686,1,4,0.1312551271534044,5.0,1.0,0.0
MA0101202406A0100280,1,1,0.0123051681706316,4.19,1.0,0.0
MA0101202406A0100627,2,2,0.0205086136177194,5.0,1.0,0.0
MA0101202406A0100649,1,1,0.0061525840853158,0.0,1.0,1.0
MA0101202406A0101926,1,5,0.7854799015586545,0.0,1.0,0.0
MA0101202406A0102764,1,1,0.0020508613617719,0.0,1.0,0.0
MA0101202406A0102982,1,2,0.0369155045118949,3.6,1.0,0.0
MA0101202406A0103561,1,0,0.0,0.0,1.0,0.0
MA0101202406A0103577,1,3,0.0553732567678424,3.74,1.0,0.0
MA0101202406A0103717,1,5,1.5750615258408531,0.0,1.0,0.0
MA0101202406A0103764,1,1,0.0143560295324036,4.2,,
MA0101202406A0103924,2,2,0.0205086136177194,4.2,1.0,0.0
MA0101202406A0104082,2,5,0.4532403609515997,0.0,1.0,1.0
MA0101202406A0104407,2,1,0.0082034454470877,5.0,1.0,1.0
MA0101202406A0105025,2,4,0.1948318293683347,0.0,1.0,0.0
MA0101202406A0105367,2,2,0.0184577522559474,5.0,1.0,0.0
MA0101202406A0105531,1,3,0.0594749794913863,5.0,1.0,0.0
MA0101202406A0105909,1,3,0.0574241181296144,0.0,1.0,0.0
MA0101202406A0106091,2,2,0.0164068908941755,5.0,1.0,0.0
MA0101202406A0107538,2,1,0.0143560295324036,5.0,1.0,0.0
MA0101202406A0107824,2,4,0.1558654634946677,3.3,1.0,0.0
MA0101202406A0107923,2,4,0.1620180475799836,3.0,1.0,0.0
MA0101202406A0108001,1,1,0.0102543068088597,0.0,1.0,1.0
MA0101202406A0108468,1,2,0.0307629204265791,3.8,1.0,0.0
MA0101202406A0108660,1,4,0.1004922067268252,4.8,1.0,0.0
MA0101202406A0108839,2,1,0.0020508613617719,0.0,1.0,0.0
MA0101202406A0109086,1,4,0.2522559474979491,4.6,1.0,1.0
MA0101202406A0109620,1,1,0.0041017227235438,0.0,1.0,1.0
MA0101202406A0110031,1,3,0.0451189499589827,5.0,1.0,0.0
MA0101202406A0110852,2,2,0.0184577522559474,0.0,1.0,0.0
MA0101202406A0111002,2,1,0.0061525840853158,0.0,1.0,0.0
MA0101202406A0111148,1,1,0.0143560295324036,5.0,1.0,0.0
MA0101202406A0111221,2,3,0.0799835931091058,4.3,0.0,1.0
MA0101202406A0111727,1,1,0.0020508613617719,5.0,1.0,0.0
MA0101202406A0112214,1,1,0.0123051681706316,4.7,1.0,1.0
MA0101202406A0112548,1,4,0.1210008203445447,4.5,1.0,0.0
MA0101202406A0112709,1,3,0.0389663658736669,3.4,1.0,0.0
MA0101202406A0113278,2,5,1.0418375717801478,4.495,1.0,0.0
MA0101202406A0113453,1,5,0.2850697292863002,5.0,1.0,1.0
MA0101202406A0113542,1,4,0.1025430680885972,3.5,1.0,0.0
MA0101202406A0114497,1,4,0.1045939294503691,5.0,0.0,0.0
MA0101202406A0114643,1,3,0.0410172272354388,2.5,1.0,0.0
MA0101202406A0115228,1,3,0.0697292863002461,0.0,1.0,0.0
MA0101202406A0115427,1,4,0.0963904840032813,4.4,1.0,0.0
MA0101202406A0116060,1,3,0.0492206726825266,3.4,1.0,0.0
MA0101202406A0116582,1,1,0.0143560295324036,0.0,1.0,0.0
MA0101202406A0116902,2,2,0.0246103363412633,4.55,1.0,1.0
MA0101202406A0116985,1,1,0.0102543068088597,5.0,1.0,1.0
MA0101202406A0118504,1,5,1.0028712059064806,4.7,1.0,0.0
MA0101202406A0118601,1,4,0.2522559474979491,4.5,1.0,1.0
MA0101202406A0119080,2,4,0.2276456111566858,3.8,1.0,0.0
MA0101202406A0119504,2,1,0.0020508613617719,5.0,1.0,1.0
MA0101202406A0119552,2,1,0.0102543068088597,3.0,1.0,0.0
MA0101202406A0119836,1,2,0.0184577522559474,5.0,1.0,0.0
MA0101202406A0120074,2,2,0.0369155045118949,5.0,1.0,0.0
MA0101202406A0120594,1,3,0.0779327317473338,0.0,0.0,0.0
MA0101202406A0120896,1,1,0.0102543068088597,0.0,1.0,0.0
MA0101202406A0120975,1,0,0.0,0.0,0.0,0.0
MA0101202406A0121601,1,2,0.0246103363412633,4.6,1.0,0.0
MA0101202406A0122495,2,4,0.1148482362592288,5.0,1.0,1.0
MA0101202406A0122548,1,3,0.071780147662018,0.0,0.0,0.0
MA0101202406A0122834,2,4,0.1189499589827727,3.1,1.0,0.0
MA0101202406A0123374,1,1,0.0082034454470877,5.0,1.0,0.0
MA0101202406A0123768,2,4,0.2481542247744052,4.6,1.0,0.0
MA0101202406A0123827,2,2,0.0369155045118949,4.5,1.0,0.0
MA0101202406A0123870,1,2,0.0266611977030352,0.0,1.0,0.0
MA0101202406A0123906,1,3,0.0738310090237899,0.0,1.0,1.0
MA0101202406A0124279,1,1,0.0061525840853158,4.7,1.0,0.0
MA0101202406A0124532,1,5,1.103363412633306,3.5,1.0,0.0
MA0101202406A0125078,1,2,0.0266611977030352,3.3,1.0,0.0
MA0101202406A0125323,1,0,0.0,0.0,1.0,1.0
MA0101202406A0125498,2,3,0.0881870385561936,5.0,1.0,0.0
MA0101202406A0126983,1,3,0.0471698113207547,5.0,1.0,0.0
MA0101202406A0127020,2,2,0.0205086136177194,2.0,1.0,0.0
MA0101202406A0127100,1,0,0.0,0.0,1.0,0.0
MA0101202406A0127131,1,2,0.0266611977030352,0.0,0.0,1.0
MA0101202406A0127448,1,2,0.0246103363412633,4.1,1.0,1.0
MA0101202406A0127932,1,1,0.0020508613617719,0.0,1.0,0.0
MA0101202406A0128149,1,2,0.0369155045118949,4.605,1.0,0.0
MA0101202406A0128532,2,4,0.1743232157506152,3.3150000000000004,1.0,1.0
MA0101202406A0128571,1,1,0.0061525840853158,0.0,1.0,0.0
MA0101202406A0128640,1,4,0.1292042657916325,3.4,1.0,1.0
MA0101202406A0128642,1,4,0.1230516817063166,5.0,1.0,0.0
MA0101202406A0128817,1,2,0.0246103363412633,4.8,1.0,0.0
MA0101202406A0128964,2,3,0.0451189499589827,4.695,1.0,1.0
MA0101202406A0129066,1,5,1.4561115668580804,4.4,0.0,0.0
MA0101202406A0129694,2,1,0.0102543068088597,5.0,1.0,0.0
MA0101202406A0129759,2,2,0.0164068908941755,0.0,1.0,0.0
MA0101202406A0129775,1,1,0.0020508613617719,0.0,1.0,0.0
MA0101202406A0130449,2,3,0.0471698113207547,0.0,0.0,0.0
MA0101202406A0130718,2,5,0.3732567678424938,4.279999999999999,1.0,0.0
MA0101202406A0131178,1,5,0.258408531583265,4.3,1.0,1.0
MA0101202406A0131488,1,3,0.0799835931091058,5.0,1.0,1.0
MA0101202406A0131693,1,1,0.0041017227235438,4.65,1.0,0.0
MA0101202406A0131854,1,1,0.0061525840853158,0.0,1.0,1.0
MA0101202406A0132263,2,3,0.0594749794913863,3.6,1.0,0.0
MA0101202406A0132772,1,2,0.0328137817883511,5.0,1.0,0.0
MA0101202406A0133494,1,1,0.0020508613617719,5.0,1.0,0.0
MA0101202406A0133671,1,3,0.0820344544708777,4.59,0.0,1.0
MA0101202406A0133838,2,3,0.0820344544708777,4.42,1.0,0.0
MA0101202406A0133959,1,4,0.2112387202625102,5.0,1.0,0.0
MA0101202406A0134146,1,2,0.0246103363412633,5.0,1.0,1.0
MA0101202406A0137418,1,1,0.0061525840853158,5.0,1.0,0.0
MA0101202406A0137906,1,3,0.0840853158326497,3.2,0.0,0.0
MA0101202406A0137993,1,5,0.3999179655455291,4.3,1.0,1.0
MA0101202406A0138980,2,1,0.0102543068088597,0.0,1.0,1.0
MA0101202406A0139485,1,2,0.0205086136177194,3.4,1.0,0.0
MA0101202406A0139591,1,2,0.0369155045118949,0.0,1.0,0.0
MA0101202406A0139734,1,1,0.0020508613617719,0.0,1.0,0.0
MA0101202406A0140055,1,4,0.1476620180475799,4.295,1.0,0.0
MA0101202406A0140133,1,3,0.0779327317473338,5.0,1.0,0.0
MA0101202406A0140299,2,4,0.1394585726004922,4.735,1.0,0.0
MA0101202406A0140411,1,4,0.1251025430680886,0.0,0.0,0.0
MA0101202406A0140494,1,5,1.4889253486464316,3.8,1.0,0.0
MA0101202406A0140731,1,5,0.7157506152584086,0.0,1.0,0.0
MA0101202406A0140787,1,1,0.0123051681706316,4.2,1.0,0.0
MA0101202406A0141353,1,0,0.0,0.0,1.0,0.0
MA0101202406A0141438,1,1,0.0102543068088597,5.0,1.0,0.0
MA0101202406A0142706,1,0,0.0,0.0,0.0,0.0
MA0101202406A0143025,1,2,0.0328137817883511,5.0,1.0,1.0
MA0101202406A0143292,1,2,0.0184577522559474,4.8,0.0,0.0
MA0101202406A0143536,1,0,0.0,0.0,1.0,0.0
MA0101202406A0143566,1,2,0.0307629204265791,5.0,1.0,1.0
MA0101202406A0143889,2,1,0.0102543068088597,0.0,1.0,0.0
MA0101202406A0143969,1,3,0.0738310090237899,0.0,1.0,1.0
MA0101202406A0144081,1,3,0.0430680885972108,5.0,1.0,1.0
MA0101202406A0145132,1,5,1.3392124692370797,4.705,1.0,0.0
MA0101202406A0145474,1,3,0.0615258408531583,0.0,1.0,0.0
MA0101202406A0145761,1,1,0.0041017227235438,0.0,1.0,0.0
MA0101202406A0146077,1,5,0.3158326497128794,4.355,1.0,0.0
MA0101202406A0146127,1,2,0.0205086136177194,5.0,1.0,1.0
MA0101202406A0146214,2,4,0.1497128794093519,0.0,1.0,0.0
MA0101202406A0146294,1,2,0.0184577522559474,4.0,1.0,0.0
MA0101202406A0146595,1,1,0.0082034454470877,5.0,1.0,1.0
MA0101202406A0147217,1,1,0.0020508613617719,4.0,1.0,0.0
MA0101202406A0147410,1,2,0.0205086136177194,4.0,1.0,0.0
MA0101202406A0147470,1,2,0.0205086136177194,4.0,1.0,0.0
MA0101202406A0147506,2,1,0.0082034454470877,0.0,1.0,0.0
MA0101202406A0147510,2,4,0.1292042657916325,4.515000000000001,1.0,1.0
MA0101202406A0147648,1,1,0.0082034454470877,3.0,1.0,0.0
MA0101202406A0148314,1,1,0.0102543068088597,5.0,1.0,0.0
MA0101202406A0148669,1,2,0.0369155045118949,0.0,1.0,1.0
MA0101202406A0148783,1,2,0.0287120590648072,0.0,1.0,0.0
MA0101202406A0149247,2,0,0.0,0.0,1.0,1.0
MA0101202406A0149579,1,3,0.0635767022149302,0.0,1.0,1.0
MA0101202406A0149683,1,2,0.0184577522559474,4.9,1.0,0.0
MA0101202406A0149831,1,1,0.0123051681706316,5.0,1.0,0.0
MA0101202406A0150037,1,4,0.1127973748974569,4.6,0.0,0.0
MA0101202406A0151097,1,2,0.0307629204265791,4.3,1.0,0.0
MA0101202406A0151940,1,3,0.0451189499589827,4.574999999999999,1.0,1.0
MA0101202406A0152371,1,4,0.1271534044298605,4.8,1.0,1.0
MA0101202406A0152662,1,5,0.2645611156685807,4.720000000000001,1.0,0.0
MA0101202406A0153122,1,2,0.034864643150123,3.505,1.0,0.0
MA0101202406A0153407,1,5,0.7280557834290402,0.0,1.0,1.0
MA0101202406A0153853,1,5,0.9413453650533224,4.79,1.0,0.0
MA0101202406A0153934,1,4,0.2255947497949138,5.0,1.0,1.0
MA0101202406A0154023,1,4,0.0922887612797374,5.0,1.0,0.0
MA0101202406A0155004,1,1,0.0143560295324036,2.0,0.0,0.0
MA0101202406A0155236,1,4,0.2153404429860541,5.0,1.0,0.0
MA0101202406A0155668,1,1,0.0082034454470877,4.35,1.0,0.0
MA0101202406A0156122,1,1,0.0041017227235438,5.0,1.0,0.0
MA0101202406A0156179,1,5,0.330188679245283,5.0,1.0,0.0
MA0101202406A0156432,1,2,0.0246103363412633,0.0,1.0,0.0
MA0101202406A0157325,2,3,0.0451189499589827,3.1,1.0,0.0
MA0101202406A0157538,1,0,0.0,0.0,1.0,0.0
MA0101202406A0157869,1,4,0.1579163248564397,3.95,1.0,1.0
MA0101202406A0158082,1,0,0.0,0.0,1.0,0.0
MA0101202406A0158952,1,1,0.0082034454470877,4.5,1.0,1.0
MA0101202406A0159035,1,2,0.0184577522559474,4.57,1.0,1.0
MA0101202406A0159616,1,1,0.0102543068088597,0.0,1.0,0.0
MA0101202406A0159679,2,2,0.0266611977030352,5.0,1.0,0.0
MA0101202406A0159701,1,1,0.0123051681706316,4.0,1.0,0.0
MA0101202406A0160439,1,0,0.0,0.0,0.0,0.0
MA0101202406A0160609,1,3,0.0635767022149302,4.9,1.0,0.0
MA0101202406A0161369,1,1,0.0041017227235438,0.0,1.0,1.0
MA0101202406A0161547,1,1,0.0143560295324036,5.0,1.0,1.0
MA0101202406A0161714,1,4,0.1476620180475799,5.0,1.0,1.0
MA0101202406A0161831,1,2,0.0164068908941755,4.4,0.0,0.0
MA0101202406A0162260,1,3,0.0533223954060705,0.0,1.0,0.0
MA0101202406A0162306,1,2,0.0184577522559474,4.5,1.0,0.0
MA0101202406A0162340,1,2,0.0205086136177194,5.0,1.0,0.0
MA0101202406A0162489,1,1,0.0082034454470877,5.0,1.0,0.0
MA0101202406A0163102,1,4,0.0984413453650533,4.705,1.0,1.0
MA0101202406A0163137,1,5,1.1320754716981132,4.79,1.0,0.0
MA0101202406A0163195,1,4,0.1292042657916325,0.0,1.0,0.0
MA0101202406A0163211,1,5,0.3383921246923708,4.9,1.0,1.0
MA0101202406A0163263,1,2,0.034864643150123,4.609999999999999,1.0,0.0
MA0101202406A0163304,1,2,0.0246103363412633,3.8,1.0,0.0
MA0101202406A0163355,1,0,0.0,0.0,1.0,0.0
MA0101202406A0165477,1,2,0.0164068908941755,5.0,1.0,0.0
MA0101202406A0165712,1,3,0.0512715340442986,0.0,1.0,0.0
MA0101202406A0166052,1,1,0.0041017227235438,0.0,1.0,0.0
MA0101202406A0166259,1,4,0.1189499589827727,0.0,1.0,1.0
MA0101202406A0166838,1,2,0.0328137817883511,3.7,1.0,0.0
MA0101202406A0166923,1,0,0.0,0.0,1.0,0.0
MA0101202406A0167528,1,2,0.0205086136177194,5.0,1.0,0.0
MA0101202406A0167541,1,1,0.0102543068088597,0.0,1.0,0.0
MA0101202406A0167849,1,2,0.034864643150123,0.0,0.0,0.0
MA0101202406A0168325,1,5,0.3568498769483183,4.6,1.0,0.0
MA0101202406A0168573,1,1,0.0123051681706316,0.0,1.0,0.0
MA0101202406A0168967,1,2,0.0184577522559474,3.7,1.0,0.0
MA0101202406A0169618,1,4,0.1251025430680886,5.0,1.0,0.0
MA0101202406A0170640,1,5,0.5968006562756357,4.85,0.0,0.0
MA0101202406A0170829,1,4,0.0922887612797374,4.56,0.0,0.0
MA0101202406A0171157,1,1,0.0061525840853158,5.0,0.0,0.0
MA0101202406A0171290,1,0,0.0,0.0,1.0,0.0
MA0101202406A0171644,1,1,0.0041017227235438,5.0,0.0,0.0
MA0101202406A0171657,1,3,0.0861361771944216,4.0,1.0,0.0
MA0101202406A0171766,1,0,0.0,0.0,1.0,0.0
MA0101202406A0171787,1,1,0.0020508613617719,0.0,1.0,0.0
MA0101202406A0172416,1,4,0.0943396226415094,3.805,1.0,0.0
MA0101202406A0172734,1,2,0.0164068908941755,4.5,1.0,0.0
MA0101202406A0172862,1,1,0.0082034454470877,5.0,1.0,0.0
MA0101202406A0174013,1,2,0.0205086136177194,4.3,1.0,0.0
MA0101202406A0174158,1,1,0.0123051681706316,4.585,1.0,1.0
MA0101202406A0174538,1,1,0.0102543068088597,0.0,1.0,0.0
MA0101202406A0174611,1,3,0.0512715340442986,3.855,1.0,0.0
MA0101202406A0175021,1,0,0.0,0.0,1.0,0.0
MA0101202406A0175194,1,1,0.0020508613617719,0.0,1.0,0.0
MA0101202406A0176483,1,0,0.0,0.0,1.0,0.0
MA0101202406A0176517,1,4,0.108695652173913,4.6,1.0,0.0
MA0101202406A0176987,1,2,0.0328137817883511,5.0,1.0,0.0
MA0101202406A0177469,1,3,0.0492206726825266,4.0,1.0,0.0
MA0101202406A0177487,1,2,0.0328137817883511,3.7,1.0,0.0
MA0101202406A0178964,1,5,0.3486464315012305,4.075,1.0,0.0
MA0101202406A0179062,1,0,0.0,4.48,1.0,0.0
MA0101202406A0179693,1,2,0.0307629204265791,3.7,1.0,1.0
MA0101202406A0179877,1,4,0.1230516817063166,5.0,0.0,0.0
MA0101202406A0179888,1,3,0.0430680885972108,4.5,1.0,0.0
MA0101202406A0180146,1,3,0.0471698113207547,0.0,1.0,0.0
MA0101202406A0180331,1,3,0.0451189499589827,3.41,1.0,0.0
MA0101202406A0180471,1,3,0.0635767022149302,5.0,0.0,0.0
MA0101202406A0181179,1,1,0.0061525840853158,5.0,1.0,0.0
MA0101202406A0181317,1,1,0.0041017227235438,4.0,1.0,0.0
MA0101202406A0181475,1,2,0.0328137817883511,0.0,1.0,1.0
MA0101202406A0181538,1,3,0.0430680885972108,5.0,1.0,0.0
MA0101202406A0181955,1,3,0.0738310090237899,4.9,1.0,0.0
MA0101202406A0182018,1,0,0.0,0.0,1.0,0.0
MA0101202406A0182316,1,2,0.0246103363412633,4.8,1.0,0.0
MA0101202406A0182386,1,2,0.0266611977030352,5.0,1.0,0.0
MA0101202406A0182646,1,0,0.0,0.0,1.0,0.0
MA0101202406A0183518,1,0,0.0,0.0,1.0,0.0
MA0101202406A0184006,1,3,0.0758818703855619,5.0,1.0,1.0
MA0101202406A0184312,1,3,0.0615258408531583,4.6,1.0,1.0
MA0101202406A0184730,1,1,0.0041017227235438,4.27,1.0,1.0
MA0101202406A0184769,1,2,0.0369155045118949,2.5,1.0,0.0
MA0101202406A0184808,1,2,0.0164068908941755,3.7,1.0,0.0
MA0101202406A0185780,1,2,0.0307629204265791,5.0,1.0,1.0
MA0101202406A0186188,1,3,0.0697292863002461,4.35,1.0,0.0
MA0101202406A0186749,1,0,0.0,0.0,1.0,0.0
MA0101202406A0186885,1,1,0.0041017227235438,5.0,1.0,0.0
MA0101202406A0187214,1,2,0.0184577522559474,5.0,1.0,0.0
MA0101202406A0187810,1,4,0.2440525020508613,4.45,1.0,1.0
MA0101202406A0189196,1,0,0.0,0.0,0.0,0.0
MA0101202406A0189570,1,2,0.034864643150123,3.9,1.0,0.0
MA0101202406A0190032,1,3,0.0410172272354388,4.9,1.0,1.0
MA0101202406A0190333,1,4,0.1271534044298605,5.0,1.0,0.0
MA0101202406A0190912,1,2,0.0307629204265791,4.9,1.0,0.0
MA0101202406A0191167,1,4,0.1743232157506152,5.0,1.0,0.0
MA0101202406A0191209,1,2,0.034864643150123,4.04,1.0,0.0
MA0101202406A0191342,1,0,0.0,0.0,1.0,0.0
MA0101202406A0191453,1,2,0.0307629204265791,5.0,1.0,0.0
MA0101202406A0191536,1,5,1.3084495488105006,3.725,1.0,0.0
MA0101202406A0192233,1,0,0.0,0.0,1.0,0.0
MA0101202406A0192302,1,2,0.0225594749794913,4.7,1.0,0.0
MA0101202406A0192464,1,2,0.0205086136177194,4.5,1.0,1.0
MA0101202406A0192574,1,5,0.3076292042657916,0.0,1.0,0.0
MA0101202406A0192680,1,2,0.0184577522559474,3.8,1.0,0.0
MA0101202406A0192840,1,3,0.0656275635767022,0.0,1.0,0.0
MA0101202406A0193355,1,3,0.0533223954060705,4.7,1.0,0.0
MA0101202406A0193858,1,4,0.1230516817063166,5.0,1.0,0.0
MA0101202406A0193891,1,4,0.0922887612797374,4.7,1.0,1.0
MA0101202406A0193899,1,1,0.0041017227235438,0.0,1.0,0.0
MA0101202406A0193962,1,1,0.0041017227235438,5.0,1.0,1.0
MA0101202406A0194515,1,2,0.0328137817883511,4.6850000000000005,1.0,0.0
MA0101202406A0194573,1,3,0.071780147662018,3.5,1.0,0.0
MA0101202406A0194583,1,1,0.0020508613617719,1.0,1.0,0.0
MA0101202406A0194872,1,3,0.0492206726825266,5.0,1.0,0.0
MA0101202406A0194917,1,0,0.0,0.0,1.0,0.0
MA0101202406A0195702,1,3,0.0594749794913863,5.0,1.0,0.0
MA0101202406A0196684,1,5,0.2707136997538966,0.0,1.0,0.0
MA0101202406A0197619,1,2,0.0205086136177194,5.0,1.0,0.0
MA0101202406A0197661,1,2,0.0225594749794913,0.0,0.0,0.0
MA0101202406A0198442,1,1,0.0143560295324036,0.0,1.0,0.0
MA0101202406A0199147,1,3,0.0902378999179655,4.8,1.0,0.0
MA0101202406A0199290,1,3,0.0676784249384741,4.695,1.0,0.0
MA0101202406A0199421,1,3,0.0512715340442986,3.0,1.0,0.0
MA0101202406A0199621,1,1,0.0143560295324036,5.0,1.0,0.0
MA0101202406A0200836,1,3,0.0799835931091058,4.715,1.0,0.0
MA0101202406A0201797,1,1,0.0041017227235438,0.0,1.0,1.0
MA0101202406A0202151,1,2,0.034864643150123,0.0,1.0,0.0
MA0101202406A0202667,1,4,0.108695652173913,5.0,1.0,0.0
MA0101202406A0202843,1,3,0.0533223954060705,5.0,1.0,0.0
MA0101202406A0203034,1,2,0.0205086136177194,2.5,1.0,0.0
MA0101202406A0203330,1,1,0.0061525840853158,0.0,1.0,0.0
MA0101202406A0203466,1,4,0.145611156685808,4.7,1.0,0.0
MA0101202406A0203951,1,0,0.0,0.0,1.0,0.0
MA0101202406A0204284,1,1,0.0061525840853158,3.7,1.0,0.0
MA0101202406A0204305,1,1,0.0061525840853158,5.0,1.0,0.0
MA0101202406A0204462,1,3,0.0738310090237899,3.0,0.0,0.0
MA0101202406A0204464,1,0,0.0,0.0,1.0,0.0
MA0101202406A0204508,1,0,0.0,0.0,0.0,0.0
MA0101202406A0204614,1,2,0.0164068908941755,3.0,1.0,1.0
MA0101202406A0204860,1,3,0.0656275635767022,5.0,1.0,0.0
MA0101202406A0204934,1,1,0.0123051681706316,5.0,1.0,1.0
MA0101202406A0204938,1,5,0.5127153404429861,3.8,1.0,0.0
MA0101202406A0205129,1,4,0.1681706316652994,5.0,1.0,0.0
MA0101202406A0205434,1,4,0.1722723543888433,4.2,1.0,0.0
MA0101202406A0205998,1,5,0.4716981132075472,0.0,1.0,0.0
MA0101202406A0206200,1,4,0.1004922067268252,4.9,0.0,0.0
MA0101202406A0206618,1,1,0.0082034454470877,5.0,1.0,0.0
MA0101202406A0206689,1,2,0.0164068908941755,5.0,1.0,0.0
MA0101202406A0206979,1,0,0.0,0.0,0.0,0.0
MA0101202406A0207164,1,1,0.0123051681706316,3.0,1.0,0.0
MA0101202406A0207708,1,1,0.0041017227235438,0.0,1.0,0.0
MA0101202406A0208117,1,1,0.0020508613617719,0.0,1.0,0.0
MA0101202406A0208304,1,1,0.0020508613617719,5.0,1.0,0.0
MA0101202406A0208320,1,0,0.0,4.51,1.0,0.0
MA0101202406A0209047,1,1,0.0020508613617719,0.0,1.0,0.0
MA0101202406A0209195,1,4,0.2522559474979491,4.9,0.0,0.0
MA0101202406A0209523,1,1,0.0082034454470877,5.0,1.0,0.0
MA0101202406A0210123,1,1,0.0123051681706316,5.0,1.0,0.0
MA0101202406A0210503,1,5,0.3424938474159147,4.8,1.0,0.0
MA0101202406A0210576,1,3,0.0492206726825266,4.9,1.0,0.0
MA0101202406A0211183,1,0,0.0,0.0,1.0,1.0
MA0101202406A0211305,1,2,0.0287120590648072,2.0,1.0,0.0
MA0101202406A0211449,1,3,0.0492206726825266,0.0,1.0,0.0
MA0101202406A0211677,1,1,0.0041017227235438,5.0,1.0,1.0
MA0101202406A0211830,1,4,0.1045939294503691,5.0,1.0,1.0
MA0101202406A0211867,1,3,0.0861361771944216,4.37,1.0,0.0
MA0101202406A0211920,1,5,0.3076292042657916,4.385,0.0,0.0
MA0101202406A0212278,1,1,0.0082034454470877,5.0,1.0,0.0
MA0101202406A0212751,1,3,0.0635767022149302,2.5,1.0,0.0
MA0101202406A0213321,1,0,0.0,0.0,1.0,0.0
MA0101202406A0215229,1,4,0.0943396226415094,5.0,1.0,0.0
MA0101202406A0215248,1,0,0.0,0.0,1.0,1.0
MA0101202406A0215346,1,1,0.0061525840853158,5.0,1.0,0.0
MA0101202406A0215431,1,0,0.0,0.0,1.0,0.0
MA0101202406A0215706,1,1,0.0123051681706316,2.0,1.0,0.0
MA0101202406A0215743,1,0,0.0,0.0,1.0,1.0
MA0101202406A0215846,1,2,0.0184577522559474,3.4,1.0,0.0
MA0101202406A0215947,1,1,0.0061525840853158,3.0,1.0,1.0
MA0101202406A0216311,1,4,0.1168990976210008,4.12,1.0,1.0
MA0101202406A0216526,1,0,0.0,0.0,0.0,0.0
MA0101202406A0216624,1,2,0.0205086136177194,5.0,1.0,0.0
MA0101202406A0216656,1,1,0.0102543068088597,5.0,0.0,1.0
MA0101202406A0217564,1,5,0.3527481542247744,4.2,0.0,0.0
MA0101202406A0218272,1,4,0.1374077112387202,0.0,0.0,0.0
MA0101202406A0218750,1,0,0.0,0.0,1.0,0.0
MA0101202406A0219405,1,0,0.0,0.0,1.0,0.0
MA0101202406A0219796,1,2,0.0164068908941755,5.0,1.0,1.0
MA0101202406A0220837,1,3,0.0430680885972108,4.375,1.0,0.0
MA0101202406A0221066,1,0,0.0,0.0,1.0,0.0
MA0101202406A0221964,1,3,0.0594749794913863,4.6,1.0,0.0
MA0101202406A0222352,1,5,0.5701394585726005,3.995,0.0,0.0
MA0101202406A0222502,1,0,0.0,0.0,1.0,0.0
MA0101202406A0222993,1,4,0.1271534044298605,5.0,1.0,0.0
MA0101202406A0223984,1,1,0.0143560295324036,3.9,1.0,0.0
MA0101202406A0224508,1,1,0.0041017227235438,5.0,1.0,0.0
MA0101202406A0224555,1,1,0.0143560295324036,5.0,0.0,0.0
MA0101202406A0224734,1,3,0.0799835931091058,0.0,1.0,1.0
MA0101202406A0224824,1,3,0.0676784249384741,0.0,1.0,0.0
MA0101202406A0224859,1,2,0.0266611977030352,4.715,1.0,0.0
MA0101202406A0225554,1,5,0.4491386382280558,5.0,1.0,0.0
MA0101202406A0226146,1,3,0.0512715340442986,2.0,1.0,0.0
MA0101202406A0226192,1,0,0.0,0.0,0.0,0.0
MA0101202406A0226553,1,1,0.0020508613617719,0.0,1.0,1.0
MA0101202406A0226862,1,3,0.0389663658736669,4.8,1.0,0.0
MA0101202406A0227146,1,5,0.3076292042657916,4.8,0.0,1.0
MA0101202406A0227151,1,3,0.0799835931091058,4.529999999999999,1.0,1.0
MA0101202406A0227181,1,4,0.2030352748154225,4.8,1.0,1.0
MA0101202406A0227373,1,2,0.034864643150123,3.81,1.0,0.0
MA0101202406A0227702,1,2,0.0246103363412633,4.55,1.0,1.0
MA0101202406A0228586,1,4,0.1127973748974569,4.2,1.0,1.0
MA0101202406A0228984,1,1,0.0123051681706316,0.0,1.0,0.0
MA0101202406A0229337,1,4,0.1435602953240361,5.0,1.0,0.0
MA0101202406A0229397,1,3,0.0635767022149302,4.9,1.0,0.0
MA0101202406A0229607,1,1,0.0102543068088597,5.0,1.0,0.0
MA0101202406A0230587,1,1,0.0020508613617719,5.0,1.0,0.0
MA0101202406A0231095,1,4,0.1374077112387202,4.525,1.0,0.0
MA0101202406A0231530,1,3,0.0471698113207547,4.7,1.0,0.0
MA0101202406A0231843,1,2,0.0328137817883511,4.2,1.0,0.0
MA0101202406A0232191,1,2,0.0225594749794913,0.0,1.0,1.0
MA0101202406A0232380,1,3,0.0615258408531583,0.0,1.0,0.0
MA0101202406A0232557,1,4,0.2132895816242822,4.0,0.0,0.0
MA0101202406A0232762,1,4,0.1333059885151763,5.0,1.0,0.0
MA0101202406A0232847,1,1,0.0143560295324036,5.0,1.0,0.0
MA0101202406A0232984,1,0,0.0,0.0,0.0,0.0
MA0101202406A0233294,1,0,0.0,4.0,1.0,0.0
MA0101202406A0234169,1,2,0.0369155045118949,4.734999999999999,1.0,1.0
MA0101202406A0234636,1,3,0.0574241181296144,5.0,1.0,1.0
MA0101202406A0234762,1,1,0.0041017227235438,4.0,1.0,0.0
MA0101202406A0235037,1,1,0.0041017227235438,2.5,1.0,0.0
MA0101202406A0235341,1,5,0.5311730926989335,4.9,1.0,1.0
MA0101202406A0235535,1,1,0.0020508613617719,0.0,0.0,1.0
MA0101202406A0235638,1,2,0.0205086136177194,4.0,1.0,1.0
MA0101202406A0235725,1,1,0.0061525840853158,0.0,1.0,0.0
MA0101202406A0235813,1,2,0.0266611977030352,4.2,1.0,0.0
MA0101202406A0236082,1,4,0.1538146021328958,3.7,0.0,0.0
MA0101202406A0236503,1,3,0.0410172272354388,5.0,1.0,1.0
MA0101202406A0236656,1,3,0.0738310090237899,5.0,1.0,1.0
MA0101202406A0236762,1,2,0.0369155045118949,0.0,1.0,0.0
MA0101202406A0236928,1,1,0.0041017227235438,5.0,0.0,0.0
MA0101202406A0237051,1,2,0.0307629204265791,5.0,1.0,0.0
MA0101202406A0237434,1,3,0.0840853158326497,5.0,1.0,0.0
MA0101202406A0237551,1,3,0.0656275635767022,4.285,0.0,0.0
MA0101202406A0237566,1,3,0.0471698113207547,3.5,1.0,0.0
MA0101202406A0237575,1,2,0.0307629204265791,4.51,1.0,0.0
MA0101202406A0237662,1,3,0.0533223954060705,5.0,1.0,0.0
MA0101202406A0237689,1,4,0.1107465135356849,4.8,1.0,1.0
MA0101202406A0238938,1,1,0.0123051681706316,5.0,1.0,0.0
MA0101202406A0239894,1,1,0.0061525840853158,5.0,1.0,0.0
MA0101202406A0239960,1,3,0.0410172272354388,4.59,1.0,0.0
MA0101202406A0240028,1,3,0.0512715340442986,3.42,1.0,0.0
MA0101202406A0240029,1,1,0.0082034454470877,3.0,1.0,1.0
MA0101202406A0240211,1,4,0.1476620180475799,4.8,1.0,0.0
MA0101202406A0240854,1,1,0.0041017227235438,5.0,1.0,0.0
MA0101202406A0242591,1,3,0.0533223954060705,5.0,1.0,0.0
MA0101202406A0243232,1,3,0.0676784249384741,0.0,1.0,1.0
MA0101202406A0244567,1,4,0.2296964725184577,4.3,1.0,0.0
MA0101202406A0245564,1,2,0.0225594749794913,3.7,0.0,0.0
MA0101202406A0246540,1,4,0.1866283839212469,4.8,1.0,0.0
MA0101202406A0246647,1,2,0.0246103363412633,4.54,1.0,0.0
MA0101202406A0247654,1,2,0.0164068908941755,4.5,1.0,0.0
MA0101202406A0248079,1,1,0.0041017227235438,0.0,1.0,0.0
MA0101202406A0248516,1,3,0.0492206726825266,3.82,1.0,0.0
MA0101202406A0248841,1,1,0.0143560295324036,5.0,1.0,0.0
MA0101202406A0249760,1,4,0.256357670221493,2.0,1.0,0.0
MA0101202406A0250465,1,2,0.0246103363412633,4.3,1.0,0.0
MA0101202406A0251067,1,2,0.0225594749794913,5.0,1.0,1.0
MA0101202406A0251158,1,1,0.0123051681706316,0.0,1.0,0.0
MA0101202406A0251494,1,3,0.0430680885972108,5.0,1.0,0.0
MA0101202406A0252108,1,0,0.0,0.0,1.0,0.0
MA0101202406A0252544,1,2,0.0369155045118949,5.0,1.0,1.0
MA0101202406A0252803,1,3,0.0615258408531583,3.85,1.0,0.0
MA0101202406A0255175,1,1,0.0102543068088597,5.0,1.0,0.0
MA0101202406A0256142,1,4,0.145611156685808,0.0,1.0,0.0
MA0101202406A0256865,1,3,0.0697292863002461,4.3,1.0,0.0
MA0101202406A0256908,1,5,1.3146021328958164,4.725,1.0,0.0
MA0101202406A0258384,1,5,0.4696472518457752,5.0,1.0,1.0
MA0101202406A0258492,1,1,0.0061525840853158,5.0,1.0,1.0
MA0101202406A0258791,1,0,0.0,0.0,1.0,0.0
MA0101202406A0259161,1,4,0.1230516817063166,4.2,1.0,1.0
MA0101202406A0259181,1,1,0.0041017227235438,5.0,1.0,1.0
MA0101202406A0259196,1,5,0.2768662838392124,0.0,1.0,0.0
MA0101202406A0259689,1,2,0.0225594749794913,5.0,1.0,0.0
MA0101202406A0260017,1,0,0.0,0.0,0.0,0.0
MA0101202406A0260149,1,2,0.0164068908941755,5.0,1.0,0.0
MA0101202406A0260526,1,2,0.034864643150123,5.0,1.0,0.0
MA0101202406A0260973,1,4,0.1497128794093519,4.9,1.0,0.0
MA0101202406A0261286,1,3,0.0430680885972108,4.73,1.0,0.0
MA0101202406A0261427,1,2,0.0164068908941755,4.7,1.0,1.0
MA0101202406A0261921,1,3,0.0820344544708777,0.0,0.0,1.0
MA0101202406A0262644,1,1,0.0061525840853158,5.0,1.0,1.0
MA0101202406A0262755,1,3,0.071780147662018,4.8,0.0,0.0
MA0101202406A0263299,1,3,0.071780147662018,4.9,1.0,0.0
MA0101202406A0263583,1,1,0.0082034454470877,2.5,1.0,0.0
MA0101202406A0263608,1,2,0.0266611977030352,4.8,1.0,0.0
MA0101202406A0263669,1,3,0.0840853158326497,0.0,1.0,0.0
MA0101202406A0264206,1,5,0.3917145200984413,4.84,1.0,0.0
MA0101202406A0264335,1,2,0.0225594749794913,5.0,1.0,0.0
MA0101202406A0264462,1,1,0.0041017227235438,5.0,1.0,0.0
MA0101202406A0265133,1,3,0.0615258408531583,3.1,1.0,0.0
MA0101202406A0265583,1,4,0.1127973748974569,3.8,1.0,1.0
MA0101202406A0265930,1,1,0.0041017227235438,1.0,1.0,0.0
MA0101202406A0266675,1,4,0.2153404429860541,4.7,1.0,0.0
MA0101202406A0267007,1,3,0.0430680885972108,4.7,0.0,0.0
MA0101202406A0267346,1,0,0.0,0.0,0.0,0.0
MA0101202406A0267400,1,5,0.2625102543068088,4.0,0.0,0.0
MA0101202406A0267743,1,4,0.1210008203445447,4.46,1.0,0.0
MA0101202406A0267830,1,4,0.1538146021328958,4.8,1.0,0.0
MA0101202406A0267903,1,4,0.1004922067268252,5.0,1.0,1.0
MA0101202406A0268039,1,1,0.0123051681706316,0.0,1.0,0.0
MA0101202406A0268085,1,3,0.0861361771944216,3.1,1.0,0.0
MA0101202406A0268413,1,5,0.3076292042657916,3.7,0.0,0.0
MA0101202406A0268734,1,5,0.6050041017227236,0.0,1.0,0.0
MA0101202406A0268766,1,3,0.0697292863002461,2.0,0.0,1.0
MA0101202406A0269110,1,4,0.1886792452830188,5.0,1.0,0.0
MA0101202406A0269446,1,0,0.0,0.0,1.0,0.0
MA0101202406A0269679,1,1,0.0041017227235438,0.0,0.0,0.0
MA0101202406A0270104,1,0,0.0,0.0,1.0,1.0
MA0101202406A0270909,1,3,0.0881870385561936,5.0,1.0,0.0
MA0101202406A0271448,1,2,0.0164068908941755,5.0,1.0,0.0
MA0101202406A0271946,1,1,0.0123051681706316,3.0,1.0,0.0
MA0101202406A0273081,1,3,0.0451189499589827,4.7,1.0,0.0
MA0101202406A0273434,1,0,0.0,0.0,1.0,0.0
MA0101202406A0273843,1,2,0.0184577522559474,4.4,1.0,0.0
MA0101202406A0273887,1,0,0.0,0.0,1.0,0.0
MA0101202406A0275624,1,2,0.0205086136177194,0.0,1.0,0.0
MA0101202406A0276145,1,1,0.0041017227235438,3.5,1.0,0.0
MA0101202406A0276931,1,3,0.0820344544708777,3.3,1.0,0.0
MA0101202406A0277475,1,2,0.0328137817883511,5.0,1.0,0.0
MA0101202406A0277669,1,0,0.0,0.0,1.0,0.0
MA0101202406A0278332,1,3,0.0471698113207547,3.6,1.0,0.0
MA0101202406A0278475,1,1,0.0041017227235438,5.0,1.0,0.0
MA0101202406A0278526,1,1,0.0143560295324036,5.0,1.0,0.0
MA0101202406A0278780,1,3,0.0820344544708777,5.0,1.0,1.0
MA0101202406A0278960,1,1,0.0102543068088597,5.0,1.0,0.0
MA0101202406A0278978,1,0,0.0,0.0,1.0,0.0
MA0101202406A0279281,1,5,0.4101722723543888,4.3,1.0,1.0
MA0101202406A0279394,1,1,0.0143560295324036,5.0,1.0,0.0
MA0101202406A0279682,1,4,0.1702214930270713,4.8,1.0,0.0
MA0101202406A0279886,1,4,0.0943396226415094,5.0,1.0,0.0
MA0101202406A0279920,1,0,0.0,0.0,1.0,0.0
MA0101202406A0280042,1,3,0.071780147662018,4.275,1.0,0.0
MA0101202406A0280763,1,5,0.2891714520098442,4.32,0.0,0.0
MA0101202406A0281010,1,5,0.4552912223133716,4.0,1.0,1.0
MA0101202406A0281358,1,1,0.0123051681706316,0.0,1.0,1.0
MA0101202406A0281492,1,3,0.0594749794913863,5.0,1.0,0.0
MA0101202406A0281783,1,1,0.0020508613617719,5.0,1.0,0.0
MA0101202406A0282231,1,2,0.0164068908941755,5.0,1.0,1.0
MA0101202406A0282654,1,1,0.0123051681706316,5.0,1.0,0.0
MA0101202406A0282857,1,3,0.0533223954060705,3.0,1.0,0.0
MA0101202406A0283263,1,1,0.0020508613617719,0.0,1.0,0.0
MA0101202406A0284281,1,4,0.1476620180475799,3.3,1.0,1.0
MA0101202406A0284342,1,1,0.0061525840853158,4.7,0.0,0.0
MA0101202406A0284438,1,4,0.1168990976210008,5.0,0.0,0.0
MA0101202406A0284770,1,2,0.0164068908941755,3.3,1.0,0.0
MA0101202406A0284948,1,3,0.0533223954060705,3.715,1.0,0.0
MA0101202406A0285022,1,3,0.0533223954060705,2.4,0.0,0.0
MA0101202406A0285679,1,2,0.0184577522559474,5.0,0.0,0.0
MA0101202406A0286324,1,4,0.2132895816242822,0.0,1.0,0.0
MA0101202406A0286493,1,2,0.0184577522559474,3.7,1.0,0.0
MA0101202406A0286882,1,2,0.0246103363412633,5.0,1.0,0.0
MA0101202406A0286891,1,0,0.0,0.0,0.0,0.0
MA0101202406A0287022,1,2,0.0184577522559474,2.2,1.0,0.0
MA0101202406A0287163,1,4,0.1333059885151763,5.0,0.0,0.0
MA0101202406A0288043,1,4,0.1927809680065627,4.5,1.0,0.0
MA0101202406A0288357,1,1,0.0123051681706316,0.0,1.0,0.0
MA0101202406A0288695,1,5,0.2768662838392124,4.6,0.0,0.0
MA0101202406A0289106,1,5,1.2920426579163249,4.7,1.0,0.0
MA0101202406A0289222,1,1,0.0020508613617719,3.0,0.0,0.0
MA0101202406A0289381,1,4,0.1148482362592288,4.8100000000000005,1.0,0.0
MA0101202406A0289607,1,5,0.4860541427399507,0.0,1.0,0.0
MA0101202406A0289982,1,5,0.81214109926169,4.6,1.0,0.0
MA0101202406A0290345,1,4,0.1845775225594749,4.9,1.0,0.0
MA0101202406A0291335,1,3,0.0471698113207547,4.32,1.0,0.0
MA0101202406A0291551,1,0,0.0,0.0,1.0,0.0
MA0101202406A0291727,1,0,0.0,0.0,1.0,0.0
MA0101202406A0291852,1,5,1.173092698933552,4.41,1.0,0.0
MA0101202406A0292016,1,0,0.0,0.0,1.0,0.0
MA0101202406A0292464,1,2,0.0246103363412633,5.0,1.0,0.0
MA0101202406A0292620,1,1,0.0020508613617719,5.0,1.0,0.0
MA0101202406A0293262,1,0,0.0,0.0,1.0,0.0
MA0101202406A0293278,1,1,0.0143560295324036,5.0,1.0,0.0
MA0101202406A0293452,1,5,0.5065627563576702,3.8,1.0,1.0
MA0101202406A0293539,1,5,0.2912223133716161,5.0,0.0,0.0
MA0101202406A0293845,1,2,0.0225594749794913,4.5,1.0,0.0
MA0101202406A0294442,1,1,0.0123051681706316,5.0,1.0,0.0
MA0101202406A0294480,1,3,0.071780147662018,5.0,1.0,0.0
MA0101202406A0294950,1,1,0.0123051681706316,0.0,1.0,0.0
MA0101202406A0295438,1,1,0.0123051681706316,5.0,1.0,0.0
MA0101202406A0295520,1,4,0.1353568498769483,4.9,1.0,0.0
MA0101202406A0296236,1,3,0.0635767022149302,0.0,1.0,0.0
MA0101202406A0297092,1,1,0.0020508613617719,5.0,1.0,1.0
MA0101202406A0297314,1,3,0.0512715340442986,4.34,0.0,0.0
MA0101202406A0297345,1,3,0.0512715340442986,4.665,1.0,0.0
MA0101202406A0297417,1,3,0.0410172272354388,3.29,1.0,0.0
MA0101202406A0297826,1,1,0.0041017227235438,4.495,0.0,0.0
MA0101202406A0297846,1,4,0.1107465135356849,0.0,0.0,1.0
MA0101202406A0297964,1,2,0.0246103363412633,5.0,1.0,1.0
MA0101202406A0298371,1,0,0.0,0.0,1.0,0.0
MA0101202406A0298549,1,1,0.0143560295324036,3.3,1.0,1.0
MA0101202406A0299234,1,2,0.0246103363412633,3.6,0.0,0.0
MA0101202406A0299454,1,0,0.0,0.0,1.0,0.0
MA0101202406A0299547,1,2,0.0307629204265791,4.8,0.0,0.0
MA0101202406A0299747,1,4,0.1004922067268252,4.6,0.0,0.0
MA0101202406A0300017,1,2,0.0205086136177194,5.0,1.0,0.0
MA0101202406A0300384,1,4,0.0984413453650533,4.4,1.0,1.0
MA0101202406A0300662,1,1,0.0123051681706316,0.0,1.0,1.0
MA0101202406A0301038,1,4,0.1394585726004922,5.0,1.0,0.0
MA0101202406A0301373,1,5,0.6767842493847416,4.25,1.0,0.0
MA0101202406A0302178,1,2,0.0164068908941755,5.0,1.0,1.0
MA0101202406A0302444,1,2,0.0287120590648072,4.9,1.0,0.0
MA0101202406A0302562,1,1,0.0061525840853158,2.3,1.0,0.0
MA0101202406A0302566,1,1,0.0102543068088597,5.0,1.0,0.0
MA0101202406A0302688,1,3,0.0492206726825266,4.4,1.0,0.0
MA0101202406A0302858,1,2,0.0184577522559474,4.0,1.0,0.0
MA0101202406A0303041,1,2,0.034864643150123,3.6,1.0,0.0
MA0101202406A0303380,1,3,0.0492206726825266,4.615,1.0,1.0
MA0101202406A0303753,1,0,0.0,0.0,1.0,0.0
MA0101202406A0304106,1,5,0.3465955701394586,2.8,0.0,0.0
MA0101202406A0304335,1,1,0.0041017227235438,0.0,1.0,0.0
MA0101202406A0304616,1,1,0.0082034454470877,0.0,1.0,0.0
MA0101202406A0304691,1,1,0.0041017227235438,3.5,1.0,0.0
MA0101202406A0305560,1,2,0.0369155045118949,0.0,1.0,0.0
MA0101202406A0305781,1,3,0.0574241181296144,5.0,0.0,0.0
MA0101202406A0305851,1,4,0.1804757998359311,0.0,1.0,0.0
MA0101202406A0305906,1,3,0.0799835931091058,5.0,1.0,0.0
MA0101202406A0306105,1,4,0.1476620180475799,5.0,1.0,1.0
MA0101202406A0306164,1,1,0.0102543068088597,5.0,1.0,0.0
MA0101202406A0306379,1,2,0.0205086136177194,5.0,1.0,0.0
MA0101202406A0307791,1,2,0.0184577522559474,0.0,1.0,1.0
MA0101202406A0307977,1,3,0.0410172272354388,4.065,1.0,0.0
MA0101202406A0308624,1,4,0.1148482362592288,0.0,0.0,0.0
MA0101202406A0308675,1,1,0.0020508613617719,0.0,1.0,1.0
MA0101202406A0308790,1,3,0.0430680885972108,0.0,1.0,1.0
MA0101202406A0308839,1,2,0.0184577522559474,0.0,1.0,0.0
MA0101202406A0308963,1,4,0.1640689089417555,0.0,1.0,0.0
MA0101202406A0309324,1,3,0.0656275635767022,3.26,1.0,0.0
MA0101202406A0309825,1,1,0.0102543068088597,3.6,1.0,0.0
MA0101202406A0310207,1,3,0.0758818703855619,5.0,1.0,1.0
MA0101202406A0310779,1,2,0.0246103363412633,4.605,1.0,0.0
MA0101202406A0310881,1,2,0.0184577522559474,3.3,1.0,0.0
MA0101202406A0311427,1,1,0.0082034454470877,0.0,1.0,1.0
MA0101202406A0311606,1,0,0.0,0.0,1.0,0.0
MA0101202406A0312474,2,4,0.2276456111566858,4.28,1.0,1.0
MA0101202406A0312996,2,3,0.0389663658736669,4.69,1.0,0.0
MA0101202406A0313526,2,2,0.0225594749794913,2.7,1.0,0.0
MA0101202406A0314310,2,1,0.0041017227235438,5.0,1.0,1.0
MA0101202406A0314475,2,1,0.0041017227235438,0.0,0.0,0.0
MA0101202406A0314883,2,0,0.0,0.0,1.0,0.0
MA0101202406A0316210,2,1,0.0041017227235438,5.0,1.0,0.0
MA0101202406A0316325,2,1,0.0102543068088597,5.0,1.0,0.0
MA0101202406A0316401,2,3,0.0451189499589827,4.195,1.0,0.0
MA0101202406A0316691,2,1,0.0143560295324036,3.5,1.0,0.0
MA0101202406A0317086,2,0,0.0,0.0,1.0,0.0
MA0101202406A0317363,2,3,0.0635767022149302,4.0,1.0,0.0
MA0101202406A0317399,2,0,0.0,0.0,1.0,0.0
MA0101202406A0317410,2,2,0.0164068908941755,4.71,1.0,1.0
MA0101202406A0317880,2,2,0.0184577522559474,5.0,0.0,1.0
MA0101202406A0318408,2,2,0.0307629204265791,3.275,1.0,1.0
MA0101202406A0318699,2,1,0.0020508613617719,0.0,1.0,1.0
MA0101202406A0319261,2,4,0.1845775225594749,5.0,1.0,0.0
MA0101202406A0319270,2,1,0.0082034454470877,3.0,1.0,0.0
MA0101202406A0319338,2,2,0.0164068908941755,5.0,1.0,0.0
MA0101202406A0319416,2,3,0.0471698113207547,5.0,1.0,1.0
MA0101202406A0319550,2,4,0.1579163248564397,5.0,1.0,1.0
MA0101202406A0319663,2,1,0.0102543068088597,4.2,1.0,0.0
MA0101202406A0320678,2,3,0.0410172272354388,0.0,1.0,0.0
MA0101202406A0322412,2,5,0.551681706316653,0.0,1.0,0.0
MA0101202406A0322991,2,2,0.0225594749794913,0.0,1.0,1.0
MA0101202406A0323096,2,2,0.0246103363412633,3.53,1.0,0.0
MA0101202406A0323138,2,2,0.0205086136177194,4.53,1.0,0.0
MA0101202406A0323223,2,2,0.0328137817883511,3.9,1.0,1.0
MA0101202406A0323528,2,1,0.0020508613617719,5.0,1.0,0.0
MA0101202406A0323586,2,2,0.0369155045118949,5.0,1.0,0.0
MA0101202406A0324327,2,1,0.0082034454470877,2.5,1.0,0.0
MA0101202406A0324553,2,2,0.0287120590648072,4.7,1.0,0.0
MA0101202406A0325091,2,2,0.0205086136177194,4.3,1.0,0.0
MA0101202406A0325151,2,1,0.0102543068088597,0.0,1.0,0.0
MA0101202406A0325193,2,5,0.3814602132895816,3.4,1.0,0.0
MA0101202406A0325597,2,4,0.1045939294503691,5.0,0.0,1.0
MA0101202406A0326157,2,2,0.0246103363412633,4.4,1.0,0.0
MA0101202406A0326234,2,1,0.0020508613617719,0.0,0.0,0.0
MA0101202406A0326897,2,3,0.0410172272354388,0.0,1.0,1.0
MA0101202406A0327486,2,5,0.3035274815422477,0.0,1.0,1.0
MA0101202406A0327617,2,4,0.1004922067268252,4.3,1.0,0.0
MA0101202406A0327724,2,0,0.0,3.65,1.0,0.0
MA0101202406A0328041,2,4,0.0984413453650533,5.0,1.0,0.0
MA0101202406A0329289,2,2,0.0225594749794913,0.0,1.0,1.0
MA0101202406A0329453,2,1,0.0061525840853158,5.0,1.0,0.0
MA0101202406A0329908,2,3,0.0635767022149302,4.8,1.0,1.0
MA0101202406A0330435,2,2,0.0328137817883511,0.0,1.0,0.0
MA0101202406A0330684,2,5,0.8572600492206727,3.0,0.0,0.0
MA0101202406A0330685,2,1,0.0082034454470877,5.0,1.0,1.0
MA0101202406A0330771,2,1,0.0061525840853158,3.515,1.0,1.0
MA0101202406A0331109,2,0,0.0,0.0,1.0,0.0
MA0101202406A0332067,2,5,0.2666119770303527,0.0,1.0,1.0
MA0101202406A0332817,2,2,0.0246103363412633,1.0,1.0,0.0
MA0101202406A0333495,2,1,0.0041017227235438,0.0,1.0,0.0
MA0101202406A0333651,2,4,0.1333059885151763,5.0,0.0,0.0
MA0101202406A0334266,2,3,0.0430680885972108,4.215,1.0,0.0
MA0101202406A0334414,2,1,0.0102543068088597,4.0,1.0,0.0
MA0101202406A0334760,2,5,0.258408531583265,4.8,1.0,0.0
MA0101202406A0334774,2,3,0.0410172272354388,4.31,1.0,0.0
MA0101202406A0334835,2,0,0.0,0.0,1.0,0.0
MA0101202406A0334997,2,3,0.0471698113207547,3.0,1.0,0.0
MA0101202406A0335639,2,3,0.0389663658736669,0.0,0.0,0.0
MA0101202406A0335874,2,1,0.0143560295324036,5.0,1.0,0.0
MA0101202406A0336302,2,3,0.0635767022149302,5.0,1.0,0.0
MA0101202406A0336342,2,5,0.2871205906480722,4.5,1.0,0.0
MA0101202406A0336371,2,1,0.0041017227235438,5.0,1.0,0.0
MA0101202406A0337289,2,2,0.0287120590648072,2.8,1.0,0.0
MA0101202406A0337604,2,1,0.0041017227235438,0.0,1.0,0.0
MA0101202406A0337691,2,4,0.1374077112387202,2.6,0.0,0.0
MA0101202406A0337792,2,3,0.0594749794913863,4.1,1.0,0.0
MA0101202406A0338092,2,3,0.0389663658736669,5.0,1.0,1.0
MA0101202406A0338178,2,2,0.0287120590648072,3.49,1.0,0.0
MA0101202406A0338421,2,1,0.0082034454470877,5.0,1.0,0.0
MA0101202406A0338492,2,5,0.3465955701394586,4.0,1.0,1.0
MA0101202406A0338518,2,1,0.0082034454470877,4.7,0.0,0.0
MA0101202406A0338742,2,0,0.0,0.0,0.0,0.0
MA0101202406A0339215,2,3,0.0615258408531583,5.0,1.0,0.0
MA0101202406A0340387,2,0,0.0,0.0,1.0,0.0
MA0101202406A0340988,2,0,0.0,0.0,1.0,1.0
MA0101202406A0341801,2,0,0.0,0.0,1.0,0.0
MA0101202406A0341956,2,4,0.1435602953240361,4.8,1.0,0.0
MA0101202406A0342103,2,0,0.0,0.0,1.0,0.0
MA0101202406A0342283,2,2,0.0369155045118949,4.1,1.0,1.0
MA0101202406A0342370,2,3,0.0471698113207547,3.4,1.0,0.0
MA0101202406A0342507,2,3,0.0553732567678424,4.3,1.0,0.0
MA0101202406A0343132,2,2,0.0287120590648072,4.3,1.0,0.0
MA0101202406A0343268,2,1,0.0020508613617719,4.82,0.0,0.0
MA0101202406A0343817,2,5,1.7227235438884332,4.47,1.0,0.0
MA0101202406A0343934,2,2,0.0246103363412633,3.0,1.0,0.0
MA0101202406A0344839,2,3,0.0656275635767022,0.0,1.0,0.0
MA0101202406A0345050,2,1,0.0123051681706316,2.3,1.0,0.0
MA0101202406A0345357,2,1,0.0061525840853158,0.0,1.0,1.0
MA0101202406A0345615,2,4,0.1681706316652994,3.25,1.0,0.0
MA0101202406A0345782,2,2,0.0307629204265791,3.3,1.0,0.0
MA0101202406A0346294,2,3,0.0492206726825266,3.305,1.0,0.0
MA0101202406A0346298,2,0,0.0,0.0,1.0,0.0
MA0101202406A0346575,2,5,0.5803937653814603,4.65,1.0,1.0
MA0101202406A0347496,2,2,0.0246103363412633,3.1,1.0,0.0
MA0101202406A0347666,2,1,0.0041017227235438,5.0,1.0,0.0
MA0101202406A0347747,2,5,0.3240360951599672,4.8,1.0,0.0
MA0101202406A0348114,2,0,0.0,4.92,1.0,0.0
MA0101202406A0348207,2,2,0.0184577522559474,4.53,1.0,0.0
MA0101202406A0348392,2,2,0.0225594749794913,0.0,1.0,0.0
MA0101202406A0348421,2,0,0.0,0.0,0.0,0.0
MA0101202406A0348518,2,5,0.2625102543068088,5.0,0.0,0.0
MA0101202406A0348730,2,3,0.0430680885972108,3.665,1.0,0.0
MA0101202406A0349934,2,3,0.0656275635767022,1.6,1.0,1.0
MA0101202406A0349961,2,1,0.0020508613617719,0.0,1.0,0.0
MA0101202406A0350862,2,1,0.0041017227235438,5.0,1.0,0.0
MA0101202406A0353245,2,1,0.0061525840853158,4.25,1.0,0.0
MA0101202406A0353351,2,4,0.1517637407711238,4.475,1.0,0.0
MA0101202406A0353448,2,1,0.0020508613617719,1.0,1.0,1.0
MA0101202406A0354648,2,1,0.0102543068088597,4.625,1.0,0.0
MA0101202406A0354707,2,1,0.0102543068088597,3.6,1.0,0.0
MA0101202406A0354739,2,3,0.0451189499589827,5.0,1.0,0.0
MA0101202406A0354969,2,2,0.0225594749794913,4.9,1.0,0.0
MA0101202406A0355579,2,0,0.0,0.0,1.0,0.0
MA0101202406A0355580,2,4,0.1004922067268252,5.0,1.0,0.0
MA0101202406A0356398,2,3,0.0779327317473338,4.47,1.0,1.0
MA0101202406A0357021,2,2,0.0164068908941755,5.0,1.0,1.0
MA0101202406A0357391,2,2,0.0287120590648072,4.04,1.0,0.0
MA0101202406A0357669,2,5,0.2953240360951599,4.4,1.0,0.0
MA0101202406A0357780,2,3,0.0512715340442986,5.0,1.0,0.0
MA0101202406A0357847,2,0,0.0,0.0,1.0,0.0
MA0101202406A0357883,2,3,0.0738310090237899,4.9,1.0,0.0
MA0101202406A0358175,2,1,0.0123051681706316,0.0,1.0,0.0
MA0101202406A0358297,2,4,0.1968826907301066,4.3,1.0,0.0
MA0101202406A0359046,2,3,0.0471698113207547,5.0,1.0,0.0
MA0101202406A0359192,2,1,0.0123051681706316,0.0,1.0,0.0
MA0101202406A0360974,2,3,0.0861361771944216,5.0,1.0,0.0
MA0101202406A0361146,2,1,0.0102543068088597,4.605,1.0,0.0
MA0101202406A0361312,2,1,0.0102543068088597,4.2,0.0,0.0
MA0101202406A0361942,2,2,0.0184577522559474,3.6,1.0,0.0
MA0101202406A0361998,2,0,0.0,0.0,1.0,1.0
MA0101202406A0362039,2,5,1.8109105824446268,4.45,0.0,0.0
MA0101202406A0363036,2,2,0.0184577522559474,5.0,1.0,1.0
MA0101202406A0363109,2,2,0.0184577522559474,4.69,1.0,0.0
MA0101202406A0363334,2,0,0.0,0.0,1.0,0.0
MA0101202406A0363526,2,3,0.0471698113207547,5.0,1.0,1.0
MA0101202406A0363874,2,1,0.0061525840853158,4.3,1.0,0.0
MA0101202406A0364877,2,1,0.0082034454470877,4.09,0.0,0.0
MA0101202406A0365205,2,0,0.0,0.0,1.0,0.0
MA0101202406A0365290,2,2,0.0287120590648072,3.5,1.0,0.0
MA0101202406A0365542,2,3,0.0881870385561936,4.4,1.0,0.0
MA0101202406A0365621,2,1,0.0143560295324036,4.0,1.0,0.0
MA0101202406A0365758,2,0,0.0,0.0,1.0,0.0
MA0101202406A0365880,2,1,0.0143560295324036,4.675,1.0,0.0
MA0101202406A0366403,2,3,0.071780147662018,5.0,1.0,0.0
MA0101202406A0366439,2,1,0.0041017227235438,5.0,1.0,1.0
MA0101202406A0366887,2,4,0.1251025430680886,3.2,0.0,0.0
MA0101202406A0367246,2,4,0.1333059885151763,4.5,1.0,0.0
MA0101202406A0367711,2,2,0.0225594749794913,2.7,1.0,0.0
MA0101202406A0368223,2,4,0.1333059885151763,4.5,1.0,0.0
MA0101202406A0369221,2,1,0.0143560295324036,3.5,1.0,0.0
MA0101202406A0369749,2,3,0.0471698113207547,5.0,1.0,1.0
MA0101202406A0370057,2,2,0.0225594749794913,4.5,1.0,0.0
MA0101202406A0370179,2,4,0.1271534044298605,0.0,1.0,1.0
MA0101202406A0370859,2,3,0.0799835931091058,4.8,1.0,0.0
MA0101202406A0370864,2,4,0.0922887612797374,4.8,1.0,0.0
MA0101202406A0371431,2,0,0.0,0.0,1.0,0.0
MA0101202406A0371539,2,3,0.0594749794913863,5.0,1.0,0.0
MA0101202406A0371823,2,2,0.0266611977030352,3.8,1.0,0.0
MA0101202406A0372047,2,0,0.0,0.0,1.0,0.0
MA0101202406A0372243,2,4,0.2399507793273174,4.9,1.0,0.0
MA0101202406A0372641,2,2,0.0266611977030352,4.0,1.0,0.0
MA0101202406A0373083,2,1,0.0020508613617719,0.0,1.0,0.0
MA0101202406A0373125,2,4,0.2358490566037736,5.0,1.0,0.0
MA0101202406A0373364,2,0,0.0,0.0,1.0,0.0
MA0101202406A0373822,2,1,0.0061525840853158,5.0,1.0,0.0
MA0101202406A0374574,2,2,0.0246103363412633,4.4,1.0,1.0
MA0101202406A0374830,2,4,0.1271534044298605,5.0,1.0,0.0
MA0101202406A0374868,2,5,0.3958162428219852,4.9,1.0,0.0
MA0101202406A0375146,2,2,0.0266611977030352,4.6,1.0,0.0
MA0101202406A0375184,2,1,0.0123051681706316,5.0,1.0,1.0
MA0101202406A0375352,2,2,0.0287120590648072,4.43,1.0,0.0
MA0101202406A0375990,2,1,0.0061525840853158,4.75,1.0,0.0
MA0101202406A0376415,2,3,0.0676784249384741,5.0,0.0,0.0
MA0101202406A0376511,2,5,0.7957342083675144,4.265000000000001,1.0,0.0
MA0101202406A0377086,2,1,0.0102543068088597,4.279999999999999,1.0,0.0
MA0101202406A0377124,2,4,0.1025430680885972,5.0,1.0,0.0
MA0101202406A0378002,2,2,0.0369155045118949,5.0,1.0,0.0
MA0101202406A0378693,2,2,0.0225594749794913,4.63,1.0,1.0
MA0101202406A0378834,2,4,0.0963904840032813,4.845000000000001,1.0,0.0
MA0101202406A0378886,2,4,0.217391304347826,4.2,1.0,0.0
MA0101202406A0379274,2,4,0.0984413453650533,3.975,1.0,0.0
MA0101202406A0379304,2,1,0.0020508613617719,4.0,1.0,0.0
MA0101202406A0380115,2,1,0.0123051681706316,4.0,1.0,1.0
MA0101202406A0380230,2,4,0.1702214930270713,4.0600000000000005,1.0,0.0
MA0101202406A0380438,2,2,0.0328137817883511,2.8,1.0,0.0
MA0101202406A0380668,2,3,0.0758818703855619,4.7,1.0,0.0
MA0101202406A0380808,2,2,0.0328137817883511,5.0,0.0,0.0
MA0101202406A0381489,2,2,0.0205086136177194,0.0,1.0,0.0
MA0101202406A0381736,2,2,0.0164068908941755,5.0,1.0,0.0
MA0101202406A0382048,2,0,0.0,0.0,1.0,0.0
MA0101202406A0382147,2,3,0.0615258408531583,4.35,0.0,0.0
MA0101202406A0382433,2,0,0.0,0.0,1.0,0.0
MA0101202406A0382508,2,4,0.2502050861361772,5.0,1.0,0.0
MA0101202406A0382732,2,1,0.0041017227235438,0.0,0.0,0.0
MA0101202406A0384765,2,1,0.0123051681706316,5.0,1.0,0.0
MA0101202406A0385129,2,2,0.0205086136177194,4.57,0.0,0.0
MA0101202406A0385377,2,4,0.2276456111566858,3.3,1.0,0.0
MA0101202406A0385440,2,1,0.0041017227235438,4.48,1.0,0.0
MA0101202406A0385700,2,4,0.1640689089417555,3.0,1.0,0.0
MA0101202406A0385885,2,1,0.0143560295324036,1.9,1.0,0.0
MA0101202406A0386024,2,2,0.0184577522559474,5.0,1.0,0.0
MA0101202406A0386125,2,4,0.1394585726004922,5.0,1.0,0.0
MA0101202406A0386315,2,3,0.0553732567678424,0.0,1.0,0.0
MA0101202406A0386592,2,3,0.0861361771944216,4.055,1.0,0.0
MA0101202406A0386734,2,3,0.0389663658736669,5.0,1.0,0.0
MA0101202406A0387155,2,2,0.0307629204265791,2.8,1.0,0.0
MA0101202406A0387320,2,5,1.9729286300246105,4.0,1.0,0.0
MA0101202406A0387713,2,4,0.1251025430680886,5.0,1.0,0.0
MA0101202406A0387719,2,1,0.0020508613617719,0.0,1.0,1.0
MA0101202406A0388133,2,1,0.0041017227235438,0.0,1.0,0.0
MA0101202406A0388225,2,1,0.0123051681706316,2.3,1.0,0.0
MA0101202406A0388865,2,5,0.2973748974569319,4.0,1.0,0.0
MA0101202406A0389046,2,2,0.0184577522559474,0.0,1.0,0.0
MA0101202406A0389212,2,2,0.0184577522559474,4.7,1.0,0.0
MA0101202406A0389486,2,1,0.0061525840853158,5.0,1.0,0.0
MA0101202406A0390572,2,2,0.0266611977030352,0.0,1.0,0.0
MA0101202406A0390680,2,1,0.0041017227235438,5.0,1.0,0.0
MA0101202406A0390989,2,4,0.1148482362592288,4.5,1.0,1.0
MA0101202406A0391842,2,2,0.0307629204265791,3.0,1.0,0.0
MA0101202406A0391924,2,1,0.0041017227235438,0.0,1.0,0.0
MA0101202406A0392199,2,0,0.0,0.0,1.0,0.0
MA0101202406A0392333,2,1,0.0061525840853158,4.645,0.0,0.0
MA0101202406A0392684,2,4,0.1353568498769483,4.3,1.0,0.0
MA0101202406A0393316,2,3,0.0533223954060705,4.800000000000001,1.0,0.0
MA0101202406A0394001,2,2,0.0164068908941755,4.095,1.0,1.0
MA0101202406A0394358,2,1,0.0061525840853158,4.0,1.0,0.0
MA0101202406A0394421,2,2,0.0266611977030352,5.0,1.0,0.0
MA0101202406A0395161,2,4,0.1004922067268252,4.5,1.0,0.0
MA0101202406A0395359,2,2,0.0307629204265791,4.37,1.0,0.0
MA0101202406A0395488,2,5,0.4593929450369155,4.76,1.0,1.0
MA0101202406A0395598,2,1,0.0143560295324036,3.7,1.0,0.0
MA0101202406A0395886,2,1,0.0102543068088597,4.7,1.0,1.0
MA0101202406A0396099,2,4,0.1661197703035274,3.9,1.0,0.0
MA0101202406A0396400,2,2,0.034864643150123,5.0,1.0,0.0
MA0101202406A0396651,2,4,0.2276456111566858,0.0,1.0,0.0
MA0101202406A0396741,2,1,0.0082034454470877,4.67,0.0,0.0
MA0101202406A0397522,2,0,0.0,0.0,1.0,0.0
MA0101202406A0397782,2,2,0.0184577522559474,4.7,1.0,0.0
MA0101202406A0398028,2,1,0.0061525840853158,4.0,1.0,0.0
MA0101202406A0398412,2,2,0.0184577522559474,4.8,1.0,0.0
MA0101202406A0398511,2,3,0.0451189499589827,3.3,1.0,0.0
MA0101202406A0399247,2,1,0.0041017227235438,5.0,1.0,1.0
MA0101202406A0399268,2,0,0.0,0.0,0.0,0.0
MA0101202406A0399838,2,4,0.1004922067268252,5.0,1.0,0.0
MA0101202406A0400010,2,1,0.0082034454470877,0.0,1.0,0.0
MA0101202406A0400466,2,2,0.0164068908941755,0.0,0.0,0.0
MA0101202406A0400671,2,1,0.0020508613617719,0.0,0.0,0.0
MA0101202406A0401207,2,0,0.0,0.0,1.0,0.0
MA0101202406A0401556,2,2,0.0164068908941755,5.0,1.0,1.0
MA0101202406A0401655,2,3,0.0553732567678424,2.9,1.0,0.0
MA0101202406A0402017,2,3,0.0758818703855619,0.0,1.0,1.0
MA0101202406A0403308,2,2,0.0369155045118949,4.5,1.0,0.0
MA0101202406A0403435,2,1,0.0102543068088597,0.0,1.0,0.0
MA0101202406A0403679,2,3,0.0594749794913863,4.31,1.0,0.0
MA0101202406A0403800,2,0,0.0,0.0,1.0,0.0
MA0101202406A0403877,2,4,0.1415094339622641,5.0,1.0,1.0
MA0101202406A0404726,2,5,0.3404429860541427,0.0,1.0,0.0
MA0101202406A0404909,2,3,0.0389663658736669,1.9,1.0,0.0
MA0101202406A0405276,2,0,0.0,0.0,1.0,0.0
MA0101202406A0405311,2,2,0.0225594749794913,3.0,1.0,0.0
MA0101202406A0405649,2,1,0.0041017227235438,0.0,1.0,0.0
MA0101202406A0405913,2,3,0.0430680885972108,0.0,1.0,0.0
MA0101202406A0406125,2,2,0.0184577522559474,4.69,1.0,0.0
MA0101202406A0407704,2,1,0.0041017227235438,5.0,1.0,0.0
MA0101202406A0407752,2,4,0.1866283839212469,4.7,0.0,0.0
MA0101202406A0408047,2,0,0.0,0.0,1.0,0.0
MA0101202406A0408377,2,5,0.6070549630844955,5.0,0.0,1.0
MA0101202406A0410084,2,1,0.0102543068088597,3.0,0.0,0.0
MA0101202406A0410182,2,1,0.0082034454470877,5.0,1.0,1.0
MA0101202406A0410552,2,5,0.6890894175553732,4.029999999999999,1.0,1.0
MA0101202406A0410589,2,1,0.0143560295324036,2.7,1.0,0.0
MA0101202406A0410962,2,1,0.0061525840853158,3.7,1.0,1.0
MA0101202406A0411293,2,4,0.1517637407711238,3.0,1.0,0.0
MA0101202406A0411440,2,0,0.0,0.0,1.0,0.0
MA0101202406A0411921,2,0,0.0,0.0,1.0,0.0
MA0101202406A0412693,2,2,0.0225594749794913,4.0,1.0,0.0
MA0101202406A0413012,2,2,0.0246103363412633,3.3,1.0,0.0
MA0101202406A0413171,2,2,0.0266611977030352,4.7,1.0,0.0
MA0101202406A0413184,2,5,0.3363412633305989,4.58,1.0,0.0
MA0101202406A0413558,2,3,0.0492206726825266,4.0600000000000005,1.0,0.0
MA0101202406A0413644,2,2,0.0246103363412633,5.0,1.0,0.0
MA0101202406A0414896,2,1,0.0041017227235438,0.0,0.0,0.0
MA0101202406A0415131,2,2,0.0246103363412633,5.0,1.0,1.0
MA0101202406A0415146,2,2,0.0184577522559474,5.0,1.0,1.0
MA0101202406A0415353,2,4,0.1989335520918786,4.7,1.0,1.0
MA0101202406A0415743,2,2,0.0266611977030352,0.0,1.0,0.0
MA0101202406A0416477,2,3,0.0389663658736669,4.1,1.0,0.0
MA0101202406A0416622,2,3,0.0574241181296144,5.0,1.0,1.0
MA0101202406A0416822,2,5,0.6931911402789172,4.74,1.0,0.0
MA0101202406A0417205,2,0,0.0,0.0,1.0,0.0
MA0101202406A0417816,2,0,0.0,0.0,1.0,0.0
MA0101202406A0418072,2,1,0.0082034454470877,5.0,1.0,0.0
MA0101202406A0419306,2,3,0.0553732567678424,4.6,0.0,0.0
MA0101202406A0420260,2,5,0.406070549630845,3.8,1.0,0.0
MA0101202406A0420492,2,1,0.0041017227235438,0.0,1.0,0.0
MA0101202406A0420669,2,3,0.0451189499589827,5.0,1.0,0.0
MA0101202406A0421124,2,0,0.0,0.0,0.0,0.0
MA0101202406A0421316,2,4,0.1415094339622641,4.404999999999999,1.0,0.0
MA0101202406A0421389,2,3,0.0430680885972108,4.72,1.0,1.0
MA0101202406A0421412,2,5,1.24487284659557,4.3100000000000005,1.0,0.0
MA0101202406A0421725,2,2,0.0164068908941755,3.7,1.0,0.0
MA0101202406A0422056,2,0,0.0,0.0,1.0,1.0
MA0101202406A0422464,2,5,0.549630844954881,4.720000000000001,0.0,0.0
MA0101202406A0422761,2,1,0.0061525840853158,5.0,1.0,0.0
MA0101202406A0422821,2,2,0.0246103363412633,0.0,1.0,0.0
MA0101202406A0423002,2,2,0.0246103363412633,3.5,1.0,0.0
MA0101202406A0423227,2,5,0.9680065627563575,0.0,1.0,1.0
MA0101202406A0423244,2,3,0.0635767022149302,4.63,1.0,0.0
MA0101202406A0423280,2,4,0.2317473338802297,4.9,0.0,0.0
MA0101202406A0423388,2,2,0.0225594749794913,4.32,1.0,1.0
MA0101202406A0423446,2,5,0.2686628383921247,1.0,1.0,1.0
MA0101202406A0423761,2,2,0.0266611977030352,5.0,1.0,1.0
MA0101202406A0424091,2,3,0.0389663658736669,4.1850000000000005,1.0,0.0
MA0101202406A0424215,2,2,0.0205086136177194,0.0,1.0,0.0
MA0101202406A0424538,2,1,0.0102543068088597,3.4,1.0,0.0
MA0101202406A0424900,2,2,0.0205086136177194,4.34,1.0,0.0
MA0101202406A0425018,2,1,0.0123051681706316,2.5,1.0,0.0
MA0101202406A0425501,2,5,0.3465955701394586,4.8100000000000005,1.0,0.0
MA0101202406A0425599,2,4,0.0984413453650533,3.9,1.0,0.0
MA0101202406A0425657,2,0,0.0,0.0,1.0,0.0
MA0101202406A0425845,2,3,0.0820344544708777,5.0,1.0,1.0
MA0101202406A0426135,2,1,0.0123051681706316,4.575,1.0,0.0
MA0101202406A0426450,2,3,0.0430680885972108,4.74,1.0,0.0
MA0101202406A0427131,2,3,0.0635767022149302,0.0,1.0,0.0
MA0101202406A0428405,2,5,0.4142739950779328,4.2,1.0,1.0
MA0101202406A0428695,2,3,0.0779327317473338,4.1,1.0,0.0
MA0101202406A0429649,2,5,1.7309269893355208,4.765000000000001,1.0,1.0
MA0101202406A0429732,2,4,0.1025430680885972,4.1,1.0,0.0
MA0101202406A0429850,2,3,0.0758818703855619,4.3,1.0,1.0
MA0101202406A0430868,2,4,0.1476620180475799,3.3,1.0,1.0
MA0101202406A0431413,2,1,0.0020508613617719,0.0,1.0,0.0
MA0101202406A0431480,2,1,0.0041017227235438,5.0,1.0,0.0
MA0101202406A0432039,2,1,0.0020508613617719,0.0,1.0,1.0
MA0101202406A0432055,2,1,0.0041017227235438,0.0,1.0,1.0
MA0101202406A0432141,2,3,0.0451189499589827,5.0,1.0,0.0
MA0101202406A0432238,2,0,0.0,0.0,1.0,0.0
MA0101202406A0432354,2,0,0.0,0.0,1.0,0.0
MA0101202406A0432778,2,2,0.0287120590648072,2.1,1.0,0.0
MA0101202406A0432807,2,0,0.0,0.0,1.0,0.0
MA0101202406A0433123,2,0,0.0,0.0,0.0,0.0
MA0101202406A0433643,2,4,0.1907301066447908,5.0,1.0,0.0
MA0101202406A0434802,2,2,0.0246103363412633,3.0,1.0,0.0
MA0101202406A0434882,2,3,0.0594749794913863,4.515000000000001,1.0,0.0
MA0101202406A0435350,2,1,0.0102543068088597,5.0,1.0,0.0
MA0101202406A0435422,2,1,0.0041017227235438,4.5,1.0,0.0
MA0101202406A0435591,2,2,0.0205086136177194,3.7,0.0,0.0
MA0101202406A0435658,2,0,0.0,0.0,1.0,0.0
MA0101202406A0435953,2,1,0.0082034454470877,0.0,1.0,0.0
MA0101202406A0436429,2,4,0.2235438884331419,4.3,1.0,0.0
MA0101202406A0436560,2,5,0.7690730106644792,4.7,0.0,0.0
MA0101202406A0436611,2,4,0.1066447908121411,4.640000000000001,1.0,0.0
MA0101202406A0436901,2,3,0.0799835931091058,3.82,1.0,0.0
MA0101202406A0437367,2,4,0.1394585726004922,4.5,0.0,0.0
MA0101202406A0437733,2,2,0.0184577522559474,4.0,1.0,0.0
MA0101202406A0438396,2,5,0.3712059064807219,4.5,1.0,0.0
MA0101202406A0440488,2,4,0.1907301066447908,4.8,1.0,0.0
MA0101202406A0440942,2,5,1.396636587366694,4.52,1.0,0.0
MA0101202406A0441480,2,3,0.0451189499589827,4.38,1.0,0.0
MA0101202406A0441606,2,4,0.1845775225594749,4.5,1.0,0.0
MA0101202406A0441661,2,2,0.0184577522559474,4.725,1.0,1.0
MA0101202406A0441912,2,4,0.1948318293683347,5.0,1.0,1.0
MA0101202406A0442042,2,2,0.0225594749794913,5.0,1.0,0.0
MA0101202406A0442152,2,1,0.0102543068088597,4.5,1.0,1.0
MA0101202406A0442481,2,3,0.0410172272354388,4.815,1.0,0.0
MA0101202406A0442577,2,2,0.0287120590648072,0.0,1.0,0.0
MA0101202406A0443167,2,3,0.0430680885972108,0.0,1.0,0.0
MA0101202406A0443379,2,5,0.4347826086956521,4.9,1.0,1.0
MA0101202406A0443400,2,2,0.0225594749794913,4.55,1.0,0.0
MA0101202406A0443556,2,2,0.0369155045118949,3.82,0.0,0.0
MA0101202406A0444302,2,3,0.0430680885972108,4.0600000000000005,1.0,0.0
MA0101202406A0444700,2,1,0.0041017227235438,3.0,1.0,0.0
MA0101202406A0445043,2,2,0.0225594749794913,0.0,1.0,0.0
MA0101202406A0445440,2,2,0.0328137817883511,5.0,1.0,0.0
MA0101202406A0445887,2,4,0.1620180475799836,5.0,1.0,0.0
MA0101202406A0446115,2,1,0.0020508613617719,1.0,1.0,0.0
MA0101202406A0446173,2,2,0.0266611977030352,0.0,1.0,0.0
MA0101202406A0446267,2,4,0.2255947497949138,4.1,0.0,0.0
MA0101202406A0446285,2,1,0.0123051681706316,3.8,1.0,0.0
MA0101202406A0446459,2,0,0.0,0.0,1.0,0.0
MA0101202406A0446808,2,4,0.1312551271534044,4.8,1.0,0.0
MA0101202406A0446885,2,2,0.0184577522559474,3.25,1.0,0.0
MA0101202406A0447356,2,2,0.0369155045118949,5.0,1.0,0.0
MA0101202406A0447808,2,3,0.0615258408531583,5.0,1.0,0.0
MA0101202406A0447887,2,2,0.0225594749794913,4.2,1.0,0.0
MA0101202406A0448021,2,1,0.0082034454470877,3.0,1.0,0.0
MA0101202406A0448142,2,3,0.0533223954060705,3.8,1.0,0.0
MA0101202406A0448440,2,1,0.0020508613617719,0.0,1.0,1.0
MA0101202406A0448817,2,0,0.0,0.0,1.0,0.0
MA0101202406A0448861,2,1,0.0123051681706316,5.0,1.0,1.0
MA0101202406A0449043,2,2,0.0184577522559474,4.84,1.0,0.0
MA0101202406A0449067,2,1,0.0082034454470877,0.0,0.0,0.0
MA0101202406A0449070,2,5,0.2973748974569319,3.6,1.0,0.0
MA0101202406A0450044,2,2,0.0246103363412633,4.57,0.0,0.0
MA0101202406A0450839,2,5,0.3978671041837572,4.0,1.0,1.0
MA0101202406A0450884,2,1,0.0041017227235438,5.0,1.0,1.0
MA0101202406A0451577,2,1,0.0020508613617719,0.0,1.0,0.0
MA0101202406A0451995,2,4,0.1497128794093519,4.5,1.0,0.0
MA0101202406A0452149,2,1,0.0020508613617719,0.0,1.0,0.0
MA0101202406A0452368,2,5,0.2686628383921247,4.8,1.0,0.0
MA0101202406A0452577,2,2,0.0287120590648072,5.0,1.0,0.0
MA0101202406A0452841,2,2,0.0164068908941755,0.0,1.0,0.0
MA0101202406A0453163,2,1,0.0102543068088597,2.2,1.0,0.0
MA0101202406A0453403,2,3,0.0389663658736669,4.02,1.0,0.0
MA0101202406A0453507,2,1,0.0123051681706316,3.7,1.0,0.0
MA0101202406A0453657,2,5,1.2592288761279735,4.57,1.0,0.0
MA0101202406A0454224,2,4,0.1476620180475799,3.4,1.0,1.0
MA0101202406A0454238,2,2,0.0287120590648072,4.8,1.0,1.0
MA0101202406A0455418,2,3,0.0656275635767022,4.9,1.0,0.0
MA0101202406A0455482,2,5,0.3322395406070549,5.0,1.0,0.0
MA0101202406A0455787,2,0,0.0,0.0,0.0,0.0
MA0101202406A0456475,2,1,0.0061525840853158,0.0,1.0,0.0
MA0101202406A0456690,2,4,0.2481542247744052,4.115,1.0,0.0
MA0101202406A0456692,2,0,0.0,4.5,1.0,1.0
MA0101202406A0456857,2,3,0.0615258408531583,5.0,1.0,0.0
MA0101202406A0456872,2,1,0.0020508613617719,0.0,1.0,1.0
MA0101202406A0457074,2,2,0.0246103363412633,0.0,1.0,0.0
MA0101202406A0457195,2,2,0.0205086136177194,0.0,1.0,1.0
MA0101202406A0457422,2,3,0.0861361771944216,4.675,1.0,0.0
MA0101202406A0459099,2,4,0.2050861361771944,4.109999999999999,1.0,0.0
MA0101202406A0459153,2,1,0.0041017227235438,4.775,1.0,0.0
MA0101202406A0459244,2,5,1.5381460213289584,4.565,1.0,0.0
MA0101202406A0459545,2,4,0.2153404429860541,4.7,1.0,0.0
MA0101202406A0459664,2,4,0.1702214930270713,4.5,1.0,0.0
MA0101202406A0459675,2,0,0.0,0.0,1.0,0.0
MA0101202406A0459708,2,5,0.3465955701394586,3.315,0.0,0.0
MA0101202406A0459763,2,5,0.3527481542247744,4.39,1.0,1.0
MA0101202406A0460718,2,5,0.2768662838392124,0.0,1.0,0.0
MA0101202406A0461504,2,1,0.0082034454470877,5.0,1.0,0.0
MA0101202406A0461581,2,1,0.0123051681706316,5.0,1.0,0.0
MA0101202406A0461773,2,2,0.0328137817883511,4.26,1.0,0.0
MA0101202406A0462382,2,5,0.3794093519278096,4.49,1.0,0.0
MA0101202406A0462511,2,3,0.071780147662018,5.0,1.0,0.0
MA0101202406A0462800,2,2,0.0205086136177194,5.0,1.0,0.0
MA0101202406A0463241,2,0,0.0,0.0,1.0,0.0
MA0101202406A0463380,2,3,0.0656275635767022,4.2,1.0,0.0
MA0101202406A0463395,2,4,0.2214930270713699,4.9,1.0,0.0
MA0101202406A0463470,2,3,0.0594749794913863,3.3,1.0,0.0
MA0101202406A0463584,2,1,0.0061525840853158,5.0,1.0,0.0
MA0101202406A0463770,2,4,0.1907301066447908,4.8,1.0,0.0
MA0101202406A0464093,2,2,0.0205086136177194,5.0,1.0,0.0
MA0101202406A0464334,2,1,0.0102543068088597,3.2,1.0,0.0
MA0101202406A0465331,2,3,0.0553732567678424,3.325,1.0,1.0
MA0101202406A0465548,2,3,0.0471698113207547,5.0,1.0,0.0
MA0101202406A0465702,2,2,0.0225594749794913,2.8,1.0,0.0
MA0101202406A0466469,2,3,0.0471698113207547,4.3,1.0,1.0
MA0101202406A0466692,2,0,0.0,0.0,1.0,0.0
MA0101202406A0467161,2,4,0.1292042657916325,4.6850000000000005,0.0,0.0
MA0101202406A0467556,2,1,0.0041017227235438,4.0,1.0,0.0
MA0101202406A0467612,2,3,0.0471698113207547,2.5,1.0,0.0
MA0101202406A0468170,2,3,0.0758818703855619,4.7,1.0,0.0
MA0101202406A0468240,2,1,0.0123051681706316,2.3,1.0,0.0
MA0101202406A0468574,2,0,0.0,0.0,1.0,0.0
MA0101202406A0468720,2,5,0.2789171452009844,4.7,1.0,1.0
MA0101202406A0469309,2,0,0.0,0.0,0.0,0.0
MA0101202406A0470246,2,4,0.1066447908121411,0.0,1.0,1.0
MA0101202406A0471005,2,5,0.4901558654634946,0.0,1.0,0.0
MA0101202406A0471207,2,3,0.0758818703855619,2.5,1.0,0.0
MA0101202406A0471430,2,0,0.0,0.0,1.0,1.0
MA0101202406A0471452,2,4,0.145611156685808,0.0,1.0,1.0
MA0101202406A0471543,2,4,0.1127973748974569,4.4,1.0,0.0
MA0101202406A0471760,2,4,0.2502050861361772,5.0,1.0,0.0
MA0101202406A0471771,2,2,0.0287120590648072,4.3,1.0,0.0
MA0101202406A0472298,2,4,0.2214930270713699,4.845000000000001,1.0,1.0
MA0101202406A0472312,2,3,0.0656275635767022,4.61,1.0,0.0
MA0101202406A0472814,2,2,0.0205086136177194,5.0,1.0,0.0
MA0101202406A0473233,2,5,0.625512715340443,4.0,1.0,1.0
MA0101202406A0474174,2,4,0.1251025430680886,4.8,1.0,0.0
MA0101202406A0474398,2,2,0.0287120590648072,3.2,1.0,0.0
MA0101202406A0474403,2,0,0.0,0.0,1.0,1.0
MA0101202406A0474477,2,2,0.0246103363412633,4.8,1.0,0.0
MA0101202406A0474485,2,1,0.0102543068088597,5.0,0.0,1.0
MA0101202406A0474493,2,2,0.0184577522559474,0.0,1.0,0.0
MA0101202406A0474725,2,2,0.0369155045118949,5.0,1.0,0.0
MA0101202406A0474929,2,5,0.3035274815422477,4.9,1.0,0.0
MA0101202406A0475235,2,3,0.0758818703855619,4.75,1.0,0.0
MA0101202406A0475517,2,4,0.1681706316652994,5.0,1.0,0.0
MA0101202406A0475748,2,1,0.0102543068088597,0.0,1.0,1.0
MA0101202406A0476317,2,3,0.0758818703855619,5.0,1.0,1.0
MA0101202406A0477049,2,1,0.0123051681706316,0.0,1.0,0.0
MA0101202406A0477260,2,3,0.0656275635767022,3.8,1.0,0.0
MA0101202406A0478204,2,0,0.0,0.0,1.0,1.0
MA0101202406A0479023,2,3,0.0533223954060705,0.0,1.0,0.0
MA0101202406A0479189,2,1,0.0041017227235438,0.0,1.0,0.0
MA0101202406A0479933,2,0,0.0,0.0,1.0,0.0
MA0101202406A0480611,2,2,0.034864643150123,0.0,0.0,0.0
MA0101202406A0480874,2,5,0.2604593929450369,4.255,1.0,0.0
MA0101202406A0481589,2,5,0.2973748974569319,3.605,1.0,0.0
MA0101202406A0481700,2,1,0.0020508613617719,0.0,1.0,0.0
MA0101202406A0481921,2,0,0.0,0.0,1.0,0.0
MA0101202406A0482512,2,4,0.0943396226415094,5.0,1.0,1.0
MA0101202406A0483038,2,3,0.0410172272354388,4.8,1.0,1.0
MA0101202406A0483506,2,0,0.0,0.0,0.0,0.0
MA0101202406A0483626,2,3,0.0840853158326497,0.0,1.0,1.0
MA0101202406A0484087,2,5,0.3240360951599672,4.755,1.0,1.0
MA0101202406A0484205,2,4,0.2255947497949138,4.7,1.0,0.0
MA0101202406A0484785,1,4,0.0943396226415094,0.0,0.0,0.0
MA0101202406A0484996,2,3,0.0635767022149302,5.0,1.0,0.0
MA0101202406A0485481,2,1,0.0020508613617719,4.0,1.0,0.0
MA0101202406A0486036,2,1,0.0041017227235438,5.0,1.0,1.0
MA0101202406A0486173,1,1,0.0082034454470877,5.0,1.0,0.0
MA0101202406A0486624,2,2,0.0184577522559474,4.8,1.0,0.0
MA0101202406A0487395,2,5,0.2973748974569319,4.2,1.0,0.0
MA0101202406A0487698,2,1,0.0143560295324036,0.0,0.0,0.0
MA0101202406A0487859,2,5,0.4716981132075472,4.52,1.0,1.0
MA0101202406A0488138,2,5,0.5434782608695652,4.42,1.0,0.0
MA0101202406A0488511,2,0,0.0,0.0,1.0,1.0
MA0101202406A0489273,2,2,0.0369155045118949,5.0,0.0,0.0
MA0101202406A0489305,2,1,0.0102543068088597,0.0,1.0,1.0
MA0101202406A0489434,2,2,0.0164068908941755,0.0,1.0,0.0
MA0101202406A0489527,2,5,0.9351927809680066,0.0,1.0,1.0
MA0101202406A0490012,2,2,0.0164068908941755,5.0,1.0,0.0
MA0101202406A0490157,2,1,0.0061525840853158,5.0,1.0,1.0
MA0101202406A0490372,2,1,0.0123051681706316,4.48,1.0,1.0
MA0101202406A0491233,2,4,0.0943396226415094,2.695,1.0,0.0
MA0101202406A0491572,2,3,0.071780147662018,4.325,1.0,0.0
MA0101202406A0491781,2,5,0.8264971287940935,4.995,1.0,0.0
MA0101202406A0491930,2,0,0.0,0.0,0.0,1.0
MA0101202406A0492782,2,5,0.2666119770303527,4.695,1.0,1.0
MA0101202406A0493341,2,1,0.0102543068088597,5.0,1.0,0.0
MA0101202406A0493381,2,1,0.0123051681706316,0.0,0.0,1.0
MA0101202406A0493547,2,2,0.0307629204265791,3.0,1.0,0.0
MA0101202406A0494627,2,1,0.0020508613617719,0.0,1.0,0.0
MA0101202406A0496575,2,0,0.0,0.0,0.0,0.0
MA0101202406A0497277,2,5,0.5434782608695652,4.2,1.0,0.0
MA0101202406A0497482,2,1,0.0041017227235438,0.0,1.0,0.0
MA0101202406A0497591,2,3,0.0656275635767022,0.0,1.0,0.0
MA0101202406A0497932,2,2,0.0266611977030352,4.5,1.0,1.0
MA0101202406A0498073,2,3,0.0676784249384741,3.9,1.0,0.0
MA0101202406A0498121,2,1,0.0082034454470877,5.0,1.0,0.0
MA0101202406A0499128,2,3,0.071780147662018,3.7,1.0,0.0
MA0101202406A0499638,2,0,0.0,0.0,1.0,0.0
MA0101202406A0499758,2,3,0.0615258408531583,0.0,1.0,1.0
MA0101202406A0499943,2,3,0.0430680885972108,3.74,1.0,0.0
MA0101202406A0500185,2,1,0.0143560295324036,5.0,1.0,0.0
MA0101202406A0500367,2,0,0.0,0.0,1.0,0.0
MA0101202406A0500466,2,3,0.0430680885972108,5.0,0.0,0.0
MA0101202406A0500694,2,4,0.1415094339622641,5.0,1.0,0.0
MA0101202406A0501175,2,1,0.0061525840853158,5.0,1.0,0.0
MA0101202406A0501380,2,0,0.0,0.0,0.0,0.0
MA0101202406A0502074,2,0,0.0,0.0,1.0,0.0
MA0101202406A0502937,2,5,0.7260049220672682,5.0,1.0,1.0
MA0101202406A0502953,2,4,0.1107465135356849,3.7,1.0,0.0
MA0101202406A0503120,2,5,0.3917145200984413,4.84,0.0,0.0
MA0101202406A0504124,2,1,0.0041017227235438,0.0,1.0,1.0
MA0101202406A0504586,1,1,0.0143560295324036,0.0,1.0,1.0
MA0101202406A0504878,2,4,0.1168990976210008,3.97,1.0,1.0
MA0101202406A0504919,2,2,0.0205086136177194,3.5,1.0,0.0
MA0101202406A0505355,1,2,0.0287120590648072,0.0,1.0,0.0
MA0101202406A0505468,2,1,0.0041017227235438,4.0,1.0,0.0
MA0101202406A0505555,2,3,0.0656275635767022,2.8,1.0,0.0
MA0101202406A0505684,2,3,0.0492206726825266,0.0,1.0,1.0
MA0101202406A0506004,2,3,0.0389663658736669,5.0,1.0,0.0
MA0101202406A0506226,2,3,0.0840853158326497,4.7,1.0,0.0
MA0101202406A0506720,2,2,0.0205086136177194,4.8,1.0,0.0
MA0101202406A0506922,2,1,0.0123051681706316,0.0,1.0,1.0
MA0101202406A0507838,2,0,0.0,0.0,1.0,0.0
MA0101202406A0508403,2,1,0.0143560295324036,0.0,1.0,0.0
MA0101202406A0508470,2,2,0.0287120590648072,4.74,1.0,0.0
MA0101202406A0509144,2,0,0.0,0.0,1.0,0.0
MA0101202406A0509846,2,0,0.0,0.0,1.0,0.0
MA0101202406A0509976,2,2,0.0225594749794913,4.6,1.0,0.0
MA0101202406A0510076,2,3,0.0430680885972108,5.0,1.0,0.0
MA0101202406A0510402,2,3,0.0492206726825266,4.6,1.0,1.0
MA0101202406A0510763,2,2,0.0225594749794913,2.3,1.0,0.0
MA0101202406A0511702,2,0,0.0,0.0,1.0,0.0
MA0101202406A0512568,1,3,0.0615258408531583,4.5,1.0,0.0
MA0101202406A0512690,2,2,0.0184577522559474,4.8,1.0,0.0
MA0101202406A0512840,2,4,0.1538146021328958,4.2,1.0,1.0
MA0101202406A0514586,2,1,0.0020508613617719,0.0,1.0,0.0
MA0101202406A0514614,2,1,0.0020508613617719,5.0,1.0,0.0
MA0101202406A0514774,2,1,0.0082034454470877,5.0,,
MA0101202406A0515626,2,2,0.0246103363412633,4.65,1.0,0.0
MA0101202406A0515634,2,4,0.1333059885151763,4.8,1.0,0.0
MA0101202406A0515772,1,4,0.2030352748154225,4.7,1.0,1.0
MA0101202406A0516036,2,2,0.034864643150123,2.3,1.0,0.0
MA0101202406A0516113,2,1,0.0102543068088597,4.0,1.0,0.0
MA0101202406A0516223,1,3,0.0512715340442986,4.85,1.0,0.0
MA0101202406A0516379,2,3,0.0697292863002461,0.0,1.0,1.0
MA0101202406A0516739,2,1,0.0102543068088597,3.0,1.0,1.0
MA0101202406A0517292,2,0,0.0,0.0,1.0,0.0
MA0101202406A0517312,1,2,0.0205086136177194,0.0,1.0,0.0
MA0101202406A0517320,1,5,0.3260869565217391,4.5,1.0,0.0
MA0101202406A0517350,1,3,0.0471698113207547,4.720000000000001,1.0,0.0
MA0101202406A0517663,2,3,0.0615258408531583,5.0,1.0,0.0
MA0101202406A0517939,1,5,0.3527481542247744,4.5,1.0,0.0
MA0101202406A0518708,1,1,0.0082034454470877,5.0,1.0,0.0
MA0101202406A0519287,2,2,0.0369155045118949,4.0,1.0,1.0
MA0101202406A0519505,1,3,0.0533223954060705,4.9,1.0,1.0
MA0101202406A0519598,2,4,0.0922887612797374,0.0,1.0,0.0
MA0101202406A0520306,2,4,0.2030352748154225,3.76,0.0,0.0
MA0101202406A0520522,2,1,0.0102543068088597,0.0,0.0,1.0
MA0101202406A0521308,2,5,0.3506972928630025,4.94,1.0,0.0
MA0101202406A0521612,2,1,0.0020508613617719,2.0,1.0,0.0
MA0101202406A0521840,2,1,0.0020508613617719,3.83,0.0,0.0
MA0101202406A0522162,2,2,0.0184577522559474,5.0,1.0,0.0
MA0101202406A0522591,2,4,0.2214930270713699,5.0,0.0,1.0
MA0101202406A0522724,2,5,0.3958162428219852,4.2,1.0,0.0
MA0101202406A0523408,2,5,0.2830188679245283,4.745,1.0,1.0
MA0101202406A0523488,2,3,0.0389663658736669,4.82,1.0,0.0
MA0101202406A0524134,2,3,0.0676784249384741,5.0,1.0,0.0
MA0101202406A0524166,2,1,0.0143560295324036,5.0,1.0,1.0
MA0101202406A0524423,2,3,0.0779327317473338,0.0,1.0,1.0
MA0101202406A0524890,1,0,0.0,0.0,1.0,0.0
MA0101202406A0525047,2,5,0.2953240360951599,4.69,1.0,1.0
MA0101202406A0525465,2,3,0.0799835931091058,3.1,1.0,0.0
MA0101202406A0525470,2,2,0.0205086136177194,5.0,1.0,1.0
MA0101202406A0526574,2,3,0.0881870385561936,5.0,1.0,1.0
MA0101202406A0527177,2,3,0.0656275635767022,4.69,0.0,0.0
MA0101202406A0528084,1,1,0.0020508613617719,5.0,1.0,0.0
MA0101202406A0528539,1,4,0.1476620180475799,2.5,1.0,1.0
MA0101202406A0529391,1,0,0.0,0.0,1.0,0.0
MA0101202406A0529506,1,4,0.256357670221493,1.0,1.0,1.0
MA0101202406A0529687,1,4,0.1168990976210008,3.1,1.0,0.0
MA0101202406A0529758,1,1,0.0041017227235438,3.0,1.0,0.0
MA0101202406A0530434,1,0,0.0,0.0,1.0,0.0
MA0101202406A0530646,1,2,0.0246103363412633,0.0,1.0,0.0
MA0101202406A0532307,1,4,0.1394585726004922,3.7,1.0,0.0
MA0101202406A0532770,1,1,0.0020508613617719,0.0,1.0,1.0
MA0101202406A0533851,1,0,0.0,0.0,1.0,0.0
MA0101202406A0534154,1,2,0.0184577522559474,4.37,1.0,0.0
MA0101202406A0534411,1,4,0.1025430680885972,4.7,1.0,1.0
MA0101202406A0534427,1,1,0.0061525840853158,5.0,1.0,1.0
MA0101202406A0534706,1,0,0.0,0.0,1.0,0.0
MA0101202406A0535807,1,0,0.0,0.0,1.0,0.0
MA0101202406A0536039,1,5,0.404019688269073,4.3,1.0,0.0
MA0101202406A0536066,1,3,0.0902378999179655,0.0,1.0,1.0
MA0101202406A0536688,1,4,0.1374077112387202,3.605,1.0,0.0
MA0101202406A0536722,1,1,0.0123051681706316,0.0,1.0,0.0
MA0101202406A0537535,1,0,0.0,0.0,0.0,0.0
MA0101202406A0537772,1,4,0.0922887612797374,3.6,1.0,0.0
MA0101202406A0537985,1,0,0.0,0.0,0.0,0.0
MA0101202406A0537990,1,4,0.1292042657916325,4.6,1.0,0.0
MA0101202406A0538358,1,4,0.0943396226415094,0.0,1.0,0.0
MA0101202406A0538541,1,3,0.0410172272354388,5.0,0.0,1.0
MA0101202406A0539379,1,0,0.0,0.0,1.0,0.0
MA0101202406A0541388,1,5,0.9085315832649712,0.0,1.0,1.0
MA0101202406A0541577,1,4,0.2091878589007383,0.0,1.0,0.0
MA0101202406A0541753,1,1,0.0102543068088597,0.0,0.0,1.0
MA0101202406A0542039,1,0,0.0,0.0,0.0,0.0
MA0101202406A0542237,1,5,1.573010664479081,3.1,1.0,0.0
MA0101202406A0542512,1,4,0.1886792452830188,0.0,0.0,0.0
MA0101202406A0544257,1,5,0.6132075471698113,0.0,1.0,0.0
MA0101202406A0544306,1,0,0.0,0.0,1.0,0.0
MA0101202406A0544472,1,1,0.0143560295324036,4.31,1.0,0.0
MA0101202406A0545299,1,1,0.0020508613617719,4.0,1.0,0.0
MA0101202406A0546470,1,4,0.1640689089417555,0.0,1.0,1.0
MA0101202406A0547035,1,2,0.0184577522559474,4.7,1.0,1.0
MA0101202406A0547038,1,0,0.0,0.0,0.0,0.0
MA0101202406A0547133,1,3,0.0410172272354388,4.9,0.0,0.0
MA0101202406A0547229,1,0,0.0,0.0,1.0,0.0
MA0101202406A0549136,1,0,0.0,0.0,1.0,0.0
MA0101202406A0549738,1,0,0.0,0.0,1.0,0.0
MA0101202406A0550735,1,0,0.0,0.0,1.0,0.0
MA0101202406A0552290,1,1,0.0061525840853158,5.0,1.0,0.0
MA0101202406A0552612,1,1,0.0020508613617719,0.5,1.0,0.0
MA0101202406A0553066,1,3,0.0574241181296144,0.0,1.0,0.0
MA0101202406A0554137,1,3,0.0574241181296144,0.0,1.0,0.0
MA0101202406A0554439,1,1,0.0041017227235438,5.0,0.0,1.0
MA0101202406A0554919,1,4,0.1312551271534044,4.4,1.0,0.0
MA0101202406A0555684,1,0,0.0,0.0,1.0,0.0
MA0101202406A0555726,1,0,0.0,0.0,1.0,0.0
MA0101202406A0556013,1,5,0.2625102543068088,0.0,1.0,0.0
MA0101202406A0556088,1,0,0.0,0.0,0.0,0.0
MA0101202406A0556458,1,3,0.0697292863002461,2.6,1.0,1.0
MA0101202406A0558059,1,1,0.0102543068088597,3.7,1.0,0.0
MA0101202406A0558934,1,0,0.0,0.0,1.0,0.0
MA0101202406A0559375,1,0,0.0,0.0,1.0,0.0
MA0101202406A0559460,1,0,0.0,0.0,1.0,0.0
MA0101202406A0560817,1,0,0.0,0.0,1.0,0.0
MA0101202406A0562737,1,3,0.0758818703855619,4.45,0.0,0.0
MA0101202406A0562921,1,2,0.0225594749794913,2.3,1.0,0.0
MA0101202406A0563115,1,0,0.0,0.0,1.0,0.0
MA0101202406A0564040,1,2,0.0184577522559474,4.125,1.0,0.0
MA0101202406A0565567,1,5,0.8018867924528301,4.76,1.0,0.0
MA0101202406A0565921,1,0,0.0,0.0,1.0,0.0
MA0101202406A0565989,1,1,0.0082034454470877,3.8,1.0,0.0
MA0101202406A0566341,1,0,0.0,0.0,1.0,0.0
MA0101202406A0567363,1,0,0.0,0.0,1.0,0.0
MA0101202406A0567529,1,5,0.7936833470057424,4.0,1.0,1.0
MA0101202406A0567982,1,0,0.0,0.0,1.0,0.0
MA0101202406A0568357,1,4,0.1476620180475799,4.3,1.0,1.0
MA0101202406A0569452,1,0,0.0,0.0,1.0,0.0
MA0101202406A0569937,1,0,0.0,0.0,1.0,0.0
MA0101202406A0570493,1,2,0.0328137817883511,3.8,1.0,0.0
MA0101202406A0571500,1,0,0.0,0.0,1.0,0.0
MA0101202406A0572325,1,4,0.1333059885151763,0.0,0.0,0.0
MA0101202406A0572743,1,0,0.0,0.0,1.0,0.0
MA0101202406A0572800,1,0,0.0,0.0,1.0,0.0
MA0101202406A0573815,1,4,0.1763740771123872,0.0,1.0,0.0
MA0101202406A0574994,1,0,0.0,0.0,1.0,0.0
MA0101202406A0575099,1,0,0.0,0.0,1.0,0.0
MA0101202406A0575196,1,4,0.2132895816242822,3.5,1.0,0.0
MA0101202406A0575434,1,0,0.0,0.0,1.0,0.0
MA0101202406A0576064,1,0,0.0,0.0,1.0,0.0
MA0101202406A0577042,1,0,0.0,0.0,1.0,0.0
MA0101202406A0577246,1,5,0.5947497949138638,3.3,1.0,0.0
MA0101202406A0579386,1,4,0.256357670221493,4.4,1.0,1.0
MA0101202406A0579658,1,1,0.0041017227235438,4.0,0.0,0.0
MA0101202406A0580149,1,2,0.0225594749794913,0.0,1.0,0.0
MA0101202406A0580151,1,0,0.0,0.0,0.0,0.0
MA0101202406A0580555,1,0,0.0,0.0,1.0,0.0
MA0101202406A0580674,1,4,0.1127973748974569,4.3,1.0,1.0
MA0101202406A0581113,1,0,0.0,0.0,1.0,0.0
MA0101202406A0581333,1,1,0.0143560295324036,4.31,1.0,0.0
MA0101202406A0582371,1,4,0.2009844134536505,4.3,1.0,0.0
MA0101202406A0582633,1,0,0.0,0.0,1.0,0.0
MA0101202406A0582705,1,0,0.0,0.0,0.0,0.0
MA0101202406A0582989,1,2,0.0307629204265791,3.9,1.0,0.0
MA0101202406A0583357,1,1,0.0020508613617719,0.0,1.0,0.0
MA0101202406A0583364,1,3,0.0697292863002461,5.0,1.0,0.0
MA0101202406A0583406,1,0,0.0,0.0,1.0,0.0
MA0101202406A0583588,1,2,0.0369155045118949,4.7,1.0,0.0
MA0101202406A0583638,1,4,0.2358490566037736,2.6,1.0,0.0
MA0101202406A0583645,1,1,0.0020508613617719,1.0,1.0,0.0
MA0101202406A0585454,1,0,0.0,0.0,1.0,0.0
MA0101202406A0586071,1,0,0.0,0.0,0.0,0.0
MA0101202406A0586201,1,4,0.1333059885151763,3.4,1.0,0.0
MA0101202406A0586397,1,3,0.0635767022149302,3.375,1.0,0.0
MA0101202406A0587431,1,0,0.0,0.0,1.0,0.0
MA0101202406A0589173,1,2,0.0164068908941755,4.4,1.0,0.0
MA0101202406A0589590,1,5,0.2707136997538966,4.2,1.0,0.0
MA0101202406A0589686,1,1,0.0102543068088597,0.0,1.0,0.0
MA0101202406A0590729,1,2,0.0287120590648072,0.0,1.0,0.0
MA0101202406A0591003,1,3,0.0389663658736669,3.8,1.0,0.0
MA0101202406A0591502,1,4,0.1599671862182116,4.2,0.0,0.0
MA0101202406A0593050,1,0,0.0,0.0,1.0,0.0
MA0101202406A0593142,1,4,0.1640689089417555,4.5600000000000005,1.0,0.0
MA0101202406A0593341,1,4,0.2132895816242822,3.995,1.0,0.0
MA0101202406A0596497,1,2,0.0246103363412633,5.0,1.0,0.0
MA0101202406A0596516,1,4,0.1599671862182116,5.0,1.0,0.0
MA0101202406A0596982,1,5,0.2871205906480722,4.0,1.0,0.0
MA0101202406A0597346,1,3,0.0471698113207547,5.0,1.0,0.0
MA0101202406A0597629,1,3,0.0471698113207547,4.3,1.0,0.0
MA0101202406A0598467,1,2,0.0369155045118949,4.35,0.0,0.0
MA0101202409A0000987,1,4,0.1579163248564397,5.0,1.0,0.0
MA0101202409A0001453,1,4,0.1476620180475799,4.0,1.0,1.0
MA0101202409A0001566,1,5,0.7178014766201806,3.3,0.0,0.0
MA0101202409A0001671,1,2,0.0225594749794913,4.5,1.0,0.0
MA0101202409A0002836,1,1,0.0041017227235438,0.0,1.0,0.0
MA0101202409A0003170,1,2,0.0205086136177194,5.0,1.0,0.0
MA0101202409A0003817,1,3,0.0738310090237899,5.0,1.0,1.0
MA0101202409A0004097,1,3,0.0820344544708777,0.0,0.0,1.0
MA0101202409A0004146,1,2,0.0225594749794913,4.5,0.0,1.0
MA0101202409A0004940,1,5,0.8388022969647252,4.9,0.0,1.0
MA0101202409A0004998,1,1,0.0020508613617719,5.0,1.0,0.0
MA0101202409A0005168,1,2,0.0266611977030352,4.8,0.0,0.0
MA0101202409A0005219,1,3,0.0820344544708777,4.4,1.0,0.0
MA0101202409A0005774,1,2,0.0205086136177194,4.0,1.0,1.0
MA0101202409A0006046,1,0,0.0,0.0,1.0,0.0
MA0101202409A0006253,1,1,0.0020508613617719,0.0,1.0,0.0
MA0101202409A0006489,1,1,0.0020508613617719,1.0,1.0,0.0
MA0101202409A0006689,1,2,0.0184577522559474,0.0,0.0,0.0
MA0101202409A0006813,1,3,0.0594749794913863,3.2,1.0,1.0
MA0101202409A0007257,1,3,0.0430680885972108,5.0,1.0,1.0
MA0101202409A0007579,1,3,0.0389663658736669,4.615,1.0,0.0
MA0101202409A0007620,1,3,0.0430680885972108,0.0,1.0,1.0
MA0101202409A0007627,1,1,0.0061525840853158,5.0,1.0,1.0
MA0101202409A0007684,1,1,0.0082034454470877,0.0,1.0,0.0
MA0101202409A0007720,1,1,0.0102543068088597,0.0,1.0,0.0
MA0101202409A0007884,1,1,0.0020508613617719,5.0,1.0,0.0
MA0101202409A0008321,1,2,0.0184577522559474,5.0,1.0,1.0
MA0101202409A0008428,1,2,0.0246103363412633,5.0,1.0,0.0
MA0101202409A0008738,1,2,0.0184577522559474,2.7,1.0,0.0
MA0101202409A0009023,1,0,0.0,0.0,1.0,0.0
MA0101202409A0009024,1,1,0.0041017227235438,0.0,1.0,0.0
MA0101202409A0009286,1,2,0.034864643150123,4.4,1.0,0.0
MA0101202409A0009287,1,2,0.0246103363412633,2.2,1.0,0.0
MA0101202409A0009641,1,1,0.0061525840853158,4.55,1.0,0.0
MA0101202409A0009665,1,4,0.1189499589827727,5.0,1.0,0.0
MA0101202409A0009697,1,2,0.0164068908941755,3.7,1.0,0.0
MA0101202409A0009996,1,5,0.3732567678424938,4.71,1.0,0.0
MA0101202409A0010910,1,0,0.0,0.0,1.0,0.0
MA0101202409A0011139,1,3,0.0738310090237899,5.0,1.0,1.0
MA0101202409A0011142,1,3,0.0451189499589827,4.3,1.0,0.0
MA0101202409A0011395,1,0,0.0,0.0,1.0,0.0
MA0101202409A0011569,1,1,0.0041017227235438,0.0,1.0,0.0
MA0101202409A0011746,1,3,0.0861361771944216,3.69,1.0,0.0
MA0101202409A0011889,1,0,0.0,0.0,0.0,0.0
MA0101202409A0012406,1,1,0.0082034454470877,3.0,1.0,0.0
MA0101202409A0012726,1,5,0.3568498769483183,4.51,1.0,0.0
MA0101202409A0013928,1,1,0.0102543068088597,4.7,1.0,0.0
MA0101202409A0013975,1,0,0.0,0.0,1.0,0.0
MA0101202409A0014249,1,3,0.0471698113207547,4.6,1.0,0.0
MA0101202409A0015368,1,0,0.0,0.0,1.0,0.0
MA0101202409A0015864,1,1,0.0020508613617719,0.0,0.0,0.0
MA0101202409A0016647,1,4,0.0922887612797374,5.0,1.0,1.0
MA0101202409A0016684,1,1,0.0082034454470877,5.0,1.0,0.0
MA0101202409A0016790,1,2,0.0225594749794913,5.0,1.0,0.0
MA0101202409A0017528,1,4,0.1743232157506152,3.395,1.0,0.0
MA0101202409A0017567,1,3,0.0861361771944216,4.565,1.0,0.0
MA0101202409A0018281,1,0,0.0,0.0,0.0,0.0
MA0101202409A0018485,1,2,0.0287120590648072,5.0,1.0,1.0
MA0101202409A0018802,1,2,0.0307629204265791,2.0,1.0,0.0
MA0101202409A0019070,1,2,0.0205086136177194,4.0,1.0,0.0
MA0101202409A0019492,1,1,0.0041017227235438,4.2,1.0,1.0
MA0101202409A0019636,1,2,0.0184577522559474,0.0,1.0,0.0
MA0101202409A0019919,1,1,0.0102543068088597,4.4,1.0,0.0
MA0101202409A0020019,1,3,0.0492206726825266,0.0,1.0,0.0
MA0101202409A0021037,1,1,0.0061525840853158,0.0,1.0,1.0
MA0101202409A0021610,1,2,0.0369155045118949,5.0,1.0,0.0
MA0101202409A0021731,1,4,0.1394585726004922,4.0,1.0,0.0
MA0101202409A0021931,1,0,0.0,0.0,1.0,0.0
MA0101202409A0022016,1,4,0.0984413453650533,3.69,1.0,0.0
MA0101202409A0022527,1,2,0.0246103363412633,4.3,1.0,1.0
MA0101202409A0022609,1,3,0.0492206726825266,0.0,1.0,0.0
MA0101202409A0022693,1,1,0.0020508613617719,5.0,1.0,0.0
MA0101202409A0022888,1,4,0.1579163248564397,4.6,1.0,0.0
MA0101202409A0023078,1,2,0.0164068908941755,0.0,1.0,0.0
MA0101202409A0023329,1,3,0.0492206726825266,0.0,1.0,0.0
MA0101202409A0023532,1,5,0.365053322395406,4.7,1.0,0.0
MA0101202409A0023960,1,5,0.5639868744872847,0.0,1.0,1.0
MA0101202409A0023967,1,1,0.0041017227235438,5.0,1.0,1.0
MA0101202409A0023995,1,3,0.0902378999179655,3.935,1.0,0.0
MA0101202409A0024177,1,1,0.0123051681706316,5.0,1.0,1.0
MA0101202409A0024377,1,2,0.0205086136177194,3.4,1.0,0.0
MA0101202409A0024893,1,4,0.1271534044298605,3.65,1.0,0.0
MA0101202409A0025796,1,2,0.0369155045118949,3.9,0.0,1.0
MA0101202409A0025961,1,1,0.0102543068088597,5.0,1.0,1.0
MA0101202409A0026005,1,2,0.0246103363412633,3.7,1.0,0.0
MA0101202409A0026091,1,0,0.0,0.0,1.0,0.0
MA0101202409A0026450,1,5,0.8613617719442166,4.53,0.0,1.0
MA0101202409A0026968,1,1,0.0061525840853158,5.0,1.0,0.0
MA0101202409A0028614,1,4,0.2071369975389664,0.0,1.0,0.0
MA0101202409A0028686,1,2,0.0246103363412633,5.0,1.0,0.0
MA0101202409A0029803,1,4,0.1886792452830188,3.8,1.0,0.0
MA0101202409A0029994,1,1,0.0082034454470877,5.0,1.0,0.0
MA0101202409A0030101,1,2,0.0287120590648072,5.0,1.0,1.0
MA0101202409A0030203,1,2,0.0184577522559474,0.0,1.0,1.0
MA0101202409A0031296,1,1,0.0123051681706316,5.0,1.0,1.0
MA0101202409A0031359,1,1,0.0061525840853158,5.0,1.0,0.0
MA0101202409A0032025,1,3,0.0881870385561936,4.8,1.0,1.0
MA0101202409A0032067,1,1,0.0143560295324036,3.0,1.0,1.0
MA0101202409A0032073,1,4,0.1251025430680886,5.0,1.0,1.0
MA0101202409A0032298,1,1,0.0102543068088597,5.0,1.0,0.0
MA0101202409A0032679,1,5,0.4183757178014766,4.745,0.0,0.0
MA0101202409A0033029,1,0,0.0,0.0,1.0,0.0
MA0101202409A0034113,1,1,0.0041017227235438,5.0,1.0,1.0
MA0101202409A0034415,1,1,0.0061525840853158,5.0,1.0,0.0
MA0101202409A0034678,1,2,0.0205086136177194,5.0,1.0,0.0
MA0101202409A0035136,1,1,0.0123051681706316,4.5,1.0,0.0
MA0101202409A0035539,1,3,0.0492206726825266,5.0,1.0,1.0
MA0101202409A0035595,1,1,0.0041017227235438,0.0,1.0,0.0
MA0101202409A0036061,1,1,0.0102543068088597,4.825,1.0,0.0
MA0101202409A0036688,1,1,0.0102543068088597,0.0,1.0,0.0
MA0101202409A0036778,1,5,0.3937653814602133,4.1,0.0,0.0
MA0101202409A0036983,1,4,0.1251025430680886,4.7,0.0,0.0
MA0101202409A0037395,1,0,0.0,0.0,1.0,1.0
MA0101202409A0037431,1,1,0.0020508613617719,0.0,1.0,0.0
MA0101202409A0037551,1,3,0.0635767022149302,2.6,1.0,0.0
MA0101202409A0037892,1,0,0.0,0.0,1.0,0.0
MA0101202409A0037922,1,2,0.0205086136177194,4.2,1.0,0.0
MA0101202409A0038354,1,1,0.0041017227235438,5.0,0.0,0.0
MA0101202409A0038427,1,1,0.0020508613617719,5.0,1.0,0.0
MA0101202409A0038476,1,0,0.0,0.0,1.0,0.0
MA0101202409A0039179,1,3,0.0615258408531583,0.0,1.0,1.0
MA0101202409A0039368,1,2,0.0266611977030352,5.0,1.0,0.0
MA0101202409A0039559,1,0,0.0,0.0,1.0,0.0
MA0101202409A0040205,1,2,0.0307629204265791,4.2,0.0,0.0
MA0101202409A0040429,1,0,0.0,0.0,0.0,0.0
MA0101202409A0040636,1,1,0.0102543068088597,5.0,1.0,0.0
MA0101202409A0040703,1,1,0.0102543068088597,4.5,1.0,0.0
MA0101202409A0040913,1,4,0.1107465135356849,5.0,1.0,0.0
MA0101202409A0041094,1,0,0.0,0.0,0.0,0.0
MA0101202409A0041273,1,3,0.0533223954060705,4.7,1.0,0.0
MA0101202409A0041510,1,1,0.0041017227235438,4.785,1.0,1.0
MA0101202409A0041765,1,3,0.0553732567678424,0.0,1.0,1.0
MA0101202409A0041844,1,3,0.0594749794913863,5.0,1.0,0.0
MA0101202409A0042003,1,3,0.0512715340442986,4.035,1.0,0.0
MA0101202409A0042151,1,1,0.0102543068088597,4.3,1.0,0.0
MA0101202409A0042875,1,4,0.1271534044298605,4.8,1.0,0.0
MA0101202409A0042879,1,5,1.531993437243642,4.8,1.0,0.0
MA0101202409A0043036,1,1,0.0020508613617719,0.0,1.0,0.0
MA0101202409A0043402,1,0,0.0,0.0,0.0,0.0
MA0101202409A0043551,1,5,0.3855619360131255,0.0,1.0,0.0
MA0101202409A0044474,1,1,0.0102543068088597,5.0,0.0,0.0
MA0101202409A0044518,1,2,0.0246103363412633,0.0,1.0,0.0
MA0101202409A0045282,1,4,0.2420016406890894,4.6,1.0,0.0
MA0101202409A0045652,1,3,0.0389663658736669,2.7,0.0,0.0
MA0101202409A0045750,1,2,0.0164068908941755,5.0,1.0,0.0
MA0101202409A0046108,1,2,0.0164068908941755,0.0,1.0,1.0
MA0101202409A0046197,1,2,0.0164068908941755,0.0,1.0,0.0
MA0101202409A0046525,1,4,0.1743232157506152,4.25,1.0,0.0
MA0101202409A0046534,1,4,0.182526661197703,5.0,1.0,0.0
MA0101202409A0046848,1,5,0.4840032813781788,4.835,1.0,0.0
MA0101202409A0047021,1,1,0.0061525840853158,5.0,1.0,0.0
MA0101202409A0047347,1,1,0.0082034454470877,0.0,1.0,0.0
MA0101202409A0048343,1,5,1.1874487284659558,4.3100000000000005,0.0,0.0
MA0101202409A0048534,1,2,0.0246103363412633,5.0,1.0,1.0
MA0101202409A0048697,1,2,0.034864643150123,5.0,1.0,0.0
MA0101202409A0048887,1,2,0.0225594749794913,4.0,1.0,0.0
MA0101202409A0049142,1,2,0.0184577522559474,1.7,1.0,0.0
MA0101202409A0049566,1,2,0.034864643150123,4.8,1.0,1.0
MA0101202409A0049711,1,1,0.0082034454470877,5.0,1.0,0.0
MA0101202409A0050385,1,5,0.5783429040196884,4.23,1.0,0.0
MA0101202409A0051108,1,1,0.0041017227235438,4.0,1.0,0.0
MA0101202409A0051795,1,1,0.0143560295324036,5.0,1.0,0.0
MA0101202409A0051867,1,0,0.0,0.0,1.0,0.0
MA0101202409A0051928,1,2,0.0164068908941755,4.5,1.0,1.0
MA0101202409A0052684,1,0,0.0,0.0,1.0,0.0
MA0101202409A0052920,1,1,0.0020508613617719,0.0,1.0,0.0
MA0101202409A0052930,1,5,0.5270713699753897,4.4,0.0,1.0
MA0101202409A0053048,1,3,0.0574241181296144,5.0,1.0,0.0
MA0101202409A0053373,1,4,0.1251025430680886,0.0,1.0,0.0
MA0101202409A0054017,1,2,0.0328137817883511,5.0,1.0,0.0
MA0101202409A0054136,1,1,0.0020508613617719,0.0,0.0,0.0
MA0101202409A0054267,1,2,0.0184577522559474,5.0,1.0,1.0
MA0101202409A0054741,1,0,0.0,0.0,1.0,0.0
MA0101202409A0054853,1,3,0.0410172272354388,3.245,1.0,0.0
MA0101202409A0054866,1,1,0.0082034454470877,3.5,1.0,0.0
MA0101202409A0055569,1,4,0.1210008203445447,4.335,1.0,0.0
MA0101202409A0055803,1,1,0.0061525840853158,3.7,1.0,0.0
MA0101202409A0055876,1,2,0.0225594749794913,5.0,1.0,1.0
MA0101202409A0057367,1,3,0.0758818703855619,4.155,1.0,0.0
MA0101202409A0057835,1,2,0.0225594749794913,4.8,1.0,0.0
MA0101202409A0057899,1,1,0.0123051681706316,4.2,1.0,1.0
MA0101202409A0058002,1,2,0.0266611977030352,4.0,1.0,0.0
MA0101202409A0058767,1,1,0.0061525840853158,0.0,1.0,0.0
MA0101202409A0059796,1,1,0.0082034454470877,5.0,1.0,0.0
MA0101202409A0060127,1,3,0.0430680885972108,5.0,0.0,0.0
MA0101202409A0060623,1,2,0.0246103363412633,4.4,1.0,0.0
MA0101202409A0060975,1,4,0.2502050861361772,4.4,0.0,0.0
MA0101202409A0060986,1,3,0.0430680885972108,4.7,1.0,0.0
MA0101202409A0061226,1,1,0.0102543068088597,0.0,1.0,0.0
MA0101202409A0061482,1,2,0.0287120590648072,4.3,1.0,0.0
MA0101202409A0061553,1,4,0.1066447908121411,5.0,1.0,0.0
MA0101202409A0061657,1,4,0.1743232157506152,4.2,1.0,1.0
MA0101202409A0061873,1,0,0.0,0.0,1.0,0.0
MA0101202409A0062060,1,1,0.0061525840853158,5.0,1.0,1.0
MA0101202409A0062642,1,5,0.3035274815422477,5.0,1.0,0.0
MA0101202409A0062716,1,5,0.2727645611156686,4.4,1.0,0.0
MA0101202409A0062757,1,4,0.0984413453650533,2.3,1.0,0.0
MA0101202409A0062819,1,5,1.0356849876948315,3.4,1.0,0.0
MA0101202409A0063739,1,5,0.7301066447908121,0.0,1.0,0.0
MA0101202409A0064035,1,1,0.0102543068088597,5.0,1.0,0.0
MA0101202409A0064160,1,1,0.0041017227235438,3.0,1.0,0.0
MA0101202409A0064168,1,3,0.0471698113207547,5.0,1.0,0.0
MA0101202409A0064639,1,1,0.0061525840853158,2.5,1.0,1.0
MA0101202409A0065204,1,1,0.0123051681706316,0.0,1.0,0.0
MA0101202409A0066064,1,1,0.0102543068088597,5.0,1.0,1.0
MA0101202409A0067006,1,3,0.0574241181296144,2.905,0.0,0.0
MA0101202409A0067082,1,0,0.0,0.0,1.0,0.0
MA0101202409A0067211,1,5,0.2912223133716161,3.0,1.0,0.0
MA0101202409A0067538,1,0,0.0,0.0,0.0,0.0
MA0101202409A0067565,1,3,0.0471698113207547,4.845000000000001,1.0,0.0
MA0101202409A0067764,1,3,0.0389663658736669,5.0,1.0,0.0
MA0101202409A0067969,1,1,0.0020508613617719,0.0,1.0,1.0
MA0101202409A0068025,1,3,0.0676784249384741,5.0,1.0,0.0
MA0101202409A0068077,1,2,0.0307629204265791,2.0,1.0,1.0
MA0101202409A0068469,1,1,0.0143560295324036,0.0,1.0,0.0
MA0101202409A0068938,1,5,0.2830188679245283,0.0,1.0,0.0
MA0101202409A0068972,1,3,0.0758818703855619,2.4,1.0,0.0
MA0101202409A0069040,1,1,0.0020508613617719,0.0,1.0,0.0
MA0101202409A0069485,1,1,0.0102543068088597,1.5,0.0,0.0
MA0101202409A0069658,1,3,0.0389663658736669,0.0,1.0,0.0
MA0101202409A0069703,1,2,0.0184577522559474,4.0,1.0,0.0
MA0101202409A0069839,1,2,0.0369155045118949,0.0,0.0,0.0
MA0101202409A0070398,1,0,0.0,0.0,1.0,0.0
MA0101202409A0070561,1,2,0.0225594749794913,4.8,1.0,0.0
MA0101202409A0072230,1,1,0.0020508613617719,0.0,1.0,1.0
MA0101202409A0072793,1,4,0.219442165709598,5.0,1.0,0.0
MA0101202409A0072896,1,5,0.293273174733388,0.0,1.0,0.0
MA0101202409A0073191,1,1,0.0123051681706316,0.0,1.0,0.0
MA0101202409A0073192,1,2,0.0266611977030352,0.0,1.0,0.0
MA0101202409A0073224,1,1,0.0020508613617719,0.0,1.0,1.0
MA0101202409A0073813,1,0,0.0,4.61,1.0,0.0
MA0101202409A0074276,1,0,0.0,0.0,1.0,0.0
MA0101202409A0074290,1,2,0.0369155045118949,0.0,1.0,1.0
MA0101202409A0074809,1,5,0.3404429860541427,4.365,1.0,1.0
MA0101202409A0075032,1,1,0.0082034454470877,5.0,1.0,0.0
MA0101202409A0075170,1,3,0.0410172272354388,0.0,1.0,0.0
MA0101202409A0075265,1,1,0.0061525840853158,0.0,1.0,1.0
MA0101202409A0075277,1,2,0.0205086136177194,5.0,1.0,0.0
MA0101202409A0076000,1,1,0.0061525840853158,2.3,1.0,0.0
MA0101202409A0077763,1,3,0.0779327317473338,5.0,1.0,1.0
MA0101202409A0078274,1,2,0.0246103363412633,0.0,1.0,0.0
MA0101202409A0078366,1,2,0.0246103363412633,4.615,1.0,0.0
MA0101202409A0078826,1,3,0.0553732567678424,0.0,1.0,0.0
MA0101202409A0078972,1,5,0.293273174733388,4.395,1.0,0.0
MA0101202409A0079630,1,2,0.0225594749794913,0.0,0.0,1.0
MA0101202409A0080190,1,0,0.0,0.0,1.0,0.0
MA0101202409A0080742,1,4,0.1517637407711238,3.1,0.0,1.0
MA0101202409A0082049,1,1,0.0123051681706316,0.0,1.0,1.0
MA0101202409A0082360,1,2,0.0205086136177194,4.0,1.0,1.0
MA0101202409A0082714,1,1,0.0041017227235438,0.0,1.0,0.0
MA0101202409A0084651,1,0,0.0,0.0,0.0,0.0
MA0101202409A0084678,1,1,0.0082034454470877,5.0,1.0,0.0
MA0101202409A0085275,1,0,0.0,0.0,1.0,1.0
MA0101202409A0085500,1,1,0.0143560295324036,5.0,1.0,0.0
MA0101202409A0085804,1,3,0.071780147662018,4.8,0.0,1.0
MA0101202409A0086179,1,3,0.0574241181296144,5.0,1.0,0.0
MA0101202409A0087414,1,0,0.0,0.0,1.0,0.0
MA0101202409A0087427,1,1,0.0102543068088597,0.0,0.0,0.0
MA0101202409A0087720,1,0,0.0,0.0,1.0,0.0
MA0101202409A0087783,1,0,0.0,0.0,0.0,0.0
MA0101202409A0087862,1,0,0.0,4.35,1.0,0.0
MA0101202409A0088182,1,1,0.0102543068088597,5.0,1.0,0.0
MA0101202409A0088211,1,2,0.0369155045118949,4.2,1.0,0.0
MA0101202409A0088270,1,2,0.0164068908941755,4.0,1.0,0.0
MA0101202409A0088990,1,2,0.0225594749794913,0.0,1.0,1.0
MA0101202409A0089193,1,1,0.0082034454470877,0.0,1.0,0.0
MA0101202409A0089350,1,4,0.1763740771123872,0.0,1.0,0.0
MA0101202409A0089726,1,2,0.0307629204265791,5.0,1.0,0.0
MA0101202409A0089947,1,2,0.0287120590648072,5.0,1.0,1.0
MA0101202409A0090470,1,0,0.0,0.0,0.0,0.0
MA0101202409A0091829,1,1,0.0061525840853158,5.0,1.0,0.0
MA0101202409A0092010,1,3,0.0512715340442986,4.46,0.0,0.0
MA0101202409A0092031,1,0,0.0,4.51,1.0,0.0
MA0101202409A0092161,1,1,0.0041017227235438,0.0,1.0,0.0
MA0101202409A0092315,1,1,0.0061525840853158,5.0,1.0,0.0
MA0101202409A0092946,1,3,0.0615258408531583,4.825,1.0,1.0
MA0101202409A0093285,1,1,0.0143560295324036,0.0,1.0,0.0
MA0101202409A0093346,1,1,0.0020508613617719,0.0,1.0,0.0
MA0101202409A0093556,1,4,0.2153404429860541,4.3,0.0,1.0
MA0101202409A0093618,1,3,0.0410172272354388,4.8,1.0,0.0
MA0101202409A0093780,1,1,0.0041017227235438,5.0,1.0,1.0
MA0101202409A0094756,1,2,0.0246103363412633,5.0,1.0,0.0
MA0101202409A0094819,1,3,0.0533223954060705,5.0,1.0,0.0
MA0101202409A0094829,1,2,0.0225594749794913,3.9,1.0,0.0
MA0101202409A0095272,1,0,0.0,0.0,0.0,0.0
MA0101202409A0095424,1,4,0.0943396226415094,4.42,1.0,0.0
MA0101202409A0095710,1,2,0.0205086136177194,0.0,0.0,0.0
MA0101202409A0096552,1,1,0.0020508613617719,5.0,1.0,0.0
MA0101202409A0096814,1,3,0.0594749794913863,3.9,0.0,0.0
MA0101202409A0096929,1,5,0.8203445447087777,4.9,1.0,1.0
MA0101202409A0097383,1,1,0.0020508613617719,0.0,1.0,0.0
MA0101202409A0097418,1,1,0.0020508613617719,5.0,1.0,0.0
MA0101202409A0097450,1,3,0.0471698113207547,4.15,1.0,0.0
MA0101202409A0097620,1,4,0.1907301066447908,3.3,1.0,0.0
MA0101202409A0098165,1,5,0.3547990155865463,3.125,1.0,0.0
MA0101202409A0098931,1,2,0.0184577522559474,3.1,1.0,0.0
MA0101202409A0099011,1,3,0.0492206726825266,4.7,1.0,1.0
MA0101202409A0099355,1,2,0.0307629204265791,4.75,1.0,0.0
MA0101202409A0099428,1,0,0.0,0.0,1.0,0.0
MA0101202409A0100056,1,1,0.0041017227235438,0.0,1.0,0.0
MA0101202409A0100059,1,1,0.0041017227235438,5.0,0.0,0.0
MA0101202409A0100121,1,3,0.0389663658736669,5.0,1.0,0.0
MA0101202409A0100187,1,1,0.0102543068088597,3.7,1.0,0.0
MA0101202409A0101108,1,1,0.0061525840853158,1.3,1.0,0.0
MA0101202409A0101113,1,2,0.0246103363412633,0.0,1.0,0.0
MA0101202409A0101582,1,1,0.0102543068088597,3.0,1.0,0.0
MA0101202409A0101614,1,3,0.0676784249384741,5.0,1.0,0.0
MA0101202409A0101727,1,2,0.0246103363412633,4.2,1.0,0.0
MA0101202409A0101868,1,1,0.0041017227235438,5.0,1.0,0.0
MA0101202409A0102487,1,1,0.0061525840853158,0.0,1.0,0.0
MA0101202409A0102694,1,1,0.0102543068088597,4.15,0.0,1.0
MA0101202409A0102889,1,2,0.0246103363412633,3.6,1.0,0.0
MA0101202409A0103013,1,4,0.1497128794093519,4.44,0.0,0.0
MA0101202409A0103511,1,4,0.1476620180475799,1.0,1.0,0.0
MA0101202409A0103579,1,0,0.0,0.0,1.0,0.0
MA0101202409A0103673,1,2,0.0328137817883511,0.0,1.0,1.0
MA0101202409A0103938,1,2,0.0205086136177194,5.0,1.0,0.0
MA0101202409A0104033,1,1,0.0041017227235438,5.0,1.0,0.0
MA0101202409A0104883,1,2,0.0287120590648072,5.0,1.0,1.0
MA0101202409A0104949,1,1,0.0123051681706316,3.0,1.0,0.0
MA0101202409A0105528,1,2,0.0225594749794913,5.0,1.0,0.0
MA0101202409A0105664,1,2,0.0225594749794913,2.3,1.0,0.0
MA0101202409A0106402,1,5,0.5373256767842494,4.57,1.0,0.0
MA0101202409A0106652,1,4,0.1763740771123872,4.359999999999999,1.0,0.0
MA0101202409A0106841,1,5,0.4737489745693191,4.0,1.0,0.0
MA0101202409A0107270,1,0,0.0,0.0,0.0,0.0
MA0101202409A0107295,1,3,0.0512715340442986,4.82,1.0,0.0
MA0101202409A0107510,1,2,0.0287120590648072,5.0,1.0,0.0
MA0101202409A0108236,1,2,0.0184577522559474,4.7,0.0,0.0
MA0101202409A0108705,1,3,0.0492206726825266,5.0,1.0,0.0
MA0101202409A0109660,1,3,0.0758818703855619,5.0,0.0,0.0
MA0101202409A0109874,1,0,0.0,3.38,0.0,0.0
MA0101202409A0110183,1,5,0.3342904019688269,3.9,1.0,0.0
MA0101202409A0110460,1,4,0.2337981952420016,4.1,0.0,0.0
MA0101202409A0110580,1,2,0.0184577522559474,5.0,1.0,1.0
MA0101202409A0110642,1,5,1.031583264971288,3.4650000000000003,1.0,0.0
MA0101202409A0110923,1,1,0.0082034454470877,4.5,1.0,0.0
MA0101202409A0111254,1,0,0.0,0.0,1.0,0.0
MA0101202409A0111255,1,1,0.0082034454470877,5.0,0.0,0.0
MA0101202409A0111306,1,1,0.0061525840853158,3.0,1.0,0.0
MA0101202409A0111524,1,4,0.1722723543888433,3.5,1.0,1.0
MA0101202409A0112004,1,2,0.0164068908941755,5.0,1.0,0.0
MA0101202409A0112326,1,3,0.0471698113207547,3.4,1.0,0.0
MA0101202409A0112478,1,1,0.0041017227235438,0.0,1.0,0.0
MA0101202409A0113177,1,1,0.0041017227235438,0.0,1.0,0.0
MA0101202409A0113446,1,1,0.0041017227235438,5.0,0.0,0.0
MA0101202409A0113817,1,2,0.0184577522559474,0.0,0.0,1.0
MA0101202409A0114103,1,0,0.0,0.0,1.0,0.0
MA0101202409A0115626,1,1,0.0041017227235438,0.0,1.0,0.0
MA0101202409A0115659,1,0,0.0,0.0,0.0,0.0
MA0101202409A0115906,1,1,0.0061525840853158,5.0,1.0,0.0
MA0101202409A0116807,1,1,0.0020508613617719,5.0,1.0,0.0
MA0101202409A0117002,1,1,0.0061525840853158,4.25,0.0,0.0
MA0101202409A0117111,1,2,0.0369155045118949,5.0,0.0,0.0
MA0101202409A0117119,1,2,0.0266611977030352,4.0,1.0,0.0
MA0101202409A0117416,1,1,0.0123051681706316,5.0,1.0,1.0
MA0101202409A0118039,1,4,0.2317473338802297,5.0,0.0,0.0
MA0101202409A0118134,1,1,0.0020508613617719,3.0,1.0,1.0
MA0101202409A0118389,1,1,0.0102543068088597,0.0,1.0,0.0
MA0101202409A0118473,1,3,0.0451189499589827,4.8,1.0,1.0
MA0101202409A0118541,1,1,0.0041017227235438,4.0,1.0,0.0
MA0101202409A0119241,1,1,0.0102543068088597,2.3,1.0,0.0
MA0101202409A0119922,1,0,0.0,0.0,1.0,0.0
MA0101202409A0120028,1,3,0.0512715340442986,3.23,1.0,0.0
MA0101202409A0120034,1,1,0.0041017227235438,3.0,1.0,0.0
MA0101202409A0120049,1,4,0.1579163248564397,5.0,1.0,0.0
MA0101202409A0120211,1,2,0.0205086136177194,5.0,1.0,1.0
MA0101202409A0120241,1,5,1.0151763740771125,4.345,1.0,1.0
MA0101202409A0121297,1,4,0.1066447908121411,4.63,1.0,1.0
MA0101202409A0121561,1,1,0.0143560295324036,4.4,1.0,0.0
MA0101202409A0121653,1,4,0.0963904840032813,4.3,1.0,0.0
MA0101202409A0121690,1,4,0.1292042657916325,5.0,1.0,0.0
MA0101202409A0122992,1,3,0.0471698113207547,3.0,1.0,0.0
MA0101202409A0123112,1,1,0.0020508613617719,0.0,1.0,1.0
MA0101202409A0123875,1,2,0.0205086136177194,4.5,1.0,0.0
MA0101202409A0124116,1,2,0.0307629204265791,3.7,1.0,0.0
MA0101202409A0124218,1,2,0.0307629204265791,0.0,1.0,0.0
MA0101202409A0124230,1,3,0.0656275635767022,5.0,1.0,0.0
MA0101202409A0124393,1,1,0.0143560295324036,4.3,1.0,0.0
MA0101202409A0124676,1,1,0.0041017227235438,3.0,1.0,0.0
MA0101202409A0124865,1,1,0.0082034454470877,5.0,1.0,1.0
MA0101202409A0124894,1,5,0.5004101722723544,4.7,0.0,0.0
MA0101202409A0125168,1,3,0.0881870385561936,3.72,1.0,0.0
MA0101202409A0125578,1,2,0.0164068908941755,5.0,1.0,0.0
MA0101202409A0126086,1,2,0.0266611977030352,5.0,1.0,0.0
MA0101202409A0126163,1,0,0.0,0.0,1.0,0.0
MA0101202409A0126473,1,2,0.0225594749794913,0.0,1.0,0.0
MA0101202409A0126920,1,1,0.0082034454470877,5.0,1.0,0.0
MA0101202409A0127444,1,1,0.0041017227235438,2.5,1.0,0.0
MA0101202409A0127622,1,1,0.0123051681706316,5.0,1.0,0.0
MA0101202409A0127636,1,0,0.0,0.0,1.0,0.0
MA0101202409A0127888,1,4,0.0963904840032813,4.93,0.0,0.0
MA0101202409A0128099,1,2,0.0266611977030352,3.0,0.0,0.0
MA0101202409A0128232,1,0,0.0,0.0,1.0,0.0
MA0101202409A0128365,1,2,0.0287120590648072,4.465,1.0,0.0
MA0101202409A0128450,1,2,0.0225594749794913,5.0,1.0,0.0
MA0101202409A0128671,1,1,0.0061525840853158,5.0,1.0,0.0
MA0101202409A0129134,1,4,0.145611156685808,0.0,1.0,0.0
MA0101202409A0129409,1,5,0.2912223133716161,4.23,1.0,0.0
MA0101202409A0130431,1,3,0.0451189499589827,4.385,1.0,0.0
MA0101202409A0130486,1,2,0.0205086136177194,5.0,1.0,1.0
MA0101202409A0130492,1,2,0.0246103363412633,0.0,1.0,1.0
MA0101202409A0130801,1,2,0.0225594749794913,4.1,0.0,0.0
MA0101202409A0131531,1,3,0.0635767022149302,4.54,1.0,0.0
MA0101202409A0131619,1,5,0.3999179655455291,4.895,1.0,1.0
MA0101202409A0132112,1,5,0.8388022969647252,0.0,1.0,1.0
MA0101202409A0132505,1,2,0.0266611977030352,4.5,1.0,1.0
MA0101202409A0133110,1,0,0.0,4.48,1.0,0.0
MA0101202409A0133300,1,3,0.0676784249384741,5.0,1.0,1.0
MA0101202409A0133559,1,4,0.1025430680885972,4.734999999999999,1.0,0.0
MA0101202409A0134918,1,2,0.0328137817883511,4.9,1.0,0.0
MA0101202409A0135209,1,2,0.0287120590648072,5.0,1.0,0.0
MA0101202409A0135419,1,1,0.0102543068088597,3.0,1.0,1.0
MA0101202409A0135793,1,0,0.0,0.0,1.0,0.0
MA0101202409A0135981,1,3,0.0471698113207547,3.9,1.0,0.0
MA0101202409A0136909,1,2,0.0205086136177194,5.0,1.0,0.0
MA0101202409A0137164,1,2,0.0246103363412633,2.8,1.0,0.0
MA0101202409A0137165,1,3,0.0594749794913863,5.0,1.0,0.0
MA0101202409A0137274,1,1,0.0041017227235438,5.0,0.0,1.0
MA0101202409A0137460,1,0,0.0,0.0,1.0,0.0
MA0101202409A0137578,1,2,0.0287120590648072,0.0,1.0,1.0
MA0101202409A0137677,1,2,0.0328137817883511,0.0,1.0,0.0
MA0101202409A0137794,1,3,0.0410172272354388,3.575,1.0,0.0
MA0101202409A0138156,1,5,0.3465955701394586,4.34,1.0,0.0
MA0101202409A0138451,1,5,0.7608695652173914,4.8,1.0,0.0
MA0101202409A0138572,1,2,0.0307629204265791,5.0,1.0,0.0
MA0101202409A0138683,1,1,0.0061525840853158,5.0,1.0,0.0
MA0101202409A0139705,1,2,0.0266611977030352,0.0,1.0,1.0
MA0101202409A0139823,1,4,0.1722723543888433,0.0,0.0,0.0
MA0101202409A0140502,1,1,0.0061525840853158,0.0,0.0,0.0
MA0101202409A0141453,1,1,0.0143560295324036,0.0,1.0,1.0
MA0101202409A0141500,1,2,0.034864643150123,5.0,1.0,0.0
MA0101202409A0141564,1,2,0.0266611977030352,3.8,1.0,0.0
MA0101202409A0141583,1,1,0.0041017227235438,0.0,1.0,1.0
MA0101202409A0141741,1,3,0.0451189499589827,1.0,1.0,0.0
MA0101202409A0141816,1,0,0.0,0.0,0.0,0.0
MA0101202409A0141830,1,0,0.0,0.0,1.0,0.0
MA0101202409A0141880,1,3,0.0799835931091058,0.0,1.0,1.0
MA0101202409A0142136,1,3,0.071780147662018,4.715,1.0,0.0
MA0101202409A0142298,1,3,0.0533223954060705,5.0,1.0,0.0
MA0101202409A0143087,1,2,0.0184577522559474,4.3,1.0,0.0
MA0101202409A0143293,1,0,0.0,0.0,1.0,0.0
MA0101202409A0144201,1,4,0.1374077112387202,2.1,1.0,0.0
MA0101202409A0144500,1,1,0.0020508613617719,0.0,1.0,1.0
MA0101202409A0144870,1,2,0.0184577522559474,4.0,1.0,0.0
MA0101202409A0144982,1,3,0.0492206726825266,4.48,1.0,0.0
MA0101202409A0145211,1,1,0.0020508613617719,5.0,1.0,0.0
MA0101202409A0145407,1,3,0.0410172272354388,4.07,1.0,0.0
MA0101202409A0146027,1,0,0.0,0.0,1.0,0.0
MA0101202409A0146040,1,0,0.0,0.0,1.0,0.0
MA0101202409A0146214,1,2,0.0205086136177194,3.9,1.0,0.0
MA0101202409A0146691,1,2,0.0307629204265791,5.0,1.0,1.0
MA0101202409A0146738,1,1,0.0061525840853158,0.0,1.0,0.0
MA0101202409A0147364,1,1,0.0041017227235438,4.0,1.0,0.0
MA0101202409A0147597,1,4,0.145611156685808,4.5,1.0,0.0
MA0101202409A0147645,1,2,0.0225594749794913,4.5,1.0,0.0
MA0101202409A0147890,1,4,0.0984413453650533,5.0,1.0,1.0
MA0101202409A0147901,1,3,0.0533223954060705,5.0,1.0,1.0
MA0101202409A0148526,1,3,0.0840853158326497,4.3,1.0,0.0
MA0101202409A0148575,1,2,0.034864643150123,4.5,0.0,0.0
MA0101202409A0148821,1,4,0.0943396226415094,4.45,1.0,0.0
MA0101202409A0149085,1,1,0.0082034454470877,5.0,1.0,0.0
MA0101202409A0149480,1,2,0.0225594749794913,0.0,1.0,1.0
MA0101202409A0149481,1,1,0.0041017227235438,5.0,1.0,0.0
MA0101202409A0149944,1,1,0.0041017227235438,5.0,1.0,0.0
MA0101202409A0150354,1,3,0.0553732567678424,4.3,1.0,0.0
MA0101202409A0151188,1,1,0.0020508613617719,0.0,1.0,0.0
MA0101202409A0151227,1,0,0.0,0.0,1.0,0.0
MA0101202409A0151715,1,2,0.0287120590648072,1.0,1.0,0.0
MA0101202409A0151891,1,4,0.1702214930270713,4.055,1.0,0.0
MA0101202409A0152490,1,0,0.0,0.0,1.0,0.0
MA0101202409A0152560,1,4,0.256357670221493,5.0,0.0,0.0
MA0101202409A0152677,1,2,0.0246103363412633,4.3,1.0,0.0
MA0101202409A0152680,1,0,0.0,0.0,1.0,0.0
MA0101202409A0153015,1,1,0.0082034454470877,5.0,1.0,0.0
MA0101202409A0153044,1,1,0.0020508613617719,0.0,1.0,1.0
MA0101202409A0153201,1,2,0.0205086136177194,5.0,1.0,1.0
MA0101202409A0153271,1,0,0.0,0.0,1.0,0.0
MA0101202409A0153431,1,1,0.0102543068088597,3.4,1.0,0.0
MA0101202409A0153541,1,0,0.0,0.0,1.0,0.0
MA0101202409A0153756,1,3,0.0389663658736669,3.2,1.0,0.0
MA0101202409A0154212,1,5,0.4163248564397047,4.7,1.0,0.0
MA0101202409A0154213,1,2,0.0287120590648072,5.0,1.0,0.0
MA0101202409A0154860,1,0,0.0,0.0,1.0,0.0
MA0101202409A0155103,1,4,0.0922887612797374,2.0,0.0,0.0
MA0101202409A0155126,1,1,0.0123051681706316,5.0,1.0,0.0
MA0101202409A0155339,1,2,0.0246103363412633,4.795,1.0,0.0
MA0101202409A0155572,1,1,0.0102543068088597,4.58,1.0,0.0
MA0101202409A0155811,1,1,0.0123051681706316,5.0,1.0,0.0
MA0101202409A0155996,1,1,0.0061525840853158,5.0,1.0,0.0
MA0101202409A0156154,1,4,0.1004922067268252,4.69,1.0,1.0
MA0101202409A0156702,1,3,0.0676784249384741,4.720000000000001,0.0,1.0
MA0101202409A0157292,1,2,0.0164068908941755,4.6850000000000005,1.0,0.0
MA0101202409A0157367,1,2,0.0287120590648072,4.505000000000001,1.0,0.0
MA0101202409A0157528,1,3,0.0758818703855619,5.0,1.0,1.0
MA0101202409A0157653,1,2,0.034864643150123,5.0,1.0,1.0
MA0101202409A0157931,1,4,0.1784249384741591,4.2,1.0,1.0
MA0101202409A0158502,1,2,0.0287120590648072,4.5,0.0,0.0
MA0101202409A0158682,1,2,0.0184577522559474,5.0,1.0,0.0
MA0101202409A0158804,1,2,0.0287120590648072,4.9,1.0,1.0
MA0101202409A0158844,1,1,0.0102543068088597,5.0,1.0,0.0
MA0101202409A0159781,1,0,0.0,0.0,1.0,0.0
MA0101202409A0159982,1,4,0.2071369975389664,4.9,1.0,1.0
MA0101202409A0160663,1,1,0.0143560295324036,0.0,1.0,0.0
MA0101202409A0160740,1,1,0.0123051681706316,5.0,1.0,0.0
MA0101202409A0161065,1,3,0.0553732567678424,5.0,1.0,1.0
MA0101202409A0161698,1,2,0.0266611977030352,4.970000000000001,1.0,1.0
MA0101202409A0161751,1,3,0.0799835931091058,5.0,1.0,1.0
MA0101202409A0162088,1,0,0.0,0.0,1.0,0.0
MA0101202409A0162828,1,1,0.0041017227235438,0.0,0.0,1.0
MA0101202409A0162904,1,5,0.3240360951599672,2.72,0.0,0.0
MA0101202409A0163227,1,3,0.0430680885972108,5.0,1.0,0.0
MA0101202409A0163462,1,2,0.0369155045118949,0.0,1.0,0.0
MA0101202409A0163778,1,4,0.108695652173913,4.7,1.0,1.0
MA0101202409A0164766,1,3,0.0471698113207547,3.59,1.0,0.0
MA0101202409A0164945,1,5,0.3589007383100903,0.0,1.0,0.0
MA0101202409A0165793,1,2,0.0328137817883511,4.15,1.0,0.0
MA0101202409A0165946,1,1,0.0020508613617719,4.0,0.0,1.0
MA0101202409A0165989,1,1,0.0123051681706316,3.0,1.0,0.0
MA0101202409A0166178,1,3,0.0553732567678424,2.6,1.0,0.0
MA0101202409A0167005,1,4,0.182526661197703,3.9,1.0,0.0
MA0101202409A0167251,1,3,0.0471698113207547,4.8,1.0,0.0
MA0101202409A0168283,1,1,0.0061525840853158,4.5,1.0,0.0
MA0101202409A0168443,1,1,0.0102543068088597,5.0,0.0,0.0
MA0101202409A0168669,1,5,0.3896636587366694,4.56,1.0,1.0
MA0101202409A0168919,1,0,0.0,0.0,0.0,0.0
MA0101202409A0169189,1,5,1.4109926168990978,3.5,1.0,0.0
MA0101202409A0169218,1,0,0.0,0.0,1.0,0.0
MA0101202409A0169755,1,2,0.0328137817883511,4.345000000000001,0.0,0.0
MA0101202409A0170472,1,4,0.1661197703035274,5.0,1.0,0.0
MA0101202409A0170730,1,3,0.0512715340442986,4.66,1.0,0.0
MA0101202409A0172076,1,1,0.0082034454470877,5.0,1.0,0.0
MA0101202409A0172548,1,2,0.0184577522559474,4.8,1.0,0.0
MA0101202409A0172669,1,0,0.0,0.0,1.0,0.0
MA0101202409A0172689,1,5,1.027481542247744,4.755,1.0,1.0
MA0101202409A0173867,1,1,0.0020508613617719,0.0,1.0,0.0
MA0101202409A0173954,1,1,0.0041017227235438,5.0,1.0,0.0
MA0101202409A0174392,1,4,0.108695652173913,4.0,1.0,1.0
MA0101202409A0174436,1,2,0.0184577522559474,4.335,0.0,0.0
MA0101202409A0174727,1,1,0.0041017227235438,0.0,1.0,0.0
MA0101202409A0175230,1,1,0.0020508613617719,5.0,1.0,0.0
MA0101202409A0175666,1,4,0.2112387202625102,4.6,1.0,0.0
MA0101202409A0176013,1,1,0.0061525840853158,5.0,1.0,0.0
MA0101202409A0176022,1,4,0.1579163248564397,4.5,1.0,0.0
MA0101202409A0176075,1,2,0.0307629204265791,4.3,0.0,0.0
MA0101202409A0176187,1,5,1.622231337161608,4.359999999999999,0.0,0.0
MA0101202409A0176543,1,1,0.0020508613617719,0.0,1.0,0.0
MA0101202409A0176593,1,4,0.2317473338802297,4.455,1.0,0.0
MA0101202409A0176646,1,1,0.0082034454470877,0.0,1.0,1.0
MA0101202409A0176657,1,1,0.0102543068088597,2.4,1.0,0.0
MA0101202409A0176687,1,3,0.0615258408531583,4.775,1.0,1.0
MA0101202409A0177511,1,1,0.0082034454470877,0.0,1.0,0.0
MA0101202409A0177611,1,1,0.0143560295324036,4.4,1.0,0.0
MA0101202409A0177983,1,2,0.0287120590648072,4.0,1.0,0.0
MA0101202409A0178143,1,2,0.0205086136177194,5.0,1.0,0.0
MA0101202409A0179609,1,0,0.0,4.24,1.0,0.0
MA0101202409A0179915,1,3,0.0840853158326497,0.0,1.0,0.0
MA0101202409A0180352,1,1,0.0102543068088597,2.4,1.0,0.0
MA0101202409A0180489,1,1,0.0020508613617719,5.0,1.0,0.0
MA0101202409A0180556,1,2,0.0225594749794913,2.2,1.0,0.0
MA0101202409A0180864,1,1,0.0020508613617719,0.0,1.0,1.0
MA0101202409A0181693,1,3,0.0471698113207547,0.0,1.0,0.0
MA0101202409A0181917,1,0,0.0,0.0,,
MA0101202409A0181938,1,1,0.0102543068088597,0.0,1.0,1.0
MA0101202409A0182041,1,4,0.108695652173913,4.0,1.0,0.0
MA0101202409A0182447,1,4,0.1210008203445447,4.7,0.0,0.0
MA0101202409A0183028,1,2,0.0307629204265791,4.8,1.0,1.0
MA0101202409A0183121,1,3,0.0779327317473338,5.0,1.0,1.0
MA0101202409A0183183,1,3,0.0512715340442986,4.9,1.0,0.0
MA0101202409A0184164,1,5,0.4491386382280558,4.0,0.0,0.0
MA0101202409A0184235,1,3,0.0799835931091058,1.0,1.0,1.0
MA0101202409A0184432,1,4,0.1004922067268252,0.0,1.0,0.0
MA0101202409A0184695,1,5,0.2953240360951599,4.21,1.0,0.0
MA0101202409A0184981,1,5,0.7219031993437244,4.305,1.0,0.0
MA0101202409A0185304,1,2,0.0307629204265791,5.0,1.0,0.0
MA0101202409A0185575,1,1,0.0102543068088597,5.0,1.0,0.0
MA0101202409A0185985,1,3,0.0430680885972108,5.0,1.0,0.0
MA0101202409A0186515,1,3,0.0451189499589827,4.8,1.0,0.0
MA0101202409A0186702,1,1,0.0020508613617719,0.0,1.0,0.0
MA0101202409A0187118,1,0,0.0,0.0,1.0,0.0
MA0101202409A0187206,1,2,0.0205086136177194,0.0,1.0,0.0
MA0101202409A0187245,1,3,0.0512715340442986,4.9,1.0,0.0
MA0101202409A0187271,1,2,0.0164068908941755,4.67,1.0,0.0
MA0101202409A0188763,1,3,0.0471698113207547,5.0,1.0,1.0
MA0101202409A0188878,1,3,0.0615258408531583,5.0,1.0,0.0
MA0101202409A0189004,1,2,0.0184577522559474,5.0,1.0,0.0
MA0101202409A0189789,1,4,0.2091878589007383,0.0,1.0,0.0
MA0101202409A0190134,1,1,0.0020508613617719,3.0,1.0,0.0
MA0101202409A0190605,1,3,0.0656275635767022,4.075,1.0,1.0
MA0101202409A0191092,1,0,0.0,0.0,1.0,0.0
MA0101202409A0191122,1,2,0.0164068908941755,0.0,1.0,1.0
MA0101202409A0191614,1,2,0.0328137817883511,4.26,1.0,0.0
MA0101202409A0192542,1,3,0.0697292863002461,4.8,1.0,0.0
MA0101202409A0192980,1,1,0.0082034454470877,0.0,1.0,0.0
MA0101202409A0193109,1,0,0.0,0.0,1.0,0.0
MA0101202409A0193322,1,0,0.0,0.0,0.0,1.0
MA0101202409A0193747,1,5,0.8182936833470057,0.0,1.0,1.0
MA0101202409A0194089,1,4,0.1497128794093519,0.0,1.0,1.0
MA0101202409A0194263,1,2,0.0307629204265791,0.0,0.0,0.0
MA0101202409A0194542,1,3,0.0492206726825266,0.0,1.0,0.0
MA0101202409A0195031,1,3,0.0389663658736669,3.405,1.0,0.0
MA0101202409A0195521,1,2,0.0266611977030352,4.66,0.0,1.0
MA0101202409A0195779,1,1,0.0020508613617719,1.0,1.0,0.0
MA0101202409A0195808,1,2,0.0225594749794913,4.705,1.0,0.0
MA0101202409A0196345,1,3,0.0533223954060705,5.0,1.0,0.0
MA0101202409A0196387,1,2,0.034864643150123,4.74,1.0,0.0
MA0101202409A0196532,1,1,0.0020508613617719,0.0,1.0,0.0
MA0101202409A0196791,1,2,0.0246103363412633,4.765000000000001,0.0,0.0
MA0101202409A0196882,1,4,0.1189499589827727,4.75,1.0,0.0
MA0101202409A0197056,1,2,0.0328137817883511,0.0,0.0,0.0
MA0101202409A0197110,1,2,0.0266611977030352,0.0,1.0,0.0
MA0101202409A0197185,1,1,0.0102543068088597,5.0,1.0,0.0
MA0101202409A0197422,1,1,0.0020508613617719,5.0,1.0,0.0
MA0101202409A0197566,1,1,0.0061525840853158,0.0,1.0,1.0
MA0101202409A0198779,1,1,0.0020508613617719,4.45,1.0,1.0
MA0101202409A0199485,1,0,0.0,0.0,1.0,0.0
MA0101202409A0199569,1,2,0.0369155045118949,4.0,1.0,0.0
MA0101202409A0200081,1,5,0.3712059064807219,2.3,0.0,0.0
MA0101202409A0201302,1,1,0.0041017227235438,4.5,1.0,0.0
MA0101202409A0201465,1,4,0.1353568498769483,5.0,0.0,0.0
MA0101202409A0201960,1,5,0.3096800656275635,4.2,1.0,0.0
MA0101202409A0202047,1,1,0.0082034454470877,4.0,1.0,1.0
MA0101202409A0202293,1,5,0.5537325676784249,4.0,1.0,1.0
MA0101202409A0202342,1,5,1.1279737489745694,4.445,1.0,1.0
MA0101202409A0202930,1,2,0.0184577522559474,0.0,1.0,0.0
MA0101202409A0203345,1,3,0.0615258408531583,4.3,1.0,0.0
MA0101202409A0203469,1,1,0.0041017227235438,3.0,1.0,0.0
MA0101202409A0203822,1,4,0.2337981952420016,0.0,1.0,0.0
MA0101202409A0203941,1,4,0.1271534044298605,5.0,1.0,1.0
MA0101202409A0204187,1,0,0.0,0.0,1.0,0.0
MA0101202409A0204619,1,4,0.1743232157506152,0.0,1.0,1.0
MA0101202409A0204841,1,2,0.0184577522559474,4.45,1.0,0.0
MA0101202409A0205151,1,0,0.0,0.0,1.0,0.0
MA0101202409A0205754,1,3,0.0533223954060705,4.44,1.0,1.0
MA0101202409A0205839,1,5,0.3609515996718622,5.0,1.0,1.0
MA0101202409A0206412,1,4,0.1230516817063166,4.75,1.0,0.0
MA0101202409A0206611,1,5,0.6542247744052503,4.4,1.0,1.0
MA0101202409A0207200,1,3,0.0676784249384741,5.0,1.0,0.0
MA0101202409A0207220,1,5,1.0972108285479902,3.5,1.0,0.0
MA0101202409A0208119,1,3,0.071780147662018,4.705,1.0,0.0
MA0101202409A0208422,1,0,0.0,0.0,1.0,0.0
MA0101202409A0208474,1,3,0.0779327317473338,4.7,1.0,0.0
MA0101202409A0208663,1,1,0.0143560295324036,4.31,1.0,0.0
MA0101202409A0209283,1,4,0.1025430680885972,5.0,1.0,0.0
MA0101202409A0209527,1,3,0.0635767022149302,0.0,1.0,0.0
MA0101202409A0210333,1,1,0.0041017227235438,0.0,0.0,1.0
MA0101202409A0211019,1,3,0.0410172272354388,5.0,1.0,0.0
MA0101202409A0211041,1,2,0.0164068908941755,1.5,1.0,0.0
MA0101202409A0211564,1,2,0.0266611977030352,4.8,1.0,1.0
MA0101202409A0212337,1,4,0.2296964725184577,5.0,0.0,0.0
MA0101202409A0212727,1,5,0.3773584905660377,4.9,1.0,1.0
MA0101202409A0213112,1,1,0.0102543068088597,3.6,1.0,1.0
MA0101202409A0213573,1,3,0.0779327317473338,0.0,1.0,0.0
MA0101202409A0214040,1,1,0.0020508613617719,0.0,1.0,0.0
MA0101202409A0215178,1,4,0.1394585726004922,0.0,1.0,0.0
MA0101202409A0215307,1,1,0.0061525840853158,2.0,1.0,0.0
MA0101202409A0215583,1,1,0.0020508613617719,0.0,1.0,1.0
MA0101202409A0215815,1,3,0.0594749794913863,5.0,1.0,0.0
MA0101202409A0216132,1,4,0.0922887612797374,3.225,1.0,1.0
MA0101202409A0216508,1,2,0.0164068908941755,3.79,1.0,0.0
MA0101202409A0216778,1,1,0.0082034454470877,5.0,1.0,1.0
MA0101202409A0216991,1,3,0.0820344544708777,3.925,1.0,1.0
MA0101202409A0217476,1,1,0.0041017227235438,0.0,1.0,0.0
MA0101202409A0217478,1,2,0.0287120590648072,4.0,1.0,0.0
MA0101202409A0217682,1,1,0.0123051681706316,5.0,1.0,0.0
MA0101202409A0218284,1,1,0.0041017227235438,0.0,1.0,0.0
MA0101202409A0218364,1,2,0.0205086136177194,4.675,1.0,0.0
MA0101202409A0218753,1,2,0.0164068908941755,2.0,0.0,0.0
MA0101202409A0219217,1,4,0.2112387202625102,4.2,1.0,1.0
MA0101202409A0219329,1,1,0.0123051681706316,5.0,1.0,0.0
MA0101202409A0219742,1,3,0.0451189499589827,4.48,0.0,0.0
MA0101202409A0219864,1,2,0.0205086136177194,5.0,1.0,1.0
MA0101202409A0219889,1,1,0.0143560295324036,1.3,1.0,0.0
MA0101202409A0220165,1,1,0.0123051681706316,1.0,0.0,0.0
MA0101202409A0220508,1,1,0.0123051681706316,4.52,1.0,0.0
MA0101202409A0220610,1,3,0.0430680885972108,3.3,1.0,0.0
MA0101202409A0220858,1,5,5.0,4.3,1.0,1.0
MA0101202409A0220892,1,3,0.0902378999179655,5.0,1.0,0.0
MA0101202409A0221014,1,4,0.1415094339622641,5.0,1.0,0.0
MA0101202409A0222008,1,1,0.0143560295324036,4.85,0.0,0.0
MA0101202409A0222259,1,5,0.9433962264150944,4.895,1.0,0.0
MA0101202409A0223135,1,4,0.1168990976210008,2.8,0.0,0.0
MA0101202409A0223285,1,1,0.0123051681706316,3.8,1.0,0.0
MA0101202409A0223889,1,1,0.0143560295324036,4.0,1.0,0.0
MA0101202409A0223913,1,1,0.0020508613617719,0.0,1.0,0.0
MA0101202409A0224064,1,2,0.0225594749794913,4.2,1.0,0.0
MA0101202409A0224099,1,1,0.0082034454470877,5.0,1.0,0.0
MA0101202409A0224873,1,0,0.0,0.0,1.0,0.0
MA0101202409A0224957,1,2,0.0164068908941755,5.0,1.0,1.0
MA0101202409A0225112,1,0,0.0,0.0,1.0,0.0
MA0101202409A0225918,1,2,0.0369155045118949,5.0,1.0,1.0
MA0101202409A0226149,1,2,0.0205086136177194,5.0,1.0,1.0
MA0101202409A0226261,1,2,0.0205086136177194,4.3,0.0,0.0
MA0101202409A0226703,1,4,0.108695652173913,5.0,1.0,0.0
MA0101202409A0228248,1,3,0.0656275635767022,4.4,1.0,0.0
MA0101202409A0228791,1,1,0.0041017227235438,1.0,1.0,0.0
MA0101202409A0228930,1,4,0.0984413453650533,4.7,1.0,0.0
MA0101202409A0229083,1,0,0.0,0.0,1.0,0.0
MA0101202409A0229996,1,1,0.0041017227235438,0.0,1.0,1.0
MA0101202409A0230032,1,3,0.0389663658736669,0.0,1.0,0.0
MA0101202409A0230129,1,1,0.0123051681706316,5.0,1.0,0.0
MA0101202409A0230401,1,3,0.0492206726825266,3.9,1.0,1.0
MA0101202409A0230654,1,3,0.0410172272354388,4.45,1.0,1.0
MA0101202409A0230686,1,2,0.034864643150123,3.0,1.0,0.0
MA0101202409A0232244,1,3,0.0533223954060705,5.0,1.0,0.0
MA0101202409A0232258,1,0,0.0,0.0,1.0,0.0
MA0101202409A0232317,1,2,0.0164068908941755,0.0,1.0,0.0
MA0101202409A0232392,1,2,0.0307629204265791,4.8,1.0,0.0
MA0101202409A0232415,1,4,0.1127973748974569,0.0,1.0,0.0
MA0101202409A0232651,1,3,0.0656275635767022,4.88,1.0,0.0
MA0101202409A0232700,1,0,0.0,0.0,1.0,0.0
MA0101202409A0233060,1,3,0.0430680885972108,2.0,0.0,0.0
MA0101202409A0233282,1,1,0.0061525840853158,5.0,1.0,1.0
MA0101202409A0234493,1,4,0.1045939294503691,0.0,1.0,0.0
MA0101202409A0234748,1,1,0.0123051681706316,5.0,1.0,0.0
MA0101202409A0235297,1,1,0.0143560295324036,5.0,1.0,0.0
MA0101202409A0235962,1,1,0.0102543068088597,0.0,1.0,0.0
MA0101202409A0236599,1,4,0.2030352748154225,0.0,1.0,1.0
MA0101202409A0236808,1,0,0.0,0.0,1.0,0.0
MA0101202409A0236972,1,5,1.4397046759639047,5.0,1.0,0.0
MA0101202409A0237586,1,1,0.0020508613617719,5.0,1.0,0.0
MA0101202409A0237627,1,2,0.0164068908941755,0.0,1.0,0.0
MA0101202409A0238265,1,5,1.2961443806398687,4.4,0.0,1.0
MA0101202409A0238301,1,4,0.1189499589827727,0.0,1.0,0.0
MA0101202409A0238321,1,5,1.0008203445447088,4.9,0.0,0.0
MA0101202409A0238342,1,1,0.0061525840853158,5.0,1.0,0.0
MA0101202409A0238434,1,5,0.2994257588187038,4.755,1.0,0.0
MA0101202409A0238763,1,0,0.0,0.0,0.0,0.0
MA0101202409A0238884,1,3,0.0471698113207547,4.62,1.0,0.0
MA0101202409A0239379,1,0,0.0,0.0,1.0,0.0
MA0101202409A0239658,1,0,0.0,0.0,1.0,0.0
MA0101202409A0240883,1,5,0.2645611156685807,4.51,1.0,0.0
MA0101202409A0241717,1,1,0.0041017227235438,0.0,1.0,0.0
MA0101202409A0242246,1,1,0.0020508613617719,4.765000000000001,1.0,0.0
MA0101202409A0243007,1,1,0.0041017227235438,0.0,1.0,0.0
MA0101202409A0243363,1,0,0.0,0.0,0.0,0.0
MA0101202409A0243532,1,3,0.0553732567678424,4.6,1.0,0.0
MA0101202409A0243628,1,3,0.0430680885972108,0.0,1.0,0.0
MA0101202409A0243895,1,4,0.2030352748154225,4.5,1.0,1.0
MA0101202409A0244806,1,1,0.0061525840853158,4.25,1.0,0.0
MA0101202409A0245470,1,2,0.034864643150123,4.495,1.0,0.0
MA0101202409A0246175,1,1,0.0102543068088597,0.0,1.0,0.0
MA0101202409A0246224,1,4,0.2337981952420016,4.9,1.0,1.0
MA0101202409A0246297,1,4,0.1989335520918786,5.0,1.0,0.0
MA0101202409A0246342,1,1,0.0143560295324036,3.0,1.0,1.0
MA0101202409A0246989,1,0,0.0,0.0,1.0,0.0
MA0101202409A0247049,1,3,0.0451189499589827,5.0,1.0,0.0
MA0101202409A0247068,1,2,0.0307629204265791,5.0,1.0,1.0
MA0101202409A0247604,1,1,0.0123051681706316,0.0,0.0,0.0
MA0101202409A0248103,1,4,0.1968826907301066,2.3,1.0,0.0
MA0101202409A0248202,1,1,0.0143560295324036,5.0,1.0,0.0
MA0101202409A0248238,1,1,0.0041017227235438,1.0,1.0,0.0
MA0101202409A0248562,1,1,0.0041017227235438,5.0,1.0,0.0
MA0101202409A0248885,1,2,0.0184577522559474,5.0,1.0,0.0
MA0101202409A0249040,1,2,0.0205086136177194,3.0,1.0,1.0
MA0101202409A0249905,1,4,0.1353568498769483,4.9,1.0,0.0
MA0101202409A0250020,1,0,0.0,0.0,1.0,0.0
MA0101202409A0250265,1,5,0.5004101722723544,0.0,1.0,0.0
MA0101202409A0250410,1,5,0.258408531583265,0.0,1.0,1.0
MA0101202409A0250594,1,1,0.0041017227235438,4.0,1.0,0.0
MA0101202409A0250595,1,2,0.0225594749794913,4.3,0.0,0.0
MA0101202409A0251260,1,1,0.0082034454470877,1.0,1.0,0.0
MA0101202410A0048721,1,1,0.0102543068088597,0.0,1.0,0.0
MA0101202410A0228411,1,0,0.0,0.0,0.0,0.0
MA0101202410A0267636,1,0,0.0,0.0,1.0,0.0
MA0101202410A0291583,1,0,0.0,0.0,1.0,0.0
MA0101202410A0321482,1,2,0.0164068908941755,4.4,1.0,0.0
MA0101202410A0546263,1,0,0.0,0.0,0.0,0.0
MA0101202411A0000185,1,1,0.0061525840853158,0.0,1.0,1.0
MA0101202411A0000460,1,1,0.0020508613617719,4.58,1.0,1.0
MA0101202411A0000754,1,2,0.0246103363412633,5.0,1.0,0.0
MA0101202411A0001131,1,5,1.3494667760459391,3.5,0.0,0.0
MA0101202411A0001183,1,1,0.0143560295324036,0.0,1.0,0.0
MA0101202411A0002229,1,1,0.0143560295324036,3.9,1.0,0.0
MA0101202411A0003858,1,1,0.0061525840853158,0.0,1.0,0.0
MA0101202411A0003908,1,1,0.0102543068088597,5.0,1.0,1.0
MA0101202411A0003925,1,1,0.0061525840853158,5.0,0.0,0.0
MA0101202411A0004186,1,4,0.1579163248564397,4.970000000000001,0.0,0.0
MA0101202411A0004311,1,1,0.0020508613617719,5.0,1.0,0.0
MA0101202411A0005179,1,3,0.0430680885972108,2.0,1.0,0.0
MA0101202411A0005513,1,2,0.0328137817883511,5.0,1.0,0.0
MA0101202411A0006054,1,1,0.0082034454470877,5.0,1.0,0.0
MA0101202411A0006296,1,1,0.0020508613617719,0.0,1.0,0.0
MA0101202411A0006618,1,0,0.0,0.0,1.0,0.0
MA0101202411A0007012,1,2,0.0266611977030352,5.0,1.0,0.0
MA0101202411A0007120,1,1,0.0102543068088597,4.5,1.0,0.0
MA0101202411A0007162,1,0,0.0,0.0,0.0,0.0
MA0101202411A0007661,1,3,0.0574241181296144,3.85,1.0,0.0
MA0101202411A0008696,1,3,0.0697292863002461,4.5,1.0,0.0
MA0101202411A0009048,1,2,0.0225594749794913,5.0,1.0,0.0
MA0101202411A0009150,1,3,0.0492206726825266,4.8,1.0,0.0
MA0101202411A0010201,1,4,0.1168990976210008,4.695,1.0,0.0
MA0101202411A0010581,1,1,0.0143560295324036,5.0,0.0,1.0
MA0101202411A0010735,1,2,0.034864643150123,4.63,1.0,0.0
MA0101202411A0011027,1,0,0.0,0.0,0.0,0.0
MA0101202411A0011404,1,4,0.182526661197703,4.2,1.0,1.0
MA0101202411A0012137,1,1,0.0061525840853158,0.0,1.0,0.0
MA0101202411A0013183,1,4,0.1558654634946677,4.94,0.0,0.0
MA0101202411A0013541,1,4,0.182526661197703,5.0,1.0,0.0
MA0101202411A0014104,1,1,0.0041017227235438,0.0,1.0,0.0
MA0101202411A0014597,1,5,0.3876127973748974,4.1,1.0,0.0
MA0101202411A0014750,1,0,0.0,0.0,1.0,0.0
MA0101202411A0014935,1,2,0.0266611977030352,4.3,1.0,0.0
MA0101202411A0015349,1,3,0.0389663658736669,0.0,0.0,1.0
MA0101202411A0016573,1,3,0.0533223954060705,0.0,1.0,1.0
MA0101202411A0017749,1,2,0.0287120590648072,5.0,1.0,1.0
MA0101202411A0018126,1,1,0.0020508613617719,0.0,1.0,1.0
MA0101202411A0018159,1,3,0.0410172272354388,5.0,1.0,0.0
MA0101202411A0018284,1,1,0.0041017227235438,3.0,1.0,0.0
MA0101202411A0018441,1,1,0.0041017227235438,0.0,1.0,1.0
MA0101202411A0018662,1,4,0.1210008203445447,1.5,1.0,1.0
MA0101202411A0018752,1,5,0.8982772764561116,4.6,1.0,0.0
MA0101202411A0019781,1,5,0.4532403609515997,5.0,1.0,1.0
MA0101202411A0019912,1,5,0.4860541427399507,5.0,1.0,0.0
MA0101202411A0019919,1,1,0.0102543068088597,3.7,0.0,0.0
MA0101202411A0020980,1,2,0.0225594749794913,4.0,1.0,1.0
MA0101202411A0021351,1,0,0.0,0.0,1.0,1.0
MA0101202411A0021811,1,3,0.0410172272354388,5.0,0.0,0.0
MA0101202411A0021833,1,1,0.0123051681706316,0.0,1.0,1.0
MA0101202411A0022623,1,1,0.0020508613617719,0.0,1.0,1.0
MA0101202411A0022786,1,1,0.0082034454470877,4.79,1.0,1.0
MA0101202411A0022917,1,0,0.0,0.0,1.0,0.0
MA0101202411A0022957,1,3,0.0697292863002461,5.0,1.0,1.0
MA0101202411A0023372,1,1,0.0082034454470877,5.0,1.0,0.0
MA0101202411A0023484,1,5,0.3814602132895816,4.6,1.0,1.0
MA0101202411A0024260,1,3,0.0533223954060705,5.0,0.0,0.0
MA0101202411A0024288,1,2,0.0164068908941755,4.745,1.0,1.0
MA0101202411A0024335,1,0,0.0,0.0,1.0,0.0
MA0101202411A0025020,1,1,0.0143560295324036,5.0,1.0,0.0
MA0101202411A0025231,1,5,0.7301066447908121,0.0,1.0,0.0
MA0101202411A0026506,1,0,0.0,0.0,1.0,1.0
MA0101202411A0026768,1,3,0.0820344544708777,4.5,1.0,0.0
MA0101202411A0027225,1,1,0.0123051681706316,2.7,1.0,0.0
MA0101202411A0027439,1,1,0.0061525840853158,0.0,1.0,0.0
MA0101202411A0027541,1,2,0.0369155045118949,2.6,1.0,0.0
MA0101202411A0027673,1,3,0.0553732567678424,4.57,1.0,0.0
MA0101202411A0027818,1,3,0.0389663658736669,3.2,1.0,0.0
MA0101202411A0028320,1,0,0.0,0.0,1.0,0.0
MA0101202411A0028405,1,4,0.182526661197703,5.0,1.0,0.0
MA0101202411A0028665,1,2,0.0225594749794913,5.0,1.0,0.0
MA0101202411A0029887,1,3,0.0840853158326497,4.8,1.0,0.0
MA0101202411A0030233,1,2,0.0307629204265791,2.2,1.0,0.0
MA0101202411A0030805,1,3,0.0389663658736669,5.0,1.0,1.0
MA0101202411A0030840,1,4,0.1374077112387202,4.6,1.0,0.0
MA0101202411A0030843,1,5,0.5537325676784249,4.8,1.0,0.0
MA0101202411A0031939,1,1,0.0102543068088597,4.265000000000001,1.0,0.0
MA0101202411A0032036,1,1,0.0041017227235438,3.0,1.0,0.0
MA0101202411A0032546,1,4,0.1681706316652994,3.615,1.0,1.0
MA0101202411A0032598,1,1,0.0123051681706316,5.0,1.0,0.0
MA0101202411A0033438,1,2,0.0266611977030352,5.0,1.0,1.0
MA0101202411A0034335,1,0,0.0,0.0,0.0,0.0
MA0101202411A0035485,1,1,0.0041017227235438,0.0,1.0,1.0
MA0101202411A0036174,1,2,0.0184577522559474,5.0,1.0,1.0
MA0101202411A0036766,1,3,0.0697292863002461,5.0,1.0,1.0
MA0101202411A0037052,1,1,0.0082034454470877,0.0,1.0,0.0
MA0101202411A0037364,1,4,0.0963904840032813,0.0,1.0,0.0
MA0101202411A0038470,1,4,0.2235438884331419,4.21,0.0,1.0
MA0101202411A0038999,1,5,1.2284659557013946,4.44,1.0,1.0
MA0101202411A0039304,1,1,0.0041017227235438,0.0,1.0,0.0
MA0101202411A0040961,1,4,0.1312551271534044,5.0,1.0,1.0
MA0101202411A0041161,1,2,0.0328137817883511,5.0,1.0,0.0
MA0101202411A0041413,1,3,0.0676784249384741,4.04,1.0,0.0
MA0101202411A0041596,1,1,0.0020508613617719,5.0,1.0,0.0
MA0101202411A0042201,1,2,0.0225594749794913,2.3,1.0,0.0
MA0101202411A0042275,1,2,0.0184577522559474,5.0,1.0,0.0
MA0101202411A0042605,1,1,0.0123051681706316,5.0,1.0,1.0
MA0101202411A0043060,1,1,0.0061525840853158,1.0,1.0,0.0
MA0101202411A0043241,1,1,0.0020508613617719,5.0,1.0,1.0
MA0101202411A0043371,1,5,0.4532403609515997,4.345,1.0,0.0
MA0101202411A0043570,1,3,0.0410172272354388,0.0,0.0,1.0
MA0101202411A0043690,1,2,0.0164068908941755,4.5,1.0,0.0
MA0101202411A0045000,1,3,0.0451189499589827,4.6850000000000005,0.0,0.0
MA0101202411A0045463,1,1,0.0061525840853158,5.0,0.0,0.0
MA0101202411A0046908,1,0,0.0,0.0,1.0,0.0
MA0101202411A0047032,1,2,0.0328137817883511,4.95,1.0,0.0
MA0101202411A0047875,1,3,0.0820344544708777,3.8,0.0,0.0
MA0101202411A0048028,1,5,1.2858900738310088,4.109999999999999,1.0,0.0
MA0101202411A0048029,1,3,0.0492206726825266,4.9,1.0,0.0
MA0101202411A0048397,1,0,0.0,0.0,1.0,1.0
MA0101202411A0048585,1,3,0.0533223954060705,4.4,1.0,0.0
MA0101202411A0049106,1,1,0.0061525840853158,3.7,1.0,0.0
MA0101202411A0049310,1,3,0.0553732567678424,0.0,1.0,1.0
MA0101202411A0049624,1,1,0.0061525840853158,5.0,1.0,0.0
MA0101202411A0050093,1,3,0.0697292863002461,5.0,0.0,0.0
MA0101202411A0050706,1,5,0.5598851517637408,0.0,1.0,1.0
MA0101202411A0051165,1,1,0.0061525840853158,4.63,1.0,1.0
MA0101202411A0052097,1,0,0.0,0.0,1.0,0.0
MA0101202411A0052242,1,1,0.0102543068088597,0.0,0.0,0.0
MA0101202411A0052929,1,1,0.0020508613617719,5.0,1.0,0.0
MA0101202411A0053035,1,3,0.0471698113207547,4.65,1.0,1.0
MA0101202411A0053227,1,1,0.0123051681706316,5.0,1.0,1.0
MA0101202411A0053234,1,3,0.0840853158326497,4.6,1.0,0.0
MA0101202411A0053864,1,3,0.0758818703855619,4.4,1.0,1.0
MA0101202411A0054609,1,3,0.0594749794913863,4.8,1.0,0.0
MA0101202411A0055066,1,1,0.0041017227235438,0.0,1.0,0.0
MA0101202411A0055112,1,1,0.0020508613617719,0.0,1.0,1.0
MA0101202411A0056552,1,2,0.034864643150123,4.505,1.0,0.0
MA0101202411A0056948,1,0,0.0,0.0,1.0,0.0
MA0101202411A0058420,1,5,0.3937653814602133,4.8,0.0,0.0
MA0101202411A0058433,1,4,0.2378999179655455,4.375,1.0,1.0
MA0101202411A0058568,1,2,0.0184577522559474,4.57,1.0,0.0
MA0101202411A0058575,1,2,0.0369155045118949,3.9,0.0,0.0
MA0101202411A0059219,1,4,0.1579163248564397,4.5,1.0,0.0
MA0101202411A0059249,1,3,0.0656275635767022,0.0,1.0,0.0
MA0101202411A0059943,1,3,0.0533223954060705,4.12,1.0,0.0
MA0101202411A0060059,1,1,0.0123051681706316,0.0,0.0,0.0
MA0101202411A0060094,1,4,0.1107465135356849,5.0,1.0,0.0
MA0101202411A0060127,1,2,0.0164068908941755,0.0,1.0,0.0
MA0101202411A0060203,1,1,0.0102543068088597,5.0,1.0,0.0
MA0101202411A0060491,1,2,0.0246103363412633,5.0,1.0,1.0
MA0101202411A0060548,1,0,0.0,3.89,1.0,1.0
MA0101202411A0061643,1,1,0.0082034454470877,5.0,1.0,1.0
MA0101202411A0062102,1,1,0.0020508613617719,5.0,1.0,0.0
MA0101202411A0062665,1,4,0.2009844134536505,5.0,1.0,1.0
MA0101202411A0062684,1,0,0.0,0.0,1.0,0.0
MA0101202411A0062814,1,2,0.0328137817883511,0.0,1.0,1.0
MA0101202411A0063309,1,3,0.0881870385561936,4.7,1.0,1.0
MA0101202411A0063454,1,2,0.0287120590648072,5.0,0.0,1.0
MA0101202411A0064294,1,1,0.0020508613617719,0.0,1.0,0.0
MA0101202411A0064817,1,3,0.0594749794913863,4.9,1.0,0.0
MA0101202411A0065113,1,0,0.0,0.0,0.0,1.0
MA0101202411A0065223,1,2,0.0266611977030352,5.0,1.0,1.0
MA0101202411A0065977,1,3,0.0533223954060705,3.7,1.0,0.0
MA0101202411A0066086,1,1,0.0102543068088597,0.0,1.0,0.0
MA0101202411A0066106,1,1,0.0123051681706316,5.0,1.0,0.0
MA0101202411A0066315,1,0,0.0,0.0,0.0,0.0
MA0101202411A0068206,1,1,0.0041017227235438,5.0,1.0,1.0
MA0101202411A0068581,1,3,0.0410172272354388,4.07,1.0,0.0
MA0101202411A0068711,1,1,0.0041017227235438,5.0,1.0,1.0
MA0101202411A0069371,1,3,0.0574241181296144,5.0,1.0,0.0
MA0101202411A0069423,1,4,0.108695652173913,4.7,1.0,1.0
MA0101202411A0069570,1,2,0.0205086136177194,4.53,1.0,0.0
MA0101202411A0069893,1,4,0.2522559474979491,4.9,0.0,1.0
MA0101202411A0070179,1,5,0.810090237899918,4.8,0.0,0.0
MA0101202411A0070254,1,5,0.2871205906480722,4.5,1.0,0.0
MA0101202411A0070420,1,4,0.0943396226415094,4.5,1.0,0.0
MA0101202411A0070479,1,2,0.0307629204265791,2.76,1.0,0.0
MA0101202411A0071032,1,2,0.0164068908941755,0.0,1.0,1.0
MA0101202411A0072674,1,1,0.0020508613617719,0.0,1.0,0.0
MA0101202411A0072911,1,0,0.0,0.0,1.0,0.0
MA0101202411A0073239,1,5,0.4245283018867924,0.0,1.0,0.0
MA0101202411A0073243,1,5,1.4171452009844134,4.4,0.0,0.0
MA0101202411A0073255,1,1,0.0041017227235438,5.0,1.0,1.0
MA0101202411A0073456,1,1,0.0041017227235438,4.609999999999999,1.0,0.0
MA0101202411A0073579,1,3,0.0574241181296144,5.0,1.0,1.0
MA0101202411A0073814,1,3,0.0512715340442986,5.0,1.0,0.0
MA0101202411A0073927,1,1,0.0143560295324036,3.2,1.0,0.0
MA0101202411A0074039,1,2,0.0266611977030352,3.155,1.0,0.0
MA0101202411A0074460,1,4,0.2502050861361772,4.43,1.0,0.0
MA0101202411A0074493,1,1,0.0102543068088597,5.0,1.0,0.0
MA0101202411A0074744,1,1,0.0082034454470877,4.3,1.0,0.0
MA0101202411A0074790,1,3,0.0389663658736669,4.2,0.0,0.0
MA0101202411A0075206,1,0,0.0,0.0,1.0,0.0
MA0101202411A0075241,1,1,0.0061525840853158,3.3,1.0,0.0
MA0101202411A0075326,1,1,0.0020508613617719,0.0,1.0,1.0
MA0101202411A0075442,1,3,0.0779327317473338,5.0,1.0,0.0
MA0101202411A0075498,1,5,0.7424118129614438,4.55,1.0,0.0
MA0101202411A0075720,1,5,1.542247744052502,3.915,1.0,1.0
MA0101202411A0075862,1,5,0.3158326497128794,0.0,1.0,1.0
MA0101202411A0075979,1,2,0.0164068908941755,5.0,1.0,1.0
MA0101202411A0076463,1,1,0.0061525840853158,3.7,1.0,0.0
MA0101202411A0076561,1,1,0.0102543068088597,0.0,1.0,1.0
MA0101202411A0076754,1,1,0.0020508613617719,0.0,1.0,1.0
MA0101202411A0076952,1,1,0.0041017227235438,4.0,1.0,0.0
MA0101202411A0078035,1,3,0.0410172272354388,2.81,1.0,1.0
MA0101202411A0078246,1,2,0.0225594749794913,5.0,1.0,1.0
MA0101202411A0078916,1,2,0.0225594749794913,5.0,1.0,1.0
MA0101202411A0079082,1,0,0.0,0.0,1.0,0.0
MA0101202411A0079549,1,1,0.0061525840853158,4.83,1.0,0.0
MA0101202411A0079744,1,1,0.0102543068088597,3.0,1.0,0.0
MA0101202411A0080143,1,2,0.0307629204265791,4.105,1.0,0.0
MA0101202411A0081318,1,1,0.0041017227235438,5.0,1.0,0.0
MA0101202411A0081699,1,3,0.0779327317473338,4.5,1.0,1.0
MA0101202411A0081896,1,3,0.0451189499589827,0.0,1.0,1.0
MA0101202411A0081968,1,1,0.0082034454470877,5.0,1.0,0.0
MA0101202411A0082625,1,2,0.0287120590648072,0.0,1.0,0.0
MA0101202411A0082702,1,2,0.034864643150123,5.0,1.0,0.0
MA0101202411A0082811,1,1,0.0082034454470877,2.5,1.0,0.0
MA0101202411A0082952,1,1,0.0082034454470877,0.0,1.0,0.0
MA0101202411A0083046,1,0,0.0,0.0,1.0,0.0
MA0101202411A0083352,1,2,0.0287120590648072,5.0,1.0,0.0
MA0101202411A0083973,1,3,0.0902378999179655,4.5,1.0,1.0
MA0101202411A0084013,1,3,0.0594749794913863,3.25,1.0,0.0
MA0101202411A0084344,1,2,0.034864643150123,0.0,1.0,1.0
MA0101202411A0084684,1,2,0.034864643150123,3.6,1.0,0.0
MA0101202411A0084778,1,3,0.0861361771944216,0.0,1.0,0.0
MA0101202411A0084984,1,3,0.0451189499589827,3.3,1.0,0.0
MA0101202411A0085239,1,2,0.0164068908941755,5.0,1.0,0.0
MA0101202411A0085847,1,1,0.0082034454470877,5.0,1.0,0.0
MA0101202411A0086697,1,1,0.0123051681706316,5.0,1.0,0.0
MA0101202411A0087123,1,4,0.1415094339622641,5.0,0.0,1.0
MA0101202411A0087329,1,2,0.0307629204265791,4.7,0.0,0.0
MA0101202411A0088330,1,1,0.0102543068088597,3.6,1.0,0.0
MA0101202411A0088531,1,2,0.0246103363412633,5.0,1.0,0.0
MA0101202411A0088680,1,4,0.2317473338802297,4.705,1.0,0.0
MA0101202411A0088880,1,3,0.0799835931091058,4.6,1.0,1.0
MA0101202411A0089452,1,3,0.0410172272354388,0.0,0.0,0.0
MA0101202411A0089700,1,0,0.0,0.0,1.0,0.0
MA0101202411A0090335,1,5,0.5045118949958983,4.4,1.0,1.0
MA0101202411A0090456,1,2,0.0205086136177194,0.0,0.0,0.0
MA0101202411A0090592,1,0,0.0,0.0,1.0,0.0
MA0101202411A0090840,1,1,0.0143560295324036,0.0,1.0,1.0
MA0101202411A0090932,1,1,0.0123051681706316,3.0,1.0,0.0
MA0101202411A0091132,1,1,0.0041017227235438,0.0,1.0,0.0
MA0101202411A0091246,1,0,0.0,0.0,1.0,0.0
MA0101202411A0091267,1,4,0.2255947497949138,4.2,1.0,0.0
MA0101202411A0091987,1,3,0.0410172272354388,3.655,1.0,0.0
MA0101202411A0092183,1,1,0.0061525840853158,5.0,1.0,0.0
MA0101202411A0092954,1,2,0.0307629204265791,0.0,1.0,0.0
MA0101202411A0093072,1,2,0.0266611977030352,5.0,0.0,1.0
MA0101202411A0093386,1,3,0.0697292863002461,5.0,1.0,0.0
MA0101202411A0093976,1,3,0.0533223954060705,5.0,1.0,0.0
MA0101202411A0094595,1,5,0.2912223133716161,4.785,1.0,0.0
MA0101202411A0094880,1,4,0.1353568498769483,5.0,1.0,1.0
MA0101202411A0095118,1,2,0.0246103363412633,5.0,1.0,0.0
MA0101202411A0095866,1,2,0.0225594749794913,3.4,1.0,0.0
MA0101202411A0096875,1,1,0.0041017227235438,0.0,1.0,0.0
MA0101202411A0097181,1,1,0.0061525840853158,0.0,1.0,0.0
MA0101202411A0097863,1,3,0.0451189499589827,5.0,1.0,0.0
MA0101202411A0097976,1,3,0.0656275635767022,5.0,1.0,0.0
MA0101202411A0099254,1,1,0.0102543068088597,0.0,1.0,0.0
MA0101202411A0100245,1,3,0.0574241181296144,5.0,0.0,0.0
MA0101202411A0100932,1,4,0.108695652173913,3.2,1.0,0.0
MA0101202411A0101015,1,1,0.0041017227235438,0.0,0.0,0.0
MA0101202411A0101231,1,1,0.0123051681706316,1.0,1.0,0.0
MA0101202411A0101398,1,2,0.0246103363412633,4.7,1.0,0.0
MA0101202411A0101524,1,2,0.0205086136177194,4.2,1.0,0.0
MA0101202411A0101877,1,1,0.0020508613617719,5.0,1.0,0.0
MA0101202411A0102003,1,4,0.1538146021328958,4.6,1.0,1.0
MA0101202411A0102048,1,2,0.0328137817883511,5.0,0.0,1.0
MA0101202411A0102143,1,5,0.3958162428219852,3.775,0.0,0.0
MA0101202411A0102216,1,4,0.254306808859721,5.0,1.0,0.0
MA0101202411A0103746,1,2,0.0164068908941755,5.0,1.0,1.0
MA0101202411A0104030,1,2,0.0246103363412633,4.0,1.0,0.0
MA0101202411A0104531,1,0,0.0,0.0,1.0,0.0
MA0101202411A0104646,1,3,0.0861361771944216,5.0,1.0,0.0
MA0101202411A0105147,1,4,0.1251025430680886,4.6,1.0,0.0
MA0101202411A0105461,1,3,0.0533223954060705,4.47,1.0,0.0
MA0101202411A0106116,1,4,0.1045939294503691,4.734999999999999,1.0,0.0
MA0101202411A0106317,1,2,0.0184577522559474,4.5,1.0,0.0
MA0101202411A0106499,1,1,0.0123051681706316,0.0,1.0,0.0
MA0101202411A0106600,1,4,0.1025430680885972,3.99,1.0,1.0
MA0101202411A0106761,1,2,0.0164068908941755,5.0,1.0,0.0
MA0101202411A0107167,1,1,0.0041017227235438,0.0,1.0,0.0
MA0101202411A0107312,1,0,0.0,0.0,1.0,0.0
MA0101202411A0107454,1,3,0.0779327317473338,0.0,1.0,0.0
MA0101202411A0107584,1,1,0.0123051681706316,5.0,1.0,1.0
MA0101202411A0107801,1,3,0.0410172272354388,3.0,0.0,0.0
MA0101202411A0107862,1,0,0.0,0.0,0.0,0.0
MA0101202411A0108236,1,0,0.0,0.0,1.0,0.0
MA0101202411A0108466,1,4,0.1374077112387202,4.18,1.0,0.0
MA0101202411A0108619,1,2,0.0369155045118949,5.0,1.0,1.0
MA0101202411A0108637,1,0,0.0,0.0,1.0,1.0
MA0101202411A0108981,1,3,0.0492206726825266,1.0,1.0,0.0
MA0101202411A0109150,1,0,0.0,0.0,1.0,0.0
MA0101202411A0110094,1,0,0.0,0.0,1.0,0.0
MA0101202411A0110449,1,3,0.0471698113207547,0.0,1.0,1.0
MA0101202411A0110868,1,1,0.0020508613617719,4.0,1.0,0.0
MA0101202411A0112179,1,2,0.0307629204265791,5.0,1.0,1.0
MA0101202411A0112240,1,1,0.0061525840853158,5.0,1.0,0.0
MA0101202411A0112361,1,5,0.2604593929450369,5.0,1.0,1.0
MA0101202411A0112398,1,3,0.0492206726825266,4.36,1.0,0.0
MA0101202411A0112892,1,1,0.0102543068088597,0.0,1.0,0.0
MA0101202411A0113482,1,5,1.3022969647251843,4.3,0.0,0.0
MA0101202411A0113949,1,4,0.2235438884331419,4.59,0.0,0.0
MA0101202411A0115047,1,2,0.0205086136177194,4.6,1.0,1.0
MA0101202411A0115278,1,2,0.0205086136177194,0.0,1.0,0.0
MA0101202411A0116668,1,1,0.0020508613617719,0.0,1.0,0.0
MA0101202411A0116813,1,0,0.0,0.0,1.0,0.0
MA0101202411A0117053,1,1,0.0102543068088597,0.0,0.0,1.0
MA0101202411A0118359,1,0,0.0,0.0,1.0,0.0
MA0101202411A0119465,1,1,0.0082034454470877,0.0,1.0,0.0
MA0101202411A0119482,1,5,1.1115668580803937,0.0,1.0,1.0
MA0101202411A0119768,1,3,0.0881870385561936,4.875,1.0,1.0
MA0101202411A0119784,1,2,0.0266611977030352,0.0,1.0,1.0
MA0101202411A0120042,1,5,0.3199343724364233,5.0,1.0,0.0
MA0101202411A0120134,1,2,0.034864643150123,4.4,1.0,0.0
MA0101202411A0120164,1,0,0.0,0.0,1.0,0.0
MA0101202411A0120238,1,1,0.0061525840853158,5.0,1.0,0.0
MA0101202411A0120452,1,0,0.0,0.0,1.0,0.0
MA0101202411A0120633,1,1,0.0041017227235438,5.0,1.0,0.0
MA0101202411A0121160,1,5,0.8593109105824447,3.56,0.0,1.0
MA0101202411A0121336,1,4,0.1640689089417555,0.0,1.0,0.0
MA0101202411A0121537,1,1,0.0082034454470877,4.0,1.0,0.0
MA0101202411A0121538,1,2,0.0205086136177194,4.04,1.0,0.0
MA0101202411A0121810,1,2,0.0328137817883511,5.0,1.0,1.0
MA0101202411A0121954,1,2,0.0266611977030352,5.0,1.0,0.0
MA0101202411A0122150,1,2,0.0328137817883511,4.3,1.0,0.0
MA0101202411A0122295,1,2,0.0266611977030352,0.0,1.0,0.0
MA0101202411A0122823,1,5,1.0890073831009024,4.035,1.0,0.0
MA0101202411A0124480,1,2,0.0328137817883511,1.0,1.0,0.0
MA0101202411A0124494,1,1,0.0123051681706316,3.56,1.0,0.0
MA0101202411A0124706,1,3,0.0410172272354388,5.0,1.0,1.0
MA0101202411A0124857,1,3,0.0697292863002461,4.41,1.0,0.0
MA0101202411A0124860,1,0,0.0,0.0,1.0,0.0
MA0101202411A0125021,1,2,0.0287120590648072,5.0,1.0,1.0
MA0101202411A0125037,1,3,0.0430680885972108,4.2,1.0,0.0
MA0101202411A0125103,1,2,0.0287120590648072,0.0,1.0,0.0
MA0101202411A0125806,1,3,0.0410172272354388,4.2,1.0,0.0
MA0101202411A0126050,1,1,0.0061525840853158,3.7,1.0,0.0
MA0101202411A0126157,1,2,0.0225594749794913,3.3,1.0,0.0
MA0101202411A0126633,1,3,0.0738310090237899,4.6,1.0,0.0
MA0101202411A0127364,1,3,0.0840853158326497,3.4,1.0,0.0
MA0101202411A0127530,1,4,0.256357670221493,4.8,1.0,0.0
MA0101202411A0127542,1,2,0.0246103363412633,4.8,1.0,0.0
MA0101202411A0127880,1,3,0.0738310090237899,4.8,0.0,0.0
MA0101202411A0128571,1,2,0.0225594749794913,4.6,1.0,1.0
MA0101202411A0129586,1,3,0.0430680885972108,4.8,1.0,1.0
MA0101202411A0129785,1,0,0.0,0.0,1.0,0.0
MA0101202411A0130189,1,1,0.0082034454470877,0.0,1.0,0.0
MA0101202411A0130377,1,2,0.0287120590648072,4.39,1.0,0.0
MA0101202411A0130442,1,1,0.0102543068088597,5.0,1.0,0.0
MA0101202411A0130666,1,2,0.0246103363412633,4.9,1.0,0.0
MA0101202411A0130918,1,0,0.0,0.0,1.0,1.0
MA0101202411A0131001,1,0,0.0,0.0,1.0,0.0
MA0101202411A0131884,1,0,0.0,0.0,0.0,0.0
MA0101202411A0132918,1,5,0.7834290401968826,0.0,1.0,0.0
MA0101202411A0133426,1,1,0.0061525840853158,4.0,1.0,0.0
MA0101202411A0133498,1,4,0.0943396226415094,4.8,1.0,0.0
MA0101202411A0133684,1,1,0.0020508613617719,3.2,1.0,0.0
MA0101202411A0133925,1,3,0.0902378999179655,3.725,1.0,1.0
MA0101202411A0134079,1,1,0.0061525840853158,2.3,0.0,0.0
MA0101202411A0134599,1,2,0.0266611977030352,4.3,1.0,0.0
MA0101202411A0135227,1,0,0.0,0.0,1.0,0.0
MA0101202411A0136011,1,5,1.2551271534044297,3.765,1.0,0.0
MA0101202411A0136095,1,1,0.0041017227235438,0.0,1.0,0.0
MA0101202411A0136237,1,3,0.0410172272354388,0.0,1.0,1.0
MA0101202411A0136704,1,2,0.0266611977030352,5.0,1.0,0.0
MA0101202411A0137216,1,2,0.0266611977030352,5.0,1.0,0.0
MA0101202411A0137352,1,1,0.0123051681706316,0.0,1.0,0.0
MA0101202411A0137841,1,4,0.1045939294503691,4.665,1.0,1.0
MA0101202411A0138059,1,0,0.0,0.0,1.0,0.0
MA0101202411A0138539,1,4,0.1804757998359311,0.0,1.0,0.0
MA0101202411A0138702,1,0,0.0,0.0,1.0,1.0
MA0101202411A0139370,1,5,0.3465955701394586,4.55,1.0,0.0
MA0101202411A0139537,1,1,0.0102543068088597,0.0,1.0,1.0
MA0101202411A0139856,1,4,0.0943396226415094,4.8,1.0,0.0
MA0101202411A0140809,1,1,0.0041017227235438,0.0,1.0,1.0
MA0101202411A0141164,1,3,0.0635767022149302,4.545,1.0,0.0
MA0101202411A0141173,1,3,0.0574241181296144,0.0,1.0,0.0
MA0101202411A0141208,1,0,0.0,0.0,1.0,0.0
MA0101202411A0141438,1,0,0.0,0.0,1.0,0.0
MA0101202411A0141851,1,1,0.0061525840853158,5.0,1.0,0.0
MA0101202411A0142916,1,1,0.0143560295324036,5.0,1.0,0.0
MA0101202411A0142976,1,3,0.0553732567678424,5.0,1.0,1.0
MA0101202411A0143024,1,4,0.1292042657916325,5.0,0.0,0.0
MA0101202411A0143696,1,0,0.0,0.0,0.0,0.0
MA0101202411A0145282,1,4,0.1784249384741591,5.0,1.0,0.0
MA0101202411A0145557,1,1,0.0143560295324036,0.0,1.0,1.0
MA0101202411A0145913,1,4,0.1948318293683347,4.5,1.0,0.0
MA0101202411A0146125,1,1,0.0102543068088597,0.0,1.0,1.0
MA0101202411A0146552,1,0,0.0,0.0,1.0,0.0
MA0101202411A0147137,1,3,0.0779327317473338,4.8,1.0,0.0
MA0101202411A0147165,1,1,0.0143560295324036,0.0,1.0,0.0
MA0101202411A0147249,1,1,0.0082034454470877,3.5,1.0,0.0
MA0101202411A0147617,1,0,0.0,0.0,1.0,0.0
MA0101202411A0148010,1,2,0.0287120590648072,2.9,1.0,0.0
MA0101202411A0148919,1,4,0.1640689089417555,4.7,0.0,0.0
MA0101202411A0149100,1,2,0.0164068908941755,0.0,1.0,0.0
MA0101202411A0149144,1,2,0.0225594749794913,5.0,1.0,0.0
MA0101202411A0167985,1,2,0.0164068908941755,4.29,1.0,0.0
MA0101202411A0168630,1,3,0.0574241181296144,4.66,1.0,0.0
MA0101202411A0168703,1,2,0.0164068908941755,0.0,0.0,0.0
MA0101202411A0168789,1,3,0.0635767022149302,2.3,1.0,0.0
MA0101202411A0168814,1,3,0.0574241181296144,5.0,0.0,0.0
MA0101202411A0170624,1,0,0.0,0.0,1.0,1.0
MA0101202411A0171635,1,0,0.0,0.0,0.0,0.0
MA0101202411A0173404,1,5,0.3158326497128794,4.3,1.0,0.0
MA0101202411A0173465,1,0,0.0,0.0,1.0,0.0
MA0101202411A0173586,1,4,0.1251025430680886,5.0,1.0,0.0
MA0101202411A0173999,1,0,0.0,0.0,0.0,0.0
MA0101202411A0174695,1,1,0.0041017227235438,4.0,1.0,1.0
MA0101202411A0174999,1,2,0.0164068908941755,0.0,1.0,0.0
MA0101202411A0175317,1,4,0.1312551271534044,4.7,1.0,0.0
MA0101202411A0175701,1,2,0.0266611977030352,0.0,1.0,0.0
MA0101202411A0176497,1,1,0.0020508613617719,0.0,1.0,1.0
MA0106202404A0769138,1,4,0.1107465135356849,0.0,1.0,0.0
MA0106202404A0081863,1,1,0.0020508613617719,0.0,0.0,0.0
MA0106202404A2154371,1,3,0.0492206726825266,0.0,1.0,1.0
MA0106202404A0309365,1,1,0.0123051681706316,4.4,1.0,0.0
MA0106202404A0350137,1,3,0.0799835931091058,5.0,1.0,0.0
MA0106202403A1648898,1,2,0.0246103363412633,0.0,1.0,0.0
MA0106202403A0419842,1,5,0.2789171452009844,4.6,1.0,0.0
MA0106202403A0796573,1,2,0.0184577522559474,0.0,1.0,0.0
MA0106202403A0808293,1,4,0.2050861361771944,4.71,1.0,0.0
MA0106202403A2037854,1,1,0.0041017227235438,3.0,1.0,0.0
MA0106202403A0003385,1,0,0.0,0.0,1.0,0.0
MA0106202403A0131368,1,0,0.0,0.0,1.0,0.0
MA0106202403A1360209,1,0,0.0,0.0,1.0,0.0
MA0106202403A0141067,1,3,0.0738310090237899,4.535,1.0,0.0
MA0106202403A1102511,1,3,0.0389663658736669,5.0,1.0,0.0
MA0106202403A0775789,1,0,0.0,0.0,0.0,0.0
MA0106202402A1254511,1,0,0.0,0.0,1.0,0.0
MA0106202402A0768236,1,4,0.2255947497949138,3.22,1.0,1.0
MA0106202401A1346664,1,0,0.0,0.0,1.0,0.0
MA0101202411A0184218,1,3,0.0430680885972108,5.0,1.0,0.0
MA0106202401A0973850,1,5,0.3465955701394586,5.0,1.0,0.0
MA0106202401A1014697,1,0,0.0,0.0,1.0,0.0
MA0101202411A0186499,1,4,0.1866283839212469,4.5,1.0,0.0
MA0106202401A2131515,1,1,0.0123051681706316,5.0,1.0,0.0
MA0106202401A1599369,1,2,0.0328137817883511,4.775,1.0,1.0
MA0106202401A1521507,1,2,0.0307629204265791,5.0,1.0,0.0
MA0106202312A1973230,1,5,0.8511074651353568,4.535,1.0,1.0
MA0106202312A0884701,1,2,0.0369155045118949,0.0,1.0,1.0
MA0106202312A0578982,1,3,0.0492206726825266,2.6,1.0,0.0
MA0106202406A2466306,1,4,0.2378999179655455,3.99,1.0,0.0
MA0106202406A2464831,1,5,0.2912223133716161,4.14,1.0,0.0
MA0106202406A2464903,1,4,0.2296964725184577,4.19,1.0,0.0
MA0106202406A2465779,1,4,0.254306808859721,3.99,1.0,0.0
MA0106202406A2465083,1,5,0.2871205906480722,3.89,1.0,0.0
MA0106202406A2466294,1,4,0.219442165709598,4.04,1.0,0.0
MA0106202406A2466382,1,4,0.2132895816242822,4.44,1.0,0.0
MA0106202406A2465106,1,5,0.2727645611156686,4.04,1.0,0.0
MA0106202406A2465076,1,5,0.4450369155045119,4.29,1.0,0.0
MA0106202406A2464912,1,5,0.2625102543068088,4.14,0.0,0.0
MA0106202406A2465648,1,4,0.2091878589007383,4.14,1.0,0.0
MA0106202406A2464891,1,5,0.2707136997538966,4.54,1.0,0.0
MA0106202406A2464824,1,4,0.2337981952420016,4.34,1.0,0.0
MA0106202406A2465556,1,4,0.2255947497949138,3.74,1.0,0.0
MA0106202406A2465640,1,4,0.2009844134536505,4.69,1.0,0.0
MA0106202406A2465174,1,5,0.2748154224774405,3.69,0.0,0.0
MA0106202406A2465588,1,5,0.3363412633305989,4.19,1.0,0.0
MA0106202406A2465194,1,5,0.2625102543068088,4.59,1.0,0.0
MA0106202406A2465778,1,4,0.2317473338802297,3.99,1.0,0.0
MA0106202406A2466095,1,4,0.2276456111566858,4.390000000000001,1.0,0.0
MA0106202406A2465531,1,5,0.328137817883511,3.89,0.0,0.0
MA0106202406A2464775,1,5,0.3096800656275635,4.24,1.0,0.0
MA0106202406A2465641,1,4,0.2296964725184577,4.44,1.0,0.0
MA0106202406A2465633,1,5,0.8182936833470057,4.34,1.0,0.0
MA0106202406A2466319,1,4,0.256357670221493,3.89,1.0,0.0
MA0106202406A2464825,1,5,0.2809680065627563,3.84,1.0,0.0
MA0106202406A2465089,1,5,0.2625102543068088,4.04,1.0,0.0
MA0106202406A2465117,1,5,0.2850697292863002,3.69,0.0,0.0
MA0106202406A2464820,1,5,0.3178835110746513,4.19,1.0,0.0
MA0106202406A2465090,1,5,0.2666119770303527,4.19,1.0,0.0
MA0106202406A2464895,1,4,0.2317473338802297,4.54,1.0,0.0
MA0106202406A2465407,1,4,0.2112387202625102,4.14,1.0,0.0
MA0106202406A2465124,1,5,0.3035274815422477,3.99,1.0,0.0
MA0106202406A2465150,1,4,0.2461033634126333,3.89,1.0,0.0
MA0106202406A2465799,1,4,0.2255947497949138,4.29,1.0,0.0
MA0106202406A2464907,1,4,0.2378999179655455,3.99,1.0,0.0
MA0106202406A2465074,1,4,0.2420016406890894,3.74,1.0,0.0
MA0106202406A2464881,1,4,0.256357670221493,3.64,1.0,0.0
MA0106202406A2466000,1,4,0.2255947497949138,4.24,1.0,0.0
MA0106202406A2464798,1,5,0.2727645611156686,4.04,1.0,0.0
MA0106202406A2464879,1,4,0.2440525020508613,4.19,1.0,0.0
MA0106202406A2466293,1,5,0.3630024610336341,4.19,1.0,0.0
MA0106202406A2466283,1,4,0.2296964725184577,4.14,1.0,0.0
MA0106202406A2465163,1,4,0.2235438884331419,4.59,1.0,0.0
MA0106202406A2465178,1,4,0.2481542247744052,3.74,1.0,0.0
MA0106202406A2465560,1,4,0.2399507793273174,4.19,1.0,0.0
MA0106202406A2465802,1,5,0.3117309269893355,4.24,1.0,0.0
MA0106202406A2465406,1,5,0.2727645611156686,4.04,0.0,0.0
MA0106202406A2464889,1,5,0.2604593929450369,4.24,1.0,0.0
MA0106202406A2465435,1,4,0.2502050861361772,4.04,1.0,0.0
MA0106202406A2465097,1,5,0.2625102543068088,3.84,1.0,0.0
MA0106202406A2465430,1,5,0.2871205906480722,3.79,1.0,0.0
MA0106202406A2465600,1,5,0.2809680065627563,3.94,0.0,0.0
MA0106202406A2465418,1,4,0.2502050861361772,4.24,1.0,0.0
MA0106202406A2464828,1,5,0.2850697292863002,3.79,1.0,0.0
MA0106202406A2464833,1,4,0.254306808859721,4.390000000000001,1.0,0.0
MA0106202406A2465146,1,5,0.2912223133716161,3.84,1.0,0.0
MA0106202406A2466094,1,4,0.2255947497949138,4.04,1.0,0.0
MA0106202406A2465129,1,4,0.2337981952420016,3.49,1.0,0.0
MA0106202406A2465100,1,5,0.2994257588187038,4.19,1.0,0.0
MA0106202406A2466289,1,4,0.2502050861361772,4.29,1.0,0.0
MA0106202406A2465399,1,5,0.3117309269893355,4.04,1.0,0.0
MA0106202406A2465529,1,5,0.3117309269893355,4.24,1.0,0.0
MA0106202406A2464877,1,5,0.2912223133716161,4.29,1.0,0.0
MA0106202406A2466105,1,5,0.258408531583265,4.34,1.0,0.0
MA0106202406A2465803,1,5,0.2809680065627563,4.29,1.0,0.0
MA0106202406A2464840,1,5,0.2727645611156686,3.94,1.0,0.0
MA0106202406A2465063,1,4,0.2399507793273174,4.04,1.0,0.0
MA0106202406A2465152,1,5,0.3178835110746513,4.44,0.0,0.0
MA0106202406A2464981,1,4,0.2214930270713699,4.24,1.0,0.0
MA0106202406A2465109,1,4,0.2481542247744052,3.74,0.0,0.0
MA0106202406A2465420,1,4,0.219442165709598,4.29,1.0,0.0
MA0106202406A2465425,1,5,0.2789171452009844,4.19,1.0,0.0
MA0106202406A2466087,1,4,0.2317473338802297,3.84,1.0,0.0
MA0106202406A2465534,1,4,0.2296964725184577,4.04,1.0,0.0
MA0106202406A2466377,1,4,0.2358490566037736,4.04,1.0,0.0
MA0106202406A2465114,1,4,0.217391304347826,4.59,1.0,0.0
MA0106202406A2465197,1,5,0.2686628383921247,3.84,1.0,0.0
MA0106202406A2466370,1,4,0.2091878589007383,4.14,1.0,0.0
MA0106202406A2466369,1,4,0.2030352748154225,4.69,1.0,0.0
MA0106202406A2464902,1,4,0.2317473338802297,4.390000000000001,1.0,0.0
MA0106202406A2464962,1,4,0.2378999179655455,4.24,1.0,0.0
MA0106202406A2464829,1,4,0.2214930270713699,4.14,1.0,0.0
MA0106202406A2464822,1,4,0.2153404429860541,4.640000000000001,1.0,0.0
MA0106202406A2465647,1,4,0.2050861361771944,4.34,1.0,0.0
MA0106202406A2465785,1,5,0.2625102543068088,4.04,1.0,0.0
MA0106202406A2465093,1,5,0.2666119770303527,3.74,1.0,0.0
MA0106202406A2466086,1,4,0.2009844134536505,4.19,1.0,0.0
MA0106202406A2464795,1,5,0.2686628383921247,4.09,1.0,0.0
MA0106202406A2465410,1,4,0.2502050861361772,4.19,1.0,0.0
MA0106202406A2464977,1,4,0.2440525020508613,4.49,1.0,0.0
MA0106202406A2464782,1,4,0.2276456111566858,3.89,1.0,0.0
MA0106202406A2464971,1,4,0.2317473338802297,4.44,1.0,0.0
MA0106202406A2465571,1,4,0.2378999179655455,4.34,1.0,0.0
MA0106202406A2465592,1,4,0.254306808859721,4.14,1.0,0.0
MA0106202406A2465541,1,4,0.2071369975389664,3.94,1.0,0.0
MA0106202406A2465130,1,4,0.2276456111566858,4.14,1.0,0.0
MA0106202406A2465424,1,4,0.2502050861361772,4.09,1.0,0.0
MA0106202406A2464838,1,4,0.2481542247744052,4.24,1.0,0.0
MA0106202406A2464953,1,4,0.2132895816242822,4.34,1.0,0.0
MA0106202406A2465518,1,5,0.3835110746513536,3.89,1.0,0.0
MA0106202406A2464906,1,4,0.2214930270713699,3.99,1.0,0.0
MA0106202406A2465537,1,5,0.3055783429040197,4.04,1.0,0.0
MA0106202406A2465643,1,4,0.217391304347826,4.34,1.0,0.0
MA0106202406A2466308,1,5,0.3076292042657916,4.24,1.0,0.0
MA0106202406A2465177,1,4,0.2481542247744052,3.74,1.0,0.0
MA0106202406A2466080,1,4,0.2358490566037736,3.89,1.0,0.0
MA0106202406A2464773,1,5,0.2748154224774405,4.14,1.0,0.0
MA0106202406A2464811,1,4,0.2461033634126333,4.29,1.0,0.0
MA0106202406A2465589,1,4,0.2522559474979491,4.24,1.0,0.0
MA0106202406A2464815,1,4,0.2317473338802297,3.69,1.0,0.0
MA0106202406A2464964,1,4,0.2255947497949138,4.04,1.0,0.0
MA0106202406A2465554,1,4,0.2481542247744052,4.29,1.0,0.0
MA0106202406A2464788,1,4,0.2337981952420016,4.49,1.0,0.0
MA0106202406A2465578,1,4,0.2337981952420016,4.34,1.0,0.0
MA0106202406A2466298,1,4,0.2461033634126333,3.99,1.0,0.0
MA0106202406A2465166,1,5,0.2830188679245283,4.14,1.0,0.0
MA0106202406A2465409,1,5,0.2953240360951599,4.19,1.0,0.0
MA0106202406A2465416,1,4,0.2420016406890894,4.44,1.0,0.0
MA0106202406A2464784,1,5,0.2625102543068088,4.34,1.0,0.0
MA0106202406A2466307,1,4,0.2461033634126333,4.29,1.0,0.0
MA0106202406A2466315,1,4,0.2276456111566858,4.390000000000001,1.0,0.0
MA0106202406A2465637,1,4,0.2420016406890894,4.29,1.0,0.0
MA0106202406A2465082,1,4,0.2440525020508613,4.14,1.0,0.0
MA0106202406A2466290,1,4,0.2214930270713699,4.14,1.0,0.0
MA0106202406A2465122,1,5,0.2666119770303527,3.69,1.0,0.0
MA0106202406A2465192,1,5,0.2768662838392124,4.390000000000001,1.0,0.0
MA0106202406A2465158,1,4,0.2502050861361772,4.24,1.0,0.0
MA0106202406A2464901,1,4,0.256357670221493,4.04,1.0,0.0
MA0106202406A2465521,1,4,0.2378999179655455,3.94,1.0,0.0
MA0106202406A2466557,1,4,0.2091878589007383,4.24,1.0,0.0
MA0106202406A2465151,1,4,0.2091878589007383,3.64,1.0,0.0
MA0106202406A2464780,1,5,0.3486464315012305,3.99,1.0,0.0
MA0106202406A2465182,1,4,0.2358490566037736,3.99,1.0,0.0
MA0106202406A2465164,1,4,0.2337981952420016,3.74,0.0,0.0
MA0106202406A2464826,1,4,0.2276456111566858,4.390000000000001,1.0,0.0
MA0106202406A2466085,1,4,0.2276456111566858,4.34,1.0,0.0
MA0106202406A2465595,1,4,0.2296964725184577,4.34,1.0,0.0
MA0106202406A2465642,1,4,0.217391304347826,4.24,1.0,0.0
MA0106202406A2464827,1,5,0.3342904019688269,4.34,1.0,0.0
MA0106202406A2465551,1,4,0.1989335520918786,4.69,1.0,0.0
MA0106202406A2465417,1,4,0.2358490566037736,3.84,1.0,0.0
MA0106202406A2464816,1,5,0.2707136997538966,3.84,1.0,0.0
MA0106202406A2465428,1,4,0.2440525020508613,3.69,1.0,0.0
MA0106202406A2465775,1,5,0.293273174733388,4.09,1.0,0.0
MA0106202406A2465535,1,4,0.2337981952420016,3.99,1.0,0.0
MA0106202406A2466093,1,4,0.2420016406890894,4.24,1.0,0.0
MA0106202406A2465606,1,4,0.2378999179655455,4.44,1.0,0.0
MA0106202406A2465607,1,4,0.2378999179655455,4.54,1.0,0.0
MA0106202406A2465790,1,4,0.256357670221493,4.09,1.0,0.0
MA0106202406A2465800,1,4,0.2522559474979491,4.04,1.0,0.0
MA0106202406A2464804,1,4,0.2358490566037736,4.14,1.0,0.0
MA0106202406A2465397,1,4,0.2235438884331419,4.54,1.0,0.0
MA0106202406A2465548,1,4,0.2440525020508613,4.29,1.0,0.0
MA0106202406A2465783,1,5,0.2871205906480722,3.89,1.0,0.0
MA0106202406A2465421,1,5,0.2666119770303527,3.89,1.0,0.0
MA0106202406A2466555,1,4,0.2132895816242822,4.09,1.0,0.0
MA0106202406A2465155,1,4,0.2420016406890894,4.34,1.0,0.0
MA0106202406A2466365,1,4,0.2235438884331419,3.99,1.0,0.0
MA0106202406A2464959,1,4,0.2071369975389664,3.64,1.0,0.0
MA0106202406A2465123,1,4,0.2420016406890894,4.19,1.0,0.0
MA0106202406A2465433,1,5,0.2809680065627563,4.34,1.0,0.0
MA0106202406A2465517,1,5,0.3363412633305989,4.19,0.0,0.0
MA0106202406A2465101,1,5,0.2768662838392124,4.09,1.0,0.0
MA0106202406A2464766,1,4,0.2378999179655455,4.390000000000001,1.0,0.0
MA0106202406A2464785,1,5,0.3568498769483183,4.19,1.0,0.0
MA0106202406A2465608,1,5,0.2748154224774405,4.09,1.0,0.0
MA0106202406A2464765,1,4,0.2502050861361772,4.34,1.0,0.0
MA0106202406A2465161,1,4,0.219442165709598,4.19,1.0,0.0
MA0106202406A2466313,1,5,0.3178835110746513,4.04,1.0,0.0
MA0106202406A2465614,1,4,0.2214930270713699,4.29,1.0,0.0
MA0106202406A2466092,1,4,0.2461033634126333,4.34,1.0,0.0
MA0106202406A2465170,1,4,0.254306808859721,4.14,1.0,0.0
MA0106202406A2465787,1,4,0.2112387202625102,3.99,1.0,0.0
MA0106202406A2465520,1,4,0.2214930270713699,4.04,1.0,0.0
MA0106202406A2465574,1,4,0.2522559474979491,4.19,1.0,0.0
MA0106202406A2465088,1,4,0.2502050861361772,4.19,1.0,0.0
MA0106202406A2465527,1,5,0.2686628383921247,3.64,1.0,0.0
MA0106202406A2466288,1,4,0.2296964725184577,3.99,1.0,0.0
MA0106202406A2465616,1,4,0.2112387202625102,4.24,1.0,0.0
MA0106202406A2466318,1,5,0.2666119770303527,4.14,1.0,0.0
MA0106202406A2465187,1,5,0.2604593929450369,4.34,1.0,0.0
MA0106202406A2464904,1,4,0.217391304347826,3.59,1.0,0.0
MA0106202406A2465168,1,5,0.3363412633305989,3.89,1.0,0.0
MA0106202406A2465084,1,4,0.2378999179655455,3.99,1.0,0.0
MA0106202406A2465062,1,4,0.2255947497949138,4.29,1.0,0.0
MA0106202406A2465404,1,5,0.2727645611156686,3.94,1.0,0.0
MA0106202406A2466291,1,5,0.2953240360951599,4.04,1.0,0.0
MA0106202406A2464797,1,4,0.2502050861361772,4.390000000000001,1.0,0.0
MA0106202406A2465125,1,5,0.2727645611156686,4.34,0.0,0.0
MA0106202406A2465528,1,5,0.2891714520098442,4.14,1.0,0.0
MA0106202406A2464789,1,5,0.2994257588187038,3.89,1.0,0.0
MA0106202406A2466709,1,4,0.2440525020508613,4.09,1.0,0.0
MA0106202406A2465796,1,5,0.2891714520098442,3.84,1.0,0.0
MA0106202406A2465594,1,4,0.2461033634126333,4.390000000000001,1.0,0.0
MA0106202406A2465524,1,5,0.2645611156685807,4.19,1.0,0.0
MA0106202406A2466380,1,4,0.2214930270713699,3.74,1.0,0.0
MA0106202406A2465509,1,5,0.3260869565217391,4.14,1.0,0.0
MA0106202406A2465628,1,4,0.2214930270713699,4.44,1.0,0.0
MA0106202406A2464890,1,4,0.2522559474979491,4.19,1.0,0.0
MA0106202406A2464884,1,4,0.2440525020508613,3.74,1.0,0.0
MA0106202406A2466300,1,5,0.2604593929450369,3.99,1.0,0.0
MA0106202406A2466371,1,4,0.2235438884331419,4.24,1.0,0.0
MA0106202406A2465200,1,5,0.2830188679245283,4.04,1.0,0.0
MA0106202406A2465143,1,4,0.2337981952420016,3.34,1.0,0.0
MA0106202406A2464787,1,5,0.2809680065627563,4.34,1.0,0.0
MA0106202406A2464770,1,5,0.2891714520098442,4.09,1.0,0.0
MA0106202406A2464983,1,4,0.2153404429860541,4.29,1.0,0.0
MA0106202406A2465519,1,5,0.2727645611156686,4.04,1.0,0.0
MA0106202406A2465586,1,4,0.2337981952420016,4.34,1.0,0.0
MA0106202406A2465134,1,4,0.219442165709598,3.79,1.0,0.0
MA0106202406A2464768,1,4,0.2461033634126333,3.89,1.0,0.0
MA0106202406A2466309,1,5,0.2953240360951599,3.99,1.0,0.0
MA0106202406A2465559,1,5,0.3014766201804758,3.99,1.0,0.0
MA0106202406A2465544,1,5,0.2994257588187038,4.14,1.0,0.0
MA0106202406A2465073,1,5,0.3076292042657916,4.09,1.0,0.0
MA0106202406A2466317,1,4,0.2317473338802297,3.94,1.0,0.0
MA0106202406A2466372,1,4,0.2132895816242822,3.94,1.0,0.0
MA0106202406A2464805,1,4,0.2358490566037736,3.94,1.0,0.0
MA0106202406A2465079,1,4,0.2276456111566858,4.34,1.0,0.0
MA0106202406A2465426,1,5,0.2809680065627563,4.34,1.0,0.0
MA0106202406A2465768,1,4,0.2399507793273174,4.390000000000001,1.0,0.0
MA0106202406A2466367,1,4,0.219442165709598,4.24,1.0,0.0
MA0106202406A2466320,1,4,0.2481542247744052,4.19,1.0,0.0
MA0106202406A2465617,1,5,0.258408531583265,4.29,1.0,0.0
MA0106202406A2466090,1,4,0.2440525020508613,4.09,1.0,0.0
MA0106202406A2465165,1,4,0.2461033634126333,4.44,1.0,0.0
MA0106202406A2465190,1,4,0.254306808859721,4.29,1.0,0.0
MA0106202406A2465601,1,5,0.2625102543068088,3.89,1.0,0.0
MA0106202406A2465427,1,5,0.2727645611156686,4.390000000000001,1.0,0.0
MA0106202406A2464803,1,4,0.2276456111566858,3.94,1.0,0.0
MA0106202406A2465794,1,5,0.3035274815422477,4.09,1.0,0.0
MA0106202406A2465086,1,4,0.2050861361771944,4.390000000000001,1.0,0.0
MA0106202406A2465169,1,4,0.2502050861361772,3.89,1.0,0.0
MA0106202406A2465538,1,5,0.2871205906480722,4.29,0.0,0.0
MA0106202406A2464834,1,4,0.2440525020508613,4.29,1.0,0.0
MA0106202406A2464776,1,5,0.2707136997538966,3.99,1.0,0.0
MA0106202406A2465515,1,4,0.2091878589007383,4.14,0.0,0.0
MA0106202406A2464791,1,5,0.258408531583265,4.390000000000001,1.0,0.0
MA0106202406A2465061,1,5,0.2850697292863002,3.89,1.0,0.0
MA0106202406A2465400,1,4,0.2522559474979491,3.99,0.0,0.0
MA0106202406A2464792,1,4,0.2378999179655455,4.390000000000001,1.0,0.0
MA0106202406A2466363,1,4,0.2112387202625102,3.79,1.0,0.0
MA0106202406A2465094,1,4,0.2358490566037736,4.04,1.0,0.0
MA0106202406A2465072,1,4,0.2296964725184577,4.44,1.0,0.0
MA0106202406A2465071,1,4,0.2481542247744052,3.89,1.0,0.0
MA0106202406A2465784,1,5,0.330188679245283,4.44,1.0,0.0
MA0106202406A2464892,1,5,0.2748154224774405,4.19,1.0,0.0
MA0106202406A2464772,1,4,0.2420016406890894,4.09,1.0,0.0
MA0106202406A2464800,1,4,0.2337981952420016,4.09,1.0,0.0
MA0106202406A2464968,1,5,0.2953240360951599,4.14,1.0,0.0
MA0106202406A2465113,1,4,0.2255947497949138,3.99,1.0,0.0
MA0106202406A2465598,1,5,0.258408531583265,4.34,1.0,0.0
MA0106202406A2465561,1,5,0.2604593929450369,4.14,1.0,0.0
MA0106202406A2464980,1,5,0.3178835110746513,4.44,1.0,0.0
MA0106202406A2466310,1,5,0.2809680065627563,4.14,1.0,0.0
MA0106202406A2466287,1,5,0.2789171452009844,4.29,1.0,0.0
MA0106202406A2465644,1,4,0.2461033634126333,4.34,1.0,0.0
MA0106202406A2465108,1,5,0.3035274815422477,4.09,0.0,0.0
MA0106202406A2465627,1,4,0.2358490566037736,4.19,1.0,0.0
MA0106202406A2464802,1,5,0.2830188679245283,4.09,1.0,0.0
MA0106202406A2465795,1,4,0.2461033634126333,4.29,1.0,0.0
MA0106202406A2466518,1,4,0.2317473338802297,4.14,1.0,0.0
MA0106202406A2464771,1,5,0.2666119770303527,3.94,1.0,0.0
MA0106202406A2465087,1,5,0.2891714520098442,3.64,1.0,0.0
MA0106202406A2465162,1,5,0.3240360951599672,4.09,1.0,0.0
MA0106202406A2465186,1,5,0.2686628383921247,4.09,1.0,0.0
MA0106202406A2466379,1,4,0.2030352748154225,4.59,1.0,0.0
MA0106202406A2465512,1,4,0.256357670221493,4.34,0.0,0.0
MA0106202406A2466100,1,4,0.2112387202625102,4.09,1.0,0.0
MA0106202406A2466292,1,5,0.330188679245283,4.29,1.0,0.0
MA0106202406A2464910,1,5,0.2625102543068088,3.99,1.0,0.0
MA0106202406A2465157,1,5,0.2727645611156686,4.29,1.0,0.0
MA0106202406A2465064,1,4,0.2255947497949138,3.89,1.0,0.0
MA0106202406A2466108,1,4,0.2255947497949138,4.49,1.0,0.0
MA0106202406A2466082,1,4,0.2296964725184577,4.29,1.0,0.0
MA0106202406A2464818,1,4,0.2276456111566858,4.640000000000001,1.0,0.0
MA0106202406A2465099,1,4,0.2235438884331419,4.24,1.0,0.0
MA0106202406A2465148,1,4,0.2296964725184577,4.19,1.0,0.0
MA0106202406A2465414,1,4,0.2337981952420016,4.29,1.0,0.0
MA0106202406A2465107,1,4,0.2235438884331419,3.94,1.0,0.0
MA0106202406A2466098,1,4,0.2337981952420016,4.34,1.0,0.0
MA0106202406A2465142,1,4,0.2358490566037736,4.390000000000001,1.0,0.0
MA0106202406A2466102,1,4,0.2153404429860541,4.09,1.0,0.0
MA0106202406A2465540,1,5,0.2604593929450369,4.24,1.0,0.0
MA0106202406A2465423,1,4,0.2255947497949138,4.19,1.0,0.0
MA0106202406A2465793,1,4,0.2502050861361772,3.49,1.0,0.0
MA0106202406A2465552,1,4,0.256357670221493,4.29,1.0,0.0
MA0106202406A2465567,1,4,0.2358490566037736,4.44,1.0,0.0
MA0106202406A2465622,1,5,0.2768662838392124,4.09,1.0,0.0
MA0106202406A2465584,1,4,0.2337981952420016,4.49,1.0,0.0
MA0106202406A2465631,1,4,0.2522559474979491,4.29,1.0,0.0
MA0106202406A2465523,1,4,0.219442165709598,4.24,0.0,0.0
MA0106202406A2465135,1,5,0.258408531583265,4.34,1.0,0.0
MA0106202406A2464905,1,5,0.2891714520098442,4.09,1.0,0.0
MA0106202406A2465432,1,5,0.2871205906480722,3.89,1.0,0.0
MA0106202406A2465102,1,4,0.254306808859721,3.84,1.0,0.0
MA0106202406A2465065,1,5,0.2912223133716161,4.09,1.0,0.0
MA0106202406A2465539,1,5,0.258408531583265,4.390000000000001,1.0,0.0
MA0106202406A2464809,1,4,0.2153404429860541,4.09,1.0,0.0
MA0106202406A2466103,1,5,0.3014766201804758,4.04,1.0,0.0
MA0106202406A2465569,1,4,0.2296964725184577,4.390000000000001,1.0,0.0
MA0106202406A2465128,1,4,0.2091878589007383,4.34,1.0,0.0
MA0106202406A2465801,1,4,0.2317473338802297,3.89,1.0,0.0
MA0106202406A2465797,1,5,0.2604593929450369,4.14,1.0,0.0
MA0106202406A2466364,1,5,0.2809680065627563,4.34,1.0,0.0
MA0106202406A2464806,1,4,0.2276456111566858,4.34,1.0,0.0
MA0106202406A2464911,1,5,0.2707136997538966,4.04,1.0,0.0
MA0106202406A2466001,1,4,0.2461033634126333,4.19,1.0,0.0
MA0106202406A2466286,1,4,0.2337981952420016,4.14,1.0,0.0
MA0106202406A2465104,1,4,0.2502050861361772,4.19,1.0,0.0
MA0106202406A2466376,1,4,0.2153404429860541,4.390000000000001,1.0,0.0
MA0106202406A2465604,1,5,0.2707136997538966,4.44,1.0,0.0
MA0106202406A2466381,1,4,0.2255947497949138,4.29,1.0,0.0
MA0106202406A2465189,1,5,0.2973748974569319,3.94,1.0,0.0
MA0106202406A2465636,1,5,0.2727645611156686,4.29,1.0,0.0
MA0106202406A2465172,1,4,0.2255947497949138,4.09,1.0,0.0
MA0106202406A2465078,1,5,0.2912223133716161,4.09,0.0,0.0
MA0106202406A2465160,1,5,0.2912223133716161,3.59,1.0,0.0
MA0106202406A2465612,1,4,0.2420016406890894,3.79,1.0,0.0
MA0106202406A2465060,1,4,0.2522559474979491,4.29,1.0,0.0
MA0106202406A2465111,1,4,0.2255947497949138,4.390000000000001,1.0,0.0
MA0106202406A2464969,1,5,0.2625102543068088,4.59,1.0,0.0
MA0106202406A2465514,1,5,0.2666119770303527,3.54,1.0,0.0
MA0106202406A2464908,1,4,0.2440525020508613,4.24,1.0,0.0
MA0106202406A2466708,1,4,0.2214930270713699,3.94,1.0,0.0
MA0106202406A2465771,1,5,0.2953240360951599,3.99,1.0,0.0
MA0106202406A2464819,1,4,0.2522559474979491,4.09,1.0,0.0
MA0106202406A2464786,1,4,0.2420016406890894,4.29,1.0,0.0
MA0106202406A2465121,1,4,0.2276456111566858,4.34,1.0,0.0
MA0106202406A2465804,1,5,0.2789171452009844,3.99,1.0,0.0
MA0106202406A2465615,1,4,0.2214930270713699,4.19,1.0,0.0
MA0106202406A2465511,1,4,0.2420016406890894,3.99,1.0,0.0
MA0106202406A2465630,1,4,0.2296964725184577,3.99,1.0,0.0
MA0106202406A2464817,1,4,0.219442165709598,4.49,1.0,0.0
MA0106202406A2465402,1,5,0.293273174733388,4.04,1.0,0.0
MA0106202406A2465199,1,4,0.2317473338802297,3.84,1.0,0.0
MA0106202406A2465092,1,5,0.4347826086956521,4.29,1.0,0.0
MA0106202406A2465120,1,4,0.2091878589007383,4.24,1.0,0.0
MA0106202406A2465153,1,4,0.217391304347826,4.29,1.0,0.0
MA0106202406A2466284,1,5,0.3814602132895816,4.19,1.0,0.0
MA0106202406A2465590,1,5,0.2707136997538966,3.99,1.0,0.0
MA0106202406A2466002,1,4,0.2132895816242822,4.19,1.0,0.0
MA0106202406A2465176,1,4,0.256357670221493,4.09,1.0,0.0
MA0106202406A2466083,1,5,0.2645611156685807,3.74,1.0,0.0
MA0106202406A2465412,1,5,0.2707136997538966,3.54,1.0,0.0
MA0106202406A2466375,1,4,0.2030352748154225,4.34,1.0,0.0
MA0106202406A2465572,1,5,0.2686628383921247,4.09,1.0,0.0
MA0106202406A2464960,1,5,0.2953240360951599,3.99,1.0,0.0
MA0106202406A2464966,1,4,0.2358490566037736,4.29,1.0,0.0
MA0106202406A2465139,1,5,0.2645611156685807,4.19,1.0,0.0
MA0106202406A2465522,1,4,0.2132895816242822,3.79,1.0,0.0
MA0106202406A2465587,1,4,0.2461033634126333,4.24,1.0,0.0
MA0106202406A2465075,1,5,0.2871205906480722,4.29,1.0,0.0
MA0106202406A2465183,1,4,0.2461033634126333,3.74,1.0,0.0
MA0106202406A2465782,1,4,0.254306808859721,4.24,1.0,0.0
MA0106202406A2466556,1,4,0.2153404429860541,4.19,1.0,0.0
MA0106202406A2465191,1,4,0.2502050861361772,3.94,1.0,0.0
MA0106202406A2465171,1,5,0.3691550451189499,4.09,1.0,0.0
MA0106202406A2465429,1,5,0.2850697292863002,3.94,1.0,0.0
MA0106202406A2465542,1,4,0.2420016406890894,3.99,1.0,0.0
MA0106202406A2464774,1,5,0.2850697292863002,4.04,1.0,0.0
MA0106202406A2465610,1,4,0.2337981952420016,4.09,1.0,0.0
MA0106202406A2465789,1,4,0.2317473338802297,4.34,1.0,0.0
MA0106202406A2465156,1,4,0.2522559474979491,4.34,1.0,0.0
MA0106202406A2465526,1,4,0.217391304347826,4.29,1.0,0.0
MA0106202406A2465085,1,5,0.3322395406070549,3.89,1.0,0.0
MA0106202406A2464979,1,4,0.256357670221493,4.59,1.0,0.0
MA0106202406A2465403,1,4,0.2296964725184577,4.04,0.0,0.0
MA0106202406A2465175,1,4,0.2071369975389664,4.09,1.0,0.0
MA0106202406A2465195,1,4,0.256357670221493,4.19,1.0,0.0
MA0106202406A2466304,1,4,0.2358490566037736,4.14,1.0,0.0
MA0106202406A2464951,1,4,0.2255947497949138,3.94,1.0,0.0
MA0106202406A2465776,1,4,0.2317473338802297,4.19,1.0,0.0
MA0106202406A2465140,1,4,0.2358490566037736,3.84,1.0,0.0
MA0106202406A2466097,1,4,0.2522559474979491,3.99,1.0,0.0
MA0106202406A2464900,1,4,0.2153404429860541,4.34,1.0,0.0
MA0106202406A2465530,1,4,0.2153404429860541,3.69,1.0,0.0
MA0106202406A2464814,1,4,0.2522559474979491,4.24,0.0,0.0
MA0106202406A2465118,1,4,0.2030352748154225,3.69,1.0,0.0
MA0106202406A2465532,1,5,0.2686628383921247,4.14,1.0,0.0
MA0106202406A2465510,1,5,0.2830188679245283,4.19,1.0,0.0
MA0106202406A2465585,1,5,0.3363412633305989,3.89,1.0,0.0
MA0106202406A2465788,1,4,0.2399507793273174,4.390000000000001,1.0,0.0
MA0106202406A2464832,1,4,0.2255947497949138,3.99,1.0,0.0
MA0106202406A2465137,1,5,0.293273174733388,4.14,1.0,0.0
MA0106202406A2464885,1,4,0.2296964725184577,4.44,1.0,0.0
MA0106202406A2465132,1,4,0.2440525020508613,4.390000000000001,1.0,0.0
MA0106202406A2465773,1,4,0.2378999179655455,4.04,1.0,0.0
MA0106202406A2466314,1,4,0.2399507793273174,4.09,1.0,0.0
MA0106202406A2464897,1,4,0.2522559474979491,4.49,1.0,0.0
MA0106202406A2465179,1,5,0.3014766201804758,4.04,1.0,0.0
MA0106202406A2464913,1,4,0.256357670221493,4.04,1.0,0.0
MA0106202406A2465613,1,4,0.2276456111566858,4.24,1.0,0.0
MA0106202406A2464767,1,5,0.2645611156685807,4.14,1.0,0.0
MA0106202406A2466081,1,4,0.2296964725184577,4.29,1.0,0.0
MA0106202406A2465116,1,4,0.2481542247744052,3.99,1.0,0.0
MA0106202406A2466299,1,5,0.2604593929450369,3.79,1.0,0.0
MA0106202406A2465408,1,4,0.2153404429860541,4.49,1.0,0.0
MA0106202406A2464984,1,4,0.2420016406890894,4.29,1.0,0.0
MA0106202406A2465070,1,4,0.2296964725184577,4.04,1.0,0.0
MA0106202406A2466296,1,5,0.258408531583265,4.09,1.0,0.0
MA0106202406A2465398,1,4,0.2337981952420016,4.04,1.0,0.0
MA0106202406A2465639,1,4,0.2399507793273174,4.29,1.0,0.0
MA0106202406A2465638,1,5,0.2666119770303527,4.49,1.0,0.0
MA0106202406A2465110,1,5,0.3137817883511074,4.29,0.0,0.0
MA0106202406A2465396,1,5,0.2809680065627563,4.29,1.0,0.0
MA0106202406A2465136,1,4,0.2378999179655455,3.84,1.0,0.0
MA0106202406A2464880,1,5,0.2830188679245283,3.89,1.0,0.0
MA0106202406A2464909,1,5,0.2953240360951599,4.29,1.0,0.0
MA0106202406A2465533,1,5,0.2666119770303527,4.14,1.0,0.0
MA0106202406A2465570,1,5,0.2850697292863002,4.14,1.0,0.0
MA0106202406A2464801,1,4,0.2317473338802297,4.24,1.0,0.0
MA0106202406A2466104,1,5,0.2645611156685807,4.14,1.0,0.0
MA0106202406A2465127,1,5,0.3322395406070549,4.14,1.0,0.0
MA0106202406A2465411,1,5,0.2666119770303527,3.89,1.0,0.0
MA0106202406A2466088,1,5,0.3465955701394586,4.49,1.0,0.0
MA0106202406A2465126,1,5,0.293273174733388,4.34,0.0,0.0
MA0106202406A2465401,1,4,0.2153404429860541,4.34,1.0,0.0
MA0106202406A2465188,1,4,0.2132895816242822,4.09,1.0,0.0
MA0106202406A2465115,1,4,0.2358490566037736,4.29,1.0,0.0
MA0106202406A2466084,1,4,0.2153404429860541,4.54,1.0,0.0
MA0106202406A2465577,1,5,0.258408531583265,4.49,1.0,0.0
MA0106202406A2464807,1,5,0.2768662838392124,4.29,1.0,0.0
MA0106202406A2466301,1,5,0.3322395406070549,3.99,1.0,0.0
MA0106202406A2464813,1,4,0.2317473338802297,3.89,1.0,0.0
MA0106202406A2465536,1,4,0.2461033634126333,3.89,1.0,0.0
MA0106202406A2465141,1,4,0.2522559474979491,4.09,1.0,0.0
MA0106202406A2465154,1,4,0.2337981952420016,4.04,1.0,0.0
MA0106202406A2465196,1,5,0.2645611156685807,4.14,1.0,0.0
MA0106202406A2464841,1,4,0.2440525020508613,4.19,1.0,0.0
MA0106202406A2465629,1,4,0.2502050861361772,4.14,1.0,0.0
MA0106202406A2466106,1,5,0.3342904019688269,4.34,1.0,0.0
MA0106202406A2465096,1,4,0.256357670221493,3.99,1.0,0.0
MA0106202406A2465413,1,4,0.2255947497949138,3.64,1.0,0.0
MA0106202406A2464769,1,4,0.2440525020508613,4.09,1.0,0.0
MA0106202406A2465119,1,5,0.2850697292863002,4.09,0.0,0.0
MA0106202406A2464893,1,4,0.2317473338802297,3.74,1.0,0.0
MA0106202406A2465138,1,5,0.2850697292863002,3.69,1.0,0.0
MA0106202406A2466311,1,5,0.2830188679245283,3.99,1.0,0.0
MA0106202406A2464821,1,4,0.2214930270713699,4.390000000000001,1.0,0.0
MA0106202406A2465602,1,5,0.2973748974569319,3.94,1.0,0.0
MA0106202406A2464967,1,5,0.951599671862182,2.79,1.0,0.0
MA0106202406A2465583,1,4,0.2481542247744052,4.24,0.0,0.0
MA0106202406A2464963,1,4,0.2153404429860541,4.54,1.0,0.0
MA0106202406A2465077,1,5,0.258408531583265,4.29,1.0,0.0
MA0106202406A2466110,1,4,0.2358490566037736,3.99,1.0,0.0
MA0106202406A2465769,1,4,0.2276456111566858,4.49,1.0,0.0
MA0106202406A2465599,1,5,0.3568498769483183,4.09,1.0,0.0
MA0106202406A2464887,1,4,0.2420016406890894,3.84,1.0,0.0
MA0106202406A2466285,1,5,0.2871205906480722,4.04,1.0,0.0
MA0106202406A2465565,1,4,0.2399507793273174,4.44,1.0,0.0
MA0106202406A2465513,1,5,0.2604593929450369,3.84,1.0,0.0
MA0106202406A2465193,1,4,0.2296964725184577,4.04,1.0,0.0
MA0106202406A2464777,1,4,0.2030352748154225,4.19,1.0,0.0
MA0106202406A2466711,1,4,0.256357670221493,4.19,1.0,0.0
MA0106202406A2465133,1,5,0.2830188679245283,3.79,1.0,0.0
MA0106202406A2464830,1,5,0.2727645611156686,4.14,1.0,0.0
MA0106202406A2465576,1,4,0.2337981952420016,4.29,1.0,0.0
MA0106202406A2465181,1,5,0.2973748974569319,3.94,1.0,0.0
MA0106202406A2465798,1,4,0.2358490566037736,4.14,1.0,0.0
MA0106202406A2464835,1,5,0.3158326497128794,3.79,1.0,0.0
MA0106202406A2464781,1,5,0.2871205906480722,4.49,1.0,0.0
MA0106202406A2466302,1,4,0.2440525020508613,3.94,1.0,0.0
MA0106202406A2466312,1,4,0.256357670221493,3.89,1.0,0.0
MA0106202406A2466096,1,5,0.3117309269893355,4.390000000000001,1.0,0.0
MA0106202406A2465180,1,5,0.2748154224774405,4.04,1.0,0.0
MA0106202406A2464978,1,5,0.2748154224774405,4.49,1.0,0.0
MA0106202406A2464836,1,4,0.217391304347826,3.94,1.0,0.0
MA0106202406A2465582,1,5,0.3630024610336341,4.19,1.0,0.0
MA0106202406A2465419,1,5,0.3117309269893355,3.84,1.0,0.0
MA0106202406A2465415,1,5,0.2748154224774405,4.14,1.0,0.0
MA0106202406A2465557,1,4,0.2358490566037736,4.390000000000001,1.0,0.0
MA0106202406A2465780,1,4,0.2420016406890894,4.09,1.0,0.0
MA0106202406A2465558,1,4,0.2276456111566858,4.34,1.0,0.0
MA0106202406A2465131,1,5,0.2748154224774405,4.29,1.0,0.0
MA0106202406A2464958,1,5,0.258408531583265,4.44,1.0,0.0
MA0106202406A2465147,1,5,0.258408531583265,4.34,1.0,0.0
MA0106202406A2464878,1,5,0.330188679245283,4.04,1.0,0.0
MA0106202411A1923931,1,1,0.0020508613617719,4.0,1.0,0.0
MA0106202411A0018078,1,2,0.0225594749794913,3.7,1.0,0.0
MA0106202411A0148737,1,3,0.0594749794913863,3.425,1.0,0.0
MA0106202411A2376577,1,4,0.1045939294503691,4.8,1.0,0.0
MA0106202411A2318012,1,0,0.0,0.0,1.0,0.0
MA0106202411A1057901,1,2,0.0164068908941755,2.0,1.0,0.0
MA0106202411A1826641,1,2,0.0184577522559474,5.0,1.0,0.0
MA0106202411A1030835,1,1,0.0041017227235438,4.32,1.0,0.0
MA0106202410A0037584,1,0,0.0,0.0,1.0,0.0
MA0106202410A1279201,1,5,1.0787530762920423,4.43,1.0,1.0
MA0106202410A2148437,1,2,0.0225594749794913,5.0,1.0,0.0
MA0106202410A0148655,1,0,0.0,0.0,0.0,0.0
MA0106202410A2121419,1,1,0.0102543068088597,0.0,1.0,1.0
MA0106202410A2149620,1,1,0.0082034454470877,4.8,1.0,1.0
MA0106202410A0744234,1,5,0.4265791632485644,0.0,0.0,0.0
MA0106202410A1081907,1,1,0.0123051681706316,5.0,1.0,0.0
MA0106202201A0027112,1,0,0.0,0.0,1.0,0.0
MA0106202201A0126936,1,2,0.0287120590648072,0.0,1.0,1.0
MA0106202201A0153411,1,3,0.0615258408531583,4.220000000000001,1.0,0.0
MA0106202201A0153498,1,4,0.182526661197703,4.359999999999999,1.0,0.0
MA0106202201A0153289,1,3,0.0512715340442986,4.734999999999999,1.0,0.0
MA0106202201A0153096,1,4,0.1004922067268252,4.255,1.0,0.0
MA0106202201A0153342,1,0,0.0,0.0,1.0,0.0
MA0106202201A0153192,1,4,0.145611156685808,4.4350000000000005,1.0,0.0
MA0106202201A0605704,1,4,0.182526661197703,4.465,1.0,0.0
MA0106202201A0153280,1,3,0.071780147662018,4.33,1.0,0.0
MA0106202201A0153335,1,3,0.0656275635767022,4.345,1.0,0.0
MA0106202201A0153302,1,4,0.2214930270713699,4.365,1.0,1.0
MA0106202201A0153632,1,3,0.0471698113207547,4.145,1.0,0.0
MA0106202201A0153247,1,4,0.1886792452830188,4.165,1.0,0.0
MA0106202201A0153202,1,3,0.0533223954060705,4.6,1.0,0.0
MA0106202201A0494782,1,5,0.4573420836751435,3.85,1.0,0.0
MA0106202201A0494783,1,4,0.1148482362592288,4.29,1.0,0.0
MA0106202201A0614593,1,1,0.0123051681706316,4.005,1.0,0.0
MA0106202201A0046680,1,0,0.0,0.0,1.0,0.0
MA0106202201A0153626,1,3,0.0861361771944216,4.205,1.0,0.0
MA0106202201A0153278,1,2,0.0246103363412633,4.77,1.0,0.0
MA0106202201A0153458,1,4,0.2112387202625102,4.255,1.0,0.0
MA0106202201A0153150,1,3,0.0594749794913863,4.0200000000000005,1.0,0.0
MA0106202201A0153384,1,4,0.1025430680885972,4.05,1.0,1.0
MA0106202201A0153575,1,1,0.0102543068088597,3.6,1.0,0.0
MA0106202201A0153557,1,3,0.0430680885972108,4.16,1.0,0.0
MA0106202201A0153085,1,4,0.2378999179655455,4.085,1.0,0.0
MA0106202201A0153590,1,0,0.0,0.0,1.0,0.0
MA0106202201A0153122,1,3,0.0779327317473338,4.43,1.0,0.0
MA0106202201A0153383,1,4,0.1907301066447908,3.88,1.0,0.0
MA0106202201A0153148,1,3,0.0861361771944216,3.79,1.0,0.0
MA0106202201A0153318,1,0,0.0,0.0,1.0,0.0
MA0106202201A0153163,1,3,0.0779327317473338,4.205,1.0,0.0
MA0106202201A0153110,1,4,0.1497128794093519,4.34,1.0,0.0
MA0106202201A0269486,1,0,0.0,4.63,1.0,0.0
MA0106202201A0605684,1,5,0.3137817883511074,3.89,1.0,0.0
MA0106202201A0605690,1,5,0.3035274815422477,3.9,1.0,0.0
MA0106202201A0611329,1,5,1.3084495488105006,3.91,1.0,0.0
MA0106202201A0036773,1,5,0.9044298605414274,0.0,1.0,1.0
MA0106202201A0047341,1,0,0.0,0.0,1.0,0.0
MA0106202201A0153582,1,5,0.2645611156685807,3.795,1.0,0.0
MA0106202201A0153276,1,4,0.1415094339622641,4.03,1.0,0.0
MA0106202201A0153113,1,4,0.1312551271534044,4.32,1.0,0.0
MA0106202201A0153112,1,4,0.1292042657916325,4.105,1.0,0.0
MA0106202201A0153309,1,4,0.2235438884331419,3.975,1.0,0.0
MA0106202201A0153286,1,0,0.0,0.0,1.0,0.0
MA0106202201A0153290,1,4,0.1702214930270713,4.415,1.0,0.0
MA0106202201A0153617,1,3,0.0902378999179655,3.34,1.0,0.0
MA0106202201A0153426,1,4,0.145611156685808,4.57,1.0,0.0
MA0106202201A0153585,1,0,0.0,0.0,1.0,0.0
MA0106202201A0153183,1,0,0.0,0.0,1.0,0.0
MA0106202201A0153087,1,4,0.1763740771123872,4.49,1.0,0.0
MA0106202201A0605680,1,4,0.1640689089417555,4.585,1.0,0.0
MA0106202201A0605712,1,4,0.1886792452830188,4.505000000000001,1.0,0.0
MA0106202201A0605676,1,0,0.0,0.0,1.0,0.0
MA0106202201A0605730,1,5,0.5906480721903199,4.484999999999999,1.0,0.0
MA0106202201A0605700,1,4,0.2276456111566858,4.115,1.0,0.0
MA0106202201A0605723,1,3,0.0656275635767022,4.0,1.0,0.0
MA0106202201A0605673,1,5,0.2891714520098442,4.3,1.0,0.0
MA0106202201A0605699,1,0,0.0,0.0,1.0,0.0
MA0106202201A0036714,1,2,0.0266611977030352,0.0,1.0,1.0
MA0106202201A0026231,1,3,0.0881870385561936,3.0,1.0,0.0
MA0106202201A0026155,1,3,0.0389663658736669,3.3,1.0,0.0
MA0106202201A0153551,1,0,0.0,0.0,1.0,0.0
MA0106202201A0153240,1,0,0.0,0.0,1.0,0.0
MA0106202201A0153142,1,0,0.0,0.0,1.0,0.0
MA0106202201A0153346,1,4,0.1517637407711238,4.375,1.0,0.0
MA0106202201A0153161,1,4,0.1968826907301066,4.315,1.0,0.0
MA0106202201A0153333,1,0,0.0,0.0,1.0,0.0
MA0106202201A0153098,1,0,0.0,0.0,1.0,0.0
MA0106202201A0153522,1,3,0.0492206726825266,4.38,1.0,0.0
MA0106202201A0153439,1,4,0.1292042657916325,4.46,1.0,0.0
MA0106202201A0153481,1,0,0.0,0.0,1.0,0.0
MA0106202201A0153215,1,4,0.0943396226415094,4.609999999999999,1.0,0.0
MA0106202201A0153314,1,0,0.0,0.0,1.0,0.0
MA0106202201A0153428,1,4,0.1517637407711238,4.355,1.0,0.0
MA0106202201A0153130,1,0,0.0,0.0,1.0,0.0
MA0106202201A0153629,1,4,0.0984413453650533,4.27,1.0,0.0
MA0106202201A0153541,1,5,0.3342904019688269,3.645,1.0,0.0
MA0106202201A0153259,1,0,0.0,0.0,1.0,0.0
MA0106202201A0153547,1,0,0.0,0.0,1.0,0.0
MA0106202201A0153173,1,3,0.0697292863002461,3.63,1.0,0.0
MA0106202201A0153188,1,5,0.2994257588187038,3.435,1.0,0.0
MA0106202201A0422221,1,3,0.0840853158326497,4.42,1.0,0.0
MA0106202201A0422200,1,0,0.0,0.0,1.0,0.0
MA0106202201A0422203,1,3,0.0430680885972108,3.69,1.0,1.0
MA0106202201A0422204,1,0,0.0,0.0,1.0,0.0
MA0106202201A0422210,1,0,0.0,0.0,1.0,0.0
MA0106202201A0422208,1,0,0.0,4.14,1.0,0.0
MA0106202201A0422209,1,0,0.0,0.0,1.0,0.0
MA0106202201A0422226,1,0,0.0,0.0,1.0,0.0
MA0106202201A0056383,1,3,0.0553732567678424,4.305,1.0,0.0
MA0106202201A0056378,1,3,0.0430680885972108,3.52,1.0,0.0
MA0106202201A0056381,1,3,0.0594749794913863,4.005,1.0,0.0
MA0106202201A0153191,1,4,0.1476620180475799,4.295,1.0,0.0
MA0106202201A0153338,1,4,0.1312551271534044,4.140000000000001,1.0,0.0
MA0106202201A0153425,1,3,0.0758818703855619,4.535,1.0,0.0
MA0106202201A0154653,1,1,0.0020508613617719,4.75,1.0,0.0
MA0106202201A0153218,1,0,0.0,0.0,1.0,0.0
MA0106202201A0153623,1,4,0.1579163248564397,4.26,1.0,1.0
MA0106202201A0153633,1,4,0.1189499589827727,4.75,1.0,0.0
MA0106202201A0153109,1,4,0.1066447908121411,4.395,1.0,0.0
MA0106202201A0153220,1,4,0.0943396226415094,3.975,1.0,0.0
MA0106202201A0422220,1,3,0.0533223954060705,3.2,1.0,0.0
MA0106202201A0422218,1,0,0.0,0.0,1.0,0.0
MA0106202201A0422201,1,2,0.0205086136177194,5.0,1.0,0.0
MA0106202201A0422207,1,1,0.0020508613617719,3.0,1.0,0.0
MA0106202201A0422224,1,4,0.1353568498769483,0.0,1.0,0.0
MA0106202201A0026037,1,3,0.0430680885972108,3.8,1.0,0.0
MA0106202201A0046860,1,3,0.0615258408531583,3.935,1.0,0.0
MA0106202201A0046862,1,0,0.0,0.0,1.0,0.0
MA0106202201A0153531,1,0,0.0,0.0,1.0,0.0
MA0106202201A0153242,1,3,0.0635767022149302,3.71,1.0,0.0
MA0106202201A0153103,1,2,0.0307629204265791,4.4,1.0,0.0
MA0106202201A0153537,1,4,0.1230516817063166,4.234999999999999,1.0,0.0
MA0106202201A0153172,1,4,0.1394585726004922,4.529999999999999,1.0,0.0
MA0106202201A0153463,1,3,0.0758818703855619,4.44,1.0,0.0
MA0106202201A0440947,1,0,0.0,0.0,1.0,0.0
MA0106202201A0563001,1,3,0.0635767022149302,3.9,1.0,0.0
MA0106202201A0153144,1,4,0.1374077112387202,4.555,1.0,0.0
MA0106202201A0153182,1,2,0.0369155045118949,3.96,1.0,0.0
MA0106202201A0153388,1,4,0.0943396226415094,3.875,1.0,0.0
MA0106202201A0153123,1,5,0.2994257588187038,4.45,1.0,0.0
MA0106202201A0153165,1,3,0.0430680885972108,4.16,1.0,0.0
MA0106202201A0153076,1,3,0.0430680885972108,3.9,1.0,0.0
MA0106202201A0521169,1,3,0.0430680885972108,4.5,1.0,0.0
MA0106202201A0605707,1,5,0.5947497949138638,4.345,1.0,0.0
MA0106202201A0605696,1,1,0.0123051681706316,3.2,1.0,0.0
MA0106202201A0605687,1,3,0.0779327317473338,4.1,1.0,0.0
MA0106202201A0605692,1,5,0.4573420836751435,4.574999999999999,1.0,0.0
MA0106202201A0605683,1,4,0.2317473338802297,3.0,1.0,0.0
MA0106202201A0026121,1,3,0.0881870385561936,2.4,1.0,0.0
MA0106202201A0026070,1,3,0.0861361771944216,2.7,1.0,0.0
MA0106202201A0026145,1,4,0.1127973748974569,3.6,1.0,0.0
MA0106202201A0026215,1,2,0.0328137817883511,3.5,1.0,0.0
MA0106202201A0026163,1,3,0.071780147662018,3.2,1.0,0.0
MA0106202201A0025891,1,1,0.0020508613617719,0.0,1.0,0.0
MA0106202201A0153580,1,2,0.0246103363412633,3.84,1.0,0.0
MA0106202201A0153146,1,5,0.3260869565217391,4.425000000000001,1.0,0.0
MA0106202201A0153559,1,4,0.1148482362592288,3.665,1.0,0.0
MA0106202201A0153414,1,2,0.0164068908941755,3.6,1.0,0.0
MA0106202201A0153170,1,1,0.0061525840853158,5.0,1.0,0.0
MA0106202201A0153147,1,3,0.0635767022149302,4.1,1.0,0.0
MA0106202201A0153605,1,3,0.0861361771944216,3.74,1.0,0.0
MA0106202201A0522322,1,4,0.2358490566037736,4.140000000000001,1.0,1.0
MA0106202201A0604092,1,4,0.1168990976210008,3.69,1.0,0.0
MA0106202201A0605349,1,0,0.0,0.0,1.0,0.0
MA0106202201A0605352,1,0,0.0,0.0,1.0,0.0
MA0106202201A0605670,1,5,0.3814602132895816,4.16,1.0,0.0
MA0106202201A0605238,1,3,0.0389663658736669,4.5,1.0,0.0
MA0106202201A0605239,1,3,0.0553732567678424,3.9,1.0,0.0
MA0106202201A0605237,1,0,0.0,0.0,1.0,0.0
MA0106202201A0605245,1,2,0.0369155045118949,4.66,1.0,0.0
MA0106202201A0056389,1,3,0.0697292863002461,4.425,1.0,0.0
MA0106202201A0056379,1,3,0.0656275635767022,3.6,1.0,0.0
MA0106202201A0110929,1,4,0.2481542247744052,3.5,1.0,0.0
MA0106202201A0110928,1,4,0.1148482362592288,3.935,1.0,0.0
MA0106202201A0605354,1,0,0.0,0.0,1.0,0.0
MA0106202201A0605353,1,5,0.6788351107465135,2.9,1.0,0.0
MA0106202201A0153422,1,4,0.1312551271534044,4.48,1.0,0.0
MA0106202201A0153100,1,5,0.3363412633305989,3.91,1.0,0.0
MA0106202201A0153432,1,3,0.0799835931091058,3.78,1.0,0.0
MA0106202201A0153379,1,4,0.1640689089417555,3.46,1.0,0.0
MA0106202201A0153078,1,0,0.0,0.0,1.0,0.0
MA0106202201A0153243,1,2,0.0307629204265791,4.5,1.0,0.0
MA0106202201A0153128,1,4,0.0943396226415094,4.074999999999999,1.0,0.0
MA0106202201A0153262,1,4,0.1517637407711238,3.78,1.0,0.0
MA0106202201A0153084,1,4,0.0922887612797374,4.5,1.0,0.0
MA0106202201A0153507,1,5,0.3630024610336341,4.115,1.0,0.0
MA0106202201A0153532,1,3,0.0512715340442986,4.27,1.0,0.0
MA0106202201A0153435,1,3,0.0881870385561936,4.535,1.0,0.0
MA0106202201A0153456,1,0,0.0,0.0,1.0,0.0
MA0106202201A0604099,1,0,0.0,0.0,1.0,0.0
MA0106202201A0604098,1,0,0.0,0.0,1.0,0.0
MA0106202201A0629188,1,3,0.0820344544708777,3.925,1.0,0.0
MA0106202201A0153226,1,3,0.0410172272354388,4.4350000000000005,1.0,0.0
MA0106202201A0153478,1,3,0.0574241181296144,4.645,1.0,0.0
MA0106202201A0153443,1,3,0.0738310090237899,4.49,1.0,0.0
MA0106202201A0153526,1,0,0.0,0.0,1.0,0.0
MA0106202201A0153614,1,3,0.0738310090237899,3.96,1.0,0.0
MA0106202201A0153238,1,5,0.3383921246923708,4.285,1.0,0.0
MA0106202201A0153232,1,4,0.1066447908121411,4.71,1.0,0.0
MA0106202201A0153316,1,4,0.1251025430680886,3.925,1.0,0.0
MA0106202201A0153371,1,2,0.0287120590648072,4.7,1.0,0.0
MA0106202201A0153339,1,3,0.0840853158326497,3.705,1.0,0.0
MA0106202201A0153205,1,3,0.0615258408531583,4.6,1.0,0.0
MA0106202201A0153233,1,4,0.0943396226415094,4.175,1.0,0.0
MA0106202201A0153312,1,0,0.0,0.0,1.0,0.0
MA0106202201A0153625,1,2,0.0307629204265791,4.3,1.0,0.0
MA0106202201A0153185,1,4,0.1045939294503691,4.41,1.0,0.0
MA0106202201A0153639,1,4,0.1866283839212469,3.88,1.0,0.0
MA0106202201A0153515,1,4,0.1333059885151763,4.52,1.0,0.0
MA0106202201A0153174,1,3,0.0492206726825266,3.91,1.0,0.0
MA0106202201A0153598,1,4,0.1148482362592288,4.465,1.0,0.0
MA0106202201A0153301,1,5,0.2789171452009844,4.42,1.0,0.0
MA0106202201A0153189,1,3,0.0512715340442986,3.835,1.0,0.0
MA0106202201A0153234,1,2,0.0205086136177194,3.4450000000000003,1.0,0.0
MA0106202201A0153599,1,4,0.1045939294503691,4.665,1.0,0.0
MA0106202201A0153162,1,2,0.0328137817883511,4.42,1.0,0.0
MA0106202201A0153510,1,4,0.1045939294503691,4.29,1.0,0.0
MA0106202201A0153177,1,3,0.0430680885972108,4.16,1.0,0.0
MA0106202201A0153375,1,3,0.0697292863002461,4.2,1.0,0.0
MA0106202201A0605685,1,3,0.0389663658736669,3.3,1.0,0.0
MA0106202201A0605732,1,4,0.0922887612797374,4.51,1.0,0.0
MA0106202201A0605734,1,0,0.0,0.0,1.0,0.0
MA0106202201A0026023,1,3,0.0840853158326497,3.59,1.0,0.0
MA0106202201A0153512,1,4,0.1107465135356849,3.98,1.0,0.0
MA0106202201A0153227,1,4,0.1968826907301066,3.625,1.0,0.0
MA0106202201A0153171,1,2,0.0164068908941755,4.4,1.0,0.0
MA0106202201A0153635,1,0,0.0,0.0,1.0,0.0
MA0106202201A0153381,1,4,0.1210008203445447,3.87,1.0,0.0
MA0106202201A0153565,1,0,0.0,0.0,1.0,0.0
MA0106202201A0153543,1,2,0.0246103363412633,4.08,1.0,0.0
MA0106202201A0153540,1,0,0.0,0.0,1.0,0.0
MA0106202201A0153324,1,4,0.1415094339622641,4.08,1.0,0.0
MA0106202201A0153479,1,2,0.0369155045118949,4.4,1.0,1.0
MA0106202201A0153261,1,4,0.0984413453650533,4.470000000000001,1.0,0.0
MA0106202201A0153326,1,4,0.2091878589007383,4.285,1.0,0.0
MA0106202201A0153387,1,4,0.1107465135356849,4.2,1.0,0.0
MA0106202201A0153288,1,1,0.0102543068088597,4.795,1.0,0.0
MA0106202201A0153181,1,4,0.2296964725184577,4.34,1.0,0.0
MA0106202201A0153166,1,4,0.1066447908121411,4.125,1.0,0.0
MA0106202201A0154457,1,5,1.989335520918786,3.615,1.0,0.0
MA0106202201A0153264,1,3,0.0574241181296144,4.09,1.0,0.0
MA0106202201A0605688,1,4,0.2358490566037736,3.8,1.0,0.0
MA0106202201A0605671,1,4,0.1168990976210008,4.13,1.0,0.0
MA0106202201A0605675,1,4,0.1066447908121411,4.655,1.0,0.0
MA0106202201A0625930,1,1,0.0123051681706316,3.8,1.0,0.0
MA0106202201A0153267,1,3,0.0840853158326497,3.92,1.0,0.0
MA0106202201A0153552,1,3,0.0389663658736669,4.0,1.0,0.0
MA0106202201A0153493,1,4,0.1415094339622641,4.279999999999999,1.0,0.0
MA0106202201A0153520,1,2,0.0266611977030352,3.785,1.0,0.0
MA0106202201A0153330,1,4,0.0922887612797374,3.845,1.0,0.0
MA0106202201A0153155,1,4,0.1312551271534044,4.62,1.0,0.0
MA0106202201A0153224,1,3,0.0656275635767022,4.33,1.0,0.0
MA0106202201A0153567,1,4,0.108695652173913,4.175,1.0,0.0
MA0106202201A0153160,1,4,0.1148482362592288,4.09,1.0,0.0
MA0106202201A0153175,1,3,0.0697292863002461,4.234999999999999,1.0,0.0
MA0106202201A0153089,1,3,0.0533223954060705,4.625,1.0,0.0
MA0106202201A0153393,1,3,0.0779327317473338,4.5,1.0,0.0
MA0106202201A0299892,1,2,0.0328137817883511,0.0,1.0,0.0
MA0106202201A0563235,1,4,0.2030352748154225,4.53,1.0,0.0
MA0106202201A0563236,1,0,0.0,0.0,1.0,0.0
MA0106202201A0605711,1,0,0.0,0.0,1.0,0.0
MA0106202201A0605703,1,5,0.3630024610336341,4.24,1.0,1.0
MA0106202201A0605702,1,5,0.6296144380639869,4.56,1.0,0.0
MA0106202201A0085275,1,3,0.0594749794913863,2.5,1.0,0.0
MA0106202201A0154652,1,1,0.0020508613617719,4.75,1.0,0.0
MA0106202201A0605733,1,5,0.4593929450369155,4.12,1.0,0.0
MA0106202201A0010030,1,2,0.0205086136177194,3.0,1.0,0.0
MA0106202201A0153527,1,3,0.0758818703855619,4.23,1.0,0.0
MA0106202201A0153295,1,3,0.0697292863002461,4.640000000000001,1.0,0.0
MA0106202201A0153119,1,1,0.0143560295324036,4.8,1.0,0.0
MA0106202206A1069982,1,2,0.0164068908941755,5.0,1.0,0.0
MA0106202203A1064679,1,4,0.219442165709598,4.015,1.0,0.0
MA0106202204A1098714,1,0,0.0,0.0,1.0,0.0
MA0106202208A0009956,1,1,0.0143560295324036,0.0,1.0,0.0
MA0106202205A0153678,1,2,0.0246103363412633,3.3,1.0,0.0
MA0106202204A2001802,1,1,0.0020508613617719,1.0,1.0,0.0
MA0106202208A0602732,1,0,0.0,0.0,1.0,1.0
MA0106202203A0792421,1,4,0.1886792452830188,3.8,1.0,0.0
MA0106202208A1069895,1,4,0.0943396226415094,4.640000000000001,1.0,0.0
MA0106202208A0603260,1,0,0.0,0.0,1.0,0.0
MA0106202206A0153132,1,3,0.0410172272354388,4.3,1.0,0.0
MA0106202207A0036971,1,4,0.1538146021328958,3.775,1.0,1.0
MA0106202207A0036970,1,5,0.5188679245283019,3.695,1.0,0.0
MA0106202207A0036966,1,2,0.0225594749794913,3.6,1.0,0.0
MA0106202207A0036972,1,4,0.2050861361771944,2.0,1.0,0.0
MA0106202207A0036967,1,4,0.2378999179655455,3.2,1.0,0.0
MA0106202207A0036968,1,4,0.1292042657916325,1.9,1.0,0.0
MA0106202207A0036969,1,5,0.4265791632485644,3.645,1.0,0.0
MA0106202203A0635108,1,4,0.0984413453650533,2.3,1.0,0.0
MA0106202203A0659910,1,1,0.0123051681706316,3.7,1.0,0.0
MA0106202204A1068336,1,3,0.0779327317473338,4.3,1.0,0.0
MA0106202204A1068314,1,2,0.034864643150123,4.74,1.0,0.0
MA0106202204A1068318,1,0,0.0,0.0,1.0,0.0
MA0106202204A1068267,1,2,0.0369155045118949,5.0,1.0,0.0
MA0106202205A1179454,1,1,0.0020508613617719,2.0,1.0,0.0
MA0106202208A0036997,1,5,0.4183757178014766,3.145,1.0,0.0
MA0106202208A0036990,1,3,0.0697292863002461,3.45,1.0,0.0
MA0106202205A1179555,1,5,0.2768662838392124,4.0,1.0,0.0
MA0106202205A1179572,1,4,0.2071369975389664,4.09,1.0,0.0
MA0106202208A0036991,1,4,0.2112387202625102,2.7,1.0,0.0
MA0106202208A0036995,1,3,0.0697292863002461,3.525,1.0,1.0
MA0106202208A0036989,1,4,0.1804757998359311,2.8,1.0,0.0
MA0106202205A1072911,1,3,0.0594749794913863,3.0,1.0,0.0
MA0106202208A1177152,1,3,0.0840853158326497,3.6,1.0,1.0
MA0106202202A1647276,1,3,0.0512715340442986,4.6,1.0,0.0
MA0106202202A1647277,1,0,0.0,0.0,1.0,0.0
MA0106202205A1976372,1,1,0.0061525840853158,3.3,1.0,0.0
MA0106202203A1169564,1,1,0.0123051681706316,4.3,1.0,1.0
MA0106202206A0966721,1,2,0.0164068908941755,5.0,1.0,0.0
MA0106202208A1177159,1,2,0.0246103363412633,4.0,1.0,0.0
MA0106202207A0604094,1,5,0.477850697292863,4.465,1.0,0.0
MA0106202410A2247067,1,3,0.0574241181296144,0.0,0.0,0.0
MA0106202410A1109785,1,4,0.1558654634946677,0.0,1.0,0.0
MA0106202201A0637118,1,0,0.0,0.0,1.0,0.0
MA0106202201A0636267,1,5,0.4532403609515997,3.78,1.0,0.0
MA0106202201A0636250,1,0,0.0,0.0,1.0,0.0
MA0106202201A0636272,1,5,0.4532403609515997,3.78,1.0,0.0
MA0106202201A0636246,1,0,0.0,0.0,1.0,0.0
MA0106202201A0637170,1,3,0.0512715340442986,4.36,1.0,0.0
MA0106202201A0661093,1,3,0.0410172272354388,4.065,1.0,0.0
MA0106202201A0793149,1,0,0.0,0.0,1.0,0.0
MA0106202201A0793150,1,0,0.0,0.0,1.0,0.0
MA0106202201A0636265,1,4,0.182526661197703,3.77,1.0,0.0
MA0106202201A0636244,1,0,0.0,0.0,1.0,0.0
MA0106202201A0636286,1,0,0.0,0.0,1.0,0.0
MA0106202201A0636257,1,3,0.0635767022149302,4.745,1.0,0.0
MA0106202201A0636240,1,3,0.0451189499589827,2.3,1.0,0.0
MA0106202201A0655138,1,0,0.0,0.0,1.0,0.0
MA0106202201A0793148,1,0,0.0,0.0,1.0,0.0
MA0106202201A0636282,1,3,0.0779327317473338,4.4,1.0,0.0
MA0106202201A0636253,1,3,0.0410172272354388,4.21,1.0,0.0
MA0106202201A0636248,1,5,0.8695652173913043,4.39,1.0,0.0
MA0106202201A0636245,1,3,0.0389663658736669,4.27,1.0,0.0
MA0106202201A0636238,1,0,0.0,0.0,1.0,0.0
MA0106202201A0636256,1,0,0.0,0.0,1.0,0.0
MA0106202201A0636264,1,3,0.0676784249384741,3.535,1.0,0.0
MA0106202201A0720674,1,3,0.0389663658736669,4.5,1.0,0.0
MA0106202201A0636258,1,0,0.0,0.0,1.0,0.0
MA0106202201A0636261,1,0,0.0,0.0,1.0,0.0
MA0106202201A0821219,1,5,0.5742411812961444,4.1,1.0,0.0
MA0106202201A0636266,1,0,0.0,0.0,1.0,0.0
MA0106202201A0636269,1,0,0.0,0.0,1.0,0.0
MA0106202201A0636254,1,3,0.0574241181296144,3.685,1.0,0.0
MA0106202201A0636259,1,0,0.0,0.0,1.0,0.0
MA0106202201A0636243,1,4,0.1004922067268252,3.935,1.0,0.0
MA0106202201A0649861,1,0,0.0,0.0,1.0,0.0
MA0106202201A0650088,1,4,0.0963904840032813,3.8,1.0,0.0
MA0106202201A0666933,1,0,0.0,0.0,1.0,0.0
MA0106202201A0655318,1,0,0.0,0.0,1.0,0.0
MA0106202201A0831468,1,4,0.1538146021328958,4.4,1.0,0.0
MA0106202201A0663769,1,0,0.0,0.0,1.0,0.0
MA0106202201A0744191,1,0,0.0,4.6,1.0,0.0
MA0106202201A0846500,1,0,0.0,0.0,1.0,0.0
MA0106202209A0602911,1,4,0.2112387202625102,4.41,1.0,0.0
MA0106202209A0602917,1,5,0.2891714520098442,4.3,1.0,0.0
MA0106202209A1668138,1,0,0.0,0.0,1.0,0.0
MA0106202209A1177728,1,4,0.1333059885151763,3.6,1.0,0.0
MA0106202209A1177699,1,3,0.0553732567678424,3.6,1.0,0.0
MA0106202209A1177666,1,4,0.2214930270713699,3.5,1.0,1.0
MA0106202209A0036876,1,3,0.0574241181296144,4.6,1.0,1.0
MA0106202209A0036981,1,3,0.0697292863002461,2.8,1.0,0.0
MA0106202209A0036971,1,5,0.4163248564397047,2.995,1.0,0.0
MA0106202209A1043770,1,2,0.0266611977030352,2.6,1.0,0.0
MA0106202209A1043772,1,3,0.0512715340442986,3.6,1.0,0.0
MA0106202209A1070129,1,3,0.0615258408531583,4.7,1.0,0.0
MA0106202410A0428092,1,5,0.4819524200164068,4.62,1.0,1.0
MA0106202210A0601934,1,4,0.256357670221493,4.3,1.0,0.0
MA0106202210A0601912,1,4,0.2276456111566858,4.4,1.0,0.0
MA0106202210A0822531,1,5,0.5352748154224775,4.2,1.0,0.0
MA0106202210A1669537,1,3,0.0512715340442986,3.6,1.0,0.0
MA0106202210A1177866,1,4,0.1763740771123872,3.1,1.0,1.0
MA0106202210A1177897,1,5,0.4286300246103363,3.8,1.0,1.0
MA0106202410A2440549,1,3,0.0697292863002461,5.0,1.0,0.0
MA0106202409A2150697,1,5,0.6091058244462675,0.0,1.0,0.0
MA0106202409A0998670,1,2,0.0225594749794913,3.3,1.0,0.0
MA0106202211A1042645,1,3,0.0676784249384741,3.6,1.0,0.0
MA0106202211A0600052,1,4,0.1025430680885972,2.3,1.0,0.0
MA0106202211A1177581,1,4,0.1763740771123872,3.8,1.0,1.0
MA0106202409A1342201,1,0,0.0,0.0,1.0,0.0
MA0106202212A0599591,1,3,0.0389663658736669,4.7,1.0,0.0
MA0106202212A0036884,1,4,0.2502050861361772,2.7,1.0,0.0
MA0106202212A0996611,1,4,0.2255947497949138,3.8,1.0,1.0
MA0106202212A0996612,1,0,0.0,0.0,1.0,0.0
MA0106202212A1404856,1,1,0.0020508613617719,0.0,1.0,0.0
MA0106202301A0597172,1,5,0.3322395406070549,4.3,0.0,0.0
MA0106202301A0627279,1,4,0.1353568498769483,3.8,0.0,0.0
MA0106202301A1038265,1,2,0.0246103363412633,3.3,1.0,0.0
MA0106202301A0781850,1,3,0.071780147662018,4.44,1.0,1.0
MA0106202301A0576389,1,2,0.0287120590648072,0.0,1.0,0.0
MA0106202301A0597189,1,5,0.3076292042657916,3.8,1.0,0.0
MA0106202301A0720428,1,0,0.0,0.0,1.0,0.0
MA0106202301A1173448,1,3,0.0676784249384741,3.9,1.0,0.0
MA0106202301A0597135,1,0,0.0,0.0,1.0,0.0
MA0106202301A0597129,1,5,0.6542247744052503,4.07,1.0,0.0
MA0106202301A1173375,1,3,0.0615258408531583,3.8,1.0,0.0
MA0106202301A0151628,1,4,0.0922887612797374,3.33,0.0,0.0
MA0106202301A0151506,1,1,0.0041017227235438,1.0,0.0,0.0
MA0106202301A0036777,1,2,0.0369155045118949,2.0,1.0,0.0
MA0106202301A0151469,1,3,0.0410172272354388,2.71,0.0,0.0
MA0106202302A0596191,1,4,0.1435602953240361,3.4,1.0,0.0
MA0106202302A0036716,1,3,0.0553732567678424,3.625,1.0,1.0
MA0106202302A2200062,1,0,0.0,0.0,1.0,0.0
MA0106202302A2083763,1,0,0.0,0.0,1.0,0.0
MA0106202409A2017608,1,5,0.2973748974569319,5.0,1.0,0.0
MA0106202409A0032146,1,4,0.219442165709598,4.2,0.0,0.0
MA0106202303A1057219,1,3,0.0594749794913863,3.4,1.0,0.0
MA0106202303A0036509,1,3,0.0574241181296144,3.875,1.0,1.0
MA0106202303A0036494,1,3,0.0471698113207547,1.2,1.0,0.0
MA0106202303A0056225,1,5,0.3076292042657916,0.0,1.0,1.0
MA0106202303A0085805,1,5,0.4860541427399507,4.4,1.0,0.0
MA0106202303A0621398,1,3,0.0861361771944216,4.0,1.0,0.0
MA0106202303A0401972,1,0,0.0,0.0,1.0,0.0
MA0106202409A2460757,1,4,0.1497128794093519,4.775,0.0,0.0
MA0106202408A0639994,1,3,0.0902378999179655,4.3,1.0,1.0
MA0106202305A0151680,1,5,0.2830188679245283,4.745,1.0,0.0
MA0106202304A0036891,1,0,0.0,0.0,1.0,0.0
MA0106202304A0036895,1,1,0.0143560295324036,1.6,1.0,0.0
MA0106202304A0037368,1,0,0.0,0.0,1.0,0.0
MA0106202304A0596893,1,5,0.438884331419196,4.315,0.0,0.0
MA0106202304A0596932,1,5,0.2748154224774405,4.3,1.0,0.0
MA0106202304A1602523,1,2,0.034864643150123,4.0,1.0,0.0
MA0106202304A1576731,1,5,0.549630844954881,4.8,0.0,0.0
MA0106202304A0086541,1,3,0.0758818703855619,4.4,0.0,0.0
MA0106202305A1179622,1,3,0.0410172272354388,4.4,1.0,0.0
MA0106202305A1179632,1,4,0.1045939294503691,4.2,1.0,1.0
MA0106202305A1042081,1,3,0.0389663658736669,3.8,1.0,0.0
MA0106202304A1178157,1,4,0.1025430680885972,3.2,0.0,0.0
MA0106202304A1178217,1,3,0.0799835931091058,3.6,1.0,0.0
MA0106202304A1178167,1,4,0.1292042657916325,3.4,0.0,1.0
MA0106202305A0215680,1,2,0.034864643150123,3.4,1.0,0.0
MA0106202305A0036960,1,1,0.0143560295324036,1.6,1.0,0.0
MA0106202305A0036963,1,4,0.1661197703035274,2.5,1.0,0.0
MA0106202305A0596951,1,4,0.1127973748974569,4.8,1.0,0.0
MA0106202408A0809852,1,5,0.8244462674323216,4.6,1.0,1.0
MA0106202306A1606553,1,3,0.0430680885972108,3.2,1.0,0.0
MA0106202306A1141418,1,2,0.0205086136177194,3.615,1.0,0.0
MA0106202306A0036928,1,2,0.0225594749794913,2.1,0.0,0.0
MA0106202306A0151435,1,1,0.0143560295324036,4.4,1.0,0.0
MA0106202306A0151413,1,4,0.1025430680885972,4.715,0.0,0.0
MA0106202306A0996006,1,5,1.650943396226415,3.59,1.0,1.0
MA0106202408A1519798,1,4,0.2399507793273174,4.6,1.0,1.0
MA0106202307A1180768,1,3,0.0553732567678424,4.3,1.0,0.0
MA0106202307A1180657,1,4,0.1271534044298605,3.4,1.0,0.0
MA0106202307A0704072,1,5,1.251025430680886,4.365,1.0,1.0
MA0106202307A2051374,1,5,0.7998359310910583,0.0,1.0,0.0
MA0106202307A0046913,1,2,0.0164068908941755,5.0,1.0,0.0
MA0106202307A0704060,1,5,0.3999179655455291,3.9,0.0,0.0
MA0106202307A0704055,2,3,0.0594749794913863,4.3,1.0,0.0
MA0106202307A0704057,1,5,0.6296144380639869,0.0,0.0,0.0
MA0106202307A0704065,2,4,0.1415094339622641,3.9,0.0,0.0
MA0106202307A0704076,2,5,0.8182936833470057,4.1,1.0,0.0
MA0106202307A1330860,2,5,1.9380639868744876,0.0,1.0,0.0
MA0106202308A0703135,1,3,0.0512715340442986,4.4,1.0,0.0
MA0106202308A1069646,1,2,0.0369155045118949,4.4,1.0,0.0
MA0106202308A0624809,1,2,0.0205086136177194,3.0,0.0,0.0
MA0106202308A0624808,1,2,0.0369155045118949,5.0,1.0,0.0
MA0106202309A1926090,1,3,0.0574241181296144,4.4,1.0,1.0
MA0106202309A1183473,1,2,0.0328137817883511,3.7,0.0,0.0
MA0106202309A0009891,1,1,0.0143560295324036,3.0,1.0,0.0
MA0106202309A0386097,1,3,0.0451189499589827,3.3,1.0,0.0
MA0106202309A0963969,1,5,0.2748154224774405,3.4,0.0,0.0
MA0106202309A0036997,1,2,0.034864643150123,2.2,1.0,0.0
MA0106202310A2030851,1,3,0.0902378999179655,4.0,1.0,0.0
MA0106202408A0705913,1,4,0.1702214930270713,0.0,1.0,0.0
MA0106202311A1069329,1,5,0.2994257588187038,5.0,1.0,0.0
MA0106202311A1069327,1,2,0.0164068908941755,5.0,1.0,0.0
MA0103202406C0037827,1,1,0.0041017227235438,0.0,1.0,0.0
MA0106202312A1068695,1,3,0.0430680885972108,3.0,1.0,0.0
MA0106202402A1176444,1,2,0.034864643150123,4.0,0.0,0.0
MA0106202404A0546161,1,2,0.0307629204265791,4.15,1.0,0.0
MA0106202405A2222739,1,3,0.0471698113207547,3.6,0.0,0.0
MA0106202407A0146709,1,3,0.0430680885972108,4.6,1.0,0.0
MA0106202312A0509176,1,0,0.0,0.0,1.0,0.0
MA0106202401A0590165,1,0,0.0,0.0,1.0,0.0
MA0106202407A1605440,1,4,0.1333059885151763,2.4,0.0,0.0
MA0106202403A1177384,1,5,0.438884331419196,4.39,1.0,0.0
MA0106202403A0648558,1,5,1.4561115668580804,4.3,0.0,0.0
MA0106202403A0813921,2,5,0.918785890073831,3.3,1.0,0.0
MA0106202407A0108722,1,3,0.0492206726825266,4.5,1.0,0.0
MA0106202407A0108724,1,0,0.0,0.0,1.0,0.0
MA0106202404A0709147,2,0,0.0,0.0,1.0,0.0
MA0106202312A1180595,1,3,0.0615258408531583,4.7,1.0,1.0
MA0106202406A1063942,1,0,0.0,0.0,1.0,0.0
MA0106202312A0591654,1,3,0.0410172272354388,3.25,0.0,0.0
MA0106202401A1327815,2,5,1.9380639868744876,0.0,1.0,0.0
MA0106202403A0134319,1,1,0.0041017227235438,0.0,1.0,0.0
MA0106202403A0710461,1,1,0.0020508613617719,0.0,1.0,0.0
MA0106202401A1177875,1,4,0.108695652173913,4.3,1.0,1.0
MA0106202404A1615794,1,1,0.0143560295324036,5.0,1.0,0.0
MA0106202408A1102875,1,4,0.1538146021328958,3.0,1.0,0.0
MA0106202312A0992704,1,5,0.2891714520098442,2.9,1.0,0.0
MA0106202401A0056832,1,1,0.0061525840853158,5.0,1.0,0.0
MA0106202401A1605434,1,1,0.0102543068088597,5.0,1.0,0.0
MA0106202405A0150373,1,3,0.0553732567678424,4.7,1.0,0.0
MA0106202408A0424338,1,3,0.0594749794913863,0.0,1.0,1.0
MA0106202403A0037760,1,2,0.0266611977030352,1.8,1.0,0.0
MA0106202403A0116887,1,0,0.0,0.0,0.0,0.0
MA0106202406A1177018,1,1,0.0123051681706316,3.0,1.0,0.0
MA0106202404A0056682,1,4,0.0922887612797374,4.24,0.0,0.0
MA0106202404A0150277,1,1,0.0123051681706316,5.0,1.0,0.0
MA0106202407A1400105,1,5,0.3568498769483183,5.0,1.0,0.0
MA0106202312A0036877,1,3,0.0471698113207547,5.0,1.0,0.0
MA0106202401A0037774,2,3,0.0758818703855619,2.3,1.0,0.0
MA0106202404A2170401,2,1,0.0123051681706316,0.0,1.0,0.0
MA0106202404A2170403,1,1,0.0123051681706316,0.0,1.0,0.0
MA0106202407A1090893,1,2,0.0246103363412633,4.8100000000000005,1.0,0.0
MA0106202407A1604144,1,2,0.0266611977030352,3.1,1.0,0.0
MA0106202407A0843415,1,0,0.0,0.0,1.0,0.0
MA0106202407A1519364,1,4,0.1189499589827727,3.905,1.0,0.0
MA0106202407A0586389,1,1,0.0102543068088597,0.0,0.0,0.0
MA0106202409A2109560,1,1,0.0102543068088597,0.0,1.0,0.0
MA0106202409A1173127,1,2,0.0307629204265791,0.0,1.0,0.0
MA0106202409A1173111,1,3,0.0533223954060705,5.0,1.0,0.0
MA0106202409A0149162,1,4,0.254306808859721,4.2,1.0,0.0
MA0106202409A0037614,1,0,0.0,0.0,1.0,0.0
MA0106202409A0037623,1,3,0.0451189499589827,4.025,1.0,1.0
MA0106202407A0458629,1,4,0.1333059885151763,4.44,1.0,0.0
MA0106202407A2406061,1,4,0.1045939294503691,5.0,0.0,0.0
MA0106202408A0426242,1,1,0.0041017227235438,0.0,1.0,0.0
MA0106202408A1176369,1,2,0.0287120590648072,3.3,1.0,0.0
MA0106202408A0037708,1,2,0.0287120590648072,3.775,1.0,1.0
MA0106202408A0426240,1,1,0.0041017227235438,4.0,1.0,0.0
MA0106202408A0691361,1,2,0.0287120590648072,2.9,1.0,0.0
MA0106202408A0503911,1,0,0.0,0.0,1.0,0.0
MA0106202408A2122373,1,0,0.0,0.0,1.0,0.0
MA0106202408A1388373,1,2,0.0246103363412633,5.0,1.0,1.0
MA0106202407A1083297,1,5,0.3055783429040197,4.57,1.0,0.0
MA0106202407A2424907,1,5,0.367104183757178,0.0,1.0,1.0
MA0105202301E0377433,1,0,0.0,4.33,1.0,1.0
MA0105202301E0330768,1,0,0.0,0.0,1.0,0.0
MA0101202411A0185648,1,1,0.0020508613617719,5.0,1.0,0.0
MA0101202411A0177730,1,4,0.182526661197703,0.0,1.0,0.0
MA0101202411A0177421,1,5,1.8273174733388025,0.0,1.0,0.0
MA0101202411A0187196,1,2,0.0184577522559474,4.3,1.0,0.0
MA0101202411A0183745,1,1,0.0082034454470877,3.5,0.0,0.0
MA0101202411A0183157,1,0,0.0,0.0,1.0,0.0
MA0105202411E0000549,1,2,0.0328137817883511,0.0,0.0,1.0
MA0101202411A0177203,1,1,0.0061525840853158,4.3,1.0,0.0
MA0101202411A0181410,1,0,0.0,0.0,1.0,0.0
MA0106202407A2032995,1,5,0.8695652173913043,4.4,1.0,0.0
MA0106202404A1980216,1,4,0.1620180475799836,0.0,1.0,0.0
MA0106202406A0093197,1,5,0.7157506152584086,3.2,0.0,0.0
MA0106202405A2378868,1,0,0.0,0.0,0.0,0.0
MA0106202407A1436789,1,3,0.0492206726825266,5.0,1.0,0.0
MA0106202406A0222799,1,2,0.0307629204265791,5.0,1.0,0.0
MA0106202405A0309857,1,5,1.294093519278097,0.0,0.0,0.0
MA0106202407A1976877,1,3,0.0389663658736669,4.335,1.0,0.0
MA0106202405A1400143,1,1,0.0041017227235438,3.0,1.0,0.0
MA0106202404A1952480,1,5,0.3506972928630025,4.6,1.0,0.0
MA0106202405A0602581,1,5,0.3465955701394586,4.24,1.0,1.0
MA0106202404A1248289,1,2,0.0369155045118949,4.53,1.0,0.0
MA0106202405A1135331,1,2,0.0164068908941755,5.0,1.0,0.0
MA0106202404A0056751,1,4,0.1107465135356849,4.6,1.0,0.0
MA0106202405A1994590,1,3,0.0902378999179655,3.0,0.0,0.0
MA0106202405A1303694,1,0,0.0,0.0,0.0,0.0
MA0106202405A1521216,1,4,0.1722723543888433,0.0,0.0,1.0
MA0106202407A0579481,1,0,0.0,0.0,1.0,0.0
MA0106202405A1600265,1,4,0.2440525020508613,4.16,1.0,1.0
MA0106202404A0820002,1,0,0.0,0.0,0.0,0.0
MA0106202404A2083028,1,1,0.0143560295324036,0.0,1.0,0.0
MA0101202411A0182508,1,3,0.0410172272354388,3.3,0.0,1.0
MA0101202411A0181061,1,0,0.0,0.0,1.0,0.0
MA0101202411A0180637,1,5,1.9524200164068908,3.1,0.0,0.0
MA0101202411A0182017,1,5,0.7444626743232158,4.57,1.0,1.0
MA0101202411A0189248,1,4,0.2132895816242822,5.0,1.0,0.0
MA0106202312A0751123,1,2,0.0266611977030352,4.52,0.0,1.0
MA0106202311A0591883,1,1,0.0082034454470877,5.0,0.0,1.0
MA0106202311A1086282,1,5,0.5004101722723544,3.645,1.0,0.0
MA0106202311A0150810,1,1,0.0102543068088597,5.0,1.0,0.0
MA0106202311A0407029,1,5,0.734208367514356,4.48,1.0,0.0
MA0106202311A2354101,1,3,0.0881870385561936,5.0,1.0,1.0
MA0106202311A0883586,1,3,0.0861361771944216,4.82,1.0,0.0
MA0106202311A0151901,1,0,0.0,0.0,1.0,0.0
MA0106202311A1709874,1,1,0.0061525840853158,5.0,1.0,0.0
MA0106202311A1350133,1,0,0.0,0.0,1.0,0.0
MA0106202311A2446086,1,1,0.0143560295324036,0.0,1.0,1.0
MA0106202312A0610604,1,3,0.0451189499589827,4.375,1.0,1.0
MA0106202311A1998618,1,3,0.0902378999179655,3.0,0.0,0.0
MA0106202309A1165104,1,3,0.0615258408531583,4.3,1.0,1.0
MA0106202308A1391810,1,1,0.0041017227235438,0.0,0.0,0.0
MA0106202306A2041584,1,5,0.3506972928630025,4.7,1.0,1.0
MA0106202309A0595081,1,3,0.0697292863002461,5.0,1.0,1.0
MA0106202308A2111430,1,0,0.0,0.0,1.0,0.0
MA0106202307A0595586,1,1,0.0041017227235438,5.0,1.0,0.0
MA0106202310A2436324,1,1,0.0041017227235438,3.0,1.0,0.0
MA0106202309A1271125,1,0,0.0,0.0,1.0,0.0
MA0106202308A2284465,1,0,0.0,0.0,1.0,0.0
MA0106202307A0060294,1,1,0.0082034454470877,5.0,1.0,0.0
MA0106202307A1706245,1,0,0.0,0.0,1.0,0.0
MA0106202307A2037896,1,1,0.0082034454470877,4.34,1.0,1.0
MA0106202309A2143532,1,3,0.0758818703855619,4.1,1.0,0.0
MA0106202309A1820722,1,3,0.0676784249384741,4.1,1.0,0.0
MA0106202307A2373712,1,3,0.0492206726825266,0.0,1.0,0.0
MA0106202309A2291611,1,0,0.0,0.0,1.0,0.0
MA0106202308A0047308,1,1,0.0102543068088597,5.0,1.0,0.0
MA0106202310A0422339,1,4,0.1784249384741591,0.0,1.0,0.0
MA0106202309A0366882,1,2,0.0225594749794913,1.0,1.0,0.0
MA0106202308A0425938,1,1,0.0041017227235438,2.0,1.0,0.0
MA0106202307A1966157,1,3,0.0492206726825266,4.3,1.0,0.0
MA0106202306A0148508,1,2,0.0287120590648072,5.0,1.0,0.0
MA0106202309A0044403,1,0,0.0,0.0,1.0,0.0
MA0106202307A2345707,1,1,0.0041017227235438,0.0,1.0,1.0
MA0106202308A0972320,1,2,0.0307629204265791,4.37,1.0,0.0
MA0106202308A1375812,1,0,0.0,0.0,1.0,0.0
MA0106202307A0742552,1,4,0.0922887612797374,3.7,1.0,0.0
MA0106202306A0536714,1,0,0.0,0.0,1.0,0.0
MA0106202308A2208907,1,1,0.0102543068088597,5.0,1.0,0.0
MA0106202308A1077477,1,0,0.0,0.0,0.0,0.0
MA0106202309A2197413,1,2,0.0266611977030352,2.3,1.0,0.0
MA0106202307A2435194,1,1,0.0123051681706316,3.2,1.0,0.0
MA0106202306A0582702,1,5,0.6767842493847416,4.4,0.0,0.0
MA0106202306A0801837,1,3,0.0902378999179655,2.0,0.0,0.0
MA0106202201A2359431,1,1,0.0041017227235438,0.0,1.0,0.0
MA0106202201A1322757,1,1,0.0143560295324036,0.0,1.0,0.0
MA0106202201A0041400,1,4,0.1558654634946677,4.81,1.0,1.0
MA0106202201A1676880,1,0,0.0,0.0,1.0,0.0
MA0106202201A0083448,1,1,0.0020508613617719,0.0,1.0,0.0
MA0106202201A1333050,1,0,0.0,0.0,1.0,0.0
MA0106202201A2165510,1,5,0.916735028712059,4.48,1.0,0.0
MA0106202201A1608036,1,5,0.2912223133716161,4.73,1.0,0.0
MA0106202301A1079190,1,3,0.0389663658736669,0.0,1.0,0.0
MA0106202301A0097667,1,0,0.0,0.0,1.0,0.0
MA0106202301A0718429,1,2,0.0225594749794913,0.0,1.0,1.0
MA0106202301A0020537,1,2,0.0164068908941755,5.0,1.0,0.0
MA0106202301A0027087,1,0,0.0,0.0,1.0,0.0
MA0106202301A0572308,1,4,0.1312551271534044,4.73,0.0,1.0
MA0106202204A0806233,1,3,0.0820344544708777,3.4,1.0,0.0
MA0106202204A1954209,1,3,0.0512715340442986,2.8,1.0,0.0
MA0106202206A1265960,1,0,0.0,0.0,1.0,0.0
MA0106202204A1983088,1,0,0.0,0.0,1.0,0.0
MA0106202201A0663788,1,0,0.0,0.0,1.0,0.0
MA0106202204A1952587,1,1,0.0102543068088597,3.2,1.0,0.0
MA0106202201A1599099,1,2,0.0225594749794913,0.0,1.0,0.0
MA0106202202A1688828,1,4,0.1415094339622641,3.6,1.0,0.0
MA0106202205A0436157,1,0,0.0,0.0,1.0,1.0
MA0106202203A1542987,1,0,0.0,0.0,1.0,0.0
MA0106202201A1040480,1,2,0.0205086136177194,5.0,1.0,0.0
MA0106202202A2233704,1,1,0.0041017227235438,0.0,1.0,0.0
MA0106202212A0599302,1,1,0.0061525840853158,3.5,1.0,0.0
MA0106202206A1617682,1,3,0.0430680885972108,4.2,1.0,0.0
MA0106202209A1945188,1,4,0.1251025430680886,4.8,1.0,0.0
MA0106202207A1653396,1,1,0.0102543068088597,3.2,1.0,0.0
MA0106202212A1294675,1,4,0.1394585726004922,3.5,1.0,0.0
MA0106202212A1935445,1,4,0.1127973748974569,4.8,1.0,0.0
MA0106202210A0606948,1,3,0.0738310090237899,4.5,1.0,0.0
MA0106202209A0087494,1,2,0.0246103363412633,3.8,1.0,0.0
MA0106202209A0620370,1,0,0.0,0.0,1.0,0.0
MA0106202207A2015195,1,3,0.0451189499589827,3.485,1.0,0.0
MA0106202212A1134363,1,1,0.0041017227235438,5.0,1.0,0.0
MA0106202209A0490504,1,2,0.0287120590648072,4.2,1.0,0.0
MA0106202211A1669540,1,2,0.034864643150123,4.9,,
MA0106202209A0189228,1,0,0.0,0.0,1.0,0.0
MA0106202211A2088818,1,0,0.0,0.0,1.0,0.0
MA0106202211A1023932,1,5,2.06726825266612,4.16,1.0,0.0
MA0106202210A1955584,1,4,0.1251025430680886,4.645,1.0,0.0
MA0106202209A2199979,1,5,0.916735028712059,4.48,1.0,0.0
MA0106202208A0087465,1,3,0.0430680885972108,4.5,1.0,0.0
MA0106202212A2369306,1,3,0.0389663658736669,4.6,1.0,1.0
MA0106202207A2355848,1,2,0.0287120590648072,0.0,1.0,1.0
MA0106202206A1706544,1,3,0.071780147662018,4.0,1.0,0.0
MA0106202212A0604652,1,4,0.1004922067268252,5.0,1.0,1.0
MA0106202301A2008139,1,4,0.2071369975389664,0.0,1.0,0.0
MA0106202301A1071476,1,0,0.0,0.0,1.0,0.0
MA0106202212A1117135,1,0,0.0,0.0,1.0,0.0
MA0106202301A1337298,1,3,0.0758818703855619,4.465,1.0,1.0
MA0106202301A0087378,1,2,0.0266611977030352,4.324999999999999,1.0,0.0
MA0106202212A2426621,1,5,0.3958162428219852,0.0,1.0,0.0
MA0106202301A0148007,1,2,0.0184577522559474,2.5,0.0,0.0
MA0106202301A0470408,1,0,0.0,0.0,1.0,0.0
MA0106202301A0030386,1,3,0.0676784249384741,0.0,1.0,0.0
MA0106202301A2403335,1,4,0.0943396226415094,4.75,1.0,0.0
MA0106202301A0009953,1,1,0.0143560295324036,1.6,1.0,0.0
MA0106202301A0514074,1,1,0.0061525840853158,4.48,0.0,0.0
MA0106202301A1121231,1,0,0.0,0.0,1.0,0.0
MA0106202305A1610093,1,2,0.0307629204265791,4.3,1.0,1.0
MA0106202304A1017124,1,3,0.0492206726825266,0.0,0.0,1.0
MA0106202302A0595825,1,5,0.2994257588187038,4.0,1.0,0.0
MA0106202303A0130690,1,5,0.5106644790812142,4.29,1.0,0.0
MA0106202303A1044347,1,3,0.0656275635767022,0.0,1.0,0.0
MA0106202303A2113857,1,5,0.6091058244462675,0.0,1.0,0.0
MA0106202303A1149282,1,0,0.0,0.0,1.0,0.0
MA0106202306A1052366,1,2,0.0328137817883511,4.234999999999999,1.0,0.0
MA0106202303A2117369,1,1,0.0061525840853158,0.0,1.0,1.0
MA0106202301A2229333,1,2,0.0287120590648072,4.4,1.0,0.0
MA0106202304A1855554,1,4,0.1189499589827727,4.5600000000000005,1.0,0.0
MA0106202304A0516246,1,2,0.0184577522559474,4.0,1.0,0.0
MA0106202303A2230746,1,3,0.0389663658736669,4.6,1.0,0.0
MA0106202302A0224321,1,0,0.0,0.0,1.0,0.0
MA0106202304A1002762,1,0,0.0,0.0,0.0,0.0
MA0106202305A2268455,1,2,0.0164068908941755,1.7,1.0,0.0
MA0106202303A1387063,1,0,0.0,0.0,1.0,0.0
MA0106202304A1293169,1,3,0.0881870385561936,5.0,1.0,1.0
MA0106202303A0658045,1,0,0.0,0.0,1.0,0.0
MA0106202306A0399526,1,0,0.0,0.0,1.0,0.0
MA0106202304A0522355,1,1,0.0041017227235438,3.0,1.0,0.0
MA0106202201A0722612,1,0,0.0,0.0,1.0,0.0
MA0106202201A2354016,1,0,0.0,4.6,1.0,0.0
MA0106202201A1585913,1,2,0.0225594749794913,0.0,1.0,1.0
MA0106202201A0925922,1,4,0.2030352748154225,0.0,1.0,0.0
MA0106202201A1407627,1,0,0.0,0.0,1.0,0.0
MA0106202201A1646428,1,2,0.034864643150123,0.0,1.0,0.0
MA0106202201A1299846,1,3,0.0553732567678424,4.84,1.0,0.0
MA0106202201A0963655,1,3,0.0738310090237899,3.3,1.0,0.0
MA0106202201A1303313,1,0,0.0,0.0,1.0,0.0
MA0106202201A2057841,1,4,0.1415094339622641,0.0,1.0,1.0
MA0106202201A0584399,1,3,0.0430680885972108,3.405,1.0,0.0
MA0106202201A1345042,1,0,0.0,0.0,1.0,0.0
MA0106202201A1382983,1,0,0.0,0.0,1.0,0.0
MA0106202201A2031912,1,1,0.0041017227235438,0.0,1.0,0.0
MA0106202201A2063135,1,0,0.0,0.0,1.0,0.0
MA0106202201A0743551,1,5,1.4786710418375717,0.0,1.0,0.0
MA0106202201A1375147,1,4,0.1722723543888433,4.5,1.0,1.0
MA0106202201A0150735,1,5,0.3342904019688269,4.6,,
MA0106202201A0761257,1,3,0.0656275635767022,3.89,1.0,0.0
MA0106202201A1087855,1,2,0.0246103363412633,4.8100000000000005,1.0,0.0
MA0106202201A1987536,1,4,0.2071369975389664,0.0,1.0,0.0
MA0106202201A2015165,1,0,0.0,0.0,1.0,0.0
MA0106202201A1071261,1,4,0.145611156685808,4.7,1.0,0.0
MA0106202201A0730108,1,1,0.0020508613617719,0.0,1.0,0.0
MA0106202201A0598288,1,0,0.0,0.0,,
MA0106202201A2226520,1,1,0.0102543068088597,4.6,,
MA0106202201A1960447,1,0,0.0,0.0,1.0,0.0
MA0106202201A1411889,1,0,0.0,0.0,1.0,0.0
MA0106202201A0150524,1,2,0.0246103363412633,0.0,1.0,0.0
MA0106202201A1109806,1,0,0.0,0.0,1.0,0.0
MA0106202201A2354502,1,3,0.0840853158326497,4.5,1.0,0.0
