상가업소번호,period_score,floor_score,parking_score,5bin_review_score,minmax_review_score
MA010120220800000033,5,1.0,0.0,0,0.0
MA010120220800000302,5,1.0,1.0,3,0.00860395911502135
MA010120220800000971,5,1.0,0.0,5,0.108884106978174
MA010120220800001379,5,1.0,0.0,0,0.0
MA010120220800001558,5,1.0,0.0,3,0.016156462585034014
MA010120220800002698,5,1.0,0.0,5,1.0
MA010120220800002867,5,1.0,1.0,3,1.0
MA010120220800002889,5,1.0,0.0,0,0.0
MA010120220800003226,5,0.0,0.0,0,0.0
MA010120220800003634,5,1.0,0.0,1,6.469142191745375e-05
MA010120220800003898,5,1.0,0.0,3,0.018835616438356163
MA010120220800004660,1,1.0,0.0,5,0.3331608228748868
MA010120220800005369,5,1.0,0.0,1,0.0009703713287618062
MA010120220800005626,5,1.0,0.0,0,0.0
MA010120220800006673,5,1.0,0.0,1,0.0023809523809523807
MA010120220800007126,5,1.0,0.0,4,0.2582322357019064
MA010120220800007320,5,0.0,0.0,1,0.0011441647597254005
MA010120220800007378,5,1.0,0.0,1,0.0001293828438349075
MA010120220800008535,5,1.0,0.0,3,0.015170670037926675
MA010120220800009105,5,1.0,0.0,4,0.017078535386207787
MA010120220800009183,5,1.0,0.0,2,0.015136054421768708
MA010120220800009220,5,1.0,1.0,5,0.0879803338077371
MA010120220800013362,5,0.0,0.0,0,0.0
MA010120220800013429,5,1.0,1.0,4,0.1928191489361702
MA010120220800013501,5,1.0,0.0,5,0.4809358752166378
MA010120220800013605,5,1.0,0.0,2,0.023255813953488372
MA010120220800013834,5,1.0,0.0,0,0.0
MA010120220800014174,5,1.0,0.0,5,1.0
MA010120220800014726,1,0.0,0.0,0,0.0
MA010120220800014949,5,1.0,1.0,1,0.005245901639344262
MA010120220800016098,5,1.0,0.0,5,1.0
MA010120220800016667,5,0.0,0.0,0,0.0
MA010120220800016838,5,1.0,0.0,4,0.03467568398401476
MA010120220800017772,5,0.0,1.0,5,0.7936853565596081
MA010120220800018127,5,1.0,0.0,4,0.05006321112515803
MA010120220800018393,5,1.0,0.0,2,0.06983606557377049
MA010120220800019983,5,1.0,0.0,5,0.26014403653609697
MA010120220800020110,5,1.0,0.0,3,0.0
MA010120220800020280,5,1.0,0.0,3,0.0510250569476082
MA010120220800020809,5,1.0,0.0,3,0.008539267693103893
MA010120220800021606,5,1.0,0.0,4,0.17038468294396628
MA010120220800021629,5,1.0,1.0,5,0.08939440516446358
MA010120220800021661,5,0.0,0.0,4,0.020183723638245568
MA010120220800021663,5,1.0,1.0,4,0.022900763358778626
MA010120220800022072,5,1.0,0.0,3,0.0779896013864818
MA010120220800022528,4,1.0,0.0,3,0.052845528455284556
MA010120220800022626,5,1.0,0.0,3,0.18110918544194105
MA010120220800022739,5,1.0,0.0,4,0.1225407532321529
MA010120220800022809,5,1.0,1.0,0,0.0
MA010120220800022894,5,1.0,0.0,3,0.10471204188481675
MA010120220800023103,5,0.0,0.0,4,0.014555569931427093
MA010120220800023123,5,1.0,0.0,1,6.148170919151553e-05
MA010120220800023216,5,0.0,1.0,4,0.03857142857142857
MA010120220800023292,5,1.0,0.0,0,0.0
MA010120220800023619,5,1.0,0.0,3,0.07329842931937174
MA010120220800023973,5,1.0,0.0,4,0.061667488899852005
MA010120220800024000,5,1.0,0.0,4,0.14793187347931872
MA010120220800024291,5,1.0,0.0,3,0.03489439853076216
MA010120220800024389,5,1.0,0.0,3,0.015410958904109588
MA010120220800024464,5,1.0,0.0,1,0.0017391304347826085
MA010120220800024651,4,1.0,0.0,4,0.029368729096989968
MA010120220800024794,4,1.0,0.0,2,0.009732360097323601
MA010120220800024974,5,1.0,0.0,3,1.0
MA010120220800025092,5,1.0,0.0,2,0.02353767784999122
MA010120220800025310,5,1.0,0.0,3,0.0
MA010120220800025912,5,1.0,0.0,1,0.002599653379549393
MA010120220800026291,5,1.0,0.0,4,0.04753476611883692
MA010120220800026475,5,1.0,1.0,3,0.05897114178168131
MA010120220800026481,5,1.0,1.0,1,0.007942238267148015
MA010120220800026630,5,1.0,0.0,1,0.00547645125958379
MA010120220800026936,5,0.0,0.0,5,0.22335172814406043
MA010120220800027131,5,1.0,0.0,0,0.0
MA010120220800027631,5,1.0,0.0,3,0.0
MA010120220800028144,5,1.0,1.0,3,0.05897114178168131
MA010120220800028316,5,1.0,0.0,3,0.01075268817204301
MA010120220800028706,5,1.0,0.0,1,0.0014705882352941176
MA010120220800029250,5,1.0,0.0,3,0.019727891156462583
MA010120220800029362,5,1.0,0.0,4,0.41680672268907565
MA010120220800029475,5,1.0,0.0,3,0.00522594528127882
MA010120220800029549,5,1.0,0.0,3,0.09770491803278689
MA010120220800029586,5,1.0,0.0,4,0.014181850821290727
MA010120220800030036,5,1.0,0.0,4,0.00700891484783277
MA010120220800030084,5,1.0,0.0,1,0.00291970802919708
MA010120220800030108,5,1.0,0.0,3,0.4521158129175947
MA010120220800030119,5,1.0,0.0,2,0.018617021276595744
MA010120220800030217,5,1.0,0.0,0,0.0
MA010120220800030323,5,1.0,0.0,3,0.1655112651646447
MA010120220800030348,5,1.0,0.0,5,1.0
MA010120220800030710,5,1.0,0.0,5,0.0684906240393483
MA010120220800030749,5,1.0,0.0,1,0.0004728132387706856
MA010120220800030923,5,1.0,0.0,2,0.01448225923244026
MA010120220800031016,5,0.0,0.0,5,1.0
MA010120220800031058,5,1.0,0.0,5,0.09019366738395326
MA010120220800031143,5,1.0,0.0,2,0.00510204081632653
MA010120220800031379,5,1.0,0.0,3,1.0
MA010120220800031710,5,0.0,0.0,0,0.0
MA010120220800031772,5,1.0,0.0,5,0.0940581542351454
MA010120220800032087,5,1.0,0.0,0,0.0
MA010120220800032114,5,1.0,0.0,1,0.004928806133625411
MA010120220800032118,5,1.0,0.0,4,0.12006802721088435
MA010120220800032250,5,1.0,0.0,0,0.0
MA010120220800032823,5,1.0,0.0,1,0.012786885245901639
MA010120220800032863,5,0.0,0.0,5,0.06902654867256637
MA010120220800033032,5,1.0,1.0,1,0.030303030303030304
MA010120220800033085,5,1.0,0.0,3,0.022871046228710463
MA010120220800033275,5,1.0,0.0,2,0.003299262517790141
MA010120220800033480,5,1.0,0.0,2,0.00404551201011378
MA010120220800033679,5,1.0,0.0,3,0.0388457269700333
MA010120220800033726,5,1.0,0.0,2,0.0009222256378727329
MA010120220800033990,5,0.0,1.0,3,0.004334325268469401
MA010120220800034023,4,1.0,0.0,4,0.06690997566909976
MA010120220800034190,5,1.0,0.0,5,0.7813114754098361
MA010120220800034347,5,1.0,0.0,4,0.02396553271699129
MA010120220800034358,5,1.0,0.0,4,0.09370748299319728
MA010120220800034416,5,1.0,0.0,3,0.0
MA010120220800034421,5,1.0,0.0,5,0.041176470588235294
MA010120220800034470,5,1.0,0.0,1,0.013237063778580024
MA010120220800034855,5,1.0,0.0,5,1.0
MA010120220800034883,5,1.0,0.0,2,0.02339688041594454
MA010120220800035344,5,1.0,0.0,2,0.0007377805102981862
MA010120220800035353,5,1.0,0.0,4,0.14360655737704917
MA010120220800035466,5,1.0,0.0,1,0.00029069767441860465
MA010120220800035736,5,1.0,0.0,2,0.007270442509649043
MA010120220800035777,5,1.0,0.0,3,0.01188369152970923
MA010120220800035795,5,1.0,0.0,4,0.0659308742375835
MA010120220800035960,5,1.0,1.0,1,0.0075282308657465494
MA010120220800036168,5,1.0,0.0,3,0.36244019138755984
MA010120220800036379,5,1.0,0.0,0,0.0
MA010120220800036591,5,1.0,0.0,2,0.028596187175043326
MA010120220800036614,5,1.0,0.0,4,0.1672727272727273
MA010120220800036866,5,1.0,0.0,1,0.00038814853150472245
MA010120220800037232,5,1.0,0.0,3,0.9208333333333334
MA010120220800037417,5,1.0,0.0,1,0.06988636363636364
MA010120220800037691,5,1.0,0.0,0,0.0
MA010120220800037703,5,1.0,0.0,3,0.7708333333333334
MA010120220800037739,5,1.0,0.0,3,0.034013605442176874
MA010120220800038013,5,1.0,0.0,2,0.0011681524746387948
MA010120220800038167,5,1.0,1.0,4,0.41941074523396876
MA010120220800038168,5,1.0,0.0,2,0.007785888077858881
MA010120220800038309,5,1.0,0.0,2,0.018617021276595744
MA010120220800038462,5,1.0,0.0,2,0.04969696969696969
MA010120220800038508,5,1.0,0.0,3,1.0
MA010120220800038802,5,0.0,0.0,0,0.0
MA010120220800038884,5,1.0,0.0,5,0.06417389054211411
MA010120220800038914,5,1.0,0.0,3,0.06493506493506493
MA010120220800039010,5,1.0,0.0,0,0.0
MA010120220800039169,5,1.0,0.0,5,1.0
MA010120220800039172,5,1.0,0.0,3,0.051699099622422306
MA010120220800039397,5,1.0,0.0,2,0.007332490518331226
MA010120220800039454,4,1.0,0.0,0,0.0
MA010120220800039477,5,1.0,0.0,5,0.17751326174149307
MA010120220800039586,5,1.0,0.0,0,0.0
MA010120220800039628,5,1.0,0.0,2,0.017328519855595668
MA010120220800039668,5,1.0,0.0,4,0.17365564874198325
MA010120220800040038,5,1.0,1.0,4,0.799554565701559
MA010120220800040127,5,1.0,0.0,2,0.007785888077858881
MA010120220800040278,5,1.0,0.0,0,0.0
MA010120220800040317,5,1.0,0.0,3,0.016156462585034014
MA010120220800040374,5,0.0,0.0,5,1.0
MA010120220800040548,5,1.0,1.0,4,0.01457116507838918
MA010120220800040575,5,0.0,0.0,5,0.655112651646447
MA010120220800040660,5,1.0,0.0,2,0.002005434079441066
MA010120220800040990,5,1.0,0.0,1,0.00017346053772766696
MA010120220800041059,5,1.0,0.0,3,0.022871046228710463
MA010120220800041237,5,1.0,0.0,1,0.0007180683960147203
MA010120220800041256,5,1.0,0.0,0,0.0
MA010120220800041328,5,1.0,0.0,2,0.005509641873278236
MA010120220800041482,5,1.0,0.0,4,0.051423324150596875
MA010120220800041690,5,1.0,1.0,1,0.009308510638297872
MA010120220800041887,5,1.0,1.0,5,0.6770833333333334
MA010120220800042370,5,1.0,0.0,3,0.006543624161073826
MA010120220800042852,5,1.0,1.0,4,0.45454545454545453
MA010120220800043119,5,1.0,0.0,1,0.0007762970630094449
MA010120220800044766,5,1.0,1.0,1,0.0
MA010120220800044910,5,1.0,0.0,1,0.0007288629737609329
MA010120220800045495,5,1.0,0.0,3,0.0
MA010120220800046638,5,1.0,0.0,2,0.05942028985507246
MA010120220800046987,1,0.0,0.0,0,0.0
MA010120220800047155,5,0.0,0.0,0,0.0
MA010120220800049418,1,1.0,0.0,5,1.0
MA010120220800050864,1,0.0,0.0,5,0.059458103361766185
MA010120220800051466,5,1.0,0.0,4,0.04598393574297188
MA010120220800052530,5,1.0,0.0,2,0.05110732538330494
MA010120220800053202,5,1.0,0.0,3,0.00927624872579001
MA010120220800054005,5,1.0,0.0,1,0.00024592683676606214
MA010120220800055197,5,0.0,0.0,1,0.012422360248447208
MA010120220800056622,5,1.0,0.0,5,1.0
MA010120220800057808,5,1.0,0.0,1,0.0015712682379349046
MA010120220800058284,5,1.0,0.0,3,0.03229166666666667
MA010120220800062188,5,1.0,1.0,5,0.29959514170040485
MA010120220800062639,5,1.0,1.0,1,0.0013852813852813853
MA010120220800063925,5,1.0,0.0,0,0.0
MA010120220800064237,1,1.0,0.0,3,0.0
MA010120220800066254,1,0.0,0.0,5,0.31143552311435524
MA010120220800066391,4,1.0,0.0,0,0.0
MA010120220800067034,1,1.0,0.0,0,0.0
MA010120220800067416,4,1.0,0.0,0,0.0
MA010120220800068015,4,1.0,0.0,0,0.0
MA010120220800069203,5,1.0,0.0,1,0.003034134007585335
MA010120220800070161,5,1.0,0.0,3,0.0
MA010120220800071236,5,1.0,0.0,0,0.0
MA010120220800072772,5,0.0,0.0,0,0.0
MA010120220800073062,5,1.0,0.0,1,0.00340632603406326
MA010120220800073538,4,1.0,0.0,1,0.0012376237623762376
MA010120220800074745,5,0.0,0.0,0,0.0
MA010120220800075494,1,1.0,0.0,1,0.017755681818181816
MA010120220800075960,5,1.0,0.0,0,0.0
MA010120220800076059,5,1.0,0.0,4,0.14885245901639343
MA010120220800079823,5,1.0,0.0,3,0.23339011925042588
MA010120220800082280,5,0.0,0.0,2,0.008673026886383347
MA010120220800084577,5,1.0,1.0,4,0.0880778588807786
MA010120220800085352,5,1.0,1.0,5,1.0
MA010120220800086424,5,1.0,0.0,3,0.0
MA010120220800087173,5,1.0,0.0,1,0.009433962264150943
MA010120220800087245,5,1.0,1.0,4,0.027313337587747285
MA010120220800088524,5,1.0,0.0,3,0.0
MA010120220800088684,5,1.0,0.0,3,0.004540847354550983
MA010120220800088795,5,1.0,0.0,3,0.25
MA010120220800089608,5,1.0,0.0,1,0.07200000000000001
MA010120220800089682,5,1.0,0.0,3,0.0752840909090909
MA010120220800090627,5,1.0,0.0,3,0.00851063829787234
MA010120220800090754,5,1.0,0.0,1,0.00048661800486618007
MA010120220800090849,5,1.0,0.0,0,0.0
MA010120220800091091,5,1.0,0.0,0,0.0
MA010120220800091261,5,1.0,0.0,4,0.14014598540145984
MA010120220800091651,5,1.0,0.0,2,0.02318840579710145
MA010120220800093321,5,1.0,0.0,3,0.01225271218889598
MA010120220800094347,5,1.0,0.0,3,0.13139204545454544
MA010120220800095126,5,1.0,0.0,4,0.17894736842105263
MA010120220800095406,5,1.0,0.0,1,0.0020942408376963353
MA010120220800095669,5,0.0,0.0,0,0.0
MA010120220800096535,1,1.0,0.0,0,0.0
MA010120220800096654,5,1.0,1.0,5,0.3421875
MA010120220800096867,5,1.0,1.0,1,0.0642857142857143
MA010120220800096939,5,1.0,0.0,1,0.032432432432432434
MA010120220800098195,5,1.0,0.0,4,0.0582827406764961
MA010120220800098955,4,0.0,0.0,1,0.007716049382716049
MA010120220800099171,5,1.0,0.0,5,1.0
MA010120220800099864,5,1.0,0.0,3,0.039344262295081964
MA010120220800099882,5,1.0,0.0,5,0.33203125
MA010120220800101358,5,1.0,0.0,3,0.22222222222222224
MA010120220800101998,5,1.0,0.0,1,0.004251700680272109
MA010120220800102157,5,1.0,0.0,1,0.013986013986013986
MA010120220800102458,5,1.0,1.0,4,0.07606837606837606
MA010120220800103104,5,1.0,0.0,3,0.04665492957746479
MA010120220800103307,5,0.0,0.0,0,0.0
MA010120220800103719,5,1.0,0.0,0,0.0
MA010120220800103931,5,1.0,1.0,3,0.09646302250803858
MA010120220800105068,5,1.0,0.0,5,1.0
MA010120220800105121,5,0.0,0.0,2,0.01818181818181818
MA010120220800106017,5,1.0,0.0,5,1.0
MA010120220800106476,5,1.0,1.0,3,0.039241549876339654
MA010120220800106885,5,1.0,0.0,4,0.11094137865189992
MA010120220800108935,5,1.0,0.0,0,0.0
MA010120220800108939,1,1.0,0.0,3,0.03254437869822485
MA010120220800108961,5,1.0,1.0,3,0.10366492146596859
MA010120220800111125,5,0.0,0.0,3,0.02830188679245283
MA010120220800115286,5,1.0,0.0,1,0.012
MA010120220800115320,5,1.0,0.0,4,0.1676328502415459
MA010120220800116848,5,1.0,0.0,3,0.015697674418604653
MA010120220800117732,5,1.0,0.0,5,0.43430232558139537
MA010120220800119043,4,1.0,1.0,1,0.0
MA010120220800119325,5,1.0,0.0,1,0.002325581395348837
MA010120220800120281,5,1.0,1.0,2,0.005813953488372093
MA010120220800120586,5,1.0,0.0,0,0.0
MA010120220800120719,5,1.0,0.0,1,0.0005757466714645556
MA010120220800120941,5,1.0,0.0,2,0.016066945606694562
MA010120220800121379,5,1.0,0.0,3,0.025375626043405673
MA010120220800121651,5,1.0,0.0,2,0.004250044271294492
MA010120220800121990,5,0.0,0.0,1,0.0029069767441860465
MA010120220800122205,5,1.0,0.0,2,0.0007786762503743636
MA010120220800122972,5,1.0,0.0,1,0.0014184397163120566
MA010120220800124120,5,0.0,0.0,0,0.0
MA010120220800126580,5,1.0,0.0,2,0.002364066193853428
MA010120220800126766,5,1.0,0.0,1,0.001457725947521866
MA010120220800126767,5,1.0,0.0,2,0.009015025041736228
MA010120220800128036,5,1.0,0.0,1,0.0014285714285714286
MA010120220800128061,5,1.0,0.0,4,0.19298831385642737
MA010120220800128142,5,0.0,0.0,1,0.0016802016241949033
MA010120220800128200,5,1.0,0.0,3,0.013953488372093023
MA010120220800128718,5,1.0,0.0,0,0.0
MA010120220800129022,5,1.0,0.0,2,0.023214285714285715
MA010120220800129179,5,1.0,0.0,1,0.0007453416149068322
MA010120220800130423,5,1.0,0.0,2,0.004373177842565598
MA010120220800131703,5,0.0,0.0,4,0.03488372093023256
MA010120220800131945,5,1.0,0.0,1,0.035555555555555556
MA010120220800132074,5,1.0,0.0,1,0.0004192872117400419
MA010120220800132180,5,0.0,0.0,4,0.05011820330969267
MA010120220800132749,5,1.0,0.0,2,0.004454342984409799
MA010120220800133847,5,1.0,0.0,2,0.005342237061769616
MA010120220800134362,5,1.0,0.0,1,0.001851851851851852
MA010120220800134607,5,1.0,0.0,4,0.052919254658385095
MA010120220800134661,5,1.0,1.0,3,0.41962421711899794
MA010120220800135126,5,1.0,0.0,5,0.1506849315068493
MA010120220800135186,5,1.0,1.0,3,0.01909307875894988
MA010120220800135989,5,1.0,0.0,1,0.006666666666666666
MA010120220800136112,5,1.0,0.0,4,0.07943262411347518
MA010120220800136293,5,0.0,0.0,3,0.014319809069212411
MA010120220800136549,4,1.0,0.0,2,0.03869047619047619
MA010120220800136644,5,1.0,0.0,4,0.05755813953488372
MA010120220800136780,5,1.0,0.0,0,0.0
MA010120220800138159,5,1.0,1.0,5,0.018568433662773286
MA010120220800138374,5,1.0,0.0,1,0.0009456264775413712
MA010120220800138469,5,1.0,0.0,3,0.025806451612903226
MA010120220800138934,5,1.0,1.0,5,1.0
MA010120220800139390,5,1.0,0.0,1,0.00011979634621144055
MA010120220800139460,1,1.0,0.0,1,0.0011911852293031567
MA010120220800139602,5,1.0,1.0,5,0.8691803278688526
MA010120220800139613,5,1.0,1.0,1,0.003229813664596273
MA010120220800141085,5,1.0,0.0,3,0.15315315315315314
MA010120220800141921,5,1.0,0.0,1,0.0007453416149068322
MA010120220800142079,5,1.0,0.0,3,0.12242424242424242
MA010120220800142095,5,1.0,0.0,3,0.06666666666666667
MA010120220800142131,5,1.0,0.0,2,0.005714285714285713
MA010120220800143252,5,1.0,1.0,5,0.6388888888888888
MA010120220800143345,5,1.0,0.0,0,0.0
MA010120220800144967,5,1.0,0.0,2,0.008
MA010120220800145319,4,1.0,0.0,1,0.012376237623762377
MA010120220800146099,5,1.0,1.0,2,0.0018617021276595743
MA010120220800146267,5,1.0,0.0,4,0.035755813953488376
MA010120220800147163,5,1.0,1.0,3,0.0031914893617021275
MA010120220800147852,5,0.0,0.0,3,0.028
MA010120220800148725,5,1.0,0.0,0,0.0
MA010120220800149336,5,0.0,0.0,3,0.013182674199623353
MA010120220800149685,4,1.0,0.0,5,0.07000686341798215
MA010120220800151597,5,1.0,0.0,3,0.036521739130434785
MA010120220800152764,5,1.0,0.0,1,0.002325581395348837
MA010120220800152817,5,1.0,1.0,5,1.0
MA010120220800153882,5,1.0,0.0,4,0.13650190114068442
MA010120220800155999,5,1.0,0.0,2,0.04586466165413534
MA010120220800156499,5,1.0,0.0,1,0.0016018306636155606
MA010120220800156691,5,1.0,1.0,1,0.013333333333333334
MA010120220800156740,5,1.0,1.0,2,0.009885931558935362
MA010120220800156954,5,1.0,0.0,0,0.0
MA010120220800160555,5,1.0,0.0,3,0.012861736334405146
MA010120220800161965,1,1.0,0.0,5,1.0
MA010120220800162391,5,1.0,0.0,2,0.010581092801387684
MA010120220800162650,5,1.0,0.0,1,0.025730994152046785
MA010120220800164699,5,0.0,0.0,1,0.0006031666247800955
MA010120220800167379,4,1.0,0.0,3,0.012755102040816327
MA010120220800167772,4,1.0,0.0,5,0.4564504373177843
MA010120220800168364,5,1.0,0.0,3,0.0010182689427972447
MA010120220800168753,5,1.0,1.0,4,0.019230769230769232
MA010120220800168796,1,1.0,0.0,0,0.0
MA010120220800169314,5,1.0,0.0,0,0.0
MA010120220800170439,5,1.0,0.0,0,0.0
MA010120220800171614,5,1.0,0.0,0,0.0
MA010120220800171883,5,1.0,0.0,0,0.0
MA010120220800174338,5,0.0,0.0,1,0.02497162315550511
MA010120220800176762,5,1.0,0.0,2,0.021875
MA010120220800176790,5,1.0,0.0,3,1.0
MA010120220800178626,5,1.0,0.0,1,0.014990859232175502
MA010120220800181817,5,1.0,0.0,2,0.002755058114507103
MA010120220800183729,5,1.0,1.0,1,0.018798955613577025
MA010120220800186190,5,1.0,0.0,0,0.0
MA010120220800188977,5,1.0,0.0,0,0.0
MA010120220800189171,5,1.0,1.0,3,0.009949832775919733
MA010120220800189795,5,1.0,0.0,2,0.003080082135523614
MA010120220800189855,5,1.0,0.0,5,0.1345673697804563
MA010120220800190784,5,1.0,0.0,2,0.0015100671140939597
MA010120220800191416,5,1.0,1.0,2,0.0026402640264026403
MA010120220800192069,1,1.0,0.0,1,0.0008361204013377926
MA010120220800194027,5,1.0,0.0,3,0.04127659574468085
MA010120220800194210,5,1.0,1.0,3,0.0030201342281879194
MA010120220800194511,5,1.0,0.0,0,0.0
MA010120220800194596,5,1.0,0.0,1,0.008431703204047217
MA010120220800195452,5,0.0,0.0,3,0.009298321136461472
MA010120220800196009,5,1.0,0.0,3,0.0
MA010120220800196276,5,0.0,0.0,2,0.006686046511627907
MA010120220800197582,5,1.0,1.0,1,0.0
MA010120220800197704,5,1.0,0.0,3,0.007655502392344497
MA010120220800197841,5,1.0,0.0,1,0.0109375
MA010120220800198028,5,1.0,0.0,1,0.0008800880088008802
MA010120220800199222,5,1.0,1.0,5,0.18495193901226384
MA010120220800199512,5,1.0,0.0,0,0.0
MA010120220800199693,5,0.0,0.0,0,0.0
MA010120220800199722,5,1.0,0.0,1,0.0014214046822742475
MA010120220800200064,5,0.0,0.0,1,0.0007525083612040134
MA010120220800200818,5,1.0,1.0,1,0.002496771416272062
MA010120220800201324,5,1.0,0.0,0,0.0
MA010120220800201916,5,0.0,0.0,5,0.25455054606552785
MA010120220800202327,5,1.0,0.0,2,0.01940491591203105
MA010120220800202569,4,1.0,1.0,1,0.00390625
MA010120220800203589,5,1.0,0.0,3,0.005518394648829431
MA010120220800204275,5,1.0,0.0,5,0.18609815678436598
MA010120220800204305,5,0.0,0.0,5,0.034782608695652174
MA010120220800204454,5,1.0,0.0,0,0.0
MA010120220800204559,5,0.0,0.0,3,0.013527397260273973
MA010120220800205027,5,1.0,1.0,3,0.009531772575250836
MA010120220800205093,5,0.0,0.0,0,0.0
MA010120220800205173,5,1.0,0.0,2,0.0034375000000000005
MA010120220800205512,5,1.0,1.0,3,1.0
MA010120220800205833,1,1.0,0.0,0,0.0
MA010120220800206029,5,1.0,0.0,1,0.004651162790697674
MA010120220800206048,5,0.0,0.0,2,0.011932383162081539
MA010120220800206206,5,1.0,0.0,1,0.02278481012658228
MA010120220800206497,5,1.0,0.0,1,0.0003344481605351171
MA010120220800207236,5,1.0,0.0,3,0.15532691669432458
MA010120220800207375,5,1.0,0.0,5,0.057652676551897465
MA010120220800207870,5,1.0,0.0,0,0.0
MA010120220800207966,5,1.0,0.0,1,0.040880503144654086
MA010120220800207989,5,1.0,0.0,0,0.0
MA010120220800208023,4,1.0,0.0,5,0.0802675585284281
MA010120220800208123,5,1.0,0.0,5,0.13459302325581393
MA010120220800208608,5,1.0,0.0,5,0.07468749999999999
MA010120220800209217,5,1.0,1.0,2,0.0044734858004523755
MA010120220800209650,5,1.0,0.0,5,0.49714285714285716
MA010120220800209837,5,1.0,0.0,3,1.0
MA010120220800209884,5,1.0,0.0,2,0.02485913158766987
MA010120220800210197,5,1.0,0.0,3,0.01161095752701684
MA010120220800210240,5,1.0,1.0,5,0.5460674157303371
MA010120220800210383,4,1.0,0.0,1,0.016917293233082706
MA010120220800210803,5,1.0,0.0,3,0.033533200088829665
MA010120220800211146,5,1.0,0.0,5,0.41548295454545453
MA010120220800211290,5,1.0,1.0,5,1.0
MA010120220800211443,5,1.0,0.0,5,0.0637123745819398
MA010120220800211577,5,1.0,0.0,1,0.00010052777079668259
MA010120220800211703,5,1.0,0.0,2,0.015240641711229947
MA010120220800211721,5,1.0,0.0,1,0.0007525083612040134
MA010120220800211797,5,1.0,1.0,3,0.32584269662921356
MA010120220800211802,1,0.0,0.0,0,0.0
MA010120220800212117,5,0.0,0.0,4,0.018979933110367893
MA010120220800212185,5,0.0,0.0,2,0.005165733964700818
MA010120220800212427,5,1.0,0.0,5,0.6011278195488722
MA010120220800212591,5,0.0,1.0,1,0.0010869565217391304
MA010120220800212932,5,1.0,0.0,2,0.0030660970092988185
MA010120220800213242,5,0.0,0.0,3,0.4926829268292683
MA010120220800213387,5,1.0,1.0,4,0.01730769230769231
MA010120220800213415,4,1.0,0.0,3,0.03691983122362869
MA010120220800213478,5,0.0,0.0,3,0.08852459016393444
MA010120220800213566,5,1.0,0.0,0,0.0
MA010120220800213666,5,1.0,0.0,2,0.01633522727272727
MA010120220800213819,4,1.0,1.0,5,0.32975460122699385
MA010120220800213886,5,1.0,0.0,4,0.01822742474916388
MA010120220800214299,5,1.0,0.0,3,0.08768971332209105
MA010120220800214496,5,1.0,0.0,3,0.05675368898978434
MA010120220800214920,5,1.0,0.0,0,0.0
MA010120220800215126,5,0.0,0.0,4,0.016013775290572536
MA010120220800215192,5,1.0,0.0,2,0.0035117056856187293
MA010120220800215591,5,1.0,1.0,3,0.1478723404255319
MA010120220800215799,5,1.0,1.0,3,0.05270135896586013
MA010120220800215943,5,1.0,0.0,1,0.0028105677346824056
MA010120220800216018,5,1.0,1.0,5,1.0
MA010120220800216056,5,0.0,0.0,3,0.012314651922593617
MA010120220800216073,5,0.0,0.0,0,0.0
MA010120220800216131,5,1.0,0.0,5,0.3148014440433213
MA010120220800216414,5,1.0,0.0,2,0.013617021276595746
MA010120220800216610,5,0.0,0.0,0,0.0
MA010120220800216991,5,1.0,0.0,0,0.0
MA010120220800217312,5,1.0,0.0,4,0.02523247046996733
MA010120220800217736,4,1.0,0.0,2,0.022484541877459244
MA010120220800217766,5,1.0,0.0,1,0.0022556390977443606
MA010120220800218618,5,1.0,0.0,5,0.5380813953488371
MA010120220800218770,5,1.0,0.0,1,0.001062511067823623
MA010120220800218802,5,1.0,0.0,5,0.3496119016817594
MA010120220800219008,5,1.0,0.0,1,0.0017219113215669393
MA010120220800219010,5,1.0,1.0,5,0.025587248322147652
MA010120220800219039,5,1.0,1.0,1,0.0031090384188318895
MA010120220800219104,5,1.0,0.0,3,0.0
MA010120220800219115,5,1.0,1.0,4,0.006963087248322148
MA010120220800219123,5,1.0,0.0,4,0.2710526315789473
MA010120220800219306,5,1.0,0.0,2,0.003468208092485549
MA010120220800219556,5,0.0,0.0,5,0.045066889632107025
MA010120220800219766,5,1.0,0.0,2,0.007754010695187165
MA010120220800220180,5,1.0,1.0,1,0.002261874842925358
MA010120220800220295,5,0.0,0.0,1,0.0005852842809364548
MA010120220800220766,5,1.0,0.0,3,0.0047812998052063045
MA010120220800220827,5,1.0,1.0,2,0.00308030803080308
MA010120220800222865,5,1.0,0.0,1,0.002060819301331993
MA010120220800223084,5,1.0,0.0,4,0.15639344262295082
MA010120220800223143,5,0.0,0.0,3,0.009095215537659877
MA010120220800224182,5,1.0,0.0,0,0.0
MA010120220800226335,5,0.0,0.0,3,0.06901408450704226
MA010120220800226988,5,1.0,0.0,0,0.0
MA010120220800227556,5,1.0,0.0,4,0.05040650406504065
MA010120220800228800,5,1.0,0.0,0,0.0
MA010120220800229742,5,1.0,0.0,2,0.0007526342197691922
MA010120220800230238,5,1.0,1.0,3,1.0
MA010120220800230457,5,1.0,0.0,1,0.0015105740181268882
MA010120220800230617,1,1.0,0.0,5,1.0
MA010120220800231005,1,1.0,0.0,2,0.08403361344537814
MA010120220800231436,5,0.0,1.0,1,0.002352941176470588
MA010120220800233107,5,1.0,0.0,5,0.029700854700854703
MA010120220800233295,4,1.0,0.0,3,0.5492424242424242
MA010120220800234045,5,0.0,0.0,0,0.0
MA010120220800234325,5,1.0,0.0,3,0.0048721071863581
MA010120220800236488,5,1.0,1.0,1,0.028985507246376812
MA010120220800240105,4,1.0,0.0,0,0.0
MA010120220800241217,5,1.0,0.0,0,0.0
MA010120220800241588,5,1.0,0.0,3,0.009208429254471401
MA010120220800244016,5,1.0,0.0,0,0.0
MA010120220800245722,5,1.0,0.0,0,0.0
MA010120220800249787,5,1.0,0.0,0,0.0
MA010120220800250361,1,1.0,0.0,1,0.0005026388539834129
MA010120220800251079,5,1.0,0.0,0,0.0
MA010120220800252042,5,1.0,0.0,0,0.0
MA010120220800252138,1,1.0,0.0,5,1.0
MA010120220800252256,5,1.0,0.0,0,0.0
MA010120220800252465,5,1.0,0.0,0,0.0
MA010120220800252478,5,1.0,0.0,0,0.0
MA010120220800252716,5,0.0,0.0,0,0.0
MA010120220800253143,5,0.0,0.0,5,0.4640449438202247
MA010120220800253198,5,1.0,0.0,0,0.0
MA010120220800254355,5,0.0,0.0,5,0.01672167216721672
MA010120220800258846,5,1.0,0.0,1,0.0034482758620689655
MA010120220800259015,1,1.0,0.0,4,0.23294509151414308
MA010120220800259925,1,1.0,0.0,0,0.0
MA010120220800261198,5,0.0,0.0,3,0.03682008368200837
MA010120220800262151,1,1.0,0.0,3,1.0
MA010120220800265367,5,1.0,0.0,2,0.001934826883910387
MA010120220800268807,5,1.0,0.0,4,0.11806722689075631
MA010120220800269043,5,1.0,0.0,0,0.0
MA010120220800272193,5,1.0,0.0,2,0.04915254237288135
MA010120220800272935,5,1.0,0.0,1,0.0012605042016806721
MA010120220800273344,5,1.0,0.0,1,0.017515923566878977
MA010120220800273668,5,0.0,0.0,1,0.0007453416149068322
MA010120220800276295,4,1.0,0.0,3,1.0
MA010120220800277195,5,1.0,0.0,3,0.06093189964157705
MA010120220800277614,5,1.0,0.0,2,0.015697674418604653
MA010120220800278695,5,1.0,0.0,0,0.0
MA010120220800278728,5,0.0,0.0,2,0.0034658511722731903
MA010120220800278902,5,1.0,0.0,3,0.04312267657992565
MA010120220800279153,5,1.0,0.0,0,0.0
MA010120220800280317,5,0.0,0.0,4,0.05579937304075235
MA010120220800280443,5,1.0,0.0,0,0.0
MA010120220800280526,5,0.0,0.0,3,1.0
MA010120220800280678,5,1.0,0.0,4,0.013017751479289942
MA010120220800280888,5,0.0,0.0,3,0.03277310924369748
MA010120220800281052,5,1.0,0.0,4,0.0308300395256917
MA010120220800281167,5,0.0,0.0,0,0.0
MA010120220800281847,5,1.0,0.0,1,0.0015105740181268882
MA010120220800282209,5,1.0,0.0,4,0.13604651162790696
MA010120220800282628,5,0.0,0.0,0,0.0
MA010120220800283198,5,1.0,0.0,2,0.0296
MA010120220800283349,5,1.0,1.0,1,0.0
MA010120220800284189,5,1.0,0.0,3,0.1268882175226586
MA010120220800284229,1,1.0,0.0,0,0.0
MA010120220800284540,5,0.0,0.0,5,0.2832
MA010120220800284641,5,0.0,0.0,5,0.2197674418604651
MA010120220800284856,5,1.0,0.0,0,0.0
MA010120220800284982,5,1.0,0.0,1,0.0009174311926605505
MA010120220800285088,5,1.0,0.0,2,0.002036659877800407
MA010120220800285096,5,1.0,0.0,2,0.21409214092140924
MA010120220800285370,1,1.0,0.0,5,1.0
MA010120220800285671,5,1.0,0.0,2,0.005465838509316771
MA010120220800285834,5,1.0,0.0,3,0.0877906976744186
MA010120220800285931,5,1.0,0.0,5,1.0
MA010120220800285981,5,0.0,0.0,3,0.0
MA010120220800286240,5,1.0,0.0,1,0.027386541471048513
MA010120220800287416,5,1.0,1.0,5,0.2899628252788104
MA010120220800287979,5,0.0,0.0,2,0.01567398119122257
MA010120220800288125,5,1.0,0.0,1,0.0011152416356877324
MA010120220800288373,5,1.0,1.0,3,0.08080808080808081
MA010120220800288567,4,1.0,0.0,1,0.0
MA010120220800292087,5,1.0,1.0,5,0.10038022813688212
MA010120220800296116,5,1.0,0.0,3,0.04658721560130011
MA010120220800296770,5,1.0,0.0,4,0.00946094609460946
MA010120220800296895,5,1.0,0.0,1,0.03398692810457517
MA010120220800297471,5,0.0,0.0,5,0.18604651162790697
MA010120220800298749,5,1.0,1.0,4,0.17588932806324112
MA010120220800299599,5,1.0,0.0,4,0.2540983606557377
MA010120220800299608,5,1.0,0.0,1,0.0009732360097323601
MA010120220800299662,5,1.0,0.0,3,0.04029850746268657
MA010120220800300769,5,1.0,0.0,3,0.040562248995983936
MA010120220800300851,5,1.0,0.0,0,0.0
MA010120220800301105,5,1.0,0.0,1,0.009549189429269375
MA010120220800301442,5,1.0,0.0,5,0.112372304199773
MA010120220800302466,5,1.0,0.0,5,0.2234375
MA010120220800304748,5,1.0,0.0,1,0.002781289506953224
MA010120220800304881,5,1.0,0.0,0,0.0
MA010120220800304926,5,1.0,0.0,2,0.04745762711864406
MA010120220800315673,4,1.0,0.0,5,0.635036496350365
MA010120220800315922,4,1.0,0.0,3,0.0
MA010120220800319528,5,0.0,0.0,0,0.0
MA010120220800319870,5,1.0,0.0,1,0.0018433179723502304
MA010120220800321118,5,1.0,0.0,0,0.0
MA010120220800321747,5,0.0,0.0,0,0.0
MA010120220800323883,5,1.0,0.0,3,0.0
MA010120220800329796,5,1.0,0.0,0,0.0
MA010120220800330859,5,1.0,0.0,0,0.0
MA010120220800333956,5,1.0,0.0,4,0.057504873294346975
MA010120220800333986,5,1.0,0.0,3,1.0
MA010120220800334712,1,1.0,0.0,4,0.015001013581998783
MA010120220800335461,5,1.0,0.0,3,0.00535931790499391
MA010120220800336668,5,1.0,0.0,1,0.00024325967970808838
MA010120220800336756,5,1.0,0.0,1,0.000606366851945427
MA010120220800337158,5,1.0,0.0,1,0.007751937984496124
MA010120220800342128,5,1.0,0.0,0,0.0
MA010120220800343608,5,1.0,0.0,3,0.012945838837516514
MA010120220800345312,5,0.0,0.0,4,0.02574718592314659
MA010120220800346107,5,1.0,0.0,5,0.22274478005270626
MA010120220800346271,5,1.0,0.0,3,0.0034056355159132377
MA010120220800346352,5,1.0,0.0,1,0.022222222222222223
MA010120220800346994,5,1.0,0.0,0,0.0
MA010120220800347506,5,1.0,0.0,5,1.0
MA010120220800347909,5,1.0,0.0,1,0.0015594541910331386
MA010120220800349229,5,1.0,0.0,3,0.0
MA010120220800349466,5,1.0,1.0,2,0.010447761194029851
MA010120220800349881,5,1.0,0.0,4,0.19999999999999998
MA010120220800351078,5,1.0,0.0,0,0.0
MA010120220800351084,5,1.0,0.0,4,0.07114427860696518
MA010120220800352615,5,1.0,0.0,2,0.0017543859649122807
MA010120220800353659,5,1.0,1.0,3,0.008479366873940079
MA010120220800355576,4,1.0,0.0,1,0.078125
MA010120220800356060,5,1.0,0.0,1,0.000730816077953715
MA010120220800356654,5,1.0,0.0,1,8.108655990269614e-05
MA010120220800356802,5,1.0,1.0,5,0.07224812487330225
MA010120220800358889,5,1.0,0.0,2,0.0011352118386377457
MA010120220800359297,4,1.0,0.0,4,0.4083333333333333
MA010120220800360065,5,1.0,1.0,1,0.24666666666666667
MA010120220800360773,5,1.0,0.0,1,0.001705237515225335
MA010120220800361098,5,1.0,0.0,3,0.005115712545676005
MA010120220800361391,5,1.0,0.0,3,0.013432835820895524
MA010120220800361713,5,1.0,0.0,2,0.002027163997567403
MA010120220800362360,5,1.0,0.0,2,0.0029239766081871343
MA010120220800362437,5,1.0,0.0,1,0.01
MA010120220800362545,5,1.0,0.0,3,0.0030812892763024528
MA010120220800362794,5,1.0,0.0,1,0.03125
MA010120220800362840,5,1.0,0.0,2,0.0012973849584431382
MA010120220800363142,4,1.0,0.0,5,1.0
MA010120220800363609,5,1.0,0.0,1,0.02
MA010120220800364333,5,0.0,0.0,3,0.016641452344931924
MA010120220800364455,5,1.0,0.0,2,0.029411764705882356
MA010120220800364474,5,1.0,1.0,1,0.00026595744680851064
MA010120220800364521,5,1.0,0.0,2,0.005548216644649934
MA010120220800364682,5,1.0,0.0,3,1.0
MA010120220800364730,5,1.0,0.0,4,0.04278606965174129
MA010120220800364764,5,0.0,0.0,3,0.028005284015852047
MA010120220800365037,5,1.0,0.0,4,0.01994729373606325
MA010120220800365149,5,1.0,0.0,3,0.037037037037037035
MA010120220800365399,5,1.0,0.0,0,0.0
MA010120220800365413,5,1.0,0.0,1,0.0007074279939363314
MA010120220800366262,5,1.0,0.0,2,0.0009730387188323535
MA010120220800366420,5,1.0,0.0,4,0.06821627084386053
MA010120220800366631,5,1.0,0.0,2,0.0011352118386377457
MA010120220800366644,5,1.0,0.0,1,0.0005676059193188729
MA010120220800367090,5,1.0,0.0,3,0.0037299817555240217
MA010120220800367617,4,1.0,0.0,0,0.0
MA010120220800367985,5,1.0,0.0,5,0.06003898635477583
MA010120220800368003,5,1.0,0.0,1,0.0006486924792215691
MA010120220800368217,5,1.0,0.0,5,0.10248756218905473
MA010120220800368237,5,1.0,0.0,2,0.0015957446808510637
MA010120220800369980,5,0.0,0.0,0,0.0
MA010120220800372104,5,1.0,0.0,2,0.004631416441528367
MA010120220800372630,5,0.0,0.0,1,0.0016806722689075631
MA010120220800372924,4,1.0,0.0,2,0.015195670274771023
MA010120220800373325,5,1.0,0.0,1,0.011009174311926604
MA010120220800373597,5,1.0,1.0,5,0.13199536858355848
MA010120220800375351,5,0.0,0.0,0,0.0
MA010120220800375718,1,1.0,1.0,4,0.29411764705882354
MA010120220800376394,4,1.0,0.0,2,0.003461296412838263
MA010120220800380864,5,1.0,0.0,5,0.8200000000000001
MA010120220800381588,1,1.0,0.0,0,0.0
MA010120220800383050,5,1.0,1.0,4,0.05555555555555555
MA010120220800383621,5,1.0,1.0,2,0.001292824822236587
MA010120220800386757,5,1.0,0.0,3,0.061016949152542375
MA010120220800387533,5,0.0,0.0,3,0.02142857142857143
MA010120220800388499,5,1.0,0.0,0,0.0
MA010120220800394674,5,1.0,0.0,0,0.0
MA010120220800398263,5,1.0,0.0,0,0.0
MA010120220800398383,5,1.0,0.0,1,8.108655990269614e-05
MA010120220800398537,5,1.0,0.0,0,0.0
MA010120220800399386,1,1.0,0.0,5,0.5629188384214445
MA010120220800400764,1,1.0,0.0,0,0.0
MA010120220800407089,5,1.0,0.0,0,0.0
MA010120220800407923,5,1.0,1.0,4,0.46399999999999997
MA010120220800408975,5,0.0,0.0,1,0.0004576659038901602
MA010120220800409363,5,1.0,0.0,0,0.0
MA010120220800415305,5,1.0,1.0,3,0.007156308851224105
MA010120220800416084,5,1.0,0.0,0,0.0
MA010120220800417618,5,1.0,1.0,4,0.07876447876447876
MA010120220800420636,5,1.0,0.0,3,0.85
MA010120220800422924,5,1.0,0.0,5,0.07837582625118036
MA010120220800424557,5,1.0,0.0,1,0.01456953642384106
MA010120220800424910,5,1.0,0.0,3,1.0
MA010120220800426507,5,1.0,0.0,4,0.013001083423618635
MA010120220800426508,5,1.0,0.0,1,0.0
MA010120220800430687,5,1.0,0.0,3,0.05824698963875665
MA010120220800431704,5,1.0,0.0,0,0.0
MA010120220800433727,5,1.0,0.0,2,0.02384105960264901
MA010120220800434021,5,1.0,0.0,5,0.8435483870967742
MA010120220800434332,5,1.0,0.0,3,0.02519685039370079
MA010120220800436656,5,1.0,0.0,5,1.0
MA010120220800437383,5,1.0,0.0,1,0.0
MA010120220800437734,5,1.0,0.0,3,0.09130434782608696
MA010120220800438700,5,0.0,0.0,4,0.03843979649519503
MA010120220800439370,4,1.0,0.0,1,0.0030864197530864196
MA010120220800439761,5,1.0,0.0,1,0.003891050583657588
MA010120220800440925,5,0.0,1.0,5,0.28331177231565335
MA010120220800441035,5,1.0,1.0,2,0.045278137128072445
MA010120220800441099,5,1.0,0.0,1,0.0023166023166023165
MA010120220800441929,5,1.0,0.0,2,0.0718954248366013
MA010120220800441994,5,1.0,1.0,4,0.1523809523809524
MA010120220800442022,5,1.0,1.0,3,0.044444444444444446
MA010120220800442064,5,1.0,0.0,4,0.06421152030217185
MA010120220800442620,5,1.0,0.0,3,0.05679012345679012
MA010120220800442683,5,1.0,0.0,3,0.1289855072463768
MA010120220800442699,5,1.0,0.0,0,0.0
MA010120220800443386,5,1.0,0.0,1,0.0056630486078338834
MA010120220800443752,1,0.0,0.0,5,1.0
MA010120220800443782,5,0.0,0.0,5,0.2876543209876543
MA010120220800443943,5,0.0,0.0,4,0.20934579439252335
MA010120220800444189,5,1.0,1.0,0,0.0
MA010120220800444612,5,1.0,0.0,1,0.042028985507246375
MA010120220800445338,5,1.0,0.0,3,0.23398692810457514
MA010120220800445412,5,0.0,0.0,1,0.010144927536231883
MA010120220800445564,4,1.0,0.0,2,0.028145695364238412
MA010120220800445948,5,1.0,0.0,4,0.1032258064516129
MA010120220800446097,5,1.0,1.0,3,0.2210526315789474
MA010120220800446229,5,0.0,0.0,3,0.1404833836858006
MA010120220800446367,5,1.0,0.0,4,0.029182879377431907
MA010120220800446482,5,1.0,0.0,2,0.12380952380952381
MA010120220800446574,5,1.0,0.0,1,0.004761904761904762
MA010120220800446683,5,1.0,0.0,2,0.03209876543209877
MA010120220800447151,5,1.0,0.0,1,0.031578947368421054
MA010120220800447235,5,1.0,1.0,0,0.0
MA010120220800447437,5,1.0,0.0,1,0.011673151750972763
MA010120220800447610,5,1.0,0.0,3,0.025495750708215296
MA010120220800447798,5,1.0,0.0,4,0.8666666666666666
MA010120220800448081,5,1.0,1.0,3,0.020077220077220077
MA010120220800448125,5,1.0,0.0,1,0.0
MA010120220800448406,5,0.0,0.0,0,0.0
MA010120220800448466,5,1.0,0.0,1,0.021739130434782605
MA010120220800448527,5,1.0,0.0,0,0.0
MA010120220800448668,1,1.0,0.0,4,0.3333333333333333
MA010120220800448816,5,1.0,0.0,3,0.30622009569377995
MA010120220800449461,5,1.0,1.0,5,0.7290322580645161
MA010120220800449912,5,1.0,0.0,2,0.025806451612903226
MA010120220800449996,5,1.0,0.0,1,0.0
MA010120220800450670,5,1.0,1.0,4,0.12215628090999012
MA010120220800451449,5,1.0,0.0,3,0.06602373887240356
MA010120220800453127,5,1.0,0.0,1,0.012030075187969926
MA010120220800456103,5,0.0,1.0,5,1.0
MA010120220800456176,5,0.0,0.0,5,0.10142525687769308
MA010120220800457743,5,1.0,0.0,0,0.0
MA010120220800458310,5,1.0,0.0,2,0.007814761215629523
MA010120220800458405,5,1.0,0.0,1,0.024242424242424242
MA010120220800458812,5,1.0,0.0,2,0.0023687423687423687
MA010120220800459367,5,0.0,0.0,4,0.07797427652733117
MA010120220800459484,5,1.0,1.0,5,1.0
MA010120220800460748,5,1.0,1.0,5,0.696551724137931
MA010120220800463626,5,0.0,0.0,4,0.5575221238938053
MA010120220800464407,5,1.0,0.0,1,0.0022328548644338117
MA010120220800464702,5,0.0,1.0,4,0.4266666666666667
MA010120220800469557,5,0.0,0.0,3,0.05679012345679012
MA010120220800470004,4,1.0,0.0,0,0.0
MA010120220800470771,5,1.0,0.0,0,0.0
MA010120220800472278,5,1.0,1.0,5,0.9884057971014493
MA010120220800472321,5,0.0,0.0,0,0.0
MA010120220800477216,5,1.0,0.0,1,0.0
MA010120220800477601,5,0.0,0.0,5,1.0
MA010120220800478795,5,1.0,0.0,3,0.02258064516129032
MA010120220800479388,5,1.0,0.0,3,0.0
MA010120220800480542,5,1.0,0.0,1,0.0028169014084507044
MA010120220800485343,5,1.0,0.0,5,0.5469336670838548
MA010120220800487690,5,0.0,0.0,3,0.022234891676168756
MA010120220800490114,5,1.0,0.0,3,0.0
MA010120220800490521,5,1.0,0.0,1,0.0027491408934707906
MA010120220800493301,5,1.0,0.0,1,0.0
MA010120220800496767,5,0.0,0.0,3,0.05048543689320389
MA010120220800497848,5,1.0,0.0,1,0.0006607201850016519
MA010120220800500138,5,1.0,0.0,0,0.0
MA010120220800500302,5,1.0,0.0,2,0.020952380952380955
MA010120220800501692,5,1.0,0.0,5,0.0975609756097561
MA010120220800501786,5,1.0,1.0,4,0.09078947368421053
MA010120220800502176,5,1.0,1.0,3,0.02158791076996882
MA010120220800503850,5,1.0,0.0,4,0.06379310344827586
MA010120220800503927,4,1.0,0.0,2,0.02127659574468085
MA010120220800505420,5,1.0,1.0,2,0.0035979851283281365
MA010120220800505619,5,1.0,0.0,0,0.0
MA010120220800505792,5,1.0,0.0,2,0.023076923076923075
MA010120220800506064,5,1.0,0.0,4,0.06593182282098387
MA010120220800507483,4,1.0,1.0,5,0.28442028985507245
MA010120220800507658,1,1.0,1.0,5,0.06625727213962508
MA010120220800507790,5,1.0,0.0,1,0.018085106382978722
MA010120220800508012,5,1.0,0.0,3,0.020148716718637563
MA010120220800508831,5,1.0,0.0,2,0.010824313072439633
MA010120220800508988,5,1.0,0.0,3,0.0
MA010120220800509369,5,1.0,0.0,0,0.0
MA010120220800510225,5,1.0,1.0,3,0.0
MA010120220800511048,5,1.0,0.0,0,0.0
MA010120220800511311,5,1.0,0.0,3,0.0
MA010120220800511498,5,1.0,0.0,2,0.06464646464646465
MA010120220800511623,5,1.0,0.0,2,0.08527131782945736
MA010120220800511680,5,1.0,0.0,1,0.1375
MA010120220800511764,5,0.0,0.0,2,0.038834951456310676
MA010120220800511951,5,1.0,1.0,4,0.1693121693121693
MA010120220800511972,5,1.0,1.0,4,0.03164801235044384
MA010120220800512013,5,1.0,1.0,5,1.0
MA010120220800512071,5,0.0,0.0,4,0.051717483597066766
MA010120220800512299,5,1.0,0.0,0,0.0
MA010120220800512768,5,1.0,0.0,5,0.2764227642276423
MA010120220800512816,5,0.0,0.0,0,0.0
MA010120220800512819,5,1.0,0.0,1,0.043243243243243246
MA010120220800513070,5,1.0,0.0,3,0.11067961165048544
MA010120220800513104,5,1.0,0.0,1,0.0065040650406504065
MA010120220800513224,4,1.0,0.0,3,1.0
MA010120220800514847,5,0.0,0.0,0,0.0
MA010120220800515678,5,1.0,0.0,4,0.0322463768115942
MA010120220800516098,5,1.0,0.0,4,0.08465608465608465
MA010120220800516182,5,1.0,0.0,1,0.02197802197802198
MA010120220800517118,5,1.0,0.0,3,0.004774193548387097
MA010120220800517887,5,1.0,0.0,3,0.011440677966101695
MA010120220800518163,5,1.0,0.0,5,0.0542849962302086
MA010120220800519374,5,1.0,1.0,4,0.026717557251908396
MA010120220800524767,5,1.0,1.0,5,0.15104895104895105
MA010120220800525679,5,1.0,0.0,1,0.0037296037296037296
MA010120220800527284,5,1.0,0.0,3,0.0
MA010120220800528923,5,1.0,0.0,4,0.5012722646310432
MA010120220800529574,5,1.0,0.0,1,0.0004945598417408507
MA010120220800530091,5,1.0,0.0,1,0.0024242424242424242
MA010120220800531673,1,1.0,0.0,1,0.01639344262295082
MA010120220800535761,5,1.0,0.0,0,0.0
MA010120220800536023,5,1.0,0.0,1,0.12
MA010120220800538424,5,1.0,0.0,4,0.03767972235994051
MA010120220800538451,5,0.0,0.0,1,0.0014884979702300407
MA010120220800538966,5,1.0,0.0,3,0.03554603854389722
MA010120220800544081,5,0.0,0.0,0,0.0
MA010120220800544154,5,0.0,0.0,1,0.0
MA010120220800544371,5,0.0,0.0,5,0.5221719457013575
MA010120220800544386,5,1.0,0.0,4,0.04563758389261745
MA010120220800546834,5,1.0,0.0,0,0.0
MA010120220800548144,5,0.0,0.0,4,0.22253521126760564
MA010120220800552418,5,0.0,0.0,3,0.045523012552301255
MA010120220800554314,5,0.0,0.0,1,0.002496771416272062
MA010120220800555362,5,1.0,1.0,3,0.09147286821705426
MA010120220800555987,5,1.0,0.0,4,0.06086956521739131
MA010120220800556161,5,0.0,0.0,4,0.24123711340206186
MA010120220800556671,5,1.0,1.0,3,1.0
MA010120220800557245,4,1.0,0.0,4,0.024463007159904536
MA010120220800557415,5,1.0,1.0,5,0.8786717752234994
MA010120220800558222,5,1.0,0.0,3,0.020366132723112128
MA010120220800558661,5,1.0,0.0,1,0.0016949152542372883
MA010120220800560954,5,1.0,0.0,2,0.024691358024691357
MA010120220800561014,5,0.0,0.0,2,0.011328976034858388
MA010120220800561199,4,1.0,0.0,1,0.0007538377192982456
MA010120220800561746,5,0.0,0.0,2,0.04597701149425288
MA010120220800562989,5,1.0,0.0,4,0.09693251533742332
MA010120220800564669,5,1.0,0.0,3,0.0
MA010120220800565454,5,1.0,0.0,4,0.33771929824561403
MA010120220800565784,5,1.0,0.0,5,0.10793650793650793
MA010120220800566439,5,1.0,0.0,5,0.10970654627539504
MA010120220800569661,5,1.0,0.0,2,0.023223570190641248
MA010120220800570371,5,0.0,0.0,5,0.624056603773585
MA010120220800570644,5,1.0,0.0,0,0.0
MA010120220800573074,5,1.0,0.0,1,0.004968944099378882
MA010120220800573470,5,1.0,0.0,1,0.007751937984496124
MA010120220800573812,5,0.0,1.0,5,1.0
MA010120220800575035,5,0.0,0.0,2,0.0453125
MA010120220800575933,5,1.0,0.0,2,0.11851851851851852
MA010120220800577979,5,1.0,0.0,1,0.01138211382113821
MA010120220800579806,5,1.0,0.0,5,0.04612068965517241
MA010120220800579864,5,1.0,0.0,0,0.0
MA010120220800580145,5,1.0,0.0,4,0.15849056603773587
MA010120220800580270,5,1.0,0.0,3,0.07730061349693251
MA010120220800580961,5,0.0,0.0,0,0.0
MA010120220800582947,5,1.0,0.0,1,0.0017391304347826088
MA010120220800584002,5,1.0,0.0,0,0.0
MA010120220800584193,5,0.0,0.0,2,0.030303030303030307
MA010120220800585784,5,1.0,0.0,4,0.019383259911894275
MA010120220800586350,5,1.0,0.0,5,1.0
MA010120220800586382,5,1.0,0.0,4,0.05423340961098398
MA010120220800587927,5,1.0,0.0,1,0.010996563573883162
MA010120220800588265,5,1.0,0.0,1,0.0018274111675126911
MA010120220800588344,4,1.0,0.0,2,0.0703125
MA010120220800588603,5,1.0,1.0,1,0.019310344827586205
MA010120220800588625,5,1.0,0.0,2,0.2159090909090909
MA010120220800588758,5,1.0,0.0,5,0.2923076923076923
MA010120220800589926,5,1.0,0.0,2,0.023076923076923078
MA010120220800590196,5,1.0,0.0,0,0.0
MA010120220800590590,5,0.0,0.0,3,0.0
MA010120220800590609,4,1.0,0.0,5,0.21875
MA010120220800591496,4,1.0,0.0,3,0.10912698412698413
MA010120220800591574,5,0.0,0.0,0,0.0
MA010120220800591726,5,1.0,0.0,2,0.0259904912836767
MA010120220800591984,5,1.0,0.0,1,0.05263157894736842
MA010120220800592636,5,1.0,1.0,1,0.05901639344262295
MA010120220800593154,5,1.0,0.0,5,0.5148741418764302
MA010120220800593949,5,1.0,0.0,0,0.0
MA010120220800594332,5,1.0,0.0,0,0.0
MA010120220800594420,5,0.0,0.0,4,0.07856115107913669
MA010120220800594964,5,1.0,0.0,1,0.016216216216216217
MA010120220800595309,5,1.0,1.0,4,0.2733333333333333
MA010120220800595484,5,1.0,0.0,0,0.0
MA010120220800595606,5,0.0,1.0,3,0.14414414414414414
MA010120220800595625,5,1.0,0.0,2,0.002207505518763797
MA010120220800595734,5,1.0,0.0,2,0.010849056603773584
MA010120220800595871,5,0.0,0.0,0,0.0
MA010120220800596435,5,1.0,0.0,5,0.41109350237717907
MA010120220800596556,5,1.0,1.0,1,0.0
MA010120220800596804,5,1.0,0.0,3,0.0
MA010120220800597413,5,1.0,0.0,2,0.024242424242424242
MA010120220800597561,5,1.0,1.0,3,0.17647058823529413
MA010120220800598011,5,1.0,0.0,1,0.011214953271028038
MA010120220800598014,5,1.0,0.0,3,0.0
MA010120220800598525,5,1.0,0.0,1,0.013793103448275862
MA010120220800599218,5,1.0,0.0,3,0.02402745995423341
MA010120220800599549,5,1.0,0.0,1,0.021367521367521368
MA010120220800600318,5,1.0,0.0,2,0.2748091603053435
MA010120220800600409,5,1.0,0.0,2,0.02169811320754717
MA010120220800600421,5,1.0,0.0,3,0.38095238095238093
MA010120220800600549,5,1.0,0.0,2,0.008466819221967964
MA010120220800600809,5,1.0,1.0,5,0.3042944785276074
MA010120220800600866,5,1.0,0.0,1,0.0
MA010120220800600941,5,0.0,0.0,4,0.04416475972540046
MA010120220800600994,5,1.0,0.0,1,0.04684684684684685
MA010120220800601088,5,0.0,0.0,4,0.10697674418604652
MA010120220800601441,5,1.0,0.0,1,0.004098360655737705
MA010120220800601741,5,1.0,0.0,0,0.0
MA010120220800601888,5,1.0,0.0,3,0.0071877807726864335
MA010120220800602147,5,1.0,0.0,1,0.0
MA010120220800602162,5,1.0,0.0,3,0.16504854368932037
MA010120220800602225,5,1.0,0.0,3,0.046296296296296294
MA010120220800602899,5,1.0,0.0,4,0.05080091533180778
MA010120220800603138,5,1.0,0.0,3,0.041509433962264156
MA010120220800603323,5,0.0,0.0,4,0.04622425629290618
MA010120220800603474,5,1.0,1.0,2,0.0011784115012962526
MA010120220800603636,5,1.0,0.0,0,0.0
MA010120220800604107,5,1.0,0.0,4,0.11152416356877323
MA010120220800605297,5,1.0,1.0,2,0.007608695652173913
MA010120220800606743,5,1.0,0.0,2,0.09165354330708662
MA010120220800606841,5,1.0,0.0,1,0.003305785123966942
MA010120220800606969,5,1.0,0.0,3,0.023943135054246164
MA010120220800607725,5,1.0,0.0,0,0.0
MA010120220800609081,5,1.0,0.0,2,0.007203389830508475
MA010120220800609658,5,1.0,0.0,2,0.0014261744966442952
MA010120220800610044,5,1.0,0.0,1,0.13999999999999999
MA010120220800610625,5,1.0,0.0,3,0.4999999999999999
MA010120220800610655,5,1.0,0.0,1,0.001183431952662722
MA010120220800612747,5,1.0,0.0,3,0.02470088768815129
MA010120220800614720,5,1.0,0.0,4,0.10837514473176381
MA010120220800617409,5,1.0,0.0,4,0.20869565217391303
MA010120220800618091,4,1.0,1.0,5,0.2027625287763414
MA010120220800618253,5,0.0,0.0,3,1.0
MA010120220800618422,5,1.0,0.0,5,0.1479618386816999
MA010120220800621393,1,1.0,1.0,5,0.195558501823003
MA010120220800621777,5,0.0,1.0,4,0.036613272311212815
MA010120220800621846,1,1.0,0.0,0,0.0
MA010120220800622236,1,1.0,0.0,0,0.0
MA010120220800623224,5,1.0,0.0,0,0.0
MA010120220800623309,5,1.0,0.0,5,1.0
MA010120220800623752,4,1.0,0.0,0,0.0
MA010120220800623943,4,1.0,0.0,3,0.03588516746411483
MA010120220800624033,4,1.0,0.0,0,0.0
MA010120220800624297,4,0.0,0.0,1,0.0014302059496567505
MA010120220800624337,4,1.0,0.0,1,0.1477272727272727
MA010120220800624758,5,1.0,0.0,3,0.0
MA010120220800626405,1,0.0,0.0,3,0.0
MA010120220800631247,5,1.0,0.0,5,0.28970251716247136
MA010120220800632413,5,1.0,0.0,4,0.09418907198612315
MA010120220800632853,5,1.0,0.0,0,0.0
MA010120220800634144,5,0.0,0.0,4,0.14153846153846153
MA010120220800635981,1,1.0,0.0,2,0.008169934640522876
MA010120220800636592,5,1.0,0.0,4,0.026615969581749048
MA010120220800636797,5,1.0,0.0,3,0.045016077170418
MA010120220800637666,5,1.0,0.0,2,0.0056179775280898875
MA010120220800638268,5,1.0,0.0,3,1.0
MA010120220800639719,5,1.0,0.0,1,0.0019323671497584543
MA010120220800639902,5,1.0,0.0,2,0.009610983981693364
MA010120220800643564,5,1.0,0.0,1,0.008391608391608392
MA010120220800643622,5,1.0,0.0,0,0.0
MA010120220800645237,5,0.0,0.0,1,0.0026905829596412553
MA010120220800649207,5,1.0,0.0,0,0.0
MA010120220800649613,5,1.0,0.0,2,0.012966601178781925
MA010120220800650074,5,1.0,0.0,3,0.0
MA010120220800650247,5,1.0,0.0,1,0.002777777777777778
MA010120220800651040,5,1.0,0.0,3,0.06443914081145584
MA010120220800652103,5,1.0,0.0,5,1.0
MA010120220800652164,4,1.0,0.0,4,0.041666666666666664
MA010120220800652542,5,0.0,0.0,0,0.0
MA010120220800655475,5,1.0,0.0,1,0.008130081300813009
MA010120220800655582,5,1.0,0.0,3,0.0
MA010120220800657461,5,1.0,0.0,3,0.0
MA010120220800661033,5,1.0,0.0,5,0.10418943533697633
MA010120220800663506,5,1.0,0.0,2,0.01366742596810934
MA010120220800663776,5,1.0,1.0,3,0.0
MA010120220800664197,5,0.0,0.0,5,1.0
MA010120220800667127,5,1.0,0.0,4,0.05310907237512742
MA010120220800669773,5,1.0,1.0,5,1.0
MA010120220800672495,5,1.0,0.0,3,0.0
MA010120220800674306,5,1.0,0.0,1,0.00010183299389002037
MA010120220800675631,5,0.0,0.0,4,0.6489270386266094
MA010120220800678781,5,1.0,0.0,1,0.013961605584642236
MA010120220800680157,5,1.0,0.0,0,0.0
MA010120220800680354,4,1.0,0.0,3,1.0
MA010120220800680448,5,1.0,0.0,1,0.004275996112730807
MA010120220800680517,5,1.0,0.0,0,0.0
MA010120220800684276,5,0.0,0.0,2,0.002328891189028335
MA010120220800684786,5,1.0,0.0,3,0.045929018789144044
MA010120220800684859,1,0.0,0.0,5,0.08695652173913043
MA010120220800684990,5,1.0,0.0,3,0.012927756653992395
MA010120220800685829,5,1.0,0.0,2,0.0014285714285714299
MA010120220800686302,5,1.0,0.0,5,0.15136054421768708
MA010120220800686511,5,1.0,0.0,1,0.01217391304347826
MA010120220800686569,1,1.0,0.0,4,0.009900990099009901
MA010120220800686724,5,1.0,0.0,5,1.0
MA010120220800688380,5,0.0,0.0,4,0.18360655737704917
MA010120220800690111,5,1.0,0.0,3,0.0
MA010120220800690891,5,1.0,0.0,1,0.12363636363636363
MA010120220800691218,5,1.0,0.0,0,0.0
MA010120220800692786,5,1.0,0.0,5,0.1783393501805054
MA010120220800693486,5,1.0,0.0,3,0.05011389521640091
MA010120220800696112,5,1.0,1.0,1,0.0015444015444015444
MA010120220800696529,5,1.0,0.0,5,0.13565282454171343
MA010120220800696795,5,1.0,0.0,1,0.005649717514124294
MA010120220800699220,4,0.0,0.0,5,0.329136690647482
MA010120220800699367,5,1.0,0.0,0,0.0
MA010120220800699891,5,1.0,1.0,2,0.026595744680851064
MA010120220800703244,5,1.0,0.0,3,0.0
MA010120220800708249,5,1.0,0.0,2,0.12307692307692308
MA010120220800713617,5,1.0,0.0,1,0.0002192982456140351
MA010120220800714599,5,1.0,0.0,1,0.0011534025374855825
MA010120220800715359,5,1.0,0.0,0,0.0
MA010120220800716259,5,1.0,0.0,1,0.03278688524590164
MA010120220800718162,5,0.0,0.0,3,0.0
MA010120220800719048,4,1.0,0.0,1,0.0008479366873940079
MA010120220800719509,4,1.0,0.0,2,0.17142857142857143
MA010120220800724786,5,1.0,0.0,2,0.10196078431372549
MA010120220800725910,5,1.0,0.0,1,0.00211864406779661
MA010120220800728834,5,1.0,0.0,1,0.018181818181818184
MA010120220800731028,5,1.0,0.0,1,0.0011534025374855825
MA010120220800733344,5,1.0,0.0,1,0.002306805074971165
MA010120220800734011,5,1.0,0.0,0,0.0
MA010120220800735816,5,1.0,0.0,3,1.0
MA010120220800738133,5,1.0,0.0,1,0.0038135593220338985
MA010120220800739133,5,1.0,0.0,1,0.0008474576271186442
MA010120220800739617,4,1.0,1.0,4,0.004043311403508772
MA010120220800740638,5,0.0,0.0,1,0.015384615384615385
MA010120220800740735,5,1.0,0.0,4,0.12158273381294964
MA010120220800741681,5,1.0,1.0,4,0.023305084745762712
MA010120220800743175,5,1.0,1.0,5,0.018530701754385964
MA010120220800743231,5,1.0,1.0,1,0.0011534025374855825
MA010120220800743409,5,1.0,0.0,2,0.0819672131147541
MA010120220800743421,5,1.0,0.0,2,0.06550218340611354
MA010120220800744721,5,1.0,0.0,5,0.37584745762711863
MA010120220800745416,4,1.0,1.0,5,1.0
MA010120220800746676,5,1.0,0.0,1,0.0004237288135593221
MA010120220800750107,5,1.0,0.0,1,0.008733624454148471
MA010120220800750406,5,1.0,0.0,2,0.0013157894736842105
MA010120220800750411,4,1.0,0.0,1,0.0014417531718569781
MA010120220800750703,5,1.0,0.0,4,0.023305084745762712
MA010120220800751891,4,1.0,0.0,5,0.9016393442622951
MA010120220800753027,5,1.0,1.0,3,0.9804878048780489
MA010120220800753589,5,1.0,0.0,3,0.0
MA010120220800755031,5,1.0,1.0,1,0.002735562310030395
MA010120220800756247,5,0.0,1.0,0,0.0
MA010120220800756699,5,1.0,0.0,2,0.013758146270818247
MA010120220800756955,4,1.0,0.0,5,0.1985410094637224
MA010120220800756979,5,1.0,0.0,4,0.02
MA010120220800757153,5,1.0,0.0,1,0.0010052777079668257
MA010120220800758591,5,1.0,0.0,2,0.015637860082304528
MA010120220800759027,5,1.0,0.0,1,0.029357798165137616
MA010120220800763505,1,1.0,0.0,1,0.0006337135614702154
MA010120220800766191,5,1.0,0.0,0,0.0
MA010120220800766784,5,1.0,0.0,0,0.0
MA010120220800767107,1,0.0,0.0,0,0.0
MA010120220800772396,5,1.0,0.0,0,0.0
MA010120220800773509,5,1.0,0.0,0,0.0
MA010120220800773567,5,1.0,0.0,0,0.0
MA010120220800777134,5,1.0,0.0,0,0.0
MA010120220800779808,5,1.0,0.0,1,0.0008948545861297539
MA010120220800781024,5,1.0,0.0,1,0.006779661016949153
MA010120220800781987,1,1.0,0.0,0,0.0
MA010120220800783530,4,1.0,1.0,1,0.0
MA010120220800783875,5,0.0,0.0,0,0.0
MA010120220800784558,5,1.0,0.0,3,0.013870246085011187
MA010120220800784998,5,1.0,0.0,2,0.005369127516778523
MA010120220800785405,1,1.0,0.0,0,0.0
MA010120220800785598,5,1.0,0.0,0,0.0
MA010120220800786224,4,1.0,0.0,3,0.028996865203761754
MA010120220800786782,5,1.0,1.0,1,0.002973240832507433
MA010120220800787417,5,0.0,0.0,1,0.0011617775196049957
MA010120220800790997,5,1.0,0.0,3,1.0
MA010120220800791367,5,0.0,0.0,1,0.004921700223713647
MA010120220800791423,5,1.0,0.0,4,0.11449115044247786
MA010120220800792112,5,1.0,0.0,2,0.005492730210016155
MA010120220800792638,4,1.0,0.0,1,0.04564054139124961
MA010120220800792689,5,1.0,0.0,2,0.002462620932277924
MA010120220800792722,4,1.0,1.0,4,0.1423841059602649
MA010120220800792961,5,1.0,1.0,3,0.005277044854881266
MA010120220800793308,5,1.0,0.0,1,0.003333333333333333
MA010120220800793319,5,1.0,0.0,1,0.00642570281124498
MA010120220800794628,5,1.0,1.0,4,0.04819700967458223
MA010120220800794903,5,1.0,0.0,3,0.016
MA010120220800795059,5,1.0,0.0,1,0.013846153846153847
MA010120220800795083,5,1.0,1.0,2,0.024615384615384615
MA010120220800795375,5,1.0,0.0,3,0.0
MA010120220800796213,5,1.0,0.0,3,0.008443271767810026
MA010120220800796415,5,0.0,1.0,5,0.9344978165938864
MA010120220800797057,5,1.0,0.0,3,0.011633109619686801
MA010120220800797068,5,1.0,0.0,2,0.007223476297968398
MA010120220800797088,5,1.0,0.0,3,0.0
MA010120220800797561,5,1.0,0.0,4,0.05592841163310962
MA010120220800797670,5,1.0,0.0,3,0.006860158311345646
MA010120220800798005,5,1.0,0.0,4,0.022727272727272728
MA010120220800798117,5,1.0,0.0,1,0.0044742729306487695
MA010120220800798148,5,0.0,0.0,1,0.0048
MA010120220800799067,5,1.0,1.0,1,0.0028112449799196785
MA010120220800799640,5,1.0,0.0,1,0.008919722497522299
MA010120220800799791,5,1.0,0.0,3,0.010703812316715543
MA010120220800800682,4,1.0,0.0,3,0.0
MA010120220800800855,5,1.0,0.0,4,0.08053691275167785
MA010120220800800867,5,1.0,1.0,2,0.17391304347826086
MA010120220800801652,5,1.0,0.0,3,0.018181818181818184
MA010120220800802313,1,1.0,0.0,1,0.05319148936170213
MA010120220800803200,5,1.0,0.0,2,0.01749271137026239
MA010120220800803744,5,1.0,0.0,3,0.06282183316168898
MA010120220800804425,1,1.0,0.0,5,0.1470113085621971
MA010120220800804852,5,1.0,0.0,4,0.13072289156626504
MA010120220800804950,5,1.0,1.0,3,0.07685589519650655
MA010120220800806302,1,1.0,0.0,4,0.3457446808510638
MA010120220800807575,5,1.0,1.0,4,0.0416988416988417
MA010120220800807750,5,1.0,0.0,4,0.3733333333333333
MA010120220800807828,5,1.0,0.0,2,0.05309734513274336
MA010120220800807951,5,1.0,0.0,0,0.0
MA010120220800808010,5,1.0,0.0,5,0.3870967741935484
MA010120220800808012,5,1.0,0.0,0,0.0
MA010120220800809083,5,1.0,1.0,1,0.0011627906976744186
MA010120220800809614,5,1.0,0.0,1,0.007516339869281045
MA010120220800809631,5,1.0,0.0,4,0.1984375
MA010120220800811228,5,1.0,0.0,4,0.07090909090909091
MA010120220800815995,5,1.0,0.0,4,0.04384787472035794
MA010120220800818694,5,0.0,0.0,0,0.0
MA010120220800819331,5,1.0,0.0,0,0.0
MA010120220800819627,1,1.0,0.0,0,0.0
MA010120220800822818,1,0.0,0.0,0,0.0
MA010120220800823163,5,1.0,0.0,0,0.0
MA010120220800823445,5,0.0,0.0,0,0.0
MA010120220800827677,5,1.0,0.0,4,0.08641975308641975
MA010120220800828466,5,1.0,1.0,1,0.001593625498007968
MA010120220800830067,5,1.0,1.0,2,0.051094890510948905
MA010120220800833359,1,1.0,0.0,4,0.24265644955300128
MA010120220800835123,5,0.0,0.0,2,0.2607184241019699
MA010120220800835308,5,1.0,0.0,3,0.022522522522522525
MA010120220800835864,5,1.0,0.0,1,0.04918032786885246
MA010120220800836296,5,1.0,0.0,3,0.060413354531001585
MA010120220800836409,5,1.0,0.0,1,0.0018181818181818182
MA010120220800837315,5,1.0,1.0,1,0.0018223234624145787
MA010120220800838120,5,1.0,0.0,1,0.022222222222222223
MA010120220800839313,5,1.0,0.0,5,1.0
MA010120220800839835,5,1.0,0.0,2,0.00103506275067926
MA010120220800840306,5,1.0,1.0,3,0.15861618798955615
MA010120220800840342,5,1.0,0.0,5,0.43360000000000004
MA010120220800841757,5,1.0,0.0,3,1.0
MA010120220800841975,5,1.0,0.0,3,0.003982233113799969
MA010120220800842304,5,1.0,0.0,4,0.10914454277286136
MA010120220800842361,4,1.0,0.0,4,0.0859375
MA010120220800845773,5,1.0,0.0,3,0.31360946745562135
MA010120220800847139,5,1.0,0.0,1,0.0036446469248291574
MA010120220800850849,4,0.0,0.0,1,0.0
MA010120220800851214,5,1.0,0.0,1,0.00045237496858507165
MA010120220800851299,5,0.0,0.0,0,0.0
MA010120220800851516,5,1.0,0.0,3,0.0048721071863581
MA010120220800854284,5,1.0,0.0,1,0.0034825870646766166
MA010120220800856732,5,1.0,0.0,1,0.01568627450980392
MA010120220800858264,5,1.0,0.0,0,0.0
MA010120220800860621,5,1.0,1.0,1,0.001710376282782212
MA010120220800861568,5,1.0,0.0,4,0.021538461538461538
MA010120220800861943,5,1.0,0.0,2,0.007303370786516854
MA010120220800864094,5,1.0,0.0,1,0.02
MA010120220800867421,5,1.0,0.0,0,0.0
MA010120220800868947,5,1.0,0.0,0,0.0
MA010120220800871686,5,0.0,0.0,0,0.0
MA010120220800872151,5,1.0,0.0,0,0.0
MA010120220800874094,5,1.0,0.0,3,0.0
MA010120220800874219,5,1.0,0.0,0,0.0
MA010120220800877425,5,0.0,0.0,0,0.0
MA010120220800877666,5,1.0,0.0,4,0.020786516853932586
MA010120220800878760,5,1.0,0.0,1,0.013725490196078431
MA010120220800878766,5,1.0,0.0,2,0.005056179775280899
MA010120220800879390,4,1.0,0.0,4,0.05828651685393258
MA010120220800879667,5,1.0,0.0,3,0.13716814159292037
MA010120220800880476,5,1.0,0.0,1,0.0022471910112359553
MA010120220800880909,5,1.0,0.0,3,0.019101123595505618
MA010120220800881325,5,1.0,0.0,2,0.007865168539325841
MA010120220800882160,1,1.0,0.0,4,0.06741573033707865
MA010120220800882204,5,1.0,0.0,0,0.0
MA010120220800883051,5,1.0,0.0,4,0.0449438202247191
MA010120220800883493,5,1.0,1.0,3,0.00506050605060506
MA010120220800883644,5,1.0,0.0,1,0.0033707865168539327
MA010120220800884569,5,0.0,0.0,3,1.0
MA010120220800884681,5,1.0,0.0,1,0.00029126213592233006
MA010120220800885503,5,1.0,0.0,3,0.0024271844660194173
MA010120220800886336,5,1.0,0.0,1,0.0005583472920156337
MA010120220800886427,5,1.0,1.0,4,0.22549019607843138
MA010120220800886958,5,0.0,0.0,0,0.0
MA010120220800887376,5,1.0,0.0,3,0.02497831743278404
MA010120220800887583,5,1.0,0.0,2,0.01818181818181818
MA010120220800887855,5,1.0,0.0,1,0.0
MA010120220800887872,5,1.0,0.0,4,0.65
MA010120220800888096,5,0.0,1.0,3,0.0
MA010120220800888923,5,1.0,0.0,1,0.004615384615384615
MA010120220800889058,1,1.0,0.0,1,0.004356665698518733
MA010120220800890254,5,1.0,0.0,1,0.05384615384615384
MA010120220800892421,5,1.0,0.0,1,0.0011661807580174927
MA010120220800893253,1,1.0,0.0,1,0.007751937984496124
MA010120220800894049,5,1.0,1.0,1,0.0
MA010120220800894439,5,1.0,1.0,4,0.09031352363125879
MA010120220800896110,5,1.0,0.0,1,0.0012394645513138325
MA010120220800896244,5,0.0,1.0,3,0.06262626262626263
MA010120220800896750,1,1.0,1.0,3,0.0
MA010120220800902242,1,1.0,1.0,0,0.0
MA010120220800903218,1,0.0,0.0,5,1.0
MA010120220800903368,5,1.0,0.0,3,0.0
MA010120220800904947,5,0.0,0.0,0,0.0
MA010120220800905116,5,0.0,0.0,1,0.0002534854245880862
MA010120220800905229,5,0.0,0.0,3,0.0582010582010582
MA010120220800910011,5,1.0,0.0,3,0.04567901234567901
MA010120220800910551,5,0.0,0.0,3,1.0
MA010120220800911831,5,0.0,1.0,2,0.007805724197745013
MA010120220800912899,5,1.0,0.0,1,0.028729281767955802
MA010120220800915909,5,1.0,0.0,4,0.023537323470073975
MA010120220800916280,5,1.0,1.0,2,0.009883720930232558
MA010120220800917451,5,1.0,0.0,1,0.00547645125958379
MA010120220800917899,5,1.0,0.0,3,0.0
MA010120220800917921,5,1.0,0.0,1,0.0004975124378109454
MA010120220800918324,5,1.0,0.0,5,0.626
MA010120220800920433,5,1.0,0.0,1,0.030303030303030304
MA010120220800920785,5,1.0,0.0,3,0.0
MA010120220800921659,5,1.0,0.0,1,0.02564102564102564
MA010120220800921729,1,1.0,0.0,5,0.23407643312101908
MA010120220800922530,5,1.0,0.0,0,0.0
MA010120220800923577,5,1.0,0.0,4,0.06625
MA010120220800924818,1,0.0,0.0,0,0.0
MA010120220800925586,5,1.0,0.0,1,7.326007326007326e-05
MA010120220800925698,5,1.0,0.0,3,0.07751937984496124
MA010120220800925789,5,0.0,0.0,3,0.0030201342281879194
MA010120220800925891,5,1.0,0.0,3,0.08838821490467937
MA010120220800926370,5,1.0,1.0,2,0.0022197558268590455
MA010120220800929786,4,1.0,0.0,3,0.09188741721854304
MA010120220800938547,5,1.0,0.0,1,0.023255813953488375
MA010120220800944785,5,1.0,0.0,0,0.0
MA010120220800946667,5,1.0,0.0,3,0.1322314049586777
MA010120220800947738,5,1.0,0.0,1,0.001388888888888889
MA010120220800948143,5,1.0,0.0,4,0.6153846153846154
MA010120220800950813,5,1.0,0.0,2,0.006765327695560254
MA010120220800951038,5,1.0,0.0,3,0.014448669201520912
MA010120220800952006,5,1.0,0.0,1,0.005298013245033113
MA010120220800952616,5,1.0,0.0,0,0.0
MA010120220800960865,5,0.0,0.0,3,0.18831615120274914
MA010120220800962047,5,0.0,0.0,4,0.016436290525257604
MA010120220800962704,5,1.0,0.0,1,0.05950413223140496
MA010120220800963813,5,1.0,0.0,4,0.06186440677966101
MA010120220800964728,5,1.0,0.0,4,0.06984126984126984
MA010120220800968009,5,1.0,0.0,3,0.0
MA010120220800968685,5,1.0,0.0,0,0.0
MA010120220800969046,5,0.0,0.0,4,0.09717868338557994
MA010120220800969359,5,1.0,0.0,0,0.0
MA010120220800970633,5,1.0,0.0,3,0.11824324324324324
MA010120220800971924,5,1.0,0.0,4,0.12871287128712872
MA010120220800973086,5,1.0,0.0,3,0.052920962199312714
MA010120220800974816,5,1.0,0.0,1,0.0007604562737642586
MA010120220800975860,5,1.0,0.0,4,0.11816720257234725
MA010120220800976304,5,1.0,0.0,2,0.07151979565772669
MA010120220800977558,5,1.0,0.0,3,0.06797821886527315
MA010120220800977899,5,1.0,0.0,1,0.022477650063856963
MA010120220800978275,5,1.0,0.0,1,0.01322314049586777
MA010120220800978372,5,1.0,1.0,5,0.48531289910600256
MA010120220800978533,5,1.0,0.0,3,0.0
MA010120220800979104,5,1.0,0.0,2,0.012048192771084338
MA010120220800979823,5,1.0,0.0,2,0.015461847389558234
MA010120220800979986,5,1.0,0.0,3,0.04075235109717869
MA010120220800980142,5,1.0,0.0,3,0.16
MA010120220800980334,5,1.0,0.0,2,0.006844106463878327
MA010120220800980913,5,1.0,0.0,1,0.007836990595611286
MA010120220800981640,5,1.0,0.0,3,0.030923694779116467
MA010120220800981958,5,1.0,0.0,1,0.0007604562737642586
MA010120220800982731,5,0.0,0.0,3,1.0
MA010120220800982878,5,1.0,0.0,2,0.014308426073131956
MA010120220800983616,5,1.0,0.0,1,0.005172413793103448
MA010120220800984061,5,0.0,1.0,2,0.02336769759450172
MA010120220800984087,5,1.0,0.0,1,0.0027491408934707906
MA010120220800984299,5,1.0,0.0,3,0.013688212927756654
MA010120220800984323,5,1.0,0.0,1,0.0007604562737642586
MA010120220800984709,5,1.0,0.0,0,0.0
MA010120220800984958,5,1.0,1.0,1,0.0038022813688212928
MA010120220800984982,5,1.0,0.0,3,0.029197080291970802
MA010120220800985082,5,1.0,0.0,1,0.0075601374570446744
MA010120220800985679,5,1.0,0.0,1,0.02247191011235955
MA010120220800986175,5,1.0,0.0,4,0.04106463878326996
MA010120220800986700,5,1.0,0.0,2,0.10472972972972973
MA010120220800986749,5,1.0,0.0,2,0.006083650190114069
MA010120220800986785,5,1.0,0.0,3,0.11432325886990802
MA010120220800987092,5,1.0,0.0,1,0.0030418250950570345
MA010120220800987300,5,1.0,0.0,3,0.01064638783269962
MA010120220800987903,5,0.0,0.0,3,0.01064638783269962
MA010120220800988336,5,1.0,0.0,3,0.017104610808130888
MA010120220800988656,5,1.0,0.0,0,0.0
MA010120220800988779,5,1.0,0.0,3,0.0
MA010120220800989289,4,1.0,0.0,3,0.03818327974276527
MA010120220800989334,5,1.0,1.0,1,0.0015209125475285172
MA010120220800989587,5,1.0,1.0,5,0.1650190114068441
MA010120220800989629,4,1.0,1.0,3,0.021062271062271064
MA010120220800989713,5,1.0,0.0,1,0.005128205128205128
MA010120220800989736,5,1.0,0.0,2,0.24615384615384614
MA010120220800989980,5,1.0,0.0,2,0.0025484199796126403
MA010120220800990092,5,1.0,0.0,2,0.05042613636363636
MA010120220800990189,5,1.0,0.0,3,0.0
MA010120220800990370,5,0.0,0.0,4,0.022558254833911752
MA010120220800990686,4,1.0,1.0,3,0.06436567164179105
MA010120220800991039,5,1.0,0.0,3,0.0
MA010120220800991869,5,1.0,1.0,3,1.0
MA010120220800992072,5,1.0,1.0,1,0.0045627376425855515
MA010120220800992852,5,1.0,0.0,2,0.2824074074074074
MA010120220800993573,5,1.0,1.0,1,0.005555555555555556
MA010120220800994009,5,0.0,0.0,1,0.026053639846743294
MA010120220800995837,5,1.0,1.0,5,0.7405797101449276
MA010120220800996296,5,1.0,1.0,5,0.9052631578947368
MA010120220800997061,5,1.0,0.0,3,0.007894736842105263
MA010120220800997783,5,0.0,0.0,4,0.01358659217877095
MA010120220800997820,5,1.0,0.0,3,0.03554603854389722
MA010120220800998093,5,1.0,0.0,0,0.0
MA010120220801006408,4,1.0,0.0,1,0.0
MA010120220801007517,4,1.0,0.0,0,0.0
MA010120220801009646,5,1.0,0.0,1,0.0008038585209003215
MA010120220801009876,5,1.0,0.0,0,0.0
MA010120220801012282,5,1.0,0.0,1,0.03378378378378378
MA010120220801012921,5,1.0,0.0,0,0.0
MA010120220801020372,5,1.0,0.0,1,0.008910891089108912
MA010120220801022061,5,0.0,1.0,2,0.010158730158730159
MA010120220801023660,4,1.0,0.0,1,0.002173913043478261
MA010120220801023832,5,1.0,0.0,0,0.0
MA010120220801024643,5,1.0,0.0,1,0.045112781954887216
MA010120220801025061,4,1.0,0.0,1,0.21818181818181817
MA010120220801027117,5,1.0,0.0,1,0.0111731843575419
MA010120220801028447,5,1.0,0.0,4,0.016774193548387096
MA010120220801030051,5,1.0,1.0,1,0.0
MA010120220801030340,5,1.0,1.0,2,0.02875399361022364
MA010120220801031739,5,1.0,0.0,4,0.06644951140065146
MA010120220801032397,5,1.0,0.0,0,0.0
MA010120220801034128,5,1.0,1.0,4,0.09025641025641026
MA010120220801034619,5,1.0,0.0,4,0.12921810699588476
MA010120220801036915,5,1.0,1.0,2,0.006342494714587738
MA010120220801037378,5,1.0,1.0,3,0.09508196721311475
MA010120220801038100,5,1.0,0.0,1,0.001032258064516129
MA010120220801038276,5,1.0,0.0,1,0.004975124378109453
MA010120220801038754,5,1.0,0.0,3,0.02243346007604563
MA010120220801039516,5,1.0,0.0,1,0.00025806451612903227
MA010120220801039580,5,1.0,0.0,1,0.0002538071065989848
MA010120220801040226,5,1.0,0.0,4,0.3459016393442623
MA010120220801040386,5,1.0,0.0,0,0.0
MA010120220801040507,5,1.0,0.0,5,0.5293159609120521
MA010120220801040732,5,0.0,0.0,1,0.0375
MA010120220801041760,5,1.0,0.0,4,0.18214285714285713
MA010120220801041893,5,1.0,0.0,0,0.0
MA010120220801042439,5,1.0,0.0,1,0.006060606060606061
MA010120220801042728,5,1.0,0.0,0,0.0
MA010120220801042760,5,1.0,0.0,4,0.10400000000000001
MA010120220801043314,5,1.0,0.0,3,0.048859934853420196
MA010120220801043316,5,1.0,0.0,1,0.0009095502779181405
MA010120220801043778,5,1.0,1.0,2,0.010570824524312896
MA010120220801043923,5,1.0,0.0,2,0.013307984790874524
MA010120220801043969,5,1.0,0.0,2,0.02346368715083799
MA010120220801044149,5,1.0,0.0,3,0.0039732414352321105
MA010120220801044204,5,1.0,0.0,1,0.0016774193548387097
MA010120220801044394,5,1.0,0.0,1,0.0017391304347826088
MA010120220801044448,5,0.0,0.0,3,0.009419354838709678
MA010120220801044492,5,1.0,0.0,3,0.004
MA010120220801045304,5,1.0,1.0,3,0.2
MA010120220801045455,5,1.0,0.0,1,0.01098901098901099
MA010120220801045848,5,1.0,0.0,3,0.037500000000000006
MA010120220801045937,5,1.0,1.0,2,0.0024516129032258064
MA010120220801046136,5,1.0,0.0,0,0.0
MA010120220801046395,5,0.0,0.0,3,0.31666666666666665
MA010120220801046642,5,1.0,1.0,3,0.014645577035735208
MA010120220801047073,5,1.0,0.0,3,0.06559139784946236
MA010120220801047081,5,1.0,0.0,5,0.792
MA010120220801047512,5,1.0,0.0,3,0.07179487179487179
MA010120220801047607,5,1.0,0.0,1,0.0064516129032258064
MA010120220801047903,5,1.0,0.0,0,0.0
MA010120220801048069,5,1.0,1.0,5,0.5688524590163935
MA010120220801048113,4,1.0,1.0,2,0.023554603854389723
MA010120220801048477,5,1.0,0.0,4,0.3084745762711864
MA010120220801049024,5,1.0,0.0,5,0.27737704918032785
MA010120220801049330,5,1.0,1.0,5,0.5886104783599089
MA010120220801050630,5,1.0,0.0,1,0.03983228511530398
MA010120220801050946,5,1.0,0.0,3,0.017701453104359315
MA010120220801051039,5,1.0,0.0,0,0.0
MA010120220801051911,5,1.0,0.0,2,0.0051764705882352945
MA010120220801052258,5,0.0,0.0,4,0.8761329305135951
MA010120220801053277,1,1.0,1.0,3,0.0
MA010120220801053521,1,1.0,0.0,3,0.0617283950617284
MA010120220801054939,5,1.0,0.0,3,1.0
MA010120220801055246,1,1.0,0.0,0,0.0
MA010120220801058538,5,1.0,0.0,0,0.0
MA010120220801059298,4,1.0,0.0,1,0.002232142857142857
MA010120220801059329,4,0.0,0.0,0,0.0
MA010120220801060545,5,1.0,0.0,0,0.0
MA010120220801060882,5,1.0,0.0,0,0.0
MA010120220801060912,5,1.0,1.0,2,0.07318295739348371
MA010120220801061383,5,1.0,0.0,3,0.036521739130434785
MA010120220801061904,5,1.0,0.0,0,0.0
MA010120220801062466,1,1.0,0.0,0,0.0
MA010120220801066285,5,1.0,0.0,3,0.006270200387847446
MA010120220801067122,5,1.0,0.0,0,0.0
MA010120220801067692,1,0.0,0.0,3,0.0
MA010120220801067819,5,1.0,0.0,0,0.0
MA010120220801068271,5,0.0,0.0,0,0.0
MA010120220801069940,4,1.0,0.0,0,0.0
MA010120220801070827,5,1.0,0.0,0,0.0
MA010120220801071788,5,0.0,0.0,3,0.0970873786407767
MA010120220801072533,5,1.0,0.0,0,0.0
MA010120220801073566,5,1.0,0.0,2,0.004594767070835992
MA010120220801075008,1,0.0,0.0,5,1.0
MA010120220801137707,4,1.0,0.0,1,0.00031354515050167225
MA010120220801137932,5,1.0,0.0,4,0.03396372057120803
MA010120220801138917,5,1.0,1.0,1,0.001607717041800643
MA010120220801139180,5,1.0,0.0,1,0.014469453376205787
MA010120220801141293,5,1.0,0.0,3,0.0
MA010120220801141451,5,1.0,0.0,3,0.001257861635220126
MA010120220801144108,5,1.0,1.0,4,0.3602150537634408
MA010120220801145252,5,1.0,0.0,2,0.001486748545572075
MA010120220801146787,5,1.0,1.0,4,0.0710811821922933
MA010120220801149245,1,1.0,0.0,5,0.6206896551724138
MA010120220801149529,5,1.0,0.0,5,0.04438356164383561
MA010120220801158234,5,0.0,0.0,0,0.0
MA010120220801162112,1,1.0,0.0,0,0.0
MA010120220801179983,5,0.0,0.0,4,0.02046783625730994
MA010120220801189289,5,1.0,0.0,1,0.003149606299212599
MA010120220801223517,1,1.0,0.0,0,0.0
MA010120220801233602,5,1.0,0.0,0,0.0
MA010120220801234963,5,1.0,1.0,4,0.2554027504911591
MA010120220801236059,5,1.0,0.0,1,0.12025316455696201
MA010120220801246721,5,0.0,0.0,3,0.03447293447293447
MA010120220801248126,1,0.0,0.0,5,0.16573033707865167
MA010120220801249129,1,0.0,0.0,0,0.0
MA010120220801250681,5,0.0,0.0,0,0.0
MA010120220801265835,5,0.0,0.0,1,0.00025284450063211124
MA010120220801283934,5,1.0,0.0,4,0.14461538461538462
MA010120220801286578,5,1.0,0.0,3,0.0
MA010120220801299447,5,0.0,0.0,2,0.006636155606407322
MA010120220801305837,5,1.0,0.0,3,0.045278137128072445
MA010120220801316462,5,1.0,0.0,5,0.7909319899244331
MA010120220801317270,5,1.0,0.0,0,0.0
MA010120220801317951,5,1.0,0.0,1,0.0019297568506368196
MA010120220801318078,5,1.0,0.0,4,0.0070512820512820505
MA010120220801366315,5,1.0,0.0,3,0.022404371584699455
MA010120220801438597,5,1.0,0.0,3,0.1076923076923077
MA010120220801472349,5,1.0,0.0,3,0.005533353827236397
MA010120220801494691,5,1.0,0.0,1,0.00031347962382445143
MA010120220801516814,5,1.0,0.0,4,0.09162011173184356
MA010120220801521232,5,0.0,0.0,1,0.027450980392156862
MA010120220801524339,5,1.0,0.0,2,0.040625
MA010120220801533691,5,1.0,0.0,5,0.500375939849624
MA010120220801533896,5,1.0,1.0,3,0.011686143572621035
MA010120220801546665,5,1.0,0.0,3,0.0
MA010120220801554841,5,1.0,1.0,4,0.13144590495449948
MA010120220801614958,5,1.0,0.0,1,0.0022813688212927757
MA010120220801614982,5,0.0,0.0,4,0.01362151294295049
MA010120220801615044,5,1.0,1.0,3,0.005108453273869856
MA010120220801615755,5,1.0,0.0,1,0.000625
MA010120220801622443,1,1.0,1.0,3,1.0
MA010120220801624613,5,1.0,0.0,3,0.13574660633484162
MA010120220801626989,1,1.0,0.0,0,0.0
MA010120220801659341,5,1.0,1.0,3,0.06386554621848739
MA010120220801661248,5,1.0,0.0,3,0.004857055026129727
MA010120220801669913,5,1.0,0.0,0,0.0
MA010120220801683339,5,1.0,1.0,4,0.1517241379310345
MA010120220801726299,5,1.0,1.0,5,0.05130823229100192
MA010120220801735045,5,1.0,1.0,2,0.01111111111111111
MA010120220801748615,5,1.0,1.0,3,0.0048721071863581
MA010120220801759645,5,1.0,0.0,4,0.015152819629789068
MA010120220801771601,5,1.0,0.0,0,0.0
MA010120220801783545,5,1.0,0.0,1,0.04155844155844156
MA010120220801789787,5,1.0,0.0,3,0.0
MA010120220801791937,5,1.0,0.0,5,0.2259583053127102
MA010120220801792817,5,1.0,0.0,4,0.65625
MA010120220801807194,5,1.0,0.0,4,0.00031338138514572234
MA010120220801822933,5,1.0,1.0,4,0.08356039963669391
MA010120220801834845,1,0.0,0.0,5,0.9524564183835182
MA010120220801838142,5,1.0,1.0,3,0.05581395348837209
MA010120220801838665,5,1.0,1.0,4,0.03058823529411765
MA010120220801844140,5,1.0,0.0,0,0.0
MA010120220801846098,4,1.0,0.0,0,0.0
MA010120220801847955,5,1.0,0.0,5,0.1484240687679083
MA010120220801894314,5,1.0,1.0,2,0.01447543160690571
MA010120220801895564,5,0.0,0.0,1,0.0020151133501259445
MA010120220801899927,5,1.0,1.0,1,0.019607843137254905
MA010120220801910094,5,0.0,0.0,2,0.02276422764227642
MA010120220801921142,5,1.0,1.0,3,0.02185792349726776
MA010120220801921318,5,1.0,0.0,3,0.012468030690537084
MA010120220801939115,5,1.0,0.0,2,0.032044198895027624
MA010120220801940051,5,1.0,0.0,1,0.0045627376425855515
MA010120220801949872,5,1.0,0.0,1,0.0012674271229404308
MA010120220801952078,4,1.0,0.0,3,0.0
MA010120220801955443,5,1.0,0.0,0,0.0
MA010120220801956292,5,1.0,0.0,0,0.0
MA010120220801968023,5,1.0,0.0,0,0.0
MA010120220801988978,5,1.0,1.0,4,0.17700453857791226
MA010120220801994379,5,1.0,1.0,3,0.0011038635223281487
MA010120220802028977,5,1.0,0.0,2,0.05
MA010120220802044769,5,1.0,0.0,3,0.0
MA010120220802054670,5,1.0,0.0,4,0.09622641509433962
MA010120220802054919,5,1.0,1.0,5,0.6436681222707424
MA010120220802055137,5,1.0,0.0,1,0.008205128205128205
MA010120220802055643,5,1.0,1.0,2,0.04205128205128205
MA010120220802085837,5,1.0,0.0,2,0.0073475385745775165
MA010120220802095698,5,0.0,0.0,5,0.34285714285714286
MA010120220802098844,5,1.0,0.0,2,0.018102824040550327
MA010120220802102713,5,1.0,1.0,2,0.03769633507853403
MA010120220802108513,5,0.0,0.0,0,0.0
MA010120220802109552,5,1.0,0.0,0,0.0
MA010120220802115486,5,1.0,1.0,1,0.0013675213675213675
MA010120220802147334,5,1.0,0.0,0,0.0
MA010120220802155510,5,0.0,0.0,1,0.0020942408376963353
MA010120220802159812,5,1.0,0.0,4,0.11481234732400622
MA010120220802160639,5,1.0,0.0,1,0.0008636200071968334
MA010120220802161525,1,0.0,0.0,0,0.0
MA010120220802185018,5,1.0,0.0,3,0.010878661087866108
MA010120220802186415,5,1.0,0.0,2,0.0019479369576766426
MA010120220802200259,5,1.0,0.0,2,0.036619718309859155
MA010120220802203521,5,1.0,1.0,3,0.22511848341232227
MA010120220802223009,5,1.0,0.0,0,0.0
MA010120220802242902,1,0.0,1.0,5,0.7218045112781954
MA010120220802243250,5,1.0,0.0,2,0.0053799596503026235
MA010120220802247130,5,1.0,0.0,0,0.0
MA010120220802253071,5,1.0,1.0,4,0.10934105720492397
MA010120220802256111,1,1.0,0.0,0,0.0
MA010120220802256607,1,0.0,0.0,0,0.0
MA010120220802262182,5,1.0,1.0,4,0.04067796610169491
MA010120220802267432,5,1.0,0.0,0,0.0
MA010120220802273136,5,1.0,0.0,3,0.0
MA010120220802274495,5,1.0,0.0,3,0.03420074349442379
MA010120220802276194,5,1.0,0.0,4,0.5113452188006483
MA010120220802281662,5,1.0,0.0,2,0.007665677546983185
MA010120220802282386,5,1.0,0.0,4,0.10254372019077902
MA010120220802282857,5,1.0,0.0,3,0.0
MA010120220802283650,5,1.0,0.0,1,0.023255813953488372
MA010120220802284394,5,1.0,0.0,4,0.13893129770992366
MA010120220802285244,5,1.0,0.0,1,0.007272727272727273
MA010120220802285382,5,1.0,0.0,2,0.02259810554803789
MA010120220802287453,4,1.0,0.0,5,0.06898454746136866
MA010120220802288223,5,1.0,0.0,0,0.0
MA010120220802317726,5,1.0,0.0,5,0.06798418972332015
MA010120220802330884,5,1.0,0.0,0,0.0
MA010120220802347667,5,1.0,0.0,0,0.0
MA010120220802355371,5,0.0,0.0,0,0.0
MA010120220802374397,5,1.0,0.0,3,0.0
MA010120220802374728,5,1.0,0.0,2,0.040727902946273827
MA010120220802375069,5,1.0,0.0,3,0.015664845173041893
MA010120220802382495,4,1.0,0.0,2,0.04549393414211438
MA010120220802433986,5,0.0,0.0,1,0.0033898305084745766
MA010120220802443267,5,0.0,0.0,0,0.0
MA010120220802474883,5,1.0,0.0,3,0.009923664122137405
MA010120220802486934,5,1.0,0.0,5,0.6156928213689483
MA010120220802487043,1,1.0,0.0,0,0.0
MA010120220802489859,5,1.0,0.0,0,0.0
MA010120220802491391,1,1.0,0.0,0,0.0
MA010120220802491413,1,1.0,0.0,0,0.0
MA010120220802501545,5,1.0,0.0,4,0.02398190045248869
MA010120220802502498,5,0.0,0.0,5,0.5650063856960409
MA010120220802504752,5,1.0,1.0,5,1.0
MA010120220802510051,5,1.0,0.0,3,0.22205438066465255
MA010120220802510160,5,1.0,1.0,1,0.03361344537815126
MA010120220802513115,5,1.0,0.0,4,0.016452620617841026
MA010120220802513426,5,1.0,0.0,2,0.01192368839427663
MA010120220802514515,5,1.0,0.0,5,0.412565445026178
MA010120220802514704,5,1.0,0.0,3,0.0
MA010120220802515090,5,1.0,0.0,0,0.0
MA010120220802516182,5,1.0,0.0,1,0.0026058631921824105
MA010120220802516422,5,1.0,0.0,4,0.05292662819455895
MA010120220802516487,5,1.0,0.0,0,0.0
MA010120220802518405,4,1.0,0.0,1,0.0015644555694618273
MA010120220802518778,5,1.0,0.0,5,0.030650719643219134
MA010120220802551881,5,0.0,0.0,0,0.0
MA010120220802585041,5,1.0,1.0,5,0.022395023328149303
MA010120220802585268,5,1.0,0.0,1,0.002130681818181818
MA010120220802585414,5,1.0,0.0,2,0.00851063829787234
MA010120220802585938,5,1.0,0.0,0,0.0
MA010120220802587074,5,1.0,1.0,3,0.023690205011389524
MA010120220802587094,5,1.0,0.0,3,0.0045627376425855515
MA010120220802587625,5,1.0,0.0,2,0.009655674986336309
MA010120220802587975,5,1.0,0.0,2,0.1
MA010120220802588495,5,1.0,0.0,4,0.3958333333333333
MA010120220802589143,5,1.0,0.0,3,0.0
MA010120220802593382,1,1.0,0.0,0,0.0
MA010120220802602917,4,0.0,0.0,0,0.0
MA010120220802603267,5,0.0,0.0,0,0.0
MA010120220802620874,5,1.0,0.0,5,0.23619744058500913
MA010120220802633659,5,1.0,1.0,1,0.016260162601626018
MA010120220802642675,5,1.0,0.0,0,0.0
MA010120220802646834,5,1.0,0.0,5,0.03824604141291108
MA010120220802646959,5,0.0,0.0,3,0.1390374331550802
MA010120220802647346,5,0.0,1.0,3,0.010535117056856187
MA010120220802648415,5,1.0,0.0,3,0.0
MA010120220802649750,5,1.0,0.0,5,0.16385542168674697
MA010120220802652261,5,1.0,0.0,0,0.0
MA010120220802663117,5,1.0,0.0,0,0.0
MA010120220802663121,1,1.0,0.0,0,0.0
MA010120220802673533,1,0.0,0.0,5,1.0
MA010120220802673568,1,1.0,1.0,4,0.041189931350114416
MA010120220802678038,5,1.0,1.0,2,0.03802816901408451
MA010120220802678209,5,1.0,0.0,2,0.019134396355353075
MA010120220802680776,5,0.0,0.0,5,1.0
MA010120220802681282,1,1.0,0.0,0,0.0
MA010120220802681833,5,1.0,0.0,2,0.025698324022346366
MA010120220802685012,5,1.0,0.0,5,1.0
MA010120220802685610,5,1.0,0.0,1,0.00043956043956043956
MA010120220802687193,5,0.0,0.0,1,0.125
MA010120220802691011,5,0.0,0.0,1,0.005357142857142857
MA010120220802727479,1,1.0,0.0,3,0.43147208121827413
MA010120220802730116,5,1.0,0.0,0,0.0
MA010120220802738352,5,1.0,0.0,5,0.42721893491124263
MA010120220802738750,1,1.0,0.0,5,0.1017861951350866
MA010120220802740174,5,1.0,0.0,0,0.0
MA010120220802740704,5,1.0,0.0,5,0.4423728813559322
MA010120220802741350,5,1.0,0.0,1,0.008494208494208495
MA010120220802741557,5,1.0,0.0,3,0.02762430939226519
MA010120220802743477,1,1.0,0.0,3,1.0
MA010120220802754060,5,1.0,0.0,2,0.010738255033557046
MA010120220802754075,5,1.0,0.0,3,0.003205128205128205
MA010120220802776628,5,1.0,0.0,1,0.007841998257333721
MA010120220802779057,5,1.0,1.0,3,0.02246376811594203
MA010120220802779365,1,1.0,0.0,5,0.717008099094807
MA010120220802780015,5,1.0,0.0,3,0.0
MA010120220802780322,5,1.0,1.0,5,0.05459575776206578
MA010120220802781718,5,1.0,0.0,1,0.012050209205020921
MA010120220802782174,5,1.0,0.0,2,0.034375
MA010120220802782663,5,1.0,0.0,1,0.0020083682008368202
MA010120220802784599,1,1.0,0.0,5,1.0
MA010120220802791156,5,1.0,1.0,2,0.005861546235472461
MA010120220802831817,5,0.0,0.0,1,0.0024691358024691358
MA010120220802834101,5,1.0,1.0,2,0.03816793893129771
MA010120220802834419,5,1.0,1.0,1,0.0027247956403269754
MA010120220802834521,5,1.0,0.0,1,0.07167235494880546
MA010120220802835112,1,1.0,0.0,0,0.0
MA010120220802835134,5,1.0,0.0,5,0.09332923455272057
MA010120220802836506,5,0.0,1.0,5,1.0
MA010120220802836552,5,1.0,0.0,2,0.011806981519507185
MA010120220802844356,1,1.0,0.0,0,0.0
MA010120220802848276,5,1.0,0.0,0,0.0
MA010120220802848343,5,1.0,0.0,3,0.09090909090909091
MA010120220802858974,5,1.0,0.0,0,0.0
MA010120220802859371,5,1.0,0.0,5,0.18716577540106952
MA010120220802859778,5,1.0,0.0,3,1.0
MA010120220802860424,4,0.0,0.0,1,0.008620689655172414
MA010120220802861711,5,1.0,1.0,2,0.04201680672268908
MA010120220802861819,5,0.0,0.0,4,0.2523560209424084
MA010120220802862541,5,1.0,0.0,1,0.0010368066355624676
MA010120220802863650,5,1.0,0.0,2,0.0058309037900874635
MA010120220802864043,5,1.0,0.0,5,0.3381995133819951
MA010120220802864588,5,1.0,0.0,0,0.0
MA010120220802865877,5,1.0,0.0,3,0.0
MA010120220802866360,5,1.0,1.0,1,0.012307692307692308
MA010120220802866928,5,1.0,0.0,0,0.0
MA010120220802870316,4,0.0,0.0,1,0.0007316053511705685
MA010120220802870889,5,1.0,1.0,4,0.32083333333333336
MA010120220802871129,1,0.0,0.0,0,0.0
MA010120220802873825,5,1.0,0.0,2,0.011840157868771586
MA010120220802876304,5,1.0,0.0,0,0.0
MA010120220802881464,5,1.0,0.0,1,0.00010106114199090451
MA010120220802881628,5,1.0,0.0,3,0.061016949152542375
MA010120220802883431,5,1.0,0.0,3,0.008777429467084638
MA010120220802883587,5,1.0,0.0,1,0.0
MA010120220802883644,5,0.0,1.0,3,0.009467455621301775
MA010120220802883870,5,1.0,0.0,2,0.007563025210084034
MA010120220802886709,5,1.0,0.0,2,0.0026595744680851063
MA010120220802886968,5,1.0,1.0,1,0.0038772213247172858
MA010120220802887146,1,1.0,1.0,3,1.0
MA010120220802887457,5,1.0,0.0,2,0.30196078431372547
MA010120220802889087,5,1.0,0.0,5,0.6101694915254238
MA010120220802889192,5,0.0,1.0,4,0.2384105960264901
MA010120220802893040,4,1.0,0.0,3,0.32094594594594594
MA010120220802893636,5,1.0,0.0,0,0.0
MA010120220802895719,5,0.0,0.0,3,1.0
MA010120220802896302,5,1.0,0.0,2,0.0152
MA010120220802896697,5,1.0,1.0,2,0.001116019530341781
MA010120220802896849,5,1.0,1.0,2,0.023046655424395726
MA010120220802896873,5,1.0,0.0,3,0.0
MA010120220802897957,5,1.0,1.0,1,0.01
MA010120220802900751,5,0.0,1.0,3,0.07730673316708231
MA010120220802901619,5,1.0,0.0,1,0.011475409836065573
MA010120220802902996,1,0.0,0.0,0,0.0
MA010120220802903019,5,1.0,0.0,1,0.029929577464788734
MA010120220802904380,5,1.0,0.0,0,0.0
MA010120220802906010,5,0.0,0.0,0,0.0
MA010120220802907212,5,1.0,0.0,4,0.09713683470929212
MA010120220802910916,5,1.0,0.0,1,0.002
MA010120220802911817,5,1.0,0.0,1,0.0021141649048625794
MA010120220802911878,5,1.0,1.0,4,0.13982300884955753
MA010120220802913004,5,0.0,0.0,5,1.0
MA010120220802915867,5,0.0,0.0,5,1.0
MA010120220802915973,5,1.0,0.0,2,0.05614973262032086
MA010120220802917222,5,1.0,0.0,4,0.5499999999999999
MA010120220802917346,5,0.0,0.0,0,0.0
MA010120220802919713,5,1.0,0.0,3,0.008691258211217787
MA010120220802920978,5,1.0,0.0,1,0.008
MA010120220802921142,5,1.0,0.0,3,0.02476319350473613
MA010120220802921503,5,1.0,0.0,5,0.13513513513513514
MA010120220802921795,5,1.0,1.0,4,0.4181523500810373
MA010120220802921825,5,1.0,0.0,4,0.0181438127090301
MA010120220802924331,5,1.0,0.0,3,0.008746355685131196
MA010120220802926065,1,1.0,0.0,5,0.5392670157068062
MA010120220802928313,5,1.0,0.0,1,0.11034482758620691
MA010120220802929107,5,1.0,0.0,2,0.13333333333333333
MA010120220802929413,5,1.0,0.0,3,0.0
MA010120220802930955,5,1.0,0.0,1,0.003278688524590164
MA010120220802931292,5,1.0,0.0,0,0.0
MA010120220802931416,5,1.0,0.0,1,0.0
MA010120220802936223,5,0.0,0.0,0,0.0
MA010120220802936816,5,1.0,1.0,3,0.003096774193548387
MA010120220802936962,5,1.0,0.0,1,0.03206106870229008
MA010120220802938597,5,0.0,0.0,2,0.013168724279835392
MA010120220802938759,5,1.0,1.0,1,0.01702127659574468
MA010120220802939072,5,1.0,0.0,2,0.04054054054054054
MA010120220802939663,1,1.0,0.0,0,0.0
MA010120220802942909,5,1.0,0.0,2,0.41463414634146345
MA010120220802943671,5,1.0,0.0,2,0.0044943820224719105
MA010120220802947204,5,1.0,0.0,0,0.0
MA010120220802947586,4,1.0,1.0,5,1.0
MA010120220802947886,5,1.0,0.0,1,0.0064516129032258064
MA010120220802949304,5,1.0,0.0,3,0.06425339366515836
MA010120220802949854,5,1.0,1.0,1,0.009523809523809525
MA010120220802951542,5,1.0,0.0,1,0.0071269487750556795
MA010120220802951865,5,0.0,0.0,5,0.11347905282331511
MA010120220802952667,5,0.0,0.0,3,0.07457627118644068
MA010120220802953108,1,1.0,0.0,3,0.0
MA010120220802954787,5,1.0,0.0,2,0.022794846382556983
MA010120220802956091,5,1.0,0.0,1,0.0013114754098360656
MA010120220802956627,5,1.0,0.0,3,0.06142857142857143
MA010120220802958097,5,1.0,0.0,2,0.00728862973760933
MA010120220802958277,5,1.0,0.0,0,0.0
MA010120220802958873,5,1.0,0.0,0,0.0
MA010120220802960235,5,0.0,1.0,3,0.055762081784386616
MA010120220802960454,5,1.0,0.0,2,0.013939393939393939
MA010120220802960491,5,1.0,1.0,3,0.06363636363636363
MA010120220802961319,5,1.0,1.0,3,1.0
MA010120220802961741,5,0.0,0.0,0,0.0
MA010120220802961888,1,1.0,1.0,0,0.0
MA010120220802964103,5,1.0,1.0,3,0.01570048309178744
MA010120220802964354,5,1.0,0.0,1,0.0
MA010120220802965641,5,1.0,0.0,0,0.0
MA010120220802966788,5,1.0,0.0,2,0.003975155279503106
MA010120220802967648,5,1.0,0.0,3,0.005757145753091425
MA010120220802969028,1,1.0,0.0,0,0.0
MA010120220802970096,5,1.0,0.0,1,0.0007604562737642586
MA010120220802970497,5,1.0,0.0,3,0.01418234442836469
MA010120220802971415,5,1.0,1.0,2,0.015977961432506887
MA010120220802972446,5,1.0,0.0,3,0.676923076923077
MA010120220802972784,5,1.0,0.0,3,0.19653179190751444
MA010120220802973497,5,1.0,0.0,2,0.2285714285714286
MA010120220802978179,5,1.0,0.0,3,0.0
MA010120220802978355,4,1.0,0.0,2,0.04861111111111111
MA010120220802979113,5,1.0,0.0,5,1.0
MA010120220802979174,5,1.0,0.0,0,0.0
MA010120220802979833,5,1.0,1.0,3,0.05851063829787234
MA010120220802981189,5,1.0,0.0,4,0.04127906976744186
MA010120220802982338,5,1.0,0.0,4,0.028136882129277566
MA010120220802984278,1,1.0,0.0,0,0.0
MA010120220802987649,5,0.0,1.0,3,0.0288135593220339
MA010120220802987926,5,1.0,0.0,2,0.07142857142857142
MA010120220802988370,5,1.0,0.0,1,0.0017329255861365952
MA010120220802989115,5,1.0,0.0,2,0.020168067226890754
MA010120220802990199,5,0.0,0.0,2,0.02192513368983957
MA010120220802991908,5,0.0,0.0,1,0.0004566210045662101
MA010120220802992514,5,1.0,0.0,0,0.0
MA010120220802993871,5,1.0,0.0,5,1.0
MA010120220802994487,5,1.0,0.0,0,0.0
MA010120220802998161,5,1.0,0.0,2,0.024106400665004156
MA010120220802998292,5,1.0,0.0,3,0.21590909090909088
MA010120220802999068,5,1.0,0.0,4,0.12291666666666667
MA010120220802999735,5,1.0,0.0,3,0.027780215922057407
MA010120220803002556,5,1.0,0.0,4,0.02458628841607565
MA010120220803002594,5,1.0,0.0,3,0.05443037974683544
MA010120220803005066,5,1.0,0.0,5,0.7548209366391184
MA010120220803007519,5,1.0,0.0,3,0.0
MA010120220803009120,5,1.0,0.0,1,0.01414141414141414
MA010120220803011158,5,1.0,0.0,4,0.04122137404580153
MA010120220803011165,5,0.0,1.0,3,1.0
MA010120220803012546,5,0.0,0.0,5,0.6831137724550898
MA010120220803015232,4,1.0,0.0,0,0.0
MA010120220803015701,5,1.0,0.0,2,0.009125475285171103
MA010120220803016819,5,1.0,1.0,3,0.11884057971014492
MA010120220803018119,5,1.0,0.0,5,0.22889733840304183
MA010120220803018826,5,1.0,0.0,1,0.007338225483655771
MA010120220803019688,5,1.0,1.0,4,0.46349206349206346
MA010120220803019862,5,1.0,0.0,0,0.0
MA010120220803019885,5,0.0,0.0,3,1.0
MA010120220803023780,5,1.0,1.0,2,0.0021442793689692144
MA010120220803024500,5,1.0,0.0,4,0.040606060606060604
MA010120220803024972,5,1.0,0.0,3,0.0
MA010120220803025529,5,1.0,1.0,0,0.0
MA010120220803029190,1,0.0,0.0,5,0.8407079646017699
MA010120220803029459,5,1.0,1.0,3,0.009189534141671984
MA010120220803030225,5,0.0,0.0,1,0.0
MA010120220803031829,5,1.0,0.0,3,0.03333333333333336
MA010120220803032311,5,1.0,1.0,4,0.009452054794520548
MA010120220803032746,5,1.0,0.0,4,0.03488372093023256
MA010120220803034571,5,1.0,0.0,4,0.1369364323718846
MA010120220803035953,5,1.0,1.0,4,0.15572519083969463
MA010120220803039885,5,1.0,0.0,1,0.0005184033177812338
MA010120220803040867,5,0.0,0.0,4,0.018798693138979642
MA010120220803041357,5,1.0,1.0,4,0.01855883877656817
MA010120220803043434,5,1.0,0.0,4,0.01676413255360624
MA010120220803043656,5,1.0,0.0,3,0.04495268138801262
MA010120220803046361,1,0.0,0.0,0,0.0
MA010120220803047438,5,1.0,0.0,1,0.0007894736842105263
MA010120220803047638,5,1.0,0.0,4,0.03487179487179487
MA010120220803048352,5,1.0,0.0,4,0.03438685208596713
MA010120220803049570,5,1.0,0.0,0,0.0
MA010120220803051629,5,1.0,0.0,3,0.0
MA010120220803052740,1,1.0,0.0,3,0.05922551252847381
MA010120220803053016,5,1.0,0.0,4,0.06368715083798883
MA010120220803053934,5,1.0,0.0,1,0.007272727272727273
MA010120220803054655,5,1.0,1.0,2,0.0350597609561753
MA010120220803055624,5,0.0,0.0,1,0.002496771416272062
MA010120220803055829,5,1.0,1.0,4,0.07277936962750715
MA010120220803057568,5,1.0,0.0,2,0.024999999999999998
MA010120220803057722,5,1.0,0.0,2,0.001935483870967742
MA010120220803058208,5,1.0,0.0,4,0.5534591194968553
MA010120220803058571,5,1.0,0.0,0,0.0
MA010120220803058644,5,1.0,0.0,3,0.8823529411764706
MA010120220803060300,5,1.0,0.0,3,0.02556390977443609
MA010120220803061103,5,1.0,0.0,1,0.005949656750572083
MA010120220803061150,1,1.0,0.0,4,0.10317460317460317
MA010120220803061946,5,0.0,0.0,2,0.0011066707654472795
MA010120220803062972,5,1.0,0.0,1,0.04126984126984127
MA010120220803063283,5,1.0,0.0,1,0.00967741935483871
MA010120220803063953,5,1.0,0.0,5,0.024077181208053692
MA010120220803064669,5,1.0,0.0,3,1.0
MA010120220803064868,5,1.0,0.0,0,0.0
MA010120220803065578,5,1.0,0.0,0,0.0
MA010120220803068834,5,1.0,0.0,2,0.012539184952978056
MA010120220803070343,5,1.0,0.0,4,0.04406265790803436
MA010120220803071538,5,1.0,0.0,3,0.047058823529411764
MA010120220803072252,5,1.0,1.0,2,0.0031666066930550562
MA010120220803075389,5,1.0,1.0,4,0.013031914893617023
MA010120220803075585,5,1.0,0.0,5,0.6236686390532544
MA010120220803077603,5,1.0,0.0,1,0.0045627376425855515
MA010120220803077762,5,1.0,0.0,1,0.012214079502553852
MA010120220803079499,5,1.0,0.0,4,0.41302235179786195
MA010120220803080291,5,1.0,1.0,4,0.1960655737704918
MA010120220803080451,5,0.0,0.0,0,0.0
MA010120220803080732,5,1.0,0.0,3,0.0
MA010120220803081936,5,1.0,0.0,2,0.022608695652173914
MA010120220803083599,5,0.0,0.0,1,0.008633093525179856
MA010120220803084789,1,1.0,0.0,0,0.0
MA010120220803085979,5,1.0,0.0,0,0.0
MA010120220803088132,5,1.0,0.0,1,0.003977461054027179
MA010120220803088454,5,1.0,0.0,2,0.07244318181818181
MA010120220803090967,5,0.0,0.0,3,0.060493827160493834
MA010120220803091047,5,1.0,0.0,1,0.000667779632721202
MA010120220803092356,5,1.0,0.0,5,1.0
MA010120220803093549,4,1.0,0.0,2,0.20127118644067796
MA010120220803093635,5,0.0,1.0,5,1.0
MA010120220803095240,5,1.0,0.0,3,0.03333333333333333
MA010120220803095575,5,1.0,0.0,0,0.0
MA010120220803096271,1,1.0,0.0,0,0.0
MA010120220803098237,1,1.0,0.0,5,0.5141017099711304
MA010120220803098596,5,1.0,0.0,0,0.0
MA010120220803098669,5,1.0,0.0,3,0.0
MA010120220803100692,5,1.0,0.0,2,0.00532319391634981
MA010120220803100735,4,1.0,1.0,4,0.0822884012539185
MA010120220803102226,5,1.0,0.0,2,0.01875
MA010120220803103034,5,1.0,0.0,1,0.005347593582887701
MA010120220803104968,5,1.0,0.0,5,0.05091973244147157
MA010120220803105108,5,1.0,1.0,3,0.0
MA010120220803106068,5,1.0,0.0,0,0.0
MA010120220803107514,5,1.0,0.0,2,0.001414079311404857
MA010120220803107732,5,1.0,0.0,4,0.2116788321167883
MA010120220803108425,5,1.0,1.0,3,0.010526315789473684
MA010120220803108969,4,1.0,0.0,0,0.0
MA010120220803109557,5,1.0,0.0,3,0.0
MA010120220803109758,5,1.0,0.0,3,1.0
MA010120220803110087,5,1.0,0.0,1,0.0020903010033444815
MA010120220803110288,5,1.0,0.0,1,0.004793028322440087
MA010120220803111201,5,1.0,0.0,4,0.620253164556962
MA010120220803114243,5,1.0,1.0,2,0.00851063829787234
MA010120220803114277,5,1.0,0.0,3,0.0
MA010120220803115013,5,1.0,0.0,3,0.23628691983122363
MA010120220803116309,5,1.0,0.0,0,0.0
MA010120220803116329,5,1.0,0.0,3,0.0
MA010120220803116617,5,1.0,0.0,4,0.12091179385530226
MA010120220803116826,5,1.0,0.0,0,0.0
MA010120220803117717,5,1.0,0.0,3,0.024355735219807984
MA010120220803118642,5,1.0,0.0,3,0.04954128440366973
MA010120220803119093,5,1.0,0.0,1,0.0004400440044004401
MA010120220803119936,5,1.0,0.0,1,0.0
MA010120220803120522,5,1.0,0.0,1,9.474182851729038e-05
MA010120220803121225,5,1.0,0.0,2,0.03551136363636363
MA010120220803123510,5,1.0,0.0,1,0.028436018957345974
MA010120220803125339,5,1.0,0.0,1,0.00975609756097561
MA010120220803125733,1,1.0,0.0,5,0.6935483870967742
MA010120220803126504,5,1.0,0.0,2,0.0076045627376425855
MA010120220803127825,5,1.0,0.0,0,0.0
MA010120220803128965,5,1.0,0.0,1,0.00011424654404204274
MA010120220803132439,5,1.0,0.0,3,0.0515625
MA010120220803132448,5,1.0,0.0,0,0.0
MA010120220803134213,5,1.0,0.0,0,0.0
MA010120220803134692,5,1.0,0.0,3,0.08354430379746836
MA010120220803135327,1,1.0,0.0,0,0.0
MA010120220803136025,5,1.0,1.0,4,0.5830721003134797
MA010120220803138462,5,1.0,1.0,3,0.0
MA010120220803138529,5,0.0,0.0,3,0.16666666666666666
MA010120220803138927,5,1.0,0.0,0,0.0
MA010120220803139429,5,1.0,1.0,5,0.20148148148148148
MA010120220803140057,5,1.0,0.0,2,0.01121751025991792
MA010120220803143190,5,1.0,0.0,0,0.0
MA010120220803144506,5,1.0,0.0,2,0.0076045627376425855
MA010120220803144911,5,0.0,1.0,2,0.006636155606407322
MA010120220803145252,5,0.0,1.0,1,0.13008130081300814
MA010120220803145254,5,1.0,0.0,1,0.0034782608695652175
MA010120220803145491,5,0.0,0.0,0,0.0
MA010120220803148585,1,1.0,1.0,4,0.20602218700475436
MA010120220803148657,5,1.0,0.0,2,0.018907198612315698
MA010120220803148660,5,1.0,0.0,1,0.16025641025641027
MA010120220803148675,1,1.0,0.0,4,0.09800520381613183
MA010120220803149346,5,1.0,0.0,1,0.009259259259259259
MA010120220803149622,5,0.0,0.0,3,0.015746815901196448
MA010120220803151219,5,1.0,0.0,3,0.0026720106880427524
MA010120220803152295,5,1.0,0.0,1,0.0
MA010120220803152905,5,1.0,1.0,5,0.3356521739130435
MA010120220803153019,5,1.0,0.0,3,0.024999999999999998
MA010120220803153198,5,1.0,0.0,4,0.03668519454269833
MA010120220803154211,5,1.0,0.0,3,0.010690423162583519
MA010120220803155548,5,0.0,0.0,2,0.011264080100125156
MA010120220803156716,5,0.0,0.0,4,0.012258064516129033
MA010120220803158855,5,0.0,0.0,4,0.6762666666666667
MA010120220803161778,5,0.0,0.0,4,0.26181818181818184
MA010120220803161911,5,1.0,1.0,2,0.003154574132492114
MA010120220803162966,5,1.0,0.0,3,0.134315424610052
MA010120220803163239,5,1.0,0.0,2,0.043209876543209874
MA010120220803163646,5,1.0,0.0,1,0.0014245014245014246
MA010120220803168497,4,0.0,1.0,5,1.0
MA010120220803171479,5,1.0,0.0,0,0.0
MA010120220803171954,5,1.0,0.0,2,0.0017844886753603296
MA010120220803172229,5,0.0,0.0,0,0.0
MA010120220803172464,5,1.0,0.0,2,0.009586056644880174
MA010120220803173480,5,1.0,0.0,2,0.014271151885830785
MA010120220803174257,5,1.0,0.0,1,0.001713698160630641
MA010120220803175900,5,1.0,0.0,2,0.03761755485893417
MA010120220803175975,5,1.0,0.0,2,0.0003281647386988267
MA010120220803176141,1,1.0,1.0,5,1.0
MA010120220803179031,5,1.0,0.0,1,0.0009109127345600292
MA010120220803179274,4,1.0,0.0,5,1.0
MA010120220803179611,5,1.0,0.0,4,0.08494208494208494
MA010120220803179629,5,0.0,0.0,4,0.3254237288135593
MA010120220803181059,5,1.0,0.0,2,0.03367003367003367
MA010120220803181293,5,1.0,0.0,2,0.007270442509649043
MA010120220803181367,5,1.0,1.0,3,0.07604166666666666
MA010120220803184746,5,1.0,1.0,4,0.03636363636363636
MA010120220803185560,5,1.0,1.0,4,0.3733333333333333
MA010120220803185831,5,1.0,0.0,1,0.0
MA010120220803186807,1,0.0,1.0,3,0.0
MA010120220803189334,5,1.0,0.0,3,0.05489398780133604
MA010120220803189680,5,1.0,0.0,3,0.09267326732673267
MA010120220803190551,5,1.0,0.0,3,0.015170670037926675
MA010120220803191573,5,1.0,1.0,4,0.02141951837769328
MA010120220803191946,5,1.0,0.0,3,0.16666666666666666
MA010120220803192120,5,1.0,0.0,5,0.2851919561243144
MA010120220803193898,1,0.0,0.0,4,0.06505576208178439
MA010120220803194786,5,1.0,0.0,3,1.0
MA010120220803195095,5,0.0,0.0,5,0.10236794171220401
MA010120220803195209,5,1.0,1.0,1,0.024767801857585144
MA010120220803195744,5,0.0,0.0,3,0.024400871459694988
MA010120220803196351,5,1.0,0.0,3,0.23380281690140847
MA010120220803196904,5,1.0,0.0,1,0.042718446601941754
MA010120220803197823,5,1.0,0.0,4,0.018999640158330333
MA010120220803198304,1,1.0,0.0,0,0.0
MA010120220803199582,4,1.0,1.0,2,0.06363636363636363
MA010120220803200329,5,1.0,1.0,1,0.1391304347826087
MA010120220803200454,5,1.0,0.0,1,0.0
MA010120220803200534,5,1.0,0.0,4,0.07839643652561248
MA010120220803202124,5,0.0,0.0,1,0.0176678445229682
MA010120220803203668,1,0.0,0.0,0,0.0
MA010120220803207654,5,1.0,0.0,0,0.0
MA010120220803210600,5,1.0,0.0,3,0.7636363636363637
MA010120220803212716,5,1.0,1.0,1,0.0002585649644473174
MA010120220803213594,5,1.0,0.0,1,0.013245033112582781
MA010120220803215437,5,1.0,1.0,1,0.00016217311980539227
MA010120220803216174,4,1.0,0.0,5,1.0
MA010120220803216452,5,1.0,0.0,2,0.014358974358974357
MA010120220803217124,5,1.0,0.0,4,0.011225806451612903
MA010120220803217402,5,1.0,0.0,3,0.13968253968253969
MA010120220803218420,5,1.0,1.0,1,0.009900990099009901
MA010120220803219437,5,1.0,0.0,3,0.009404388714733543
MA010120220803219511,5,1.0,1.0,5,0.8033333333333333
MA010120220803219841,5,1.0,0.0,3,0.33333333333333337
MA010120220803220596,5,1.0,0.0,5,0.09111470113085622
MA010120220803221042,5,1.0,0.0,1,0.0045627376425855515
MA010120220803222272,5,0.0,0.0,0,0.0
MA010120220803222759,5,1.0,0.0,4,0.056874999999999995
MA010120220803222812,5,1.0,0.0,3,1.0
MA010120220803224742,4,0.0,0.0,3,0.1744047619047619
MA010120220803225596,5,0.0,0.0,3,0.0
MA010120220803226363,5,1.0,0.0,1,0.04635761589403975
MA010120220803227226,5,1.0,0.0,3,1.0
MA010120220803227283,5,0.0,0.0,2,0.013114754098360656
MA010120220803229230,5,1.0,0.0,0,0.0
MA010120220803231189,4,1.0,1.0,5,0.36795774647887325
MA010120220803231756,5,1.0,0.0,4,0.20970873786407768
MA010120220803232671,5,1.0,0.0,2,0.010256410256410256
MA010120220803232989,5,1.0,0.0,2,0.03428571428571429
MA010120220803233349,5,1.0,0.0,3,0.012642225031605562
MA010120220803234608,5,1.0,0.0,4,0.06596194503171247
MA010120220803235799,5,1.0,0.0,4,0.0941346850108617
MA010120220803238291,5,1.0,0.0,1,0.0010052777079668257
MA010120220803238481,1,0.0,0.0,0,0.0
MA010120220803240427,5,1.0,0.0,3,0.06885245901639345
MA010120220803241216,5,1.0,0.0,4,0.12665036674816627
MA010120220803241464,5,0.0,0.0,4,0.3554817275747509
MA010120220803242861,5,1.0,0.0,1,0.015503875968992248
MA010120220803243180,5,0.0,0.0,5,0.041917808219178086
MA010120220803244315,5,1.0,0.0,2,0.0039603960396039604
MA010120220803244435,5,1.0,0.0,3,0.018181818181818184
MA010120220803244585,5,0.0,0.0,3,0.02828282828282828
MA010120220803245157,5,1.0,1.0,5,1.0
MA010120220803245963,5,1.0,0.0,3,0.0
MA010120220803246319,5,1.0,0.0,3,0.009782608695652173
MA010120220803247443,5,1.0,0.0,3,1.0
MA010120220803247602,5,1.0,0.0,2,0.04426229508196722
MA010120220803248153,5,1.0,0.0,5,1.0
MA010120220803248649,5,1.0,0.0,0,0.0
MA010120220803248689,5,1.0,1.0,4,0.5200800343004144
MA010120220803248750,5,1.0,0.0,4,0.021641561635413465
MA010120220803249311,5,1.0,0.0,2,0.0375
MA010120220803250395,5,1.0,0.0,3,0.0
MA010120220803250398,5,1.0,1.0,3,0.11904761904761905
MA010120220803251324,5,1.0,0.0,5,0.7144927536231883
MA010120220803251498,5,0.0,0.0,0,0.0
MA010120220803251664,5,0.0,0.0,0,0.0
MA010120220803252013,5,1.0,0.0,3,0.0012960893854748602
MA010120220803253508,5,0.0,0.0,4,0.31847649918962717
MA010120220803254654,5,1.0,0.0,4,0.03692307692307692
MA010120220803255548,5,1.0,0.0,0,0.0
MA010120220803255672,5,1.0,0.0,1,0.0005533353827236397
MA010120220803256475,5,1.0,0.0,1,0.00025131942699170643
MA010120220803256561,5,1.0,0.0,2,0.002564102564102564
MA010120220803256898,5,1.0,0.0,1,0.016666666666666666
MA010120220803257016,5,1.0,1.0,4,0.11396648044692737
MA010120220803260834,5,1.0,0.0,3,0.500374531835206
MA010120220803261708,5,1.0,1.0,4,0.0463768115942029
MA010120220803262509,5,1.0,0.0,3,0.19999999999999998
MA010120220803263317,5,1.0,0.0,5,0.5954545454545455
MA010120220803264163,5,1.0,0.0,1,0.0022075055187637973
MA010120220803264260,5,1.0,1.0,4,0.01694373401534527
MA010120220803266523,5,1.0,0.0,1,0.0
MA010120220803267442,5,1.0,1.0,4,0.24493859940258877
MA010120220803267472,5,1.0,0.0,3,0.014892032762472078
MA010120220803269391,5,1.0,1.0,4,0.0738644825018615
MA010120220803271795,5,1.0,0.0,4,0.4110429447852761
MA010120220803272749,5,1.0,0.0,3,0.01669449081803005
MA010120220803272983,5,1.0,0.0,4,0.21538461538461537
MA010120220803274383,5,1.0,0.0,2,0.02962962962962963
MA010120220803274550,1,1.0,0.0,3,0.02178649237472767
MA010120220803275553,5,0.0,0.0,2,0.029780564263322883
MA010120220803275678,1,1.0,0.0,5,0.6742596810933941
MA010120220803277703,5,1.0,1.0,1,0.0006724949562878279
MA010120220803278948,1,1.0,0.0,1,0.0014393666786613889
MA010120220803279187,5,1.0,0.0,2,0.002064516129032258
MA010120220803279227,5,1.0,0.0,4,0.009487127508615446
MA010120220803279253,5,1.0,0.0,1,0.0009910802775024777
MA010120220803280658,5,1.0,0.0,0,0.0
MA010120220803281737,1,1.0,0.0,1,0.022988505747126436
MA010120220803283169,5,1.0,0.0,2,0.008777429467084638
MA010120220803283441,5,1.0,0.0,2,0.0021348169232759734
MA010120220803284179,5,1.0,0.0,2,0.020817843866171002
MA010120220803285211,5,1.0,0.0,2,0.004728132387706856
MA010120220803285518,5,1.0,0.0,5,0.45393258426966293
MA010120220803285661,5,1.0,0.0,0,0.0
MA010120220803286104,5,1.0,0.0,3,0.024713958810068652
MA010120220803286561,5,1.0,1.0,1,0.03636363636363637
MA010120220803286763,5,1.0,0.0,3,0.08045977011494253
MA010120220803289149,5,0.0,1.0,4,0.027624872579001022
MA010120220803289929,5,0.0,0.0,0,0.0
MA010120220803290612,5,1.0,0.0,1,0.0015050167224080267
MA010120220803290686,5,1.0,0.0,1,0.00047945205479452054
MA010120220803292514,5,1.0,0.0,3,0.05565217391304348
MA010120220803292876,5,0.0,1.0,1,0.02298850574712644
MA010120220803292884,5,1.0,1.0,2,0.010022779043280182
MA010120220803293137,5,1.0,0.0,1,0.004007285974499089
MA010120220803294115,5,1.0,1.0,4,0.15634021763268932
MA010120220803294169,5,1.0,0.0,0,0.0
MA010120220803298603,5,1.0,0.0,3,0.005102981862895789
MA010120220803299183,5,0.0,0.0,0,0.0
MA010120220803299186,5,1.0,0.0,0,0.0
MA010120220803302432,5,0.0,0.0,1,0.00034246575342465754
MA010120220803303077,5,1.0,0.0,0,0.0
MA010120220803304971,5,1.0,1.0,5,0.9338709677419355
MA010120220803304993,5,1.0,0.0,1,0.01423027166882277
MA010120220803305106,4,1.0,0.0,3,0.6835443037974683
MA010120220803305466,5,1.0,0.0,4,0.45
MA010120220803305779,5,1.0,0.0,3,0.005602006688963211
MA010120220803306156,5,1.0,0.0,2,0.002177293934681182
MA010120220803306469,5,1.0,0.0,1,0.011822660098522167
MA010120220803308449,5,1.0,0.0,1,0.024999999999999998
MA010120220803308601,5,1.0,1.0,1,0.03636363636363636
MA010120220803308623,5,1.0,0.0,1,0.02091503267973856
MA010120220803311745,5,1.0,0.0,0,0.0
MA010120220803312457,5,1.0,1.0,2,0.03376205787781351
MA010120220803313630,5,1.0,0.0,4,0.04492278895648105
MA010120220803318125,5,1.0,0.0,1,0.0007585335018963338
MA010120220803319237,1,1.0,0.0,0,0.0
MA010120220803319250,5,1.0,0.0,1,0.013043478260869566
MA010120220803321232,5,1.0,0.0,1,0.0018306636155606408
MA010120220803322052,5,1.0,0.0,1,0.030000000000000002
MA010120220803322143,5,1.0,0.0,3,0.30078563411896747
MA010120220803322954,5,1.0,1.0,5,0.42666666666666664
MA010120220803323230,5,1.0,0.0,2,0.2688172043010753
MA010120220803325860,5,1.0,0.0,3,0.04171779141104295
MA010120220803325879,5,1.0,0.0,1,0.010408921933085501
MA010120220803326900,5,1.0,0.0,1,0.00017708517797060386
MA010120220803327292,5,1.0,1.0,5,1.0
MA010120220803327316,5,1.0,0.0,3,1.0
MA010120220803328838,1,1.0,0.0,5,1.0
MA010120220803329566,5,1.0,0.0,0,0.0
MA010120220803331542,1,1.0,0.0,4,0.013761467889908258
MA010120220803333253,5,1.0,0.0,4,0.01166116611661166
MA010120220803333296,5,1.0,0.0,1,0.0011787819253438114
MA010120220803336721,5,0.0,1.0,1,0.004786597526924611
MA010120220803336909,5,1.0,1.0,3,0.004043545878693624
MA010120220803338285,5,1.0,1.0,4,0.014166814237648307
MA010120220803339652,5,1.0,0.0,0,0.0
MA010120220803342878,5,1.0,0.0,0,0.0
MA010120220803343094,5,0.0,0.0,2,0.0423728813559322
MA010120220803344655,5,1.0,0.0,1,0.00980392156862745
MA010120220803345726,5,1.0,0.0,3,0.043283582089552235
MA010120220803346234,5,1.0,0.0,1,0.028758169934640525
MA010120220803346327,5,1.0,0.0,0,0.0
MA010120220803348714,5,1.0,1.0,4,0.3697478991596639
MA010120220803349430,4,1.0,0.0,0,0.0
MA010120220803349474,5,0.0,0.0,0,0.0
MA010120220803351845,5,1.0,0.0,1,0.005737704918032787
MA010120220803352259,5,1.0,0.0,1,0.003134796238244514
MA010120220803353908,5,1.0,1.0,4,0.11091854419410745
MA010120220803354503,5,1.0,0.0,4,0.13934426229508196
MA010120220803354607,5,1.0,0.0,3,0.03880070546737213
MA010120220803354608,5,1.0,0.0,1,0.0014184397163120566
MA010120220803355542,5,1.0,0.0,0,0.0
MA010120220803356015,5,1.0,0.0,0,0.0
MA010120220803358582,5,1.0,0.0,5,1.0
MA010120220803359191,4,1.0,1.0,3,0.0
MA010120220803359747,5,1.0,0.0,0,0.0
MA010120220803359934,5,1.0,0.0,0,0.0
MA010120220803360630,5,1.0,0.0,1,0.047058823529411764
MA010120220803360995,5,1.0,0.0,2,0.00924574209245742
MA010120220803361108,5,1.0,0.0,3,0.004582484725050916
MA010120220803363438,5,1.0,0.0,1,0.0125
MA010120220803366445,5,1.0,0.0,3,0.0
MA010120220803368524,5,0.0,1.0,4,0.14484944532488114
MA010120220803368700,5,0.0,0.0,5,0.29971509971509974
MA010120220803369293,5,1.0,0.0,3,0.009745762711864406
MA010120220803369313,5,1.0,0.0,0,0.0
MA010120220803369851,5,1.0,0.0,0,0.0
MA010120220803371462,1,1.0,0.0,5,0.1334214002642008
MA010120220803374578,5,1.0,0.0,2,0.04461538461538461
MA010120220803375113,5,1.0,1.0,3,0.0
MA010120220803375181,5,1.0,0.0,2,0.65
MA010120220803376247,5,1.0,0.0,1,0.009105041083721963
MA010120220803377617,5,1.0,1.0,5,1.0
MA010120220803377667,5,0.0,0.0,3,0.03526818515797208
MA010120220803379254,4,1.0,1.0,1,0.004098360655737705
MA010120220803379836,5,1.0,0.0,0,0.0
MA010120220803380711,5,0.0,0.0,4,0.44280762564991333
MA010120220803381235,5,1.0,0.0,1,0.0012583892617449664
MA010120220803382878,1,1.0,0.0,5,0.47706422018348627
MA010120220803383843,5,1.0,0.0,1,0.0019283746556473828
MA010120220803384582,5,1.0,0.0,1,0.0017574692442882249
MA010120220803385250,5,1.0,0.0,5,0.12732003469210756
MA010120220803385477,5,1.0,0.0,1,0.0007920792079207921
MA010120220803387874,5,1.0,0.0,3,1.0
MA010120220803392397,5,1.0,0.0,5,0.5135135135135136
MA010120220803392656,5,1.0,0.0,3,1.0
MA010120220803394349,5,0.0,0.0,5,0.8806646525679758
MA010120220803394452,5,1.0,1.0,3,0.019101123595505618
MA010120220803394764,5,1.0,0.0,3,0.07704918032786885
MA010120220803395128,5,1.0,0.0,2,0.002364066193853428
MA010120220803395294,1,1.0,0.0,0,0.0
MA010120220803396960,5,1.0,0.0,1,0.009111617312072893
MA010120220803397981,5,1.0,0.0,3,0.6842105263157895
MA010120220803398107,5,1.0,0.0,4,0.006215316315205327
MA010120220803398303,5,1.0,0.0,4,0.11992071357779979
MA010120220803399157,5,1.0,0.0,3,0.008345193427351533
MA010120220803399200,5,1.0,0.0,0,0.0
MA010120220803399815,1,1.0,0.0,5,1.0
MA010120220803400128,5,1.0,0.0,2,0.009887005649717515
MA010120220803401450,5,1.0,0.0,4,0.023121387283236993
MA010120220803405484,5,1.0,0.0,3,0.0
MA010120220803405820,5,1.0,0.0,1,0.008333333333333333
MA010120220803410586,5,1.0,0.0,5,1.0
MA010120220803410751,1,1.0,0.0,0,0.0
MA010120220803411959,5,1.0,0.0,2,0.021164021164021163
MA010120220803412444,5,0.0,0.0,4,0.2508038585209003
MA010120220803412614,5,1.0,1.0,3,0.025899280575539568
MA010120220803413305,5,1.0,0.0,3,1.0
MA010120220803414429,5,1.0,0.0,3,0.013501144164759726
MA010120220803415842,5,1.0,0.0,2,0.006573957016434893
MA010120220803416071,5,1.0,0.0,3,0.08089887640449439
MA010120220803418094,5,1.0,1.0,3,0.0
MA010120220803420687,5,1.0,0.0,1,0.015625
MA010120220803422041,5,1.0,0.0,1,0.0006486924792215691
MA010120220803422823,5,1.0,1.0,4,0.08148148148148147
MA010120220803423049,1,1.0,1.0,5,1.0
MA010120220803424656,4,1.0,0.0,2,0.3416666666666667
MA010120220803434483,5,1.0,0.0,3,0.0
MA010120220803435584,5,1.0,1.0,5,0.5291005291005291
MA010120220803437366,5,1.0,0.0,3,0.009742120343839542
MA010120220803437818,5,1.0,0.0,5,0.8538812785388128
MA010120220803438760,5,1.0,0.0,2,0.011845102505694762
MA010120220803439134,5,1.0,0.0,2,0.002799377916018663
MA010120220803443968,5,1.0,0.0,5,0.3663934426229508
MA010120220803445340,5,1.0,0.0,5,0.47058823529411764
MA010120220803445359,5,1.0,0.0,4,0.02862523540489642
MA010120220803445558,5,1.0,1.0,3,0.030898876404494385
MA010120220803446616,5,0.0,0.0,0,0.0
MA010120220803447367,5,0.0,1.0,3,0.0033200122963418384
MA010120220803448240,5,1.0,0.0,1,0.0027548209366391185
MA010120220803449252,5,1.0,0.0,1,0.02857142857142857
MA010120220803449383,5,1.0,1.0,1,0.004519774011299435
MA010120220803450339,5,0.0,0.0,0,0.0
MA010120220803453597,5,1.0,0.0,1,0.0010666666666666667
MA010120220803453706,5,1.0,0.0,0,0.0
MA010120220803454013,5,0.0,0.0,3,0.014495499763145429
MA010120220803454459,5,1.0,0.0,3,0.1092436974789916
MA010120220803455722,5,1.0,0.0,0,0.0
MA010120220803456615,5,1.0,0.0,5,0.1753846153846154
MA010120220803457171,5,1.0,0.0,0,0.0
MA010120220803457302,5,1.0,0.0,3,0.09180327868852459
MA010120220803459126,5,1.0,0.0,2,0.005209840810419681
MA010120220803459288,5,0.0,0.0,0,0.0
MA010120220803460271,5,1.0,1.0,5,0.08662790697674419
MA010120220803460789,5,1.0,0.0,1,0.0013531799729364004
MA010120220803461190,5,1.0,0.0,0,0.0
MA010120220803461733,5,1.0,0.0,5,0.16061872909698996
MA010120220803461938,5,1.0,0.0,3,0.0
MA010120220803471717,5,1.0,0.0,1,0.0031746031746031746
MA010120220803473837,5,1.0,0.0,3,0.14968469963491537
MA010120220803474185,5,0.0,0.0,4,0.9965237543453072
MA010120220803475326,5,1.0,0.0,0,0.0
MA010120220803480460,5,1.0,0.0,3,0.0029357798165137615
MA010120220803480688,5,1.0,0.0,4,0.04746666666666667
MA010120220803482194,5,1.0,0.0,2,0.01316314319904268
MA010120220803484526,5,0.0,0.0,0,0.0
MA010120220803485488,5,1.0,0.0,3,0.011747986736144007
MA010120220803485963,5,1.0,0.0,3,0.0098531501657982
MA010120220803486010,5,1.0,0.0,1,0.0015267175572519084
MA010120220803486229,5,0.0,0.0,3,0.03421828908554572
MA010120220803486705,5,0.0,0.0,2,0.01635420821699242
MA010120220803486945,5,1.0,0.0,1,0.002857142857142857
MA010120220803487159,5,1.0,0.0,5,0.13254381809568924
MA010120220803488959,5,1.0,1.0,5,0.015687150837988828
MA010120220803489479,5,0.0,0.0,1,0.0005810055865921788
MA010120220803489550,1,1.0,0.0,5,1.0
MA010120220803492252,5,0.0,0.0,1,0.0001787709497206704
MA010120220803492473,5,1.0,0.0,3,0.010666666666666666
MA010120220803492656,5,1.0,0.0,0,0.0
MA010120220803493632,5,1.0,0.0,0,0.0
MA010120220803493960,5,1.0,1.0,1,0.20483641536273117
MA010120220803494289,5,0.0,1.0,4,0.27999999999999997
MA010120220803494316,5,1.0,0.0,0,0.0
MA010120220803494488,5,1.0,0.0,3,0.005684509711037423
MA010120220803494526,5,1.0,0.0,2,0.008849557522123894
MA010120220803495111,5,1.0,0.0,0,0.0
MA010120220803495491,4,1.0,1.0,3,0.3109756097560975
MA010120220803495685,5,1.0,0.0,1,0.0021201413427561835
MA010120220803495757,5,1.0,0.0,2,0.0031264803410705824
MA010120220803495874,5,0.0,0.0,0,0.0
MA010120220803495898,5,1.0,0.0,0,0.0
MA010120220803496171,5,1.0,0.0,2,0.003694931312174325
MA010120220803496779,5,1.0,0.0,2,0.005839416058394161
MA010120220803497179,5,1.0,0.0,0,0.0
MA010120220803497620,5,1.0,0.0,3,0.0
MA010120220803497733,5,1.0,0.0,3,0.015629522431259046
MA010120220803497882,5,0.0,0.0,0,0.0
MA010120220803498229,5,1.0,0.0,1,0.0029197080291970805
MA010120220803498432,5,1.0,0.0,3,0.008147797252486972
MA010120220803498901,1,1.0,0.0,4,0.027496382054992764
MA010120220803499393,5,1.0,0.0,1,0.000333889816360601
MA010120220803499626,1,0.0,0.0,5,0.5357142857142857
MA010120220803500022,5,1.0,0.0,1,0.01680672268907563
MA010120220803500186,5,1.0,0.0,0,0.0
MA010120220803500371,5,1.0,0.0,5,1.0
MA010120220803500470,5,0.0,0.0,4,0.08853333333333334
MA010120220803500913,5,1.0,0.0,3,0.10380952380952381
MA010120220803501240,4,1.0,1.0,3,0.16638225255972697
MA010120220803501256,5,1.0,0.0,1,0.000223463687150838
MA010120220803503361,5,1.0,0.0,3,0.0
MA010120220803503818,5,0.0,0.0,0,0.0
MA010120220803507375,5,1.0,0.0,0,0.0
MA010120220803507388,5,1.0,0.0,1,0.001001669449081803
MA010120220803508668,5,1.0,0.0,0,0.0
MA010120220803508865,5,1.0,1.0,3,0.0030381383322559794
MA010120220803509296,5,1.0,0.0,3,0.0
MA010120220803510075,5,1.0,1.0,3,0.011235955056179775
MA010120220803510401,5,1.0,0.0,0,0.0
MA010120220803511554,5,1.0,0.0,3,0.05692307692307692
MA010120220803515190,1,0.0,1.0,5,0.332759362892811
MA010120220803515496,5,1.0,1.0,3,1.0
MA010120220803515801,5,1.0,0.0,3,0.03333333333333333
MA010120220803518998,5,1.0,0.0,0,0.0
MA010120220803519806,5,1.0,0.0,0,0.0
MA010120220803519926,5,0.0,0.0,2,0.0015158692562766462
MA010120220803520158,5,1.0,0.0,0,0.0
MA010120220803522431,5,0.0,0.0,1,9.474182851729038e-05
MA010120220803523242,1,0.0,0.0,0,0.0
MA010120220803523623,5,0.0,0.0,0,0.0
MA010120220803523933,1,1.0,0.0,1,0.425531914893617
MA010120220803529180,4,1.0,0.0,3,0.035493827160493825
MA010120220803529263,5,1.0,1.0,5,0.0984175993824778
MA010120220803530471,5,1.0,0.0,2,0.01935483870967742
MA010120220803531935,5,1.0,0.0,5,0.0343302337270671
MA010120220803533749,5,1.0,0.0,0,0.0
MA010120220803535934,5,1.0,0.0,1,0.001639344262295082
MA010120220803536428,1,1.0,0.0,0,0.0
MA010120220803537549,5,0.0,0.0,3,0.10075566750629723
MA010120220803537601,5,0.0,0.0,5,1.0
MA010120220803537612,5,1.0,0.0,3,0.018764302059496567
MA010120220803537839,5,1.0,0.0,1,0.0020242914979757085
MA010120220803538891,5,0.0,0.0,3,0.04176334106728538
MA010120220803539096,5,1.0,1.0,3,0.08
MA010120220803540686,5,1.0,0.0,3,0.0
MA010120220803542736,5,1.0,0.0,1,0.014420062695924763
MA010120220803543495,5,1.0,0.0,3,0.029001367989056087
MA010120220803544182,5,0.0,0.0,4,0.17495826377295493
MA010120220803546320,5,1.0,1.0,3,0.13953488372093023
MA010120220803546442,5,0.0,0.0,0,0.0
MA010120220803547619,5,1.0,0.0,1,0.013333333333333334
MA010120220803548354,5,1.0,1.0,4,0.13589958158995816
MA010120220803549949,5,0.0,0.0,4,0.017712177121771217
MA010120220803550565,5,1.0,1.0,5,0.37222222222222223
MA010120220803551212,5,0.0,0.0,1,0.0016949152542372883
MA010120220803555090,4,0.0,0.0,3,0.016457680250783698
MA010120220803555436,5,1.0,0.0,1,0.0015209125475285172
MA010120220803558545,5,0.0,0.0,4,0.14067796610169492
MA010120220803558873,5,1.0,0.0,0,0.0
MA010120220803568165,5,1.0,1.0,5,1.0
MA010120220803569779,5,1.0,0.0,1,0.0038258334851521227
MA010120220803570664,5,1.0,0.0,4,0.0959830866807611
MA010120220803571758,5,1.0,0.0,0,0.0
MA010120220803572621,5,0.0,0.0,2,0.005263157894736842
MA010120220803575488,5,1.0,1.0,5,0.06049562682215743
MA010120220803576014,5,1.0,0.0,4,0.03829787234042553
MA010120220803576142,5,0.0,0.0,0,0.0
MA010120220803577488,5,1.0,0.0,4,0.3531034482758621
MA010120220803577676,5,1.0,1.0,4,0.05131578947368421
MA010120220803577857,5,1.0,1.0,3,0.03571428571428571
MA010120220803578247,5,1.0,0.0,2,0.011282051282051283
MA010120220803579614,5,1.0,0.0,3,0.0
MA010120220803579688,5,1.0,0.0,4,0.10413223140495867
MA010120220803580271,5,1.0,0.0,0,0.0
MA010120220803580385,1,0.0,0.0,0,0.0
MA010120220803585068,5,1.0,0.0,2,0.003041825095057034
MA010120220803586246,5,0.0,1.0,3,0.0
MA010120220803586442,5,1.0,0.0,5,0.6828422876949739
MA010120220803588777,5,1.0,0.0,5,0.5898068228524456
MA010120220803589920,5,1.0,0.0,3,0.02704507512520868
MA010120220803591336,5,1.0,0.0,4,0.06229946524064171
MA010120220803594004,5,1.0,1.0,3,0.8
MA010120220803594603,5,1.0,1.0,2,0.056179775280898875
MA010120220803596337,5,1.0,0.0,1,0.015267175572519083
MA010120220803596868,5,1.0,1.0,1,0.009290953545232274
MA010120220803597841,5,1.0,0.0,1,0.015873015873015872
MA010120220803598935,5,0.0,0.0,0,0.0
MA010120220803601653,5,0.0,0.0,4,0.14136125654450263
MA010120220803604398,5,0.0,0.0,5,0.7705965909090908
MA010120220803604410,1,1.0,0.0,1,0.004228329809725159
MA010120220803604613,4,1.0,0.0,0,0.0
MA010120220803604878,5,0.0,1.0,5,0.1299258037922506
MA010120220803604902,5,1.0,0.0,1,0.011328527291452112
MA010120220803605057,5,0.0,0.0,4,0.08271604938271605
MA010120220803605443,5,1.0,0.0,1,0.00967741935483871
MA010120220803605695,5,1.0,0.0,0,0.0
MA010120220803607761,5,1.0,0.0,1,0.0010666666666666667
MA010120220803608210,1,1.0,0.0,3,0.09090909090909091
MA010120220803613639,5,1.0,0.0,3,0.3787878787878788
MA010120220803613894,5,1.0,0.0,5,0.7932203389830508
MA010120220803614483,5,1.0,0.0,3,0.007097791798107256
MA010120220803615223,5,0.0,1.0,0,0.0
MA010120220803615884,5,1.0,0.0,0,0.0
MA010120220803616660,5,1.0,0.0,1,0.005087620124364048
MA010120220803619920,5,1.0,0.0,4,0.034700315457413256
MA010120220803621661,5,1.0,0.0,2,0.031192660550458714
MA010120220803622646,5,1.0,0.0,5,1.0
MA010120220803623523,5,1.0,0.0,0,0.0
MA010120220803623593,5,1.0,0.0,1,0.015151515151515154
MA010120220803627243,5,0.0,0.0,4,0.5142857142857143
MA010120220803630298,4,1.0,0.0,1,0.0011904761904761906
MA010120220803630996,1,1.0,0.0,3,0.0
MA010120220803632267,5,1.0,1.0,3,0.05257510729613734
MA010120220803634678,5,1.0,0.0,3,0.0
MA010120220803636048,5,1.0,0.0,3,0.014786418400876234
MA010120220803638935,5,1.0,0.0,3,0.07407407407407407
MA010120220803638997,1,1.0,0.0,4,0.33402922755741127
MA010120220803639016,5,1.0,0.0,5,0.21311475409836064
MA010120220803639334,5,1.0,1.0,3,0.0
MA010120220803642709,5,1.0,0.0,0,0.0
MA010120220803644004,5,1.0,0.0,3,0.0
MA010120220803645013,5,0.0,1.0,5,0.22539682539682537
MA010120220803646430,5,1.0,0.0,5,0.8344262295081967
MA010120220803646802,5,1.0,0.0,0,0.0
MA010120220803647639,5,1.0,0.0,1,0.0016429353778751369
MA010120220803648346,5,0.0,0.0,3,0.0
MA010120220803649613,5,1.0,0.0,1,0.08860759493670885
MA010120220803649937,5,1.0,0.0,3,0.13924050632911392
MA010120220803650324,5,1.0,0.0,1,0.027160493827160497
MA010120220803651889,5,1.0,0.0,4,0.1975409836065574
MA010120220803652684,5,1.0,0.0,1,0.0
MA010120220803652980,5,1.0,0.0,4,0.08360655737704917
MA010120220803653481,5,1.0,0.0,1,0.01694915254237288
MA010120220803653785,5,1.0,0.0,0,0.0
MA010120220803655751,5,1.0,1.0,2,0.03340292275574113
MA010120220803656104,5,1.0,0.0,3,1.0
MA010120220803656189,5,1.0,0.0,2,0.03225806451612903
MA010120220803656717,5,1.0,0.0,3,0.2349397590361446
MA010120220803656883,5,1.0,0.0,3,0.10217391304347827
MA010120220803657606,5,1.0,0.0,5,0.15925925925925927
MA010120220803658119,5,1.0,0.0,3,0.05454545454545454
MA010120220803658530,5,1.0,0.0,2,0.022222222222222223
MA010120220803658554,5,1.0,0.0,4,0.044906900328587074
MA010120220803658685,5,1.0,0.0,0,0.0
MA010120220803658756,5,1.0,0.0,4,0.05748987854251012
MA010120220803659667,5,1.0,0.0,4,0.7304347826086957
MA010120220803659717,5,1.0,1.0,2,0.04426229508196722
MA010120220803660058,5,1.0,0.0,3,0.08148148148148149
MA010120220803660347,5,1.0,0.0,5,1.0
MA010120220803661278,5,1.0,0.0,0,0.0
MA010120220803661871,5,1.0,1.0,4,0.15384615384615385
MA010120220803662120,5,1.0,1.0,5,0.12869660460021906
MA010120220803662245,5,1.0,0.0,4,0.062348178137651825
MA010120220803662393,5,1.0,0.0,3,0.03853211009174312
MA010120220803663478,5,0.0,0.0,2,0.06666666666666667
MA010120220803663533,5,1.0,0.0,3,0.040979955456570155
MA010120220803663595,5,1.0,0.0,2,0.01502145922746781
MA010120220803663697,5,1.0,0.0,3,0.0
MA010120220803663955,5,1.0,1.0,1,0.0
MA010120220803664191,5,1.0,1.0,5,1.0
MA010120220803664510,5,1.0,0.0,4,0.18518518518518517
MA010120220803664524,5,1.0,0.0,4,0.2589147286821705
MA010120220803664796,5,1.0,0.0,0,0.0
MA010120220803664985,5,0.0,0.0,3,1.0
MA010120220803665205,5,0.0,0.0,2,0.01818181818181818
MA010120220803665583,5,1.0,1.0,1,0.0
MA010120220803665674,5,1.0,0.0,3,1.0
MA010120220803665749,5,1.0,0.0,0,0.0
MA010120220803667166,5,1.0,0.0,3,0.5652173913043478
MA010120220803667759,5,1.0,0.0,3,0.0
MA010120220803669276,5,1.0,0.0,4,0.058558558558558564
MA010120220803669458,5,1.0,0.0,3,0.0
MA010120220803671103,5,1.0,0.0,4,0.9548387096774194
MA010120220803672587,5,1.0,1.0,3,0.014124293785310734
MA010120220803672836,5,1.0,0.0,2,0.21935483870967745
MA010120220803674019,5,1.0,0.0,3,0.0
MA010120220803675047,5,0.0,0.0,0,0.0
MA010120220803675392,5,1.0,0.0,1,0.2413793103448276
MA010120220803675552,5,1.0,0.0,1,0.09467455621301775
MA010120220803678489,5,1.0,1.0,0,0.0
MA010120220803678699,5,1.0,1.0,5,1.0
MA010120220803678928,5,0.0,0.0,2,0.008423022929340197
MA010120220803684270,4,1.0,0.0,3,0.0
MA010120220803684321,4,0.0,0.0,0,0.0
MA010120220803684695,1,1.0,0.0,3,0.0
MA010120220803687153,5,0.0,0.0,0,0.0
MA010120220803688938,5,0.0,0.0,0,0.0
MA010120220803689944,5,0.0,0.0,4,0.181151832460733
MA010120220803697910,5,1.0,0.0,1,0.03742690058479532
MA010120220803699273,5,1.0,0.0,4,0.31612903225806455
MA010120220803699469,5,1.0,0.0,2,0.009843400447427294
MA010120220803699812,5,0.0,0.0,5,0.4414008573712127
MA010120220803699998,5,1.0,0.0,0,0.0
MA010120220803700756,5,1.0,0.0,0,0.0
MA010120220803700981,1,1.0,0.0,1,0.01267605633802817
MA010120220803701473,5,1.0,1.0,3,0.7311827956989247
MA010120220803701743,5,1.0,0.0,5,1.0
MA010120220803702685,5,1.0,0.0,1,0.09574468085106383
MA010120220803702750,5,1.0,1.0,5,0.22524271844660193
MA010120220803703572,4,1.0,1.0,3,0.9354838709677419
MA010120220803703588,5,1.0,0.0,4,0.013722627737226278
MA010120220803703797,5,1.0,1.0,4,0.15286624203821655
MA010120220803705421,5,1.0,0.0,1,0.011570247933884297
MA010120220803705740,5,0.0,0.0,3,0.011872909698996655
MA010120220803705841,5,1.0,0.0,3,0.006648936170212766
MA010120220803706648,5,1.0,0.0,2,0.004070096099491238
MA010120220803707181,5,1.0,1.0,3,0.14285714285714288
MA010120220803707958,1,1.0,0.0,5,1.0
MA010120220803708451,5,1.0,0.0,1,0.06666666666666667
MA010120220803708696,5,1.0,1.0,2,0.0176
MA010120220803709223,5,1.0,0.0,0,0.0
MA010120220803709949,5,1.0,1.0,5,0.8976000000000001
MA010120220803710269,5,1.0,0.0,5,0.6215686274509804
MA010120220803712779,5,1.0,0.0,5,1.0
MA010120220803712894,5,1.0,0.0,3,0.0
MA010120220803714484,5,1.0,0.0,1,0.024
MA010120220803714608,5,1.0,0.0,1,0.045714285714285714
MA010120220803715938,5,1.0,0.0,3,0.0
MA010120220803716035,5,1.0,0.0,2,0.021505376344086023
MA010120220803716093,5,1.0,0.0,3,0.022485207100591716
MA010120220803716457,5,1.0,0.0,0,0.0
MA010120220803717831,5,1.0,0.0,1,0.0012345679012345679
MA010120220803718998,5,1.0,0.0,2,0.09375000000000001
MA010120220803719658,5,1.0,0.0,3,1.0
MA010120220803719714,5,1.0,0.0,1,0.0029197080291970805
MA010120220803721112,5,1.0,0.0,3,0.0
MA010120220803721243,5,0.0,0.0,4,0.03342548378989696
MA010120220803722823,5,1.0,1.0,5,0.82803738317757
MA010120220803723029,5,1.0,1.0,2,0.04157303370786517
MA010120220803723132,5,1.0,0.0,3,0.03010752688172043
MA010120220803724038,5,1.0,0.0,0,0.0
MA010120220803725077,4,1.0,0.0,0,0.0
MA010120220803725157,5,1.0,0.0,0,0.0
MA010120220803727334,1,1.0,0.0,4,0.09259259259259259
MA010120220803728195,5,1.0,1.0,5,0.4636363636363636
MA010120220803733923,5,1.0,0.0,1,0.007194244604316547
MA010120220803735683,5,1.0,0.0,1,0.006349206349206349
MA010120220803736227,5,1.0,0.0,2,0.01347905282331512
MA010120220803737965,5,1.0,0.0,1,0.021739130434782608
MA010120220803739215,4,1.0,1.0,1,0.0019083969465648854
MA010120220803740605,5,1.0,0.0,0,0.0
MA010120220803741767,5,1.0,0.0,3,0.05144694533762058
MA010120220803742275,5,1.0,0.0,1,0.00029069767441860465
MA010120220803742327,5,1.0,0.0,1,0.031578947368421054
MA010120220803744260,5,1.0,0.0,1,0.002172338884866039
MA010120220803744934,4,1.0,0.0,2,0.012054896142433234
MA010120220803745077,1,1.0,0.0,5,0.8459016393442623
MA010120220803745881,5,1.0,1.0,5,0.05630650021523892
MA010120220803746048,5,1.0,0.0,1,0.0009024644220756681
MA010120220803746388,5,1.0,0.0,5,0.4830874006810443
MA010120220803748891,5,0.0,0.0,0,0.0
MA010120220803750599,5,0.0,0.0,0,0.0
MA010120220803751835,5,1.0,0.0,5,0.2434662998624485
MA010120220803752528,5,1.0,0.0,5,1.0
MA010120220803752615,5,1.0,0.0,2,0.006875000000000001
MA010120220803754492,5,1.0,1.0,1,0.008053691275167784
MA010120220803756482,5,1.0,1.0,2,0.05625000000000001
MA010120220803756976,5,1.0,1.0,5,1.0
MA010120220803758409,5,0.0,0.0,1,0.0
MA010120220803758820,5,1.0,0.0,2,0.0116
MA010120220803758860,5,1.0,0.0,1,0.0014482259232440262
MA010120220803760938,5,1.0,0.0,0,0.0
MA010120220803760970,4,1.0,0.0,1,0.0
MA010120220803762087,5,1.0,1.0,2,0.002063273727647868
MA010120220803764278,5,1.0,0.0,3,0.02317161477190442
MA010120220803764682,5,1.0,0.0,1,0.007965242577842145
MA010120220803765035,5,1.0,1.0,5,0.5216000000000001
MA010120220803765644,5,1.0,0.0,1,0.008664259927797834
MA010120220803765780,5,0.0,0.0,1,0.0025171624713958814
MA010120220803766479,5,1.0,0.0,4,0.09666666666666666
MA010120220803766789,5,0.0,0.0,1,0.000411522633744856
MA010120220803767369,5,1.0,0.0,1,0.007194244604316547
MA010120220803767414,5,1.0,0.0,3,0.0828
MA010120220803768412,5,1.0,0.0,2,0.0034619188921859545
MA010120220803769057,5,1.0,0.0,0,0.0
MA010120220803769119,5,1.0,0.0,3,0.030041152263374483
MA010120220803769414,5,1.0,0.0,1,0.0028964518464880524
MA010120220803769840,5,1.0,0.0,2,0.004733727810650888
MA010120220803770337,5,1.0,0.0,5,0.34831460674157305
MA010120220803770340,5,1.0,0.0,4,0.0720164609053498
MA010120220803770514,4,1.0,0.0,5,0.5541609353507566
MA010120220803770915,5,1.0,0.0,3,0.0
MA010120220803771417,5,1.0,0.0,5,0.10983606557377049
MA010120220803771570,5,0.0,0.0,0,0.0
MA010120220803771653,5,1.0,0.0,4,0.24313725490196078
MA010120220803773731,5,1.0,0.0,4,0.6214285714285713
MA010120220803774150,5,1.0,1.0,3,0.5113636363636364
MA010120220803775021,5,1.0,1.0,5,0.24615384615384617
MA010120220803775158,5,1.0,0.0,2,0.13319672131147542
MA010120220803775609,5,1.0,0.0,3,0.3388804841149773
MA010120220803775684,5,1.0,1.0,2,0.006741573033707865
MA010120220803775919,5,1.0,0.0,0,0.0
MA010120220803776123,5,1.0,0.0,0,0.0
MA010120220803776508,5,1.0,1.0,5,0.8174603174603176
MA010120220803776588,5,1.0,1.0,3,0.09318181818181817
MA010120220803777177,5,1.0,1.0,1,0.012402088772845953
MA010120220803777496,5,1.0,0.0,3,0.04938271604938272
MA010120220803777615,5,0.0,0.0,1,0.0018214936247723133
MA010120220803777792,1,1.0,0.0,5,0.8992248062015504
MA010120220803778098,5,1.0,0.0,3,0.004753521126760564
MA010120220803778269,5,1.0,0.0,1,0.01348314606741573
MA010120220803778792,5,1.0,1.0,3,0.0176
MA010120220803778836,5,1.0,0.0,0,0.0
MA010120220803779064,5,1.0,0.0,2,0.009308510638297872
MA010120220803779426,5,1.0,0.0,3,0.004516129032258065
MA010120220803779462,5,0.0,1.0,3,0.08262454434993925
MA010120220803779517,5,1.0,0.0,3,0.0
MA010120220803779642,5,1.0,0.0,3,0.10303030303030303
MA010120220803779695,5,1.0,0.0,2,0.012213740458015267
MA010120220803779972,5,0.0,0.0,5,0.5894736842105263
MA010120220803780124,5,1.0,1.0,4,0.3913934426229509
MA010120220803780165,5,1.0,0.0,0,0.0
MA010120220803780418,5,1.0,0.0,4,0.38461538461538464
MA010120220803781650,5,1.0,0.0,1,0.00291970802919708
MA010120220803784643,5,1.0,0.0,4,0.12052401746724892
MA010120220803785063,5,1.0,1.0,3,0.024875621890547265
MA010120220803785163,5,1.0,0.0,1,0.010901883052527254
MA010120220803786851,5,1.0,0.0,1,0.0007436787307882995
MA010120220803787040,5,1.0,0.0,0,0.0
MA010120220803788049,5,1.0,1.0,1,0.0036363636363636364
MA010120220803789331,5,0.0,0.0,2,0.019494584837545126
MA010120220803794280,4,1.0,0.0,0,0.0
MA010120220803794432,4,1.0,0.0,0,0.0
MA010120220803794683,4,1.0,0.0,3,1.0
MA010120220803794806,4,0.0,0.0,3,0.0
MA010120220803795562,5,1.0,0.0,3,0.0
MA010120220803796875,5,1.0,0.0,0,0.0
MA010120220803800846,5,1.0,0.0,0,0.0
MA010120220803801972,5,1.0,0.0,0,0.0
MA010120220803802758,5,1.0,0.0,1,0.000741839762611276
MA010120220803807810,5,0.0,0.0,1,0.06315789473684211
MA010120220803808474,5,1.0,1.0,2,0.0741573033707865
MA010120220803808521,1,1.0,0.0,1,0.00273224043715847
MA010120220803809219,5,0.0,0.0,2,0.15263157894736842
MA010120220803809459,5,1.0,0.0,0,0.0
MA010120220803811519,5,1.0,0.0,2,0.0016476552598225602
MA010120220803812824,5,1.0,1.0,4,0.04133738601823708
MA010120220803813113,5,1.0,0.0,2,0.07971014492753623
MA010120220803813487,5,1.0,0.0,2,0.005815423514538559
MA010120220803816569,5,1.0,0.0,5,0.35789473684210527
MA010120220803817934,5,0.0,0.0,2,0.03376205787781351
MA010120220803818522,5,1.0,0.0,0,0.0
MA010120220803819022,5,1.0,1.0,4,0.1344632768361582
MA010120220803819968,5,1.0,0.0,2,0.026870974905618475
MA010120220803821568,5,1.0,0.0,3,0.14775374376039932
MA010120220803822192,5,1.0,1.0,3,0.4431372549019608
MA010120220803823555,1,1.0,0.0,5,0.15749685006299874
MA010120220803825763,5,1.0,0.0,1,0.0011801457827143355
MA010120220803827921,5,1.0,1.0,5,0.05205757145753092
MA010120220803827938,5,1.0,0.0,3,0.07254901960784314
MA010120220803829027,5,1.0,0.0,5,0.07700205338809034
MA010120220803831335,5,1.0,0.0,2,0.007267441860465116
MA010120220803832299,5,1.0,0.0,1,0.00546448087431694
MA010120220803832575,5,1.0,0.0,4,0.06757741347905283
MA010120220803832602,5,1.0,0.0,0,0.0
MA010120220803835138,5,1.0,0.0,1,0.0028585040495474035
MA010120220803836286,5,1.0,0.0,4,0.36590909090909096
MA010120220803838835,4,0.0,0.0,1,0.003656307129798903
MA010120220803839120,5,1.0,0.0,0,0.0
MA010120220803842405,5,1.0,0.0,2,0.01906412478336222
MA010120220803844600,5,1.0,0.0,2,0.006083650190114069
MA010120220803844857,5,1.0,0.0,3,0.05688073394495413
MA010120220803844881,5,1.0,0.0,0,0.0
MA010120220803848084,5,1.0,0.0,1,0.002898550724637681
MA010120220803848928,5,1.0,0.0,2,0.006557377049180328
MA010120220803849423,5,1.0,0.0,1,0.01391304347826087
MA010120220803851243,5,1.0,0.0,5,1.0
MA010120220803851511,4,1.0,0.0,5,0.5103406326034063
MA010120220803854259,1,0.0,0.0,5,0.7484035759897829
MA010120220803854953,5,1.0,1.0,4,0.016106014271151887
MA010120220803855925,4,0.0,0.0,0,0.0
MA010120220803856033,5,1.0,0.0,1,0.004188481675392671
MA010120220803856963,5,1.0,0.0,0,0.0
MA010120220803858178,5,1.0,0.0,4,0.2738301559792028
MA010120220803859302,5,1.0,0.0,2,0.021067415730337078
MA010120220803859398,5,1.0,0.0,3,0.2564102564102564
MA010120220803861663,5,1.0,0.0,0,0.0
MA010120220803862298,1,1.0,0.0,0,0.0
MA010120220803862423,5,1.0,0.0,5,0.9660766961651918
MA010120220803862561,5,1.0,1.0,3,1.0
MA010120220803862971,5,1.0,0.0,3,0.03964321110009911
MA010120220803863380,5,0.0,0.0,0,0.0
MA010120220803864081,5,1.0,0.0,1,0.012121212121212121
MA010120220803865372,5,1.0,1.0,3,0.0
MA010120220803865810,1,1.0,0.0,5,1.0
MA010120220803866159,5,1.0,0.0,5,0.18085106382978725
MA010120220803869696,5,1.0,0.0,1,0.0020533880903490756
MA010120220803871698,5,1.0,0.0,1,0.0015037593984962405
MA010120220803872507,5,1.0,0.0,1,0.0011123470522803114
MA010120220803873389,5,1.0,0.0,1,0.0008154943934760449
MA010120220803874714,5,1.0,0.0,1,0.0016260162601626016
MA010120220803876550,5,1.0,0.0,1,0.033633633633633635
MA010120220803877415,5,1.0,0.0,3,0.0
MA010120220803877419,1,1.0,0.0,5,1.0
MA010120220803878389,1,1.0,0.0,0,0.0
MA010120220803878519,5,1.0,0.0,1,0.0010416666666666667
MA010120220803880592,1,1.0,0.0,0,0.0
MA010120220803881150,5,1.0,0.0,2,0.011934156378600822
MA010120220803883290,5,1.0,0.0,3,0.5
MA010120220803883928,5,1.0,0.0,1,0.00048661800486618007
MA010120220803885062,1,1.0,1.0,3,0.10714285714285714
MA010120220803885467,1,1.0,0.0,3,0.017857142857142856
MA010120220803888516,5,1.0,0.0,4,0.23404255319148942
MA010120220803890996,5,1.0,0.0,2,0.10638297872340427
MA010120220803891421,5,1.0,1.0,4,0.08111888111888112
MA010120220803892364,5,1.0,0.0,0,0.0
MA010120220803894286,5,1.0,0.0,0,0.0
MA010120220803894763,5,1.0,0.0,1,0.006971677559912855
MA010120220803895749,5,1.0,1.0,5,1.0
MA010120220803896066,5,1.0,0.0,1,0.007239819004524887
MA010120220803896137,5,1.0,0.0,3,0.01699346405228758
MA010120220803897464,5,1.0,0.0,1,0.008259587020648967
MA010120220803898868,5,1.0,1.0,4,0.06623093681917211
MA010120220803900672,5,1.0,0.0,2,0.011764705882352943
MA010120220803900802,5,1.0,1.0,2,0.008714596949891068
MA010120220803900848,5,1.0,0.0,4,0.06881720430107527
MA010120220803901278,5,1.0,0.0,5,0.244880174291939
MA010120220803901908,5,1.0,0.0,0,0.0
MA010120220803902005,5,1.0,0.0,1,0.00261437908496732
MA010120220803902052,4,1.0,1.0,3,0.7039473684210527
MA010120220803902207,5,0.0,0.0,3,0.022657952069716776
MA010120220803902806,5,1.0,0.0,3,0.02663934426229508
MA010120220803903262,5,1.0,0.0,0,0.0
MA010120220803903930,5,1.0,0.0,1,0.020634920634920634
MA010120220803903942,5,1.0,1.0,3,0.0
MA010120220803904088,5,1.0,1.0,5,0.8121654501216545
MA010120220803904090,5,1.0,0.0,2,0.028054298642533938
MA010120220803904225,5,1.0,0.0,3,0.25
MA010120220803904476,5,0.0,0.0,1,0.001713698160630641
MA010120220803904612,5,0.0,0.0,0,0.0
MA010120220803905371,5,1.0,0.0,3,0.028484848484848484
MA010120220803905385,5,1.0,0.0,4,0.509478672985782
MA010120220803905416,5,1.0,0.0,2,0.043831168831168825
MA010120220803905609,5,1.0,0.0,4,0.1238095238095238
MA010120220803906206,5,1.0,0.0,1,0.022535211267605635
MA010120220803906263,5,1.0,0.0,0,0.0
MA010120220803906375,5,1.0,0.0,3,0.7884615384615385
MA010120220803906408,5,1.0,0.0,2,0.08503937007874016
MA010120220803907183,5,1.0,0.0,1,0.002178649237472767
MA010120220803907260,5,1.0,0.0,3,1.0
MA010120220803907526,5,1.0,0.0,2,0.16666666666666666
MA010120220803907728,5,1.0,1.0,4,0.03282442748091603
MA010120220803907891,5,1.0,0.0,4,0.06535947712418301
MA010120220803907993,5,1.0,0.0,0,0.0
MA010120220803908262,5,0.0,0.0,4,0.08888888888888888
MA010120220803908509,5,1.0,0.0,2,0.055757575757575756
MA010120220803908671,5,1.0,0.0,3,0.24742268041237114
MA010120220803908857,5,1.0,1.0,1,0.0112540192926045
MA010120220803909414,5,1.0,0.0,5,1.0
MA010120220803909439,4,1.0,0.0,5,0.9988839285714286
MA010120220803909757,5,1.0,0.0,3,0.081419624217119
MA010120220803910348,5,1.0,0.0,2,0.0056874381800197825
MA010120220803911228,5,1.0,0.0,0,0.0
MA010120220803911503,5,1.0,0.0,5,0.09173997486576031
MA010120220803911605,5,1.0,0.0,5,1.0
MA010120220803911676,5,0.0,0.0,1,0.014084507042253521
MA010120220803911786,5,0.0,0.0,5,0.23492063492063492
MA010120220803913346,5,0.0,0.0,2,0.012213740458015267
MA010120220803913373,5,1.0,0.0,2,0.02622950819672131
MA010120220803913659,5,1.0,0.0,4,0.019416243654822335
MA010120220803914731,5,1.0,0.0,0,0.0
MA010120220803915934,5,1.0,0.0,0,0.0
MA010120220803916944,5,1.0,1.0,1,0.003134796238244514
MA010120220803917026,5,1.0,0.0,4,0.0738255033557047
MA010120220803918127,5,1.0,0.0,3,0.5459459459459459
MA010120220803919811,5,1.0,0.0,2,0.006844106463878327
MA010120220803921004,5,1.0,1.0,4,0.03164801235044384
MA010120220803922306,1,0.0,0.0,0,0.0
MA010120220803922334,5,1.0,0.0,5,1.0
MA010120220803925109,5,1.0,0.0,1,0.004357298474945534
MA010120220803925565,5,1.0,0.0,3,0.0
MA010120220803925579,5,1.0,0.0,3,0.06476909671797851
MA010120220803925673,5,1.0,0.0,1,0.009178743961352657
MA010120220803926619,5,1.0,0.0,1,0.019753086419753086
MA010120220803930346,5,1.0,0.0,3,0.0
MA010120220803930785,1,1.0,0.0,0,0.0
MA010120220803931403,1,0.0,1.0,1,0.00558659217877095
MA010120220803931436,5,0.0,0.0,0,0.0
MA010120220803932739,5,0.0,0.0,0,0.0
MA010120220803941375,5,1.0,1.0,5,0.4770596941292551
MA010120220803941498,5,1.0,0.0,0,0.0
MA010120220803941529,5,0.0,0.0,3,0.037096774193548385
MA010120220803942484,5,1.0,0.0,1,0.009574468085106383
MA010120220803945366,5,1.0,0.0,3,0.0
MA010120220803945434,5,1.0,1.0,4,0.01412911084043849
MA010120220803946706,5,1.0,0.0,1,0.0011019283746556475
MA010120220803951976,5,1.0,0.0,0,0.0
MA010120220803951980,5,1.0,0.0,2,0.014492753623188406
MA010120220803952844,5,0.0,1.0,0,0.0
MA010120220803959883,5,1.0,0.0,3,0.04671532846715329
MA010120220803961292,5,1.0,0.0,3,0.025344352617079888
MA010120220803962175,5,1.0,0.0,1,0.0
MA010120220803965754,5,1.0,1.0,5,0.503030303030303
MA010120220803969480,5,1.0,0.0,3,0.026446280991735537
MA010120220803969832,5,0.0,0.0,0,0.0
MA010120220803972349,5,1.0,0.0,0,0.0
MA010120220803972657,5,1.0,0.0,2,0.014876033057851241
MA010120220803972691,5,1.0,1.0,5,0.5731092436974791
MA010120220803974343,5,1.0,0.0,3,0.03873598369011213
MA010120220803974516,5,1.0,0.0,1,0.0
MA010120220803975275,5,1.0,1.0,5,1.0
MA010120220803975479,5,1.0,1.0,4,0.06285714285714286
MA010120220803975482,5,1.0,1.0,0,0.0
MA010120220803976350,5,1.0,0.0,1,0.0
MA010120220803976429,5,1.0,0.0,1,0.0
MA010120220803976999,5,1.0,0.0,3,1.0
MA010120220803977183,5,0.0,0.0,3,0.5562913907284769
MA010120220803977531,5,0.0,0.0,3,0.006060606060606061
MA010120220803977915,5,1.0,0.0,3,1.0
MA010120220803978080,5,0.0,0.0,5,0.49032258064516127
MA010120220803978912,5,1.0,0.0,1,0.0
MA010120220803978932,5,1.0,0.0,2,0.02184873949579832
MA010120220803979505,5,1.0,0.0,2,0.0020387359836901123
MA010120220803980265,5,1.0,1.0,3,0.0
MA010120220803980278,5,1.0,1.0,4,0.1192156862745098
MA010120220803980309,5,1.0,0.0,4,0.12286501377410469
MA010120220803980844,5,1.0,0.0,1,0.006611570247933884
MA010120220803982182,5,1.0,1.0,1,0.03878787878787879
MA010120220803985398,4,1.0,1.0,1,0.03125
MA010120220803986031,5,1.0,0.0,3,0.009467455621301775
MA010120220803986263,5,1.0,0.0,1,0.0034042553191489366
MA010120220803989730,5,1.0,0.0,2,0.012133468149646108
MA010120220803992863,5,1.0,1.0,2,0.007093821510297483
MA010120220803993077,5,1.0,1.0,4,0.8888888888888888
MA010120220803993320,5,1.0,0.0,2,0.031746031746031744
MA010120220803993606,5,1.0,1.0,5,0.05714285714285714
MA010120220803996432,5,1.0,1.0,4,0.08018223234624146
MA010120220803997001,5,1.0,1.0,5,0.09086996618505995
MA010120220803997682,5,1.0,0.0,0,0.0
MA010120220803999971,4,1.0,0.0,0,0.0
MA010120220804001617,5,1.0,1.0,2,0.020512820512820513
MA010120220804002643,4,1.0,0.0,4,0.6785714285714286
MA010120220804003237,5,1.0,0.0,2,0.0025526483726866626
MA010120220804003654,5,1.0,0.0,1,0.0
MA010120220804013949,5,0.0,0.0,5,0.8723809523809524
MA010120220804015233,5,1.0,0.0,0,0.0
MA010120220804015250,5,1.0,0.0,1,0.0044609665427509295
MA010120220804017385,5,1.0,0.0,1,0.012403100775193798
MA010120220804018659,5,1.0,0.0,4,0.1424083769633508
MA010120220804019811,5,1.0,0.0,0,0.0
MA010120220804020319,5,1.0,0.0,1,0.003861003861003861
MA010120220804022574,5,1.0,0.0,4,0.31312217194570136
MA010120220804022903,5,0.0,0.0,1,0.011892963330029732
MA010120220804023936,1,1.0,0.0,5,1.0
MA010120220804023970,5,1.0,0.0,1,0.0034334763948497857
MA010120220804024496,4,1.0,1.0,2,0.0037185354691075517
MA010120220804024682,5,1.0,0.0,1,0.05806451612903226
MA010120220804025317,5,1.0,0.0,1,0.002791878172588833
MA010120220804025344,5,1.0,0.0,3,1.0
MA010120220804025794,5,1.0,0.0,3,0.01021059349074665
MA010120220804027408,5,1.0,0.0,2,0.1142857142857143
MA010120220804028334,5,1.0,1.0,1,0.0044742729306487695
MA010120220804028416,5,1.0,0.0,4,0.17082049845981517
MA010120220804028439,5,1.0,0.0,0,0.0
MA010120220804028534,5,1.0,0.0,1,0.008120974516942032
MA010120220804028988,4,1.0,0.0,2,0.014118792599805257
MA010120220804029249,5,1.0,1.0,2,0.031413612565445025
MA010120220804029449,5,1.0,0.0,3,1.0
MA010120220804030495,5,1.0,1.0,4,0.12413452027695353
MA010120220804030594,4,1.0,0.0,3,0.0036288232244686366
MA010120220804030743,5,1.0,0.0,1,0.006334841628959275
MA010120220804030790,5,0.0,0.0,4,0.05612472160356347
MA010120220804031102,5,1.0,0.0,0,0.0
MA010120220804031226,1,1.0,0.0,0,0.0
MA010120220804032164,5,0.0,0.0,2,0.015681881825819095
MA010120220804032442,5,1.0,0.0,0,0.0
MA010120220804032542,5,1.0,1.0,2,0.008423739629865985
MA010120220804032874,5,1.0,0.0,3,0.5261971830985915
MA010120220804033399,5,1.0,1.0,5,0.07756297598125367
MA010120220804033525,5,0.0,0.0,3,0.04928591430971717
MA010120220804033932,5,1.0,0.0,2,0.011913626209977662
MA010120220804034546,5,1.0,0.0,2,0.01652198263791655
MA010120220804035108,5,1.0,0.0,2,0.034374999999999996
MA010120220804035363,5,1.0,0.0,1,0.014001680201624194
MA010120220804035406,5,1.0,0.0,3,0.10656370656370658
MA010120220804035690,5,1.0,0.0,3,0.009700063816209317
MA010120220804035745,5,1.0,0.0,3,0.009256004686584652
MA010120220804036292,5,0.0,0.0,4,0.020859512440311635
MA010120220804036529,5,1.0,0.0,2,0.0017214878573624346
MA010120220804036604,5,1.0,0.0,1,0.00037200651011392704
MA010120220804037283,5,1.0,0.0,1,0.012903225806451613
MA010120220804037533,5,1.0,0.0,1,0.0
MA010120220804038249,5,1.0,0.0,1,0.0
MA010120220804038336,5,1.0,0.0,2,0.017266187050359712
MA010120220804043268,5,1.0,0.0,3,1.0
MA010120220804043645,5,1.0,0.0,3,0.08314606741573034
MA010120220804045029,5,1.0,0.0,5,0.643847487001733
MA010120220804045492,5,1.0,0.0,1,0.001407211961301671
MA010120220804045665,5,1.0,0.0,4,0.041265474552957364
MA010120220804045779,5,0.0,0.0,1,0.0008236101578586136
MA010120220804047219,1,1.0,0.0,5,1.0
MA010120220804047411,5,1.0,0.0,1,0.0
MA010120220804048588,5,0.0,0.0,0,0.0
MA010120220804048754,5,1.0,1.0,3,0.0
MA010120220804050124,5,1.0,0.0,5,0.27717391304347827
MA010120220804050618,5,1.0,0.0,2,0.0018912529550827424
MA010120220804053299,5,1.0,0.0,1,0.00038814853150472245
MA010120220804055683,5,1.0,0.0,0,0.0
MA010120220804056713,4,1.0,0.0,0,0.0
MA010120220804057187,5,1.0,0.0,0,0.0
MA010120220804057858,5,0.0,0.0,0,0.0
MA010120220804058136,5,1.0,0.0,0,0.0
MA010120220804058144,5,0.0,0.0,3,0.0
MA010120220804058240,5,1.0,0.0,0,0.0
MA010120220804058500,5,0.0,0.0,0,0.0
MA010120220804059548,5,1.0,0.0,0,0.0
MA010120220804059734,5,1.0,0.0,0,0.0
MA010120220804061542,1,1.0,0.0,0,0.0
MA010120220804061874,5,1.0,0.0,0,0.0
MA010120220804064468,5,1.0,0.0,0,0.0
MA010120220804066139,5,1.0,0.0,0,0.0
MA010120220804066733,5,1.0,0.0,0,0.0
MA010120220804067223,5,1.0,0.0,3,0.05956112852664577
MA010120220804067716,5,0.0,0.0,1,0.005084745762711864
MA010120220804068500,5,1.0,0.0,0,0.0
MA010120220804068918,5,0.0,0.0,2,0.02950310559006211
MA010120220804068956,5,1.0,0.0,1,0.003782323427248167
MA010120220804069211,5,1.0,0.0,4,0.11733708062532935
MA010120220804069216,5,1.0,0.0,0,0.0
MA010120220804069463,5,0.0,0.0,4,0.26256499133448874
MA010120220804071531,1,1.0,0.0,1,0.015625
MA010120220804072253,5,1.0,1.0,4,0.19999999999999998
MA010120220804073789,1,1.0,0.0,0,0.0
MA010120220804073973,5,1.0,0.0,1,0.0049504950495049506
MA010120220804078989,5,1.0,1.0,4,0.3220338983050847
MA010120220804079067,5,1.0,0.0,3,0.014492753623188406
MA010120220804079736,5,0.0,0.0,4,0.20940438871473355
MA010120220804081737,5,1.0,0.0,1,0.0004708097928436912
MA010120220804092119,5,1.0,0.0,0,0.0
MA010120220804093147,5,1.0,0.0,1,0.08277404921700224
MA010120220804093804,5,1.0,0.0,2,0.05263157894736842
MA010120220804097225,5,1.0,0.0,4,0.10621468926553673
MA010120220804097295,5,1.0,0.0,0,0.0
MA010120220804098120,5,1.0,1.0,3,0.026382978723404255
MA010120220804100933,5,1.0,0.0,0,0.0
MA010120220804106315,5,1.0,0.0,1,0.006310679611650486
MA010120220804106964,5,1.0,0.0,1,0.0034042553191489366
MA010120220804107110,5,1.0,0.0,3,0.0
MA010120220804107871,5,1.0,0.0,1,0.005825242718446602
MA010120220804108138,4,1.0,1.0,4,0.007504977791392251
MA010120220804108887,5,1.0,1.0,3,0.0
MA010120220804108947,5,1.0,0.0,2,0.04912280701754386
MA010120220804108979,5,1.0,0.0,3,1.0
MA010120220804109275,5,0.0,0.0,1,0.0
MA010120220804109865,5,1.0,0.0,3,0.030508474576271188
MA010120220804110141,4,1.0,0.0,3,1.0
MA010120220804110944,5,1.0,1.0,4,0.9189189189189187
MA010120220804111327,5,1.0,1.0,1,0.01694915254237288
MA010120220804111335,4,1.0,1.0,5,0.12378640776699029
MA010120220804111385,5,1.0,0.0,1,0.004388714733542319
MA010120220804112145,5,1.0,0.0,3,0.02568807339449541
MA010120220804112259,5,1.0,0.0,0,0.0
MA010120220804112544,5,1.0,0.0,3,0.05054466230936819
MA010120220804112942,5,1.0,1.0,1,0.004511278195488721
MA010120220804113212,5,1.0,0.0,5,0.952112676056338
MA010120220804113654,5,1.0,0.0,3,1.0
MA010120220804113694,5,1.0,0.0,1,0.01457725947521866
MA010120220804113770,4,1.0,0.0,5,0.23422787193973635
MA010120220804113953,5,1.0,0.0,1,0.005208333333333333
MA010120220804113993,5,1.0,1.0,4,0.006586000918976874
MA010120220804114506,5,1.0,0.0,1,0.0
MA010120220804114862,4,1.0,1.0,1,0.09090909090909091
MA010120220804115852,5,1.0,0.0,3,0.02233009708737864
MA010120220804116175,5,1.0,1.0,1,0.025806451612903226
MA010120220804116210,5,1.0,1.0,3,0.08275862068965517
MA010120220804116265,5,1.0,0.0,2,0.0033695818655230508
MA010120220804123862,5,1.0,0.0,1,0.01694915254237288
MA010120220804124416,5,1.0,0.0,1,0.04261363636363636
MA010120220804124917,5,1.0,1.0,3,1.0
MA010120220804125217,5,1.0,0.0,4,0.08325074331020813
MA010120220804125785,5,1.0,0.0,2,0.03928571428571429
MA010120220804127125,1,1.0,0.0,0,0.0
MA010120220804131483,4,1.0,0.0,1,0.002127659574468085
MA010120220804132364,5,1.0,0.0,2,0.011656952539550373
MA010120220804132396,5,1.0,1.0,3,0.02621082621082621
MA010120220804132715,5,1.0,0.0,0,0.0
MA010120220804132982,5,0.0,0.0,1,0.0011913626209977663
MA010120220804133494,5,0.0,0.0,0,0.0
MA010120220804140784,5,1.0,0.0,3,0.18504672897196262
MA010120220804140787,5,1.0,1.0,2,0.00292326431181486
MA010120220804142302,5,1.0,0.0,1,0.06358381502890173
MA010120220804142859,5,1.0,0.0,4,0.015079165619502387
MA010120220804146033,5,0.0,0.0,3,1.0
MA010120220804147003,5,1.0,0.0,2,0.15950920245398773
MA010120220804147074,5,1.0,0.0,4,0.11024844720496893
MA010120220804147105,4,1.0,0.0,3,0.04296875
MA010120220804147632,5,1.0,0.0,0,0.0
MA010120220804148639,1,1.0,0.0,3,0.541871921182266
MA010120220804149613,5,1.0,0.0,2,0.031192660550458714
MA010120220804150044,5,1.0,0.0,3,0.007017543859649124
MA010120220804151047,5,1.0,1.0,4,0.4455026455026455
MA010120220804151187,5,1.0,0.0,3,0.012422360248447204
MA010120220804151367,5,1.0,0.0,0,0.0
MA010120220804152498,5,1.0,0.0,2,0.04519774011299435
MA010120220804154411,5,1.0,0.0,1,0.019801980198019802
MA010120220804155349,5,1.0,0.0,1,0.004918032786885246
MA010120220804156243,4,1.0,0.0,3,0.0015076754385964911
MA010120220804156824,5,1.0,0.0,0,0.0
MA010120220804165777,5,1.0,0.0,3,0.028402366863905324
MA010120220804167177,5,1.0,0.0,1,0.00012586532410320956
MA010120220804170866,5,1.0,0.0,3,0.17937608318890813
MA010120220804171066,5,1.0,0.0,5,0.07564505978602895
MA010120220804171457,5,1.0,0.0,0,0.0
MA010120220804171594,5,1.0,0.0,5,1.0
MA010120220804174008,5,1.0,1.0,1,0.0005284015852047556
MA010120220804174431,5,1.0,0.0,4,0.04891304347826087
MA010120220804177737,5,1.0,0.0,3,0.010869565217391304
MA010120220804177946,5,1.0,0.0,3,0.0063324538258575196
MA010120220804179504,5,1.0,0.0,0,0.0
MA010120220804179843,5,1.0,0.0,3,0.013242173443684778
MA010120220804180214,5,1.0,0.0,4,0.27816091954022987
MA010120220804181458,5,1.0,0.0,2,0.003761755485893417
MA010120220804181696,5,0.0,1.0,3,1.0
MA010120220804181824,5,1.0,0.0,1,0.0
MA010120220804185311,5,1.0,0.0,1,0.0002517306482064191
MA010120220804185464,5,1.0,0.0,4,0.04803202134756504
MA010120220804185922,5,1.0,0.0,2,0.023791821561338293
MA010120220804186575,1,1.0,0.0,5,0.587360594795539
MA010120220804186964,5,0.0,1.0,4,0.024878836833602584
MA010120220804187535,5,1.0,1.0,5,0.02144670050761421
MA010120220804188005,5,1.0,1.0,2,0.008077544426494346
MA010120220804188307,5,1.0,0.0,1,0.004733727810650888
MA010120220804188449,5,1.0,0.0,3,0.041935483870967745
MA010120220804188698,5,1.0,1.0,3,0.01801200800533689
MA010120220804188759,5,1.0,0.0,3,0.004657016991818754
MA010120220804189256,5,1.0,1.0,2,0.016129032258064516
MA010120220804189646,5,1.0,1.0,2,0.007108239095315025
MA010120220804190133,5,1.0,0.0,2,0.004605973371716445
MA010120220804191282,5,1.0,0.0,5,1.0
MA010120220804191407,5,1.0,0.0,5,0.6081784386617101
MA010120220804191604,5,1.0,1.0,4,0.08064516129032258
MA010120220804191624,5,0.0,0.0,0,0.0
MA010120220804191630,5,1.0,0.0,2,0.0035242290748898676
MA010120220804192759,5,1.0,1.0,3,0.052547770700636945
MA010120220804193012,4,1.0,0.0,0,0.0
MA010120220804193061,5,1.0,0.0,1,0.012903225806451613
MA010120220804193261,5,1.0,1.0,5,0.06037234042553191
MA010120220804193646,5,1.0,0.0,2,0.22346368715083798
MA010120220804194309,5,1.0,1.0,2,0.0020040080160320644
MA010120220804194333,4,1.0,1.0,3,0.0029088558500323207
MA010120220804194782,5,1.0,0.0,2,0.004695431472081219
MA010120220804194915,5,1.0,0.0,1,0.0013342228152101402
MA010120220804195413,5,1.0,0.0,3,0.050488599348534204
MA010120220804195927,5,1.0,1.0,2,0.014792899408284023
MA010120220804196373,5,1.0,0.0,5,0.8550955414012739
MA010120220804196840,5,1.0,0.0,3,0.047619047619047616
MA010120220804196994,5,1.0,1.0,1,0.0
MA010120220804197181,5,1.0,0.0,1,0.000591715976331361
MA010120220804197195,5,1.0,0.0,2,0.020967741935483872
MA010120220804197449,5,1.0,0.0,0,0.0
MA010120220804198990,5,1.0,0.0,1,0.02857142857142857
MA010120220804199089,5,1.0,0.0,0,0.0
MA010120220804200077,5,1.0,0.0,2,0.0025885225885225885
MA010120220804200793,5,0.0,1.0,4,0.060429835651074584
MA010120220804200830,5,1.0,0.0,4,0.7365439093484419
MA010120220804201596,5,1.0,0.0,5,1.0
MA010120220804202015,5,1.0,0.0,1,0.12962962962962962
MA010120220804202127,5,1.0,1.0,3,0.029176470588235293
MA010120220804203185,5,1.0,0.0,1,0.005466970387243735
MA010120220804204861,5,1.0,0.0,5,0.0942457231726283
MA010120220804205911,5,1.0,1.0,3,1.0
MA010120220804207624,5,1.0,1.0,3,0.0
MA010120220804207671,5,1.0,0.0,1,0.012307692307692308
MA010120220804208982,5,0.0,0.0,0,0.0
MA010120220804208996,5,0.0,0.0,0,0.0
MA010120220804211420,5,1.0,0.0,0,0.0
MA010120220804211762,5,1.0,0.0,5,0.07689822294022618
MA010120220804212024,5,1.0,0.0,0,0.0
MA010120220804212061,5,1.0,0.0,0,0.0
MA010120220804214268,5,1.0,0.0,0,0.0
MA010120220804221020,1,1.0,0.0,0,0.0
MA010120220804222469,5,1.0,0.0,0,0.0
MA010120220804224492,1,1.0,0.0,4,0.14136125654450263
MA010120220804225549,5,0.0,0.0,0,0.0
MA010120220804225938,5,1.0,0.0,0,0.0
MA010120220804226736,1,1.0,0.0,5,0.08558842039018251
MA010120220804227283,1,1.0,0.0,5,1.0
MA010120220804233432,5,1.0,0.0,1,0.0045627376425855515
MA010120220804233933,5,0.0,0.0,1,0.002830188679245283
MA010120220804234188,4,1.0,0.0,3,0.033112582781456956
MA010120220804240243,5,1.0,0.0,3,1.0
MA010120220804240531,5,1.0,1.0,4,0.26592797783933514
MA010120220804242272,5,1.0,0.0,3,1.0
MA010120220804245447,4,1.0,1.0,2,0.07727272727272727
MA010120220804245563,5,1.0,1.0,1,0.00035122930255895634
MA010120220804246219,1,1.0,0.0,0,0.0
MA010120220804247941,5,1.0,0.0,3,0.07648902821316614
MA010120220804250705,5,1.0,0.0,0,0.0
MA010120220804254850,5,1.0,0.0,1,0.01818181818181818
MA010120220804256994,5,1.0,1.0,2,0.009227871939736346
MA010120220804259638,4,1.0,0.0,1,0.0028089887640449437
MA010120220804260700,5,1.0,1.0,5,0.014952333166081284
MA010120220804260749,5,1.0,0.0,1,0.005686494575383464
MA010120220804260877,5,0.0,0.0,1,0.015449438202247192
MA010120220804261797,5,1.0,0.0,0,0.0
MA010120220804262024,5,0.0,1.0,2,0.02816901408450704
MA010120220804262537,5,1.0,0.0,0,0.0
MA010120220804263889,5,1.0,0.0,1,0.01904761904761905
MA010120220804264376,4,1.0,0.0,0,0.0
MA010120220804265422,5,1.0,0.0,5,1.0
MA010120220804265470,5,1.0,0.0,1,0.010495626822157435
MA010120220804265772,5,1.0,0.0,3,0.22285714285714284
MA010120220804265952,5,1.0,0.0,0,0.0
MA010120220804266075,5,1.0,0.0,5,1.0
MA010120220804266333,1,1.0,0.0,0,0.0
MA010120220804268031,5,0.0,1.0,2,0.01694915254237288
MA010120220804268801,5,0.0,0.0,4,0.0423728813559322
MA010120220804269758,5,1.0,0.0,2,0.0016740292955126715
MA010120220804269865,5,1.0,0.0,0,0.0
MA010120220804271086,5,1.0,1.0,2,0.008823529411764706
MA010120220804272524,5,1.0,0.0,1,0.015449438202247192
MA010120220804272834,5,0.0,1.0,2,0.02372881355932203
MA010120220804272900,5,1.0,0.0,3,0.06666666666666667
MA010120220804273529,5,1.0,0.0,3,0.002508780732563974
MA010120220804273934,5,1.0,0.0,4,0.006522829904666332
MA010120220804274371,5,1.0,0.0,3,0.0744336569579288
MA010120220804274777,4,1.0,0.0,0,0.0
MA010120220804274837,5,1.0,1.0,5,0.20727272727272728
MA010120220804275478,5,1.0,1.0,4,0.09333333333333334
MA010120220804275679,5,1.0,1.0,1,0.007407407407407408
MA010120220804275878,5,1.0,1.0,4,0.3
MA010120220804277015,5,1.0,1.0,3,0.0014
MA010120220804277051,5,1.0,0.0,1,0.009259259259259259
MA010120220804277093,5,0.0,1.0,4,0.6325581395348837
MA010120220804278002,5,0.0,0.0,2,0.015254237288135594
MA010120220804278846,5,1.0,0.0,3,0.0
MA010120220804279073,4,1.0,0.0,3,0.012663398692810458
MA010120220804279215,5,1.0,1.0,5,0.020521826392373307
MA010120220804279362,5,1.0,0.0,1,0.00029928918817807707
MA010120220804279485,5,1.0,0.0,0,0.0
MA010120220804279527,5,1.0,0.0,3,1.0
MA010120220804279575,5,1.0,1.0,2,0.002384655261793675
MA010120220804279756,5,1.0,1.0,3,0.0
MA010120220804280133,5,1.0,0.0,1,0.012727272727272726
MA010120220804280353,5,1.0,0.0,4,0.10925925925925926
MA010120220804281480,5,1.0,1.0,2,0.02909090909090909
MA010120220804281955,5,1.0,0.0,3,0.2122093023255814
MA010120220804282191,5,1.0,0.0,1,0.0029180695847362513
MA010120220804282233,5,1.0,0.0,1,0.0014388489208633094
MA010120220804283030,5,0.0,0.0,1,0.00037200651011392704
MA010120220804283432,5,1.0,0.0,3,0.19607843137254904
MA010120220804283485,1,1.0,0.0,5,1.0
MA010120220804283553,5,1.0,0.0,4,0.038850889192886456
MA010120220804283758,5,1.0,1.0,4,0.22383720930232556
MA010120220804284520,5,0.0,1.0,4,0.14796747967479673
MA010120220804284628,5,1.0,1.0,1,0.005466970387243735
MA010120220804286060,5,1.0,0.0,0,0.0
MA010120220804287346,5,1.0,0.0,5,0.040880503144654086
MA010120220804287369,5,1.0,0.0,0,0.0
MA010120220804287530,5,1.0,0.0,5,0.14053695724229368
MA010120220804287767,5,1.0,0.0,1,0.002781289506953224
MA010120220804288042,1,1.0,0.0,5,0.2203132895401718
MA010120220804288972,5,1.0,0.0,4,0.4087301587301588
MA010120220804289213,5,1.0,1.0,3,0.029091716633355538
MA010120220804289393,5,1.0,1.0,2,0.20253164556962025
MA010120220804294329,4,1.0,0.0,0,0.0
MA010120220804294331,4,0.0,0.0,1,0.020833333333333332
MA010120220804295154,5,1.0,0.0,0,0.0
MA010120220804295740,5,1.0,0.0,1,0.012280701754385965
MA010120220804298640,5,1.0,0.0,0,0.0
MA010120220804299752,5,1.0,0.0,0,0.0
MA010120220804301640,5,1.0,0.0,0,0.0
MA010120220804302534,5,1.0,0.0,0,0.0
MA010120220804306383,4,0.0,0.0,0,0.0
MA010120220804316138,5,1.0,0.0,5,0.28721311475409833
MA010120220804317357,5,1.0,0.0,3,0.0
MA010120220804321580,5,0.0,0.0,0,0.0
MA010120220804322603,5,1.0,0.0,5,0.26522593320235754
MA010120220804322989,5,1.0,1.0,2,0.051094890510948905
MA010120220804323345,5,1.0,0.0,5,1.0
MA010120220804323703,5,1.0,0.0,2,0.00103397341211226
MA010120220804325155,5,1.0,0.0,2,0.0036874236874236874
MA010120220804325160,5,1.0,1.0,3,0.08672420879572544
MA010120220804327583,5,1.0,0.0,5,1.0
MA010120220804328194,5,1.0,1.0,5,0.12207446808510639
MA010120220804328202,5,1.0,0.0,2,0.3023255813953489
MA010120220804328610,5,1.0,0.0,1,0.005453020134228187
MA010120220804328702,5,1.0,1.0,1,0.0015444015444015444
MA010120220804329388,5,1.0,0.0,1,0.004615384615384615
MA010120220804330513,5,0.0,0.0,1,0.0004357298474945534
MA010120220804332994,5,1.0,1.0,1,0.004301075268817204
MA010120220804333486,5,0.0,0.0,0,0.0
MA010120220804333754,5,1.0,0.0,5,1.0
MA010120220804336253,5,1.0,1.0,4,0.24000000000000002
MA010120220804339141,5,0.0,0.0,0,0.0
MA010120220804339142,5,1.0,0.0,3,0.32195121951219513
MA010120220804339177,5,0.0,0.0,3,0.05344827586206897
MA010120220804339669,5,0.0,0.0,0,0.0
MA010120220804340076,1,1.0,0.0,5,0.4278688524590164
MA010120220804343429,5,1.0,0.0,2,0.010021786492374727
MA010120220804346159,5,1.0,0.0,1,0.0
MA010120220804346766,5,1.0,0.0,4,0.04280155642023347
MA010120220804351434,5,1.0,0.0,1,0.04
MA010120220804353822,5,1.0,0.0,1,0.003539823008849558
MA010120220804354320,5,1.0,0.0,3,0.014625228519195612
MA010120220804354360,5,1.0,0.0,2,0.005385754678874377
MA010120220804355860,5,1.0,0.0,4,0.016292652935751613
MA010120220804356235,5,1.0,0.0,0,0.0
MA010120220804357493,5,1.0,0.0,0,0.0
MA010120220804357830,5,1.0,0.0,0,0.0
MA010120220804359274,5,1.0,0.0,1,0.06878306878306878
MA010120220804361293,5,1.0,0.0,3,0.0042465753424657535
MA010120220804361452,5,1.0,0.0,3,0.013299325924576427
MA010120220804363123,5,1.0,1.0,5,0.10782608695652174
MA010120220804363174,5,1.0,0.0,4,0.8
MA010120220804363243,5,1.0,0.0,4,0.03061224489795918
MA010120220804363340,5,0.0,0.0,5,0.980952380952381
MA010120220804364664,4,1.0,0.0,0,0.0
MA010120220804364984,5,1.0,1.0,3,0.013071895424836602
MA010120220804365239,5,1.0,0.0,4,0.009863013698630137
MA010120220804365323,4,1.0,0.0,1,0.015267175572519083
MA010120220804365347,5,1.0,0.0,4,0.10973451327433628
MA010120220804366741,5,1.0,0.0,3,0.07633587786259542
MA010120220804367110,5,0.0,0.0,2,0.05245901639344262
MA010120220804367145,5,1.0,0.0,4,0.022315202231520222
MA010120220804367603,5,1.0,0.0,1,0.0761904761904762
MA010120220804367615,5,1.0,0.0,1,0.05508474576271186
MA010120220804367913,5,1.0,0.0,5,0.10786106032906764
MA010120220804368054,5,0.0,1.0,3,0.02680221811460259
MA010120220804368069,5,1.0,0.0,5,0.9669565217391305
MA010120220804368648,5,0.0,0.0,1,0.00013698630136986303
MA010120220804368670,5,0.0,0.0,4,0.018967921896792188
MA010120220804369085,5,1.0,0.0,1,0.02077922077922078
MA010120220804369462,5,1.0,0.0,1,0.07200000000000001
MA010120220804369500,5,1.0,0.0,3,0.32275132275132273
MA010120220804369523,5,1.0,0.0,1,0.0005479452054794521
MA010120220804369815,5,1.0,0.0,4,0.026643835616438356
MA010120220804369854,5,1.0,0.0,2,0.09154929577464789
MA010120220804370583,5,0.0,1.0,3,0.0
MA010120220804371144,5,1.0,1.0,3,0.0
MA010120220804371932,5,0.0,0.0,4,0.05359477124183007
MA010120220804372265,5,1.0,0.0,2,0.07582938388625593
MA010120220804372387,4,1.0,0.0,0,0.0
MA010120220804373669,5,1.0,0.0,2,0.0255921589980942
MA010120220804378402,5,1.0,0.0,2,0.06808510638297872
MA010120220804381151,5,0.0,0.0,0,0.0
MA010120220804382110,5,1.0,0.0,1,0.00909090909090909
MA010120220804386922,5,0.0,0.0,0,0.0
MA010120220804387318,5,1.0,0.0,1,0.0006164383561643835
MA010120220804388322,5,1.0,0.0,3,0.08666666666666667
MA010120220804390158,5,1.0,0.0,0,0.0
MA010120220804390373,5,1.0,0.0,5,0.06308219178082192
MA010120220804395202,5,1.0,0.0,3,0.10076045627376425
MA010120220804395736,5,0.0,0.0,1,0.019417475728155338
MA010120220804396752,5,1.0,0.0,2,0.007993197278911564
MA010120220804396841,5,1.0,0.0,2,0.025
MA010120220804400976,1,1.0,0.0,4,0.3783783783783784
MA010120220804402570,5,1.0,0.0,2,0.0367816091954023
MA010120220804402991,5,1.0,0.0,4,0.035361216730038024
MA010120220804404449,5,1.0,0.0,3,0.01744186046511628
MA010120220804407115,1,0.0,0.0,4,0.11737089201877934
MA010120220804407692,5,1.0,0.0,1,0.005093975057087652
MA010120220804409622,5,0.0,0.0,4,0.9328621908127208
MA010120220804410439,5,0.0,0.0,4,0.022485207100591716
MA010120220804410509,4,1.0,0.0,4,0.572463768115942
MA010120220804410521,5,1.0,0.0,3,0.0
MA010120220804411481,5,1.0,0.0,3,0.13636363636363635
MA010120220804411917,5,1.0,1.0,5,0.40860215053763443
MA010120220804414242,4,1.0,1.0,4,0.04820261437908497
MA010120220804417264,4,1.0,1.0,3,0.005712327202102137
MA010120220804418375,5,1.0,0.0,4,0.23842364532019703
MA010120220804418485,5,1.0,0.0,0,0.0
MA010120220804419396,5,1.0,0.0,1,0.0069958847736625515
MA010120220804421068,5,1.0,0.0,0,0.0
MA010120220804422062,5,1.0,0.0,2,0.001053687907676869
MA010120220804422149,5,1.0,0.0,2,0.006214689265536723
MA010120220804422323,5,1.0,0.0,0,0.0
MA010120220804422777,5,0.0,0.0,5,1.0
MA010120220804423043,5,1.0,0.0,2,0.0191304347826087
MA010120220804423749,5,1.0,0.0,1,0.0
MA010120220804423790,5,1.0,0.0,1,0.004765450483991065
MA010120220804425688,5,1.0,0.0,2,0.02328767123287671
MA010120220804425711,5,1.0,0.0,1,0.0
MA010120220804426291,1,1.0,0.0,3,0.0
MA010120220804426732,5,1.0,1.0,1,0.009722222222222222
MA010120220804427728,1,1.0,0.0,0,0.0
MA010120220804428382,5,1.0,0.0,0,0.0
MA010120220804428499,5,1.0,0.0,3,0.008277591973244148
MA010120220804429137,5,1.0,0.0,4,0.15767045454545453
MA010120220804429890,5,1.0,0.0,2,0.006100217864923747
MA010120220804430340,5,1.0,0.0,1,0.08800000000000001
MA010120220804430918,5,1.0,0.0,0,0.0
MA010120220804432239,5,1.0,0.0,2,0.04444444444444444
MA010120220804432672,5,0.0,0.0,3,0.040950639853747715
MA010120220804433014,5,0.0,1.0,1,0.0011578541103820917
MA010120220804433148,5,1.0,1.0,2,0.0025484199796126403
MA010120220804433242,5,1.0,1.0,2,0.1891891891891892
MA010120220804434239,5,1.0,0.0,1,0.0033472803347280333
MA010120220804434492,1,1.0,0.0,0,0.0
MA010120220804434663,5,1.0,0.0,1,0.0063025210084033615
MA010120220804435844,1,0.0,0.0,5,0.8538732394366197
MA010120220804436640,5,1.0,0.0,0,0.0
MA010120220804444465,5,1.0,0.0,0,0.0
MA010120220804446379,5,1.0,0.0,2,0.0071588366890380315
MA010120220804446602,5,1.0,0.0,1,0.0006724949562878279
MA010120220804446621,4,1.0,1.0,5,0.4690562867544105
MA010120220804448012,5,1.0,0.0,2,0.001098901098901099
MA010120220804448236,5,1.0,0.0,1,0.004347826086956522
MA010120220804448890,5,1.0,1.0,2,0.001520912547528517
MA010120220804450541,5,1.0,0.0,4,0.04666666666666667
MA010120220804456055,5,1.0,0.0,1,0.0033250207813798837
MA010120220804456142,5,1.0,0.0,0,0.0
MA010120220804456366,5,1.0,0.0,1,0.0007604562737642585
MA010120220804457334,5,1.0,1.0,3,0.008890968647636874
MA010120220804457844,5,0.0,0.0,3,0.18759088705768295
MA010120220804458062,5,1.0,0.0,4,0.06211180124223602
MA010120220804458626,5,1.0,0.0,5,1.0
MA010120220804458719,5,1.0,0.0,3,0.003878474466709761
MA010120220804458860,4,1.0,0.0,3,0.003070458952811894
MA010120220804459388,5,1.0,0.0,3,0.011227060093558833
MA010120220804459456,5,1.0,1.0,4,0.014969413458078446
MA010120220804460189,5,1.0,1.0,4,0.10972568578553615
MA010120220804460399,5,1.0,0.0,2,0.003041825095057034
MA010120220804460448,5,1.0,1.0,1,0.0012674271229404308
MA010120220804461028,5,1.0,0.0,1,0.0002534854245880862
MA010120220804461100,5,1.0,0.0,5,0.05416936005171299
MA010120220804461249,5,1.0,0.0,2,0.009047619047619047
MA010120220804461626,4,1.0,0.0,0,0.0
MA010120220804461630,5,1.0,0.0,3,0.003232062055591467
MA010120220804461934,5,1.0,0.0,2,0.001520912547528517
MA010120220804461954,5,1.0,0.0,5,0.7951219512195122
MA010120220804462003,5,1.0,0.0,4,0.02778675282714055
MA010120220804462200,5,1.0,0.0,3,0.0830355866800057
MA010120220804463425,5,1.0,0.0,5,0.2141777617848147
MA010120220804463531,5,1.0,1.0,5,0.7189440993788819
MA010120220804463691,5,1.0,0.0,2,0.0022624434389140274
MA010120220804463705,5,1.0,0.0,3,0.2894736842105265
MA010120220804464251,5,1.0,0.0,1,0.0023827252419955326
MA010120220804464255,5,1.0,0.0,3,0.3235294117647059
MA010120220804464756,5,1.0,1.0,5,0.19896574014221075
MA010120220804465399,5,1.0,0.0,1,0.0007604562737642585
MA010120220804465467,4,1.0,0.0,1,0.005434782608695652
MA010120220804466200,1,1.0,0.0,0,0.0
MA010120220804466709,5,1.0,1.0,5,0.1855072463768116
MA010120220804466751,1,1.0,0.0,0,0.0
MA010120220804466860,5,1.0,0.0,4,0.024209818426361805
MA010120220804467233,5,1.0,0.0,3,0.014974262985493684
MA010120220804467498,5,1.0,0.0,1,0.003275620028076743
MA010120220804467514,5,1.0,1.0,3,0.007097591888466413
MA010120220804467713,5,1.0,0.0,3,0.0035487959442332064
MA010120220804467948,5,1.0,0.0,0,0.0
MA010120220804468016,5,1.0,0.0,2,0.0056153486195601315
MA010120220804468166,5,1.0,0.0,4,0.03731343283582089
MA010120220804468340,5,1.0,0.0,1,0.0002585649644473174
MA010120220804468348,5,1.0,0.0,0,0.0
MA010120220804469737,5,1.0,0.0,2,0.01652892561983471
MA010120220804470242,5,1.0,0.0,1,0.0002508780732563974
MA010120220804470291,5,1.0,0.0,3,0.0
MA010120220804472436,5,1.0,0.0,3,1.0
MA010120220804472553,1,0.0,0.0,5,1.0
MA010120220804473390,5,0.0,0.0,2,0.007719027402547278
MA010120220804474072,1,1.0,0.0,5,1.0
MA010120220804474624,5,0.0,0.0,0,0.0
MA010120220804474828,5,1.0,0.0,1,0.025806451612903226
MA010120220804480775,4,0.0,0.0,1,0.0007196833393306944
MA010120220804482383,1,0.0,0.0,0,0.0
MA010120220804484259,5,1.0,0.0,0,0.0
MA010120220804489112,5,1.0,0.0,0,0.0
MA010120220804491402,5,0.0,0.0,0,0.0
MA010120220804492276,5,1.0,0.0,0,0.0
MA010120220804492397,5,1.0,0.0,0,0.0
MA010120220804493317,5,1.0,1.0,3,0.012104909213180902
MA010120220804495330,1,1.0,0.0,2,0.04
MA010120220804497092,5,0.0,0.0,0,0.0
MA010120220804498565,5,0.0,0.0,0,0.0
MA010120220804498801,5,1.0,0.0,0,0.0
MA010120220804530824,5,1.0,0.0,1,0.00010368066355624677
MA010120220804531373,5,1.0,0.0,1,0.0006854792642522564
MA010120220804532943,5,1.0,0.0,4,0.055391120507399576
MA010120220804533705,5,1.0,1.0,5,0.14110169491525423
MA010120220804535888,4,0.0,0.0,0,0.0
MA010120220804536065,5,0.0,0.0,1,0.00510204081632653
MA010120220804536809,5,1.0,0.0,4,0.0988830975428146
MA010120220804536905,5,1.0,1.0,2,0.009125475285171103
MA010120220804544345,5,0.0,0.0,3,0.020343039489429598
MA010120220804544790,5,1.0,0.0,4,0.156
MA010120220804546382,5,1.0,1.0,5,1.0
MA010120220804546396,5,1.0,0.0,1,0.000944287063267234
MA010120220804546497,5,1.0,1.0,2,0.016923076923076926
MA010120220804546617,5,0.0,0.0,1,0.016045845272206302
MA010120220804546701,5,1.0,0.0,2,0.011594202898550725
MA010120220804546755,5,0.0,0.0,5,0.8845864661654136
MA010120220804547128,5,1.0,0.0,3,0.17600000000000002
MA010120220804547769,5,1.0,0.0,1,0.0
MA010120220804552474,1,0.0,0.0,0,0.0
MA010120220804553795,1,0.0,0.0,5,0.5207920792079208
MA010120220804572168,5,1.0,0.0,3,0.02272333044232437
MA010120220804572401,1,0.0,0.0,5,0.3172268907563025
MA010120220804575555,5,1.0,0.0,0,0.0
MA010120220804576146,5,0.0,0.0,2,0.00813953488372093
MA010120220804576474,5,1.0,0.0,2,0.013559322033898306
MA010120220804577567,5,1.0,0.0,2,0.01093394077448747
MA010120220804580651,5,0.0,0.0,3,0.061780104712041886
MA010120220804581731,5,1.0,0.0,1,0.09302325581395349
MA010120220804581933,5,1.0,0.0,0,0.0
MA010120220804582845,5,1.0,0.0,4,0.033444816053511704
MA010120220804584775,5,0.0,0.0,3,0.0
MA010120220804585662,5,0.0,0.0,0,0.0
MA010120220804586182,4,1.0,0.0,0,0.0
MA010120220804586765,5,1.0,0.0,0,0.0
MA010120220804598877,4,0.0,1.0,2,0.024223993288590605
MA010120220804599260,1,1.0,0.0,5,1.0
MA010120220804600869,5,1.0,0.0,4,0.0935513169845595
MA010120220804601090,5,1.0,0.0,2,0.011895910780669147
MA010120220804601116,5,1.0,0.0,0,0.0
MA010120220804601210,5,1.0,0.0,5,0.12435530085959885
MA010120220804601394,5,1.0,0.0,4,0.12992700729927006
MA010120220804601933,5,1.0,0.0,1,0.003859513701273639
MA010120220804602992,5,1.0,0.0,1,0.012741471434443074
MA010120220804603915,5,1.0,1.0,1,0.017142857142857144
MA010120220804606876,5,1.0,1.0,3,0.004908747640025173
MA010120220804607629,5,1.0,0.0,1,0.00125
MA010120220804608088,5,1.0,0.0,4,0.03812600969305331
MA010120220804608423,5,1.0,1.0,2,0.011764705882352946
MA010120220804609389,5,1.0,0.0,5,0.44153846153846155
MA010120220804610033,5,1.0,1.0,3,0.0
MA010120220804611307,5,0.0,0.0,0,0.0
MA010120220804611455,5,1.0,0.0,4,0.2612
MA010120220804611504,5,1.0,0.0,2,0.007558139534883721
MA010120220804626736,5,1.0,0.0,1,0.0040192926045016075
MA010120220804656727,5,1.0,0.0,4,0.03942953020134228
MA010120220804657580,5,0.0,1.0,0,0.0
MA010120220804658209,5,0.0,0.0,0,0.0
MA010120220804659972,5,0.0,0.0,1,8.108655990269614e-05
MA010120220804660213,5,1.0,0.0,2,0.010059171597633136
MA010120220804661155,5,1.0,1.0,3,0.0
MA010120220804661411,5,1.0,0.0,3,1.0
MA010120220804662430,5,1.0,1.0,1,0.03925233644859813
MA010120220804669288,1,0.0,0.0,0,0.0
MA010120220804670135,5,1.0,0.0,0,0.0
MA010120220804670501,5,0.0,0.0,2,0.011497005988023952
MA010120220804681315,5,1.0,0.0,1,0.005245901639344262
MA010120220804681389,5,1.0,0.0,4,0.06195899772209567
MA010120220804681493,5,1.0,0.0,3,0.17391304347826086
MA010120220804682777,5,1.0,0.0,2,0.0020843202273803886
MA010120220804683255,5,1.0,1.0,4,0.5902439024390244
MA010120220804684775,5,1.0,0.0,1,0.0015306122448979593
MA010120220804686815,5,1.0,0.0,1,0.0016949152542372883
MA010120220804687245,5,0.0,0.0,2,0.0071588366890380315
MA010120220804687693,5,1.0,0.0,4,0.3113207547169811
MA010120220804688210,5,1.0,0.0,2,0.001394169835234474
MA010120220804689304,5,1.0,1.0,4,0.017876712328767124
MA010120220804689573,5,1.0,0.0,3,0.016122004357298474
MA010120220804689859,5,0.0,0.0,1,0.11666666666666665
MA010120220804691246,5,1.0,0.0,3,0.023346303501945526
MA010120220804691824,5,1.0,1.0,1,0.007100591715976331
MA010120220804691966,5,0.0,0.0,0,0.0
MA010120220804692550,5,1.0,0.0,0,0.0
MA010120220804694949,4,1.0,1.0,3,0.03765060240963856
MA010120220804719912,5,1.0,0.0,1,0.0007604562737642586
MA010120220804720615,5,1.0,0.0,1,0.003980099502487563
MA010120220804722092,5,1.0,0.0,1,0.003122289679098005
MA010120220804722851,5,1.0,0.0,4,0.06864406779661017
MA010120220804722998,1,1.0,0.0,1,0.005128205128205128
MA010120220804723197,5,1.0,1.0,2,0.009505703422053232
MA010120220804723787,5,1.0,1.0,4,0.06002554278416348
MA010120220804724471,4,1.0,0.0,0,0.0
MA010120220804725898,5,1.0,0.0,4,0.37915407854984895
MA010120220804726930,1,1.0,0.0,1,0.017605633802816902
MA010120220804728636,5,1.0,0.0,1,0.02508960573476703
MA010120220804729365,5,1.0,0.0,2,0.027299454010919783
MA010120220804733969,5,1.0,0.0,1,0.0035634743875278397
MA010120220804734050,5,1.0,1.0,1,0.005333333333333333
MA010120220804734516,5,1.0,0.0,2,0.03220338983050847
MA010120220804735337,5,1.0,1.0,3,0.1970649895178197
MA010120220804735545,5,0.0,1.0,4,0.0028516142173337406
MA010120220804735782,5,1.0,0.0,3,0.0830965909090909
MA010120220804740739,5,1.0,0.0,0,0.0
MA010120220804756855,5,1.0,0.0,0,0.0
MA010120220804757987,5,1.0,1.0,5,1.0
MA010120220804758397,5,1.0,0.0,0,0.0
MA010120220804759479,5,1.0,1.0,3,0.0
MA010120220804759905,1,0.0,0.0,5,1.0
MA010120220804760035,5,0.0,0.0,3,0.08854961832061069
MA010120220804760460,1,1.0,0.0,3,0.0
MA010120220804761222,5,1.0,0.0,5,0.7620738636363635
MA010120220804762360,5,1.0,0.0,3,0.012987012987012991
MA010120220804762678,1,0.0,0.0,1,0.001336898395721925
MA010120220804763070,5,1.0,1.0,1,0.0022598870056497176
MA010120220804765259,5,0.0,0.0,1,0.0009474182851729038
MA010120220804766045,5,0.0,0.0,2,0.050724637681159424
MA010120220804766250,5,1.0,0.0,5,1.0
MA010120220804766419,1,1.0,0.0,0,0.0
MA010120220804766706,5,1.0,0.0,3,0.6101694915254237
MA010120220804768065,5,1.0,0.0,3,0.0
MA010120220804768448,5,1.0,0.0,3,1.0
MA010120220804768802,5,1.0,1.0,3,0.12
MA010120220804768866,5,1.0,0.0,2,0.00755667506297229
MA010120220804771756,5,0.0,0.0,0,0.0
MA010120220804773103,5,0.0,0.0,0,0.0
MA010120220804773737,5,1.0,0.0,0,0.0
MA010120220804776891,5,1.0,0.0,5,1.0
MA010120220804780390,5,1.0,0.0,5,0.19854651162790696
MA010120220804782412,5,1.0,0.0,3,0.07058823529411765
MA010120220804782948,5,1.0,0.0,1,0.03636363636363637
MA010120220804784212,4,1.0,1.0,3,0.03538812785388128
MA010120220804784499,5,1.0,0.0,0,0.0
MA010120220804785986,5,1.0,0.0,3,0.24986390854654328
MA010120220804786678,5,1.0,0.0,5,1.0
MA010120220804787148,5,1.0,0.0,4,0.30645161290322576
MA010120220804787818,5,1.0,0.0,4,0.03678968951376684
MA010120220804790354,5,1.0,0.0,4,0.3
MA010120220804790540,5,0.0,0.0,0,0.0
MA010120220804790811,5,0.0,0.0,3,0.029565217391304348
MA010120220804791194,5,1.0,1.0,3,0.02733485193621868
MA010120220804791785,5,1.0,1.0,1,0.00866089273817455
MA010120220804791901,1,1.0,0.0,4,0.23076923076923078
MA010120220804793581,1,1.0,0.0,0,0.0
MA010120220804797147,5,1.0,0.0,3,0.049148418491484186
MA010120220804798060,5,1.0,0.0,0,0.0
MA010120220804800582,5,1.0,0.0,4,0.08148148148148147
MA010120220804801293,5,1.0,1.0,4,0.574468085106383
MA010120220804802476,5,1.0,0.0,4,0.09352309032820215
MA010120220804803188,5,1.0,0.0,1,0.007886435331230283
MA010120220804805876,1,1.0,0.0,5,1.0
MA010120220804805970,5,1.0,0.0,0,0.0
MA010120220804806692,5,1.0,0.0,4,0.14265734265734265
MA010120220804806879,5,1.0,0.0,3,0.0018867924528301887
MA010120220804806892,5,1.0,0.0,3,0.0
MA010120220804807016,5,1.0,0.0,2,0.02706766917293233
MA010120220804807567,5,1.0,0.0,3,0.3333333333333333
MA010120220804807831,5,1.0,0.0,4,0.0787878787878788
MA010120220804808202,5,1.0,0.0,1,0.00012296341838303107
MA010120220804808332,5,1.0,0.0,0,0.0
MA010120220804809347,5,1.0,0.0,3,0.15220820189274448
MA010120220804815320,4,1.0,0.0,3,0.027065527065527065
MA010120220804815552,5,1.0,0.0,3,0.13279132791327916
MA010120220804815622,5,1.0,0.0,3,1.0
MA010120220804816652,5,0.0,1.0,5,0.11994301994301995
MA010120220804816721,5,1.0,1.0,4,0.06865671641791045
MA010120220804817528,5,1.0,0.0,0,0.0
MA010120220804817775,5,1.0,1.0,3,0.0016557952834922226
MA010120220804817862,5,1.0,0.0,3,0.03344120819848975
MA010120220804817975,5,1.0,0.0,3,0.014939759036144579
MA010120220804818202,5,1.0,0.0,3,1.0
MA010120220804818467,5,1.0,0.0,3,0.03137254901960784
MA010120220804818946,5,1.0,0.0,2,0.023785926660059464
MA010120220804819457,5,1.0,0.0,2,0.009607577807848443
MA010120220804819923,5,1.0,0.0,4,0.12506587036711753
MA010120220804822133,5,1.0,0.0,4,0.41551724137931034
MA010120220804822849,5,1.0,0.0,4,0.02677345537757437
MA010120220804824234,5,0.0,0.0,2,0.006083650190114069
MA010120220804825260,1,1.0,0.0,5,0.0915032679738562
MA010120220804826680,1,1.0,0.0,0,0.0
MA010120220804827908,5,1.0,0.0,0,0.0
MA010120220804836393,5,1.0,0.0,5,0.5092592592592593
MA010120220804836411,5,1.0,0.0,2,0.029118773946360154
MA010120220804836463,5,1.0,0.0,1,0.01929824561403509
MA010120220804836469,5,1.0,0.0,3,1.0
MA010120220804836527,5,1.0,0.0,1,0.010810810810810811
MA010120220804837302,5,1.0,0.0,1,0.00012903225806451613
MA010120220804837658,5,1.0,0.0,2,0.0051003344481605345
MA010120220804839700,5,1.0,0.0,2,0.02608695652173913
MA010120220804841267,5,1.0,0.0,5,1.0
MA010120220804841502,5,1.0,0.0,4,0.033460076045627375
MA010120220804841627,5,1.0,0.0,0,0.0
MA010120220804843240,1,1.0,0.0,0,0.0
MA010120220804843887,5,0.0,0.0,0,0.0
MA010120220804847575,5,1.0,0.0,5,0.0649912038200553
MA010120220804848931,5,1.0,0.0,3,0.0
MA010120220804851660,5,0.0,0.0,0,0.0
MA010120220804851721,5,1.0,1.0,5,1.0
MA010120220804851831,5,1.0,0.0,4,0.16101426307448494
MA010120220804851839,5,1.0,0.0,2,0.0033159639981051635
MA010120220804853778,5,1.0,1.0,2,0.146677471636953
MA010120220804854947,5,1.0,0.0,4,0.3255813953488372
MA010120220804854969,5,1.0,0.0,2,0.003536345776031434
MA010120220804855809,5,1.0,0.0,2,0.0018279447046726839
MA010120220804856213,5,1.0,0.0,0,0.0
MA010120220804862091,5,1.0,0.0,5,0.2209465135816298
MA010120220804862347,5,1.0,0.0,2,0.00502092050209205
MA010120220804862843,1,1.0,0.0,5,1.0
MA010120220804863484,5,1.0,0.0,4,0.41304347826086957
MA010120220804865029,5,1.0,0.0,1,0.0007886435331230285
MA010120220804865341,5,1.0,0.0,1,0.0008879023307436182
MA010120220804865760,5,1.0,0.0,5,0.2607594936708861
MA010120220804866604,5,1.0,0.0,1,0.0029069767441860465
MA010120220804867315,5,1.0,0.0,0,0.0
MA010120220804868227,5,1.0,0.0,2,0.0033370411568409346
MA010120220804869089,5,1.0,0.0,3,0.0
MA010120220804869171,1,1.0,0.0,0,0.0
MA010120220804869563,5,1.0,0.0,2,0.0021790620558976787
MA010120220804869909,5,1.0,0.0,1,0.02127659574468085
MA010120220804871511,5,1.0,0.0,5,0.16273764258555132
MA010120220804876217,5,1.0,1.0,2,0.02926829268292683
MA010120220804876729,5,1.0,0.0,2,0.0019059329849369813
MA010120220804876730,5,1.0,0.0,2,0.03918495297805643
MA010120220804877064,5,1.0,1.0,3,0.0
MA010120220804877707,5,1.0,0.0,2,0.007932573128408529
MA010120220804878169,5,1.0,0.0,4,0.6875
MA010120220804878270,5,1.0,0.0,4,0.0252906976744186
MA010120220804878700,5,1.0,0.0,1,0.0019602915305353104
MA010120220804879265,5,1.0,0.0,1,0.12432432432432432
MA010120220804879558,5,0.0,0.0,4,0.09933598937583
MA010120220804879863,5,1.0,0.0,2,0.01876225147017642
MA010120220804881657,5,0.0,0.0,3,1.0
MA010120220804882501,5,1.0,0.0,5,0.09416195856873823
MA010120220804884213,5,1.0,0.0,0,0.0
MA010120220804885533,4,1.0,0.0,2,0.013368983957219251
MA010120220804886212,4,1.0,0.0,0,0.0
MA010120220804888476,5,1.0,0.0,4,0.05630630630630631
MA010120220804888572,5,0.0,0.0,4,0.3887611749680715
MA010120220804889330,5,1.0,0.0,1,0.01680672268907563
MA010120220804889834,5,0.0,0.0,2,0.003846153846153846
MA010120220804889867,1,1.0,0.0,0,0.0
MA010120220804891079,5,1.0,0.0,1,0.02121212121212121
MA010120220804891093,5,0.0,0.0,2,0.012926748425588334
MA010120220804891251,4,1.0,0.0,3,0.0015052684395383843
MA010120220804891381,5,0.0,0.0,4,0.03270622286541245
MA010120220804891657,5,0.0,0.0,1,0.003333333333333333
MA010120220804891875,5,1.0,0.0,1,0.008908685968819599
MA010120220804892630,5,1.0,1.0,3,0.008590197069226882
MA010120220804892840,5,1.0,0.0,5,0.7966850828729282
MA010120220804893535,5,1.0,0.0,3,0.023938223938223938
MA010120220804894876,4,1.0,0.0,3,0.033574380165289255
MA010120220804895628,1,1.0,1.0,5,0.0599721059972106
MA010120220804896824,5,0.0,0.0,1,0.0012363996043521267
MA010120220804898343,4,1.0,1.0,3,0.15003551136363635
MA010120220804899554,5,1.0,0.0,5,1.0
MA010120220804903272,5,1.0,0.0,4,0.6203703703703703
MA010120220804905649,5,1.0,0.0,1,0.0005698005698005699
MA010120220804905712,5,1.0,0.0,3,0.014400000000000001
MA010120220804908290,5,1.0,0.0,1,0.0003775959723096287
MA010120220804910904,5,1.0,0.0,0,0.0
MA010120220804912304,5,1.0,0.0,1,0.03225806451612903
MA010120220804913215,5,1.0,0.0,2,0.020327868852459016
MA010120220804913570,5,1.0,0.0,3,0.07230769230769231
MA010120220804913627,5,0.0,0.0,0,0.0
MA010120220804915727,4,1.0,0.0,3,0.1539301310043668
MA010120220804916188,5,1.0,0.0,1,0.001020408163265306
MA010120220804916940,5,1.0,0.0,0,0.0
MA010120220804917874,5,1.0,0.0,3,0.015209125475285171
MA010120220804918451,5,1.0,0.0,2,0.17224880382775118
MA010120220804919210,5,1.0,0.0,1,0.02882882882882883
MA010120220804920685,5,1.0,0.0,3,0.06993865030674846
MA010120220804920815,5,1.0,0.0,0,0.0
MA010120220804921700,5,1.0,1.0,1,0.050505050505050504
MA010120220804922633,5,1.0,0.0,5,0.02462569832402235
MA010120220804922964,5,1.0,0.0,3,0.21301775147928997
MA010120220804923227,5,1.0,0.0,2,0.0023241590214067276
MA010120220804924231,4,1.0,0.0,3,0.0023584905660377358
MA010120220804924389,5,0.0,0.0,1,0.0030501089324618735
MA010120220804926140,5,1.0,0.0,0,0.0
MA010120220804928018,5,0.0,0.0,0,0.0
MA010120220804928410,5,1.0,0.0,1,0.0014059753954305798
MA010120220804930024,5,1.0,0.0,3,0.06666666666666667
MA010120220804930574,5,1.0,0.0,1,0.0
MA010120220804930744,5,1.0,0.0,1,0.019883040935672513
MA010120220804931905,5,1.0,0.0,4,0.22626262626262625
MA010120220804932932,5,1.0,0.0,1,0.01206896551724138
MA010120220804933492,5,1.0,0.0,4,0.033953997809419496
MA010120220804934065,5,0.0,1.0,4,0.032036613272311214
MA010120220804935318,5,1.0,0.0,3,0.016286644951140065
MA010120220804936258,5,1.0,0.0,3,0.030068337129840545
MA010120220804936373,5,1.0,0.0,2,0.03235294117647059
MA010120220804936598,1,0.0,0.0,0,0.0
MA010120220804936825,1,1.0,0.0,0,0.0
MA010120220804937624,5,0.0,0.0,5,0.6057401812688822
MA010120220804938004,5,0.0,0.0,3,0.09904761904761905
MA010120220804938062,5,0.0,0.0,1,0.005668016194331983
MA010120220804940418,5,1.0,0.0,3,0.0421875
MA010120220804940725,4,1.0,1.0,5,0.27314001171646163
MA010120220804942359,5,1.0,1.0,5,0.23333333333333334
MA010120220804943142,5,1.0,0.0,0,0.0
MA010120220804943527,5,1.0,0.0,4,0.03676606209652628
MA010120220804943729,5,1.0,1.0,3,1.0
MA010120220804944006,5,1.0,0.0,3,0.036669970267591674
MA010120220804945192,5,1.0,0.0,3,0.13178294573643412
MA010120220804947205,1,0.0,0.0,1,0.0012674271229404308
MA010120220804948485,5,1.0,1.0,5,1.0
MA010120220804948719,5,0.0,0.0,0,0.0
MA010120220804949894,4,1.0,0.0,1,0.00546448087431694
MA010120220804951384,5,1.0,0.0,2,0.05785123966942148
MA010120220804951734,5,1.0,0.0,3,0.21951219512195125
MA010120220804954546,1,0.0,0.0,5,1.0
MA010120220804954810,5,1.0,0.0,5,0.05965753424657534
MA010120220804956426,5,0.0,1.0,1,0.0008665511265164644
MA010120220804957819,5,1.0,1.0,3,0.0
MA010120220804958305,5,1.0,0.0,4,0.03697478991596639
MA010120220804962009,5,1.0,0.0,3,0.0
MA010120220804963788,5,1.0,0.0,0,0.0
MA010120220804964341,5,0.0,1.0,4,0.3303030303030303
MA010120220804965115,5,1.0,1.0,3,0.017378917378917377
MA010120220804965193,5,1.0,0.0,3,0.0
MA010120220804965221,5,1.0,0.0,3,0.03282051282051282
MA010120220804965359,5,1.0,0.0,4,0.08754208754208755
MA010120220804967141,5,1.0,0.0,0,0.0
MA010120220804967979,5,0.0,1.0,3,1.0
MA010120220804968136,5,0.0,1.0,1,0.001834862385321101
MA010120220804968718,5,1.0,0.0,1,0.01279707495429616
MA010120220804969677,5,1.0,0.0,4,0.16666666666666669
MA010120220804970866,5,1.0,1.0,4,0.0670926517571885
MA010120220804970870,5,1.0,0.0,1,0.0031545741324921135
MA010120220804972419,4,1.0,1.0,5,0.10842293906810035
MA010120220804973882,5,1.0,0.0,4,0.042105263157894736
MA010120220804975413,5,1.0,0.0,2,0.0027286508337544214
MA010120220804975428,5,1.0,0.0,1,0.0015789473684210526
MA010120220804976988,1,0.0,0.0,3,0.09360730593607305
MA010120220804977726,5,1.0,0.0,0,0.0
MA010120220804978302,5,1.0,0.0,4,0.022871195819243777
MA010120220804979229,1,1.0,0.0,3,0.10714285714285714
MA010120220804980606,1,1.0,1.0,5,1.0
MA010120220804981555,5,1.0,0.0,1,0.0004761904761904762
MA010120220804982101,5,1.0,0.0,1,0.010901883052527254
MA010120220804982450,5,1.0,0.0,1,0.0008474576271186442
MA010120220804982565,5,1.0,0.0,2,0.01834862385321101
MA010120220804982764,5,1.0,1.0,3,0.027927146574154384
MA010120220804983288,5,1.0,0.0,2,0.007462686567164179
MA010120220804984031,5,1.0,1.0,3,0.27096774193548384
MA010120220804985229,5,1.0,0.0,0,0.0
MA010120220804986397,5,0.0,0.0,4,0.08705882352941176
MA010120220804987066,5,1.0,0.0,4,0.028706774040738986
MA010120220804987806,5,1.0,1.0,5,1.0
MA010120220804988524,5,1.0,0.0,5,0.49506172839506174
MA010120220804990406,5,1.0,0.0,2,0.009482758620689657
MA010120220804990604,5,1.0,0.0,0,0.0
MA010120220804991776,5,1.0,0.0,3,0.31557377049180324
MA010120220804995243,4,1.0,0.0,5,0.8285590277777778
MA010120220804995574,5,1.0,0.0,1,0.0021078517477604074
MA010120220804995773,5,1.0,0.0,4,0.11128775834658187
MA010120220804996333,5,0.0,0.0,0,0.0
MA010120220804998096,1,1.0,0.0,5,0.10585817060637204
MA010120220804999080,5,1.0,1.0,5,1.0
MA010120220804999536,5,1.0,1.0,3,0.04419889502762431
MA010120220804999831,5,1.0,0.0,3,0.00691661279896574
MA010120220805001588,5,1.0,0.0,1,0.013333333333333334
MA010120220805007987,5,1.0,0.0,3,0.04920993227990971
MA010120220805008609,5,1.0,0.0,1,0.0029830957905203847
MA010120220805008985,5,0.0,1.0,4,0.4020797227036395
MA010120220805010295,4,0.0,1.0,3,0.0
MA010120220805011716,5,0.0,0.0,0,0.0
MA010120220805012558,5,0.0,0.0,5,0.088558352402746
MA010120220805014465,5,1.0,1.0,3,0.08716323296354993
MA010120220805016521,5,1.0,0.0,1,0.001013941698352345
MA010120220805018393,5,1.0,0.0,1,0.09350649350649351
MA010120220805018658,5,1.0,0.0,1,0.003947368421052632
MA010120220805019181,1,1.0,0.0,5,0.29797230464886254
MA010120220805021156,5,1.0,0.0,2,0.01582014987510408
MA010120220805021348,5,1.0,0.0,0,0.0
MA010120220805021939,5,1.0,1.0,2,0.2761904761904762
MA010120220805022678,1,1.0,0.0,0,0.0
MA010120220805023011,5,1.0,0.0,3,0.10394736842105264
MA010120220805023022,5,1.0,0.0,1,0.0
MA010120220805023530,5,1.0,0.0,1,0.00022002200220022004
MA010120220805023829,5,0.0,0.0,3,0.0
MA010120220805024537,4,1.0,0.0,5,1.0
MA010120220805024879,5,1.0,0.0,1,0.002337228714524207
MA010120220805024881,5,1.0,0.0,5,0.08669201520912548
MA010120220805026025,5,1.0,0.0,2,0.010175240248728094
MA010120220805026642,5,1.0,0.0,5,0.24912280701754386
MA010120220805026887,5,1.0,0.0,5,1.0
MA010120220805026888,1,0.0,1.0,3,0.425414364640884
MA010120220805028494,5,1.0,1.0,1,0.002297383535417996
MA010120220805028908,5,1.0,1.0,3,0.18318318318318316
MA010120220805028914,5,1.0,1.0,3,0.006600660066006601
MA010120220805029389,5,1.0,1.0,2,0.007329842931937172
MA010120220805029491,5,0.0,0.0,3,0.006521739130434782
MA010120220805030783,1,0.0,0.0,5,0.8209366391184573
MA010120220805031528,5,1.0,1.0,2,0.06984126984126984
MA010120220805031632,5,1.0,0.0,4,0.06124497991967871
MA010120220805032304,5,1.0,0.0,3,0.026845637583892617
MA010120220805033645,5,1.0,0.0,3,1.0
MA010120220805033742,5,1.0,0.0,1,0.0002192982456140351
MA010120220805037015,5,0.0,0.0,3,0.04793545325106787
MA010120220805039179,5,1.0,1.0,3,0.02764976958525345
MA010120220805040065,5,0.0,0.0,4,0.0856492027334852
MA010120220805041518,5,0.0,1.0,3,0.0
MA010120220805042101,5,1.0,0.0,1,0.0017094017094017094
MA010120220805042123,5,1.0,1.0,3,0.0038590604026845633
MA010120220805042310,5,0.0,1.0,2,0.12
MA010120220805042618,5,1.0,0.0,2,0.005526315789473685
MA010120220805043212,5,1.0,0.0,5,0.9881656804733728
MA010120220805043461,5,0.0,1.0,3,1.0
MA010120220805043870,5,0.0,0.0,4,0.032214765100671144
MA010120220805045991,4,1.0,0.0,1,0.011589403973509934
MA010120220805047024,5,1.0,0.0,1,0.003920470456454774
MA010120220805049108,5,1.0,0.0,5,0.2277310924369748
MA010120220805052739,5,1.0,1.0,5,1.0
MA010120220805053518,5,1.0,0.0,2,0.0015345268542199487
MA010120220805053544,5,1.0,0.0,0,0.0
MA010120220805053972,5,0.0,0.0,3,0.02430806257521059
MA010120220805056060,5,1.0,0.0,3,0.033112582781456956
MA010120220805056191,5,0.0,0.0,3,0.12831050228310503
MA010120220805058478,5,1.0,0.0,3,0.10364963503649635
MA010120220805059594,5,1.0,0.0,5,0.08242424242424241
MA010120220805059869,5,1.0,0.0,0,0.0
MA010120220805060741,1,1.0,0.0,5,0.7557603686635944
MA010120220805060797,5,1.0,0.0,2,0.0009222256378727329
MA010120220805062465,5,1.0,1.0,3,0.021411192214111925
MA010120220805062732,5,1.0,0.0,5,0.08746726524504303
MA010120220805064025,5,1.0,0.0,1,0.0062499999999999995
MA010120220805064889,5,1.0,0.0,1,0.0022471910112359553
MA010120220805065126,5,1.0,0.0,3,0.025238095238095237
MA010120220805065568,5,1.0,0.0,0,0.0
MA010120220805065983,5,1.0,0.0,1,0.13333333333333333
MA010120220805068897,5,0.0,0.0,5,0.04619251068107565
MA010120220805069758,5,0.0,1.0,3,0.010034735623311463
MA010120220805070203,5,1.0,0.0,3,0.020266666666666665
MA010120220805074220,5,0.0,0.0,5,1.0
MA010120220805075167,5,1.0,1.0,0,0.0
MA010120220805075357,5,1.0,0.0,3,0.0
MA010120220805077631,5,1.0,0.0,1,0.00023157082207641837
MA010120220805078560,5,1.0,1.0,3,0.17647058823529413
MA010120220805079149,5,1.0,1.0,2,0.011764705882352941
MA010120220805079729,5,1.0,0.0,1,0.0013845185651353053
MA010120220805079868,5,1.0,0.0,1,0.019607843137254905
MA010120220805079906,5,1.0,0.0,0,0.0
MA010120220805080285,5,1.0,0.0,1,0.0006462035541195477
MA010120220805081177,1,1.0,0.0,0,0.0
MA010120220805081355,5,1.0,0.0,3,0.0
MA010120220805082588,5,1.0,0.0,3,0.0
MA010120220805082892,5,1.0,0.0,1,0.008620689655172414
MA010120220805083766,1,1.0,0.0,0,0.0
MA010120220805084342,5,1.0,0.0,2,0.029508196721311476
MA010120220805085897,5,0.0,0.0,4,0.05672268907563025
MA010120220805087154,1,1.0,0.0,4,0.013356164383561644
MA010120220805087223,5,1.0,0.0,5,1.0
MA010120220805090298,5,1.0,0.0,2,0.0016160310277957336
MA010120220805090684,5,1.0,0.0,1,0.00923076923076923
MA010120220805090861,5,1.0,0.0,2,0.001045189056255764
MA010120220805091239,5,1.0,0.0,3,0.0031879194630872482
MA010120220805091983,5,1.0,0.0,0,0.0
MA010120220805092354,5,1.0,0.0,3,0.055143422354104854
MA010120220805094795,5,1.0,1.0,2,0.013272311212814645
MA010120220805095077,1,1.0,0.0,5,0.07989390606805538
MA010120220805101156,5,1.0,1.0,0,0.0
MA010120220805102049,5,1.0,0.0,5,0.96875
MA010120220805104351,5,1.0,0.0,2,0.08421052631578947
MA010120220805104491,5,1.0,1.0,2,0.007352941176470589
MA010120220805105407,5,1.0,0.0,0,0.0
MA010120220805105456,5,1.0,1.0,3,0.003311965811965812
MA010120220805105505,1,0.0,0.0,3,0.0
MA010120220805106546,4,1.0,0.0,1,0.0017433751743375174
MA010120220805110810,5,0.0,1.0,5,0.01639254385964912
MA010120220805113178,5,1.0,0.0,2,0.0029655692385021364
MA010120220805113195,5,1.0,0.0,3,0.11666666666666667
MA010120220805114258,5,0.0,0.0,3,0.0608
MA010120220805115110,5,1.0,0.0,2,0.009885931558935362
MA010120220805115515,5,1.0,0.0,1,0.011111111111111112
MA010120220805115703,5,1.0,0.0,1,0.0030303030303030303
MA010120220805117484,5,1.0,1.0,3,0.010784313725490196
MA010120220805120507,5,0.0,0.0,0,0.0
MA010120220805121547,5,1.0,0.0,1,0.0
MA010120220805122897,5,1.0,0.0,5,1.0
MA010120220805123536,5,1.0,1.0,2,0.0031666066930550562
MA010120220805123828,5,1.0,0.0,4,0.030508474576271188
MA010120220805124593,5,1.0,0.0,2,0.01191860465116279
MA010120220805124676,5,1.0,0.0,2,0.11373578302712162
MA010120220805125222,5,1.0,0.0,2,0.009125475285171103
MA010120220805125576,5,1.0,0.0,4,0.02360248447204969
MA010120220805125884,5,1.0,1.0,3,0.013274336283185839
MA010120220805126027,5,0.0,0.0,0,0.0
MA010120220805129739,5,1.0,0.0,4,0.3016949152542373
MA010120220805129934,5,1.0,0.0,2,0.40601503759398494
MA010120220805129983,5,1.0,0.0,1,0.017921146953405024
MA010120220805131718,1,1.0,0.0,5,0.109375
MA010120220805133599,5,1.0,1.0,2,0.03347073371805441
MA010120220805133856,5,1.0,0.0,1,0.006535947712418301
MA010120220805133939,5,1.0,0.0,5,1.0
MA010120220805134471,5,1.0,0.0,0,0.0
MA010120220805135074,5,1.0,0.0,2,0.004573438874230431
MA010120220805136299,5,1.0,0.0,3,0.05871559633027523
MA010120220805136420,5,1.0,1.0,1,0.001062511067823623
MA010120220805136600,1,1.0,0.0,0,0.0
MA010120220805137089,5,1.0,1.0,3,0.03728813559322034
MA010120220805137351,5,1.0,0.0,0,0.0
MA010120220805137602,5,1.0,0.0,0,0.0
MA010120220805138179,5,0.0,0.0,0,0.0
MA010120220805139600,5,1.0,0.0,4,0.2924819773429454
MA010120220805141954,5,1.0,0.0,3,0.022779043280182234
MA010120220805142574,5,1.0,0.0,4,0.027450980392156862
MA010120220805143379,5,1.0,0.0,2,0.029900332225913623
MA010120220805143488,5,1.0,1.0,1,0.001431980906921241
MA010120220805145237,5,1.0,0.0,4,0.07150964812712826
MA010120220805149936,5,0.0,0.0,1,0.026912181303116147
MA010120220805149940,5,0.0,0.0,0,0.0
MA010120220805150417,5,1.0,0.0,1,0.0018365472910927456
MA010120220805150704,5,0.0,0.0,1,0.0015050167224080267
MA010120220805150882,5,1.0,0.0,1,0.0
MA010120220805151030,5,1.0,1.0,5,1.0
MA010120220805153274,5,1.0,0.0,4,0.02748232400860744
MA010120220805153328,5,0.0,0.0,1,0.00040543279951348065
MA010120220805153545,5,0.0,0.0,5,0.052400051753137535
MA010120220805155108,5,0.0,0.0,4,0.42962962962962964
MA010120220805155663,1,1.0,0.0,0,0.0
MA010120220805156221,5,1.0,0.0,3,0.09523809523809523
MA010120220805156797,5,1.0,0.0,3,0.032090199479618386
MA010120220805157038,5,1.0,0.0,1,0.1391304347826087
MA010120220805158085,5,1.0,0.0,3,0.11493212669683257
MA010120220805159807,4,0.0,1.0,3,0.032448377581120944
MA010120220805159874,5,0.0,1.0,5,0.9974937343358395
MA010120220805160400,1,1.0,0.0,0,0.0
MA010120220805160596,1,1.0,0.0,0,0.0
MA010120220805163239,5,0.0,0.0,5,0.1162589928057554
MA010120220805163889,5,1.0,1.0,3,0.3368055555555555
MA010120220805163943,5,1.0,1.0,1,0.0
MA010120220805165296,5,1.0,0.0,1,0.004347826086956522
MA010120220805165991,5,1.0,1.0,4,0.0907103825136612
MA010120220805166166,5,1.0,0.0,1,0.0009111617312072893
MA010120220805167253,5,1.0,0.0,3,0.9705882352941178
MA010120220805168171,5,1.0,0.0,1,0.0015438054805094557
MA010120220805168437,5,1.0,1.0,5,0.15930485155684287
MA010120220805168783,5,0.0,0.0,2,0.0005017561465127947
MA010120220805169038,5,1.0,0.0,4,0.14606741573033707
MA010120220805169964,5,1.0,0.0,4,0.01427123454287452
MA010120220805173609,5,1.0,0.0,3,0.0
MA010120220805173809,5,1.0,1.0,5,0.8027027027027026
MA010120220805174189,5,1.0,1.0,3,0.0017406440382941684
MA010120220805174380,5,1.0,1.0,1,0.0023715415019762843
MA010120220805175733,5,1.0,0.0,2,0.03384615384615385
MA010120220805177603,5,1.0,0.0,3,0.08888888888888889
MA010120220805177870,5,1.0,1.0,2,0.5571428571428572
MA010120220805178713,5,1.0,0.0,3,0.0
MA010120220805179062,5,1.0,0.0,4,0.3489583333333333
MA010120220805181713,5,1.0,1.0,5,0.07072243346007605
MA010120220805181726,5,1.0,0.0,3,0.0
MA010120220805183304,5,1.0,0.0,3,0.031914893617021274
MA010120220805185462,5,1.0,0.0,5,0.8992248062015503
MA010120220805185723,5,0.0,0.0,4,0.4886363636363636
MA010120220805187040,5,1.0,0.0,3,0.026997245179063364
MA010120220805188272,5,1.0,0.0,1,0.002265575833857772
MA010120220805188326,5,1.0,0.0,2,0.005205751115518097
MA010120220805189021,5,1.0,0.0,0,0.0
MA010120220805190472,5,1.0,0.0,0,0.0
MA010120220805190912,5,1.0,0.0,0,0.0
MA010120220805191959,1,1.0,0.0,0,0.0
MA010120220805193802,5,1.0,0.0,3,0.5293233082706766
MA010120220805194022,5,1.0,0.0,4,0.43537414965986393
MA010120220805194492,5,0.0,0.0,0,0.0
MA010120220805196116,4,1.0,0.0,3,0.016339869281045753
MA010120220805196300,5,1.0,0.0,4,0.19142857142857142
MA010120220805196571,5,1.0,0.0,0,0.0
MA010120220805197325,5,1.0,0.0,2,0.001232876712328767
MA010120220805197388,5,1.0,0.0,2,0.022033898305084745
MA010120220805198062,5,1.0,0.0,3,0.1016602809706258
MA010120220805199560,5,1.0,0.0,4,0.04008714596949891
MA010120220805201619,5,1.0,0.0,2,0.02277227722772277
MA010120220805202405,5,1.0,0.0,3,0.18863049095607234
MA010120220805202587,5,1.0,0.0,3,1.0
MA010120220805202737,5,1.0,0.0,3,0.03706624605678234
MA010120220805203815,1,1.0,0.0,4,0.022298803973241434
MA010120220805205531,5,1.0,0.0,0,0.0
MA010120220805206770,4,1.0,0.0,2,0.012878787878787878
MA010120220805207599,5,1.0,0.0,5,0.8508474576271187
MA010120220805207856,5,1.0,0.0,1,0.0013071895424836613
MA010120220805209745,5,1.0,0.0,4,0.1629242819843342
MA010120220805209809,5,1.0,0.0,1,0.0019011406844106464
MA010120220805210178,5,1.0,1.0,2,0.031192660550458714
MA010120220805210985,5,1.0,1.0,1,0.00831255195344971
MA010120220805211804,5,1.0,1.0,1,0.009228187919463086
MA010120220805214020,5,1.0,0.0,2,0.005147402901263454
MA010120220805214482,5,0.0,1.0,5,0.2286096256684492
MA010120220805216388,5,1.0,0.0,2,0.01608325449385052
MA010120220805217012,5,1.0,0.0,0,0.0
MA010120220805217720,5,1.0,0.0,0,0.0
MA010120220805218359,5,0.0,0.0,3,0.0
MA010120220805218540,5,1.0,0.0,3,0.00405576679340938
MA010120220805218825,5,1.0,1.0,2,0.007062146892655367
MA010120220805219619,4,1.0,1.0,4,0.13211382113821138
MA010120220805221379,5,1.0,0.0,5,0.4329608938547486
MA010120220805222279,5,0.0,0.0,3,0.01736227045075125
MA010120220805223095,5,1.0,0.0,2,0.03651685393258427
MA010120220805226488,5,0.0,0.0,1,0.0024
MA010120220805227224,5,1.0,1.0,1,0.023255813953488372
MA010120220805227526,5,1.0,0.0,2,0.03304347826086956
MA010120220805227876,5,0.0,0.0,5,1.0
MA010120220805229659,5,1.0,0.0,0,0.0
MA010120220805230713,5,1.0,0.0,5,0.9141242937853108
MA010120220805231361,5,0.0,0.0,2,0.09375000000000001
MA010120220805232383,5,1.0,0.0,1,0.021739130434782608
MA010120220805233085,5,1.0,0.0,2,0.042296072507552865
MA010120220805234373,5,0.0,0.0,0,0.0
MA010120220805234755,5,1.0,0.0,1,0.04033970276008493
MA010120220805235831,5,1.0,0.0,3,0.060714285714285714
MA010120220805237669,5,1.0,0.0,0,0.0
MA010120220805238495,5,1.0,0.0,1,0.001639344262295082
MA010120220805239756,5,1.0,0.0,3,0.017266187050359712
MA010120220805240210,5,1.0,0.0,4,0.782608695652174
MA010120220805241590,5,1.0,0.0,2,0.015873015873015872
MA010120220805241800,5,1.0,0.0,1,0.012345679012345678
MA010120220805241839,5,1.0,0.0,1,0.0
MA010120220805242479,5,0.0,0.0,2,0.0017311608961303462
MA010120220805243579,5,0.0,0.0,3,0.16666666666666669
MA010120220805246110,5,1.0,0.0,5,1.0
MA010120220805246758,5,1.0,0.0,0,0.0
MA010120220805250653,5,1.0,0.0,2,0.03883495145631068
MA010120220805253638,5,0.0,0.0,0,0.0
MA010120220805253764,5,0.0,0.0,0,0.0
MA010120220805254626,5,1.0,0.0,0,0.0
MA010120220805257029,4,0.0,0.0,3,0.0
MA010120220805258542,5,0.0,1.0,5,1.0
MA010120220805260228,5,1.0,0.0,3,0.02
MA010120220805261292,5,0.0,0.0,3,0.1
MA010120220805264219,4,1.0,0.0,1,0.0017482517482517483
MA010120220805268334,5,1.0,0.0,0,0.0
MA010120220805268525,5,1.0,0.0,0,0.0
MA010120220805268530,5,1.0,0.0,1,0.00030105368790767686
MA010120220805268554,5,1.0,0.0,0,0.0
MA010120220805269727,5,1.0,0.0,3,0.04731182795698925
MA010120220805270251,5,0.0,0.0,3,0.0
MA010120220805275832,5,1.0,0.0,0,0.0
MA010120220805276658,1,0.0,0.0,0,0.0
MA010120220805277071,1,1.0,0.0,5,1.0
MA010120220805277656,5,0.0,0.0,2,0.00784313725490196
MA010120220805278096,5,1.0,0.0,3,0.06527855936972425
MA010120220805278803,1,1.0,0.0,4,0.1299638989169675
MA010120220805278893,5,0.0,0.0,1,0.0006662225183211193
MA010120220805279692,4,1.0,0.0,3,1.0
MA010120220805280593,5,1.0,0.0,2,0.005084745762711864
MA010120220805281258,5,1.0,0.0,3,0.050434782608695654
MA010120220805281476,5,1.0,0.0,3,0.012433392539964476
MA010120220805281951,4,1.0,0.0,5,1.0
MA010120220805282372,5,1.0,0.0,1,0.0011116725618999495
MA010120220805282501,5,1.0,0.0,1,0.25190839694656486
MA010120220805282577,5,1.0,0.0,1,0.03260869565217391
MA010120220805283041,5,1.0,0.0,4,0.45597484276729555
MA010120220805283863,5,1.0,0.0,1,0.0012422360248447205
MA010120220805283996,5,1.0,1.0,4,0.3287878787878788
MA010120220805284168,5,1.0,0.0,1,0.0005509641873278238
MA010120220805284709,5,1.0,0.0,1,0.0022922636103151865
MA010120220805285987,5,1.0,0.0,0,0.0
MA010120220805286683,5,1.0,0.0,3,0.006559766763848396
MA010120220805286944,5,1.0,0.0,2,0.00341047503045067
MA010120220805288537,5,1.0,0.0,2,0.003084656689135154
MA010120220805290395,1,1.0,0.0,5,1.0
MA010120220805293598,5,1.0,0.0,3,0.0
MA010120220805294467,5,0.0,0.0,3,0.03898305084745762
MA010120220805295162,5,1.0,0.0,5,0.3423728813559322
MA010120220805296008,5,1.0,0.0,0,0.0
MA010120220805296718,5,1.0,0.0,3,0.014448669201520912
MA010120220805297046,5,1.0,0.0,3,0.9056603773584906
MA010120220805297446,5,1.0,0.0,3,0.18441890166028096
MA010120220805298056,5,1.0,0.0,2,0.0383442265795207
MA010120220805298900,5,1.0,0.0,1,0.0017006802721088435
MA010120220805299657,5,1.0,0.0,2,0.014397224631396359
MA010120220805300553,5,1.0,1.0,1,0.00261437908496732
MA010120220805301284,5,0.0,0.0,1,0.031147540983606555
MA010120220805301708,5,1.0,1.0,1,0.0042454650714010035
MA010120220805302637,5,1.0,0.0,4,0.20945945945945946
MA010120220805306317,5,1.0,0.0,5,0.06549384267403871
MA010120220805306384,5,1.0,0.0,4,0.065625
MA010120220805306407,5,1.0,0.0,1,0.00202020202020202
MA010120220805307766,5,1.0,0.0,1,0.011261261261261262
MA010120220805307980,5,0.0,0.0,3,0.09090909090909091
MA010120220805308558,4,1.0,0.0,3,0.04040404040404041
MA010120220805309956,5,1.0,0.0,5,0.5751479289940828
MA010120220805311371,5,1.0,1.0,1,0.00194884287454324
MA010120220805311943,4,1.0,0.0,5,1.0
MA010120220805312709,5,1.0,0.0,3,1.0
MA010120220805312795,5,1.0,0.0,3,1.0
MA010120220805313206,5,1.0,0.0,1,0.016666666666666666
MA010120220805313986,5,1.0,0.0,1,0.0001292824822236587
MA010120220805314872,5,1.0,0.0,1,0.0029069767441860465
MA010120220805319534,1,1.0,0.0,3,0.05555555555555555
MA010120220805319826,5,1.0,0.0,2,0.014728033472803348
MA010120220805321974,5,1.0,0.0,4,0.032334384858044164
MA010120220805322701,1,1.0,0.0,0,0.0
MA010120220805323245,1,1.0,0.0,0,0.0
MA010120220805323413,5,1.0,0.0,0,0.0
MA010120220805324132,5,1.0,0.0,4,0.04974461470131023
MA010120220805326235,5,1.0,0.0,3,0.07361516034985423
MA010120220805327414,5,1.0,0.0,0,0.0
MA010120220805328243,5,1.0,1.0,3,0.0
MA010120220805330186,5,1.0,0.0,0,0.0
MA010120220805331644,5,1.0,0.0,1,0.0007756948933419521
MA010120220805332458,5,1.0,0.0,1,0.008108108108108109
MA010120220805332886,5,1.0,0.0,1,0.0
MA010120220805332984,5,1.0,0.0,1,0.0031180400890868593
MA010120220805334794,4,1.0,0.0,3,0.07581967213114754
MA010120220805335581,5,1.0,0.0,4,0.039209726443769
MA010120220805336691,5,1.0,1.0,3,0.0
MA010120220805337932,5,0.0,0.0,2,0.02424029509924469
MA010120220805338305,5,0.0,1.0,4,0.16193656093489148
MA010120220805338386,5,1.0,0.0,2,0.005200945626477542
MA010120220805339299,5,1.0,1.0,1,0.06274509803921569
MA010120220805340468,5,1.0,0.0,5,0.05454545454545454
MA010120220805340778,5,0.0,0.0,0,0.0
MA010120220805342098,5,1.0,1.0,5,0.10285714285714286
MA010120220805342310,5,1.0,1.0,4,0.020895522388059702
MA010120220805344967,5,1.0,0.0,2,0.015261044176706826
MA010120220805344985,5,1.0,0.0,0,0.0
MA010120220805344992,5,0.0,0.0,0,0.0
MA010120220805346622,5,1.0,0.0,4,0.23830155979202772
MA010120220805346928,5,1.0,1.0,3,0.2542372881355932
MA010120220805347911,5,1.0,0.0,2,0.004631416441528367
MA010120220805349006,5,1.0,0.0,1,0.007246376811594203
MA010120220805349008,5,1.0,0.0,3,0.07616707616707616
MA010120220805349931,5,1.0,0.0,1,0.0004679457182966776
MA010120220805350421,5,1.0,1.0,4,0.013186813186813185
MA010120220805354254,5,1.0,0.0,5,0.15618729096989967
MA010120220805354424,5,1.0,0.0,3,0.0
MA010120220805354914,5,0.0,0.0,0,0.0
MA010120220805354947,5,0.0,0.0,0,0.0
MA010120220805355601,5,0.0,0.0,0,0.0
MA010120220805357481,5,0.0,1.0,4,0.018848957024377985
MA010120220805357787,5,1.0,0.0,0,0.0
MA010120220805358404,5,1.0,0.0,0,0.0
MA010120220805358706,4,1.0,0.0,3,0.030751708428246014
MA010120220805359143,5,0.0,0.0,4,0.06060606060606061
MA010120220805359788,5,1.0,0.0,4,0.05328185328185329
MA010120220805359951,1,1.0,0.0,3,0.1993067590987868
MA010120220805360987,5,1.0,0.0,3,0.013688212927756654
MA010120220805361807,5,1.0,0.0,5,0.8615384615384615
MA010120220805363457,5,1.0,0.0,4,0.0365079365079365
MA010120220805364149,5,1.0,0.0,1,0.008919722497522299
MA010120220805365173,5,0.0,0.0,4,0.014827846192510681
MA010120220805368517,5,1.0,1.0,1,0.013496932515337425
MA010120220805369612,5,1.0,0.0,1,0.0009049773755656108
MA010120220805370555,5,1.0,0.0,0,0.0
MA010120220805370565,5,0.0,1.0,1,0.0002994908655286014
MA010120220805371459,5,1.0,0.0,3,0.0
MA010120220805371852,5,1.0,0.0,1,0.008490566037735849
MA010120220805372602,5,1.0,0.0,3,0.0196078431372549
MA010120220805372837,5,1.0,0.0,2,0.021875
MA010120220805373151,5,1.0,0.0,5,0.9062499999999999
MA010120220805373342,5,0.0,1.0,3,0.03486556808326106
MA010120220805373795,5,0.0,0.0,0,0.0
MA010120220805375741,5,1.0,0.0,0,0.0
MA010120220805376735,1,0.0,0.0,1,0.0011441647597254005
MA010120220805376837,5,1.0,0.0,3,1.0
MA010120220805377220,5,0.0,0.0,0,0.0
MA010120220805377586,5,1.0,0.0,1,0.008200455580865604
MA010120220805378019,5,1.0,0.0,1,0.005234159779614325
MA010120220805378471,5,1.0,0.0,2,0.005789270551910459
MA010120220805379834,5,0.0,0.0,1,0.0
MA010120220805380095,5,1.0,0.0,2,0.030546623794212215
MA010120220805384516,5,1.0,1.0,5,1.0
MA010120220805386683,5,0.0,0.0,0,0.0
MA010120220805388403,5,1.0,0.0,3,0.05217391304347826
MA010120220805388430,5,1.0,0.0,0,0.0
MA010120220805388439,5,1.0,0.0,1,0.0022813688212927757
MA010120220805389105,5,1.0,0.0,3,0.016746739876458475
MA010120220805389658,5,1.0,0.0,2,0.0318840579710145
MA010120220805390320,5,1.0,1.0,4,0.146875
MA010120220805390360,5,1.0,0.0,2,0.03333333333333333
MA010120220805392748,5,1.0,0.0,5,0.3651685393258427
MA010120220805395322,5,1.0,0.0,4,0.008209437621202327
MA010120220805397838,5,1.0,1.0,3,0.0
MA010120220805397999,5,1.0,0.0,1,0.015492957746478875
MA010120220805398390,5,0.0,0.0,3,0.1259600614439324
MA010120220805400156,5,1.0,0.0,0,0.0
MA010120220805400821,5,1.0,0.0,3,0.5648148148148148
MA010120220805401177,5,1.0,0.0,0,0.0
MA010120220805401223,5,1.0,1.0,1,0.015503875968992244
MA010120220805401741,1,1.0,1.0,5,1.0
MA010120220805402387,5,1.0,0.0,3,0.026119402985074626
MA010120220805403269,5,0.0,0.0,0,0.0
MA010120220805404558,5,1.0,0.0,0,0.0
MA010120220805404732,5,1.0,0.0,2,0.03565891472868217
MA010120220805406127,5,1.0,0.0,0,0.0
MA010120220805410287,4,1.0,1.0,4,0.03327814569536424
MA010120220805412993,5,1.0,1.0,5,0.1117196056955093
MA010120220805413720,5,1.0,1.0,4,0.22876712328767124
MA010120220805414555,5,0.0,0.0,1,0.01594202898550725
MA010120220805415478,4,1.0,0.0,0,0.0
MA010120220805415550,5,0.0,0.0,2,0.004765886287625418
MA010120220805415563,5,1.0,0.0,2,0.006463878326996198
MA010120220805417655,5,1.0,0.0,2,0.033323998879865584
MA010120220805419228,5,1.0,0.0,3,0.2701149425287357
MA010120220805419686,5,1.0,0.0,2,0.0023914411579609818
MA010120220805420450,5,1.0,0.0,2,0.0006796116504854369
MA010120220805421451,5,1.0,0.0,5,1.0
MA010120220805423562,5,1.0,0.0,3,0.0
MA010120220805423889,5,1.0,0.0,2,0.04906666666666666
MA010120220805424960,5,1.0,1.0,3,0.17862838915470491
MA010120220805425137,5,1.0,0.0,3,0.12
MA010120220805427392,5,1.0,0.0,5,0.10771899392888118
MA010120220805428511,5,1.0,0.0,4,0.10252707581227437
MA010120220805430763,5,1.0,1.0,5,1.0
MA010120220805433429,5,1.0,0.0,5,1.0
MA010120220805433645,5,1.0,0.0,3,0.05081967213114754
MA010120220805434517,4,1.0,0.0,3,1.0
MA010120220805435782,5,0.0,0.0,0,0.0
MA010120220805435869,5,1.0,0.0,3,0.0058382323129941216
MA010120220805437417,5,1.0,0.0,4,0.05625
MA010120220805437649,5,1.0,0.0,3,0.0063758389261744965
MA010120220805439481,5,1.0,0.0,3,0.04284514141697004
MA010120220805441101,1,1.0,0.0,0,0.0
MA010120220805441356,5,1.0,0.0,2,0.023255813953488372
MA010120220805442170,5,1.0,1.0,4,0.1943661971830986
MA010120220805442504,5,1.0,1.0,4,0.14666666666666667
MA010120220805443823,5,1.0,1.0,1,0.003122289679098005
MA010120220805444142,5,0.0,1.0,2,0.01314459049544995
MA010120220805445846,1,0.0,0.0,0,0.0
MA010120220805446012,5,1.0,0.0,0,0.0
MA010120220805446050,5,1.0,0.0,0,0.0
MA010120220805448057,5,1.0,1.0,2,0.029357798165137616
MA010120220805448864,5,1.0,1.0,2,0.020338983050847456
MA010120220805448959,5,0.0,0.0,1,0.0015438054805094557
MA010120220805449540,4,1.0,0.0,0,0.0
MA010120220805450326,5,1.0,0.0,1,0.0
MA010120220805450650,5,1.0,0.0,0,0.0
MA010120220805450768,5,1.0,0.0,0,0.0
MA010120220805451901,5,1.0,1.0,4,0.9065040650406504
MA010120220805451907,5,0.0,0.0,4,0.042748091603053436
MA010120220805452412,5,1.0,0.0,3,0.0
MA010120220805452441,5,1.0,0.0,2,0.04672897196261682
MA010120220805452558,5,1.0,0.0,4,0.09847494553376906
MA010120220805452742,5,1.0,0.0,0,0.0
MA010120220805453046,5,0.0,0.0,5,0.918552036199095
MA010120220805453894,5,1.0,0.0,3,0.013691128148959475
MA010120220805454448,5,1.0,0.0,5,0.8352941176470589
MA010120220805454758,5,1.0,0.0,2,0.030539772727272724
MA010120220805454863,5,1.0,0.0,3,0.006670862177470107
MA010120220805458323,5,0.0,0.0,0,0.0
MA010120220805459923,5,1.0,1.0,3,0.036521739130434785
MA010120220805464121,5,1.0,0.0,1,0.004414515525626637
MA010120220805464769,5,1.0,0.0,4,0.003662819869543402
MA010120220805465049,5,1.0,0.0,1,0.0009456264775413712
MA010120220805465349,1,1.0,0.0,0,0.0
MA010120220805465511,5,1.0,0.0,3,0.007477820025348543
MA010120220805466113,5,1.0,0.0,0,0.0
MA010120220805466180,1,1.0,0.0,3,0.07179487179487179
MA010120220805469508,5,1.0,1.0,4,0.23151515151515153
MA010120220805469951,4,1.0,0.0,3,0.024253731343283583
MA010120220805470060,5,1.0,0.0,1,0.0005676059193188729
MA010120220805470693,5,1.0,1.0,1,0.0
MA010120220805470816,5,1.0,0.0,2,0.00498220640569395
MA010120220805471432,5,1.0,0.0,1,0.007882882882882882
MA010120220805472028,1,1.0,0.0,5,0.8168168168168168
MA010120220805473485,5,1.0,0.0,1,0.033009708737864074
MA010120220805473565,5,1.0,0.0,1,0.001271186440677966
MA010120220805474840,5,1.0,0.0,1,0.009009009009009007
MA010120220805477673,5,1.0,0.0,3,0.05695364238410596
MA010120220805478529,5,1.0,0.0,4,0.04180790960451977
MA010120220805478966,5,1.0,1.0,1,0.027253668763102725
MA010120220805479208,5,1.0,0.0,1,0.004761904761904762
MA010120220805481041,5,1.0,0.0,3,0.018338108882521492
MA010120220805481681,1,1.0,0.0,1,0.011235955056179775
MA010120220805482139,5,1.0,0.0,5,1.0
MA010120220805482368,5,1.0,0.0,1,0.01487603305785124
MA010120220805483120,5,1.0,0.0,1,0.004819277108433735
MA010120220805483683,5,1.0,0.0,3,0.0
MA010120220805484646,5,1.0,0.0,1,0.005555555555555556
MA010120220805485518,5,1.0,0.0,0,0.0
MA010120220805486040,5,1.0,0.0,0,0.0
MA010120220805490826,5,1.0,1.0,5,1.0
MA010120220805490968,5,1.0,1.0,3,0.169811320754717
MA010120220805491379,5,1.0,0.0,1,0.004225352112676056
MA010120220805491881,5,1.0,0.0,3,0.1590909090909091
MA010120220805492068,5,1.0,0.0,2,0.006870229007633588
MA010120220805492817,5,1.0,0.0,4,0.05254237288135594
MA010120220805493075,5,1.0,1.0,2,0.013893376413570274
MA010120220805493635,5,1.0,0.0,3,0.03194444444444444
MA010120220805493668,5,1.0,0.0,5,0.1930615784908933
MA010120220805494859,5,0.0,0.0,0,0.0
MA010120220805496752,5,0.0,0.0,0,0.0
MA010120220805497833,5,0.0,0.0,1,0.006629101756711966
MA010120220805498380,5,1.0,0.0,4,0.08374164810690424
MA010120220805498519,5,1.0,0.0,0,0.0
MA010120220805498530,5,1.0,0.0,4,0.015384615384615384
MA010120220805498568,5,1.0,0.0,2,0.09598214285714286
MA010120220805499279,1,1.0,1.0,5,0.060836501901140684
MA010120220805500794,1,1.0,1.0,5,0.3887018331462776
MA010120220805500852,5,1.0,0.0,3,0.0
MA010120220805501644,5,1.0,0.0,3,1.0
MA010120220805502538,5,1.0,0.0,2,0.1477272727272727
MA010120220805502965,5,1.0,1.0,1,0.125
MA010120220805504369,5,1.0,0.0,3,0.3619631901840491
MA010120220805506128,5,1.0,0.0,3,0.13744292237442923
MA010120220805506658,1,0.0,0.0,0,0.0
MA010120220805507078,5,1.0,0.0,0,0.0
MA010120220805509858,5,1.0,0.0,1,0.0009943652635067948
MA010120220805510832,5,0.0,0.0,3,0.014241667890177652
MA010120220805510998,5,1.0,0.0,3,0.03206106870229008
MA010120220805511005,1,0.0,0.0,5,0.12157468159011964
MA010120220805511366,5,1.0,1.0,3,0.009942004971002486
MA010120220805511562,5,1.0,0.0,2,0.012735849056603774
MA010120220805511682,5,1.0,0.0,3,0.0
MA010120220805513509,5,1.0,1.0,3,0.14925373134328357
MA010120220805518534,5,1.0,0.0,1,0.01764705882352941
MA010120220805518649,5,1.0,0.0,3,1.0
MA010120220805518931,5,1.0,0.0,2,0.07290400972053464
MA010120220805519031,5,1.0,0.0,0,0.0
MA010120220805521074,5,1.0,0.0,4,0.4518072289156626
MA010120220805521408,5,1.0,0.0,2,0.01640091116173121
MA010120220805522391,5,1.0,0.0,2,0.0025
MA010120220805523199,5,1.0,1.0,4,0.009987819732034104
MA010120220805523543,5,0.0,0.0,1,6.148170919151553e-05
MA010120220805523836,5,1.0,0.0,3,0.043209876543209874
MA010120220805524387,5,1.0,1.0,5,0.8
MA010120220805525282,5,1.0,1.0,4,0.3056179775280899
MA010120220805528341,5,1.0,0.0,4,0.09523809523809523
MA010120220805528350,5,1.0,1.0,4,0.05827814569536424
MA010120220805528646,5,1.0,0.0,3,0.14285714285714285
MA010120220805529302,5,1.0,0.0,1,0.0
MA010120220805532332,5,1.0,0.0,3,0.010874704491725767
MA010120220805533823,5,1.0,0.0,2,0.003166869671132765
MA010120220805536391,5,0.0,0.0,3,0.0
MA010120220805536396,5,1.0,0.0,0,0.0
MA010120220805536872,5,1.0,0.0,0,0.0
MA010120220805537747,5,1.0,0.0,0,0.0
MA010120220805537816,5,1.0,0.0,2,0.010380622837370242
MA010120220805538067,5,1.0,0.0,1,0.0019801980198019802
MA010120220805538308,5,1.0,0.0,3,0.0318082788671024
MA010120220805539262,5,1.0,0.0,3,0.0
MA010120220805539661,5,1.0,0.0,1,0.0038929440389294406
MA010120220805539803,5,0.0,0.0,3,0.015442561205273068
MA010120220805540208,5,1.0,0.0,1,0.002306805074971165
MA010120220805540995,5,1.0,0.0,5,1.0
MA010120220805542649,5,1.0,0.0,0,0.0
MA010120220805542938,5,1.0,0.0,1,0.0009375
MA010120220805544981,5,1.0,0.0,1,0.07868852459016393
MA010120220805545200,1,0.0,1.0,5,0.26773455377574373
MA010120220805545732,5,0.0,0.0,0,0.0
MA010120220805546316,5,1.0,0.0,0,0.0
MA010120220805547858,4,1.0,1.0,4,0.02287581699346405
MA010120220805564811,5,1.0,0.0,3,0.05717397222978492
MA010120220805605927,5,1.0,1.0,3,0.046583850931677016
MA010120220805609231,5,0.0,1.0,0,0.0
MA010120220805609312,4,1.0,0.0,3,0.1952054794520548
MA010120220805609559,5,1.0,0.0,2,0.0076045627376425855
MA010120220805612107,1,1.0,0.0,0,0.0
MA010120220805629360,5,1.0,0.0,2,0.013071895424836602
MA010120220805635507,5,1.0,0.0,5,1.0
MA010120220805639737,5,1.0,0.0,5,1.0
MA010120220805640648,5,1.0,1.0,4,0.10342205323193916
MA010120220805643530,5,1.0,1.0,5,1.0
MA010120220805647634,5,1.0,0.0,1,0.009051929490233444
MA010120220805652182,1,0.0,0.0,4,0.053032814053695726
MA010120220805681557,5,1.0,0.0,3,0.04
MA010120220805681573,5,1.0,1.0,3,0.0
MA010120220805682409,5,1.0,1.0,2,0.002592016588906169
MA010120220805684187,5,1.0,1.0,5,0.07616926503340758
MA010120220805684235,5,1.0,0.0,4,0.1092436974789916
MA010120220805685302,5,0.0,0.0,3,0.03594771241830065
MA010120220805686883,5,1.0,0.0,3,0.005940594059405941
MA010120220805686920,5,1.0,0.0,5,0.3377510040160642
MA010120220805687517,5,1.0,0.0,5,0.803921568627451
MA010120220805688326,5,1.0,0.0,4,0.12300683371298406
MA010120220805689558,5,1.0,0.0,3,0.0
MA010120220805690336,5,1.0,0.0,0,0.0
MA010120220805690833,5,1.0,0.0,3,0.03969465648854962
MA010120220805691076,5,1.0,1.0,3,0.01882985877605918
MA010120220805691679,5,1.0,0.0,0,0.0
MA010120220805691876,5,1.0,0.0,1,0.0013114754098360656
MA010120220805691951,5,1.0,0.0,2,0.1105263157894737
MA010120220805693288,5,1.0,0.0,1,0.00044543429844097997
MA010120220805693535,5,1.0,0.0,5,1.0
MA010120220805693670,5,1.0,0.0,0,0.0
MA010120220805694659,5,1.0,0.0,1,0.029565217391304348
MA010120220805695089,5,1.0,1.0,4,0.0861344537815126
MA010120220805696886,5,1.0,0.0,0,0.0
MA010120220805703628,1,1.0,0.0,3,0.0
MA010120220805703964,4,1.0,0.0,1,0.0274294670846395
MA010120220805704929,5,0.0,0.0,2,0.03524904214559387
MA010120220805724034,5,1.0,0.0,1,0.0029732408325074335
MA010120220805724889,4,1.0,0.0,2,0.09178321678321678
MA010120220805725774,5,1.0,0.0,3,0.013592233009708738
MA010120220805725817,5,1.0,0.0,4,0.0887688151292937
MA010120220805727391,5,1.0,0.0,4,0.22937853107344633
MA010120220805728024,5,1.0,0.0,3,0.0
MA010120220805730497,5,0.0,0.0,1,0.00020105554159336519
MA010120220805731051,5,1.0,0.0,2,0.002412666499120382
MA010120220805734596,5,1.0,1.0,1,0.0015258953415312807
MA010120220805736038,5,1.0,0.0,0,0.0
MA010120220805736431,5,1.0,0.0,0,0.0
MA010120220805799932,5,1.0,1.0,5,0.2503597122302158
MA010120220805801569,5,1.0,0.0,1,0.0
MA010120220805804547,5,1.0,0.0,4,0.2579185520361991
MA010120220805805044,5,1.0,0.0,0,0.0
MA010120220805810603,1,1.0,0.0,0,0.0
MA010120220805819195,5,1.0,0.0,3,0.0
MA010120220805830074,5,0.0,0.0,5,0.6779661016949152
MA010120220805831827,5,0.0,0.0,0,0.0
MA010120220805832355,5,0.0,0.0,2,0.008104978772674642
MA010120220805832680,5,1.0,0.0,1,0.003469210754553339
MA010120220805832837,5,1.0,0.0,5,0.04500461112818937
MA010120220805834755,5,1.0,1.0,3,0.00726072607260726
MA010120220805835392,1,0.0,0.0,4,0.03222607833415964
MA010120220805836232,5,1.0,0.0,3,1.0
MA010120220805837640,5,1.0,0.0,1,0.00211864406779661
MA010120220805838493,5,0.0,1.0,5,0.3091657313879536
MA010120220805843756,1,1.0,0.0,5,1.0
MA010120220805843776,5,1.0,1.0,3,0.013879598662207358
MA010120220805843955,5,1.0,0.0,3,0.04312517502100252
MA010120220805843985,5,1.0,0.0,2,0.056488549618320616
MA010120220805844477,5,1.0,0.0,3,0.06153846153846154
MA010120220805846170,5,0.0,0.0,1,0.007407407407407407
MA010120220805853869,5,1.0,0.0,2,0.016652789342214817
MA010120220805855404,5,1.0,0.0,5,0.03896321070234114
MA010120220805856433,5,1.0,0.0,0,0.0
MA010120220805856509,5,1.0,0.0,2,0.0016476552598225602
MA010120220805858556,1,1.0,0.0,5,0.20408163265306123
MA010120220805858918,5,0.0,0.0,3,0.0
MA010120220805860540,5,0.0,0.0,1,0.003825136612021858
MA010120220805860968,5,1.0,0.0,3,0.0
MA010120220805861052,4,1.0,0.0,2,0.007287301876480233
MA010120220805887683,5,1.0,0.0,1,0.020671834625323
MA010120220805888106,5,0.0,0.0,1,0.0007478632478632478
MA010120220805888344,5,1.0,0.0,1,0.003068340306834031
MA010120220805889148,5,1.0,0.0,3,0.0
MA010120220805889889,5,0.0,1.0,3,0.2698412698412698
MA010120220805894156,5,1.0,0.0,3,0.003110419906687403
MA010120220805894605,5,1.0,0.0,4,0.012865676213815286
MA010120220805896258,5,1.0,0.0,1,0.011428571428571429
MA010120220805896836,5,1.0,0.0,3,0.015482695810564663
MA010120220805899310,5,0.0,0.0,4,0.3055555555555556
MA010120220805899432,5,1.0,0.0,5,0.10266159695817491
MA010120220805899732,5,1.0,0.0,2,0.28494623655913975
MA010120220805900738,5,1.0,0.0,4,0.21639344262295082
MA010120220805906456,5,1.0,1.0,3,0.02915717539863326
MA010120220805906704,5,0.0,0.0,0,0.0
MA010120220805925140,5,1.0,0.0,2,0.01457858769931663
MA010120220805927046,5,0.0,0.0,2,0.007886435331230283
MA010120220805927117,5,1.0,0.0,5,0.408
MA010120220805927244,5,1.0,0.0,2,0.02330743618201998
MA010120220805930775,5,1.0,0.0,5,0.1080453093232646
MA010120220805931570,5,1.0,0.0,1,0.0009910802775024777
MA010120220805931634,5,1.0,0.0,4,0.6038732394366197
MA010120220805935059,5,0.0,0.0,2,0.006783493499152063
MA010120220805935081,5,1.0,0.0,0,0.0
MA010120220805935395,1,1.0,0.0,5,0.3682441893027163
MA010120220805936953,1,1.0,0.0,2,0.08571428571428572
MA010120220805944295,1,1.0,0.0,4,0.029780564263322883
MA010120220805947181,5,1.0,0.0,2,0.0014595580782485304
MA010120220805947330,5,1.0,1.0,3,1.0
MA010120220805948704,5,1.0,0.0,4,0.36305732484076436
MA010120220805949413,5,1.0,0.0,3,0.059259259259259255
MA010120220805949814,5,1.0,0.0,0,0.0
MA010120220805951150,5,1.0,0.0,5,0.6857142857142857
MA010120220805955772,5,1.0,0.0,2,0.006083650190114069
MA010120220805956172,5,1.0,0.0,3,0.0
MA010120220805958253,5,0.0,0.0,4,0.16779661016949154
MA010120220805959905,5,1.0,0.0,0,0.0
MA010120220805961685,5,1.0,1.0,4,0.3369565217391304
MA010120220805961938,5,1.0,0.0,3,0.03006535947712418
MA010120220805962430,5,1.0,1.0,3,0.13548387096774195
MA010120220805962502,5,1.0,1.0,5,1.0
MA010120220805963821,5,0.0,0.0,4,0.04214179474467031
MA010120220805965491,5,0.0,1.0,1,0.0101010101010101
MA010120220805965955,5,1.0,1.0,3,0.058823529411764684
MA010120220805966216,5,0.0,0.0,1,0.00970873786407767
MA010120220805966996,5,0.0,0.0,2,0.011899313501144166
MA010120220805967112,5,1.0,0.0,0,0.0
MA010120220805982228,5,1.0,0.0,1,0.0005533353827236397
MA010120220805982515,5,0.0,0.0,1,0.0008154943934760449
MA010120220805983126,5,1.0,0.0,1,0.0003418803418803419
MA010120220805985288,5,1.0,0.0,3,0.14189189189189189
MA010120220805986797,5,1.0,1.0,5,0.45664739884393063
MA010120220805987695,5,1.0,0.0,0,0.0
MA010120220805988199,5,1.0,0.0,1,0.0014388489208633094
MA010120220805991583,5,1.0,1.0,2,0.039588395026439904
MA010120220805993413,5,0.0,0.0,3,0.0450261780104712
MA010120220805994072,5,1.0,1.0,4,0.04638619201725998
MA010120220805994501,5,1.0,0.0,3,0.0029452054794520547
MA010120220805994845,5,1.0,0.0,1,0.003669724770642202
MA010120220805994920,1,1.0,0.0,2,0.1413427561837456
MA010120220805999774,5,0.0,0.0,0,0.0
MA010120220805999815,5,1.0,0.0,4,0.0848410328473564
MA010120220806011983,5,1.0,0.0,1,0.0008665511265164644
MA010120220806022496,5,0.0,0.0,5,0.48050713153724245
MA010120220806022846,5,1.0,0.0,2,0.027063599458728008
MA010120220806023097,5,1.0,0.0,1,0.06766917293233082
MA010120220806024161,5,1.0,0.0,3,0.014645308924485127
MA010120220806024646,5,1.0,0.0,3,0.0
MA010120220806024701,5,1.0,0.0,5,0.6461538461538462
MA010120220806026328,5,1.0,0.0,2,0.014358974358974357
MA010120220806026749,5,1.0,0.0,1,0.15
MA010120220806026767,5,1.0,0.0,2,0.0036321031048623317
MA010120220806026831,5,1.0,0.0,3,0.002107375815353738
MA010120220806027954,5,1.0,1.0,4,0.19004524886877827
MA010120220806028044,5,1.0,1.0,3,0.013480116827679172
MA010120220806028078,4,0.0,1.0,1,0.033942558746736295
MA010120220806028910,5,1.0,1.0,3,0.04279279279279279
MA010120220806029038,5,1.0,0.0,4,0.10246913580246915
MA010120220806029856,1,1.0,0.0,5,0.4056437389770723
MA010120220806031173,5,1.0,0.0,3,0.004865193594161768
MA010120220806033055,5,1.0,1.0,3,1.0
MA010120220806033301,5,1.0,0.0,4,0.22923076923076924
MA010120220806079748,5,1.0,0.0,5,0.30390286209887246
MA010120220806090690,5,0.0,0.0,3,1.0
MA010120220806095282,5,0.0,0.0,0,0.0
MA010120220806117749,5,1.0,0.0,3,0.019771863117870724
MA010120220806117848,5,1.0,0.0,1,0.001342281879194631
MA010120220806118090,5,1.0,0.0,4,0.04533898305084746
MA010120220806118174,5,1.0,0.0,2,0.031181102362204727
MA010120220806118869,5,1.0,1.0,5,0.4763513513513513
MA010120220806119144,5,0.0,1.0,4,0.196
MA010120220806119445,5,1.0,0.0,1,0.02298850574712644
MA010120220806120069,5,1.0,1.0,4,0.056
MA010120220806156765,5,1.0,1.0,4,0.17542613636363635
MA010120220806159967,5,0.0,0.0,5,0.4358124111795358
MA010120220806160940,5,1.0,0.0,5,1.0
MA010120220806161603,5,1.0,0.0,2,0.007203389830508475
MA010120220806162604,5,1.0,0.0,2,0.011285266457680252
MA010120220806162694,5,1.0,0.0,2,0.002695697252462416
MA010120220806167189,4,1.0,0.0,3,0.002670940170940171
MA010120220806167191,4,1.0,0.0,4,0.03612167300380228
MA010120220806167242,4,1.0,1.0,1,0.0029585798816568047
MA010120220806167899,5,1.0,1.0,3,0.07409836065573772
MA010120220806171086,5,1.0,0.0,1,0.00025284450063211124
MA010120220806179848,5,1.0,0.0,3,0.05333333333333333
MA010120220806206345,5,1.0,0.0,3,0.11176470588235295
MA010120220806239616,1,1.0,0.0,0,0.0
MA010120220806239662,5,1.0,0.0,1,0.006060606060606061
MA010120220806241244,5,1.0,0.0,3,0.32075471698113206
MA010120220806241438,1,1.0,0.0,5,1.0
MA010120220806250005,4,1.0,0.0,1,0.00035612535612535614
MA010120220806252213,5,1.0,0.0,2,0.001783904317859315
MA010120220806268692,1,1.0,0.0,0,0.0
MA010120220806270631,5,1.0,1.0,3,0.020833333333333332
MA010120220806274987,5,1.0,0.0,1,0.0009746588693957114
MA010120220806276013,5,1.0,1.0,4,0.6825396825396826
MA010120220806277581,5,0.0,0.0,1,0.0
MA010120220806277820,5,0.0,0.0,4,0.017341040462427744
MA010120220806277898,5,1.0,0.0,0,0.0
MA010120220806278204,5,1.0,0.0,3,0.0
MA010120220806279985,5,1.0,0.0,5,0.5425531914893617
MA010120220806281210,1,1.0,0.0,3,0.0
MA010120220806283013,4,1.0,0.0,5,0.30753968253968256
MA010120220806283219,5,1.0,0.0,4,0.4823529411764706
MA010120220806283732,5,1.0,0.0,1,0.00012296341838303107
MA010120220806284661,5,1.0,0.0,4,0.014201183431952662
MA010120220806286201,4,1.0,1.0,1,0.04878048780487805
MA010120220806286568,5,1.0,0.0,3,0.08373004760571268
MA010120220806286608,5,1.0,0.0,0,0.0
MA010120220806303860,4,1.0,0.0,3,0.012219286657859974
MA010120220806304553,5,0.0,0.0,0,0.0
MA010120220806304910,5,1.0,0.0,0,0.0
MA010120220806305026,5,1.0,0.0,2,0.06905537459283387
MA010120220806305127,5,1.0,0.0,3,0.25233644859813087
MA010120220806307820,5,1.0,0.0,1,0.031496062992125984
MA010120220806312812,5,1.0,0.0,0,0.0
MA010120220806335596,1,1.0,0.0,5,1.0
MA010120220806336643,5,1.0,0.0,5,0.30441640378548895
MA010120220806336870,5,1.0,0.0,3,0.006432591798445456
MA010120220806337997,1,0.0,1.0,5,0.15254237288135594
MA010120220806338737,5,1.0,0.0,1,0.0014869888475836433
MA010120220806341229,4,1.0,0.0,3,0.015438054805094557
MA010120220806341557,5,1.0,1.0,5,0.10967413441955194
MA010120220806341986,5,1.0,0.0,0,0.0
MA010120220806347464,5,1.0,0.0,2,0.006175221922037823
MA010120220806354545,5,1.0,0.0,2,0.2111111111111111
MA010120220806355540,5,1.0,1.0,4,0.0066490979120210816
MA010120220806357351,5,1.0,0.0,1,0.0
MA010120220806358175,5,0.0,0.0,1,0.00010052777079668259
MA010120220806358528,5,1.0,0.0,3,0.018318068276436304
MA010120220806359661,5,0.0,0.0,4,0.026003344481605354
MA010120220806360842,5,1.0,0.0,5,0.6375000000000001
MA010120220806361039,5,1.0,0.0,3,0.303448275862069
MA010120220806361295,1,1.0,0.0,0,0.0
MA010120220806367028,5,1.0,0.0,5,0.6464471403812824
MA010120220806367090,5,1.0,0.0,1,0.00017346053772766696
MA010120220806367904,5,1.0,0.0,2,0.00389768574908648
MA010120220806368669,5,1.0,0.0,4,0.05171102661596958
MA010120220806369709,5,1.0,0.0,0,0.0
MA010120220806370072,5,1.0,1.0,3,0.04440589765828274
MA010120220806371850,5,1.0,0.0,3,0.075
MA010120220806373148,5,1.0,0.0,1,0.0140625
MA010120220806374775,5,1.0,1.0,5,1.0
MA010120220806374795,5,1.0,0.0,2,0.03151515151515152
MA010120220806375757,5,1.0,0.0,0,0.0
MA010120220806376535,1,1.0,0.0,5,0.8831168831168831
MA010120220806376551,5,1.0,1.0,4,0.06840390879478828
MA010120220806377217,5,1.0,1.0,3,0.0
MA010120220806377797,5,1.0,0.0,4,0.11034482758620691
MA010120220806379731,5,1.0,0.0,0,0.0
MA010120220806381588,5,1.0,0.0,1,0.0004728132387706856
MA010120220806381895,5,0.0,0.0,1,0.0
MA010120220806382191,5,1.0,0.0,3,0.2777777777777778
MA010120220806382412,5,1.0,1.0,3,0.05002810567734683
MA010120220806383723,5,1.0,0.0,0,0.0
MA010120220806385522,5,1.0,0.0,3,0.0
MA010120220806385600,5,1.0,0.0,3,0.01530612244897959
MA010120220806386442,5,1.0,0.0,2,0.025183773482167163
MA010120220806386903,5,1.0,0.0,4,0.33707865168539325
MA010120220806387542,5,1.0,0.0,5,0.2126037503842607
MA010120220806387933,5,1.0,0.0,3,0.1473684210526316
MA010120220806388316,5,1.0,1.0,3,1.0
MA010120220806389735,1,1.0,0.0,3,1.0
MA010120220806389873,1,1.0,0.0,5,0.19058823529411764
MA010120220806390705,5,1.0,0.0,4,0.01855921855921856
MA010120220806394682,5,1.0,0.0,3,0.048529411764705876
MA010120220806394725,5,1.0,1.0,1,0.003122289679098005
MA010120220806397280,5,1.0,0.0,4,0.8336134453781513
MA010120220806397801,5,1.0,0.0,4,0.11626506024096385
MA010120220806397810,5,1.0,0.0,3,0.02334455667789001
MA010120220806398051,5,1.0,0.0,1,0.0020283975659229204
MA010120220806398121,5,1.0,1.0,4,0.06019900497512438
MA010120220806402608,5,1.0,0.0,0,0.0
MA010120220806403310,5,1.0,0.0,0,0.0
MA010120220806404392,5,1.0,0.0,1,0.0003859513701273639
MA010120220806405745,1,1.0,0.0,4,0.05228758169934641
MA010120220806408218,5,1.0,1.0,1,8.361204013377927e-05
MA010120220806409001,5,1.0,0.0,3,1.0
MA010120220806410203,5,1.0,0.0,0,0.0
MA010120220806410289,5,1.0,0.0,2,0.05755395683453237
MA010120220806411558,5,1.0,0.0,2,0.0031666066930550562
MA010120220806412014,5,1.0,0.0,3,0.1
MA010120220806413003,5,0.0,0.0,0,0.0
MA010120220806413691,5,1.0,0.0,0,0.0
MA010120220806414809,5,1.0,0.0,2,0.004264214046822742
MA010120220806415620,5,1.0,1.0,1,0.004188481675392671
MA010120220806415785,5,0.0,0.0,3,0.11359999999999999
MA010120220806418006,5,0.0,0.0,4,0.08907563025210084
MA010120220806418141,5,1.0,0.0,2,0.02484472049689441
MA010120220806419416,5,1.0,0.0,4,0.4266666666666667
MA010120220806419607,5,1.0,0.0,3,0.017336152219873148
MA010120220806423349,5,0.0,0.0,5,0.1167420814479638
MA010120220806424855,5,1.0,1.0,5,0.1667205169628433
MA010120220806425247,5,1.0,0.0,5,0.24187643020594965
MA010120220806425571,5,1.0,1.0,4,0.4333333333333333
MA010120220806425665,5,1.0,0.0,0,0.0
MA010120220806425918,5,1.0,0.0,0,0.0
MA010120220806426984,5,1.0,0.0,3,1.0
MA010120220806430791,5,1.0,0.0,4,0.0997245179063361
MA010120220806432213,5,1.0,0.0,1,0.0005810055865921788
MA010120220806432268,5,1.0,0.0,2,0.004576659038901602
MA010120220806432998,5,0.0,1.0,4,0.034757834757834755
MA010120220806434462,5,1.0,0.0,4,0.34370370370370373
MA010120220806434484,1,1.0,0.0,5,0.32357859531772576
MA010120220806435426,5,1.0,1.0,2,0.0018649908777620108
MA010120220806436071,5,0.0,0.0,5,0.8936170212765957
MA010120220806436781,5,1.0,0.0,2,0.005708460754332314
MA010120220806438003,5,0.0,0.0,0,0.0
MA010120220806439358,5,1.0,1.0,2,0.0026137220407137472
MA010120220806439979,5,0.0,0.0,5,0.31851851851851853
MA010120220806440756,5,0.0,1.0,2,0.0029561671763506624
MA010120220806440777,1,1.0,0.0,4,0.1259259259259259
MA010120220806441180,5,1.0,0.0,2,0.010823529411764706
MA010120220806441891,5,1.0,0.0,1,0.0023157082207641835
MA010120220806441934,5,1.0,0.0,2,0.020029673590504452
MA010120220806442153,1,1.0,1.0,3,0.0413625304136253
MA010120220806442400,5,1.0,0.0,0,0.0
MA010120220806442957,5,1.0,0.0,1,0.00547645125958379
MA010120220806445190,5,1.0,0.0,3,1.0
MA010120220806446871,5,1.0,0.0,1,0.03851851851851852
MA010120220806446996,5,1.0,0.0,3,0.0
MA010120220806447008,5,1.0,1.0,3,0.09247311827956989
MA010120220806447532,5,1.0,0.0,3,0.016760828625235407
MA010120220806450391,5,1.0,1.0,3,0.09855072463768115
MA010120220806450433,5,1.0,0.0,0,0.0
MA010120220806450637,5,1.0,0.0,1,0.0056209379940277545
MA010120220806451190,5,1.0,0.0,4,0.4938271604938272
MA010120220806452250,5,1.0,0.0,1,0.00036429872495446266
MA010120220806452482,5,0.0,1.0,3,0.09999999999999999
MA010120220806457942,5,1.0,0.0,3,0.05882352941176471
MA010120220806459098,5,1.0,0.0,1,0.0078125
MA010120220806459230,5,1.0,0.0,0,0.0
MA010120220806459564,5,1.0,0.0,3,0.031952662721893496
MA010120220806460834,5,1.0,0.0,1,0.005263157894736842
MA010120220806462148,5,1.0,0.0,0,0.0
MA010120220806462316,5,1.0,0.0,1,0.0015625
MA010120220806465349,5,1.0,0.0,2,0.0024081115335868185
MA010120220806466072,5,1.0,0.0,4,0.592156862745098
MA010120220806466772,5,1.0,0.0,5,1.0
MA010120220806466829,5,1.0,0.0,3,0.022617124394184167
MA010120220806469377,5,1.0,1.0,4,0.06369426751592357
MA010120220806471809,5,0.0,0.0,1,0.0009589041095890411
MA010120220806472430,5,1.0,0.0,4,0.23208191126279862
MA010120220806473256,1,1.0,0.0,0,0.0
MA010120220806475160,4,1.0,0.0,2,0.017948717948717947
MA010120220806476231,5,0.0,0.0,3,0.0
MA010120220806476252,5,0.0,0.0,5,0.21690821256038648
MA010120220806476688,5,1.0,0.0,5,0.6333333333333333
MA010120220806477271,5,0.0,0.0,2,0.007079646017699115
MA010120220806477413,5,0.0,1.0,3,0.20800000000000002
MA010120220806478777,5,1.0,0.0,3,0.0
MA010120220806478919,1,1.0,1.0,5,0.17708214326516625
MA010120220806479070,5,1.0,1.0,5,0.9326334208223972
MA010120220806481047,5,1.0,0.0,2,0.08791208791208792
MA010120220806481596,5,1.0,1.0,4,0.036272040302267
MA010120220806482341,5,1.0,0.0,5,0.18307349665924277
MA010120220806483762,5,1.0,0.0,0,0.0
MA010120220806483902,5,1.0,0.0,3,0.0743385132297354
MA010120220806484579,5,1.0,0.0,4,0.0027596588058203713
MA010120220806484982,5,1.0,0.0,1,0.05384615384615384
MA010120220806486938,5,1.0,0.0,3,0.03186097031136858
MA010120220806487015,4,1.0,0.0,4,0.1652198263791655
MA010120220806488446,5,1.0,0.0,3,0.01534189517528636
MA010120220806488507,5,1.0,0.0,3,0.06557377049180328
MA010120220806490419,5,1.0,1.0,4,0.36318407960199
MA010120220806491198,5,1.0,0.0,1,0.0106951871657754
MA010120220806491658,5,1.0,0.0,0,0.0
MA010120220806493996,1,1.0,0.0,0,0.0
MA010120220806494940,5,1.0,0.0,3,0.049999999999999996
MA010120220806496281,5,1.0,1.0,3,0.15490196078431373
MA010120220806496535,5,1.0,0.0,3,0.03829787234042553
MA010120220806496752,5,1.0,0.0,3,0.001737047020065888
MA010120220806497132,5,1.0,0.0,1,0.00020105554159336519
MA010120220806497802,5,1.0,0.0,2,0.015081967213114753
MA010120220806499003,5,1.0,0.0,0,0.0
MA010120220806499041,5,1.0,0.0,2,0.00459866220735786
MA010120220806500162,1,0.0,0.0,3,0.0
MA010120220806501009,5,1.0,0.0,5,0.5348837209302325
MA010120220806502763,5,1.0,0.0,3,0.0
MA010120220806503435,5,0.0,1.0,2,0.30833333333333335
MA010120220806504035,1,1.0,0.0,0,0.0
MA010120220806508673,5,1.0,0.0,1,0.0
MA010120220806508678,5,1.0,0.0,3,0.005495075168481078
MA010120220806508884,5,1.0,0.0,1,0.009966777408637873
MA010120220806508976,5,1.0,0.0,3,0.04008714596949891
MA010120220806510023,5,1.0,0.0,2,0.037142857142857144
MA010120220806510229,5,1.0,1.0,3,0.015529411764705882
MA010120220806511033,5,1.0,1.0,1,0.0
MA010120220806511446,4,1.0,0.0,1,0.004866180048661801
MA010120220806512632,5,1.0,0.0,2,0.0007288629737609329
MA010120220806512948,5,1.0,1.0,3,0.002028508771929825
MA010120220806513645,5,1.0,0.0,1,0.0018879798615481435
MA010120220806515018,5,1.0,0.0,2,0.22051282051282056
MA010120220806515100,5,1.0,0.0,3,0.0
MA010120220806517072,5,1.0,0.0,4,0.023751274209989806
MA010120220806517801,5,1.0,0.0,0,0.0
MA010120220806518915,1,1.0,0.0,4,0.8043478260869565
MA010120220806519013,5,1.0,1.0,2,0.036893203883495145
MA010120220806519072,5,1.0,0.0,1,0.0038152610441767065
MA010120220806519307,5,1.0,0.0,1,0.045454545454545456
MA010120220806519551,5,1.0,0.0,2,0.09756097560975609
MA010120220806520430,5,1.0,0.0,5,0.8307692307692308
MA010120220806520491,4,1.0,0.0,2,0.001777634130575307
MA010120220806520787,5,1.0,0.0,5,0.5728952772073921
MA010120220806521390,5,1.0,1.0,1,0.0018832391713747647
MA010120220806523323,5,1.0,1.0,4,0.04375
MA010120220806523765,5,1.0,0.0,0,0.0
MA010120220806523787,5,1.0,0.0,4,0.10509120609855704
MA010120220806523856,5,0.0,0.0,3,0.022641509433962263
MA010120220806524201,5,1.0,0.0,5,0.6257142857142858
MA010120220806524395,5,1.0,0.0,0,0.0
MA010120220806524405,5,0.0,0.0,1,0.0013729977116704805
MA010120220806525068,4,1.0,0.0,2,0.07992443507956115
MA010120220806526616,5,1.0,0.0,4,0.022053231939163497
MA010120220806527944,5,1.0,0.0,3,0.0
MA010120220806528090,5,1.0,0.0,3,0.30623306233062336
MA010120220806528179,5,1.0,0.0,3,0.13842173350582146
MA010120220806528761,5,1.0,0.0,3,0.34146341463414637
MA010120220806528870,5,1.0,1.0,0,0.0
MA010120220806530810,5,1.0,0.0,1,0.0020283975659229204
MA010120220806531017,5,1.0,0.0,4,0.06286890871654083
MA010120220806531973,5,1.0,1.0,3,0.11977077363896847
MA010120220806532046,5,1.0,0.0,0,0.0
MA010120220806532593,5,1.0,0.0,1,0.016593886462882096
MA010120220806533035,5,0.0,0.0,3,0.0011661807580174927
MA010120220806533112,5,1.0,0.0,4,0.250788643533123
MA010120220806535984,5,1.0,0.0,2,0.0015406446381512264
MA010120220806537395,5,0.0,0.0,1,0.025052192066805846
MA010120220806537630,5,1.0,0.0,1,1.566906925728612e-05
MA010120220806538900,5,1.0,1.0,3,0.0944741532976827
MA010120220806539489,5,1.0,0.0,5,0.11864406779661017
MA010120220806539580,5,1.0,0.0,4,0.059445178335535004
MA010120220806539819,5,1.0,0.0,2,0.04833836858006042
MA010120220806539843,5,0.0,0.0,1,0.002059732234809475
MA010120220806541644,5,1.0,1.0,1,0.00027359781121751026
MA010120220806543290,1,1.0,0.0,0,0.0
MA010120220806545197,5,1.0,0.0,1,0.4
MA010120220806546177,5,1.0,0.0,1,0.003989361702127659
MA010120220806546395,5,1.0,0.0,2,0.008490930142802007
MA010120220806546988,5,1.0,1.0,1,0.0016652789342214821
MA010120220806546998,5,1.0,0.0,1,0.002352941176470588
MA010120220806547649,5,1.0,0.0,2,0.4
MA010120220806547930,5,1.0,0.0,1,0.02
MA010120220806548225,5,1.0,0.0,1,0.015810276679841896
MA010120220806548545,1,1.0,0.0,5,0.839811542991755
MA010120220806549031,5,1.0,0.0,3,0.0
MA010120220806549195,5,1.0,0.0,1,0.0
MA010120220806549778,5,1.0,0.0,4,0.09881422924901186
MA010120220806550179,5,1.0,0.0,2,0.029323308270676692
MA010120220806550332,1,1.0,0.0,0,0.0
MA010120220806551019,5,1.0,1.0,4,0.040796019900497506
MA010120220806552705,5,1.0,0.0,5,0.4868312757201646
MA010120220806555345,5,1.0,0.0,4,0.16909090909090907
MA010120220806555986,5,1.0,0.0,0,0.0
MA010120220806556594,1,1.0,0.0,0,0.0
MA010120220806556818,5,1.0,0.0,0,0.0
MA010120220806556935,5,1.0,0.0,3,0.008463251670378619
MA010120220806557197,5,1.0,0.0,0,0.0
MA010120220806557985,5,0.0,0.0,3,0.07368421052631578
MA010120220806558536,5,0.0,0.0,2,0.04615384615384615
MA010120220806559717,5,1.0,0.0,1,0.0009111617312072893
MA010120220806560285,5,0.0,0.0,5,0.0739041095890411
MA010120220806561006,5,1.0,0.0,1,0.01016949152542373
MA010120220806561764,1,0.0,0.0,3,1.0
MA010120220806561948,5,0.0,1.0,5,1.0
MA010120220806562910,5,0.0,0.0,2,0.010200364298724954
MA010120220806562962,5,1.0,0.0,1,0.01129032258064516
MA010120220806563092,5,1.0,1.0,3,0.03564356435643565
MA010120220806564110,5,1.0,0.0,0,0.0
MA010120220806564403,5,1.0,0.0,0,0.0
MA010120220806564701,5,1.0,0.0,1,0.0005865102639296188
MA010120220806565435,4,1.0,0.0,2,0.03260869565217391
MA010120220806565517,5,1.0,0.0,1,0.0021201413427561835
MA010120220806567768,5,1.0,0.0,4,0.03337547408343868
MA010120220806567817,5,1.0,0.0,5,0.6901639344262296
MA010120220806567953,5,1.0,0.0,1,0.058823529411764705
MA010120220806568028,5,1.0,0.0,1,0.027450980392156862
MA010120220806568029,5,1.0,0.0,3,0.0
MA010120220806570357,1,1.0,0.0,3,0.08196721311475409
MA010120220806570363,5,0.0,0.0,4,0.18013245033112582
MA010120220806570629,5,1.0,1.0,2,0.0025210084033613447
MA010120220806571178,5,1.0,1.0,2,0.018102824040550327
MA010120220806571240,5,1.0,0.0,1,0.00967741935483871
MA010120220806571356,5,1.0,0.0,3,0.08383233532934133
MA010120220806573973,4,1.0,0.0,1,0.000564334085778781
MA010120220806574754,5,1.0,0.0,0,0.0
MA010120220806575480,5,1.0,0.0,0,0.0
MA010120220806576192,5,1.0,0.0,2,0.021818181818181816
MA010120220806576575,5,1.0,0.0,0,0.0
MA010120220806576685,5,1.0,0.0,2,0.008376963350785341
MA010120220806578629,5,1.0,0.0,2,0.005200945626477542
MA010120220806579234,5,1.0,0.0,1,0.0005069708491761724
MA010120220806579603,5,1.0,1.0,2,0.0013318534961154272
MA010120220806580257,5,0.0,1.0,2,0.03757828810020877
MA010120220806580984,1,1.0,0.0,3,0.027911875713157203
MA010120220806581079,4,1.0,0.0,3,0.026422764227642278
MA010120220806582851,5,1.0,0.0,1,0.0050062578222778474
MA010120220806585618,5,1.0,0.0,5,0.6578947368421053
MA010120220806586409,5,1.0,1.0,3,0.04475247524752476
MA010120220806588060,5,1.0,0.0,2,0.012924071082390954
MA010120220806588177,5,0.0,1.0,1,0.01020408163265306
MA010120220806588396,5,1.0,0.0,3,0.0
MA010120220806590555,5,1.0,0.0,4,0.16891891891891891
MA010120220806590955,5,1.0,0.0,5,0.016526845637583894
MA010120220806591351,5,1.0,1.0,2,0.008365019011406846
MA010120220806592526,5,1.0,0.0,3,0.012167300380228138
MA010120220806592924,5,1.0,0.0,3,0.006211180124223602
MA010120220806593976,1,1.0,0.0,0,0.0
MA010120220806594570,5,0.0,0.0,0,0.0
MA010120220806595864,5,1.0,0.0,5,0.20747782002534854
MA010120220806600385,1,1.0,0.0,0,0.0
MA010120220806601223,5,0.0,0.0,2,0.034482758620689655
MA010120220806601581,5,1.0,0.0,2,0.014814814814814814
MA010120220806601695,5,1.0,0.0,1,0.0008948545861297539
MA010120220806606014,5,1.0,0.0,3,0.06357615894039735
MA010120220806606656,5,1.0,0.0,2,0.042622950819672135
MA010120220806606877,5,1.0,1.0,3,0.32041343669250644
MA010120220806607813,5,1.0,0.0,1,0.0008908685968819599
MA010120220806607849,5,1.0,1.0,4,0.1843520782396088
MA010120220806608411,5,0.0,0.0,4,0.08369829683698296
MA010120220806608586,5,1.0,0.0,1,0.0
MA010120220806609849,5,1.0,1.0,0,0.0
MA010120220806610055,5,1.0,0.0,3,0.0
MA010120220806610132,5,0.0,0.0,3,0.0
MA010120220806612106,1,0.0,0.0,0,0.0
MA010120220806615852,5,1.0,0.0,2,0.0033112582781456962
MA010120220806616215,5,1.0,0.0,1,0.002848101265822785
MA010120220806619094,5,1.0,0.0,3,0.010708117443868738
MA010120220806619252,5,1.0,0.0,1,0.0014184397163120566
MA010120220806619534,5,1.0,0.0,0,0.0
MA010120220806619618,5,1.0,0.0,1,0.03471074380165289
MA010120220806620046,5,1.0,0.0,0,0.0
MA010120220806620084,5,1.0,0.0,1,0.011363636363636364
MA010120220806621087,5,1.0,1.0,4,0.022053231939163497
MA010120220806621113,5,1.0,0.0,3,0.08527131782945736
MA010120220806621226,1,1.0,0.0,5,0.0847457627118644
MA010120220806624599,5,1.0,0.0,0,0.0
MA010120220806625884,5,1.0,0.0,5,0.7345679012345679
MA010120220806626583,5,1.0,0.0,3,0.04829157175398633
MA010120220806627269,5,1.0,0.0,4,0.21599169262720666
MA010120220806628160,5,1.0,0.0,3,0.5666666666666664
MA010120220806628410,5,1.0,1.0,3,0.032786885245901634
MA010120220806628745,5,1.0,1.0,3,0.07586206896551725
MA010120220806628876,5,1.0,0.0,1,0.002352941176470588
MA010120220806629164,5,1.0,0.0,0,0.0
MA010120220806629356,5,1.0,0.0,5,0.11684981684981685
MA010120220806631441,5,0.0,0.0,5,0.2212525667351129
MA010120220806633495,5,1.0,0.0,2,0.023437499999999997
MA010120220806635801,5,1.0,1.0,5,0.0735042735042735
MA010120220806635834,5,1.0,0.0,0,0.0
MA010120220806636263,5,1.0,0.0,3,0.012262156448202959
MA010120220806636749,5,0.0,1.0,0,0.0
MA010120220806637157,5,1.0,0.0,2,0.003478260869565217
MA010120220806637970,5,1.0,0.0,2,0.08807339449541284
MA010120220806638387,5,1.0,0.0,3,0.13801452784503634
MA010120220806639513,5,1.0,0.0,5,1.0
MA010120220806640027,5,1.0,0.0,2,0.14181818181818182
MA010120220806641022,5,1.0,1.0,5,0.18568232662192394
MA010120220806641906,5,1.0,0.0,1,0.0006116207951070336
MA010120220806642145,5,1.0,0.0,2,0.029498525073746312
MA010120220806643628,5,1.0,0.0,0,0.0
MA010120220806645026,1,0.0,0.0,0,0.0
MA010120220806646196,5,1.0,1.0,1,0.0027334851936218676
MA010120220806647746,5,1.0,1.0,3,1.0
MA010120220806648544,5,1.0,0.0,1,0.07954545454545453
MA010120220806649041,5,1.0,1.0,3,0.2870967741935484
MA010120220806649064,5,1.0,0.0,5,0.10446735395189002
MA010120220806649551,5,1.0,0.0,2,0.4197530864197531
MA010120220806650824,5,1.0,0.0,3,0.012927756653992395
MA010120220806651183,5,1.0,0.0,3,0.0
MA010120220806651519,5,1.0,0.0,1,0.0004918536735321243
MA010120220806652344,5,1.0,0.0,4,0.16697247706422016
MA010120220806653613,5,1.0,0.0,0,0.0
MA010120220806653727,5,1.0,0.0,1,0.0012763241863433313
MA010120220806653993,5,0.0,0.0,2,0.00581039755351682
MA010120220806657703,5,1.0,0.0,0,0.0
MA010120220806657975,5,1.0,0.0,3,0.03636363636363636
MA010120220806658531,5,1.0,0.0,2,0.004027690371302706
MA010120220806658687,5,1.0,0.0,1,0.015625
MA010120220806659079,5,1.0,0.0,0,0.0
MA010120220806659570,5,1.0,0.0,3,0.0923076923076923
MA010120220806660511,5,1.0,0.0,4,0.16885245901639345
MA010120220806660520,5,1.0,0.0,4,0.032692307692307694
MA010120220806661615,5,1.0,0.0,3,0.039436619718309855
MA010120220806663630,5,1.0,0.0,1,0.0016
MA010120220806664407,1,1.0,0.0,0,0.0
MA010120220806664965,5,1.0,0.0,0,0.0
MA010120220806664986,1,1.0,0.0,1,0.007552870090634441
MA010120220806666078,5,0.0,0.0,4,0.08503401360544217
MA010120220806666210,5,1.0,0.0,4,0.13097345132743363
MA010120220806666628,5,1.0,0.0,1,0.014914772727272726
MA010120220806668593,5,1.0,0.0,3,0.04170528266913809
MA010120220806669026,5,1.0,0.0,3,0.0
MA010120220806669200,5,1.0,0.0,0,0.0
MA010120220806669514,5,1.0,0.0,4,0.04330374372829024
MA010120220806669878,1,1.0,0.0,5,0.16904209479615512
MA010120220806670395,5,0.0,0.0,4,0.27947454844006564
MA010120220806671099,5,1.0,0.0,5,0.03971571906354515
MA010120220806671357,5,1.0,0.0,0,0.0
MA010120220806672464,5,0.0,0.0,5,0.07926421404682274
MA010120220806672651,5,1.0,0.0,2,0.015277777777777779
MA010120220806673079,5,1.0,0.0,2,0.013034033309196235
MA010120220806674167,5,1.0,0.0,2,0.015384615384615385
MA010120220806674276,5,1.0,0.0,5,0.0536818296054285
MA010120220806674731,5,1.0,0.0,3,0.0
MA010120220806677482,5,1.0,0.0,3,0.0
MA010120220806677622,5,1.0,0.0,1,0.01875
MA010120220806678318,5,1.0,0.0,0,0.0
MA010120220806678997,5,1.0,0.0,4,0.49180327868852464
MA010120220806679646,5,1.0,0.0,4,0.014882772680937819
MA010120220806679871,5,1.0,0.0,3,0.011232243145028081
MA010120220806681654,5,0.0,1.0,3,0.039241549876339654
MA010120220806681991,5,1.0,1.0,5,1.0
MA010120220806682799,5,1.0,0.0,5,0.5640625
MA010120220806684473,5,1.0,0.0,1,0.013559322033898305
MA010120220806684816,4,1.0,1.0,3,0.029968454258675076
MA010120220806684938,5,1.0,0.0,1,0.10982658959537571
MA010120220806685535,1,1.0,0.0,5,0.4557823129251701
MA010120220806686608,5,1.0,0.0,3,0.03863636363636364
MA010120220806688207,5,1.0,0.0,2,0.03056385034252591
MA010120220806688309,5,1.0,0.0,2,0.009682804674457429
MA010120220806689162,5,1.0,1.0,1,0.06629834254143646
MA010120220806689213,5,1.0,0.0,3,0.05046728971962617
MA010120220806689333,5,1.0,0.0,1,0.0009411764705882353
MA010120220806690131,5,1.0,0.0,2,0.021496815286624203
MA010120220806690968,5,1.0,0.0,1,0.019753086419753086
MA010120220806696567,5,0.0,0.0,1,0.0019017432646592709
MA010120220806700247,5,0.0,0.0,3,0.044755244755244755
MA010120220806701112,5,1.0,0.0,5,1.0
MA010120220806701232,5,1.0,0.0,2,0.006896551724137932
MA010120220806701648,5,1.0,0.0,3,0.0
MA010120220806702133,5,1.0,0.0,1,0.03214890016920474
MA010120220806703224,5,1.0,1.0,1,0.0020833333333333333
MA010120220806703912,5,1.0,0.0,4,0.12090395480225988
MA010120220806706279,5,1.0,0.0,0,0.0
MA010120220806706747,5,1.0,0.0,2,0.007119386637458927
MA010120220806709791,5,1.0,0.0,2,0.01690420947961551
MA010120220806710107,5,0.0,0.0,3,0.03647540983606558
MA010120220806710419,5,0.0,0.0,2,0.012869435091657314
MA010120220806711542,5,1.0,1.0,4,0.1900990099009901
MA010120220806714640,5,1.0,0.0,0,0.0
MA010120220806714864,5,1.0,1.0,1,0.0006451612903225806
MA010120220806715088,5,1.0,0.0,0,0.0
MA010120220806717846,5,1.0,0.0,3,0.4999999999999999
MA010120220806719604,5,1.0,0.0,2,0.152
MA010120220806721045,5,1.0,0.0,3,0.0039398652151373765
MA010120220806723418,5,1.0,0.0,4,0.015052240127501327
MA010120220806723927,5,1.0,0.0,3,1.0
MA010120220806724152,5,1.0,0.0,0,0.0
MA010120220806724354,5,1.0,0.0,1,0.0
MA010120220806724832,5,0.0,0.0,3,0.0
MA010120220806724841,5,1.0,0.0,0,0.0
MA010120220806724927,5,1.0,0.0,0,0.0
MA010120220806725185,1,1.0,0.0,5,0.0388629003238575
MA010120220806726258,5,1.0,0.0,2,0.0022704236772754915
MA010120220806726600,5,1.0,1.0,4,0.13493975903614458
MA010120220806726719,5,1.0,1.0,1,0.0140625
MA010120220806726902,5,1.0,0.0,0,0.0
MA010120220806727161,5,1.0,0.0,3,0.013958810068649885
MA010120220806730551,5,0.0,0.0,5,0.20762339715440017
MA010120220806731495,5,1.0,0.0,4,0.06721311475409836
MA010120220806732805,5,1.0,0.0,0,0.0
MA010120220806733233,5,1.0,0.0,2,0.02190923317683881
MA010120220806734542,5,1.0,0.0,4,0.021957040572792363
MA010120220806738200,5,1.0,0.0,0,0.0
MA010120220806738397,5,1.0,0.0,2,0.032314410480349345
MA010120220806738859,5,1.0,1.0,3,0.08
MA010120220806740945,5,1.0,0.0,5,0.20608365019011407
MA010120220806741717,5,0.0,0.0,3,0.07712305025996534
MA010120220806742030,5,1.0,0.0,0,0.0
MA010120220806742062,5,1.0,0.0,5,0.6954787234042552
MA010120220806743112,5,1.0,0.0,3,0.6333333333333334
MA010120220806743842,5,1.0,0.0,5,0.06779661016949153
MA010120220806743878,5,1.0,0.0,1,0.00010183299389002037
MA010120220806747520,5,1.0,0.0,1,0.009111617312072893
MA010120220806748022,5,1.0,0.0,0,0.0
MA010120220806748138,4,1.0,0.0,2,0.03409090909090909
MA010120220806748737,5,1.0,1.0,3,1.0
MA010120220806748768,5,1.0,1.0,4,0.20903954802259886
MA010120220806748810,5,1.0,0.0,2,0.04516129032258064
MA010120220806750334,5,1.0,0.0,3,0.16038647342995171
MA010120220806750530,5,1.0,1.0,0,0.0
MA010120220806750844,5,0.0,0.0,4,0.4425981873111782
MA010120220806752131,5,1.0,0.0,4,0.07380410022779042
MA010120220806753638,4,1.0,0.0,3,0.024284475281873375
MA010120220806754141,5,1.0,0.0,3,0.06997084548104957
MA010120220806758465,1,1.0,1.0,4,0.1434223541048467
MA010120220806760160,5,1.0,0.0,1,0.016901408450704224
MA010120220806760264,5,1.0,1.0,3,0.0
MA010120220806760422,5,1.0,0.0,3,0.031875607385811466
MA010120220806760736,5,0.0,0.0,5,0.29648862512364
MA010120220806762131,1,1.0,0.0,5,0.26277372262773724
MA010120220806762267,5,1.0,0.0,3,0.034574468085106384
MA010120220806764276,5,1.0,0.0,0,0.0
MA010120220806764390,5,1.0,0.0,5,0.10030581039755353
MA010120220806765135,5,1.0,1.0,3,1.0
MA010120220806765649,5,0.0,0.0,1,0.0010256410256410256
MA010120220806767393,5,0.0,0.0,3,0.0528608771420273
MA010120220806767813,5,1.0,0.0,5,1.0
MA010120220806768485,4,0.0,0.0,5,1.0
MA010120220806772685,5,1.0,0.0,4,0.4886363636363636
MA010120220806773664,4,1.0,1.0,2,0.11363636363636363
MA010120220806775019,5,1.0,0.0,0,0.0
MA010120220806775282,5,0.0,1.0,5,1.0
MA010120220806776003,1,0.0,0.0,5,0.4846686449060337
MA010120220806777617,5,1.0,0.0,2,0.0365079365079365
MA010120220806781828,4,0.0,0.0,2,0.032407407407407406
MA010120220806782515,5,0.0,0.0,1,0.010084033613445377
MA010120220806783515,5,1.0,0.0,3,0.75
MA010120220806783531,1,1.0,0.0,4,0.06933333333333333
MA010120220806784052,5,1.0,0.0,5,0.11008146639511202
MA010120220806784913,5,1.0,0.0,0,0.0
MA010120220806785155,5,1.0,0.0,3,0.08846153846153845
MA010120220806785274,5,1.0,0.0,0,0.0
MA010120220806786599,5,0.0,0.0,0,0.0
MA010120220806787029,5,1.0,1.0,3,0.0703125
MA010120220806787242,5,1.0,1.0,1,0.0012121212121212121
MA010120220806787800,5,1.0,0.0,1,0.0018587360594795538
MA010120220806788305,5,1.0,0.0,3,0.017758985200845668
MA010120220806788572,1,1.0,0.0,5,0.22116218560277537
MA010120220806788776,5,1.0,0.0,4,0.084375
MA010120220806789789,5,1.0,0.0,0,0.0
MA010120220806790353,5,1.0,0.0,5,0.07361702127659575
MA010120220806792019,5,1.0,0.0,5,0.024893162393162395
MA010120220806793213,5,0.0,0.0,2,0.04225352112676057
MA010120220806794354,1,0.0,0.0,4,0.32664941785252266
MA010120220806796945,5,1.0,0.0,1,0.002259887005649717
MA010120220806797183,5,1.0,0.0,1,0.0003232062055591467
MA010120220806798039,5,1.0,0.0,0,0.0
MA010120220806800899,5,1.0,0.0,0,0.0
MA010120220806801868,5,1.0,0.0,0,0.0
MA010120220806801913,5,1.0,0.0,4,0.08484162895927602
MA010120220806807072,5,1.0,0.0,3,0.008589362405021474
MA010120220806807200,5,1.0,0.0,2,0.04860267314702309
MA010120220806807319,5,0.0,0.0,0,0.0
MA010120220806808320,5,1.0,1.0,3,0.1
MA010120220806808469,5,1.0,0.0,5,0.28494453248811413
MA010120220806809586,5,1.0,0.0,3,0.027842227378190258
MA010120220806810367,5,1.0,0.0,2,0.04093567251461988
MA010120220806811018,5,1.0,0.0,3,0.011857707509881422
MA010120220806811075,5,1.0,0.0,1,0.007179487179487179
MA010120220806811588,5,1.0,0.0,3,1.0
MA010120220806814642,5,1.0,0.0,1,0.012485811577752555
MA010120220806815309,5,1.0,0.0,1,0.0
MA010120220806815324,5,1.0,0.0,4,0.07262945527908542
MA010120220806816916,5,0.0,0.0,1,0.00410958904109589
MA010120220806817056,5,1.0,1.0,5,0.579047619047619
MA010120220806819197,1,1.0,0.0,0,0.0
MA010120220806819576,5,1.0,0.0,0,0.0
MA010120220806820598,5,0.0,0.0,1,0.006951871657754011
MA010120220806821773,5,1.0,0.0,2,0.017741935483870968
MA010120220806822975,5,1.0,0.0,1,0.001987577639751553
MA010120220806823848,5,1.0,0.0,1,0.0019047619047619048
MA010120220806825161,4,1.0,0.0,3,0.0
MA010120220806828137,5,1.0,0.0,4,0.01367177682834883
MA010120220806828228,5,1.0,0.0,0,0.0
MA010120220806828234,5,0.0,1.0,1,0.058426966292134834
MA010120220806828259,4,1.0,0.0,2,0.014076576576576577
MA010120220806829743,5,1.0,0.0,1,0.005839416058394161
MA010120220806831822,5,1.0,0.0,2,0.017082785808147174
MA010120220806832153,5,1.0,0.0,1,0.0171875
MA010120220806832204,5,1.0,0.0,3,0.04662576687116564
MA010120220806832348,4,1.0,0.0,3,0.0075
MA010120220806832899,1,1.0,0.0,4,0.0545361875637105
MA010120220806834402,5,1.0,1.0,5,1.0
MA010120220806834995,5,1.0,0.0,3,0.03860182370820669
MA010120220806835658,5,1.0,0.0,5,1.0
MA010120220806837418,5,1.0,0.0,3,0.08292682926829269
MA010120220806837662,5,1.0,0.0,1,0.0032
MA010120220806838361,5,0.0,0.0,4,0.1228981206726014
MA010120220806838550,5,1.0,0.0,3,0.0014295925661186564
MA010120220806839050,5,1.0,0.0,3,0.18110918544194105
MA010120220806839786,5,1.0,0.0,1,0.006937561942517343
MA010120220806843399,5,1.0,0.0,2,0.021538461538461538
MA010120220806844766,5,1.0,0.0,1,0.03875968992248062
MA010120220806845408,5,0.0,1.0,3,0.009607498535442295
MA010120220806846805,5,0.0,0.0,4,0.018561872909698997
MA010120220806847234,5,1.0,0.0,2,0.00495785820525533
MA010120220806847362,5,1.0,0.0,5,1.0
MA010120220806847660,5,1.0,0.0,1,0.005319148936170213
MA010120220806847778,5,1.0,0.0,2,0.009653916211293261
MA010120220806848498,5,1.0,0.0,1,0.01953125
MA010120220806848652,5,0.0,0.0,1,0.022058823529411766
MA010120220806848914,5,0.0,0.0,1,0.0043086037430995015
MA010120220806849648,5,1.0,0.0,3,0.09999999999999998
MA010120220806849729,5,1.0,0.0,2,0.050830324909747295
MA010120220806849881,5,1.0,0.0,3,0.0183206106870229
MA010120220806852087,1,1.0,0.0,3,1.0
MA010120220806852710,4,0.0,0.0,1,0.0
MA010120220806853118,5,0.0,0.0,3,0.31501831501831506
MA010120220806854290,5,1.0,1.0,3,0.022779043280182234
MA010120220806855126,5,0.0,0.0,0,0.0
MA010120220806855134,4,1.0,0.0,0,0.0
MA010120220806855400,5,1.0,0.0,0,0.0
MA010120220806855468,5,1.0,0.0,0,0.0
MA010120220806855530,5,1.0,0.0,0,0.0
MA010120220806855714,1,1.0,1.0,5,0.16913319238900634
MA010120220806857664,5,1.0,0.0,3,0.011839323467230442
MA010120220806859200,5,1.0,0.0,0,0.0
MA010120220806860365,5,0.0,0.0,4,0.09176062445793581
MA010120220806860585,5,1.0,0.0,4,0.12386831275720166
MA010120220806860653,5,1.0,0.0,4,0.03901437371663244
MA010120220806860993,5,1.0,0.0,4,0.1652892561983471
MA010120220806862832,5,1.0,0.0,5,0.9078534031413613
MA010120220806863445,5,0.0,0.0,2,0.0031772575250836117
MA010120220806866239,5,1.0,1.0,5,0.25059101654846333
MA010120220806866804,5,1.0,0.0,0,0.0
MA010120220806866918,5,1.0,1.0,4,0.5287356321839081
MA010120220806866967,1,1.0,0.0,4,0.09090909090909091
MA010120220806871916,1,1.0,1.0,5,0.47380410022779046
MA010120220806873419,5,1.0,0.0,1,0.0024242424242424242
MA010120220806874347,5,1.0,0.0,0,0.0
MA010120220806874386,1,1.0,1.0,5,1.0
MA010120220806877307,5,1.0,0.0,4,0.17829457364341084
MA010120220806877309,5,1.0,0.0,0,0.0
MA010120220806877589,5,1.0,0.0,3,0.06028938906752411
MA010120220806879082,5,0.0,0.0,5,0.6274509803921569
MA010120220806880390,5,1.0,0.0,2,0.00959379465196979
MA010120220806880456,1,1.0,0.0,0,0.0
MA010120220806880475,5,1.0,0.0,3,0.0
MA010120220806880850,5,1.0,1.0,1,0.027700831024930747
MA010120220806880952,5,1.0,0.0,1,0.010434782608695651
MA010120220806881542,4,1.0,0.0,0,0.0
MA010120220806881786,5,0.0,1.0,2,0.0028380295965943643
MA010120220806881833,5,1.0,1.0,4,0.049253731343283584
MA010120220806882738,1,1.0,0.0,5,0.16116248348745046
MA010120220806882876,1,0.0,0.0,0,0.0
MA010120220806883318,5,0.0,0.0,3,0.2631578947368422
MA010120220806883422,5,1.0,0.0,1,0.0007102272727272727
MA010120220806883778,5,1.0,0.0,4,0.020738137082601055
MA010120220806884919,5,1.0,0.0,3,0.09975550122249388
MA010120220806884933,5,1.0,0.0,1,0.000333889816360601
MA010120220806885118,1,1.0,0.0,0,0.0
MA010120220806888941,5,1.0,0.0,4,0.07394957983193277
MA010120220806889907,1,1.0,0.0,5,0.4722703639514731
MA010120220806892609,5,1.0,0.0,5,0.24485981308411214
MA010120220806893334,5,1.0,0.0,5,0.20217864923747275
MA010120220806895557,5,1.0,0.0,0,0.0
MA010120220806899023,5,1.0,0.0,3,0.0034838709677419357
MA010120220806900604,5,1.0,0.0,5,0.3515151515151515
MA010120220806900883,5,1.0,0.0,5,0.01343389111477728
MA010120220806901006,5,1.0,0.0,4,0.5283687943262411
MA010120220806902167,5,1.0,0.0,5,0.4497093023255814
MA010120220806902444,5,1.0,0.0,1,0.006060606060606061
MA010120220806902524,5,0.0,1.0,4,0.09094535301156761
MA010120220806903110,5,1.0,0.0,1,0.0004400440044004401
MA010120220806903273,5,1.0,0.0,1,0.009828009828009828
MA010120220806903716,5,0.0,0.0,0,0.0
MA010120220806903822,5,0.0,1.0,5,1.0
MA010120220806905770,5,1.0,0.0,4,0.5643847363155637
MA010120220806905812,1,1.0,0.0,5,1.0
MA010120220806907453,5,1.0,0.0,3,0.0
MA010120220806908286,5,1.0,0.0,2,0.055769230769230765
MA010120220806908623,5,1.0,0.0,3,0.0
MA010120220806910560,5,1.0,0.0,1,0.003469210754553339
MA010120220806911076,5,1.0,1.0,3,0.03763440860215054
MA010120220806911171,5,1.0,0.0,2,0.014814814814814815
MA010120220806913713,5,1.0,1.0,4,0.0028600100351229302
MA010120220806915814,5,1.0,0.0,0,0.0
MA010120220806916926,5,1.0,0.0,2,0.04237623762376237
MA010120220806917474,5,1.0,0.0,3,0.11486486486486486
MA010120220806918937,1,1.0,0.0,5,1.0
MA010120220806919972,5,1.0,0.0,1,0.004651162790697674
MA010120220806920060,5,1.0,0.0,5,0.10266306445387881
MA010120220806920265,5,1.0,0.0,1,0.3658536585365854
MA010120220806921905,5,1.0,1.0,4,0.37714285714285717
MA010120220806922213,5,1.0,0.0,2,0.009125475285171103
MA010120220806922666,5,1.0,0.0,2,0.07428571428571429
MA010120220806923098,5,1.0,0.0,2,0.027467811158798285
MA010120220806924028,5,1.0,0.0,3,0.08416289592760182
MA010120220806924412,5,1.0,1.0,3,0.2662298987492555
MA010120220806925462,5,1.0,0.0,3,0.0
MA010120220806927039,5,0.0,0.0,5,0.934453781512605
MA010120220806927806,5,1.0,1.0,4,0.33205619412515963
MA010120220806928741,5,1.0,0.0,2,0.17460317460317462
MA010120220806929727,5,1.0,0.0,4,0.34228769497400346
MA010120220806931405,5,0.0,0.0,2,0.015757575757575755
MA010120220806932875,5,1.0,0.0,5,1.0
MA010120220806933462,5,1.0,1.0,5,0.8122004357298476
MA010120220806933476,5,0.0,0.0,2,0.04426229508196722
MA010120220806933903,5,1.0,0.0,2,0.009125475285171103
MA010120220806937555,5,1.0,1.0,4,0.02
MA010120220806937978,1,1.0,0.0,2,0.029107373868046574
MA010120220806939675,5,1.0,0.0,1,0.026058631921824105
MA010120220806939951,5,1.0,0.0,3,0.00948905109489051
MA010120220806940424,5,1.0,0.0,3,0.02564102564102564
MA010120220806940844,1,1.0,0.0,5,0.2642140468227425
MA010120220806941131,5,1.0,1.0,3,1.0
MA010120220806942071,1,1.0,0.0,5,1.0
MA010120220806942996,5,1.0,0.0,5,0.24494530991050714
MA010120220806943074,5,0.0,0.0,1,0.00017346053772766696
MA010120220806945587,5,1.0,1.0,2,0.028125
MA010120220806945882,5,0.0,0.0,0,0.0
MA010120220806945925,5,0.0,0.0,1,0.0019321974354470405
MA010120220806947081,5,1.0,0.0,1,0.013574660633484163
MA010120220806947406,5,1.0,0.0,2,0.019867549668874173
MA010120220806949150,5,1.0,0.0,4,0.04463472399344143
MA010120220806949991,5,0.0,0.0,2,0.005016722408026756
MA010120220806950615,5,1.0,0.0,2,0.1103448275862069
MA010120220806952832,5,1.0,0.0,1,0.0004237288135593221
MA010120220806956045,1,1.0,0.0,0,0.0
MA010120220806959023,4,1.0,0.0,5,1.0
MA010120220806959383,5,1.0,0.0,2,0.025073746312684365
MA010120220806961243,5,1.0,0.0,2,0.005970149253731343
MA010120220806961310,5,1.0,1.0,5,0.21907090464547677
MA010120220806961526,5,1.0,0.0,1,0.019404915912031053
MA010120220806963077,5,1.0,0.0,5,0.025082508250825083
MA010120220806964063,5,1.0,0.0,2,0.008936170212765958
MA010120220806964255,5,1.0,0.0,0,0.0
MA010120220806964449,5,1.0,0.0,4,0.020575111551809622
MA010120220806967728,5,1.0,0.0,3,0.01691542288557214
MA010120220806968454,5,1.0,0.0,3,0.033576642335766425
MA010120220806968720,5,0.0,0.0,2,0.046209386281588445
MA010120220806968986,5,1.0,0.0,1,0.0015873015873015873
MA010120220806970302,5,1.0,0.0,2,0.01457858769931663
MA010120220806970924,5,0.0,0.0,1,0.005555555555555556
MA010120220806971660,5,1.0,0.0,1,0.045375218150087264
MA010120220806971661,5,1.0,0.0,2,0.020634920634920634
MA010120220806972969,5,1.0,0.0,1,0.0038567493112947656
MA010120220806972989,5,1.0,1.0,2,0.031683168316831684
MA010120220806977714,5,1.0,0.0,3,0.03717472118959108
MA010120220806977982,5,0.0,0.0,0,0.0
MA010120220806978667,5,1.0,0.0,1,0.001763668430335097
MA010120220806979485,5,1.0,1.0,5,0.5399999999999999
MA010120220806979681,5,1.0,0.0,4,0.02372881355932203
MA010120220806980108,5,1.0,0.0,0,0.0
MA010120220806981591,5,1.0,0.0,4,0.11388888888888887
MA010120220806981667,5,1.0,0.0,3,0.058536585365853655
MA010120220806981880,5,1.0,1.0,1,0.020952380952380955
MA010120220806982481,5,0.0,0.0,2,0.019542527204086165
MA010120220806982869,5,1.0,0.0,1,0.012309920347574221
MA010120220806984219,5,1.0,0.0,0,0.0
MA010120220806984359,5,1.0,0.0,5,0.22650602409638554
MA010120220806985923,5,1.0,1.0,5,0.13987284287011809
MA010120220806986588,1,0.0,0.0,5,1.0
MA010120220806989276,5,0.0,0.0,2,0.023853211009174313
MA010120220806990178,5,1.0,0.0,5,0.4246153846153846
MA010120220806991297,5,0.0,0.0,0,0.0
MA010120220806992172,5,1.0,0.0,2,0.003272498426683449
MA010120220806994539,5,1.0,1.0,2,0.015339233038348082
MA010120220806995142,5,1.0,0.0,2,0.00755667506297229
MA010120220806995459,5,1.0,0.0,1,0.030656934306569343
MA010120220806996030,5,1.0,0.0,0,0.0
MA010120220806998404,5,0.0,1.0,3,0.031262060980316475
MA010120220806999036,5,1.0,0.0,5,0.0846875
MA010120220806999501,5,1.0,0.0,2,0.008662900188323917
MA010120220807002467,5,1.0,0.0,3,0.026984126984126982
MA010120220807006070,5,1.0,0.0,1,0.0002894356005788712
MA010120220807008212,5,1.0,0.0,2,0.12080536912751678
MA010120220807009871,5,0.0,0.0,1,0.0005069708491761724
MA010120220807011505,5,1.0,0.0,2,0.011019283746556472
MA010120220807012604,5,1.0,1.0,4,0.17748344370860927
MA010120220807014061,5,1.0,0.0,1,0.0011001100110011
MA010120220807014368,5,1.0,1.0,3,0.7885906040268457
MA010120220807014497,5,1.0,1.0,2,0.0047556142668428005
MA010120220807014750,5,0.0,0.0,5,0.18100686498855834
MA010120220807015983,5,1.0,1.0,5,0.056653992395437267
MA010120220807017419,5,1.0,0.0,4,0.014102729978004918
MA010120220807017757,5,0.0,0.0,2,0.0663265306122449
MA010120220807018780,5,1.0,0.0,4,0.1425925925925926
MA010120220807019110,5,1.0,0.0,3,1.0
MA010120220807019534,5,1.0,1.0,1,0.003076923076923077
MA010120220807020444,5,1.0,0.0,2,0.020596590909090908
MA010120220807020679,5,1.0,0.0,1,0.11199999999999999
MA010120220807022057,5,1.0,0.0,5,0.567920792079208
MA010120220807022749,5,1.0,0.0,0,0.0
MA010120220807023431,1,1.0,0.0,0,0.0
MA010120220807023476,5,1.0,0.0,0,0.0
MA010120220807024045,5,1.0,0.0,0,0.0
MA010120220807025676,5,1.0,1.0,1,0.005555555555555556
MA010120220807026048,1,1.0,1.0,5,0.20024591603723874
MA010120220807026705,5,1.0,0.0,0,0.0
MA010120220807028843,5,1.0,0.0,0,0.0
MA010120220807029695,5,1.0,0.0,1,0.12121212121212122
MA010120220807030132,5,1.0,0.0,4,0.016289592760180997
MA010120220807030902,5,1.0,0.0,0,0.0
MA010120220807035518,5,1.0,0.0,3,0.008375634517766496
MA010120220807035646,5,1.0,1.0,4,0.95
MA010120220807036936,5,0.0,0.0,3,0.0
MA010120220807040088,5,1.0,1.0,3,0.024040066777963272
MA010120220807043090,5,0.0,1.0,0,0.0
MA010120220807043673,5,1.0,1.0,4,0.030892448512585814
MA010120220807044019,5,1.0,1.0,1,0.018666666666666665
MA010120220807045318,4,1.0,1.0,4,0.046019900497512436
MA010120220807046206,5,1.0,0.0,1,0.00044742729306487697
MA010120220807047888,1,1.0,0.0,3,0.6196581196581197
MA010120220807048469,5,1.0,0.0,3,0.0
MA010120220807049612,5,1.0,0.0,3,0.0
MA010120220807051217,5,1.0,0.0,1,0.006611570247933884
MA010120220807052283,5,1.0,0.0,0,0.0
MA010120220807052518,5,1.0,1.0,3,0.008766564729867482
MA010120220807053165,5,1.0,0.0,2,0.011570247933884299
MA010120220807053319,5,1.0,1.0,4,0.0532258064516129
MA010120220807054083,5,1.0,1.0,5,0.28623853211009176
MA010120220807055440,5,0.0,0.0,0,0.0
MA010120220807056135,5,1.0,0.0,4,0.1197749196141479
MA010120220807056568,1,1.0,0.0,5,1.0
MA010120220807058056,5,1.0,0.0,2,0.02635658914728682
MA010120220807058221,5,1.0,0.0,0,0.0
MA010120220807059465,1,1.0,0.0,0,0.0
MA010120220807061097,5,1.0,0.0,2,0.04259259259259259
MA010120220807061459,5,1.0,0.0,1,0.010262257696693273
MA010120220807061582,1,0.0,0.0,1,0.016453382084095063
MA010120220807061863,5,1.0,0.0,4,0.008422994159237626
MA010120220807064638,5,1.0,0.0,5,0.5435114503816794
MA010120220807065172,5,1.0,0.0,4,0.4914772727272727
MA010120220807066575,5,1.0,0.0,0,0.0
MA010120220807067480,5,0.0,0.0,1,0.007079646017699115
MA010120220807067887,5,1.0,0.0,4,0.10478359908883828
MA010120220807068810,5,1.0,0.0,3,0.33628318584070793
MA010120220807068825,5,1.0,0.0,4,0.044126074498567334
MA010120220807069096,5,1.0,0.0,1,0.0008389261744966443
MA010120220807069773,5,1.0,0.0,2,0.006864988558352402
MA010120220807070602,5,1.0,0.0,1,0.0038135593220338985
MA010120220807071205,5,1.0,0.0,2,0.0166545981173063
MA010120220807072197,5,0.0,0.0,4,0.13559322033898305
MA010120220807072648,5,1.0,0.0,4,0.10612244897959185
MA010120220807073632,5,1.0,0.0,4,0.11992071357779979
MA010120220807073664,5,1.0,0.0,3,0.0
MA010120220807075015,5,1.0,0.0,4,0.030418250950570342
MA010120220807076163,5,0.0,0.0,3,0.005135470161147512
MA010120220807077690,5,1.0,0.0,4,0.07250470809792843
MA010120220807078030,5,1.0,0.0,3,0.0
MA010120220807083496,5,1.0,0.0,0,0.0
MA010120220807085290,4,1.0,1.0,3,0.4323308270676692
MA010120220807085350,5,0.0,0.0,1,0.005084745762711864
MA010120220807085502,5,1.0,0.0,2,0.11774891774891774
MA010120220807085926,5,0.0,0.0,1,0.004132231404958678
MA010120220807086247,1,0.0,0.0,4,0.04885631801021541
MA010120220807086257,5,0.0,0.0,0,0.0
MA010120220807086346,5,1.0,0.0,3,0.08376963350785341
MA010120220807086366,5,0.0,0.0,4,0.03065002152389152
MA010120220807086516,5,1.0,0.0,1,0.000919732441471572
MA010120220807086726,5,1.0,0.0,5,0.16483180428134556
MA010120220807087759,1,1.0,1.0,2,0.02586206896551724
MA010120220807089627,1,1.0,0.0,5,0.43820224719101125
MA010120220807090909,5,0.0,0.0,3,1.0
MA010120220807091173,5,1.0,0.0,1,0.002366863905325444
MA010120220807092513,5,1.0,1.0,3,0.006600660066006601
MA010120220807094104,4,1.0,0.0,4,0.16472868217054262
MA010120220807096103,5,0.0,0.0,0,0.0
MA010120220807096332,1,0.0,0.0,0,0.0
MA010120220807096457,5,1.0,0.0,0,0.0
MA010120220807096965,5,1.0,0.0,5,1.0
MA010120220807098747,5,1.0,0.0,3,0.0
MA010120220807099421,1,1.0,0.0,5,1.0
MA010120220807100256,5,1.0,0.0,1,0.01129032258064516
MA010120220807100611,5,1.0,1.0,1,0.0030418250950570345
MA010120220807101012,5,1.0,0.0,1,0.00024727992087042537
MA010120220807102284,5,1.0,0.0,4,0.27636363636363637
MA010120220807102740,4,1.0,0.0,3,0.0211864406779661
MA010120220807103163,5,1.0,0.0,4,0.0835214446952596
MA010120220807105538,5,1.0,0.0,3,0.3595800524934383
MA010120220807106312,5,1.0,0.0,0,0.0
MA010120220807106532,5,1.0,0.0,2,0.004728132387706856
MA010120220807107000,5,0.0,0.0,0,0.0
MA010120220807110043,5,1.0,0.0,0,0.0
MA010120220807110788,5,1.0,0.0,0,0.0
MA010120220807111048,5,1.0,0.0,3,0.08
MA010120220807111449,5,1.0,1.0,1,0.029834254143646412
MA010120220807113195,5,1.0,0.0,2,0.0006762988011066708
MA010120220807113501,5,0.0,0.0,3,0.1086245731308581
MA010120220807113530,5,1.0,0.0,1,0.0035166240409207163
MA010120220807114210,5,1.0,1.0,5,0.2450791200308761
MA010120220807116336,5,1.0,0.0,0,0.0
MA010120220807117721,5,1.0,0.0,3,0.03920470456454774
MA010120220807118004,5,0.0,0.0,4,0.7410138248847927
MA010120220807121357,5,0.0,0.0,3,0.0
MA010120220807121717,5,1.0,0.0,3,0.009498680738786281
MA010120220807122304,5,1.0,0.0,2,0.022608695652173914
MA010120220807123745,5,0.0,0.0,2,0.03538472716704207
MA010120220807124330,5,1.0,0.0,1,0.04057971014492753
MA010120220807125288,5,0.0,1.0,3,1.0
MA010120220807125973,5,1.0,0.0,0,0.0
MA010120220807126254,5,0.0,1.0,3,0.017040358744394617
MA010120220807128552,5,1.0,1.0,0,0.0
MA010120220807129908,5,1.0,0.0,3,0.05098039215686275
MA010120220807130998,5,1.0,0.0,1,0.009917355371900827
MA010120220807131467,5,1.0,0.0,3,0.04461538461538461
MA010120220807132760,5,1.0,1.0,3,0.029535864978902954
MA010120220807132967,5,0.0,1.0,5,0.5397849462365591
MA010120220807133123,4,1.0,0.0,3,0.0
MA010120220807133539,5,1.0,0.0,1,0.0024330900243309003
MA010120220807134019,5,1.0,0.0,3,1.0
MA010120220807136457,5,1.0,0.0,3,0.01763085399449036
MA010120220807136529,5,1.0,0.0,4,0.051904761904761905
MA010120220807138965,5,1.0,0.0,3,0.0
MA010120220807140033,5,1.0,0.0,2,0.0014577259475218656
MA010120220807140270,5,1.0,0.0,1,0.00202020202020202
MA010120220807140333,5,1.0,0.0,4,0.06434782608695652
MA010120220807140848,5,1.0,0.0,5,0.07155963302752294
MA010120220807140884,1,1.0,0.0,5,1.0
MA010120220807141600,4,1.0,0.0,4,0.2085152838427948
MA010120220807142387,5,1.0,0.0,3,0.0463276836158192
MA010120220807142813,5,1.0,0.0,1,0.03875968992248062
MA010120220807142964,5,1.0,0.0,2,0.031746031746031744
MA010120220807144975,5,1.0,1.0,1,0.08727272727272727
MA010120220807147790,5,1.0,0.0,4,0.059259259259259255
MA010120220807147906,5,1.0,0.0,1,0.008517887563884156
MA010120220807149010,5,1.0,0.0,5,0.11374999999999999
MA010120220807149544,5,1.0,0.0,2,0.025559105431309907
MA010120220807151987,5,1.0,1.0,1,0.006074168797953964
MA010120220807153939,5,1.0,0.0,3,0.11924528301886793
MA010120220807155453,5,1.0,0.0,2,0.01119221411192214
MA010120220807155866,5,1.0,0.0,5,0.152536231884058
MA010120220807156083,1,0.0,0.0,2,0.34782608695652173
MA010120220807156219,1,0.0,0.0,0,0.0
MA010120220807156333,5,1.0,1.0,5,0.1806216746009521
MA010120220807158879,5,1.0,0.0,3,1.0
MA010120220807159891,5,1.0,0.0,3,0.0
MA010120220807161710,5,1.0,0.0,4,0.08473804100227791
MA010120220807161885,5,1.0,1.0,1,0.0005341880341880342
MA010120220807162721,5,1.0,0.0,1,0.01782178217821782
MA010120220807162812,5,0.0,0.0,3,0.014018691588785047
MA010120220807163757,5,1.0,0.0,1,0.01948051948051948
MA010120220807164921,5,1.0,1.0,2,0.01945379723157501
MA010120220807165917,5,0.0,1.0,2,0.008365019011406846
MA010120220807167918,5,1.0,0.0,3,0.02608695652173913
MA010120220807169245,5,1.0,0.0,5,0.8720000000000001
MA010120220807169989,5,1.0,1.0,3,0.5714285714285713
MA010120220807170573,5,1.0,1.0,4,0.03436454849498328
MA010120220807173931,5,1.0,1.0,2,0.0056161215725140405
MA010120220807173957,5,1.0,0.0,3,0.016427104722792605
MA010120220807174041,5,1.0,1.0,1,0.0706713780918728
MA010120220807174578,5,1.0,0.0,3,0.010199999999999999
MA010120220807175334,5,1.0,0.0,1,0.005899705014749263
MA010120220807175582,5,1.0,0.0,3,0.0
MA010120220807202572,5,0.0,0.0,2,0.03387096774193549
MA010120220807202877,5,1.0,0.0,4,0.034220532319391636
MA010120220807205303,5,1.0,0.0,1,0.36
MA010120220807206277,5,1.0,0.0,3,0.009467455621301775
MA010120220807206935,5,1.0,1.0,3,0.00616061606160616
MA010120220807208814,5,1.0,0.0,0,0.0
MA010120220807209028,5,1.0,0.0,5,0.12189218921892189
MA010120220807210431,5,1.0,0.0,0,0.0
MA010120220807212908,5,1.0,0.0,2,0.05714285714285714
MA010120220807213165,5,0.0,0.0,3,0.09572107765451664
MA010120220807215442,5,0.0,0.0,5,0.06910006293266205
MA010120220807221617,5,1.0,0.0,1,0.0012763241863433313
MA010120220807222389,5,1.0,0.0,0,0.0
MA010120220807253875,5,1.0,0.0,3,0.0
MA010120220807273369,5,0.0,0.0,1,0.00029069767441860465
MA010120220807274370,5,1.0,0.0,4,0.17666666666666667
MA010120220807274962,5,1.0,0.0,5,0.27979966611018364
MA010120220807277237,5,1.0,1.0,3,0.004703020474356375
MA010120220807278698,5,0.0,0.0,3,0.021999228097259745
MA010120220807290965,5,0.0,0.0,5,1.0
MA010120220807291076,5,1.0,0.0,0,0.0
MA010120220807292941,5,1.0,0.0,5,0.07483443708609272
MA010120220807298551,5,1.0,0.0,0,0.0
MA010120220807327909,5,1.0,1.0,2,0.016129032258064516
MA010120220807328980,5,1.0,0.0,0,0.0
MA010120220807329267,5,1.0,0.0,1,0.0023827252419955326
MA010120220807329849,5,1.0,0.0,0,0.0
MA010120220807331504,5,1.0,0.0,2,0.04742547425474255
MA010120220807332506,5,1.0,0.0,2,0.020205479452054795
MA010120220807332770,5,1.0,0.0,5,0.4761904761904762
MA010120220807333573,5,1.0,1.0,1,0.09999999999999999
MA010120220807333877,5,1.0,0.0,1,0.0029411764705882353
MA010120220807334767,5,1.0,0.0,2,0.002073613271124935
MA010120220807343113,4,0.0,0.0,2,0.007853403141361256
MA010120220807343815,5,1.0,0.0,0,0.0
MA010120220807363311,5,1.0,0.0,2,0.007119386637458927
MA010120220807365880,5,1.0,0.0,2,0.04270833333333333
MA010120220807368068,5,1.0,0.0,0,0.0
MA010120220807369000,5,1.0,0.0,1,0.027848101265822787
MA010120220807370159,5,1.0,0.0,2,0.019455252918287938
MA010120220807370517,5,1.0,0.0,0,0.0
MA010120220807372112,5,0.0,1.0,2,0.005345211581291759
MA010120220807372274,5,1.0,1.0,3,0.01650294695481336
MA010120220807372753,5,1.0,0.0,3,0.26274509803921564
MA010120220807378342,5,0.0,0.0,2,0.021917808219178082
MA010120220807383253,5,0.0,0.0,2,0.011212814645308926
MA010120220807384188,5,0.0,0.0,3,0.1032258064516129
MA010120220807385056,5,1.0,0.0,0,0.0
MA010120220807385494,4,1.0,0.0,3,0.10602094240837696
MA010120220807385540,5,1.0,0.0,3,0.05660377358490567
MA010120220807386355,5,1.0,0.0,1,0.01045016077170418
MA010120220807387264,5,1.0,0.0,3,0.0
MA010120220807387737,5,1.0,1.0,2,0.0010721396844846072
MA010120220807389578,4,1.0,1.0,3,1.0
MA010120220807390075,5,1.0,1.0,2,0.051685393258426963
MA010120220807393235,5,1.0,0.0,3,0.11450381679389314
MA010120220807393965,5,1.0,0.0,3,0.02883506343713956
MA010120220807394555,5,0.0,0.0,0,0.0
MA010120220807396719,5,1.0,0.0,2,0.007397444519166107
MA010120220807397869,5,1.0,0.0,4,0.006568011352118386
MA010120220807398904,5,1.0,0.0,3,0.008528428093645485
MA010120220807401915,5,0.0,0.0,0,0.0
MA010120220807405080,5,1.0,1.0,3,0.02267962645321136
MA010120220807405472,5,1.0,0.0,2,0.005475271519612243
MA010120220807406198,5,1.0,0.0,3,0.03529411764705882
MA010120220807407519,5,1.0,0.0,4,0.09887250650477017
MA010120220807410029,5,1.0,0.0,2,0.05454545454545454
MA010120220807410947,5,1.0,0.0,3,0.4494382022471911
MA010120220807411155,5,1.0,0.0,1,0.007978723404255319
MA010120220807411895,5,1.0,0.0,2,0.02439024390243903
MA010120220807412212,5,1.0,1.0,2,0.01275626423690205
MA010120220807413191,5,1.0,0.0,3,0.10285714285714287
MA010120220807413683,5,1.0,0.0,0,0.0
MA010120220807415498,5,1.0,1.0,2,0.02782608695652174
MA010120220807415901,5,1.0,0.0,1,0.0015209125475285172
MA010120220807416693,5,1.0,1.0,4,0.014072119613016711
MA010120220807416850,5,1.0,0.0,5,0.1488673139158576
MA010120220807418016,5,1.0,0.0,2,0.001783904317859315
MA010120220807430734,5,0.0,0.0,3,0.0
MA010120220807430768,5,1.0,0.0,2,0.06990291262135923
MA010120220807432232,1,1.0,0.0,4,0.052083333333333336
MA010120220807433360,5,1.0,1.0,1,0.003045685279187817
MA010120220807433861,5,1.0,1.0,3,0.0
MA010120220807433967,1,1.0,1.0,5,0.8374384236453202
MA010120220807434317,5,1.0,0.0,1,0.005072463768115942
MA010120220807435988,5,1.0,0.0,3,0.03242282922496113
MA010120220807436038,5,1.0,0.0,1,0.00023568230025925048
MA010120220807436167,5,1.0,0.0,0,0.0
MA010120220807436520,5,1.0,0.0,2,0.0056153486195601315
MA010120220807436928,5,1.0,0.0,3,0.01558784676354029
MA010120220807437197,5,1.0,0.0,4,0.6203703703703703
MA010120220807440339,5,1.0,0.0,2,0.006071118820468344
MA010120220807440482,5,1.0,0.0,0,0.0
MA010120220807441310,5,1.0,0.0,1,0.0
MA010120220807441663,5,1.0,0.0,2,0.01566951566951567
MA010120220807445316,4,1.0,0.0,2,0.0024119127516778523
MA010120220807445788,5,0.0,0.0,2,0.009839816933638444
MA010120220807445921,5,0.0,0.0,0,0.0
MA010120220807481321,5,1.0,0.0,2,0.014925373134328358
MA010120220807481584,5,1.0,0.0,2,0.01787709497206704
MA010120220807482841,5,1.0,0.0,0,0.0
MA010120220807483740,5,0.0,0.0,1,0.0052410901467505235
MA010120220807484335,5,1.0,0.0,0,0.0
MA010120220807486425,5,1.0,0.0,0,0.0
MA010120220807488088,5,1.0,0.0,3,0.0541546093427036
MA010120220807488340,5,0.0,0.0,2,0.031098153547133137
MA010120220807488678,5,1.0,0.0,2,0.0023225806451612906
MA010120220807488989,5,0.0,0.0,0,0.0
MA010120220807490442,5,1.0,0.0,1,0.0005813953488372093
MA010120220807490783,5,0.0,0.0,4,0.12613813013546524
MA010120220807491431,5,1.0,0.0,5,0.17338403041825096
MA010120220807493338,5,1.0,0.0,3,0.04390243902439025
MA010120220807494619,5,1.0,0.0,2,0.058024691358024696
MA010120220807495239,4,1.0,0.0,3,0.028455284552845527
MA010120220807497238,5,1.0,0.0,2,0.06739130434782609
MA010120220807497471,1,1.0,1.0,5,0.5020576131687243
MA010120220807506887,5,1.0,0.0,4,0.46521739130434786
MA010120220807518374,5,1.0,0.0,2,0.008988764044943821
MA010120220807558461,5,1.0,0.0,3,0.02680565897244974
MA010120220807560576,5,1.0,0.0,3,0.007187735611962805
MA010120220807561717,5,1.0,0.0,5,0.05003335557038025
MA010120220807561999,5,0.0,0.0,5,0.1660017346053773
MA010120220807565527,5,1.0,0.0,5,0.1993730407523511
MA010120220807566482,5,0.0,0.0,5,0.0959079283887468
MA010120220807571391,5,1.0,0.0,4,0.04492753623188406
MA010120220807571497,5,1.0,0.0,0,0.0
MA010120220807571680,5,1.0,0.0,2,0.053393665158371045
MA010120220807572240,5,1.0,0.0,1,0.01568627450980392
MA010120220807580036,5,1.0,0.0,0,0.0
MA010120220807580091,5,1.0,0.0,3,0.007097591888466413
MA010120220807584986,5,1.0,0.0,0,0.0
MA010120220807656258,5,1.0,0.0,3,0.26422018348623855
MA010120220807656323,5,1.0,1.0,3,0.32195121951219513
MA010120220807656355,1,1.0,0.0,0,0.0
MA010120220807663569,4,1.0,0.0,0,0.0
MA010120220807665053,5,1.0,0.0,5,0.48602860286028604
MA010120220807673413,5,1.0,0.0,0,0.0
MA010120220807712237,5,1.0,0.0,3,0.02053231939163498
MA010120220807713721,4,1.0,1.0,3,1.0
MA010120220807718355,5,1.0,1.0,1,0.0022813688212927757
MA010120220807718430,5,1.0,0.0,1,0.011475409836065573
MA010120220807718968,5,1.0,1.0,4,0.36436170212765956
MA010120220807720573,5,1.0,0.0,1,0.0063025210084033615
MA010120220807721966,4,1.0,0.0,4,0.03653846153846154
MA010120220807722821,5,1.0,1.0,3,0.03674392312040701
MA010120220807722946,5,1.0,0.0,2,0.040875912408759124
MA010120220807724774,5,1.0,0.0,0,0.0
MA010120220807732038,4,0.0,0.0,1,0.013422818791946308
MA010120220807732887,1,0.0,0.0,3,0.048134777376654635
MA010120220807749684,5,0.0,0.0,3,0.006856187290969899
MA010120220807749717,5,1.0,1.0,2,0.0004515805318615153
MA010120220807750767,5,1.0,0.0,1,0.0024959624137424756
MA010120220807751024,5,1.0,0.0,0,0.0
MA010120220807755149,5,1.0,0.0,0,0.0
MA010120220807757053,5,0.0,0.0,1,0.004683434518647008
MA010120220807757553,5,1.0,0.0,2,0.009771986970684038
MA010120220807758148,5,1.0,0.0,1,0.0041025641025641026
MA010120220807758152,5,0.0,0.0,2,0.003762541806020067
MA010120220807758887,5,1.0,0.0,3,0.6
MA010120220807766402,4,1.0,0.0,0,0.0
MA010120220807770047,5,1.0,0.0,2,0.0030207677784770295
MA010120220807772518,5,1.0,0.0,3,0.05627009646302251
MA010120220807773162,5,1.0,1.0,3,1.0
MA010120220807774652,4,1.0,0.0,3,0.0
MA010120220807774832,5,1.0,0.0,4,0.36397058823529416
MA010120220807774899,5,1.0,0.0,1,0.008205128205128205
MA010120220807775150,5,1.0,0.0,1,0.0015625
MA010120220807776301,5,0.0,0.0,4,0.38908145580589254
MA010120220807776884,5,1.0,0.0,1,0.0034735623311462752
MA010120220807778221,5,1.0,0.0,4,0.06302521008403361
MA010120220807781255,5,1.0,0.0,2,0.03880597014925373
MA010120220807783605,5,1.0,1.0,5,1.0
MA010120220807783680,5,1.0,0.0,1,0.050761421319796954
MA010120220807784727,5,1.0,0.0,1,0.004228329809725159
MA010120220807784761,5,1.0,0.0,3,0.034545454545454546
MA010120220807787269,5,1.0,0.0,4,0.01806451612903226
MA010120220807787283,5,1.0,0.0,3,0.0270516717325228
MA010120220807790932,4,1.0,0.0,3,0.0
MA010120220807792858,5,1.0,0.0,4,0.007348029392117568
MA010120220807794759,5,1.0,1.0,3,0.0
MA010120220807797971,5,1.0,0.0,4,0.06448087431693988
MA010120220807798168,5,0.0,0.0,1,0.018493150684931507
MA010120220807800353,1,1.0,0.0,4,0.10289794204115918
MA010120220807801482,5,1.0,0.0,1,0.002283506060073775
MA010120220807801801,5,1.0,0.0,2,0.007610993657505285
MA010120220807803577,5,1.0,0.0,2,0.0042794210195091255
MA010120220807803971,1,1.0,0.0,3,0.009056799068443524
MA010120220807804112,5,0.0,0.0,3,0.01222169587873046
MA010120220807804200,5,1.0,0.0,1,0.0019464720194647203
MA010120220807812357,5,1.0,0.0,2,0.0021082505574700995
MA010120220807821180,5,1.0,0.0,3,0.0
MA010120220807821518,5,1.0,0.0,1,0.027210884353741492
MA010120220807823025,1,1.0,0.0,3,1.0
MA010120220807824772,5,1.0,0.0,3,0.006459627329192546
MA010120220807825180,5,1.0,0.0,5,0.02825822168087698
MA010120220807828137,1,1.0,0.0,5,1.0
MA010120220807828506,5,1.0,0.0,2,0.04444444444444444
MA010120220807828556,5,1.0,0.0,0,0.0
MA010120220807828602,5,1.0,0.0,4,0.18848167539267016
MA010120220807829222,5,1.0,0.0,0,0.0
MA010120220807833463,1,1.0,0.0,0,0.0
MA010120220807834189,4,1.0,0.0,0,0.0
MA010120220807864203,5,1.0,0.0,5,1.0
MA010120220807879030,1,1.0,1.0,2,0.028105677346824058
MA010120220807879190,5,1.0,0.0,2,0.14782608695652175
MA010120220807879488,5,1.0,0.0,5,0.3924242424242424
MA010120220807880140,5,1.0,0.0,4,0.04878048780487805
MA010120220807880842,5,1.0,0.0,1,0.017142857142857144
MA010120220807885542,5,1.0,1.0,3,0.19672131147540983
MA010120220807889132,5,1.0,0.0,4,0.21959459459459457
MA010120220807889215,5,1.0,0.0,2,0.014705882352941176
MA010120220807890617,5,1.0,0.0,2,0.002915082382762991
MA010120220807891268,5,1.0,0.0,4,0.01178707224334601
MA010120220807891368,5,1.0,0.0,5,1.0
MA010120220807899591,1,0.0,1.0,4,0.1926605504587156
MA010120220807899916,4,1.0,0.0,0,0.0
MA010120220807901043,5,1.0,0.0,3,0.006658047834518423
MA010120220807901045,5,1.0,0.0,3,0.13505154639175257
MA010120220807929010,5,0.0,1.0,3,0.0
MA010120220807929523,5,1.0,0.0,0,0.0
MA010120220807930613,5,1.0,0.0,2,0.12
MA010120220807930722,5,1.0,0.0,0,0.0
MA010120220807931384,5,1.0,0.0,0,0.0
MA010120220807931437,1,1.0,0.0,2,0.022
MA010120220807931623,4,1.0,0.0,1,0.029761904761904764
MA010120220807931686,5,1.0,0.0,4,0.05787545787545788
MA010120220807931716,5,1.0,0.0,5,1.0
MA010120220807933373,5,1.0,1.0,2,0.02095671981776765
MA010120220807934016,5,1.0,0.0,1,0.0003074085459575776
MA010120220807935375,5,1.0,0.0,5,0.7864700780572419
MA010120220807935931,5,1.0,0.0,2,0.02446043165467626
MA010120220807936570,5,1.0,1.0,1,0.011111111111111112
MA010120220807939504,5,1.0,0.0,3,0.06545454545454546
MA010120220807940542,1,1.0,0.0,5,0.22093981863149217
MA010120220807941278,5,1.0,0.0,1,0.0013258203513423932
MA010120220807941294,5,1.0,0.0,1,0.0008042221663734607
MA010120220807944082,5,0.0,0.0,1,0.005263157894736842
MA010120220807944726,5,1.0,0.0,4,0.039211723092470945
MA010120220807944747,5,1.0,0.0,2,0.005169628432956382
MA010120220807948797,4,1.0,0.0,1,0.008771929824561403
MA010120220807949330,5,0.0,0.0,4,0.058119658119658114
MA010120220807978349,5,1.0,0.0,4,0.08475836431226766
MA010120220807980479,5,1.0,0.0,2,0.006076618229854689
MA010120220807983017,5,1.0,0.0,2,0.010684474123539232
MA010120220807983635,5,1.0,0.0,1,0.5428571428571428
MA010120220807983639,5,0.0,0.0,4,0.045719489981785065
MA010120220807989727,5,1.0,0.0,0,0.0
MA010120220807989783,5,1.0,0.0,4,0.040740740740740744
MA010120220807989817,5,1.0,0.0,5,0.5004524886877828
MA010120220807990096,5,1.0,0.0,3,0.03278688524590164
MA010120220807993642,5,1.0,1.0,5,1.0
MA010120220807995005,5,1.0,0.0,1,0.0006837606837606838
MA010120220807996553,5,1.0,0.0,5,1.0
MA010120220807999171,5,1.0,0.0,5,0.11475409836065574
MA010120220808000120,5,1.0,0.0,3,0.14074074074074072
MA010120220808000395,5,1.0,0.0,1,0.0037183936539414977
MA010120220808001500,5,0.0,0.0,3,0.0022077270446562974
MA010120220808003151,5,1.0,0.0,2,0.013775510204081631
MA010120220808004279,5,1.0,0.0,3,0.0188953488372093
MA010120220808008465,5,1.0,0.0,3,0.11727748691099475
MA010120220808008733,5,1.0,0.0,3,0.022900763358778626
MA010120220808009101,5,1.0,0.0,1,0.026086956521739132
MA010120220808012343,5,1.0,0.0,0,0.0
MA010120220808014073,5,0.0,0.0,1,0.00035180299032541777
MA010120220808015018,5,1.0,0.0,4,0.03754693366708385
MA010120220808017718,5,1.0,0.0,1,0.005194805194805195
MA010120220808019343,5,1.0,0.0,5,0.3821782178217822
MA010120220808019542,5,0.0,0.0,4,0.660119760479042
MA010120220808021088,5,1.0,1.0,3,0.0
MA010120220808021749,5,1.0,0.0,0,0.0
MA010120220808021896,1,1.0,0.0,5,0.4690396737115313
MA010120220808023936,5,0.0,0.0,4,0.0784313725490196
MA010120220808027820,5,1.0,0.0,3,0.6309226932668329
MA010120220808028174,5,1.0,1.0,2,0.002838709677419355
MA010120220808028883,5,0.0,0.0,1,0.0002288329519450801
MA010120220808029103,5,1.0,0.0,4,0.15272727272727274
MA010120220808029647,1,0.0,0.0,5,0.518051434223541
MA010120220808030762,5,1.0,1.0,4,0.026365348399246702
MA010120220808033294,5,1.0,0.0,0,0.0
MA010120220808034520,5,1.0,1.0,5,1.0
MA010120220808034962,5,1.0,0.0,0,0.0
MA010120220808036033,5,1.0,0.0,0,0.0
MA010120220808036476,5,0.0,0.0,1,0.006578947368421052
MA010120220808036996,5,1.0,0.0,2,0.025698324022346366
MA010120220808038518,5,1.0,0.0,2,0.015426997245179062
MA010120220808039723,5,1.0,0.0,0,0.0
MA010120220808039843,5,1.0,0.0,1,0.010526315789473684
MA010120220808040614,5,0.0,0.0,0,0.0
MA010120220808041684,5,1.0,0.0,3,0.0608
MA010120220808041770,4,0.0,0.0,0,0.0
MA010120220808044780,5,1.0,0.0,5,0.3310784939374601
MA010120220808044836,5,1.0,0.0,2,0.003448275862068966
MA010120220808045652,5,1.0,0.0,2,0.028596187175043326
MA010120220808046420,5,1.0,1.0,2,0.005154118241536129
MA010120220808046602,5,1.0,1.0,4,0.03245436105476673
MA010120220808047083,5,1.0,0.0,4,0.008134078212290502
MA010120220808049151,5,1.0,0.0,3,0.006584568987182709
MA010120220808051946,5,1.0,0.0,0,0.0
MA010120220808053346,5,1.0,0.0,0,0.0
MA010120220808054668,5,1.0,0.0,1,0.020276497695852536
MA010120220808055472,5,1.0,1.0,4,0.043079377742321505
MA010120220808055564,5,0.0,0.0,3,0.13506493506493508
MA010120220808055866,1,1.0,0.0,0,0.0
MA010120220808057082,5,1.0,0.0,0,0.0
MA010120220808057833,5,1.0,1.0,1,0.008303838823849713
MA010120220808058011,5,0.0,0.0,1,0.0004728132387706856
MA010120220808059472,5,0.0,0.0,0,0.0
MA010120220808059628,5,1.0,0.0,3,0.05892547660311958
MA010120220808061307,5,1.0,0.0,2,0.24324324324324323
MA010120220808064955,1,1.0,0.0,2,0.06666666666666667
MA010120220808067018,5,1.0,0.0,5,1.0
MA010120220808067285,5,1.0,0.0,0,0.0
MA010120220808068411,5,1.0,0.0,4,0.133615221987315
MA010120220808069247,5,1.0,0.0,1,0.03061224489795918
MA010120220808069257,5,0.0,0.0,0,0.0
MA010120220808069419,1,1.0,0.0,4,0.14492753623188406
MA010120220808069721,5,0.0,0.0,1,0.011673151750972763
MA010120220808073511,1,1.0,0.0,5,0.11661221412415179
MA010120220808073779,5,1.0,0.0,2,0.05019305019305019
MA010120220808074293,4,0.0,0.0,3,0.006335282651072124
MA010120220808074362,5,1.0,0.0,1,0.0032015065913370997
MA010120220808074510,5,1.0,1.0,1,0.0065040650406504065
MA010120220808074827,5,1.0,0.0,1,0.009900990099009901
MA010120220808076301,5,1.0,0.0,0,0.0
MA010120220808076329,5,1.0,0.0,5,0.5232974910394266
MA010120220808078476,5,1.0,1.0,2,0.013071895424836602
MA010120220808079683,5,1.0,1.0,1,0.010101010101010104
MA010120220808079762,5,1.0,0.0,2,0.006666666666666666
MA010120220808080488,5,1.0,0.0,1,0.0009182736455463728
MA010120220808085014,5,1.0,0.0,0,0.0
MA010120220808085034,5,1.0,0.0,1,0.00980392156862745
MA010120220808086613,5,1.0,0.0,2,0.04545454545454546
MA010120220808087160,5,1.0,0.0,5,1.0
MA010120220808090525,5,1.0,1.0,2,0.004034969737726967
MA010120220808092247,5,0.0,1.0,2,0.028377065111758987
MA010120220808094293,5,1.0,0.0,0,0.0
MA010120220808098894,5,1.0,1.0,5,1.0
MA010120220808099073,5,1.0,0.0,2,0.0076045627376425855
MA010120220808100545,1,1.0,0.0,0,0.0
MA010120220808102276,5,1.0,0.0,0,0.0
MA010120220808102633,1,0.0,0.0,0,0.0
MA010120220808105783,5,0.0,0.0,1,0.002287581699346405
MA010120220808106133,4,1.0,0.0,3,0.0
MA010120220808106591,5,1.0,0.0,3,1.0
MA010120220808106879,5,1.0,0.0,5,0.7623762376237624
MA010120220808107364,5,1.0,1.0,4,0.02252816020025031
MA010120220808108631,5,1.0,0.0,4,0.10160427807486631
MA010120220808108996,5,1.0,0.0,1,0.004069767441860465
MA010120220808109740,5,1.0,0.0,1,0.0022471910112359553
MA010120220808111060,5,1.0,0.0,4,0.06275510204081633
MA010120220808111191,5,0.0,0.0,1,0.0004528399534221762
MA010120220808111199,5,0.0,0.0,3,0.044444444444444446
MA010120220808111717,5,1.0,0.0,4,0.06470588235294118
MA010120220808112199,1,1.0,0.0,0,0.0
MA010120220808112293,1,1.0,0.0,0,0.0
MA010120220808113665,5,1.0,0.0,0,0.0
MA010120220808114493,5,0.0,0.0,5,1.0
MA010120220808117791,5,1.0,1.0,4,0.27692307692307694
MA010120220808118842,5,1.0,0.0,2,0.0018099547511312216
MA010120220808120964,5,1.0,0.0,0,0.0
MA010120220808121604,5,1.0,0.0,0,0.0
MA010120220808123312,5,1.0,0.0,1,0.013333333333333334
MA010120220808123347,5,1.0,0.0,4,0.13661971830985914
MA010120220808123411,5,1.0,0.0,3,0.048850574712643674
MA010120220808124182,5,1.0,0.0,1,0.0056179775280898875
MA010120220808125349,5,1.0,0.0,3,0.4666666666666666
MA010120220808126733,5,1.0,0.0,3,0.6666666666666666
MA010120220808128152,5,1.0,0.0,3,0.04242424242424242
MA010120220808128940,5,1.0,0.0,2,0.08705357142857144
MA010120220808130372,5,1.0,1.0,5,0.04197802197802198
MA010120220808130459,5,1.0,0.0,0,0.0
MA010120220808131186,5,1.0,0.0,3,0.3666666666666667
MA010120220808132287,4,1.0,0.0,0,0.0
MA010120220808133812,5,1.0,1.0,5,0.9499999999999998
MA010120220808134381,5,0.0,0.0,1,0.03333333333333333
MA010120220808134933,5,1.0,1.0,3,0.0
MA010120220808135426,5,0.0,0.0,5,0.38288734720845724
MA010120220808136074,5,1.0,1.0,5,1.0
MA010120220808136401,5,1.0,0.0,3,0.04426229508196722
MA010120220808136836,5,0.0,1.0,2,0.049635036496350364
MA010120220808137848,5,1.0,1.0,4,0.5589225589225588
MA010120220808138699,1,1.0,0.0,0,0.0
MA010120220808139057,5,1.0,1.0,1,0.005263157894736842
MA010120220808139426,5,0.0,0.0,2,0.01292929292929293
MA010120220808141338,5,1.0,0.0,0,0.0
MA010120220808141494,5,1.0,0.0,0,0.0
MA010120220808141545,4,0.0,0.0,1,0.05165289256198347
MA010120220808143607,5,1.0,1.0,0,0.0
MA010120220808144494,4,1.0,0.0,1,0.2134146341463415
MA010120220808144745,5,1.0,0.0,2,0.0019230769230769232
MA010120220808145599,5,1.0,0.0,3,0.008953938872148084
MA010120220808145750,5,1.0,0.0,2,0.29944751381215473
MA010120220808146371,5,1.0,0.0,2,0.02303664921465969
MA010120220808147250,4,1.0,0.0,0,0.0
MA010120220808147995,1,1.0,0.0,1,0.21951219512195122
MA010120220808148372,5,1.0,0.0,2,0.05380116959064327
MA010120220808149328,5,0.0,0.0,5,1.0
MA010120220808149489,5,1.0,0.0,2,0.0072992700729927005
MA010120220808149563,5,0.0,0.0,4,0.07654320987654321
MA010120220808151316,5,1.0,0.0,3,0.17444717444717442
MA010120220808151949,5,0.0,1.0,4,0.008919521589296575
MA010120220808152133,4,1.0,0.0,0,0.0
MA010120220808152506,1,1.0,0.0,0,0.0
MA010120220808154628,5,1.0,0.0,0,0.0
MA010120220808155181,1,0.0,0.0,0,0.0
MA010120220808155302,5,1.0,1.0,1,0.0033898305084745766
MA010120220808155667,5,1.0,1.0,5,0.1995510662177329
MA010120220808156320,5,1.0,0.0,1,0.07011494252873562
MA010120220808157025,5,1.0,0.0,3,0.0345679012345679
MA010120220808158044,5,1.0,0.0,3,0.0
MA010120220808158408,5,1.0,0.0,1,0.002542372881355932
MA010120220808159134,5,1.0,0.0,0,0.0
MA010120220808159638,5,1.0,0.0,2,0.03304347826086956
MA010120220808160478,5,1.0,0.0,4,0.21235795454545453
MA010120220808161420,1,1.0,0.0,0,0.0
MA010120220808163736,5,1.0,0.0,2,0.0017094017094017094
MA010120220808165106,5,1.0,0.0,0,0.0
MA010120220808165139,5,1.0,0.0,5,0.824390243902439
MA010120220808167459,5,1.0,1.0,4,0.046086191732629726
MA010120220808167732,5,0.0,0.0,1,0.0072131147540983615
MA010120220808168428,5,1.0,0.0,2,0.005465838509316771
MA010120220808169099,5,1.0,1.0,4,0.03876404494382023
MA010120220808169367,5,1.0,0.0,2,0.004674541342045741
MA010120220808169902,5,1.0,0.0,5,1.0
MA010120220808170021,5,1.0,0.0,3,0.02
MA010120220808170327,5,1.0,0.0,2,0.018830525272547076
MA010120220808170737,5,1.0,0.0,5,0.1771177117711771
MA010120220808171824,5,1.0,1.0,3,0.07530864197530864
MA010120220808172579,1,1.0,0.0,0,0.0
MA010120220808174169,5,1.0,0.0,1,0.00202020202020202
MA010120220808174629,5,1.0,0.0,2,0.038636363636363635
MA010120220808174861,5,1.0,0.0,3,0.0
MA010120220808178209,5,1.0,0.0,3,0.012320328542094455
MA010120220808178781,5,1.0,0.0,5,0.9786259541984732
MA010120220808179254,5,1.0,0.0,1,0.01308411214953271
MA010120220808181048,1,1.0,0.0,5,0.778421433743664
MA010120220808184646,4,1.0,0.0,0,0.0
MA010120220808184755,5,0.0,0.0,3,0.0
MA010120220808185814,5,1.0,0.0,1,0.002894356005788712
MA010120220808186055,1,0.0,0.0,3,0.0
MA010120220808189115,5,1.0,0.0,2,0.01906412478336222
MA010120220808190807,5,1.0,0.0,1,0.007179487179487179
MA010120220808191673,4,1.0,0.0,1,0.009109311740890687
MA010120220808191809,5,1.0,0.0,0,0.0
MA010120220808194824,5,1.0,0.0,3,0.0030391061452513966
MA010120220808195064,5,1.0,0.0,4,0.07562642369020502
MA010120220808197406,5,1.0,0.0,4,0.0836676217765043
MA010120220808198013,1,0.0,0.0,5,0.34810126582278483
MA010120220808198056,5,1.0,1.0,1,0.0011406844106463879
MA010120220808201242,5,1.0,0.0,5,0.07856245287760745
MA010120220808202424,5,1.0,0.0,1,0.02401021711366539
MA010120220808205276,5,1.0,0.0,3,0.0
MA010120220808208327,5,1.0,0.0,0,0.0
MA010120220808209821,5,1.0,0.0,4,0.1275109170305677
MA010120220808210846,5,1.0,0.0,1,0.05813953488372093
MA010120220808211732,5,0.0,0.0,3,0.0
MA010120220808212251,1,0.0,0.0,3,0.0
MA010120220808213608,5,1.0,0.0,2,0.002064516129032258
MA010120220808215780,5,0.0,0.0,1,0.000794912559618442
MA010120220808216341,5,1.0,0.0,1,0.0056179775280898875
MA010120220808216608,5,0.0,0.0,1,0.0008544860517718019
MA010120220808216810,5,1.0,0.0,4,0.007325639739086804
MA010120220808219941,5,1.0,1.0,1,0.0008201523140011716
MA010120220808221476,1,0.0,0.0,1,0.002380952380952381
MA010120220808227691,4,1.0,0.0,3,0.02358490566037736
MA010120220808228046,5,1.0,0.0,4,0.04332892998678996
MA010120220808229896,5,1.0,0.0,3,0.04978165938864629
MA010120220808229926,5,0.0,0.0,5,0.13333333333333333
MA010120220808231412,5,1.0,0.0,2,0.14353312302839116
MA010120220808231740,5,1.0,0.0,0,0.0
MA010120220808231851,5,0.0,0.0,0,0.0
MA010120220808233426,5,1.0,0.0,0,0.0
MA010120220808233608,1,0.0,0.0,5,0.9965337954939341
MA010120220808238730,5,1.0,1.0,1,0.0012763241863433313
MA010120220808239849,5,1.0,0.0,0,0.0
MA010120220808241351,4,1.0,0.0,3,0.04722222222222222
MA010120220808243804,5,0.0,0.0,0,0.0
MA010120220808245913,5,1.0,0.0,3,0.021347565043362243
MA010120220808246297,5,1.0,0.0,1,0.001244167962674961
MA010120220808249696,4,1.0,0.0,3,0.0443519188993483
MA010120220808249787,5,0.0,0.0,2,0.010832383124287342
MA010120220808251360,5,0.0,0.0,0,0.0
MA010120220808251448,5,1.0,0.0,0,0.0
MA010120220808253315,5,1.0,0.0,1,0.01016949152542373
MA010120220808253860,1,1.0,0.0,5,1.0
MA010120220808254667,1,0.0,0.0,4,0.029077117572692796
MA010120220808254669,5,1.0,0.0,2,0.015937803692905733
MA010120220808256460,5,1.0,0.0,2,0.005026388539834129
MA010120220808256912,5,1.0,0.0,3,0.015466666666666667
MA010120220808257124,1,1.0,0.0,5,1.0
MA010120220808257233,5,1.0,0.0,0,0.0
MA010120220808257572,5,1.0,0.0,1,0.002192448233861145
MA010120220808258677,5,1.0,0.0,5,1.0
MA010120220808258943,5,0.0,0.0,1,0.008403361344537815
MA010120220808258971,5,1.0,1.0,4,0.06951484431571325
MA010120220808259208,5,1.0,0.0,0,0.0
MA010120220808259326,5,1.0,0.0,3,0.0
MA010120220808259480,5,1.0,0.0,5,0.26170798898071623
MA010120220808259705,5,1.0,0.0,5,0.5527272727272727
MA010120220808259797,5,1.0,0.0,0,0.0
MA010120220808260114,5,1.0,0.0,4,0.09344809415071141
MA010120220808260839,5,1.0,0.0,1,0.0030418250950570345
MA010120220808261112,5,1.0,1.0,3,0.0
MA010120220808261610,5,1.0,0.0,4,0.13523809523809524
MA010120220808261669,5,1.0,0.0,1,0.007751937984496124
MA010120220808264292,1,1.0,0.0,4,0.3359375
MA010120220808265383,5,1.0,0.0,1,0.012944983818770227
MA010120220808265954,5,1.0,1.0,2,0.0019011406844106464
MA010120220808267069,4,1.0,0.0,5,0.08955223880597014
MA010120220808267691,5,1.0,1.0,4,0.027420998980632008
MA010120220808268804,5,1.0,1.0,4,0.12359550561797754
MA010120220808269884,5,1.0,0.0,3,0.0
MA010120220808270866,5,0.0,0.0,3,0.031876138433515486
MA010120220808271574,1,1.0,0.0,3,0.2
MA010120220808271930,1,1.0,0.0,0,0.0
MA010120220808273067,5,1.0,0.0,4,0.394059405940594
MA010120220808273157,1,0.0,0.0,5,0.7169811320754716
MA010120220808275134,5,1.0,1.0,5,0.10095238095238095
MA010120220808276314,5,1.0,0.0,3,0.03225806451612903
MA010120220808276846,5,1.0,0.0,0,0.0
MA010120220808279572,1,1.0,0.0,3,0.0
MA010120220808279892,5,1.0,0.0,0,0.0
MA010120220808279986,5,1.0,0.0,5,0.13842150910667822
MA010120220808280102,5,1.0,0.0,2,0.09459459459459459
MA010120220808281578,5,0.0,0.0,1,0.0005676059193188729
MA010120220808281765,5,0.0,0.0,5,0.1087431693989071
MA010120220808282263,5,0.0,0.0,2,0.0025947699168862763
MA010120220808284833,1,1.0,1.0,3,0.0
MA010120220808284913,5,1.0,0.0,1,0.0006269592476489029
MA010120220808285438,5,1.0,0.0,0,0.0
MA010120220808288029,5,1.0,0.0,3,0.0297339593114241
MA010120220808288512,4,1.0,0.0,3,0.06689791873141725
MA010120220808289825,5,1.0,0.0,2,0.027160493827160497
MA010120220808289925,5,1.0,0.0,5,0.18604651162790697
MA010120220808290800,5,1.0,1.0,2,0.0033003300330033004
MA010120220808293702,1,1.0,1.0,3,0.0
MA010120220808294519,4,1.0,0.0,0,0.0
MA010120220808294986,4,1.0,0.0,2,0.02164009111617312
MA010120220808295589,5,1.0,0.0,1,0.0056179775280898875
MA010120220808296186,5,1.0,0.0,2,0.015277777777777779
MA010120220808299239,1,0.0,0.0,5,1.0
MA010120220808299564,5,1.0,1.0,2,0.01457858769931663
MA010120220808299611,5,1.0,0.0,0,0.0
MA010120220808300062,5,1.0,0.0,3,0.0
MA010120220808301124,5,1.0,0.0,2,0.0075294117647058826
MA010120220808301873,5,1.0,0.0,0,0.0
MA010120220808303432,5,1.0,0.0,1,0.012145748987854251
MA010120220808303991,5,1.0,0.0,5,1.0
MA010120220808304609,5,1.0,1.0,3,0.031788079470198675
MA010120220808304626,5,1.0,0.0,2,0.011839708561020037
MA010120220808305164,5,1.0,0.0,2,0.16363636363636364
MA010120220808307598,5,1.0,0.0,5,0.34936170212765955
MA010120220808309567,1,1.0,1.0,3,1.0
MA010120220808310659,5,0.0,0.0,4,0.3053040103492885
MA010120220808310797,5,1.0,0.0,5,0.5038759689922481
MA010120220808311297,5,0.0,0.0,4,0.32796934865900385
MA010120220808313211,5,1.0,1.0,5,0.17342657342657344
MA010120220808313669,5,1.0,0.0,4,0.01539176935596373
MA010120220808314224,5,1.0,1.0,5,0.22935779816513763
MA010120220808316286,5,1.0,0.0,0,0.0
MA010120220808316604,5,1.0,0.0,2,0.02483660130718954
MA010120220808317263,1,1.0,0.0,5,0.1713747645951036
MA010120220808318118,5,1.0,0.0,4,0.041007615700058585
MA010120220808318246,5,1.0,1.0,4,0.05323383084577114
MA010120220808319844,5,0.0,1.0,5,0.37648546144121364
MA010120220808321851,5,1.0,0.0,0,0.0
MA010120220808323766,5,0.0,0.0,1,6.469142191745375e-05
MA010120220808326375,5,1.0,0.0,0,0.0
MA010120220808328021,5,1.0,0.0,2,0.08280254777070065
MA010120220808328727,5,1.0,1.0,5,0.4196502914238135
MA010120220808328868,5,1.0,0.0,4,0.46545454545454545
MA010120220808329094,5,1.0,0.0,0,0.0
MA010120220808329655,5,1.0,0.0,4,0.017499999999999998
MA010120220808329816,5,1.0,0.0,5,1.0
MA010120220808329837,1,0.0,0.0,5,1.0
MA010120220808330043,5,0.0,0.0,1,0.02702702702702703
MA010120220808330244,5,1.0,0.0,1,0.0001267427122940431
MA010120220808330451,5,0.0,0.0,1,0.0030534351145038168
MA010120220808330504,5,1.0,1.0,4,0.2174757281553398
MA010120220808330520,5,1.0,0.0,1,0.0
MA010120220808331002,5,1.0,1.0,3,0.03797468354430379
MA010120220808331213,5,1.0,0.0,2,0.015250544662309368
MA010120220808334146,5,1.0,0.0,3,0.0
MA010120220808335426,5,1.0,0.0,1,0.004266666666666667
MA010120220808335863,5,1.0,0.0,2,0.026578073089701
MA010120220808337399,5,1.0,1.0,1,0.01158580738595221
MA010120220808337475,5,1.0,0.0,3,0.8775510204081634
MA010120220808337836,5,1.0,0.0,3,1.0
MA010120220808338622,5,1.0,1.0,3,0.04100946372239748
MA010120220808339101,5,1.0,0.0,0,0.0
MA010120220808339586,5,0.0,0.0,2,0.08906882591093118
MA010120220808339684,5,0.0,0.0,1,0.012121212121212121
MA010120220808340458,5,1.0,0.0,5,0.49206349206349215
MA010120220808341131,5,1.0,0.0,1,0.001097164925831651
MA010120220808345180,5,1.0,1.0,5,0.3793939393939394
MA010120220808345926,5,1.0,0.0,1,0.002192448233861145
MA010120220808346489,5,1.0,0.0,3,0.013688212927756654
MA010120220808348147,5,1.0,0.0,1,0.0036842105263157894
MA010120220808348315,5,1.0,0.0,3,0.0
MA010120220808348379,5,1.0,1.0,3,0.11965811965811966
MA010120220808349537,5,1.0,1.0,5,0.14634146341463414
MA010120220808349658,5,1.0,0.0,1,0.01241830065359477
MA010120220808350359,5,1.0,0.0,2,0.0027591973244147157
MA010120220808351297,5,0.0,0.0,0,0.0
MA010120220808352003,5,1.0,0.0,0,0.0
MA010120220808352187,5,0.0,0.0,3,0.00899723548630309
MA010120220808353472,5,1.0,0.0,5,0.23643070437379238
MA010120220808353615,4,1.0,0.0,3,0.06266490765171505
MA010120220808354181,5,1.0,0.0,4,0.5707317073170731
MA010120220808355641,5,0.0,1.0,4,0.002395926924228811
MA010120220808355763,5,1.0,0.0,4,0.07937219730941704
MA010120220808355928,5,0.0,0.0,1,0.00020070245860511792
MA010120220808358241,5,1.0,0.0,1,0.0007453416149068322
MA010120220808358602,5,1.0,0.0,0,0.0
MA010120220808359707,5,0.0,0.0,3,0.010304096506659964
MA010120220808359846,5,1.0,1.0,1,0.008284023668639054
MA010120220808360009,5,1.0,0.0,1,0.0007478632478632478
MA010120220808360699,5,1.0,0.0,0,0.0
MA010120220808361376,5,0.0,0.0,4,0.02920331741643629
MA010120220808362093,5,1.0,0.0,1,0.017391304347826087
MA010120220808362769,5,0.0,1.0,5,0.29784065524944153
MA010120220808364357,5,1.0,0.0,2,0.03125
MA010120220808365840,5,1.0,1.0,3,0.08079207920792078
MA010120220808366345,5,1.0,0.0,5,0.26046511627906976
MA010120220808366502,5,1.0,0.0,1,0.0038034865293185417
MA010120220808366562,5,1.0,1.0,1,0.000606366851945427
MA010120220808366673,5,1.0,0.0,4,0.00964765100671141
MA010120220808368663,5,0.0,0.0,5,0.8936687151636414
MA010120220808369066,5,1.0,0.0,3,0.6666666666666664
MA010120220808369981,5,0.0,0.0,3,0.04757185332011893
MA010120220808370057,5,0.0,1.0,4,0.09458823529411765
MA010120220808370362,5,1.0,1.0,5,0.3746849621954635
MA010120220808370942,5,1.0,0.0,1,0.0022522522522522522
MA010120220808372484,1,1.0,0.0,0,0.0
MA010120220808372783,1,1.0,0.0,0,0.0
MA010120220808373437,5,0.0,0.0,1,0.014545454545454545
MA010120220808373758,1,1.0,0.0,5,0.5361702127659574
MA010120220808374249,1,1.0,0.0,5,0.9035656401944894
MA010120220808374856,5,1.0,0.0,0,0.0
MA010120220808374920,1,1.0,0.0,5,0.8075842696629213
MA010120220808376083,5,1.0,0.0,3,0.023166023166023165
MA010120220808376573,5,1.0,1.0,3,0.0
MA010120220808377358,5,1.0,0.0,1,0.0015673981191222572
MA010120220808378320,5,1.0,0.0,3,0.039097744360902256
MA010120220808378485,5,1.0,1.0,5,0.8823529411764706
MA010120220808378545,5,0.0,0.0,0,0.0
MA010120220808379329,5,1.0,0.0,3,0.0
MA010120220808379693,1,1.0,0.0,2,0.007246376811594203
MA010120220808379780,4,1.0,0.0,2,0.028145695364238412
MA010120220808382171,5,1.0,0.0,3,0.00735483870967742
MA010120220808382464,5,1.0,0.0,0,0.0
MA010120220808384179,5,1.0,0.0,1,0.00038022813688212925
MA010120220808384421,5,1.0,1.0,3,0.0
MA010120220808385587,5,1.0,0.0,5,0.1870967741935484
MA010120220808386016,5,1.0,1.0,2,0.004651162790697674
MA010120220808387662,5,1.0,0.0,0,0.0
MA010120220808387744,5,0.0,0.0,4,0.011062233147884591
MA010120220808387915,5,1.0,1.0,3,1.0
MA010120220808391136,5,1.0,1.0,4,0.3139534883720931
MA010120220808391277,1,0.0,0.0,4,0.04189435336976321
MA010120220808395846,1,1.0,0.0,2,0.06698564593301436
MA010120220808395870,5,1.0,0.0,5,0.06471571906354516
MA010120220808397355,5,1.0,0.0,2,0.06896551724137931
MA010120220808398055,5,1.0,0.0,3,0.17289719626168226
MA010120220808400357,5,1.0,0.0,4,0.15819209039548024
MA010120220808401127,5,1.0,1.0,5,0.0582003828972559
MA010120220808401515,5,1.0,0.0,1,0.005863192182410423
MA010120220808405553,5,1.0,0.0,0,0.0
MA010120220808405594,5,1.0,0.0,2,0.013662678502508683
MA010120220808405667,1,1.0,0.0,3,0.024608501118568233
MA010120220808405684,5,1.0,0.0,5,1.0
MA010120220808406322,5,0.0,1.0,5,0.22181818181818183
MA010120220808406541,5,1.0,1.0,3,0.08768971332209105
MA010120220808407791,5,1.0,0.0,2,0.03728813559322034
MA010120220808408522,5,1.0,0.0,3,0.03305785123966942
MA010120220808409405,5,1.0,0.0,4,0.046096654275092935
MA010120220808410606,5,1.0,1.0,2,0.019882385886306354
MA010120220808410896,5,1.0,1.0,2,0.07585772741580107
MA010120220808411191,5,0.0,1.0,3,0.06153846153846154
MA010120220808411236,5,0.0,0.0,3,0.08326947637292466
MA010120220808412136,5,1.0,0.0,0,0.0
MA010120220808412772,5,0.0,0.0,0,0.0
MA010120220808413859,5,1.0,0.0,0,0.0
MA010120220808414886,5,0.0,0.0,3,0.00677257525083612
MA010120220808415273,5,1.0,1.0,4,0.6153846153846154
MA010120220808416923,1,0.0,0.0,0,0.0
MA010120220808417118,5,1.0,0.0,1,0.0061068702290076335
MA010120220808417427,5,1.0,0.0,2,0.00200387847446671
MA010120220808420924,5,1.0,0.0,1,0.0050420168067226885
MA010120220808422762,5,1.0,0.0,0,0.0
MA010120220808424347,5,1.0,0.0,4,0.0060901339829476245
MA010120220808424619,5,1.0,0.0,2,0.19230769230769232
MA010120220808425955,5,1.0,0.0,0,0.0
MA010120220808426427,5,1.0,0.0,1,0.005466970387243735
MA010120220808427037,5,0.0,0.0,5,0.2139270487920417
MA010120220808428837,5,1.0,1.0,5,0.5372549019607843
MA010120220808429055,1,1.0,0.0,3,0.003329633740288568
MA010120220808429072,5,1.0,0.0,1,0.032432432432432434
MA010120220808429459,5,1.0,0.0,3,0.0
MA010120220808430960,5,0.0,0.0,3,0.0392156862745098
MA010120220808431525,5,1.0,0.0,1,0.005217391304347826
MA010120220808432215,5,1.0,0.0,0,0.0
MA010120220808432787,5,1.0,1.0,0,0.0
MA010120220808434706,5,1.0,0.0,3,0.021379980563654033
MA010120220808435724,5,1.0,0.0,3,1.0
MA010120220808435912,5,1.0,0.0,0,0.0
MA010120220808437319,5,1.0,1.0,4,0.08747152619589976
MA010120220808440153,5,1.0,1.0,4,0.24370860927152316
MA010120220808440914,5,1.0,0.0,2,0.02328767123287671
MA010120220808441077,5,1.0,0.0,3,1.0
MA010120220808441287,5,1.0,0.0,1,0.0022575250836120403
MA010120220808443898,5,1.0,0.0,3,0.033115468409586055
MA010120220808444519,5,1.0,0.0,0,0.0
MA010120220808445463,5,1.0,0.0,1,0.0022556390977443606
MA010120220808445680,5,1.0,0.0,2,0.2494969818913481
MA010120220808447851,5,1.0,0.0,5,1.0
MA010120220808448193,5,1.0,0.0,3,0.011156186612576063
MA010120220808448549,5,1.0,1.0,3,0.03690888119953864
MA010120220808448853,5,1.0,0.0,4,0.28638497652582157
MA010120220808448882,5,0.0,0.0,5,0.3209621993127148
MA010120220808450644,5,0.0,0.0,1,0.017429193899782137
MA010120220808451172,5,1.0,0.0,3,0.38095238095238093
MA010120220808452190,5,1.0,0.0,0,0.0
MA010120220808452576,5,1.0,0.0,0,0.0
MA010120220808454464,5,1.0,0.0,3,0.043562269453715094
MA010120220808457709,5,1.0,1.0,3,0.19554455445544555
MA010120220808458521,1,0.0,0.0,5,0.3267084127416281
MA010120220808460394,5,1.0,0.0,3,0.0
MA010120220808461250,5,0.0,0.0,2,0.002564102564102564
MA010120220808462068,5,0.0,0.0,0,0.0
MA010120220808463723,5,1.0,0.0,3,0.014238773274917854
MA010120220808464493,5,0.0,0.0,2,0.05902255639097744
MA010120220808464499,5,1.0,1.0,5,1.0
MA010120220808464738,5,1.0,0.0,1,0.0069672131147540985
MA010120220808465859,5,1.0,0.0,3,0.004946280154064463
MA010120220808466012,5,1.0,1.0,4,0.07476635514018691
MA010120220808466518,5,1.0,0.0,5,0.2857142857142857
MA010120220808467390,5,1.0,0.0,4,0.2406779661016949
MA010120220808467399,5,1.0,0.0,5,1.0
MA010120220808468608,5,1.0,0.0,5,1.0
MA010120220808469046,5,1.0,0.0,3,1.0
MA010120220808469367,5,0.0,0.0,1,0.011042944785276074
MA010120220808470018,5,1.0,0.0,1,0.003929273084479372
MA010120220808471330,5,1.0,1.0,2,0.3354838709677419
MA010120220808471611,1,1.0,0.0,3,0.029411764705882356
MA010120220808471756,5,1.0,0.0,3,0.034909909909909914
MA010120220808472574,5,0.0,0.0,5,0.06007604562737643
MA010120220808473540,1,0.0,0.0,5,0.06710228700678562
MA010120220808474592,5,1.0,0.0,1,0.0019900497512437814
MA010120220808475083,5,1.0,1.0,1,0.010126582278481013
MA010120220808476577,5,1.0,0.0,3,0.0
MA010120220808476796,5,0.0,0.0,2,0.006844106463878327
MA010120220808477793,1,1.0,1.0,5,0.8715596330275229
MA010120220808479506,5,1.0,0.0,3,0.07061303354997366
MA010120220808479567,5,1.0,1.0,3,0.0
MA010120220808479572,5,1.0,0.0,2,0.025766871165644172
MA010120220808479640,5,1.0,0.0,3,0.2375
MA010120220808480015,5,1.0,0.0,2,0.017509727626459144
MA010120220808480417,5,1.0,1.0,4,0.007175112895132966
MA010120220808480421,5,0.0,0.0,0,0.0
MA010120220808480805,5,1.0,0.0,4,0.3549848942598187
MA010120220808482150,5,0.0,0.0,1,0.0029830957905203847
MA010120220808482281,1,1.0,0.0,1,0.0011441647597254005
MA010120220808482577,5,1.0,0.0,4,0.15231788079470202
MA010120220808484331,5,1.0,0.0,3,0.26885245901639343
MA010120220808485009,1,1.0,0.0,2,0.125
MA010120220808485158,5,1.0,0.0,1,0.02201834862385321
MA010120220808485994,5,1.0,0.0,0,0.0
MA010120220808486005,5,0.0,0.0,0,0.0
MA010120220808486620,5,1.0,0.0,3,0.017241379310344827
MA010120220808487743,5,1.0,0.0,1,0.0008782715615668366
MA010120220808488055,5,1.0,0.0,2,0.056818181818181816
MA010120220808488211,1,1.0,0.0,1,0.0030303030303030303
MA010120220808490374,5,1.0,0.0,3,0.0
MA010120220808492875,5,1.0,0.0,2,0.03157321720195972
MA010120220808493851,5,0.0,0.0,5,0.08288770053475936
MA010120220808493882,5,1.0,1.0,1,0.0014245014245014246
MA010120220808494653,5,1.0,0.0,2,0.11933534743202417
MA010120220808496271,5,0.0,0.0,2,0.025483057966956033
MA010120220808498375,5,1.0,1.0,4,0.007700770077007701
MA010120220808498773,5,1.0,1.0,1,0.031249999999999997
MA010120220808499637,5,1.0,0.0,1,0.000641025641025641
MA010120220808500790,5,1.0,0.0,2,0.008501118568232663
MA010120220808500926,4,1.0,0.0,0,0.0
MA010120220808500959,5,1.0,0.0,3,0.06666666666666667
MA010120220808502084,5,1.0,0.0,2,0.05737704918032787
MA010120220808503417,5,1.0,0.0,5,0.34331983805668015
MA010120220808504281,1,1.0,0.0,5,1.0
MA010120220808504591,5,1.0,0.0,4,0.2727272727272727
MA010120220808505398,5,1.0,0.0,0,0.0
MA010120220808505842,5,1.0,0.0,4,0.11493212669683257
MA010120220808506593,5,1.0,0.0,3,0.0847457627118644
MA010120220808506834,5,1.0,0.0,1,0.01984732824427481
MA010120220808507538,5,1.0,1.0,2,0.005504587155963303
MA010120220808508359,5,1.0,0.0,1,0.030211480362537763
MA010120220808508821,5,0.0,0.0,4,0.02039018250471995
MA010120220808508847,5,1.0,0.0,4,0.08544303797468354
MA010120220808508968,5,1.0,0.0,3,0.02877697841726619
MA010120220808512009,5,1.0,0.0,4,0.2757281553398058
MA010120220808512247,5,1.0,0.0,5,1.0
MA010120220808512398,5,1.0,0.0,2,0.016417910447761197
MA010120220808513948,5,1.0,0.0,1,0.04666666666666666
MA010120220808515268,4,1.0,0.0,1,0.004076086956521739
MA010120220808515880,5,1.0,0.0,1,0.008099094807050976
MA010120220808517488,5,0.0,0.0,4,0.024581939799331102
MA010120220808518411,5,1.0,0.0,0,0.0
MA010120220808518879,5,1.0,0.0,1,0.0005333333333333334
MA010120220808519116,5,0.0,0.0,2,0.006573957016434893
MA010120220808519362,4,1.0,1.0,4,0.04449152542372881
MA010120220808521072,5,1.0,0.0,3,0.4482758620689655
MA010120220808521980,4,1.0,0.0,0,0.0
MA010120220808522095,5,0.0,0.0,0,0.0
MA010120220808522105,5,1.0,0.0,0,0.0
MA010120220808524237,5,1.0,0.0,1,0.008064516129032258
MA010120220808524494,5,1.0,0.0,0,0.0
MA010120220808527184,5,1.0,0.0,0,0.0
MA010120220808528527,5,1.0,1.0,3,0.0
MA010120220808529958,5,1.0,0.0,4,0.24904942965779467
MA010120220808535016,4,1.0,0.0,1,0.03278688524590164
MA010120220808535965,5,1.0,0.0,2,0.00612635609444799
MA010120220808536287,5,1.0,0.0,5,0.1407051282051282
MA010120220808536400,5,1.0,0.0,1,0.0010582010582010583
MA010120220808537838,5,1.0,1.0,3,0.09934426229508198
MA010120220808537862,5,1.0,1.0,2,0.10113636363636364
MA010120220808537894,5,1.0,0.0,2,0.008571428571428572
MA010120220808538167,5,1.0,0.0,3,0.04721906923950057
MA010120220808538805,5,1.0,0.0,4,0.0403041825095057
MA010120220808539203,5,1.0,1.0,1,0.0
MA010120220808539577,1,1.0,0.0,3,0.09243697478991597
MA010120220808541058,5,0.0,0.0,3,0.0
MA010120220808541242,5,1.0,1.0,5,0.9346590909090908
MA010120220808542288,5,1.0,1.0,1,0.0016790597265531303
MA010120220808542892,5,1.0,0.0,1,0.0005105296745373325
MA010120220808544709,5,1.0,0.0,3,1.0
MA010120220808545803,1,0.0,0.0,5,1.0
MA010120220808546446,5,1.0,0.0,0,0.0
MA010120220808547450,5,1.0,0.0,3,0.17177914110429446
MA010120220808548404,5,1.0,0.0,0,0.0
MA010120220808549441,5,1.0,0.0,1,0.0008683068017366135
MA010120220808549498,5,0.0,0.0,2,0.02339688041594454
MA010120220808550504,5,1.0,0.0,5,0.05261875761266748
MA010120220808550653,5,0.0,0.0,3,0.0
MA010120220808551180,5,1.0,1.0,1,0.0
MA010120220808554109,1,1.0,1.0,4,0.15178571428571427
MA010120220808554218,5,1.0,0.0,0,0.0
MA010120220808554938,5,1.0,0.0,2,0.003573707721761327
MA010120220808556131,5,0.0,0.0,0,0.0
MA010120220808556406,5,1.0,0.0,3,0.021374045801526718
MA010120220808558071,5,1.0,0.0,3,0.002650290885585003
MA010120220808559416,1,1.0,0.0,3,0.010075566750629723
MA010120220808559593,5,1.0,0.0,1,0.0011116725618999495
MA010120220808560420,5,1.0,0.0,4,0.12786885245901639
MA010120220808560752,5,1.0,0.0,2,0.006808510638297873
MA010120220808561253,5,0.0,0.0,1,0.01138211382113821
MA010120220808561304,5,1.0,0.0,5,0.3686431268043526
MA010120220808562233,5,1.0,0.0,2,0.010158730158730159
MA010120220808562367,5,1.0,0.0,5,0.6500989119683481
MA010120220808564122,5,0.0,0.0,0,0.0
MA010120220808564592,5,1.0,0.0,3,0.0018867924528301887
MA010120220808565140,5,1.0,0.0,0,0.0
MA010120220808565303,1,1.0,0.0,5,1.0
MA010120220808566415,5,1.0,0.0,1,0.005079365079365079
MA010120220808566499,5,1.0,0.0,3,0.012625418060200668
MA010120220808567825,5,1.0,0.0,1,0.08800000000000001
MA010120220808569642,5,0.0,0.0,5,0.1851347672202559
MA010120220808569664,5,1.0,0.0,2,0.20454545454545453
MA010120220808569687,5,1.0,1.0,4,0.028244788164088774
MA010120220808570375,5,0.0,0.0,5,0.26666666666666666
MA010120220808570667,5,1.0,0.0,1,0.0005171299288946348
MA010120220808570886,1,1.0,1.0,5,1.0
MA010120220808571164,5,1.0,0.0,1,0.00903954802259887
MA010120220808571596,5,1.0,0.0,1,0.00700300128626554
MA010120220808572212,5,1.0,0.0,2,0.010200364298724954
MA010120220808573534,5,0.0,0.0,0,0.0
MA010120220808573642,5,1.0,0.0,1,0.007207207207207207
MA010120220808573744,1,1.0,0.0,5,0.08873505349276274
MA010120220808574199,5,1.0,0.0,4,0.0374372829023543
MA010120220808574782,5,1.0,0.0,0,0.0
MA010120220808574817,5,1.0,0.0,3,0.17894736842105263
MA010120220808575778,5,0.0,0.0,1,0.00016778523489932888
MA010120220808576852,5,1.0,0.0,1,0.029565217391304348
MA010120220808576880,5,1.0,0.0,0,0.0
MA010120220808577914,5,1.0,0.0,4,0.20373831775700935
MA010120220808578009,5,1.0,0.0,0,0.0
MA010120220808580988,4,1.0,0.0,1,0.0010486577181208054
MA010120220808581989,1,1.0,0.0,3,1.0
MA010120220808585102,5,0.0,1.0,2,0.10876369327073553
MA010120220808586380,5,1.0,0.0,3,0.0
MA010120220808586938,5,1.0,0.0,1,0.1303030303030303
MA010120220808587242,5,1.0,0.0,4,0.06172839506172839
MA010120220808587342,5,1.0,1.0,4,0.053743315508021396
MA010120220808587517,5,1.0,0.0,1,0.0018808777429467085
MA010120220808588275,5,1.0,0.0,3,0.0007147962830593284
MA010120220808588994,5,1.0,1.0,4,0.06424242424242424
MA010120220808589951,5,0.0,1.0,0,0.0
MA010120220808590361,5,1.0,0.0,2,0.006122448979591837
MA010120220808590810,5,1.0,0.0,2,0.1
MA010120220808591791,5,0.0,0.0,0,0.0
MA010120220808591905,4,0.0,0.0,1,0.0014326647564469914
MA010120220808591925,1,1.0,0.0,0,0.0
MA010120220808593988,5,1.0,1.0,4,0.009324954388810055
MA010120220808594660,5,1.0,0.0,0,0.0
MA010120220808594732,5,1.0,0.0,5,0.358
MA010120220808595541,5,1.0,0.0,4,0.012756598240469208
MA010120220808597182,5,1.0,0.0,0,0.0
MA010120220808598302,1,1.0,0.0,5,1.0
MA010120220808598525,5,1.0,0.0,2,0.007191657677094569
MA010120220808598911,5,1.0,0.0,0,0.0
MA010120220808599179,5,0.0,0.0,0,0.0
MA010120220808600502,5,1.0,0.0,0,0.0
MA010120220808601699,5,1.0,0.0,5,0.2724517906336088
MA010120220808603806,5,1.0,0.0,4,0.05525040387722133
MA010120220808603912,5,1.0,0.0,1,0.00223463687150838
MA010120220808604142,5,1.0,0.0,0,0.0
MA010120220808607182,5,0.0,0.0,3,0.11981566820276496
MA010120220808608809,5,1.0,0.0,1,0.00333889816360601
MA010120220808609228,5,1.0,0.0,0,0.0
MA010120220808610276,5,1.0,0.0,3,1.0
MA010120220808610300,5,1.0,0.0,4,0.23870967741935484
MA010120220808610488,5,1.0,1.0,4,0.13268608414239483
MA010120220808610814,5,1.0,0.0,1,0.000794912559618442
MA010120220808613391,1,1.0,0.0,3,0.15450643776824036
MA010120220808614735,5,1.0,0.0,0,0.0
MA010120220808615127,5,1.0,0.0,2,0.04219973267137674
MA010120220808616295,5,1.0,1.0,3,0.03897435897435897
MA010120220808616306,5,0.0,0.0,4,0.3905325443786983
MA010120220808616479,5,1.0,0.0,5,0.05667686034658512
MA010120220808617053,5,1.0,0.0,4,0.04313725490196079
MA010120220808617612,5,1.0,0.0,0,0.0
MA010120220808618167,5,1.0,0.0,0,0.0
MA010120220808618456,1,1.0,0.0,4,0.0003917267314321529
MA010120220808619826,5,1.0,0.0,1,0.0020887728459530026
MA010120220808620211,5,1.0,0.0,0,0.0
MA010120220808620447,5,1.0,0.0,3,0.06496039000609384
MA010120220808620505,5,1.0,0.0,2,0.0021232876712328768
MA010120220808621957,5,0.0,0.0,2,0.0071428571428571435
MA010120220808623962,5,1.0,0.0,1,0.03225806451612903
MA010120220808624602,5,0.0,0.0,3,0.0
MA010120220808625720,5,1.0,1.0,3,0.0007147962830593284
MA010120220808627658,1,1.0,0.0,5,0.24291497975708504
MA010120220808628038,5,1.0,0.0,1,0.03896103896103896
MA010120220808628224,5,1.0,1.0,4,0.0726890756302521
MA010120220808628232,5,0.0,0.0,5,1.0
MA010120220808628275,5,1.0,0.0,3,0.6
MA010120220808628841,5,0.0,0.0,5,0.11725932350390285
MA010120220808631724,4,1.0,0.0,4,0.015485516487520496
MA010120220808632218,5,1.0,1.0,3,1.0
MA010120220808632438,1,1.0,0.0,0,0.0
MA010120220808633654,5,1.0,0.0,5,1.0
MA010120220808633905,5,1.0,0.0,3,0.0425531914893617
MA010120220808637332,5,1.0,0.0,3,0.02564102564102564
MA010120220808637684,5,1.0,0.0,4,0.015082382762991129
MA010120220808638397,4,1.0,0.0,4,0.085970024979184
MA010120220808640163,5,1.0,0.0,3,0.016666666666666666
MA010120220808641439,5,1.0,1.0,1,0.0017793594306049821
MA010120220808642061,5,1.0,0.0,0,0.0
MA010120220808644423,5,1.0,0.0,2,0.007462686567164179
MA010120220808645884,5,1.0,0.0,2,0.01093394077448747
MA010120220808646114,5,1.0,0.0,0,0.0
MA010120220808646650,5,1.0,1.0,4,0.07457627118644068
MA010120220808647244,5,1.0,0.0,2,0.002125022135647246
MA010120220808648003,5,1.0,0.0,4,0.21732954545454544
MA010120220808649626,5,1.0,0.0,3,0.1152542372881356
MA010120220808650538,5,1.0,0.0,3,0.011577424023154847
MA010120220808650831,5,1.0,0.0,5,1.0
MA010120220808652069,5,1.0,0.0,0,0.0
MA010120220808652876,5,1.0,0.0,5,0.1532258064516129
MA010120220808655891,5,1.0,0.0,3,0.07816091954022988
MA010120220808655930,5,1.0,1.0,1,0.0016853932584269663
MA010120220808657394,5,1.0,1.0,2,0.009885931558935362
MA010120220808658938,5,1.0,0.0,5,0.821656050955414
MA010120220808662727,5,1.0,0.0,0,0.0
MA010120220808664050,5,1.0,1.0,1,0.0025210084033613443
MA010120220808664452,5,1.0,0.0,1,0.0006837606837606838
MA010120220808664817,5,1.0,1.0,4,0.0332892998678996
MA010120220808665601,4,1.0,1.0,4,0.017973856209150325
MA010120220808666626,5,1.0,0.0,2,0.0014595580782485304
MA010120220808667191,1,1.0,1.0,4,0.12883435582822086
MA010120220808667946,5,1.0,1.0,2,0.0033003300330033004
MA010120220808667956,5,1.0,0.0,4,0.12222222222222222
MA010120220808671093,5,1.0,0.0,2,0.10196078431372549
MA010120220808671702,5,1.0,0.0,2,0.015573770491803278
MA010120220808672071,1,0.0,0.0,5,0.6128719275549807
MA010120220808672178,4,1.0,0.0,0,0.0
MA010120220808672513,5,1.0,0.0,1,0.0026845637583892616
MA010120220808672564,5,1.0,0.0,3,0.3652173913043478
MA010120220808672646,5,1.0,0.0,0,0.0
MA010120220808673322,5,1.0,1.0,3,0.03703703703703703
MA010120220808674955,5,1.0,0.0,3,0.14457215836526183
MA010120220808677562,5,0.0,0.0,0,0.0
MA010120220808677906,5,1.0,0.0,2,0.07378640776699029
MA010120220808678554,1,1.0,0.0,5,1.0
MA010120220808681376,5,1.0,0.0,2,0.03148148148148148
MA010120220808682783,5,1.0,0.0,0,0.0
MA010120220808684679,5,1.0,0.0,4,0.12975206611570247
MA010120220808685566,4,1.0,0.0,0,0.0
MA010120220808687028,5,1.0,0.0,5,0.44891640866873067
MA010120220808689323,5,1.0,0.0,5,0.04247491638795987
MA010120220808689812,5,0.0,0.0,0,0.0
MA010120220808690007,5,1.0,0.0,5,1.0
MA010120220808690504,1,0.0,0.0,3,0.004459760794648287
MA010120220808691269,5,1.0,0.0,2,0.0036540803897685747
MA010120220808691740,4,1.0,1.0,5,0.059165526675786596
MA010120220808692432,5,1.0,0.0,0,0.0
MA010120220808694070,5,1.0,0.0,4,0.036969696969696965
MA010120220808696696,5,1.0,0.0,5,0.610705596107056
MA010120220808697314,5,1.0,0.0,1,0.009140767824497258
MA010120220808697762,5,1.0,0.0,4,0.003662819869543402
MA010120220808698564,5,1.0,0.0,5,1.0
MA010120220808698972,5,1.0,1.0,2,0.03082706766917293
MA010120220808699860,5,0.0,0.0,2,0.01875
MA010120220808700584,5,1.0,0.0,2,0.004896421845574388
MA010120220808700959,5,1.0,0.0,3,0.0
MA010120220808701415,5,1.0,0.0,2,0.00681265206812652
MA010120220808703623,5,1.0,0.0,1,0.0007339449541284404
MA010120220808706104,5,1.0,0.0,2,0.1368421052631579
MA010120220808706803,5,1.0,0.0,2,0.16521739130434782
MA010120220808706866,1,0.0,0.0,5,1.0
MA010120220808707396,5,1.0,0.0,3,0.019393939393939394
MA010120220808707698,5,1.0,0.0,2,0.005932203389830508
MA010120220808707874,5,1.0,0.0,4,0.392
MA010120220808708325,5,1.0,0.0,3,0.08243727598566308
MA010120220808709031,5,1.0,0.0,1,0.0013251783893985728
MA010120220808709224,5,1.0,0.0,3,0.02515177797051171
MA010120220808709282,5,1.0,0.0,4,0.10222222222222221
MA010120220808709571,5,1.0,0.0,3,1.0
MA010120220808709779,5,1.0,0.0,0,0.0
MA010120220808710348,5,1.0,0.0,1,0.02
MA010120220808710945,5,1.0,0.0,4,0.032699619771863114
MA010120220808711619,5,1.0,0.0,4,0.055
MA010120220808711620,4,1.0,0.0,3,0.04666095890410959
MA010120220808712195,5,0.0,1.0,0,0.0
MA010120220808714727,5,1.0,0.0,1,0.002826455624646693
MA010120220808714882,5,1.0,0.0,2,0.010387157695939566
MA010120220808715504,4,1.0,0.0,0,0.0
MA010120220808716189,5,1.0,0.0,1,0.04201680672268907
MA010120220808716715,5,1.0,1.0,4,0.13707865168539324
MA010120220808717166,1,1.0,0.0,3,0.0
MA010120220808717334,5,1.0,0.0,0,0.0
MA010120220808717493,5,1.0,0.0,3,0.0916030534351145
MA010120220808718900,5,1.0,0.0,1,0.031007751937984496
MA010120220808719043,5,1.0,0.0,5,1.0
MA010120220808720052,5,0.0,0.0,4,0.25321100917431194
MA010120220808724158,5,1.0,0.0,4,0.032699619771863114
MA010120220808725255,5,1.0,0.0,0,0.0
MA010120220808725550,5,1.0,0.0,4,0.057559198542805105
MA010120220808726493,5,1.0,0.0,1,0.012658227848101267
MA010120220808726555,5,1.0,1.0,5,0.033569835799716195
MA010120220808726675,5,0.0,0.0,5,0.06664511958629606
MA010120220808726730,5,0.0,0.0,4,0.018904109589041096
MA010120220808727356,1,1.0,0.0,1,0.00794912559618442
MA010120220808727720,5,1.0,0.0,3,0.07485380116959064
MA010120220808728327,5,1.0,0.0,1,0.006153846153846154
MA010120220808730827,5,1.0,0.0,4,0.14940334128878283
MA010120220808731423,5,0.0,0.0,0,0.0
MA010120220808732369,5,1.0,0.0,0,0.0
MA010120220808734583,5,1.0,0.0,3,0.3402061855670103
MA010120220808736376,5,0.0,0.0,5,0.6844863731656183
MA010120220808737110,5,0.0,0.0,1,0.004007285974499089
MA010120220808737169,5,1.0,0.0,2,0.051923076923076926
MA010120220808737217,5,1.0,0.0,2,0.0017123287671232876
MA010120220808742242,5,1.0,0.0,0,0.0
MA010120220808742451,5,1.0,0.0,4,0.44280762564991333
MA010120220808745373,5,1.0,0.0,2,0.04392764857881137
MA010120220808747186,5,1.0,0.0,0,0.0
MA010120220808750216,1,1.0,0.0,5,1.0
MA010120220808750401,5,1.0,0.0,1,0.008465608465608466
MA010120220808750542,5,1.0,1.0,2,0.023357664233576644
MA010120220808751143,5,1.0,0.0,2,0.02183406113537118
MA010120220808751210,5,1.0,0.0,3,0.06759098786828423
MA010120220808751403,5,1.0,0.0,3,0.013559322033898305
MA010120220808751558,5,1.0,0.0,3,0.012935323383084578
MA010120220808753506,5,1.0,0.0,3,0.01010611419909045
MA010120220808755862,5,1.0,0.0,1,0.008183306055646482
MA010120220808759591,5,0.0,0.0,2,0.03603960396039604
MA010120220808759603,5,1.0,0.0,3,0.0
MA010120220808761170,5,1.0,1.0,4,0.05276595744680851
MA010120220808762758,5,0.0,0.0,5,0.326027770215083
MA010120220808763535,5,0.0,1.0,4,0.053443526170798894
MA010120220808764795,5,1.0,0.0,3,0.02222222222222222
MA010120220808765305,5,1.0,0.0,4,0.08828828828828829
MA010120220808766149,5,1.0,0.0,2,0.010828625235404895
MA010120220808766301,5,1.0,0.0,2,0.01314459049544995
MA010120220808767710,5,1.0,1.0,3,0.09393939393939395
MA010120220808771072,5,1.0,0.0,3,0.07534391534391535
MA010120220808772765,1,1.0,0.0,3,0.1639344262295082
MA010120220808775816,5,1.0,0.0,3,1.0
MA010120220808776447,5,1.0,0.0,3,0.4256410256410257
MA010120220808776466,5,1.0,0.0,3,0.010674157303370785
MA010120220808776591,5,1.0,0.0,2,0.001291115893021826
MA010120220808779321,5,1.0,0.0,3,0.0
MA010120220808779818,5,1.0,0.0,1,8.108655990269614e-05
MA010120220808780555,5,1.0,0.0,2,0.028571428571428574
MA010120220808782337,5,0.0,0.0,0,0.0
MA010120220808784789,5,1.0,0.0,4,0.34108527131782945
MA010120220808784886,4,1.0,0.0,1,0.0007538377192982456
MA010120220808784945,5,1.0,0.0,2,0.05172413793103448
MA010120220808785798,5,1.0,0.0,5,1.0
MA010120220808790291,5,1.0,0.0,2,0.03414634146341463
MA010120220808791384,5,1.0,0.0,0,0.0
MA010120220808794305,5,1.0,1.0,4,0.014106583072100314
MA010120220808796819,5,1.0,1.0,3,0.04153846153846154
MA010120220808797138,5,1.0,0.0,5,1.0
MA010120220808797455,5,1.0,0.0,2,0.012165450121654502
MA010120220808799594,1,1.0,0.0,0,0.0
MA010120220808802121,1,1.0,0.0,0,0.0
MA010120220808802471,5,1.0,0.0,0,0.0
MA010120220808802605,5,1.0,0.0,0,0.0
MA010120220808802872,5,1.0,0.0,0,0.0
MA010120220808809992,5,1.0,0.0,3,0.0
MA010120220808810061,5,1.0,0.0,3,1.0
MA010120220808810510,4,1.0,0.0,1,0.01050420168067227
MA010120220808810840,5,1.0,0.0,1,0.0006863417982155113
MA010120220808811038,5,1.0,0.0,2,0.07818181818181817
MA010120220808811435,5,1.0,0.0,2,0.006263982102908277
MA010120220808813869,5,1.0,0.0,3,0.01064638783269962
MA010120220808816920,1,1.0,0.0,0,0.0
MA010120220808817009,1,1.0,0.0,5,0.2877906976744186
MA010120220808818611,5,1.0,1.0,1,0.020089285714285716
MA010120220808818619,5,0.0,0.0,1,0.0009456264775413712
MA010120220808821942,5,1.0,0.0,2,0.012021857923497267
MA010120220808822833,5,1.0,0.0,3,0.012104909213180902
MA010120220808823498,5,1.0,0.0,4,0.002815214135968853
MA010120220808823917,5,1.0,0.0,5,1.0
MA010120220808824628,1,1.0,0.0,5,0.7782805429864253
MA010120220808824747,5,1.0,1.0,2,0.0017123287671232876
MA010120220808825903,5,1.0,0.0,0,0.0
MA010120220808825953,5,1.0,0.0,3,0.011440677966101695
MA010120220808828763,5,1.0,0.0,1,0.00923076923076923
MA010120220808829068,5,1.0,0.0,3,0.13829787234042554
MA010120220808829667,1,1.0,0.0,0,0.0
MA010120220808830925,5,1.0,0.0,5,0.10484581497797356
MA010120220808832530,5,1.0,0.0,3,0.0
MA010120220808833746,5,1.0,1.0,5,0.40058139534883724
MA010120220808834356,1,1.0,0.0,2,0.21176470588235294
MA010120220808836788,5,1.0,0.0,3,0.019686800894854587
MA010120220808839176,5,1.0,0.0,0,0.0
MA010120220808839715,5,0.0,0.0,5,0.6802270577105014
MA010120220808840612,5,1.0,0.0,2,0.0012621359223300972
MA010120220808842157,5,0.0,0.0,0,0.0
MA010120220808843361,1,0.0,0.0,0,0.0
MA010120220808871326,5,1.0,1.0,3,0.008086253369272238
MA010120220808904258,5,1.0,0.0,0,0.0
MA010120220808905322,5,1.0,0.0,3,0.010163609320773426
MA010120220808905325,5,1.0,0.0,1,0.005240174672489083
MA010120220808907032,5,1.0,0.0,3,0.27868852459016397
MA010120220808907432,5,1.0,1.0,4,0.4074074074074074
MA010120220808908148,5,1.0,1.0,5,1.0
MA010120220808909468,5,1.0,0.0,2,0.018055555555555557
MA010120220808912054,5,1.0,0.0,5,1.0
MA010120220808912137,5,0.0,0.0,2,0.0035087719298245615
MA010120220808913567,1,1.0,0.0,3,1.0
MA010120220808913866,5,1.0,0.0,1,0.006932409012131715
MA010120220808913902,5,0.0,0.0,3,0.005478763508419201
MA010120220808914062,5,1.0,0.0,5,0.4257142857142857
MA010120220808914831,5,0.0,0.0,5,0.05037783375314862
MA010120220808920580,4,1.0,0.0,1,0.0
MA010120220808938090,5,1.0,0.0,1,0.0021542051880441607
MA010120220808946023,5,1.0,0.0,3,0.03122676579925651
MA010120220808978811,5,1.0,0.0,1,0.09999999999999999
MA010120220808979587,5,1.0,0.0,0,0.0
MA010120220808980343,5,1.0,0.0,3,0.019011406844106463
MA010120220808980911,5,1.0,0.0,3,0.2647058823529412
MA010120220808982179,5,1.0,0.0,2,0.004126547455295737
MA010120220808982612,5,1.0,0.0,1,0.0
MA010120220808983334,5,1.0,0.0,1,0.009404388714733543
MA010120220808984265,5,1.0,0.0,3,1.0
MA010120220808987246,5,1.0,0.0,4,0.03952772073921971
MA010120220808990780,5,1.0,0.0,2,0.01906412478336222
MA010120220808993666,5,1.0,0.0,3,0.05240590757503573
MA010120220808993696,5,1.0,0.0,1,0.0008532423208191125
MA010120220808994298,5,1.0,0.0,1,0.00205761316872428
MA010120220808998152,4,1.0,1.0,5,1.0
MA010120220809005573,5,1.0,0.0,0,0.0
MA010120220809079323,5,1.0,0.0,3,0.036205648081100654
MA010120220809083875,5,1.0,0.0,1,0.0014193548387096775
MA010120220809084124,5,1.0,0.0,5,0.16139878950907868
MA010120220809085509,5,0.0,0.0,0,0.0
MA010120220809086067,5,1.0,0.0,3,0.0
MA010120220809086240,5,1.0,0.0,4,0.0666183924692252
MA010120220809132550,5,1.0,1.0,1,0.0032520325203252032
MA010120220809134944,1,1.0,1.0,5,1.0
MA010120220809135598,5,1.0,0.0,1,0.0012232415902140672
MA010120220809135972,5,1.0,0.0,3,0.031129476584022042
MA010120220809141129,5,1.0,0.0,3,0.004093567251461989
MA010120220809141442,5,1.0,0.0,4,0.5227272727272726
MA010120220809149915,1,1.0,0.0,4,0.28695652173913044
MA010120220809151008,5,1.0,0.0,1,0.0033898305084745766
MA010120220809151044,5,1.0,0.0,5,0.05797689033042773
MA010120220809151456,1,1.0,0.0,0,0.0
MA010120220809196394,5,1.0,0.0,1,0.00048661800486618007
MA010120220809196844,5,1.0,0.0,2,0.004388714733542319
MA010120220809197724,5,1.0,0.0,2,0.022484541877459244
MA010120220809201104,5,0.0,0.0,1,0.0001292824822236587
MA010120220809202526,5,1.0,0.0,1,0.005199306759098786
MA010120220809204863,5,1.0,0.0,1,0.00048651935941617676
MA010120220809206337,5,1.0,0.0,1,0.0005852842809364548
MA010120220809206380,5,1.0,0.0,1,0.00019493177387914232
MA010120220809206877,5,1.0,0.0,1,0.0049261083743842365
MA010120220809206923,5,1.0,0.0,3,0.02035048049745619
MA010120220809207218,5,1.0,0.0,3,1.0
MA010120220809207341,5,1.0,1.0,1,0.002939015429831007
MA010120220809215885,5,1.0,0.0,1,0.0015594541910331386
MA010120220809228204,5,0.0,1.0,2,0.12690355329949238
MA010120220809228337,5,0.0,1.0,3,0.10219922380336352
MA010120220809230032,5,1.0,0.0,1,0.004006677796327212
MA010120220809230958,5,1.0,0.0,2,0.007407407407407407
MA010120220809231021,5,1.0,0.0,1,0.003215434083601286
MA010120220809231478,5,1.0,0.0,5,0.6126516464471404
MA010120220809231640,5,1.0,0.0,0,0.0
MA010120220809233764,5,0.0,0.0,0,0.0
MA010120220809235715,5,0.0,1.0,3,0.042483660130718956
MA010120220809236435,5,1.0,0.0,3,0.018739903069466882
MA010120220809237796,5,1.0,0.0,3,0.0001880288310874334
MA010120220809241043,5,1.0,0.0,1,0.0023809523809523807
MA010120220809265458,5,1.0,0.0,3,0.01131008482563619
MA010120220809265472,5,0.0,0.0,5,0.2198542805100182
MA010120220809268098,4,0.0,0.0,5,0.177734375
MA010120220809269000,5,1.0,1.0,1,0.004683434518647008
MA010120220809269678,5,1.0,0.0,3,0.03739837398373983
MA010120220809271670,5,1.0,0.0,1,0.002366863905325444
MA010120220809272002,5,1.0,0.0,4,0.12631578947368421
MA010120220809272414,1,1.0,1.0,5,1.0
MA010120220809272815,1,1.0,0.0,0,0.0
MA010120220809273344,5,1.0,0.0,2,0.001761744966442953
MA010120220809274647,1,1.0,0.0,3,0.015209125475285171
MA010120220809274842,5,1.0,0.0,4,0.09494949494949495
MA010120220809277733,5,1.0,0.0,0,0.0
MA010120220809278279,1,1.0,0.0,5,1.0
MA010120220809278555,5,1.0,0.0,1,0.010416666666666666
MA010120220809280058,5,1.0,0.0,3,0.01761904761904762
MA010120220809280397,5,1.0,0.0,1,0.03773584905660378
MA010120220809285522,1,1.0,0.0,0,0.0
MA010120220809290223,5,1.0,0.0,2,0.011845102505694762
MA010120220809290656,4,1.0,0.0,2,0.0061942517343904855
MA010120220809290910,4,1.0,1.0,2,0.06609195402298851
MA010120220809292319,5,1.0,0.0,3,0.0032585305871503227
MA010120220809295792,5,1.0,0.0,2,0.03559322033898305
MA010120220809297613,5,1.0,0.0,4,0.6538461538461539
MA010120220809298667,5,0.0,0.0,2,0.01324503311258278
MA010120220809299010,5,1.0,0.0,5,1.0
MA010120220809299754,5,1.0,0.0,0,0.0
MA010120220809300203,1,1.0,0.0,5,1.0
MA010120220809300704,5,1.0,0.0,1,0.02112676056338028
MA010120220809301223,5,1.0,0.0,2,0.022950819672131147
MA010120220809302097,5,1.0,0.0,1,0.06000000000000001
MA010120220809303851,5,1.0,1.0,1,0.0
MA010120220809306014,5,1.0,1.0,3,0.01939163498098859
MA010120220809306922,1,1.0,0.0,0,0.0
MA010120220809307330,5,1.0,0.0,0,0.0
MA010120220809321967,1,1.0,0.0,0,0.0
MA010120220809322128,5,1.0,0.0,5,0.1415966386554622
MA010120220809322551,5,0.0,0.0,0,0.0
MA010120220809322619,5,1.0,0.0,1,0.0008526764566556135
MA010120220809324009,5,0.0,0.0,2,0.0019011406844106464
MA010120220809324277,5,1.0,0.0,1,0.004580152671755725
MA010120220809326106,1,0.0,0.0,0,0.0
MA010120220809327862,5,1.0,0.0,5,0.09016018306636155
MA010120220809328324,5,1.0,0.0,2,0.06134969325153374
MA010120220809328581,5,1.0,0.0,2,0.006844106463878327
MA010120220809329894,5,1.0,0.0,2,0.13636363636363638
MA010120220809330750,5,1.0,1.0,2,0.021359223300970877
MA010120220809331537,5,1.0,0.0,3,0.015384615384615398
MA010120220809333394,5,1.0,0.0,1,0.008494208494208495
MA010120220809333599,5,1.0,0.0,1,0.012050209205020921
MA010120220809333855,5,1.0,0.0,4,0.3841107871720117
MA010120220809334523,5,1.0,0.0,2,0.00418041804180418
MA010120220809336107,5,1.0,0.0,1,0.011009174311926604
MA010120220809337092,5,1.0,0.0,1,0.004235294117647059
MA010120220809337727,5,1.0,0.0,3,0.8
MA010120220809337826,5,0.0,0.0,0,0.0
MA010120220809337999,5,1.0,0.0,3,0.007388791153556169
MA010120220809339030,5,0.0,1.0,1,0.013008130081300813
MA010120220809340956,5,1.0,0.0,2,0.03655913978494624
MA010120220809361774,1,1.0,0.0,0,0.0
MA010120220809362227,5,1.0,0.0,3,0.08054298642533937
MA010120220809363840,5,1.0,1.0,1,0.00410958904109589
MA010120220809364936,5,1.0,1.0,2,0.02909090909090909
MA010120220809365555,5,1.0,0.0,5,1.0
MA010120220809368630,4,1.0,1.0,4,0.2024147727272727
MA010120220809368916,5,1.0,1.0,4,0.06742596810933942
MA010120220809369115,5,0.0,0.0,5,0.044359949302915085
MA010120220809369278,1,1.0,0.0,3,0.17131474103585656
MA010120220809370621,5,1.0,0.0,0,0.0
MA010120220809394281,1,1.0,0.0,3,0.0
MA010120220809394378,5,0.0,0.0,1,0.00411522633744856
MA010120220809396916,5,1.0,1.0,1,0.00029126213592233006
MA010120220809397147,5,1.0,0.0,2,0.013888888888888888
MA010120220809397167,5,1.0,0.0,2,0.02888888888888889
MA010120220809397916,5,1.0,1.0,0,0.0
MA010120220809399820,5,1.0,0.0,3,0.0515625
MA010120220809403420,5,1.0,0.0,2,0.04507042253521127
MA010120220809404853,5,1.0,0.0,4,0.19122257053291536
MA010120220809405014,5,0.0,0.0,1,0.0012565971349585323
MA010120220809408894,1,1.0,0.0,0,0.0
MA010120220809459705,5,0.0,0.0,0,0.0
MA010120220809460904,5,0.0,0.0,0,0.0
MA010120220809461667,5,1.0,0.0,2,0.0032619775739041795
MA010120220809504003,5,1.0,0.0,2,0.0035687358632822317
MA010120220809529289,5,1.0,0.0,3,0.07747747747747748
MA010120220809530847,5,1.0,0.0,3,0.0
MA010120220809533886,5,1.0,0.0,4,0.6015037593984962
MA010120220809535217,5,1.0,0.0,4,0.08834178131788559
MA010120220809535257,5,1.0,0.0,1,0.26595744680851063
MA010120220809542196,4,1.0,0.0,1,0.048484848484848485
MA010120220809543666,5,1.0,0.0,0,0.0
MA010120220809561150,1,1.0,0.0,0,0.0
MA010120220809569078,5,1.0,1.0,1,0.0015103838892385148
MA010120220809569136,5,1.0,1.0,2,0.0659536541889483
MA010120220809569313,5,1.0,0.0,5,1.0
MA010120220809569607,5,1.0,0.0,2,0.01702932828760643
MA010120220809569949,1,0.0,0.0,0,0.0
MA010120220809571938,1,0.0,0.0,5,0.14664981036662453
MA010120220809572711,1,0.0,0.0,0,0.0
MA010120220809573225,5,1.0,0.0,3,0.011440677966101695
MA010120220809573403,5,1.0,0.0,1,0.004188481675392671
MA010120220809573843,1,1.0,0.0,5,1.0
MA010120220809575219,5,1.0,0.0,5,1.0
MA010120220809575760,5,1.0,0.0,2,0.0005390835579514825
MA010120220809576129,5,0.0,0.0,3,0.2194011976047904
MA010120220809578133,5,1.0,0.0,3,0.015734989648033125
MA010120220809578227,1,0.0,0.0,5,0.03468208092485549
MA010120220809579284,5,0.0,0.0,4,0.07459783015338571
MA010120220809579404,5,1.0,0.0,3,0.0
MA010120220809579573,5,1.0,0.0,5,0.1412639405204461
MA010120220809579915,5,1.0,0.0,0,0.0
MA010120220809580684,5,1.0,0.0,1,0.004424778761061947
MA010120220809586174,5,1.0,0.0,0,0.0
MA010120220809586241,5,1.0,0.0,0,0.0
MA010120220809589342,5,1.0,0.0,0,0.0
MA010120220809589755,5,1.0,0.0,3,0.010420686993438826
MA010120220809590973,5,1.0,0.0,4,0.041736627488606376
MA010120220809591376,5,1.0,0.0,4,0.07855485581703679
MA010120220809592479,5,1.0,0.0,3,0.022447501810282405
MA010120220809592492,5,1.0,0.0,0,0.0
MA010120220809594637,5,1.0,0.0,3,1.0
MA010120220809596363,5,1.0,1.0,3,0.0
MA010120220809597234,5,1.0,0.0,5,1.0
MA010120220809597699,5,0.0,0.0,0,0.0
MA010120220809599851,5,1.0,0.0,3,0.2768115942028986
MA010120220809599862,5,1.0,0.0,1,0.011892963330029732
MA010120220809600069,5,1.0,1.0,1,0.028956228956228954
MA010120220809600073,5,1.0,0.0,1,0.023255813953488365
MA010120220809600644,5,1.0,0.0,1,0.0014184397163120566
MA010120220809601846,1,1.0,0.0,5,1.0
MA010120220809603877,5,1.0,0.0,1,0.006309148264984228
MA010120220809605736,5,1.0,0.0,4,0.048699763593380616
MA010120220809606916,5,1.0,0.0,0,0.0
MA010120220809607011,5,1.0,0.0,4,0.0920708684286959
MA010120220809607659,5,1.0,0.0,3,0.0
MA010120220809608029,5,1.0,0.0,1,0.01271393643031785
MA010120220809610279,5,1.0,0.0,1,0.0004679457182966776
MA010120220809611191,5,1.0,0.0,4,0.349009900990099
MA010120220809611767,5,1.0,1.0,1,0.0007135575942915392
MA010120220809614086,5,1.0,0.0,5,0.3070739549839228
MA010120220809615865,5,0.0,0.0,3,0.0
MA010120220809616052,5,1.0,0.0,2,0.02633228840125392
MA010120220809616787,5,1.0,0.0,2,0.07611548556430447
MA010120220809617759,5,1.0,0.0,0,0.0
MA010120220809621545,5,1.0,0.0,3,0.0028896403320012296
MA010120220809621939,5,1.0,1.0,4,0.10842824601366743
MA010120220809624097,5,1.0,1.0,3,0.03741007194244605
MA010120220809624141,4,1.0,0.0,0,0.0
MA010120220809624514,5,0.0,0.0,1,0.0002585649644473174
MA010120220809624579,5,1.0,1.0,2,0.0061583577712609975
MA010120220809624604,5,1.0,0.0,2,0.05116279069767442
MA010120220809625875,5,1.0,0.0,4,0.11296162201303403
MA010120220809626735,5,1.0,0.0,3,0.01846153846153846
MA010120220809628155,4,1.0,0.0,1,0.0017985611510791368
MA010120220809630040,5,1.0,0.0,4,0.022813688212927757
MA010120220809631158,5,1.0,1.0,1,0.017105263157894738
MA010120220809631530,4,1.0,1.0,4,0.11347087378640777
MA010120220809631582,5,1.0,1.0,1,0.00026802465826856065
MA010120220809633335,1,1.0,0.0,0,0.0
MA010120220809635256,5,1.0,0.0,3,0.9
MA010120220809637567,5,0.0,0.0,4,0.016272061988807575
MA010120220809640758,5,1.0,0.0,2,0.004431438127090301
MA010120220809641409,5,1.0,0.0,3,0.04878048780487805
MA010120220809641536,5,1.0,0.0,2,0.0026006711409395974
MA010120220809641766,5,1.0,0.0,5,0.2249752229930624
MA010120220809642463,5,1.0,0.0,0,0.0
MA010120220809642695,5,1.0,0.0,2,0.024777006937561942
MA010120220809642709,5,1.0,0.0,1,0.011864406779661016
MA010120220809645323,5,1.0,0.0,1,0.001577287066246057
MA010120220809645466,5,1.0,1.0,5,0.15445859872611462
MA010120220809646000,5,1.0,0.0,3,0.92
MA010120220809647304,5,1.0,0.0,2,0.003478260869565217
MA010120220809647397,5,1.0,1.0,4,0.17798165137614677
MA010120220809648502,5,1.0,0.0,5,0.29743589743589743
MA010120220809649529,5,1.0,0.0,5,1.0
MA010120220809650313,5,1.0,0.0,0,0.0
MA010120220809650336,5,1.0,1.0,3,0.7034482758620689
MA010120220809651646,5,0.0,0.0,1,0.0
MA010120220809652283,5,1.0,0.0,0,0.0
MA010120220809653003,5,1.0,0.0,3,0.033928571428571426
MA010120220809656504,5,1.0,0.0,3,1.0
MA010120220809656520,5,1.0,0.0,1,0.010408921933085501
MA010120220809656812,5,1.0,0.0,1,0.07213114754098361
MA010120220809657407,5,1.0,1.0,5,1.0
MA010120220809657461,5,1.0,1.0,3,1.0
MA010120220809657504,5,1.0,0.0,3,0.006521739130434782
MA010120220809658017,5,1.0,1.0,4,0.015082100141901481
MA010120220809658186,1,1.0,0.0,0,0.0
MA010120220809664144,5,1.0,0.0,4,0.019509125235997484
MA010120220809664459,5,1.0,0.0,1,0.002915451895043732
MA010120220809669595,5,1.0,0.0,2,0.04592720970537261
MA010120220809669735,5,1.0,0.0,2,0.00611764705882353
MA010120220809669759,5,1.0,1.0,1,0.0019047619047619048
MA010120220809669995,5,0.0,0.0,0,0.0
MA010120220809670037,5,1.0,0.0,3,0.0071906354515050164
MA010120220809671447,5,1.0,0.0,1,0.00909090909090909
MA010120220809672363,1,1.0,1.0,5,1.0
MA010120220809672952,5,1.0,1.0,3,0.004946280154064463
MA010120220809673319,5,1.0,0.0,3,0.03356752537080406
MA010120220809674062,5,1.0,0.0,3,1.0
MA010120220809675045,5,1.0,0.0,1,0.003401360544217687
MA010120220809677449,5,1.0,0.0,4,0.013184357541899441
MA010120220809678175,5,1.0,0.0,1,0.0022813688212927757
MA010120220809680100,5,1.0,0.0,1,0.13516746411483255
MA010120220809680818,5,0.0,0.0,4,0.030811761749183212
MA010120220809680930,5,1.0,0.0,5,1.0
MA010120220809681095,1,1.0,0.0,5,0.4098904746100232
MA010120220809681242,5,1.0,0.0,3,0.4218181818181818
MA010120220809682550,5,1.0,0.0,4,0.9245283018867924
MA010120220809682708,5,1.0,1.0,5,0.31063829787234043
MA010120220809683085,5,0.0,0.0,1,0.003034134007585335
MA010120220809686227,4,1.0,0.0,0,0.0
MA010120220809686489,5,1.0,0.0,4,0.048243921265920496
MA010120220809688286,5,1.0,0.0,0,0.0
MA010120220809689985,5,1.0,0.0,5,1.0
MA010120220809692482,5,1.0,0.0,1,0.0019080659150043366
MA010120220809694810,5,1.0,0.0,3,0.07457386363636363
MA010120220809696080,5,1.0,0.0,2,0.004046491605682307
MA010120220809696773,5,1.0,0.0,3,0.31788079470198677
MA010120220809696895,5,1.0,0.0,0,0.0
MA010120220809697039,5,1.0,1.0,3,0.010931677018633542
MA010120220809697766,5,1.0,1.0,1,0.002380952380952381
MA010120220809697987,5,1.0,0.0,1,5.989817310572028e-05
MA010120220809698105,5,1.0,0.0,2,0.0026503567787971457
MA010120220809698392,5,1.0,0.0,0,0.0
MA010120220809699448,5,0.0,0.0,0,0.0
MA010120220809700771,5,1.0,0.0,3,0.0
MA010120220809701677,1,1.0,1.0,5,1.0
MA010120220809702145,5,1.0,0.0,0,0.0
MA010120220809703021,5,0.0,0.0,4,0.08540305010893247
MA010120220809703211,4,1.0,0.0,0,0.0
MA010120220809703351,5,1.0,1.0,3,0.012170385395537523
MA010120220809703852,5,1.0,0.0,3,0.37
MA010120220809703960,5,1.0,0.0,1,0.0021333333333333334
MA010120220809704822,5,1.0,1.0,1,0.0109375
MA010120220809705268,5,1.0,0.0,2,0.020869565217391303
MA010120220809706475,1,0.0,1.0,2,0.043795620437956206
MA010120220809706654,5,1.0,0.0,0,0.0
MA010120220809707130,5,1.0,1.0,1,0.013114754098360656
MA010120220809708164,5,1.0,1.0,3,0.0041412911084043845
MA010120220809709614,5,1.0,1.0,4,0.5306666666666666
MA010120220809709980,5,1.0,0.0,2,0.011657559198542805
MA010120220809710496,5,1.0,0.0,2,0.05757575757575757
MA010120220809712078,5,1.0,0.0,4,0.7233333333333333
MA010120220809712189,5,0.0,0.0,4,0.06848816029143898
MA010120220809715570,5,1.0,0.0,4,0.0790946992257296
MA010120220809716059,5,1.0,0.0,1,0.0017857142857142859
MA010120220809716549,5,1.0,0.0,4,0.11661807580174928
MA010120220809716573,5,1.0,0.0,4,0.034220532319391636
MA010120220809717248,5,1.0,0.0,4,0.07478524507326932
MA010120220809718736,5,1.0,0.0,1,0.0006688963210702342
MA010120220809719575,1,1.0,0.0,4,0.228310502283105
MA010120220809720516,5,1.0,0.0,3,0.01820020222446916
MA010120220809720661,5,1.0,0.0,3,0.04360753221010902
MA010120220809722132,5,1.0,0.0,3,0.013729977116704805
MA010120220809723103,5,1.0,1.0,3,0.20857142857142857
MA010120220809723110,5,1.0,0.0,1,0.0020533880903490756
MA010120220809724591,5,1.0,0.0,1,0.0014515292897874545
MA010120220809726002,5,0.0,0.0,4,0.02324159021406728
MA010120220809726084,5,1.0,1.0,3,0.1285714285714286
MA010120220809726237,5,1.0,1.0,4,0.09818181818181819
MA010120220809726530,5,1.0,0.0,4,0.30163934426229505
MA010120220809726593,5,1.0,0.0,0,0.0
MA010120220809726948,5,1.0,1.0,5,1.0
MA010120220809727278,5,1.0,0.0,1,0.00954653937947494
MA010120220809727572,5,1.0,0.0,1,0.0016155088852988692
MA010120220809728039,5,1.0,0.0,2,0.013291139240506329
MA010120220809728856,5,1.0,0.0,0,0.0
MA010120220809729437,5,0.0,0.0,4,0.3681776133209991
MA010120220809731907,5,1.0,0.0,3,0.07865168539325842
MA010120220809733261,5,1.0,0.0,1,0.004724409448818898
MA010120220809733700,5,1.0,0.0,3,0.0
MA010120220809734477,5,1.0,0.0,1,0.026455026455026457
MA010120220809735630,5,1.0,0.0,3,0.07465618860510806
MA010120220809736312,1,1.0,0.0,0,0.0
MA010120220809737550,5,1.0,0.0,5,0.3211267605633803
MA010120220809737664,5,1.0,0.0,0,0.0
MA010120220809738762,5,1.0,0.0,0,0.0
MA010120220809740027,5,1.0,0.0,4,0.015112764473378284
MA010120220809743568,5,1.0,0.0,3,0.006922592825676526
MA010120220809744262,5,1.0,0.0,3,0.04
MA010120220809745520,5,1.0,0.0,3,0.016304347826086956
MA010120220809746031,5,1.0,1.0,5,0.18143972246313964
MA010120220809746117,5,1.0,0.0,3,0.0
MA010120220809748024,5,1.0,0.0,2,0.0023270846800258565
MA010120220809749625,5,1.0,0.0,1,0.0035502958579881655
MA010120220809749670,5,1.0,0.0,3,0.09637774902975421
MA010120220809749800,5,1.0,0.0,5,0.2378132118451025
MA010120220809750833,5,1.0,0.0,1,0.019704433497536946
MA010120220809753374,5,1.0,0.0,3,0.009949832775919733
MA010120220809754016,5,1.0,0.0,1,0.010752688172043012
MA010120220809754922,5,1.0,0.0,1,0.01234567901234568
MA010120220809755141,5,1.0,0.0,5,0.1753846153846154
MA010120220809759851,5,1.0,0.0,4,0.4663167104111986
MA010120220809759899,5,1.0,0.0,3,0.33333333333333337
MA010120220809762351,5,1.0,0.0,5,0.42774936061381075
MA010120220809762634,5,1.0,0.0,3,0.0
MA010120220809763653,5,1.0,0.0,5,0.45681818181818185
MA010120220809763954,5,1.0,0.0,0,0.0
MA010120220809767465,5,1.0,0.0,2,0.004925241864555848
MA010120220809767823,4,1.0,1.0,4,0.40551181102362205
MA010120220809767885,5,0.0,0.0,1,0.025
MA010120220809769251,5,1.0,0.0,2,0.07058823529411765
MA010120220809769467,5,1.0,0.0,1,0.0005363128491620112
MA010120220809771115,5,1.0,0.0,1,0.012073863636363634
MA010120220809771951,5,1.0,0.0,4,0.04221635883905013
MA010120220809773023,5,0.0,0.0,3,0.02704507512520868
MA010120220809773274,5,1.0,0.0,1,0.0042454650714010035
MA010120220809774641,5,1.0,1.0,3,0.01148691767708998
MA010120220809774746,5,1.0,0.0,5,0.05301003344481605
MA010120220809774902,5,1.0,0.0,3,0.4310544611819236
MA010120220809775114,5,1.0,0.0,4,0.368088467614534
MA010120220809775117,5,1.0,0.0,4,0.020285423037716615
MA010120220809775939,5,1.0,0.0,0,0.0
MA010120220809776296,5,1.0,0.0,4,0.9094567404426559
MA010120220809776407,5,0.0,1.0,3,0.0
MA010120220809778001,5,1.0,0.0,1,0.020356234096692113
MA010120220809781722,5,1.0,1.0,3,0.01282051282051282
MA010120220809782075,5,1.0,0.0,3,1.0
MA010120220809784591,5,1.0,0.0,4,0.22616984402079723
MA010120220809785862,5,1.0,0.0,0,0.0
MA010120220809788368,5,0.0,0.0,3,0.0
MA010120220809789303,5,1.0,0.0,5,0.6470588235294118
MA010120220809789946,5,1.0,0.0,2,0.001206140350877193
MA010120220809790974,5,1.0,1.0,5,0.42772277227722777
MA010120220809791149,5,0.0,0.0,1,0.008588957055214723
MA010120220809791863,5,1.0,0.0,1,0.003333333333333333
MA010120220809794669,5,1.0,1.0,1,0.002127659574468085
MA010120220809795013,4,1.0,0.0,1,0.0019157088122605363
MA010120220809795816,5,1.0,1.0,3,0.00662751677852349
MA010120220809795855,5,1.0,0.0,3,0.008924073407700612
MA010120220809796050,5,1.0,0.0,4,0.06386554621848739
MA010120220809796293,5,1.0,0.0,4,0.15023474178403756
MA010120220809797031,5,0.0,0.0,4,0.0884
MA010120220809797883,4,1.0,0.0,4,0.008947649572649572
MA010120220809801151,5,1.0,0.0,4,0.1234375
MA010120220809801441,5,1.0,0.0,3,0.13636363636363635
MA010120220809802368,5,0.0,0.0,2,0.007619047619047619
MA010120220809802435,5,1.0,1.0,4,0.053443526170798894
MA010120220809803241,5,1.0,0.0,1,0.05
MA010120220809804378,5,1.0,1.0,3,0.01694915254237288
MA010120220809804624,5,1.0,0.0,4,0.011280101394169836
MA010120220809804873,5,1.0,0.0,0,0.0
MA010120220809804982,5,1.0,0.0,2,0.0673076923076923
MA010120220809805873,5,1.0,0.0,5,0.7903726708074533
MA010120220809806418,5,1.0,0.0,3,0.02361111111111111
MA010120220809806668,5,1.0,0.0,1,0.0017765933821896514
MA010120220809806690,5,1.0,0.0,5,0.3403973509933775
MA010120220809807073,5,1.0,0.0,1,0.0019900497512437814
MA010120220809807508,5,1.0,0.0,0,0.0
MA010120220809807787,5,1.0,1.0,5,0.7869177403369673
MA010120220809809151,5,0.0,0.0,0,0.0
MA010120220809809879,5,1.0,0.0,2,0.009933774834437088
MA010120220809811113,5,1.0,0.0,3,0.0851063829787234
MA010120220809811665,5,1.0,1.0,2,0.0025806451612903226
MA010120220809812063,5,1.0,0.0,4,0.07763920604250836
MA010120220809814667,5,1.0,0.0,2,0.0017543859649122807
MA010120220809814946,5,0.0,0.0,3,0.03639398998330551
MA010120220809815061,4,1.0,0.0,3,1.0
MA010120220809815419,5,1.0,0.0,1,0.0048543689320388345
MA010120220809815569,5,1.0,0.0,3,0.2583732057416268
MA010120220809817368,5,0.0,0.0,1,0.011961722488038277
MA010120220809819599,5,1.0,0.0,1,0.01746031746031746
MA010120220809820789,5,1.0,1.0,1,0.0
MA010120220809821218,4,1.0,0.0,3,0.0
MA010120220809821829,5,1.0,0.0,1,0.006951871657754011
MA010120220809821983,5,1.0,0.0,0,0.0
MA010120220809822442,5,1.0,0.0,3,0.13333333333333333
MA010120220809822933,5,1.0,1.0,1,0.0003870967741935484
MA010120220809823219,1,1.0,0.0,5,0.4714459295261239
MA010120220809823394,5,1.0,0.0,4,0.5791666666666667
MA010120220809823782,5,1.0,1.0,4,0.18848580441640378
MA010120220809824148,5,1.0,1.0,2,0.019895287958115182
MA010120220809824500,5,1.0,0.0,1,0.0024875621890547263
MA010120220809826338,5,0.0,0.0,1,0.018197573656845753
MA010120220809826398,5,0.0,0.0,2,0.057831325301204814
MA010120220809827569,1,1.0,0.0,0,0.0
MA010120220809827905,5,1.0,0.0,3,0.01548771407297096
MA010120220809828503,5,1.0,0.0,0,0.0
MA010120220809829257,5,1.0,0.0,3,0.010193679918450561
MA010120220809830281,5,1.0,1.0,3,0.37500000000000006
MA010120220809830379,5,1.0,0.0,2,0.009485332864921835
MA010120220809830556,5,1.0,0.0,2,0.054237288135593226
MA010120220809830583,5,1.0,0.0,1,0.0004524886877828054
MA010120220809831209,5,1.0,0.0,3,0.3569553805774278
MA010120220809831261,5,1.0,0.0,4,0.05500505561172902
MA010120220809831317,5,1.0,0.0,2,0.0013238289205702647
MA010120220809831700,5,1.0,0.0,0,0.0
MA010120220809833747,5,0.0,0.0,1,0.00033557046979865775
MA010120220809834064,1,0.0,0.0,3,0.013729977116704805
MA010120220809834574,5,0.0,1.0,2,0.0026137220407137472
MA010120220809834716,5,1.0,1.0,1,0.0047619047619047615
MA010120220809838189,5,1.0,0.0,0,0.0
MA010120220809839897,5,1.0,1.0,4,0.2326923076923077
MA010120220809841458,5,1.0,0.0,0,0.0
MA010120220809843570,5,0.0,1.0,5,0.20959147424511546
MA010120220809843872,5,0.0,0.0,1,0.0006164383561643835
MA010120220809844245,5,1.0,0.0,0,0.0
MA010120220809845674,5,1.0,0.0,5,1.0
MA010120220809846672,5,1.0,1.0,1,0.17777777777777778
MA010120220809847761,5,1.0,0.0,3,0.01683673469387755
MA010120220809847822,5,1.0,0.0,5,0.04289312702410939
MA010120220809850294,5,1.0,0.0,3,0.035678889990089196
MA010120220809851201,5,1.0,0.0,3,0.006218144750254842
MA010120220809852442,5,1.0,1.0,2,0.13333333333333333
MA010120220809852718,5,1.0,0.0,0,0.0
MA010120220809853259,5,1.0,0.0,1,0.0008201523140011716
MA010120220809854478,5,1.0,0.0,4,0.16065573770491803
MA010120220809855854,5,0.0,0.0,4,0.00995475113122172
MA010120220809856350,5,0.0,0.0,5,0.6369529983792543
MA010120220809856540,5,1.0,0.0,3,0.044089232390655195
MA010120220809856565,5,1.0,1.0,4,0.388235294117647
MA010120220809857082,5,1.0,0.0,1,0.0
MA010120220809857103,5,1.0,0.0,3,0.029279279279279282
MA010120220809860882,5,1.0,1.0,5,1.0
MA010120220809861066,5,1.0,0.0,1,0.0029154518950437313
MA010120220809861999,1,1.0,0.0,3,0.2828282828282828
MA010120220809863709,4,1.0,0.0,2,0.02210610932475884
MA010120220809863877,5,1.0,0.0,1,0.0016
MA010120220809864872,5,0.0,0.0,4,0.1808695652173913
MA010120220809866500,5,1.0,0.0,2,0.017391304347826087
MA010120220809868441,5,1.0,0.0,1,0.008469055374592834
MA010120220809869457,5,1.0,0.0,1,0.002631578947368421
MA010120220809869759,5,1.0,0.0,1,5.017561465127948e-05
MA010120220809870655,5,1.0,1.0,3,1.0
MA010120220809870718,5,1.0,0.0,2,0.006636885768985323
MA010120220809873974,5,1.0,0.0,5,1.0
MA010120220809874322,5,1.0,1.0,1,0.0005056890012642225
MA010120220809875500,5,1.0,0.0,2,0.0040969899665551845
MA010120220809875589,5,1.0,0.0,0,0.0
MA010120220809880696,4,1.0,0.0,3,0.0
MA010120220809880863,5,1.0,0.0,3,1.0
MA010120220809880977,5,1.0,0.0,1,0.008775137111517367
MA010120220809882602,5,1.0,0.0,3,0.01641337386018237
MA010120220809882764,5,0.0,0.0,0,0.0
MA010120220809882775,5,1.0,1.0,3,0.02971825549980702
MA010120220809883024,5,1.0,1.0,5,1.0
MA010120220809883636,5,1.0,1.0,3,0.2340966921119593
MA010120220809884365,5,1.0,1.0,4,0.7032967032967034
MA010120220809884914,5,1.0,0.0,1,0.0007110536522301229
MA010120220809885791,4,1.0,0.0,1,0.0037917087967644083
MA010120220809886493,5,1.0,0.0,3,0.0
MA010120220809887618,5,1.0,0.0,2,0.03136376365163819
MA010120220809889508,5,1.0,0.0,4,0.044444444444444446
MA010120220809890928,4,1.0,0.0,2,0.01282051282051282
MA010120220809892519,5,0.0,0.0,1,0.08611111111111111
MA010120220809893042,1,0.0,1.0,5,0.6332288401253918
MA010120220809894068,5,1.0,0.0,2,0.01
MA010120220809894153,5,1.0,0.0,3,0.015438054805094557
MA010120220809895425,5,1.0,0.0,0,0.0
MA010120220809896689,5,1.0,0.0,1,7.834534628643058e-05
MA010120220809898547,1,0.0,0.0,0,0.0
MA010120220809899354,5,1.0,0.0,2,0.06123128119800332
MA010120220809900055,4,1.0,0.0,5,1.0
MA010120220809900873,5,1.0,0.0,1,0.014285714285714285
MA010120220809901798,5,1.0,0.0,2,0.008945386064030132
MA010120220809902636,4,1.0,0.0,2,0.021137298915076694
MA010120220809902871,5,1.0,0.0,2,0.0029561671763506624
MA010120220809904563,5,1.0,0.0,4,0.09651162790697675
MA010120220809906848,5,0.0,0.0,5,0.41040189125295506
MA010120220809909376,5,1.0,0.0,1,0.015625
MA010120220809909651,5,1.0,0.0,1,0.0007116056410919913
MA010120220809909899,5,1.0,0.0,0,0.0
MA010120220809912354,5,1.0,1.0,2,0.10052910052910052
MA010120220809912936,5,1.0,0.0,1,0.09090909090909091
MA010120220809914191,5,1.0,0.0,1,0.05405405405405406
MA010120220809920049,5,1.0,1.0,2,0.005106382978723404
MA010120220809921082,5,1.0,0.0,1,0.0008636200071968334
MA010120220809921226,5,1.0,0.0,2,0.008347245409015025
MA010120220809922051,5,1.0,0.0,4,0.1232876712328767
MA010120220809922329,5,1.0,0.0,1,0.0005649717514124294
MA010120220809923227,5,0.0,0.0,1,0.004851752021563342
MA010120220809926451,5,1.0,0.0,1,0.010480349344978166
MA010120220809926760,5,1.0,0.0,1,0.0007462686567164179
MA010120220809926838,4,1.0,0.0,1,0.005482456140350877
MA010120220809928296,5,1.0,0.0,3,1.0
MA010120220809930149,5,1.0,0.0,2,0.0007786762503743636
MA010120220809931801,5,1.0,1.0,0,0.0
MA010120220809931824,5,1.0,1.0,1,0.004674457429048414
MA010120220809932000,1,1.0,0.0,5,1.0
MA010120220809932709,5,1.0,0.0,1,0.03795620437956204
MA010120220809933162,5,1.0,1.0,3,1.0
MA010120220809933805,5,1.0,0.0,2,0.0012281835811247576
MA010120220809935661,5,1.0,0.0,0,0.0
MA010120220809935911,5,1.0,0.0,3,0.056074766355140186
MA010120220809936906,1,1.0,0.0,0,0.0
MA010120220809936954,5,1.0,0.0,1,0.009009009009009009
MA010120220809937232,5,1.0,0.0,5,0.8180242634315424
MA010120220809937893,5,1.0,1.0,4,0.060966542750929366
MA010120220809940781,5,0.0,0.0,2,0.005209840810419681
MA010120220809940817,5,1.0,0.0,1,0.006666666666666667
MA010120220809942377,4,1.0,0.0,3,1.0
MA010120220809943503,5,1.0,0.0,0,0.0
MA010120220809944796,5,1.0,0.0,4,0.8451612903225806
MA010120220809946942,5,1.0,1.0,4,0.05393743257820927
MA010120220809950024,5,1.0,0.0,0,0.0
MA010120220809952573,5,1.0,1.0,4,0.07160699417152372
MA010120220809953572,5,1.0,0.0,3,0.019784172661870502
MA010120220809954822,5,1.0,0.0,1,0.0025954764553207266
MA010120220809955283,5,0.0,0.0,5,0.39685564554549785
MA010120220809955410,5,1.0,0.0,3,0.11730769230769231
MA010120220809956782,5,1.0,0.0,1,0.0007886435331230283
MA010120220809956932,5,1.0,0.0,1,0.0009523809523809524
MA010120220809957125,5,1.0,0.0,1,0.0037333333333333333
MA010120220809957810,5,1.0,0.0,0,0.0
MA010120220809959506,5,1.0,0.0,1,0.00047058823529411766
MA010120220809959827,5,1.0,0.0,1,0.02247191011235955
MA010120220809960116,5,1.0,0.0,1,0.00034246575342465754
MA010120220809962723,5,0.0,0.0,1,0.0
MA010120220809963610,5,1.0,0.0,3,0.0014032496307237812
MA010120220809964065,5,1.0,0.0,4,0.0661290322580645
MA010120220809964863,4,1.0,0.0,4,0.11284722222222222
MA010120220809965688,5,1.0,0.0,4,0.06561173292165187
MA010120220809966096,5,1.0,0.0,3,0.0
MA010120220809966282,5,1.0,1.0,1,0.06095238095238095
MA010120220809967182,5,1.0,0.0,0,0.0
MA010120220809967550,5,1.0,0.0,0,0.0
MA010120220809968333,1,0.0,0.0,0,0.0
MA010120220809969130,5,1.0,0.0,3,0.011428571428571429
MA010120220809969726,5,1.0,0.0,3,0.0
MA010120220809971894,5,1.0,0.0,3,0.09580838323353293
MA010120220809972423,5,1.0,0.0,0,0.0
MA010120220809972994,5,1.0,0.0,2,0.005056179775280899
MA010120220809973260,5,1.0,0.0,3,0.004337539432176657
MA010120220809973625,5,1.0,0.0,0,0.0
MA010120220809973883,5,0.0,0.0,1,0.008174386920980927
MA010120220809974397,5,1.0,0.0,4,0.1603174603174603
MA010120220809974663,5,0.0,0.0,0,0.0
MA010120220809974804,5,1.0,0.0,2,0.03076923076923077
MA010120220809975361,5,1.0,0.0,1,0.0035714285714285718
MA010120220809975674,5,1.0,0.0,1,0.004866180048661801
MA010120220809976798,5,1.0,0.0,5,1.0
MA010120220809977195,5,1.0,1.0,1,0.005263157894736842
MA010120220809981121,5,1.0,0.0,1,0.0004728132387706856
MA010120220809983065,5,1.0,1.0,3,0.017336152219873148
MA010120220809984381,5,1.0,0.0,1,0.001943634596695821
MA010120220809985243,5,1.0,0.0,4,0.03888888888888889
MA010120220809985394,5,1.0,0.0,1,0.09574468085106383
MA010120220809985936,5,1.0,0.0,1,0.01559792027729636
MA010120220809985997,5,1.0,0.0,5,0.2608695652173913
MA010120220809987642,5,1.0,0.0,0,0.0
MA010120220809987651,5,0.0,0.0,0,0.0
MA010120220809989114,5,1.0,0.0,4,0.12091254752851711
MA010120220809990312,5,1.0,0.0,1,0.016194331983805668
MA010120220809990721,5,1.0,0.0,1,0.0013422818791946308
MA010120220809992061,5,1.0,0.0,1,0.017064846416382253
MA010120220809992672,5,0.0,0.0,5,0.963778409090909
MA010120220809995827,5,1.0,1.0,2,0.015566037735849057
MA010120220809995891,5,1.0,0.0,3,0.010535117056856187
MA010120220809996951,1,1.0,0.0,3,0.0
MA010120220809997484,5,1.0,0.0,3,0.09420289855072464
MA010120220809997549,5,1.0,0.0,2,0.029919678714859437
MA010120220809999626,5,1.0,0.0,2,0.013774104683195593
MA010120220809999757,5,1.0,0.0,3,0.25233644859813087
MA010120220810000494,5,0.0,0.0,4,0.3355481727574751
MA010120220810000787,5,1.0,0.0,0,0.0
MA010120220810001244,5,1.0,1.0,3,0.09000000000000001
MA010120220810001770,5,1.0,0.0,3,0.02097902097902098
MA010120220810002012,5,1.0,0.0,4,0.10869565217391304
MA010120220810002776,5,1.0,0.0,5,0.6837696335078534
MA010120220810002840,4,1.0,1.0,1,0.08064516129032258
MA010120220810003701,5,1.0,0.0,1,0.03380281690140845
MA010120220810004623,5,1.0,0.0,5,1.0
MA010120220810004708,5,1.0,0.0,5,0.07224334600760456
MA010120220810006302,5,1.0,0.0,3,0.041855203619909506
MA010120220810007221,5,0.0,1.0,0,0.0
MA010120220810010740,5,1.0,1.0,1,0.0007968127490039813
MA010120220810011425,5,1.0,0.0,3,0.27204030226700254
MA010120220810011629,5,1.0,0.0,3,0.03225806451612903
MA010120220810012198,5,1.0,1.0,3,0.005649717514124299
MA010120220810012347,5,1.0,0.0,0,0.0
MA010120220810012503,5,1.0,0.0,4,0.09245446660884649
MA010120220810013229,5,1.0,0.0,3,0.0
MA010120220810014168,5,1.0,0.0,0,0.0
MA010120220810014678,5,1.0,0.0,4,0.05663265306122448
MA010120220810015374,5,1.0,0.0,4,0.16321839080459769
MA010120220810016377,5,1.0,0.0,0,0.0
MA010120220810017384,5,0.0,0.0,0,0.0
MA010120220810019510,5,1.0,0.0,5,1.0
MA010120220810020139,5,1.0,0.0,0,0.0
MA010120220810020653,4,1.0,0.0,3,0.030534351145038167
MA010120220810021229,5,0.0,0.0,4,0.19836065573770492
MA010120220810021318,1,1.0,0.0,0,0.0
MA010120220810021566,5,0.0,0.0,2,0.11764705882352941
MA010120220810022340,5,1.0,0.0,3,0.188821752265861
MA010120220810023571,5,0.0,0.0,5,0.13115468409586056
MA010120220810024273,5,1.0,0.0,3,0.0900523560209424
MA010120220810024637,5,1.0,0.0,2,0.011934156378600822
MA010120220810026094,4,1.0,0.0,4,0.14849624060150377
MA010120220810026244,5,1.0,0.0,2,0.01788617886178862
MA010120220810026668,5,1.0,0.0,4,0.08150470219435738
MA010120220810027384,5,1.0,1.0,2,0.007100591715976331
MA010120220810027436,5,1.0,0.0,1,0.0007585335018963338
MA010120220810028992,5,1.0,1.0,1,0.014814814814814815
MA010120220810030056,5,1.0,0.0,3,0.008749999999999999
MA010120220810030362,5,1.0,0.0,1,0.002270147559591374
MA010120220810031017,5,1.0,0.0,1,0.0024727992087042534
MA010120220810031193,5,1.0,0.0,2,0.0003858875413450937
MA010120220810032916,5,1.0,1.0,3,0.003934829388256994
MA010120220810033078,5,1.0,0.0,0,0.0
MA010120220810033731,5,1.0,0.0,5,0.03920300168197697
MA010120220810033812,5,1.0,0.0,3,0.00438489646772229
MA010120220810034237,5,0.0,0.0,0,0.0
MA010120220810034909,5,1.0,0.0,3,0.38983050847457623
MA010120220810035351,5,1.0,0.0,3,0.028767123287671233
MA010120220810035361,5,1.0,0.0,4,0.019518377693282636
MA010120220810035494,5,1.0,0.0,3,0.049848942598187305
MA010120220810035763,5,1.0,1.0,3,0.0
MA010120220810037464,5,1.0,0.0,3,0.014577259475218658
MA010120220810039012,5,1.0,0.0,2,0.018633540372670804
MA010120220810039260,5,0.0,0.0,0,0.0
MA010120220810039391,5,1.0,0.0,5,1.0
MA010120220810039709,5,1.0,1.0,4,0.03847874720357942
MA010120220810040813,5,1.0,0.0,3,1.0
MA010120220810043391,5,1.0,1.0,5,0.2261437908496732
MA010120220810044484,5,1.0,0.0,1,0.0013698630136986301
MA010120220810045634,5,0.0,0.0,5,1.0
MA010120220810046581,1,1.0,0.0,3,0.02711864406779661
MA010120220810049836,1,1.0,1.0,3,0.024330900243309004
MA010120220810050064,1,1.0,0.0,1,0.004846526655896607
MA010120220810051902,1,0.0,0.0,0,0.0
MA010120220810052113,5,1.0,1.0,2,0.05507246376811594
MA010120220810052129,5,1.0,1.0,1,0.028607918263090674
MA010120220810052290,5,1.0,0.0,2,0.00872093023255814
MA010120220810052543,5,1.0,0.0,4,0.0920863309352518
MA010120220810055487,5,1.0,0.0,1,0.02081344281076952
MA010120220810055936,5,1.0,0.0,0,0.0
MA010120220810056196,5,1.0,0.0,2,0.011764705882352943
MA010120220810056790,5,1.0,0.0,0,0.0
MA010120220810057742,5,1.0,0.0,1,0.016335420637081405
MA010120220810058212,1,1.0,0.0,5,0.045740135712490575
MA010120220810058969,5,0.0,0.0,1,0.002857142857142857
MA010120220810059982,5,1.0,0.0,2,0.014814814814814815
MA010120220810060893,1,1.0,1.0,4,0.14420062695924765
MA010120220810063664,5,1.0,1.0,2,0.005367965367965368
MA010120220810063750,5,1.0,0.0,0,0.0
MA010120220810065008,5,0.0,1.0,4,0.25781249999999994
MA010120220810065018,5,0.0,0.0,2,0.012340425531914893
MA010120220810066521,5,1.0,0.0,5,0.14229053049082796
MA010120220810067374,5,1.0,0.0,1,9.474182851729038e-05
MA010120220810067384,1,1.0,0.0,5,0.48986058301647656
MA010120220810068109,5,1.0,0.0,0,0.0
MA010120220810068737,5,0.0,0.0,3,0.013829787234042554
MA010120220810068810,5,1.0,0.0,2,0.0017094017094017094
MA010120220810069242,4,1.0,0.0,2,0.0015203729981755525
MA010120220810070499,4,1.0,0.0,4,0.2621317157712305
MA010120220810072596,5,1.0,1.0,1,0.007434944237918215
MA010120220810073175,5,1.0,0.0,1,0.04375
MA010120220810073481,5,1.0,0.0,4,0.046766169154228855
MA010120220810073964,5,1.0,0.0,1,0.0
MA010120220810074864,5,1.0,0.0,5,0.41821946169772256
MA010120220810074917,5,1.0,0.0,4,0.05734265734265734
MA010120220810076538,5,0.0,0.0,0,0.0
MA010120220810077233,4,1.0,0.0,0,0.0
MA010120220810077401,5,0.0,0.0,4,0.13389830508474576
MA010120220810077735,1,0.0,0.0,0,0.0
MA010120220810077849,5,1.0,0.0,4,0.3508522727272727
MA010120220810078031,5,1.0,0.0,5,0.4423728813559322
MA010120220810083651,5,1.0,0.0,4,0.1528983478017362
MA010120220810084450,1,1.0,0.0,5,0.06832074793239841
MA010120220810084526,5,1.0,0.0,3,1.0
MA010120220810086216,5,0.0,0.0,3,1.0
MA010120220810087551,1,1.0,0.0,0,0.0
MA010120220810088771,5,1.0,1.0,3,0.013242173443684778
MA010120220810090730,5,1.0,0.0,5,1.0
MA010120220810091387,5,1.0,0.0,4,0.008916537065837222
MA010120220810091911,5,1.0,0.0,2,0.01090909090909091
MA010120220810091934,5,1.0,0.0,2,0.03480113636363636
MA010120220810092248,5,1.0,0.0,4,0.29534883720930233
MA010120220810093121,5,1.0,1.0,3,0.06981132075471698
MA010120220810093509,1,1.0,0.0,3,1.0
MA010120220810093643,5,1.0,1.0,3,0.09891196834817013
MA010120220810094052,5,1.0,0.0,2,0.008069939475453935
MA010120220810094399,1,1.0,0.0,0,0.0
MA010120220810096332,5,1.0,0.0,4,0.32822085889570546
MA010120220810096561,5,1.0,0.0,5,0.9425076452599389
MA010120220810097344,5,0.0,0.0,1,0.0016949152542372883
MA010120220810097369,5,1.0,0.0,2,0.02361111111111111
MA010120220810099130,5,1.0,0.0,5,0.10022371364653243
MA010120220810100966,4,1.0,0.0,1,0.0006504770164787511
MA010120220810101453,5,1.0,0.0,2,0.005555555555555556
MA010120220810103548,5,1.0,0.0,3,0.002779573367808662
MA010120220810104248,5,1.0,0.0,3,0.0
MA010120220810105123,5,1.0,0.0,5,0.3465648854961832
MA010120220810105662,5,1.0,0.0,2,0.01476510067114094
MA010120220810105912,5,1.0,1.0,3,0.4
MA010120220810106137,5,0.0,0.0,5,1.0
MA010120220810106708,5,1.0,0.0,1,0.007246376811594203
MA010120220810107301,5,1.0,1.0,1,0.018518518518518517
MA010120220810107328,5,1.0,0.0,5,0.0823045267489712
MA010120220810107857,1,0.0,0.0,0,0.0
MA010120220810108831,5,0.0,0.0,3,1.0
MA010120220810111163,1,0.0,0.0,0,0.0
MA010120220810112329,5,1.0,0.0,0,0.0
MA010120220810112788,5,1.0,0.0,2,0.013846153846153847
MA010120220810113058,5,1.0,0.0,4,0.6875
MA010120220810113302,5,1.0,1.0,1,0.010169491525423728
MA010120220810113913,5,1.0,0.0,3,0.11566265060240963
MA010120220810114965,5,1.0,0.0,2,0.0035203520352035207
MA010120220810116138,1,1.0,0.0,3,1.0
MA010120220810117374,5,1.0,0.0,4,0.018879798615481436
MA010120220810119104,5,1.0,1.0,3,0.007147962830593282
MA010120220810119792,5,1.0,1.0,4,0.22670025188916876
MA010120220810120576,5,1.0,0.0,1,0.0034825870646766166
MA010120220810122434,5,1.0,0.0,4,0.4945454545454545
MA010120220810122618,5,1.0,0.0,5,0.1675294117647059
MA010120220810124274,4,1.0,1.0,1,0.00016160310277957336
MA010120220810125238,5,1.0,0.0,2,0.058823529411764705
MA010120220810125498,5,1.0,0.0,2,0.008849557522123894
MA010120220810125694,1,0.0,0.0,1,0.0012642225031605564
MA010120220810126486,5,1.0,0.0,1,0.0
MA010120220810130705,5,1.0,0.0,3,1.0
MA010120220810134427,1,0.0,0.0,4,0.1990603363006924
MA010120220810135135,5,1.0,1.0,4,0.01276595744680851
MA010120220810135210,5,1.0,0.0,3,0.003878474466709761
MA010120220810135299,5,1.0,0.0,4,0.15625
MA010120220810139778,5,1.0,0.0,1,0.005084745762711864
MA010120220810142313,5,0.0,0.0,2,0.002865041467705454
MA010120220810143153,5,1.0,0.0,2,0.004030226700251889
MA010120220810144604,5,1.0,0.0,1,0.00040424456796361803
MA010120220810144916,5,1.0,0.0,1,0.004846526655896607
MA010120220810146569,5,1.0,0.0,0,0.0
MA010120220810148603,5,1.0,0.0,2,0.10655737704918034
MA010120220810149505,5,1.0,1.0,3,0.0
MA010120220810150865,5,1.0,0.0,1,0.0005529027393817543
MA010120220810150914,1,1.0,0.0,4,0.28809523809523807
MA010120220810151283,5,1.0,0.0,2,0.01680672268907563
MA010120220810153918,5,1.0,0.0,1,0.08875739644970415
MA010120220810155625,5,1.0,0.0,2,0.06349206349206349
MA010120220810155651,4,1.0,1.0,5,1.0
MA010120220810156262,5,1.0,1.0,4,0.019583539910758556
MA010120220810156482,5,1.0,0.0,0,0.0
MA010120220810157820,5,0.0,0.0,0,0.0
MA010120220810159233,5,1.0,0.0,2,0.0857142857142857
MA010120220810160315,5,1.0,0.0,1,0.0030418250950570345
MA010120220810161095,1,1.0,0.0,2,0.0050968399592252805
MA010120220810162578,5,1.0,0.0,3,0.24767801857585142
MA010120220810163464,5,1.0,0.0,2,0.08955223880597014
MA010120220810166238,5,1.0,0.0,0,0.0
MA010120220810167487,5,1.0,0.0,0,0.0
MA010120220810167949,5,1.0,0.0,0,0.0
MA010120220810169514,5,0.0,0.0,3,0.0
MA010120220810169981,5,1.0,0.0,0,0.0
MA010120220810170434,1,1.0,0.0,0,0.0
MA010120220810171773,5,1.0,0.0,5,0.4717948717948718
MA010120220810171818,5,1.0,0.0,0,0.0
MA010120220810171848,5,1.0,1.0,5,0.21492537313432836
MA010120220810173208,5,1.0,0.0,3,1.0
MA010120220810173823,5,1.0,0.0,3,0.004273504273504274
MA010120220810173910,5,1.0,1.0,3,0.8947368421052632
MA010120220810174499,5,0.0,0.0,1,0.0010471204188481676
MA010120220810174526,5,1.0,0.0,5,0.6962962962962963
MA010120220810174621,5,1.0,0.0,3,0.05223367697594501
MA010120220810174917,1,1.0,0.0,0,0.0
MA010120220810176223,4,1.0,0.0,5,0.6762295081967213
MA010120220810176463,5,1.0,0.0,5,0.8514285714285714
MA010120220810179428,1,1.0,0.0,3,0.21052631578947367
MA010120220810179741,5,0.0,0.0,1,9.70873786407767e-05
MA010120220810180067,5,1.0,0.0,3,0.03835341365461847
MA010120220810181077,5,1.0,1.0,2,0.005017367811655731
MA010120220810181156,5,1.0,0.0,5,0.3561797752808989
MA010120220810182306,5,1.0,0.0,2,0.0505050505050505
MA010120220810182497,5,1.0,0.0,1,0.002978723404255319
MA010120220810182771,1,1.0,0.0,3,1.0
MA010120220810182997,5,1.0,0.0,3,1.0
MA010120220810183665,5,1.0,0.0,3,0.282608695652174
MA010120220810184512,5,1.0,1.0,1,0.023423423423423424
MA010120220810184768,5,1.0,0.0,4,0.4652406417112299
MA010120220810185792,5,1.0,0.0,2,0.22844175491679275
MA010120220810186311,5,1.0,0.0,4,0.016942976862816546
MA010120220810186351,5,1.0,0.0,3,0.021094640820980615
MA010120220810186554,5,1.0,1.0,3,0.056441717791411036
MA010120220810188021,1,1.0,0.0,3,0.0
MA010120220810189479,5,1.0,0.0,3,0.037468776019983344
MA010120220810190917,1,1.0,0.0,3,0.0
MA010120220810191020,5,1.0,0.0,3,0.026385224274406333
MA010120220810191489,5,1.0,0.0,2,0.03669724770642202
MA010120220810192415,5,1.0,0.0,1,0.01651376146788991
MA010120220810192594,5,1.0,0.0,1,0.0030501089324618735
MA010120220810192733,5,0.0,0.0,2,0.010234171725932351
MA010120220810194404,1,1.0,0.0,3,0.0
MA010120220810195374,5,1.0,0.0,0,0.0
MA010120220810196704,5,1.0,0.0,5,0.04561942822010452
MA010120220810197408,5,0.0,0.0,0,0.0
MA010120220810199262,5,1.0,0.0,3,0.032
MA010120220810200494,5,1.0,0.0,1,0.00042553191489361707
MA010120220810201540,1,0.0,0.0,3,0.02781289506953224
MA010120220810202222,5,1.0,0.0,5,0.12128146453089245
MA010120220810202296,5,1.0,0.0,2,0.006765327695560254
MA010120220810203314,5,1.0,0.0,4,0.46927374301675984
MA010120220810203664,5,1.0,1.0,1,0.018808777429467086
MA010120220810204537,5,1.0,1.0,3,0.004561949196474858
MA010120220810205229,5,0.0,0.0,3,0.10751879699248121
MA010120220810206758,5,1.0,0.0,1,0.04782608695652174
MA010120220810207204,5,1.0,1.0,1,0.0006123698714023271
MA010120220810207256,5,0.0,0.0,1,0.03076923076923077
MA010120220810207332,5,0.0,0.0,0,0.0
MA010120220810207595,4,1.0,0.0,5,1.0
MA010120220810208626,5,1.0,0.0,3,1.0
MA010120220810209636,4,1.0,1.0,4,0.5182926829268293
MA010120220810210374,5,1.0,1.0,3,0.06463068181818181
MA010120220810210534,5,1.0,0.0,3,0.4381625441696113
MA010120220810210602,5,1.0,0.0,3,0.009095502779181405
MA010120220810212909,5,1.0,0.0,1,0.011261261261261262
MA010120220810214989,5,1.0,0.0,4,0.5417376490630323
MA010120220810215355,5,1.0,1.0,3,0.00726072607260726
MA010120220810216359,5,1.0,0.0,1,0.010245901639344262
MA010120220810217338,1,1.0,1.0,5,0.5256124721603563
MA010120220810217466,1,1.0,0.0,0,0.0
MA010120220810218638,5,1.0,0.0,2,0.004733727810650888
MA010120220810220646,5,1.0,0.0,3,1.0
MA010120220810220798,1,1.0,0.0,5,0.6143790849673203
MA010120220810222575,5,1.0,0.0,1,0.0005479452054794521
MA010120220810223877,5,1.0,0.0,0,0.0
MA010120220810226242,5,1.0,1.0,2,0.39097744360902253
MA010120220810227219,5,1.0,0.0,0,0.0
MA010120220810228674,5,1.0,0.0,3,0.02903225806451613
MA010120220810229010,5,1.0,0.0,0,0.0
MA010120220810229025,5,1.0,0.0,0,0.0
MA010120220810229243,5,1.0,0.0,4,0.16989247311827957
MA010120220810230559,5,1.0,0.0,0,0.0
MA010120220810231488,5,1.0,0.0,3,0.17671957671957672
MA010120220810232033,5,1.0,0.0,0,0.0
MA010120220810232332,5,0.0,0.0,2,0.0063999999999999994
MA010120220810232746,5,1.0,0.0,3,0.0
MA010120220810233191,5,1.0,0.0,1,0.0
MA010120220810233276,5,1.0,0.0,3,1.0
MA010120220810233902,5,1.0,0.0,0,0.0
MA010120220810234062,5,1.0,0.0,2,0.0018493150684931509
MA010120220810234087,5,1.0,0.0,3,0.0047457627118644066
MA010120220810234154,5,1.0,0.0,0,0.0
MA010120220810234175,5,1.0,0.0,2,0.03333333333333333
MA010120220810234788,5,1.0,1.0,2,0.0253393665158371
MA010120220810236516,5,0.0,0.0,0,0.0
MA010120220810236804,5,1.0,0.0,3,0.0327212020033389
MA010120220810237030,5,1.0,0.0,3,0.0
MA010120220810238394,5,1.0,1.0,5,0.12418300653594772
MA010120220810239983,5,1.0,0.0,3,0.05185185185185186
MA010120220810241043,5,1.0,1.0,4,0.034220532319391636
MA010120220810241542,5,1.0,0.0,3,0.05656108597285067
MA010120220810241774,5,1.0,0.0,5,0.5275590551181102
MA010120220810242008,5,1.0,0.0,1,0.0017272400143936667
MA010120220810242241,5,1.0,0.0,1,0.05333333333333334
MA010120220810244222,5,0.0,1.0,5,1.0
MA010120220810244544,5,0.0,0.0,1,0.011111111111111112
MA010120220810244970,5,1.0,0.0,5,1.0
MA010120220810245257,5,1.0,0.0,3,0.05555555555555555
MA010120220810245954,5,1.0,0.0,1,0.0013774104683195593
MA010120220810246323,5,1.0,0.0,2,0.06933333333333333
MA010120220810246923,5,1.0,0.0,4,0.09658119658119657
MA010120220810247079,5,1.0,0.0,1,0.00013280212483399734
MA010120220810247267,1,1.0,0.0,0,0.0
MA010120220810248306,5,0.0,1.0,1,0.0042454650714010035
MA010120220810248852,5,1.0,0.0,0,0.0
MA010120220810248876,5,1.0,0.0,1,0.0032520325203252032
MA010120220810250903,5,1.0,0.0,3,0.09170305676855896
MA010120220810251033,5,0.0,1.0,4,0.6950276243093922
MA010120220810253009,5,1.0,1.0,4,0.08235294117647059
MA010120220810253903,5,1.0,0.0,1,0.0
MA010120220810255819,5,0.0,0.0,0,0.0
MA010120220810256511,1,0.0,0.0,4,0.136443661971831
MA010120220810256667,1,1.0,0.0,5,0.47381546134663344
MA010120220810256699,5,1.0,0.0,2,0.0467741935483871
MA010120220810256895,5,1.0,0.0,0,0.0
MA010120220810256900,1,1.0,0.0,5,0.3042416166999778
MA010120220810258560,5,1.0,1.0,5,1.0
MA010120220810258680,4,1.0,0.0,2,0.010617760617760617
MA010120220810259487,5,0.0,0.0,2,0.024363233665559248
MA010120220810259663,5,1.0,0.0,5,0.02945205479452055
MA010120220810259731,5,1.0,0.0,3,0.0017543859649122807
MA010120220810262373,1,0.0,0.0,0,0.0
MA010120220810262832,5,1.0,0.0,4,0.015384615384615384
MA010120220810264765,5,1.0,1.0,3,0.34358974358974353
MA010120220810265333,5,1.0,0.0,2,0.004252199413489736
MA010120220810266130,5,1.0,0.0,0,0.0
MA010120220810266166,5,1.0,1.0,4,0.344973544973545
MA010120220810266849,5,1.0,0.0,1,0.0004728132387706856
MA010120220810266907,5,1.0,0.0,2,0.009523809523809525
MA010120220810267576,5,1.0,0.0,0,0.0
MA010120220810268374,1,1.0,1.0,5,0.884
MA010120220810268612,5,1.0,0.0,2,0.027142857142857142
MA010120220810269193,5,1.0,1.0,3,0.1137440758293839
MA010120220810269282,5,1.0,1.0,4,0.31666666666666665
MA010120220810269970,5,1.0,0.0,1,0.0003870967741935484
MA010120220810271240,4,1.0,0.0,1,0.03333333333333333
MA010120220810271549,5,1.0,0.0,0,0.0
MA010120220810272589,5,1.0,0.0,3,0.0017430167597765362
MA010120220810274481,5,1.0,0.0,0,0.0
MA010120220810274822,1,1.0,1.0,5,0.4367897727272727
MA010120220810274904,5,1.0,0.0,1,0.0
MA010120220810275454,5,1.0,0.0,1,0.0007797270955165693
MA010120220810275472,5,1.0,0.0,1,0.012903225806451613
MA010120220810276522,1,1.0,1.0,3,0.04794520547945205
MA010120220810277442,5,1.0,0.0,0,0.0
MA010120220810278536,5,0.0,0.0,2,0.0034286453616250486
MA010120220810278727,5,1.0,0.0,2,0.03902439024390244
MA010120220810282862,1,1.0,0.0,0,0.0
MA010120220810283579,5,1.0,1.0,5,0.32881355932203393
MA010120220810284037,4,1.0,0.0,2,0.008
MA010120220810284098,5,1.0,1.0,3,0.0641025641025641
MA010120220810284288,5,0.0,0.0,5,0.1334841628959276
MA010120220810284598,4,1.0,0.0,0,0.0
MA010120220810286763,4,1.0,0.0,3,0.0
MA010120220810288554,5,1.0,0.0,4,0.2
MA010120220810289409,5,1.0,0.0,2,0.007478524507326933
MA010120220810290434,5,1.0,0.0,3,0.0
MA010120220810290595,5,1.0,1.0,3,0.21952908587257614
MA010120220810291037,5,1.0,0.0,4,0.05466472303206996
MA010120220810291612,5,1.0,0.0,3,1.0
MA010120220810292610,1,1.0,0.0,5,1.0
MA010120220810293759,5,0.0,0.0,5,0.4434227330779055
MA010120220810295682,5,1.0,0.0,4,0.0774385703648548
MA010120220810295825,5,1.0,0.0,2,0.15028901734104047
MA010120220810296282,5,1.0,0.0,0,0.0
MA010120220810297663,5,0.0,0.0,5,0.07120103314679294
MA010120220810298595,5,1.0,0.0,1,0.021419571608567826
MA010120220810299445,5,1.0,0.0,1,0.015503875968992248
MA010120220810299523,5,1.0,0.0,2,0.04534883720930232
MA010120220810300033,5,0.0,1.0,2,0.007653061224489796
MA010120220810301118,5,1.0,0.0,3,0.01064638783269962
MA010120220810301514,1,1.0,1.0,1,0.11475409836065574
MA010120220810302112,5,1.0,0.0,4,0.1039426523297491
MA010120220810302606,5,1.0,0.0,1,0.0015712682379349046
MA010120220810302743,5,0.0,0.0,3,0.006715454154111063
MA010120220810304205,5,1.0,1.0,3,0.00020369790034471954
MA010120220810304586,5,1.0,0.0,4,0.5485714285714286
MA010120220810304625,5,0.0,0.0,1,0.03707865168539325
MA010120220810304908,5,1.0,0.0,1,0.0036842105263157894
MA010120220810308406,5,1.0,0.0,2,0.020987654320987655
MA010120220810308898,5,1.0,0.0,3,1.0
MA010120220810310103,5,0.0,0.0,4,0.021637426900584796
MA010120220810311030,5,1.0,0.0,2,0.02088167053364269
MA010120220810311976,1,1.0,0.0,2,0.07633587786259542
MA010120220810312403,5,1.0,0.0,5,0.8913043478260869
MA010120220810312846,5,1.0,0.0,0,0.0
MA010120220810313254,5,1.0,0.0,0,0.0
MA010120220810313645,5,1.0,0.0,5,1.0
MA010120220810313938,5,1.0,0.0,4,0.06597938144329897
MA010120220810314002,5,1.0,0.0,3,0.021914648212226065
MA010120220810314567,5,1.0,0.0,1,0.04798761609907121
MA010120220810315239,5,1.0,0.0,4,0.0613107822410148
MA010120220810316019,5,1.0,0.0,0,0.0
MA010120220810316286,5,0.0,0.0,5,0.040050167224080266
MA010120220810316301,1,1.0,0.0,3,0.0
MA010120220810318247,5,1.0,0.0,2,0.03244837758112095
MA010120220810318340,5,1.0,0.0,4,0.04576271186440678
MA010120220810319023,5,1.0,1.0,2,0.0031662269129287598
MA010120220810320809,5,0.0,0.0,2,0.004227212681638045
MA010120220810322067,5,1.0,0.0,1,0.0007042253521126761
MA010120220810322085,5,1.0,0.0,2,0.10135135135135134
MA010120220810323316,5,1.0,0.0,3,0.08
MA010120220810323989,5,1.0,0.0,2,0.01788617886178862
MA010120220810325777,5,0.0,0.0,4,0.2202510460251046
MA010120220810328311,5,1.0,1.0,5,1.0
MA010120220810329365,5,1.0,0.0,1,0.0019417475728155341
MA010120220810329381,5,0.0,0.0,5,0.29644594089038534
MA010120220810331775,5,1.0,0.0,1,0.0005263157894736842
MA010120220810332182,5,1.0,0.0,1,0.0007297790391242652
MA010120220810332429,5,1.0,0.0,3,0.44360902255639095
MA010120220810333306,5,1.0,0.0,1,0.2956521739130435
MA010120220810333882,5,1.0,0.0,3,0.0
MA010120220810336599,4,1.0,0.0,0,0.0
MA010120220810338185,5,1.0,0.0,1,0.007289293849658315
MA010120220810340671,5,1.0,0.0,2,0.03153153153153153
MA010120220810341984,5,0.0,0.0,2,0.029629629629629627
MA010120220810342608,5,1.0,0.0,0,0.0
MA010120220810343380,5,1.0,0.0,0,0.0
MA010120220810343445,5,1.0,0.0,2,0.026138613861386138
MA010120220810344417,5,1.0,0.0,4,0.03093476798924008
MA010120220810345134,1,1.0,0.0,3,1.0
MA010120220810345326,5,1.0,0.0,5,0.06996197718631178
MA010120220810345824,4,1.0,0.0,5,0.19791666666666666
MA010120220810345944,5,1.0,0.0,5,0.07153996101364522
MA010120220810346388,5,1.0,0.0,3,0.0
MA010120220810346765,5,1.0,0.0,0,0.0
MA010120220810348466,1,1.0,0.0,3,0.0417981072555205
MA010120220810348576,5,1.0,1.0,4,0.4431818181818181
MA010120220810349166,5,0.0,0.0,1,0.0030965391621129326
MA010120220810349853,1,1.0,0.0,0,0.0
MA010120220810353892,5,1.0,0.0,3,0.024786324786324785
MA010120220810354548,5,1.0,0.0,3,0.01818181818181818
MA010120220810355732,1,1.0,1.0,1,0.034657039711191336
MA010120220810355799,5,0.0,0.0,0,0.0
MA010120220810356772,4,1.0,0.0,0,0.0
MA010120220810357063,5,1.0,0.0,0,0.0
MA010120220810357807,5,1.0,1.0,2,0.01907356948228883
MA010120220810359628,5,1.0,0.0,0,0.0
MA010120220810361339,5,1.0,1.0,5,0.9607843137254901
MA010120220810362364,5,1.0,0.0,3,0.11921611322808928
MA010120220810362933,5,1.0,0.0,4,0.22399999999999998
MA010120220810363266,5,1.0,0.0,0,0.0
MA010120220810364524,5,1.0,0.0,2,0.03056768558951965
MA010120220810364837,5,1.0,0.0,2,0.29363295880149815
MA010120220810365687,5,1.0,1.0,3,0.046583850931677016
MA010120220810365960,5,0.0,1.0,2,0.14883720930232558
MA010120220810366947,5,0.0,0.0,0,0.0
MA010120220810367466,5,1.0,0.0,4,0.008676261909588485
MA010120220810372529,5,1.0,0.0,1,0.0003074085459575776
MA010120220810374283,5,1.0,0.0,2,0.004223602484472049
MA010120220810375852,5,1.0,0.0,5,1.0
MA010120220810376579,4,1.0,0.0,2,0.004137115839243499
MA010120220810378412,5,0.0,0.0,0,0.0
MA010120220810379098,5,1.0,1.0,3,0.05142857142857143
MA010120220810379140,5,1.0,0.0,2,0.01025236593059937
MA010120220810379872,5,1.0,1.0,1,0.012539184952978058
MA010120220810380600,5,1.0,1.0,3,1.0
MA010120220810382955,5,1.0,1.0,0,0.0
MA010120220810384215,5,1.0,0.0,2,0.0028368794326241132
MA010120220810385820,5,1.0,0.0,2,0.03076923076923077
MA010120220810386622,5,1.0,0.0,0,0.0
MA010120220810387465,5,1.0,0.0,3,0.09502262443438914
MA010120220810388259,5,0.0,0.0,3,0.05752212389380531
MA010120220810388332,5,1.0,1.0,3,0.10476190476190475
MA010120220810388967,5,1.0,0.0,1,0.0006045105789351313
MA010120220810389198,5,1.0,0.0,1,0.0012232415902140672
MA010120220810391823,5,1.0,0.0,3,0.004549646480172149
MA010120220810391871,5,1.0,0.0,5,1.0
MA010120220810393715,5,1.0,0.0,5,0.2821493624772313
MA010120220810397232,5,1.0,0.0,0,0.0
MA010120220810398280,5,1.0,0.0,2,0.016042780748663103
MA010120220810398373,5,1.0,0.0,2,0.006175221922037823
MA010120220810399375,5,1.0,1.0,0,0.0
MA010120220810403291,5,1.0,0.0,1,0.0
MA010120220810404461,5,1.0,1.0,1,0.0016260162601626016
MA010120220810404702,5,1.0,0.0,0,0.0
MA010120220810406470,5,1.0,0.0,0,0.0
MA010120220810406602,1,0.0,0.0,0,0.0
MA010120220810406818,5,1.0,0.0,3,0.0
MA010120220810409182,5,1.0,0.0,0,0.0
MA010120220810410629,5,1.0,0.0,0,0.0
MA010120220810414302,4,1.0,0.0,2,0.008190618019359643
MA010120220810415198,5,1.0,0.0,2,0.006418039895923678
MA010120220810419791,5,1.0,0.0,2,0.02535211267605634
MA010120220810420590,1,1.0,0.0,5,0.7175141242937854
MA010120220810423722,1,1.0,0.0,2,0.008849557522123894
MA010120220810424103,5,0.0,1.0,3,0.029166666666666667
MA010120220810424326,5,1.0,1.0,5,0.4176991150442478
MA010120220810424700,5,1.0,0.0,4,0.9177215189873418
MA010120220810424754,5,1.0,0.0,5,0.3141884222474461
MA010120220810424799,5,1.0,0.0,2,0.008017817371937639
MA010120220810424805,5,1.0,0.0,0,0.0
MA010120220810425108,1,1.0,0.0,1,0.00034246575342465754
MA010120220810426100,5,1.0,1.0,5,0.8369905956112854
MA010120220810426770,5,1.0,0.0,0,0.0
MA010120220810427099,5,1.0,0.0,5,0.7567567567567568
MA010120220810431199,5,1.0,0.0,4,0.40869565217391307
MA010120220810431803,5,1.0,0.0,5,0.5964021164021164
MA010120220810432866,5,1.0,0.0,4,0.4057971014492754
MA010120220810433268,1,1.0,0.0,2,0.1387604070305273
MA010120220810433480,1,1.0,0.0,5,1.0
MA010120220810434520,5,1.0,0.0,4,0.5665024630541872
MA010120220810435359,5,1.0,1.0,4,0.11319148936170213
MA010120220810436756,4,1.0,1.0,4,0.07913490222074909
MA010120220810436951,5,1.0,0.0,1,0.0035958288385472847
MA010120220810437869,5,0.0,0.0,3,0.030738119312436803
MA010120220810438078,5,1.0,0.0,3,0.0021452513966480446
MA010120220810438388,5,1.0,1.0,4,0.012337998963193365
MA010120220810439743,5,1.0,1.0,4,0.44264705882352945
MA010120220810439775,5,1.0,1.0,2,0.004013377926421404
MA010120220810440463,5,1.0,0.0,1,0.00031347962382445143
MA010120220810441002,5,0.0,0.0,1,0.000258765687669815
MA010120220810441365,5,1.0,0.0,4,0.01401006711409396
MA010120220810441989,5,1.0,0.0,2,0.012165450121654502
MA010120220810442633,5,1.0,0.0,1,0.0030534351145038168
MA010120220810443199,5,1.0,0.0,4,0.20087336244541487
MA010120220810444632,5,1.0,0.0,4,0.014756786299872472
MA010120220810445306,5,1.0,0.0,0,0.0
MA010120220810445689,5,0.0,0.0,2,0.006972789115646258
MA010120220810447139,5,1.0,0.0,2,0.008982826948480845
MA010120220810447294,5,1.0,1.0,2,0.004285714285714286
MA010120220810447325,5,1.0,1.0,1,0.015053763440860214
MA010120220810447490,5,1.0,0.0,0,0.0
MA010120220810448269,5,1.0,1.0,2,0.007659574468085107
MA010120220810448657,5,1.0,0.0,3,0.026765799256505577
MA010120220810451175,5,1.0,0.0,4,0.050659133709981166
MA010120220810451625,5,1.0,0.0,4,0.1205357142857143
MA010120220810453930,5,1.0,0.0,2,0.030769230769230767
MA010120220810456617,5,0.0,0.0,1,0.012459016393442622
MA010120220810457406,1,1.0,0.0,1,0.06274509803921569
MA010120220810466953,5,1.0,0.0,2,0.0015939597315436241
MA010120220810467515,5,1.0,1.0,1,0.006060606060606061
MA010120220810479642,5,1.0,0.0,1,0.1096774193548387
MA010120220810479679,5,1.0,0.0,1,0.007952286282306164
MA010120220810480245,5,0.0,0.0,4,0.11880046136101499
MA010120220810480633,5,0.0,0.0,0,0.0
MA010120220810480945,5,1.0,1.0,3,0.08695652173913043
MA010120220810482307,5,0.0,0.0,3,0.02971014492753623
MA010120220810482538,1,1.0,0.0,2,0.007246376811594203
MA010120220810482696,5,1.0,0.0,3,0.14098360655737704
MA010120220810483392,5,1.0,0.0,5,0.20604250834357984
MA010120220810483664,5,0.0,0.0,3,0.03856749311294766
MA010120220810483784,5,1.0,0.0,2,0.043243243243243246
MA010120220810484930,5,1.0,0.0,2,0.005192878338278932
MA010120220810487535,5,1.0,0.0,0,0.0
MA010120220810488903,5,1.0,0.0,1,0.03278688524590164
MA010120220810489229,5,1.0,0.0,3,0.0382608695652174
MA010120220810489895,4,1.0,0.0,4,0.41036308623298035
MA010120220810490366,5,1.0,0.0,2,0.009150326797385621
MA010120220810490728,5,1.0,0.0,1,0.015950920245398775
MA010120220810492861,5,1.0,0.0,3,0.005068493150684932
MA010120220810493239,5,0.0,0.0,2,0.04153846153846154
MA010120220810494685,5,1.0,1.0,1,0.028607918263090674
MA010120220810495029,5,1.0,0.0,3,0.0077909022367429
MA010120220810496590,5,1.0,1.0,1,0.001639344262295082
MA010120220810497432,5,1.0,0.0,2,0.005251829530779165
MA010120220810503358,5,1.0,0.0,0,0.0
MA010120220810536437,5,1.0,0.0,3,0.020109689213893965
MA010120220810536733,5,1.0,0.0,1,0.03363518758085382
MA010120220810536948,4,1.0,1.0,3,0.02620967741935484
MA010120220810537314,5,0.0,0.0,4,0.056890012642225034
MA010120220810539307,5,1.0,0.0,0,0.0
MA010120220810540725,5,0.0,0.0,4,0.15759599332220367
MA010120220810541520,5,1.0,1.0,3,0.24705882352941178
MA010120220810542674,5,1.0,0.0,1,0.02788671023965142
MA010120220810543018,5,1.0,1.0,4,0.3152542372881356
MA010120220810543614,5,1.0,0.0,0,0.0
MA010120220810544517,5,1.0,0.0,3,0.011185682326621925
MA010120220810544781,5,0.0,0.0,3,0.10751879699248121
MA010120220810545423,5,1.0,0.0,4,0.12672176308539945
MA010120220810546440,5,1.0,0.0,5,1.0
MA010120220810549602,5,1.0,1.0,5,1.0
MA010120220810552013,5,1.0,0.0,0,0.0
MA010120220810552541,5,1.0,0.0,1,0.004838709677419355
MA010120220810554437,5,1.0,0.0,2,0.03651685393258427
MA010120220810554730,1,1.0,0.0,3,1.0
MA010120220810555021,1,1.0,0.0,5,1.0
MA010120220810555883,5,0.0,0.0,0,0.0
MA010120220810562855,5,1.0,0.0,0,0.0
MA010120220810563222,5,1.0,0.0,0,0.0
MA010120220810572741,5,1.0,0.0,3,0.0196078431372549
MA010120220810573427,5,1.0,0.0,3,0.009420289855072464
MA010120220810575059,5,1.0,0.0,4,0.2786377708978328
MA010120220810577365,1,1.0,0.0,3,0.23809523809523808
MA010120220810578809,5,0.0,0.0,1,0.0003690036900369004
MA010120220810579329,5,1.0,0.0,3,0.07058823529411763
MA010120220810579609,5,1.0,1.0,0,0.0
MA010120220810579923,5,1.0,0.0,3,0.04
MA010120220810580436,5,1.0,0.0,0,0.0
MA010120220810581187,5,0.0,1.0,4,0.014433407662679911
MA010120220810581382,5,1.0,0.0,2,0.003881485315047225
MA010120220810584187,5,1.0,0.0,1,0.028436018957345974
MA010120220810584726,5,1.0,0.0,1,0.0030534351145038168
MA010120220810585630,5,1.0,0.0,3,0.03967611336032389
MA010120220810585702,5,1.0,0.0,0,0.0
MA010120220810587612,5,1.0,0.0,3,0.10181818181818181
MA010120220810591819,5,1.0,0.0,3,0.04183006535947712
MA010120220810593280,4,1.0,0.0,3,0.0
MA010120220810595282,5,1.0,0.0,1,0.004708097928436911
MA010120220810595285,5,1.0,0.0,1,0.0022813688212927757
MA010120220810595396,5,1.0,0.0,5,0.23575331772053085
MA010120220810595547,5,1.0,1.0,1,0.0
MA010120220810597475,1,1.0,0.0,4,0.15403422982885084
MA010120220810598145,5,1.0,0.0,1,0.0
MA010120220810652559,5,1.0,0.0,3,0.0
MA010120220810656887,5,1.0,0.0,4,0.03238289205702648
MA010120220810658998,5,1.0,0.0,4,0.14929577464788732
MA010120220810659363,4,1.0,0.0,4,0.13257575757575757
MA010120220810660842,5,1.0,0.0,2,0.008005985783763561
MA010120220810664686,5,1.0,0.0,3,0.006896551724137932
MA010120220810743009,5,0.0,1.0,4,0.10522733460386605
MA010120220810743311,1,1.0,0.0,0,0.0
MA010120220810743511,5,1.0,0.0,2,0.0015552099533437014
MA010120220810751608,5,1.0,0.0,0,0.0
MA010120220810751705,5,1.0,0.0,1,0.0029411764705882353
MA010120220810798484,5,1.0,0.0,3,1.0
MA010120220810799255,5,1.0,1.0,3,0.053054662379421226
MA010120220810800614,5,1.0,1.0,3,1.0
MA010120220810800940,5,1.0,1.0,4,0.5303370786516853
MA010120220810801259,5,1.0,0.0,5,0.8925531914893617
MA010120220810802394,5,1.0,0.0,1,0.012998266897746967
MA010120220810803533,5,1.0,0.0,3,0.0288135593220339
MA010120220810811813,5,1.0,0.0,1,0.010996563573883162
MA010120220810817261,5,1.0,1.0,3,0.013071895424836602
MA010120220810823307,5,1.0,0.0,4,0.012801013941698351
MA010120220810823423,5,1.0,0.0,0,0.0
MA010120220810824365,5,1.0,0.0,3,0.0
MA010120220810852704,5,1.0,0.0,2,0.030693069306930693
MA010120220810875134,5,1.0,0.0,4,0.28506787330316746
MA010120220810876464,5,1.0,0.0,1,0.0001787709497206704
MA010120220810877009,5,1.0,0.0,1,0.003859513701273639
MA010120220810877913,5,1.0,1.0,1,0.0
MA010120220810880892,5,1.0,0.0,0,0.0
MA010120220810881781,5,0.0,0.0,1,0.011265164644714038
MA010120220810886906,5,1.0,0.0,2,0.021468926553672316
MA010120220810887413,5,0.0,0.0,3,0.010331384015594542
MA010120220810888014,5,1.0,0.0,2,0.040860215053763436
MA010120220810888973,5,1.0,1.0,5,1.0
MA010120220810897368,5,1.0,0.0,5,0.42369020501138954
MA010120220810897397,5,1.0,1.0,2,0.00418041804180418
MA010120220810897422,5,1.0,0.0,4,0.12125455054606551
MA010120220810922583,5,1.0,0.0,3,0.08952380952380953
MA010120220810960273,5,1.0,0.0,3,0.04183006535947713
MA010120220810961515,5,1.0,0.0,4,0.4033750680457267
MA010120220810961651,5,1.0,0.0,3,0.0453125
MA010120220810961733,5,1.0,1.0,4,0.22983606557377048
MA010120220810961981,5,1.0,0.0,4,0.10752688172043011
MA010120220810964427,5,1.0,1.0,1,0.01279707495429616
MA010120220810965310,5,1.0,0.0,2,0.012449799196787148
MA010120220810966476,5,1.0,1.0,3,0.05279503105590062
MA010120220810969105,5,1.0,0.0,3,0.0
MA010120220810970836,5,1.0,1.0,2,0.351063829787234
MA010120220810971119,5,0.0,1.0,3,1.0
MA010120220810973373,5,1.0,0.0,2,0.030388196030212547
MA010120220811041833,5,1.0,1.0,3,0.040522875816993466
MA010120220811043492,5,1.0,0.0,1,0.0021314387211367673
MA010120220811047664,5,1.0,0.0,3,0.0
MA010120220811047908,5,1.0,0.0,2,0.02909090909090909
MA010120220811049284,5,1.0,0.0,4,0.03450608930987822
MA010120220811050295,5,1.0,0.0,5,0.26605504587155965
MA010120220811057889,5,1.0,1.0,4,0.024891461649782922
MA010120220811057954,5,1.0,0.0,3,0.01213653603034134
MA010120220811057981,1,0.0,0.0,0,0.0
MA010120220811060976,1,1.0,0.0,0,0.0
MA010120220811075763,4,1.0,0.0,4,0.09397482014388489
MA010120220811077209,5,1.0,0.0,4,0.020318553594489884
MA010120220811082080,5,0.0,1.0,3,0.05898876404494382
MA010120220811082120,1,0.0,0.0,2,0.05281690140845071
MA010120220811082330,5,0.0,0.0,3,0.014389799635701276
MA010120220811086373,5,1.0,0.0,5,1.0
MA010120220811090067,5,1.0,0.0,2,0.0009730387188323535
MA010120220811122477,5,1.0,1.0,3,0.00583061070620759
MA010120220811122578,5,1.0,0.0,3,0.0
MA010120220811122976,5,1.0,0.0,3,0.0
MA010120220811123208,1,1.0,0.0,0,0.0
MA010120220811123551,5,1.0,1.0,4,0.022813688212927757
MA010120220811124532,1,1.0,0.0,5,0.5669099756690997
MA010120220811125260,5,1.0,1.0,1,0.01322314049586777
MA010120220811125643,5,1.0,1.0,2,0.027190332326283987
MA010120220811126751,5,1.0,0.0,3,0.5523809523809524
MA010120220811127499,5,1.0,0.0,4,0.16216216216216217
MA010120220811129464,5,1.0,0.0,3,0.0048721071863581
MA010120220811129924,1,1.0,0.0,5,1.0
MA010120220811132774,5,1.0,0.0,3,0.05078125
MA010120220811135046,5,1.0,0.0,3,0.020895522388059702
MA010120220811135765,5,1.0,0.0,4,0.35833333333333334
MA010120220811137564,5,0.0,0.0,0,0.0
MA010120220811142172,1,1.0,0.0,0,0.0
MA010120220811142978,5,1.0,0.0,4,0.07095238095238095
MA010120220811193884,5,0.0,0.0,1,0.0019047619047619048
MA010120220811196721,5,1.0,0.0,1,0.0013531799729364004
MA010120220811196807,5,1.0,0.0,0,0.0
MA010120220811196935,5,1.0,0.0,0,0.0
MA010120220811198760,5,1.0,1.0,3,0.12307692307692308
MA010120220811199682,5,1.0,0.0,0,0.0
MA010120220811200510,5,1.0,0.0,3,1.0
MA010120220811200737,5,1.0,0.0,3,0.07017543859649122
MA010120220811201709,5,1.0,1.0,0,0.0
MA010120220811215399,5,1.0,0.0,4,0.19607843137254902
MA010120220811215886,4,1.0,0.0,1,0.014285714285714285
MA010120220811217478,5,1.0,0.0,2,0.010022779043280182
MA010120220811217749,5,1.0,0.0,2,0.013333333333333334
MA010120220811219401,5,1.0,0.0,3,0.0
MA010120220811222741,5,0.0,0.0,0,0.0
MA010120220811223038,5,1.0,0.0,3,1.0
MA010120220811223798,5,0.0,1.0,1,0.015384615384615384
MA010120220811224511,5,1.0,0.0,2,0.10810810810810811
MA010120220811224826,5,1.0,0.0,4,0.8983050847457626
MA010120220811225505,4,1.0,0.0,5,1.0
MA010120220811225902,5,1.0,0.0,3,0.016110019646365423
MA010120220811226492,5,1.0,1.0,3,0.0847457627118644
MA010120220811226687,5,1.0,0.0,2,0.007983830217281456
MA010120220811227739,5,1.0,0.0,1,0.0014285714285714286
MA010120220811228199,5,1.0,0.0,5,0.04986177431515456
MA010120220811228806,5,0.0,1.0,5,0.2658892128279884
MA010120220811229427,1,0.0,0.0,0,0.0
MA010120220811229760,5,1.0,1.0,3,0.02776470588235294
MA010120220811229879,1,1.0,0.0,5,1.0
MA010120220811231482,5,1.0,0.0,1,0.0007604562737642586
MA010120220811238613,5,0.0,0.0,1,0.00019493177387914232
MA010120220811284673,5,1.0,0.0,1,0.00522875816993464
MA010120220811285920,5,1.0,1.0,3,1.0
MA010120220811285973,5,1.0,0.0,0,0.0
MA010120220811286111,5,1.0,0.0,2,0.006309148264984228
MA010120220811286752,1,1.0,0.0,0,0.0
MA010120220811287446,5,1.0,0.0,2,0.001282051282051282
MA010120220811287785,5,1.0,0.0,3,0.03430232558139535
MA010120220811288073,5,1.0,0.0,5,0.009544950055493896
MA010120220811288307,5,1.0,0.0,1,0.007077856420626895
MA010120220811288873,5,1.0,0.0,2,0.0035005834305717617
MA010120220811288954,5,0.0,1.0,5,0.8485312899106002
MA010120220811288960,5,1.0,0.0,5,1.0
MA010120220811378213,4,1.0,0.0,5,0.22461795187071845
MA010120220811378259,4,1.0,0.0,1,0.0008338892595063375
MA010120220811382069,5,1.0,0.0,0,0.0
MA010120220811429195,5,0.0,1.0,3,0.10569105691056911
MA010120220811452618,5,1.0,0.0,3,1.0
MA010120220811453534,5,1.0,0.0,2,0.01402373247033441
MA010120220811454468,5,0.0,0.0,5,0.45899053627760256
MA010120220811454609,5,1.0,0.0,5,0.164576802507837
MA010120220811462631,5,1.0,0.0,1,0.0008782715615668366
MA010120220811465022,1,1.0,1.0,3,0.12459016393442623
MA010120220811472865,5,1.0,0.0,0,0.0
MA010120220811475085,5,1.0,1.0,1,0.3140311804008909
MA010120220811478027,5,1.0,0.0,1,8.108655990269614e-05
MA010120220811478317,5,1.0,0.0,3,0.044036697247706424
MA010120220811478640,5,1.0,0.0,3,0.04029850746268657
MA010120220811479082,5,1.0,0.0,3,1.0
MA010120220811480006,5,1.0,0.0,4,0.0234375
MA010120220811481089,5,1.0,0.0,1,0.001483679525222552
MA010120220811483646,5,0.0,0.0,1,0.0001340782122905028
MA010120220811484943,5,1.0,1.0,3,0.0
MA010120220811485269,5,1.0,0.0,2,0.01634506242905789
MA010120220811485389,5,1.0,0.0,3,0.002151859821703043
MA010120220811486047,5,1.0,0.0,5,0.22580645161290322
MA010120220811486123,5,1.0,0.0,2,0.04057971014492753
MA010120220811486211,5,1.0,0.0,4,0.024334600760456276
MA010120220811490456,5,1.0,0.0,1,0.0035943517329910138
MA010120220811493010,1,1.0,0.0,5,0.3078231292517007
MA010120220811496774,5,1.0,1.0,1,0.025252525252525252
MA010120220811497827,5,1.0,1.0,3,1.0
MA010120220811499280,5,1.0,0.0,3,0.020077220077220077
MA010120220811499449,5,1.0,0.0,3,0.021818181818181816
MA010120220811500610,5,1.0,0.0,2,0.1377049180327869
MA010120220811501678,5,1.0,0.0,1,0.005642633228840126
MA010120220811503617,5,1.0,1.0,3,0.08450704225352113
MA010120220811504597,4,1.0,0.0,3,0.03467153284671533
MA010120220811507508,5,0.0,0.0,4,0.028669823504089538
MA010120220811507666,5,1.0,1.0,5,0.4579710144927536
MA010120220811508562,5,1.0,1.0,3,0.009531772575250836
MA010120220811509435,5,1.0,0.0,4,0.10722263588979895
MA010120220811511879,5,1.0,0.0,0,0.0
MA010120220811551997,5,1.0,0.0,3,0.0
MA010120220811554106,5,1.0,0.0,1,0.012422360248447208
MA010120220811555896,5,0.0,0.0,3,0.010089020771513354
MA010120220811557675,5,1.0,1.0,5,0.2836065573770492
MA010120220811557883,5,1.0,0.0,3,0.021029082774049218
MA010120220811558106,5,1.0,0.0,3,0.18750000000000003
MA010120220811558194,5,1.0,0.0,4,0.06787878787878787
MA010120220811563767,1,1.0,0.0,0,0.0
MA010120220811564642,5,1.0,0.0,4,0.009240924092409241
MA010120220811627951,5,1.0,0.0,3,0.09288537549407112
MA010120220811628167,5,1.0,0.0,4,0.625
MA010120220811629887,5,1.0,0.0,4,0.02578537320934908
MA010120220811639550,5,1.0,1.0,5,0.09636363636363636
MA010120220811651079,5,1.0,1.0,3,0.02824601366742597
MA010120220811655410,5,1.0,0.0,1,0.01276595744680851
MA010120220811656810,5,1.0,0.0,3,0.03500473036896878
MA010120220811658220,5,1.0,1.0,3,0.0
MA010120220811658843,4,1.0,0.0,4,0.5514018691588785
MA010120220811659285,5,1.0,0.0,3,0.03229865771812081
MA010120220811659670,5,1.0,0.0,1,0.018487394957983194
MA010120220811662064,5,1.0,0.0,1,0.02330097087378641
MA010120220811663353,1,0.0,0.0,3,0.08882521489971347
MA010120220811665698,4,1.0,0.0,3,0.0
MA010120220811666239,1,1.0,0.0,1,0.0017565431231336731
MA010120220811667973,5,1.0,1.0,2,0.0013297872340425532
MA010120220811669279,5,1.0,0.0,3,0.018983050847457626
MA010120220811670310,5,1.0,0.0,1,0.018045112781954885
MA010120220811673918,5,1.0,0.0,4,0.009404013177598083
MA010120220811675775,5,1.0,0.0,5,1.0
MA010120220811679498,5,1.0,0.0,0,0.0
MA010120220811680299,1,1.0,0.0,4,0.1583710407239819
MA010120220811680300,5,1.0,0.0,3,0.0
MA010120220811680820,4,1.0,0.0,3,1.0
MA010120220811680906,5,1.0,0.0,3,1.0
MA010120220811681464,5,1.0,0.0,3,0.11713810316139768
MA010120220811683028,5,1.0,0.0,2,0.0039603960396039604
MA010120220811684217,5,1.0,0.0,5,1.0
MA010120220811685975,5,1.0,0.0,0,0.0
MA010120220811686572,5,1.0,0.0,3,0.08275862068965517
MA010120220811686783,5,0.0,0.0,5,1.0
MA010120220811688240,5,1.0,1.0,5,0.28174603174603174
MA010120220811690627,5,1.0,0.0,3,0.07081967213114755
MA010120220811691435,5,0.0,0.0,3,0.0
MA010120220811693783,5,1.0,0.0,5,0.06809453471196455
MA010120220811693876,5,1.0,0.0,5,1.0
MA010120220811695362,5,1.0,1.0,4,0.010057024364955935
MA010120220811696248,5,0.0,0.0,1,6.464124111182935e-05
MA010120220811696962,5,0.0,0.0,0,0.0
MA010120220811697992,5,1.0,1.0,1,0.0
MA010120220811698001,5,0.0,0.0,3,0.0
MA010120220811698093,1,1.0,0.0,5,1.0
MA010120220811698410,5,1.0,0.0,4,0.063681592039801
MA010120220811699015,4,1.0,1.0,1,0.044444444444444446
MA010120220811699241,5,1.0,0.0,5,1.0
MA010120220811700427,5,1.0,0.0,3,1.0
MA010120220811701334,5,1.0,1.0,5,1.0
MA010120220811703173,5,1.0,0.0,3,0.1719457013574661
MA010120220811703399,5,1.0,0.0,0,0.0
MA010120220811705333,5,1.0,1.0,5,0.39534883720930236
MA010120220811705624,5,1.0,0.0,0,0.0
MA010120220811706386,5,0.0,0.0,0,0.0
MA010120220811706610,5,1.0,0.0,5,0.4662576687116564
MA010120220811706711,5,0.0,0.0,0,0.0
MA010120220811708175,5,1.0,0.0,5,0.31767810026385224
MA010120220811710725,5,1.0,1.0,4,0.01439366678661389
MA010120220811711695,5,1.0,1.0,5,1.0
MA010120220811715091,5,0.0,0.0,4,0.07317073170731707
MA010120220811715190,5,0.0,0.0,3,0.005720670391061453
MA010120220811715198,5,1.0,1.0,3,0.02695924764890282
MA010120220811716533,5,1.0,0.0,1,0.10666666666666666
MA010120220811716576,5,1.0,0.0,0,0.0
MA010120220811716616,5,1.0,0.0,0,0.0
MA010120220811718276,5,1.0,0.0,5,0.06373460668509676
MA010120220811720939,1,1.0,0.0,4,0.28
MA010120220811721148,5,0.0,0.0,2,0.05240793201133145
MA010120220811721199,1,1.0,1.0,5,0.40404040404040403
MA010120220811721238,5,0.0,0.0,0,0.0
MA010120220811721259,5,1.0,0.0,4,0.05174927113702624
MA010120220811722744,5,0.0,0.0,2,0.002013422818791946
MA010120220811722819,5,0.0,1.0,5,0.428169014084507
MA010120220811723475,5,1.0,1.0,2,0.07377049180327869
MA010120220811724233,5,1.0,1.0,3,0.2533836953100409
MA010120220811724523,5,1.0,0.0,2,0.011320754716981131
MA010120220811725288,5,1.0,1.0,4,0.05452946350043975
MA010120220811726563,5,1.0,0.0,2,0.022093023255813953
MA010120220811731541,5,0.0,0.0,3,0.09757343550447
MA010120220811732233,5,1.0,0.0,4,0.337218045112782
MA010120220811732276,5,1.0,0.0,1,0.0
MA010120220811732789,5,1.0,0.0,1,0.0024727992087042534
MA010120220811732852,5,1.0,1.0,4,0.02022017524151876
MA010120220811733134,5,0.0,0.0,5,0.25
MA010120220811734470,5,1.0,0.0,3,0.0
MA010120220811734521,5,1.0,0.0,5,0.45652173913043476
MA010120220811735762,5,0.0,0.0,3,0.19047619047619047
MA010120220811736655,1,1.0,0.0,1,0.0026348146847005095
MA010120220811736725,1,0.0,0.0,3,0.0
MA010120220811740608,5,1.0,0.0,4,0.65625
MA010120220811743449,5,1.0,1.0,4,0.023578595317725753
MA010120220811743465,5,1.0,1.0,3,0.04790874524714829
MA010120220811744910,5,1.0,0.0,5,0.3817490494296578
MA010120220811745305,5,1.0,0.0,4,0.044954128440366975
MA010120220811745792,5,1.0,0.0,1,0.003076923076923077
MA010120220811748447,4,1.0,1.0,4,0.10658016682113067
MA010120220811748558,5,1.0,0.0,3,0.014044943820224719
MA010120220811748704,5,1.0,0.0,1,0.0034722222222222225
MA010120220811750574,5,1.0,1.0,0,0.0
MA010120220811751207,5,1.0,0.0,5,0.19315068493150683
MA010120220811753124,5,1.0,1.0,2,0.0032716315109771847
MA010120220811754117,5,0.0,1.0,4,0.08286377195889957
MA010120220811758296,5,1.0,0.0,0,0.0
MA010120220811758402,5,1.0,0.0,0,0.0
MA010120220811759007,5,1.0,0.0,4,0.23243243243243242
MA010120220811759230,5,1.0,0.0,3,1.0
MA010120220811760379,5,1.0,0.0,5,0.0747191011235955
MA010120220811760866,5,1.0,0.0,3,0.011406844106463879
MA010120220811761497,1,1.0,0.0,5,1.0
MA010120220811762159,5,1.0,0.0,1,0.0011299435028248588
MA010120220811762770,5,1.0,0.0,5,0.24786053882725834
MA010120220811762800,5,1.0,0.0,1,0.0125
MA010120220811763793,5,1.0,0.0,5,1.0
MA010120220811763899,4,1.0,0.0,3,1.0
MA010120220811764520,5,1.0,0.0,4,0.06388888888888888
MA010120220811765731,5,1.0,0.0,5,1.0
MA010120220811766205,5,1.0,0.0,0,0.0
MA010120220811767424,5,1.0,1.0,5,1.0
MA010120220811770115,5,1.0,1.0,3,0.07142857142857142
MA010120220811770396,5,1.0,0.0,0,0.0
MA010120220811770920,5,1.0,0.0,3,0.047619047619047616
MA010120220811773859,5,1.0,0.0,2,0.07333333333333333
MA010120220811774211,5,1.0,0.0,5,1.0
MA010120220811774406,5,0.0,1.0,1,0.001021059349074665
MA010120220811774483,5,1.0,0.0,1,0.003076923076923077
MA010120220811774833,5,1.0,0.0,3,0.0
MA010120220811776556,5,0.0,0.0,2,0.0035953177257525082
MA010120220811776703,5,1.0,1.0,4,0.03517441860465116
MA010120220811778112,5,1.0,0.0,3,0.23875968992248062
MA010120220811780242,4,1.0,0.0,3,0.0
MA010120220811781219,5,1.0,0.0,3,0.10888252148997135
MA010120220811781641,1,1.0,1.0,5,0.7746478873239437
MA010120220811782826,5,0.0,0.0,3,0.034375
MA010120220811783596,4,1.0,0.0,1,0.0011467889908256881
MA010120220811784501,5,1.0,0.0,1,0.00933955970647098
MA010120220811787060,1,1.0,0.0,4,0.026615969581749048
MA010120220811788229,5,0.0,0.0,3,0.014917825537294564
MA010120220811789429,5,1.0,0.0,0,0.0
MA010120220811789588,5,1.0,0.0,3,0.0496
MA010120220811789685,5,1.0,0.0,4,0.14666666666666667
MA010120220811790244,5,1.0,0.0,3,0.06
MA010120220811791241,5,1.0,0.0,1,0.0024875621890547263
MA010120220811791288,5,1.0,0.0,1,0.0029498525073746317
MA010120220811791640,5,0.0,0.0,4,0.047058823529411764
MA010120220811792104,4,1.0,0.0,5,1.0
MA010120220811792566,5,1.0,0.0,3,0.012350443844075645
MA010120220811793348,5,1.0,0.0,3,0.007941693892937925
MA010120220811794135,5,1.0,0.0,2,0.014728033472803348
MA010120220811794725,5,0.0,0.0,0,0.0
MA010120220811798735,5,1.0,0.0,0,0.0
MA010120220811799777,5,1.0,0.0,5,0.020706455542021926
MA010120220811800557,5,1.0,0.0,3,0.023999999999999997
MA010120220811801127,5,1.0,0.0,1,0.01651376146788991
MA010120220811802244,4,1.0,1.0,3,0.02906208718626156
MA010120220811802533,5,1.0,0.0,3,0.32799999999999996
MA010120220811805866,4,1.0,0.0,3,0.0
MA010120220811807019,1,0.0,0.0,0,0.0
MA010120220811807814,5,1.0,1.0,5,1.0
MA010120220811808337,5,1.0,0.0,3,0.010806735360643378
MA010120220811808713,5,0.0,1.0,0,0.0
MA010120220811809435,4,1.0,0.0,4,0.0026041666666666665
MA010120220811810169,5,1.0,0.0,5,0.21462585034013607
MA010120220811810706,5,1.0,0.0,3,0.0036755386565272496
MA010120220811810724,1,1.0,1.0,0,0.0
MA010120220811812015,5,1.0,0.0,3,0.05333333333333333
MA010120220811812417,5,1.0,0.0,0,0.0
MA010120220811813197,5,1.0,0.0,0,0.0
MA010120220811813683,5,1.0,0.0,4,0.024882313382649634
MA010120220811814928,5,1.0,0.0,3,1.0
MA010120220811815602,5,1.0,0.0,0,0.0
MA010120220811817040,1,1.0,0.0,1,0.0013280212483399733
MA010120220811818350,5,1.0,0.0,0,0.0
MA010120220811818558,5,1.0,0.0,2,0.0036363636363636364
MA010120220811818609,5,1.0,1.0,3,0.2892561983471075
MA010120220811820343,5,1.0,0.0,0,0.0
MA010120220811820625,1,1.0,0.0,5,0.9638783269961977
MA010120220811822169,5,1.0,0.0,5,1.0
MA010120220811823342,5,1.0,0.0,5,0.3261904761904762
MA010120220811824332,5,1.0,0.0,5,1.0
MA010120220811824471,5,1.0,0.0,1,0.007291666666666666
MA010120220811825537,5,1.0,0.0,1,0.009009009009009009
MA010120220811828291,5,1.0,0.0,0,0.0
MA010120220811828880,4,0.0,0.0,4,0.134
MA010120220811829253,5,1.0,0.0,1,0.0035943517329910138
MA010120220811830206,5,1.0,0.0,1,0.0006600660066006601
MA010120220811831060,5,1.0,0.0,4,0.3111111111111111
MA010120220811834786,5,0.0,1.0,2,0.004733727810650888
MA010120220811836777,5,1.0,0.0,4,0.00648692479221569
MA010120220811836784,5,1.0,0.0,0,0.0
MA010120220811838609,5,1.0,0.0,1,0.03010752688172043
MA010120220811838833,5,1.0,0.0,1,0.00017708517797060386
MA010120220811840352,5,0.0,0.0,2,0.014285714285714287
MA010120220811840650,5,1.0,1.0,5,1.0
MA010120220811841718,5,1.0,0.0,5,0.1717472118959108
MA010120220811842155,5,1.0,0.0,2,0.047678795483061476
MA010120220811846744,5,1.0,0.0,4,0.38688524590163936
MA010120220811846849,5,1.0,1.0,4,0.2247191011235955
MA010120220811849985,1,0.0,0.0,5,1.0
MA010120220811850421,1,0.0,0.0,0,0.0
MA010120220811850750,5,1.0,0.0,2,0.03768115942028986
MA010120220811852872,5,1.0,0.0,4,0.015618688568735693
MA010120220811853149,5,1.0,0.0,1,0.015384615384615384
MA010120220811853859,5,1.0,0.0,3,0.0
MA010120220811855947,5,1.0,1.0,5,1.0
MA010120220811856578,5,1.0,0.0,1,0.006282722513089005
MA010120220811858271,5,1.0,0.0,3,0.3523809523809524
MA010120220811860204,5,1.0,0.0,2,0.026016260162601626
MA010120220811861869,1,1.0,0.0,5,0.10554089709762533
MA010120220811862093,5,1.0,0.0,4,0.3050847457627119
MA010120220811863919,5,1.0,0.0,3,0.0
MA010120220811864742,5,1.0,1.0,1,0.002826455624646693
MA010120220811865203,5,1.0,1.0,1,0.0014492753623188406
MA010120220811866243,1,0.0,0.0,0,0.0
MA010120220811868020,5,1.0,0.0,3,0.217687074829932
MA010120220811868889,5,1.0,0.0,2,0.005871091257179323
MA010120220811869078,5,1.0,1.0,1,0.014914772727272726
MA010120220811869921,5,1.0,0.0,2,0.012328767123287671
MA010120220811870737,1,0.0,0.0,0,0.0
MA010120220811870831,5,1.0,0.0,5,1.0
MA010120220811871626,5,1.0,0.0,0,0.0
MA010120220811871907,5,1.0,0.0,3,1.0
MA010120220811872292,5,1.0,0.0,2,0.0065527065527065526
MA010120220811873081,5,1.0,0.0,0,0.0
MA010120220811873683,5,1.0,0.0,4,0.06774193548387097
MA010120220811874143,5,1.0,0.0,3,0.18546365914786966
MA010120220811875902,5,1.0,0.0,1,0.005071315372424723
MA010120220811876496,5,1.0,0.0,1,0.075
MA010120220811876627,5,0.0,0.0,1,0.013541666666666667
MA010120220811877889,5,0.0,0.0,3,0.0
MA010120220811878319,5,1.0,0.0,5,1.0
MA010120220811878493,1,1.0,0.0,2,0.013513513513513514
MA010120220811878847,5,1.0,0.0,5,0.28363006923837786
MA010120220811879462,5,1.0,0.0,2,0.008762322015334065
MA010120220811880669,5,1.0,0.0,5,1.0
MA010120220811880721,5,1.0,1.0,1,0.012030075187969926
MA010120220811880875,5,1.0,1.0,5,0.29724972497249724
MA010120220811882261,5,1.0,1.0,3,0.11607142857142859
MA010120220811882293,5,0.0,0.0,3,0.011450710288420147
MA010120220811882742,5,0.0,0.0,0,0.0
MA010120220811882919,5,1.0,0.0,5,0.8239631336405531
MA010120220811883499,5,1.0,1.0,5,0.04921630094043887
MA010120220811883920,5,1.0,0.0,0,0.0
MA010120220811884093,1,1.0,0.0,5,1.0
MA010120220811884616,5,1.0,0.0,3,0.358974358974359
MA010120220811888005,5,1.0,0.0,0,0.0
MA010120220811888060,5,1.0,0.0,3,0.11694915254237288
MA010120220811889254,5,1.0,0.0,4,0.21363636363636365
MA010120220811889850,5,1.0,0.0,3,0.028717948717948714
MA010120220811890395,1,1.0,1.0,2,0.06870229007633588
MA010120220811892145,5,1.0,1.0,3,0.07102803738317756
MA010120220811892429,5,1.0,1.0,5,0.2832883056734851
MA010120220811892625,5,1.0,0.0,2,0.008307372793354103
MA010120220811892708,5,1.0,0.0,0,0.0
MA010120220811893146,5,1.0,0.0,4,0.07433102081268582
MA010120220811893896,5,0.0,0.0,3,0.009444947599948248
MA010120220811893917,5,1.0,0.0,0,0.0
MA010120220811893934,5,1.0,0.0,0,0.0
MA010120220811894096,4,1.0,0.0,1,0.07526881720430108
MA010120220811894409,5,1.0,0.0,3,1.0
MA010120220811895314,5,1.0,0.0,4,0.06904231625835189
MA010120220811898951,5,0.0,1.0,4,0.27999999999999997
MA010120220811899122,5,1.0,0.0,1,0.007179487179487179
MA010120220811900014,5,1.0,1.0,4,0.06055045871559633
MA010120220811901742,5,1.0,1.0,3,0.0112
MA010120220811901821,5,1.0,0.0,3,0.0
MA010120220811902115,5,1.0,1.0,1,0.006896551724137932
MA010120220811904065,5,1.0,0.0,1,0.0035541195476575123
MA010120220811905028,5,1.0,0.0,1,0.0
MA010120220811906038,5,1.0,0.0,4,0.09733333333333333
MA010120220811906845,5,1.0,0.0,0,0.0
MA010120220811907200,1,0.0,0.0,2,0.007633587786259542
MA010120220811908830,5,0.0,0.0,1,0.00029069767441860465
MA010120220811909716,5,1.0,0.0,3,0.02038567493112948
MA010120220811911241,5,1.0,0.0,2,0.02701132733081615
MA010120220811913523,5,1.0,0.0,4,0.036009250082590025
MA010120220811914275,5,1.0,0.0,0,0.0
MA010120220811919581,5,1.0,0.0,1,0.0016913319238900635
MA010120220811920308,5,1.0,0.0,4,0.1234567901234568
MA010120220811920393,5,0.0,1.0,4,0.030164765525982257
MA010120220811922277,5,1.0,0.0,2,0.010273972602739725
MA010120220811922437,5,1.0,0.0,4,0.72
MA010120220811923094,5,1.0,1.0,1,0.0007604562737642586
MA010120220811923304,1,1.0,0.0,5,0.16888665493842675
MA010120220811924187,5,1.0,1.0,5,0.09381270903010033
MA010120220811924605,5,1.0,0.0,2,0.010144927536231883
MA010120220811924656,5,0.0,0.0,0,0.0
MA010120220811925735,5,1.0,0.0,3,0.063768115942029
MA010120220811925966,1,1.0,1.0,5,0.30823529411764705
MA010120220811926684,5,1.0,0.0,2,0.04153846153846154
MA010120220811929357,5,1.0,0.0,1,0.05882352941176471
MA010120220811929675,1,0.0,1.0,5,0.19614921780986763
MA010120220811932428,5,1.0,0.0,2,0.0005989817310572028
MA010120220811932556,5,0.0,0.0,3,0.027016595908915475
MA010120220811933121,1,1.0,0.0,0,0.0
MA010120220811934233,5,1.0,0.0,3,0.0
MA010120220811935596,5,1.0,1.0,2,0.007011686143572621
MA010120220811935888,4,1.0,0.0,0,0.0
MA010120220811937760,5,1.0,0.0,1,0.024427480916030534
MA010120220811937960,5,0.0,1.0,3,0.01627906976744186
MA010120220811938163,5,0.0,0.0,2,0.049635036496350364
MA010120220811938425,5,1.0,0.0,0,0.0
MA010120220811938899,5,1.0,0.0,2,0.002364066193853428
MA010120220811941523,5,1.0,0.0,3,0.017490494296577945
MA010120220811942085,5,1.0,0.0,1,0.0032956685499058377
MA010120220811942672,5,1.0,0.0,4,0.13033635187580853
MA010120220811943944,5,1.0,0.0,2,0.022222222222222223
MA010120220811945425,5,1.0,1.0,4,0.026373626373626374
MA010120220811946517,5,1.0,0.0,4,0.3649356836588851
MA010120220811948052,5,1.0,0.0,5,0.10737207285342584
MA010120220811949888,5,1.0,0.0,3,0.053726169844020795
MA010120220811950064,5,1.0,1.0,3,1.0
MA010120220811950651,5,1.0,0.0,2,0.010037174721189592
MA010120220811952512,5,1.0,0.0,2,0.10869565217391303
MA010120220811953537,1,1.0,0.0,3,0.0
MA010120220811954581,5,1.0,1.0,3,0.008983451536643025
MA010120220811955806,5,1.0,1.0,1,5.482456140350877e-05
MA010120220811956266,5,1.0,1.0,3,0.016339869281045753
MA010120220811956459,5,0.0,0.0,4,0.02475710687297589
MA010120220811957983,5,1.0,0.0,2,0.005797101449275362
MA010120220811959562,5,1.0,0.0,2,0.00784313725490196
MA010120220811961548,5,1.0,0.0,4,0.11284722222222222
MA010120220811961814,5,1.0,0.0,0,0.0
MA010120220811962017,5,1.0,0.0,1,0.000493421052631579
MA010120220811962548,5,1.0,1.0,4,0.0654627539503386
MA010120220811962674,5,1.0,0.0,4,0.1761904761904762
MA010120220811962837,5,0.0,1.0,2,0.03164379725567068
MA010120220811962918,5,0.0,0.0,1,0.0005509641873278238
MA010120220811962946,5,1.0,0.0,5,0.5054545454545455
MA010120220811963836,4,1.0,0.0,1,0.0006371049949031601
MA010120220811965487,5,1.0,0.0,5,0.04014049172102358
MA010120220811966143,5,1.0,0.0,1,0.011981566820276499
MA010120220811967536,5,1.0,1.0,3,0.0
MA010120220811968048,5,1.0,0.0,2,0.01821335646140503
MA010120220811968054,5,1.0,0.0,5,1.0
MA010120220811968247,5,1.0,0.0,5,0.2787185354691075
MA010120220811969251,5,1.0,0.0,3,0.11824817518248175
MA010120220811970168,5,1.0,0.0,3,0.019200000000000002
MA010120220811970620,5,1.0,1.0,5,0.1709764569664222
MA010120220811970628,1,0.0,0.0,5,0.1459024159166272
MA010120220811971488,5,0.0,0.0,1,0.0019161676646706589
MA010120220811973551,5,1.0,0.0,1,0.009302325581395349
MA010120220811973568,5,1.0,1.0,3,0.02909090909090909
MA010120220811976414,5,0.0,0.0,0,0.0
MA010120220811977555,5,1.0,0.0,5,1.0
MA010120220811980013,1,0.0,0.0,5,0.34355828220858897
MA010120220811982063,5,1.0,0.0,3,0.022158273381294964
MA010120220811982400,5,1.0,0.0,2,0.004893846707448722
MA010120220811983103,5,1.0,1.0,3,0.005628847845206684
MA010120220811983416,5,1.0,1.0,2,0.006092560046865847
MA010120220811983495,5,1.0,0.0,1,0.001934916446789798
MA010120220811983608,5,1.0,0.0,4,0.14507042253521127
MA010120220811984447,5,1.0,0.0,5,1.0
MA010120220811988028,1,1.0,0.0,5,0.46405228758169936
MA010120220811988252,5,1.0,0.0,1,0.004437400950871632
MA010120220811989227,5,0.0,0.0,5,0.3015025041736227
MA010120220811989616,5,1.0,0.0,3,0.0026437134952351673
MA010120220811990214,5,1.0,0.0,2,0.011125158027812896
MA010120220811990218,1,1.0,0.0,5,0.6611570247933884
MA010120220811990595,5,1.0,0.0,0,0.0
MA010120220811990614,5,0.0,0.0,1,5.0263885398341296e-05
MA010120220811991219,5,0.0,0.0,5,0.928654970760234
MA010120220811991617,5,1.0,0.0,2,0.03010752688172043
MA010120220811993974,5,1.0,0.0,3,0.0
MA010120220811994020,4,1.0,0.0,5,1.0
MA010120220811995636,5,1.0,0.0,2,0.0328125
MA010120220811998995,5,1.0,1.0,1,0.0031914893617021275
MA010120220811999682,5,0.0,0.0,5,0.030078212290502792
MA010120220812000489,5,1.0,0.0,1,0.022429906542056073
MA010120220812001171,5,1.0,0.0,1,0.02090032154340836
MA010120220812002262,5,1.0,0.0,2,0.001394169835234474
MA010120220812003070,5,1.0,0.0,4,0.05307892454466609
MA010120220812003931,5,1.0,0.0,3,0.0
MA010120220812005767,5,1.0,0.0,0,0.0
MA010120220812006696,5,0.0,0.0,0,0.0
MA010120220812008806,5,1.0,0.0,1,0.012121212121212121
MA010120220812008867,5,0.0,0.0,4,0.06486486486486487
MA010120220812009426,5,1.0,0.0,4,0.12694667295894288
MA010120220812010247,5,1.0,1.0,3,0.0
MA010120220812010308,5,1.0,1.0,4,0.10656934306569342
MA010120220812012038,5,1.0,1.0,3,0.03408858950806287
MA010120220812012779,5,1.0,0.0,1,0.014106583072100314
MA010120220812014304,5,1.0,1.0,1,0.015673981191222573
MA010120220812014543,5,1.0,0.0,4,0.016321559074299635
MA010120220812014831,5,1.0,0.0,3,0.0
MA010120220812015045,5,1.0,0.0,3,0.0962406015037594
MA010120220812016054,1,1.0,0.0,1,0.002380952380952381
MA010120220812018485,5,1.0,0.0,3,1.0
MA010120220812018795,5,1.0,1.0,3,0.04672131147540984
MA010120220812019878,1,1.0,0.0,3,1.0
MA010120220812020314,5,1.0,0.0,4,0.06469248291571754
MA010120220812022634,5,1.0,0.0,3,0.064
MA010120220812024270,5,1.0,0.0,1,0.006334841628959275
MA010120220812024728,5,1.0,1.0,3,0.0
MA010120220812025126,5,0.0,0.0,3,0.11141552511415524
MA010120220812025166,1,1.0,0.0,0,0.0
MA010120220812025287,5,1.0,0.0,3,0.03122676579925651
MA010120220812025338,5,1.0,0.0,3,0.13709677419354838
MA010120220812026825,5,1.0,1.0,2,0.2649350649350649
MA010120220812027040,5,1.0,1.0,5,0.112372304199773
MA010120220812027658,5,1.0,0.0,5,1.0
MA010120220812028391,5,1.0,0.0,2,0.024242424242424242
MA010120220812028628,5,1.0,0.0,3,0.5161290322580645
MA010120220812030196,5,1.0,0.0,0,0.0
MA010120220812030646,5,1.0,0.0,4,0.04257388701833146
MA010120220812031058,5,1.0,0.0,2,0.006083650190114069
MA010120220812031615,1,1.0,0.0,0,0.0
MA010120220812033605,1,0.0,0.0,5,0.3805309734513274
MA010120220812034746,5,1.0,0.0,3,0.634703196347032
MA010120220812034748,5,1.0,0.0,1,0.0
MA010120220812036797,5,1.0,1.0,1,0.0
MA010120220812037752,5,0.0,0.0,3,1.0
MA010120220812038001,5,1.0,1.0,3,0.008846443830108068
MA010120220812039858,5,1.0,0.0,2,0.033707865168539325
MA010120220812041051,5,1.0,0.0,3,0.032362459546925564
MA010120220812041665,5,1.0,1.0,1,0.0031704095112285334
MA010120220812041841,5,1.0,1.0,4,0.025919732441471572
MA010120220812042624,5,1.0,0.0,2,0.023984010659560295
MA010120220812045492,5,1.0,0.0,4,0.1390625
MA010120220812046737,4,1.0,0.0,0,0.0
MA010120220812047905,5,0.0,1.0,4,0.10275229357798164
MA010120220812049265,5,1.0,0.0,2,0.011111111111111112
MA010120220812049764,5,1.0,0.0,2,0.007203389830508475
MA010120220812050473,4,1.0,0.0,3,0.020522388059701493
MA010120220812052096,5,1.0,0.0,3,0.9
MA010120220812052842,5,1.0,0.0,4,0.1816568047337278
MA010120220812054860,5,0.0,0.0,4,0.07799564270152505
MA010120220812056160,1,1.0,0.0,0,0.0
MA010120220812057326,5,0.0,0.0,3,0.30362537764350456
MA010120220812057802,5,1.0,1.0,2,0.003973509933774834
MA010120220812058364,4,1.0,0.0,2,0.009593679458239277
MA010120220812059697,5,1.0,0.0,1,0.01045016077170418
MA010120220812059763,5,1.0,1.0,2,0.006844106463878327
MA010120220812059890,5,1.0,1.0,4,0.07111882046834345
MA010120220812060895,5,1.0,0.0,1,0.01829268292682927
MA010120220812061112,5,1.0,0.0,4,0.7584269662921348
MA010120220812062081,5,1.0,0.0,5,1.0
MA010120220812062288,5,1.0,0.0,5,0.2601626016260163
MA010120220812063420,5,1.0,0.0,2,0.005223880597014925
MA010120220812067674,5,1.0,0.0,5,0.4004914004914005
MA010120220812068880,5,0.0,0.0,3,0.06666666666666667
MA010120220812069245,5,1.0,0.0,1,0.0004237288135593221
MA010120220812069806,5,1.0,0.0,3,0.11451612903225807
MA010120220812069885,5,1.0,0.0,4,0.2206060606060606
MA010120220812070139,5,1.0,0.0,3,0.018018018018018018
MA010120220812071907,1,1.0,1.0,5,1.0
MA010120220812072829,1,1.0,0.0,5,0.08294453084499741
MA010120220812072851,5,1.0,0.0,3,0.05740740740740741
MA010120220812074134,5,1.0,0.0,2,0.005056179775280899
MA010120220812077175,5,0.0,0.0,0,0.0
MA010120220812077188,5,1.0,1.0,4,0.02970421648835746
MA010120220812078011,5,0.0,1.0,1,0.003977461054027179
MA010120220812078915,5,1.0,1.0,4,0.015112764473378284
MA010120220812079487,4,1.0,0.0,5,1.0
MA010120220812079579,5,0.0,0.0,0,0.0
MA010120220812081139,5,1.0,0.0,1,0.0012642225031605564
MA010120220812082093,5,1.0,0.0,3,0.020606060606060607
MA010120220812083319,5,1.0,0.0,1,0.02368231046931408
MA010120220812083595,5,1.0,0.0,4,0.049019607843137254
MA010120220812083719,1,1.0,0.0,5,0.6031746031746031
MA010120220812084644,5,1.0,0.0,3,0.08259927797833935
MA010120220812085769,5,1.0,1.0,2,0.0022002200220022
MA010120220812087129,5,1.0,0.0,3,0.01818181818181818
MA010120220812087523,1,1.0,0.0,5,0.25925925925925924
MA010120220812088010,5,1.0,0.0,0,0.0
MA010120220812088245,5,1.0,0.0,2,0.030303030303030304
MA010120220812088252,5,1.0,0.0,4,0.23529411764705882
MA010120220812090086,5,0.0,0.0,5,1.0
MA010120220812090661,5,1.0,0.0,5,0.051952044266830616
MA010120220812090906,5,1.0,0.0,3,0.5558011049723757
MA010120220812091211,5,1.0,0.0,4,0.09247596950613192
MA010120220812092579,5,1.0,0.0,5,0.03963210702341137
MA010120220812094033,5,1.0,0.0,3,1.0
MA010120220812097666,5,1.0,0.0,1,0.00097442143727162
MA010120220812098363,5,1.0,0.0,3,0.09855072463768115
MA010120220812100700,5,1.0,0.0,3,0.013647058823529411
MA010120220812103966,5,0.0,0.0,3,0.052891156462585034
MA010120220812104002,4,1.0,0.0,0,0.0
MA010120220812104158,1,1.0,0.0,5,0.23186369225364484
MA010120220812104416,5,1.0,0.0,3,0.0
MA010120220812107311,5,1.0,0.0,2,0.1
MA010120220812107980,5,1.0,1.0,3,1.0
MA010120220812111101,5,1.0,0.0,2,0.21874999999999997
MA010120220812111200,5,1.0,0.0,3,0.07971014492753623
MA010120220812111642,5,1.0,0.0,1,6.464124111182935e-05
MA010120220812113527,5,1.0,0.0,3,0.04866180048661801
MA010120220812115366,5,1.0,1.0,3,0.016568047337278107
MA010120220812115461,5,1.0,0.0,1,0.0064516129032258064
MA010120220812116911,5,1.0,1.0,4,0.1961783439490446
MA010120220812117924,1,1.0,0.0,0,0.0
MA010120220812118389,5,0.0,0.0,3,1.0
MA010120220812118645,5,1.0,0.0,0,0.0
MA010120220812119642,5,1.0,0.0,3,0.02222222222222222
MA010120220812120021,5,1.0,0.0,3,0.0
MA010120220812120651,5,1.0,0.0,4,0.07234042553191489
MA010120220812120964,5,1.0,0.0,1,0.0027334851936218676
MA010120220812122260,5,1.0,0.0,4,0.1762962962962963
MA010120220812122592,5,1.0,0.0,3,0.0018092105263157895
MA010120220812122728,5,1.0,0.0,4,0.5882352941176471
MA010120220812123415,5,1.0,0.0,4,0.19206349206349205
MA010120220812124526,5,1.0,1.0,1,0.006818181818181818
MA010120220812126985,5,1.0,0.0,5,1.0
MA010120220812127440,5,0.0,0.0,1,0.011594202898550725
MA010120220812127654,1,1.0,0.0,5,0.38024629303845187
MA010120220812127707,5,1.0,0.0,3,0.02197092084006462
MA010120220812132595,5,1.0,0.0,1,0.0
MA010120220812133035,5,0.0,0.0,3,0.0
MA010120220812133363,5,1.0,1.0,2,0.0021442495126705653
MA010120220812133707,5,1.0,0.0,5,0.22290076335877862
MA010120220812134701,5,1.0,0.0,2,0.006724949562878279
MA010120220812134739,5,1.0,0.0,1,0.0034735623311462752
MA010120220812135593,5,0.0,0.0,0,0.0
MA010120220812137134,5,1.0,0.0,3,0.005319148936170213
MA010120220812137430,5,0.0,0.0,0,0.0
MA010120220812137493,4,1.0,1.0,5,0.6018518518518519
MA010120220812137670,5,1.0,0.0,3,0.0023980815347721817
MA010120220812137883,5,1.0,0.0,5,1.0
MA010120220812138755,5,1.0,0.0,5,0.30054844606946984
MA010120220812139015,5,1.0,0.0,1,0.016513761467889906
MA010120220812139162,5,1.0,1.0,3,0.0
MA010120220812140722,5,1.0,0.0,4,0.6999999999999998
MA010120220812142551,5,1.0,0.0,5,0.1474414570685169
MA010120220812144912,5,1.0,1.0,2,0.02782608695652174
MA010120220812145764,5,1.0,0.0,0,0.0
MA010120220812148021,5,0.0,0.0,5,0.4043795620437956
MA010120220812148065,5,1.0,0.0,3,0.037575757575757575
MA010120220812148235,5,1.0,0.0,2,0.012307692307692308
MA010120220812148619,5,1.0,0.0,4,0.03678929765886287
MA010120220812148991,5,1.0,0.0,3,0.009746588693957114
MA010120220812149496,5,1.0,0.0,3,0.05148514851485149
MA010120220812149524,5,1.0,1.0,4,0.038461538461538464
MA010120220812150197,5,1.0,0.0,4,0.376
MA010120220812150762,5,1.0,1.0,2,0.0035953177257525082
MA010120220812151312,5,1.0,0.0,2,0.13371150729335493
MA010120220812151843,5,0.0,0.0,0,0.0
MA010120220812152121,5,1.0,0.0,0,0.0
MA010120220812153580,5,0.0,0.0,3,0.03333333333333333
MA010120220812154040,5,1.0,0.0,5,0.6358974358974359
MA010120220812159068,5,1.0,1.0,3,0.23394495412844035
MA010120220812159178,5,1.0,0.0,5,0.7129032258064517
MA010120220812160558,5,1.0,0.0,5,0.34363636363636363
MA010120220812161279,5,1.0,0.0,2,0.011475409836065573
MA010120220812161710,5,1.0,0.0,0,0.0
MA010120220812163423,4,1.0,0.0,5,1.0
MA010120220812164674,5,1.0,0.0,1,0.007289293849658315
MA010120220812164813,5,1.0,0.0,4,0.10434782608695652
MA010120220812164995,5,1.0,0.0,2,0.006367583212735167
MA010120220812166796,5,1.0,0.0,1,0.01085972850678733
MA010120220812167091,5,1.0,0.0,3,0.06857142857142857
MA010120220812168223,5,1.0,0.0,3,1.0
MA010120220812169037,5,1.0,0.0,3,0.01625
MA010120220812170532,5,1.0,1.0,2,0.23728813559322032
MA010120220812172901,5,1.0,0.0,1,0.059900166389351084
MA010120220812172973,5,1.0,0.0,2,0.0007150837988826816
MA010120220812173244,5,1.0,0.0,2,0.006876790830945559
MA010120220812173308,1,1.0,0.0,2,0.003189792663476874
MA010120220812174121,5,1.0,1.0,3,0.15118110236220472
MA010120220812175206,1,1.0,0.0,3,0.0
MA010120220812175280,5,1.0,0.0,0,0.0
MA010120220812178026,5,1.0,0.0,1,0.00330188679245283
MA010120220812178216,5,1.0,1.0,3,0.020594965675057208
MA010120220812179209,5,1.0,0.0,4,0.03776223776223776
MA010120220812179383,5,1.0,0.0,4,0.07944492627927147
MA010120220812180802,5,1.0,1.0,3,0.020289855072463767
MA010120220812181774,5,1.0,0.0,0,0.0
MA010120220812183445,1,1.0,1.0,3,0.9230769230769231
MA010120220812183873,5,1.0,0.0,3,0.0
MA010120220812184138,5,0.0,1.0,4,0.014932885906040269
MA010120220812186750,5,1.0,0.0,3,0.04455445544554455
MA010120220812187696,4,1.0,1.0,1,0.004866180048661801
MA010120220812190177,5,1.0,1.0,3,0.0
MA010120220812191198,1,1.0,1.0,5,0.313049853372434
MA010120220812192019,5,1.0,0.0,3,0.02581967213114754
MA010120220812192209,5,1.0,0.0,4,0.037123745819397994
MA010120220812196625,5,1.0,0.0,3,0.09710743801652892
MA010120220812198316,5,1.0,0.0,1,0.0022922636103151865
MA010120220812198608,5,0.0,1.0,1,0.014516129032258065
MA010120220812199067,4,1.0,0.0,2,0.0030309364548494985
MA010120220812199113,5,1.0,0.0,4,0.2542857142857143
MA010120220812201252,5,1.0,0.0,0,0.0
MA010120220812201284,5,1.0,1.0,1,0.012121212121212121
MA010120220812201492,5,1.0,0.0,2,0.03519553072625698
MA010120220812203369,5,1.0,0.0,1,0.01176470588235294
MA010120220812203764,4,1.0,0.0,0,0.0
MA010120220812204757,5,1.0,0.0,0,0.0
MA010120220812204905,1,1.0,0.0,4,0.03802281368821293
MA010120220812206926,5,0.0,1.0,2,0.00532319391634981
MA010120220812207106,1,1.0,0.0,5,1.0
MA010120220812209412,5,1.0,0.0,2,0.29784688995215314
MA010120220812211040,5,1.0,0.0,3,0.04581993569131833
MA010120220812212121,5,1.0,0.0,1,0.0003344481605351171
MA010120220812212180,5,1.0,1.0,3,1.0
MA010120220812212857,5,0.0,1.0,1,0.0015170670037926676
MA010120220812214019,5,1.0,0.0,2,0.012698412698412698
MA010120220812214717,5,1.0,0.0,0,0.0
MA010120220812215421,5,0.0,0.0,0,0.0
MA010120220812216671,5,1.0,0.0,3,0.2222222222222222
MA010120220812218700,5,1.0,1.0,3,0.0
MA010120220812219147,5,0.0,0.0,3,0.20025542784163475
MA010120220812219182,5,1.0,0.0,0,0.0
MA010120220812220125,4,1.0,0.0,3,0.0
MA010120220812221862,5,1.0,0.0,3,0.375
MA010120220812222065,1,0.0,0.0,5,0.8016528925619835
MA010120220812222326,5,1.0,0.0,2,0.0026431718061674008
MA010120220812223016,5,1.0,0.0,3,0.01615508885298869
MA010120220812223191,5,1.0,1.0,4,0.09081869406695392
MA010120220812223402,5,1.0,0.0,3,0.008375634517766496
MA010120220812223813,1,1.0,0.0,5,1.0
MA010120220812225091,1,1.0,0.0,4,0.40634920634920635
MA010120220812226653,5,0.0,0.0,5,0.30910746812386153
MA010120220812227989,5,1.0,1.0,4,0.11247193304756073
MA010120220812228674,5,1.0,0.0,3,0.0
MA010120220812229756,5,1.0,0.0,4,0.03781094527363184
MA010120220812229776,5,1.0,0.0,1,0.0023679417122040073
MA010120220812229989,5,1.0,0.0,4,0.060225846925972396
MA010120220812230388,5,1.0,0.0,0,0.0
MA010120220812231307,5,1.0,0.0,2,0.001394169835234474
MA010120220812232894,5,1.0,0.0,2,0.018461538461538463
MA010120220812232928,5,1.0,0.0,3,0.0
MA010120220812233746,5,1.0,1.0,3,0.0
MA010120220812233842,5,1.0,0.0,1,0.0006079027355623101
MA010120220812234000,5,1.0,1.0,1,0.0007036943955767781
MA010120220812236882,5,1.0,0.0,1,0.0034136546184738957
MA010120220812236940,5,1.0,0.0,3,1.0
MA010120220812238767,5,1.0,0.0,3,0.3185840707964602
MA010120220812242230,5,1.0,0.0,2,0.005625
MA010120220812244831,5,1.0,0.0,0,0.0
MA010120220812246245,1,1.0,0.0,5,0.03557312252964427
MA010120220812246514,5,1.0,0.0,1,0.002344546381243629
MA010120220812247268,5,1.0,0.0,2,0.007606263982102908
MA010120220812249653,5,1.0,0.0,5,0.28933333333333333
MA010120220812250028,5,1.0,0.0,4,0.5
MA010120220812250302,5,1.0,0.0,2,0.03269012485811578
MA010120220812251249,1,1.0,1.0,5,0.19011406844106463
MA010120220812252571,5,1.0,0.0,2,0.023845007451564832
MA010120220812253136,5,1.0,0.0,3,1.0
MA010120220812256350,5,1.0,0.0,2,0.010945273631840797
MA010120220812257519,5,1.0,0.0,0,0.0
MA010120220812257761,5,1.0,0.0,0,0.0
MA010120220812258107,5,1.0,1.0,3,0.21454545454545457
MA010120220812259788,5,1.0,0.0,3,0.5972222222222222
MA010120220812260261,5,0.0,0.0,2,0.04265997490589711
MA010120220812260385,5,1.0,0.0,1,0.0036124794745484405
MA010120220812261058,5,1.0,0.0,1,0.00392156862745098
MA010120220812262247,5,1.0,0.0,5,1.0
MA010120220812264332,5,1.0,0.0,0,0.0
MA010120220812266703,5,0.0,0.0,5,0.23114754098360654
MA010120220812268491,5,1.0,0.0,3,0.024221921515561566
MA010120220812269708,1,1.0,0.0,3,0.0109375
MA010120220812270112,5,1.0,0.0,1,0.008514664143803216
MA010120220812270904,5,1.0,1.0,2,0.0035532994923857864
MA010120220812272518,5,1.0,0.0,3,0.5555555555555556
MA010120220812272695,5,1.0,0.0,5,0.06232258064516129
MA010120220812273777,4,1.0,0.0,3,0.08737024221453288
MA010120220812274644,5,1.0,0.0,2,0.0011644455945141676
MA010120220812275123,5,1.0,0.0,0,0.0
MA010120220812276273,5,1.0,0.0,3,0.7999999999999999
MA010120220812276323,5,0.0,0.0,0,0.0
MA010120220812277080,5,1.0,0.0,2,0.07142857142857144
MA010120220812277180,5,1.0,1.0,3,0.048526863084922
MA010120220812277430,5,1.0,1.0,3,0.6661417322834645
MA010120220812278555,5,1.0,0.0,1,0.007179487179487179
MA010120220812279896,5,0.0,0.0,2,0.009467455621301775
MA010120220812280047,5,1.0,0.0,1,0.004462072384729797
MA010120220812280508,5,1.0,0.0,3,0.04706734250543085
MA010120220812281076,5,1.0,0.0,5,0.7028571428571428
MA010120220812281190,5,1.0,0.0,4,0.1718494271685761
MA010120220812282312,5,0.0,0.0,5,0.410727969348659
MA010120220812283325,5,1.0,1.0,3,0.01673003802281369
MA010120220812284609,5,1.0,0.0,1,0.01139240506329114
MA010120220812285317,5,0.0,0.0,0,0.0
MA010120220812287110,5,1.0,1.0,2,0.02631578947368421
MA010120220812287456,5,1.0,0.0,2,0.048598130841121495
MA010120220812288016,1,1.0,0.0,5,1.0
MA010120220812289126,5,0.0,0.0,3,1.0
MA010120220812289345,5,1.0,0.0,3,0.0
MA010120220812289516,5,1.0,1.0,1,0.0006659267480577136
MA010120220812289674,1,1.0,0.0,5,0.5226570545829042
MA010120220812291500,5,1.0,0.0,4,0.008808724832214765
MA010120220812291868,4,1.0,1.0,2,0.04083806818181818
MA010120220812292468,5,0.0,0.0,4,0.10534351145038169
MA010120220812292694,5,1.0,1.0,5,1.0
MA010120220812293265,5,1.0,0.0,3,1.0
MA010120220812294218,5,0.0,1.0,2,0.05555555555555555
MA010120220812294604,5,1.0,0.0,4,0.1308848080133556
MA010120220812294783,5,1.0,0.0,1,0.006357856494096276
MA010120220812296005,5,1.0,0.0,2,0.015894039735099338
MA010120220812297017,5,0.0,0.0,5,0.17728155339805823
MA010120220812300080,1,1.0,0.0,5,0.016536312849162012
MA010120220812302866,1,1.0,0.0,4,0.00871508379888268
MA010120220812303536,5,1.0,0.0,3,0.04642857142857143
MA010120220812305937,5,1.0,0.0,1,0.0
MA010120220812307046,5,1.0,0.0,0,0.0
MA010120220812307611,5,0.0,0.0,5,0.14055045871559635
MA010120220812307944,5,1.0,0.0,3,0.8
MA010120220812308670,5,1.0,0.0,2,0.050420168067226885
MA010120220812308742,1,1.0,0.0,0,0.0
MA010120220812309994,5,1.0,0.0,3,0.009309967141292442
MA010120220812310507,5,1.0,0.0,1,0.0005676059193188729
MA010120220812310787,5,1.0,0.0,1,0.007821229050279328
MA010120220812311607,5,1.0,0.0,1,0.00010193679918450561
MA010120220812312349,5,1.0,0.0,0,0.0
MA010120220812312430,5,1.0,0.0,2,0.04292527821939587
MA010120220812314120,4,1.0,0.0,3,0.0
MA010120220812316267,5,0.0,0.0,3,0.021374045801526718
MA010120220812316329,5,1.0,0.0,2,0.21359223300970873
MA010120220812319257,5,1.0,1.0,2,0.09047619047619047
MA010120220812320378,5,1.0,0.0,2,0.035955056179775284
MA010120220812320789,5,0.0,0.0,2,0.009839816933638444
MA010120220812321059,5,1.0,0.0,5,1.0
MA010120220812323337,5,0.0,0.0,5,0.4830508474576271
MA010120220812324366,5,1.0,0.0,0,0.0
MA010120220812324512,5,0.0,0.0,2,0.008365019011406846
MA010120220812325262,5,1.0,0.0,1,0.018248175182481754
MA010120220812326915,5,1.0,0.0,4,0.012423873325213153
MA010120220812328480,5,0.0,0.0,1,0.005217391304347826
MA010120220812329257,5,1.0,0.0,0,0.0
MA010120220812330423,5,1.0,0.0,2,0.013688212927756654
MA010120220812331455,5,1.0,0.0,3,0.3348314606741573
MA010120220812331645,5,1.0,1.0,1,0.00145985401459854
MA010120220812332511,4,0.0,1.0,1,0.013311148086522463
MA010120220812333832,5,1.0,0.0,1,0.0017391304347826085
MA010120220812336066,5,0.0,0.0,2,0.05714285714285714
MA010120220812336154,5,1.0,0.0,4,0.014657210401891253
MA010120220812336486,5,1.0,0.0,4,0.1114864864864865
MA010120220812336932,5,1.0,0.0,3,0.031126831733198586
MA010120220812337397,5,1.0,0.0,1,0.00034246575342465754
MA010120220812337688,5,1.0,0.0,4,0.015716096324461346
MA010120220812337821,5,1.0,0.0,3,1.0
MA010120220812338416,5,0.0,0.0,3,0.0
MA010120220812338889,5,0.0,0.0,2,0.006795547744581136
MA010120220812341791,5,1.0,1.0,4,0.411764705882353
MA010120220812342665,5,1.0,0.0,1,0.015748031496062992
MA010120220812342740,5,1.0,0.0,1,0.01107419712070875
MA010120220812344135,5,1.0,0.0,0,0.0
MA010120220812346469,5,1.0,0.0,2,0.017937219730941704
MA010120220812346557,5,1.0,0.0,1,0.012965964343598054
MA010120220812347803,5,1.0,0.0,3,0.01820480404551201
MA010120220812347932,5,1.0,1.0,2,0.0006522829904666332
MA010120220812348776,5,1.0,0.0,0,0.0
MA010120220812350254,5,1.0,0.0,1,0.0
MA010120220812350358,5,1.0,1.0,1,0.007246376811594204
MA010120220812350842,5,0.0,0.0,5,0.11912225705329153
MA010120220812351163,5,1.0,0.0,3,0.0033009708737864077
MA010120220812351977,5,1.0,0.0,0,0.0
MA010120220812352181,5,0.0,0.0,5,0.30084033613445377
MA010120220812356145,5,1.0,0.0,1,0.14285714285714288
MA010120220812356734,5,1.0,1.0,3,0.015050167224080268
MA010120220812357258,5,1.0,0.0,1,0.007633587786259542
MA010120220812357548,5,1.0,0.0,3,0.005378235737622518
MA010120220812358866,5,1.0,0.0,4,0.934640522875817
MA010120220812360048,5,1.0,0.0,1,0.001109877913429523
MA010120220812360152,5,1.0,0.0,4,0.034545454545454546
MA010120220812360427,5,1.0,0.0,3,0.006324110671936759
MA010120220812362451,5,1.0,0.0,5,1.0
MA010120220812362732,5,1.0,1.0,2,0.003272498426683449
MA010120220812362998,5,1.0,1.0,4,0.0674931129476584
MA010120220812364140,5,1.0,0.0,0,0.0
MA010120220812364982,5,1.0,0.0,0,0.0
MA010120220812366064,5,1.0,0.0,4,0.0026593075765178123
MA010120220812367595,5,1.0,0.0,1,0.0003870967741935484
MA010120220812368066,5,0.0,0.0,0,0.0
MA010120220812368687,5,1.0,0.0,3,0.055944055944055944
MA010120220812368984,5,1.0,0.0,2,0.0689655172413793
MA010120220812369466,5,1.0,0.0,0,0.0
MA010120220812370169,5,1.0,0.0,1,0.015673981191222573
MA010120220812371294,5,1.0,1.0,2,0.020700636942675158
MA010120220812371485,5,1.0,0.0,1,0.002365930599369085
MA010120220812371486,5,1.0,0.0,1,0.0006148170919151552
MA010120220812372002,5,0.0,0.0,4,0.015833123900477506
MA010120220812372698,5,1.0,0.0,2,0.06666666666666667
MA010120220812373437,5,1.0,0.0,4,0.07210031347962383
MA010120220812374592,5,1.0,0.0,1,0.002631578947368421
MA010120220812375911,5,1.0,0.0,2,0.011294117647058823
MA010120220812376196,5,1.0,0.0,2,0.007438016528925621
MA010120220812376683,5,1.0,1.0,4,0.03135423615743829
MA010120220812377657,5,1.0,1.0,4,0.23720930232558138
MA010120220812380581,5,1.0,0.0,3,0.0
MA010120220812380811,5,1.0,0.0,3,0.06016260162601626
MA010120220812380923,5,1.0,0.0,4,0.05642570281124498
MA010120220812381987,5,1.0,0.0,1,0.0012586532410320957
MA010120220812382585,5,1.0,0.0,3,1.0
MA010120220812383243,1,1.0,0.0,0,0.0
MA010120220812384372,5,1.0,1.0,4,0.27007299270072993
MA010120220812387920,5,1.0,0.0,0,0.0
MA010120220812388187,5,0.0,0.0,0,0.0
MA010120220812389242,5,1.0,0.0,1,0.0318840579710145
MA010120220812389570,5,1.0,0.0,3,0.02004118050789293
MA010120220812389623,5,1.0,1.0,4,0.19047619047619047
MA010120220812390319,5,1.0,0.0,2,0.11475409836065574
MA010120220812394480,5,1.0,0.0,0,0.0
MA010120220812394484,5,1.0,0.0,1,0.00018444512757454656
MA010120220812395805,5,1.0,0.0,2,0.010333863275039747
MA010120220812395933,5,1.0,0.0,0,0.0
MA010120220812396097,5,1.0,1.0,3,0.017002237136465325
MA010120220812396374,5,1.0,0.0,4,0.01026615969581749
MA010120220812398405,5,1.0,0.0,4,0.020726880172724
MA010120220812399806,5,1.0,0.0,2,0.008673026886383347
MA010120220812400933,5,1.0,0.0,1,0.0028771064529387585
MA010120220812402197,5,1.0,1.0,4,0.03428571428571429
MA010120220812402426,5,1.0,0.0,3,0.06341463414634149
MA010120220812403085,5,0.0,0.0,4,0.05106951871657754
MA010120220812404480,5,1.0,0.0,1,0.0015873015873015873
MA010120220812408900,5,1.0,0.0,5,1.0
MA010120220812409400,5,1.0,1.0,4,0.028897338403041824
MA010120220812411556,5,0.0,0.0,4,0.46608695652173915
MA010120220812411699,5,1.0,0.0,3,0.16551724137931034
MA010120220812412218,4,1.0,0.0,3,0.025547445255474453
MA010120220812412791,5,1.0,0.0,3,0.25149700598802394
MA010120220812417607,5,1.0,0.0,3,0.07892234548335975
MA010120220812417710,5,1.0,0.0,2,0.0024202420242024204
MA010120220812418002,5,1.0,1.0,4,0.5220483641536273
MA010120220812418041,1,1.0,0.0,5,1.0
MA010120220812419730,5,1.0,0.0,1,0.011494252873563216
MA010120220812422104,5,0.0,1.0,2,0.03428571428571429
MA010120220812422806,5,1.0,0.0,1,0.002077922077922078
MA010120220812422897,5,1.0,1.0,4,0.28646288209606985
MA010120220812425182,1,0.0,1.0,5,0.5952380952380952
MA010120220812426591,5,1.0,1.0,2,0.022222222222222223
MA010120220812426741,5,1.0,1.0,5,0.12786885245901639
MA010120220812427667,5,1.0,0.0,3,0.0847457627118644
MA010120220812427726,5,1.0,0.0,1,0.0007110536522301229
MA010120220812429921,5,0.0,1.0,2,0.027878787878787878
MA010120220812430341,5,1.0,0.0,1,0.02459016393442623
MA010120220812430588,5,1.0,0.0,2,0.04242424242424242
MA010120220812430721,5,1.0,1.0,4,0.12
MA010120220812431312,5,1.0,0.0,4,0.10084033613445377
MA010120220812432786,5,1.0,1.0,5,1.0
MA010120220812437125,1,1.0,1.0,5,1.0
MA010120220812437711,5,1.0,1.0,5,0.536
MA010120220812439539,5,1.0,0.0,2,0.014212747057517211
MA010120220812441548,5,1.0,0.0,4,0.6774647887323944
MA010120220812441803,5,0.0,0.0,4,0.12615384615384614
MA010120220812442151,5,1.0,0.0,3,0.0
MA010120220812442404,5,1.0,1.0,1,0.0043668122270742364
MA010120220812442707,1,1.0,1.0,5,1.0
MA010120220812443231,5,0.0,1.0,1,0.0029739776951672866
MA010120220812443721,5,1.0,0.0,5,0.7361256544502618
MA010120220812444783,5,1.0,0.0,0,0.0
MA010120220812445914,5,1.0,0.0,1,0.006229508196721311
MA010120220812446898,5,1.0,0.0,1,0.0005277044854881266
MA010120220812448273,5,1.0,0.0,4,0.2931034482758621
MA010120220812448663,5,1.0,0.0,3,1.0
MA010120220812448723,5,0.0,0.0,0,0.0
MA010120220812450675,5,1.0,1.0,2,0.01818181818181818
MA010120220812450954,5,0.0,0.0,5,1.0
MA010120220812451771,5,1.0,0.0,1,0.0012719790497568275
MA010120220812452911,5,1.0,0.0,5,0.3612565445026178
MA010120220812454214,1,0.0,0.0,5,0.3125
MA010120220812454932,5,0.0,0.0,0,0.0
MA010120220812455735,5,1.0,0.0,3,0.10303030303030303
MA010120220812456631,5,0.0,0.0,2,0.11945392491467577
MA010120220812457023,5,0.0,1.0,5,0.07224080267558529
MA010120220812458320,5,1.0,0.0,3,0.021316614420062694
MA010120220812461000,1,1.0,0.0,2,0.06451612903225806
MA010120220812461857,5,1.0,0.0,2,0.013629160063391441
MA010120220812462931,5,1.0,0.0,3,0.005
MA010120220812463890,5,1.0,0.0,1,0.006932409012131715
MA010120220812465721,1,1.0,1.0,4,0.15447154471544716
MA010120220812466692,5,1.0,0.0,5,0.038552400100527774
MA010120220812468779,5,1.0,0.0,1,0.06878306878306878
MA010120220812469809,5,1.0,0.0,3,0.023079891933616363
MA010120220812470140,5,1.0,1.0,2,0.08708708708708708
MA010120220812470691,5,1.0,0.0,2,0.02247191011235955
MA010120220812471086,5,1.0,0.0,3,0.010139416983523447
MA010120220812472456,5,1.0,0.0,4,0.027508361204013378
MA010120220812474113,5,1.0,0.0,3,0.030672268907563024
MA010120220812476282,5,1.0,1.0,3,0.0
MA010120220812476876,5,1.0,1.0,1,0.0004492362982929021
MA010120220812477051,5,1.0,0.0,0,0.0
MA010120220812479655,5,1.0,0.0,2,0.00606826801517067
MA010120220812479694,5,1.0,1.0,3,0.0
MA010120220812479817,5,1.0,1.0,5,0.08620689655172414
MA010120220812480534,5,1.0,0.0,1,0.0014669926650366747
MA010120220812481801,5,0.0,0.0,1,0.09777777777777778
MA010120220812485724,5,1.0,1.0,3,0.008612040133779265
MA010120220812485831,5,1.0,0.0,2,0.0040752351097178684
MA010120220812487053,1,1.0,0.0,0,0.0
MA010120220812487083,5,1.0,0.0,5,0.1651006711409396
MA010120220812487641,5,1.0,0.0,1,0.00031347962382445143
MA010120220812488495,5,0.0,0.0,1,0.00855784469096672
MA010120220812488542,5,1.0,0.0,1,0.0075505218743060175
MA010120220812488866,5,1.0,0.0,3,0.10387323943661973
MA010120220812488900,5,1.0,0.0,2,0.03655913978494624
MA010120220812489477,5,0.0,0.0,4,0.28627450980392155
MA010120220812491495,5,1.0,0.0,3,1.0
MA010120220812492378,5,1.0,0.0,0,0.0
MA010120220812492687,5,1.0,0.0,1,0.003333333333333333
MA010120220812493360,5,1.0,0.0,2,0.014545454545454547
MA010120220812494110,5,1.0,0.0,0,0.0
MA010120220812495554,5,1.0,0.0,1,0.02923076923076923
MA010120220812495713,5,0.0,0.0,5,1.0
MA010120220812498464,5,1.0,0.0,1,0.0010958904109589042
MA010120220812499220,5,1.0,1.0,1,0.0029850746268656717
MA010120220812500805,5,0.0,0.0,0,0.0
MA010120220812504572,5,0.0,0.0,0,0.0
MA010120220812506017,5,1.0,1.0,5,0.22954380883417813
MA010120220812507366,5,1.0,0.0,3,0.0046204620462046205
MA010120220812508173,5,1.0,0.0,3,0.0390625
MA010120220812511813,5,1.0,0.0,1,0.00737100737100737
MA010120220812511902,5,1.0,0.0,2,0.011293634496919915
MA010120220812512372,5,1.0,0.0,4,0.37500000000000006
MA010120220812514364,5,1.0,0.0,0,0.0
MA010120220812515182,5,1.0,1.0,1,0.09523809523809523
MA010120220812515400,5,1.0,1.0,3,0.17674418604651163
MA010120220812516149,5,1.0,0.0,4,0.7192982456140351
MA010120220812516291,5,1.0,0.0,5,0.10886075949367088
MA010120220812517750,5,0.0,0.0,0,0.0
MA010120220812518889,5,1.0,0.0,3,0.11009174311926606
MA010120220812519187,1,1.0,0.0,0,0.0
MA010120220812519431,5,1.0,0.0,5,0.13841244515357
MA010120220812520005,5,1.0,0.0,2,0.018223234624145785
MA010120220812521714,5,1.0,0.0,5,0.4114754098360656
MA010120220812521938,5,0.0,0.0,2,0.020689655172413793
MA010120220812522048,5,1.0,0.0,2,0.027272727272727275
MA010120220812522261,5,1.0,0.0,3,0.2
MA010120220812522575,5,1.0,0.0,3,0.1367195767195767
MA010120220812522644,5,1.0,0.0,1,0.014469453376205787
MA010120220812526561,5,1.0,0.0,3,0.050684931506849315
MA010120220812526690,5,1.0,0.0,2,0.07804878048780488
MA010120220812526812,5,1.0,1.0,4,0.07623529411764705
MA010120220812527007,5,1.0,1.0,4,0.07702182284980745
MA010120220812527664,5,1.0,0.0,2,0.00583941605839416
MA010120220812528758,5,1.0,0.0,3,0.011040301588726325
MA010120220812529496,1,0.0,0.0,4,0.0121012101210121
MA010120220812529673,5,1.0,0.0,3,0.07339449541284404
MA010120220812530484,5,1.0,0.0,2,0.009885931558935362
MA010120220812530497,5,1.0,1.0,3,0.4444444444444445
MA010120220812531249,5,1.0,0.0,2,0.007540056550424129
MA010120220812531374,5,1.0,1.0,3,0.0
MA010120220812531511,5,1.0,0.0,4,0.12835570469798657
MA010120220812531900,5,1.0,0.0,2,0.04261363636363636
MA010120220812532260,5,1.0,0.0,2,0.02167957117331745
MA010120220812532315,5,1.0,0.0,5,1.0
MA010120220812532989,5,1.0,1.0,3,1.0
MA010120220812533156,5,1.0,0.0,2,0.17206982543640897
MA010120220812533816,5,1.0,0.0,5,0.7969924812030075
MA010120220812533972,5,1.0,0.0,1,0.0023827252419955326
MA010120220812534137,5,1.0,0.0,4,0.049287169042769856
MA010120220812535322,5,1.0,0.0,5,0.9565217391304348
MA010120220812535677,5,1.0,1.0,4,0.03193916349809886
MA010120220812536782,5,0.0,0.0,5,1.0
MA010120220812537182,5,1.0,1.0,3,1.0
MA010120220812537483,5,1.0,0.0,1,0.0018306636155606408
MA010120220812538482,5,0.0,0.0,4,0.007802013422818792
MA010120220812538706,5,0.0,0.0,4,0.011359223300970873
MA010120220812539766,5,1.0,1.0,4,0.16534653465346533
MA010120220812539954,5,1.0,0.0,1,9.300162752848176e-05
MA010120220812540252,5,1.0,0.0,3,0.06890756302521008
MA010120220812542014,5,0.0,0.0,5,1.0
MA010120220812546376,5,1.0,0.0,3,0.005822227972570837
MA010120220812546843,5,1.0,1.0,3,0.21265822784810126
MA010120220812548555,5,1.0,1.0,2,0.020967741935483872
MA010120220812550081,5,0.0,0.0,5,0.7830508474576272
MA010120220812551572,5,0.0,1.0,4,0.1020979020979021
MA010120220812551779,5,1.0,1.0,3,1.0
MA010120220812552016,5,1.0,1.0,4,0.026292278238672626
MA010120220812552778,5,1.0,0.0,3,0.025709515859766278
MA010120220812553079,5,1.0,0.0,3,0.09174085064292781
MA010120220812555457,5,1.0,0.0,3,1.0
MA010120220812556827,1,1.0,0.0,2,0.3252032520325203
MA010120220812558122,5,1.0,0.0,1,0.0014211274277593558
MA010120220812558754,5,1.0,0.0,4,0.4777777777777778
MA010120220812559286,5,1.0,0.0,3,0.0
MA010120220812560342,5,0.0,0.0,1,0.007568590350047304
MA010120220812561014,5,1.0,1.0,4,0.2804733727810651
MA010120220812561989,5,0.0,0.0,4,0.0784313725490196
MA010120220812562953,5,1.0,0.0,2,0.096
MA010120220812565725,5,1.0,0.0,3,0.03662420382165605
MA010120220812566433,5,1.0,0.0,4,0.10043089161418628
MA010120220812567710,1,1.0,0.0,5,0.43636363636363634
MA010120220812568891,5,1.0,0.0,4,0.812807881773399
MA010120220812570672,5,1.0,0.0,1,0.0007110536522301229
MA010120220812577270,5,1.0,0.0,5,1.0
MA010120220812577306,5,1.0,0.0,2,0.10196078431372549
MA010120220812577676,5,1.0,0.0,1,0.013636363636363636
MA010120220812578111,5,1.0,0.0,4,0.007551766138855055
MA010120220812579146,5,0.0,0.0,3,0.130558183538316
MA010120220812580713,5,1.0,0.0,2,0.01090909090909091
MA010120220812580886,5,1.0,0.0,1,0.0
MA010120220812581282,5,1.0,0.0,3,0.2
MA010120220812581739,5,0.0,0.0,5,0.7333333333333334
MA010120220812581831,4,1.0,0.0,0,0.0
MA010120220812584041,5,0.0,0.0,0,0.0
MA010120220812585184,5,1.0,1.0,5,0.6258064516129032
MA010120220812585193,5,1.0,0.0,2,0.004318100035984167
MA010120220812586057,5,1.0,1.0,2,0.005649717514124294
MA010120220812586613,5,1.0,0.0,1,0.02592592592592593
MA010120220812587088,5,1.0,1.0,4,0.13980582524271845
MA010120220812587893,5,1.0,0.0,2,0.018633540372670804
MA010120220812590868,5,1.0,1.0,5,1.0
MA010120220812591151,5,1.0,1.0,4,0.3821782178217822
MA010120220812591631,5,1.0,1.0,3,0.065625
MA010120220812591755,5,1.0,0.0,3,0.5754527162977867
MA010120220812594063,5,1.0,0.0,5,1.0
MA010120220812595260,5,1.0,0.0,3,0.09202453987730061
MA010120220812595540,5,1.0,0.0,2,0.06182161396885323
MA010120220812595738,5,0.0,0.0,5,0.6637469586374696
MA010120220812596082,5,1.0,0.0,3,0.058394160583941604
MA010120220812599140,5,1.0,0.0,3,0.051438053097345136
MA010120220812599299,5,0.0,0.0,5,0.01452145214521452
MA010120220812599864,5,1.0,0.0,1,0.0028776978417266188
MA010120220812600967,5,1.0,0.0,2,0.016853932584269662
MA010120220812601345,5,1.0,1.0,2,0.007122507122507123
MA010120220812601622,5,1.0,0.0,0,0.0
MA010120220812602064,5,1.0,0.0,3,1.0
MA010120220812603454,5,1.0,0.0,0,0.0
MA010120220812606359,5,1.0,1.0,3,0.125
MA010120220812606644,5,1.0,0.0,4,0.23376623376623376
MA010120220812607553,5,1.0,0.0,2,0.07751937984496123
MA010120220812608173,5,1.0,0.0,0,0.0
MA010120220812610395,5,1.0,0.0,3,0.12403100775193798
MA010120220812611509,1,1.0,0.0,0,0.0
MA010120220812611700,4,1.0,0.0,3,0.016921397379912665
MA010120220812611896,5,0.0,0.0,2,0.03725490196078431
MA010120220812612513,5,1.0,0.0,1,0.00125
MA010120220812613711,1,1.0,0.0,0,0.0
MA010120220812614050,5,1.0,1.0,4,0.05751633986928104
MA010120220812614981,5,1.0,0.0,3,0.0
MA010120220812615676,5,1.0,0.0,2,0.02302158273381295
MA010120220812616527,1,1.0,1.0,3,1.0
MA010120220812617644,5,1.0,0.0,4,0.011081162024558252
MA010120220812618294,5,1.0,0.0,2,0.013679245283018868
MA010120220812620431,5,1.0,0.0,4,0.023400129282482224
MA010120220812621644,5,1.0,0.0,3,0.036363636363636355
MA010120220812621663,5,1.0,1.0,4,0.11974110032362459
MA010120220812622405,5,1.0,1.0,3,0.06333333333333332
MA010120220812625923,5,1.0,1.0,4,0.15916230366492146
MA010120220812627493,5,1.0,0.0,1,0.0047619047619047615
MA010120220812628509,5,1.0,0.0,1,0.005491990846681922
MA010120220812629075,5,1.0,0.0,1,0.013140604467805518
MA010120220812629601,5,1.0,0.0,0,0.0
MA010120220812632194,5,1.0,0.0,4,0.018634333120612634
MA010120220812632985,5,1.0,1.0,5,1.0
MA010120220812633210,5,0.0,0.0,0,0.0
MA010120220812634828,5,1.0,0.0,3,0.0
MA010120220812635195,5,0.0,0.0,4,0.561038961038961
MA010120220812635370,5,1.0,0.0,2,0.004733727810650888
MA010120220812639309,5,1.0,0.0,0,0.0
MA010120220812639593,5,1.0,0.0,3,0.048484848484848485
MA010120220812640638,5,1.0,0.0,3,0.031652989449003514
MA010120220812641028,5,1.0,0.0,5,0.2931726907630522
MA010120220812641083,5,1.0,1.0,1,0.008818342151675485
MA010120220812643199,5,1.0,0.0,5,0.1512893982808023
MA010120220812645662,5,0.0,0.0,3,0.043010752688172046
MA010120220812645960,4,1.0,0.0,1,0.056818181818181816
MA010120220812646496,5,1.0,0.0,3,1.0
MA010120220812646771,5,1.0,1.0,5,1.0
MA010120220812647138,5,1.0,0.0,2,0.0009222256378727329
MA010120220812647615,5,1.0,0.0,0,0.0
MA010120220812650009,5,0.0,0.0,0,0.0
MA010120220812650265,5,1.0,0.0,3,1.0
MA010120220812650713,5,1.0,0.0,3,0.011518324607329844
MA010120220812650776,5,1.0,0.0,4,0.06909975669099756
MA010120220812650933,5,1.0,0.0,0,0.0
MA010120220812652282,1,0.0,0.0,1,0.005720823798627002
MA010120220812653062,1,1.0,1.0,4,0.09696969696969697
MA010120220812653269,5,1.0,0.0,1,0.0035794183445190158
MA010120220812655335,5,1.0,0.0,2,0.001232876712328767
MA010120220812655827,5,1.0,0.0,2,0.004223602484472049
MA010120220812657231,4,1.0,0.0,0,0.0
MA010120220812657788,5,1.0,0.0,3,1.0
MA010120220812658250,4,1.0,0.0,1,0.002484472049689441
MA010120220812658867,1,0.0,0.0,0,0.0
MA010120220812659126,5,1.0,1.0,4,0.07383720930232558
MA010120220812660230,1,1.0,0.0,3,1.0
MA010120220812660668,5,1.0,1.0,2,0.01476510067114094
MA010120220812662170,5,1.0,0.0,3,0.0
MA010120220812662959,5,1.0,0.0,5,0.5520710059171597
MA010120220812663352,1,1.0,0.0,0,0.0
MA010120220812663556,4,1.0,0.0,4,0.016748366013071895
MA010120220812664918,5,0.0,0.0,4,0.6655737704918033
MA010120220812665125,5,1.0,0.0,4,0.45
MA010120220812666578,5,1.0,0.0,5,1.0
MA010120220812667316,5,1.0,0.0,3,0.00497737556561086
MA010120220812669187,5,1.0,0.0,2,0.030769230769230767
MA010120220812670148,5,1.0,0.0,0,0.0
MA010120220812670749,5,1.0,0.0,2,0.1142857142857143
MA010120220812672277,5,0.0,0.0,1,0.00662251655629139
MA010120220812675109,5,1.0,1.0,2,0.002393162393162393
MA010120220812675908,4,1.0,1.0,5,0.15434782608695652
MA010120220812676766,5,0.0,0.0,3,0.26666666666666666
MA010120220812678270,5,1.0,0.0,4,0.062542030934768
MA010120220812679183,5,1.0,0.0,3,0.0
MA010120220812679961,5,1.0,0.0,3,0.11884057971014492
MA010120220812680843,5,1.0,0.0,2,0.018018018018018018
MA010120220812681396,5,1.0,1.0,2,0.11981566820276497
MA010120220812681434,5,1.0,0.0,4,0.020809248554913295
MA010120220812682091,5,1.0,0.0,1,0.0015438054805094557
MA010120220812682717,5,1.0,0.0,5,0.2798634812286689
MA010120220812684551,5,1.0,0.0,3,0.0
MA010120220812685091,5,1.0,0.0,3,0.06236559139784946
MA010120220812685290,5,0.0,0.0,2,0.007322654462242563
MA010120220812686940,5,0.0,0.0,3,0.030068337129840545
MA010120220812688732,5,0.0,0.0,4,0.025418060200668894
MA010120220812690199,5,1.0,0.0,1,0.07567567567567567
MA010120220812691255,5,1.0,0.0,3,0.06825396825396825
MA010120220812692268,5,1.0,0.0,2,0.024299065420560748
MA010120220812692918,1,1.0,0.0,0,0.0
MA010120220812693050,5,1.0,0.0,0,0.0
MA010120220812693380,5,0.0,0.0,0,0.0
MA010120220812696413,5,1.0,0.0,4,0.02732558139534884
MA010120220812696560,5,1.0,1.0,1,0.0
MA010120220812697751,5,1.0,1.0,3,0.01412989588497769
MA010120220812698278,5,1.0,0.0,3,0.34615384615384615
MA010120220812699028,5,1.0,1.0,2,0.11404958677685952
MA010120220812700593,5,1.0,0.0,1,0.0006220839813374805
MA010120220812701270,1,1.0,0.0,5,0.8642533936651584
MA010120220812701901,5,1.0,0.0,2,0.002846233946546338
MA010120220812707573,5,1.0,0.0,3,0.0
MA010120220812708621,5,1.0,0.0,4,0.14838709677419357
MA010120220812712355,5,1.0,1.0,3,0.0
MA010120220812715307,5,1.0,0.0,4,0.7165178571428572
MA010120220812715684,4,1.0,0.0,4,0.05443548387096774
MA010120220812715953,5,1.0,1.0,5,0.2689075630252101
MA010120220812717282,5,0.0,0.0,3,0.0
MA010120220812720000,5,1.0,0.0,2,0.006552494415487714
MA010120220812720238,5,1.0,0.0,3,0.016122004357298474
MA010120220812720337,5,1.0,0.0,4,0.06568228105906314
MA010120220812720546,5,1.0,0.0,1,0.003275620028076743
MA010120220812720820,5,1.0,0.0,3,0.06363636363636364
MA010120220812721278,5,0.0,1.0,5,0.03856164383561644
MA010120220812721570,5,0.0,0.0,5,0.2975206611570248
MA010120220812722257,5,0.0,0.0,0,0.0
MA010120220812724467,5,1.0,1.0,4,0.02670744138634047
MA010120220812725536,5,1.0,0.0,0,0.0
MA010120220812725845,5,0.0,0.0,3,0.019476744186046512
MA010120220812727819,5,1.0,0.0,1,0.0009267840593141798
MA010120220812727994,4,1.0,0.0,3,0.0
MA010120220812729304,5,1.0,0.0,5,1.0
MA010120220812731370,5,1.0,0.0,1,0.010294117647058823
MA010120220812731586,5,1.0,0.0,2,0.027667984189723317
MA010120220812735666,5,1.0,0.0,2,0.006607201850016518
MA010120220812736204,5,1.0,0.0,2,0.0027142498115104298
MA010120220812737172,5,1.0,0.0,1,0.013888888888888888
MA010120220812741036,5,1.0,0.0,3,0.12534562211981568
MA010120220812746202,1,1.0,0.0,0,0.0
MA010120220812746970,5,1.0,0.0,1,0.0030418250950570345
MA010120220812747846,5,1.0,0.0,0,0.0
MA010120220812751908,5,1.0,0.0,3,0.022073921971252564
MA010120220812754367,5,1.0,1.0,5,1.0
MA010120220812754679,4,1.0,0.0,4,0.058695652173913045
MA010120220812754929,5,1.0,0.0,1,0.0007585335018963338
MA010120220812754980,5,0.0,0.0,1,0.02627840909090909
MA010120220812756121,5,1.0,1.0,3,1.0
MA010120220812757520,5,1.0,1.0,5,0.10625420309347682
MA010120220812757563,5,1.0,0.0,3,0.009309967141292442
MA010120220812759903,5,1.0,0.0,0,0.0
MA010120220812760390,5,1.0,0.0,5,0.2733812949640288
MA010120220812761916,5,1.0,0.0,2,0.01904761904761905
MA010120220812762299,5,0.0,0.0,5,0.04545251396648045
MA010120220812762818,5,1.0,0.0,2,0.045060658578856154
MA010120220812764150,1,1.0,1.0,5,0.436019536019536
MA010120220812766551,5,1.0,1.0,3,0.028013029315960912
MA010120220812766869,5,1.0,1.0,3,0.1627906976744186
MA010120220812767862,5,1.0,0.0,1,0.00016217311980539227
MA010120220812768809,4,1.0,0.0,5,0.19040697674418605
MA010120220812768935,5,1.0,0.0,4,0.26666666666666666
MA010120220812769134,5,1.0,0.0,4,0.036889025514909315
MA010120220812769509,5,1.0,1.0,2,0.07536231884057971
MA010120220812770796,5,1.0,0.0,2,0.002735042735042735
MA010120220812772263,5,1.0,0.0,5,1.0
MA010120220812772589,5,1.0,0.0,0,0.0
MA010120220812773235,1,0.0,0.0,0,0.0
MA010120220812774644,5,1.0,0.0,3,0.026775956284153003
MA010120220812774662,5,0.0,0.0,3,0.011192589733693553
MA010120220812775239,5,0.0,0.0,0,0.0
MA010120220812775526,5,1.0,0.0,0,0.0
MA010120220812775617,5,1.0,0.0,1,0.03508771929824561
MA010120220812776206,5,1.0,0.0,3,1.0
MA010120220812776735,5,1.0,1.0,5,0.05070046697798532
MA010120220812777618,5,1.0,1.0,2,0.012526096033402923
MA010120220812777972,5,1.0,0.0,2,0.10638297872340427
MA010120220812779839,5,1.0,0.0,1,0.0015873015873015873
MA010120220812782227,5,1.0,0.0,4,0.6432432432432432
MA010120220812782836,5,1.0,0.0,0,0.0
MA010120220812783461,5,1.0,0.0,0,0.0
MA010120220812784093,5,0.0,0.0,2,0.04230769230769231
MA010120220812784718,5,1.0,0.0,1,0.02247191011235955
MA010120220812785769,5,1.0,1.0,0,0.0
MA010120220812785902,5,1.0,0.0,4,0.02129277566539924
MA010120220812787068,5,1.0,0.0,2,0.016417910447761197
MA010120220812788223,1,0.0,0.0,0,0.0
MA010120220812789985,5,1.0,0.0,4,0.3152542372881356
MA010120220812790473,5,0.0,0.0,2,0.018930041152263374
MA010120220812791165,5,1.0,0.0,1,0.001132787916928886
MA010120220812792124,5,1.0,0.0,0,0.0
MA010120220812794430,5,1.0,1.0,4,0.15287958115183245
MA010120220812794670,5,1.0,1.0,4,0.5878787878787879
MA010120220812794744,5,1.0,1.0,4,0.8625
MA010120220812794876,5,1.0,0.0,1,0.12365591397849461
MA010120220812796226,5,1.0,0.0,3,0.01437371663244353
MA010120220812796539,5,1.0,0.0,4,0.04087665647298675
MA010120220812796703,5,1.0,0.0,0,0.0
MA010120220812796816,5,1.0,0.0,1,0.0
MA010120220812797025,5,1.0,0.0,1,0.0006802721088435375
MA010120220812798205,5,1.0,0.0,1,0.0062499999999999995
MA010120220812798804,5,1.0,0.0,2,0.005345211581291759
MA010120220812799962,5,1.0,0.0,2,0.16744913928012523
MA010120220812800356,1,1.0,0.0,5,0.2334889926617745
MA010120220812800567,5,1.0,0.0,0,0.0
MA010120220812800864,5,1.0,0.0,3,0.00921194674343289
MA010120220812801042,1,1.0,0.0,5,1.0
MA010120220812801617,5,0.0,0.0,5,0.264440734557596
MA010120220812801939,4,1.0,0.0,4,0.08301158301158301
MA010120220812803114,5,1.0,0.0,0,0.0
MA010120220812805363,5,1.0,0.0,3,0.07936507936507936
MA010120220812807043,5,1.0,0.0,3,0.02877697841726619
MA010120220812808180,5,1.0,0.0,4,0.020659062103929024
MA010120220812808818,5,1.0,0.0,3,1.0
MA010120220812810441,5,1.0,1.0,4,0.04899777282850779
MA010120220812810666,5,1.0,1.0,3,0.0
MA010120220812810807,5,1.0,0.0,2,0.031638418079096044
MA010120220812811930,5,1.0,0.0,2,0.025
MA010120220812812489,5,1.0,0.0,3,0.08813559322033898
MA010120220812812635,5,1.0,0.0,0,0.0
MA010120220812812913,5,1.0,0.0,0,0.0
MA010120220812813273,5,0.0,0.0,3,0.003555268261150614
MA010120220812814238,1,1.0,0.0,0,0.0
MA010120220812814483,5,1.0,0.0,0,0.0
MA010120220812815946,5,1.0,0.0,1,0.012727272727272726
MA010120220812816094,5,1.0,1.0,1,0.014814814814814815
MA010120220812816297,5,1.0,0.0,3,0.05307262569832402
MA010120220812817542,5,1.0,1.0,5,0.05008751851353171
MA010120220812818235,5,1.0,0.0,2,0.1111111111111111
MA010120220812819476,4,0.0,0.0,2,0.1
MA010120220812820823,1,1.0,0.0,5,1.0
MA010120220812821377,5,1.0,0.0,1,0.005952380952380952
MA010120220812821813,5,1.0,0.0,2,0.03529411764705882
MA010120220812821848,5,1.0,0.0,1,0.020634920634920634
MA010120220812826077,5,1.0,0.0,0,0.0
MA010120220812828364,5,1.0,0.0,1,0.0045627376425855515
MA010120220812829983,5,1.0,0.0,4,0.9259259259259258
MA010120220812830511,5,1.0,1.0,5,0.19670781893004113
MA010120220812830818,5,1.0,0.0,3,1.0
MA010120220812830891,4,1.0,0.0,3,0.0
MA010120220812834262,5,1.0,0.0,4,0.14245283018867924
MA010120220812835344,5,1.0,0.0,0,0.0
MA010120220812836151,5,1.0,0.0,3,0.0
MA010120220812838795,5,1.0,0.0,2,0.006591500433651344
MA010120220812839214,5,1.0,0.0,0,0.0
MA010120220812840287,5,1.0,1.0,1,0.001606425702811245
MA010120220812842200,5,1.0,0.0,0,0.0
MA010120220812843146,5,1.0,0.0,3,0.007891430007539583
MA010120220812844469,5,1.0,0.0,3,1.0
MA010120220812844476,5,1.0,0.0,1,0.6666666666666666
MA010120220812847193,5,1.0,0.0,5,0.26468401486988846
MA010120220812848741,5,1.0,0.0,3,0.09302325581395349
MA010120220812848857,5,0.0,0.0,0,0.0
MA010120220812851645,5,1.0,0.0,3,0.10219922380336352
MA010120220812851742,5,0.0,0.0,2,0.03683168316831684
MA010120220812852111,1,0.0,0.0,0,0.0
MA010120220812852495,5,1.0,0.0,3,0.0036986301369863017
MA010120220812854100,1,0.0,0.0,0,0.0
MA010120220812854343,5,1.0,0.0,2,0.015107913669064749
MA010120220812854831,5,1.0,0.0,3,1.0
MA010120220812854847,5,1.0,1.0,4,0.00036038859291758065
MA010120220812858526,5,1.0,0.0,1,0.005357142857142857
MA010120220812859906,5,1.0,1.0,3,0.04572192513368984
MA010120220812860034,5,1.0,0.0,5,0.36129032258064514
MA010120220812861323,5,1.0,0.0,3,0.028650137741046834
MA010120220812862338,5,1.0,0.0,4,0.25736568457538994
MA010120220812863699,5,0.0,0.0,4,0.08732394366197184
MA010120220812863814,5,1.0,0.0,1,0.001335559265442404
MA010120220812866846,5,1.0,0.0,2,0.002799377916018663
MA010120220812868450,5,1.0,0.0,2,0.002661596958174905
MA010120220812869399,5,1.0,0.0,2,0.0014383561643835617
MA010120220812869554,5,1.0,0.0,3,0.20187793427230047
MA010120220812869907,5,1.0,0.0,3,0.19999999999999998
MA010120220812870596,5,1.0,0.0,1,0.0
MA010120220812870897,5,1.0,0.0,3,0.03104026845637584
MA010120220812871188,5,1.0,0.0,2,0.05027932960893855
MA010120220812874306,5,0.0,0.0,0,0.0
MA010120220812874381,5,0.0,0.0,3,0.036128604574080216
MA010120220812877120,5,1.0,0.0,3,0.010690423162583519
MA010120220812877282,5,0.0,0.0,0,0.0
MA010120220812877877,5,1.0,0.0,3,0.0030294146389133196
MA010120220812878266,5,1.0,0.0,1,9.40144155437167e-05
MA010120220812878274,5,1.0,0.0,3,0.0028571428571428567
MA010120220812880708,5,1.0,0.0,3,0.02782608695652174
MA010120220812884337,5,1.0,0.0,4,0.09090909090909091
MA010120220812885109,5,1.0,0.0,1,0.016901408450704224
MA010120220812885508,5,1.0,1.0,4,0.07697594501718212
MA010120220812886167,5,0.0,0.0,3,1.0
MA010120220812886695,5,1.0,0.0,1,0.002
MA010120220812886860,4,1.0,1.0,3,0.20454545454545456
MA010120220812888117,4,1.0,0.0,3,0.03048780487804878
MA010120220812889031,5,0.0,1.0,5,0.058137583892617445
MA010120220812890640,5,1.0,0.0,3,0.275
MA010120220812891182,5,1.0,0.0,4,0.08236914600550964
MA010120220812893900,5,1.0,1.0,1,0.014204545454545454
MA010120220812895797,5,0.0,0.0,3,0.0
MA010120220812896696,5,1.0,0.0,1,0.001724137931034483
MA010120220812899500,5,1.0,0.0,1,0.003956834532374101
MA010120220812900663,5,1.0,0.0,3,0.0
MA010120220812901625,1,0.0,0.0,0,0.0
MA010120220812902035,5,0.0,0.0,2,0.03436928702010969
MA010120220812903922,5,1.0,0.0,1,0.05723793677204659
MA010120220812903952,5,1.0,0.0,4,0.07761194029850746
MA010120220812904053,5,0.0,0.0,5,0.3419031719532554
MA010120220812904876,5,1.0,1.0,1,0.00194884287454324
MA010120220812905103,5,1.0,0.0,1,0.004651162790697674
MA010120220812908086,5,1.0,0.0,1,0.0037071362372567192
MA010120220812908131,1,0.0,0.0,0,0.0
MA010120220812908577,5,1.0,0.0,2,0.03571428571428571
MA010120220812908623,5,0.0,0.0,0,0.0
MA010120220812908817,5,1.0,0.0,3,0.0
MA010120220812910691,5,1.0,1.0,3,0.3956562795089707
MA010120220812911097,5,1.0,0.0,2,0.0013698630136986301
MA010120220812912006,5,0.0,0.0,0,0.0
MA010120220812912741,5,0.0,0.0,4,0.1557377049180328
MA010120220812912893,1,1.0,0.0,5,0.18699186991869918
MA010120220812912952,5,1.0,0.0,4,0.17665130568356377
MA010120220812914468,5,1.0,0.0,2,0.018045112781954885
MA010120220812915025,5,1.0,0.0,2,0.025356576862123614
MA010120220812915855,1,1.0,0.0,0,0.0
MA010120220812915887,5,1.0,0.0,1,0.021153846153846155
MA010120220812916219,5,1.0,0.0,0,0.0
MA010120220812916557,5,1.0,0.0,3,0.0
MA010120220812917104,5,1.0,0.0,3,0.007568896364342088
MA010120220812917588,5,1.0,0.0,2,0.046511627906976744
MA010120220812917650,5,1.0,0.0,5,1.0
MA010120220812918103,5,1.0,0.0,0,0.0
MA010120220812918350,5,0.0,0.0,3,0.0
MA010120220812918355,5,1.0,1.0,4,0.45339652448657186
MA010120220812918379,5,0.0,0.0,2,0.014515525626636737
MA010120220812919005,5,1.0,0.0,1,0.0038929440389294406
MA010120220812919434,1,1.0,0.0,3,0.3798449612403101
MA010120220812919702,5,,,0,0.0
MA010120220812924343,5,1.0,0.0,2,0.00916030534351145
MA010120220812924378,5,1.0,1.0,5,0.6038095238095238
MA010120220812924986,1,1.0,0.0,3,0.0
MA010120220812925900,5,0.0,0.0,1,0.0
MA010120220812926885,5,1.0,0.0,5,0.15054811205846527
MA010120220812927378,5,1.0,1.0,1,0.21804511278195488
MA010120220812927464,5,1.0,0.0,1,0.0011299435028248588
MA010120220812927984,5,1.0,0.0,4,0.11958075273939972
MA010120220812929897,5,0.0,0.0,1,0.007493755203996668
MA010120220812930183,5,1.0,0.0,3,0.0
MA010120220812931625,5,1.0,0.0,2,0.04469914040114613
MA010120220812933580,5,0.0,0.0,0,0.0
MA010120220812934752,5,1.0,1.0,3,0.0
MA010120220812935546,5,1.0,0.0,5,0.5257903494176372
MA010120220812935762,5,0.0,0.0,4,0.1966101694915254
MA010120220812936847,5,1.0,0.0,2,0.062
MA010120220812938055,5,1.0,0.0,3,0.0
MA010120220812939845,5,1.0,1.0,4,0.054614412136536034
MA010120220812941074,5,0.0,0.0,0,0.0
MA010120220812942515,5,1.0,0.0,1,0.0
MA010120220812945177,5,1.0,0.0,5,0.0007364462550924476
MA010120220812945729,5,1.0,0.0,1,0.0
MA010120220812945819,5,0.0,0.0,3,0.03308550185873606
MA010120220812946573,5,1.0,0.0,3,0.004204942424634494
MA010120220812947200,5,1.0,0.0,2,0.02277227722772277
MA010120220812947206,5,1.0,0.0,1,0.0009153318077803204
MA010120220812948192,5,1.0,0.0,0,0.0
MA010120220812948769,5,1.0,0.0,4,0.19047619047619047
MA010120220812952394,5,1.0,0.0,3,0.007244501940491591
MA010120220812952684,5,1.0,0.0,4,0.008302808302808303
MA010120220812953206,5,0.0,0.0,0,0.0
MA010120220812953872,5,1.0,0.0,0,0.0
MA010120220812954498,5,1.0,0.0,2,0.04285714285714286
MA010120220812955061,5,1.0,0.0,1,0.00038784744667097606
MA010120220812955519,5,1.0,0.0,3,0.08888888888888889
MA010120220812958049,5,1.0,0.0,3,0.07539267015706806
MA010120220812959249,5,1.0,0.0,3,0.11384217335058217
MA010120220812959553,5,0.0,0.0,2,0.02100252030243629
MA010120220812960815,5,1.0,1.0,3,0.13663366336633664
MA010120220812961518,5,0.0,0.0,0,0.0
MA010120220812963285,1,1.0,0.0,5,1.0
MA010120220812963728,5,1.0,0.0,1,0.0006126512482769184
MA010120220812964815,5,1.0,0.0,4,0.005825242718446602
MA010120220812965192,5,0.0,0.0,3,0.006931702344546381
MA010120220812965874,5,1.0,0.0,1,0.06666666666666667
MA010120220812966135,5,1.0,0.0,1,0.0010263929618768328
MA010120220812966782,5,1.0,0.0,4,0.07264472190692395
MA010120220812967578,5,1.0,1.0,2,0.01277139208173691
MA010120220812967597,5,0.0,0.0,3,0.0
MA010120220812969559,5,1.0,0.0,2,0.02038567493112948
MA010120220812970654,5,0.0,0.0,2,0.004994903160040775
MA010120220812972041,5,1.0,0.0,3,0.07670319199618866
MA010120220812972262,5,1.0,1.0,3,0.009824046920821115
MA010120220812972728,5,0.0,0.0,0,0.0
MA010120220812974713,5,1.0,1.0,3,1.0
MA010120220812975728,5,1.0,0.0,1,0.004928806133625411
MA010120220812976944,5,1.0,1.0,1,0.00847457627118644
MA010120220812977206,5,1.0,0.0,2,0.01044776119402985
MA010120220812977873,5,1.0,0.0,3,0.015217391304347825
MA010120220812978098,5,1.0,0.0,2,0.0010342598577892696
MA010120220812979094,5,1.0,0.0,1,0.00024592683676606214
MA010120220812982254,5,1.0,0.0,5,0.7252525252525253
MA010120220812983509,5,1.0,0.0,1,0.08064516129032258
MA010120220812984038,5,1.0,1.0,5,0.1695873374788016
MA010120220812985460,5,1.0,1.0,3,0.0
MA010120220812985963,5,1.0,0.0,1,0.06486486486486487
MA010120220812988264,1,1.0,0.0,4,0.034324942791762014
MA010120220812988278,5,1.0,0.0,3,0.0063371356147021544
MA010120220812988877,5,1.0,0.0,3,0.04651898734177215
MA010120220812991425,5,1.0,0.0,1,0.002173913043478261
MA010120220812992125,5,1.0,0.0,2,0.044134078212290505
MA010120220812992361,4,1.0,0.0,1,0.01937984496124031
MA010120220812992758,5,0.0,0.0,4,0.2
MA010120220812992923,5,0.0,1.0,5,0.31646090534979426
MA010120220812993584,5,1.0,0.0,3,0.04022346368715084
MA010120220812993597,5,1.0,0.0,0,0.0
MA010120220812993813,5,0.0,0.0,1,0.09890109890109891
MA010120220812994293,5,1.0,0.0,1,0.0
MA010120220812994741,5,1.0,0.0,2,0.03428571428571429
MA010120220812995094,5,1.0,0.0,3,0.26666666666666666
MA010120220812995995,5,1.0,0.0,4,0.39346590909090906
MA010120220812996704,5,1.0,0.0,1,0.02018348623853211
MA010120220813005418,1,1.0,1.0,5,0.4186046511627907
MA010120220813006074,5,1.0,0.0,2,0.0183206106870229
MA010120220813006194,5,1.0,0.0,1,0.0
MA010120220813006725,5,1.0,0.0,0,0.0
MA010120220813008284,5,1.0,0.0,2,0.15263157894736842
MA010120220813008311,5,1.0,0.0,2,0.05416666666666667
MA010120220813008599,1,1.0,0.0,5,0.4915055653192736
MA010120220813009584,5,1.0,1.0,5,1.0
MA010120220813009983,5,1.0,1.0,5,0.5175983436853002
MA010120220813010673,5,1.0,0.0,1,0.0002642007926023778
MA010120220813011858,5,1.0,0.0,2,0.0008044692737430168
MA010120220813012590,5,1.0,0.0,2,0.0011620111731843576
MA010120220813013105,5,1.0,0.0,3,0.02666666666666667
MA010120220813014641,1,1.0,0.0,5,1.0
MA010120220813017258,5,1.0,0.0,2,0.005217391304347826
MA010120220813020903,5,0.0,0.0,0,0.0
MA010120220813021727,5,1.0,0.0,4,0.14057971014492754
MA010120220813025215,5,1.0,1.0,4,0.019138149556400506
MA010120220813026929,5,1.0,1.0,4,0.27499999999999997
MA010120220813028229,5,1.0,0.0,1,0.09999999999999999
MA010120220813028979,5,1.0,1.0,4,0.03358778625954199
MA010120220813029445,5,1.0,0.0,1,0.06964285714285715
MA010120220813032194,5,0.0,0.0,3,0.0
MA010120220813032439,1,1.0,0.0,5,0.1786833855799373
MA010120220813033679,5,1.0,0.0,0,0.0
MA010120220813034118,5,1.0,0.0,5,1.0
MA010120220813034129,1,0.0,1.0,2,0.40609137055837563
MA010120220813034139,1,1.0,0.0,1,0.02830188679245283
MA010120220813034586,5,1.0,0.0,4,0.07373868046571799
MA010120220813035140,1,1.0,0.0,3,0.0
MA010120220813036362,5,0.0,1.0,4,0.10522733460386605
MA010120220813036672,1,1.0,0.0,0,0.0
MA010120220813039180,5,1.0,1.0,2,0.05084745762711865
MA010120220813039616,5,1.0,0.0,4,0.07605831723168804
MA010120220813042120,5,1.0,0.0,1,0.05217391304347826
MA010120220813042995,4,1.0,0.0,5,0.3738532110091743
MA010120220813043312,5,1.0,0.0,0,0.0
MA010120220813043406,5,1.0,0.0,0,0.0
MA010120220813045697,1,1.0,0.0,0,0.0
MA010120220813046325,5,1.0,0.0,3,0.0029088558500323207
MA010120220813047993,5,1.0,1.0,1,0.0005676059193188729
MA010120220813049917,5,1.0,0.0,0,0.0
MA010120220813052506,5,1.0,0.0,1,0.0005730659025787966
MA010120220813053007,5,1.0,0.0,0,0.0
MA010120220813054016,5,1.0,0.0,3,0.06236559139784946
MA010120220813054921,5,1.0,0.0,3,1.0
MA010120220813055152,5,1.0,0.0,3,1.0
MA010120220813055604,1,1.0,0.0,5,0.2747513027001421
MA010120220813056021,5,0.0,0.0,2,0.004531151667715544
MA010120220813056669,5,1.0,0.0,1,0.0005016722408026755
MA010120220813056695,5,1.0,0.0,1,0.005947955390334573
MA010120220813057166,5,1.0,0.0,2,0.016417910447761197
MA010120220813057597,1,0.0,1.0,0,0.0
MA010120220813057918,1,1.0,0.0,2,0.02824858757062147
MA010120220813058298,5,1.0,0.0,2,0.021476510067114096
MA010120220813059852,5,0.0,0.0,0,0.0
MA010120220813060347,5,1.0,1.0,1,0.04857142857142857
MA010120220813062387,5,1.0,0.0,3,0.1316017316017316
MA010120220813062486,1,0.0,1.0,4,0.3645833333333333
MA010120220813062844,5,1.0,0.0,1,0.14720812182741116
MA010120220813063103,5,1.0,0.0,1,0.0014073887911535562
MA010120220813063575,5,1.0,0.0,2,0.001949317738791423
MA010120220813064501,5,0.0,1.0,5,0.24841571609632446
MA010120220813065527,5,1.0,0.0,3,0.05084745762711865
MA010120220813065736,5,1.0,0.0,3,0.0625
MA010120220813066350,5,1.0,0.0,1,0.003125
MA010120220813066381,5,1.0,0.0,1,0.03172205438066465
MA010120220813066488,5,1.0,0.0,3,0.0
MA010120220813067104,5,0.0,0.0,1,0.036253776435045314
MA010120220813067139,5,1.0,0.0,2,0.04009661835748793
MA010120220813067283,5,1.0,0.0,1,0.008689355539464157
MA010120220813067823,1,0.0,0.0,5,1.0
MA010120220813071525,5,0.0,0.0,3,0.024616535727646837
MA010120220813071551,5,1.0,1.0,5,0.20740740740740743
MA010120220813072750,5,1.0,0.0,4,0.23667621776504297
MA010120220813073840,5,1.0,1.0,3,0.006688963210702341
MA010120220813073841,5,0.0,0.0,3,0.08405797101449275
MA010120220813074806,5,1.0,0.0,3,0.0
MA010120220813075109,5,1.0,0.0,1,0.00021367521367521368
MA010120220813075513,1,0.0,0.0,4,0.06741573033707865
MA010120220813079430,4,1.0,0.0,0,0.0
MA010120220813081343,5,1.0,0.0,1,0.0014492753623188406
MA010120220813084220,4,1.0,0.0,3,0.06655844155844155
MA010120220813084628,5,1.0,0.0,3,0.028133183688739245
MA010120220813086479,5,0.0,0.0,3,0.04215703495520815
MA010120220813086921,5,1.0,1.0,1,0.0015438054805094557
MA010120220813093243,5,1.0,0.0,3,0.05714285714285714
MA010120220813095018,1,1.0,0.0,3,0.003798882681564246
MA010120220813096268,5,0.0,0.0,3,0.0
MA010120220813096783,5,1.0,0.0,0,0.0
MA010120220813097995,5,0.0,0.0,5,1.0
MA010120220813098724,5,1.0,1.0,4,0.43043478260869567
MA010120220813098904,1,1.0,0.0,0,0.0
MA010120220813099183,5,1.0,1.0,2,0.03074484944532488
MA010120220813099936,5,1.0,0.0,5,0.04535875564475665
MA010120220813101159,5,1.0,0.0,2,0.003460207612456747
MA010120220813101659,5,1.0,0.0,1,0.005882352941176471
MA010120220813101852,5,1.0,1.0,1,0.019753086419753086
MA010120220813101992,5,1.0,1.0,5,0.16856492027334852
MA010120220813102965,5,0.0,1.0,3,0.006145685082158106
MA010120220813103980,5,1.0,1.0,3,0.13772455089820365
MA010120220813105212,5,1.0,0.0,5,1.0
MA010120220813105744,1,0.0,0.0,1,0.006493506493506494
MA010120220813106266,5,1.0,0.0,4,0.9169054441260746
MA010120220813108698,5,1.0,0.0,3,0.0
MA010120220813108794,5,1.0,0.0,4,0.053231939163498096
MA010120220813109796,5,0.0,0.0,3,0.4857142857142857
MA010120220813110720,5,1.0,0.0,4,0.029105873550317993
MA010120220813111263,5,1.0,0.0,4,0.16401673640167364
MA010120220813113160,5,1.0,1.0,5,0.8294209702660407
MA010120220813113553,5,1.0,0.0,4,0.08253968253968254
MA010120220813114644,5,1.0,0.0,2,0.002915082382762991
MA010120220813115109,5,1.0,1.0,3,0.05925925925925926
MA010120220813116230,5,1.0,0.0,1,0.006779661016949153
MA010120220813116750,5,0.0,0.0,4,0.043079922027290454
MA010120220813117109,5,1.0,0.0,4,0.02220804084237396
MA010120220813119031,5,1.0,0.0,0,0.0
MA010120220813120448,5,1.0,0.0,5,1.0
MA010120220813121884,5,1.0,0.0,5,0.07392996108949416
MA010120220813123075,5,1.0,0.0,2,0.02926829268292683
MA010120220813123793,5,1.0,1.0,1,0.005454545454545454
MA010120220813124191,5,1.0,1.0,3,0.013842482100238663
MA010120220813124343,5,1.0,0.0,3,0.4482758620689655
MA010120220813125521,1,1.0,0.0,3,0.02959830866807611
MA010120220813125772,5,1.0,0.0,2,0.00522875816993464
MA010120220813129034,5,1.0,0.0,1,0.008264462809917356
MA010120220813131361,5,1.0,0.0,2,0.12304250559284116
MA010120220813131864,5,1.0,0.0,2,0.024390243902439025
MA010120220813131895,5,1.0,1.0,5,0.2836065573770492
MA010120220813132164,5,1.0,0.0,5,0.3686274509803921
MA010120220813132718,5,1.0,1.0,4,0.14131960692559664
MA010120220813132912,5,1.0,0.0,3,0.15818181818181817
MA010120220813133146,5,1.0,1.0,1,0.0018823529411764706
MA010120220813135194,5,1.0,0.0,2,0.001537042729787888
MA010120220813135279,5,1.0,0.0,0,0.0
MA010120220813135768,5,1.0,0.0,1,0.017699115044247787
MA010120220813136826,5,1.0,0.0,2,0.007633587786259542
MA010120220813138539,5,1.0,0.0,0,0.0
MA010120220813142633,1,0.0,0.0,5,1.0
MA010120220813146282,5,1.0,0.0,1,0.010434782608695651
MA010120220813147367,5,1.0,0.0,5,0.3490909090909091
MA010120220813147422,5,1.0,0.0,1,0.0
MA010120220813147494,5,1.0,1.0,3,0.2892561983471075
MA010120220813148635,1,0.0,0.0,5,0.825619384699156
MA010120220813148700,4,1.0,0.0,2,0.0033154353732695045
MA010120220813149235,5,0.0,0.0,3,0.10510948905109489
MA010120220813150365,5,1.0,0.0,2,0.015984542420516425
MA010120220813153787,5,0.0,0.0,0,0.0
MA010120220813153792,5,1.0,0.0,4,0.09498910675381264
MA010120220813154232,5,1.0,1.0,3,0.0
MA010120220813154593,5,1.0,1.0,5,0.33075170842824597
MA010120220813156371,5,1.0,0.0,2,0.009302325581395349
MA010120220813162571,5,1.0,0.0,1,0.016666666666666666
MA010120220813164764,5,1.0,0.0,3,0.04
MA010120220813165020,5,1.0,0.0,5,0.20963801909837887
MA010120220813165388,5,1.0,0.0,5,0.055725190839694655
MA010120220813165717,1,1.0,0.0,0,0.0
MA010120220813166495,5,1.0,1.0,3,0.0931106471816284
MA010120220813167101,5,1.0,1.0,5,1.0
MA010120220813167447,5,1.0,0.0,1,0.009375
MA010120220813167674,5,1.0,0.0,1,0.0019900497512437814
MA010120220813167971,5,1.0,0.0,2,0.1484848484848485
MA010120220813168714,5,0.0,0.0,2,0.0017028177579566188
MA010120220813169024,5,1.0,0.0,4,0.20270270270270271
MA010120220813170583,5,1.0,0.0,0,0.0
MA010120220813171947,5,1.0,0.0,5,1.0
MA010120220813172437,5,1.0,1.0,5,0.08161616161616161
MA010120220813173396,5,1.0,0.0,2,0.008849557522123894
MA010120220813174346,5,1.0,1.0,2,0.04479166666666667
MA010120220813174403,5,1.0,0.0,2,0.04556962025316456
MA010120220813174937,5,1.0,0.0,2,0.018944519621109605
MA010120220813175851,1,1.0,0.0,5,0.051753137533962996
MA010120220813177290,5,0.0,0.0,2,0.014207650273224043
MA010120220813178398,5,1.0,0.0,3,0.004216501114940199
MA010120220813178592,5,0.0,0.0,0,0.0
MA010120220813180926,5,1.0,0.0,5,0.08444816053511706
MA010120220813182803,5,0.0,1.0,1,0.0032941176470588232
MA010120220813182962,5,1.0,0.0,2,0.007285342584562013
MA010120220813183029,5,1.0,0.0,0,0.0
MA010120220813183320,5,1.0,0.0,2,0.018461538461538463
MA010120220813183451,5,1.0,0.0,5,0.12095657646318439
MA010120220813183814,5,0.0,0.0,1,0.0004022346368715084
MA010120220813183823,5,1.0,0.0,1,0.029644268774703556
MA010120220813184535,4,1.0,0.0,0,0.0
MA010120220813184812,5,1.0,0.0,0,0.0
MA010120220813186010,5,1.0,0.0,4,0.03154425612052731
MA010120220813191304,5,1.0,0.0,0,0.0
MA010120220813191729,5,1.0,1.0,3,0.0
MA010120220813192179,5,1.0,0.0,3,0.2833333333333333
MA010120220813192827,5,1.0,0.0,3,0.004054327995134806
MA010120220813193456,5,1.0,0.0,0,0.0
MA010120220813194031,5,1.0,0.0,2,0.039672131147540986
MA010120220813194426,5,1.0,0.0,1,0.013574660633484162
MA010120220813196518,5,1.0,0.0,1,0.007179487179487179
MA010120220813197027,5,1.0,1.0,4,0.05365853658536585
MA010120220813197234,5,1.0,0.0,0,0.0
MA010120220813197415,5,1.0,0.0,5,0.7991803278688525
MA010120220813198301,4,0.0,0.0,3,0.03279181708784597
MA010120220813199035,1,0.0,0.0,2,0.028169014084507043
MA010120220813199643,5,1.0,0.0,5,0.12238504295098535
MA010120220813200073,5,1.0,0.0,4,0.07208835341365462
MA010120220813200278,5,1.0,1.0,4,0.02868579052701801
MA010120220813201329,5,1.0,0.0,4,0.33064516129032256
MA010120220813201848,5,1.0,0.0,3,0.0049469964664310955
MA010120220813203498,5,1.0,0.0,5,0.3884066087930551
MA010120220813204262,5,1.0,0.0,2,0.04461538461538461
MA010120220813204778,5,1.0,1.0,3,0.013421052631578946
MA010120220813205617,1,1.0,1.0,5,0.7623529411764706
MA010120220813206101,5,1.0,1.0,3,0.9558011049723757
MA010120220813206362,5,1.0,1.0,3,0.02038567493112948
MA010120220813206434,5,1.0,0.0,4,0.06472019464720195
MA010120220813206577,5,1.0,1.0,5,0.17896865520728006
MA010120220813206720,5,0.0,0.0,4,0.02677345537757437
MA010120220813206823,5,0.0,1.0,3,0.07480916030534351
MA010120220813208533,5,0.0,0.0,3,1.0
MA010120220813209907,5,1.0,0.0,2,0.00842835894893406
MA010120220813210722,5,1.0,0.0,3,0.6666666666666667
MA010120220813210949,5,1.0,0.0,2,0.015841584158415842
MA010120220813213429,1,1.0,1.0,5,1.0
MA010120220813214286,5,1.0,1.0,2,0.14244186046511628
MA010120220813214728,5,1.0,1.0,3,0.10309278350515465
MA010120220813216141,5,0.0,0.0,3,0.06804123711340207
MA010120220813217216,5,1.0,0.0,1,0.006273525721455458
MA010120220813217942,5,1.0,0.0,0,0.0
MA010120220813220050,5,1.0,0.0,1,0.0004237288135593221
MA010120220813221291,5,1.0,0.0,3,0.013017751479289942
MA010120220813221458,5,1.0,0.0,4,0.060047281323877065
MA010120220813221976,5,1.0,0.0,4,0.226890756302521
MA010120220813222107,5,1.0,0.0,3,0.05802310654685495
MA010120220813222222,5,1.0,1.0,5,0.5038759689922481
MA010120220813222977,4,1.0,0.0,1,0.003109452736318408
MA010120220813223635,5,0.0,0.0,1,0.0004180602006688963
MA010120220813223669,5,1.0,0.0,1,0.00223463687150838
MA010120220813224961,1,1.0,0.0,3,0.14356435643564355
MA010120220813225246,5,1.0,0.0,4,0.28255528255528256
MA010120220813226683,5,1.0,0.0,3,0.16822429906542058
MA010120220813226738,5,1.0,0.0,3,0.003115554522204139
MA010120220813227580,5,0.0,0.0,4,0.024064424443391755
MA010120220813228729,1,0.0,0.0,0,0.0
MA010120220813230155,1,1.0,0.0,5,0.0527803958529689
MA010120220813233294,5,1.0,0.0,3,1.0
MA010120220813233413,5,0.0,0.0,1,0.00625
MA010120220813235639,5,1.0,1.0,3,0.09569732937685461
MA010120220813237937,1,1.0,0.0,3,0.03313253012048193
MA010120220813238353,1,1.0,0.0,5,0.29743589743589743
MA010120220813240787,5,1.0,0.0,2,0.006941001487357461
MA010120220813241715,5,0.0,0.0,1,0.016202862747947393
MA010120220813241773,5,0.0,0.0,0,0.0
MA010120220813241902,5,1.0,0.0,3,0.05193621867881549
MA010120220813243108,5,1.0,0.0,5,0.09575757575757576
MA010120220813243132,5,1.0,0.0,2,0.0007377805102981862
MA010120220813243504,5,1.0,1.0,4,0.0044660194174757275
MA010120220813244496,5,1.0,1.0,2,0.0076045627376425855
MA010120220813244689,5,1.0,1.0,2,0.011895910780669147
MA010120220813244788,5,1.0,0.0,2,0.029780564263322883
MA010120220813245372,5,1.0,0.0,4,0.46835443037974683
MA010120220813245442,5,1.0,0.0,1,0.0008
MA010120220813246286,5,1.0,1.0,2,0.005434782608695652
MA010120220813246870,5,1.0,0.0,2,0.41490683229813663
MA010120220813246924,5,1.0,0.0,4,0.21762452107279695
MA010120220813247179,5,1.0,0.0,3,0.0
MA010120220813247943,5,0.0,0.0,5,0.4997134670487106
MA010120220813248194,5,1.0,0.0,4,0.022813688212927757
MA010120220813248700,5,1.0,0.0,3,0.06845965770171149
MA010120220813249255,5,1.0,0.0,2,0.003260869565217391
MA010120220813249982,4,1.0,1.0,3,0.061294212218649516
MA010120220813250502,5,1.0,1.0,3,0.39222614840989395
MA010120220813250937,5,1.0,0.0,2,0.03456591639871382
MA010120220813252373,5,1.0,0.0,5,1.0
MA010120220813252716,5,1.0,0.0,3,0.0
MA010120220813252917,1,1.0,0.0,4,0.031051253273475497
MA010120220813253049,5,1.0,0.0,1,0.0005676059193188729
MA010120220813254650,5,1.0,0.0,0,0.0
MA010120220813255900,5,0.0,0.0,1,0.0634920634920635
MA010120220813256908,1,1.0,0.0,5,0.2906666666666667
MA010120220813257051,5,1.0,1.0,2,0.008533333333333334
MA010120220813257946,1,1.0,0.0,0,0.0
MA010120220813258334,5,1.0,0.0,3,0.6239669421487604
MA010120220813259384,5,1.0,0.0,0,0.0
MA010120220813260789,1,1.0,0.0,3,0.0782608695652174
MA010120220813262707,5,1.0,0.0,1,0.007633587786259542
MA010120220813262999,5,1.0,0.0,0,0.0
MA010120220813263179,5,1.0,0.0,3,1.0
MA010120220813263607,5,1.0,0.0,4,0.11303344867358708
MA010120220813265644,5,0.0,0.0,5,0.46601941747572817
MA010120220813265763,5,1.0,0.0,1,0.008571428571428572
MA010120220813265878,5,1.0,0.0,5,1.0
MA010120220813267981,5,1.0,0.0,2,0.015426997245179062
MA010120220813269216,5,1.0,0.0,1,0.011827956989247313
MA010120220813269560,5,0.0,1.0,3,0.17786561264822134
MA010120220813271148,1,1.0,0.0,4,0.4594594594594595
MA010120220813271334,1,1.0,0.0,4,0.031180400890868598
MA010120220813272290,5,0.0,0.0,2,0.011264080100125156
MA010120220813272364,4,1.0,0.0,2,0.029900332225913623
MA010120220813272981,5,1.0,0.0,1,0.0017826617826617827
MA010120220813273696,1,0.0,0.0,4,0.2059732234809475
MA010120220813274880,5,1.0,1.0,5,0.22905682483889866
MA010120220813274924,5,1.0,0.0,3,0.07478260869565218
MA010120220813276998,1,1.0,1.0,5,1.0
MA010120220813277356,5,1.0,0.0,4,0.09542483660130718
MA010120220813279237,5,1.0,1.0,2,0.06201550387596899
MA010120220813280092,5,1.0,0.0,4,0.4496124031007751
MA010120220813282100,1,0.0,0.0,4,0.008808724832214765
MA010120220813282250,5,0.0,1.0,3,0.08148148148148149
MA010120220813282429,5,1.0,1.0,4,0.05017367811655731
MA010120220813283018,5,1.0,0.0,3,0.5
MA010120220813284456,5,1.0,1.0,0,0.0
MA010120220813286843,5,1.0,0.0,3,0.22153846153846155
MA010120220813287526,1,1.0,0.0,0,0.0
MA010120220813289327,5,1.0,0.0,3,0.019736842105263157
MA010120220813289597,5,1.0,1.0,5,1.0
MA010120220813289656,5,1.0,0.0,1,0.009859154929577464
MA010120220813291225,5,1.0,0.0,4,0.040070298769771535
MA010120220813291328,5,1.0,0.0,3,0.035714285714285705
MA010120220813291461,5,1.0,0.0,4,0.3
MA010120220813292332,5,1.0,0.0,1,0.00015052684395383843
MA010120220813292922,5,1.0,0.0,3,0.5
MA010120220813292983,5,1.0,0.0,3,0.5313131313131313
MA010120220813293773,5,1.0,0.0,1,0.040880503144654086
MA010120220813294015,5,1.0,0.0,0,0.0
MA010120220813295540,5,1.0,0.0,1,0.003330557868442964
MA010120220813296200,1,1.0,0.0,0,0.0
MA010120220813297560,5,0.0,0.0,0,0.0
MA010120220813297620,1,1.0,0.0,0,0.0
MA010120220813298894,1,1.0,0.0,0,0.0
MA010120220813300758,5,1.0,0.0,0,0.0
MA010120220813301014,5,1.0,1.0,3,0.019733333333333335
MA010120220813302214,5,1.0,0.0,2,0.019548872180451128
MA010120220813302776,5,1.0,0.0,4,0.03063063063063063
MA010120220813303407,1,1.0,0.0,1,0.004341534008683068
MA010120220813303765,5,1.0,0.0,3,0.02552204176334107
MA010120220813305192,5,0.0,0.0,0,0.0
MA010120220813305556,5,1.0,1.0,4,0.03877743368789552
MA010120220813307611,5,1.0,0.0,3,0.04174994448145681
MA010120220813307944,1,1.0,0.0,0,0.0
MA010120220813310144,5,1.0,0.0,1,0.017964071856287425
MA010120220813311064,5,1.0,0.0,3,0.0793733681462141
MA010120220813311106,5,1.0,1.0,0,0.0
MA010120220813312574,5,1.0,0.0,1,0.00040424456796361803
MA010120220813312686,5,1.0,0.0,1,0.0033112582781456945
MA010120220813312823,5,0.0,0.0,0,0.0
MA010120220813315865,5,1.0,0.0,3,0.020174848688634835
MA010120220813315999,5,1.0,0.0,2,0.015564202334630352
MA010120220813316638,5,1.0,0.0,2,0.03514376996805112
MA010120220813316687,5,1.0,0.0,2,0.04261363636363636
MA010120220813316825,5,1.0,0.0,5,0.8353591160220993
MA010120220813322420,5,1.0,0.0,1,0.0027027027027027024
MA010120220813322992,5,1.0,0.0,5,1.0
MA010120220813323220,5,1.0,0.0,4,0.6240601503759399
MA010120220813323422,5,1.0,0.0,1,0.004347826086956522
MA010120220813323578,5,1.0,0.0,1,0.00154015401540154
MA010120220813323997,5,1.0,0.0,0,0.0
MA010120220813324844,5,1.0,0.0,1,0.006100217864923747
MA010120220813325265,5,1.0,0.0,3,0.0
MA010120220813326123,5,1.0,1.0,5,0.015061452513966482
MA010120220813329261,5,0.0,0.0,1,0.0030965391621129326
MA010120220813329962,5,1.0,1.0,4,0.1588447653429603
MA010120220813332959,5,1.0,0.0,2,0.0010279329608938546
MA010120220813333119,5,1.0,0.0,2,0.049999999999999996
MA010120220813335748,5,1.0,0.0,5,1.0
MA010120220813336060,5,1.0,0.0,1,0.0015400410677618068
MA010120220813336908,5,1.0,0.0,3,0.014606741573033709
MA010120220813337141,5,1.0,1.0,3,1.0
MA010120220813339053,5,1.0,0.0,0,0.0
MA010120220813339163,4,1.0,0.0,0,0.0
MA010120220813339288,5,1.0,0.0,5,0.033976510067114093
MA010120220813339323,4,1.0,0.0,5,0.4080327181208054
MA010120220813339443,5,1.0,0.0,2,0.023413025556471557
MA010120220813339513,5,1.0,1.0,5,1.0
MA010120220813341033,5,1.0,0.0,5,0.18601398601398603
MA010120220813341651,5,1.0,1.0,5,0.39102099927588707
MA010120220813342186,1,0.0,1.0,2,0.10059880239520957
MA010120220813342216,1,1.0,0.0,4,0.6601307189542484
MA010120220813343917,5,0.0,0.0,3,0.08688783570300158
MA010120220813344980,5,1.0,1.0,4,0.034030100334448164
MA010120220813345157,5,1.0,0.0,3,0.17647058823529413
MA010120220813345355,5,1.0,1.0,2,0.015281925171262955
MA010120220813349137,5,1.0,0.0,2,0.010624999999999999
MA010120220813350328,5,1.0,0.0,4,0.41245791245791247
MA010120220813350358,5,1.0,1.0,2,0.0017115772842973755
MA010120220813351084,5,1.0,0.0,0,0.0
MA010120220813351485,1,1.0,0.0,5,0.2800528401585205
MA010120220813351769,5,1.0,0.0,1,0.00392156862745098
MA010120220813351872,5,1.0,0.0,3,0.018071065989847715
MA010120220813352206,5,1.0,1.0,1,0.0008948545861297539
MA010120220813352674,5,1.0,0.0,0,0.0
MA010120220813354086,5,1.0,1.0,3,0.0
MA010120220813354404,4,1.0,0.0,4,0.25914634146341464
MA010120220813355088,5,1.0,0.0,3,0.021937321937321938
MA010120220813356928,4,0.0,0.0,1,0.0004492362982929021
MA010120220813357099,5,1.0,0.0,0,0.0
MA010120220813358893,5,0.0,0.0,3,0.047382920110192836
MA010120220813359145,5,1.0,0.0,3,0.12693498452012383
MA010120220813361872,5,1.0,0.0,3,1.0
MA010120220813363285,5,1.0,0.0,0,0.0
MA010120220813364255,5,1.0,0.0,5,1.0
MA010120220813364621,5,1.0,0.0,2,0.008945386064030132
MA010120220813365066,5,1.0,0.0,0,0.0
MA010120220813365372,5,1.0,0.0,3,0.030845771144278607
MA010120220813366640,5,1.0,0.0,0,0.0
MA010120220813367694,1,1.0,0.0,3,0.0
MA010120220813368854,5,1.0,1.0,0,0.0
MA010120220813368909,5,1.0,0.0,5,1.0
MA010120220813369373,5,1.0,0.0,1,0.02702702702702703
MA010120220813371083,5,1.0,0.0,3,0.0
MA010120220813371145,5,0.0,0.0,4,0.1398496240601504
MA010120220813371147,5,1.0,0.0,1,0.005880705684682162
MA010120220813372189,5,1.0,1.0,5,0.03636986301369863
MA010120220813373843,5,1.0,0.0,1,0.014778325123152709
MA010120220813374302,1,1.0,0.0,0,0.0
MA010120220813375456,5,1.0,0.0,1,0.00047945205479452054
MA010120220813375777,5,0.0,0.0,2,0.00200387847446671
MA010120220813375903,5,1.0,0.0,2,0.0011681524746387948
MA010120220813376385,1,0.0,0.0,4,0.7961783439490446
MA010120220813376919,5,1.0,0.0,3,0.65625
MA010120220813377328,5,1.0,0.0,0,0.0
MA010120220813379004,5,1.0,0.0,3,0.038461538461538464
MA010120220813381137,5,1.0,0.0,2,0.09333333333333332
MA010120220813381400,5,1.0,0.0,5,0.9365079365079365
MA010120220813381503,5,1.0,0.0,2,0.01990950226244344
MA010120220813381787,5,1.0,0.0,1,0.0034220532319391636
MA010120220813381980,5,1.0,0.0,5,0.386986301369863
MA010120220813384095,5,1.0,0.0,2,0.06363636363636363
MA010120220813384187,5,1.0,0.0,1,0.00958904109589041
MA010120220813384704,5,1.0,0.0,0,0.0
MA010120220813385141,1,1.0,0.0,5,1.0
MA010120220813385373,5,1.0,1.0,2,0.06243386243386244
MA010120220813385443,5,1.0,1.0,1,0.0010069225928256765
MA010120220813388990,5,1.0,0.0,1,0.0015209125475285172
MA010120220813390064,5,1.0,0.0,2,0.007407407407407408
MA010120220813390135,5,1.0,0.0,0,0.0
MA010120220813391318,5,1.0,1.0,4,0.2223463687150838
MA010120220813393269,5,0.0,0.0,3,0.11005199306759098
MA010120220813394104,5,1.0,0.0,1,0.0005319148936170213
MA010120220813395706,5,1.0,0.0,5,0.30978520286396183
MA010120220813395732,5,1.0,0.0,2,0.042105263157894736
MA010120220813396182,5,1.0,0.0,5,0.6433862433862434
MA010120220813397212,5,1.0,0.0,3,0.00616061606160616
MA010120220813398437,5,1.0,0.0,3,0.11131221719457014
MA010120220813401546,5,0.0,1.0,4,0.019899665551839467
MA010120220813402469,5,1.0,0.0,5,1.0
MA010120220813402950,5,0.0,0.0,3,0.02880658436213992
MA010120220813403893,5,1.0,0.0,0,0.0
MA010120220813403980,5,1.0,1.0,4,0.016638795986622074
MA010120220813405331,5,1.0,1.0,3,0.030555555555555558
MA010120220813405407,5,1.0,0.0,0,0.0
MA010120220813405832,5,1.0,0.0,1,7.719027402547279e-05
MA010120220813406400,5,0.0,0.0,3,0.015118397085610202
MA010120220813409597,1,1.0,0.0,2,0.014434821230290917
MA010120220813410446,5,1.0,0.0,2,0.008017492711370264
MA010120220813411383,5,1.0,0.0,1,0.0
MA010120220813413680,5,0.0,0.0,1,0.0006711409395973155
MA010120220813417328,1,1.0,0.0,5,0.14297658862876253
MA010120220813419599,5,0.0,0.0,3,0.002011173184357542
MA010120220813419641,5,1.0,0.0,1,0.013114754098360656
MA010120220813419972,1,1.0,0.0,4,0.14285714285714285
MA010120220813422184,5,1.0,0.0,4,0.01144114411441144
MA010120220813422253,5,1.0,0.0,1,0.0007756948933419521
MA010120220813422494,1,1.0,1.0,3,0.878048780487805
MA010120220813423176,5,1.0,0.0,2,0.004631416441528367
MA010120220813423844,5,1.0,0.0,3,1.0
MA010120220813423889,5,1.0,0.0,2,0.0020388349514563107
MA010120220813424395,5,1.0,0.0,0,0.0
MA010120220813425684,5,1.0,0.0,3,0.020348837209302327
MA010120220813426591,5,1.0,0.0,0,0.0
MA010120220813426921,5,0.0,0.0,3,0.010721123165283982
MA010120220813428079,5,1.0,0.0,1,0.0009546539379474941
MA010120220813429232,5,1.0,0.0,0,0.0
MA010120220813430602,5,0.0,0.0,2,0.031347962382445145
MA010120220813430615,5,1.0,0.0,2,0.13953488372093023
MA010120220813430805,5,1.0,0.0,0,0.0
MA010120220813430965,5,1.0,1.0,5,0.39509202453987735
MA010120220813431930,5,1.0,0.0,1,0.0
MA010120220813432445,5,1.0,0.0,3,0.005684931506849316
MA010120220813434122,1,1.0,0.0,0,0.0
MA010120220813435347,5,1.0,0.0,1,0.005
MA010120220813435709,5,0.0,0.0,2,0.006355932203389831
MA010120220813436395,5,1.0,0.0,1,0.0015209125475285172
MA010120220813438374,5,1.0,0.0,1,0.032
MA010120220813439077,1,1.0,1.0,5,0.20391061452513967
MA010120220813440724,5,1.0,0.0,3,0.5914893617021276
MA010120220813440918,5,1.0,0.0,2,0.020650953984287318
MA010120220813443639,5,1.0,0.0,1,0.0
MA010120220813445769,5,1.0,1.0,5,1.0
MA010120220813446147,4,1.0,0.0,1,0.0020161290322580645
MA010120220813446389,5,1.0,0.0,1,0.0022922636103151865
MA010120220813448103,5,1.0,1.0,1,0.0
MA010120220813448368,5,1.0,0.0,0,0.0
MA010120220813448797,5,0.0,0.0,3,0.025174825174825177
MA010120220813449228,5,1.0,0.0,2,0.03896103896103896
MA010120220813449262,5,1.0,1.0,5,0.7965936739659367
MA010120220813450022,1,1.0,1.0,4,0.2925531914893617
MA010120220813450508,5,1.0,0.0,2,0.1348314606741573
MA010120220813452243,5,1.0,0.0,1,0.004878048780487805
MA010120220813453178,5,1.0,0.0,3,0.2962962962962963
MA010120220813453187,5,1.0,0.0,3,0.003389830508474576
MA010120220813454314,1,0.0,0.0,5,0.2688679245283019
MA010120220813454320,5,1.0,1.0,3,0.022515761032722903
MA010120220813456233,4,0.0,0.0,4,0.016199832775919732
MA010120220813456466,5,1.0,0.0,0,0.0
MA010120220813456630,5,0.0,0.0,4,0.13793103448275865
MA010120220813456709,5,1.0,0.0,0,0.0
MA010120220813457724,5,1.0,0.0,1,0.0002517306482064191
MA010120220813458545,5,1.0,0.0,4,0.02533285354444045
MA010120220813460029,5,1.0,1.0,3,0.0074413863404689095
MA010120220813461687,5,1.0,0.0,4,0.04907063197026022
MA010120220813462597,5,1.0,0.0,3,0.0
MA010120220813464352,5,1.0,1.0,4,0.13033635187580853
MA010120220813465366,4,1.0,1.0,4,0.09815950920245399
MA010120220813466674,5,1.0,0.0,1,0.014990859232175502
MA010120220813467744,5,0.0,0.0,4,0.056480811006517015
MA010120220813468220,5,1.0,0.0,2,0.32195121951219513
MA010120220813468287,5,1.0,0.0,2,0.04987531172069826
MA010120220813468588,1,1.0,0.0,5,0.7016129032258065
MA010120220813470137,1,1.0,0.0,0,0.0
MA010120220813473058,1,1.0,1.0,5,1.0
MA010120220813476151,5,1.0,0.0,4,0.020762711864406782
MA010120220813476510,5,1.0,0.0,0,0.0
MA010120220813476681,5,1.0,1.0,3,0.0
MA010120220813477739,5,0.0,0.0,1,0.0
MA010120220813478009,1,1.0,0.0,3,0.1864406779661017
MA010120220813478654,5,1.0,0.0,3,0.0
MA010120220813479295,5,1.0,1.0,1,0.0032941176470588232
MA010120220813479452,5,1.0,1.0,2,0.0224
MA010120220813480610,5,1.0,1.0,3,0.5467625899280576
MA010120220813482061,1,1.0,0.0,2,0.005710659898477157
MA010120220813482103,5,1.0,0.0,4,0.007158119658119659
MA010120220813482205,5,1.0,0.0,3,0.07692307692307693
MA010120220813482374,5,0.0,0.0,3,0.06542056074766354
MA010120220813484392,5,1.0,0.0,3,0.5
MA010120220813484958,5,1.0,0.0,1,0.005106382978723404
MA010120220813485383,4,1.0,1.0,4,0.3829479768786127
MA010120220813488039,5,0.0,1.0,5,0.3515151515151515
MA010120220813488563,5,1.0,0.0,4,0.3440366972477064
MA010120220813488598,5,1.0,0.0,5,0.7072727272727273
MA010120220813488816,1,1.0,0.0,4,0.10059171597633136
MA010120220813489770,5,1.0,0.0,5,0.5221238938053098
MA010120220813490738,5,1.0,0.0,1,0.0035502958579881655
MA010120220813491137,5,1.0,0.0,3,0.0
MA010120220813493525,5,1.0,0.0,3,0.028710462287104624
MA010120220813493682,5,1.0,0.0,3,1.0
MA010120220813493798,5,1.0,0.0,3,0.74
MA010120220813494594,5,0.0,0.0,1,0.03235294117647059
MA010120220813495852,5,0.0,0.0,0,0.0
MA010120220813495904,1,1.0,0.0,0,0.0
MA010120220813497528,5,1.0,0.0,2,0.011933174224343675
MA010120220813497710,4,1.0,1.0,5,0.05632473253618628
MA010120220813500100,5,1.0,0.0,1,0.0043749999999999995
MA010120220813500674,5,1.0,1.0,2,0.013939393939393939
MA010120220813500703,5,1.0,0.0,2,0.0022330097087378637
MA010120220813500796,5,1.0,0.0,4,0.18571428571428572
MA010120220813502960,5,1.0,1.0,2,0.010655737704918034
MA010120220813504398,5,1.0,0.0,2,0.03931203931203931
MA010120220813505368,5,0.0,1.0,4,0.0196078431372549
MA010120220813507659,5,1.0,0.0,3,1.0
MA010120220813508313,5,1.0,0.0,5,0.04295302013422819
MA010120220813508428,5,1.0,0.0,0,0.0
MA010120220813508576,5,1.0,0.0,3,0.03906888102368636
MA010120220813509346,5,1.0,0.0,1,0.004591836734693878
MA010120220813511179,1,1.0,0.0,3,0.08541024922990759
MA010120220813511286,5,1.0,0.0,5,0.040050167224080266
MA010120220813512133,5,1.0,0.0,3,0.0
MA010120220813513721,1,0.0,0.0,5,0.42857142857142855
MA010120220813514026,5,1.0,1.0,4,0.05593220338983051
MA010120220813514774,5,1.0,0.0,1,0.001851851851851852
MA010120220813514852,5,0.0,0.0,5,1.0
MA010120220813515635,5,1.0,0.0,3,0.0036986301369863017
MA010120220813518021,5,1.0,0.0,3,0.011295681063122918
MA010120220813519329,5,1.0,0.0,3,0.0
MA010120220813520868,5,1.0,0.0,3,0.22536687631027252
MA010120220813521261,1,1.0,0.0,3,1.0
MA010120220813522085,5,1.0,0.0,2,0.026200873362445413
MA010120220813522197,5,1.0,0.0,0,0.0
MA010120220813527312,5,0.0,0.0,3,0.0
MA010120220813530596,5,1.0,0.0,4,0.018072289156626505
MA010120220813530754,5,1.0,1.0,3,0.007525083612040134
MA010120220813532042,5,1.0,0.0,2,0.030240549828178698
MA010120220813534215,5,1.0,0.0,2,0.011515151515151515
MA010120220813535194,5,1.0,0.0,2,0.04343891402714932
MA010120220813535458,5,1.0,0.0,1,0.004878048780487805
MA010120220813535579,1,0.0,0.0,0,0.0
MA010120220813535805,5,1.0,0.0,3,0.035678889990089196
MA010120220813537232,5,1.0,0.0,2,0.013104988830975429
MA010120220813538425,1,1.0,1.0,1,0.025423728813559324
MA010120220813540691,5,1.0,0.0,0,0.0
MA010120220813541669,5,1.0,0.0,2,0.011212814645308926
MA010120220813542149,1,1.0,0.0,3,0.0063371356147021544
MA010120220813545803,5,1.0,0.0,1,0.03571428571428572
MA010120220813548076,5,1.0,1.0,4,0.0375
MA010120220813548176,5,0.0,0.0,0,0.0
MA010120220813548357,5,1.0,0.0,5,1.0
MA010120220813552359,5,0.0,0.0,5,0.23345724907063195
MA010120220813552839,5,1.0,0.0,3,0.20485312899106004
MA010120220813555145,5,1.0,0.0,1,0.0
MA010120220813555250,5,1.0,0.0,1,0.08496732026143791
MA010120220813555956,5,0.0,0.0,3,0.0
MA010120220813556502,1,0.0,0.0,0,0.0
MA010120220813557485,1,0.0,0.0,3,0.0
MA010120220813558844,5,1.0,0.0,4,0.26231884057971017
MA010120220813559269,4,1.0,0.0,3,0.054635761589403975
MA010120220813560123,5,1.0,0.0,4,0.09784172661870504
MA010120220813561778,5,1.0,0.0,0,0.0
MA010120220813562397,5,1.0,1.0,3,0.036036036036036036
MA010120220813563436,5,1.0,1.0,2,0.021468926553672316
MA010120220813564964,5,1.0,0.0,3,0.020678513731825526
MA010120220813567849,5,1.0,0.0,3,0.0860332153552954
MA010120220813567893,5,1.0,0.0,1,0.013580246913580249
MA010120220813568229,5,1.0,0.0,3,0.012167300380228138
MA010120220813568759,5,1.0,1.0,2,0.008088978766430738
MA010120220813568889,5,1.0,0.0,5,0.1270408163265306
MA010120220813570077,5,0.0,0.0,1,0.004008908685968819
MA010120220813570861,5,1.0,0.0,3,0.007212475633528266
MA010120220813570876,5,1.0,0.0,4,0.9652173913043478
MA010120220813571292,5,1.0,0.0,1,0.00606585788561525
MA010120220813572024,5,0.0,0.0,0,0.0
MA010120220813572856,5,1.0,0.0,1,0.0
MA010120220813573284,5,1.0,1.0,2,0.04343891402714932
MA010120220813573846,5,1.0,0.0,4,0.013201320132013201
MA010120220813574087,5,1.0,0.0,5,0.376425855513308
MA010120220813577574,5,0.0,0.0,4,0.028147775823071125
MA010120220813577650,5,1.0,1.0,3,0.030905861456483122
MA010120220813578096,1,1.0,0.0,3,0.0
MA010120220813578258,5,1.0,0.0,5,0.28290235430335775
MA010120220813579044,5,1.0,0.0,1,0.0021078517477604074
MA010120220813580557,5,1.0,0.0,4,0.18545454545454546
MA010120220813580802,5,1.0,1.0,2,0.08663594470046083
MA010120220813581545,5,1.0,1.0,2,0.08
MA010120220813581789,5,1.0,0.0,2,0.016129032258064516
MA010120220813584835,5,1.0,0.0,0,0.0
MA010120220813585244,5,0.0,0.0,1,0.0008108655990269613
MA010120220813587732,5,1.0,1.0,1,0.006437768240343348
MA010120220813588147,5,0.0,0.0,4,0.12607449856733524
MA010120220813588226,5,1.0,0.0,3,0.014554754708207393
MA010120220813588427,5,1.0,0.0,2,0.010899182561307902
MA010120220813589065,5,1.0,0.0,2,0.025423728813559324
MA010120220813589192,5,1.0,1.0,5,0.5372881355932203
MA010120220813589474,5,1.0,0.0,2,0.031192660550458714
MA010120220813590365,5,1.0,0.0,0,0.0
MA010120220813592152,5,1.0,0.0,5,1.0
MA010120220813593606,5,0.0,0.0,4,0.0787878787878788
MA010120220813594286,5,1.0,0.0,3,0.030199430199430197
MA010120220813594334,5,1.0,0.0,0,0.0
MA010120220813595048,4,0.0,0.0,0,0.0
MA010120220813595202,5,1.0,0.0,1,0.011363636363636364
MA010120220813596471,5,1.0,0.0,3,0.0
MA010120220813597947,5,0.0,0.0,1,0.000587248322147651
MA010120220813600144,5,1.0,0.0,3,0.0
MA010120220813600405,5,1.0,0.0,1,0.014814814814814814
MA010120220813600490,5,0.0,0.0,4,0.2275862068965517
MA010120220813603114,5,0.0,0.0,4,0.2027491408934708
MA010120220813604037,5,0.0,0.0,3,1.0
MA010120220813604187,5,1.0,0.0,1,0.0
MA010120220813604327,1,1.0,0.0,1,0.015463917525773196
MA010120220813604880,5,1.0,0.0,5,0.11232708269289886
MA010120220813604898,5,1.0,0.0,1,0.0004237288135593221
MA010120220813605096,5,1.0,0.0,3,0.08264058679706601
MA010120220813607630,5,1.0,0.0,0,0.0
MA010120220813608927,5,0.0,1.0,1,0.014044943820224719
MA010120220813609212,5,1.0,1.0,5,0.42727272727272725
MA010120220813609858,5,1.0,0.0,0,0.0
MA010120220813609998,5,1.0,0.0,5,0.14838709677419354
MA010120220813611367,5,1.0,0.0,5,1.0
MA010120220813612002,5,1.0,0.0,4,0.028157894736842104
MA010120220813612772,5,1.0,0.0,5,0.7416666666666667
MA010120220813613602,5,1.0,0.0,3,0.13936170212765958
MA010120220813613862,5,1.0,0.0,2,0.10941475826972011
MA010120220813615587,5,1.0,0.0,0,0.0
MA010120220813617125,5,0.0,0.0,3,0.32799999999999996
MA010120220813617571,4,1.0,0.0,5,1.0
MA010120220813617609,5,1.0,0.0,3,0.018787878787878787
MA010120220813619014,5,1.0,0.0,2,0.03802816901408451
MA010120220813620246,5,1.0,0.0,1,0.028985507246376812
MA010120220813620410,5,1.0,1.0,2,0.006060606060606061
MA010120220813620471,5,1.0,0.0,0,0.0
MA010120220813621140,5,1.0,0.0,2,0.0022813688212927757
MA010120220813621316,5,1.0,0.0,3,0.02053231939163498
MA010120220813621646,5,1.0,0.0,1,0.054901960784313725
MA010120220813622947,5,0.0,0.0,3,1.0
MA010120220813624810,5,1.0,1.0,3,1.0
MA010120220813626445,5,1.0,1.0,2,0.026785714285714284
MA010120220813626932,5,1.0,0.0,3,0.04285714285714286
MA010120220813627542,1,1.0,0.0,5,1.0
MA010120220813628285,5,1.0,1.0,2,0.03617363344051447
MA010120220813629090,5,0.0,0.0,1,0.0070921985815602835
MA010120220813629716,5,1.0,0.0,2,0.01457858769931663
MA010120220813632792,5,0.0,0.0,3,0.026180698151950715
MA010120220813633314,5,1.0,0.0,0,0.0
MA010120220813633552,5,1.0,1.0,4,0.025858123569794052
MA010120220813636504,5,0.0,0.0,5,1.0
MA010120220813640883,5,1.0,0.0,1,0.0018223234624145787
MA010120220813641258,5,1.0,1.0,4,0.2133122028526149
MA010120220813642302,5,0.0,1.0,4,0.22043010752688172
MA010120220813643426,5,1.0,0.0,2,0.029339853300733496
MA010120220813643777,5,1.0,0.0,4,0.09567198177676538
MA010120220813646402,5,1.0,0.0,3,0.2833333333333334
MA010120220813647639,5,1.0,1.0,3,0.023690205011389524
MA010120220813648869,5,1.0,0.0,1,0.0005580097651708905
MA010120220813649533,5,1.0,0.0,1,0.01834862385321101
MA010120220813650739,1,1.0,0.0,3,0.003564154786150713
MA010120220813651301,5,1.0,0.0,5,0.3995525727069351
MA010120220813653639,5,1.0,0.0,3,0.0
MA010120220813653761,5,1.0,0.0,0,0.0
MA010120220813655572,5,1.0,0.0,2,0.030895983522142123
MA010120220813656175,5,1.0,0.0,1,0.007272727272727273
MA010120220813656456,5,1.0,0.0,3,0.0
MA010120220813657816,5,1.0,0.0,1,0.003305785123966942
MA010120220813658664,5,1.0,0.0,0,0.0
MA010120220813658672,5,1.0,1.0,1,0.000488997555012225
MA010120220813660028,5,1.0,1.0,5,1.0
MA010120220813660104,5,1.0,0.0,0,0.0
MA010120220813661202,5,1.0,1.0,1,0.0024
MA010120220813661750,5,1.0,0.0,2,0.006026365348399247
MA010120220813661752,5,1.0,0.0,3,0.6666666666666667
MA010120220813661766,4,1.0,1.0,4,0.18482758620689654
MA010120220813665507,5,0.0,0.0,2,0.017049180327868854
MA010120220813666076,5,1.0,0.0,1,0.003672787979966611
MA010120220813666140,5,1.0,0.0,3,1.0
MA010120220813666663,5,1.0,0.0,3,0.30167597765363136
MA010120220813666773,5,1.0,1.0,3,0.012052730696798493
MA010120220813666785,5,1.0,0.0,0,0.0
MA010120220813667833,5,1.0,0.0,1,0.00040140491721023583
MA010120220813668064,5,1.0,0.0,1,0.004555808656036446
MA010120220813668838,5,1.0,0.0,1,0.017684887459807074
MA010120220813670184,5,1.0,0.0,4,0.16344086021505375
MA010120220813670950,5,1.0,1.0,1,0.013574660633484163
MA010120220813671794,5,1.0,0.0,2,0.0035087719298245615
MA010120220813671818,5,1.0,0.0,1,0.02127659574468085
MA010120220813673078,5,1.0,1.0,5,0.19609149455918276
MA010120220813673105,5,1.0,0.0,3,0.08376963350785341
MA010120220813676422,5,1.0,0.0,4,0.024916387959866223
MA010120220813676655,5,1.0,1.0,5,1.0
MA010120220813677302,1,0.0,0.0,3,0.24716369529983792
MA010120220813677587,5,1.0,0.0,0,0.0
MA010120220813679390,5,1.0,0.0,5,1.0
MA010120220813680679,5,1.0,0.0,1,0.00026595744680851064
MA010120220813680705,5,1.0,0.0,0,0.0
MA010120220813681574,5,1.0,1.0,5,0.011138986452584043
MA010120220813685492,5,0.0,0.0,5,1.0
MA010120220813685771,5,1.0,1.0,4,0.1424083769633508
MA010120220813686510,5,0.0,0.0,5,1.0
MA010120220813690618,5,1.0,0.0,1,0.001254180602006689
MA010120220813690638,5,1.0,0.0,3,0.22043795620437956
MA010120220813690931,5,1.0,0.0,1,0.0
MA010120220813692111,5,1.0,0.0,1,0.0030651340996168583
MA010120220813693736,5,1.0,0.0,1,0.0034705007436787306
MA010120220813696888,5,1.0,0.0,1,0.0020903010033444815
MA010120220813698164,5,1.0,1.0,1,0.0011404872991187145
MA010120220813698243,5,1.0,0.0,3,0.004783451842275372
MA010120220813698541,5,0.0,0.0,3,0.007950310559006211
MA010120220813699361,5,0.0,0.0,0,0.0
MA010120220813699582,5,1.0,0.0,0,0.0
MA010120220813699720,5,1.0,0.0,2,0.009193408499566348
MA010120220813699930,5,0.0,0.0,2,0.15976331360946747
MA010120220813700446,5,1.0,1.0,4,0.9268292682926829
MA010120220813700493,1,1.0,0.0,0,0.0
MA010120220813700772,5,1.0,1.0,4,0.18548387096774194
MA010120220813703255,5,1.0,0.0,4,0.018351477449455676
MA010120220813703622,5,1.0,0.0,5,0.8367149758454105
MA010120220813703763,5,0.0,0.0,1,0.01904761904761905
MA010120220813707894,5,1.0,0.0,3,0.04872584710165219
MA010120220813708274,5,0.0,0.0,5,1.0
MA010120220813708680,4,1.0,1.0,3,0.018258426966292134
MA010120220813710528,4,1.0,0.0,3,0.0109717868338558
MA010120220813711082,5,1.0,0.0,2,0.04301075268817204
MA010120220813711418,5,1.0,0.0,1,0.04453441295546559
MA010120220813712584,4,1.0,1.0,4,0.05024509803921569
MA010120220813713042,5,1.0,1.0,5,1.0
MA010120220813713054,5,0.0,0.0,2,0.010230179028132993
MA010120220813713548,5,1.0,0.0,3,0.01215629522431259
MA010120220813717143,5,1.0,0.0,2,0.014671814671814672
MA010120220813717596,5,1.0,0.0,3,0.10135135135135134
MA010120220813720786,5,1.0,0.0,1,0.0
MA010120220813722515,5,1.0,0.0,4,0.06623093681917211
MA010120220813725365,5,0.0,1.0,4,0.016638795986622074
MA010120220813725458,5,1.0,0.0,3,0.056179775280898875
MA010120220813726153,5,1.0,0.0,2,0.06126126126126126
MA010120220813726973,5,1.0,0.0,1,0.0007331378299120235
MA010120220813730172,5,1.0,0.0,1,0.0008720930232558139
MA010120220813732306,5,1.0,0.0,4,0.09142857142857141
MA010120220813733243,1,1.0,0.0,0,0.0
MA010120220813734741,5,1.0,1.0,5,0.1491279069767442
MA010120220813734852,5,1.0,0.0,4,0.17428087986463622
MA010120220813734978,5,1.0,1.0,1,0.0011001100110011
MA010120220813737439,5,1.0,0.0,3,0.03636363636363637
MA010120220813737444,5,1.0,1.0,1,0.016853932584269662
MA010120220813737866,5,1.0,0.0,1,0.0036124794745484405
MA010120220813738488,5,1.0,0.0,2,0.004069767441860465
MA010120220813738806,1,0.0,0.0,5,1.0
MA010120220813739575,5,1.0,0.0,3,0.025396825396825397
MA010120220813741013,1,1.0,1.0,5,1.0
MA010120220813742655,5,1.0,0.0,0,0.0
MA010120220813742724,5,1.0,0.0,1,0.00051698670605613
MA010120220813742994,5,1.0,0.0,5,0.11302149178255373
MA010120220813744395,5,1.0,1.0,4,0.1145902731512325
MA010120220813745450,5,1.0,1.0,1,0.0088
MA010120220813745491,1,1.0,0.0,3,1.0
MA010120220813746102,5,1.0,0.0,1,0.037037037037037035
MA010120220813746448,5,1.0,0.0,3,0.10526315789473684
MA010120220813747176,5,1.0,1.0,2,0.008876881512929369
MA010120220813749663,5,0.0,0.0,1,0.011111111111111112
MA010120220813749725,5,1.0,0.0,2,0.03295819935691318
MA010120220813750887,5,1.0,1.0,1,0.012376237623762377
MA010120220813751116,5,0.0,0.0,1,0.017241379310344827
MA010120220813751251,5,1.0,0.0,2,0.0067649609713790115
MA010120220813751830,5,1.0,0.0,2,0.024591603723871425
MA010120220813752722,5,1.0,0.0,0,0.0
MA010120220813752934,5,0.0,0.0,0,0.0
MA010120220813753666,1,0.0,0.0,5,1.0
MA010120220813755003,5,0.0,0.0,4,0.1657142857142857
MA010120220813755482,5,1.0,0.0,1,0.008247422680412371
MA010120220813757736,5,1.0,0.0,3,0.03582089552238806
MA010120220813758239,5,1.0,0.0,1,0.06909090909090909
MA010120220813759161,1,0.0,0.0,3,0.0
MA010120220813760279,4,1.0,0.0,1,0.0005660499417777203
MA010120220813762705,4,1.0,0.0,0,0.0
MA010120220813762827,5,0.0,0.0,0,0.0
MA010120220813762836,5,1.0,1.0,5,1.0
MA010120220813764097,5,1.0,1.0,2,0.042105263157894736
MA010120220813764480,4,1.0,0.0,2,0.007058287795992714
MA010120220813767209,5,1.0,0.0,1,0.0031413612565445023
MA010120220813767344,5,0.0,0.0,5,1.0
MA010120220813768794,5,1.0,0.0,3,0.0027184466019417475
MA010120220813769563,5,1.0,0.0,3,0.13636363636363635
MA010120220813770820,5,1.0,0.0,0,0.0
MA010120220813771556,5,1.0,0.0,5,0.4670418006430868
MA010120220813772261,5,0.0,0.0,4,0.08393408856848611
MA010120220813774970,5,1.0,1.0,1,0.0022315202231520223
MA010120220813775405,5,0.0,0.0,0,0.0
MA010120220813775420,5,1.0,1.0,3,1.0
MA010120220813775443,5,1.0,0.0,4,0.3741935483870968
MA010120220813775869,5,1.0,1.0,4,0.014727318421713998
MA010120220813775884,5,0.0,0.0,0,0.0
MA010120220813777191,5,1.0,0.0,2,0.02945736434108527
MA010120220813778151,5,1.0,0.0,5,1.0
MA010120220813778604,5,1.0,1.0,2,0.0047493403693931405
MA010120220813778624,5,1.0,0.0,1,0.0005617977528089888
MA010120220813780131,5,1.0,1.0,1,0.0023827252419955326
MA010120220813782081,5,1.0,0.0,2,0.0144
MA010120220813782249,5,0.0,0.0,0,0.0
MA010120220813786262,1,1.0,0.0,1,0.002288329519450801
MA010120220813786743,5,1.0,0.0,2,0.018623481781376516
MA010120220813787001,5,1.0,0.0,2,0.013377926421404684
MA010120220813788087,5,0.0,0.0,5,0.08343868520859671
MA010120220813788516,5,0.0,0.0,1,0.0019297568506368196
MA010120220813788593,5,1.0,0.0,2,0.1325581395348837
MA010120220813791615,5,1.0,0.0,1,0.014492753623188406
MA010120220813792388,5,1.0,0.0,3,0.004865193594161768
MA010120220813792676,5,0.0,0.0,5,1.0
MA010120220813793775,1,1.0,0.0,5,1.0
MA010120220813795122,5,1.0,0.0,2,0.02368421052631579
MA010120220813796188,5,1.0,0.0,1,0.00037593984962406017
MA010120220813797768,5,1.0,0.0,5,1.0
MA010120220813798863,1,1.0,0.0,2,0.000670391061452514
MA010120220813799298,5,1.0,0.0,1,0.04391891891891892
MA010120220813799301,5,1.0,1.0,5,0.5459770114942529
MA010120220813799670,5,1.0,0.0,3,0.020823798627002288
MA010120220813799981,5,1.0,0.0,3,0.010012674271229404
MA010120220813803157,5,1.0,0.0,0,0.0
MA010120220813805043,5,1.0,0.0,4,0.028824273072060685
MA010120220813805765,5,1.0,1.0,1,0.013307984790874524
MA010120220813805854,5,1.0,0.0,0,0.0
MA010120220813806269,5,1.0,0.0,4,0.184070796460177
MA010120220813806306,5,1.0,0.0,4,0.07272727272727272
MA010120220813807152,5,1.0,0.0,3,0.016693163751987282
MA010120220813807178,5,0.0,0.0,2,0.0001723597618301473
MA010120220813808918,5,1.0,0.0,2,0.006552494415487714
MA010120220813809489,5,1.0,1.0,4,0.02509316770186335
MA010120220813810443,5,0.0,1.0,4,0.04607679465776294
MA010120220813810533,5,1.0,0.0,0,0.0
MA010120220813810854,5,1.0,0.0,1,0.006025104602510461
MA010120220813812383,5,1.0,0.0,1,0.001994301994301994
MA010120220813812415,1,0.0,0.0,0,0.0
MA010120220813813701,5,1.0,1.0,5,0.6596153846153846
MA010120220813814230,5,1.0,0.0,0,0.0
MA010120220813815118,5,1.0,1.0,0,0.0
MA010120220813815989,5,1.0,0.0,2,0.008762322015334065
MA010120220813816568,5,1.0,0.0,3,0.00846394984326019
MA010120220813816827,5,1.0,0.0,0,0.0
MA010120220813817590,5,1.0,0.0,1,0.010144927536231885
MA010120220813818719,5,1.0,0.0,2,0.014009339559706471
MA010120220813819743,5,1.0,0.0,5,1.0
MA010120220813827101,5,1.0,0.0,5,0.12482915717539862
MA010120220813828511,5,1.0,0.0,4,0.12156536219816819
MA010120220813828993,5,1.0,0.0,3,0.06311475409836066
MA010120220813830131,5,1.0,1.0,4,0.056
MA010120220813830844,1,1.0,0.0,5,1.0
MA010120220813830935,5,0.0,0.0,3,0.0
MA010120220813832292,5,1.0,0.0,1,6.148170919151553e-05
MA010120220813832434,5,1.0,0.0,0,0.0
MA010120220813832615,5,0.0,0.0,0,0.0
MA010120220813832725,5,1.0,0.0,3,0.0
MA010120220813832808,5,1.0,0.0,0,0.0
MA010120220813835599,5,1.0,1.0,1,0.0
MA010120220813836036,5,1.0,0.0,2,0.006342494714587738
MA010120220813836300,5,1.0,0.0,3,0.17094017094017092
MA010120220813836693,1,1.0,0.0,4,0.024714828897338403
MA010120220813837605,5,1.0,0.0,3,0.04075235109717869
MA010120220813837846,5,1.0,0.0,4,0.012838263058527375
MA010120220813838334,5,1.0,0.0,5,1.0
MA010120220813839256,5,1.0,0.0,5,1.0
MA010120220813840104,5,0.0,0.0,5,0.055828697114762585
MA010120220813840267,5,1.0,0.0,1,0.01984126984126984
MA010120220813841040,5,1.0,1.0,3,0.0
MA010120220813841153,5,0.0,0.0,3,0.31619047619047624
MA010120220813841797,5,1.0,1.0,3,0.020227560050568902
MA010120220813841838,5,1.0,0.0,3,0.0
MA010120220813845544,1,0.0,0.0,4,0.0621301775147929
MA010120220813846296,5,1.0,0.0,3,0.3012048192771084
MA010120220813846389,5,1.0,0.0,2,0.02043082389518099
MA010120220813846491,5,1.0,0.0,1,0.015730337078651683
MA010120220813849012,5,1.0,0.0,3,0.054858934169279
MA010120220813849247,5,1.0,0.0,2,0.0012973849584431382
MA010120220813851678,5,1.0,0.0,3,0.008983451536643025
MA010120220813853909,5,1.0,0.0,4,0.05503258508327299
MA010120220813853921,5,1.0,1.0,2,0.023885350318471336
MA010120220813854672,4,1.0,0.0,1,0.009933774834437087
MA010120220813854726,4,1.0,0.0,3,1.0
MA010120220813856392,5,1.0,0.0,4,0.28292682926829266
MA010120220813856558,5,1.0,0.0,3,0.03853211009174312
MA010120220813856720,1,1.0,0.0,3,1.0
MA010120220813857233,5,1.0,0.0,2,0.04
MA010120220813857307,5,1.0,1.0,3,0.013251783893985729
MA010120220813858165,5,1.0,0.0,5,0.18223760092272204
MA010120220813858269,5,1.0,1.0,5,0.24647887323943662
MA010120220813858501,5,1.0,0.0,1,0.011111111111111112
MA010120220813864709,5,1.0,0.0,4,0.5862068965517242
MA010120220813864859,5,0.0,0.0,0,0.0
MA010120220813866568,5,1.0,0.0,5,1.0
MA010120220813869835,5,1.0,1.0,2,0.002679658952496955
MA010120220813872952,5,1.0,0.0,3,0.21553398058252426
MA010120220813873898,5,1.0,0.0,1,0.0045045045045045045
MA010120220813875570,1,1.0,0.0,0,0.0
MA010120220813875779,5,1.0,1.0,4,0.06104783599088839
MA010120220813876575,4,1.0,1.0,2,0.015843895930620414
MA010120220813877349,5,1.0,1.0,5,1.0
MA010120220813878622,5,1.0,1.0,4,0.16072644721906923
MA010120220813878776,5,1.0,1.0,3,0.011764705882352943
MA010120220813879606,5,1.0,0.0,4,0.027424749163879596
MA010120220813879673,5,0.0,0.0,0,0.0
MA010120220813879761,5,1.0,1.0,5,1.0
MA010120220813879841,5,0.0,0.0,1,0.012807881773399015
MA010120220813884179,5,1.0,0.0,3,0.0
MA010120220813884463,1,1.0,1.0,4,0.7292817679558011
MA010120220813885873,5,1.0,0.0,3,0.1312883435582822
MA010120220813887844,5,1.0,0.0,1,0.003669724770642202
MA010120220813888049,4,1.0,0.0,5,0.4695767195767196
MA010120220813888425,4,1.0,0.0,4,0.14204545454545456
MA010120220813888545,5,0.0,0.0,1,0.0006887645286267757
MA010120220813889308,5,0.0,0.0,3,0.11727416798732171
MA010120220813890282,5,1.0,1.0,1,0.03577512776831346
MA010120220813890769,5,1.0,0.0,5,1.0
MA010120220813891098,5,1.0,0.0,0,0.0
MA010120220813891399,1,0.0,0.0,0,0.0
MA010120220813891760,1,0.0,0.0,0,0.0
MA010120220813892781,5,1.0,1.0,3,0.14843749999999997
MA010120220813895862,1,1.0,0.0,4,0.2605042016806723
MA010120220813896596,5,1.0,0.0,1,0.02276422764227642
MA010120220813896713,5,1.0,1.0,3,0.0
MA010120220813896723,5,1.0,0.0,2,0.004318100035984167
MA010120220813898735,5,0.0,0.0,0,0.0
MA010120220813899397,5,1.0,0.0,3,1.0
MA010120220813899849,5,1.0,1.0,3,0.3090909090909091
MA010120220813900100,5,1.0,0.0,0,0.0
MA010120220813902655,5,1.0,0.0,2,0.004045734388742304
MA010120220813902699,5,1.0,0.0,5,1.0
MA010120220813904489,5,1.0,0.0,4,0.030800821355236138
MA010120220813905166,5,0.0,0.0,4,0.4285714285714286
MA010120220813905617,5,1.0,0.0,4,0.3405572755417957
MA010120220813906399,1,1.0,0.0,5,1.0
MA010120220813907661,5,0.0,0.0,0,0.0
MA010120220813907687,5,1.0,0.0,0,0.0
MA010120220813908683,5,1.0,1.0,4,0.03668639053254438
MA010120220813909031,5,0.0,0.0,1,0.0014285714285714286
MA010120220813909290,5,1.0,0.0,0,0.0
MA010120220813911103,5,1.0,0.0,0,0.0
MA010120220813913151,5,1.0,0.0,1,0.011265164644714038
MA010120220813913200,1,1.0,0.0,3,1.0
MA010120220813913811,5,1.0,1.0,3,0.06060606060606061
MA010120220813914041,1,1.0,0.0,4,0.13879635798356652
MA010120220813914057,5,1.0,1.0,5,0.3091482649842271
MA010120220813914241,5,1.0,0.0,5,0.32459016393442625
MA010120220813914626,1,1.0,0.0,5,1.0
MA010120220813915657,5,1.0,0.0,3,0.0054695933789132775
MA010120220813917085,5,0.0,0.0,0,0.0
MA010120220813918857,5,1.0,0.0,5,0.6136363636363635
MA010120220813920008,5,1.0,0.0,1,0.0
MA010120220813920910,5,1.0,0.0,3,0.0375
MA010120220813922277,5,1.0,0.0,1,0.007553956834532374
MA010120220813922691,5,1.0,0.0,3,0.0
MA010120220813923235,5,1.0,0.0,1,0.00020366598778004074
MA010120220813924281,5,1.0,0.0,3,0.0
MA010120220813924470,5,1.0,0.0,5,0.2636363636363636
MA010120220813924982,5,1.0,0.0,5,0.16292134831460672
MA010120220813925652,5,1.0,0.0,5,0.39864864864864863
MA010120220813926823,1,1.0,0.0,5,1.0
MA010120220813927089,5,1.0,0.0,1,0.004120443740095087
MA010120220813927109,5,0.0,0.0,1,0.002261874842925358
MA010120220813928390,5,1.0,0.0,5,0.5943609022556391
MA010120220813928456,5,0.0,0.0,0,0.0
MA010120220813928637,5,1.0,0.0,3,0.0
MA010120220813929364,5,1.0,0.0,1,0.014545454545454545
MA010120220813930164,5,1.0,0.0,3,0.1428571428571429
MA010120220813930682,1,1.0,0.0,0,0.0
MA010120220813932352,5,1.0,1.0,4,0.9333333333333333
MA010120220813934253,5,0.0,1.0,4,0.02226690123146519
MA010120220813934723,5,1.0,0.0,2,0.10227272727272727
MA010120220813935235,5,1.0,1.0,4,0.054826254826254826
MA010120220813935293,5,1.0,0.0,2,0.01732283464566929
MA010120220813937659,5,0.0,1.0,5,0.13663911845730028
MA010120220813939430,5,1.0,1.0,1,0.0
MA010120220813939625,5,1.0,0.0,2,0.007058823529411765
MA010120220813942954,5,1.0,0.0,2,0.01063303659742829
MA010120220813943329,5,1.0,0.0,4,0.015384615384615384
MA010120220813946240,5,1.0,1.0,5,0.2619047619047619
MA010120220813947281,4,1.0,0.0,2,0.008608815426997245
MA010120220813947520,5,1.0,1.0,4,0.37777777777777777
MA010120220813947895,5,0.0,0.0,5,0.35191986644407347
MA010120220813947962,5,1.0,1.0,3,0.021333333333333333
MA010120220813948080,5,1.0,0.0,1,0.003236245954692556
MA010120220813948097,5,1.0,0.0,2,0.018032786885245903
MA010120220813948186,5,1.0,0.0,5,0.08244274809160305
MA010120220813948650,4,1.0,0.0,3,1.0
MA010120220813950501,5,1.0,0.0,2,0.003278688524590164
MA010120220813950506,5,1.0,0.0,2,0.004558404558404559
MA010120220813950557,5,1.0,0.0,2,0.03557567917205692
MA010120220813951932,5,1.0,0.0,4,0.014109061423069126
MA010120220813954379,5,1.0,0.0,2,0.015857284440039643
MA010120220813955743,5,1.0,1.0,4,0.09084469629891977
MA010120220813957003,5,1.0,0.0,3,0.00909090909090909
MA010120220813957016,5,1.0,0.0,1,0.023943661971830985
MA010120220813957501,5,1.0,1.0,3,0.07927927927927929
MA010120220813958070,5,1.0,0.0,4,0.0423728813559322
MA010120220813958265,5,1.0,1.0,5,0.7142857142857143
MA010120220813958293,5,1.0,0.0,2,0.009523809523809525
MA010120220813958639,5,1.0,0.0,3,0.0048721071863581
MA010120220813959022,5,0.0,0.0,1,0.0
MA010120220813959812,5,1.0,0.0,3,0.01059322033898305
MA010120220813960606,1,1.0,0.0,1,0.0045662100456621
MA010120220813962848,5,1.0,0.0,3,0.041884816753926704
MA010120220813963323,5,0.0,0.0,1,0.0076150917272412594
MA010120220813963939,5,1.0,0.0,3,0.11363636363636363
MA010120220813964170,5,0.0,0.0,3,0.012167300380228138
MA010120220813965546,5,0.0,0.0,3,0.04534412955465587
MA010120220813968499,5,1.0,0.0,2,0.03152709359605912
MA010120220813968877,5,1.0,0.0,1,0.0056
MA010120220813970601,4,1.0,0.0,0,0.0
MA010120220813971579,5,1.0,0.0,0,0.0
MA010120220813972575,5,1.0,1.0,1,0.0006662225183211193
MA010120220813972640,4,1.0,0.0,2,0.008741258741258742
MA010120220813973047,5,0.0,0.0,2,0.007058823529411765
MA010120220813974853,1,1.0,0.0,0,0.0
MA010120220813974879,5,0.0,0.0,0,0.0
MA010120220813975496,5,1.0,0.0,4,0.04096109839816933
MA010120220813975559,5,1.0,0.0,3,0.024848484848484845
MA010120220813976144,5,1.0,0.0,3,0.01
MA010120220813976419,5,1.0,0.0,3,0.015579357351509249
MA010120220813977033,5,1.0,0.0,1,0.015797788309636653
MA010120220813977429,5,1.0,0.0,4,0.35446313065976714
MA010120220813978090,5,1.0,0.0,3,0.43956043956043955
MA010120220813978641,5,1.0,0.0,2,0.00532319391634981
MA010120220813978676,5,1.0,0.0,3,0.02297872340425532
MA010120220813980709,5,1.0,0.0,0,0.0
MA010120220813981238,5,1.0,0.0,4,0.09760348583877995
MA010120220813981897,5,1.0,0.0,0,0.0
MA010120220813982392,1,1.0,0.0,4,0.0035122930255895636
MA010120220813982996,5,0.0,0.0,4,0.20970537261698438
MA010120220813983107,5,1.0,0.0,0,0.0
MA010120220813984096,1,1.0,0.0,4,0.27586206896551724
MA010120220813984973,5,1.0,0.0,1,0.001998667554963358
MA010120220813986760,5,1.0,0.0,5,0.211441647597254
MA010120220813987176,1,1.0,0.0,5,0.3
MA010120220813987571,5,1.0,0.0,2,0.016310160427807485
MA010120220813988314,5,1.0,0.0,1,0.010901883052527254
MA010120220813988981,5,1.0,0.0,1,0.00032310177705977385
MA010120220813989042,5,1.0,0.0,4,0.04745762711864406
MA010120220813993212,5,1.0,0.0,2,0.03898305084745762
MA010120220813994310,5,1.0,0.0,2,0.006772486772486773
MA010120220813994854,1,1.0,0.0,0,0.0
MA010120220813994925,5,1.0,1.0,3,0.05420560747663551
MA010120220813996290,5,1.0,0.0,0,0.0
MA010120220813997887,5,1.0,0.0,1,0.002219755826859046
MA010120220813998236,1,1.0,1.0,3,0.0
MA010120220813998343,5,1.0,0.0,1,0.007643312101910828
MA010120220813998605,1,0.0,0.0,3,0.02180232558139535
MA010120220813998684,5,1.0,0.0,3,0.0
MA010120220813999906,5,1.0,1.0,3,1.0
MA010120220814000425,5,1.0,0.0,0,0.0
MA010120220814002278,4,1.0,0.0,2,0.0022007042253521128
MA010120220814002293,1,0.0,0.0,5,0.4095744680851064
MA010120220814002951,5,1.0,1.0,2,0.006724949562878279
MA010120220814002955,5,1.0,0.0,2,0.16129032258064516
MA010120220814003768,5,1.0,0.0,4,0.7547169811320755
MA010120220814004577,5,1.0,0.0,4,0.028136882129277566
MA010120220814004912,5,1.0,0.0,1,0.12222222222222223
MA010120220814005530,5,1.0,1.0,2,0.008490930142802007
MA010120220814006766,5,1.0,1.0,5,0.3147826086956522
MA010120220814006825,5,1.0,0.0,0,0.0
MA010120220814007232,1,1.0,0.0,5,0.1945551128818061
MA010120220814008494,5,1.0,0.0,5,0.44241573033707865
MA010120220814008682,5,1.0,0.0,3,0.0
MA010120220814009038,5,1.0,0.0,3,0.0
MA010120220814009133,5,1.0,1.0,2,0.008591885441527447
MA010120220814012747,5,0.0,0.0,3,1.0
MA010120220814013431,5,1.0,1.0,1,0.0014457831325301205
MA010120220814015098,4,1.0,0.0,3,0.022506082725060828
MA010120220814015142,5,1.0,0.0,5,0.4248484848484848
MA010120220814015910,5,1.0,0.0,2,0.04673539518900344
MA010120220814017443,5,1.0,0.0,3,0.12195121951219513
MA010120220814019498,5,1.0,0.0,4,0.3358415841584158
MA010120220814020179,5,1.0,0.0,3,1.0
MA010120220814021078,5,1.0,1.0,2,0.004372958029655692
MA010120220814026148,5,1.0,0.0,1,0.03465346534653465
MA010120220814026747,5,1.0,0.0,3,0.05504201680672269
MA010120220814027587,4,1.0,0.0,2,0.024869109947643978
MA010120220814028107,5,1.0,0.0,4,0.13495934959349595
MA010120220814029693,1,1.0,0.0,0,0.0
MA010120220814030187,5,1.0,0.0,0,0.0
MA010120220814031124,5,1.0,0.0,2,0.002288732394366197
MA010120220814031278,5,1.0,0.0,3,0.040310077519379844
MA010120220814031563,5,1.0,0.0,2,0.05254237288135594
MA010120220814032148,5,1.0,0.0,1,0.09090909090909091
MA010120220814032286,5,1.0,1.0,3,1.0
MA010120220814033721,5,1.0,0.0,3,0.09270351211543697
MA010120220814034247,5,1.0,0.0,3,0.055384615384615386
MA010120220814034353,5,0.0,0.0,2,0.06123128119800332
MA010120220814035969,5,1.0,0.0,4,0.07807486631016043
MA010120220814036361,4,0.0,0.0,1,0.002688172043010753
MA010120220814037769,5,1.0,0.0,3,0.08838821490467937
MA010120220814037978,5,1.0,1.0,2,0.026244343891402715
MA010120220814038596,5,1.0,1.0,3,0.1111111111111111
MA010120220814039405,5,1.0,0.0,4,0.011515073101306767
MA010120220814039416,5,1.0,0.0,2,0.0008919521589296575
MA010120220814040125,5,1.0,0.0,3,0.02744807121661721
MA010120220814041411,5,1.0,0.0,1,0.013846153846153847
MA010120220814041639,5,1.0,0.0,5,0.4342105263157895
MA010120220814046238,5,1.0,0.0,1,0.0171875
MA010120220814046249,5,1.0,0.0,5,0.2782608695652174
MA010120220814046373,5,,,2,0.02341772151898734
MA010120220814046924,5,1.0,0.0,3,0.016067653276955602
MA010120220814050412,5,1.0,0.0,2,0.030541871921182268
MA010120220814052240,5,1.0,0.0,4,0.031104651162790695
MA010120220814052463,4,1.0,1.0,5,1.0
MA010120220814053983,5,1.0,0.0,3,0.0024417314095449504
MA010120220814054079,5,1.0,0.0,0,0.0
MA010120220814054128,5,0.0,0.0,0,0.0
MA010120220814054485,5,1.0,0.0,0,0.0
MA010120220814054659,5,1.0,0.0,3,0.015625
MA010120220814055710,5,0.0,1.0,2,0.01813880126182965
MA010120220814056614,5,1.0,0.0,5,1.0
MA010120220814056703,5,1.0,0.0,1,0.0010638297872340426
MA010120220814057226,5,1.0,0.0,4,0.2789473684210526
MA010120220814057230,5,0.0,1.0,5,1.0
MA010120220814057562,5,0.0,0.0,2,0.0011230907457322552
MA010120220814058869,5,1.0,0.0,1,0.0031413612565445023
MA010120220814059689,5,0.0,0.0,3,0.04299065420560747
MA010120220814061785,5,0.0,0.0,5,0.07771601819100557
MA010120220814062388,5,1.0,0.0,4,0.8863636363636364
MA010120220814066654,5,1.0,0.0,1,0.0038022813688212928
MA010120220814067839,5,0.0,0.0,2,0.009107468123861567
MA010120220814067845,5,1.0,0.0,5,0.244880174291939
MA010120220814068988,5,0.0,1.0,1,0.006666666666666666
MA010120220814070335,5,1.0,0.0,5,0.06490765171503958
MA010120220814070924,5,0.0,0.0,1,0.00662251655629139
MA010120220814071040,1,1.0,0.0,5,1.0
MA010120220814071300,5,1.0,0.0,2,0.019503546099290777
MA010120220814071683,5,1.0,0.0,0,0.0
MA010120220814072448,4,1.0,0.0,1,0.00047971491228070173
MA010120220814073135,5,0.0,0.0,2,0.04612159329140461
MA010120220814073263,5,1.0,0.0,5,0.6799999999999999
MA010120220814074429,5,1.0,0.0,3,0.0
MA010120220814074648,5,1.0,0.0,4,0.010135819987837016
MA010120220814074740,5,1.0,0.0,3,0.6411483253588517
MA010120220814074840,5,0.0,0.0,0,0.0
MA010120220814077903,5,1.0,0.0,3,0.069697794718214
MA010120220814078041,5,1.0,0.0,3,0.3250883392226148
MA010120220814078194,5,1.0,0.0,1,0.0011578541103820917
MA010120220814078318,5,1.0,0.0,1,0.00048721071863581
MA010120220814079272,5,1.0,0.0,0,0.0
MA010120220814082858,5,1.0,0.0,5,0.13707093821510297
MA010120220814084821,5,1.0,0.0,3,0.0019154794684544476
MA010120220814085021,5,1.0,0.0,1,0.009090909090909092
MA010120220814085384,5,1.0,0.0,1,0.004379562043795621
MA010120220814085547,5,1.0,0.0,2,0.0018912529550827424
MA010120220814085594,5,1.0,0.0,1,0.01085972850678733
MA010120220814087366,5,1.0,1.0,4,0.2636363636363636
MA010120220814090403,5,1.0,0.0,3,0.0
MA010120220814090613,5,1.0,1.0,3,0.5587570621468926
MA010120220814091061,5,1.0,0.0,1,8.361204013377927e-05
MA010120220814091526,5,1.0,0.0,2,0.010218978102189781
MA010120220814092028,5,1.0,1.0,2,0.050793650793650794
MA010120220814092380,5,0.0,0.0,2,0.004525547445255474
MA010120220814093272,5,1.0,0.0,2,0.010869565217391304
MA010120220814094605,5,0.0,0.0,0,0.0
MA010120220814095448,5,1.0,0.0,4,0.11100099108027749
MA010120220814096397,5,1.0,0.0,3,0.00547945205479452
MA010120220814096527,5,1.0,0.0,3,0.015676359039190898
MA010120220814097015,5,1.0,0.0,0,0.0
MA010120220814097329,5,1.0,0.0,2,0.012715712988192553
MA010120220814098004,5,1.0,0.0,3,0.03222918531781558
MA010120220814100495,5,1.0,0.0,1,0.0007083407118824154
MA010120220814100801,5,1.0,0.0,2,0.008695652173913044
MA010120220814101533,5,1.0,1.0,5,0.24305555555555555
MA010120220814102337,5,1.0,0.0,5,1.0
MA010120220814102456,5,1.0,0.0,0,0.0
MA010120220814102696,5,1.0,0.0,2,0.00532319391634981
MA010120220814103923,5,1.0,0.0,0,0.0
MA010120220814104612,5,1.0,1.0,1,0.0014388489208633094
MA010120220814105356,5,1.0,1.0,4,0.16853932584269662
MA010120220814105661,5,1.0,0.0,1,0.0005033557046979865
MA010120220814106376,5,1.0,0.0,4,0.05102880658436214
MA010120220814106411,5,0.0,1.0,2,0.00532319391634981
MA010120220814106981,5,0.0,1.0,3,0.4750000000000001
MA010120220814107280,5,0.0,0.0,4,0.12383720930232558
MA010120220814109822,5,1.0,0.0,3,0.06666666666666667
MA010120220814109950,5,1.0,0.0,1,0.004188481675392671
MA010120220814110828,5,1.0,0.0,3,0.0332
MA010120220814112096,5,1.0,0.0,3,0.02422145328719723
MA010120220814113115,5,1.0,0.0,3,0.1897005988023952
MA010120220814115384,5,1.0,0.0,5,0.06967113276492083
MA010120220814115504,5,1.0,0.0,3,0.20800000000000002
MA010120220814115583,5,1.0,0.0,1,0.04298642533936651
MA010120220814115739,5,1.0,0.0,4,0.0703125
MA010120220814116520,5,1.0,0.0,1,0.012844036697247705
MA010120220814117599,5,1.0,1.0,4,0.06271379703534777
MA010120220814118795,5,1.0,0.0,0,0.0
MA010120220814120797,5,1.0,0.0,3,0.05555555555555555
MA010120220814121055,5,1.0,0.0,0,0.0
MA010120220814121492,5,1.0,0.0,4,0.09018830525272546
MA010120220814122603,5,1.0,0.0,3,0.0
MA010120220814123006,5,1.0,1.0,4,0.13737373737373737
MA010120220814124659,1,1.0,0.0,3,1.0
MA010120220814124879,5,1.0,0.0,3,0.5
MA010120220814125829,5,1.0,0.0,5,0.12749349522983522
MA010120220814126063,4,1.0,0.0,0,0.0
MA010120220814126921,5,1.0,0.0,3,0.019101123595505618
MA010120220814129815,5,1.0,0.0,0,0.0
MA010120220814131733,5,1.0,0.0,4,0.13202247191011235
MA010120220814132780,5,1.0,0.0,3,0.013333333333333332
MA010120220814133648,5,1.0,1.0,1,0.000410958904109589
MA010120220814133676,5,1.0,0.0,1,0.010218978102189781
MA010120220814136847,5,1.0,0.0,1,0.0
MA010120220814137080,5,1.0,0.0,1,0.0111731843575419
MA010120220814138033,5,1.0,0.0,0,0.0
MA010120220814140522,5,1.0,0.0,3,0.17213114754098363
MA010120220814141129,5,0.0,0.0,4,0.16787401574803149
MA010120220814143494,5,1.0,0.0,2,0.008714596949891068
MA010120220814143828,5,1.0,0.0,4,0.01632178563124855
MA010120220814144116,5,1.0,0.0,2,0.009648784253184097
MA010120220814144804,4,1.0,0.0,1,0.004986990459670425
MA010120220814144964,5,0.0,1.0,5,0.12242424242424242
MA010120220814145226,5,1.0,0.0,0,0.0
MA010120220814145908,5,1.0,0.0,5,0.5009433962264151
MA010120220814150471,5,1.0,1.0,5,1.0
MA010120220814152484,5,1.0,0.0,1,0.006183249016301293
MA010120220814152771,5,1.0,1.0,2,0.07244318181818181
MA010120220814153298,5,1.0,0.0,0,0.0
MA010120220814154056,5,1.0,1.0,3,1.0
MA010120220814154256,5,1.0,0.0,1,0.016260162601626018
MA010120220814155046,5,1.0,0.0,1,0.01046831955922865
MA010120220814156342,5,1.0,0.0,2,0.03825210999183229
MA010120220814157588,4,0.0,0.0,0,0.0
MA010120220814157948,1,1.0,0.0,3,1.0
MA010120220814158379,4,0.0,0.0,0,0.0
MA010120220814159193,5,1.0,0.0,2,0.5660377358490566
MA010120220814159316,5,1.0,1.0,4,0.44651162790697674
MA010120220814160942,5,1.0,0.0,2,0.0028125
MA010120220814161479,5,1.0,0.0,3,0.020999275887038378
MA010120220814162465,5,1.0,0.0,3,0.19433859553620036
MA010120220814163136,5,1.0,0.0,2,0.030909090909090907
MA010120220814163159,5,1.0,0.0,4,0.15000000000000002
MA010120220814163323,5,1.0,0.0,2,0.004631416441528367
MA010120220814164042,5,1.0,1.0,4,0.18887015177065766
MA010120220814165145,5,1.0,0.0,5,1.0
MA010120220814165642,5,1.0,0.0,3,0.08541024922990759
MA010120220814166738,5,1.0,0.0,1,0.01953125
MA010120220814167083,5,1.0,0.0,3,0.08959044368600684
MA010120220814167632,5,1.0,0.0,0,0.0
MA010120220814170358,5,1.0,0.0,4,0.03006455579465109
MA010120220814170727,4,1.0,0.0,2,0.011437908496732025
MA010120220814170885,5,1.0,0.0,1,0.027586206896551724
MA010120220814171194,5,1.0,0.0,3,0.05954198473282443
MA010120220814171205,5,1.0,1.0,1,0.0015170670037926676
MA010120220814171903,5,1.0,0.0,5,1.0
MA010120220814174617,5,0.0,1.0,3,0.0005802707930367504
MA010120220814175936,5,1.0,0.0,4,0.09162011173184356
MA010120220814177739,5,1.0,0.0,0,0.0
MA010120220814179435,5,1.0,0.0,3,0.007274247491638796
MA010120220814180094,5,1.0,0.0,0,0.0
MA010120220814181115,5,1.0,1.0,3,0.3290322580645161
MA010120220814181116,5,1.0,0.0,0,0.0
MA010120220814181122,5,1.0,0.0,1,0.011363636363636364
MA010120220814181622,5,0.0,0.0,1,0.009068425391591096
MA010120220814182845,5,0.0,0.0,4,0.042270531400966184
MA010120220814183181,5,1.0,0.0,1,0.0064516129032258064
MA010120220814185754,5,1.0,0.0,3,0.08598130841121494
MA010120220814185811,5,1.0,0.0,2,0.002412666499120382
MA010120220814186271,5,1.0,0.0,3,0.629706390328152
MA010120220814190468,1,1.0,0.0,3,0.0
MA010120220814190872,5,1.0,0.0,4,0.14084507042253522
MA010120220814190968,5,1.0,0.0,1,0.015950920245398775
MA010120220814190974,5,1.0,1.0,5,0.15563380281690142
MA010120220814191038,5,1.0,0.0,3,0.1285714285714286
MA010120220814191057,5,1.0,0.0,4,0.10077519379844961
MA010120220814191377,5,1.0,0.0,2,0.007104795737122558
MA010120220814191441,1,1.0,0.0,0,0.0
MA010120220814191755,5,1.0,0.0,4,0.66875
MA010120220814193356,5,1.0,0.0,1,0.006100217864923747
MA010120220814193605,5,0.0,0.0,2,0.03529411764705882
MA010120220814194875,5,1.0,0.0,3,0.0051269163106308115
MA010120220814195442,5,1.0,0.0,2,0.09620991253644315
MA010120220814198616,5,1.0,1.0,4,0.1744
MA010120220814200169,5,1.0,0.0,3,0.027237354085603113
MA010120220814202560,5,1.0,0.0,4,0.11598746081504703
MA010120220814203212,5,1.0,0.0,3,0.01348314606741573
MA010120220814204047,5,1.0,1.0,2,0.07425742574257425
MA010120220814204671,5,0.0,0.0,0,0.0
MA010120220814205655,5,1.0,1.0,3,0.7684210526315789
MA010120220814205857,5,1.0,0.0,0,0.0
MA010120220814207264,5,1.0,0.0,0,0.0
MA010120220814207290,5,1.0,0.0,0,0.0
MA010120220814208579,5,1.0,0.0,0,0.0
MA010120220814209008,5,1.0,0.0,3,0.11703703703703704
MA010120220814213104,5,1.0,1.0,3,0.17288135593220338
MA010120220814214343,5,1.0,1.0,2,0.013017751479289942
MA010120220814215772,5,1.0,0.0,3,0.015384615384615382
MA010120220814216407,5,1.0,0.0,2,0.007659574468085107
MA010120220814216790,5,1.0,0.0,0,0.0
MA010120220814220461,5,1.0,0.0,2,0.0027690371302706105
MA010120220814220471,4,1.0,0.0,2,0.03763440860215054
MA010120220814220522,5,1.0,0.0,1,9.474182851729038e-05
MA010120220814220955,1,1.0,1.0,5,0.592173017507724
MA010120220814222502,5,1.0,0.0,2,0.17464788732394368
MA010120220814222643,5,1.0,0.0,1,0.0028653295128939827
MA010120220814222987,5,1.0,0.0,1,0.00038022813688212925
MA010120220814224048,5,1.0,0.0,2,0.01935483870967742
MA010120220814224784,1,1.0,1.0,5,0.31890660592255127
MA010120220814225392,5,1.0,0.0,1,0.13559322033898305
MA010120220814226393,5,1.0,1.0,3,0.012467532467532468
MA010120220814227407,1,1.0,0.0,0,0.0
MA010120220814228456,5,1.0,0.0,3,0.08888888888888888
MA010120220814228547,1,1.0,0.0,3,1.0
MA010120220814228774,5,0.0,0.0,0,0.0
MA010120220814229913,5,1.0,0.0,5,1.0
MA010120220814230433,5,1.0,0.0,2,0.024793388429752067
MA010120220814230739,5,1.0,0.0,5,0.09725363489499193
MA010120220814231386,5,0.0,0.0,4,0.06797385620915032
MA010120220814232627,5,0.0,0.0,4,0.5714285714285714
MA010120220814232875,5,1.0,0.0,3,0.032388663967611336
MA010120220814234054,5,1.0,0.0,1,0.05625
MA010120220814234202,5,1.0,0.0,2,0.03438914027149321
MA010120220814234351,5,1.0,0.0,3,0.03240223463687151
MA010120220814234420,5,1.0,0.0,5,0.4115107913669065
MA010120220814238892,5,1.0,0.0,1,0.0022988505747126436
MA010120220814240158,4,0.0,0.0,3,1.0
MA010120220814240883,5,0.0,0.0,3,0.0
MA010120220814241034,5,1.0,0.0,3,0.10708661417322834
MA010120220814241404,5,0.0,0.0,4,0.058823529411764705
MA010120220814241582,5,1.0,0.0,1,0.0023432923257176333
MA010120220814242225,5,1.0,1.0,5,0.07808988764044944
MA010120220814242607,5,1.0,1.0,1,0.006349206349206349
MA010120220814242779,4,1.0,0.0,3,0.0
MA010120220814243676,5,1.0,0.0,2,0.2746478873239437
MA010120220814246224,5,1.0,0.0,1,0.0
MA010120220814250103,5,0.0,0.0,0,0.0
MA010120220814251077,5,1.0,0.0,1,0.0020533880903490756
MA010120220814251586,5,1.0,0.0,3,0.18838028169014084
MA010120220814252810,5,1.0,1.0,4,0.042134831460674156
MA010120220814252824,5,1.0,0.0,2,0.026455026455026454
MA010120220814253356,1,1.0,0.0,5,1.0
MA010120220814253839,5,1.0,0.0,0,0.0
MA010120220814254097,5,1.0,0.0,3,0.11403508771929824
MA010120220814254317,5,1.0,0.0,5,0.5420289855072463
MA010120220814255473,5,1.0,0.0,2,0.015737704918032787
MA010120220814255689,5,1.0,0.0,0,0.0
MA010120220814256514,4,1.0,0.0,3,0.0
MA010120220814258336,5,1.0,0.0,3,0.048684210526315795
MA010120220814258841,5,1.0,0.0,0,0.0
MA010120220814261663,5,1.0,0.0,4,0.024999999999999998
MA010120220814261946,5,1.0,0.0,3,0.08080808080808081
MA010120220814262975,5,1.0,0.0,3,0.0
MA010120220814263588,4,1.0,1.0,2,0.11363636363636363
MA010120220814264936,5,1.0,1.0,4,0.9230769230769232
MA010120220814266487,5,1.0,1.0,3,0.013333333333333332
MA010120220814266570,5,1.0,0.0,2,0.012750455373406194
MA010120220814266911,1,1.0,0.0,0,0.0
MA010120220814268433,5,1.0,0.0,1,0.0017264276228419655
MA010120220814269204,5,1.0,1.0,3,0.04100227790432802
MA010120220814269484,5,1.0,0.0,3,0.1853582554517134
MA010120220814269779,5,1.0,1.0,5,0.443881245474294
MA010120220814271095,5,1.0,0.0,1,0.005813953488372093
MA010120220814271105,5,1.0,0.0,5,0.1232620320855615
MA010120220814271699,5,0.0,1.0,3,0.035483870967741936
MA010120220814272176,5,1.0,0.0,3,0.00856269113149847
MA010120220814273562,5,1.0,1.0,1,0.004188481675392671
MA010120220814274820,5,1.0,1.0,3,0.058598726114649675
MA010120220814275751,5,1.0,0.0,3,0.02048040455120101
MA010120220814278267,5,1.0,0.0,3,0.07074235807860262
MA010120220814280372,5,0.0,0.0,3,0.11773308957952469
MA010120220814283531,5,1.0,0.0,1,0.0035634743875278397
MA010120220814285223,5,1.0,0.0,5,0.2357142857142857
MA010120220814285467,5,1.0,0.0,1,0.0
MA010120220814285590,5,1.0,1.0,4,0.18129952456418386
MA010120220814285958,5,0.0,0.0,0,0.0
MA010120220814289425,5,1.0,0.0,3,0.03991596638655462
MA010120220814292102,5,1.0,0.0,3,0.25833333333333336
MA010120220814292881,5,1.0,0.0,2,0.010380622837370243
MA010120220814294836,1,1.0,1.0,0,0.0
MA010120220814295407,5,1.0,0.0,1,0.0038135593220338985
MA010120220814296974,5,0.0,0.0,0,0.0
MA010120220814297702,5,1.0,0.0,4,0.010148674854557208
MA010120220814300555,5,1.0,0.0,2,0.0035242290748898676
MA010120220814300897,5,1.0,0.0,1,0.0005600672080649678
MA010120220814301350,5,0.0,0.0,0,0.0
MA010120220814302083,5,1.0,0.0,1,0.0008154943934760449
MA010120220814302419,5,1.0,0.0,3,0.02288329519450801
MA010120220814303331,5,1.0,0.0,2,0.008365019011406846
MA010120220814303863,5,1.0,0.0,1,0.0011534025374855825
MA010120220814304333,5,1.0,0.0,3,0.014830508474576272
MA010120220814306097,5,1.0,0.0,2,0.0488997555012225
MA010120220814307735,5,1.0,0.0,3,0.02727272727272727
MA010120220814309317,5,1.0,0.0,3,0.004716981132075472
MA010120220814309870,1,0.0,0.0,5,0.09455587392550144
MA010120220814310325,5,1.0,0.0,1,0.0049180327868852455
MA010120220814311034,5,1.0,0.0,1,0.0
MA010120220814311283,5,1.0,0.0,2,0.030546623794212215
MA010120220814313538,5,1.0,0.0,1,0.003669724770642202
MA010120220814313650,5,0.0,0.0,3,1.0
MA010120220814314363,5,1.0,1.0,1,0.017627441638875654
MA010120220814314816,5,1.0,1.0,5,1.0
MA010120220814315983,4,1.0,0.0,1,0.00020271639975674033
MA010120220814316129,5,1.0,0.0,4,0.5824104234527687
MA010120220814316300,5,1.0,0.0,0,0.0
MA010120220814316489,5,1.0,0.0,4,0.0458628841607565
MA010120220814316634,5,1.0,0.0,0,0.0
MA010120220814316872,1,1.0,0.0,0,0.0
MA010120220814318091,5,1.0,1.0,4,0.05861297539149888
MA010120220814319092,5,1.0,1.0,1,0.009943181818181816
MA010120220814319264,5,1.0,0.0,1,0.00051698670605613
MA010120220814319329,5,1.0,0.0,1,0.05714285714285715
MA010120220814319949,5,1.0,0.0,2,0.01256544502617801
MA010120220814320343,5,1.0,0.0,4,0.2434782608695652
MA010120220814320466,5,1.0,0.0,2,0.15272727272727274
MA010120220814321717,5,1.0,0.0,0,0.0
MA010120220814321942,5,1.0,0.0,5,0.7311827956989247
MA010120220814322122,5,1.0,0.0,1,0.0034782608695652175
MA010120220814322142,5,1.0,0.0,1,0.0007436787307882995
MA010120220814322449,5,1.0,0.0,3,1.0
MA010120220814323423,5,,,3,0.02355072463768116
MA010120220814324059,1,1.0,0.0,4,0.007776049766718507
MA010120220814326755,1,0.0,0.0,0,0.0
MA010120220814328784,5,1.0,0.0,0,0.0
MA010120220814329046,5,1.0,0.0,1,0.018518518518518517
MA010120220814329148,5,1.0,1.0,5,0.009686038744154976
MA010120220814329271,5,1.0,0.0,3,0.0
MA010120220814329761,5,1.0,0.0,4,0.21666666666666667
MA010120220814329856,5,1.0,0.0,2,0.027118644067796613
MA010120220814330407,5,1.0,1.0,5,0.2297650130548303
MA010120220814330545,5,1.0,0.0,2,0.013445378151260505
MA010120220814330726,5,1.0,0.0,4,0.02129277566539924
MA010120220814330876,5,1.0,0.0,5,1.0
MA010120220814331053,5,1.0,0.0,2,0.003134796238244514
MA010120220814331232,5,1.0,0.0,4,0.050793650793650794
MA010120220814331502,5,1.0,1.0,5,0.7872
MA010120220814332622,5,1.0,0.0,1,0.00010368066355624677
MA010120220814334192,5,1.0,0.0,3,0.052547770700636945
MA010120220814334604,5,1.0,0.0,3,0.05015673981191223
MA010120220814335223,5,0.0,0.0,5,0.7078947368421054
MA010120220814335796,5,1.0,0.0,0,0.0
MA010120220814335806,5,1.0,0.0,3,0.0
MA010120220814337165,5,1.0,1.0,2,0.0031662269129287598
MA010120220814337194,5,1.0,0.0,4,0.48
MA010120220814337580,5,0.0,0.0,2,0.06521739130434782
MA010120220814338014,5,1.0,0.0,1,0.0011587485515643107
MA010120220814338514,5,1.0,1.0,5,1.0
MA010120220814339253,5,1.0,0.0,5,0.2081268582755203
MA010120220814339484,5,1.0,0.0,4,0.11042944785276074
MA010120220814340254,4,1.0,0.0,1,0.0015494953072427836
MA010120220814340743,5,1.0,1.0,3,0.0
MA010120220814341052,5,1.0,0.0,3,0.0
MA010120220814341701,5,0.0,0.0,0,0.0
MA010120220814344469,5,1.0,0.0,3,0.5080416272469253
MA010120220814345041,5,0.0,0.0,5,0.682608695652174
MA010120220814345447,1,0.0,0.0,0,0.0
MA010120220814345639,5,1.0,0.0,0,0.0
MA010120220814347940,5,1.0,0.0,1,0.0
MA010120220814348210,5,0.0,0.0,0,0.0
MA010120220814348386,5,1.0,1.0,2,0.01575757575757576
MA010120220814349270,5,0.0,0.0,1,0.0
MA010120220814351672,5,1.0,0.0,2,0.0029307731177362303
MA010120220814353242,5,0.0,0.0,5,0.6787979966611019
MA010120220814354041,5,1.0,1.0,1,0.021739130434782608
MA010120220814354407,5,1.0,0.0,1,0.006944444444444445
MA010120220814354744,5,1.0,1.0,1,0.03010752688172043
MA010120220814358318,5,1.0,0.0,4,0.1271604938271605
MA010120220814361072,5,1.0,1.0,1,0.08169014084507042
MA010120220814361694,5,1.0,1.0,3,0.5333333333333333
MA010120220814361926,5,1.0,0.0,2,0.0051764705882352945
MA010120220814362117,5,1.0,0.0,3,1.0
MA010120220814362892,5,1.0,0.0,4,0.03633232888506242
MA010120220814363176,5,1.0,0.0,5,1.0
MA010120220814363610,1,1.0,1.0,5,1.0
MA010120220814364136,5,1.0,1.0,3,0.03860182370820669
MA010120220814364178,5,1.0,0.0,2,0.01607717041800643
MA010120220814364274,5,1.0,0.0,3,0.0
MA010120220814365491,5,0.0,0.0,0,0.0
MA010120220814365603,5,1.0,0.0,0,0.0
MA010120220814366859,5,1.0,0.0,0,0.0
MA010120220814367262,5,1.0,1.0,2,0.05605095541401274
MA010120220814367714,5,1.0,0.0,3,0.03636363636363636
MA010120220814369231,5,1.0,0.0,1,0.00555185431934266
MA010120220814369600,5,0.0,0.0,0,0.0
MA010120220814371492,5,1.0,0.0,1,0.003278688524590164
MA010120220814371799,5,1.0,0.0,4,0.04838709677419355
MA010120220814373589,5,0.0,0.0,5,0.358
MA010120220814374006,5,1.0,1.0,2,0.036111111111111115
MA010120220814374132,5,1.0,0.0,1,0.0012924071082390954
MA010120220814374338,5,0.0,0.0,1,0.012587412587412588
MA010120220814375325,5,1.0,0.0,0,0.0
MA010120220814375726,1,1.0,0.0,1,0.014204545454545454
MA010120220814376938,5,0.0,0.0,1,0.0034220532319391636
MA010120220814378130,5,1.0,0.0,2,0.0013245033112582784
MA010120220814378887,5,1.0,0.0,2,0.016753926701570682
MA010120220814379708,5,1.0,0.0,0,0.0
MA010120220814380892,5,1.0,0.0,1,0.0027016595908915474
MA010120220814381273,5,1.0,1.0,2,0.0138996138996139
MA010120220814382387,5,1.0,0.0,3,0.12500000000000003
MA010120220814383023,5,1.0,0.0,3,0.10743061772605192
MA010120220814383131,5,1.0,1.0,4,0.24031007751937986
MA010120220814383277,5,1.0,0.0,2,0.10465116279069768
MA010120220814383371,5,1.0,0.0,3,0.19344262295081968
MA010120220814383830,5,1.0,0.0,1,0.3448275862068966
MA010120220814384278,5,1.0,0.0,0,0.0
MA010120220814384455,5,1.0,0.0,5,1.0
MA010120220814384911,5,1.0,0.0,0,0.0
MA010120220814388375,5,1.0,0.0,5,1.0
MA010120220814388611,5,1.0,0.0,2,0.0032869785082174463
MA010120220814389343,5,0.0,0.0,1,0.007692307692307693
MA010120220814390123,5,1.0,1.0,1,0.0028653295128939827
MA010120220814390825,5,1.0,1.0,3,0.0
MA010120220814394834,5,1.0,1.0,5,0.06509173159085198
MA010120220814395136,5,1.0,0.0,0,0.0
MA010120220814395181,5,1.0,0.0,0,0.0
MA0101202209A0000721,5,1.0,0.0,2,0.0016819769698537975
MA0101202209A0000933,1,1.0,0.0,2,0.050724637681159424
MA0101202209A0001496,1,0.0,1.0,1,0.006993006993006993
MA0101202209A0002076,5,1.0,0.0,0,0.0
MA0101202209A0002284,5,1.0,0.0,5,0.15959302325581395
MA0101202209A0002457,5,1.0,0.0,4,0.2109375
MA0101202209A0002927,1,1.0,0.0,3,0.017685699848408287
MA0101202209A0002962,5,1.0,0.0,5,0.19387755102040813
MA0101202209A0003106,1,1.0,0.0,3,0.10668563300142248
MA0101202209A0007850,5,1.0,0.0,4,0.029657794676806085
MA0101202209A0008421,5,1.0,0.0,0,0.0
MA0101202209A0008618,1,1.0,0.0,3,0.07364016736401674
MA0101202209A0008808,5,1.0,1.0,5,1.0
MA0101202209A0009235,1,1.0,1.0,2,0.11609907120743035
MA0101202209A0009916,5,1.0,0.0,3,1.0
MA0101202209A0010101,5,1.0,0.0,2,0.02331288343558282
MA0101202209A0012110,5,0.0,0.0,5,0.771050141911069
MA0101202209A0013462,5,1.0,1.0,5,0.5182186234817814
MA0101202209A0013654,5,1.0,0.0,2,0.012926748425588334
MA0101202209A0014050,5,1.0,0.0,1,0.2345679012345679
MA0101202209A0016415,5,1.0,0.0,1,0.015625
MA0101202209A0017323,5,1.0,1.0,3,0.013186813186813187
MA0101202209A0019732,5,0.0,0.0,0,0.0
MA0101202209A0019751,5,1.0,1.0,1,0.001483679525222552
MA0101202209A0019828,5,1.0,0.0,2,0.022033898305084745
MA0101202209A0020019,5,1.0,0.0,1,0.0007806401249024201
MA0101202209A0020125,1,1.0,1.0,5,0.8372827804107426
MA0101202209A0020316,5,0.0,0.0,3,0.010244988864142539
MA0101202209A0020322,5,1.0,1.0,5,1.0
MA0101202209A0021647,5,0.0,1.0,2,0.00941721343110768
MA0101202209A0021984,1,0.0,0.0,3,0.0
MA0101202209A0022071,1,1.0,0.0,0,0.0
MA0101202209A0022180,1,1.0,0.0,2,0.016260162601626018
MA0101202209A0022776,5,1.0,0.0,2,0.14285714285714285
MA0101202209A0022868,1,0.0,0.0,5,0.47660311958405543
MA0101202209A0023384,5,1.0,0.0,4,0.4101449275362319
MA0101202209A0024000,5,1.0,0.0,2,0.0008044692737430168
MA0101202209A0024790,5,1.0,0.0,2,0.3023255813953489
MA0101202209A0025004,5,0.0,0.0,2,0.007246376811594203
MA0101202209A0025495,4,1.0,0.0,0,0.0
MA0101202209A0025742,5,1.0,0.0,3,0.05172413793103449
MA0101202209A0026334,5,1.0,0.0,2,0.0076045627376425855
MA0101202209A0026450,1,0.0,0.0,0,0.0
MA0101202209A0026829,4,1.0,1.0,2,0.03695652173913044
MA0101202209A0030966,5,1.0,0.0,0,0.0
MA0101202209A0031083,5,1.0,0.0,2,0.09183673469387757
MA0101202209A0035690,5,1.0,0.0,1,0.0017699115044247787
MA0101202209A0035981,5,1.0,0.0,3,0.12682926829268293
MA0101202209A0035997,5,1.0,0.0,1,0.012422360248447204
MA0101202209A0036931,5,1.0,0.0,3,0.015629522431259046
MA0101202209A0037079,5,1.0,1.0,1,0.0011406844106463879
MA0101202209A0037644,5,1.0,1.0,1,0.0009080590238365494
MA0101202209A0037864,5,1.0,0.0,2,0.011264080100125156
MA0101202209A0038723,5,1.0,0.0,3,0.4782608695652174
MA0101202209A0039356,5,0.0,0.0,3,0.0
MA0101202209A0040113,5,1.0,1.0,3,0.0851063829787234
MA0101202209A0040561,1,1.0,0.0,3,0.08943089430894309
MA0101202209A0040788,1,0.0,0.0,0,0.0
MA0101202209A0040908,5,1.0,1.0,2,0.35467980295566504
MA0101202209A0040979,5,1.0,0.0,1,0.0035567715458276333
MA0101202209A0041980,5,1.0,1.0,2,0.004975124378109453
MA0101202209A0042449,5,0.0,0.0,1,0.03333333333333333
MA0101202209A0042660,1,1.0,0.0,4,0.21348314606741572
MA0101202209A0043564,1,0.0,0.0,5,0.2208237986270023
MA0101202209A0044030,1,0.0,0.0,5,0.050697084917617236
MA0101202209A0044232,5,1.0,1.0,3,0.017879948914431672
MA0101202209A0044265,5,0.0,0.0,1,0.0011278195488721803
MA0101202209A0044806,1,1.0,0.0,5,1.0
MA0101202209A0045489,5,1.0,0.0,0,0.0
MA0101202209A0048265,5,1.0,0.0,3,0.0
MA0101202209A0049182,5,1.0,0.0,1,0.0023391812865497076
MA0101202209A0049646,5,1.0,0.0,5,0.4324483775811209
MA0101202209A0049760,5,1.0,0.0,2,0.015444015444015444
MA0101202209A0050358,5,1.0,1.0,3,0.013688212927756654
MA0101202209A0051823,1,0.0,1.0,5,0.2564705882352941
MA0101202209A0051854,5,1.0,0.0,3,0.2245841035120148
MA0101202209A0051933,5,1.0,0.0,2,0.04666666666666666
MA0101202209A0053228,5,1.0,0.0,0,0.0
MA0101202209A0053291,5,1.0,0.0,1,0.0018879798615481435
MA0101202209A0053607,1,1.0,1.0,3,0.09375
MA0101202209A0053766,5,,,3,0.5413533834586466
MA0101202209A0053829,5,0.0,0.0,1,0.004044489383215369
MA0101202209A0053852,5,1.0,0.0,3,0.0
MA0101202209A0054131,5,1.0,0.0,2,0.01810385898046689
MA0101202209A0054637,1,1.0,1.0,5,1.0
MA0101202209A0055433,5,1.0,0.0,3,0.014044943820224719
MA0101202209A0055902,5,1.0,0.0,1,0.05067567567567567
MA0101202209A0056225,1,1.0,0.0,0,0.0
MA0101202209A0056690,1,1.0,0.0,0,0.0
MA0101202209A0056913,5,1.0,0.0,3,1.0
MA0101202209A0057758,5,1.0,0.0,2,0.21010101010101012
MA0101202209A0058198,5,1.0,0.0,2,0.00532319391634981
MA0101202209A0059380,5,1.0,0.0,2,0.026776519052523175
MA0101202209A0059708,5,1.0,0.0,3,0.05968586387434555
MA0101202209A0060182,5,1.0,0.0,1,0.021993127147766325
MA0101202209A0060230,5,0.0,0.0,3,0.03911845730027548
MA0101202209A0060428,5,1.0,0.0,2,0.0025806451612903226
MA0101202209A0061241,5,1.0,0.0,2,0.1680672268907563
MA0101202209A0061331,5,1.0,0.0,3,0.012350443844075645
MA0101202209A0062660,5,0.0,0.0,1,0.0016084443327469215
MA0101202209A0063396,5,1.0,0.0,1,0.004555808656036446
MA0101202209A0063458,5,1.0,0.0,1,0.00024067388688327318
MA0101202209A0063657,1,1.0,1.0,5,1.0
MA0101202209A0064171,5,1.0,1.0,3,0.030853994490358125
MA0101202209A0064771,5,1.0,0.0,2,0.07897727272727273
MA0101202209A0066233,4,1.0,0.0,3,0.0
MA0101202209A0066461,5,1.0,1.0,4,0.028211586901763227
MA0101202209A0066791,5,1.0,0.0,3,0.018338727076591153
MA0101202209A0067249,5,1.0,0.0,1,0.0
MA0101202209A0068191,5,1.0,0.0,3,0.004112875585513539
MA0101202209A0068605,5,1.0,1.0,3,0.0
MA0101202209A0069201,5,1.0,0.0,3,0.34782608695652173
MA0101202209A0069336,5,0.0,0.0,5,0.08181246066708622
MA0101202209A0070165,5,1.0,0.0,2,0.09954751131221719
MA0101202209A0070347,1,1.0,1.0,5,0.6392045454545454
MA0101202209A0070642,1,1.0,0.0,0,0.0
MA0101202209A0071368,5,1.0,0.0,1,0.003460207612456748
MA0101202209A0071591,5,0.0,0.0,2,0.0192243950944647
MA0101202209A0071725,5,1.0,0.0,1,0.003203661327231121
MA0101202209A0071849,5,1.0,0.0,5,0.5
MA0101202209A0073736,5,1.0,0.0,4,0.12605042016806722
MA0101202209A0074027,5,1.0,0.0,4,0.032699619771863114
MA0101202209A0074324,5,1.0,1.0,5,1.0
MA0101202209A0074337,5,1.0,1.0,3,1.0
MA0101202209A0074450,1,1.0,0.0,3,0.0
MA0101202209A0076123,5,1.0,0.0,1,0.07636363636363637
MA0101202209A0077729,1,1.0,1.0,3,1.0
MA0101202209A0077771,1,1.0,0.0,1,0.08503401360544217
MA0101202209A0078002,5,1.0,0.0,1,0.0004761904761904762
MA0101202209A0078721,5,1.0,0.0,5,1.0
MA0101202209A0079458,5,1.0,0.0,3,0.07407407407407407
MA0101202209A0079527,1,1.0,0.0,3,1.0
MA0101202209A0080944,5,1.0,1.0,5,1.0
MA0101202209A0082802,5,0.0,0.0,5,0.29366391184573
MA0101202209A0083775,5,1.0,0.0,1,0.0012924071082390954
MA0101202209A0083784,5,1.0,0.0,4,0.052091418714963346
MA0101202209A0085487,5,1.0,0.0,1,0.000333889816360601
MA0101202209A0085503,5,0.0,0.0,2,0.022727272727272728
MA0101202209A0085670,1,1.0,1.0,5,1.0
MA0101202209A0085988,5,1.0,0.0,1,0.02090032154340836
MA0101202209A0086486,5,1.0,1.0,2,0.05185185185185185
MA0101202209A0086786,5,1.0,1.0,5,0.26644182124789206
MA0101202209A0086956,5,1.0,1.0,1,0.009090909090909092
MA0101202209A0087919,1,1.0,0.0,3,0.3125
MA0101202209A0088199,5,1.0,0.0,4,0.05416149068322981
MA0101202209A0088428,5,1.0,0.0,0,0.0
MA0101202209A0088604,5,1.0,0.0,3,0.0671875
MA0101202209A0088853,1,1.0,0.0,5,1.0
MA0101202209A0088960,5,0.0,0.0,1,0.0038323353293413178
MA0101202209A0089251,5,1.0,0.0,2,0.009885931558935362
MA0101202209A0089424,5,1.0,0.0,4,0.2767857142857143
MA0101202209A0090451,5,1.0,0.0,0,0.0
MA0101202209A0091300,1,1.0,1.0,5,1.0
MA0101202209A0091384,5,1.0,0.0,2,0.06923076923076923
MA0101202209A0092063,5,1.0,0.0,5,0.08212927756653993
MA0101202209A0092253,5,0.0,0.0,0,0.0
MA0101202209A0092568,5,1.0,1.0,3,0.0
MA0101202209A0093438,5,1.0,0.0,3,0.00535931790499391
MA0101202209A0093750,5,1.0,0.0,4,0.017689627445725005
MA0101202209A0094015,5,0.0,1.0,5,1.0
MA0101202209A0095254,5,1.0,0.0,3,0.007786429365962181
MA0101202209A0095543,5,0.0,0.0,3,0.023113207547169813
MA0101202209A0095700,1,0.0,0.0,1,0.03333333333333333
MA0101202209A0096628,5,1.0,0.0,1,0.0045627376425855515
MA0101202209A0096688,4,1.0,1.0,1,0.0072992700729927005
MA0101202209A0096815,5,1.0,0.0,2,0.03669724770642202
MA0101202209A0096877,5,1.0,1.0,5,0.038137540205238164
MA0101202209A0096906,5,1.0,0.0,1,0.01046831955922865
MA0101202209A0097883,5,1.0,0.0,1,0.0006600660066006601
MA0101202209A0098428,5,1.0,0.0,1,0.0022813688212927757
MA0101202209A0098659,5,1.0,0.0,2,0.024944320712694874
MA0101202209A0100605,5,1.0,0.0,3,0.0
MA0101202209A0100625,5,1.0,0.0,1,0.003521126760563381
MA0101202209A0101282,5,1.0,0.0,5,0.6099290780141845
MA0101202209A0101558,5,1.0,1.0,4,0.07704918032786885
MA0101202210A0000168,1,1.0,0.0,5,1.0
MA0101202210A0001003,1,1.0,0.0,3,0.08130081300813008
MA0101202210A0001022,5,1.0,1.0,5,1.0
MA0101202210A0001101,4,1.0,0.0,0,0.0
MA0101202210A0001484,5,1.0,1.0,4,0.06760158216468896
MA0101202210A0003246,5,1.0,0.0,4,0.02384737678855326
MA0101202210A0004973,5,1.0,0.0,3,0.003767123287671233
MA0101202210A0005194,5,1.0,0.0,3,1.0
MA0101202210A0005473,5,0.0,0.0,2,0.0008607439286812173
MA0101202210A0005870,4,1.0,1.0,4,0.003289473684210526
MA0101202210A0006399,5,1.0,0.0,2,0.11560693641618497
MA0101202210A0007106,5,1.0,0.0,2,0.06038647342995169
MA0101202210A0007203,5,1.0,0.0,0,0.0
MA0101202210A0008913,5,1.0,0.0,0,0.0
MA0101202210A0009212,5,1.0,0.0,0,0.0
MA0101202210A0009636,5,1.0,1.0,5,0.18694158075601375
MA0101202210A0009652,5,0.0,0.0,3,0.0
MA0101202210A0010781,5,1.0,0.0,1,0.008391608391608392
MA0101202210A0010958,4,1.0,0.0,4,0.175764192139738
MA0101202210A0012660,4,1.0,0.0,0,0.0
MA0101202210A0012785,5,1.0,0.0,4,0.0614050303555941
MA0101202210A0013087,5,1.0,0.0,2,0.02113821138211382
MA0101202210A0014161,4,1.0,0.0,0,0.0
MA0101202210A0014901,5,1.0,0.0,4,0.2628272251308901
MA0101202210A0014997,5,1.0,0.0,1,0.01694915254237288
MA0101202210A0015433,5,1.0,0.0,1,0.0010787486515641855
MA0101202210A0015540,5,1.0,0.0,3,0.0
MA0101202210A0016993,5,1.0,0.0,1,0.06341463414634146
MA0101202210A0019439,5,1.0,0.0,1,0.00018832391713747646
MA0101202210A0019829,5,1.0,0.0,2,0.0018662519440124418
MA0101202210A0020119,5,1.0,0.0,2,0.007397444519166107
MA0101202210A0021520,5,1.0,0.0,1,0.001639344262295082
MA0101202210A0023147,5,1.0,0.0,4,0.054279749478079335
MA0101202210A0023299,4,1.0,1.0,5,0.7794117647058824
MA0101202210A0023308,5,1.0,1.0,2,0.04285714285714286
MA0101202210A0023610,5,1.0,0.0,0,0.0
MA0101202210A0024050,5,1.0,0.0,4,0.16848137535816618
MA0101202210A0024338,5,1.0,0.0,1,0.0026143790849673205
MA0101202210A0024491,5,1.0,0.0,2,0.010684474123539232
MA0101202210A0026721,5,1.0,0.0,0,0.0
MA0101202210A0028076,5,1.0,0.0,5,0.1342534504391468
MA0101202210A0028213,5,1.0,0.0,3,0.016
MA0101202210A0030456,5,1.0,1.0,2,0.002073613271124935
MA0101202210A0030941,5,1.0,0.0,4,0.022655758338577723
MA0101202210A0031854,5,1.0,0.0,1,0.005825242718446602
MA0101202210A0032250,5,0.0,0.0,3,0.0
MA0101202210A0034058,5,1.0,0.0,1,0.019417475728155338
MA0101202210A0034673,5,1.0,0.0,4,0.136986301369863
MA0101202210A0035230,1,1.0,0.0,3,0.0
MA0101202210A0035506,5,1.0,0.0,3,0.40624999999999994
MA0101202210A0035614,5,1.0,1.0,5,0.8620689655172415
MA0101202210A0036425,1,0.0,0.0,4,0.09686609686609686
MA0101202210A0036427,5,1.0,0.0,0,0.0
MA0101202210A0036660,5,1.0,0.0,0,0.0
MA0101202210A0037077,5,1.0,0.0,0,0.0
MA0101202210A0037192,5,1.0,0.0,0,0.0
MA0101202210A0038289,5,1.0,1.0,3,0.01059322033898305
MA0101202210A0038776,5,1.0,0.0,2,0.006083650190114069
MA0101202210A0039157,5,1.0,0.0,0,0.0
MA0101202210A0039265,5,1.0,0.0,2,0.013531541833428624
MA0101202210A0039290,5,1.0,0.0,0,0.0
MA0101202210A0041742,5,1.0,0.0,2,0.0034883720930232558
MA0101202210A0041819,5,0.0,0.0,2,0.04524886877828054
MA0101202210A0042260,4,1.0,0.0,1,0.008908685968819599
MA0101202210A0042764,1,1.0,0.0,4,0.0043859649122807015
MA0101202210A0042933,4,1.0,0.0,2,0.1142384105960265
MA0101202210A0043244,5,1.0,0.0,2,0.022653721682847898
MA0101202210A0044160,5,1.0,1.0,4,0.9142857142857144
MA0101202210A0044235,5,1.0,0.0,2,0.01575757575757576
MA0101202210A0044487,5,1.0,1.0,3,1.0
MA0101202210A0044512,5,0.0,1.0,1,0.00035938903863432165
MA0101202210A0044601,5,0.0,0.0,1,0.0014044943820224719
MA0101202210A0044760,5,1.0,0.0,1,0.0012583892617449664
MA0101202210A0044894,5,1.0,0.0,1,0.00038022813688212925
MA0101202210A0046064,5,1.0,0.0,4,0.12542372881355932
MA0101202210A0046248,5,1.0,1.0,5,0.3569157392686804
MA0101202210A0046580,5,1.0,1.0,2,0.04301075268817205
MA0101202210A0046928,5,1.0,0.0,2,0.020869565217391303
MA0101202210A0047027,5,1.0,1.0,3,0.016403046280023433
MA0101202210A0047315,5,1.0,0.0,5,0.0979933110367893
MA0101202210A0047880,5,1.0,0.0,4,0.44339622641509435
MA0101202210A0048986,5,1.0,0.0,4,0.14771480804387568
MA0101202210A0049484,5,1.0,0.0,4,0.06976744186046512
MA0101202210A0050171,1,1.0,1.0,2,0.007719027402547278
MA0101202210A0050407,5,1.0,0.0,3,0.01892744479495268
MA0101202210A0050552,1,1.0,0.0,3,0.027247956403269755
MA0101202210A0051235,1,1.0,0.0,5,0.1147043961596766
MA0101202210A0052640,5,1.0,0.0,1,0.015151515151515152
MA0101202210A0053077,5,1.0,0.0,2,0.0008919521589296575
MA0101202210A0053255,5,1.0,0.0,1,0.017094017094017092
MA0101202210A0054634,5,1.0,0.0,3,0.004657016991818754
MA0101202210A0055320,5,0.0,0.0,5,0.038733252131546894
MA0101202210A0055823,5,1.0,0.0,3,0.0
MA0101202210A0056846,5,1.0,0.0,3,0.0
MA0101202210A0056985,5,1.0,0.0,1,0.02574257425742574
MA0101202210A0057010,5,0.0,0.0,1,0.00018214936247723133
MA0101202210A0058204,5,1.0,1.0,2,0.0010035122930255895
MA0101202210A0058409,5,1.0,0.0,2,0.2608695652173913
MA0101202210A0058785,5,1.0,0.0,2,0.03058510638297872
MA0101202210A0058881,5,1.0,0.0,1,0.024427480916030534
MA0101202210A0059558,5,1.0,1.0,2,0.029523809523809525
MA0101202210A0059891,5,1.0,0.0,3,0.3380281690140845
MA0101202210A0059932,5,1.0,1.0,4,0.4330827067669173
MA0101202210A0060056,5,1.0,0.0,1,0.008391608391608392
MA0101202210A0061297,5,1.0,0.0,3,0.6122448979591836
MA0101202210A0061630,5,1.0,1.0,4,0.024334600760456276
MA0101202210A0062380,5,1.0,0.0,0,0.0
MA0101202210A0064646,5,1.0,0.0,1,0.025
MA0101202210A0064661,4,1.0,0.0,4,0.03326996197718631
MA0101202210A0064766,5,1.0,1.0,5,0.03455010462683097
MA0101202210A0065835,4,1.0,0.0,2,0.01059322033898305
MA0101202210A0065861,1,1.0,0.0,3,0.06442021803766104
MA0101202210A0066117,5,1.0,0.0,1,0.0012719790497568275
MA0101202210A0067248,5,1.0,0.0,1,0.0012674271229404308
MA0101202210A0067409,5,1.0,1.0,4,0.018018018018018018
MA0101202210A0067538,5,1.0,0.0,1,0.02318840579710145
MA0101202210A0068364,5,0.0,0.0,3,0.01849148418491484
MA0101202210A0068461,4,1.0,0.0,3,0.0
MA0101202210A0068585,5,1.0,0.0,3,0.013125000000000001
MA0101202210A0068768,5,0.0,0.0,1,0.00020387359836901122
MA0101202210A0068892,5,1.0,0.0,2,0.021875
MA0101202210A0069439,1,1.0,0.0,5,0.368
MA0101202210A0069570,5,1.0,0.0,3,1.0
MA0101202210A0069909,5,1.0,1.0,5,1.0
MA0101202210A0070748,5,1.0,0.0,1,0.012587412587412588
MA0101202210A0070843,5,1.0,1.0,1,0.18227848101265823
MA0101202210A0070963,5,1.0,0.0,1,0.00813953488372093
MA0101202210A0072054,5,1.0,0.0,2,0.001098901098901099
MA0101202210A0072840,5,1.0,0.0,3,0.025714285714285717
MA0101202210A0073628,5,1.0,0.0,2,0.09459459459459459
MA0101202210A0073755,5,1.0,0.0,3,0.017681728880157174
MA0101202210A0074277,1,1.0,0.0,3,0.009550138225684845
MA0101202210A0074508,5,1.0,0.0,2,0.16
MA0101202210A0076974,4,1.0,0.0,3,0.0440771349862259
MA0101202210A0079453,5,1.0,0.0,5,0.24355735219807984
MA0101202210A0081046,5,1.0,0.0,3,1.0
MA0101202210A0083784,5,1.0,0.0,3,0.1615720524017467
MA0101202210A0084404,5,0.0,0.0,0,0.0
MA0101202210A0086863,5,1.0,1.0,3,0.25
MA0101202210A0088461,5,1.0,0.0,1,0.002745995423340961
MA0101202210A0088702,5,0.0,0.0,3,0.0018331805682859762
MA0101202210A0089278,5,1.0,0.0,2,0.010690423162583519
MA0101202210A0089507,5,1.0,0.0,5,1.0
MA0101202210A0090433,5,1.0,1.0,5,0.6722222222222222
MA0101202210A0090714,5,1.0,1.0,3,0.03755364806866952
MA0101202210A0091296,5,1.0,0.0,3,0.009354120267260579
MA0101202210A0091390,1,1.0,0.0,3,1.0
MA0101202210A0092142,5,0.0,0.0,1,0.0035511363636363635
MA0101202210A0093538,5,1.0,0.0,1,0.10256410256410256
MA0101202210A0093760,5,1.0,1.0,3,0.013122437024018746
MA0101202210A0095010,5,0.0,1.0,5,0.2778625954198473
MA0101202210A0095727,5,1.0,1.0,5,0.01452145214521452
MA0101202210A0095907,5,0.0,1.0,2,0.1111111111111111
MA0101202210A0096808,5,1.0,0.0,3,0.0
MA0101202210A0096912,5,,,0,0.0
MA0101202210A0097114,5,1.0,1.0,3,0.03018867924528302
MA0101202210A0097590,5,1.0,0.0,2,0.17027863777089786
MA0101202210A0097741,5,1.0,0.0,1,0.015527950310559004
MA0101202210A0097828,5,0.0,0.0,0,0.0
MA0101202210A0097973,5,1.0,0.0,1,0.014689265536723164
MA0101202210A0098188,4,1.0,0.0,0,0.0
MA0101202210A0098346,5,0.0,1.0,3,0.6888888888888889
MA0101202210A0099929,5,1.0,0.0,3,1.0
MA0101202210A0099966,5,1.0,1.0,4,0.19475357710651828
MA0101202210A0101100,5,1.0,0.0,0,0.0
MA0101202210A0101537,5,1.0,0.0,4,0.003535234503888758
MA0101202210A0101629,1,1.0,0.0,5,0.8752620545073375
MA0101202210A0101678,4,1.0,0.0,2,0.022935779816513763
MA0101202210A0101804,5,1.0,0.0,5,0.9826086956521739
MA0101202210B0019345,1,0.0,0.0,0,0.0
MA0101202210B0025517,1,1.0,0.0,0,0.0
MA0101202211A0000099,5,1.0,0.0,0,0.0
MA0101202211A0001610,5,0.0,0.0,0,0.0
MA0101202211A0001726,5,1.0,0.0,4,0.0044660194174757275
MA0101202211A0002076,1,1.0,0.0,3,0.14285714285714285
MA0101202211A0002362,5,1.0,1.0,2,0.005038078500292911
MA0101202211A0003385,5,1.0,0.0,2,0.002432596797080884
MA0101202211A0003491,5,1.0,0.0,2,0.02058823529411765
MA0101202211A0003777,5,1.0,0.0,2,0.005056179775280899
MA0101202211A0003985,5,1.0,0.0,4,0.15692821368948248
MA0101202211A0004267,5,1.0,0.0,4,0.2918918918918919
MA0101202211A0004584,5,0.0,0.0,0,0.0
MA0101202211A0007560,5,0.0,0.0,0,0.0
MA0101202211A0008515,5,1.0,0.0,3,0.16999999999999998
MA0101202211A0008752,5,1.0,0.0,5,0.22850742089050682
MA0101202211A0008974,5,1.0,0.0,1,0.08689138576779026
MA0101202211A0008999,1,1.0,0.0,0,0.0
MA0101202211A0009054,5,1.0,0.0,5,0.07539161192521475
MA0101202211A0010910,5,1.0,0.0,3,1.0
MA0101202211A0012769,5,0.0,1.0,2,0.0016217311980539226
MA0101202211A0013079,4,1.0,0.0,2,0.0005989817310572028
MA0101202211A0013385,5,1.0,1.0,3,0.0
MA0101202211A0013702,1,1.0,0.0,2,0.0057306590257879654
MA0101202211A0013837,5,1.0,0.0,1,0.00038784744667097606
MA0101202211A0013881,5,0.0,0.0,3,0.08983050847457627
MA0101202211A0014494,5,1.0,0.0,3,0.0036659877800407333
MA0101202211A0015520,5,1.0,0.0,5,0.12599565532223025
MA0101202211A0015554,5,1.0,0.0,1,0.1829268292682927
MA0101202211A0015730,5,1.0,1.0,3,0.13513513513513514
MA0101202211A0015963,5,1.0,0.0,3,0.026765799256505577
MA0101202211A0018132,5,1.0,0.0,2,0.054010349288486414
MA0101202211A0018201,5,0.0,0.0,1,0.0005852842809364548
MA0101202211A0018468,5,1.0,0.0,1,0.0027504911591355596
MA0101202211A0018560,1,1.0,0.0,0,0.0
MA0101202211A0019947,5,1.0,0.0,3,0.34615384615384615
MA0101202211A0020805,5,1.0,0.0,2,0.0044720496894409935
MA0101202211A0021182,5,1.0,0.0,1,0.05217391304347826
MA0101202211A0022506,5,1.0,1.0,5,0.2699806780256455
MA0101202211A0024811,5,1.0,0.0,4,0.008144796380090498
MA0101202211A0025676,5,1.0,0.0,3,1.0
MA0101202211A0026628,5,1.0,0.0,3,0.0
MA0101202211A0029098,5,1.0,0.0,2,0.00226027397260274
MA0101202211A0029659,5,1.0,0.0,3,0.6522988505747126
MA0101202211A0029867,5,1.0,0.0,0,0.0
MA0101202211A0029931,5,1.0,0.0,3,0.06952380952380952
MA0101202211A0030001,5,0.0,0.0,0,0.0
MA0101202211A0030186,5,1.0,0.0,0,0.0
MA0101202211A0030864,5,1.0,0.0,5,0.418848167539267
MA0101202211A0031043,5,1.0,0.0,2,0.02268041237113402
MA0101202211A0031239,5,1.0,0.0,5,0.09130033814940056
MA0101202211A0031240,5,1.0,0.0,1,0.0008800880088008802
MA0101202211A0031408,5,1.0,0.0,2,0.0047694753577106515
MA0101202211A0032637,5,1.0,0.0,2,0.0029520295202952033
MA0101202211A0032661,5,1.0,0.0,0,0.0
MA0101202211A0034219,5,1.0,0.0,2,0.004728132387706856
MA0101202211A0034555,5,1.0,0.0,5,0.7175226586102719
MA0101202211A0034752,5,1.0,0.0,3,0.012927756653992395
MA0101202211A0034953,5,1.0,1.0,1,0.00048661800486618007
MA0101202211A0035041,1,1.0,0.0,3,0.0
MA0101202211A0035471,5,1.0,0.0,2,0.030666666666666665
MA0101202211A0036072,5,1.0,1.0,3,1.0
MA0101202211A0036621,5,0.0,0.0,3,0.039549002601908065
MA0101202211A0036663,1,1.0,0.0,4,0.06691449814126393
MA0101202211A0037251,5,1.0,0.0,5,0.190625
MA0101202211A0037779,5,1.0,0.0,4,0.7936117936117935
MA0101202211A0038283,1,1.0,0.0,4,0.19457013574660634
MA0101202211A0040081,5,1.0,1.0,2,0.04666666666666666
MA0101202211A0040197,5,1.0,0.0,3,0.041379310344827586
MA0101202211A0041130,1,1.0,0.0,4,0.4246411483253589
MA0101202211A0041158,5,1.0,0.0,4,0.019906687402799376
MA0101202211A0042380,5,1.0,0.0,5,1.0
MA0101202211A0042681,5,1.0,0.0,4,0.18620689655172412
MA0101202211A0042912,5,1.0,0.0,1,0.007553956834532374
MA0101202211A0043391,5,0.0,1.0,3,1.0
MA0101202211A0045070,5,1.0,1.0,1,0.016363636363636365
MA0101202211A0045208,5,1.0,0.0,2,0.011552346570397113
MA0101202211A0045588,5,1.0,1.0,3,0.029801324503311258
MA0101202211A0045679,5,0.0,0.0,5,0.5057034220532319
MA0101202211A0047318,5,1.0,0.0,3,0.010874704491725767
MA0101202211A0047648,5,1.0,0.0,2,0.015977961432506887
MA0101202211A0047711,5,1.0,1.0,4,0.05241090146750524
MA0101202211A0048114,5,1.0,0.0,5,1.0
MA0101202211A0048599,5,1.0,0.0,5,0.2013452914798206
MA0101202211A0049067,5,1.0,0.0,1,0.036065573770491806
MA0101202211A0050204,5,1.0,0.0,3,0.0
MA0101202211A0051216,5,1.0,0.0,3,0.2727272727272727
MA0101202211A0051970,1,1.0,0.0,4,0.04878048780487805
MA0101202211A0052026,5,1.0,0.0,4,0.16859504132231404
MA0101202211A0052041,5,1.0,1.0,1,0.015527950310559004
MA0101202211A0052946,5,1.0,0.0,2,0.007119386637458927
MA0101202211A0053221,5,1.0,0.0,4,0.16712871287128714
MA0101202211A0054616,5,0.0,1.0,4,0.7297297297297297
MA0101202211A0055080,5,1.0,0.0,1,0.020338983050847456
MA0101202211A0056277,5,1.0,0.0,1,0.00020366598778004074
MA0101202211A0057048,5,1.0,0.0,4,0.030418250950570342
MA0101202211A0057196,5,1.0,0.0,1,0.0017191977077363897
MA0101202211A0057754,5,1.0,0.0,0,0.0
MA0101202211A0058047,5,1.0,1.0,2,0.007203389830508475
MA0101202211A0058520,5,1.0,0.0,2,0.024242424242424242
MA0101202211A0059810,5,1.0,0.0,2,0.02464183381088825
MA0101202211A0060251,5,1.0,0.0,2,0.09183673469387757
MA0101202211A0060542,5,1.0,0.0,0,0.0
MA0101202211A0061468,5,1.0,0.0,1,0.015056461731493099
MA0101202211A0062012,5,1.0,1.0,5,0.09657794676806084
MA0101202211A0063780,5,1.0,0.0,3,0.13103448275862067
MA0101202211A0065834,4,1.0,0.0,3,0.10393258426966293
MA0101202211A0066583,4,1.0,0.0,5,1.0
MA0101202211A0067163,5,1.0,0.0,0,0.0
MA0101202211A0067745,5,1.0,0.0,4,0.18534653465346534
MA0101202211A0068102,5,1.0,0.0,3,0.03286697757050855
MA0101202211A0069149,5,1.0,0.0,4,0.10731707317073172
MA0101202211A0070213,5,1.0,0.0,4,0.06857142857142857
MA0101202211A0070217,1,0.0,0.0,0,0.0
MA0101202211A0070229,5,1.0,0.0,4,0.6229508196721312
MA0101202211A0071318,5,1.0,0.0,0,0.0
MA0101202211A0072005,5,1.0,1.0,3,1.0
MA0101202211A0072699,5,1.0,0.0,0,0.0
MA0101202211A0073610,5,1.0,0.0,3,0.01446808510638298
MA0101202211A0073756,1,0.0,0.0,0,0.0
MA0101202211A0074437,5,1.0,0.0,3,0.01503267973856209
MA0101202211A0075849,5,1.0,0.0,3,0.013370998116760829
MA0101202211A0076542,5,1.0,0.0,1,0.0011993283761093788
MA0101202211A0076598,5,1.0,0.0,3,0.00021936696960200562
MA0101202211A0076619,5,0.0,1.0,5,0.6897506925207756
MA0101202211A0078187,5,0.0,0.0,4,0.6939393939393939
MA0101202211A0078360,5,1.0,0.0,1,0.005235602094240838
MA0101202211A0079423,5,1.0,0.0,1,0.0
MA0101202211A0079561,5,1.0,0.0,3,0.03790849673202614
MA0101202211A0079827,1,1.0,0.0,5,0.6397849462365591
MA0101202211A0081007,5,1.0,0.0,4,0.10080321285140563
MA0101202211A0082270,5,1.0,0.0,3,1.0
MA0101202211A0082284,5,1.0,1.0,5,0.12699619771863116
MA0101202211A0083856,5,1.0,0.0,4,0.032033963720571206
MA0101202211A0084023,1,1.0,0.0,5,1.0
MA0101202211A0084042,5,1.0,0.0,4,0.032697343808454925
MA0101202211A0084165,5,0.0,0.0,5,1.0
MA0101202211A0084245,5,1.0,0.0,1,0.0028089887640449437
MA0101202211A0084344,5,1.0,0.0,1,0.008490566037735849
MA0101202211A0084443,5,1.0,0.0,3,0.026845637583892617
MA0101202211A0085400,5,1.0,0.0,5,0.17616279069767443
MA0101202211A0085985,5,1.0,1.0,1,0.004878048780487805
MA0101202211A0087368,5,0.0,0.0,5,0.15962441314553993
MA0101202211A0087493,5,1.0,0.0,3,0.051655629139072845
MA0101202211A0088020,5,1.0,0.0,2,0.10655737704918034
MA0101202211A0089302,5,1.0,1.0,2,0.004849498327759197
MA0101202211A0089983,1,1.0,1.0,3,0.006600660066006601
MA0101202211A0090179,5,1.0,1.0,1,0.0019801980198019802
MA0101202211A0090541,5,1.0,0.0,3,1.0
MA0101202211A0091334,1,1.0,0.0,3,0.01904761904761905
MA0101202211A0091887,5,1.0,0.0,2,0.025454545454545452
MA0101202211A0092202,5,0.0,1.0,4,0.04932735426008969
MA0101202211A0092746,1,1.0,0.0,3,0.0438865074505001
MA0101202211A0092786,5,1.0,0.0,5,1.0
MA0101202211A0094462,1,0.0,0.0,0,0.0
MA0101202211A0094712,5,1.0,0.0,1,0.009836065573770491
MA0101202211A0095055,5,1.0,1.0,1,0.0029739776951672866
MA0101202211A0095072,5,1.0,0.0,3,0.007351077313054499
MA0101202211A0095150,5,1.0,0.0,0,0.0
MA0101202211A0095660,5,1.0,0.0,1,0.0071174377224199285
MA0101202211A0095984,5,1.0,1.0,4,0.1267605633802817
MA0101202211A0096342,5,1.0,0.0,2,0.057971014492753624
MA0101202211A0096591,5,1.0,0.0,3,0.040979955456570155
MA0101202211A0097057,5,1.0,0.0,3,0.4085106382978723
MA0101202211A0097226,1,1.0,0.0,4,0.07575757575757576
MA0101202211A0097380,5,1.0,0.0,3,0.01059322033898305
MA0101202211A0097382,5,1.0,0.0,2,0.05254237288135594
MA0101202211A0097645,5,1.0,0.0,1,0.007633587786259542
MA0101202211A0098826,5,,,5,0.663265306122449
MA0101202211A0099165,5,1.0,0.0,5,0.3218543046357616
MA0101202211A0099503,5,1.0,0.0,1,0.0
MA0101202211A0100558,5,1.0,0.0,4,0.6129032258064515
MA0101202211A0100611,5,1.0,1.0,1,0.0005676059193188729
MA0101202211A0100852,5,1.0,0.0,4,0.15403422982885084
MA0101202211A0102294,5,1.0,0.0,2,0.01855592966704078
MA0101202211A0102296,5,1.0,0.0,4,0.03295225285810357
MA0101202211A0102495,1,1.0,0.0,5,0.07077393075356415
MA0101202211A0102519,5,1.0,1.0,5,0.16577946768060836
MA0101202211B0010600,1,1.0,0.0,0,0.0
MA0101202212A0000821,5,1.0,0.0,5,0.19688363910530282
MA0101202212A0000941,5,1.0,0.0,3,0.020455422616750287
MA0101202212A0002461,4,1.0,0.0,2,0.009191176470588236
MA0101202212A0003483,5,1.0,0.0,3,0.03972758229284904
MA0101202212A0003994,5,1.0,0.0,2,0.02556390977443609
MA0101202212A0004613,5,1.0,1.0,3,0.09310058187863673
MA0101202212A0004648,5,1.0,1.0,4,0.38947368421052636
MA0101202212A0004962,5,1.0,0.0,3,0.37974683544303794
MA0101202212A0005429,5,1.0,0.0,1,0.0017699115044247787
MA0101202212A0005509,5,1.0,0.0,2,0.01394335511982571
MA0101202212A0006537,5,1.0,1.0,4,0.006670341786108048
MA0101202212A0006722,5,1.0,0.0,1,0.024999999999999998
MA0101202212A0006951,5,1.0,0.0,1,0.007981755986316988
MA0101202212A0007456,5,1.0,1.0,2,0.009883720930232558
MA0101202212A0008356,5,1.0,1.0,3,1.0
MA0101202212A0009226,5,1.0,0.0,1,0.004089219330855019
MA0101202212A0010112,5,1.0,0.0,0,0.0
MA0101202212A0010335,5,1.0,0.0,0,0.0
MA0101202212A0010681,5,1.0,0.0,3,0.16595744680851063
MA0101202212A0011805,5,1.0,1.0,1,0.006218076837663779
MA0101202212A0011819,5,1.0,0.0,3,0.09009009009009009
MA0101202212A0012117,5,1.0,0.0,5,0.25496688741721857
MA0101202212A0012226,5,1.0,0.0,2,0.02
MA0101202212A0012852,5,0.0,0.0,0,0.0
MA0101202212A0013593,5,0.0,0.0,4,0.14754098360655737
MA0101202212A0014339,5,1.0,0.0,1,0.018487394957983194
MA0101202212A0014491,5,1.0,0.0,1,0.0061068702290076335
MA0101202212A0014500,5,1.0,0.0,4,0.02509505703422053
MA0101202212A0014964,5,1.0,0.0,1,0.05500000000000001
MA0101202212A0015217,5,1.0,1.0,3,1.0
MA0101202212A0016137,5,1.0,0.0,3,0.017133956386292837
MA0101202212A0017466,5,1.0,0.0,4,0.007865396310561525
MA0101202212A0018284,5,1.0,0.0,2,0.015827338129496403
MA0101202212A0019458,5,0.0,1.0,4,0.5114942528735633
MA0101202212A0019530,5,1.0,0.0,0,0.0
MA0101202212A0019949,5,1.0,0.0,2,0.006700167504187605
MA0101202212A0020329,1,1.0,0.0,3,0.2413793103448276
MA0101202212A0021251,5,1.0,0.0,1,0.00015052684395383843
MA0101202212A0022115,5,1.0,0.0,2,0.004558404558404559
MA0101202212A0022309,5,1.0,0.0,2,0.008533333333333334
MA0101202212A0022492,5,1.0,0.0,0,0.0
MA0101202212A0022708,5,1.0,0.0,2,0.0014258071086668703
MA0101202212A0023169,5,1.0,0.0,2,0.006138933764135703
MA0101202212A0024027,5,1.0,1.0,4,0.20116279069767443
MA0101202212A0024193,1,1.0,1.0,2,0.006355932203389831
MA0101202212A0024451,5,1.0,0.0,3,0.02783389450056117
MA0101202212A0024581,1,0.0,0.0,0,0.0
MA0101202212A0024659,1,1.0,0.0,3,0.0
MA0101202212A0024690,5,1.0,0.0,2,0.04938271604938272
MA0101202212A0025421,5,1.0,0.0,3,0.012570595736928404
MA0101202212A0025489,5,1.0,1.0,1,0.014492753623188406
MA0101202212A0027177,5,1.0,0.0,2,0.02926829268292683
MA0101202212A0027223,1,1.0,1.0,4,0.16071428571428573
MA0101202212A0027763,5,1.0,0.0,3,0.040253565768621234
MA0101202212A0028110,5,1.0,0.0,5,0.08998060762766645
MA0101202212A0028497,5,1.0,0.0,3,0.03794133145968734
MA0101202212A0028547,5,1.0,0.0,2,0.004661016949152543
MA0101202212A0028911,5,1.0,0.0,1,0.03636363636363637
MA0101202212A0031398,5,,,0,0.0
MA0101202212A0031494,5,1.0,0.0,1,0.0030418250950570345
MA0101202212A0032922,5,1.0,0.0,3,0.030508474576271188
MA0101202212A0032985,5,1.0,0.0,1,0.0005717552887364208
MA0101202212A0032989,5,1.0,1.0,3,0.009314033983637508
MA0101202212A0033040,5,1.0,0.0,1,0.018518518518518517
MA0101202212A0033632,5,1.0,0.0,0,0.0
MA0101202212A0034063,5,1.0,0.0,0,0.0
MA0101202212A0034475,1,1.0,0.0,1,0.0029069767441860465
MA0101202212A0034577,5,1.0,1.0,2,0.00953090096798213
MA0101202212A0034736,5,1.0,0.0,1,0.0014209591474245117
MA0101202212A0034826,5,0.0,0.0,3,0.02519058667550547
MA0101202212A0036025,5,1.0,0.0,3,0.0
MA0101202212A0036747,5,1.0,0.0,1,0.014678899082568808
MA0101202212A0037080,5,1.0,0.0,0,0.0
MA0101202212A0037529,5,1.0,0.0,3,0.04827586206896552
MA0101202212A0037621,5,1.0,1.0,3,0.5555555555555556
MA0101202212A0038605,5,1.0,0.0,3,0.014492753623188406
MA0101202212A0039159,5,1.0,0.0,1,0.0
MA0101202212A0039773,5,1.0,0.0,0,0.0
MA0101202212A0039912,5,1.0,1.0,2,0.0783132530120482
MA0101202212A0041419,5,1.0,0.0,1,0.0016362492133417245
MA0101202212A0041495,5,1.0,0.0,3,0.023965141612200435
MA0101202212A0041848,5,1.0,0.0,2,0.022222222222222223
MA0101202212A0041874,4,1.0,0.0,3,0.005498770862983568
MA0101202212A0041993,5,1.0,0.0,1,0.007713498622589531
MA0101202212A0042645,5,1.0,0.0,5,1.0
MA0101202212A0042859,5,0.0,0.0,0,0.0
MA0101202212A0043397,5,1.0,1.0,4,0.04106463878326996
MA0101202212A0043957,5,1.0,0.0,3,0.03081395348837209
MA0101202212A0044403,1,1.0,0.0,0,0.0
MA0101202212A0044602,5,1.0,0.0,0,0.0
MA0101202212A0044811,5,1.0,0.0,3,0.06741573033707865
MA0101202212A0044967,5,1.0,0.0,4,0.04032258064516129
MA0101202212A0045718,5,0.0,1.0,3,0.0
MA0101202212A0046003,5,1.0,1.0,2,0.029370629370629373
MA0101202212A0046024,5,1.0,0.0,1,0.0009153318077803204
MA0101202212A0046769,1,0.0,0.0,0,0.0
MA0101202212A0048257,5,1.0,1.0,1,0.007672634271099744
MA0101202212A0049690,5,1.0,0.0,2,0.004519774011299435
MA0101202212A0049734,5,1.0,1.0,1,0.0015103838892385148
MA0101202212A0050391,5,1.0,0.0,3,0.012087912087912087
MA0101202212A0050758,5,1.0,1.0,4,0.22181818181818183
MA0101202212A0050776,5,0.0,0.0,1,0.0005617977528089888
MA0101202212A0050797,4,1.0,1.0,3,0.07236842105263158
MA0101202212A0051022,5,1.0,1.0,4,0.09656652360515021
MA0101202212A0051177,5,1.0,0.0,5,0.3548387096774194
MA0101202212A0052453,5,1.0,0.0,0,0.0
MA0101202212A0052531,5,1.0,0.0,2,0.024390243902439025
MA0101202212A0052774,5,1.0,0.0,3,0.010824417872876023
MA0101202212A0052855,5,1.0,0.0,3,0.030182133564614046
MA0101202212A0053109,5,1.0,0.0,1,0.0010256410256410256
MA0101202212A0053509,5,0.0,0.0,1,0.002508361204013378
MA0101202212A0053853,5,1.0,0.0,0,0.0
MA0101202212A0054698,5,1.0,0.0,0,0.0
MA0101202212A0055939,4,1.0,0.0,1,0.0
MA0101202212A0056493,5,1.0,0.0,5,0.4875
MA0101202212A0056861,5,1.0,0.0,1,0.007619047619047619
MA0101202212A0057329,5,1.0,0.0,3,0.0018867924528301887
MA0101202212A0057555,5,1.0,0.0,1,0.0016084443327469215
MA0101202212A0059727,5,1.0,0.0,3,0.0
MA0101202212A0059839,5,1.0,0.0,4,0.03431472081218274
MA0101202212A0061055,5,1.0,0.0,1,0.0015999999999999999
MA0101202212A0061986,5,1.0,0.0,5,0.19285506825442927
MA0101202212A0062294,5,1.0,0.0,0,0.0
MA0101202212A0063472,4,1.0,0.0,1,0.0
MA0101202212A0063765,1,1.0,0.0,0,0.0
MA0101202212A0064032,5,1.0,0.0,3,0.06299212598425197
MA0101202212A0064543,5,1.0,0.0,1,0.06666666666666667
MA0101202212A0065362,5,0.0,1.0,4,0.07791614303667314
MA0101202212A0065543,5,1.0,0.0,1,0.02645669291338583
MA0101202212A0066614,5,1.0,0.0,1,0.0027334851936218676
MA0101202212A0066743,1,1.0,0.0,3,0.7305389221556886
MA0101202212A0067184,5,1.0,1.0,1,0.0023411371237458192
MA0101202212A0067813,5,1.0,0.0,0,0.0
MA0101202212A0067883,5,1.0,0.0,3,0.028609625668449195
MA0101202212A0068611,5,1.0,0.0,4,0.029530201342281882
MA0101202212A0069021,5,1.0,0.0,3,1.0
MA0101202212A0069160,5,1.0,1.0,4,0.20310478654592495
MA0101202212A0069165,5,1.0,0.0,3,0.1572123176661264
MA0101202212A0069666,5,1.0,0.0,2,0.006299212598425198
MA0101202212A0069809,5,1.0,0.0,2,0.54
MA0101202212A0069910,5,1.0,0.0,3,0.029001367989056087
MA0101202212A0070824,5,1.0,0.0,4,0.1733333333333333
MA0101202212A0071100,5,1.0,0.0,1,0.0018115942028985507
MA0101202212A0072763,5,1.0,0.0,4,0.25284090909090906
MA0101202212A0073987,5,1.0,1.0,4,0.11707317073170731
MA0101202212A0074092,5,1.0,0.0,1,0.00953206239168111
MA0101202212A0074728,5,1.0,0.0,5,1.0
MA0101202212A0075559,5,1.0,0.0,1,0.0012674271229404308
MA0101202212A0077108,5,0.0,0.0,0,0.0
MA0101202212A0077510,5,1.0,1.0,1,0.054901960784313725
MA0101202212A0077732,5,1.0,0.0,5,1.0
MA0101202212A0080752,5,1.0,0.0,3,0.019101123595505618
MA0101202212A0082134,5,1.0,0.0,4,0.25833333333333336
MA0101202212A0082244,1,1.0,0.0,5,0.2087996912389039
MA0101202212A0082327,1,1.0,1.0,3,0.012711864406779662
MA0101202212A0082698,5,1.0,0.0,5,0.5499999999999999
MA0101202212A0084847,5,1.0,0.0,4,0.18253968253968253
MA0101202212A0085742,5,1.0,0.0,0,0.0
MA0101202212A0086287,5,1.0,1.0,3,0.19515151515151516
MA0101202212A0089269,5,0.0,1.0,2,0.14825581395348836
MA0101202212A0089544,5,1.0,0.0,0,0.0
MA0101202212A0089940,5,1.0,0.0,4,0.20804597701149427
MA0101202212A0090513,5,1.0,0.0,1,0.0012539184952978057
MA0101202212A0091128,5,1.0,0.0,4,0.05206812652068126
MA0101202212A0092131,5,1.0,0.0,1,0.004640371229698376
MA0101202212A0092136,5,1.0,0.0,2,0.004761904761904762
MA0101202212A0092508,5,1.0,1.0,4,0.09873663751214772
MA0101202212A0092632,5,1.0,0.0,1,0.0018161180476730988
MA0101202212A0092837,4,0.0,1.0,3,0.06578947368421052
MA0101202212A0093277,5,1.0,0.0,4,0.20105820105820105
MA0101202212A0095116,5,1.0,0.0,3,0.03011152416356877
MA0101202212A0096316,5,1.0,0.0,1,0.005361131794489948
MA0101202212A0096339,5,1.0,0.0,0,0.0
MA0101202212A0097331,1,0.0,0.0,3,0.0
MA0101202212A0097624,5,1.0,0.0,5,1.0
MA0101202212A0098047,5,1.0,0.0,3,0.03232323232323232
MA0101202212A0098243,5,1.0,0.0,3,0.0
MA0101202212A0098280,5,1.0,1.0,1,0.056179775280898875
MA0101202212A0099361,5,1.0,1.0,4,0.0819047619047619
MA0101202212A0099673,4,1.0,1.0,2,0.01566951566951567
MA0101202212A0099874,5,1.0,0.0,2,0.08235294117647059
MA0101202212A0099899,5,1.0,0.0,3,0.09000000000000001
MA0101202212A0100004,5,1.0,1.0,4,0.3791304347826087
MA0101202212A0100502,5,1.0,0.0,0,0.0
MA0101202301A0000207,5,1.0,0.0,5,1.0
MA0101202301A0000442,5,1.0,1.0,2,0.052554744525547446
MA0101202301A0000569,5,1.0,0.0,3,0.022900763358778626
MA0101202301A0000768,5,1.0,1.0,3,0.0924812030075188
MA0101202301A0001083,1,1.0,0.0,5,1.0
MA0101202301A0001713,5,1.0,0.0,0,0.0
MA0101202301A0002457,5,1.0,0.0,3,1.0
MA0101202301A0002911,5,1.0,0.0,0,0.0
MA0101202301A0005061,5,1.0,0.0,1,0.0033175355450236967
MA0101202301A0006057,5,1.0,0.0,3,0.002534246575342466
MA0101202301A0006107,5,0.0,1.0,5,0.9440860215053763
MA0101202301A0006215,5,1.0,0.0,1,0.0016958733747880158
MA0101202301A0006807,1,1.0,0.0,0,0.0
MA0101202301A0007455,5,1.0,0.0,1,0.00819672131147541
MA0101202301A0007621,5,0.0,0.0,2,0.0014578271433530025
MA0101202301A0007720,5,0.0,0.0,3,0.018469656992084433
MA0101202301A0007821,5,1.0,1.0,4,0.01553752998971781
MA0101202301A0008377,5,1.0,0.0,1,0.003469210754553339
MA0101202301A0009184,1,1.0,0.0,2,0.0019392372333548805
MA0101202301A0009607,5,1.0,0.0,3,0.02773109243697479
MA0101202301A0010022,1,0.0,0.0,1,0.0021164021164021165
MA0101202301A0010944,5,0.0,1.0,3,0.017162471395881007
MA0101202301A0011474,1,0.0,1.0,5,0.1339251254341953
MA0101202301A0011617,5,1.0,1.0,2,0.008539944903581268
MA0101202301A0011893,5,1.0,0.0,0,0.0
MA0101202301A0012968,5,1.0,0.0,3,0.009174311926605505
MA0101202301A0015125,5,1.0,0.0,1,0.034782608695652174
MA0101202301A0015130,1,1.0,0.0,3,1.0
MA0101202301A0015484,5,1.0,0.0,3,0.054098360655737705
MA0101202301A0015961,5,1.0,0.0,1,0.0015050167224080267
MA0101202301A0016776,4,0.0,0.0,3,0.01134046890927625
MA0101202301A0017259,1,1.0,0.0,5,1.0
MA0101202301A0017593,5,1.0,0.0,5,1.0
MA0101202301A0019050,5,1.0,0.0,4,0.012293144208037825
MA0101202301A0021214,5,1.0,0.0,2,0.06631762652705062
MA0101202301A0021218,5,1.0,0.0,3,0.0
MA0101202301A0021442,5,1.0,0.0,4,0.022993311036789296
MA0101202301A0023081,1,1.0,0.0,0,0.0
MA0101202301A0023976,5,1.0,1.0,1,0.06956521739130435
MA0101202301A0024944,5,1.0,1.0,5,0.16666666666666666
MA0101202301A0025571,5,1.0,0.0,2,0.054098360655737705
MA0101202301A0025680,5,1.0,0.0,0,0.0
MA0101202301A0026386,5,1.0,0.0,0,0.0
MA0101202301A0026986,5,0.0,0.0,3,0.04227642276422764
MA0101202301A0027026,5,1.0,0.0,1,0.0015050167224080267
MA0101202301A0027889,4,1.0,0.0,1,0.0031289111389236545
MA0101202301A0028256,1,1.0,0.0,5,1.0
MA0101202301A0028371,5,1.0,1.0,1,0.005625
MA0101202301A0028706,5,1.0,1.0,4,0.3348031496062992
MA0101202301A0029890,5,0.0,0.0,1,0.0002585649644473174
MA0101202301A0031008,5,1.0,0.0,3,0.2054054054054054
MA0101202301A0031149,1,0.0,0.0,5,0.24311926605504589
MA0101202301A0031195,1,1.0,1.0,5,1.0
MA0101202301A0032836,5,1.0,1.0,5,1.0
MA0101202301A0033055,5,1.0,0.0,4,0.16866425992779782
MA0101202301A0034612,5,1.0,0.0,2,0.03194444444444444
MA0101202301A0036398,5,1.0,0.0,1,0.002797202797202797
MA0101202301A0038746,5,1.0,1.0,5,0.3697749196141479
MA0101202301A0039255,5,1.0,0.0,3,0.026905829596412554
MA0101202301A0040171,5,1.0,1.0,3,0.021505376344086023
MA0101202301A0040174,5,1.0,1.0,4,0.24363636363636365
MA0101202301A0041099,5,1.0,0.0,3,0.028374655647382924
MA0101202301A0041508,5,1.0,0.0,2,0.0356020942408377
MA0101202301A0041916,5,1.0,0.0,3,0.007521367521367522
MA0101202301A0042462,5,1.0,0.0,1,0.0191304347826087
MA0101202301A0044381,5,1.0,0.0,1,0.023255813953488375
MA0101202301A0046428,5,1.0,0.0,4,0.19970845481049562
MA0101202301A0046669,4,1.0,0.0,5,0.11263425664217072
MA0101202301A0047383,5,1.0,1.0,1,0.00021367521367521368
MA0101202301A0049313,5,1.0,0.0,1,0.017543859649122806
MA0101202301A0050433,1,1.0,0.0,5,1.0
MA0101202301A0053061,5,1.0,0.0,0,0.0
MA0101202301A0053239,1,1.0,0.0,2,0.09090909090909091
MA0101202301A0053490,5,1.0,0.0,5,0.7640449438202247
MA0101202301A0054143,1,0.0,0.0,0,0.0
MA0101202301A0054760,5,1.0,1.0,4,0.11764705882352941
MA0101202301A0055405,5,0.0,0.0,4,0.08732782369146005
MA0101202301A0055967,5,1.0,0.0,4,0.0066490979120210816
MA0101202301A0056905,5,1.0,0.0,3,0.0
MA0101202301A0056937,5,1.0,0.0,1,0.005250596658711217
MA0101202301A0056985,5,1.0,0.0,2,0.0281786941580756
MA0101202301A0057417,5,1.0,0.0,1,0.0
MA0101202301A0058447,5,1.0,0.0,3,0.009172037679722361
MA0101202301A0058787,5,1.0,0.0,3,0.01020408163265306
MA0101202301A0059038,5,0.0,1.0,5,1.0
MA0101202301A0061238,5,1.0,0.0,1,0.048192771084337345
MA0101202301A0061589,5,1.0,0.0,5,1.0
MA0101202301A0062590,5,1.0,0.0,3,0.008633093525179856
MA0101202301A0062626,5,1.0,1.0,2,0.002592016588906169
MA0101202301A0062988,5,1.0,1.0,4,0.015655324104023805
MA0101202301A0063222,5,1.0,0.0,1,0.05981595092024539
MA0101202301A0063978,5,0.0,0.0,5,0.6891979301423027
MA0101202301A0064226,5,1.0,1.0,1,0.0
MA0101202301A0064752,5,0.0,0.0,1,0.0008609556607834697
MA0101202301A0065469,5,1.0,0.0,1,0.0016799664006719867
MA0101202301A0065672,5,1.0,0.0,5,0.9405128205128206
MA0101202301A0066348,5,1.0,0.0,4,0.08655242521057217
MA0101202301A0066461,5,1.0,0.0,3,0.0
MA0101202301A0066484,5,0.0,1.0,1,0.00020070245860511792
MA0101202301A0067942,1,1.0,0.0,3,1.0
MA0101202301A0068079,1,1.0,0.0,5,1.0
MA0101202301A0068497,1,1.0,0.0,0,0.0
MA0101202301A0068659,5,1.0,0.0,2,0.20487804878048782
MA0101202301A0069371,5,1.0,0.0,1,0.0022922636103151865
MA0101202301A0070635,5,0.0,0.0,1,0.004514672686230248
MA0101202301A0070667,5,1.0,1.0,5,1.0
MA0101202301A0070952,5,1.0,1.0,2,0.006227106227106227
MA0101202301A0071068,5,1.0,1.0,4,0.2452830188679245
MA0101202301A0071893,5,1.0,0.0,2,0.00425531914893617
MA0101202301A0072054,5,1.0,0.0,2,0.007627118644067797
MA0101202301A0072104,5,1.0,0.0,1,0.007179487179487179
MA0101202301A0072402,5,1.0,0.0,3,0.06956521739130435
MA0101202301A0072708,5,1.0,0.0,2,0.002675856476788972
MA0101202301A0074256,4,1.0,0.0,3,0.0
MA0101202301A0074963,5,1.0,0.0,4,0.1958974358974359
MA0101202301A0076007,5,1.0,0.0,0,0.0
MA0101202301A0078086,5,1.0,0.0,3,0.06815068493150685
MA0101202301A0078611,5,1.0,0.0,0,0.0
MA0101202301A0080377,5,1.0,1.0,5,1.0
MA0101202301A0080507,5,1.0,0.0,3,1.0
MA0101202301A0080819,5,1.0,0.0,4,0.008615690497887499
MA0101202301A0080918,5,1.0,0.0,3,0.0
MA0101202301A0081312,4,0.0,1.0,1,0.19736842105263158
MA0101202301A0081370,5,1.0,1.0,4,0.07636363636363637
MA0101202301A0081601,1,0.0,0.0,3,1.0
MA0101202301A0082812,5,0.0,0.0,3,0.01366279069767442
MA0101202301A0083044,5,1.0,0.0,1,0.015730337078651683
MA0101202301A0083580,5,1.0,1.0,5,1.0
MA0101202301A0084363,5,1.0,0.0,4,0.003952991452991453
MA0101202301A0084783,1,1.0,0.0,0,0.0
MA0101202301A0085251,5,0.0,1.0,1,0.0
MA0101202301A0086697,5,1.0,1.0,2,0.0061583577712609975
MA0101202301A0087222,1,1.0,0.0,3,1.0
MA0101202301A0087504,1,1.0,1.0,5,0.5739130434782609
MA0101202301A0088252,5,1.0,1.0,2,0.041379310344827586
MA0101202301A0090102,5,0.0,0.0,3,0.11545924967658475
MA0101202301A0090628,5,1.0,1.0,1,0.005347593582887701
MA0101202301A0090651,5,1.0,0.0,4,0.3090909090909091
MA0101202301A0090675,5,1.0,0.0,1,0.0005069708491761724
MA0101202301A0090753,5,1.0,0.0,1,0.0037914691943127963
MA0101202301A0091035,5,1.0,0.0,0,0.0
MA0101202301A0091199,5,1.0,0.0,2,0.005864596808969383
MA0101202301A0091850,1,1.0,0.0,1,0.007102272727272727
MA0101202301A0092818,5,1.0,0.0,2,0.10852713178294572
MA0101202301A0093344,5,1.0,0.0,1,0.0022617124394184165
MA0101202301A0093386,5,1.0,1.0,4,0.010379079667545105
MA0101202301A0093741,5,1.0,0.0,1,0.0007462686567164177
MA0101202301A0093750,5,1.0,0.0,3,0.021759697256385997
MA0101202301A0093845,5,1.0,0.0,5,0.019244823386114496
MA0101202301A0094918,5,1.0,1.0,3,0.06741573033707865
MA0101202301A0095511,1,1.0,1.0,4,0.03339882121807466
MA0101202301A0095799,5,1.0,0.0,1,0.08571428571428572
MA0101202301A0096294,5,1.0,1.0,1,0.00819672131147541
MA0101202301A0096406,5,1.0,0.0,1,0.0009375
MA0101202301A0096615,5,1.0,1.0,3,0.04293193717277487
MA0101202301A0097369,5,1.0,0.0,1,0.031578947368421054
MA0101202301A0097448,5,1.0,0.0,4,0.03605015673981191
MA0101202301A0097486,5,1.0,1.0,4,0.06553708439897699
MA0101202301A0097903,1,0.0,0.0,5,1.0
MA0101202301A0098626,1,0.0,0.0,3,0.01192368839427663
MA0101202301A0099899,5,1.0,0.0,0,0.0
MA0101202301A0100200,5,0.0,0.0,4,0.10905044510385757
MA0101202301A0100292,5,1.0,0.0,1,0.01138211382113821
MA0101202301A0100557,5,1.0,0.0,1,0.0003074085459575776
MA0101202301A0102447,5,1.0,0.0,2,0.0040752351097178684
MA0101202301A0102602,5,1.0,0.0,2,0.0588235294117647
MA0101202301A0102781,5,1.0,0.0,1,0.0019464720194647203
MA0101202301A0103400,5,1.0,0.0,2,0.10769230769230768
MA0101202301A0104964,5,1.0,0.0,2,0.0032806092560046865
MA0101202301A0105419,5,1.0,0.0,4,0.021989966555183947
MA0101202301A0106304,1,1.0,0.0,0,0.0
MA0101202301A0106529,5,0.0,0.0,1,0.00032434623961078454
MA0101202301A0108176,5,1.0,0.0,2,0.39420935412026725
MA0101202301A0109397,5,0.0,0.0,5,0.6218390804597701
MA0101202302A0000879,5,1.0,0.0,1,0.0038135593220338985
MA0101202302A0003571,5,0.0,0.0,4,0.12066115702479338
MA0101202302A0004334,5,1.0,0.0,1,0.00024325967970808838
MA0101202302A0005147,5,1.0,0.0,1,0.0038297872340425534
MA0101202302A0006689,5,1.0,0.0,5,0.13368983957219252
MA0101202302A0006819,5,1.0,0.0,4,0.010570469798657717
MA0101202302A0007248,5,1.0,1.0,2,0.013651877133105804
MA0101202302A0009087,4,1.0,0.0,1,0.010416666666666666
MA0101202302A0009371,5,1.0,1.0,3,1.0
MA0101202302A0009754,5,1.0,0.0,3,0.04180790960451978
MA0101202302A0010184,4,0.0,0.0,2,0.00446091982910279
MA0101202302A0010314,5,1.0,1.0,2,0.00423728813559322
MA0101202302A0010967,5,1.0,0.0,0,0.0
MA0101202302A0011185,5,1.0,0.0,1,0.015384615384615385
MA0101202302A0012142,5,1.0,0.0,0,0.0
MA0101202302A0012717,1,1.0,0.0,5,0.0982256020278834
MA0101202302A0013424,5,1.0,0.0,1,0.028070175438596492
MA0101202302A0013533,5,1.0,0.0,2,0.006965174129353233
MA0101202302A0013665,4,1.0,0.0,2,0.05239520958083833
MA0101202302A0013769,5,1.0,0.0,0,0.0
MA0101202302A0013882,5,1.0,1.0,3,0.23008849557522124
MA0101202302A0014094,5,1.0,1.0,2,0.006666666666666666
MA0101202302A0014430,5,1.0,0.0,1,0.07342657342657342
MA0101202302A0015251,1,1.0,1.0,5,0.40384615384615385
MA0101202302A0015736,5,1.0,0.0,4,0.38544891640866874
MA0101202302A0016345,5,1.0,0.0,0,0.0
MA0101202302A0016483,1,1.0,0.0,1,0.015625
MA0101202302A0016588,5,1.0,1.0,3,0.024734982332155476
MA0101202302A0017006,5,1.0,0.0,4,0.13546524539196092
MA0101202302A0017784,5,1.0,0.0,3,0.1477272727272727
MA0101202302A0017868,5,1.0,0.0,2,0.006205250596658712
MA0101202302A0017976,1,1.0,0.0,5,0.25711662075298436
MA0101202302A0018405,5,1.0,0.0,2,0.029629629629629627
MA0101202302A0018825,5,1.0,1.0,1,0.015037593984962405
MA0101202302A0019118,5,1.0,0.0,1,0.00980392156862745
MA0101202302A0019422,5,1.0,0.0,1,0.0005277044854881266
MA0101202302A0019861,5,1.0,0.0,1,0.002666666666666667
MA0101202302A0020080,5,1.0,0.0,1,0.005769230769230769
MA0101202302A0021744,1,1.0,0.0,1,0.00724112961622013
MA0101202302A0022036,5,1.0,1.0,5,0.12638888888888888
MA0101202302A0022340,5,0.0,0.0,3,0.026771653543307086
MA0101202302A0022567,1,0.0,0.0,0,0.0
MA0101202302A0024271,5,1.0,0.0,5,1.0
MA0101202302A0024548,5,1.0,0.0,2,0.0144
MA0101202302A0025492,4,1.0,1.0,1,0.028520499108734405
MA0101202302A0026567,5,0.0,0.0,2,0.006026689625484288
MA0101202302A0027791,5,0.0,0.0,3,0.012374581939799331
MA0101202302A0028229,1,1.0,0.0,5,0.2734375
MA0101202302A0029143,1,1.0,0.0,3,1.0
MA0101202302A0029756,5,1.0,0.0,1,0.03361344537815126
MA0101202302A0029783,5,1.0,0.0,2,0.020242914979757085
MA0101202302A0031310,5,1.0,0.0,3,0.028604118993135013
MA0101202302A0031615,1,1.0,0.0,5,1.0
MA0101202302A0032697,5,1.0,0.0,2,0.008
MA0101202302A0032832,5,1.0,1.0,4,0.39285714285714285
MA0101202302A0033510,4,1.0,1.0,5,1.0
MA0101202302A0034229,5,1.0,0.0,1,0.008818342151675485
MA0101202302A0034531,5,1.0,1.0,1,0.002840909090909091
MA0101202302A0036296,1,1.0,1.0,5,0.1571244080929832
MA0101202302A0037061,1,1.0,0.0,0,0.0
MA0101202302A0037735,5,1.0,0.0,4,0.3626373626373626
MA0101202302A0039570,5,0.0,0.0,5,0.7349177330895795
MA0101202302A0040514,5,1.0,0.0,2,0.007462686567164179
MA0101202302A0040516,5,0.0,0.0,0,0.0
MA0101202302A0040778,5,0.0,0.0,3,0.0
MA0101202302A0041228,1,1.0,1.0,5,0.09369951534733441
MA0101202302A0042410,5,1.0,1.0,4,0.02332361516034985
MA0101202302A0042919,4,1.0,0.0,4,0.1587620578778135
MA0101202302A0045189,5,1.0,0.0,3,0.32592592592592595
MA0101202302A0045191,5,1.0,0.0,1,0.00025526483726866624
MA0101202302A0046210,5,1.0,0.0,4,0.41007194244604317
MA0101202302A0048546,5,1.0,0.0,2,0.008073817762399077
MA0101202302A0049136,5,1.0,0.0,1,9.70873786407767e-05
MA0101202302A0049676,5,1.0,0.0,4,0.0593607305936073
MA0101202302A0049998,5,1.0,0.0,3,0.12115384615384615
MA0101202302A0050540,5,1.0,0.0,4,0.0033400133600534404
MA0101202302A0051684,4,1.0,0.0,3,0.03345724907063197
MA0101202302A0052138,5,1.0,0.0,2,0.011787819253438114
MA0101202302A0052590,5,1.0,0.0,1,0.0007604562737642585
MA0101202302A0052838,5,0.0,0.0,4,0.13814432989690723
MA0101202302A0052873,5,1.0,0.0,5,0.30467706013363033
MA0101202302A0056076,5,1.0,0.0,1,0.0010869565217391304
MA0101202302A0056080,5,1.0,0.0,1,0.01911764705882353
MA0101202302A0056608,5,1.0,1.0,3,0.5064102564102565
MA0101202302A0056757,1,1.0,1.0,3,0.6209150326797386
MA0101202302A0056834,5,1.0,0.0,3,0.01777594047126912
MA0101202302A0058385,5,1.0,0.0,1,0.008620689655172414
MA0101202302A0058863,5,1.0,1.0,5,0.8823529411764706
MA0101202302A0059001,5,0.0,0.0,0,0.0
MA0101202302A0059569,5,1.0,1.0,3,0.20183486238532106
MA0101202302A0059928,5,1.0,1.0,5,1.0
MA0101202302A0061731,5,0.0,0.0,2,0.0025919732441471574
MA0101202302A0061832,1,1.0,1.0,5,1.0
MA0101202302A0062281,5,1.0,0.0,1,0.006896551724137932
MA0101202302A0063077,5,0.0,0.0,0,0.0
MA0101202302A0063184,5,1.0,0.0,0,0.0
MA0101202302A0063513,5,1.0,1.0,3,0.17757009345794392
MA0101202302A0063579,5,1.0,0.0,2,0.00418041804180418
MA0101202302A0064419,5,1.0,0.0,3,0.11267605633802819
MA0101202302A0065249,1,1.0,1.0,5,0.36153846153846153
MA0101202302A0065295,5,1.0,1.0,5,0.9129411764705881
MA0101202302A0065596,5,1.0,0.0,5,0.6290076335877863
MA0101202302A0065970,5,1.0,1.0,4,0.14193548387096774
MA0101202302A0066264,5,1.0,0.0,2,0.02888888888888889
MA0101202302A0066507,5,1.0,0.0,3,0.0
MA0101202302A0067242,1,1.0,0.0,3,1.0
MA0101202302A0067476,5,1.0,1.0,3,0.36363636363636365
MA0101202302A0067510,5,0.0,0.0,0,0.0
MA0101202302A0069364,5,1.0,0.0,0,0.0
MA0101202302A0069946,5,0.0,0.0,0,0.0
MA0101202302A0070520,5,1.0,0.0,1,0.005652911249293386
MA0101202302A0070683,1,1.0,1.0,4,0.0097442143727162
MA0101202302A0070985,5,1.0,0.0,1,0.002553191489361702
MA0101202302A0071119,5,1.0,1.0,3,0.16802721088435374
MA0101202302A0072864,5,1.0,1.0,2,0.0033003300330033004
MA0101202302A0072882,5,1.0,0.0,1,0.0005676059193188729
MA0101202302A0073133,5,1.0,0.0,0,0.0
MA0101202302A0073269,5,1.0,0.0,2,0.03361344537815126
MA0101202302A0073570,5,1.0,0.0,3,0.0168123739071957
MA0101202302A0074515,5,1.0,0.0,1,0.006779661016949153
MA0101202302A0074850,5,1.0,1.0,5,0.46534653465346537
MA0101202302A0075037,5,1.0,0.0,3,0.0
MA0101202302A0077716,5,1.0,0.0,3,0.03302752293577982
MA0101202302A0078339,5,1.0,0.0,2,0.011895910780669147
MA0101202302A0078446,5,1.0,0.0,3,0.03577235772357724
MA0101202302A0078899,5,1.0,0.0,3,1.0
MA0101202302A0079109,5,1.0,0.0,4,0.17049180327868854
MA0101202302A0080343,5,1.0,0.0,5,0.5828947368421052
MA0101202302A0081630,5,1.0,0.0,3,0.0
MA0101202302A0081954,5,1.0,0.0,1,0.00042553191489361707
MA0101202302A0082484,5,1.0,0.0,3,0.0
MA0101202302A0082981,5,1.0,0.0,3,0.005280528052805281
MA0101202302A0083526,5,1.0,0.0,1,0.008264462809917356
MA0101202302A0085350,5,1.0,0.0,0,0.0
MA0101202302A0086212,5,1.0,0.0,0,0.0
MA0101202302A0086330,5,1.0,1.0,1,0.0
MA0101202302A0086773,5,1.0,0.0,3,0.10243055555555554
MA0101202302A0087448,5,1.0,0.0,5,0.12857142857142856
MA0101202302A0087546,5,1.0,0.0,4,0.13394495412844037
MA0101202302A0087652,5,1.0,0.0,5,1.0
MA0101202302A0088329,5,1.0,0.0,3,0.007775919732441472
MA0101202302A0088674,5,1.0,0.0,1,0.02362204724409449
MA0101202302A0089593,1,1.0,0.0,1,0.5092592592592592
MA0101202302A0090172,5,1.0,0.0,1,0.00043037196434060865
MA0101202302A0090429,5,1.0,0.0,2,0.020550215445807093
MA0101202302A0090433,1,1.0,0.0,5,0.8095238095238095
MA0101202302A0092700,5,1.0,0.0,2,0.029629629629629627
MA0101202302A0093930,5,1.0,1.0,3,0.12307692307692308
MA0101202302A0094420,5,1.0,0.0,0,0.0
MA0101202302A0094781,5,1.0,0.0,1,0.0032085561497326204
MA0101202302A0094802,5,1.0,0.0,5,0.42305882352941176
MA0101202302A0094818,5,1.0,0.0,1,0.014925373134328358
MA0101202302A0096327,5,1.0,0.0,4,0.0827708703374778
MA0101202302A0097145,5,1.0,0.0,1,0.02150537634408602
MA0101202302A0098146,1,0.0,0.0,4,0.911764705882353
MA0101202302A0098865,1,1.0,1.0,5,1.0
MA0101202302A0099395,5,1.0,0.0,0,0.0
MA0101202302A0099455,5,1.0,0.0,2,0.013793103448275864
MA0101202302A0099640,5,1.0,0.0,0,0.0
MA0101202302A0101626,5,1.0,0.0,1,0.0
MA0101202302A0101781,5,0.0,0.0,2,0.0026755852842809368
MA0101202302A0103731,5,1.0,0.0,3,0.0
MA0101202302A0104247,5,1.0,0.0,1,0.0013755158184319122
MA0101202302A0104692,1,1.0,0.0,5,0.23048327137546468
MA0101202302A0105660,5,1.0,0.0,3,0.01785216178521618
MA0101202302A0105739,5,1.0,0.0,1,0.0008326394671107413
MA0101202302A0105818,5,1.0,0.0,2,0.005789270551910459
MA0101202302A0106558,5,1.0,0.0,2,0.07378640776699029
MA0101202302A0107127,5,1.0,1.0,3,0.08269230769230769
MA0101202302A0107699,5,1.0,0.0,3,0.14390243902439026
MA0101202302A0108061,5,0.0,0.0,1,0.013559322033898306
MA0101202302A0108153,5,1.0,0.0,4,0.10084033613445377
MA0101202302A0108250,5,1.0,0.0,1,0.0
MA0101202302A0108581,5,1.0,0.0,1,0.003980099502487563
MA0101202302A0108820,4,1.0,0.0,2,0.02468487394957983
MA0101202302A0108997,5,0.0,0.0,4,0.08795180722891566
MA0101202302A0110364,5,1.0,0.0,5,0.09440715883668904
MA0101202302A0111661,5,1.0,0.0,1,0.024615384615384615
MA0101202302A0112534,5,1.0,1.0,4,0.19634464751958225
MA0101202302A0112809,5,1.0,0.0,3,0.0
MA0101202302A0113462,5,1.0,0.0,3,1.0
MA0101202303A0000395,4,0.0,0.0,3,0.014534883720930232
MA0101202303A0000967,4,1.0,0.0,1,0.0019011406844106464
MA0101202303A0002011,4,1.0,0.0,1,0.009765625
MA0101202303A0002199,4,1.0,0.0,1,0.0015545505935556812
MA0101202303A0002629,4,1.0,0.0,3,0.2568069306930693
MA0101202303A0002783,4,1.0,0.0,3,1.0
MA0101202303A0003206,4,0.0,0.0,2,0.010869565217391304
MA0101202303A0003637,4,0.0,0.0,5,0.27998017839444994
MA0101202303A0003711,4,1.0,0.0,2,0.002434921197095803
MA0101202303A0003882,4,1.0,0.0,2,0.0006145251396648044
MA0101202303A0004051,4,1.0,1.0,1,0.058823529411764705
MA0101202303A0005383,4,1.0,0.0,2,0.02050113895216401
MA0101202303A0005565,4,1.0,0.0,4,0.03336864406779661
MA0101202303A0005914,1,1.0,1.0,5,1.0
MA0101202303A0006866,1,1.0,1.0,3,0.0
MA0101202303A0007248,4,1.0,0.0,0,0.0
MA0101202303A0007917,4,1.0,0.0,1,0.002168256721595837
MA0101202303A0007939,4,1.0,0.0,1,0.016464471403812825
MA0101202303A0008330,4,1.0,0.0,1,0.0009505703422053232
MA0101202303A0008346,4,1.0,0.0,3,0.053403330919623467
MA0101202303A0008918,4,1.0,0.0,1,0.0
MA0101202303A0009133,4,1.0,0.0,1,0.01937984496124031
MA0101202303A0009741,1,1.0,0.0,4,0.8819875776397516
MA0101202303A0010028,4,1.0,0.0,2,0.013157894736842105
MA0101202303A0010140,4,1.0,1.0,1,0.0
MA0101202303A0010506,4,1.0,1.0,4,0.032844871147043965
MA0101202303A0010612,4,0.0,0.0,3,0.1843220338983051
MA0101202303A0011317,4,0.0,0.0,5,0.11274509803921569
MA0101202303A0011456,4,1.0,0.0,4,0.08206106870229007
MA0101202303A0012138,4,1.0,0.0,1,0.002976190476190476
MA0101202303A0013132,4,0.0,0.0,1,0.0038022813688212928
MA0101202303A0014008,1,1.0,0.0,0,0.0
MA0101202303A0014362,4,1.0,0.0,0,0.0
MA0101202303A0014650,4,1.0,0.0,3,0.043478260869565216
MA0101202303A0014859,4,0.0,0.0,1,0.0029928918817807705
MA0101202303A0015009,4,1.0,1.0,5,0.8236434108527132
MA0101202303A0015350,4,1.0,0.0,0,0.0
MA0101202303A0015918,4,1.0,0.0,5,1.0
MA0101202303A0018264,1,1.0,0.0,3,0.3076923076923077
MA0101202303A0019963,4,1.0,0.0,1,0.0038461538461538464
MA0101202303A0020196,4,1.0,0.0,2,0.0011415525114155211
MA0101202303A0020505,4,1.0,0.0,3,0.0
MA0101202303A0020716,4,1.0,0.0,3,0.0
MA0101202303A0021298,4,0.0,0.0,5,0.0446091982910279
MA0101202303A0021357,4,1.0,0.0,3,0.052136972193614836
MA0101202303A0021660,4,1.0,0.0,1,0.001113013698630137
MA0101202303A0023543,4,1.0,0.0,4,0.16793066088840738
MA0101202303A0023635,4,0.0,0.0,3,0.0
MA0101202303A0023878,4,1.0,1.0,3,0.359375
MA0101202303A0024008,4,1.0,0.0,2,0.05
MA0101202303A0024320,4,1.0,0.0,5,0.3502178649237473
MA0101202303A0024778,4,1.0,0.0,2,0.032692307692307694
MA0101202303A0025093,4,1.0,0.0,3,0.007322175732217573
MA0101202303A0025386,4,0.0,0.0,3,0.0812958435207824
MA0101202303A0025569,1,1.0,0.0,4,0.17557251908396945
MA0101202303A0025685,4,0.0,1.0,3,1.0
MA0101202303A0025753,4,1.0,0.0,2,0.045081967213114756
MA0101202303A0025908,1,0.0,0.0,5,0.23809523809523808
MA0101202303A0026418,4,1.0,0.0,5,0.3318694066953928
MA0101202303A0027371,4,1.0,0.0,3,0.3046875
MA0101202303A0027694,4,1.0,1.0,4,0.125
MA0101202303A0028097,4,1.0,0.0,4,0.07762359063313096
MA0101202303A0029577,4,1.0,0.0,3,0.7386363636363635
MA0101202303A0030588,1,1.0,0.0,5,0.8647798742138364
MA0101202303A0030621,4,0.0,1.0,5,0.16267972235994052
MA0101202303A0030638,4,1.0,1.0,3,1.0
MA0101202303A0030739,4,1.0,0.0,2,0.038751987281399045
MA0101202303A0031066,4,1.0,0.0,3,0.038117927337701016
MA0101202303A0031525,4,1.0,0.0,1,0.0006480041472265422
MA0101202303A0031979,4,1.0,1.0,3,0.0
MA0101202303A0032171,4,1.0,0.0,3,0.01184186554928038
MA0101202303A0033454,4,1.0,0.0,2,0.03816793893129771
MA0101202303A0034310,4,1.0,0.0,1,0.0
MA0101202303A0034352,4,1.0,0.0,3,0.0
MA0101202303A0035034,1,1.0,0.0,5,0.7936507936507936
MA0101202303A0035053,4,1.0,1.0,2,0.006754148977228869
MA0101202303A0035059,4,1.0,0.0,3,0.05956112852664577
MA0101202303A0036100,4,1.0,0.0,2,0.013411810111925897
MA0101202303A0036606,1,1.0,0.0,5,0.17796610169491525
MA0101202303A0037489,4,1.0,0.0,1,0.003979739507959479
MA0101202303A0037800,4,1.0,0.0,4,0.01871657754010695
MA0101202303A0037861,4,1.0,0.0,3,0.0
MA0101202303A0038843,4,1.0,0.0,4,0.053452115812917596
MA0101202303A0039259,4,1.0,0.0,1,0.0023540489642184556
MA0101202303A0039272,4,1.0,0.0,3,0.17326732673267328
MA0101202303A0039384,4,1.0,0.0,0,0.0
MA0101202303A0039987,4,0.0,0.0,2,0.011727688787185355
MA0101202303A0041302,4,1.0,0.0,5,0.6824324324324325
MA0101202303A0041442,1,1.0,0.0,3,0.0392156862745098
MA0101202303A0041775,1,1.0,1.0,5,1.0
MA0101202303A0041864,4,1.0,1.0,3,0.15495867768595042
MA0101202303A0042256,4,1.0,0.0,3,0.0
MA0101202303A0042452,4,1.0,0.0,1,0.001971608832807571
MA0101202303A0043203,4,1.0,0.0,1,0.0038022813688212928
MA0101202303A0043297,4,1.0,0.0,0,0.0
MA0101202303A0044318,1,1.0,0.0,1,0.041628122109158186
MA0101202303A0045676,1,1.0,1.0,4,0.1393939393939394
MA0101202303A0045702,4,1.0,0.0,2,0.1985294117647059
MA0101202303A0045800,4,1.0,0.0,5,0.047504194630872486
MA0101202303A0046018,4,1.0,0.0,1,0.00980392156862745
MA0101202303A0046775,4,0.0,0.0,3,0.02740366629255518
MA0101202303A0046840,4,1.0,0.0,5,0.16360640301318266
MA0101202303A0046870,4,1.0,0.0,2,0.019230769230769232
MA0101202303A0048333,1,1.0,0.0,0,0.0
MA0101202303A0048626,4,1.0,0.0,3,0.03463855421686747
MA0101202303A0048750,4,1.0,0.0,3,0.017793594306049824
MA0101202303A0048771,4,1.0,0.0,1,0.008401008120974517
MA0101202303A0049282,1,1.0,0.0,0,0.0
MA0101202303A0049596,4,1.0,0.0,1,0.0017592359889419453
MA0101202303A0050094,4,1.0,0.0,2,0.020202020202020204
MA0101202303A0051873,4,1.0,0.0,1,0.13621794871794873
MA0101202303A0052439,4,1.0,0.0,4,0.8761160714285715
MA0101202303A0052601,4,1.0,0.0,2,0.06481481481481481
MA0101202303A0053069,4,1.0,0.0,1,0.002339728591483388
MA0101202303A0053112,4,1.0,0.0,5,0.5208333333333334
MA0101202303A0053488,4,1.0,0.0,5,1.0
MA0101202303A0053854,1,0.0,0.0,5,0.19302721088435373
MA0101202303A0054458,4,0.0,1.0,1,0.003260869565217391
MA0101202303A0054968,4,1.0,0.0,5,1.0
MA0101202303A0056217,4,1.0,1.0,5,0.32033963720571207
MA0101202303A0056489,4,1.0,0.0,1,0.0041946308724832215
MA0101202303A0056772,4,0.0,0.0,1,0.005659767141009056
MA0101202303A0056875,4,1.0,1.0,3,0.054
MA0101202303A0058976,4,1.0,0.0,5,0.10076045627376426
MA0101202303A0059090,4,1.0,0.0,4,0.02153010033444816
MA0101202303A0059473,4,1.0,0.0,3,0.07310344827586207
MA0101202303A0059627,4,1.0,0.0,0,0.0
MA0101202303A0059719,4,1.0,1.0,3,1.0
MA0101202303A0060501,4,1.0,0.0,4,0.0370722433460076
MA0101202303A0060756,1,0.0,0.0,5,1.0
MA0101202303A0061402,4,1.0,0.0,3,0.18326947637292465
MA0101202303A0061404,4,1.0,0.0,3,0.0
MA0101202303A0061692,4,1.0,0.0,4,0.0746589186457807
MA0101202303A0061874,1,1.0,0.0,1,0.015444015444015446
MA0101202303A0062088,4,1.0,0.0,5,1.0
MA0101202303A0062136,4,1.0,0.0,3,0.01084384858044164
MA0101202303A0062244,4,1.0,0.0,2,0.010572139303482588
MA0101202303A0063856,1,1.0,0.0,3,0.0
MA0101202303A0064550,4,1.0,0.0,4,0.16319772942289498
MA0101202303A0064739,4,1.0,0.0,1,0.0005586592178770949
MA0101202303A0064755,4,1.0,0.0,3,0.07692307692307693
MA0101202303A0065115,4,1.0,0.0,1,0.038461538461538464
MA0101202303A0065419,4,1.0,0.0,1,0.2413793103448276
MA0101202303A0065845,4,1.0,1.0,3,0.0433597621407334
MA0101202303A0065888,4,1.0,0.0,0,0.0
MA0101202303A0066518,4,1.0,0.0,3,0.01806083650190114
MA0101202303A0066682,4,1.0,0.0,3,0.004073319755600814
MA0101202303A0066690,4,1.0,0.0,3,1.0
MA0101202303A0066767,4,1.0,0.0,1,0.003993610223642172
MA0101202303A0067460,4,1.0,0.0,1,0.009408602150537635
MA0101202303A0067631,4,1.0,0.0,2,0.019102406464078694
MA0101202303A0067728,1,1.0,0.0,5,0.28318327040371766
MA0101202303A0067897,4,1.0,1.0,0,0.0
MA0101202303A0068144,1,1.0,0.0,4,0.08061002178649238
MA0101202303A0068201,1,0.0,0.0,0,0.0
MA0101202303A0068595,4,1.0,0.0,2,0.057692307692307696
MA0101202303A0069630,4,1.0,0.0,3,0.0034989503149055285
MA0101202303A0069708,4,0.0,0.0,3,0.0803030303030303
MA0101202303A0070977,4,1.0,0.0,4,0.04133858267716536
MA0101202303A0071656,4,1.0,0.0,5,0.7417355371900827
MA0101202303A0072077,4,1.0,0.0,1,0.012195121951219513
MA0101202303A0072128,1,1.0,1.0,2,0.019559902200488997
MA0101202303A0072345,4,1.0,1.0,1,0.0013609145345672292
MA0101202303A0073246,4,1.0,0.0,2,0.05263157894736842
MA0101202303A0073816,1,1.0,0.0,4,0.13333333333333333
MA0101202303A0073995,4,1.0,0.0,1,0.00423728813559322
MA0101202303A0074002,4,1.0,0.0,1,0.006535947712418301
MA0101202303A0074301,4,1.0,0.0,2,0.007829977628635347
MA0101202303A0074774,1,1.0,0.0,5,1.0
MA0101202303A0074898,4,1.0,0.0,1,0.003723404255319149
MA0101202303A0075569,1,1.0,0.0,3,0.011716461628588167
MA0101202303A0075679,4,1.0,0.0,0,0.0
MA0101202303A0076057,4,1.0,0.0,3,1.0
MA0101202303A0076449,4,0.0,1.0,3,0.03955474656958835
MA0101202303A0077867,4,1.0,0.0,4,0.11075949367088607
MA0101202303A0078675,4,1.0,0.0,0,0.0
MA0101202303A0079682,4,1.0,0.0,4,0.05692219679633867
MA0101202303A0080207,4,1.0,0.0,1,0.01358695652173913
MA0101202303A0080369,4,1.0,0.0,1,0.0012254901960784314
MA0101202303A0080432,4,0.0,0.0,5,0.14959954233409611
MA0101202303A0080790,4,1.0,0.0,3,0.10564630681818181
MA0101202303A0081002,1,1.0,0.0,0,0.0
MA0101202303A0081075,4,1.0,0.0,2,0.007142857142857143
MA0101202303A0081146,4,1.0,1.0,2,0.003867056856187291
MA0101202303A0081159,4,1.0,0.0,4,0.01694915254237288
MA0101202303A0081590,4,1.0,1.0,3,1.0
MA0101202303A0082562,4,1.0,1.0,3,0.19270833333333334
MA0101202303A0083077,4,0.0,0.0,3,0.006471475245036442
MA0101202303A0083285,4,1.0,0.0,3,0.04861111111111111
MA0101202303A0083361,4,1.0,0.0,2,0.0012296341838303104
MA0101202303A0083670,4,1.0,0.0,1,0.0028517110266159697
MA0101202303A0083777,1,1.0,0.0,0,0.0
MA0101202303A0084047,4,1.0,0.0,5,1.0
MA0101202303A0085141,4,0.0,1.0,3,0.030349794238683128
MA0101202303A0085506,4,1.0,0.0,1,0.0
MA0101202303A0085543,4,1.0,1.0,2,0.020017793594306048
MA0101202303A0085771,4,1.0,0.0,4,0.04155844155844156
MA0101202303A0086124,4,1.0,0.0,2,0.0038354253835425384
MA0101202303A0086835,4,1.0,0.0,3,1.0
MA0101202303A0087379,4,1.0,0.0,1,0.0015225334957369061
MA0101202303A0088204,1,1.0,1.0,0,0.0
MA0101202303A0088228,1,1.0,0.0,3,0.1851851851851852
MA0101202303A0088593,4,1.0,0.0,0,0.0
MA0101202303A0090297,4,1.0,0.0,1,0.001059322033898305
MA0101202303A0090924,4,1.0,0.0,0,0.0
MA0101202303A0091617,4,1.0,0.0,1,0.003728869738150481
MA0101202303A0091719,4,1.0,0.0,1,0.0002545824847250509
MA0101202303A0093153,4,0.0,0.0,5,0.1520979020979021
MA0101202303A0093669,1,1.0,0.0,1,0.014989293361884369
MA0101202303A0094248,4,1.0,0.0,1,0.046296296296296294
MA0101202303A0094545,4,1.0,1.0,5,0.15789473684210525
MA0101202303A0095243,4,1.0,0.0,4,0.1313640076231963
MA0101202303A0095591,1,1.0,0.0,2,0.02857142857142857
MA0101202303A0098343,4,1.0,0.0,2,0.02640845070422535
MA0101202303A0098422,4,1.0,0.0,3,1.0
MA0101202303A0098459,4,1.0,0.0,3,0.33181818181818185
MA0101202303A0098982,4,0.0,0.0,3,0.09857019064124783
MA0101202303A0099435,4,1.0,1.0,5,0.25
MA0101202303A0099766,4,1.0,1.0,2,0.3218232044198895
MA0101202303A0100154,4,1.0,0.0,1,0.01293103448275862
MA0101202303A0100179,4,1.0,0.0,1,0.006355932203389831
MA0101202303A0100286,4,1.0,0.0,1,0.0038022813688212928
MA0101202303A0100493,4,1.0,0.0,3,0.15789473684210525
MA0101202303A0101886,4,1.0,1.0,3,1.0
MA0101202303A0102316,4,1.0,0.0,1,0.02640845070422535
MA0101202303A0102454,1,1.0,1.0,5,1.0
MA0101202303A0103343,4,1.0,1.0,3,0.007445141065830721
MA0101202303A0105787,4,1.0,1.0,1,0.0015964240102171138
MA0101202303A0106153,4,1.0,0.0,2,0.0010135819987837015
MA0101202303A0106244,4,1.0,0.0,2,0.01829954954954955
MA0101202303A0106712,4,1.0,0.0,3,0.02389705882352941
MA0101202303A0107253,4,1.0,0.0,4,0.01642935377875137
MA0101202303A0107315,4,1.0,0.0,4,0.5
MA0101202303A0107825,1,1.0,0.0,5,1.0
MA0101202303A0108266,4,1.0,0.0,4,0.07182576459684893
MA0101202303A0109283,4,1.0,0.0,2,0.001220646361311323
MA0101202303A0109328,4,1.0,0.0,1,0.43569711538461536
MA0101202303A0110037,4,1.0,0.0,1,0.0006218905472636816
MA0101202303A0110174,4,1.0,1.0,3,0.065
MA0101202303A0110265,4,1.0,1.0,3,0.004763835394283398
MA0101202303A0110820,4,1.0,1.0,1,0.002166377816291161
MA0101202303A0110844,4,1.0,0.0,4,0.5072273324572931
MA0101202303A0112624,4,0.0,0.0,4,0.03035659391331079
MA0101202303A0113287,4,1.0,0.0,3,0.14078498293515357
MA0101202303A0113857,4,1.0,0.0,3,0.0
MA0101202303A0114093,4,0.0,0.0,4,0.3077090750563104
MA0101202303A0114510,4,1.0,0.0,2,0.0005017561465127947
MA0101202303A0114513,4,1.0,0.0,5,0.06436567164179105
MA0101202303A0114698,4,1.0,1.0,5,1.0
MA0101202303A0115326,4,1.0,0.0,2,0.0014554794520547946
MA0101202303A0115865,4,,,0,0.0
MA0101202303A0116080,4,1.0,0.0,3,1.0
MA0101202303A0116169,4,1.0,0.0,1,0.00040688212043710767
MA0101202303A0116235,4,1.0,0.0,3,0.03330721003134796
MA0101202303A0117422,4,1.0,0.0,2,0.01694915254237288
MA0101202303A0117937,4,1.0,0.0,3,0.010456273764258554
MA0101202303A0118016,4,1.0,0.0,1,0.0423728813559322
MA0101202303A0119079,4,1.0,0.0,5,0.40869565217391307
MA0101202303A0120327,4,1.0,0.0,3,0.022727272727272728
MA0101202303A0120550,4,1.0,0.0,1,0.0
MA0101202303A0120594,4,1.0,0.0,4,0.2890173410404624
MA0101202303A0120753,4,1.0,1.0,3,0.058419243986254296
MA0101202303A0121298,4,1.0,0.0,1,0.0013609145345672292
MA0101202303A0121532,4,1.0,0.0,4,0.010946685586863977
MA0101202303A0121722,4,1.0,0.0,3,0.35096153846153844
MA0101202303A0122085,4,1.0,0.0,1,0.013043478260869565
MA0101202305A0000300,4,1.0,0.0,3,0.0794172932330827
MA0101202305A0000457,1,0.0,0.0,2,0.0033159639981051635
MA0101202305A0000562,4,0.0,0.0,3,0.012691631063081176
MA0101202305A0000949,1,1.0,0.0,5,1.0
MA0101202305A0001363,4,1.0,0.0,1,0.006679389312977099
MA0101202305A0002189,4,1.0,0.0,3,0.025337837837837836
MA0101202305A0002438,4,1.0,0.0,3,0.0
MA0101202305A0002468,4,1.0,0.0,3,0.24193548387096772
MA0101202305A0002546,4,1.0,0.0,4,0.4166666666666667
MA0101202305A0002748,1,1.0,0.0,3,0.07120253164556962
MA0101202305A0004132,4,1.0,0.0,4,0.7503541076487253
MA0101202305A0004176,1,1.0,0.0,3,0.02564102564102564
MA0101202305A0004342,4,1.0,0.0,1,0.014112903225806451
MA0101202305A0004516,4,1.0,0.0,1,0.05416666666666667
MA0101202305A0004653,4,1.0,0.0,3,0.06551724137931035
MA0101202305A0007221,4,1.0,0.0,5,0.2856342761131336
MA0101202305A0007510,4,1.0,1.0,2,0.0731070496083551
MA0101202305A0007517,4,1.0,1.0,3,1.0
MA0101202305A0007566,4,1.0,0.0,1,0.0010184336490477645
MA0101202305A0007598,4,1.0,0.0,3,0.0
MA0101202305A0008297,4,0.0,0.0,3,0.0
MA0101202305A0008440,4,1.0,0.0,1,0.00303951367781155
MA0101202305A0009289,4,0.0,0.0,1,0.005991285403050109
MA0101202305A0009641,1,1.0,0.0,1,0.0055762081784386614
MA0101202305A0010889,4,1.0,0.0,2,0.00723589001447178
MA0101202305A0010902,4,1.0,1.0,3,1.0
MA0101202305A0010958,4,1.0,1.0,4,0.05120262390670553
MA0101202305A0011305,4,1.0,0.0,2,0.17045454545454544
MA0101202305A0011364,4,1.0,1.0,4,0.8585858585858586
MA0101202305A0011855,4,0.0,0.0,1,0.0018796992481203006
MA0101202305A0011917,1,0.0,0.0,3,0.0038022813688212928
MA0101202305A0012401,4,1.0,0.0,1,0.007122507122507123
MA0101202305A0012411,1,1.0,0.0,5,1.0
MA0101202305A0012449,4,1.0,0.0,4,0.005549389567147614
MA0101202305A0012589,4,1.0,0.0,3,0.030673019654556283
MA0101202305A0012810,4,1.0,0.0,3,0.06989247311827956
MA0101202305A0012906,4,0.0,0.0,2,0.003205128205128205
MA0101202305A0013061,4,1.0,1.0,2,0.009648784253184097
MA0101202305A0013911,4,1.0,0.0,0,0.0
MA0101202305A0013989,4,1.0,0.0,0,0.0
MA0101202305A0014449,4,1.0,1.0,2,0.0030101394169835234
MA0101202305A0014670,4,1.0,0.0,3,0.013506625891946993
MA0101202305A0015045,4,0.0,0.0,2,0.05855855855855856
MA0101202305A0015100,4,1.0,0.0,5,0.018435754189944135
MA0101202305A0016461,1,1.0,0.0,2,0.011904761904761904
MA0101202305A0016499,4,0.0,1.0,1,0.0175608407079646
MA0101202305A0016621,4,1.0,0.0,2,0.003867056856187291
MA0101202305A0017251,4,1.0,0.0,2,0.0020595690747782004
MA0101202305A0017919,4,1.0,1.0,4,0.03203434610303831
MA0101202305A0018378,4,0.0,0.0,3,0.09859154929577464
MA0101202305A0018573,4,1.0,1.0,3,0.09603340292275574
MA0101202305A0018757,1,0.0,1.0,5,0.5151515151515151
MA0101202305A0019174,4,1.0,0.0,2,0.00340393343419062
MA0101202305A0019259,4,1.0,0.0,2,0.022304832713754646
MA0101202305A0019772,4,1.0,1.0,3,0.5730994152046783
MA0101202305A0020065,4,1.0,0.0,1,0.001149665551839465
MA0101202305A0021309,4,1.0,0.0,1,0.001113013698630137
MA0101202305A0022302,4,1.0,0.0,0,0.0
MA0101202305A0022581,4,1.0,0.0,2,0.06310679611650485
MA0101202305A0022768,4,1.0,0.0,2,0.007630813953488372
MA0101202305A0022976,4,1.0,0.0,3,0.19326241134751776
MA0101202305A0023028,4,1.0,0.0,4,0.26973684210526316
MA0101202305A0023060,4,1.0,0.0,0,0.0
MA0101202305A0023147,4,1.0,0.0,2,0.001201923076923077
MA0101202305A0023192,4,1.0,0.0,2,0.005747126436781609
MA0101202305A0023490,4,1.0,0.0,1,0.005859375
MA0101202305A0023511,4,1.0,0.0,3,0.015557163531114327
MA0101202305A0023656,4,1.0,0.0,3,0.06352459016393443
MA0101202305A0023700,4,1.0,0.0,3,0.0472972972972973
MA0101202305A0023803,4,1.0,0.0,4,0.05203816131830009
MA0101202305A0023842,4,0.0,0.0,2,0.042319749216300946
MA0101202305A0024020,4,1.0,1.0,1,0.00273224043715847
MA0101202305A0024318,1,1.0,0.0,0,0.0
MA0101202305A0024927,4,1.0,0.0,2,0.0015842839036755386
MA0101202305A0026609,4,1.0,0.0,4,0.10553278688524591
MA0101202305A0026748,1,1.0,1.0,5,1.0
MA0101202305A0026994,4,1.0,0.0,2,0.03024193548387097
MA0101202305A0027448,4,1.0,0.0,1,0.0063613231552162855
MA0101202305A0028111,1,1.0,0.0,0,0.0
MA0101202305A0028320,4,1.0,0.0,5,1.0
MA0101202305A0028937,4,0.0,0.0,5,1.0
MA0101202305A0029206,4,1.0,0.0,0,0.0
MA0101202305A0029478,4,1.0,0.0,3,0.0
MA0101202305A0029528,4,0.0,0.0,5,0.15206372194062273
MA0101202305A0030173,4,1.0,0.0,1,0.005344995140913508
MA0101202305A0030494,4,1.0,0.0,2,0.024147143444307437
MA0101202305A0030566,1,1.0,0.0,5,0.08009153318077804
MA0101202305A0030821,4,1.0,1.0,5,0.09454314720812183
MA0101202305A0031219,4,1.0,1.0,4,0.08200455580865604
MA0101202305A0031939,4,1.0,1.0,4,0.029421019509125235
MA0101202305A0032914,4,1.0,1.0,2,0.011538461538461539
MA0101202305A0033300,4,1.0,0.0,3,0.004562617998741347
MA0101202305A0033502,1,1.0,0.0,5,1.0
MA0101202305A0033656,4,1.0,1.0,4,0.02028639618138425
MA0101202305A0033901,4,1.0,1.0,3,0.22857142857142856
MA0101202305A0034166,4,1.0,0.0,4,0.07024793388429752
MA0101202305A0034313,4,1.0,0.0,2,0.015384615384615385
MA0101202305A0035181,4,1.0,0.0,0,0.0
MA0101202305A0035367,4,1.0,0.0,0,0.0
MA0101202305A0036298,4,1.0,0.0,0,0.0
MA0101202305A0036470,4,1.0,1.0,5,1.0
MA0101202305A0036504,4,1.0,0.0,3,0.4619565217391305
MA0101202305A0036532,4,1.0,0.0,1,0.0024121960632960244
MA0101202305A0036990,4,1.0,0.0,3,0.03767123287671233
MA0101202305A0037173,4,1.0,0.0,2,0.00849514563106796
MA0101202305A0037643,4,1.0,1.0,2,0.009166345040524894
MA0101202305A0038220,4,1.0,0.0,0,0.0
MA0101202305A0038473,4,1.0,1.0,3,0.02306805074971165
MA0101202305A0038507,4,1.0,0.0,1,0.0007575757575757576
MA0101202305A0039467,4,1.0,0.0,1,0.019230769230769232
MA0101202305A0039573,4,1.0,0.0,2,0.008985879332477536
MA0101202305A0040038,4,0.0,0.0,1,0.0020325203252032522
MA0101202305A0040085,4,1.0,1.0,2,0.03638698630136986
MA0101202305A0040113,4,1.0,1.0,2,0.4573170731707317
MA0101202305A0040442,4,1.0,0.0,2,0.018292682926829267
MA0101202305A0040579,4,1.0,0.0,3,0.027300303336703743
MA0101202305A0041205,4,1.0,0.0,3,0.0
MA0101202305A0041354,4,1.0,0.0,5,0.6075
MA0101202305A0042103,1,1.0,0.0,3,1.0
MA0101202305A0042184,1,1.0,0.0,0,0.0
MA0101202305A0042787,4,1.0,0.0,2,0.004247954688483323
MA0101202305A0043437,4,1.0,1.0,1,0.024390243902439025
MA0101202305A0044032,4,1.0,0.0,2,0.013268013880383752
MA0101202305A0045566,4,1.0,0.0,3,0.009972489683631363
MA0101202305A0045596,4,1.0,0.0,4,0.26595744680851063
MA0101202305A0045777,1,1.0,0.0,4,0.019067796610169493
MA0101202305A0047302,4,1.0,0.0,0,0.0
MA0101202305A0047327,4,1.0,0.0,2,0.007699275362318841
MA0101202305A0048780,4,1.0,0.0,1,0.0016501650165016502
MA0101202305A0049539,4,1.0,0.0,1,0.021153846153846155
MA0101202305A0049647,4,1.0,1.0,2,0.030864197530864196
MA0101202305A0050109,4,1.0,1.0,1,0.0056947608200455585
MA0101202305A0050679,4,1.0,1.0,1,6.271951831409934e-05
MA0101202305A0051102,1,1.0,0.0,5,0.11428571428571428
MA0101202305A0051292,4,1.0,0.0,2,0.012743280815569972
MA0101202305A0051354,4,1.0,1.0,2,0.032534246575342464
MA0101202305A0051389,4,1.0,0.0,3,0.023148148148148147
MA0101202305A0051546,4,1.0,0.0,2,0.20982142857142858
MA0101202305A0051691,4,1.0,0.0,3,0.0
MA0101202305A0052884,4,1.0,0.0,2,0.0020595690747782004
MA0101202305A0053255,4,1.0,1.0,2,0.013577118030412744
MA0101202305A0053603,4,1.0,0.0,1,0.010869565217391304
MA0101202305A0055490,1,1.0,0.0,3,0.052
MA0101202305A0055606,1,1.0,0.0,0,0.0
MA0101202305A0056262,1,1.0,1.0,1,0.014492753623188406
MA0101202305A0056567,4,1.0,0.0,1,0.00211864406779661
MA0101202305A0056649,4,0.0,0.0,4,0.09323503902862099
MA0101202305A0056938,4,1.0,0.0,1,0.008350730688935283
MA0101202305A0058964,4,0.0,0.0,4,0.08014571948998178
MA0101202305A0059545,4,1.0,0.0,3,1.0
MA0101202305A0059829,4,1.0,0.0,3,0.12195121951219513
MA0101202305A0059899,4,1.0,0.0,1,0.0
MA0101202305A0059988,4,1.0,0.0,2,0.003022552894675657
MA0101202305A0060185,4,0.0,0.0,2,0.00282190635451505
MA0101202305A0060435,4,1.0,1.0,2,0.03441295546558704
MA0101202305A0060451,4,0.0,1.0,4,0.11316568047337278
MA0101202305A0060500,4,0.0,0.0,5,0.2943786982248521
MA0101202305A0060529,4,1.0,0.0,0,0.0
MA0101202305A0060573,4,1.0,0.0,3,0.0
MA0101202305A0060700,4,1.0,0.0,4,0.007318435754189944
MA0101202305A0060754,4,1.0,0.0,2,0.005813953488372093
MA0101202305A0060764,4,1.0,0.0,1,0.005621135469364811
MA0101202305A0061244,4,1.0,0.0,2,0.004125412541254125
MA0101202305A0061272,4,1.0,1.0,4,0.027252906976744186
MA0101202305A0062191,4,1.0,1.0,2,0.004341952913932844
MA0101202305A0062205,4,1.0,0.0,4,0.05214917825537294
MA0101202305A0062305,4,1.0,1.0,1,0.00033025099075297226
MA0101202305A0062456,4,1.0,0.0,4,0.22030651340996169
MA0101202305A0062694,1,1.0,0.0,3,0.055627425614489
MA0101202305A0062989,4,1.0,0.0,2,0.008893280632411068
MA0101202305A0063070,4,1.0,0.0,3,0.0
MA0101202305A0063339,4,1.0,0.0,0,0.0
MA0101202305A0064124,4,1.0,0.0,1,0.03070175438596491
MA0101202305A0064237,4,1.0,0.0,1,0.004189944134078212
MA0101202305A0064926,4,1.0,0.0,1,0.005208333333333333
MA0101202305A0064966,4,1.0,0.0,1,0.0
MA0101202305A0065203,4,1.0,0.0,3,0.003339041095890411
MA0101202305A0065260,4,1.0,1.0,1,0.04107142857142857
MA0101202305A0065287,4,1.0,1.0,1,0.004971826317533974
MA0101202305A0065430,4,1.0,0.0,3,0.0
MA0101202305A0065658,4,1.0,0.0,1,0.0019083969465648854
MA0101202305A0066750,4,1.0,0.0,2,0.03374233128834356
MA0101202305A0067250,4,1.0,0.0,2,0.12864667747163694
MA0101202305A0067805,4,1.0,0.0,1,0.0071315372424722665
MA0101202305A0068347,4,0.0,0.0,0,0.0
MA0101202305A0068406,4,1.0,0.0,1,0.003560126582278481
MA0101202305A0068562,4,1.0,0.0,1,0.002178649237472767
MA0101202305A0068982,4,1.0,0.0,1,0.12019230769230768
MA0101202305A0069455,4,1.0,0.0,4,0.07644628099173553
MA0101202305A0069737,4,1.0,1.0,2,0.02173913043478261
MA0101202305A0070531,4,1.0,0.0,4,0.06956521739130435
MA0101202305A0071076,4,1.0,1.0,2,0.017331932773109245
MA0101202305A0071343,4,1.0,0.0,3,0.0
MA0101202305A0071499,4,1.0,0.0,1,0.007142857142857143
MA0101202305A0072107,4,1.0,0.0,0,0.0
MA0101202305A0072756,4,1.0,1.0,5,1.0
MA0101202305A0073059,4,0.0,1.0,5,0.4700647249190939
MA0101202305A0073196,4,1.0,0.0,1,0.03188976377952756
MA0101202305A0073220,4,1.0,0.0,2,0.04549393414211438
MA0101202305A0074537,4,1.0,0.0,1,0.18617021276595744
MA0101202305A0074901,4,1.0,0.0,1,0.03488372093023256
MA0101202305A0075002,4,0.0,0.0,5,0.03669263634078914
MA0101202305A0075091,4,0.0,0.0,1,0.03361344537815126
MA0101202305A0075577,4,1.0,0.0,2,0.01015625
MA0101202305A0075871,4,1.0,0.0,2,0.0020132638559924206
MA0101202305A0076287,1,1.0,1.0,5,1.0
MA0101202305A0076477,1,0.0,0.0,5,1.0
MA0101202305A0078150,4,1.0,0.0,3,0.0
MA0101202305A0078727,4,1.0,0.0,1,0.04777070063694268
MA0101202305A0078875,4,1.0,0.0,1,0.0006504770164787511
MA0101202305A0079787,4,1.0,0.0,2,0.012387387387387387
MA0101202305A0080237,1,0.0,1.0,4,0.4195804195804196
MA0101202305A0080268,1,1.0,0.0,0,0.0
MA0101202305A0080652,4,1.0,0.0,2,0.05482456140350877
MA0101202305A0081324,4,1.0,0.0,1,0.0012755102040816326
MA0101202305A0082061,4,1.0,0.0,0,0.0
MA0101202305A0082381,4,1.0,0.0,5,0.11123348017621146
MA0101202305A0082390,4,1.0,0.0,3,0.0
MA0101202305A0082625,4,0.0,0.0,0,0.0
MA0101202305A0082681,4,1.0,0.0,4,0.09375
MA0101202305A0083029,4,1.0,1.0,4,0.08942926045016077
MA0101202305A0083217,1,1.0,0.0,0,0.0
MA0101202305A0083394,4,1.0,1.0,3,1.0
MA0101202305A0084976,4,1.0,0.0,4,0.12022900763358779
MA0101202305A0085104,4,1.0,0.0,2,0.005692167577413479
MA0101202305A0085118,4,1.0,0.0,1,0.16379310344827586
MA0101202305A0085130,4,1.0,1.0,4,0.1302588996763754
MA0101202305A0085637,1,1.0,1.0,5,0.28716216216216217
MA0101202305A0085675,4,1.0,0.0,4,0.25
MA0101202305A0085941,4,0.0,1.0,2,0.010714285714285714
MA0101202305A0086605,4,1.0,0.0,4,0.25392670157068065
MA0101202305A0087205,4,0.0,1.0,5,0.04203767123287671
MA0101202305A0087834,4,1.0,0.0,2,0.023178807947019868
MA0101202305A0088101,4,1.0,0.0,0,0.0
MA0101202305A0088120,4,0.0,1.0,4,0.5500821018062397
MA0101202305A0089078,4,0.0,0.0,1,0.00720164609053498
MA0101202305A0089476,4,1.0,0.0,3,0.030751708428246014
MA0101202305A0090323,4,1.0,0.0,0,0.0
MA0101202305A0090633,1,0.0,0.0,0,0.0
MA0101202305A0090671,4,1.0,1.0,1,0.0038022813688212928
MA0101202305A0091418,4,1.0,1.0,2,0.017084282460136675
MA0101202305A0091731,4,1.0,0.0,2,0.008540093491549801
MA0101202305A0091966,1,1.0,0.0,5,0.6379310344827587
MA0101202305A0092799,4,1.0,1.0,5,0.18709749056184766
MA0101202305A0093553,4,1.0,0.0,3,0.10078740157480315
MA0101202305A0094736,4,1.0,0.0,5,0.6578947368421052
MA0101202305A0094771,4,1.0,0.0,3,0.036228701914632004
MA0101202305A0094773,4,1.0,0.0,5,1.0
MA0101202305A0095443,4,1.0,0.0,3,0.10087719298245613
MA0101202305A0096502,4,1.0,0.0,2,0.007822277847309135
MA0101202305A0097101,4,1.0,0.0,3,0.035931174089068825
MA0101202305A0097465,4,1.0,0.0,0,0.0
MA0101202305A0097703,4,1.0,0.0,3,0.23333333333333334
MA0101202305A0098074,4,0.0,0.0,0,0.0
MA0101202305A0099281,4,1.0,0.0,5,0.12547528517110265
MA0101202305A0099293,4,1.0,0.0,2,0.0023116438356164384
MA0101202305A0100032,4,1.0,0.0,5,0.8032786885245902
MA0101202305A0100636,4,1.0,0.0,1,0.0033517350157728706
MA0101202305A0101061,4,1.0,1.0,0,0.0
MA0101202305A0101198,4,1.0,0.0,5,0.9332247557003257
MA0101202305A0101845,4,1.0,0.0,1,0.08064516129032258
MA0101202305A0102118,4,1.0,0.0,0,0.0
MA0101202305A0102416,4,1.0,0.0,3,0.046153846153846156
MA0101202305A0102437,4,0.0,0.0,0,0.0
MA0101202305A0102813,1,1.0,0.0,3,0.024330900243309004
MA0101202305A0103250,1,1.0,0.0,2,0.005698005698005698
MA0101202305A0103329,4,1.0,0.0,1,0.010180995475113122
MA0101202305A0103646,4,0.0,0.0,3,0.19703389830508475
MA0101202305A0104228,1,1.0,1.0,4,0.03446075303126994
MA0101202305A0104562,4,1.0,0.0,3,0.04714475431606906
MA0101202305A0104670,4,0.0,0.0,5,0.9129720853858785
MA0101202305A0105213,4,1.0,0.0,5,1.0
MA0101202305A0105235,4,0.0,0.0,4,0.032357376225182206
MA0101202305A0105499,4,1.0,0.0,3,0.11538461538461539
MA0101202305A0105622,4,1.0,0.0,5,0.5434782608695652
MA0101202305A0105731,4,1.0,0.0,3,1.0
MA0101202305A0106484,1,1.0,0.0,0,0.0
MA0101202305A0106603,1,1.0,1.0,3,1.0
MA0101202305A0106813,4,1.0,0.0,2,0.012116316639741519
MA0101202305A0107329,4,1.0,0.0,5,0.19675925925925927
MA0101202305A0107727,1,1.0,0.0,2,0.0050568900126422255
MA0101202305A0107745,4,1.0,0.0,3,0.012357414448669201
MA0101202305A0108379,4,1.0,0.0,2,0.0234375
MA0101202305A0108431,4,1.0,0.0,1,0.006622516556291391
MA0101202305A0108863,4,1.0,0.0,3,0.025730411686586987
MA0101202305A0109638,4,1.0,0.0,1,0.00023055640946818322
MA0101202305A0109820,4,1.0,0.0,2,0.12658227848101264
MA0101202305A0109895,4,1.0,0.0,2,0.015384615384615385
MA0101202305A0110009,4,1.0,1.0,3,0.2916666666666667
MA0101202305A0111206,4,1.0,1.0,5,1.0
MA0101202305A0111298,4,1.0,0.0,0,0.0
MA0101202305A0112097,4,1.0,0.0,2,0.03763440860215054
MA0101202305A0112402,4,1.0,0.0,0,0.0
MA0101202305A0113370,4,1.0,0.0,1,0.1388888888888889
MA0101202305A0113704,1,0.0,0.0,5,0.7239583333333334
MA0101202305A0113812,4,1.0,0.0,2,0.0743801652892562
MA0101202305A0114250,4,0.0,0.0,1,0.038461538461538464
MA0101202305A0114596,4,1.0,0.0,1,0.00691699604743083
MA0101202305A0114774,4,1.0,0.0,3,0.0
MA0101202305A0116019,4,1.0,0.0,4,0.165
MA0101202305A0116226,4,1.0,0.0,4,0.11639676113360324
MA0101202305A0116377,1,1.0,1.0,4,0.011406844106463879
MA0101202305A0117126,4,1.0,1.0,3,0.5517241379310345
MA0101202305A0117175,4,1.0,0.0,3,0.04025423728813559
MA0101202305A0117356,1,1.0,0.0,5,0.658578856152513
MA0101202305A0118106,4,1.0,0.0,2,0.023291925465838508
MA0101202305A0118126,4,1.0,0.0,2,0.11021505376344086
MA0101202305A0118923,4,1.0,0.0,2,0.11075949367088607
MA0101202305A0119278,1,1.0,0.0,3,0.0
MA0101202305A0119444,4,1.0,0.0,2,0.0389948006932409
MA0101202305A0120075,4,0.0,0.0,3,0.03861788617886179
MA0101202305A0120581,4,1.0,1.0,4,0.1676829268292683
MA0101202305A0120892,4,1.0,1.0,4,0.1426056338028169
MA0101202305A0121384,4,1.0,0.0,5,0.224609375
MA0101202305A0121620,1,1.0,1.0,3,0.02185792349726776
MA0101202305A0121651,4,1.0,0.0,3,0.05078125
MA0101202305A0121922,4,1.0,0.0,2,0.00944767441860465
MA0101202305A0122431,1,1.0,1.0,3,0.26595744680851063
MA0101202305A0122537,4,1.0,0.0,2,0.020161290322580645
MA0101202305A0122679,1,0.0,0.0,0,0.0
MA0101202305A0122911,4,1.0,0.0,2,0.0071552471812662615
MA0101202305A0123318,4,1.0,1.0,5,0.13547016114751195
MA0101202305A0124235,4,1.0,0.0,4,0.0683371298405467
MA0101202305A0124716,1,1.0,0.0,4,0.11020104244229337
MA0101202305A0124774,1,1.0,0.0,5,1.0
MA0101202305A0125148,4,0.0,1.0,3,0.0792661820699204
MA0101202305A0125471,4,1.0,1.0,3,0.10919744318181818
MA0101202305A0126414,1,1.0,0.0,3,0.015130674002751036
MA0101202305A0126667,4,1.0,1.0,3,0.3953488372093023
MA0101202305A0127662,4,1.0,0.0,4,0.12096774193548387
MA0101202305A0127871,4,1.0,0.0,0,0.0
MA0101202305A0127882,4,0.0,0.0,4,0.37351190476190477
MA0101202305A0127909,4,0.0,1.0,5,0.6691431879583172
MA0101202305A0128400,4,1.0,0.0,4,0.35294117647058826
MA0101202305A0128635,4,1.0,1.0,3,0.054710682492581604
MA0101202305A0128915,4,1.0,0.0,1,0.0019011406844106464
MA0101202305A0128956,4,1.0,0.0,0,0.0
MA0101202305A0129289,4,1.0,0.0,1,0.009185548071034905
MA0101202305A0130116,4,1.0,0.0,0,0.0
MA0101202305A0130211,1,0.0,0.0,0,0.0
MA0101202305A0130235,4,1.0,0.0,1,0.0
MA0101202305A0130504,4,1.0,0.0,4,0.068
MA0101202305A0130885,4,1.0,1.0,4,0.056372549019607844
MA0101202305A0131046,4,1.0,0.0,5,1.0
MA0101202305A0131792,4,1.0,0.0,0,0.0
MA0101202305A0132928,4,1.0,0.0,5,1.0
MA0101202305A0132935,4,1.0,0.0,3,0.001946690625935909
MA0101202305A0133034,4,1.0,0.0,2,0.04980842911877394
MA0101202305A0133137,4,1.0,0.0,1,0.0016488046166529267
MA0101202305A0133240,4,1.0,0.0,3,0.015209125475285171
MA0101202305A0133719,4,1.0,0.0,5,0.3107344632768362
MA0101202305A0134657,4,1.0,0.0,3,1.0
MA0101202305A0135013,4,1.0,0.0,5,0.0969881011403074
MA0101202305A0135018,4,1.0,1.0,0,0.0
MA0101202305A0135511,4,1.0,0.0,0,0.0
MA0101202305A0135919,4,1.0,0.0,0,0.0
MA0101202305A0136703,4,1.0,0.0,1,0.001358695652173913
MA0101202305A0136901,4,1.0,1.0,5,0.024477447744774478
MA0101202305A0136986,4,1.0,1.0,2,0.08928571428571429
MA0101202305A0137050,1,1.0,0.0,4,0.009569377990430622
MA0101202305A0137054,4,1.0,0.0,1,0.00745156482861401
MA0101202305A0137535,4,1.0,0.0,1,0.003289473684210526
MA0101202305A0137683,4,1.0,0.0,2,0.004540128881077915
MA0101202305A0138730,4,1.0,1.0,3,0.00929881879869314
MA0101202305A0138799,4,1.0,0.0,2,0.06336405529953917
MA0101202305A0139078,4,1.0,0.0,0,0.0
MA0101202305A0139197,4,0.0,0.0,3,0.0087333500879618
MA0101202305A0139590,4,1.0,1.0,3,0.027636054421768707
MA0101202305A0139788,4,1.0,0.0,1,0.06521739130434782
MA0101202305A0140047,4,1.0,0.0,3,0.18446601941747573
MA0101202305A0140537,4,1.0,0.0,5,0.26243640474844543
MA0101202305A0140786,4,0.0,1.0,5,0.10606562810739145
MA0101202305A0141516,4,0.0,0.0,3,0.018592677345537757
MA0101202305A0141520,4,1.0,0.0,3,0.6923076923076923
MA0101202305A0141623,4,0.0,0.0,3,0.0
MA0101202305A0141987,1,1.0,1.0,5,1.0
MA0101202305A0143126,4,1.0,0.0,3,0.024005285567464396
MA0101202305A0143204,4,1.0,0.0,1,0.0001537042729787888
MA0101202305A0143621,4,0.0,0.0,4,0.9840425531914894
MA0101202305A0144330,4,0.0,1.0,4,0.5778985507246377
MA0101202305A0144841,4,1.0,1.0,2,0.006458966565349544
MA0101202305A0145464,4,1.0,0.0,3,1.0
MA0101202305A0145476,4,1.0,1.0,0,0.0
MA0101202305A0145594,4,1.0,0.0,3,0.014492753623188406
MA0101202305A0146255,4,1.0,0.0,0,0.0
MA0101202305A0146430,4,1.0,0.0,2,0.052742616033755275
MA0101202305A0147057,4,1.0,0.0,5,0.5333333333333333
MA0101202305A0147300,4,0.0,0.0,5,0.04006849315068493
MA0101202305A0147768,1,1.0,0.0,5,0.4519774011299435
MA0101202305A0148952,4,1.0,0.0,4,0.17420814479638008
MA0101202305A0149029,4,1.0,0.0,1,0.0017979144192736423
MA0101202305A0149440,4,1.0,0.0,3,0.0029393877964727345
MA0101202305A0149505,4,1.0,0.0,2,0.018292682926829267
MA0101202305A0149683,4,1.0,1.0,3,0.03935185185185185
MA0101202305A0149962,4,0.0,1.0,4,0.0822884012539185
MA0101202305A0150275,4,1.0,0.0,3,0.058419243986254296
MA0101202305A0151202,4,0.0,0.0,3,1.0
MA0101202305A0152058,4,1.0,0.0,3,0.0
MA0101202305A0152174,4,1.0,0.0,0,0.0
MA0101202305A0153682,1,1.0,0.0,5,0.5376712328767124
MA0101202305A0153704,4,1.0,0.0,2,0.021438780371605525
MA0101202305A0154597,4,1.0,0.0,3,1.0
MA0101202305A0155336,4,0.0,0.0,1,0.004722807527428613
MA0101202305A0155854,4,1.0,0.0,3,0.0
MA0101202305A0156057,4,1.0,0.0,3,0.06338526912181303
MA0101202305A0156062,1,1.0,0.0,3,0.04504504504504505
MA0101202305A0156222,4,1.0,0.0,1,0.007722007722007722
MA0101202305A0156375,4,1.0,0.0,2,0.004752851711026616
MA0101202305A0156569,4,1.0,0.0,2,0.015151515151515152
MA0101202305A0156904,4,1.0,0.0,1,0.002173913043478261
MA0101202305A0157363,4,0.0,0.0,0,0.0
MA0101202305A0159299,4,1.0,0.0,0,0.0
MA0101202305A0159326,4,0.0,0.0,1,0.0010683760683760685
MA0101202305A0159365,4,1.0,0.0,1,0.02
MA0101202305A0159753,1,1.0,1.0,4,0.05574261129816686
MA0101202305A0161634,4,0.0,0.0,2,0.125
MA0101202305A0161794,4,0.0,0.0,5,0.3065068493150685
MA0101202305A0162405,4,1.0,0.0,5,0.20730198019801982
MA0101202305A0163189,4,1.0,1.0,1,0.04988913525498891
MA0101202305A0163779,4,1.0,0.0,2,0.012491672218520985
MA0101202305A0164322,4,1.0,0.0,1,0.01417004048582996
MA0101202305A0165075,4,1.0,0.0,2,0.0036952089704383284
MA0101202305A0165849,4,0.0,0.0,3,0.25
MA0101202305A0165968,4,1.0,0.0,3,0.00723725613593455
MA0101202305A0166406,4,0.0,0.0,4,0.023174157303370788
MA0101202305A0167438,1,1.0,0.0,5,1.0
MA0101202305A0167897,4,1.0,0.0,0,0.0
MA0101202305A0168674,4,1.0,0.0,2,0.010106382978723405
MA0101202305A0169282,4,0.0,0.0,0,0.0
MA0101202305A0170448,4,1.0,0.0,3,1.0
MA0101202305A0170538,4,1.0,0.0,0,0.0
MA0101202305A0170541,4,0.0,0.0,0,0.0
MA0101202305A0170855,4,1.0,1.0,1,0.003859513701273639
MA0101202305A0170977,4,1.0,0.0,1,0.02032520325203252
MA0101202305A0171101,4,1.0,0.0,1,0.002106741573033708
MA0101202305A0171645,4,1.0,1.0,3,1.0
MA0101202305A0171704,4,1.0,0.0,2,0.009129213483146067
MA0101202305A0171784,4,1.0,0.0,5,1.0
MA0101202305A0172328,4,1.0,0.0,4,0.02142161635832522
MA0101202305A0172364,4,1.0,0.0,1,0.014018691588785047
MA0101202305A0172515,4,1.0,1.0,4,0.1292372881355932
MA0101202305A0172562,4,1.0,0.0,2,0.225
MA0101202305A0172799,4,1.0,0.0,5,1.0
MA0101202305A0173061,4,1.0,0.0,1,0.01893939393939394
MA0101202305A0173869,4,1.0,0.0,1,0.0
MA0101202305A0173892,4,1.0,0.0,2,0.391304347826087
MA0101202305A0174019,4,1.0,0.0,2,0.09042553191489362
MA0101202305A0174086,4,1.0,0.0,3,0.025337837837837836
MA0101202305A0174208,4,0.0,0.0,5,1.0
MA0101202305A0174250,4,1.0,0.0,3,0.008282364933741081
MA0101202305A0174455,4,1.0,1.0,3,0.06429856115107914
MA0101202305A0174632,4,1.0,0.0,4,0.04084967320261438
MA0101202305A0175211,1,1.0,1.0,5,1.0
MA0101202305A0175501,4,1.0,1.0,1,0.009765625
MA0101202305A0175726,4,1.0,1.0,1,0.012269938650306749
MA0101202305A0175852,1,1.0,0.0,2,0.020710059171597635
MA0101202305A0176541,4,1.0,1.0,3,0.008425682623100651
MA0101202305A0176705,4,1.0,0.0,3,0.038135593220338986
MA0101202305A0177304,4,1.0,1.0,3,0.052083333333333336
MA0101202305A0178421,4,0.0,1.0,5,0.13518808777429467
MA0101202305A0178748,4,0.0,0.0,1,0.00267379679144385
MA0101202305A0179136,4,1.0,0.0,0,0.0
MA0101202305A0179270,4,1.0,0.0,3,0.03759398496240602
MA0101202305A0179476,4,0.0,0.0,1,0.023403324584426944
MA0101202305A0179726,4,1.0,0.0,3,0.0522508038585209
MA0101202305A0180983,4,0.0,0.0,4,0.3604403409090909
MA0101202305A0181241,4,1.0,0.0,1,0.037037037037037035
MA0101202305A0181399,4,1.0,0.0,3,0.3411764705882353
MA0101202305A0182284,4,1.0,0.0,3,0.36666666666666664
MA0101202305A0182524,4,1.0,0.0,2,0.009505703422053232
MA0101202305A0183085,4,0.0,0.0,0,0.0
MA0101202305A0183667,4,1.0,0.0,3,0.026143790849673203
MA0101202305A0184036,1,1.0,0.0,0,0.0
MA0101202305A0184808,4,1.0,0.0,0,0.0
MA0101202305A0185272,4,1.0,1.0,5,1.0
MA0101202305A0185582,4,1.0,0.0,1,0.006385696040868455
MA0101202305A0185904,4,1.0,1.0,4,0.0133248730964467
MA0101202305A0186558,4,0.0,0.0,1,0.0063025210084033615
MA0101202305A0187767,4,1.0,1.0,4,0.03195010183299389
MA0101202305A0188372,4,1.0,0.0,5,0.26744186046511625
MA0101202305A0188482,4,1.0,0.0,3,0.02345537757437071
MA0101202305A0188570,4,1.0,0.0,5,0.33152173913043476
MA0101202305A0188867,4,1.0,0.0,1,0.034482758620689655
MA0101202305A0188899,4,1.0,0.0,1,0.006578947368421052
MA0101202305A0190985,1,1.0,1.0,5,0.09689843908372188
MA0101202305A0192787,4,1.0,1.0,2,0.0768348623853211
MA0101202305A0192803,1,1.0,1.0,3,0.13953488372093023
MA0101202305A0193253,4,1.0,0.0,3,0.07190265486725664
MA0101202305A0193607,4,1.0,1.0,4,0.03125
MA0101202305A0193886,4,1.0,0.0,2,0.016666666666666666
MA0101202305A0194005,4,1.0,0.0,3,1.0
MA0101202305A0194263,4,1.0,1.0,5,1.0
MA0101202305A0195473,4,1.0,0.0,5,0.49905392620624406
MA0101202305A0195578,4,1.0,0.0,3,0.0
MA0101202305A0195863,4,1.0,0.0,4,0.10107566765578635
MA0101202305A0196087,4,1.0,0.0,1,3.829070301730739e-05
MA0101202305A0196452,4,1.0,0.0,2,0.0018584356819650936
MA0101202305A0196489,4,1.0,0.0,3,0.14727722772277227
MA0101202305A0196708,4,1.0,0.0,1,0.08808724832214765
MA0101202305A0196742,4,1.0,0.0,3,0.21134020618556698
MA0101202305A0196973,4,1.0,0.0,0,0.0
MA0101202305A0198307,4,1.0,0.0,1,0.0019297568506368196
MA0101202305A0198442,4,1.0,0.0,3,1.0
MA0101202305A0198708,4,1.0,0.0,1,0.046875
MA0101202305A0199071,4,1.0,1.0,3,0.058333333333333334
MA0101202305A0199155,4,1.0,0.0,3,0.20261437908496732
MA0101202305A0199268,4,1.0,0.0,1,0.8125
MA0101202305A0199635,4,1.0,1.0,3,0.10099337748344371
MA0101202305A0199886,4,1.0,0.0,2,0.0003281647386988267
MA0101202305A0200559,1,1.0,0.0,3,0.05555555555555555
MA0101202305A0201928,1,1.0,0.0,1,0.022222222222222223
MA0101202305A0201948,4,1.0,0.0,2,0.234375
MA0101202305A0202113,4,1.0,0.0,5,0.5091743119266054
MA0101202305A0202734,4,1.0,1.0,3,0.023061497326203207
MA0101202305A0204187,1,1.0,1.0,4,0.043478260869565216
MA0101202305A0204336,4,1.0,0.0,3,0.010131223465843303
MA0101202305A0204531,4,1.0,0.0,3,0.0
MA0101202305A0205721,4,1.0,1.0,4,0.04809725158562368
MA0101202305A0205855,4,1.0,1.0,1,0.007281553398058253
MA0101202305A0205982,4,1.0,1.0,5,1.0
MA0101202305A0206172,4,1.0,0.0,0,0.0
MA0101202305A0206347,4,1.0,1.0,1,0.002178649237472767
MA0101202306A0000479,4,1.0,0.0,2,0.0030989906144855673
MA0101202306A0000894,4,1.0,0.0,3,0.05957538994800693
MA0101202306A0000949,4,1.0,0.0,0,0.0
MA0101202306A0001095,1,1.0,0.0,2,0.1891891891891892
MA0101202306A0001485,4,1.0,0.0,4,0.23067632850241546
MA0101202306A0001880,1,1.0,0.0,4,0.011620111731843576
MA0101202306A0002520,4,1.0,1.0,1,0.0
MA0101202306A0002988,4,0.0,0.0,2,0.0035535117056856185
MA0101202306A0003001,1,0.0,0.0,3,0.12096774193548387
MA0101202306A0003410,4,1.0,0.0,4,0.4358974358974359
MA0101202306A0003483,1,1.0,1.0,3,0.5277044854881267
MA0101202306A0004013,4,0.0,0.0,3,0.021808999081726354
MA0101202306A0004239,4,1.0,0.0,4,0.1201923076923077
MA0101202306A0004915,1,1.0,0.0,5,0.8136882129277566
MA0101202306A0005759,4,1.0,0.0,3,0.304635761589404
MA0101202306A0006634,4,0.0,0.0,2,0.003769791404875597
MA0101202306A0007859,4,1.0,0.0,0,0.0
MA0101202306A0008683,4,1.0,0.0,4,0.1377952755905512
MA0101202306A0009312,1,1.0,0.0,5,0.9298245614035088
MA0101202306A0009457,1,0.0,0.0,0,0.0
MA0101202306A0010150,4,1.0,0.0,5,0.02003484320557491
MA0101202306A0010261,4,1.0,1.0,3,0.023917995444191344
MA0101202306A0010696,4,1.0,0.0,1,0.006124115405552532
MA0101202306A0010801,4,1.0,0.0,0,0.0
MA0101202306A0011088,4,1.0,0.0,1,0.012012012012012012
MA0101202306A0011089,4,1.0,0.0,3,0.017438900203665987
MA0101202306A0011314,1,1.0,0.0,3,0.09696969696969697
MA0101202306A0011472,4,1.0,1.0,2,0.07077625570776255
MA0101202306A0011699,4,1.0,1.0,3,0.0
MA0101202306A0012070,4,1.0,0.0,1,0.0625
MA0101202306A0012991,4,1.0,0.0,3,0.14516129032258066
MA0101202306A0013543,4,1.0,0.0,0,0.0
MA0101202306A0013700,4,0.0,0.0,1,0.006499133448873483
MA0101202306A0014047,4,1.0,1.0,1,0.0036101083032490976
MA0101202306A0015415,4,1.0,0.0,2,0.013888888888888888
MA0101202306A0016285,4,1.0,0.0,0,0.0
MA0101202306A0017886,4,1.0,0.0,5,0.39957264957264954
MA0101202306A0017897,4,1.0,1.0,2,0.012237762237762238
MA0101202306A0018350,4,1.0,0.0,1,0.01937984496124031
MA0101202306A0018502,4,1.0,0.0,4,0.37424058323207776
MA0101202306A0018709,4,1.0,0.0,2,0.09333333333333334
MA0101202306A0018811,4,1.0,1.0,1,0.037698412698412696
MA0101202306A0018884,4,1.0,1.0,2,0.01715686274509804
MA0101202306A0019058,4,1.0,0.0,4,0.06063829787234042
MA0101202306A0019250,4,1.0,1.0,3,0.02992194275802255
MA0101202306A0019720,4,1.0,0.0,1,0.0
MA0101202306A0022618,4,0.0,0.0,4,0.043764302059496565
MA0101202306A0022690,4,0.0,0.0,5,0.23925501432664756
MA0101202306A0023695,1,1.0,0.0,4,0.3940066592674806
MA0101202306A0023847,4,0.0,0.0,2,0.02777777777777778
MA0101202306A0023968,4,1.0,0.0,0,0.0
MA0101202306A0025005,4,1.0,0.0,2,0.08806818181818182
MA0101202306A0025654,4,1.0,0.0,1,0.002170767004341534
MA0101202306A0026406,4,1.0,0.0,1,0.0139531717941737
MA0101202306A0026598,4,1.0,0.0,0,0.0
MA0101202306A0026814,4,1.0,0.0,1,0.034482758620689655
MA0101202306A0027515,4,1.0,0.0,5,0.1376429199648197
MA0101202306A0028035,4,1.0,1.0,3,0.0044004400440044
MA0101202306A0028863,4,1.0,0.0,1,0.01016260162601626
MA0101202306A0029452,4,1.0,0.0,3,0.015625
MA0101202306A0029525,1,0.0,0.0,0,0.0
MA0101202306A0029668,1,1.0,0.0,5,1.0
MA0101202306A0029854,4,1.0,0.0,4,0.33653846153846156
MA0101202306A0029877,4,1.0,1.0,4,0.7990196078431373
MA0101202306A0030256,4,1.0,1.0,2,0.009505703422053232
MA0101202306A0030864,1,0.0,0.0,3,0.07692307692307693
MA0101202306A0031655,4,1.0,0.0,3,0.0011904761904761915
MA0101202306A0031713,4,1.0,0.0,3,0.1092233009708738
MA0101202306A0032251,4,1.0,0.0,3,0.027016595908915475
MA0101202306A0032944,4,1.0,0.0,2,0.11885245901639344
MA0101202306A0034168,4,1.0,0.0,1,0.0001537042729787888
MA0101202306A0034249,4,1.0,0.0,0,0.0
MA0101202306A0034447,4,1.0,1.0,5,1.0
MA0101202306A0034651,4,1.0,0.0,1,0.015090543259557344
MA0101202306A0034741,4,1.0,0.0,2,0.06419939577039274
MA0101202306A0034760,4,1.0,0.0,3,0.036637931034482756
MA0101202306A0034979,4,1.0,1.0,4,0.058130699088145894
MA0101202306A0035176,4,1.0,0.0,5,0.5860051993067591
MA0101202306A0035244,4,1.0,1.0,4,0.27486910994764396
MA0101202306A0035594,4,1.0,1.0,2,0.1179245283018868
MA0101202306A0035828,4,1.0,0.0,1,0.005509641873278237
MA0101202306A0035861,4,1.0,0.0,3,0.0
MA0101202306A0036000,1,1.0,0.0,3,0.044543429844097995
MA0101202306A0036376,1,1.0,0.0,0,0.0
MA0101202306A0036867,4,1.0,0.0,1,0.000608149199270221
MA0101202306A0037077,4,1.0,0.0,5,0.33635187580853815
MA0101202306A0037162,4,1.0,0.0,3,0.001787709497206704
MA0101202306A0037257,4,1.0,0.0,2,0.12704918032786885
MA0101202306A0037341,1,1.0,0.0,5,1.0
MA0101202306A0037414,4,0.0,0.0,3,0.05291820797369502
MA0101202306A0037608,4,1.0,0.0,3,0.4114509246088194
MA0101202306A0038461,4,1.0,0.0,1,0.007972665148063782
MA0101202306A0038834,4,1.0,0.0,2,0.09523809523809523
MA0101202306A0039067,4,1.0,0.0,3,0.003643852978453739
MA0101202306A0039567,4,1.0,0.0,5,1.0
MA0101202306A0040062,4,1.0,0.0,1,0.010736196319018404
MA0101202306A0040281,4,1.0,0.0,1,0.0006464124111182935
MA0101202306A0042718,4,1.0,0.0,1,0.040492957746478875
MA0101202306A0043007,1,1.0,0.0,0,0.0
MA0101202306A0043345,1,1.0,0.0,0,0.0
MA0101202306A0043728,4,1.0,0.0,4,0.5487804878048781
MA0101202306A0043804,4,1.0,0.0,2,0.03508771929824561
MA0101202306A0045102,4,1.0,0.0,2,0.008555133079847909
MA0101202306A0045132,4,1.0,0.0,2,0.0013706140350877192
MA0101202306A0045182,4,1.0,0.0,1,0.0015756302521008404
MA0101202306A0045660,4,1.0,0.0,0,0.0
MA0101202306A0046095,4,1.0,0.0,5,0.732051282051282
MA0101202306A0046321,4,1.0,0.0,3,0.0
MA0101202306A0046946,4,1.0,0.0,3,0.0
MA0101202306A0047835,4,1.0,0.0,4,0.8552631578947368
MA0101202306A0048184,4,1.0,0.0,0,0.0
MA0101202306A0048351,4,1.0,0.0,2,0.008190618019359643
MA0101202306A0048696,4,1.0,0.0,1,0.028688524590163935
MA0101202306A0049557,4,1.0,0.0,1,0.00430359937402191
MA0101202306A0049850,4,1.0,0.0,4,0.026299112801013942
MA0101202306A0049883,4,1.0,1.0,4,0.03409090909090909
MA0101202306A0050568,4,1.0,0.0,3,0.10510510510510511
MA0101202306A0051031,4,0.0,0.0,1,0.0021258503401360546
MA0101202306A0051075,4,1.0,0.0,3,0.16532258064516128
MA0101202306A0051592,4,1.0,0.0,3,0.01647058823529412
MA0101202306A0052627,4,1.0,0.0,1,0.007328990228013029
MA0101202306A0052760,4,1.0,0.0,4,0.07516339869281045
MA0101202306A0052799,4,1.0,0.0,1,0.012096774193548387
MA0101202306A0053165,1,0.0,0.0,0,0.0
MA0101202306A0053357,4,1.0,0.0,1,0.0019297568506368196
MA0101202306A0053622,4,1.0,0.0,2,0.08403361344537814
MA0101202306A0054114,4,0.0,0.0,5,0.17276422764227642
MA0101202306A0054244,4,1.0,0.0,3,1.0
MA0101202306A0054407,4,1.0,0.0,2,0.021505376344086023
MA0101202306A0054593,4,1.0,0.0,1,0.054945054945054944
MA0101202306A0054939,4,1.0,0.0,3,0.010638297872340425
MA0101202306A0055079,4,0.0,0.0,1,0.008680555555555556
MA0101202306A0055279,4,1.0,0.0,4,0.1599691963035564
MA0101202306A0055374,4,1.0,0.0,1,0.0019251925192519251
MA0101202306A0055472,1,1.0,0.0,4,0.0058219178082191785
MA0101202306A0055530,4,1.0,0.0,0,0.0
MA0101202306A0055564,4,1.0,0.0,1,0.0022271714922048997
MA0101202306A0056035,4,1.0,0.0,2,0.006674757281553398
MA0101202306A0056600,4,1.0,0.0,1,0.006473634651600753
MA0101202306A0057851,4,1.0,0.0,2,0.006591337099811676
MA0101202306A0058614,4,0.0,1.0,2,0.006564786913473956
MA0101202306A0059683,4,1.0,0.0,3,0.06553398058252427
MA0101202306A0059792,4,0.0,0.0,4,0.23167848699763596
MA0101202306A0060223,4,1.0,0.0,4,0.46709129511677283
MA0101202306A0060266,4,1.0,0.0,0,0.0
MA0101202306A0060386,4,1.0,0.0,3,0.0
MA0101202306A0061846,4,1.0,1.0,2,0.140625
MA0101202306A0062166,4,1.0,0.0,1,0.0008406186953597848
MA0101202306A0062257,4,1.0,1.0,3,1.0
MA0101202306A0063797,4,1.0,1.0,3,0.015166835187057633
MA0101202306A0064300,4,0.0,1.0,2,0.02042483660130719
MA0101202306A0064402,4,1.0,0.0,1,0.0015391380826737027
MA0101202306A0065301,4,1.0,0.0,1,0.003326996197718631
MA0101202306A0065713,1,1.0,0.0,3,0.034967845659163985
MA0101202306A0066077,1,1.0,0.0,0,0.0
MA0101202306A0066423,1,1.0,0.0,4,0.11277602523659307
MA0101202306A0066599,1,0.0,1.0,2,0.0016160310277957336
MA0101202306A0067318,4,1.0,0.0,1,0.008333333333333333
MA0101202306A0067505,4,1.0,0.0,1,0.003222026947861746
MA0101202306A0067591,4,1.0,0.0,3,0.03669154228855721
MA0101202306A0068557,4,1.0,0.0,2,0.015625
MA0101202306A0068692,4,,,1,0.0010901162790697674
MA0101202306A0068983,4,1.0,0.0,0,0.0
MA0101202306A0069435,4,1.0,0.0,5,0.12130479102956167
MA0101202306A0069488,4,1.0,1.0,3,0.0
MA0101202306A0069962,4,1.0,0.0,0,0.0
MA0101202306A0070198,4,1.0,0.0,0,0.0
MA0101202306A0070528,4,1.0,0.0,0,0.0
MA0101202306A0071265,4,1.0,1.0,2,0.008598562628336755
MA0101202306A0071499,4,1.0,0.0,0,0.0
MA0101202306A0071865,1,1.0,0.0,5,1.0
MA0101202306A0071898,4,1.0,0.0,2,0.02010406811731315
MA0101202306A0072414,1,1.0,1.0,4,0.8863636363636362
MA0101202306A0074009,4,1.0,0.0,4,0.12037037037037036
MA0101202306A0074315,4,1.0,0.0,1,0.0054466230936819175
MA0101202306A0074697,4,1.0,1.0,5,0.20842824601366744
MA0101202306A0074896,4,1.0,0.0,3,0.0
MA0101202306A0075551,4,1.0,0.0,1,0.004107338444687842
MA0101202306A0075888,4,1.0,0.0,4,0.6876876876876877
MA0101202306A0076281,4,1.0,0.0,1,0.013043478260869565
MA0101202306A0076654,4,1.0,1.0,3,0.056910569105691054
MA0101202306A0076871,4,1.0,0.0,4,0.17566137566137566
MA0101202306A0076955,4,1.0,1.0,3,1.0
MA0101202306A0077190,4,1.0,0.0,0,0.0
MA0101202306A0077549,4,1.0,0.0,3,0.003142104196229475
MA0101202306A0078258,4,1.0,1.0,2,0.014807162534435262
MA0101202306A0078541,1,1.0,1.0,5,0.4095238095238095
MA0101202306A0079465,4,1.0,0.0,2,0.004843540883308903
MA0101202306A0079482,4,1.0,0.0,2,0.020910780669144983
MA0101202306A0079747,4,1.0,0.0,2,0.0011312217194570137
MA0101202306A0080708,4,1.0,0.0,3,0.012806236080178173
MA0101202306A0080883,1,1.0,0.0,3,1.0
MA0101202306A0081109,4,1.0,0.0,3,0.0
MA0101202306A0081703,4,0.0,0.0,3,0.008394317692638828
MA0101202306A0082356,4,1.0,0.0,2,0.006533700137551583
MA0101202306A0083299,4,1.0,0.0,2,0.05
MA0101202306A0084368,4,1.0,1.0,1,0.0030303030303030303
MA0101202306A0084393,4,1.0,0.0,1,0.0018656716417910447
MA0101202306A0084976,4,1.0,0.0,0,0.0
MA0101202306A0085032,4,1.0,0.0,4,0.12090163934426229
MA0101202306A0085205,4,1.0,0.0,1,0.0
MA0101202306A0085377,4,1.0,0.0,1,0.0035112359550561797
MA0101202306A0085662,4,0.0,0.0,3,0.09112519809825674
MA0101202306A0085791,4,1.0,1.0,5,0.1326923076923077
MA0101202306A0086242,4,1.0,1.0,3,0.025056947608200455
MA0101202306A0086993,1,1.0,1.0,2,0.009823182711198428
MA0101202306A0087339,4,1.0,1.0,2,0.04204398447606727
MA0101202306A0088203,4,1.0,0.0,4,0.03671328671328671
MA0101202306A0088312,4,1.0,0.0,2,0.04901960784313726
MA0101202306A0089393,4,1.0,0.0,1,0.0018115942028985507
MA0101202306A0089564,4,1.0,0.0,4,0.3072916666666667
MA0101202306A0089646,4,1.0,1.0,4,0.04980563654033041
MA0101202306A0089759,4,1.0,0.0,1,0.02412280701754386
MA0101202306A0089978,4,1.0,0.0,4,0.24019607843137253
MA0101202306A0090652,4,1.0,0.0,4,0.10478359908883828
MA0101202306A0090696,4,1.0,0.0,4,0.06970260223048327
MA0101202306A0091032,4,1.0,0.0,2,0.03125
MA0101202306A0091193,4,1.0,0.0,3,0.0
MA0101202306A0091227,1,1.0,0.0,1,0.005128205128205128
MA0101202306A0091635,4,1.0,1.0,4,0.06644321766561515
MA0101202306A0091826,4,1.0,0.0,1,0.0006887052341597796
MA0101202306A0092189,1,1.0,0.0,5,0.31386412542268677
MA0101202306A0092235,4,1.0,0.0,1,0.022727272727272728
MA0101202306A0092248,4,1.0,0.0,1,0.007739938080495357
MA0101202306A0092272,4,1.0,0.0,0,0.0
MA0101202306A0092394,4,0.0,0.0,3,0.014653865588681153
MA0101202306A0092465,4,1.0,0.0,0,0.0
MA0101202306A0093263,4,1.0,0.0,3,0.010869565217391304
MA0101202306A0093438,4,1.0,1.0,3,0.015988372093023256
MA0101202306A0093456,4,0.0,1.0,3,0.48780487804878053
MA0101202306A0093968,4,0.0,0.0,5,1.0
MA0101202306A0094084,4,1.0,1.0,1,0.018558951965065504
MA0101202306A0095437,4,1.0,1.0,3,0.012577727529677785
MA0101202306A0095649,4,1.0,0.0,3,0.021657250470809793
MA0101202306A0096386,4,1.0,0.0,1,0.0031779661016949155
MA0101202306A0096493,4,1.0,0.0,3,0.07816229116945107
MA0101202306A0096507,4,1.0,1.0,4,0.3317757009345794
MA0101202306A0097088,1,0.0,1.0,5,1.0
MA0101202306A0097181,1,1.0,0.0,0,0.0
MA0101202306A0097221,1,1.0,1.0,3,0.0
MA0101202306A0097364,4,1.0,1.0,0,0.0
MA0101202306A0097799,4,1.0,0.0,3,0.003485424588086185
MA0101202306A0097805,1,1.0,0.0,3,1.0
MA0101202306A0098159,4,1.0,0.0,1,0.03682170542635659
MA0101202306A0098368,4,1.0,0.0,4,0.016349504154382202
MA0101202306A0098791,4,1.0,0.0,1,0.019083969465648856
MA0101202306A0098839,4,1.0,0.0,1,0.0
MA0101202306A0099228,4,1.0,0.0,1,0.021897810218978103
MA0101202306A0099399,4,1.0,0.0,3,0.03127326880119136
MA0101202306A0099473,1,0.0,0.0,3,0.006140917905623788
MA0101202306A0099719,4,1.0,1.0,5,0.36629353233830847
MA0101202306A0100492,4,1.0,0.0,4,0.01580135440180587
MA0101202306A0101069,4,1.0,0.0,0,0.0
MA0101202306A0102299,4,1.0,1.0,2,0.004427129449265096
MA0101202306A0102607,4,1.0,0.0,5,0.44352617079889806
MA0101202306A0102784,4,1.0,0.0,4,0.10267111853088481
MA0101202306A0103131,4,1.0,0.0,3,1.0
MA0101202306A0103305,4,1.0,0.0,3,0.031367976904286034
MA0101202306A0103334,4,1.0,0.0,2,0.09828009828009827
MA0101202306A0103604,4,1.0,1.0,2,0.07842205323193917
MA0101202306A0105069,1,1.0,0.0,2,0.05517241379310345
MA0101202306A0105744,4,1.0,1.0,5,1.0
MA0101202306A0106137,4,1.0,1.0,1,0.011160714285714286
MA0101202306A0106392,4,1.0,1.0,3,0.03260869565217391
MA0101202306A0106711,4,1.0,0.0,1,0.00294811320754717
MA0101202306A0106946,1,1.0,0.0,1,0.003859513701273639
MA0101202306A0108875,4,1.0,0.0,5,1.0
MA0101202306A0109499,1,1.0,0.0,5,1.0
MA0101202306A0109542,4,1.0,0.0,2,0.051491477272727265
MA0101202306A0109569,4,1.0,0.0,2,0.01001669449081803
MA0101202306A0109599,4,1.0,0.0,1,0.011111111111111112
MA0101202306A0109774,4,1.0,1.0,2,0.004125412541254125
MA0101202306A0110438,4,1.0,0.0,4,0.016318124207858047
MA0101202306A0110669,1,0.0,0.0,1,0.010853478046373953
MA0101202306A0110790,4,1.0,1.0,1,0.012711864406779662
MA0101202307A0000750,4,1.0,1.0,4,0.04583172520262446
MA0101202307A0000815,4,1.0,0.0,1,0.009202453987730062
MA0101202307A0001001,4,0.0,0.0,3,0.0
MA0101202307A0001016,4,1.0,0.0,1,0.013888888888888888
MA0101202307A0001081,4,0.0,0.0,3,0.15839569861222116
MA0101202307A0001098,1,1.0,0.0,3,0.15372670807453415
MA0101202307A0001427,4,1.0,0.0,4,0.0762081784386617
MA0101202307A0001545,1,0.0,0.0,3,0.0381173351010938
MA0101202307A0002224,4,1.0,0.0,1,0.0029832935560859188
MA0101202307A0002788,4,1.0,0.0,4,0.115234375
MA0101202307A0003293,4,1.0,1.0,1,0.005208333333333333
MA0101202307A0003884,4,1.0,0.0,3,0.01680672268907563
MA0101202307A0004561,4,1.0,0.0,2,0.012832699619771864
MA0101202307A0004712,4,0.0,1.0,4,0.09214588961790814
MA0101202307A0004876,4,1.0,0.0,1,0.0
MA0101202307A0004902,4,1.0,1.0,3,0.0
MA0101202307A0004941,4,1.0,1.0,4,0.04664179104477612
MA0101202307A0005333,4,1.0,0.0,2,0.007436787307882995
MA0101202307A0005525,4,0.0,0.0,1,0.010869565217391304
MA0101202307A0006157,4,1.0,0.0,3,0.0
MA0101202307A0007699,1,1.0,1.0,5,1.0
MA0101202307A0009365,4,1.0,0.0,1,0.0016339869281045752
MA0101202307A0009443,4,1.0,1.0,3,0.07716049382716049
MA0101202307A0009628,4,1.0,0.0,2,0.016556291390728478
MA0101202307A0009809,4,1.0,1.0,5,0.14444444444444443
MA0101202307A0010992,4,1.0,0.0,2,0.016042780748663103
MA0101202307A0011250,4,1.0,0.0,2,0.011019283746556474
MA0101202307A0011647,4,1.0,0.0,4,0.014906832298136646
MA0101202307A0012359,1,1.0,1.0,5,0.7632987094743469
MA0101202307A0012631,1,0.0,0.0,4,0.12239800166527892
MA0101202307A0012680,4,1.0,0.0,1,0.0004553734061930783
MA0101202307A0014877,4,1.0,0.0,1,0.0022123893805309734
MA0101202307A0015290,1,1.0,0.0,4,0.8032786885245902
MA0101202307A0015445,4,1.0,1.0,3,1.0
MA0101202307A0016220,4,0.0,1.0,3,0.005371984593553618
MA0101202307A0016321,4,1.0,0.0,4,0.04467922606924644
MA0101202307A0016630,4,1.0,0.0,4,0.05714936247723133
MA0101202307A0017208,4,1.0,0.0,3,0.07550335570469799
MA0101202307A0017319,4,1.0,0.0,2,0.008714596949891068
MA0101202307A0018996,4,1.0,0.0,4,0.013322884012539185
MA0101202307A0020221,4,0.0,0.0,1,0.004424778761061947
MA0101202307A0020276,4,0.0,0.0,2,0.022769516728624536
MA0101202307A0020288,4,1.0,1.0,1,0.008130081300813009
MA0101202307A0020477,4,1.0,0.0,1,0.011210762331838564
MA0101202307A0020799,4,1.0,0.0,0,0.0
MA0101202307A0022277,4,1.0,0.0,1,0.00479539641943734
MA0101202307A0022374,4,1.0,0.0,2,0.008333333333333333
MA0101202307A0022518,4,1.0,0.0,0,0.0
MA0101202307A0022804,4,1.0,1.0,1,0.0030864197530864196
MA0101202307A0023580,4,1.0,0.0,4,0.02376425855513308
MA0101202307A0023645,4,1.0,0.0,2,0.006006864988558352
MA0101202307A0023838,4,1.0,0.0,1,0.0028517110266159697
MA0101202307A0024017,4,1.0,0.0,5,0.01697080291970803
MA0101202307A0024946,4,1.0,0.0,0,0.0
MA0101202307A0025181,1,1.0,1.0,3,1.0
MA0101202307A0026988,4,1.0,0.0,1,0.007009345794392523
MA0101202307A0027224,4,1.0,0.0,1,0.005122950819672131
MA0101202307A0027334,4,1.0,0.0,2,0.1977077363896848
MA0101202307A0027591,1,0.0,0.0,5,0.9881703470031545
MA0101202307A0027944,4,1.0,0.0,2,0.0012120232708468003
MA0101202307A0028272,4,1.0,0.0,4,0.9186241610738255
MA0101202307A0028967,4,1.0,1.0,1,0.013127853881278538
MA0101202307A0029579,4,1.0,0.0,1,0.2
MA0101202307A0029658,4,1.0,0.0,1,0.013227513227513227
MA0101202307A0030004,1,1.0,0.0,4,0.4545454545454546
MA0101202307A0030146,4,1.0,0.0,3,0.0
MA0101202307A0030871,1,1.0,0.0,0,0.0
MA0101202307A0030912,4,1.0,0.0,1,0.23076923076923078
MA0101202307A0031753,4,1.0,0.0,2,0.007269789983844911
MA0101202307A0032497,4,1.0,0.0,4,0.04015151515151515
MA0101202307A0032588,4,0.0,0.0,3,0.03982300884955752
MA0101202307A0034027,4,1.0,0.0,2,0.03547105561861521
MA0101202307A0034470,4,1.0,1.0,0,0.0
MA0101202307A0034604,4,1.0,0.0,1,0.003926701570680628
MA0101202307A0035198,4,1.0,1.0,4,0.010176017601760175
MA0101202307A0035390,4,1.0,0.0,3,0.030100334448160536
MA0101202307A0035400,4,1.0,0.0,3,0.032552083333333336
MA0101202307A0035622,4,1.0,0.0,0,0.0
MA0101202307A0036121,4,1.0,0.0,2,0.021604938271604937
MA0101202307A0036738,4,1.0,0.0,4,0.01492082825822168
MA0101202307A0036941,4,0.0,0.0,4,0.03831041257367387
MA0101202307A0037182,1,0.0,0.0,4,0.041220115416323165
MA0101202307A0037469,4,1.0,0.0,1,0.0011904761904761906
MA0101202307A0037550,4,1.0,0.0,1,0.0040650406504065045
MA0101202307A0038562,4,1.0,1.0,4,0.027484608619173262
MA0101202307A0038822,4,1.0,0.0,2,0.013489208633093525
MA0101202307A0038864,1,1.0,0.0,3,0.056451612903225805
MA0101202307A0040395,4,1.0,0.0,0,0.0
MA0101202307A0041186,4,1.0,0.0,1,0.004646840148698885
MA0101202307A0041440,4,1.0,0.0,3,0.5625
MA0101202307A0041897,4,1.0,0.0,0,0.0
MA0101202307A0042089,4,1.0,1.0,4,0.0763888888888889
MA0101202307A0042386,4,1.0,0.0,0,0.0
MA0101202307A0043366,4,0.0,0.0,3,0.014171511627906976
MA0101202307A0044765,4,1.0,0.0,4,0.19927536231884058
MA0101202307A0045543,4,1.0,0.0,3,0.016791044776119403
MA0101202307A0047253,4,0.0,0.0,0,0.0
MA0101202307A0047275,4,1.0,0.0,3,0.009075615370993446
MA0101202307A0048267,4,1.0,0.0,2,0.0072992700729927005
MA0101202307A0048670,4,1.0,0.0,0,0.0
MA0101202307A0049049,4,1.0,0.0,5,0.10714285714285714
MA0101202307A0049688,4,1.0,1.0,3,0.03482587064676617
MA0101202307A0049690,4,1.0,0.0,1,0.0013089005235602095
MA0101202307A0049735,4,1.0,0.0,2,0.0076045627376425855
MA0101202307A0050204,4,1.0,0.0,1,0.0016778523489932886
MA0101202307A0051250,4,1.0,1.0,3,0.09550561797752809
MA0101202307A0051907,4,1.0,0.0,3,0.0
MA0101202307A0053635,4,1.0,0.0,1,0.00035971223021582735
MA0101202307A0053886,4,1.0,1.0,1,0.00018815855494229804
MA0101202307A0053966,4,1.0,0.0,2,0.005689001264222503
MA0101202307A0054071,4,1.0,0.0,4,0.020085470085470087
MA0101202307A0055690,4,1.0,0.0,4,0.7692307692307693
MA0101202307A0056660,1,1.0,0.0,5,1.0
MA0101202307A0057084,4,1.0,1.0,3,0.05434782608695653
MA0101202307A0058506,4,1.0,0.0,3,0.06073446327683616
MA0101202307A0060202,4,1.0,0.0,4,0.048465266558966075
MA0101202307A0061192,4,1.0,0.0,3,0.02143223819301848
MA0101202307A0062464,4,0.0,0.0,2,0.015988372093023256
MA0101202307A0063261,4,1.0,0.0,2,0.013322884012539185
MA0101202307A0064584,4,1.0,0.0,0,0.0
MA0101202307A0064816,4,1.0,0.0,5,0.26575468798032587
MA0101202307A0066628,4,1.0,1.0,1,0.0028517110266159697
MA0101202307A0066890,4,1.0,0.0,1,0.011363636363636364
MA0101202307A0067355,1,1.0,0.0,4,0.20655737704918034
MA0101202307A0067969,4,0.0,1.0,4,0.040983606557377046
MA0101202307A0068563,4,1.0,1.0,3,0.003643852978453739
MA0101202307A0070239,4,1.0,0.0,3,0.012520868113522538
MA0101202307A0071318,4,1.0,1.0,3,0.031367976904286034
MA0101202307A0072724,4,1.0,0.0,2,0.002574370709382151
MA0101202307A0073355,4,1.0,1.0,4,0.07520325203252033
MA0101202307A0073495,4,1.0,1.0,2,0.02012072434607646
MA0101202307A0074161,4,1.0,1.0,2,0.033203125
MA0101202307A0074424,4,1.0,0.0,2,0.02973240832507433
MA0101202307A0075383,4,1.0,0.0,4,0.22546012269938648
MA0101202307A0075541,4,1.0,0.0,3,0.07608695652173914
MA0101202307A0076163,4,1.0,0.0,1,0.06329113924050633
MA0101202307A0076692,4,1.0,0.0,1,0.038461538461538464
MA0101202307A0076970,4,0.0,1.0,0,0.0
MA0101202307A0077441,1,1.0,0.0,5,1.0
MA0101202307A0077866,4,1.0,0.0,4,0.05045871559633028
MA0101202307A0077927,4,1.0,1.0,2,0.02164009111617312
MA0101202307A0077952,4,1.0,1.0,5,0.43235085227272724
MA0101202307A0078418,4,1.0,0.0,5,0.053314413136022705
MA0101202307A0079898,4,1.0,0.0,2,0.03275109170305677
MA0101202307A0079919,4,1.0,0.0,1,0.0018963337547408343
MA0101202307A0080281,4,1.0,0.0,2,0.02210610932475884
MA0101202307A0080626,4,1.0,0.0,0,0.0
MA0101202307A0080895,4,1.0,0.0,4,0.014515292897874546
MA0101202307A0081040,4,1.0,0.0,1,0.0016812373907195697
MA0101202307A0081285,4,1.0,0.0,2,0.006756756756756757
MA0101202307A0081853,4,1.0,0.0,2,0.009505703422053232
MA0101202307A0082003,4,1.0,0.0,1,0.0012437810945273632
MA0101202307A0082238,4,1.0,0.0,1,0.0
MA0101202307A0082501,4,0.0,0.0,4,0.08465189873417721
MA0101202307A0082692,1,1.0,0.0,2,0.006724949562878279
MA0101202307A0083663,1,1.0,0.0,4,0.09975669099756691
MA0101202307A0085387,4,1.0,1.0,2,0.05434782608695652
MA0101202307A0086015,4,1.0,0.0,1,0.01171875
MA0101202307A0086251,4,1.0,1.0,1,0.0018115942028985507
MA0101202307A0086757,1,1.0,0.0,4,0.042606516290726815
MA0101202307A0087555,4,1.0,0.0,1,0.000111731843575419
MA0101202307A0088937,4,1.0,0.0,0,0.0
MA0101202307A0089191,4,1.0,1.0,3,0.005161290322580645
MA0101202307A0089360,4,1.0,1.0,1,0.02620967741935484
MA0101202307A0089678,4,1.0,1.0,3,0.0
MA0101202307A0090117,4,1.0,0.0,0,0.0
MA0101202307A0090384,4,0.0,0.0,0,0.0
MA0101202307A0090419,4,1.0,0.0,3,0.10234499205087441
MA0101202307A0090821,4,1.0,0.0,1,0.0026984888462461025
MA0101202307A0091049,4,1.0,0.0,0,0.0
MA0101202307A0091466,4,1.0,0.0,4,0.21951219512195122
MA0101202307A0091522,4,1.0,0.0,1,0.0019011406844106464
MA0101202307A0091578,4,1.0,0.0,2,0.026041666666666664
MA0101202307A0091611,4,1.0,1.0,5,0.14236902050113895
MA0101202307A0093234,4,1.0,0.0,1,0.002738225629791895
MA0101202307A0093697,4,1.0,0.0,0,0.0
MA0101202307A0094002,4,1.0,0.0,2,0.02032520325203252
MA0101202307A0094065,4,1.0,0.0,2,0.01700049455984174
MA0101202307A0094303,4,1.0,1.0,4,0.028383287920072664
MA0101202307A0094850,4,1.0,0.0,0,0.0
MA0101202307A0095308,1,1.0,0.0,5,0.3539325842696629
MA0101202307A0095494,4,1.0,0.0,2,0.031496062992125984
MA0101202307A0095590,4,1.0,1.0,5,0.9518229166666666
MA0101202307A0095917,4,0.0,0.0,4,0.12595419847328243
MA0101202307A0095942,4,1.0,0.0,4,0.25210084033613445
MA0101202307A0096053,4,1.0,0.0,5,1.0
MA0101202307A0096463,4,1.0,0.0,5,0.2959427207637232
MA0101202307A0096509,4,1.0,0.0,1,0.05018248175182482
MA0101202307A0096814,4,0.0,0.0,3,0.01928374655647383
MA0101202307A0097445,4,1.0,1.0,4,0.12896825396825398
MA0101202307A0097496,4,1.0,0.0,2,0.09
MA0101202307A0097550,4,1.0,1.0,2,0.023970170454545452
MA0101202307A0097635,4,1.0,0.0,0,0.0
MA0101202307A0097654,4,1.0,0.0,1,0.0004752851711026616
MA0101202307A0098826,4,1.0,0.0,2,0.01478494623655914
MA0101202307A0099033,4,1.0,0.0,0,0.0
MA0101202307A0099095,4,1.0,0.0,1,0.011363636363636364
MA0101202307A0099353,4,1.0,1.0,1,0.0
MA0101202307A0099731,4,1.0,1.0,3,1.0
MA0101202307A0100185,4,0.0,1.0,5,0.0609072375127421
MA0101202307A0101164,4,1.0,0.0,1,0.028985507246376812
MA0101202307A0102112,4,1.0,0.0,5,0.08092485549132948
MA0101202307A0103147,4,1.0,0.0,1,0.008146270818247647
MA0101202307A0103313,4,1.0,1.0,4,0.07517084282460136
MA0101202307A0103740,4,0.0,0.0,5,0.06150506512301013
MA0101202307A0103741,4,1.0,0.0,4,0.17929634641407305
MA0101202307A0104030,4,1.0,0.0,5,1.0
MA0101202307A0104081,4,1.0,0.0,2,0.011194029850746268
MA0101202307A0104138,4,1.0,1.0,3,0.22135416666666666
MA0101202307A0104881,4,1.0,0.0,4,0.04041831543244771
MA0101202307A0105227,4,1.0,1.0,3,0.03920470456454774
MA0101202307A0105230,4,1.0,0.0,0,0.0
MA0101202307A0105281,4,1.0,1.0,2,0.008555133079847909
MA0101202307A0105432,4,1.0,0.0,1,0.010969285999202234
MA0101202307A0106840,4,1.0,0.0,3,0.02272727272727272
MA0101202308A0000820,4,1.0,0.0,2,0.018092105263157895
MA0101202308A0000825,4,1.0,0.0,1,0.008112094395280236
MA0101202308A0001303,4,1.0,0.0,3,0.05084745762711865
MA0101202308A0001833,4,1.0,1.0,4,0.16304347826086957
MA0101202308A0002034,4,1.0,1.0,0,0.0
MA0101202308A0003128,4,1.0,1.0,3,0.006875687568756876
MA0101202308A0003831,4,1.0,0.0,1,0.0038022813688212928
MA0101202308A0005268,4,1.0,0.0,0,0.0
MA0101202308A0005961,1,1.0,0.0,0,0.0
MA0101202308A0006062,4,1.0,0.0,1,0.0014245014245014246
MA0101202308A0006507,4,1.0,1.0,1,0.040097205346294046
MA0101202308A0007273,4,1.0,0.0,2,0.0013706140350877192
MA0101202308A0007603,4,1.0,0.0,4,0.061247723132969036
MA0101202308A0007615,4,0.0,0.0,1,0.007668711656441718
MA0101202308A0007927,4,1.0,0.0,1,0.015346534653465346
MA0101202308A0008183,4,1.0,0.0,3,0.0
MA0101202308A0008564,4,1.0,0.0,3,0.01369047619047619
MA0101202308A0009093,4,1.0,0.0,1,0.0007974481658692185
MA0101202308A0009395,4,1.0,0.0,1,0.0008508031581813231
MA0101202308A0009507,4,0.0,0.0,2,0.00423728813559322
MA0101202308A0009541,4,1.0,0.0,3,0.0687416459805232
MA0101202308A0009841,4,1.0,0.0,2,0.030893536121673004
MA0101202308A0010706,4,1.0,1.0,1,0.0038022813688212928
MA0101202308A0010964,4,1.0,1.0,2,0.013940520446096654
MA0101202308A0010986,4,1.0,0.0,1,0.0030303030303030303
MA0101202308A0011091,4,1.0,0.0,3,0.010869565217391304
MA0101202308A0011536,4,1.0,1.0,1,0.009111617312072893
MA0101202308A0012230,4,1.0,0.0,0,0.0
MA0101202308A0012842,4,1.0,0.0,2,0.011450381679389313
MA0101202308A0012960,4,1.0,0.0,2,0.02586206896551724
MA0101202308A0013892,4,1.0,0.0,3,0.3133922501699524
MA0101202308A0015238,4,1.0,0.0,2,0.0032385750269881253
MA0101202308A0015437,4,1.0,0.0,1,0.06147540983606558
MA0101202308A0015504,4,1.0,1.0,1,0.0013089005235602095
MA0101202308A0015638,4,1.0,0.0,2,0.01001669449081803
MA0101202308A0015888,4,1.0,1.0,2,0.00423728813559322
MA0101202308A0015914,4,0.0,0.0,3,0.02027027027027027
MA0101202308A0016993,4,1.0,1.0,3,0.09591584158415842
MA0101202308A0017196,4,1.0,0.0,2,0.006885593220338983
MA0101202308A0017618,4,1.0,0.0,1,0.0025188916876574307
MA0101202308A0018232,4,1.0,1.0,3,1.0
MA0101202308A0019172,4,1.0,0.0,5,1.0
MA0101202308A0020912,1,1.0,1.0,3,0.03531073446327684
MA0101202308A0021295,1,1.0,0.0,5,0.2063953488372093
MA0101202308A0021982,4,1.0,0.0,3,1.0
MA0101202308A0022154,4,1.0,0.0,4,0.1690340909090909
MA0101202308A0022313,1,1.0,0.0,0,0.0
MA0101202308A0023010,4,1.0,1.0,2,0.30219780219780223
MA0101202308A0023057,4,1.0,0.0,3,1.0
MA0101202308A0023211,4,0.0,0.0,5,0.21237337192474676
MA0101202308A0023452,4,1.0,0.0,1,0.004524886877828055
MA0101202308A0025272,1,1.0,0.0,2,0.038834951456310676
MA0101202308A0025712,4,1.0,1.0,5,0.65625
MA0101202308A0025852,4,1.0,0.0,3,0.008274231678486997
MA0101202308A0026283,4,1.0,1.0,2,0.02041903409090909
MA0101202308A0026563,4,1.0,0.0,3,0.036202185792349725
MA0101202308A0026590,4,1.0,0.0,3,0.03987730061349693
MA0101202308A0026667,4,1.0,1.0,2,0.014598540145985401
MA0101202308A0027689,4,1.0,0.0,3,0.0
MA0101202308A0027998,4,1.0,0.0,3,0.0
MA0101202308A0028098,4,1.0,1.0,3,0.0
MA0101202308A0028194,4,1.0,0.0,1,6.89084895259096e-05
MA0101202308A0028451,1,1.0,0.0,4,0.1
MA0101202308A0029311,4,0.0,0.0,4,0.01863817097415507
MA0101202308A0030196,4,0.0,1.0,5,0.6653846153846154
MA0101202308A0030431,4,1.0,0.0,2,0.008403361344537815
MA0101202308A0030464,4,1.0,0.0,2,0.04609144542772862
MA0101202308A0030596,4,1.0,0.0,2,0.0021710086840347363
MA0101202308A0030688,4,1.0,0.0,1,0.008278145695364239
MA0101202308A0030817,4,1.0,0.0,3,0.01118925831202046
MA0101202308A0031064,1,1.0,0.0,5,1.0
MA0101202308A0031853,4,1.0,0.0,5,0.09803921568627451
MA0101202308A0032043,1,1.0,0.0,2,0.0819672131147541
MA0101202308A0033512,4,1.0,0.0,3,0.1328125
MA0101202308A0033842,4,1.0,0.0,5,1.0
MA0101202308A0034229,4,1.0,0.0,4,0.12735849056603774
MA0101202308A0034909,4,1.0,1.0,5,0.13910658307210033
MA0101202308A0035100,4,0.0,0.0,4,0.03184098803550752
MA0101202308A0035111,4,1.0,0.0,1,0.002642706131078224
MA0101202308A0035503,4,1.0,0.0,1,0.006944444444444444
MA0101202308A0035688,4,1.0,0.0,2,0.011029411764705883
MA0101202308A0035848,4,1.0,0.0,1,0.0014245014245014246
MA0101202308A0036054,4,1.0,0.0,1,0.004866180048661801
MA0101202308A0036564,4,1.0,1.0,1,0.004094525035095929
MA0101202308A0037581,1,1.0,0.0,4,0.03777148253068933
MA0101202308A0038487,1,1.0,0.0,3,0.49019607843137253
MA0101202308A0040239,4,1.0,0.0,1,0.00641025641025641
MA0101202308A0040302,4,0.0,0.0,5,0.2727272727272727
MA0101202308A0040481,4,1.0,0.0,2,0.014546965918536992
MA0101202308A0040702,4,1.0,0.0,1,0.0019144862795149968
MA0101202308A0040721,4,1.0,0.0,3,0.013382759487308368
MA0101202308A0040818,1,1.0,0.0,3,0.11666666666666667
MA0101202308A0041267,4,1.0,0.0,4,0.3115942028985508
MA0101202308A0041457,4,1.0,0.0,2,0.008426966292134831
MA0101202308A0041751,4,1.0,0.0,1,0.0005656108597285068
MA0101202308A0042723,1,1.0,1.0,5,0.18518518518518517
MA0101202308A0043097,4,0.0,0.0,1,0.001816860465116279
MA0101202308A0043289,4,1.0,0.0,3,0.13079470198675497
MA0101202308A0044113,4,1.0,0.0,2,0.025167785234899327
MA0101202308A0044776,4,1.0,0.0,0,0.0
MA0101202308A0044812,4,1.0,0.0,5,0.05475594493116395
MA0101202308A0045091,4,1.0,0.0,5,0.08571428571428572
MA0101202308A0045257,4,1.0,0.0,2,0.05309734513274336
MA0101202308A0045381,4,1.0,0.0,2,0.11677282377919321
MA0101202308A0045888,4,1.0,0.0,0,0.0
MA0101202308A0046610,4,1.0,1.0,4,0.07928208027133973
MA0101202308A0047166,4,1.0,1.0,0,0.0
MA0101202308A0047402,4,1.0,0.0,5,0.676829268292683
MA0101202308A0047423,1,1.0,1.0,4,0.3386243386243386
MA0101202308A0047636,4,1.0,0.0,3,0.0
MA0101202308A0048147,1,1.0,1.0,0,0.0
MA0101202308A0048195,4,1.0,0.0,2,0.011584800741427247
MA0101202308A0048276,4,1.0,0.0,0,0.0
MA0101202308A0048280,4,1.0,0.0,1,0.004726890756302521
MA0101202308A0051755,4,1.0,0.0,3,0.0
MA0101202308A0051761,4,1.0,0.0,1,0.0017708517797060384
MA0101202308A0052236,4,1.0,0.0,3,0.0
MA0101202308A0054863,4,1.0,1.0,1,0.0111731843575419
MA0101202308A0055740,4,1.0,0.0,4,0.2890625
MA0101202308A0056518,4,0.0,0.0,2,0.03479381443298969
MA0101202308A0056597,4,1.0,0.0,3,0.08769633507853403
MA0101202308A0057194,4,1.0,1.0,2,0.0861344537815126
MA0101202308A0057483,1,1.0,0.0,5,0.48905109489051096
MA0101202308A0058164,4,1.0,0.0,5,0.06876212023270847
MA0101202308A0058918,4,1.0,0.0,3,0.06727272727272728
MA0101202308A0058997,4,1.0,0.0,0,0.0
MA0101202308A0059220,4,1.0,1.0,5,1.0
MA0101202308A0060271,4,1.0,1.0,3,0.0412621359223301
MA0101202308A0062319,1,0.0,0.0,4,0.20454545454545456
MA0101202308A0063401,4,1.0,0.0,0,0.0
MA0101202308A0064309,4,1.0,0.0,2,0.0046875
MA0101202308A0064690,4,1.0,0.0,3,0.010526315789473684
MA0101202308A0064937,4,1.0,0.0,1,0.0009406354515050167
MA0101202308A0064959,4,1.0,1.0,3,1.0
MA0101202308A0065055,4,1.0,1.0,3,0.025294117647058825
MA0101202308A0065389,1,1.0,0.0,3,0.07117437722419928
MA0101202308A0066245,4,1.0,0.0,3,0.0
MA0101202308A0066382,4,1.0,0.0,1,0.0
MA0101202308A0066607,4,1.0,0.0,2,0.0031855249745158
MA0101202308A0066653,4,1.0,0.0,3,1.0
MA0101202308A0066850,4,1.0,1.0,3,0.01640625
MA0101202308A0067101,4,1.0,0.0,5,0.2742103436306838
MA0101202308A0067110,4,1.0,1.0,4,0.28733766233766234
MA0101202308A0067429,4,1.0,0.0,1,0.006355932203389831
MA0101202308A0067846,4,1.0,0.0,2,0.010023584905660377
MA0101202308A0068041,4,1.0,0.0,3,0.2559322033898305
MA0101202308A0068112,1,1.0,0.0,2,0.004975124378109453
MA0101202308A0068514,4,1.0,0.0,3,0.03208556149732621
MA0101202308A0068827,4,1.0,0.0,3,0.015625
MA0101202308A0069094,4,1.0,0.0,2,0.0010135819987837015
MA0101202308A0069611,4,1.0,0.0,3,0.0
MA0101202308A0069976,4,1.0,0.0,4,0.317773543821448
MA0101202308A0070403,4,1.0,0.0,0,0.0
MA0101202308A0073265,4,1.0,0.0,2,0.015532544378698224
MA0101202308A0073778,1,1.0,1.0,2,0.004021110831867303
MA0101202308A0074180,4,0.0,0.0,1,0.0033632286995515697
MA0101202308A0074502,4,1.0,0.0,3,1.0
MA0101202308A0076007,4,1.0,0.0,5,1.0
MA0101202308A0076246,4,1.0,0.0,5,1.0
MA0101202308A0076671,4,1.0,1.0,2,0.00347661188369153
MA0101202308A0077116,4,1.0,1.0,5,0.8255813953488372
MA0101202308A0077529,1,1.0,0.0,5,0.15254237288135594
MA0101202308A0077877,4,0.0,0.0,3,0.018960674157303372
MA0101202308A0078102,4,1.0,0.0,3,0.0
MA0101202308A0078317,4,1.0,0.0,3,0.08155737704918033
MA0101202308A0079021,4,1.0,0.0,1,0.013157894736842105
MA0101202308A0079084,4,1.0,1.0,3,1.0
MA0101202308A0079466,1,1.0,0.0,3,0.10071942446043164
MA0101202308A0079788,4,1.0,0.0,1,0.015384615384615385
MA0101202308A0080555,4,1.0,0.0,1,0.01744186046511628
MA0101202308A0081172,4,1.0,0.0,0,0.0
MA0101202308A0081731,4,1.0,0.0,2,0.03571428571428571
MA0101202308A0082115,4,0.0,1.0,3,0.02
MA0101202308A0082206,4,1.0,0.0,1,9.793168285803823e-05
MA0101202308A0083134,4,1.0,0.0,0,0.0
MA0101202308A0083175,4,1.0,0.0,3,0.00489853044086774
MA0101202308A0083500,4,1.0,0.0,1,0.014705882352941173
MA0101202308A0084151,4,1.0,0.0,2,0.002612876254180602
MA0101202308A0084440,4,1.0,0.0,5,0.06153846153846154
MA0101202308A0084900,4,1.0,0.0,5,0.16326140920374257
MA0101202308A0085211,4,0.0,1.0,3,0.04680851063829787
MA0101202308A0086071,1,0.0,0.0,0,0.0
MA0101202308A0086788,1,1.0,1.0,5,0.3826850690087829
MA0101202308A0086872,4,1.0,0.0,1,0.006107039751276926
MA0101202308A0087092,4,1.0,0.0,3,0.016101694915254237
MA0101202308A0087121,4,1.0,0.0,2,0.019652650822669104
MA0101202308A0087431,4,1.0,0.0,1,0.005285412262156448
MA0101202308A0089586,4,1.0,1.0,3,0.0
MA0101202308A0089848,4,1.0,0.0,0,0.0
MA0101202308A0089937,4,1.0,0.0,3,0.02505446623093682
MA0101202308A0090424,1,1.0,0.0,4,0.17763157894736842
MA0101202308A0091255,4,1.0,1.0,1,0.023809523809523808
MA0101202308A0091297,4,1.0,1.0,2,0.018552226267152055
MA0101202308A0092339,4,1.0,0.0,3,0.0
MA0101202308A0092917,4,1.0,0.0,2,0.00510204081632653
MA0101202308A0092972,1,1.0,0.0,4,0.03636363636363636
MA0101202308A0093001,4,1.0,0.0,1,0.015062597809076683
MA0101202308A0093099,1,1.0,0.0,0,0.0
MA0101202308A0093110,4,0.0,0.0,1,0.009508716323296355
MA0101202308A0093139,4,1.0,1.0,4,0.3589108910891089
MA0101202308A0093522,4,1.0,1.0,2,0.009891196834817014
MA0101202308A0094209,4,1.0,0.0,3,0.07549504950495049
MA0101202308A0094906,4,1.0,1.0,1,0.001959247648902821
MA0101202308A0095095,4,1.0,0.0,2,0.003958587088915956
MA0101202308A0095103,4,1.0,1.0,3,0.2792207792207792
MA0101202308A0095159,4,1.0,0.0,3,0.013992537313432836
MA0101202308A0096532,1,1.0,0.0,4,0.03882783882783883
MA0101202308A0096614,1,0.0,0.0,0,0.0
MA0101202308A0097560,4,1.0,0.0,1,0.0009398496240601503
MA0101202308A0097760,4,1.0,0.0,2,0.02658371040723982
MA0101202308A0097940,4,1.0,0.0,3,0.051995798319327734
MA0101202308A0097948,4,1.0,0.0,1,0.062344139650872814
MA0101202308A0098063,4,1.0,0.0,0,0.0
MA0101202308A0099043,4,1.0,1.0,2,0.0053104575163398695
MA0101202308A0099321,4,0.0,0.0,3,0.018085106382978722
MA0101202308A0100703,4,1.0,0.0,3,0.05384615384615385
MA0101202308A0102361,4,1.0,0.0,2,0.03551136363636363
MA0101202308A0102429,4,1.0,1.0,2,0.02474832214765101
MA0101202308A0103862,1,1.0,0.0,0,0.0
MA0101202308A0104161,1,1.0,0.0,2,0.09090909090909091
MA0101202308A0104307,4,1.0,0.0,1,0.016170763260025874
MA0101202308A0104552,4,1.0,0.0,1,0.001002673796791444
MA0101202308A0104801,4,1.0,0.0,3,0.0
MA0101202309A0000340,4,1.0,0.0,5,0.1514476614699332
MA0101202309A0001847,4,1.0,0.0,3,0.4338235294117647
MA0101202309A0001935,4,1.0,0.0,3,0.07190265486725664
MA0101202309A0001944,4,1.0,0.0,2,0.0391644908616188
MA0101202309A0002033,4,1.0,0.0,2,0.0389344262295082
MA0101202309A0002212,4,0.0,0.0,4,0.0026726973684210527
MA0101202309A0002880,4,1.0,1.0,2,0.13978930307941653
MA0101202309A0002888,4,1.0,0.0,1,0.0037313432835820895
MA0101202309A0004375,1,1.0,0.0,1,0.004344048653344918
MA0101202309A0004521,4,0.0,0.0,4,0.09567901234567901
MA0101202309A0005044,4,1.0,0.0,4,0.008133561643835616
MA0101202309A0005311,4,1.0,0.0,1,0.001721763085399449
MA0101202309A0005358,4,1.0,0.0,1,0.0
MA0101202309A0006119,4,1.0,0.0,0,0.0
MA0101202309A0006227,4,1.0,0.0,3,0.0
MA0101202309A0006649,1,1.0,0.0,3,0.03017241379310345
MA0101202309A0006726,4,1.0,0.0,2,0.005597014925373134
MA0101202309A0006733,4,1.0,0.0,5,0.4196969696969697
MA0101202309A0007099,4,1.0,0.0,2,0.040983606557377046
MA0101202309A0007341,4,1.0,0.0,0,0.0
MA0101202309A0007750,4,1.0,0.0,1,0.002824858757062147
MA0101202309A0008769,4,1.0,0.0,2,0.0578104786545925
MA0101202309A0009020,4,1.0,0.0,2,0.024305555555555556
MA0101202309A0009308,4,0.0,0.0,3,0.0
MA0101202309A0009329,1,1.0,0.0,5,0.09259259259259259
MA0101202309A0009345,4,1.0,0.0,4,0.3003610108303249
MA0101202309A0011901,4,1.0,0.0,1,0.0
MA0101202309A0011979,4,1.0,0.0,2,0.03787878787878788
MA0101202309A0012199,4,1.0,0.0,4,0.09081902245706737
MA0101202309A0012704,4,1.0,0.0,1,0.32894736842105265
MA0101202309A0012759,4,1.0,0.0,2,0.007269279393173199
MA0101202309A0013563,4,1.0,0.0,4,0.02783362653933149
MA0101202309A0013634,4,1.0,0.0,0,0.0
MA0101202309A0013998,4,0.0,0.0,5,0.5291297935103245
MA0101202309A0014030,4,1.0,0.0,4,0.8026315789473685
MA0101202309A0014874,4,1.0,1.0,4,0.054878048780487805
MA0101202309A0015185,4,1.0,0.0,5,1.0
MA0101202309A0015795,4,1.0,0.0,4,0.3566775244299674
MA0101202309A0015986,4,1.0,1.0,2,0.0286144578313253
MA0101202309A0016178,4,1.0,0.0,1,0.0
MA0101202309A0016325,4,1.0,0.0,3,0.07048872180451128
MA0101202309A0016438,4,1.0,0.0,1,0.009853603603603604
MA0101202309A0016855,4,1.0,0.0,0,0.0
MA0101202309A0017205,4,1.0,1.0,3,0.058823529411764705
MA0101202309A0017696,4,1.0,0.0,5,0.07031970488779588
MA0101202309A0018230,4,1.0,0.0,4,0.11655948553054662
MA0101202309A0018495,4,1.0,0.0,1,0.0015151515151515152
MA0101202309A0018800,4,1.0,1.0,3,0.006821065989847715
MA0101202309A0019288,4,1.0,0.0,3,0.21874999999999997
MA0101202309A0019743,1,1.0,1.0,4,0.055962948668467766
MA0101202309A0021425,4,1.0,0.0,4,0.15625
MA0101202309A0022167,4,1.0,1.0,3,0.07341269841269842
MA0101202309A0022171,4,1.0,0.0,5,0.11217154189390184
MA0101202309A0022570,4,1.0,0.0,5,0.1935665914221219
MA0101202309A0022851,4,1.0,0.0,5,0.02598232969076959
MA0101202309A0022962,4,1.0,0.0,3,1.0
MA0101202309A0023299,4,1.0,0.0,4,0.06372549019607843
MA0101202309A0023561,1,1.0,0.0,2,0.005235602094240838
MA0101202309A0023581,1,1.0,0.0,5,1.0
MA0101202309A0024566,1,1.0,0.0,1,0.0018832391713747645
MA0101202309A0024826,4,0.0,0.0,5,0.3826530612244898
MA0101202309A0025095,4,1.0,0.0,3,0.06067961165048543
MA0101202309A0025409,4,1.0,0.0,4,0.07081056466302368
MA0101202309A0026278,4,0.0,0.0,3,0.06
MA0101202309A0026548,4,0.0,0.0,3,0.025862068965517255
MA0101202309A0026778,4,1.0,0.0,2,0.009333333333333334
MA0101202309A0028018,4,1.0,0.0,5,0.22486772486772486
MA0101202309A0028148,4,1.0,0.0,2,0.0017741935483870969
MA0101202309A0028347,4,1.0,0.0,1,0.011652542372881356
MA0101202309A0028351,4,1.0,0.0,1,0.0011001100110011
MA0101202309A0028428,4,1.0,0.0,2,0.0011803588290840415
MA0101202309A0028601,4,1.0,0.0,3,0.003393665158371041
MA0101202309A0028944,4,1.0,0.0,0,0.0
MA0101202309A0029547,4,1.0,1.0,2,0.004766949152542373
MA0101202309A0030050,4,1.0,0.0,1,0.009689922480620155
MA0101202309A0030844,4,1.0,0.0,1,0.00023685457129322596
MA0101202309A0031194,4,1.0,0.0,2,0.012392241379310345
MA0101202309A0031268,4,1.0,0.0,2,0.0375
MA0101202309A0032108,4,1.0,1.0,3,0.11558090663464424
MA0101202309A0032470,4,1.0,0.0,4,0.029605263157894735
MA0101202309A0032602,4,1.0,0.0,1,0.004879000780640125
MA0101202309A0032722,4,1.0,0.0,2,0.005043712172158709
MA0101202309A0032819,1,1.0,0.0,5,0.45454545454545453
MA0101202309A0034183,4,1.0,0.0,2,0.0037896731406916154
MA0101202309A0035377,4,1.0,0.0,0,0.0
MA0101202309A0036378,1,1.0,0.0,2,0.006535947712418301
MA0101202309A0037181,4,1.0,1.0,4,0.08152173913043478
MA0101202309A0037357,4,1.0,1.0,2,0.0027991602519244225
MA0101202309A0037477,4,1.0,0.0,1,0.02663934426229508
MA0101202309A0037814,4,1.0,0.0,4,0.4167664670658683
MA0101202309A0037983,4,1.0,0.0,0,0.0
MA0101202309A0038697,4,1.0,0.0,3,0.018538135593220338
MA0101202309A0039308,4,1.0,0.0,3,0.424
MA0101202309A0039572,4,1.0,0.0,2,0.03977272727272727
MA0101202309A0039825,4,1.0,0.0,3,0.005511588468061051
MA0101202309A0040731,4,0.0,0.0,3,0.14754098360655737
MA0101202309A0040935,4,1.0,0.0,1,0.003993610223642172
MA0101202309A0041107,4,1.0,0.0,1,6.282985674792661e-05
MA0101202309A0041118,4,0.0,0.0,1,0.0036496350364963502
MA0101202309A0043214,4,1.0,0.0,1,0.03308823529411765
MA0101202309A0043410,4,1.0,0.0,3,0.003908100426338228
MA0101202309A0044749,4,1.0,1.0,5,0.07186296371376444
MA0101202309A0044880,4,1.0,0.0,1,0.01984126984126984
MA0101202309A0046131,1,1.0,1.0,3,0.09090909090909091
MA0101202309A0046205,4,1.0,0.0,0,0.0
MA0101202309A0046222,4,1.0,0.0,1,0.002485913158766987
MA0101202309A0046231,4,1.0,0.0,5,0.05798479087452472
MA0101202309A0047181,4,1.0,0.0,5,0.292
MA0101202309A0048420,4,1.0,0.0,1,0.002617801047120419
MA0101202309A0048812,4,1.0,0.0,2,0.034031413612565446
MA0101202309A0049716,4,1.0,0.0,2,0.0097730847000674
MA0101202309A0050121,1,1.0,0.0,0,0.0
MA0101202309A0050916,4,1.0,0.0,2,0.021101286173633438
MA0101202309A0051619,4,1.0,0.0,4,0.1357142857142857
MA0101202309A0051796,4,1.0,0.0,1,0.0031503780453654437
MA0101202309A0053184,4,1.0,0.0,1,0.028846153846153848
MA0101202309A0053466,4,1.0,0.0,1,0.000832408435072142
MA0101202309A0053518,4,1.0,0.0,1,0.002277904328018223
MA0101202309A0053932,4,1.0,0.0,1,0.008064516129032258
MA0101202309A0054109,4,1.0,0.0,1,0.00399616368286445
MA0101202309A0054242,4,1.0,0.0,1,0.00479539641943734
MA0101202309A0054926,4,1.0,1.0,5,0.45851063829787236
MA0101202309A0055250,4,1.0,1.0,2,0.2546296296296296
MA0101202309A0055781,4,1.0,0.0,3,1.0
MA0101202309A0055851,4,1.0,0.0,2,0.014990006662225183
MA0101202309A0055860,4,1.0,0.0,0,0.0
MA0101202309A0056116,4,1.0,1.0,1,0.0472972972972973
MA0101202309A0056354,4,1.0,0.0,3,0.09232954545454544
MA0101202309A0056864,4,0.0,0.0,3,0.06764168190127971
MA0101202309A0058630,4,1.0,0.0,1,0.005333333333333333
MA0101202309A0058799,4,1.0,1.0,3,0.09031413612565445
MA0101202309A0059185,4,1.0,0.0,0,0.0
MA0101202309A0060360,4,1.0,1.0,3,0.0133242439266237
MA0101202309A0062534,4,1.0,1.0,1,0.2566964285714286
MA0101202309A0062574,4,1.0,0.0,0,0.0
MA0101202309A0062609,1,1.0,0.0,1,0.013574660633484163
MA0101202309A0062737,4,1.0,0.0,1,0.0015391380826737027
MA0101202309A0062954,1,0.0,0.0,0,0.0
MA0101202309A0063110,4,1.0,1.0,3,0.015294117647058824
MA0101202309A0063561,4,1.0,0.0,0,0.0
MA0101202309A0063715,4,1.0,0.0,2,0.0016160310277957336
MA0101202309A0064472,4,1.0,0.0,4,0.07284832111153994
MA0101202309A0065156,1,1.0,0.0,5,0.7013574660633484
MA0101202309A0065611,4,1.0,1.0,5,0.1797520661157025
MA0101202309A0065971,4,1.0,0.0,3,0.05827974276527331
MA0101202309A0066228,4,1.0,0.0,5,0.16372863247863248
MA0101202309A0066318,1,1.0,0.0,5,0.3103448275862069
MA0101202309A0066339,4,1.0,0.0,3,0.61
MA0101202309A0068141,4,1.0,0.0,1,0.001759014951627089
MA0101202309A0070481,4,1.0,0.0,4,0.11096331559787173
MA0101202309A0071333,4,1.0,0.0,4,0.34476401179941
MA0101202309A0071357,4,1.0,0.0,4,0.058109280138768434
MA0101202309A0071799,4,1.0,0.0,1,0.0021590500179920835
MA0101202309A0072852,4,1.0,1.0,5,0.45925925925925926
MA0101202309A0072967,4,1.0,1.0,1,0.010917030567685589
MA0101202309A0072968,4,1.0,1.0,3,0.0016934269944806823
MA0101202309A0073079,4,1.0,0.0,3,0.0
MA0101202309A0074191,1,1.0,1.0,4,0.3278688524590164
MA0101202309A0074238,4,1.0,0.0,5,1.0
MA0101202309A0074361,4,1.0,0.0,1,0.0007539582809751194
MA0101202309A0074680,4,1.0,0.0,3,0.052170695609274786
MA0101202309A0075091,4,1.0,0.0,1,0.00038880248833592535
MA0101202309A0075611,4,1.0,0.0,0,0.0
MA0101202309A0076181,4,1.0,1.0,3,1.0
MA0101202309A0077025,4,1.0,0.0,1,0.005555555555555557
MA0101202309A0077355,1,1.0,0.0,2,0.14691943127962084
MA0101202309A0077798,4,0.0,0.0,2,0.003867056856187291
MA0101202309A0078811,4,1.0,1.0,1,0.0014619883040935672
MA0101202309A0078838,4,1.0,0.0,1,0.013257575757575758
MA0101202309A0078920,4,1.0,0.0,4,0.489795918367347
MA0101202309A0079240,4,1.0,0.0,3,0.15228426395939085
MA0101202309A0079520,4,1.0,0.0,1,0.0029291154071470417
MA0101202309A0079602,4,1.0,0.0,1,0.0024509803921568627
MA0101202309A0080339,4,1.0,0.0,5,0.0625
MA0101202309A0080460,4,1.0,0.0,2,0.002926421404682274
MA0101202309A0080900,1,0.0,0.0,4,0.17405857740585773
MA0101202309A0081201,4,1.0,0.0,4,0.20766129032258066
MA0101202309A0081427,4,1.0,1.0,1,0.0
MA0101202309A0081495,4,1.0,0.0,1,0.0026595744680851063
MA0101202309A0081946,1,1.0,0.0,3,0.0
MA0101202309A0081997,4,1.0,0.0,3,1.0
MA0101202309A0083065,4,0.0,1.0,4,0.16219239373601788
MA0101202309A0083614,4,1.0,0.0,5,1.0
MA0101202309A0084935,4,1.0,0.0,1,0.0
MA0101202309A0086165,4,1.0,0.0,5,0.03600150791656195
MA0101202309A0086331,4,1.0,0.0,3,0.05836509665123877
MA0101202309A0086652,4,0.0,0.0,3,0.14070048309178743
MA0101202309A0086654,4,1.0,0.0,3,0.0236318407960199
MA0101202309A0086901,4,0.0,0.0,2,0.010624457935819601
MA0101202309A0087731,4,1.0,0.0,0,0.0
MA0101202309A0087991,1,1.0,0.0,1,0.00072992700729927
MA0101202309A0088028,4,1.0,0.0,4,0.162
MA0101202309A0089440,4,1.0,0.0,1,0.0037313432835820895
MA0101202309A0089729,4,1.0,0.0,1,0.004761904761904762
MA0101202309A0090157,1,0.0,1.0,4,0.14991181657848324
MA0101202309A0090900,4,1.0,0.0,1,0.0028735632183908046
MA0101202309A0091594,4,1.0,1.0,2,0.007705912076806468
MA0101202309A0091849,4,1.0,0.0,2,0.03968253968253968
MA0101202310A0000471,4,1.0,1.0,5,0.47699004975124376
MA0101202310A0000995,4,1.0,0.0,2,0.037383177570093455
MA0101202310A0001871,4,1.0,1.0,4,0.025665399239543727
MA0101202310A0002602,1,1.0,1.0,4,0.43726235741444863
MA0101202310A0002761,4,1.0,1.0,4,0.039560015438054805
MA0101202310A0002839,4,1.0,1.0,4,0.15774694416914437
MA0101202310A0003546,4,1.0,1.0,2,0.22123893805309733
MA0101202310A0003765,4,1.0,1.0,5,0.296127562642369
MA0101202310A0004454,4,0.0,0.0,3,0.09764804703905922
MA0101202310A0004654,4,1.0,0.0,3,0.0
MA0101202310A0004813,4,1.0,0.0,1,0.0007163323782234957
MA0101202310A0004893,4,1.0,0.0,2,0.03671328671328671
MA0101202310A0005448,1,1.0,1.0,5,0.10608552631578948
MA0101202310A0005957,4,1.0,1.0,4,0.625
MA0101202310A0006079,4,1.0,0.0,2,0.009523809523809525
MA0101202310A0006474,1,1.0,1.0,2,0.16666666666666669
MA0101202310A0007399,4,1.0,0.0,5,1.0
MA0101202310A0007613,4,1.0,0.0,1,0.0006270903010033445
MA0101202310A0008137,4,0.0,0.0,2,0.008976063829787235
MA0101202310A0008318,4,1.0,1.0,4,0.13931297709923665
MA0101202310A0008479,4,1.0,0.0,3,0.0
MA0101202310A0009012,4,1.0,0.0,3,1.0
MA0101202310A0009289,4,1.0,0.0,3,0.030026109660574413
MA0101202310A0010323,4,1.0,0.0,2,0.004021110831867303
MA0101202310A0011648,4,1.0,0.0,3,0.15181107954545453
MA0101202310A0012791,4,1.0,0.0,2,0.005597014925373134
MA0101202310A0012973,4,1.0,0.0,3,0.09393939393939393
MA0101202310A0013507,4,1.0,0.0,1,0.0010209637898175878
MA0101202310A0014375,4,1.0,0.0,2,0.09615384615384616
MA0101202310A0014635,4,0.0,0.0,3,0.0
MA0101202310A0015341,4,1.0,1.0,5,0.7644230769230769
MA0101202310A0015667,4,1.0,0.0,3,0.005494505494505495
MA0101202310A0016039,4,1.0,1.0,2,0.0004970590671858172
MA0101202310A0018052,4,1.0,0.0,5,1.0
MA0101202310A0018709,4,1.0,1.0,3,0.0
MA0101202310A0019204,4,1.0,0.0,0,0.0
MA0101202310A0019246,4,1.0,0.0,0,0.0
MA0101202310A0019685,4,0.0,0.0,4,0.31563421828908556
MA0101202310A0020009,4,1.0,0.0,2,0.003567787971457696
MA0101202310A0020071,4,1.0,0.0,1,0.0028625954198473282
MA0101202310A0020144,4,1.0,0.0,4,0.37292464878671777
MA0101202310A0021070,4,1.0,0.0,2,0.030501089324618737
MA0101202310A0021918,4,1.0,0.0,1,0.0030737704918032786
MA0101202310A0022157,4,1.0,0.0,0,0.0
MA0101202310A0023318,4,1.0,0.0,0,0.0
MA0101202310A0024213,4,1.0,0.0,4,0.0961707359915686
MA0101202310A0024876,4,1.0,0.0,2,0.020491803278688523
MA0101202310A0025182,4,1.0,0.0,3,0.0
MA0101202310A0025463,4,1.0,0.0,2,0.5714285714285714
MA0101202310A0025531,4,1.0,0.0,2,0.576923076923077
MA0101202310A0025602,4,1.0,0.0,5,0.32272727272727275
MA0101202310A0026430,4,1.0,0.0,3,0.010638297872340425
MA0101202310A0026574,4,0.0,0.0,1,0.0015404929577464788
MA0101202310A0027071,4,1.0,1.0,1,0.0008802816901408451
MA0101202310A0027287,4,0.0,1.0,5,0.08031914893617022
MA0101202310A0027711,1,1.0,0.0,5,1.0
MA0101202310A0028177,4,1.0,0.0,3,0.057692307692307696
MA0101202310A0028358,4,1.0,0.0,2,0.0035753575357535755
MA0101202310A0028641,4,1.0,0.0,2,0.0014544279250161603
MA0101202310A0028689,4,1.0,1.0,5,1.0
MA0101202310A0029065,4,1.0,0.0,0,0.0
MA0101202310A0029210,1,1.0,1.0,3,0.03423566878980892
MA0101202310A0029334,4,1.0,0.0,4,0.11943493150684932
MA0101202310A0029343,4,0.0,0.0,4,0.06947608200455581
MA0101202310A0030565,4,1.0,0.0,2,0.05681818181818182
MA0101202310A0030782,4,1.0,0.0,0,0.0
MA0101202310A0031480,4,1.0,0.0,5,1.0
MA0101202310A0032172,4,1.0,0.0,1,0.001953125
MA0101202310A0032258,4,1.0,0.0,1,0.043478260869565216
MA0101202310A0033160,4,1.0,1.0,2,0.0011784115012962526
MA0101202310A0033264,4,1.0,0.0,4,0.15217391304347827
MA0101202310A0033377,4,1.0,0.0,3,0.0
MA0101202310A0033554,4,0.0,0.0,5,0.7350746268656716
MA0101202310A0034307,1,1.0,0.0,5,0.9302325581395349
MA0101202310A0034487,4,1.0,1.0,5,1.0
MA0101202310A0034861,4,1.0,0.0,3,0.02543958099513655
MA0101202310A0035213,4,1.0,0.0,0,0.0
MA0101202310A0036078,4,1.0,1.0,1,0.01694915254237288
MA0101202310A0036144,4,0.0,0.0,5,1.0
MA0101202310A0036346,4,1.0,0.0,1,0.01818181818181818
MA0101202310A0036505,4,0.0,0.0,2,0.028
MA0101202310A0037425,4,1.0,1.0,3,0.0
MA0101202310A0038401,4,1.0,1.0,3,0.34615384615384615
MA0101202310A0038489,4,1.0,0.0,1,0.0022644927536231885
MA0101202310A0038901,4,1.0,0.0,1,0.0058004640371229705
MA0101202310A0038927,4,1.0,0.0,4,0.0088268156424581
MA0101202310A0039179,4,1.0,0.0,3,0.9166666666666666
MA0101202310A0039301,4,1.0,1.0,3,0.06439393939393939
MA0101202310A0040195,4,1.0,0.0,1,0.014830508474576272
MA0101202310A0040352,4,1.0,1.0,3,1.0
MA0101202310A0040371,4,1.0,0.0,1,0.004761904761904762
MA0101202310A0040638,4,1.0,0.0,3,1.0
MA0101202310A0041188,4,1.0,0.0,5,1.0
MA0101202310A0041606,4,1.0,0.0,3,0.32857142857142857
MA0101202310A0042034,4,1.0,1.0,3,0.0
MA0101202310A0042227,4,0.0,0.0,5,0.11518858307849134
MA0101202310A0042508,4,1.0,0.0,3,0.375
MA0101202310A0042790,4,1.0,1.0,2,0.007231404958677686
MA0101202310A0042841,4,1.0,0.0,1,0.013803680981595092
MA0101202310A0043644,4,1.0,1.0,5,0.32919139465875374
MA0101202310A0043755,4,1.0,0.0,3,0.18233387358184763
MA0101202310A0044212,4,1.0,0.0,2,0.0028380295965943643
MA0101202310A0044226,4,1.0,1.0,1,0.0028517110266159697
MA0101202310A0045212,4,1.0,0.0,1,0.004702194357366771
MA0101202310A0046398,4,1.0,0.0,2,0.001537042729787888
MA0101202310A0046435,4,1.0,0.0,3,0.06232686980609418
MA0101202310A0046646,4,1.0,0.0,1,0.005
MA0101202310A0046780,4,1.0,0.0,2,0.006462035541195477
MA0101202310A0047292,4,1.0,0.0,5,0.4349148418491484
MA0101202310A0047482,4,1.0,0.0,5,0.45098039215686275
MA0101202310A0048640,4,1.0,0.0,2,0.0059210526315789476
MA0101202310A0048804,4,1.0,0.0,2,0.1836734693877551
MA0101202310A0049171,1,1.0,0.0,0,0.0
MA0101202310A0050341,4,1.0,1.0,1,0.0024509803921568627
MA0101202310A0051340,4,1.0,0.0,2,0.06762295081967214
MA0101202310A0051539,4,1.0,0.0,3,0.06497175141242938
MA0101202310A0051555,4,1.0,0.0,4,0.009223596188931685
MA0101202310A0051780,4,1.0,0.0,3,0.0
MA0101202310A0051895,4,0.0,0.0,3,0.15789473684210525
MA0101202310A0052379,1,0.0,1.0,5,1.0
MA0101202310A0052390,4,1.0,0.0,3,0.0036889025514909315
MA0101202310A0053017,4,1.0,0.0,1,0.012135922330097087
MA0101202310A0053023,4,1.0,1.0,3,0.2730414746543779
MA0101202310A0053036,4,1.0,1.0,5,0.16480099502487564
MA0101202310A0053139,4,1.0,0.0,1,0.0
MA0101202310A0053300,4,1.0,0.0,1,0.0009973404255319148
MA0101202310A0053722,4,1.0,0.0,3,0.0637065637065637
MA0101202310A0054013,4,1.0,0.0,0,0.0
MA0101202310A0054023,4,1.0,0.0,2,0.00015669069257286117
MA0101202310A0054251,4,1.0,0.0,0,0.0
MA0101202310A0054260,4,1.0,1.0,5,0.12452471482889733
MA0101202310A0055799,4,1.0,0.0,4,0.0316147859922179
MA0101202310A0055930,4,1.0,0.0,1,0.008333333333333333
MA0101202310A0056018,4,1.0,0.0,1,0.01881720430107527
MA0101202310A0056259,4,1.0,1.0,5,0.8166811468288445
MA0101202310A0056730,1,1.0,0.0,0,0.0
MA0101202310A0057095,4,1.0,1.0,3,0.0
MA0101202310A0057736,4,1.0,0.0,1,0.00724112961622013
MA0101202310A0058455,4,1.0,0.0,3,0.012357414448669201
MA0101202310A0058795,4,1.0,0.0,1,0.00909090909090909
MA0101202310A0058916,4,1.0,1.0,4,0.03568929321203639
MA0101202310A0059203,4,1.0,1.0,5,0.29838709677419356
MA0101202310A0060284,1,0.0,0.0,3,0.002458100558659218
MA0101202310A0060575,4,1.0,0.0,4,0.5597964376590331
MA0101202310A0061253,4,1.0,0.0,1,0.05376344086021505
MA0101202310A0061837,4,1.0,1.0,2,0.02292576419213974
MA0101202310A0062016,4,1.0,0.0,0,0.0
MA0101202310A0062129,4,1.0,0.0,2,0.002717391304347826
MA0101202310A0062317,4,0.0,0.0,5,0.15438054805094556
MA0101202310A0063417,4,1.0,0.0,1,0.05028735632183908
MA0101202310A0063981,4,1.0,1.0,4,0.020127118644067795
MA0101202310A0064355,4,1.0,0.0,3,0.10114503816793893
MA0101202310A0064381,4,1.0,0.0,5,0.03859223300970874
MA0101202310A0064627,4,1.0,1.0,5,0.4610091743119266
MA0101202310A0064700,4,1.0,0.0,1,0.35714285714285715
MA0101202310A0064820,4,1.0,0.0,1,0.0035612535612535613
MA0101202310A0066698,4,1.0,0.0,1,0.005285412262156448
MA0101202310A0068686,4,1.0,1.0,3,1.0
MA0101202310A0069886,4,1.0,0.0,2,0.02938871473354232
MA0101202310A0070634,4,1.0,0.0,1,0.0014302059496567505
MA0101202310A0071761,4,1.0,1.0,3,0.2261904761904762
MA0101202310A0072480,4,1.0,0.0,0,0.0
MA0101202310A0072482,4,1.0,0.0,1,0.0009505703422053232
MA0101202310A0073316,1,1.0,0.0,0,0.0
MA0101202310A0073426,1,0.0,0.0,5,0.6482777933352002
MA0101202310A0073428,4,0.0,0.0,5,0.3344226579520697
MA0101202310A0073670,4,0.0,1.0,0,0.0
MA0101202310A0074150,4,1.0,0.0,3,0.011688311688311689
MA0101202310A0075074,4,1.0,0.0,1,0.0034965034965034965
MA0101202310A0075472,4,0.0,0.0,1,0.002827140549273021
MA0101202310A0075496,4,1.0,0.0,1,0.0010831889081455806
MA0101202310A0075666,1,1.0,0.0,4,0.059322033898305086
MA0101202310A0076022,4,1.0,0.0,3,0.023141122913505306
MA0101202310A0076525,4,1.0,0.0,5,0.07529747149231532
MA0101202310A0077044,1,1.0,1.0,4,0.4253393665158371
MA0101202310A0077960,4,1.0,0.0,1,0.0234375
MA0101202310A0078281,1,1.0,0.0,5,0.5813953488372092
MA0101202310A0078610,4,1.0,0.0,4,0.049684542586750785
MA0101202310A0078618,1,1.0,1.0,4,0.13740458015267176
MA0101202310A0079050,4,1.0,0.0,1,0.030120481927710843
MA0101202310A0079314,4,1.0,0.0,3,0.00871717606543263
MA0101202310A0079631,4,1.0,0.0,1,0.0009933774834437088
MA0101202310A0080020,1,1.0,0.0,5,1.0
MA0101202310A0081943,4,1.0,0.0,4,0.24342105263157895
MA0101202310A0081975,4,1.0,0.0,3,0.008875739644970414
MA0101202310A0082316,4,1.0,1.0,3,0.09921671018276762
MA0101202310A0082909,4,1.0,0.0,1,0.109375
MA0101202310A0083403,4,1.0,0.0,2,0.08333333333333333
MA0101202310A0084162,4,1.0,0.0,2,0.03918495297805643
MA0101202310A0084583,4,0.0,0.0,2,0.03682842287694974
MA0101202310A0084828,4,1.0,0.0,0,0.0
MA0101202310A0085017,4,1.0,0.0,2,0.005789270551910459
MA0101202310A0085370,4,1.0,0.0,0,0.0
MA0101202310A0085683,4,1.0,0.0,5,1.0
MA0101202310A0086033,4,1.0,0.0,3,0.1328125
MA0101202310A0086340,4,1.0,0.0,4,0.008770949720670392
MA0101202310A0086630,4,1.0,0.0,3,0.0778688524590164
MA0101202310A0087113,4,1.0,0.0,3,0.06640625
MA0101202310A0087329,4,0.0,0.0,1,0.0013009540329575022
MA0101202310A0088388,4,1.0,0.0,2,0.01734390485629336
MA0101202310A0088471,1,1.0,0.0,5,1.0
MA0101202310A0089089,4,1.0,0.0,1,0.00847457627118644
MA0101202310A0090126,4,1.0,0.0,5,0.5412844036697247
MA0101202310A0091310,4,1.0,0.0,3,0.041666666666666664
MA0101202310A0092063,4,1.0,0.0,1,0.005777310924369748
MA0101202310A0092620,1,1.0,0.0,2,0.00980392156862745
MA0101202310A0093029,4,1.0,0.0,1,0.0021164021164021165
MA0101202310A0093249,1,0.0,0.0,3,0.021367521367521368
MA0101202310A0093831,4,1.0,0.0,0,0.0
MA0101202310A0094424,4,1.0,1.0,1,0.002277904328018223
MA0101202310A0094497,4,1.0,0.0,1,0.0
MA0101202310A0096063,1,0.0,0.0,5,0.2270450751252087
MA0101202310A0097426,4,1.0,0.0,1,0.0023148148148148147
MA0101202310A0097624,4,1.0,0.0,2,0.022569444444444444
MA0101202310A0098081,4,1.0,1.0,2,0.005011135857461025
MA0101202310A0098821,4,1.0,0.0,1,0.006544502617801047
MA0101202310A0099127,1,0.0,0.0,1,0.0004492362982929021
MA0101202311A0000347,4,1.0,0.0,2,0.0035816618911174787
MA0101202311A0001104,4,1.0,0.0,4,0.01564455569461827
MA0101202311A0001247,4,1.0,1.0,2,0.0056753688989784334
MA0101202311A0001299,4,1.0,0.0,3,0.5555555555555556
MA0101202311A0002213,4,1.0,0.0,0,0.0
MA0101202311A0002892,4,1.0,0.0,1,0.0
MA0101202311A0003555,4,1.0,0.0,5,0.7734375
MA0101202311A0003782,4,1.0,0.0,3,0.00505443234836703
MA0101202311A0004228,4,1.0,0.0,1,0.014204545454545454
MA0101202311A0004736,4,1.0,0.0,2,0.0018244475978106628
MA0101202311A0004747,4,1.0,0.0,2,0.006134309083082221
MA0101202311A0006612,4,1.0,0.0,4,0.05692675159235669
MA0101202311A0006735,4,1.0,0.0,1,0.0047568710359408035
MA0101202311A0006802,4,1.0,1.0,2,0.0035714285714285713
MA0101202311A0007146,4,1.0,0.0,5,0.5892857142857143
MA0101202311A0007846,4,1.0,0.0,0,0.0
MA0101202311A0008437,4,1.0,0.0,0,0.0
MA0101202311A0009132,1,1.0,0.0,0,0.0
MA0101202311A0009834,4,1.0,0.0,2,0.012015246934040437
MA0101202311A0009861,4,1.0,0.0,0,0.0
MA0101202311A0010319,4,1.0,0.0,1,0.00102880658436214
MA0101202311A0010864,4,1.0,0.0,3,0.0
MA0101202311A0010950,4,1.0,0.0,1,0.0018587360594795538
MA0101202311A0011126,4,1.0,1.0,3,0.10591133004926108
MA0101202311A0012208,4,0.0,1.0,1,0.004437869822485207
MA0101202311A0012459,4,1.0,1.0,5,0.01674641148325359
MA0101202311A0012499,4,1.0,1.0,3,0.375
MA0101202311A0012592,4,1.0,1.0,4,0.09130434782608696
MA0101202311A0012752,4,1.0,0.0,2,0.008706467661691543
MA0101202311A0012854,4,0.0,0.0,4,0.05290546400693842
MA0101202311A0012873,4,1.0,0.0,4,0.05425531914893617
MA0101202311A0013667,4,1.0,0.0,1,0.02480916030534351
MA0101202311A0014574,4,1.0,1.0,1,0.0028089887640449437
MA0101202311A0014668,4,1.0,0.0,1,0.0015432098765432098
MA0101202311A0015465,4,1.0,0.0,3,0.0625
MA0101202311A0016045,4,,,3,0.061619718309859156
MA0101202311A0016217,4,1.0,0.0,2,0.028645833333333332
MA0101202311A0016262,4,1.0,0.0,1,0.00791139240506329
MA0101202311A0016316,4,0.0,0.0,0,0.0
MA0101202311A0016650,4,1.0,0.0,1,0.0036436509382401167
MA0101202311A0016902,4,1.0,1.0,3,1.0
MA0101202311A0016957,4,1.0,0.0,0,0.0
MA0101202311A0016992,4,1.0,0.0,5,0.6363636363636364
MA0101202311A0017191,4,1.0,0.0,3,0.0
MA0101202311A0017304,4,0.0,0.0,3,0.0
MA0101202311A0017483,4,1.0,0.0,3,0.05643564356435644
MA0101202311A0017543,4,0.0,0.0,0,0.0
MA0101202311A0017568,4,1.0,0.0,0,0.0
MA0101202311A0019093,4,1.0,1.0,4,0.17857142857142858
MA0101202311A0019365,4,1.0,0.0,1,0.0625
MA0101202311A0020043,4,1.0,0.0,4,0.09111617312072894
MA0101202311A0020122,4,1.0,0.0,1,0.39473684210526316
MA0101202311A0020983,4,1.0,0.0,1,0.03968253968253968
MA0101202311A0021617,1,0.0,0.0,5,0.2643020594965675
MA0101202311A0021649,4,1.0,0.0,0,0.0
MA0101202311A0022440,4,1.0,0.0,0,0.0
MA0101202311A0022563,4,1.0,0.0,2,0.11458333333333333
MA0101202311A0022600,3,1.0,0.0,3,0.11494252873563218
MA0101202311A0022611,4,1.0,1.0,5,0.20668058455114824
MA0101202311A0022788,4,1.0,0.0,3,0.15463917525773196
MA0101202311A0024017,1,1.0,0.0,3,0.20430107526881722
MA0101202311A0024028,4,1.0,0.0,3,0.0
MA0101202311A0024103,4,1.0,0.0,0,0.0
MA0101202311A0024296,4,1.0,0.0,1,0.006028938906752411
MA0101202311A0024357,4,1.0,0.0,3,0.028173682466025855
MA0101202311A0024781,4,1.0,0.0,2,0.0027405602923264312
MA0101202311A0024961,4,1.0,0.0,2,0.008426966292134831
MA0101202311A0027160,4,1.0,1.0,2,0.002073613271124935
MA0101202311A0027283,1,1.0,0.0,5,1.0
MA0101202311A0028413,4,1.0,0.0,3,1.0
MA0101202311A0028443,4,1.0,0.0,5,1.0
MA0101202311A0029232,4,1.0,1.0,4,0.3080985915492958
MA0101202311A0029359,1,1.0,0.0,0,0.0
MA0101202311A0030034,4,0.0,1.0,4,0.10881542699724518
MA0101202311A0030250,4,1.0,0.0,1,0.039473684210526314
MA0101202311A0030303,4,1.0,1.0,3,0.06182795698924731
MA0101202311A0031927,4,0.0,0.0,0,0.0
MA0101202311A0032111,4,1.0,0.0,3,0.14285714285714285
MA0101202311A0032273,4,1.0,0.0,3,0.04487179487179487
MA0101202311A0032707,4,1.0,0.0,1,0.00055005500550055
MA0101202311A0033666,1,1.0,0.0,4,0.25384615384615383
MA0101202311A0033749,4,1.0,0.0,1,0.0005158184319119672
MA0101202311A0034126,4,0.0,0.0,4,0.3
MA0101202311A0034292,4,1.0,0.0,3,1.0
MA0101202311A0034560,4,1.0,0.0,0,0.0
MA0101202311A0034669,4,1.0,1.0,3,0.03125
MA0101202311A0034896,4,1.0,0.0,2,0.11682242990654206
MA0101202311A0035860,4,1.0,0.0,2,0.02217741935483871
MA0101202311A0036522,1,1.0,1.0,4,0.2807017543859649
MA0101202311A0036699,1,1.0,0.0,5,0.17446043165467626
MA0101202311A0036890,4,1.0,0.0,5,0.7389267461669505
MA0101202311A0036914,1,1.0,0.0,2,0.005012531328320802
MA0101202311A0036986,4,0.0,0.0,1,0.033987915407854986
MA0101202311A0037134,4,1.0,0.0,0,0.0
MA0101202311A0037143,4,1.0,1.0,3,0.02217741935483871
MA0101202311A0037442,1,1.0,0.0,5,0.5676359039190898
MA0101202311A0037584,4,1.0,0.0,0,0.0
MA0101202311A0037706,4,1.0,1.0,3,0.10507246376811594
MA0101202311A0037933,4,1.0,0.0,1,0.4166666666666667
MA0101202311A0038017,4,1.0,0.0,1,0.037037037037037035
MA0101202311A0038073,4,1.0,0.0,1,0.002403846153846154
MA0101202311A0038484,4,1.0,0.0,1,0.078125
MA0101202311A0039057,4,1.0,0.0,3,0.15254237288135591
MA0101202311A0039102,4,1.0,0.0,0,0.0
MA0101202311A0039687,1,1.0,0.0,0,0.0
MA0101202311A0039842,4,1.0,0.0,4,0.7146666666666667
MA0101202311A0040227,4,1.0,0.0,3,0.39357429718875503
MA0101202311A0040458,4,1.0,0.0,4,0.029574132492113565
MA0101202311A0040583,4,1.0,0.0,2,0.0009990777743621273
MA0101202311A0040782,1,1.0,1.0,5,1.0
MA0101202311A0040813,4,1.0,0.0,5,1.0
MA0101202311A0040933,4,1.0,0.0,2,0.09900990099009901
MA0101202311A0041420,4,1.0,0.0,5,0.8361111111111111
MA0101202311A0041897,4,1.0,0.0,3,0.031222896790980052
MA0101202311A0041909,4,1.0,0.0,1,0.15317700453857794
MA0101202311A0041970,4,1.0,0.0,0,0.0
MA0101202311A0042085,4,1.0,0.0,2,0.02308917197452229
MA0101202311A0042266,4,1.0,0.0,2,0.0036540803897685747
MA0101202311A0042598,4,1.0,0.0,1,0.010101010101010102
MA0101202311A0043828,1,0.0,0.0,5,0.5861297539149888
MA0101202311A0043930,4,1.0,0.0,1,0.0009505703422053232
MA0101202311A0043932,4,1.0,1.0,3,0.19444444444444445
MA0101202311A0044302,4,0.0,0.0,1,0.0007316053511705685
MA0101202311A0044480,1,1.0,0.0,3,0.36666666666666664
MA0101202311A0044640,4,1.0,0.0,3,0.005982905982905983
MA0101202311A0044766,4,1.0,0.0,1,0.0
MA0101202311A0044839,3,1.0,0.0,4,0.0640176600441501
MA0101202311A0045114,4,1.0,1.0,3,0.0
MA0101202311A0045685,4,1.0,0.0,1,0.004353233830845771
MA0101202311A0045735,4,1.0,0.0,3,0.028985507246376812
MA0101202311A0047800,4,1.0,0.0,1,0.03365384615384615
MA0101202311A0048735,4,1.0,0.0,0,0.0
MA0101202311A0048909,1,1.0,1.0,5,1.0
MA0101202311A0049075,4,1.0,0.0,2,0.2125
MA0101202311A0049294,1,1.0,0.0,5,1.0
MA0101202311A0055112,4,1.0,0.0,3,0.0
MA0101202311A0055320,4,0.0,0.0,0,0.0
MA0101202311A0055499,4,1.0,0.0,1,0.008663366336633664
MA0101202311A0055759,4,1.0,0.0,5,0.40838068181818177
MA0101202311A0055866,4,1.0,0.0,2,0.008650519031141867
MA0101202311A0056291,4,1.0,0.0,3,0.002912621359223301
MA0101202311A0056340,4,1.0,1.0,1,0.00683371298405467
MA0101202311A0056813,1,1.0,0.0,4,0.09302325581395349
MA0101202311A0057006,1,1.0,0.0,2,0.05405405405405406
MA0101202311A0057160,4,0.0,0.0,1,0.0016423357664233577
MA0101202311A0057925,4,1.0,0.0,3,0.0
MA0101202311A0058354,4,1.0,0.0,4,0.7882205513784462
MA0101202311A0059506,1,1.0,0.0,0,0.0
MA0101202311A0059564,4,1.0,0.0,3,0.020818247646632877
MA0101202311A0060280,4,0.0,0.0,1,0.002261874842925358
MA0101202311A0060760,4,1.0,0.0,2,0.01266891891891892
MA0101202311A0060861,4,1.0,0.0,3,0.004794520547945206
MA0101202311A0061027,1,0.0,0.0,0,0.0
MA0101202311A0061572,4,1.0,0.0,4,0.4095022624434389
MA0101202311A0062099,4,1.0,0.0,3,0.004143646408839779
MA0101202311A0062317,4,1.0,0.0,2,0.012589928057553957
MA0101202311A0062480,4,1.0,0.0,1,0.0009746588693957114
MA0101202311A0062963,4,1.0,0.0,4,0.010282188963783846
MA0101202311A0063323,4,1.0,0.0,3,0.024295432458697763
MA0101202311A0063691,4,1.0,0.0,5,1.0
MA0101202311A0063989,1,1.0,0.0,3,1.0
MA0101202311A0064123,4,1.0,0.0,1,0.028688524590163935
MA0101202311A0064467,4,1.0,1.0,3,0.005775577557755775
MA0101202311A0064478,4,1.0,0.0,1,0.0030755711775043936
MA0101202311A0064947,4,1.0,0.0,1,0.005303030303030303
MA0101202311A0065172,4,1.0,0.0,0,0.0
MA0101202311A0065293,4,1.0,0.0,5,0.287380550871276
MA0101202311A0065779,4,0.0,0.0,0,0.0
MA0101202311A0066770,4,1.0,0.0,1,0.00031466331025802394
MA0101202311A0067987,4,1.0,1.0,3,0.009439899307740718
MA0101202311A0068593,4,1.0,0.0,5,0.9731182795698925
MA0101202311A0069501,1,1.0,0.0,3,0.19827586206896552
MA0101202311A0069626,4,1.0,0.0,0,0.0
MA0101202311A0071588,4,1.0,0.0,4,0.6818181818181818
MA0101202311A0071823,4,1.0,0.0,4,0.031914893617021274
MA0101202311A0071838,4,1.0,0.0,3,0.024305555555555556
MA0101202311A0071843,4,1.0,1.0,1,0.002166156982670744
MA0101202311A0071875,4,0.0,1.0,4,0.5333333333333333
MA0101202311A0071892,4,1.0,0.0,3,1.0
MA0101202311A0071966,4,1.0,0.0,0,0.0
MA0101202311A0072274,4,1.0,0.0,4,0.11236348361803415
MA0101202311A0072473,4,1.0,0.0,1,0.0027610441767068274
MA0101202311A0072918,4,1.0,0.0,0,0.0
MA0101202311A0073037,1,1.0,0.0,3,0.0
MA0101202311A0073516,4,0.0,0.0,0,0.0
MA0101202311A0073692,4,1.0,1.0,2,0.005877742946708464
MA0101202311A0073843,4,1.0,0.0,3,0.028268551236749116
MA0101202311A0074355,4,1.0,0.0,1,0.002749266862170088
MA0101202311A0075070,1,1.0,0.0,5,0.05263157894736842
MA0101202311A0075177,4,1.0,0.0,0,0.0
MA0101202311A0075522,4,1.0,0.0,2,0.004975124378109453
MA0101202311A0075600,4,1.0,0.0,1,0.016129032258064516
MA0101202311A0075879,4,1.0,0.0,0,0.0
MA0101202311A0076635,4,1.0,0.0,3,0.0
MA0101202311A0077634,4,1.0,1.0,3,0.02736318407960199
MA0101202311A0078539,4,1.0,0.0,1,0.004723837209302325
MA0101202311A0079174,4,0.0,0.0,5,0.09142287234042554
MA0101202311A0079739,4,1.0,0.0,3,0.07922535211267606
MA0101202311A0080031,4,1.0,0.0,3,0.009404388714733543
MA0101202311A0080141,1,0.0,0.0,2,0.05405405405405406
MA0101202311A0080456,4,1.0,0.0,2,0.038135593220338986
MA0101202311A0081889,4,1.0,0.0,3,0.0
MA0101202311A0082696,4,1.0,1.0,3,0.008351893095768375
MA0101202311A0082698,4,1.0,0.0,3,0.002989657401422107
MA0101202311A0082859,4,1.0,0.0,1,0.009801176141136935
MA0101202311A0083122,4,1.0,1.0,2,0.008581235697940504
MA0101202311A0083488,4,1.0,0.0,5,0.0685069779689283
MA0101202311A0083904,4,1.0,1.0,3,0.0
MA0101202311A0084872,4,1.0,0.0,3,0.3
MA0101202311A0085038,1,1.0,0.0,4,0.22950819672131148
MA0101202311A0085409,4,1.0,0.0,1,0.020491803278688523
MA0101202311A0085733,1,1.0,1.0,3,0.004054327995134806
MA0101202311A0086536,1,1.0,0.0,2,0.04
MA0101202311A0086758,4,1.0,0.0,0,0.0
MA0101202311A0087803,1,1.0,1.0,2,0.006197322756569162
MA0101202311A0088597,4,1.0,1.0,4,0.12676641729010807
MA0101202311A0088636,4,1.0,0.0,4,0.32661290322580644
MA0101202311A0088786,4,1.0,1.0,5,0.766939687267312
MA0101202311A0088860,4,1.0,0.0,2,0.0392156862745098
MA0101202311A0090011,4,1.0,0.0,1,0.010752688172043012
MA0101202311A0091008,4,1.0,0.0,0,0.0
MA0101202311A0091056,4,1.0,0.0,1,0.026140684410646386
MA0101202311A0091502,4,1.0,0.0,2,0.02468487394957983
MA0101202311A0091914,4,1.0,0.0,1,0.008928571428571428
MA0101202311A0092392,4,0.0,0.0,0,0.0
MA0101202311A0092514,4,1.0,0.0,1,0.00024240465416936006
MA0101202311A0093416,4,0.0,0.0,1,0.022346368715083803
MA0101202311A0094207,4,1.0,1.0,2,0.013636363636363636
MA0101202311A0094212,4,1.0,0.0,2,0.052599009900990104
MA0101202311A0094451,1,1.0,0.0,5,1.0
MA0101202311A0095595,4,1.0,0.0,1,0.017424493859940257
MA0101202311A0095967,4,0.0,0.0,0,0.0
MA0101202311A0096488,4,1.0,0.0,2,0.004421424962102072
MA0101202311A0096961,4,1.0,0.0,1,0.0006979341150195422
MA0101202311A0096974,4,0.0,0.0,3,1.0
MA0101202311A0097626,4,1.0,0.0,3,0.11133603238866398
MA0101202311A0098192,4,0.0,0.0,4,0.77
MA0101202311A0098690,4,1.0,0.0,1,0.0
MA0101202311A0099071,4,1.0,0.0,1,0.003109452736318408
MA0101202311A0099158,1,0.0,0.0,5,0.23109243697478993
MA0101202311A0099697,4,1.0,0.0,1,0.006147540983606557
MA0101202311A0100026,4,1.0,0.0,1,0.0009185036740146963
MA0101202311A0101827,1,1.0,0.0,0,0.0
MA0101202311A0101948,4,0.0,0.0,5,0.20963949843260188
MA0101202311A0102365,4,1.0,1.0,1,0.029761904761904764
MA0101202311A0103776,1,1.0,0.0,2,0.013071895424836602
MA0101202311A0103778,4,1.0,0.0,2,0.024077868852459015
MA0101202311A0104229,1,1.0,1.0,5,0.658578856152513
MA0101202311A0105458,4,1.0,0.0,1,0.0008406186953597848
MA0101202311A0105550,4,1.0,0.0,1,0.002180232558139535
MA0101202406A0000303,2,1.0,1.0,5,0.10569105691056911
MA0101202406A0000697,2,1.0,0.0,0,0.0
MA0101202406A0001064,2,1.0,0.0,2,0.00641025641025641
MA0101202406A0001526,2,1.0,0.0,0,0.0
MA0101202406A0001776,2,1.0,0.0,3,0.20494699646643108
MA0101202406A0002432,2,1.0,0.0,3,0.19966722129783693
MA0101202406A0002449,2,1.0,1.0,3,0.021938571998404467
MA0101202406A0002483,2,1.0,0.0,5,0.36475409836065575
MA0101202406A0003170,2,1.0,0.0,5,0.634765625
MA0101202406A0003205,2,1.0,0.0,2,0.05092592592592592
MA0101202406A0003292,2,1.0,0.0,0,0.0
MA0101202406A0003303,2,1.0,0.0,3,0.021252796420581657
MA0101202406A0003591,2,1.0,0.0,3,1.0
MA0101202406A0003681,2,1.0,0.0,3,0.010714285714285714
MA0101202406A0004077,2,0.0,0.0,4,0.7238805970149254
MA0101202406A0004174,2,0.0,0.0,3,0.0
MA0101202406A0004365,2,1.0,0.0,0,0.0
MA0101202406A0004399,2,0.0,0.0,3,0.0
MA0101202406A0004716,2,1.0,0.0,3,0.007551919446192574
MA0101202406A0004812,2,1.0,0.0,3,0.0
MA0101202406A0004839,2,1.0,0.0,5,0.050953079178885634
MA0101202406A0005285,2,1.0,0.0,2,0.002136752136752137
MA0101202406A0005512,2,1.0,0.0,1,0.0430622009569378
MA0101202406A0006355,2,1.0,0.0,3,0.02973977695167286
MA0101202406A0006856,2,0.0,1.0,0,0.0
MA0101202406A0007100,2,1.0,1.0,5,0.47058823529411764
MA0101202406A0007216,2,1.0,0.0,4,0.1348396501457726
MA0101202406A0007835,2,1.0,0.0,5,0.36134453781512604
MA0101202406A0007966,2,0.0,0.0,3,0.017162471395881007
MA0101202406A0007987,2,0.0,1.0,1,0.0
MA0101202406A0008495,2,1.0,1.0,5,1.0
MA0101202406A0008743,2,1.0,1.0,5,1.0
MA0101202406A0009814,2,1.0,0.0,2,0.06722689075630252
MA0101202406A0010092,2,1.0,0.0,0,0.0
MA0101202406A0010498,2,1.0,1.0,1,0.0005720823798627002
MA0101202406A0010878,2,0.0,0.0,1,0.000111731843575419
MA0101202406A0010881,2,0.0,0.0,1,0.011194029850746268
MA0101202406A0011729,2,1.0,0.0,4,0.2781954887218045
MA0101202406A0011908,2,1.0,0.0,5,1.0
MA0101202406A0011976,2,1.0,1.0,4,0.29129793510324486
MA0101202406A0012717,2,1.0,0.0,5,0.629277566539924
MA0101202406A0012853,2,1.0,1.0,5,0.06765770916714313
MA0101202406A0012971,2,0.0,1.0,2,0.04763200870985303
MA0101202406A0013404,2,0.0,0.0,4,0.05234159779614325
MA0101202406A0013488,2,1.0,0.0,5,0.35926660059464816
MA0101202406A0013490,2,1.0,0.0,3,0.09124087591240876
MA0101202406A0013949,2,1.0,0.0,3,0.05218855218855219
MA0101202406A0014871,2,1.0,0.0,1,0.033286118980169976
MA0101202406A0015067,2,1.0,0.0,0,0.0
MA0101202406A0015182,2,1.0,0.0,5,0.6081081081081081
MA0101202406A0015576,2,1.0,0.0,1,0.08849557522123894
MA0101202406A0015908,2,1.0,0.0,3,0.1686046511627907
MA0101202406A0016855,2,1.0,0.0,4,0.18846153846153846
MA0101202406A0017461,2,1.0,0.0,4,0.12551440329218108
MA0101202406A0017494,2,1.0,0.0,3,0.037326541366590554
MA0101202406A0017627,2,1.0,0.0,5,0.5320699708454811
MA0101202406A0018216,2,1.0,0.0,4,0.0144745122718691
MA0101202406A0018298,2,1.0,0.0,3,0.04257332071901608
MA0101202406A0018450,2,1.0,0.0,1,0.012711864406779662
MA0101202406A0018813,2,1.0,1.0,3,0.034574468085106384
MA0101202406A0019355,2,0.0,0.0,3,1.0
MA0101202406A0019817,2,1.0,0.0,5,1.0
MA0101202406A0020087,2,1.0,0.0,3,0.3125
MA0101202406A0020202,2,1.0,1.0,4,0.1016949152542373
MA0101202406A0020227,2,1.0,0.0,3,0.3277310924369748
MA0101202406A0020686,2,0.0,1.0,5,0.4642857142857143
MA0101202406A0021321,2,1.0,0.0,2,0.00849514563106796
MA0101202406A0021400,2,1.0,1.0,3,0.010927691234596606
MA0101202406A0021502,2,1.0,0.0,1,0.00028561636010510685
MA0101202406A0021541,2,1.0,0.0,3,0.0
MA0101202406A0021557,2,1.0,0.0,3,0.029612756264236904
MA0101202406A0022027,2,1.0,0.0,2,0.0076045627376425855
MA0101202406A0023066,2,1.0,0.0,4,0.05091533180778032
MA0101202406A0023520,2,1.0,0.0,1,0.00794912559618442
MA0101202406A0023645,2,1.0,0.0,3,0.07878787878787878
MA0101202406A0026495,2,0.0,0.0,5,0.7374830852503382
MA0101202406A0027365,2,1.0,0.0,5,0.016778523489932886
MA0101202406A0027607,2,1.0,0.0,0,0.0
MA0101202406A0028040,2,1.0,0.0,3,1.0
MA0101202406A0028202,2,1.0,1.0,3,0.01706700379266751
MA0101202406A0028373,2,1.0,0.0,1,0.0032679738562091504
MA0101202406A0028762,2,1.0,0.0,1,0.0003232062055591467
MA0101202406A0029169,2,1.0,0.0,5,0.753946652150245
MA0101202406A0029731,2,1.0,0.0,4,0.026685393258426966
MA0101202406A0030903,2,1.0,0.0,3,0.028225806451612902
MA0101202406A0031544,2,0.0,0.0,1,0.03225806451612903
MA0101202406A0031920,2,1.0,0.0,3,0.0
MA0101202406A0032395,2,1.0,0.0,2,0.00011751801942964588
MA0101202406A0032415,2,1.0,0.0,4,0.08016443987667009
MA0101202406A0032747,2,1.0,1.0,5,0.40774487471526194
MA0101202406A0032760,2,0.0,0.0,2,0.05730659025787966
MA0101202406A0032903,2,1.0,1.0,5,0.4166666666666667
MA0101202406A0033067,2,1.0,0.0,2,0.01953125
MA0101202406A0034122,2,1.0,0.0,1,0.03225806451612903
MA0101202406A0034136,2,1.0,0.0,3,0.024875621890547265
MA0101202406A0034955,2,1.0,1.0,4,0.08256880733944955
MA0101202406A0034982,2,1.0,0.0,4,0.09923664122137404
MA0101202406A0035054,2,1.0,0.0,3,0.015957446808510637
MA0101202406A0035824,2,1.0,0.0,2,0.010301109350237718
MA0101202406A0036251,2,1.0,0.0,4,0.013686131386861315
MA0101202406A0036314,2,1.0,1.0,1,0.0057306590257879654
MA0101202406A0036451,2,1.0,1.0,1,0.004528985507246377
MA0101202406A0036842,2,1.0,0.0,4,0.021617852161785217
MA0101202406A0038117,2,0.0,0.0,0,0.0
MA0101202406A0039697,2,0.0,0.0,4,0.3313953488372093
MA0101202406A0039712,2,1.0,0.0,5,0.5411764705882353
MA0101202406A0040046,2,1.0,0.0,2,0.0025131942699170647
MA0101202406A0040421,2,1.0,0.0,3,0.013675213675213675
MA0101202406A0040493,2,1.0,0.0,5,0.10487959442332066
MA0101202406A0041084,2,1.0,0.0,1,0.005219206680584551
MA0101202406A0041121,2,1.0,0.0,3,0.00384260682446972
MA0101202406A0041252,2,1.0,0.0,3,0.0109375
MA0101202406A0041729,2,1.0,0.0,4,0.14081145584725538
MA0101202406A0041889,2,1.0,0.0,3,0.02880658436213992
MA0101202406A0042304,2,1.0,1.0,3,0.07936507936507936
MA0101202406A0042402,2,1.0,0.0,1,0.012218045112781954
MA0101202406A0043086,2,1.0,1.0,5,0.18615751789976134
MA0101202406A0043097,2,0.0,0.0,3,0.13232963549920762
MA0101202406A0043625,2,1.0,1.0,5,0.7966101694915254
MA0101202406A0043703,2,1.0,0.0,3,0.010927152317880794
MA0101202406A0044255,2,1.0,0.0,2,0.013363028953229399
MA0101202406A0044587,2,1.0,0.0,2,0.007741347905282332
MA0101202406A0044679,2,1.0,0.0,3,0.019011406844106463
MA0101202406A0044713,2,1.0,0.0,1,0.0031725888324873096
MA0101202406A0044809,2,1.0,1.0,4,0.1411323896752706
MA0101202406A0045289,2,1.0,0.0,3,0.390625
MA0101202406A0045444,2,1.0,0.0,2,0.018229166666666668
MA0101202406A0046094,2,1.0,0.0,5,1.0
MA0101202406A0046195,2,1.0,0.0,1,0.0033025099075297227
MA0101202406A0046404,2,1.0,0.0,3,1.0
MA0101202406A0046420,2,1.0,0.0,2,0.014866204162537165
MA0101202406A0046626,2,1.0,0.0,3,0.3159041394335512
MA0101202406A0046760,2,1.0,0.0,3,0.07829977628635346
MA0101202406A0047196,2,1.0,1.0,4,0.08264462809917356
MA0101202406A0047383,2,1.0,0.0,4,0.684331797235023
MA0101202406A0047950,2,1.0,0.0,5,0.2899357072205737
MA0101202406A0047987,2,1.0,0.0,2,0.019080659150043366
MA0101202406A0048202,2,1.0,0.0,2,0.034858387799564274
MA0101202406A0048338,2,1.0,0.0,0,0.0
MA0101202406A0048343,2,1.0,0.0,1,0.008333333333333333
MA0101202406A0048401,2,1.0,1.0,3,0.01444043321299639
MA0101202406A0048877,2,1.0,0.0,3,0.004665629860031105
MA0101202406A0049791,2,1.0,0.0,0,0.0
MA0101202406A0050230,2,1.0,0.0,2,0.008581235697940504
MA0101202406A0050491,2,1.0,0.0,2,0.026455026455026454
MA0101202406A0051007,2,1.0,1.0,1,0.0071656050955414006
MA0101202406A0051011,2,1.0,0.0,4,0.08017492711370262
MA0101202406A0051320,2,1.0,0.0,1,0.02403846153846154
MA0101202406A0052318,2,1.0,0.0,4,0.8454545454545455
MA0101202406A0052873,2,1.0,1.0,5,0.47626977518734387
MA0101202406A0052985,2,1.0,0.0,1,0.0048638132295719845
MA0101202406A0053223,2,1.0,0.0,2,0.02459016393442623
MA0101202406A0053289,2,1.0,1.0,1,0.00205761316872428
MA0101202406A0053348,2,0.0,0.0,1,0.01733102253032929
MA0101202406A0053638,2,1.0,0.0,1,0.013157894736842105
MA0101202406A0054214,2,1.0,0.0,5,0.31376518218623484
MA0101202406A0054480,2,1.0,0.0,3,0.055762081784386616
MA0101202406A0055265,2,1.0,0.0,1,0.0038022813688212928
MA0101202406A0055465,2,1.0,0.0,0,0.0
MA0101202406A0055544,2,1.0,1.0,2,0.0079923273657289
MA0101202406A0055628,2,0.0,0.0,2,0.00389545111837145
MA0101202406A0055846,2,0.0,0.0,3,0.0205761316872428
MA0101202406A0055910,2,1.0,0.0,3,0.5555555555555556
MA0101202406A0056560,2,1.0,0.0,3,0.0
MA0101202406A0056911,2,1.0,0.0,2,0.019056693663649357
MA0101202406A0057242,2,1.0,0.0,1,0.004911591355599214
MA0101202406A0057455,2,1.0,1.0,1,0.007625272331154684
MA0101202406A0058859,2,1.0,0.0,4,0.0074337427278603745
MA0101202406A0058941,2,1.0,0.0,5,0.3959003215434083
MA0101202406A0060374,2,1.0,0.0,3,0.01904761904761905
MA0101202406A0060512,2,1.0,0.0,2,0.09509202453987729
MA0101202406A0061658,2,1.0,1.0,3,1.0
MA0101202406A0061679,2,1.0,1.0,2,0.030501089324618737
MA0101202406A0062101,2,1.0,0.0,2,0.003036437246963563
MA0101202406A0062183,2,1.0,0.0,1,0.007095553453169347
MA0101202406A0062449,2,1.0,1.0,3,0.015080113100848254
MA0101202406A0062996,2,1.0,0.0,3,0.7282608695652175
MA0101202406A0063034,2,1.0,1.0,2,0.0006271951831409935
MA0101202406A0063039,2,1.0,1.0,3,0.0044004400440044
MA0101202406A0063153,2,0.0,0.0,2,0.03473491773308958
MA0101202406A0063220,2,1.0,1.0,0,0.0
MA0101202406A0064204,2,1.0,0.0,2,0.0076045627376425855
MA0101202406A0064597,2,1.0,1.0,1,0.004555808656036446
MA0101202406A0064692,2,1.0,0.0,0,0.0
MA0101202406A0065039,2,1.0,0.0,1,0.04950495049504951
MA0101202406A0065515,2,1.0,0.0,4,0.037237777582726235
MA0101202406A0066493,2,1.0,0.0,1,0.0035294117647058825
MA0101202406A0066910,2,1.0,0.0,3,0.01039002557544757
MA0101202406A0067037,2,1.0,0.0,5,1.0
MA0101202406A0067849,2,0.0,0.0,5,1.0
MA0101202406A0068332,2,1.0,0.0,5,0.5912162162162162
MA0101202406A0068482,2,1.0,0.0,1,0.0028653295128939827
MA0101202406A0068620,2,1.0,0.0,4,0.0159265287142525
MA0101202406A0069259,2,0.0,0.0,5,0.2544642857142857
MA0101202406A0069375,2,1.0,1.0,3,1.0
MA0101202406A0069824,2,1.0,0.0,3,0.5
MA0101202406A0070000,2,1.0,1.0,4,0.04973945997157745
MA0101202406A0070158,2,1.0,0.0,3,1.0
MA0101202406A0070376,2,0.0,1.0,4,0.01721538074893189
MA0101202406A0070437,2,1.0,0.0,0,0.0
MA0101202406A0070800,2,1.0,0.0,1,0.049019607843137254
MA0101202406A0070837,2,1.0,0.0,2,0.026022304832713755
MA0101202406A0070908,2,1.0,0.0,5,1.0
MA0101202406A0071123,2,1.0,0.0,2,0.013197969543147208
MA0101202406A0071597,2,1.0,0.0,3,0.022598870056497175
MA0101202406A0071945,2,1.0,1.0,1,0.047619047619047616
MA0101202406A0072061,2,1.0,0.0,3,0.0
MA0101202406A0072536,2,1.0,1.0,3,0.05084745762711865
MA0101202406A0072594,2,1.0,0.0,2,0.00935251798561151
MA0101202406A0072720,2,1.0,1.0,2,0.25
MA0101202406A0073034,2,1.0,0.0,4,0.13138686131386862
MA0101202406A0074133,2,1.0,1.0,1,0.018910741301059002
MA0101202406A0074296,2,1.0,0.0,4,0.08181818181818182
MA0101202406A0074502,2,1.0,0.0,2,0.2545454545454545
MA0101202406A0074795,2,1.0,1.0,3,0.08035714285714286
MA0101202406A0074823,2,1.0,0.0,1,0.0625
MA0101202406A0075336,2,1.0,0.0,4,0.07352941176470588
MA0101202406A0075518,2,1.0,0.0,1,0.025839793281653745
MA0101202406A0075604,2,1.0,0.0,3,0.9459459459459462
MA0101202406A0075716,2,1.0,0.0,2,0.057971014492753624
MA0101202406A0075735,2,1.0,1.0,2,0.2983425414364641
MA0101202406A0075969,2,1.0,0.0,2,0.016260162601626018
MA0101202406A0076241,2,1.0,0.0,3,1.0
MA0101202406A0076246,2,1.0,0.0,2,0.010523613963039012
MA0101202406A0077680,2,1.0,1.0,3,0.05250630075609073
MA0101202406A0077786,2,1.0,0.0,1,0.00547645125958379
MA0101202406A0078363,2,1.0,0.0,2,0.005225752508361204
MA0101202406A0078377,2,1.0,0.0,5,1.0
MA0101202406A0078521,2,1.0,1.0,3,0.08811475409836066
MA0101202406A0079231,2,1.0,0.0,1,0.0
MA0101202406A0079743,2,1.0,0.0,1,0.0024330900243309003
MA0101202406A0079913,2,1.0,0.0,0,0.0
MA0101202406A0080501,2,1.0,0.0,2,0.5324074074074073
MA0101202406A0080964,2,0.0,0.0,4,0.03775743707093822
MA0101202406A0081018,2,1.0,0.0,0,0.0
MA0101202406A0081032,2,1.0,1.0,2,0.06914893617021277
MA0101202406A0081057,2,0.0,0.0,5,0.10995670995670996
MA0101202406A0081062,2,1.0,0.0,0,0.0
MA0101202406A0081171,2,1.0,0.0,5,0.06708652792990143
MA0101202406A0081340,2,1.0,0.0,2,0.0030303030303030303
MA0101202406A0082338,2,1.0,1.0,5,1.0
MA0101202406A0082787,2,1.0,1.0,3,0.7183098591549296
MA0101202406A0083285,1,1.0,0.0,3,1.0
MA0101202406A0083697,2,0.0,0.0,2,0.0036441316913797435
MA0101202406A0084204,2,1.0,0.0,2,0.002638853983412918
MA0101202406A0085096,1,0.0,1.0,4,0.04
MA0101202406A0085864,1,1.0,0.0,0,0.0
MA0101202406A0085915,1,1.0,0.0,4,0.005250635819181229
MA0101202406A0086243,1,1.0,0.0,4,0.12345679012345678
MA0101202406A0087028,2,1.0,0.0,3,0.020227560050568902
MA0101202406A0087502,2,1.0,1.0,3,0.03398058252427184
MA0101202406A0087814,2,1.0,0.0,2,0.015815085158150853
MA0101202406A0087899,1,1.0,0.0,2,0.02127659574468085
MA0101202406A0087924,1,1.0,0.0,4,0.4444444444444444
MA0101202406A0088328,1,1.0,0.0,3,0.0
MA0101202406A0088677,2,1.0,1.0,0,0.0
MA0101202406A0089444,1,1.0,0.0,3,0.029288702928870293
MA0101202406A0089862,1,1.0,0.0,5,0.7948717948717948
MA0101202406A0090109,1,0.0,0.0,0,0.0
MA0101202406A0090144,1,1.0,0.0,4,0.014184397163120567
MA0101202406A0090299,2,1.0,0.0,1,0.0033624747814391394
MA0101202406A0090789,1,1.0,0.0,0,0.0
MA0101202406A0091426,2,1.0,0.0,1,0.0038314176245210726
MA0101202406A0091527,1,1.0,0.0,0,0.0
MA0101202406A0091887,1,0.0,0.0,5,1.0
MA0101202406A0091891,2,1.0,0.0,1,0.0071656050955414006
MA0101202406A0092128,1,0.0,0.0,3,0.0
MA0101202406A0092167,2,1.0,0.0,5,1.0
MA0101202406A0092451,1,1.0,1.0,0,0.0
MA0101202406A0093309,2,1.0,0.0,0,0.0
MA0101202406A0093555,1,1.0,0.0,2,0.020446096654275093
MA0101202406A0093584,2,1.0,0.0,5,1.0
MA0101202406A0093788,2,1.0,0.0,4,0.016823091907207367
MA0101202406A0094273,1,1.0,0.0,5,0.16155531215772181
MA0101202406A0094689,1,1.0,0.0,3,0.025170801869830995
MA0101202406A0094861,1,1.0,0.0,2,0.01694915254237288
MA0101202406A0095594,2,0.0,0.0,1,0.0014534883720930232
MA0101202406A0096004,1,1.0,1.0,2,0.014598540145985401
MA0101202406A0096297,1,1.0,0.0,3,0.11235955056179775
MA0101202406A0096331,1,1.0,0.0,2,0.02857142857142857
MA0101202406A0096451,1,1.0,0.0,5,0.6506550218340612
MA0101202406A0096622,1,1.0,0.0,5,0.42424242424242425
MA0101202406A0096804,2,1.0,0.0,1,0.0028089887640449437
MA0101202406A0096865,2,1.0,0.0,5,0.30751708428246016
MA0101202406A0097069,1,1.0,1.0,1,0.0035958288385472847
MA0101202406A0097422,1,1.0,0.0,4,0.18253968253968253
MA0101202406A0097848,1,1.0,1.0,3,1.0
MA0101202406A0098170,1,1.0,0.0,4,0.027472527472527472
MA0101202406A0098406,2,1.0,1.0,4,0.10266159695817491
MA0101202406A0098652,1,1.0,0.0,3,0.24416135881104034
MA0101202406A0099280,1,1.0,0.0,2,0.0389948006932409
MA0101202406A0099341,2,1.0,0.0,2,0.027093596059113302
MA0101202406A0099578,1,1.0,1.0,3,0.014539579967689823
MA0101202406A0099686,1,1.0,0.0,4,0.21801925722145807
MA0101202406A0100280,1,1.0,0.0,3,0.014285714285714285
MA0101202406A0100627,2,1.0,0.0,3,0.001254390366281987
MA0101202406A0100649,1,1.0,1.0,2,0.0019011406844106464
MA0101202406A0101926,1,1.0,0.0,5,0.606973058637084
MA0101202406A0102764,1,1.0,0.0,1,0.01689189189189189
MA0101202406A0102982,1,1.0,0.0,4,0.04739464117409452
MA0101202406A0103561,1,1.0,0.0,0,0.0
MA0101202406A0103577,1,1.0,0.0,4,0.19911504424778761
MA0101202406A0103717,1,1.0,0.0,3,0.0
MA0101202406A0103764,1,,,2,0.10144927536231885
MA0101202406A0103924,2,1.0,0.0,1,0.0020903010033444815
MA0101202406A0104082,2,1.0,1.0,5,0.18252395110670633
MA0101202406A0104407,2,1.0,1.0,2,0.010416666666666666
MA0101202406A0105025,2,1.0,0.0,4,0.0787205833609546
MA0101202406A0105367,2,1.0,0.0,2,0.04285714285714286
MA0101202406A0105531,1,1.0,0.0,3,0.08430232558139535
MA0101202406A0105909,1,1.0,0.0,5,0.45161290322580644
MA0101202406A0106091,2,1.0,0.0,3,0.015209125475285171
MA0101202406A0107538,2,1.0,0.0,1,0.0054858934169279
MA0101202406A0107824,2,1.0,0.0,4,0.01168152474638795
MA0101202406A0107923,2,1.0,0.0,4,0.043859649122807015
MA0101202406A0108001,1,1.0,1.0,3,0.047619047619047616
MA0101202406A0108468,1,1.0,0.0,4,0.12844036697247707
MA0101202406A0108660,1,1.0,0.0,4,0.08120649651972157
MA0101202406A0108839,2,1.0,0.0,1,0.013888888888888888
MA0101202406A0109086,1,1.0,1.0,5,0.30597014925373134
MA0101202406A0109620,1,1.0,1.0,1,0.0018214936247723133
MA0101202406A0110031,1,1.0,0.0,2,0.019080659150043366
MA0101202406A0110852,2,1.0,0.0,2,0.036585365853658534
MA0101202406A0111002,2,1.0,0.0,1,0.007177033492822967
MA0101202406A0111148,1,1.0,0.0,4,0.717948717948718
MA0101202406A0111221,2,0.0,1.0,3,0.04126984126984127
MA0101202406A0111727,1,1.0,0.0,1,0.0011001100110011
MA0101202406A0112214,1,1.0,1.0,2,0.06666666666666667
MA0101202406A0112548,1,1.0,0.0,3,0.14251207729468598
MA0101202406A0112709,1,1.0,0.0,4,0.09415262636273537
MA0101202406A0113278,2,1.0,0.0,5,1.0
MA0101202406A0113453,1,1.0,1.0,5,0.2682362022385179
MA0101202406A0113542,1,1.0,0.0,5,0.03225806451612903
MA0101202406A0114497,1,0.0,0.0,5,1.0
MA0101202406A0114643,1,1.0,0.0,3,0.03314550878355983
MA0101202406A0115228,1,1.0,0.0,4,0.15384615384615385
MA0101202406A0115427,1,1.0,0.0,5,0.6243243243243244
MA0101202406A0116060,1,1.0,0.0,5,0.1643835616438356
MA0101202406A0116582,1,1.0,0.0,3,0.29411764705882354
MA0101202406A0116902,2,1.0,1.0,2,0.0013950244129272262
MA0101202406A0116985,1,1.0,1.0,3,0.12027491408934707
MA0101202406A0118504,1,1.0,0.0,5,0.9191729323308271
MA0101202406A0118601,1,1.0,1.0,5,0.25308641975308643
MA0101202406A0119080,2,1.0,0.0,4,0.45867768595041325
MA0101202406A0119504,2,1.0,1.0,2,0.0035971223021582736
MA0101202406A0119552,2,1.0,0.0,3,0.02029520295202952
MA0101202406A0119836,1,1.0,0.0,3,0.0703125
MA0101202406A0120074,2,1.0,0.0,1,0.06338028169014084
MA0101202406A0120594,1,0.0,0.0,3,0.009550138225684845
MA0101202406A0120896,1,1.0,0.0,2,0.012836970474967908
MA0101202406A0120975,1,0.0,0.0,0,0.0
MA0101202406A0121601,1,1.0,0.0,2,0.03065134099616858
MA0101202406A0122495,2,1.0,1.0,3,0.20588235294117646
MA0101202406A0122548,1,0.0,0.0,3,0.0
MA0101202406A0122834,2,1.0,0.0,3,1.0
MA0101202406A0123374,1,1.0,0.0,2,0.09852216748768472
MA0101202406A0123768,2,1.0,0.0,4,0.12433210028771063
MA0101202406A0123827,2,1.0,0.0,1,0.02054794520547945
MA0101202406A0123870,1,1.0,0.0,3,0.008238276299112801
MA0101202406A0123906,1,1.0,1.0,4,0.32028469750889677
MA0101202406A0124279,1,1.0,0.0,3,0.37190082644628103
MA0101202406A0124532,1,1.0,0.0,5,1.0
MA0101202406A0125078,1,1.0,0.0,3,1.0
MA0101202406A0125323,1,1.0,1.0,0,0.0
MA0101202406A0125498,2,1.0,0.0,4,0.17063492063492064
MA0101202406A0126983,1,1.0,0.0,3,0.02631578947368421
MA0101202406A0127020,2,1.0,0.0,1,0.026455026455026454
MA0101202406A0127100,1,1.0,0.0,0,0.0
MA0101202406A0127131,1,0.0,1.0,3,0.006625891946992864
MA0101202406A0127448,1,1.0,1.0,3,0.02553191489361702
MA0101202406A0127932,1,1.0,0.0,1,0.004955401387512388
MA0101202406A0128149,1,1.0,0.0,4,0.125
MA0101202406A0128532,2,1.0,1.0,2,0.184622067767159
MA0101202406A0128571,1,1.0,0.0,2,0.025423728813559324
MA0101202406A0128640,1,1.0,1.0,5,1.0
MA0101202406A0128642,1,1.0,0.0,4,0.015079165619502387
MA0101202406A0128817,1,1.0,0.0,4,0.06066734074823053
MA0101202406A0128964,2,1.0,1.0,3,1.0
MA0101202406A0129066,1,0.0,0.0,5,0.6157849089332177
MA0101202406A0129694,2,1.0,0.0,1,0.02403846153846154
MA0101202406A0129759,2,1.0,0.0,2,0.04678362573099415
MA0101202406A0129775,1,1.0,0.0,2,0.029411764705882353
MA0101202406A0130449,2,0.0,0.0,2,0.004807692307692308
MA0101202406A0130718,2,1.0,0.0,5,0.6026490066225165
MA0101202406A0131178,1,1.0,1.0,5,1.0
MA0101202406A0131488,1,1.0,1.0,4,0.016359060402684564
MA0101202406A0131693,1,1.0,0.0,2,0.0005017561465127947
MA0101202406A0131854,1,1.0,1.0,2,0.1111111111111111
MA0101202406A0132263,2,1.0,0.0,4,0.1407766990291262
MA0101202406A0132772,1,1.0,0.0,3,0.034858387799564274
MA0101202406A0133494,1,1.0,0.0,3,0.0
MA0101202406A0133671,1,0.0,1.0,4,0.06629101756711966
MA0101202406A0133838,2,1.0,0.0,4,0.03134796238244514
MA0101202406A0133959,1,1.0,0.0,5,0.46924829157175396
MA0101202406A0134146,1,1.0,1.0,3,0.05466970387243736
MA0101202406A0137418,1,1.0,0.0,2,0.010482180293501047
MA0101202406A0137906,1,0.0,0.0,4,0.13804713804713806
MA0101202406A0137993,1,1.0,1.0,5,1.0
MA0101202406A0138980,2,1.0,1.0,2,0.019083969465648856
MA0101202406A0139485,1,1.0,0.0,4,0.16891891891891891
MA0101202406A0139591,1,1.0,0.0,3,0.03498542274052478
MA0101202406A0139734,1,1.0,0.0,1,0.01
MA0101202406A0140055,1,1.0,0.0,5,0.5217391304347826
MA0101202406A0140133,1,1.0,0.0,4,0.19487179487179487
MA0101202406A0140299,2,1.0,0.0,4,0.007597765363128492
MA0101202406A0140411,1,0.0,0.0,3,0.23708920187793428
MA0101202406A0140494,1,1.0,0.0,5,1.0
MA0101202406A0140731,1,1.0,0.0,5,1.0
MA0101202406A0140787,1,1.0,0.0,3,0.09411764705882353
MA0101202406A0141353,1,1.0,0.0,0,0.0
MA0101202406A0141438,1,1.0,0.0,2,0.013774104683195593
MA0101202406A0142706,1,0.0,0.0,0,0.0
MA0101202406A0143025,1,1.0,1.0,5,0.13559322033898305
MA0101202406A0143292,1,0.0,0.0,3,0.12413793103448276
MA0101202406A0143536,1,1.0,0.0,3,0.0
MA0101202406A0143566,1,1.0,1.0,3,0.019736842105263157
MA0101202406A0143889,2,1.0,0.0,1,0.002860411899313501
MA0101202406A0143969,1,1.0,1.0,5,1.0
MA0101202406A0144081,1,1.0,1.0,4,0.11824324324324324
MA0101202406A0145132,1,1.0,0.0,5,0.7183718371837183
MA0101202406A0145474,1,1.0,0.0,4,0.17301038062283736
MA0101202406A0145761,1,1.0,0.0,3,0.08
MA0101202406A0146077,1,1.0,0.0,5,0.7482993197278911
MA0101202406A0146127,1,1.0,1.0,4,0.03802281368821293
MA0101202406A0146214,2,1.0,0.0,5,0.5289855072463768
MA0101202406A0146294,1,1.0,0.0,4,0.34615384615384615
MA0101202406A0146595,1,1.0,1.0,2,0.011019283746556474
MA0101202406A0147217,1,1.0,0.0,1,0.0024330900243309003
MA0101202406A0147410,1,1.0,0.0,4,0.06172839506172839
MA0101202406A0147470,1,1.0,0.0,2,0.04524886877828054
MA0101202406A0147506,2,1.0,0.0,2,0.0005989817310572028
MA0101202406A0147510,2,1.0,1.0,4,0.19325153374233128
MA0101202406A0147648,1,1.0,0.0,2,0.00202122283981809
MA0101202406A0148314,1,1.0,0.0,2,0.030303030303030304
MA0101202406A0148669,1,1.0,1.0,5,0.06844106463878327
MA0101202406A0148783,1,1.0,0.0,3,0.10204081632653061
MA0101202406A0149247,2,1.0,1.0,5,1.0
MA0101202406A0149579,1,1.0,1.0,4,0.16230366492146597
MA0101202406A0149683,1,1.0,0.0,3,0.4787234042553191
MA0101202406A0149831,1,1.0,0.0,2,0.00872093023255814
MA0101202406A0150037,1,0.0,0.0,5,1.0
MA0101202406A0151097,1,1.0,0.0,4,0.0683371298405467
MA0101202406A0151940,1,1.0,1.0,5,1.0
MA0101202406A0152371,1,1.0,1.0,4,0.025919732441471572
MA0101202406A0152662,1,1.0,0.0,4,0.5226904376012965
MA0101202406A0153122,1,1.0,0.0,3,0.07692307692307693
MA0101202406A0153407,1,1.0,1.0,5,0.7734204793028322
MA0101202406A0153853,1,1.0,0.0,5,1.0
MA0101202406A0153934,1,1.0,1.0,5,0.19777058612010068
MA0101202406A0154023,1,1.0,0.0,4,0.040983606557377046
MA0101202406A0155004,1,0.0,0.0,3,0.17857142857142855
MA0101202406A0155236,1,1.0,0.0,5,0.41246056782334384
MA0101202406A0155668,1,1.0,0.0,2,0.00847457627118644
MA0101202406A0156122,1,1.0,0.0,1,0.0
MA0101202406A0156179,1,1.0,0.0,5,0.17876970908283366
MA0101202406A0156432,1,1.0,0.0,3,0.013729977116704805
MA0101202406A0157325,2,1.0,0.0,2,0.06060606060606061
MA0101202406A0157538,1,1.0,0.0,0,0.0
MA0101202406A0157869,1,1.0,1.0,5,0.1811764705882353
MA0101202406A0158082,1,1.0,0.0,0,0.0
MA0101202406A0158952,1,1.0,1.0,3,0.0
MA0101202406A0159035,1,1.0,1.0,3,0.0030821917808219177
MA0101202406A0159616,1,1.0,0.0,1,0.012873326467559218
MA0101202406A0159679,2,1.0,0.0,3,0.04452054794520548
MA0101202406A0159701,1,1.0,0.0,3,0.23076923076923078
MA0101202406A0160439,1,0.0,0.0,0,0.0
MA0101202406A0160609,1,1.0,0.0,5,1.0
MA0101202406A0161369,1,1.0,1.0,2,0.08403361344537814
MA0101202406A0161547,1,1.0,1.0,3,0.14541387024608501
MA0101202406A0161714,1,1.0,1.0,5,1.0
MA0101202406A0161831,1,0.0,0.0,3,0.06153846153846154
MA0101202406A0162260,1,1.0,0.0,3,0.023679417122040074
MA0101202406A0162306,1,1.0,0.0,3,0.0641025641025641
MA0101202406A0162340,1,1.0,0.0,1,0.008244023083264633
MA0101202406A0162489,1,1.0,0.0,1,0.003766478342749529
MA0101202406A0163102,1,1.0,1.0,5,1.0
MA0101202406A0163137,1,1.0,0.0,5,1.0
MA0101202406A0163195,1,1.0,0.0,4,0.02984367598294647
MA0101202406A0163211,1,1.0,1.0,5,1.0
MA0101202406A0163263,1,1.0,0.0,3,0.0412621359223301
MA0101202406A0163304,1,1.0,0.0,3,0.0036889025514909315
MA0101202406A0163355,1,1.0,0.0,0,0.0
MA0101202406A0165477,1,1.0,0.0,1,0.0129366106080207
MA0101202406A0165712,1,1.0,0.0,4,0.25252525252525254
MA0101202406A0166052,1,1.0,0.0,1,0.015673981191222573
MA0101202406A0166259,1,1.0,1.0,4,0.07754010695187166
MA0101202406A0166838,1,1.0,0.0,3,0.06411323896752706
MA0101202406A0166923,1,1.0,0.0,0,0.0
MA0101202406A0167528,1,1.0,0.0,4,0.011001100110011002
MA0101202406A0167541,1,1.0,0.0,2,0.4807692307692307
MA0101202406A0167849,1,0.0,0.0,2,0.0042724302588590096
MA0101202406A0168325,1,1.0,0.0,5,1.0
MA0101202406A0168573,1,1.0,0.0,2,0.08108108108108109
MA0101202406A0168967,1,1.0,0.0,4,0.03335239184295788
MA0101202406A0169618,1,1.0,0.0,5,0.5700934579439252
MA0101202406A0170640,1,0.0,0.0,5,1.0
MA0101202406A0170829,1,0.0,0.0,4,0.07457739476300962
MA0101202406A0171157,1,0.0,0.0,3,0.0
MA0101202406A0171290,1,1.0,0.0,0,0.0
MA0101202406A0171644,1,0.0,0.0,1,0.016260162601626018
MA0101202406A0171657,1,1.0,0.0,3,0.17796610169491525
MA0101202406A0171766,1,1.0,0.0,0,0.0
MA0101202406A0171787,1,1.0,0.0,1,0.009615384615384616
MA0101202406A0172416,1,1.0,0.0,2,0.3172119487908962
MA0101202406A0172734,1,1.0,0.0,2,0.031746031746031744
MA0101202406A0172862,1,1.0,0.0,2,0.03125
MA0101202406A0174013,1,1.0,0.0,2,0.011441647597254004
MA0101202406A0174158,1,1.0,1.0,5,1.0
MA0101202406A0174538,1,1.0,0.0,3,0.01059322033898305
MA0101202406A0174611,1,1.0,0.0,3,1.0
MA0101202406A0175021,1,1.0,0.0,3,0.0
MA0101202406A0175194,1,1.0,0.0,3,1.0
MA0101202406A0176483,1,1.0,0.0,3,0.0
MA0101202406A0176517,1,1.0,0.0,4,0.09075342465753425
MA0101202406A0176987,1,1.0,0.0,2,0.023235550392099912
MA0101202406A0177469,1,1.0,0.0,4,0.053691275167785234
MA0101202406A0177487,1,1.0,0.0,3,0.004918536735321242
MA0101202406A0178964,1,1.0,0.0,5,0.5329153605015674
MA0101202406A0179062,1,1.0,0.0,5,1.0
MA0101202406A0179693,1,1.0,1.0,3,0.25
MA0101202406A0179877,1,0.0,0.0,4,0.11278195488721804
MA0101202406A0179888,1,1.0,0.0,4,0.25
MA0101202406A0180146,1,1.0,0.0,4,0.046890927624872576
MA0101202406A0180331,1,1.0,0.0,4,0.052132701421800945
MA0101202406A0180471,1,0.0,0.0,4,0.010616438356164383
MA0101202406A0181179,1,1.0,0.0,3,0.8571428571428571
MA0101202406A0181317,1,1.0,0.0,1,0.011261261261261262
MA0101202406A0181475,1,1.0,1.0,4,0.025848142164781908
MA0101202406A0181538,1,1.0,0.0,5,0.1777301927194861
MA0101202406A0181955,1,1.0,0.0,3,0.009047499371701432
MA0101202406A0182018,1,1.0,0.0,0,0.0
MA0101202406A0182316,1,1.0,0.0,3,0.0736196319018405
MA0101202406A0182386,1,1.0,0.0,4,0.014301430143014302
MA0101202406A0182646,1,1.0,0.0,3,0.0
MA0101202406A0183518,1,1.0,0.0,0,0.0
MA0101202406A0184006,1,1.0,1.0,3,1.0
MA0101202406A0184312,1,1.0,1.0,5,1.0
MA0101202406A0184730,1,1.0,1.0,1,0.017391304347826087
MA0101202406A0184769,1,1.0,0.0,4,0.14516129032258066
MA0101202406A0184808,1,1.0,0.0,3,0.002459268367660621
MA0101202406A0185780,1,1.0,1.0,3,1.0
MA0101202406A0186188,1,1.0,0.0,4,0.22628951747088186
MA0101202406A0186749,1,1.0,0.0,0,0.0
MA0101202406A0186885,1,1.0,0.0,1,0.005149330587023687
MA0101202406A0187214,1,1.0,0.0,3,0.06626506024096386
MA0101202406A0187810,1,1.0,1.0,5,0.0482465031421042
MA0101202406A0189196,1,0.0,0.0,0,0.0
MA0101202406A0189570,1,1.0,0.0,4,0.021070897372335154
MA0101202406A0190032,1,1.0,1.0,5,0.07604562737642585
MA0101202406A0190333,1,1.0,0.0,3,0.035048049745618995
MA0101202406A0190912,1,1.0,0.0,2,0.06620689655172414
MA0101202406A0191167,1,1.0,0.0,5,0.6390977443609023
MA0101202406A0191209,1,1.0,0.0,3,0.0
MA0101202406A0191342,1,1.0,0.0,0,0.0
MA0101202406A0191453,1,1.0,0.0,3,0.06950880444856349
MA0101202406A0191536,1,1.0,0.0,5,1.0
MA0101202406A0192233,1,1.0,0.0,0,0.0
MA0101202406A0192302,1,1.0,0.0,2,0.10091743119266056
MA0101202406A0192464,1,1.0,1.0,2,0.08130081300813008
MA0101202406A0192574,1,1.0,0.0,4,0.297029702970297
MA0101202406A0192680,1,1.0,0.0,3,0.011180124223602485
MA0101202406A0192840,1,1.0,0.0,4,0.07529411764705882
MA0101202406A0193355,1,1.0,0.0,4,0.05664488017429194
MA0101202406A0193858,1,1.0,0.0,5,1.0
MA0101202406A0193891,1,1.0,1.0,3,0.10618216139688533
MA0101202406A0193899,1,1.0,0.0,1,0.017429193899782137
MA0101202406A0193962,1,1.0,1.0,1,0.0111731843575419
MA0101202406A0194515,1,1.0,0.0,4,0.03764705882352941
MA0101202406A0194573,1,1.0,0.0,4,0.7857142857142857
MA0101202406A0194583,1,1.0,0.0,1,0.0014393666786613889
MA0101202406A0194872,1,1.0,0.0,4,0.05970149253731343
MA0101202406A0194917,1,1.0,0.0,0,0.0
MA0101202406A0195702,1,1.0,0.0,2,0.029116465863453816
MA0101202406A0196684,1,1.0,0.0,5,0.41379310344827586
MA0101202406A0197619,1,1.0,0.0,4,0.033582089552238806
MA0101202406A0197661,1,0.0,0.0,2,0.00459866220735786
MA0101202406A0198442,1,1.0,0.0,2,0.07306889352818371
MA0101202406A0199147,1,1.0,0.0,5,1.0
MA0101202406A0199290,1,1.0,0.0,5,1.0
MA0101202406A0199421,1,1.0,0.0,3,0.05077262693156733
MA0101202406A0199621,1,1.0,0.0,3,0.25333333333333335
MA0101202406A0200836,1,1.0,0.0,5,1.0
MA0101202406A0201797,1,1.0,1.0,2,0.004739336492890996
MA0101202406A0202151,1,1.0,0.0,4,0.061549601737871114
MA0101202406A0202667,1,1.0,0.0,3,1.0
MA0101202406A0202843,1,1.0,0.0,5,0.2292768959435626
MA0101202406A0203034,1,1.0,0.0,3,0.02358490566037736
MA0101202406A0203330,1,1.0,0.0,3,0.08021390374331551
MA0101202406A0203466,1,1.0,0.0,4,0.31004366812227074
MA0101202406A0203951,1,1.0,0.0,0,0.0
MA0101202406A0204284,1,1.0,0.0,2,0.0029239766081871343
MA0101202406A0204305,1,1.0,0.0,2,0.01366742596810934
MA0101202406A0204462,1,0.0,0.0,3,0.01705352913311227
MA0101202406A0204464,1,1.0,0.0,0,0.0
MA0101202406A0204508,1,0.0,0.0,0,0.0
MA0101202406A0204614,1,1.0,1.0,4,0.06504065040650407
MA0101202406A0204860,1,1.0,0.0,5,0.25806451612903225
MA0101202406A0204934,1,1.0,1.0,2,0.16216216216216217
MA0101202406A0204938,1,1.0,0.0,5,1.0
MA0101202406A0205129,1,1.0,0.0,3,0.05444887118193891
MA0101202406A0205434,1,1.0,0.0,5,0.5562913907284768
MA0101202406A0205998,1,1.0,0.0,5,1.0
MA0101202406A0206200,1,0.0,0.0,3,0.19854132901134522
MA0101202406A0206618,1,1.0,0.0,1,0.0761904761904762
MA0101202406A0206689,1,1.0,0.0,3,0.06779661016949153
MA0101202406A0206979,1,0.0,0.0,0,0.0
MA0101202406A0207164,1,1.0,0.0,5,0.14634146341463414
MA0101202406A0207708,1,1.0,0.0,1,0.0018214936247723133
MA0101202406A0208117,1,1.0,0.0,3,0.45454545454545453
MA0101202406A0208304,1,1.0,0.0,1,0.001321003963011889
MA0101202406A0208320,1,1.0,0.0,5,1.0
MA0101202406A0209047,1,1.0,0.0,1,0.007763975155279502
MA0101202406A0209195,1,0.0,0.0,5,1.0
MA0101202406A0209523,1,1.0,0.0,2,0.007719027402547278
MA0101202406A0210123,1,1.0,0.0,3,0.11764705882352941
MA0101202406A0210503,1,1.0,0.0,5,0.18543193426604485
MA0101202406A0210576,1,1.0,0.0,2,0.02664890073284477
MA0101202406A0211183,1,1.0,1.0,0,0.0
MA0101202406A0211305,1,1.0,0.0,3,0.1
MA0101202406A0211449,1,1.0,0.0,4,0.007377805102981863
MA0101202406A0211677,1,1.0,1.0,2,0.1176470588235294
MA0101202406A0211830,1,1.0,1.0,5,0.09239130434782608
MA0101202406A0211867,1,1.0,0.0,5,1.0
MA0101202406A0211920,1,0.0,0.0,5,0.6
MA0101202406A0212278,1,1.0,0.0,1,0.003766478342749529
MA0101202406A0212751,1,1.0,0.0,5,0.044620367038503056
MA0101202406A0213321,1,1.0,0.0,0,0.0
MA0101202406A0215229,1,1.0,0.0,3,1.0
MA0101202406A0215248,1,1.0,1.0,0,0.0
MA0101202406A0215346,1,1.0,0.0,3,1.0
MA0101202406A0215431,1,1.0,0.0,3,0.0
MA0101202406A0215706,1,1.0,0.0,2,0.025996533795493933
MA0101202406A0215743,1,1.0,1.0,3,1.0
MA0101202406A0215846,1,1.0,0.0,2,0.011378002528445006
MA0101202406A0215947,1,1.0,1.0,1,0.001254180602006689
MA0101202406A0216311,1,1.0,1.0,4,0.1168032786885246
MA0101202406A0216526,1,0.0,0.0,0,0.0
MA0101202406A0216624,1,1.0,0.0,3,0.02178649237472767
MA0101202406A0216656,1,0.0,1.0,2,0.03067484662576687
MA0101202406A0217564,1,0.0,0.0,5,0.900523560209424
MA0101202406A0218272,1,0.0,0.0,3,0.6320754716981132
MA0101202406A0218750,1,1.0,0.0,0,0.0
MA0101202406A0219405,1,1.0,0.0,0,0.0
MA0101202406A0219796,1,1.0,1.0,3,0.009937888198757764
MA0101202406A0220837,1,1.0,0.0,4,0.47297297297297297
MA0101202406A0221066,1,1.0,0.0,0,0.0
MA0101202406A0221964,1,1.0,0.0,5,0.1172901921132457
MA0101202406A0222352,1,0.0,0.0,5,0.402315484804631
MA0101202406A0222502,1,1.0,0.0,0,0.0
MA0101202406A0222993,1,1.0,0.0,3,1.0
MA0101202406A0223984,1,1.0,0.0,3,0.016666666666666666
MA0101202406A0224508,1,1.0,0.0,2,0.00423728813559322
MA0101202406A0224555,1,0.0,0.0,2,0.014
MA0101202406A0224734,1,1.0,1.0,3,0.009801457652676551
MA0101202406A0224824,1,1.0,0.0,3,0.030054644808743168
MA0101202406A0224859,1,1.0,0.0,4,0.7926829268292683
MA0101202406A0225554,1,1.0,0.0,5,0.8455598455598455
MA0101202406A0226146,1,1.0,0.0,4,0.058823529411764705
MA0101202406A0226192,1,0.0,0.0,0,0.0
MA0101202406A0226553,1,1.0,1.0,1,0.0009746588693957114
MA0101202406A0226862,1,1.0,0.0,4,0.04139433551198257
MA0101202406A0227146,1,0.0,1.0,5,1.0
MA0101202406A0227151,1,1.0,1.0,3,0.36792452830188677
MA0101202406A0227181,1,1.0,1.0,5,1.0
MA0101202406A0227373,1,1.0,0.0,3,0.5743243243243243
MA0101202406A0227702,1,1.0,1.0,4,0.102803738317757
MA0101202406A0228586,1,1.0,1.0,3,0.0
MA0101202406A0228984,1,1.0,0.0,2,0.018808777429467086
MA0101202406A0229337,1,1.0,0.0,5,0.044359949302915085
MA0101202406A0229397,1,1.0,0.0,4,0.09393939393939393
MA0101202406A0229607,1,1.0,0.0,4,0.07575757575757576
MA0101202406A0230587,1,1.0,0.0,1,0.005208333333333333
MA0101202406A0231095,1,1.0,0.0,4,0.13022351797862003
MA0101202406A0231530,1,1.0,0.0,4,0.11794871794871795
MA0101202406A0231843,1,1.0,0.0,4,0.025848142164781908
MA0101202406A0232191,1,1.0,1.0,3,0.05649717514124294
MA0101202406A0232380,1,1.0,0.0,4,0.29411764705882354
MA0101202406A0232557,1,0.0,0.0,4,0.4506065857885615
MA0101202406A0232762,1,1.0,0.0,4,0.25273865414710484
MA0101202406A0232847,1,1.0,0.0,3,0.008695652173913044
MA0101202406A0232984,1,0.0,0.0,0,0.0
MA0101202406A0233294,1,1.0,0.0,0,0.0
MA0101202406A0234169,1,1.0,1.0,3,1.0
MA0101202406A0234636,1,1.0,1.0,3,0.011705685618729096
MA0101202406A0234762,1,1.0,0.0,3,0.0
MA0101202406A0235037,1,1.0,0.0,2,0.06666666666666667
MA0101202406A0235341,1,1.0,1.0,5,1.0
MA0101202406A0235535,1,0.0,1.0,3,0.0
MA0101202406A0235638,1,1.0,1.0,2,0.5263157894736842
MA0101202406A0235725,1,1.0,0.0,3,0.010087424344317418
MA0101202406A0235813,1,1.0,0.0,3,0.3939393939393939
MA0101202406A0236082,1,0.0,0.0,5,0.46296296296296297
MA0101202406A0236503,1,1.0,1.0,4,0.03859513701273639
MA0101202406A0236656,1,1.0,1.0,4,0.0694712466229255
MA0101202406A0236762,1,1.0,0.0,3,0.0779896013864818
MA0101202406A0236928,1,0.0,0.0,3,0.0
MA0101202406A0237051,1,1.0,0.0,4,0.16853932584269662
MA0101202406A0237434,1,1.0,0.0,4,0.30966767371601206
MA0101202406A0237551,1,0.0,0.0,3,0.027210884353741496
MA0101202406A0237566,1,1.0,0.0,4,0.03605015673981191
MA0101202406A0237575,1,1.0,0.0,2,0.05154639175257732
MA0101202406A0237662,1,1.0,0.0,3,0.028869642460581834
MA0101202406A0237689,1,1.0,1.0,5,0.4153846153846154
MA0101202406A0238938,1,1.0,0.0,4,0.05357142857142857
MA0101202406A0239894,1,1.0,0.0,1,0.00909090909090909
MA0101202406A0239960,1,1.0,0.0,3,0.5714285714285714
MA0101202406A0240028,1,1.0,0.0,3,0.18115942028985507
MA0101202406A0240029,1,1.0,1.0,3,0.3076923076923077
MA0101202406A0240211,1,1.0,0.0,5,1.0
MA0101202406A0240854,1,1.0,0.0,1,0.0034497628288055198
MA0101202406A0242591,1,1.0,0.0,3,0.022549869904596703
MA0101202406A0243232,1,1.0,1.0,5,1.0
MA0101202406A0244567,1,1.0,0.0,4,0.8175182481751825
MA0101202406A0245564,1,0.0,0.0,4,0.0763888888888889
MA0101202406A0246540,1,1.0,0.0,4,0.1558219178082192
MA0101202406A0246647,1,1.0,0.0,3,0.11538461538461539
MA0101202406A0247654,1,1.0,0.0,3,0.26666666666666666
MA0101202406A0248079,1,1.0,0.0,2,0.07751937984496124
MA0101202406A0248516,1,1.0,0.0,4,0.2033898305084746
MA0101202406A0248841,1,1.0,0.0,4,0.040369088811995385
MA0101202406A0249760,1,1.0,0.0,4,0.06316321374431531
MA0101202406A0250465,1,1.0,0.0,5,0.2857142857142857
MA0101202406A0251067,1,1.0,1.0,4,0.0121012101210121
MA0101202406A0251158,1,1.0,0.0,2,0.0019392372333548805
MA0101202406A0251494,1,1.0,0.0,3,0.01912568306010929
MA0101202406A0252108,1,1.0,0.0,0,0.0
MA0101202406A0252544,1,1.0,1.0,4,0.140625
MA0101202406A0252803,1,1.0,0.0,4,0.09090909090909091
MA0101202406A0255175,1,1.0,0.0,3,0.01667778519012675
MA0101202406A0256142,1,1.0,0.0,4,0.02968227424749164
MA0101202406A0256865,1,1.0,0.0,3,0.17819706498951782
MA0101202406A0256908,1,1.0,0.0,5,0.711747723739729
MA0101202406A0258384,1,1.0,1.0,5,1.0
MA0101202406A0258492,1,1.0,1.0,2,0.045454545454545456
MA0101202406A0258791,1,1.0,0.0,0,0.0
MA0101202406A0259161,1,1.0,1.0,5,0.7633587786259542
MA0101202406A0259181,1,1.0,1.0,2,0.08403361344537814
MA0101202406A0259196,1,1.0,0.0,5,0.7541899441340782
MA0101202406A0259689,1,1.0,0.0,4,0.0027596588058203713
MA0101202406A0260017,1,0.0,0.0,0,0.0
MA0101202406A0260149,1,1.0,0.0,4,0.061068702290076333
MA0101202406A0260526,1,1.0,0.0,5,0.37777777777777777
MA0101202406A0260973,1,1.0,0.0,5,0.5447761194029851
MA0101202406A0261286,1,1.0,0.0,3,0.11931818181818182
MA0101202406A0261427,1,1.0,1.0,4,0.05555555555555555
MA0101202406A0261921,1,0.0,1.0,4,0.008938547486033519
MA0101202406A0262644,1,1.0,1.0,2,0.043478260869565216
MA0101202406A0262755,1,0.0,0.0,2,0.07990867579908675
MA0101202406A0263299,1,1.0,0.0,5,1.0
MA0101202406A0263583,1,1.0,0.0,2,0.002136752136752137
MA0101202406A0263608,1,1.0,0.0,5,0.11328976034858387
MA0101202406A0263669,1,1.0,0.0,5,1.0
MA0101202406A0264206,1,1.0,0.0,5,1.0
MA0101202406A0264335,1,1.0,0.0,2,0.08088235294117647
MA0101202406A0264462,1,1.0,0.0,1,0.0017565431231336731
MA0101202406A0265133,1,1.0,0.0,3,0.09771986970684039
MA0101202406A0265583,1,1.0,1.0,5,0.2505694760820046
MA0101202406A0265930,1,1.0,0.0,3,0.0
MA0101202406A0266675,1,1.0,0.0,3,0.5104895104895105
MA0101202406A0267007,1,0.0,0.0,3,0.04411764705882353
MA0101202406A0267346,1,0.0,0.0,0,0.0
MA0101202406A0267400,1,0.0,0.0,5,0.3047619047619048
MA0101202406A0267743,1,1.0,0.0,3,1.0
MA0101202406A0267830,1,1.0,0.0,5,0.3051643192488263
MA0101202406A0267903,1,1.0,1.0,4,0.23178807947019867
MA0101202406A0268039,1,1.0,0.0,3,0.1607142857142857
MA0101202406A0268085,1,1.0,0.0,5,0.3684210526315789
MA0101202406A0268413,1,0.0,0.0,5,0.3177966101694915
MA0101202406A0268734,1,1.0,0.0,3,1.0
MA0101202406A0268766,1,0.0,1.0,5,1.0
MA0101202406A0269110,1,1.0,0.0,5,1.0
MA0101202406A0269446,1,1.0,0.0,3,0.0
MA0101202406A0269679,1,0.0,0.0,2,0.019455252918287938
MA0101202406A0270104,1,1.0,1.0,0,0.0
MA0101202406A0270909,1,1.0,0.0,5,0.06222865412445731
MA0101202406A0271448,1,1.0,0.0,3,0.002585649644473174
MA0101202406A0271946,1,1.0,0.0,4,0.022813688212927757
MA0101202406A0273081,1,1.0,0.0,4,0.06179775280898876
MA0101202406A0273434,1,1.0,0.0,0,0.0
MA0101202406A0273843,1,1.0,0.0,5,0.6818181818181819
MA0101202406A0273887,1,1.0,0.0,0,0.0
MA0101202406A0275624,1,1.0,0.0,3,0.05128205128205128
MA0101202406A0276145,1,1.0,0.0,1,0.00904977375565611
MA0101202406A0276931,1,1.0,0.0,5,0.24539877300613497
MA0101202406A0277475,1,1.0,0.0,3,0.06650041562759768
MA0101202406A0277669,1,1.0,0.0,0,0.0
MA0101202406A0278332,1,1.0,0.0,5,0.2402088772845953
MA0101202406A0278475,1,1.0,0.0,1,0.028985507246376812
MA0101202406A0278526,1,1.0,0.0,4,0.026615969581749048
MA0101202406A0278780,1,1.0,1.0,5,0.22099447513812154
MA0101202406A0278960,1,1.0,0.0,5,1.0
MA0101202406A0278978,1,1.0,0.0,0,0.0
MA0101202406A0279281,1,1.0,1.0,5,0.26595744680851063
MA0101202406A0279394,1,1.0,0.0,2,0.11290322580645161
MA0101202406A0279682,1,1.0,0.0,5,0.19809069212410502
MA0101202406A0279886,1,1.0,0.0,5,0.09787234042553192
MA0101202406A0279920,1,1.0,0.0,0,0.0
MA0101202406A0280042,1,1.0,0.0,5,0.15945330296127563
MA0101202406A0280763,1,0.0,0.0,5,0.25359712230215825
MA0101202406A0281010,1,1.0,1.0,5,1.0
MA0101202406A0281358,1,1.0,1.0,1,0.011881188118811881
MA0101202406A0281492,1,1.0,0.0,5,1.0
MA0101202406A0281783,1,1.0,0.0,1,0.0028089887640449437
MA0101202406A0282231,1,1.0,1.0,3,0.06557377049180328
MA0101202406A0282654,1,1.0,0.0,3,0.12008281573498965
MA0101202406A0282857,1,1.0,0.0,4,0.016362492133417242
MA0101202406A0283263,1,1.0,0.0,1,0.0
MA0101202406A0284281,1,1.0,1.0,5,0.5787781350482315
MA0101202406A0284342,1,0.0,0.0,1,0.010309278350515464
MA0101202406A0284438,1,0.0,0.0,5,0.41605839416058393
MA0101202406A0284770,1,1.0,0.0,3,0.09333333333333334
MA0101202406A0284948,1,1.0,0.0,3,0.03581267217630854
MA0101202406A0285022,1,0.0,0.0,4,0.11845102505694761
MA0101202406A0285679,1,0.0,0.0,3,0.01308139534883721
MA0101202406A0286324,1,1.0,0.0,4,0.1780821917808219
MA0101202406A0286493,1,1.0,0.0,2,0.016453382084095063
MA0101202406A0286882,1,1.0,0.0,1,0.028985507246376812
MA0101202406A0286891,1,0.0,0.0,0,0.0
MA0101202406A0287022,1,1.0,0.0,3,0.014539579967689823
MA0101202406A0287163,1,0.0,0.0,4,0.12218045112781954
MA0101202406A0288043,1,1.0,0.0,4,0.17669172932330826
MA0101202406A0288357,1,1.0,0.0,3,0.03076923076923077
MA0101202406A0288695,1,0.0,0.0,4,0.18854900821041926
MA0101202406A0289106,1,1.0,0.0,5,0.8677685950413223
MA0101202406A0289222,1,0.0,0.0,1,0.0027233115468409588
MA0101202406A0289381,1,1.0,0.0,3,1.0
MA0101202406A0289607,1,1.0,0.0,5,0.15737051792828685
MA0101202406A0289982,1,1.0,0.0,5,0.9428571428571428
MA0101202406A0290345,1,1.0,0.0,3,1.0
MA0101202406A0291335,1,1.0,0.0,3,0.06850335070737155
MA0101202406A0291551,1,1.0,0.0,0,0.0
MA0101202406A0291727,1,1.0,0.0,0,0.0
MA0101202406A0291852,1,1.0,0.0,5,0.2965266977708657
MA0101202406A0292016,1,1.0,0.0,0,0.0
MA0101202406A0292464,1,1.0,0.0,3,0.0
MA0101202406A0292620,1,1.0,0.0,1,0.0026666666666666666
MA0101202406A0293262,1,1.0,0.0,3,0.0
MA0101202406A0293278,1,1.0,0.0,4,0.7
MA0101202406A0293452,1,1.0,1.0,5,1.0
MA0101202406A0293539,1,0.0,0.0,5,0.3093681917211329
MA0101202406A0293845,1,1.0,0.0,3,0.025894538606403013
MA0101202406A0294442,1,1.0,0.0,3,0.037037037037037035
MA0101202406A0294480,1,1.0,0.0,5,0.026650329300045947
MA0101202406A0294950,1,1.0,0.0,2,0.03776683087027915
MA0101202406A0295438,1,1.0,0.0,3,0.0
MA0101202406A0295520,1,1.0,0.0,4,0.07328447701532312
MA0101202406A0296236,1,1.0,0.0,5,1.0
MA0101202406A0297092,1,1.0,1.0,1,0.0
MA0101202406A0297314,1,0.0,0.0,4,0.23809523809523808
MA0101202406A0297345,1,1.0,0.0,3,0.021258503401360544
MA0101202406A0297417,1,1.0,0.0,5,0.8849557522123893
MA0101202406A0297826,1,0.0,0.0,5,1.0
MA0101202406A0297846,1,0.0,1.0,4,0.1271186440677966
MA0101202406A0297964,1,1.0,1.0,4,0.09375
MA0101202406A0298371,1,1.0,0.0,0,0.0
MA0101202406A0298549,1,1.0,1.0,1,0.06363636363636363
MA0101202406A0299234,1,0.0,0.0,5,0.09230769230769231
MA0101202406A0299454,1,1.0,0.0,5,1.0
MA0101202406A0299547,1,0.0,0.0,3,0.07692307692307693
MA0101202406A0299747,1,0.0,0.0,4,0.35507246376811596
MA0101202406A0300017,1,1.0,0.0,2,0.008673026886383347
MA0101202406A0300384,1,1.0,1.0,4,0.1907790143084261
MA0101202406A0300662,1,1.0,1.0,2,0.06741573033707865
MA0101202406A0301038,1,1.0,0.0,5,0.5230769230769231
MA0101202406A0301373,1,1.0,0.0,5,1.0
MA0101202406A0302178,1,1.0,1.0,3,1.0
MA0101202406A0302444,1,1.0,0.0,3,0.56
MA0101202406A0302562,1,1.0,0.0,3,0.01775147928994083
MA0101202406A0302566,1,1.0,0.0,3,0.015625
MA0101202406A0302688,1,1.0,0.0,4,0.03034134007585335
MA0101202406A0302858,1,1.0,0.0,2,0.010297482837528604
MA0101202406A0303041,1,1.0,0.0,4,0.14912280701754385
MA0101202406A0303380,1,1.0,1.0,3,0.045627376425855515
MA0101202406A0303753,1,1.0,0.0,0,0.0
MA0101202406A0304106,1,0.0,0.0,5,1.0
MA0101202406A0304335,1,1.0,0.0,3,0.059880239520958084
MA0101202406A0304616,1,1.0,0.0,2,0.00847457627118644
MA0101202406A0304691,1,1.0,0.0,2,0.00243605359317905
MA0101202406A0305560,1,1.0,0.0,3,0.04287756074321105
MA0101202406A0305781,1,0.0,0.0,4,0.07510148849797023
MA0101202406A0305851,1,1.0,0.0,5,0.43564356435643564
MA0101202406A0305906,1,1.0,0.0,5,0.7647058823529411
MA0101202406A0306105,1,1.0,1.0,5,0.138942493245851
MA0101202406A0306164,1,1.0,0.0,3,0.007836990595611285
MA0101202406A0306379,1,1.0,0.0,2,0.021164021164021163
MA0101202406A0307791,1,1.0,1.0,4,0.225
MA0101202406A0307977,1,1.0,0.0,4,0.012674271229404309
MA0101202406A0308624,1,0.0,0.0,4,0.26490066225165565
MA0101202406A0308675,1,1.0,1.0,1,0.0011001100110011
MA0101202406A0308790,1,1.0,1.0,4,0.8188976377952756
MA0101202406A0308839,1,1.0,0.0,4,0.009900990099009901
MA0101202406A0308963,1,1.0,0.0,5,0.16806722689075632
MA0101202406A0309324,1,1.0,0.0,5,0.12167300380228137
MA0101202406A0309825,1,1.0,0.0,1,0.012443438914027152
MA0101202406A0310207,1,1.0,1.0,4,0.2872670807453416
MA0101202406A0310779,1,1.0,0.0,3,0.7317073170731708
MA0101202406A0310881,1,1.0,0.0,3,0.0036488951956213257
MA0101202406A0311427,1,1.0,1.0,2,0.03278688524590164
MA0101202406A0311606,1,1.0,0.0,0,0.0
MA0101202406A0312474,2,1.0,1.0,4,0.07905982905982906
MA0101202406A0312996,2,1.0,0.0,3,0.015347334410339256
MA0101202406A0313526,2,1.0,0.0,3,0.02091254752851711
MA0101202406A0314310,2,1.0,1.0,1,0.011111111111111112
MA0101202406A0314475,2,0.0,0.0,1,0.002
MA0101202406A0314883,2,1.0,0.0,0,0.0
MA0101202406A0316210,2,1.0,0.0,2,0.027777777777777776
MA0101202406A0316325,2,1.0,0.0,1,0.0008561643835616438
MA0101202406A0316401,2,1.0,0.0,3,0.0
MA0101202406A0316691,2,1.0,0.0,3,0.013307984790874524
MA0101202406A0317086,2,1.0,0.0,0,0.0
MA0101202406A0317363,2,1.0,0.0,4,0.02243125904486252
MA0101202406A0317399,2,1.0,0.0,0,0.0
MA0101202406A0317410,2,1.0,1.0,2,0.019436345966958212
MA0101202406A0317880,2,0.0,1.0,1,0.007276843467011644
MA0101202406A0318408,2,1.0,1.0,4,0.06307129798903108
MA0101202406A0318699,2,1.0,1.0,1,0.000111731843575419
MA0101202406A0319261,2,1.0,0.0,4,0.0395778364116095
MA0101202406A0319270,2,1.0,0.0,3,0.0005512679162072767
MA0101202406A0319338,2,1.0,0.0,3,0.16
MA0101202406A0319416,2,1.0,1.0,3,0.05239179954441914
MA0101202406A0319550,2,1.0,1.0,5,0.06974637681159421
MA0101202406A0319663,2,1.0,0.0,3,0.04595588235294118
MA0101202406A0320678,2,1.0,0.0,2,0.052083333333333336
MA0101202406A0322412,2,1.0,0.0,5,1.0
MA0101202406A0322991,2,1.0,1.0,4,0.07560137457044673
MA0101202406A0323096,2,1.0,0.0,4,0.10909090909090909
MA0101202406A0323138,2,1.0,0.0,2,0.030864197530864196
MA0101202406A0323223,2,1.0,1.0,3,0.06015037593984962
MA0101202406A0323528,2,1.0,0.0,1,0.0011904761904761906
MA0101202406A0323586,2,1.0,0.0,4,0.3675213675213675
MA0101202406A0324327,2,1.0,0.0,3,0.0392156862745098
MA0101202406A0324553,2,1.0,0.0,3,0.011686143572621035
MA0101202406A0325091,2,1.0,0.0,3,0.002670940170940171
MA0101202406A0325151,2,1.0,0.0,1,0.0030909990108803167
MA0101202406A0325193,2,1.0,0.0,4,0.1473851030110935
MA0101202406A0325597,2,0.0,1.0,3,0.005698324022346369
MA0101202406A0326157,2,1.0,0.0,3,0.34391534391534395
MA0101202406A0326234,2,0.0,0.0,1,0.0007122507122507123
MA0101202406A0326897,2,1.0,1.0,3,1.0
MA0101202406A0327486,2,1.0,1.0,5,0.20859242509892592
MA0101202406A0327617,2,1.0,0.0,2,0.4215686274509804
MA0101202406A0327724,2,1.0,0.0,0,0.0
MA0101202406A0328041,2,1.0,0.0,4,0.012441679626749611
MA0101202406A0329289,2,1.0,1.0,3,0.0019468146798111178
MA0101202406A0329453,2,1.0,0.0,2,0.029411764705882353
MA0101202406A0329908,2,1.0,1.0,3,0.005308219178082192
MA0101202406A0330435,2,1.0,0.0,3,0.0027397260273972603
MA0101202406A0330684,2,0.0,0.0,5,0.42827868852459017
MA0101202406A0330685,2,1.0,1.0,2,0.4
MA0101202406A0330771,2,1.0,1.0,5,1.0
MA0101202406A0331109,2,1.0,0.0,0,0.0
MA0101202406A0332067,2,1.0,1.0,4,0.18146286990508095
MA0101202406A0332817,2,1.0,0.0,2,0.01652892561983471
MA0101202406A0333495,2,1.0,0.0,1,0.0008673026886383347
MA0101202406A0333651,2,0.0,0.0,3,0.003968253968253968
MA0101202406A0334266,2,1.0,0.0,3,0.003393665158371041
MA0101202406A0334414,2,1.0,0.0,1,0.001076194575979337
MA0101202406A0334760,2,1.0,0.0,4,0.03690685413005272
MA0101202406A0334774,2,1.0,0.0,3,0.012394645513138325
MA0101202406A0334835,2,1.0,0.0,3,0.0
MA0101202406A0334997,2,1.0,0.0,4,0.08041958041958042
MA0101202406A0335639,2,0.0,0.0,2,0.16822429906542055
MA0101202406A0335874,2,1.0,0.0,3,0.011768661735036988
MA0101202406A0336302,2,1.0,0.0,5,0.10197368421052631
MA0101202406A0336342,2,1.0,0.0,5,0.27444794952681384
MA0101202406A0336371,2,1.0,0.0,3,0.0
MA0101202406A0337289,2,1.0,0.0,3,0.006156552330694811
MA0101202406A0337604,2,1.0,0.0,2,0.006257822277847309
MA0101202406A0337691,2,0.0,0.0,4,0.013581998783701602
MA0101202406A0337792,2,1.0,0.0,2,0.007326932794340576
MA0101202406A0338092,2,1.0,1.0,2,0.10756501182033097
MA0101202406A0338178,2,1.0,0.0,1,0.008338296605122097
MA0101202406A0338421,2,1.0,0.0,1,0.0006464124111182935
MA0101202406A0338492,2,1.0,1.0,5,1.0
MA0101202406A0338518,2,0.0,0.0,3,0.0
MA0101202406A0338742,2,0.0,0.0,0,0.0
MA0101202406A0339215,2,1.0,0.0,3,0.00764525993883792
MA0101202406A0340387,2,1.0,0.0,0,0.0
MA0101202406A0340988,2,1.0,1.0,0,0.0
MA0101202406A0341801,2,1.0,0.0,0,0.0
MA0101202406A0341956,2,1.0,0.0,4,0.6076388888888888
MA0101202406A0342103,2,1.0,0.0,0,0.0
MA0101202406A0342283,2,1.0,1.0,3,0.059602649006622516
MA0101202406A0342370,2,1.0,0.0,5,1.0
MA0101202406A0342507,2,1.0,0.0,4,0.023076923076923078
MA0101202406A0343132,2,1.0,0.0,3,0.056074766355140186
MA0101202406A0343268,2,0.0,0.0,1,0.0001537042729787888
MA0101202406A0343817,2,1.0,0.0,5,1.0
MA0101202406A0343934,2,1.0,0.0,2,0.0025167785234899327
MA0101202406A0344839,2,1.0,0.0,3,0.006688963210702341
MA0101202406A0345050,2,1.0,0.0,1,0.00909090909090909
MA0101202406A0345357,2,1.0,1.0,1,0.027085590465872156
MA0101202406A0345615,2,1.0,0.0,4,0.019422074846044527
MA0101202406A0345782,2,1.0,0.0,4,0.0635593220338983
MA0101202406A0346294,2,1.0,0.0,3,0.5555555555555556
MA0101202406A0346298,2,1.0,0.0,0,0.0
MA0101202406A0346575,2,1.0,1.0,5,0.2422945205479452
MA0101202406A0347496,2,1.0,0.0,3,0.012711864406779662
MA0101202406A0347666,2,1.0,0.0,3,0.0
MA0101202406A0347747,2,1.0,0.0,5,0.305019305019305
MA0101202406A0348114,2,1.0,0.0,0,0.0
MA0101202406A0348207,2,1.0,0.0,3,0.03237410071942446
MA0101202406A0348392,2,1.0,0.0,3,0.1544943820224719
MA0101202406A0348421,2,0.0,0.0,0,0.0
MA0101202406A0348518,2,0.0,0.0,4,0.07322654462242563
MA0101202406A0348730,2,1.0,0.0,4,0.14583333333333334
MA0101202406A0349934,2,1.0,1.0,4,0.10596026490066225
MA0101202406A0349961,2,1.0,0.0,2,0.005016722408026756
MA0101202406A0350862,2,1.0,0.0,1,0.12820512820512822
MA0101202406A0353245,2,1.0,0.0,1,0.0019815059445178335
MA0101202406A0353351,2,1.0,0.0,4,0.012671232876712329
MA0101202406A0353448,2,1.0,1.0,1,0.001567398119122257
MA0101202406A0354648,2,1.0,0.0,2,0.0006271951831409935
MA0101202406A0354707,2,1.0,0.0,1,0.004280821917808219
MA0101202406A0354739,2,1.0,0.0,5,0.4621848739495798
MA0101202406A0354969,2,1.0,0.0,3,1.0
MA0101202406A0355579,2,1.0,0.0,0,0.0
MA0101202406A0355580,2,1.0,0.0,3,0.021248915871639202
MA0101202406A0356398,2,1.0,1.0,5,0.7851239669421488
MA0101202406A0357021,2,1.0,1.0,2,0.00851063829787234
MA0101202406A0357391,2,1.0,0.0,3,0.35443037974683544
MA0101202406A0357669,2,1.0,0.0,5,0.20930232558139536
MA0101202406A0357780,2,1.0,0.0,5,1.0
MA0101202406A0357847,2,1.0,0.0,0,0.0
MA0101202406A0357883,2,1.0,0.0,3,0.7734204793028323
MA0101202406A0358175,2,1.0,0.0,1,0.0
MA0101202406A0358297,2,1.0,0.0,5,0.27681660899653976
MA0101202406A0359046,2,1.0,0.0,4,0.04488680718188915
MA0101202406A0359192,2,1.0,0.0,1,0.006172839506172839
MA0101202406A0360974,2,1.0,0.0,5,0.26666666666666666
MA0101202406A0361146,2,1.0,0.0,1,0.040983606557377046
MA0101202406A0361312,2,0.0,0.0,2,0.0024366471734892786
MA0101202406A0361942,2,1.0,0.0,2,0.0018244475978106628
MA0101202406A0361998,2,1.0,1.0,0,0.0
MA0101202406A0362039,2,0.0,0.0,5,0.44327309236947793
MA0101202406A0363036,2,1.0,1.0,3,0.017110266159695818
MA0101202406A0363109,2,1.0,0.0,3,0.1076555023923445
MA0101202406A0363334,2,1.0,0.0,0,0.0
MA0101202406A0363526,2,1.0,1.0,4,0.20175438596491227
MA0101202406A0363874,2,1.0,0.0,1,0.003232758620689655
MA0101202406A0364877,2,0.0,0.0,3,0.059880239520958084
MA0101202406A0365205,2,1.0,0.0,0,0.0
MA0101202406A0365290,2,1.0,0.0,3,0.03263403263403263
MA0101202406A0365542,2,1.0,0.0,4,0.043434343434343436
MA0101202406A0365621,2,1.0,0.0,2,0.009333333333333334
MA0101202406A0365758,2,1.0,0.0,0,0.0
MA0101202406A0365880,2,1.0,0.0,3,1.0
MA0101202406A0366403,2,1.0,0.0,4,0.007095073991485911
MA0101202406A0366439,2,1.0,1.0,1,0.004555808656036446
MA0101202406A0366887,2,0.0,0.0,3,0.007665242523247047
MA0101202406A0367246,2,1.0,0.0,3,0.19491525423728814
MA0101202406A0367711,2,1.0,0.0,3,0.006594932315168344
MA0101202406A0368223,2,1.0,0.0,3,0.06435643564356436
MA0101202406A0369221,2,1.0,0.0,2,0.019553072625698324
MA0101202406A0369749,2,1.0,1.0,4,0.11616161616161616
MA0101202406A0370057,2,1.0,0.0,3,0.0068322981366459624
MA0101202406A0370179,2,1.0,1.0,4,0.059822462369741404
MA0101202406A0370859,2,1.0,0.0,4,0.012580645161290323
MA0101202406A0370864,2,1.0,0.0,3,0.390625
MA0101202406A0371431,2,1.0,0.0,0,0.0
MA0101202406A0371539,2,1.0,0.0,4,0.02317774936061381
MA0101202406A0371823,2,1.0,0.0,4,0.06376518218623482
MA0101202406A0372047,2,1.0,0.0,0,0.0
MA0101202406A0372243,2,1.0,0.0,5,0.15764546684709066
MA0101202406A0372641,2,1.0,0.0,1,0.03591160220994475
MA0101202406A0373083,2,1.0,0.0,1,0.001059322033898305
MA0101202406A0373125,2,1.0,0.0,4,0.04986990459670425
MA0101202406A0373364,2,1.0,0.0,3,0.0
MA0101202406A0373822,2,1.0,0.0,1,0.04518072289156626
MA0101202406A0374574,2,1.0,1.0,2,0.06619385342789598
MA0101202406A0374830,2,1.0,0.0,4,0.15361744301288405
MA0101202406A0374868,2,1.0,0.0,4,0.0820578231292517
MA0101202406A0375146,2,1.0,0.0,4,0.051587301587301584
MA0101202406A0375184,2,1.0,1.0,2,0.0033003300330033004
MA0101202406A0375352,2,1.0,0.0,2,0.0022624434389140274
MA0101202406A0375990,2,1.0,0.0,2,0.0021710086840347363
MA0101202406A0376415,2,0.0,0.0,2,0.004146770545363157
MA0101202406A0376511,2,1.0,0.0,5,0.09802930773117736
MA0101202406A0377086,2,1.0,0.0,1,0.018221574344023325
MA0101202406A0377124,2,1.0,0.0,4,0.1282051282051282
MA0101202406A0378002,2,1.0,0.0,3,0.2922077922077922
MA0101202406A0378693,2,1.0,1.0,2,0.00879156010230179
MA0101202406A0378834,2,1.0,0.0,3,0.050790067720090294
MA0101202406A0378886,2,1.0,0.0,5,0.11546840958605664
MA0101202406A0379274,2,1.0,0.0,5,0.16901408450704225
MA0101202406A0379304,2,1.0,0.0,1,0.0007196833393306944
MA0101202406A0380115,2,1.0,1.0,1,0.007075471698113208
MA0101202406A0380230,2,1.0,0.0,3,0.07464028776978417
MA0101202406A0380438,2,1.0,0.0,3,0.0
MA0101202406A0380668,2,1.0,0.0,3,0.0
MA0101202406A0380808,2,0.0,0.0,2,0.0033444816053511705
MA0101202406A0381489,2,1.0,0.0,3,1.0
MA0101202406A0381736,2,1.0,0.0,4,0.14285714285714285
MA0101202406A0382048,2,1.0,0.0,0,0.0
MA0101202406A0382147,2,0.0,0.0,3,0.030864197530864196
MA0101202406A0382433,2,1.0,0.0,0,0.0
MA0101202406A0382508,2,1.0,0.0,2,0.10122801194822435
MA0101202406A0382732,2,0.0,0.0,1,0.004044489383215369
MA0101202406A0384765,2,1.0,0.0,2,0.02631578947368421
MA0101202406A0385129,2,0.0,0.0,4,0.1282051282051282
MA0101202406A0385377,2,1.0,0.0,5,0.11758474576271187
MA0101202406A0385440,2,1.0,0.0,3,1.0
MA0101202406A0385700,2,1.0,0.0,3,0.09523809523809523
MA0101202406A0385885,2,1.0,0.0,2,0.01739562624254473
MA0101202406A0386024,2,1.0,0.0,2,0.08181818181818182
MA0101202406A0386125,2,1.0,0.0,2,0.023141845902531988
MA0101202406A0386315,2,1.0,0.0,4,0.09133964817320703
MA0101202406A0386592,2,1.0,0.0,4,0.056
MA0101202406A0386734,2,1.0,0.0,3,0.07421875
MA0101202406A0387155,2,1.0,0.0,3,0.9166666666666666
MA0101202406A0387320,2,1.0,0.0,5,0.8030050083472454
MA0101202406A0387713,2,1.0,0.0,5,0.3546511627906977
MA0101202406A0387719,2,1.0,1.0,3,0.22727272727272727
MA0101202406A0388133,2,1.0,0.0,1,0.00847457627118644
MA0101202406A0388225,2,1.0,0.0,2,0.025423728813559324
MA0101202406A0388865,2,1.0,0.0,5,0.09577278731836196
MA0101202406A0389046,2,1.0,0.0,3,0.017110266159695818
MA0101202406A0389212,2,1.0,0.0,3,0.03571428571428571
MA0101202406A0389486,2,1.0,0.0,2,0.13636363636363635
MA0101202406A0390572,2,1.0,0.0,4,0.03748558246828143
MA0101202406A0390680,2,1.0,0.0,1,0.004156275976724855
MA0101202406A0390989,2,1.0,1.0,3,0.34653465346534656
MA0101202406A0391842,2,1.0,0.0,2,0.032495667244367414
MA0101202406A0391924,2,1.0,0.0,1,0.004555808656036446
MA0101202406A0392199,2,1.0,0.0,3,0.0
MA0101202406A0392333,2,0.0,0.0,1,0.006
MA0101202406A0392684,2,1.0,0.0,3,1.0
MA0101202406A0393316,2,1.0,0.0,4,0.11926605504587157
MA0101202406A0394001,2,1.0,1.0,5,0.5118746841839312
MA0101202406A0394358,2,1.0,0.0,2,0.010416666666666666
MA0101202406A0394421,2,1.0,0.0,2,0.005919854280510018
MA0101202406A0395161,2,1.0,0.0,4,0.09503154574132493
MA0101202406A0395359,2,1.0,0.0,3,0.06818181818181818
MA0101202406A0395488,2,1.0,1.0,5,1.0
MA0101202406A0395598,2,1.0,0.0,2,0.012671976828385228
MA0101202406A0395886,2,1.0,1.0,2,0.03462603878116343
MA0101202406A0396099,2,1.0,0.0,4,0.012450046111281894
MA0101202406A0396400,2,1.0,0.0,2,0.07608695652173914
MA0101202406A0396651,2,1.0,0.0,4,0.09503424657534247
MA0101202406A0396741,2,0.0,0.0,1,0.008665511265164644
MA0101202406A0397522,2,1.0,0.0,0,0.0
MA0101202406A0397782,2,1.0,0.0,3,0.010528778661675247
MA0101202406A0398028,2,1.0,0.0,1,0.01171875
MA0101202406A0398412,2,1.0,0.0,3,0.03353204172876304
MA0101202406A0398511,2,1.0,0.0,3,1.0
MA0101202406A0399247,2,1.0,1.0,3,1.0
MA0101202406A0399268,2,0.0,0.0,0,0.0
MA0101202406A0399838,2,1.0,0.0,3,0.021248915871639202
MA0101202406A0400010,2,1.0,0.0,1,0.011261261261261262
MA0101202406A0400466,2,0.0,0.0,1,0.00646830530401035
MA0101202406A0400671,2,0.0,0.0,1,0.001182033096926714
MA0101202406A0401207,2,1.0,0.0,0,0.0
MA0101202406A0401556,2,1.0,1.0,3,0.7272727272727273
MA0101202406A0401655,2,1.0,0.0,3,0.07848837209302326
MA0101202406A0402017,2,1.0,1.0,4,0.4349939246658566
MA0101202406A0403308,2,1.0,0.0,4,0.05325443786982249
MA0101202406A0403435,2,1.0,0.0,1,0.005387931034482759
MA0101202406A0403679,2,1.0,0.0,5,0.3122270742358079
MA0101202406A0403800,2,1.0,0.0,0,0.0
MA0101202406A0403877,2,1.0,1.0,4,0.20303030303030303
MA0101202406A0404726,2,1.0,0.0,5,0.2064676616915423
MA0101202406A0404909,2,1.0,0.0,2,0.010869565217391304
MA0101202406A0405276,2,1.0,0.0,0,0.0
MA0101202406A0405311,2,1.0,0.0,3,0.014980214810627472
MA0101202406A0405649,2,1.0,0.0,3,1.0
MA0101202406A0405913,2,1.0,0.0,2,0.07930513595166162
MA0101202406A0406125,2,1.0,0.0,2,0.32727272727272727
MA0101202406A0407704,2,1.0,0.0,5,1.0
MA0101202406A0407752,2,0.0,0.0,3,0.08552631578947369
MA0101202406A0408047,2,1.0,0.0,0,0.0
MA0101202406A0408377,2,0.0,1.0,4,0.23454833597464342
MA0101202406A0410084,2,0.0,0.0,2,0.011655011655011656
MA0101202406A0410182,2,1.0,1.0,1,0.09259259259259259
MA0101202406A0410552,2,1.0,1.0,5,1.0
MA0101202406A0410589,2,1.0,0.0,1,0.05912162162162162
MA0101202406A0410962,2,1.0,1.0,1,0.009259259259259259
MA0101202406A0411293,2,1.0,0.0,3,0.17060367454068243
MA0101202406A0411440,2,1.0,0.0,0,0.0
MA0101202406A0411921,2,1.0,0.0,0,0.0
MA0101202406A0412693,2,1.0,0.0,3,0.05238095238095238
MA0101202406A0413012,2,1.0,0.0,3,0.017191977077363897
MA0101202406A0413171,2,1.0,0.0,3,0.029612756264236904
MA0101202406A0413184,2,1.0,0.0,4,0.5774647887323944
MA0101202406A0413558,2,1.0,0.0,4,0.10434782608695652
MA0101202406A0413644,2,1.0,0.0,2,0.008264462809917356
MA0101202406A0414896,2,0.0,0.0,1,0.0005091649694501018
MA0101202406A0415131,2,1.0,1.0,4,0.11273486430062632
MA0101202406A0415146,2,1.0,1.0,3,0.20454545454545456
MA0101202406A0415353,2,1.0,1.0,5,0.27247191011235955
MA0101202406A0415743,2,1.0,0.0,3,0.005755268284044625
MA0101202406A0416477,2,1.0,0.0,2,0.01995798319327731
MA0101202406A0416622,2,1.0,1.0,3,0.08484848484848485
MA0101202406A0416822,2,1.0,0.0,3,0.0
MA0101202406A0417205,2,1.0,0.0,3,0.0
MA0101202406A0417816,2,1.0,0.0,0,0.0
MA0101202406A0418072,2,1.0,0.0,2,0.0028787333573227778
MA0101202406A0419306,2,0.0,0.0,3,0.0542604501607717
MA0101202406A0420260,2,1.0,0.0,4,0.030433446049800184
MA0101202406A0420492,2,1.0,0.0,1,0.0013774104683195593
MA0101202406A0420669,2,1.0,0.0,2,0.7333333333333333
MA0101202406A0421124,2,0.0,0.0,3,0.0
MA0101202406A0421316,2,1.0,0.0,4,0.8756345177664975
MA0101202406A0421389,2,1.0,1.0,4,0.011118598382749327
MA0101202406A0421412,2,1.0,0.0,5,0.2632263660017346
MA0101202406A0421725,2,1.0,0.0,3,0.011461318051575931
MA0101202406A0422056,2,1.0,1.0,0,0.0
MA0101202406A0422464,2,0.0,0.0,5,0.24907063197026022
MA0101202406A0422761,2,1.0,0.0,3,0.46875
MA0101202406A0422821,2,1.0,0.0,3,0.0
MA0101202406A0423002,2,1.0,0.0,3,0.022481265611990008
MA0101202406A0423227,2,1.0,1.0,5,1.0
MA0101202406A0423244,2,1.0,0.0,3,0.13025210084033614
MA0101202406A0423280,2,0.0,0.0,4,0.014199547625031415
MA0101202406A0423388,2,1.0,1.0,2,0.03557567917205692
MA0101202406A0423446,2,1.0,1.0,5,0.5796460176991151
MA0101202406A0423761,2,1.0,1.0,2,0.03672316384180791
MA0101202406A0424091,2,1.0,0.0,4,0.0683453237410072
MA0101202406A0424215,2,1.0,0.0,2,0.04032258064516129
MA0101202406A0424538,2,1.0,0.0,1,0.004280821917808219
MA0101202406A0424900,2,1.0,0.0,2,0.15625
MA0101202406A0425018,2,1.0,0.0,1,0.024193548387096774
MA0101202406A0425501,2,1.0,0.0,4,0.021236491580799197
MA0101202406A0425599,2,1.0,0.0,5,0.6486486486486487
MA0101202406A0425657,2,1.0,0.0,0,0.0
MA0101202406A0425845,2,1.0,1.0,4,0.03859513701273639
MA0101202406A0426135,2,1.0,0.0,5,0.2921855363875243
MA0101202406A0426450,2,1.0,0.0,4,0.7094594594594594
MA0101202406A0427131,2,1.0,0.0,1,0.06280388978930308
MA0101202406A0428405,2,1.0,1.0,4,0.24574209245742093
MA0101202406A0428695,2,1.0,0.0,3,0.07539682539682539
MA0101202406A0429649,2,1.0,1.0,5,1.0
MA0101202406A0429732,2,1.0,0.0,3,0.044964028776978415
MA0101202406A0429850,2,1.0,1.0,3,0.24406332453825857
MA0101202406A0430868,2,1.0,1.0,4,0.10465116279069768
MA0101202406A0431413,2,1.0,0.0,1,0.0020222446916076846
MA0101202406A0431480,2,1.0,0.0,3,0.0
MA0101202406A0432039,2,1.0,1.0,1,0.0008169934640522876
MA0101202406A0432055,2,1.0,1.0,1,0.0037313432835820895
MA0101202406A0432141,2,1.0,0.0,5,1.0
MA0101202406A0432238,2,1.0,0.0,0,0.0
MA0101202406A0432354,2,1.0,0.0,0,0.0
MA0101202406A0432778,2,1.0,0.0,3,0.11824324324324324
MA0101202406A0432807,2,1.0,0.0,0,0.0
MA0101202406A0433123,2,0.0,0.0,0,0.0
MA0101202406A0433643,2,1.0,0.0,5,0.19496587030716728
MA0101202406A0434802,2,1.0,0.0,2,0.047619047619047616
MA0101202406A0434882,2,1.0,0.0,4,0.18
MA0101202406A0435350,2,1.0,0.0,1,0.0073964497041420114
MA0101202406A0435422,2,1.0,0.0,3,0.0
MA0101202406A0435591,2,0.0,0.0,1,0.04032258064516129
MA0101202406A0435658,2,1.0,0.0,0,0.0
MA0101202406A0435953,2,1.0,0.0,3,0.015267175572519083
MA0101202406A0436429,2,1.0,0.0,4,0.12853773584905662
MA0101202406A0436560,2,0.0,0.0,5,1.0
MA0101202406A0436611,2,1.0,0.0,4,0.23636363636363636
MA0101202406A0436901,2,1.0,0.0,4,0.042483660130718956
MA0101202406A0437367,2,0.0,0.0,3,0.22549019607843138
MA0101202406A0437733,2,1.0,0.0,2,0.027607361963190184
MA0101202406A0438396,2,1.0,0.0,4,0.6373239436619719
MA0101202406A0440488,2,1.0,0.0,5,0.4515810276679842
MA0101202406A0440942,2,1.0,0.0,5,0.1735474006116208
MA0101202406A0441480,2,1.0,0.0,2,0.07971014492753623
MA0101202406A0441606,2,1.0,0.0,4,0.04996668887408394
MA0101202406A0441661,2,1.0,1.0,2,0.03169014084507042
MA0101202406A0441912,2,1.0,1.0,3,0.2063423110338836
MA0101202406A0442042,2,1.0,0.0,2,0.06324582338902147
MA0101202406A0442152,2,1.0,1.0,1,0.020161290322580645
MA0101202406A0442481,2,1.0,0.0,4,0.3448275862068966
MA0101202406A0442577,2,1.0,0.0,2,0.015250544662309368
MA0101202406A0443167,2,1.0,0.0,3,0.04966887417218543
MA0101202406A0443379,2,1.0,1.0,5,0.2245762711864407
MA0101202406A0443400,2,1.0,0.0,3,0.041471048513302036
MA0101202406A0443556,2,0.0,0.0,3,0.06870229007633588
MA0101202406A0444302,2,1.0,0.0,2,0.04751131221719457
MA0101202406A0444700,2,1.0,0.0,1,0.004044489383215369
MA0101202406A0445043,2,1.0,0.0,3,0.02091254752851711
MA0101202406A0445440,2,1.0,0.0,4,0.14598540145985403
MA0101202406A0445887,2,1.0,0.0,5,0.20572916666666666
MA0101202406A0446115,2,1.0,0.0,1,0.021008403361344536
MA0101202406A0446173,2,1.0,0.0,4,0.8125
MA0101202406A0446267,2,0.0,0.0,3,0.10054844606946983
MA0101202406A0446285,2,1.0,0.0,1,0.0018879798615481435
MA0101202406A0446459,2,1.0,0.0,0,0.0
MA0101202406A0446808,2,1.0,0.0,5,1.0
MA0101202406A0446885,2,1.0,0.0,3,0.0391304347826087
MA0101202406A0447356,2,1.0,0.0,5,1.0
MA0101202406A0447808,2,1.0,0.0,3,0.5172413793103449
MA0101202406A0447887,2,1.0,0.0,4,0.041353383458646614
MA0101202406A0448021,2,1.0,0.0,2,0.016129032258064516
MA0101202406A0448142,2,1.0,0.0,3,0.09983633387888706
MA0101202406A0448440,2,1.0,1.0,1,0.0011135857461024498
MA0101202406A0448817,2,1.0,0.0,0,0.0
MA0101202406A0448861,2,1.0,1.0,1,0.024390243902439025
MA0101202406A0449043,2,1.0,0.0,2,0.008683905827865688
MA0101202406A0449067,2,0.0,0.0,2,0.004554563672800146
MA0101202406A0449070,2,1.0,0.0,4,0.06287944492627927
MA0101202406A0450044,2,0.0,0.0,4,0.15343915343915346
MA0101202406A0450839,2,1.0,1.0,5,0.1474164133738602
MA0101202406A0450884,2,1.0,1.0,1,0.0016339869281045752
MA0101202406A0451577,2,1.0,0.0,1,0.001059322033898305
MA0101202406A0451995,2,1.0,0.0,4,0.01571244080929832
MA0101202406A0452149,2,1.0,0.0,1,0.02
MA0101202406A0452368,2,1.0,0.0,4,0.014636871508379888
MA0101202406A0452577,2,1.0,0.0,2,0.050724637681159424
MA0101202406A0452841,2,1.0,0.0,3,0.015209125475285171
MA0101202406A0453163,2,1.0,0.0,3,0.09689922480620154
MA0101202406A0453403,2,1.0,0.0,2,0.3104575163398693
MA0101202406A0453507,2,1.0,0.0,2,0.01000667111407605
MA0101202406A0453657,2,1.0,0.0,5,1.0
MA0101202406A0454224,2,1.0,1.0,4,0.045512010113780026
MA0101202406A0454238,2,1.0,1.0,4,0.050724637681159424
MA0101202406A0455418,2,1.0,0.0,2,0.017765933821896514
MA0101202406A0455482,2,1.0,0.0,3,0.9735576923076923
MA0101202406A0455787,2,0.0,0.0,0,0.0
MA0101202406A0456475,2,1.0,0.0,3,0.03588516746411483
MA0101202406A0456690,2,1.0,0.0,3,0.42280453257790374
MA0101202406A0456692,2,1.0,1.0,0,0.0
MA0101202406A0456857,2,1.0,0.0,4,0.7701149425287357
MA0101202406A0456872,2,1.0,1.0,3,0.07692307692307693
MA0101202406A0457074,2,1.0,0.0,3,0.25287356321839083
MA0101202406A0457195,2,1.0,1.0,3,0.00367590748966151
MA0101202406A0457422,2,1.0,0.0,5,0.1875
MA0101202406A0459099,2,1.0,0.0,5,0.30864197530864196
MA0101202406A0459153,2,1.0,0.0,1,0.007434944237918215
MA0101202406A0459244,2,1.0,0.0,5,1.0
MA0101202406A0459545,2,1.0,0.0,5,1.0
MA0101202406A0459664,2,1.0,0.0,4,0.166
MA0101202406A0459675,2,1.0,0.0,3,0.0
MA0101202406A0459708,2,0.0,0.0,5,0.29037800687285226
MA0101202406A0459763,2,1.0,1.0,5,0.34181240063593005
MA0101202406A0460718,2,1.0,0.0,4,0.1588235294117647
MA0101202406A0461504,2,1.0,0.0,2,0.0022002200220022
MA0101202406A0461581,2,1.0,0.0,2,0.0041841004184100415
MA0101202406A0461773,2,1.0,0.0,4,0.030418250950570342
MA0101202406A0462382,2,1.0,0.0,5,0.6085526315789473
MA0101202406A0462511,2,1.0,0.0,4,0.043532338308457715
MA0101202406A0462800,2,1.0,0.0,2,0.009648784253184097
MA0101202406A0463241,2,1.0,0.0,0,0.0
MA0101202406A0463380,2,1.0,0.0,3,0.006711409395973154
MA0101202406A0463395,2,1.0,0.0,4,0.018493150684931507
MA0101202406A0463470,2,1.0,0.0,4,0.014132553606237816
MA0101202406A0463584,2,1.0,0.0,1,0.03125
MA0101202406A0463770,2,1.0,0.0,3,1.0
MA0101202406A0464093,2,1.0,0.0,3,1.0
MA0101202406A0464334,2,1.0,0.0,2,0.00584932147870847
MA0101202406A0465331,2,1.0,1.0,5,1.0
MA0101202406A0465548,2,1.0,0.0,3,0.014285714285714285
MA0101202406A0465702,2,1.0,0.0,3,0.046610169491525424
MA0101202406A0466469,2,1.0,1.0,3,0.13450292397660818
MA0101202406A0466692,2,1.0,0.0,0,0.0
MA0101202406A0467161,2,0.0,0.0,4,0.2540322580645161
MA0101202406A0467556,2,1.0,0.0,1,0.0004737091425864519
MA0101202406A0467612,2,1.0,0.0,2,0.007120833945088826
MA0101202406A0468170,2,1.0,0.0,3,0.007734113712374582
MA0101202406A0468240,2,1.0,0.0,3,0.011406844106463879
MA0101202406A0468574,2,1.0,0.0,0,0.0
MA0101202406A0468720,2,1.0,1.0,3,0.6071428571428571
MA0101202406A0469309,2,0.0,0.0,0,0.0
MA0101202406A0470246,2,1.0,1.0,5,0.09885931558935361
MA0101202406A0471005,2,1.0,0.0,4,0.1016156462585034
MA0101202406A0471207,2,1.0,0.0,4,0.02298136645962733
MA0101202406A0471430,2,1.0,1.0,3,0.0
MA0101202406A0471452,2,1.0,1.0,5,0.27734375
MA0101202406A0471543,2,1.0,0.0,2,0.0102880658436214
MA0101202406A0471760,2,1.0,0.0,5,1.0
MA0101202406A0471771,2,1.0,0.0,3,0.0
MA0101202406A0472298,2,1.0,1.0,4,0.0225752508361204
MA0101202406A0472312,2,1.0,0.0,5,0.11594202898550725
MA0101202406A0472814,2,1.0,0.0,3,0.02564102564102564
MA0101202406A0473233,2,1.0,1.0,5,1.0
MA0101202406A0474174,2,1.0,0.0,3,0.02645273200346921
MA0101202406A0474398,2,1.0,0.0,2,0.045454545454545456
MA0101202406A0474403,2,1.0,1.0,0,0.0
MA0101202406A0474477,2,1.0,0.0,2,0.003775959723096287
MA0101202406A0474485,2,0.0,1.0,2,0.002278209595282766
MA0101202406A0474493,2,1.0,0.0,1,0.025280898876404494
MA0101202406A0474725,2,1.0,0.0,4,0.046875
MA0101202406A0474929,2,1.0,0.0,5,1.0
MA0101202406A0475235,2,1.0,0.0,4,0.8809523809523809
MA0101202406A0475517,2,1.0,0.0,5,0.05901403382511695
MA0101202406A0475748,2,1.0,1.0,3,0.027593818984547464
MA0101202406A0476317,2,1.0,1.0,4,0.39194915254237284
MA0101202406A0477049,2,1.0,0.0,2,0.0072992700729927005
MA0101202406A0477260,2,1.0,0.0,5,0.06309148264984227
MA0101202406A0478204,2,1.0,1.0,0,0.0
MA0101202406A0479023,2,1.0,0.0,4,0.33163265306122447
MA0101202406A0479189,2,1.0,0.0,1,0.004332755632582322
MA0101202406A0479933,2,1.0,0.0,3,0.0
MA0101202406A0480611,2,0.0,0.0,3,0.023415977961432508
MA0101202406A0480874,2,1.0,0.0,5,0.5669642857142857
MA0101202406A0481589,2,1.0,0.0,5,1.0
MA0101202406A0481700,2,1.0,0.0,1,0.0
MA0101202406A0481921,2,1.0,0.0,0,0.0
MA0101202406A0482512,2,1.0,1.0,4,0.10478359908883828
MA0101202406A0483038,2,1.0,1.0,3,0.0062932662051604785
MA0101202406A0483506,2,0.0,0.0,0,0.0
MA0101202406A0483626,2,1.0,1.0,5,0.09688412852969815
MA0101202406A0484087,2,1.0,1.0,3,1.0
MA0101202406A0484205,2,1.0,0.0,3,1.0
MA0101202406A0484785,1,0.0,0.0,3,0.056874381800197826
MA0101202406A0484996,2,1.0,0.0,3,0.08707865168539326
MA0101202406A0485481,2,1.0,0.0,1,0.001176470588235294
MA0101202406A0486036,2,1.0,1.0,3,0.0
MA0101202406A0486173,1,1.0,0.0,1,0.06274509803921569
MA0101202406A0486624,2,1.0,0.0,1,0.020361990950226245
MA0101202406A0487395,2,1.0,0.0,4,0.25745738636363635
MA0101202406A0487698,2,0.0,0.0,3,0.1346153846153846
MA0101202406A0487859,2,1.0,1.0,5,0.27058823529411763
MA0101202406A0488138,2,1.0,0.0,3,1.0
MA0101202406A0488511,2,1.0,1.0,5,1.0
MA0101202406A0489273,2,0.0,0.0,2,0.00819672131147541
MA0101202406A0489305,2,1.0,1.0,3,0.3055555555555556
MA0101202406A0489434,2,1.0,0.0,2,0.03225806451612903
MA0101202406A0489527,2,1.0,1.0,4,0.6205770277626566
MA0101202406A0490012,2,1.0,0.0,1,0.0010052777079668257
MA0101202406A0490157,2,1.0,1.0,1,0.013761467889908258
MA0101202406A0490372,2,1.0,1.0,4,0.08759124087591241
MA0101202406A0491233,2,1.0,0.0,4,0.05145413870246085
MA0101202406A0491572,2,1.0,0.0,5,0.1881720430107527
MA0101202406A0491781,2,1.0,0.0,5,0.24002382370458605
MA0101202406A0491930,2,0.0,1.0,5,0.4676393565282454
MA0101202406A0492782,2,1.0,1.0,5,0.4961832061068702
MA0101202406A0493341,2,1.0,0.0,1,0.0005812601720530109
MA0101202406A0493381,2,0.0,1.0,2,0.006726457399103139
MA0101202406A0493547,2,1.0,0.0,3,0.04032258064516129
MA0101202406A0494627,2,1.0,0.0,3,0.0005524861878453039
MA0101202406A0496575,2,0.0,0.0,0,0.0
MA0101202406A0497277,2,1.0,0.0,5,0.803030303030303
MA0101202406A0497482,2,1.0,0.0,3,0.0684931506849315
MA0101202406A0497591,2,1.0,0.0,3,0.010069225928256766
MA0101202406A0497932,2,1.0,1.0,2,0.0015112764473378284
MA0101202406A0498073,2,1.0,0.0,4,0.10122699386503067
MA0101202406A0498121,2,1.0,0.0,1,0.0
MA0101202406A0499128,2,1.0,0.0,5,1.0
MA0101202406A0499638,2,1.0,0.0,0,0.0
MA0101202406A0499758,2,1.0,1.0,3,0.03531073446327684
MA0101202406A0499943,2,1.0,0.0,4,0.08076923076923077
MA0101202406A0500185,2,1.0,0.0,1,0.009641873278236915
MA0101202406A0500367,2,1.0,0.0,0,0.0
MA0101202406A0500466,2,0.0,0.0,2,0.002638853983412918
MA0101202406A0500694,2,1.0,0.0,2,0.012906846240179574
MA0101202406A0501175,2,1.0,0.0,3,0.0
MA0101202406A0501380,2,0.0,0.0,0,0.0
MA0101202406A0502074,2,1.0,0.0,0,0.0
MA0101202406A0502937,2,1.0,1.0,5,0.806378132118451
MA0101202406A0502953,2,1.0,0.0,3,0.391304347826087
MA0101202406A0503120,2,0.0,0.0,5,0.5
MA0101202406A0504124,2,1.0,1.0,1,0.00202020202020202
MA0101202406A0504586,1,1.0,1.0,3,0.20245398773006132
MA0101202406A0504878,2,1.0,1.0,5,0.22265625
MA0101202406A0504919,2,1.0,0.0,2,0.03787878787878788
MA0101202406A0505355,1,1.0,0.0,3,0.06065857885615251
MA0101202406A0505468,2,1.0,0.0,1,0.004540295119182747
MA0101202406A0505555,2,1.0,0.0,3,0.12307692307692308
MA0101202406A0505684,2,1.0,1.0,3,1.0
MA0101202406A0506004,2,1.0,0.0,3,0.01954732510288066
MA0101202406A0506226,2,1.0,0.0,3,0.04834905660377359
MA0101202406A0506720,2,1.0,0.0,3,1.0
MA0101202406A0506922,2,1.0,1.0,2,0.0072992700729927005
MA0101202406A0507838,2,1.0,0.0,3,0.0
MA0101202406A0508403,2,1.0,0.0,1,0.004900588070568468
MA0101202406A0508470,2,1.0,0.0,3,0.012861736334405146
MA0101202406A0509144,2,1.0,0.0,0,0.0
MA0101202406A0509846,2,1.0,0.0,0,0.0
MA0101202406A0509976,2,1.0,0.0,2,0.009181969949916527
MA0101202406A0510076,2,1.0,0.0,2,0.002638853983412918
MA0101202406A0510402,2,1.0,1.0,2,0.08746355685131196
MA0101202406A0510763,2,1.0,0.0,3,0.6481481481481481
MA0101202406A0511702,2,1.0,0.0,0,0.0
MA0101202406A0512568,1,1.0,0.0,3,0.01254180602006689
MA0101202406A0512690,2,1.0,0.0,3,0.0
MA0101202406A0512840,2,1.0,1.0,3,1.0
MA0101202406A0514586,2,1.0,0.0,1,0.0015625
MA0101202406A0514614,2,1.0,0.0,1,0.0003225806451612903
MA0101202406A0514774,2,,,1,0.0
MA0101202406A0515626,2,1.0,0.0,3,0.05454545454545454
MA0101202406A0515634,2,1.0,0.0,3,0.044765840220385676
MA0101202406A0515772,1,1.0,1.0,5,0.15517241379310345
MA0101202406A0516036,2,1.0,0.0,3,0.0027472527472527475
MA0101202406A0516113,2,1.0,0.0,1,0.0010486577181208054
MA0101202406A0516223,1,1.0,0.0,3,1.0
MA0101202406A0516379,2,1.0,1.0,2,0.011288180610889775
MA0101202406A0516739,2,1.0,1.0,1,0.004038772213247173
MA0101202406A0517292,2,1.0,0.0,0,0.0
MA0101202406A0517312,1,1.0,0.0,1,0.014001680201624194
MA0101202406A0517320,1,1.0,0.0,5,0.14078271648663004
MA0101202406A0517350,1,1.0,0.0,3,0.12041884816753927
MA0101202406A0517663,2,1.0,0.0,3,0.006270903010033445
MA0101202406A0517939,1,1.0,0.0,5,1.0
MA0101202406A0518708,1,1.0,0.0,3,0.16
MA0101202406A0519287,2,1.0,1.0,4,0.019067796610169493
MA0101202406A0519505,1,1.0,1.0,4,0.05017367811655731
MA0101202406A0519598,2,1.0,0.0,3,0.06284916201117319
MA0101202406A0520306,2,0.0,0.0,5,0.4194915254237288
MA0101202406A0520522,2,0.0,1.0,3,0.019083969465648856
MA0101202406A0521308,2,1.0,0.0,5,1.0
MA0101202406A0521612,2,1.0,0.0,1,0.005813953488372093
MA0101202406A0521840,2,0.0,0.0,1,0.006550218340611354
MA0101202406A0522162,2,1.0,0.0,2,0.001005586592178771
MA0101202406A0522591,2,0.0,1.0,4,0.11065573770491803
MA0101202406A0522724,2,1.0,0.0,5,1.0
MA0101202406A0523408,2,1.0,1.0,3,1.0
MA0101202406A0523488,2,1.0,0.0,4,0.020127118644067795
MA0101202406A0524134,2,1.0,0.0,4,0.029891304347826088
MA0101202406A0524166,2,1.0,1.0,3,0.044715447154471545
MA0101202406A0524423,2,1.0,1.0,3,0.046228710462287104
MA0101202406A0524890,1,1.0,0.0,0,0.0
MA0101202406A0525047,2,1.0,1.0,4,0.026587887740029542
MA0101202406A0525465,2,1.0,0.0,5,0.4213973799126638
MA0101202406A0525470,2,1.0,1.0,3,0.04065040650406504
MA0101202406A0526574,2,1.0,1.0,5,1.0
MA0101202406A0527177,2,0.0,0.0,4,0.07346189164370982
MA0101202406A0528084,1,1.0,0.0,3,0.003389830508474576
MA0101202406A0528539,1,1.0,1.0,4,0.5950413223140496
MA0101202406A0529391,1,1.0,0.0,0,0.0
MA0101202406A0529506,1,1.0,1.0,5,0.2976190476190476
MA0101202406A0529687,1,1.0,0.0,5,1.0
MA0101202406A0529758,1,1.0,0.0,1,0.006815968841285296
MA0101202406A0530434,1,1.0,0.0,3,0.0
MA0101202406A0530646,1,1.0,0.0,2,0.19672131147540983
MA0101202406A0532307,1,1.0,0.0,4,0.2786885245901639
MA0101202406A0532770,1,1.0,1.0,1,0.0049504950495049506
MA0101202406A0533851,1,1.0,0.0,0,0.0
MA0101202406A0534154,1,1.0,0.0,4,0.02127659574468085
MA0101202406A0534411,1,1.0,1.0,3,0.37888198757763975
MA0101202406A0534427,1,1.0,1.0,2,0.02857142857142857
MA0101202406A0534706,1,1.0,0.0,0,0.0
MA0101202406A0535807,1,1.0,0.0,0,0.0
MA0101202406A0536039,1,1.0,0.0,5,0.10212545360290305
MA0101202406A0536066,1,1.0,1.0,5,0.4200819672131148
MA0101202406A0536688,1,1.0,0.0,4,0.23024054982817868
MA0101202406A0536722,1,1.0,0.0,3,0.02733485193621868
MA0101202406A0537535,1,0.0,0.0,0,0.0
MA0101202406A0537772,1,1.0,0.0,5,0.12
MA0101202406A0537985,1,0.0,0.0,0,0.0
MA0101202406A0537990,1,1.0,0.0,5,0.15
MA0101202406A0538358,1,1.0,0.0,4,0.02179062055897679
MA0101202406A0538541,1,0.0,1.0,4,0.03859513701273639
MA0101202406A0539379,1,1.0,0.0,0,0.0
MA0101202406A0541388,1,1.0,1.0,5,0.28073510773130544
MA0101202406A0541577,1,1.0,0.0,5,1.0
MA0101202406A0541753,1,0.0,1.0,1,0.005720823798627002
MA0101202406A0542039,1,0.0,0.0,0,0.0
MA0101202406A0542237,1,1.0,0.0,5,0.6736342877217636
MA0101202406A0542512,1,0.0,0.0,4,0.16819012797074953
MA0101202406A0544257,1,1.0,0.0,5,0.7119047619047619
MA0101202406A0544306,1,1.0,0.0,0,0.0
MA0101202406A0544472,1,1.0,0.0,3,0.020348837209302327
MA0101202406A0545299,1,1.0,0.0,1,0.0014245014245014246
MA0101202406A0546470,1,1.0,1.0,3,1.0
MA0101202406A0547035,1,1.0,1.0,3,0.0036488951956213257
MA0101202406A0547038,1,0.0,0.0,0,0.0
MA0101202406A0547133,1,0.0,0.0,1,0.07886435331230283
MA0101202406A0547229,1,1.0,0.0,0,0.0
MA0101202406A0549136,1,1.0,0.0,0,0.0
MA0101202406A0549738,1,1.0,0.0,0,0.0
MA0101202406A0550735,1,1.0,0.0,0,0.0
MA0101202406A0552290,1,1.0,0.0,1,0.07692307692307693
MA0101202406A0552612,1,1.0,0.0,1,0.002352941176470588
MA0101202406A0553066,1,1.0,0.0,5,1.0
MA0101202406A0554137,1,1.0,0.0,3,0.012053379250968575
MA0101202406A0554439,1,0.0,1.0,1,0.0005026388539834129
MA0101202406A0554919,1,1.0,0.0,4,0.02068519715578539
MA0101202406A0555684,1,1.0,0.0,0,0.0
MA0101202406A0555726,1,1.0,0.0,0,0.0
MA0101202406A0556013,1,1.0,0.0,5,0.2006269592476489
MA0101202406A0556088,1,0.0,0.0,0,0.0
MA0101202406A0556458,1,1.0,1.0,5,1.0
MA0101202406A0558059,1,1.0,0.0,3,0.001254390366281987
MA0101202406A0558934,1,1.0,0.0,0,0.0
MA0101202406A0559375,1,1.0,0.0,0,0.0
MA0101202406A0559460,1,1.0,0.0,0,0.0
MA0101202406A0560817,1,1.0,0.0,0,0.0
MA0101202406A0562737,1,0.0,0.0,5,0.642361111111111
MA0101202406A0562921,1,1.0,0.0,4,0.04182509505703422
MA0101202406A0563115,1,1.0,0.0,0,0.0
MA0101202406A0564040,1,1.0,0.0,3,0.0029088558500323207
MA0101202406A0565567,1,1.0,0.0,5,0.3681732580037665
MA0101202406A0565921,1,1.0,0.0,0,0.0
MA0101202406A0565989,1,1.0,0.0,1,0.0010052777079668257
MA0101202406A0566341,1,1.0,0.0,0,0.0
MA0101202406A0567363,1,1.0,0.0,0,0.0
MA0101202406A0567529,1,1.0,1.0,5,0.7274436090225563
MA0101202406A0567982,1,1.0,0.0,0,0.0
MA0101202406A0568357,1,1.0,1.0,4,0.029191161564970605
MA0101202406A0569452,1,1.0,0.0,0,0.0
MA0101202406A0569937,1,1.0,0.0,5,1.0
MA0101202406A0570493,1,1.0,0.0,2,0.017765933821896514
MA0101202406A0571500,1,1.0,0.0,0,0.0
MA0101202406A0572325,1,0.0,0.0,4,0.4276315789473684
MA0101202406A0572743,1,1.0,0.0,0,0.0
MA0101202406A0572800,1,1.0,0.0,0,0.0
MA0101202406A0573815,1,1.0,0.0,5,0.22933333333333333
MA0101202406A0574994,1,1.0,0.0,0,0.0
MA0101202406A0575099,1,1.0,0.0,0,0.0
MA0101202406A0575196,1,1.0,0.0,4,0.7878787878787878
MA0101202406A0575434,1,1.0,0.0,0,0.0
MA0101202406A0576064,1,1.0,0.0,0,0.0
MA0101202406A0577042,1,1.0,0.0,0,0.0
MA0101202406A0577246,1,1.0,0.0,5,0.14780835881753313
MA0101202406A0579386,1,1.0,1.0,4,0.15454995054401582
MA0101202406A0579658,1,0.0,0.0,1,0.004736129905277402
MA0101202406A0580149,1,1.0,0.0,2,0.010018214936247723
MA0101202406A0580151,1,0.0,0.0,0,0.0
MA0101202406A0580555,1,1.0,0.0,0,0.0
MA0101202406A0580674,1,1.0,1.0,5,1.0
MA0101202406A0581113,1,1.0,0.0,0,0.0
MA0101202406A0581333,1,1.0,0.0,3,0.020348837209302327
MA0101202406A0582371,1,1.0,0.0,4,0.17915904936014626
MA0101202406A0582633,1,1.0,0.0,0,0.0
MA0101202406A0582705,1,0.0,0.0,0,0.0
MA0101202406A0582989,1,1.0,0.0,4,0.03546099290780142
MA0101202406A0583357,1,1.0,0.0,3,0.00847457627118644
MA0101202406A0583364,1,1.0,0.0,4,0.288135593220339
MA0101202406A0583406,1,1.0,0.0,0,0.0
MA0101202406A0583588,1,1.0,0.0,2,0.015306122448979591
MA0101202406A0583638,1,1.0,0.0,5,0.04807692307692308
MA0101202406A0583645,1,1.0,0.0,1,0.007434944237918215
MA0101202406A0585454,1,1.0,0.0,0,0.0
MA0101202406A0586071,1,0.0,0.0,0,0.0
MA0101202406A0586201,1,1.0,0.0,4,0.3403141361256545
MA0101202406A0586397,1,1.0,0.0,5,1.0
MA0101202406A0587431,1,1.0,0.0,0,0.0
MA0101202406A0589173,1,1.0,0.0,4,0.05947955390334572
MA0101202406A0589590,1,1.0,0.0,5,0.04266321913380737
MA0101202406A0589686,1,1.0,0.0,3,0.0168123739071957
MA0101202406A0590729,1,1.0,0.0,4,0.053231939163498096
MA0101202406A0591003,1,1.0,0.0,4,0.10698198198198199
MA0101202406A0591502,1,0.0,0.0,4,0.18396226415094338
MA0101202406A0593050,1,1.0,0.0,0,0.0
MA0101202406A0593142,1,1.0,0.0,5,1.0
MA0101202406A0593341,1,1.0,0.0,5,1.0
MA0101202406A0596497,1,1.0,0.0,4,0.0975609756097561
MA0101202406A0596516,1,1.0,0.0,5,0.624
MA0101202406A0596982,1,1.0,0.0,5,0.08201523140011717
MA0101202406A0597346,1,1.0,0.0,4,0.014838709677419355
MA0101202406A0597629,1,1.0,0.0,5,0.44660194174757284
MA0101202406A0598467,1,0.0,0.0,5,0.6097709304682749
MA0101202409A0000987,1,1.0,0.0,3,0.02880658436213992
MA0101202409A0001453,1,1.0,1.0,5,0.15254237288135594
MA0101202409A0001566,1,0.0,0.0,5,0.17685699848408287
MA0101202409A0001671,1,1.0,0.0,4,0.030120481927710843
MA0101202409A0002836,1,1.0,0.0,1,0.0018214936247723133
MA0101202409A0003170,1,1.0,0.0,3,0.17482517482517482
MA0101202409A0003817,1,1.0,1.0,3,0.0
MA0101202409A0004097,1,0.0,1.0,4,0.016217311980539224
MA0101202409A0004146,1,0.0,1.0,2,0.025653675382338433
MA0101202409A0004940,1,0.0,1.0,5,0.5867180120613239
MA0101202409A0004998,1,1.0,0.0,1,0.0024875621890547263
MA0101202409A0005168,1,0.0,0.0,2,0.02154458070931389
MA0101202409A0005219,1,1.0,0.0,3,1.0
MA0101202409A0005774,1,1.0,1.0,5,0.04969574036511156
MA0101202409A0006046,1,1.0,0.0,0,0.0
MA0101202409A0006253,1,1.0,0.0,2,0.003943217665615142
MA0101202409A0006489,1,1.0,0.0,1,0.006578947368421052
MA0101202409A0006689,1,0.0,0.0,2,0.014915478952601924
MA0101202409A0006813,1,1.0,1.0,4,0.20863309352517986
MA0101202409A0007257,1,1.0,1.0,5,0.9760765550239234
MA0101202409A0007579,1,1.0,0.0,3,0.29292929292929293
MA0101202409A0007620,1,1.0,1.0,3,0.65625
MA0101202409A0007627,1,1.0,1.0,1,0.0015290519877675841
MA0101202409A0007684,1,1.0,0.0,3,0.004694835680751178
MA0101202409A0007720,1,1.0,0.0,2,0.0390625
MA0101202409A0007884,1,1.0,0.0,1,0.0005712327202102137
MA0101202409A0008321,1,1.0,1.0,2,0.011378002528445006
MA0101202409A0008428,1,1.0,0.0,2,0.04261363636363636
MA0101202409A0008738,1,1.0,0.0,3,0.012954300107952501
MA0101202409A0009023,1,1.0,0.0,0,0.0
MA0101202409A0009024,1,1.0,0.0,1,0.00251889168765743
MA0101202409A0009286,1,1.0,0.0,1,0.06888168557536467
MA0101202409A0009287,1,1.0,0.0,3,0.024242424242424242
MA0101202409A0009641,1,1.0,0.0,3,0.0
MA0101202409A0009665,1,1.0,0.0,5,0.10622710622710622
MA0101202409A0009697,1,1.0,0.0,4,0.14598540145985403
MA0101202409A0009996,1,1.0,0.0,5,0.20823798627002288
MA0101202409A0010910,1,1.0,0.0,3,0.0
MA0101202409A0011139,1,1.0,1.0,5,0.05642633228840126
MA0101202409A0011142,1,1.0,0.0,3,0.005115089514066497
MA0101202409A0011395,1,1.0,0.0,0,0.0
MA0101202409A0011569,1,1.0,0.0,1,0.0008108655990269613
MA0101202409A0011746,1,1.0,0.0,4,0.013574660633484163
MA0101202409A0011889,1,0.0,0.0,0,0.0
MA0101202409A0012406,1,1.0,0.0,3,0.015209125475285171
MA0101202409A0012726,1,1.0,0.0,4,0.649402390438247
MA0101202409A0013928,1,1.0,0.0,1,0.010245901639344262
MA0101202409A0013975,1,1.0,0.0,0,0.0
MA0101202409A0014249,1,1.0,0.0,1,0.00887688151292937
MA0101202409A0015368,1,1.0,0.0,3,0.0
MA0101202409A0015864,1,0.0,0.0,1,0.0012394645513138325
MA0101202409A0016647,1,1.0,1.0,4,0.23076923076923078
MA0101202409A0016684,1,1.0,0.0,2,0.06944444444444445
MA0101202409A0016790,1,1.0,0.0,4,0.031356898517673884
MA0101202409A0017528,1,1.0,0.0,5,0.2920962199312715
MA0101202409A0017567,1,1.0,0.0,3,1.0
MA0101202409A0018281,1,0.0,0.0,0,0.0
MA0101202409A0018485,1,1.0,1.0,3,0.027016595908915475
MA0101202409A0018802,1,1.0,0.0,3,0.04132231404958678
MA0101202409A0019070,1,1.0,0.0,3,0.07042253521126761
MA0101202409A0019492,1,1.0,1.0,2,0.010471204188481676
MA0101202409A0019636,1,1.0,0.0,4,0.05190311418685121
MA0101202409A0019919,1,1.0,0.0,3,0.011904761904761904
MA0101202409A0020019,1,1.0,0.0,2,0.03934426229508197
MA0101202409A0021037,1,1.0,1.0,2,0.0019011406844106464
MA0101202409A0021610,1,1.0,0.0,5,1.0
MA0101202409A0021731,1,1.0,0.0,5,0.22761506276150628
MA0101202409A0021931,1,1.0,0.0,3,0.0
MA0101202409A0022016,1,1.0,0.0,4,0.05491990846681922
MA0101202409A0022527,1,1.0,1.0,4,0.048582995951417005
MA0101202409A0022609,1,1.0,0.0,4,0.11822660098522167
MA0101202409A0022693,1,1.0,0.0,1,0.003644314868804665
MA0101202409A0022888,1,1.0,0.0,4,0.019351595878361397
MA0101202409A0023078,1,1.0,0.0,2,0.005076142131979695
MA0101202409A0023329,1,1.0,0.0,5,0.21380846325167038
MA0101202409A0023532,1,1.0,0.0,5,1.0
MA0101202409A0023960,1,1.0,1.0,5,0.102880658436214
MA0101202409A0023967,1,1.0,1.0,2,0.00423728813559322
MA0101202409A0023995,1,1.0,0.0,3,0.2619047619047619
MA0101202409A0024177,1,1.0,1.0,2,0.009693053311793215
MA0101202409A0024377,1,1.0,0.0,3,0.07042253521126761
MA0101202409A0024893,1,1.0,0.0,4,0.24919614147909966
MA0101202409A0025796,1,0.0,1.0,5,1.0
MA0101202409A0025961,1,1.0,1.0,2,0.0013706140350877192
MA0101202409A0026005,1,1.0,0.0,3,0.0036889025514909315
MA0101202409A0026091,1,1.0,0.0,0,0.0
MA0101202409A0026450,1,0.0,1.0,5,1.0
MA0101202409A0026968,1,1.0,0.0,2,0.023291925465838508
MA0101202409A0028614,1,1.0,0.0,5,0.7318840579710145
MA0101202409A0028686,1,1.0,0.0,3,0.05240174672489083
MA0101202409A0029803,1,1.0,0.0,5,0.45320197044334976
MA0101202409A0029994,1,1.0,0.0,2,0.000893854748603352
MA0101202409A0030101,1,1.0,1.0,3,0.004524886877828055
MA0101202409A0030203,1,1.0,1.0,2,0.07109004739336493
MA0101202409A0031296,1,1.0,1.0,2,0.003775959723096287
MA0101202409A0031359,1,1.0,0.0,3,0.0055617352614015575
MA0101202409A0032025,1,1.0,1.0,5,0.09110169491525423
MA0101202409A0032067,1,1.0,1.0,3,0.016378100140383715
MA0101202409A0032073,1,1.0,1.0,5,1.0
MA0101202409A0032298,1,1.0,0.0,3,0.03382949932341001
MA0101202409A0032679,1,0.0,0.0,5,0.2334096109839817
MA0101202409A0033029,1,1.0,0.0,0,0.0
MA0101202409A0034113,1,1.0,1.0,1,0.013245033112582781
MA0101202409A0034415,1,1.0,0.0,4,0.11627906976744186
MA0101202409A0034678,1,1.0,0.0,1,0.055248618784530384
MA0101202409A0035136,1,1.0,0.0,1,0.002508361204013378
MA0101202409A0035539,1,1.0,1.0,4,0.12994350282485875
MA0101202409A0035595,1,1.0,0.0,3,0.2
MA0101202409A0036061,1,1.0,0.0,4,0.03816793893129771
MA0101202409A0036688,1,1.0,0.0,3,0.019011406844106463
MA0101202409A0036778,1,0.0,0.0,5,0.09785932721712538
MA0101202409A0036983,1,0.0,0.0,5,1.0
MA0101202409A0037395,1,1.0,1.0,0,0.0
MA0101202409A0037431,1,1.0,0.0,2,0.012285012285012284
MA0101202409A0037551,1,1.0,0.0,5,0.007777220270948319
MA0101202409A0037892,1,1.0,0.0,0,0.0
MA0101202409A0037922,1,1.0,0.0,3,0.05675368898978434
MA0101202409A0038354,1,0.0,0.0,1,0.005813953488372093
MA0101202409A0038427,1,1.0,0.0,1,0.0013679890560875513
MA0101202409A0038476,1,1.0,0.0,0,0.0
MA0101202409A0039179,1,1.0,1.0,4,0.06711409395973154
MA0101202409A0039368,1,1.0,0.0,4,0.5416666666666666
MA0101202409A0039559,1,1.0,0.0,0,0.0
MA0101202409A0040205,1,0.0,0.0,4,0.0436046511627907
MA0101202409A0040429,1,0.0,0.0,0,0.0
MA0101202409A0040636,1,1.0,0.0,2,0.09803921568627451
MA0101202409A0040703,1,1.0,0.0,3,0.01059322033898305
MA0101202409A0040913,1,1.0,0.0,4,0.0743801652892562
MA0101202409A0041094,1,0.0,0.0,0,0.0
MA0101202409A0041273,1,1.0,0.0,4,0.01649746192893401
MA0101202409A0041510,1,1.0,1.0,5,1.0
MA0101202409A0041765,1,1.0,1.0,4,0.03413400758533502
MA0101202409A0041844,1,1.0,0.0,4,0.15425531914893617
MA0101202409A0042003,1,1.0,0.0,5,0.012135922330097087
MA0101202409A0042151,1,1.0,0.0,2,0.007598784194528876
MA0101202409A0042875,1,1.0,0.0,4,0.056466302367941715
MA0101202409A0042879,1,1.0,0.0,5,1.0
MA0101202409A0043036,1,1.0,0.0,1,0.00211864406779661
MA0101202409A0043402,1,0.0,0.0,0,0.0
MA0101202409A0043551,1,1.0,0.0,5,1.0
MA0101202409A0044474,1,0.0,0.0,2,0.010570824524312896
MA0101202409A0044518,1,1.0,0.0,4,0.013201320132013201
MA0101202409A0045282,1,1.0,0.0,5,0.10746812386156648
MA0101202409A0045652,1,0.0,0.0,5,1.0
MA0101202409A0045750,1,1.0,0.0,3,0.06722689075630252
MA0101202409A0046108,1,1.0,1.0,4,0.07272727272727272
MA0101202409A0046197,1,1.0,0.0,3,0.0
MA0101202409A0046525,1,1.0,0.0,5,1.0
MA0101202409A0046534,1,1.0,0.0,5,0.03608351915669978
MA0101202409A0046848,1,1.0,0.0,5,0.45542261675028944
MA0101202409A0047021,1,1.0,0.0,1,0.018518518518518517
MA0101202409A0047347,1,1.0,0.0,1,0.006772009029345372
MA0101202409A0048343,1,0.0,0.0,5,1.0
MA0101202409A0048534,1,1.0,1.0,4,0.062146892655367235
MA0101202409A0048697,1,1.0,0.0,4,0.15315315315315314
MA0101202409A0048887,1,1.0,0.0,2,0.013103037522334724
MA0101202409A0049142,1,1.0,0.0,3,0.014539579967689823
MA0101202409A0049566,1,1.0,1.0,5,0.06463878326996197
MA0101202409A0049711,1,1.0,0.0,2,0.0013698630136986301
MA0101202409A0050385,1,1.0,0.0,5,0.6598034627983155
MA0101202409A0051108,1,1.0,0.0,1,0.00333889816360601
MA0101202409A0051795,1,1.0,0.0,3,0.020348837209302327
MA0101202409A0051867,1,1.0,0.0,0,0.0
MA0101202409A0051928,1,1.0,1.0,4,0.030418250950570342
MA0101202409A0052684,1,1.0,0.0,0,0.0
MA0101202409A0052920,1,1.0,0.0,1,0.006060606060606061
MA0101202409A0052930,1,0.0,1.0,5,0.23406193078324225
MA0101202409A0053048,1,1.0,0.0,3,0.09943181818181818
MA0101202409A0053373,1,1.0,0.0,5,0.1328976034858388
MA0101202409A0054017,1,1.0,0.0,4,0.07289293849658314
MA0101202409A0054136,1,0.0,0.0,1,0.0021164021164021165
MA0101202409A0054267,1,1.0,1.0,3,0.0211864406779661
MA0101202409A0054741,1,1.0,0.0,0,0.0
MA0101202409A0054853,1,1.0,0.0,3,1.0
MA0101202409A0054866,1,1.0,0.0,2,0.005284015852047556
MA0101202409A0055569,1,1.0,0.0,4,0.4657097288676236
MA0101202409A0055803,1,1.0,0.0,2,0.01366742596810934
MA0101202409A0055876,1,1.0,1.0,3,0.0417981072555205
MA0101202409A0057367,1,1.0,0.0,4,0.18334985133795836
MA0101202409A0057835,1,1.0,0.0,4,0.023305084745762712
MA0101202409A0057899,1,1.0,1.0,2,0.0035149384885764497
MA0101202409A0058002,1,1.0,0.0,1,0.021573182874211748
MA0101202409A0058767,1,1.0,0.0,3,0.024193548387096774
MA0101202409A0059796,1,1.0,0.0,3,0.2857142857142857
MA0101202409A0060127,1,0.0,0.0,5,0.19444444444444445
MA0101202409A0060623,1,1.0,0.0,5,0.5454545454545454
MA0101202409A0060975,1,0.0,0.0,5,0.05100334448160535
MA0101202409A0060986,1,1.0,0.0,4,0.11864406779661017
MA0101202409A0061226,1,1.0,0.0,3,0.07022471910112359
MA0101202409A0061482,1,1.0,0.0,3,0.027016595908915475
MA0101202409A0061553,1,1.0,0.0,4,0.33635187580853815
MA0101202409A0061657,1,1.0,1.0,3,1.0
MA0101202409A0061873,1,1.0,0.0,0,0.0
MA0101202409A0062060,1,1.0,1.0,2,0.0007526342197691922
MA0101202409A0062642,1,1.0,0.0,3,1.0
MA0101202409A0062716,1,1.0,0.0,5,1.0
MA0101202409A0062757,1,1.0,0.0,3,0.01206333249560191
MA0101202409A0062819,1,1.0,0.0,5,1.0
MA0101202409A0063739,1,1.0,0.0,5,1.0
MA0101202409A0064035,1,1.0,0.0,2,0.013774104683195593
MA0101202409A0064160,1,1.0,0.0,3,0.0
MA0101202409A0064168,1,1.0,0.0,4,0.03310543360921195
MA0101202409A0064639,1,1.0,1.0,2,0.01366742596810934
MA0101202409A0065204,1,1.0,0.0,2,0.00959079283887468
MA0101202409A0066064,1,1.0,1.0,3,0.2222222222222222
MA0101202409A0067006,1,0.0,0.0,5,0.09120521172638436
MA0101202409A0067082,1,1.0,0.0,0,0.0
MA0101202409A0067211,1,1.0,0.0,5,1.0
MA0101202409A0067538,1,0.0,0.0,0,0.0
MA0101202409A0067565,1,1.0,0.0,5,0.1885245901639344
MA0101202409A0067764,1,1.0,0.0,5,1.0
MA0101202409A0067969,1,1.0,1.0,1,0.0033624747814391394
MA0101202409A0068025,1,1.0,0.0,5,0.7638888888888888
MA0101202409A0068077,1,1.0,1.0,3,0.0
MA0101202409A0068469,1,1.0,0.0,3,0.019662921348314606
MA0101202409A0068938,1,1.0,0.0,5,1.0
MA0101202409A0068972,1,1.0,0.0,5,0.08747044917257683
MA0101202409A0069040,1,1.0,0.0,3,0.0
MA0101202409A0069485,1,0.0,0.0,2,0.0011173184357541898
MA0101202409A0069658,1,1.0,0.0,5,0.15966386554621848
MA0101202409A0069703,1,1.0,0.0,2,0.018907563025210083
MA0101202409A0069839,1,0.0,0.0,2,0.03564356435643564
MA0101202409A0070398,1,1.0,0.0,0,0.0
MA0101202409A0070561,1,1.0,0.0,4,0.013398294762484775
MA0101202409A0072230,1,1.0,1.0,1,0.04424778761061947
MA0101202409A0072793,1,1.0,0.0,5,1.0
MA0101202409A0072896,1,1.0,0.0,5,0.35572139303482586
MA0101202409A0073191,1,1.0,0.0,2,0.05217391304347826
MA0101202409A0073192,1,1.0,0.0,3,0.017783857729138167
MA0101202409A0073224,1,1.0,1.0,1,0.006944444444444444
MA0101202409A0073813,1,1.0,0.0,0,0.0
MA0101202409A0074276,1,1.0,0.0,0,0.0
MA0101202409A0074290,1,1.0,1.0,4,0.03260869565217391
MA0101202409A0074809,1,1.0,1.0,5,1.0
MA0101202409A0075032,1,1.0,0.0,3,0.06060606060606061
MA0101202409A0075170,1,1.0,0.0,5,0.15625
MA0101202409A0075265,1,1.0,1.0,2,0.022058823529411766
MA0101202409A0075277,1,1.0,0.0,5,0.3389830508474576
MA0101202409A0076000,1,1.0,0.0,2,0.023291925465838508
MA0101202409A0077763,1,1.0,1.0,4,0.49095607235142114
MA0101202409A0078274,1,1.0,0.0,3,0.0061162079510703364
MA0101202409A0078366,1,1.0,0.0,4,0.234375
MA0101202409A0078826,1,1.0,0.0,3,1.0
MA0101202409A0078972,1,1.0,0.0,5,1.0
MA0101202409A0079630,1,0.0,1.0,3,0.004459760794648287
MA0101202409A0080190,1,1.0,0.0,0,0.0
MA0101202409A0080742,1,0.0,1.0,5,0.09893048128342247
MA0101202409A0082049,1,1.0,1.0,4,0.022813688212927757
MA0101202409A0082360,1,1.0,1.0,5,0.0847457627118644
MA0101202409A0082714,1,1.0,0.0,1,0.0008108655990269613
MA0101202409A0084651,1,0.0,0.0,0,0.0
MA0101202409A0084678,1,1.0,0.0,1,0.02406417112299465
MA0101202409A0085275,1,1.0,1.0,0,0.0
MA0101202409A0085500,1,1.0,0.0,3,0.017412935323383085
MA0101202409A0085804,1,0.0,1.0,4,0.2713178294573643
MA0101202409A0086179,1,1.0,0.0,3,0.14389799635701275
MA0101202409A0087414,1,1.0,0.0,0,0.0
MA0101202409A0087427,1,0.0,0.0,3,0.0
MA0101202409A0087720,1,1.0,0.0,3,0.0
MA0101202409A0087783,1,0.0,0.0,0,0.0
MA0101202409A0087862,1,1.0,0.0,0,0.0
MA0101202409A0088182,1,1.0,0.0,3,0.006578947368421052
MA0101202409A0088211,1,1.0,0.0,3,0.020594965675057208
MA0101202409A0088270,1,1.0,0.0,3,0.19138755980861244
MA0101202409A0088990,1,1.0,1.0,2,0.10377358490566038
MA0101202409A0089193,1,1.0,0.0,2,0.009732360097323601
MA0101202409A0089350,1,1.0,0.0,5,0.2369146005509642
MA0101202409A0089726,1,1.0,0.0,4,0.018270401948842874
MA0101202409A0089947,1,1.0,1.0,3,0.07734806629834254
MA0101202409A0090470,1,0.0,0.0,3,0.0
MA0101202409A0091829,1,1.0,0.0,3,0.0
MA0101202409A0092010,1,0.0,0.0,5,0.11584800741427247
MA0101202409A0092031,1,1.0,0.0,5,1.0
MA0101202409A0092161,1,1.0,0.0,1,0.009111617312072893
MA0101202409A0092315,1,1.0,0.0,3,0.013888888888888888
MA0101202409A0092946,1,1.0,1.0,3,1.0
MA0101202409A0093285,1,1.0,0.0,3,0.6875
MA0101202409A0093346,1,1.0,0.0,1,0.0026666666666666666
MA0101202409A0093556,1,0.0,1.0,5,0.042570443948915467
MA0101202409A0093618,1,1.0,0.0,4,0.02288329519450801
MA0101202409A0093780,1,1.0,1.0,3,0.5
MA0101202409A0094756,1,1.0,0.0,4,0.0297741273100616
MA0101202409A0094819,1,1.0,0.0,5,0.43333333333333335
MA0101202409A0094829,1,1.0,0.0,3,0.09016393442622951
MA0101202409A0095272,1,0.0,0.0,0,0.0
MA0101202409A0095424,1,1.0,0.0,5,0.1546738399462004
MA0101202409A0095710,1,0.0,0.0,2,0.05241090146750524
MA0101202409A0096552,1,1.0,0.0,1,0.00425531914893617
MA0101202409A0096814,1,0.0,0.0,2,0.029116465863453816
MA0101202409A0096929,1,1.0,1.0,5,0.49455984174085066
MA0101202409A0097383,1,1.0,0.0,1,0.003125
MA0101202409A0097418,1,1.0,0.0,1,0.038461538461538464
MA0101202409A0097450,1,1.0,0.0,4,0.06297918948521358
MA0101202409A0097620,1,1.0,0.0,5,0.7380952380952381
MA0101202409A0098165,1,1.0,0.0,5,0.05318167845066093
MA0101202409A0098931,1,1.0,0.0,4,0.06691449814126393
MA0101202409A0099011,1,1.0,1.0,4,0.916030534351145
MA0101202409A0099355,1,1.0,0.0,3,0.047021943573667714
MA0101202409A0099428,1,1.0,0.0,0,0.0
MA0101202409A0100056,1,1.0,0.0,1,0.010666666666666666
MA0101202409A0100059,1,0.0,0.0,1,0.0005026388539834129
MA0101202409A0100121,1,1.0,0.0,2,0.13380281690140844
MA0101202409A0100187,1,1.0,0.0,2,0.04032258064516129
MA0101202409A0101108,1,1.0,0.0,1,0.024429967426710098
MA0101202409A0101113,1,1.0,0.0,4,0.11650485436893204
MA0101202409A0101582,1,1.0,0.0,3,0.006648936170212766
MA0101202409A0101614,1,1.0,0.0,3,0.19298245614035087
MA0101202409A0101727,1,1.0,0.0,5,1.0
MA0101202409A0101868,1,1.0,0.0,2,0.001608147949611364
MA0101202409A0102487,1,1.0,0.0,3,0.0070921985815602835
MA0101202409A0102694,1,0.0,1.0,2,0.04071661237785017
MA0101202409A0102889,1,1.0,0.0,4,0.09375
MA0101202409A0103013,1,0.0,0.0,5,0.6822429906542056
MA0101202409A0103511,1,1.0,0.0,5,0.15126050420168066
MA0101202409A0103579,1,1.0,0.0,0,0.0
MA0101202409A0103673,1,1.0,1.0,4,0.06471183013144591
MA0101202409A0103938,1,1.0,0.0,4,0.03802281368821293
MA0101202409A0104033,1,1.0,0.0,2,0.05343511450381679
MA0101202409A0104883,1,1.0,1.0,4,0.5116279069767441
MA0101202409A0104949,1,1.0,0.0,2,0.00741839762611276
MA0101202409A0105528,1,1.0,0.0,2,0.002764513696908771
MA0101202409A0105664,1,1.0,0.0,3,0.013634110064452157
MA0101202409A0106402,1,1.0,0.0,5,1.0
MA0101202409A0106652,1,1.0,0.0,4,0.24170882518268688
MA0101202409A0106841,1,1.0,0.0,5,0.8418367346938777
MA0101202409A0107270,1,0.0,0.0,0,0.0
MA0101202409A0107295,1,1.0,0.0,4,0.04528985507246377
MA0101202409A0107510,1,1.0,0.0,4,0.040697674418604654
MA0101202409A0108236,1,0.0,0.0,1,0.08235294117647059
MA0101202409A0108705,1,1.0,0.0,3,0.039774610540271794
MA0101202409A0109660,1,0.0,0.0,2,0.024568393094289508
MA0101202409A0109874,1,0.0,0.0,0,0.0
MA0101202409A0110183,1,1.0,0.0,5,0.05268261150614092
MA0101202409A0110460,1,0.0,0.0,4,0.59375
MA0101202409A0110580,1,1.0,1.0,3,0.0029088558500323207
MA0101202409A0110642,1,1.0,0.0,5,0.4581056466302368
MA0101202409A0110923,1,1.0,0.0,3,0.18181818181818182
MA0101202409A0111254,1,1.0,0.0,0,0.0
MA0101202409A0111255,1,0.0,0.0,2,0.0013698630136986301
MA0101202409A0111306,1,1.0,0.0,4,0.11627906976744186
MA0101202409A0111524,1,1.0,1.0,5,0.3826879271070615
MA0101202409A0112004,1,1.0,0.0,3,0.17582417582417584
MA0101202409A0112326,1,1.0,0.0,3,0.009615384615384616
MA0101202409A0112478,1,1.0,0.0,3,0.003418803418803419
MA0101202409A0113177,1,1.0,0.0,1,0.00794912559618442
MA0101202409A0113446,1,0.0,0.0,1,0.00046500813764240875
MA0101202409A0113817,1,0.0,1.0,4,0.024
MA0101202409A0114103,1,1.0,0.0,0,0.0
MA0101202409A0115626,1,1.0,0.0,1,0.001361285053090117
MA0101202409A0115659,1,0.0,0.0,0,0.0
MA0101202409A0115906,1,1.0,0.0,2,0.007462686567164179
MA0101202409A0116807,1,1.0,0.0,1,0.0038022813688212928
MA0101202409A0117002,1,0.0,0.0,1,0.0025974025974025974
MA0101202409A0117111,1,0.0,0.0,5,0.14173228346456693
MA0101202409A0117119,1,1.0,0.0,1,0.10245901639344263
MA0101202409A0117416,1,1.0,1.0,5,1.0
MA0101202409A0118039,1,0.0,0.0,5,1.0
MA0101202409A0118134,1,1.0,1.0,1,0.0033624747814391394
MA0101202409A0118389,1,1.0,0.0,2,0.0031685678073510772
MA0101202409A0118473,1,1.0,1.0,4,0.19298245614035087
MA0101202409A0118541,1,1.0,0.0,3,0.0
MA0101202409A0119241,1,1.0,0.0,2,0.030303030303030304
MA0101202409A0119922,1,1.0,0.0,0,0.0
MA0101202409A0120028,1,1.0,0.0,5,1.0
MA0101202409A0120034,1,1.0,0.0,2,0.004705882352941176
MA0101202409A0120049,1,1.0,0.0,5,1.0
MA0101202409A0120211,1,1.0,1.0,3,0.0062932662051604785
MA0101202409A0120241,1,1.0,1.0,5,1.0
MA0101202409A0121297,1,1.0,1.0,5,0.6435643564356436
MA0101202409A0121561,1,1.0,0.0,3,0.0036288232244686366
MA0101202409A0121653,1,1.0,0.0,4,0.042805100182149364
MA0101202409A0121690,1,1.0,0.0,5,0.3351063829787234
MA0101202409A0122992,1,1.0,0.0,2,0.4605263157894737
MA0101202409A0123112,1,1.0,1.0,1,0.0038022813688212928
MA0101202409A0123875,1,1.0,0.0,3,0.0847457627118644
MA0101202409A0124116,1,1.0,0.0,2,0.06787330316742081
MA0101202409A0124218,1,1.0,0.0,4,0.04951856946354884
MA0101202409A0124230,1,1.0,0.0,4,0.14723203769140164
MA0101202409A0124393,1,1.0,0.0,4,0.11764705882352941
MA0101202409A0124676,1,1.0,0.0,1,0.0
MA0101202409A0124865,1,1.0,1.0,2,0.00969435842197388
MA0101202409A0124894,1,0.0,0.0,5,1.0
MA0101202409A0125168,1,1.0,0.0,5,0.1634980988593156
MA0101202409A0125578,1,1.0,0.0,3,0.03964321110009911
MA0101202409A0126086,1,1.0,0.0,3,0.07975460122699386
MA0101202409A0126163,1,1.0,0.0,0,0.0
MA0101202409A0126473,1,1.0,0.0,3,0.01390644753476612
MA0101202409A0126920,1,1.0,0.0,2,0.043243243243243246
MA0101202409A0127444,1,1.0,0.0,2,0.015873015873015872
MA0101202409A0127622,1,1.0,0.0,5,0.3898305084745763
MA0101202409A0127636,1,1.0,0.0,3,0.0
MA0101202409A0127888,1,0.0,0.0,3,0.023749368367862556
MA0101202409A0128099,1,0.0,0.0,4,0.125
MA0101202409A0128232,1,1.0,0.0,0,0.0
MA0101202409A0128365,1,1.0,0.0,4,0.109375
MA0101202409A0128450,1,1.0,0.0,4,0.08396946564885496
MA0101202409A0128671,1,1.0,0.0,2,0.12
MA0101202409A0129134,1,1.0,0.0,4,0.02968227424749164
MA0101202409A0129409,1,1.0,0.0,5,1.0
MA0101202409A0130431,1,1.0,0.0,3,0.11066398390342051
MA0101202409A0130486,1,1.0,1.0,3,0.0
MA0101202409A0130492,1,1.0,1.0,3,0.02823529411764706
MA0101202409A0130801,1,0.0,0.0,3,0.044534412955465584
MA0101202409A0131531,1,1.0,0.0,4,0.22627737226277372
MA0101202409A0131619,1,1.0,1.0,5,0.12357414448669202
MA0101202409A0132112,1,1.0,1.0,5,1.0
MA0101202409A0132505,1,1.0,1.0,3,0.0
MA0101202409A0133110,1,1.0,0.0,5,1.0
MA0101202409A0133300,1,1.0,1.0,5,0.46511627906976744
MA0101202409A0133559,1,1.0,0.0,5,0.19011406844106463
MA0101202409A0134918,1,1.0,0.0,3,0.014571948998178506
MA0101202409A0135209,1,1.0,0.0,3,0.7305389221556886
MA0101202409A0135419,1,1.0,1.0,1,0.024154589371980676
MA0101202409A0135793,1,1.0,0.0,0,0.0
MA0101202409A0135981,1,1.0,0.0,4,0.22330097087378642
MA0101202409A0136909,1,1.0,0.0,4,0.011001100110011002
MA0101202409A0137164,1,1.0,0.0,4,0.6075949367088608
MA0101202409A0137165,1,1.0,0.0,4,0.08430232558139535
MA0101202409A0137274,1,0.0,1.0,1,0.0006849315068493151
MA0101202409A0137460,1,1.0,0.0,0,0.0
MA0101202409A0137578,1,1.0,1.0,5,0.5384615384615384
MA0101202409A0137677,1,1.0,0.0,3,0.09730848861283643
MA0101202409A0137794,1,1.0,0.0,4,0.056179775280898875
MA0101202409A0138156,1,1.0,0.0,3,1.0
MA0101202409A0138451,1,1.0,0.0,5,0.029066123472265747
MA0101202409A0138572,1,1.0,0.0,3,0.012987012987012988
MA0101202409A0138683,1,1.0,0.0,1,0.008875739644970414
MA0101202409A0139705,1,1.0,1.0,2,0.02708803611738149
MA0101202409A0139823,1,0.0,0.0,5,1.0
MA0101202409A0140502,1,0.0,0.0,2,0.023809523809523808
MA0101202409A0141453,1,1.0,1.0,3,0.0
MA0101202409A0141500,1,1.0,0.0,4,0.7391304347826086
MA0101202409A0141564,1,1.0,0.0,3,0.0
MA0101202409A0141583,1,1.0,1.0,2,0.08333333333333333
MA0101202409A0141741,1,1.0,0.0,3,0.011213047910295617
MA0101202409A0141816,1,0.0,0.0,0,0.0
MA0101202409A0141830,1,1.0,0.0,0,0.0
MA0101202409A0141880,1,1.0,1.0,2,0.1652542372881356
MA0101202409A0142136,1,1.0,0.0,4,0.050872093023255814
MA0101202409A0142298,1,1.0,0.0,4,0.05531914893617021
MA0101202409A0143087,1,1.0,0.0,3,0.01308139534883721
MA0101202409A0143293,1,1.0,0.0,0,0.0
MA0101202409A0144201,1,1.0,0.0,4,0.09544159544159544
MA0101202409A0144500,1,1.0,1.0,1,0.0038022813688212928
MA0101202409A0144870,1,1.0,0.0,3,0.0027666769136181985
MA0101202409A0144982,1,1.0,0.0,4,0.25882352941176473
MA0101202409A0145211,1,1.0,0.0,1,0.013888888888888888
MA0101202409A0145407,1,1.0,0.0,3,0.051347881899871634
MA0101202409A0146027,1,1.0,0.0,0,0.0
MA0101202409A0146040,1,1.0,0.0,0,0.0
MA0101202409A0146214,1,1.0,0.0,3,0.012642225031605562
MA0101202409A0146691,1,1.0,1.0,4,0.1079136690647482
MA0101202409A0146738,1,1.0,0.0,1,0.0063025210084033615
MA0101202409A0147364,1,1.0,0.0,2,0.0076045627376425855
MA0101202409A0147597,1,1.0,0.0,4,0.26083761939750183
MA0101202409A0147645,1,1.0,0.0,3,0.004062038404726735
MA0101202409A0147890,1,1.0,1.0,5,0.06566347469220246
MA0101202409A0147901,1,1.0,1.0,4,0.05531914893617021
MA0101202409A0148526,1,1.0,0.0,3,0.010304096506659964
MA0101202409A0148575,1,0.0,0.0,5,1.0
MA0101202409A0148821,1,1.0,0.0,5,0.696969696969697
MA0101202409A0149085,1,1.0,0.0,3,0.027777777777777776
MA0101202409A0149480,1,1.0,1.0,5,0.4365079365079365
MA0101202409A0149481,1,1.0,0.0,3,0.6666666666666666
MA0101202409A0149944,1,1.0,0.0,1,0.0010193679918450561
MA0101202409A0150354,1,1.0,0.0,2,0.10646687697160884
MA0101202409A0151188,1,1.0,0.0,1,0.0
MA0101202409A0151227,1,1.0,0.0,0,0.0
MA0101202409A0151715,1,1.0,0.0,3,0.125
MA0101202409A0151891,1,1.0,0.0,5,0.5496688741721855
MA0101202409A0152490,1,1.0,0.0,0,0.0
MA0101202409A0152560,1,0.0,0.0,5,0.07066139061616733
MA0101202409A0152677,1,1.0,0.0,3,0.3225806451612903
MA0101202409A0152680,1,1.0,0.0,3,0.0
MA0101202409A0153015,1,1.0,0.0,3,0.20588235294117646
MA0101202409A0153044,1,1.0,1.0,1,0.007462686567164179
MA0101202409A0153201,1,1.0,1.0,4,0.20242914979757085
MA0101202409A0153271,1,1.0,0.0,0,0.0
MA0101202409A0153431,1,1.0,0.0,3,0.14049586776859505
MA0101202409A0153541,1,1.0,0.0,0,0.0
MA0101202409A0153756,1,1.0,0.0,5,1.0
MA0101202409A0154212,1,1.0,0.0,3,0.0
MA0101202409A0154213,1,1.0,0.0,4,0.04011461318051576
MA0101202409A0154860,1,1.0,0.0,0,0.0
MA0101202409A0155103,1,0.0,0.0,4,0.022935779816513763
MA0101202409A0155126,1,1.0,0.0,3,0.011578541103820918
MA0101202409A0155339,1,1.0,0.0,3,0.14285714285714285
MA0101202409A0155572,1,1.0,0.0,2,0.009648784253184097
MA0101202409A0155811,1,1.0,0.0,2,0.04672897196261682
MA0101202409A0155996,1,1.0,0.0,1,0.01694915254237288
MA0101202409A0156154,1,1.0,1.0,3,0.08032786885245902
MA0101202409A0156702,1,0.0,1.0,3,1.0
MA0101202409A0157292,1,1.0,0.0,3,0.050188205771643665
MA0101202409A0157367,1,1.0,0.0,5,0.26640926640926643
MA0101202409A0157528,1,1.0,1.0,5,1.0
MA0101202409A0157653,1,1.0,1.0,4,0.17745302713987474
MA0101202409A0157931,1,1.0,1.0,5,1.0
MA0101202409A0158502,1,0.0,0.0,3,0.005852842809364548
MA0101202409A0158682,1,1.0,0.0,4,0.9
MA0101202409A0158804,1,1.0,1.0,5,0.20711974110032363
MA0101202409A0158844,1,1.0,0.0,3,0.0
MA0101202409A0159781,1,1.0,0.0,0,0.0
MA0101202409A0159982,1,1.0,1.0,3,1.0
MA0101202409A0160663,1,1.0,0.0,3,0.06363636363636363
MA0101202409A0160740,1,1.0,0.0,3,0.06666666666666667
MA0101202409A0161065,1,1.0,1.0,3,0.029980013324450366
MA0101202409A0161698,1,1.0,1.0,4,0.028953229398663696
MA0101202409A0161751,1,1.0,1.0,4,0.1567524115755627
MA0101202409A0162088,1,1.0,0.0,0,0.0
MA0101202409A0162828,1,0.0,1.0,1,0.01639344262295082
MA0101202409A0162904,1,0.0,0.0,5,0.2637729549248748
MA0101202409A0163227,1,1.0,0.0,3,0.3166144200626959
MA0101202409A0163462,1,1.0,0.0,2,0.004523749685850716
MA0101202409A0163778,1,1.0,1.0,5,0.10227711308375144
MA0101202409A0164766,1,1.0,0.0,3,0.1529255319148936
MA0101202409A0164945,1,1.0,0.0,5,0.7582322357019063
MA0101202409A0165793,1,1.0,0.0,4,0.035634743875278395
MA0101202409A0165946,1,0.0,1.0,1,0.005030181086519115
MA0101202409A0165989,1,1.0,0.0,2,0.00911854103343465
MA0101202409A0166178,1,1.0,0.0,2,0.08076923076923077
MA0101202409A0167005,1,1.0,0.0,5,0.17174835970667696
MA0101202409A0167251,1,1.0,0.0,4,0.19491525423728814
MA0101202409A0168283,1,1.0,0.0,1,0.0
MA0101202409A0168443,1,0.0,0.0,2,0.03816793893129771
MA0101202409A0168669,1,1.0,1.0,5,0.7551669316375199
MA0101202409A0168919,1,0.0,0.0,0,0.0
MA0101202409A0169189,1,1.0,0.0,5,1.0
MA0101202409A0169218,1,1.0,0.0,0,0.0
MA0101202409A0169755,1,0.0,0.0,4,0.827956989247312
MA0101202409A0170472,1,1.0,0.0,5,1.0
MA0101202409A0170730,1,1.0,0.0,4,0.07446016381236038
MA0101202409A0172076,1,1.0,0.0,2,0.044444444444444446
MA0101202409A0172548,1,1.0,0.0,4,0.019067796610169493
MA0101202409A0172669,1,1.0,0.0,3,0.0
MA0101202409A0172689,1,1.0,1.0,3,1.0
MA0101202409A0173867,1,1.0,0.0,1,0.013850415512465374
MA0101202409A0173954,1,1.0,0.0,1,0.012345679012345678
MA0101202409A0174392,1,1.0,1.0,5,0.43089430894308944
MA0101202409A0174436,1,0.0,0.0,5,1.0
MA0101202409A0174727,1,1.0,0.0,3,0.2105263157894737
MA0101202409A0175230,1,1.0,0.0,1,0.04132231404958678
MA0101202409A0175666,1,1.0,0.0,4,0.26309067688378035
MA0101202409A0176013,1,1.0,0.0,1,0.006535947712418301
MA0101202409A0176022,1,1.0,0.0,5,0.33624454148471616
MA0101202409A0176075,1,0.0,0.0,2,0.02377179080824089
MA0101202409A0176187,1,0.0,0.0,5,1.0
MA0101202409A0176543,1,1.0,0.0,1,0.004555808656036446
MA0101202409A0176593,1,1.0,0.0,3,1.0
MA0101202409A0176646,1,1.0,1.0,3,0.015209125475285171
MA0101202409A0176657,1,1.0,0.0,2,0.015151515151515152
MA0101202409A0176687,1,1.0,1.0,5,1.0
MA0101202409A0177511,1,1.0,0.0,1,0.04950495049504951
MA0101202409A0177611,1,1.0,0.0,5,1.0
MA0101202409A0177983,1,1.0,0.0,3,0.00881057268722467
MA0101202409A0178143,1,1.0,0.0,2,0.07246376811594203
MA0101202409A0179609,1,1.0,0.0,0,0.0
MA0101202409A0179915,1,1.0,0.0,5,1.0
MA0101202409A0180352,1,1.0,0.0,1,0.0066844919786096255
MA0101202409A0180489,1,1.0,0.0,1,0.00397456279809221
MA0101202409A0180556,1,1.0,0.0,4,0.10805500982318271
MA0101202409A0180864,1,1.0,1.0,1,0.0005184033177812338
MA0101202409A0181693,1,1.0,0.0,3,0.0
MA0101202409A0181917,1,,,0,0.0
MA0101202409A0181938,1,1.0,1.0,3,0.005500550055005501
MA0101202409A0182041,1,1.0,0.0,5,0.6155804480651731
MA0101202409A0182447,1,0.0,0.0,4,0.037130270610446825
MA0101202409A0183028,1,1.0,1.0,4,0.1056338028169014
MA0101202409A0183121,1,1.0,1.0,3,1.0
MA0101202409A0183183,1,1.0,0.0,5,1.0
MA0101202409A0184164,1,0.0,0.0,5,0.31196581196581197
MA0101202409A0184235,1,1.0,1.0,4,0.03672316384180791
MA0101202409A0184432,1,1.0,0.0,4,0.4762845849802372
MA0101202409A0184695,1,1.0,0.0,5,0.06020066889632107
MA0101202409A0184981,1,1.0,0.0,5,1.0
MA0101202409A0185304,1,1.0,0.0,3,0.11904761904761904
MA0101202409A0185575,1,1.0,0.0,3,0.004280821917808219
MA0101202409A0185985,1,1.0,0.0,5,1.0
MA0101202409A0186515,1,1.0,0.0,3,1.0
MA0101202409A0186702,1,1.0,0.0,1,0.002380952380952381
MA0101202409A0187118,1,1.0,0.0,0,0.0
MA0101202409A0187206,1,1.0,0.0,2,0.004180602006688963
MA0101202409A0187245,1,1.0,0.0,5,1.0
MA0101202409A0187271,1,1.0,0.0,2,0.010113780025284451
MA0101202409A0188763,1,1.0,1.0,5,0.0622813156053184
MA0101202409A0188878,1,1.0,0.0,3,0.7631578947368421
MA0101202409A0189004,1,1.0,0.0,3,0.05454545454545454
MA0101202409A0189789,1,1.0,0.0,5,1.0
MA0101202409A0190134,1,1.0,0.0,1,0.0017361111111111106
MA0101202409A0190605,1,1.0,1.0,4,0.15137180700094607
MA0101202409A0191092,1,1.0,0.0,0,0.0
MA0101202409A0191122,1,1.0,1.0,4,0.030418250950570342
MA0101202409A0191614,1,1.0,0.0,5,0.060836501901140684
MA0101202409A0192542,1,1.0,0.0,3,0.375
MA0101202409A0192980,1,1.0,0.0,2,0.009732360097323601
MA0101202409A0193109,1,1.0,0.0,0,0.0
MA0101202409A0193322,1,0.0,1.0,0,0.0
MA0101202409A0193747,1,1.0,1.0,5,1.0
MA0101202409A0194089,1,1.0,1.0,5,0.27756653992395436
MA0101202409A0194263,1,0.0,0.0,2,0.02485913158766987
MA0101202409A0194542,1,1.0,0.0,5,0.2033898305084746
MA0101202409A0195031,1,1.0,0.0,3,0.8735632183908046
MA0101202409A0195521,1,0.0,1.0,3,0.005270626393675248
MA0101202409A0195779,1,1.0,0.0,1,0.006648936170212766
MA0101202409A0195808,1,1.0,0.0,4,0.09700176366843033
MA0101202409A0196345,1,1.0,0.0,3,0.3405405405405405
MA0101202409A0196387,1,1.0,0.0,3,0.01096774193548387
MA0101202409A0196532,1,1.0,0.0,3,0.051546391752577324
MA0101202409A0196791,1,0.0,0.0,3,0.0076045627376425855
MA0101202409A0196882,1,1.0,0.0,5,0.2642369020501139
MA0101202409A0197056,1,0.0,0.0,3,1.0
MA0101202409A0197110,1,1.0,0.0,3,1.0
MA0101202409A0197185,1,1.0,0.0,2,0.0016160310277957336
MA0101202409A0197422,1,1.0,0.0,1,0.003257328990228013
MA0101202409A0197566,1,1.0,1.0,1,0.0016958733747880158
MA0101202409A0198779,1,1.0,1.0,1,0.002380952380952381
MA0101202409A0199485,1,1.0,0.0,0,0.0
MA0101202409A0199569,1,1.0,0.0,4,0.049586776859504134
MA0101202409A0200081,1,0.0,0.0,5,0.05420784666067685
MA0101202409A0201302,1,1.0,0.0,3,0.4
MA0101202409A0201465,1,0.0,0.0,4,0.3122043519394513
MA0101202409A0201960,1,1.0,0.0,5,0.6118314424635332
MA0101202409A0202047,1,1.0,1.0,2,0.022598870056497175
MA0101202409A0202293,1,1.0,1.0,5,0.9588068181818181
MA0101202409A0202342,1,1.0,1.0,5,0.7575757575757576
MA0101202409A0202930,1,1.0,0.0,3,0.025787965616045846
MA0101202409A0203345,1,1.0,0.0,4,0.06302521008403361
MA0101202409A0203469,1,1.0,0.0,1,0.004357298474945534
MA0101202409A0203822,1,1.0,0.0,4,0.4952215464813206
MA0101202409A0203941,1,1.0,1.0,4,0.0200387847446671
MA0101202409A0204187,1,1.0,0.0,0,0.0
MA0101202409A0204619,1,1.0,1.0,4,0.17
MA0101202409A0204841,1,1.0,0.0,3,0.06338028169014084
MA0101202409A0205151,1,1.0,0.0,0,0.0
MA0101202409A0205754,1,1.0,1.0,4,0.3026004728132388
MA0101202409A0205839,1,1.0,1.0,5,0.49134561697375767
MA0101202409A0206412,1,1.0,0.0,4,0.46511627906976744
MA0101202409A0206611,1,1.0,1.0,5,0.7541371158392435
MA0101202409A0207200,1,1.0,0.0,5,1.0
MA0101202409A0207220,1,1.0,0.0,5,0.16446357208730403
MA0101202409A0208119,1,1.0,0.0,3,0.42042042042042044
MA0101202409A0208422,1,1.0,0.0,0,0.0
MA0101202409A0208474,1,1.0,0.0,4,0.40860215053763443
MA0101202409A0208663,1,1.0,0.0,3,0.0071877807726864335
MA0101202409A0209283,1,1.0,0.0,5,0.13691128148959475
MA0101202409A0209527,1,1.0,0.0,3,0.034421496779924496
MA0101202409A0210333,1,0.0,1.0,2,0.011534025374855825
MA0101202409A0211019,1,1.0,0.0,3,0.7518796992481203
MA0101202409A0211041,1,1.0,0.0,3,0.0446927374301676
MA0101202409A0211564,1,1.0,1.0,3,0.06989247311827956
MA0101202409A0212337,1,0.0,0.0,5,1.0
MA0101202409A0212727,1,1.0,1.0,5,0.11660329531051965
MA0101202409A0213112,1,1.0,1.0,4,0.45454545454545453
MA0101202409A0213573,1,1.0,0.0,4,0.21348314606741572
MA0101202409A0214040,1,1.0,0.0,3,0.5555555555555556
MA0101202409A0215178,1,1.0,0.0,3,1.0
MA0101202409A0215307,1,1.0,0.0,1,0.0
MA0101202409A0215583,1,1.0,1.0,3,0.004108463434675432
MA0101202409A0215815,1,1.0,0.0,4,0.35802469135802467
MA0101202409A0216132,1,1.0,1.0,4,0.026362038664323375
MA0101202409A0216508,1,1.0,0.0,3,0.06542056074766354
MA0101202409A0216778,1,1.0,1.0,2,0.04530744336569579
MA0101202409A0216991,1,1.0,1.0,4,0.049689440993788817
MA0101202409A0217476,1,1.0,0.0,1,0.0
MA0101202409A0217478,1,1.0,0.0,2,0.23076923076923075
MA0101202409A0217682,1,1.0,0.0,3,0.046875
MA0101202409A0218284,1,1.0,0.0,3,0.10989010989010989
MA0101202409A0218364,1,1.0,0.0,2,0.03861003861003861
MA0101202409A0218753,1,0.0,0.0,2,0.03466204506065858
MA0101202409A0219217,1,1.0,1.0,5,0.16830065359477125
MA0101202409A0219329,1,1.0,0.0,2,0.0297029702970297
MA0101202409A0219742,1,0.0,0.0,3,1.0
MA0101202409A0219864,1,1.0,1.0,3,0.013297872340425532
MA0101202409A0219889,1,1.0,0.0,3,0.03910614525139665
MA0101202409A0220165,1,0.0,0.0,4,0.3225806451612903
MA0101202409A0220508,1,1.0,0.0,3,0.039473684210526314
MA0101202409A0220610,1,1.0,0.0,4,0.01088646967340591
MA0101202409A0220858,1,1.0,1.0,5,0.9884451652138658
MA0101202409A0220892,1,1.0,0.0,4,0.23655913978494625
MA0101202409A0221014,1,1.0,0.0,5,1.0
MA0101202409A0222008,1,0.0,0.0,2,0.014141414141414142
MA0101202409A0222259,1,1.0,0.0,5,0.6376258243665394
MA0101202409A0223135,1,0.0,0.0,5,0.4418604651162791
MA0101202409A0223285,1,1.0,0.0,1,0.06741573033707865
MA0101202409A0223889,1,1.0,0.0,3,0.9333333333333333
MA0101202409A0223913,1,1.0,0.0,1,0.011494252873563218
MA0101202409A0224064,1,1.0,0.0,4,0.15942028985507245
MA0101202409A0224099,1,1.0,0.0,1,0.0020387359836901123
MA0101202409A0224873,1,1.0,0.0,0,0.0
MA0101202409A0224957,1,1.0,1.0,3,0.0
MA0101202409A0225112,1,1.0,0.0,0,0.0
MA0101202409A0225918,1,1.0,1.0,5,0.06844106463878327
MA0101202409A0226149,1,1.0,1.0,4,0.5263157894736842
MA0101202409A0226261,1,0.0,0.0,3,0.008854258898530191
MA0101202409A0226703,1,1.0,0.0,3,1.0
MA0101202409A0228248,1,1.0,0.0,4,0.07547169811320754
MA0101202409A0228791,1,1.0,0.0,1,0.002478929102627665
MA0101202409A0228930,1,1.0,0.0,4,0.23645320197044334
MA0101202409A0229083,1,1.0,0.0,0,0.0
MA0101202409A0229996,1,1.0,1.0,3,0.0
MA0101202409A0230032,1,1.0,0.0,3,1.0
MA0101202409A0230129,1,1.0,0.0,3,0.057692307692307696
MA0101202409A0230401,1,1.0,1.0,5,0.19672131147540983
MA0101202409A0230654,1,1.0,1.0,5,0.07604562737642585
MA0101202409A0230686,1,1.0,0.0,4,0.02236842105263158
MA0101202409A0232244,1,1.0,0.0,5,0.034210526315789476
MA0101202409A0232258,1,1.0,0.0,0,0.0
MA0101202409A0232317,1,1.0,0.0,3,0.01694915254237288
MA0101202409A0232392,1,1.0,0.0,2,0.04037610619469026
MA0101202409A0232415,1,1.0,0.0,4,0.21235521235521235
MA0101202409A0232651,1,1.0,0.0,4,0.6578947368421052
MA0101202409A0232700,1,1.0,0.0,0,0.0
MA0101202409A0233060,1,0.0,0.0,4,0.11824324324324324
MA0101202409A0233282,1,1.0,1.0,3,0.0071090047393364926
MA0101202409A0234493,1,1.0,0.0,5,0.0796875
MA0101202409A0234748,1,1.0,0.0,2,0.00980392156862745
MA0101202409A0235297,1,1.0,0.0,2,0.018022657054582905
MA0101202409A0235962,1,1.0,0.0,2,0.010570824524312896
MA0101202409A0236599,1,1.0,1.0,5,0.7477341389728096
MA0101202409A0236808,1,1.0,0.0,0,0.0
MA0101202409A0236972,1,1.0,0.0,5,1.0
MA0101202409A0237586,1,1.0,0.0,1,0.0009416195856873823
MA0101202409A0237627,1,1.0,0.0,3,0.015438054805094557
MA0101202409A0238265,1,0.0,1.0,5,1.0
MA0101202409A0238301,1,1.0,0.0,5,0.3515151515151515
MA0101202409A0238321,1,0.0,0.0,5,1.0
MA0101202409A0238342,1,1.0,0.0,3,0.11627906976744186
MA0101202409A0238434,1,1.0,0.0,3,1.0
MA0101202409A0238763,1,0.0,0.0,0,0.0
MA0101202409A0238884,1,1.0,0.0,4,0.03310543360921195
MA0101202409A0239379,1,1.0,0.0,0,0.0
MA0101202409A0239658,1,1.0,0.0,0,0.0
MA0101202409A0240883,1,1.0,0.0,5,1.0
MA0101202409A0241717,1,1.0,0.0,1,0.008665511265164644
MA0101202409A0242246,1,1.0,0.0,1,0.0033472803347280333
MA0101202409A0243007,1,1.0,0.0,1,0.003303600925008259
MA0101202409A0243363,1,0.0,0.0,0,0.0
MA0101202409A0243532,1,1.0,0.0,5,1.0
MA0101202409A0243628,1,1.0,0.0,4,0.24561403508771928
MA0101202409A0243895,1,1.0,1.0,5,0.06273764258555133
MA0101202409A0244806,1,1.0,0.0,1,0.024390243902439025
MA0101202409A0245470,1,1.0,0.0,4,0.2463768115942029
MA0101202409A0246175,1,1.0,0.0,3,0.019011406844106463
MA0101202409A0246224,1,1.0,1.0,4,0.04264870931537598
MA0101202409A0246297,1,1.0,0.0,5,0.26721763085399447
MA0101202409A0246342,1,1.0,1.0,3,0.0017561465127947818
MA0101202409A0246989,1,1.0,0.0,0,0.0
MA0101202409A0247049,1,1.0,0.0,4,0.06060606060606061
MA0101202409A0247068,1,1.0,1.0,4,0.18427518427518427
MA0101202409A0247604,1,0.0,0.0,3,0.031914893617021274
MA0101202409A0248103,1,1.0,0.0,5,0.8878504672897196
MA0101202409A0248202,1,1.0,0.0,3,0.014830508474576272
MA0101202409A0248238,1,1.0,0.0,1,0.0005026388539834129
MA0101202409A0248562,1,1.0,0.0,2,0.00946073793755913
MA0101202409A0248885,1,1.0,0.0,2,0.08108108108108109
MA0101202409A0249040,1,1.0,1.0,2,0.07575757575757576
MA0101202409A0249905,1,1.0,0.0,3,0.02547279042840602
MA0101202409A0250020,1,1.0,0.0,0,0.0
MA0101202409A0250265,1,1.0,0.0,5,0.47086067155538397
MA0101202409A0250410,1,1.0,1.0,5,0.2669491525423729
MA0101202409A0250594,1,1.0,0.0,1,0.01694915254237288
MA0101202409A0250595,1,0.0,0.0,5,1.0
MA0101202409A0251260,1,1.0,0.0,1,0.01737619461337967
MA0101202410A0048721,1,1.0,0.0,3,0.04065040650406504
MA0101202410A0228411,1,0.0,0.0,0,0.0
MA0101202410A0267636,1,1.0,0.0,0,0.0
MA0101202410A0291583,1,1.0,0.0,0,0.0
MA0101202410A0321482,1,1.0,0.0,3,0.011514933429291111
MA0101202410A0546263,1,0.0,0.0,0,0.0
MA0101202411A0000185,1,1.0,1.0,1,0.0009696186166774402
MA0101202411A0000460,1,1.0,1.0,3,0.003389830508474576
MA0101202411A0000754,1,1.0,0.0,3,0.01938610662358643
MA0101202411A0001131,1,0.0,0.0,5,1.0
MA0101202411A0001183,1,1.0,0.0,3,0.0
MA0101202411A0002229,1,1.0,0.0,2,0.027556644213104716
MA0101202411A0003858,1,1.0,0.0,4,0.1122448979591837
MA0101202411A0003908,1,1.0,1.0,2,0.005900728913571677
MA0101202411A0003925,1,0.0,0.0,2,0.05952380952380953
MA0101202411A0004186,1,0.0,0.0,4,0.023670458038733477
MA0101202411A0004311,1,1.0,0.0,1,0.001567398119122257
MA0101202411A0005179,1,1.0,0.0,4,0.04281345565749235
MA0101202411A0005513,1,1.0,0.0,4,0.004014049172102358
MA0101202411A0006054,1,1.0,0.0,1,0.0010052777079668257
MA0101202411A0006296,1,1.0,0.0,1,0.001218026796589525
MA0101202411A0006618,1,1.0,0.0,0,0.0
MA0101202411A0007012,1,1.0,0.0,4,0.34814814814814815
MA0101202411A0007120,1,1.0,0.0,3,0.02564102564102564
MA0101202411A0007162,1,0.0,0.0,3,0.0
MA0101202411A0007661,1,1.0,0.0,4,0.22508038585209003
MA0101202411A0008696,1,1.0,0.0,3,1.0
MA0101202411A0009048,1,1.0,0.0,3,0.18333333333333332
MA0101202411A0009150,1,1.0,0.0,4,0.056153486195601315
MA0101202411A0010201,1,1.0,0.0,5,0.17272727272727273
MA0101202411A0010581,1,0.0,1.0,2,0.050724637681159424
MA0101202411A0010735,1,1.0,0.0,3,0.028173682466025855
MA0101202411A0011027,1,0.0,0.0,0,0.0
MA0101202411A0011404,1,1.0,1.0,3,1.0
MA0101202411A0012137,1,1.0,0.0,3,0.022388059701492536
MA0101202411A0013183,1,0.0,0.0,4,0.07156308851224105
MA0101202411A0013541,1,1.0,0.0,5,1.0
MA0101202411A0014104,1,1.0,0.0,3,1.0
MA0101202411A0014597,1,1.0,0.0,5,0.06472602739726027
MA0101202411A0014750,1,1.0,0.0,0,0.0
MA0101202411A0014935,1,1.0,0.0,3,0.012670565302144249
MA0101202411A0015349,1,0.0,1.0,4,0.36538461538461536
MA0101202411A0016573,1,1.0,1.0,3,0.06694129763130793
MA0101202411A0017749,1,1.0,1.0,3,1.0
MA0101202411A0018126,1,1.0,1.0,1,0.0018315018315018315
MA0101202411A0018159,1,1.0,0.0,4,0.14084507042253522
MA0101202411A0018284,1,1.0,0.0,2,0.03474903474903475
MA0101202411A0018441,1,1.0,1.0,1,0.004228329809725159
MA0101202411A0018662,1,1.0,1.0,5,0.46825396825396826
MA0101202411A0018752,1,1.0,0.0,5,1.0
MA0101202411A0019781,1,1.0,1.0,5,0.055541593365167126
MA0101202411A0019912,1,1.0,0.0,5,0.6072895277207392
MA0101202411A0019919,1,0.0,0.0,2,0.014749262536873156
MA0101202411A0020980,1,1.0,1.0,3,0.02736318407960199
MA0101202411A0021351,1,1.0,1.0,0,0.0
MA0101202411A0021811,1,0.0,0.0,3,0.02288329519450801
MA0101202411A0021833,1,1.0,1.0,2,0.375
MA0101202411A0022623,1,1.0,1.0,3,1.0
MA0101202411A0022786,1,1.0,1.0,3,0.009358914365933552
MA0101202411A0022917,1,1.0,0.0,0,0.0
MA0101202411A0022957,1,1.0,1.0,3,0.2440119760479042
MA0101202411A0023372,1,1.0,0.0,5,0.5714285714285714
MA0101202411A0023484,1,1.0,1.0,5,1.0
MA0101202411A0024260,1,0.0,0.0,2,0.06641123882503193
MA0101202411A0024288,1,1.0,1.0,3,0.07054673721340388
MA0101202411A0024335,1,1.0,0.0,0,0.0
MA0101202411A0025020,1,1.0,0.0,2,0.003998629041471496
MA0101202411A0025231,1,1.0,0.0,5,0.909323116219668
MA0101202411A0026506,1,1.0,1.0,0,0.0
MA0101202411A0026768,1,1.0,0.0,4,0.2127659574468085
MA0101202411A0027225,1,1.0,0.0,3,0.05504587155963303
MA0101202411A0027439,1,1.0,0.0,2,0.0009222256378727329
MA0101202411A0027541,1,1.0,0.0,2,0.044009779951100246
MA0101202411A0027673,1,1.0,0.0,5,0.09564583712880306
MA0101202411A0027818,1,1.0,0.0,3,0.02509907529722589
MA0101202411A0028320,1,1.0,0.0,0,0.0
MA0101202411A0028405,1,1.0,0.0,5,1.0
MA0101202411A0028665,1,1.0,0.0,3,0.10456273764258554
MA0101202411A0029887,1,1.0,0.0,4,0.35964912280701755
MA0101202411A0030233,1,1.0,0.0,3,0.012987012987012988
MA0101202411A0030805,1,1.0,1.0,4,0.040948275862068964
MA0101202411A0030840,1,1.0,0.0,5,0.08160779537149818
MA0101202411A0030843,1,1.0,0.0,5,0.371900826446281
MA0101202411A0031939,1,1.0,0.0,3,1.0
MA0101202411A0032036,1,1.0,0.0,3,0.10309278350515465
MA0101202411A0032546,1,1.0,1.0,3,1.0
MA0101202411A0032598,1,1.0,0.0,2,0.0368271954674221
MA0101202411A0033438,1,1.0,1.0,5,0.1264591439688716
MA0101202411A0034335,1,0.0,0.0,0,0.0
MA0101202411A0035485,1,1.0,1.0,3,0.026385224274406333
MA0101202411A0036174,1,1.0,1.0,3,0.0
MA0101202411A0036766,1,1.0,1.0,5,1.0
MA0101202411A0037052,1,1.0,0.0,2,0.0392156862745098
MA0101202411A0037364,1,1.0,0.0,3,1.0
MA0101202411A0038470,1,0.0,1.0,5,1.0
MA0101202411A0038999,1,1.0,1.0,5,1.0
MA0101202411A0039304,1,1.0,0.0,3,0.06896551724137931
MA0101202411A0040961,1,1.0,1.0,3,1.0
MA0101202411A0041161,1,1.0,0.0,4,0.11678832116788321
MA0101202411A0041413,1,1.0,0.0,1,0.19119351100811124
MA0101202411A0041596,1,1.0,0.0,1,0.002380952380952381
MA0101202411A0042201,1,1.0,0.0,4,0.10091743119266056
MA0101202411A0042275,1,1.0,0.0,2,0.011378002528445006
MA0101202411A0042605,1,1.0,1.0,2,0.002432596797080884
MA0101202411A0043060,1,1.0,0.0,1,0.0012914334911752045
MA0101202411A0043241,1,1.0,1.0,2,0.0029154518950437317
MA0101202411A0043371,1,1.0,0.0,5,1.0
MA0101202411A0043570,1,0.0,1.0,5,0.4444444444444444
MA0101202411A0043690,1,1.0,0.0,3,0.13513513513513511
MA0101202411A0045000,1,0.0,0.0,2,0.07166123778501629
MA0101202411A0045463,1,0.0,0.0,1,0.004851228978007762
MA0101202411A0046908,1,1.0,0.0,0,0.0
MA0101202411A0047032,1,1.0,0.0,4,0.71072319201995
MA0101202411A0047875,1,0.0,0.0,3,0.0966183574879227
MA0101202411A0048028,1,1.0,0.0,5,1.0
MA0101202411A0048029,1,1.0,0.0,1,0.0972447325769854
MA0101202411A0048397,1,1.0,1.0,0,0.0
MA0101202411A0048585,1,1.0,0.0,4,0.49523809523809526
MA0101202411A0049106,1,1.0,0.0,1,0.004132231404958678
MA0101202411A0049310,1,1.0,1.0,4,0.2288135593220339
MA0101202411A0049624,1,1.0,0.0,2,0.005008347245409015
MA0101202411A0050093,1,0.0,0.0,3,0.029488291413703384
MA0101202411A0050706,1,1.0,1.0,5,0.11413043478260869
MA0101202411A0051165,1,1.0,1.0,3,1.0
MA0101202411A0052097,1,1.0,0.0,0,0.0
MA0101202411A0052242,1,0.0,0.0,3,0.007196833393306945
MA0101202411A0052929,1,1.0,0.0,1,0.0025673940949935813
MA0101202411A0053035,1,1.0,1.0,5,0.1597222222222222
MA0101202411A0053227,1,1.0,1.0,2,0.0340522133938706
MA0101202411A0053234,1,1.0,0.0,5,0.23163841807909605
MA0101202411A0053864,1,1.0,1.0,4,0.044073853484216795
MA0101202411A0054609,1,1.0,0.0,3,1.0
MA0101202411A0055066,1,1.0,0.0,2,0.004679457182966776
MA0101202411A0055112,1,1.0,1.0,3,0.0
MA0101202411A0056552,1,1.0,0.0,4,0.0397753860552176
MA0101202411A0056948,1,1.0,0.0,0,0.0
MA0101202411A0058420,1,0.0,0.0,5,1.0
MA0101202411A0058433,1,1.0,1.0,4,0.06626299554438479
MA0101202411A0058568,1,1.0,0.0,3,0.0641025641025641
MA0101202411A0058575,1,0.0,0.0,3,0.009095502779181405
MA0101202411A0059219,1,1.0,0.0,3,0.06762691024064642
MA0101202411A0059249,1,1.0,0.0,4,0.3076923076923077
MA0101202411A0059943,1,1.0,0.0,4,0.06675224646983312
MA0101202411A0060059,1,0.0,0.0,2,0.002054794520547945
MA0101202411A0060094,1,1.0,0.0,4,0.19176136363636362
MA0101202411A0060127,1,1.0,0.0,3,0.004788698671136119
MA0101202411A0060203,1,1.0,0.0,2,0.03289473684210526
MA0101202411A0060491,1,1.0,1.0,4,0.08426966292134831
MA0101202411A0060548,1,1.0,1.0,0,0.0
MA0101202411A0061643,1,1.0,1.0,2,0.01448225923244026
MA0101202411A0062102,1,1.0,0.0,1,0.004156275976724855
MA0101202411A0062665,1,1.0,1.0,5,0.3990610328638498
MA0101202411A0062684,1,1.0,0.0,0,0.0
MA0101202411A0062814,1,1.0,1.0,3,0.05263157894736842
MA0101202411A0063309,1,1.0,1.0,5,0.2986111111111111
MA0101202411A0063454,1,0.0,1.0,4,0.11382113821138211
MA0101202411A0064294,1,1.0,0.0,3,0.0
MA0101202411A0064817,1,1.0,0.0,4,0.05858585858585859
MA0101202411A0065113,1,0.0,1.0,0,0.0
MA0101202411A0065223,1,1.0,1.0,3,1.0
MA0101202411A0065977,1,1.0,0.0,5,0.1984732824427481
MA0101202411A0066086,1,1.0,0.0,3,0.08196721311475409
MA0101202411A0066106,1,1.0,0.0,3,0.2016985138004246
MA0101202411A0066315,1,0.0,0.0,0,0.0
MA0101202411A0068206,1,1.0,1.0,1,0.009082652134423252
MA0101202411A0068581,1,1.0,0.0,4,0.07728706624605679
MA0101202411A0068711,1,1.0,1.0,3,0.021505376344086023
MA0101202411A0069371,1,1.0,0.0,5,0.11914893617021277
MA0101202411A0069423,1,1.0,1.0,5,0.6091954022988506
MA0101202411A0069570,1,1.0,0.0,3,0.024330900243309004
MA0101202411A0069893,1,0.0,1.0,4,0.06215260232440627
MA0101202411A0070179,1,0.0,0.0,5,0.6546237984753066
MA0101202411A0070254,1,1.0,0.0,5,0.2959830866807611
MA0101202411A0070420,1,1.0,0.0,4,0.05815423514538559
MA0101202411A0070479,1,1.0,0.0,3,0.25
MA0101202411A0071032,1,1.0,1.0,3,0.03644646924829157
MA0101202411A0072674,1,1.0,0.0,1,0.009345794392523364
MA0101202411A0072911,1,1.0,0.0,0,0.0
MA0101202411A0073239,1,1.0,0.0,5,1.0
MA0101202411A0073243,1,0.0,0.0,5,1.0
MA0101202411A0073255,1,1.0,1.0,1,0.0026490066225165563
MA0101202411A0073456,1,1.0,0.0,2,0.03278688524590164
MA0101202411A0073579,1,1.0,1.0,4,0.22950819672131148
MA0101202411A0073814,1,1.0,0.0,4,0.021645021645021644
MA0101202411A0073927,1,1.0,0.0,3,0.06100217864923747
MA0101202411A0074039,1,1.0,0.0,3,0.07262569832402235
MA0101202411A0074460,1,1.0,0.0,5,0.29683698296836986
MA0101202411A0074493,1,1.0,0.0,3,0.012437810945273632
MA0101202411A0074744,1,1.0,0.0,2,0.003518029903254178
MA0101202411A0074790,1,0.0,0.0,4,0.20430107526881722
MA0101202411A0075206,1,1.0,0.0,0,0.0
MA0101202411A0075241,1,1.0,0.0,3,0.011406844106463879
MA0101202411A0075326,1,1.0,1.0,3,0.0
MA0101202411A0075442,1,1.0,0.0,3,0.6024096385542169
MA0101202411A0075498,1,1.0,0.0,5,1.0
MA0101202411A0075720,1,1.0,1.0,5,1.0
MA0101202411A0075862,1,1.0,1.0,5,0.3746958637469586
MA0101202411A0075979,1,1.0,1.0,4,0.030418250950570342
MA0101202411A0076463,1,1.0,0.0,2,0.02727272727272727
MA0101202411A0076561,1,1.0,1.0,3,0.01059322033898305
MA0101202411A0076754,1,1.0,1.0,1,0.0012642225031605564
MA0101202411A0076952,1,1.0,0.0,3,1.0
MA0101202411A0078035,1,1.0,1.0,3,0.027548209366391185
MA0101202411A0078246,1,1.0,1.0,3,0.014627659574468085
MA0101202411A0078916,1,1.0,1.0,4,0.19642857142857142
MA0101202411A0079082,1,1.0,0.0,0,0.0
MA0101202411A0079549,1,1.0,0.0,5,1.0
MA0101202411A0079744,1,1.0,0.0,2,0.0031685678073510772
MA0101202411A0080143,1,1.0,0.0,5,1.0
MA0101202411A0081318,1,1.0,0.0,2,0.5263157894736842
MA0101202411A0081699,1,1.0,1.0,4,0.2331288343558282
MA0101202411A0081896,1,1.0,1.0,4,0.3188405797101449
MA0101202411A0081968,1,1.0,0.0,2,0.00954653937947494
MA0101202411A0082625,1,1.0,0.0,5,0.11382113821138211
MA0101202411A0082702,1,1.0,0.0,3,0.0413625304136253
MA0101202411A0082811,1,1.0,0.0,3,0.07867494824016563
MA0101202411A0082952,1,1.0,0.0,1,0.005813953488372093
MA0101202411A0083046,1,1.0,0.0,0,0.0
MA0101202411A0083352,1,1.0,0.0,3,0.1076923076923077
MA0101202411A0083973,1,1.0,1.0,5,1.0
MA0101202411A0084013,1,1.0,0.0,5,1.0
MA0101202411A0084344,1,1.0,1.0,4,0.0774487471526196
MA0101202411A0084684,1,1.0,0.0,3,0.06756756756756757
MA0101202411A0084778,1,1.0,0.0,4,0.3129657228017884
MA0101202411A0084984,1,1.0,0.0,4,0.035541195476575124
MA0101202411A0085239,1,1.0,0.0,3,0.013675213675213675
MA0101202411A0085847,1,1.0,0.0,3,0.027070063694267513
MA0101202411A0086697,1,1.0,0.0,2,0.013071895424836602
MA0101202411A0087123,1,0.0,1.0,5,0.015418994413407822
MA0101202411A0087329,1,0.0,0.0,3,0.018963337547408345
MA0101202411A0088330,1,1.0,0.0,2,0.01813880126182965
MA0101202411A0088531,1,1.0,0.0,3,0.09375
MA0101202411A0088680,1,1.0,0.0,5,0.26904761904761904
MA0101202411A0088880,1,1.0,1.0,3,0.061806656101426306
MA0101202411A0089452,1,0.0,0.0,3,0.06060606060606061
MA0101202411A0089700,1,1.0,0.0,0,0.0
MA0101202411A0090335,1,1.0,1.0,5,1.0
MA0101202411A0090456,1,0.0,0.0,2,0.0050968399592252805
MA0101202411A0090592,1,1.0,0.0,0,0.0
MA0101202411A0090840,1,1.0,1.0,3,1.0
MA0101202411A0090932,1,1.0,0.0,3,0.14285714285714285
MA0101202411A0091132,1,1.0,0.0,1,0.03496503496503496
MA0101202411A0091246,1,1.0,0.0,0,0.0
MA0101202411A0091267,1,1.0,0.0,4,0.09540329575021683
MA0101202411A0091987,1,1.0,0.0,4,0.050308008213552365
MA0101202411A0092183,1,1.0,0.0,3,0.015166835187057633
MA0101202411A0092954,1,1.0,0.0,4,0.14423076923076922
MA0101202411A0093072,1,0.0,1.0,3,0.14893617021276595
MA0101202411A0093386,1,1.0,0.0,5,0.3148148148148148
MA0101202411A0093976,1,1.0,0.0,5,0.07411630558722919
MA0101202411A0094595,1,1.0,0.0,5,1.0
MA0101202411A0094880,1,1.0,1.0,5,1.0
MA0101202411A0095118,1,1.0,0.0,3,0.12526096033402923
MA0101202411A0095866,1,1.0,0.0,2,0.02619047619047619
MA0101202411A0096875,1,1.0,0.0,1,0.0012674271229404308
MA0101202411A0097181,1,1.0,0.0,3,0.011406844106463879
MA0101202411A0097863,1,1.0,0.0,3,0.061832490163012926
MA0101202411A0097976,1,1.0,0.0,3,0.15458937198067632
MA0101202411A0099254,1,1.0,0.0,3,0.0423728813559322
MA0101202411A0100245,1,0.0,0.0,5,0.2222222222222222
MA0101202411A0100932,1,1.0,0.0,5,0.32515337423312884
MA0101202411A0101015,1,0.0,0.0,3,0.0
MA0101202411A0101231,1,1.0,0.0,3,0.1
MA0101202411A0101398,1,1.0,0.0,3,0.05448354143019296
MA0101202411A0101524,1,1.0,0.0,2,0.056179775280898875
MA0101202411A0101877,1,1.0,0.0,1,0.0005341880341880342
MA0101202411A0102003,1,1.0,1.0,4,0.030407459963511047
MA0101202411A0102048,1,0.0,1.0,5,1.0
MA0101202411A0102143,1,0.0,0.0,5,0.315359477124183
MA0101202411A0102216,1,1.0,0.0,5,1.0
MA0101202411A0103746,1,1.0,1.0,3,0.8421052631578947
MA0101202411A0104030,1,1.0,0.0,4,0.07407407407407407
MA0101202411A0104531,1,1.0,0.0,0,0.0
MA0101202411A0104646,1,1.0,0.0,4,0.013574660633484163
MA0101202411A0105147,1,1.0,0.0,4,0.02728659904855937
MA0101202411A0105461,1,1.0,0.0,3,0.032146389713155296
MA0101202411A0106116,1,1.0,0.0,5,0.4322033898305085
MA0101202411A0106317,1,1.0,0.0,3,0.04087193460490463
MA0101202411A0106499,1,1.0,0.0,2,0.025996533795493933
MA0101202411A0106600,1,1.0,1.0,4,0.044271294492650964
MA0101202411A0106761,1,1.0,0.0,2,0.0312256049960968
MA0101202411A0107167,1,1.0,0.0,2,0.004975124378109453
MA0101202411A0107312,1,1.0,0.0,0,0.0
MA0101202411A0107454,1,1.0,0.0,5,0.11317944899478778
MA0101202411A0107584,1,1.0,1.0,2,0.08571428571428572
MA0101202411A0107801,1,0.0,0.0,4,0.9282296650717703
MA0101202411A0107862,1,0.0,0.0,5,1.0
MA0101202411A0108236,1,1.0,0.0,0,0.0
MA0101202411A0108466,1,1.0,0.0,5,0.4855072463768116
MA0101202411A0108619,1,1.0,1.0,4,0.03473562331146275
MA0101202411A0108637,1,1.0,1.0,0,0.0
MA0101202411A0108981,1,1.0,0.0,3,0.09975062344139651
MA0101202411A0109150,1,1.0,0.0,0,0.0
MA0101202411A0110094,1,1.0,0.0,0,0.0
MA0101202411A0110449,1,1.0,1.0,4,0.5609756097560976
MA0101202411A0110868,1,1.0,0.0,1,0.0033624747814391394
MA0101202411A0112179,1,1.0,1.0,3,0.028946352759552294
MA0101202411A0112240,1,1.0,0.0,2,0.019867549668874173
MA0101202411A0112361,1,1.0,1.0,3,1.0
MA0101202411A0112398,1,1.0,0.0,4,0.07272727272727272
MA0101202411A0112892,1,1.0,0.0,2,0.0390625
MA0101202411A0113482,1,0.0,0.0,5,1.0
MA0101202411A0113949,1,0.0,0.0,3,1.0
MA0101202411A0115047,1,1.0,1.0,3,1.0
MA0101202411A0115278,1,1.0,0.0,2,0.07528641571194762
MA0101202411A0116668,1,1.0,0.0,3,0.021505376344086023
MA0101202411A0116813,1,1.0,0.0,0,0.0
MA0101202411A0117053,1,0.0,1.0,3,0.019011406844106463
MA0101202411A0118359,1,1.0,0.0,0,0.0
MA0101202411A0119465,1,1.0,0.0,2,0.034782608695652174
MA0101202411A0119482,1,1.0,1.0,5,1.0
MA0101202411A0119768,1,1.0,1.0,3,1.0
MA0101202411A0119784,1,1.0,1.0,4,0.014301430143014302
MA0101202411A0120042,1,1.0,0.0,5,0.8715083798882681
MA0101202411A0120134,1,1.0,0.0,4,0.02169751116783663
MA0101202411A0120164,1,1.0,0.0,0,0.0
MA0101202411A0120238,1,1.0,0.0,2,0.05
MA0101202411A0120452,1,1.0,0.0,0,0.0
MA0101202411A0120633,1,1.0,0.0,3,1.0
MA0101202411A0121160,1,0.0,1.0,3,1.0
MA0101202411A0121336,1,1.0,0.0,4,0.02459268367660621
MA0101202411A0121537,1,1.0,0.0,3,0.020512820512820513
MA0101202411A0121538,1,1.0,0.0,3,0.08196721311475409
MA0101202411A0121810,1,1.0,1.0,1,0.2397003745318352
MA0101202411A0121954,1,1.0,0.0,4,0.2650103519668737
MA0101202411A0122150,1,1.0,0.0,4,0.06430868167202572
MA0101202411A0122295,1,1.0,0.0,3,0.07262569832402235
MA0101202411A0122823,1,1.0,0.0,5,1.0
MA0101202411A0124480,1,1.0,0.0,4,0.045845272206303724
MA0101202411A0124494,1,1.0,0.0,2,0.008547008547008548
MA0101202411A0124706,1,1.0,1.0,2,0.10482180293501048
MA0101202411A0124857,1,1.0,0.0,5,0.09066666666666667
MA0101202411A0124860,1,1.0,0.0,0,0.0
MA0101202411A0125021,1,1.0,1.0,4,0.053231939163498096
MA0101202411A0125037,1,1.0,0.0,4,0.033925686591276254
MA0101202411A0125103,1,1.0,0.0,3,1.0
MA0101202411A0125806,1,1.0,0.0,4,0.00684931506849315
MA0101202411A0126050,1,1.0,0.0,3,0.0070921985815602835
MA0101202411A0126157,1,1.0,0.0,3,0.004459760794648287
MA0101202411A0126633,1,1.0,0.0,4,0.4756756756756757
MA0101202411A0127364,1,1.0,0.0,5,0.2364475201845444
MA0101202411A0127530,1,1.0,0.0,5,0.11384335154826958
MA0101202411A0127542,1,1.0,0.0,2,0.04040404040404041
MA0101202411A0127880,1,0.0,0.0,4,0.045512010113780026
MA0101202411A0128571,1,1.0,1.0,4,0.06790123456790123
MA0101202411A0129586,1,1.0,1.0,4,0.35
MA0101202411A0129785,1,1.0,0.0,3,0.0
MA0101202411A0130189,1,1.0,0.0,1,0.005813953488372093
MA0101202411A0130377,1,1.0,0.0,4,0.03932584269662921
MA0101202411A0130442,1,1.0,0.0,2,0.0102880658436214
MA0101202411A0130666,1,1.0,0.0,2,0.0189873417721519
MA0101202411A0130918,1,1.0,1.0,3,0.0
MA0101202411A0131001,1,1.0,0.0,0,0.0
MA0101202411A0131884,1,0.0,0.0,0,0.0
MA0101202411A0132918,1,1.0,0.0,5,0.335971855760774
MA0101202411A0133426,1,1.0,0.0,1,0.0015159171298635675
MA0101202411A0133498,1,1.0,0.0,4,0.0607661822985469
MA0101202411A0133684,1,1.0,0.0,1,0.007022471910112359
MA0101202411A0133925,1,1.0,1.0,3,0.15625
MA0101202411A0134079,1,0.0,0.0,1,0.0030120481927710845
MA0101202411A0134599,1,1.0,0.0,3,0.03581267217630854
MA0101202411A0135227,1,1.0,0.0,0,0.0
MA0101202411A0136011,1,1.0,0.0,5,1.0
MA0101202411A0136095,1,1.0,0.0,2,0.004554563672800146
MA0101202411A0136237,1,1.0,1.0,4,0.0423728813559322
MA0101202411A0136704,1,1.0,0.0,4,0.09665427509293681
MA0101202411A0137216,1,1.0,0.0,2,0.030952380952380953
MA0101202411A0137352,1,1.0,0.0,1,0.002582866982350409
MA0101202411A0137841,1,1.0,1.0,5,0.4112903225806452
MA0101202411A0138059,1,1.0,0.0,0,0.0
MA0101202411A0138539,1,1.0,0.0,5,0.11231652839821314
MA0101202411A0138702,1,1.0,1.0,0,0.0
MA0101202411A0139370,1,1.0,0.0,5,0.07065217391304347
MA0101202411A0139537,1,1.0,1.0,2,0.040983606557377046
MA0101202411A0139856,1,1.0,0.0,3,0.03792250618301731
MA0101202411A0140809,1,1.0,1.0,1,0.005956813104988831
MA0101202411A0141164,1,1.0,0.0,3,1.0
MA0101202411A0141173,1,1.0,0.0,4,0.15469613259668508
MA0101202411A0141208,1,1.0,0.0,0,0.0
MA0101202411A0141438,1,1.0,0.0,0,0.0
MA0101202411A0141851,1,1.0,0.0,2,0.013513513513513514
MA0101202411A0142916,1,1.0,0.0,3,0.008308764406325381
MA0101202411A0142976,1,1.0,1.0,4,0.05210343496719413
MA0101202411A0143024,1,0.0,0.0,5,0.13725490196078433
MA0101202411A0143696,1,0.0,0.0,0,0.0
MA0101202411A0145282,1,1.0,0.0,4,0.18412698412698414
MA0101202411A0145557,1,1.0,1.0,4,0.029787234042553193
MA0101202411A0145913,1,1.0,0.0,4,0.048004042445679636
MA0101202411A0146125,1,1.0,1.0,2,0.008992805755395683
MA0101202411A0146552,1,1.0,0.0,0,0.0
MA0101202411A0147137,1,1.0,0.0,3,0.060126582278481014
MA0101202411A0147165,1,1.0,0.0,3,0.0109717868338558
MA0101202411A0147249,1,1.0,0.0,4,0.02877697841726619
MA0101202411A0147617,1,1.0,0.0,0,0.0
MA0101202411A0148010,1,1.0,0.0,4,0.4666666666666667
MA0101202411A0148919,1,0.0,0.0,4,0.04892966360856269
MA0101202411A0149100,1,1.0,0.0,2,0.0033444816053511705
MA0101202411A0149144,1,1.0,0.0,3,0.05450941526263627
MA0101202411A0167985,1,1.0,0.0,4,0.05947955390334572
MA0101202411A0168630,1,1.0,0.0,3,0.0
MA0101202411A0168703,1,0.0,0.0,2,0.012678288431061807
MA0101202411A0168789,1,1.0,0.0,4,0.0125684167849179
MA0101202411A0168814,1,0.0,0.0,4,0.032036613272311214
MA0101202411A0170624,1,1.0,1.0,0,0.0
MA0101202411A0171635,1,0.0,0.0,0,0.0
MA0101202411A0173404,1,1.0,0.0,5,0.0729512079583136
MA0101202411A0173465,1,1.0,0.0,0,0.0
MA0101202411A0173586,1,1.0,0.0,5,0.14420803782505912
MA0101202411A0173999,1,0.0,0.0,0,0.0
MA0101202411A0174695,1,1.0,1.0,2,0.0005989817310572028
MA0101202411A0174999,1,1.0,0.0,3,1.0
MA0101202411A0175317,1,1.0,0.0,4,0.2895927601809955
MA0101202411A0175701,1,1.0,0.0,3,0.014874141876430207
MA0101202411A0176497,1,1.0,1.0,1,0.008928571428571428
MA0106202404A0769138,1,1.0,0.0,5,1.0
MA0106202404A0081863,1,0.0,0.0,1,0.0
MA0106202404A2154371,1,1.0,1.0,2,0.5128205128205129
MA0106202404A0309365,1,1.0,0.0,2,0.0019392372333548805
MA0106202404A0350137,1,1.0,0.0,5,0.09701492537313433
MA0106202403A1648898,1,1.0,0.0,3,0.04746044962531224
MA0106202403A0419842,1,1.0,0.0,5,0.11795316565481354
MA0106202403A0796573,1,1.0,0.0,2,0.06521739130434782
MA0106202403A0808293,1,1.0,0.0,5,0.8771929824561403
MA0106202403A2037854,1,1.0,0.0,1,0.0009474182851729038
MA0106202403A0003385,1,1.0,0.0,0,0.0
MA0106202403A0131368,1,1.0,0.0,5,1.0
MA0106202403A1360209,1,1.0,0.0,3,0.0
MA0106202403A0141067,1,1.0,0.0,3,0.9944751381215469
MA0106202403A1102511,1,1.0,0.0,3,1.0
MA0106202403A0775789,1,0.0,0.0,0,0.0
MA0106202402A1254511,1,1.0,0.0,0,0.0
MA0106202402A0768236,1,1.0,1.0,5,1.0
MA0106202401A1346664,1,1.0,0.0,0,0.0
MA0101202411A0184218,1,1.0,0.0,4,0.19444444444444445
MA0106202401A0973850,1,1.0,0.0,5,1.0
MA0106202401A1014697,1,1.0,0.0,0,0.0
MA0101202411A0186499,1,1.0,0.0,4,0.1801980198019802
MA0106202401A2131515,1,1.0,0.0,3,0.10416666666666666
MA0106202401A1599369,1,1.0,1.0,3,1.0
MA0106202401A1521507,1,1.0,0.0,5,0.13043478260869565
MA0106202312A1973230,1,1.0,1.0,5,1.0
MA0106202312A0884701,1,1.0,1.0,3,0.007988510905663763
MA0106202312A0578982,1,1.0,0.0,3,0.0
MA0106202406A2466306,1,1.0,0.0,5,1.0
MA0106202406A2464831,1,1.0,0.0,5,0.04589528118939883
MA0106202406A2464903,1,1.0,0.0,5,1.0
MA0106202406A2465779,1,1.0,0.0,5,1.0
MA0106202406A2465083,1,1.0,0.0,5,0.275049115913556
MA0106202406A2466294,1,1.0,0.0,5,0.226215644820296
MA0106202406A2466382,1,1.0,0.0,5,0.39543726235741444
MA0106202406A2465106,1,1.0,0.0,5,0.12112932604735883
MA0106202406A2465076,1,1.0,0.0,5,0.07013574660633484
MA0106202406A2464912,1,0.0,0.0,3,1.0
MA0106202406A2465648,1,1.0,0.0,5,0.022793296089385476
MA0106202406A2464891,1,1.0,0.0,4,0.14656895403064624
MA0106202406A2464824,1,1.0,0.0,5,0.991304347826087
MA0106202406A2465556,1,1.0,0.0,5,1.0
MA0106202406A2465640,1,1.0,0.0,5,0.029350104821802937
MA0106202406A2465174,1,0.0,0.0,5,1.0
MA0106202406A2465588,1,1.0,0.0,5,0.18764302059496568
MA0106202406A2465194,1,1.0,0.0,5,1.0
MA0106202406A2465778,1,1.0,0.0,5,0.2810945273631841
MA0106202406A2466095,1,1.0,0.0,5,1.0
MA0106202406A2465531,1,0.0,0.0,5,0.051712992889463474
MA0106202406A2464775,1,1.0,0.0,5,1.0
MA0106202406A2465641,1,1.0,0.0,5,0.510250569476082
MA0106202406A2465633,1,1.0,0.0,3,1.0
MA0106202406A2466319,1,1.0,0.0,5,0.3333333333333333
MA0106202406A2464825,1,1.0,0.0,5,0.41515151515151516
MA0106202406A2465089,1,1.0,0.0,5,0.04137039431157078
MA0106202406A2465117,1,0.0,0.0,4,0.04272978788810329
MA0106202406A2464820,1,1.0,0.0,5,0.6229903536977491
MA0106202406A2465090,1,1.0,0.0,5,1.0
MA0106202406A2464895,1,1.0,0.0,5,0.9847494553376906
MA0106202406A2465407,1,1.0,0.0,5,0.041759578349888506
MA0106202406A2465124,1,1.0,0.0,4,0.1299841911118918
MA0106202406A2465150,1,1.0,0.0,5,0.8450704225352113
MA0106202406A2465799,1,1.0,0.0,5,0.8527131782945736
MA0106202406A2464907,1,1.0,0.0,5,0.1276127612761276
MA0106202406A2465074,1,1.0,0.0,5,0.855072463768116
MA0106202406A2464881,1,1.0,0.0,5,0.2642706131078224
MA0106202406A2466000,1,1.0,0.0,4,0.26763990267639903
MA0106202406A2464798,1,1.0,0.0,5,0.12112932604735883
MA0106202406A2464879,1,1.0,0.0,5,0.6197916666666666
MA0106202406A2466293,1,1.0,0.0,5,0.09021406727828746
MA0106202406A2466283,1,1.0,0.0,5,0.07225806451612904
MA0106202406A2465163,1,1.0,0.0,5,0.5396039603960396
MA0106202406A2465178,1,1.0,0.0,5,1.0
MA0106202406A2465560,1,1.0,0.0,5,0.45618153364632236
MA0106202406A2465802,1,1.0,0.0,5,0.21652421652421652
MA0106202406A2465406,1,0.0,0.0,5,1.0
MA0106202406A2464889,1,1.0,0.0,5,1.0
MA0106202406A2465435,1,1.0,0.0,5,0.6534334763948497
MA0106202406A2465097,1,1.0,0.0,5,1.0
MA0106202406A2465430,1,1.0,0.0,5,0.3833515881708653
MA0106202406A2465600,1,0.0,0.0,5,0.845679012345679
MA0106202406A2465418,1,1.0,0.0,5,1.0
MA0106202406A2464828,1,1.0,0.0,5,1.0
MA0106202406A2464833,1,1.0,0.0,5,0.20261437908496732
MA0106202406A2465146,1,1.0,0.0,5,0.04863013698630137
MA0106202406A2466094,1,1.0,0.0,5,0.2330508474576271
MA0106202406A2465129,1,1.0,0.0,4,0.8382352941176471
MA0106202406A2465100,1,1.0,0.0,5,0.18096182449181955
MA0106202406A2466289,1,1.0,0.0,3,1.0
MA0106202406A2465399,1,1.0,0.0,5,0.2455573505654281
MA0106202406A2465529,1,1.0,0.0,5,0.21652421652421652
MA0106202406A2464877,1,1.0,0.0,5,0.39118457300275483
MA0106202406A2466105,1,1.0,0.0,5,0.13861386138613863
MA0106202406A2465803,1,1.0,0.0,5,0.30648769574944074
MA0106202406A2464840,1,1.0,0.0,5,1.0
MA0106202406A2465063,1,1.0,0.0,5,0.9140625
MA0106202406A2465152,1,0.0,0.0,5,0.8115183246073299
MA0106202406A2464981,1,1.0,0.0,5,0.41064638783269963
MA0106202406A2465109,1,0.0,0.0,5,0.2558139534883721
MA0106202406A2465420,1,1.0,0.0,5,0.11771177117711772
MA0106202406A2465425,1,1.0,0.0,4,0.18778202013189865
MA0106202406A2466087,1,1.0,0.0,5,0.875968992248062
MA0106202406A2465534,1,1.0,0.0,5,0.1391304347826087
MA0106202406A2466377,1,1.0,0.0,5,0.04662477194405027
MA0106202406A2465114,1,1.0,0.0,5,0.1694373401534527
MA0106202406A2465197,1,1.0,0.0,5,1.0
MA0106202406A2466370,1,1.0,0.0,3,1.0
MA0106202406A2466369,1,1.0,0.0,4,0.4479638009049774
MA0106202406A2464902,1,1.0,0.0,5,0.0711139081183134
MA0106202406A2464962,1,1.0,0.0,5,0.6863905325443787
MA0106202406A2464829,1,1.0,0.0,5,0.2553191489361702
MA0106202406A2464822,1,1.0,0.0,5,0.43640897755610975
MA0106202406A2465647,1,1.0,0.0,5,0.2808988764044944
MA0106202406A2465785,1,1.0,0.0,5,1.0
MA0106202406A2465093,1,1.0,0.0,5,1.0
MA0106202406A2466086,1,1.0,0.0,5,0.9423076923076923
MA0106202406A2464795,1,1.0,0.0,5,1.0
MA0106202406A2465410,1,1.0,0.0,5,0.2904761904761905
MA0106202406A2464977,1,1.0,0.0,5,1.0
MA0106202406A2464782,1,1.0,0.0,5,0.12211221122112212
MA0106202406A2464971,1,1.0,0.0,4,0.18864774624373956
MA0106202406A2465571,1,1.0,0.0,5,0.6689734717416378
MA0106202406A2465592,1,1.0,0.0,5,0.5137385512073273
MA0106202406A2465541,1,1.0,0.0,5,0.06400506970849176
MA0106202406A2465130,1,1.0,0.0,5,0.04500304074599635
MA0106202406A2465424,1,1.0,0.0,5,0.2904761904761905
MA0106202406A2464838,1,1.0,0.0,4,0.28809523809523807
MA0106202406A2464953,1,1.0,0.0,5,0.06709677419354838
MA0106202406A2465518,1,1.0,0.0,5,0.45498783454987834
MA0106202406A2464906,1,1.0,0.0,4,0.18030050083472454
MA0106202406A2465537,1,1.0,0.0,5,0.41046831955922863
MA0106202406A2465643,1,1.0,0.0,5,0.19057892844300608
MA0106202406A2466308,1,1.0,0.0,5,0.7853403141361257
MA0106202406A2465177,1,1.0,0.0,4,0.06840022611644997
MA0106202406A2466080,1,1.0,0.0,4,0.06736965436438196
MA0106202406A2464773,1,1.0,0.0,3,1.0
MA0106202406A2464811,1,1.0,0.0,5,0.03289473684210526
MA0106202406A2465589,1,1.0,0.0,5,1.0
MA0106202406A2464815,1,1.0,0.0,5,0.4896013864818024
MA0106202406A2464964,1,1.0,0.0,5,0.05702436495593572
MA0106202406A2465554,1,1.0,0.0,5,1.0
MA0106202406A2464788,1,1.0,0.0,5,0.1589958158995816
MA0106202406A2465578,1,1.0,0.0,4,0.8260869565217391
MA0106202406A2466298,1,1.0,0.0,5,0.1918158567774936
MA0106202406A2465166,1,1.0,0.0,5,1.0
MA0106202406A2465409,1,1.0,0.0,5,0.7135777998017839
MA0106202406A2465416,1,1.0,0.0,5,0.04784107034259071
MA0106202406A2464784,1,1.0,0.0,5,0.03833483078766098
MA0106202406A2466307,1,1.0,0.0,4,0.06783493499152063
MA0106202406A2466315,1,1.0,0.0,5,0.31179775280898875
MA0106202406A2465637,1,1.0,0.0,5,1.0
MA0106202406A2465082,1,1.0,0.0,4,0.8434163701067615
MA0106202406A2466290,1,1.0,0.0,5,1.0
MA0106202406A2465122,1,1.0,0.0,5,0.030225528946756567
MA0106202406A2465192,1,1.0,0.0,5,0.5411167512690356
MA0106202406A2465158,1,1.0,0.0,5,0.2584745762711864
MA0106202406A2464901,1,1.0,0.0,5,0.7038288288288288
MA0106202406A2465521,1,1.0,0.0,5,0.3882845188284519
MA0106202406A2466557,1,1.0,0.0,5,0.38783269961977185
MA0106202406A2465151,1,1.0,0.0,5,0.28651685393258425
MA0106202406A2464780,1,1.0,0.0,4,0.06359895248784138
MA0106202406A2465182,1,1.0,0.0,5,0.5693069306930693
MA0106202406A2465164,1,0.0,0.0,4,0.1596191542985158
MA0106202406A2464826,1,1.0,0.0,5,0.9652173913043478
MA0106202406A2466085,1,1.0,0.0,5,0.07034220532319392
MA0106202406A2465595,1,1.0,0.0,5,0.14795244385733158
MA0106202406A2465642,1,1.0,0.0,4,0.03425985778926956
MA0106202406A2464827,1,1.0,0.0,5,0.05268261150614092
MA0106202406A2465551,1,1.0,0.0,5,0.7578125
MA0106202406A2465417,1,1.0,0.0,5,0.2707156308851224
MA0106202406A2464816,1,1.0,0.0,5,0.15102974828375287
MA0106202406A2465428,1,1.0,0.0,5,0.5862068965517241
MA0106202406A2465775,1,1.0,0.0,5,0.40763968072976053
MA0106202406A2465535,1,1.0,0.0,5,0.3202247191011236
MA0106202406A2466093,1,1.0,0.0,5,0.07477820025348543
MA0106202406A2465606,1,1.0,0.0,5,1.0
MA0106202406A2465607,1,1.0,0.0,5,1.0
MA0106202406A2465790,1,1.0,0.0,5,0.17502100252030242
MA0106202406A2465800,1,1.0,0.0,5,1.0
MA0106202406A2464804,1,1.0,0.0,5,0.7646276595744681
MA0106202406A2465397,1,1.0,0.0,5,0.24384787472035793
MA0106202406A2465548,1,1.0,0.0,5,0.5896927651139742
MA0106202406A2465783,1,1.0,0.0,5,0.562700964630225
MA0106202406A2465421,1,1.0,0.0,5,0.9154929577464789
MA0106202406A2466555,1,1.0,0.0,5,1.0
MA0106202406A2465155,1,1.0,0.0,5,0.7814569536423841
MA0106202406A2466365,1,1.0,0.0,5,1.0
MA0106202406A2464959,1,1.0,0.0,5,0.19490544191431877
MA0106202406A2465123,1,1.0,0.0,5,1.0
MA0106202406A2465433,1,1.0,0.0,5,1.0
MA0106202406A2465517,1,0.0,0.0,3,1.0
MA0106202406A2465101,1,1.0,0.0,5,0.16732771442736738
MA0106202406A2464766,1,1.0,0.0,5,1.0
MA0106202406A2464785,1,1.0,0.0,5,0.6993569131832797
MA0106202406A2465608,1,1.0,0.0,3,1.0
MA0106202406A2464765,1,1.0,0.0,5,0.40836820083682007
MA0106202406A2465161,1,1.0,0.0,5,0.15242165242165243
MA0106202406A2466313,1,1.0,0.0,5,0.25040387722132473
MA0106202406A2465614,1,1.0,0.0,5,0.8780487804878049
MA0106202406A2466092,1,1.0,0.0,5,0.8441926345609067
MA0106202406A2465170,1,1.0,0.0,5,1.0
MA0106202406A2465787,1,1.0,0.0,5,1.0
MA0106202406A2465520,1,1.0,0.0,5,0.5538461538461539
MA0106202406A2465574,1,1.0,0.0,5,0.06953080836630865
MA0106202406A2465088,1,1.0,0.0,5,0.13958810068649885
MA0106202406A2465527,1,1.0,0.0,5,0.5927601809954751
MA0106202406A2466288,1,1.0,0.0,5,0.27860696517412936
MA0106202406A2465616,1,1.0,0.0,5,1.0
MA0106202406A2466318,1,1.0,0.0,5,0.9818731117824773
MA0106202406A2465187,1,1.0,0.0,5,0.041047188106011635
MA0106202406A2464904,1,1.0,0.0,5,0.8412698412698413
MA0106202406A2465168,1,1.0,0.0,5,0.04121638602663986
MA0106202406A2465084,1,1.0,0.0,3,1.0
MA0106202406A2465062,1,1.0,0.0,5,0.25882352941176473
MA0106202406A2465404,1,1.0,0.0,5,0.039832285115303984
MA0106202406A2466291,1,1.0,0.0,5,1.0
MA0106202406A2464797,1,1.0,0.0,5,0.23543033577769198
MA0106202406A2465125,1,0.0,0.0,5,0.168141592920354
MA0106202406A2465528,1,1.0,0.0,5,0.08873505349276274
MA0106202406A2464789,1,1.0,0.0,5,0.8248587570621468
MA0106202406A2466709,1,1.0,0.0,5,1.0
MA0106202406A2465796,1,1.0,0.0,5,0.376
MA0106202406A2465594,1,1.0,0.0,5,0.11695906432748537
MA0106202406A2465524,1,1.0,0.0,5,0.31386861313868614
MA0106202406A2466380,1,1.0,0.0,5,0.23529411764705882
MA0106202406A2465509,1,1.0,0.0,5,0.375
MA0106202406A2465628,1,1.0,0.0,4,0.782608695652174
MA0106202406A2464890,1,1.0,0.0,5,1.0
MA0106202406A2464884,1,1.0,0.0,5,0.056371387967787775
MA0106202406A2466300,1,1.0,0.0,5,0.30900243309002434
MA0106202406A2466371,1,1.0,0.0,4,0.5482897384305835
MA0106202406A2465200,1,1.0,0.0,4,0.11734693877551021
MA0106202406A2465143,1,1.0,0.0,5,0.05400284225485552
MA0106202406A2464787,1,1.0,0.0,5,0.2980132450331126
MA0106202406A2464770,1,1.0,0.0,5,0.20085470085470086
MA0106202406A2464983,1,1.0,0.0,5,1.0
MA0106202406A2465519,1,1.0,0.0,5,0.9637681159420289
MA0106202406A2465586,1,1.0,0.0,5,1.0
MA0106202406A2465134,1,1.0,0.0,5,0.4068441064638783
MA0106202406A2464768,1,1.0,0.0,5,0.07741935483870968
MA0106202406A2466309,1,1.0,0.0,5,1.0
MA0106202406A2465559,1,1.0,0.0,5,0.5675675675675675
MA0106202406A2465544,1,1.0,0.0,5,1.0
MA0106202406A2465073,1,1.0,0.0,4,0.185459940652819
MA0106202406A2466317,1,1.0,0.0,5,0.353125
MA0106202406A2466372,1,1.0,0.0,5,0.11899313501144165
MA0106202406A2464805,1,1.0,0.0,4,0.07636122177954847
MA0106202406A2465079,1,1.0,0.0,5,0.4613466334164589
MA0106202406A2465426,1,1.0,0.0,5,1.0
MA0106202406A2465768,1,1.0,0.0,5,0.6536312849162011
MA0106202406A2466367,1,1.0,0.0,5,1.0
MA0106202406A2466320,1,1.0,0.0,5,0.5012489592006661
MA0106202406A2465617,1,1.0,0.0,4,0.6702127659574468
MA0106202406A2466090,1,1.0,0.0,5,0.4524714828897338
MA0106202406A2465165,1,1.0,0.0,5,0.15789473684210525
MA0106202406A2465190,1,1.0,0.0,5,0.30097087378640774
MA0106202406A2465601,1,1.0,0.0,5,1.0
MA0106202406A2465427,1,1.0,0.0,5,0.1933139534883721
MA0106202406A2464803,1,1.0,0.0,4,0.2642857142857143
MA0106202406A2465794,1,1.0,0.0,4,0.23454833597464342
MA0106202406A2465086,1,1.0,0.0,5,0.5767012687427913
MA0106202406A2465169,1,1.0,0.0,5,1.0
MA0106202406A2465538,1,0.0,0.0,5,0.07135575942915393
MA0106202406A2464834,1,1.0,0.0,5,1.0
MA0106202406A2464776,1,1.0,0.0,5,1.0
MA0106202406A2465515,1,0.0,0.0,5,0.022793296089385476
MA0106202406A2464791,1,1.0,0.0,5,0.07984790874524715
MA0106202406A2465061,1,1.0,0.0,3,0.6967418546365914
MA0106202406A2465400,1,0.0,0.0,5,0.06376360808709176
MA0106202406A2464792,1,1.0,0.0,4,0.2822384428223844
MA0106202406A2466363,1,1.0,0.0,5,0.7984496124031008
MA0106202406A2465094,1,1.0,0.0,5,0.04662477194405027
MA0106202406A2465072,1,1.0,0.0,5,0.2647754137115839
MA0106202406A2465071,1,1.0,0.0,5,0.9557661927330174
MA0106202406A2465784,1,1.0,0.0,5,0.15160075329566855
MA0106202406A2464892,1,1.0,0.0,5,0.054327995134806406
MA0106202406A2464772,1,1.0,0.0,5,1.0
MA0106202406A2464800,1,1.0,0.0,5,0.3202247191011236
MA0106202406A2464968,1,1.0,0.0,4,0.17804154302670624
MA0106202406A2465113,1,1.0,0.0,5,0.5641025641025641
MA0106202406A2465598,1,1.0,0.0,5,1.0
MA0106202406A2465561,1,1.0,0.0,5,0.550259965337955
MA0106202406A2464980,1,1.0,0.0,5,0.22310183519251528
MA0106202406A2466310,1,1.0,0.0,5,0.5614754098360656
MA0106202406A2466287,1,1.0,0.0,5,0.3309002433090024
MA0106202406A2465644,1,1.0,0.0,5,0.4823151125401929
MA0106202406A2465108,1,0.0,0.0,5,0.6412478336221836
MA0106202406A2465627,1,1.0,0.0,5,0.8778625954198473
MA0106202406A2464802,1,1.0,0.0,5,0.8518518518518519
MA0106202406A2465795,1,1.0,0.0,5,0.5676442762535477
MA0106202406A2466518,1,1.0,0.0,5,0.2762836185819071
MA0106202406A2464771,1,1.0,0.0,5,0.9420289855072463
MA0106202406A2465087,1,1.0,0.0,5,0.19421487603305784
MA0106202406A2465162,1,1.0,0.0,5,0.03963873557451079
MA0106202406A2465186,1,1.0,0.0,5,0.3875739644970414
MA0106202406A2466379,1,1.0,0.0,5,1.0
MA0106202406A2465512,1,0.0,0.0,3,1.0
MA0106202406A2466100,1,1.0,0.0,5,0.8373983739837398
MA0106202406A2466292,1,1.0,0.0,4,0.10958344677375442
MA0106202406A2464910,1,1.0,0.0,5,0.45454545454545453
MA0106202406A2465157,1,1.0,0.0,4,0.03342548378989696
MA0106202406A2465064,1,1.0,0.0,5,0.9322033898305084
MA0106202406A2466108,1,1.0,0.0,4,0.07304116865869854
MA0106202406A2466082,1,1.0,0.0,5,0.1755485893416928
MA0106202406A2464818,1,1.0,0.0,5,0.8252788104089219
MA0106202406A2465099,1,1.0,0.0,5,0.20722433460076045
MA0106202406A2465148,1,1.0,0.0,5,0.07225806451612904
MA0106202406A2465414,1,1.0,0.0,5,0.8201438848920863
MA0106202406A2465107,1,1.0,0.0,5,0.13540372670807455
MA0106202406A2466098,1,1.0,0.0,5,0.23949579831932774
MA0106202406A2465142,1,1.0,0.0,4,0.27380952380952384
MA0106202406A2466102,1,1.0,0.0,5,0.13962765957446807
MA0106202406A2465540,1,1.0,0.0,5,0.5746606334841629
MA0106202406A2465423,1,1.0,0.0,5,0.24498886414253898
MA0106202406A2465793,1,1.0,0.0,5,1.0
MA0106202406A2465552,1,1.0,0.0,5,0.29411764705882354
MA0106202406A2465567,1,1.0,0.0,5,0.9426229508196722
MA0106202406A2465622,1,1.0,0.0,5,0.3284671532846715
MA0106202406A2465584,1,1.0,0.0,5,0.26672905942910624
MA0106202406A2465631,1,1.0,0.0,5,0.754601226993865
MA0106202406A2465523,1,0.0,0.0,5,0.300561797752809
MA0106202406A2465135,1,1.0,0.0,5,1.0
MA0106202406A2464905,1,1.0,0.0,5,0.16132723112128147
MA0106202406A2465432,1,1.0,0.0,5,1.0
MA0106202406A2465102,1,1.0,0.0,5,1.0
MA0106202406A2465065,1,1.0,0.0,5,0.6469248291571754
MA0106202406A2465539,1,1.0,0.0,5,0.04072398190045249
MA0106202406A2464809,1,1.0,0.0,5,0.8898305084745762
MA0106202406A2466103,1,1.0,0.0,5,0.04751131221719457
MA0106202406A2465569,1,1.0,0.0,5,0.1391304347826087
MA0106202406A2465128,1,1.0,0.0,5,0.38783269961977185
MA0106202406A2465801,1,1.0,0.0,5,0.5599603567888999
MA0106202406A2465797,1,1.0,0.0,5,0.2690677966101695
MA0106202406A2466364,1,1.0,0.0,4,0.5038461538461538
MA0106202406A2464806,1,1.0,0.0,5,0.06985525487728131
MA0106202406A2464911,1,1.0,0.0,5,0.5972850678733032
MA0106202406A2466001,1,1.0,0.0,5,0.132013201320132
MA0106202406A2466286,1,1.0,0.0,5,0.1841680129240711
MA0106202406A2465104,1,1.0,0.0,5,1.0
MA0106202406A2466376,1,1.0,0.0,5,0.4783599088838269
MA0106202406A2465604,1,1.0,0.0,5,0.6673407482305359
MA0106202406A2466381,1,1.0,0.0,5,1.0
MA0106202406A2465189,1,1.0,0.0,5,0.5249818971759594
MA0106202406A2465636,1,1.0,0.0,3,0.8260869565217391
MA0106202406A2465172,1,1.0,0.0,5,0.2736318407960199
MA0106202406A2465078,1,0.0,0.0,5,0.04589528118939883
MA0106202406A2465160,1,1.0,0.0,5,0.31767337807606266
MA0106202406A2465612,1,1.0,0.0,5,1.0
MA0106202406A2465060,1,1.0,0.0,5,1.0
MA0106202406A2465111,1,1.0,0.0,5,0.2573701450631727
MA0106202406A2464969,1,1.0,0.0,5,0.4866920152091255
MA0106202406A2465514,1,1.0,0.0,5,0.30952380952380953
MA0106202406A2464908,1,1.0,0.0,5,0.4524714828897338
MA0106202406A2466708,1,1.0,0.0,5,0.36314727639542704
MA0106202406A2465771,1,1.0,0.0,5,1.0
MA0106202406A2464819,1,1.0,0.0,4,0.6795580110497238
MA0106202406A2464786,1,1.0,0.0,5,0.2760879737950398
MA0106202406A2465121,1,1.0,0.0,5,0.27611940298507465
MA0106202406A2465804,1,1.0,0.0,5,1.0
MA0106202406A2465615,1,1.0,0.0,4,0.38352272727272724
MA0106202406A2465511,1,1.0,0.0,5,0.5339366515837104
MA0106202406A2465630,1,1.0,0.0,5,0.33358153387937456
MA0106202406A2464817,1,1.0,0.0,3,1.0
MA0106202406A2465402,1,1.0,0.0,5,1.0
MA0106202406A2465199,1,1.0,0.0,5,0.9912280701754386
MA0106202406A2465092,1,1.0,0.0,5,0.26801517067003794
MA0106202406A2465120,1,1.0,0.0,5,0.38783269961977185
MA0106202406A2465153,1,1.0,0.0,5,0.06717363751584284
MA0106202406A2466284,1,1.0,0.0,5,0.20652898067954698
MA0106202406A2465590,1,1.0,0.0,5,0.053517129535779445
MA0106202406A2466002,1,1.0,0.0,5,0.16993464052287582
MA0106202406A2465176,1,1.0,0.0,4,0.25614754098360654
MA0106202406A2466083,1,1.0,0.0,5,0.03236327145007526
MA0106202406A2465412,1,1.0,0.0,5,0.191027496382055
MA0106202406A2466375,1,1.0,0.0,5,0.040137847151834584
MA0106202406A2465572,1,1.0,0.0,5,1.0
MA0106202406A2464960,1,1.0,0.0,5,1.0
MA0106202406A2464966,1,1.0,0.0,5,0.13157894736842105
MA0106202406A2465139,1,1.0,0.0,5,0.052300831137239004
MA0106202406A2465522,1,1.0,0.0,5,0.4133545310015898
MA0106202406A2465587,1,1.0,0.0,5,0.9836065573770492
MA0106202406A2465075,1,1.0,0.0,5,0.07135575942915393
MA0106202406A2465183,1,1.0,0.0,5,0.9836065573770492
MA0106202406A2465782,1,1.0,0.0,5,1.0
MA0106202406A2466556,1,1.0,0.0,5,0.12592947949148478
MA0106202406A2465191,1,1.0,0.0,5,0.6387434554973822
MA0106202406A2465171,1,1.0,0.0,5,0.04185073238781679
MA0106202406A2465429,1,1.0,0.0,5,0.12307419868956967
MA0106202406A2465542,1,1.0,0.0,5,0.7151515151515152
MA0106202406A2464774,1,1.0,0.0,5,0.1354775828460039
MA0106202406A2465610,1,1.0,0.0,4,0.19031719532554256
MA0106202406A2465789,1,1.0,0.0,5,1.0
MA0106202406A2465156,1,1.0,0.0,5,0.6307692307692307
MA0106202406A2465526,1,1.0,0.0,5,0.5921787709497207
MA0106202406A2465085,1,1.0,0.0,5,0.0677257525083612
MA0106202406A2464979,1,1.0,0.0,3,1.0
MA0106202406A2465403,1,0.0,0.0,4,0.09523809523809523
MA0106202406A2465175,1,1.0,0.0,5,0.040948712750861545
MA0106202406A2465195,1,1.0,0.0,5,0.7575757575757576
MA0106202406A2466304,1,1.0,0.0,5,1.0
MA0106202406A2464951,1,1.0,0.0,5,0.7115135834411385
MA0106202406A2465776,1,1.0,0.0,5,0.20471014492753623
MA0106202406A2465140,1,1.0,0.0,5,1.0
MA0106202406A2466097,1,1.0,0.0,5,1.0
MA0106202406A2464900,1,1.0,0.0,5,0.6981382978723404
MA0106202406A2465530,1,1.0,0.0,5,0.031446540880503145
MA0106202406A2464814,1,0.0,0.0,5,0.6095143706640237
MA0106202406A2465118,1,1.0,0.0,5,0.2097457627118644
MA0106202406A2465532,1,1.0,0.0,5,0.9739776951672863
MA0106202406A2465510,1,1.0,0.0,5,0.05594972633286033
MA0106202406A2465585,1,1.0,0.0,5,0.06856187290969899
MA0106202406A2465788,1,1.0,0.0,5,0.291044776119403
MA0106202406A2464832,1,1.0,0.0,5,1.0
MA0106202406A2465137,1,1.0,0.0,5,0.3029661016949153
MA0106202406A2464885,1,1.0,0.0,5,0.2647754137115839
MA0106202406A2465132,1,1.0,0.0,5,0.42258522727272724
MA0106202406A2465773,1,1.0,0.0,5,0.8529411764705882
MA0106202406A2466314,1,1.0,0.0,5,0.4448669201520912
MA0106202406A2464897,1,1.0,0.0,5,0.8913043478260869
MA0106202406A2465179,1,1.0,0.0,5,0.04751131221719457
MA0106202406A2464913,1,1.0,0.0,5,0.16447368421052633
MA0106202406A2465613,1,1.0,0.0,5,0.2597098736546561
MA0106202406A2464767,1,1.0,0.0,5,0.5589254766031195
MA0106202406A2466081,1,1.0,0.0,5,0.8484848484848485
MA0106202406A2465116,1,1.0,0.0,5,0.11793372319688109
MA0106202406A2466299,1,1.0,0.0,5,0.30238095238095236
MA0106202406A2465408,1,1.0,0.0,5,0.2949438202247191
MA0106202406A2464984,1,1.0,0.0,5,1.0
MA0106202406A2465070,1,1.0,0.0,5,0.27860696517412936
MA0106202406A2466296,1,1.0,0.0,5,1.0
MA0106202406A2465398,1,1.0,0.0,5,0.8636363636363636
MA0106202406A2465639,1,1.0,0.0,5,1.0
MA0106202406A2465638,1,1.0,0.0,5,0.21544580709313887
MA0106202406A2465110,1,0.0,0.0,5,1.0
MA0106202406A2465396,1,1.0,0.0,5,0.30648769574944074
MA0106202406A2465136,1,1.0,0.0,5,0.2761904761904762
MA0106202406A2464880,1,1.0,0.0,5,0.13855421686746988
MA0106202406A2464909,1,1.0,0.0,5,0.3137254901960784
MA0106202406A2465533,1,1.0,0.0,5,1.0
MA0106202406A2465570,1,1.0,0.0,5,1.0
MA0106202406A2464801,1,1.0,0.0,5,0.8692307692307693
MA0106202406A2466104,1,1.0,0.0,5,0.11421993979103948
MA0106202406A2465127,1,1.0,0.0,5,0.45531197301854975
MA0106202406A2465411,1,1.0,0.0,5,1.0
MA0106202406A2466088,1,1.0,0.0,3,1.0
MA0106202406A2465126,1,0.0,0.0,5,0.16361556064073227
MA0106202406A2465401,1,1.0,0.0,5,0.13274336283185842
MA0106202406A2465188,1,1.0,0.0,5,0.09146877748460862
MA0106202406A2465115,1,1.0,0.0,5,1.0
MA0106202406A2466084,1,1.0,0.0,5,0.042570443948915467
MA0106202406A2465577,1,1.0,0.0,5,1.0
MA0106202406A2464807,1,1.0,0.0,5,0.056438127090301
MA0106202406A2466301,1,1.0,0.0,5,1.0
MA0106202406A2464813,1,1.0,0.0,5,0.14422463305679642
MA0106202406A2465536,1,1.0,0.0,5,0.15315890236119975
MA0106202406A2465141,1,1.0,0.0,5,0.055111749394129786
MA0106202406A2465154,1,1.0,0.0,5,0.07224334600760456
MA0106202406A2465196,1,1.0,0.0,5,1.0
MA0106202406A2464841,1,1.0,0.0,5,0.10837887067395265
MA0106202406A2465629,1,1.0,0.0,5,0.25102880658436216
MA0106202406A2466106,1,1.0,0.0,5,0.05268261150614092
MA0106202406A2465096,1,1.0,0.0,5,0.257201646090535
MA0106202406A2465413,1,1.0,0.0,5,1.0
MA0106202406A2464769,1,1.0,0.0,5,0.06168999481596682
MA0106202406A2465119,1,0.0,0.0,4,0.13088512241054615
MA0106202406A2464893,1,1.0,0.0,5,0.5794871794871795
MA0106202406A2465138,1,1.0,0.0,4,0.04272978788810329
MA0106202406A2466311,1,1.0,0.0,5,0.2663064453878811
MA0106202406A2464821,1,1.0,0.0,4,0.09562599610412607
MA0106202406A2465602,1,1.0,0.0,5,0.5249818971759594
MA0106202406A2464967,1,1.0,0.0,5,1.0
MA0106202406A2465583,1,0.0,0.0,5,1.0
MA0106202406A2464963,1,1.0,0.0,5,1.0
MA0106202406A2465077,1,1.0,0.0,5,0.9292035398230089
MA0106202406A2466110,1,1.0,0.0,5,1.0
MA0106202406A2465769,1,1.0,0.0,5,0.13788819875776398
MA0106202406A2465599,1,1.0,0.0,5,0.21614906832298136
MA0106202406A2464887,1,1.0,0.0,5,1.0
MA0106202406A2466285,1,1.0,0.0,5,0.1239596245794227
MA0106202406A2465565,1,1.0,0.0,5,0.9915254237288136
MA0106202406A2465513,1,1.0,0.0,5,0.04107905291758313
MA0106202406A2465193,1,1.0,0.0,4,0.26666666666666666
MA0106202406A2464777,1,1.0,0.0,4,0.6582446808510638
MA0106202406A2466711,1,1.0,0.0,5,1.0
MA0106202406A2465133,1,1.0,0.0,5,1.0
MA0106202406A2464830,1,1.0,0.0,5,0.7488738738738739
MA0106202406A2465576,1,1.0,0.0,5,1.0
MA0106202406A2465181,1,1.0,0.0,5,0.14558232931726908
MA0106202406A2465798,1,1.0,0.0,3,1.0
MA0106202406A2464835,1,1.0,0.0,5,0.3355119825708061
MA0106202406A2464781,1,1.0,0.0,5,0.04794520547945205
MA0106202406A2466302,1,1.0,0.0,5,0.9153846153846154
MA0106202406A2466312,1,1.0,0.0,5,0.5694760820045558
MA0106202406A2466096,1,1.0,0.0,5,0.19216182048040456
MA0106202406A2465180,1,1.0,0.0,5,0.2585874179853338
MA0106202406A2464978,1,1.0,0.0,5,1.0
MA0106202406A2464836,1,1.0,0.0,4,0.2523809523809524
MA0106202406A2465582,1,1.0,0.0,5,0.09021406727828746
MA0106202406A2465419,1,1.0,0.0,5,1.0
MA0106202406A2465415,1,1.0,0.0,5,0.3952802359882006
MA0106202406A2465557,1,1.0,0.0,5,1.0
MA0106202406A2465780,1,1.0,0.0,5,0.1698452680820439
MA0106202406A2465558,1,1.0,0.0,5,0.24721603563474387
MA0106202406A2465131,1,1.0,0.0,5,0.04589041095890411
MA0106202406A2464958,1,1.0,0.0,5,0.3080684596577017
MA0106202406A2465147,1,1.0,0.0,5,0.6596858638743456
MA0106202406A2464878,1,1.0,0.0,5,0.39172749391727496
MA0106202411A1923931,1,1.0,0.0,1,0.0014001680201624195
MA0106202411A0018078,1,1.0,0.0,1,0.01104417670682731
MA0106202411A0148737,1,1.0,0.0,4,0.01870967741935484
MA0106202411A2376577,1,1.0,0.0,4,0.12148642210576464
MA0106202411A2318012,1,1.0,0.0,0,0.0
MA0106202411A1057901,1,1.0,0.0,3,0.0070834071188241535
MA0106202411A1826641,1,1.0,0.0,4,0.07258064516129033
MA0106202411A1030835,1,1.0,0.0,2,0.01694915254237288
MA0106202410A0037584,1,1.0,0.0,0,0.0
MA0106202410A1279201,1,1.0,1.0,5,1.0
MA0106202410A2148437,1,1.0,0.0,4,0.18032786885245902
MA0106202410A0148655,1,0.0,0.0,0,0.0
MA0106202410A2121419,1,1.0,1.0,3,0.04409171075837742
MA0106202410A2149620,1,1.0,1.0,2,0.09333333333333334
MA0106202410A0744234,1,0.0,0.0,5,0.08695652173913043
MA0106202410A1081907,1,1.0,0.0,2,0.022082018927444793
MA0106202201A0027112,1,1.0,0.0,0,0.0
MA0106202201A0126936,1,1.0,1.0,3,0.03908431044109436
MA0106202201A0153411,1,1.0,0.0,4,0.072992700729927
MA0106202201A0153498,1,1.0,0.0,4,0.07568027210884354
MA0106202201A0153289,1,1.0,0.0,4,0.05952380952380952
MA0106202201A0153096,1,1.0,0.0,4,0.01583710407239819
MA0106202201A0153342,1,1.0,0.0,0,0.0
MA0106202201A0153192,1,1.0,0.0,5,0.1504237288135593
MA0106202201A0605704,1,1.0,0.0,5,0.6180555555555556
MA0106202201A0153280,1,1.0,0.0,3,0.11400651465798045
MA0106202201A0153335,1,1.0,0.0,4,0.01297384958443138
MA0106202201A0153302,1,1.0,1.0,5,0.025110439432690073
MA0106202201A0153632,1,1.0,0.0,4,0.05476190476190476
MA0106202201A0153247,1,1.0,0.0,5,0.03729981755524022
MA0106202201A0153202,1,1.0,0.0,4,0.0377906976744186
MA0106202201A0494782,1,1.0,0.0,5,0.42395437262357416
MA0106202201A0494783,1,1.0,0.0,4,0.10646387832699619
MA0106202201A0614593,1,1.0,0.0,2,0.07633587786259542
MA0106202201A0046680,1,1.0,0.0,0,0.0
MA0106202201A0153626,1,1.0,0.0,4,0.3442622950819672
MA0106202201A0153278,1,1.0,0.0,3,0.003878474466709761
MA0106202201A0153458,1,1.0,0.0,5,0.8728813559322034
MA0106202201A0153150,1,1.0,0.0,4,0.12053200332502079
MA0106202201A0153384,1,1.0,1.0,4,0.020271639975674032
MA0106202201A0153575,1,1.0,0.0,2,0.02617801047120419
MA0106202201A0153557,1,1.0,0.0,4,0.1826086956521739
MA0106202201A0153085,1,1.0,0.0,4,0.03749191984486102
MA0106202201A0153590,1,1.0,0.0,0,0.0
MA0106202201A0153122,1,1.0,0.0,5,1.0
MA0106202201A0153383,1,1.0,0.0,5,1.0
MA0106202201A0153148,1,1.0,0.0,5,0.027096774193548386
MA0106202201A0153318,1,1.0,0.0,0,0.0
MA0106202201A0153163,1,1.0,0.0,4,0.04804045512010114
MA0106202201A0153110,1,1.0,0.0,4,0.10398860398860399
MA0106202201A0269486,1,1.0,0.0,0,0.0
MA0106202201A0605684,1,1.0,0.0,5,0.09695817490494296
MA0106202201A0605690,1,1.0,0.0,5,0.09314033983637508
MA0106202201A0611329,1,1.0,0.0,5,0.2462369741412582
MA0106202201A0036773,1,1.0,1.0,5,0.279467680608365
MA0106202201A0047341,1,1.0,0.0,0,0.0
MA0106202201A0153582,1,1.0,0.0,5,1.0
MA0106202201A0153276,1,1.0,0.0,5,0.1143520053032814
MA0106202201A0153113,1,1.0,0.0,5,0.4139715394566624
MA0106202201A0153112,1,1.0,0.0,4,0.3118811881188119
MA0106202201A0153309,1,1.0,0.0,4,0.035229476405946994
MA0106202201A0153286,1,1.0,0.0,0,0.0
MA0106202201A0153290,1,1.0,0.0,5,0.7980769230769231
MA0106202201A0153617,1,1.0,0.0,5,0.3384615384615385
MA0106202201A0153426,1,1.0,0.0,4,0.3697916666666667
MA0106202201A0153585,1,1.0,0.0,0,0.0
MA0106202201A0153183,1,1.0,0.0,0,0.0
MA0106202201A0153087,1,1.0,0.0,4,0.3726169844020797
MA0106202201A0605680,1,1.0,0.0,5,0.6896551724137931
MA0106202201A0605712,1,1.0,0.0,5,0.22885572139303484
MA0106202201A0605676,1,1.0,0.0,0,0.0
MA0106202201A0605730,1,1.0,0.0,5,0.6442953020134228
MA0106202201A0605700,1,1.0,0.0,5,0.502262443438914
MA0106202201A0605723,1,1.0,0.0,4,0.16753926701570682
MA0106202201A0605673,1,1.0,0.0,5,0.08260105448154657
MA0106202201A0605699,1,1.0,0.0,0,0.0
MA0106202201A0036714,1,1.0,1.0,2,0.003022552894675657
MA0106202201A0026231,1,1.0,0.0,3,0.18630849220103984
MA0106202201A0026155,1,1.0,0.0,5,0.06649662962288214
MA0106202201A0153551,1,1.0,0.0,0,0.0
MA0106202201A0153240,1,1.0,0.0,0,0.0
MA0106202201A0153142,1,1.0,0.0,0,0.0
MA0106202201A0153346,1,1.0,0.0,4,0.03771661569826707
MA0106202201A0153161,1,1.0,0.0,5,0.18658892128279883
MA0106202201A0153333,1,1.0,0.0,0,0.0
MA0106202201A0153098,1,1.0,0.0,0,0.0
MA0106202201A0153522,1,1.0,0.0,4,0.00821917808219178
MA0106202201A0153439,1,1.0,0.0,4,0.22372159090909088
MA0106202201A0153481,1,1.0,0.0,0,0.0
MA0106202201A0153215,1,1.0,0.0,5,0.050605060506050605
MA0106202201A0153314,1,1.0,0.0,0,0.0
MA0106202201A0153428,1,1.0,0.0,5,0.387434554973822
MA0106202201A0153130,1,1.0,0.0,0,0.0
MA0106202201A0153629,1,1.0,0.0,5,1.0
MA0106202201A0153541,1,1.0,0.0,5,0.655144694533762
MA0106202201A0153259,1,1.0,0.0,3,0.0
MA0106202201A0153547,1,1.0,0.0,0,0.0
MA0106202201A0153173,1,1.0,0.0,2,0.023141845902531988
MA0106202201A0153188,1,1.0,0.0,5,0.34515366430260047
MA0106202201A0422221,1,1.0,0.0,4,0.05452127659574468
MA0106202201A0422200,1,1.0,0.0,0,0.0
MA0106202201A0422203,1,1.0,1.0,4,0.05898876404494382
MA0106202201A0422204,1,1.0,0.0,0,0.0
MA0106202201A0422210,1,1.0,0.0,0,0.0
MA0106202201A0422208,1,1.0,0.0,0,0.0
MA0106202201A0422209,1,1.0,0.0,0,0.0
MA0106202201A0422226,1,1.0,0.0,0,0.0
MA0106202201A0056383,1,1.0,0.0,4,0.03446075303126994
MA0106202201A0056378,1,1.0,0.0,4,0.05223880597014925
MA0106202201A0056381,1,1.0,0.0,4,0.06904761904761905
MA0106202201A0153191,1,1.0,0.0,5,0.40540540540540543
MA0106202201A0153338,1,1.0,0.0,5,0.1763085399449036
MA0106202201A0153425,1,1.0,0.0,5,0.275092936802974
MA0106202201A0154653,1,1.0,0.0,1,0.0003232062055591467
MA0106202201A0153218,1,1.0,0.0,0,0.0
MA0106202201A0153623,1,1.0,1.0,4,0.34841628959276016
MA0106202201A0153633,1,1.0,0.0,5,1.0
MA0106202201A0153109,1,1.0,0.0,5,0.19771863117870722
MA0106202201A0153220,1,1.0,0.0,5,0.01154039136979428
MA0106202201A0422220,1,1.0,0.0,4,0.042483660130718956
MA0106202201A0422218,1,1.0,0.0,0,0.0
MA0106202201A0422201,1,1.0,0.0,3,0.0
MA0106202201A0422207,1,1.0,0.0,1,0.0012642225031605564
MA0106202201A0422224,1,1.0,0.0,5,0.04153555695405916
MA0106202201A0026037,1,1.0,0.0,4,0.11824324324324324
MA0106202201A0046860,1,1.0,0.0,4,0.01529051987767584
MA0106202201A0046862,1,1.0,0.0,0,0.0
MA0106202201A0153531,1,1.0,0.0,0,0.0
MA0106202201A0153242,1,1.0,0.0,4,0.07542579075425791
MA0106202201A0153103,1,1.0,0.0,4,0.03571428571428571
MA0106202201A0153537,1,1.0,0.0,5,0.03110419906687403
MA0106202201A0153172,1,1.0,0.0,5,0.06627680311890838
MA0106202201A0153463,1,1.0,0.0,4,0.023870967741935485
MA0106202201A0440947,1,1.0,0.0,0,0.0
MA0106202201A0563001,1,1.0,0.0,3,0.23993808049535606
MA0106202201A0153144,1,1.0,0.0,4,0.042458808618504436
MA0106202201A0153182,1,1.0,0.0,4,0.09230769230769231
MA0106202201A0153388,1,1.0,0.0,4,0.014867485455720749
MA0106202201A0153123,1,1.0,0.0,3,0.8902439024390244
MA0106202201A0153165,1,1.0,0.0,4,0.1826086956521739
MA0106202201A0153076,1,1.0,0.0,4,0.1826086956521739
MA0106202201A0521169,1,1.0,0.0,4,0.05785123966942149
MA0106202201A0605707,1,1.0,0.0,5,0.09372979961215255
MA0106202201A0605696,1,1.0,0.0,3,0.014319809069212411
MA0106202201A0605687,1,1.0,0.0,5,0.041804180418041806
MA0106202201A0605692,1,1.0,0.0,5,0.7919034090909091
MA0106202201A0605683,1,1.0,0.0,5,0.5594059405940595
MA0106202201A0026121,1,1.0,0.0,4,0.02036949313121743
MA0106202201A0026070,1,1.0,0.0,5,0.3761467889908257
MA0106202201A0026145,1,1.0,0.0,4,0.026054002842254856
MA0106202201A0026215,1,1.0,0.0,5,0.05556567680816178
MA0106202201A0026163,1,1.0,0.0,3,0.008796179944709727
MA0106202201A0025891,1,1.0,0.0,3,0.0
MA0106202201A0153580,1,1.0,0.0,3,0.007614213197969543
MA0106202201A0153146,1,1.0,0.0,5,0.05138978668390433
MA0106202201A0153559,1,1.0,0.0,4,0.27722772277227725
MA0106202201A0153414,1,1.0,0.0,3,0.03644646924829157
MA0106202201A0153170,1,1.0,0.0,2,0.02608695652173913
MA0106202201A0153147,1,1.0,0.0,4,0.25
MA0106202201A0153605,1,1.0,0.0,4,0.02643171806167401
MA0106202201A0522322,1,1.0,1.0,5,0.10473588342440801
MA0106202201A0604092,1,1.0,0.0,5,0.015625
MA0106202201A0605349,1,1.0,0.0,0,0.0
MA0106202201A0605352,1,1.0,0.0,0,0.0
MA0106202201A0605670,1,1.0,0.0,5,0.23514538558786346
MA0106202201A0605238,1,1.0,0.0,4,0.018518518518518517
MA0106202201A0605239,1,1.0,0.0,3,0.07964601769911504
MA0106202201A0605237,1,1.0,0.0,0,0.0
MA0106202201A0605245,1,1.0,0.0,3,0.05361131794489948
MA0106202201A0056389,1,1.0,0.0,4,0.10658307210031348
MA0106202201A0056379,1,1.0,0.0,4,0.07565011820330969
MA0106202201A0110929,1,1.0,0.0,5,0.21762589928057555
MA0106202201A0110928,1,1.0,0.0,4,0.10071942446043165
MA0106202201A0605354,1,1.0,0.0,0,0.0
MA0106202201A0605353,1,1.0,0.0,5,0.10698125404007756
MA0106202201A0153422,1,1.0,0.0,4,0.2772963604852686
MA0106202201A0153100,1,1.0,0.0,5,0.0705983641842445
MA0106202201A0153432,1,1.0,0.0,4,0.012605042016806723
MA0106202201A0153379,1,1.0,0.0,4,0.18717828731867103
MA0106202201A0153078,1,1.0,0.0,0,0.0
MA0106202201A0153243,1,1.0,0.0,4,0.08445945945945946
MA0106202201A0153128,1,1.0,0.0,3,0.08745247148288973
MA0106202201A0153262,1,1.0,0.0,4,0.023935826109457888
MA0106202201A0153084,1,1.0,0.0,4,0.028517110266159697
MA0106202201A0153507,1,1.0,0.0,5,0.05720749838396897
MA0106202201A0153532,1,1.0,0.0,4,0.1282051282051282
MA0106202201A0153435,1,1.0,0.0,5,0.12807148175725985
MA0106202201A0153456,1,1.0,0.0,0,0.0
MA0106202201A0604099,1,1.0,0.0,0,0.0
MA0106202201A0604098,1,1.0,0.0,0,0.0
MA0106202201A0629188,1,1.0,0.0,5,0.36363636363636365
MA0106202201A0153226,1,1.0,0.0,2,0.047619047619047616
MA0106202201A0153478,1,1.0,0.0,5,0.875
MA0106202201A0153443,1,1.0,0.0,4,0.04472049689440994
MA0106202201A0153526,1,1.0,0.0,0,0.0
MA0106202201A0153614,1,1.0,0.0,4,0.08759124087591241
MA0106202201A0153238,1,1.0,0.0,5,0.20859671302149177
MA0106202201A0153232,1,1.0,0.0,3,0.40310077519379844
MA0106202201A0153316,1,1.0,0.0,5,0.30227948463825566
MA0106202201A0153371,1,1.0,0.0,3,0.013182674199623353
MA0106202201A0153339,1,1.0,0.0,5,1.0
MA0106202201A0153205,1,1.0,0.0,4,0.03828972559029994
MA0106202201A0153233,1,1.0,0.0,5,0.4
MA0106202201A0153312,1,1.0,0.0,0,0.0
MA0106202201A0153625,1,1.0,0.0,3,0.030864197530864196
MA0106202201A0153185,1,1.0,0.0,5,0.4146341463414634
MA0106202201A0153639,1,1.0,0.0,5,0.47643979057591623
MA0106202201A0153515,1,1.0,0.0,5,0.08296107211231653
MA0106202201A0153174,1,1.0,0.0,4,0.05714285714285714
MA0106202201A0153598,1,1.0,0.0,4,0.023411371237458192
MA0106202201A0153301,1,1.0,0.0,5,0.4829545454545454
MA0106202201A0153189,1,1.0,0.0,4,0.015733165512901194
MA0106202201A0153234,1,1.0,0.0,3,0.003232062055591467
MA0106202201A0153599,1,1.0,0.0,5,0.12142857142857143
MA0106202201A0153162,1,1.0,0.0,4,0.13114754098360656
MA0106202201A0153510,1,1.0,0.0,4,0.12408759124087591
MA0106202201A0153177,1,1.0,0.0,4,0.1826086956521739
MA0106202201A0153375,1,1.0,0.0,5,0.1548974943052392
MA0106202201A0605685,1,1.0,0.0,3,0.017304189435336976
MA0106202201A0605732,1,1.0,0.0,3,0.371900826446281
MA0106202201A0605734,1,1.0,0.0,0,0.0
MA0106202201A0026023,1,1.0,0.0,3,0.037340619307832425
MA0106202201A0153512,1,1.0,0.0,3,0.28125
MA0106202201A0153227,1,1.0,0.0,4,0.08743169398907104
MA0106202201A0153171,1,1.0,0.0,2,0.03619909502262444
MA0106202201A0153635,1,1.0,0.0,0,0.0
MA0106202201A0153381,1,1.0,0.0,5,0.08492263404102195
MA0106202201A0153565,1,1.0,0.0,0,0.0
MA0106202201A0153543,1,1.0,0.0,3,0.01938610662358643
MA0106202201A0153540,1,1.0,0.0,0,0.0
MA0106202201A0153324,1,1.0,0.0,5,0.08571428571428572
MA0106202201A0153479,1,1.0,1.0,4,0.011327879169288861
MA0106202201A0153261,1,1.0,0.0,4,0.0606826801517067
MA0106202201A0153326,1,1.0,0.0,4,0.44194107452339687
MA0106202201A0153387,1,1.0,0.0,5,0.4192546583850931
MA0106202201A0153288,1,1.0,0.0,2,0.0031685678073510772
MA0106202201A0153181,1,1.0,0.0,5,0.9180327868852459
MA0106202201A0153166,1,1.0,0.0,5,0.06573957016434892
MA0106202201A0154457,1,1.0,0.0,5,0.31351001939237233
MA0106202201A0153264,1,1.0,0.0,4,0.009589041095890411
MA0106202201A0605688,1,1.0,0.0,5,0.8846153846153846
MA0106202201A0605671,1,1.0,0.0,5,0.13418079096045196
MA0106202201A0605675,1,1.0,0.0,5,1.0
MA0106202201A0625930,1,1.0,0.0,3,0.007453416149068323
MA0106202201A0153267,1,1.0,0.0,5,0.8541666666666666
MA0106202201A0153552,1,1.0,0.0,4,0.16964285714285715
MA0106202201A0153493,1,1.0,0.0,5,0.6330275229357798
MA0106202201A0153520,1,1.0,0.0,3,0.0387192851824274
MA0106202201A0153330,1,1.0,0.0,5,0.12640449438202248
MA0106202201A0153155,1,1.0,0.0,5,0.1553398058252427
MA0106202201A0153224,1,1.0,0.0,4,0.020278833967046894
MA0106202201A0153567,1,1.0,0.0,4,0.01712992889463478
MA0106202201A0153160,1,1.0,0.0,5,0.09046849757673667
MA0106202201A0153175,1,1.0,0.0,4,0.2361111111111111
MA0106202201A0153089,1,1.0,0.0,3,0.21487603305785125
MA0106202201A0153393,1,1.0,0.0,5,0.08983451536643026
MA0106202201A0299892,1,1.0,0.0,2,0.013605442176870748
MA0106202201A0563235,1,1.0,0.0,5,0.12298136645962733
MA0106202201A0563236,1,1.0,0.0,0,0.0
MA0106202201A0605711,1,1.0,0.0,0,0.0
MA0106202201A0605703,1,1.0,1.0,5,0.8762376237623762
MA0106202201A0605702,1,1.0,0.0,5,0.7469586374695864
MA0106202201A0085275,1,1.0,0.0,5,0.21561338289962825
MA0106202201A0154652,1,1.0,0.0,1,0.005128205128205128
MA0106202201A0605733,1,1.0,0.0,5,0.5295508274231678
MA0106202201A0010030,1,1.0,0.0,3,0.2702702702702703
MA0106202201A0153527,1,1.0,0.0,4,0.05914322250639386
MA0106202201A0153295,1,1.0,0.0,4,0.07188160676532769
MA0106202201A0153119,1,1.0,0.0,2,0.04929577464788732
MA0106202206A1069982,1,1.0,0.0,3,0.01694915254237288
MA0106202203A1064679,1,1.0,0.0,4,0.0345830639948287
MA0106202204A1098714,1,1.0,0.0,0,0.0
MA0106202208A0009956,1,1.0,0.0,3,0.19662921348314605
MA0106202205A0153678,1,1.0,0.0,4,0.032679738562091505
MA0106202204A2001802,1,1.0,0.0,1,0.00040543279951348065
MA0106202208A0602732,1,1.0,1.0,0,0.0
MA0106202203A0792421,1,1.0,0.0,4,0.12881545785494258
MA0106202208A1069895,1,1.0,0.0,5,0.3709677419354839
MA0106202208A0603260,1,1.0,0.0,0,0.0
MA0106202206A0153132,1,1.0,0.0,3,0.010193679918450561
MA0106202207A0036971,1,1.0,1.0,4,0.13711151736745886
MA0106202207A0036970,1,1.0,0.0,5,0.10891089108910891
MA0106202207A0036966,1,1.0,0.0,4,0.08208955223880597
MA0106202207A0036972,1,1.0,0.0,5,0.05184033177812338
MA0106202207A0036967,1,1.0,0.0,4,0.03749191984486102
MA0106202207A0036968,1,1.0,0.0,4,0.015833123900477506
MA0106202207A0036969,1,1.0,0.0,5,0.08695652173913043
MA0106202203A0635108,1,1.0,0.0,5,0.45714285714285713
MA0106202203A0659910,1,1.0,0.0,3,0.0038022813688212928
MA0106202204A1068336,1,1.0,0.0,4,0.08050847457627118
MA0106202204A1068314,1,1.0,0.0,4,0.04047619047619048
MA0106202204A1068318,1,1.0,0.0,0,0.0
MA0106202204A1068267,1,1.0,0.0,5,0.06844106463878327
MA0106202205A1179454,1,1.0,0.0,1,0.0002994908655286014
MA0106202208A0036997,1,1.0,0.0,5,0.051269163106308115
MA0106202208A0036990,1,1.0,0.0,3,0.12073863636363635
MA0106202205A1179555,1,1.0,0.0,5,0.13157894736842105
MA0106202205A1179572,1,1.0,0.0,5,0.7318840579710145
MA0106202208A0036991,1,1.0,0.0,4,0.03329023917259211
MA0106202208A0036995,1,1.0,1.0,3,0.03413654618473896
MA0106202208A0036989,1,1.0,0.0,5,0.020460358056265986
MA0106202205A1072911,1,1.0,0.0,4,0.2761904761904762
MA0106202208A1177152,1,1.0,1.0,5,0.2777777777777778
MA0106202202A1647276,1,1.0,0.0,2,0.021956789039170914
MA0106202202A1647277,1,1.0,0.0,0,0.0
MA0106202205A1976372,1,1.0,0.0,2,0.041237113402061855
MA0106202203A1169564,1,1.0,1.0,2,0.0019392372333548805
MA0106202206A0966721,1,1.0,0.0,3,0.0027397260273972603
MA0106202208A1177159,1,1.0,0.0,3,0.10434782608695652
MA0106202207A0604094,1,1.0,0.0,4,0.40117687781239186
MA0106202410A2247067,1,0.0,0.0,3,0.011705685618729096
MA0106202410A1109785,1,1.0,0.0,5,1.0
MA0106202201A0637118,1,1.0,0.0,0,0.0
MA0106202201A0636267,1,1.0,0.0,5,0.2080979284369115
MA0106202201A0636250,1,1.0,0.0,0,0.0
MA0106202201A0636272,1,1.0,0.0,5,1.0
MA0106202201A0636246,1,1.0,0.0,0,0.0
MA0106202201A0637170,1,1.0,0.0,4,0.11389521640091116
MA0106202201A0661093,1,1.0,0.0,4,0.012674271229404309
MA0106202201A0793149,1,1.0,0.0,0,0.0
MA0106202201A0793150,1,1.0,0.0,0,0.0
MA0106202201A0636265,1,1.0,0.0,5,0.2992602555480834
MA0106202201A0636244,1,1.0,0.0,0,0.0
MA0106202201A0636286,1,1.0,0.0,0,0.0
MA0106202201A0636257,1,1.0,0.0,3,0.15346534653465346
MA0106202201A0636240,1,1.0,0.0,4,0.09044368600682594
MA0106202201A0655138,1,1.0,0.0,0,0.0
MA0106202201A0793148,1,1.0,0.0,0,0.0
MA0106202201A0636282,1,1.0,0.0,4,0.043478260869565216
MA0106202201A0636253,1,1.0,0.0,5,0.09324009324009325
MA0106202201A0636248,1,1.0,0.0,5,0.2815405046480744
MA0106202201A0636245,1,1.0,0.0,3,0.08597285067873303
MA0106202201A0636238,1,1.0,0.0,0,0.0
MA0106202201A0636256,1,1.0,0.0,0,0.0
MA0106202201A0636264,1,1.0,0.0,4,0.1774193548387097
MA0106202201A0720674,1,1.0,0.0,2,0.03984287317620651
MA0106202201A0636258,1,1.0,0.0,0,0.0
MA0106202201A0636261,1,1.0,0.0,0,0.0
MA0106202201A0821219,1,1.0,0.0,5,0.16403046280023434
MA0106202201A0636266,1,1.0,0.0,0,0.0
MA0106202201A0636269,1,1.0,0.0,0,0.0
MA0106202201A0636254,1,1.0,0.0,3,0.12669683257918551
MA0106202201A0636259,1,1.0,0.0,0,0.0
MA0106202201A0636243,1,1.0,0.0,5,0.1349862258953168
MA0106202201A0649861,1,1.0,0.0,0,0.0
MA0106202201A0650088,1,1.0,0.0,4,0.016095890410958904
MA0106202201A0666933,1,1.0,0.0,0,0.0
MA0106202201A0655318,1,1.0,0.0,3,0.0
MA0106202201A0831468,1,1.0,0.0,4,0.14258555133079848
MA0106202201A0663769,1,1.0,0.0,0,0.0
MA0106202201A0744191,1,1.0,0.0,0,0.0
MA0106202201A0846500,1,1.0,0.0,0,0.0
MA0106202209A0602911,1,1.0,0.0,5,0.04306020066889632
MA0106202209A0602917,1,1.0,0.0,4,0.706766917293233
MA0106202209A1668138,1,1.0,0.0,0,0.0
MA0106202209A1177728,1,1.0,0.0,4,0.015112764473378284
MA0106202209A1177699,1,1.0,0.0,4,0.14136125654450263
MA0106202209A1177666,1,1.0,1.0,5,0.7714285714285715
MA0106202209A0036876,1,1.0,1.0,4,0.06666666666666667
MA0106202209A0036981,1,1.0,0.0,3,0.030965391621129327
MA0106202209A0036971,1,1.0,0.0,5,0.05101784367931641
MA0106202209A1043770,1,1.0,0.0,4,0.24848484848484848
MA0106202209A1043772,1,1.0,0.0,4,0.1865671641791045
MA0106202209A1070129,1,1.0,0.0,4,0.008984725965858042
MA0106202410A0428092,1,1.0,1.0,5,1.0
MA0106202210A0601934,1,1.0,0.0,5,0.05921364282330649
MA0106202210A0601912,1,1.0,0.0,5,0.9098360655737705
MA0106202210A0822531,1,1.0,0.0,5,0.22193877551020408
MA0106202210A1669537,1,1.0,0.0,4,0.010135819987837016
MA0106202210A1177866,1,1.0,1.0,5,0.2369146005509642
MA0106202210A1177897,1,1.0,1.0,5,0.3275862068965517
MA0106202410A2440549,1,1.0,0.0,4,0.07234042553191489
MA0106202409A2150697,1,1.0,0.0,5,1.0
MA0106202409A0998670,1,1.0,0.0,3,0.07236842105263158
MA0106202211A1042645,1,1.0,0.0,3,0.2391304347826087
MA0106202211A0600052,1,1.0,0.0,4,0.023685457129322594
MA0106202211A1177581,1,1.0,1.0,5,0.10314224034540657
MA0106202409A1342201,1,1.0,0.0,0,0.0
MA0106202212A0599591,1,1.0,0.0,3,0.046228710462287104
MA0106202212A0036884,1,1.0,0.0,5,0.6387434554973822
MA0106202212A0996611,1,1.0,1.0,5,0.13664596273291926
MA0106202212A0996612,1,1.0,0.0,0,0.0
MA0106202212A1404856,1,1.0,0.0,1,0.004555808656036446
MA0106202301A0597172,1,0.0,0.0,5,1.0
MA0106202301A0627279,1,0.0,0.0,4,0.060109289617486336
MA0106202301A1038265,1,1.0,0.0,3,0.07894736842105263
MA0106202301A0781850,1,1.0,1.0,3,0.020503807850029292
MA0106202301A0576389,1,1.0,0.0,2,0.016790597265531303
MA0106202301A0597189,1,1.0,0.0,5,0.06081491992702209
MA0106202301A0720428,1,1.0,0.0,0,0.0
MA0106202301A1173448,1,1.0,0.0,4,0.03775743707093822
MA0106202301A0597135,1,1.0,0.0,0,0.0
MA0106202301A0597129,1,1.0,0.0,5,1.0
MA0106202301A1173375,1,1.0,0.0,3,0.2608695652173913
MA0106202301A0151628,1,0.0,0.0,5,0.02903225806451613
MA0106202301A0151506,1,0.0,0.0,1,0.010025062656641603
MA0106202301A0036777,1,1.0,0.0,4,0.72
MA0106202301A0151469,1,0.0,0.0,2,0.10025062656641603
MA0106202302A0596191,1,1.0,0.0,4,0.5303030303030303
MA0106202302A0036716,1,1.0,1.0,4,0.2076923076923077
MA0106202302A2200062,1,1.0,0.0,0,0.0
MA0106202302A2083763,1,1.0,0.0,0,0.0
MA0106202409A2017608,1,1.0,0.0,5,0.2087081684059014
MA0106202409A0032146,1,0.0,0.0,5,0.4385245901639344
MA0106202303A1057219,1,1.0,0.0,4,0.03602484472049689
MA0106202303A0036509,1,1.0,1.0,4,0.039886039886039885
MA0106202303A0036494,1,1.0,0.0,4,0.01686217008797654
MA0106202303A0056225,1,1.0,1.0,4,0.14124293785310735
MA0106202303A0085805,1,1.0,0.0,5,0.05956270419703443
MA0106202303A0621398,1,1.0,0.0,5,0.27631578947368424
MA0106202303A0401972,1,1.0,0.0,0,0.0
MA0106202409A2460757,1,0.0,0.0,5,0.14087225009648782
MA0106202408A0639994,1,1.0,1.0,5,0.06896551724137931
MA0106202305A0151680,1,1.0,0.0,5,1.0
MA0106202304A0036891,1,1.0,0.0,0,0.0
MA0106202304A0036895,1,1.0,0.0,4,0.050724637681159424
MA0106202304A0037368,1,1.0,0.0,0,0.0
MA0106202304A0596893,1,0.0,0.0,5,0.30484330484330485
MA0106202304A0596932,1,1.0,0.0,5,0.5805892547660312
MA0106202304A1602523,1,1.0,0.0,4,0.036016949152542374
MA0106202304A1576731,1,0.0,0.0,5,0.638095238095238
MA0106202304A0086541,1,0.0,0.0,4,0.04233409610983982
MA0106202305A1179622,1,1.0,0.0,4,0.04854368932038835
MA0106202305A1179632,1,1.0,1.0,3,0.5084745762711864
MA0106202305A1042081,1,1.0,0.0,4,0.0296875
MA0106202304A1178157,1,0.0,0.0,4,0.377643504531722
MA0106202304A1178217,1,1.0,0.0,3,1.0
MA0106202304A1178167,1,0.0,1.0,5,0.48091603053435117
MA0106202305A0215680,1,1.0,0.0,5,1.0
MA0106202305A0036960,1,1.0,0.0,2,0.03664921465968586
MA0106202305A0036963,1,1.0,0.0,4,0.018832829574517554
MA0106202305A0596951,1,1.0,0.0,4,0.01777634130575307
MA0106202408A0809852,1,1.0,1.0,5,1.0
MA0106202306A1606553,1,1.0,0.0,4,0.04449152542372881
MA0106202306A1141418,1,1.0,0.0,4,0.8695652173913043
MA0106202306A0036928,1,0.0,0.0,3,0.00697084917617237
MA0106202306A0151435,1,1.0,0.0,3,0.002151859821703043
MA0106202306A0151413,1,0.0,0.0,4,0.047080979284369114
MA0106202306A0996006,1,1.0,1.0,5,1.0
MA0106202408A1519798,1,1.0,1.0,5,0.8478260869565217
MA0106202307A1180768,1,1.0,0.0,4,0.06716417910447761
MA0106202307A1180657,1,1.0,0.0,5,0.6078431372549019
MA0106202307A0704072,1,1.0,1.0,5,1.0
MA0106202307A2051374,1,1.0,0.0,5,1.0
MA0106202307A0046913,1,1.0,0.0,2,0.004077471967380225
MA0106202307A0704060,1,0.0,0.0,5,1.0
MA0106202307A0704055,2,1.0,0.0,3,0.10507246376811594
MA0106202307A0704057,1,0.0,0.0,5,1.0
MA0106202307A0704065,2,0.0,0.0,5,1.0
MA0106202307A0704076,2,1.0,0.0,5,1.0
MA0106202307A1330860,2,1.0,0.0,5,0.1187484292535813
MA0106202308A0703135,1,1.0,0.0,2,0.027759271596713302
MA0106202308A1069646,1,1.0,0.0,4,0.011612903225806452
MA0106202308A0624809,1,0.0,0.0,4,0.08592321755027423
MA0106202308A0624808,1,1.0,0.0,4,0.1005586592178771
MA0106202309A1926090,1,1.0,1.0,3,0.006256983240223463
MA0106202309A1183473,1,0.0,0.0,4,0.05228758169934641
MA0106202309A0009891,1,1.0,0.0,2,0.008934269304403318
MA0106202309A0386097,1,1.0,0.0,5,0.0718954248366013
MA0106202309A0963969,1,0.0,0.0,5,0.1908831908831909
MA0106202309A0036997,1,1.0,0.0,4,0.05029585798816568
MA0106202310A2030851,1,1.0,0.0,4,0.03869832893579595
MA0106202408A0705913,1,1.0,0.0,4,0.5051935788479698
MA0106202311A1069329,1,1.0,0.0,5,0.1813664596273292
MA0106202311A1069327,1,1.0,0.0,2,0.0045223289994347085
MA0103202406C0037827,1,1.0,0.0,1,0.03669724770642202
MA0106202312A1068695,1,1.0,0.0,4,0.03468780971258672
MA0106202402A1176444,1,0.0,0.0,3,0.008053055423969682
MA0106202404A0546161,1,1.0,0.0,3,0.017162471395881007
MA0106202405A2222739,1,0.0,0.0,4,0.029077117572692796
MA0106202407A0146709,1,1.0,0.0,4,0.1076923076923077
MA0106202312A0509176,1,1.0,0.0,0,0.0
MA0106202401A0590165,1,1.0,0.0,0,0.0
MA0106202407A1605440,1,0.0,0.0,4,0.22336769759450173
MA0106202403A1177384,1,1.0,0.0,5,0.23761936486786586
MA0106202403A0648558,1,0.0,0.0,3,1.0
MA0106202403A0813921,2,1.0,0.0,5,0.15246392594609312
MA0106202407A0108722,1,1.0,0.0,4,0.058394160583941604
MA0106202407A0108724,1,1.0,0.0,0,0.0
MA0106202404A0709147,2,1.0,0.0,0,0.0
MA0106202312A1180595,1,1.0,1.0,4,0.234375
MA0106202406A1063942,1,1.0,0.0,0,0.0
MA0106202312A0591654,1,0.0,0.0,4,0.10256410256410256
MA0106202401A1327815,2,1.0,0.0,5,1.0
MA0106202403A0134319,1,1.0,0.0,2,0.04761904761904762
MA0106202403A0710461,1,1.0,0.0,1,0.0012363996043521267
MA0106202401A1177875,1,1.0,1.0,4,0.16614420062695925
MA0106202404A1615794,1,1.0,0.0,3,0.010075566750629723
MA0106202408A1102875,1,1.0,0.0,5,0.2180232558139535
MA0106202312A0992704,1,1.0,0.0,5,0.2353923205342237
MA0106202401A0056832,1,1.0,0.0,3,0.0
MA0106202401A1605434,1,1.0,0.0,3,0.01059322033898305
MA0106202405A0150373,1,1.0,0.0,4,0.13846153846153847
MA0106202408A0424338,1,1.0,1.0,2,0.012148063455766757
MA0106202403A0037760,1,1.0,0.0,2,0.10743801652892562
MA0106202403A0116887,1,0.0,0.0,0,0.0
MA0106202406A1177018,1,1.0,0.0,3,0.006600660066006601
MA0106202404A0056682,1,0.0,0.0,4,0.022935779816513763
MA0106202404A0150277,1,1.0,0.0,3,0.0038022813688212928
MA0106202407A1400105,1,1.0,0.0,5,0.514792899408284
MA0106202312A0036877,1,1.0,0.0,3,0.06850335070737155
MA0106202401A0037774,2,1.0,0.0,4,0.21637426900584794
MA0106202404A2170401,2,1.0,0.0,2,0.0066815144766146995
MA0106202404A2170403,1,1.0,0.0,2,0.02973240832507433
MA0106202407A1090893,1,1.0,0.0,3,1.0
MA0106202407A1604144,1,1.0,0.0,3,0.14130434782608695
MA0106202407A0843415,1,1.0,0.0,0,0.0
MA0106202407A1519364,1,1.0,0.0,4,0.3036649214659686
MA0106202407A0586389,1,0.0,0.0,2,0.006887052341597796
MA0106202409A2109560,1,1.0,0.0,3,0.013333333333333334
MA0106202409A1173127,1,1.0,0.0,4,0.3333333333333333
MA0106202409A1173111,1,1.0,0.0,3,1.0
MA0106202409A0149162,1,1.0,0.0,5,0.6458333333333334
MA0106202409A0037614,1,1.0,0.0,0,0.0
MA0106202409A0037623,1,1.0,1.0,4,0.12290502793296089
MA0106202407A0458629,1,1.0,0.0,4,0.02100840336134454
MA0106202407A2406061,1,0.0,0.0,5,1.0
MA0106202408A0426242,1,1.0,0.0,1,0.00477326968973747
MA0106202408A1176369,1,1.0,0.0,4,0.007257646448937273
MA0106202408A0037708,1,1.0,1.0,4,0.0041928721174004195
MA0106202408A0426240,1,1.0,0.0,1,0.01279707495429616
MA0106202408A0691361,1,1.0,0.0,3,0.022617124394184167
MA0106202408A0503911,1,1.0,0.0,0,0.0
MA0106202408A2122373,1,1.0,0.0,0,0.0
MA0106202408A1388373,1,1.0,1.0,3,0.015315890236119975
MA0106202407A1083297,1,1.0,0.0,5,1.0
MA0106202407A2424907,1,1.0,1.0,5,1.0
MA0105202301E0377433,1,1.0,1.0,0,0.0
MA0105202301E0330768,1,1.0,0.0,0,0.0
MA0101202411A0185648,1,1.0,0.0,1,0.0006997900629811056
MA0101202411A0177730,1,1.0,0.0,5,1.0
MA0101202411A0177421,1,1.0,0.0,5,1.0
MA0101202411A0187196,1,1.0,0.0,3,0.05747126436781609
MA0101202411A0183745,1,0.0,0.0,3,0.003898635477582846
MA0101202411A0183157,1,1.0,0.0,0,0.0
MA0105202411E0000549,1,0.0,1.0,3,1.0
MA0101202411A0177203,1,1.0,0.0,1,0.0026019080659150044
MA0101202411A0181410,1,1.0,0.0,0,0.0
MA0106202407A2032995,1,1.0,0.0,5,1.0
MA0106202404A1980216,1,1.0,0.0,4,0.11061327359283113
MA0106202406A0093197,1,0.0,0.0,5,1.0
MA0106202405A2378868,1,0.0,0.0,0,0.0
MA0106202407A1436789,1,1.0,0.0,4,0.3116883116883117
MA0106202406A0222799,1,1.0,0.0,4,0.057034220532319393
MA0106202405A0309857,1,0.0,0.0,5,1.0
MA0106202407A1976877,1,1.0,0.0,3,0.1532258064516129
MA0106202405A1400143,1,1.0,0.0,2,0.3225806451612903
MA0106202404A1952480,1,1.0,0.0,5,0.35040983606557374
MA0106202405A0602581,1,1.0,1.0,5,0.10723350253807107
MA0106202404A1248289,1,1.0,0.0,4,0.03805496828752643
MA0106202405A1135331,1,1.0,0.0,4,0.32478632478632474
MA0106202404A0056751,1,1.0,0.0,4,0.08544303797468354
MA0106202405A1994590,1,0.0,0.0,5,0.14794889038332212
MA0106202405A1303694,1,0.0,0.0,3,0.0
MA0106202405A1521216,1,0.0,1.0,4,0.29829545454545453
MA0106202407A0579481,1,1.0,0.0,0,0.0
MA0106202405A1600265,1,1.0,1.0,5,0.18085106382978725
MA0106202404A0820002,1,0.0,0.0,0,0.0
MA0106202404A2083028,1,1.0,0.0,2,0.014344262295081968
MA0101202411A0182508,1,0.0,1.0,3,0.04484304932735426
MA0101202411A0181061,1,1.0,0.0,0,0.0
MA0101202411A0180637,1,0.0,0.0,5,0.48521916411824667
MA0101202411A0182017,1,1.0,1.0,5,1.0
MA0101202411A0189248,1,1.0,0.0,5,0.2374429223744292
MA0106202312A0751123,1,0.0,1.0,3,0.10493827160493827
MA0106202311A0591883,1,0.0,1.0,2,0.03389830508474576
MA0106202311A1086282,1,1.0,0.0,5,1.0
MA0106202311A0150810,1,1.0,0.0,3,0.001497454327643007
MA0106202311A0407029,1,1.0,0.0,5,1.0
MA0106202311A2354101,1,1.0,1.0,3,1.0
MA0106202311A0883586,1,1.0,0.0,4,0.08830022075055188
MA0106202311A0151901,1,1.0,0.0,0,0.0
MA0106202311A1709874,1,1.0,0.0,3,0.011406844106463879
MA0106202311A1350133,1,1.0,0.0,0,0.0
MA0106202311A2446086,1,1.0,1.0,2,0.0028380295965943643
MA0106202312A0610604,1,1.0,1.0,4,0.035541195476575124
MA0106202311A1998618,1,0.0,0.0,4,0.014221073044602456
MA0106202309A1165104,1,1.0,1.0,5,0.10087424344317418
MA0106202308A1391810,1,0.0,0.0,1,0.023809523809523808
MA0106202306A2041584,1,1.0,1.0,5,1.0
MA0106202309A0595081,1,1.0,1.0,5,0.0757238307349666
MA0106202308A2111430,1,1.0,0.0,5,1.0
MA0106202307A0595586,1,1.0,0.0,1,0.002800336040324839
MA0106202310A2436324,1,1.0,0.0,3,0.10309278350515465
MA0106202309A1271125,1,1.0,0.0,0,0.0
MA0106202308A2284465,1,1.0,0.0,0,0.0
MA0106202307A0060294,1,1.0,0.0,2,0.011402508551881414
MA0106202307A1706245,1,1.0,0.0,0,0.0
MA0106202307A2037896,1,1.0,1.0,2,0.000893854748603352
MA0106202309A2143532,1,1.0,0.0,3,0.00929881879869314
MA0106202309A1820722,1,1.0,0.0,4,0.09090909090909091
MA0106202307A2373712,1,1.0,0.0,4,0.015103838892385148
MA0106202309A2291611,1,1.0,0.0,0,0.0
MA0106202308A0047308,1,1.0,0.0,3,0.01182033096926714
MA0106202310A0422339,1,1.0,0.0,5,0.18277310924369747
MA0106202309A0366882,1,1.0,0.0,4,0.5454545454545454
MA0106202308A0425938,1,1.0,0.0,2,0.010256410256410256
MA0106202307A1966157,1,1.0,0.0,4,0.05970149253731343
MA0106202306A0148508,1,1.0,0.0,3,0.026615969581749048
MA0106202309A0044403,1,1.0,0.0,3,0.0
MA0106202307A2345707,1,1.0,1.0,1,0.009345794392523364
MA0106202308A0972320,1,1.0,0.0,4,0.05043712172158709
MA0106202308A1375812,1,1.0,0.0,0,0.0
MA0106202307A0742552,1,1.0,0.0,4,0.23076923076923078
MA0106202306A0536714,1,1.0,0.0,0,0.0
MA0106202308A2208907,1,1.0,0.0,4,0.21008403361344538
MA0106202308A1077477,1,0.0,0.0,0,0.0
MA0106202309A2197413,1,1.0,0.0,4,0.034666666666666665
MA0106202307A2435194,1,1.0,0.0,2,0.008264462809917356
MA0106202306A0582702,1,0.0,0.0,5,1.0
MA0106202306A0801837,1,0.0,0.0,4,0.3188405797101449
MA0106202201A2359431,1,1.0,0.0,1,0.014598540145985401
MA0106202201A1322757,1,1.0,0.0,3,0.013182674199623353
MA0106202201A0041400,1,1.0,1.0,5,0.5058236272878536
MA0106202201A1676880,1,1.0,0.0,0,0.0
MA0106202201A0083448,1,1.0,0.0,1,0.03968253968253968
MA0106202201A1333050,1,1.0,0.0,0,0.0
MA0106202201A2165510,1,1.0,0.0,5,1.0
MA0106202201A1608036,1,1.0,0.0,5,1.0
MA0106202301A1079190,1,1.0,0.0,3,0.0
MA0106202301A0097667,1,1.0,0.0,0,0.0
MA0106202301A0718429,1,1.0,1.0,3,0.2722772277227723
MA0106202301A0020537,1,1.0,0.0,3,0.17777777777777778
MA0106202301A0027087,1,1.0,0.0,0,0.0
MA0106202301A0572308,1,0.0,1.0,5,0.6680584551148225
MA0106202204A0806233,1,1.0,0.0,3,0.2898550724637681
MA0106202204A1954209,1,1.0,0.0,4,0.051440329218107
MA0106202206A1265960,1,1.0,0.0,0,0.0
MA0106202204A1983088,1,1.0,0.0,0,0.0
MA0106202201A0663788,1,1.0,0.0,0,0.0
MA0106202204A1952587,1,1.0,0.0,2,0.03067484662576687
MA0106202201A1599099,1,1.0,0.0,3,0.01390644753476612
MA0106202202A1688828,1,1.0,0.0,5,0.09114927344782034
MA0106202205A0436157,1,1.0,1.0,0,0.0
MA0106202203A1542987,1,1.0,0.0,0,0.0
MA0106202201A1040480,1,1.0,0.0,3,0.11363636363636363
MA0106202202A2233704,1,1.0,0.0,2,0.011534025374855825
MA0106202212A0599302,1,1.0,0.0,3,0.010087424344317418
MA0106202206A1617682,1,1.0,0.0,4,0.00645557946510913
MA0106202209A1945188,1,1.0,0.0,4,0.27695800227014755
MA0106202207A1653396,1,1.0,0.0,2,0.036231884057971016
MA0106202212A1294675,1,1.0,0.0,4,0.29462738301559793
MA0106202212A1935445,1,1.0,0.0,5,0.4296875
MA0106202210A0606948,1,1.0,0.0,5,0.09242618741976893
MA0106202209A0087494,1,1.0,0.0,3,0.010273972602739725
MA0106202209A0620370,1,1.0,0.0,0,0.0
MA0106202207A2015195,1,1.0,0.0,3,0.05188679245283019
MA0106202212A1134363,1,1.0,0.0,2,0.06837606837606837
MA0106202209A0490504,1,1.0,0.0,3,0.019943019943019943
MA0106202211A1669540,1,,,5,1.0
MA0106202209A0189228,1,1.0,0.0,0,0.0
MA0106202211A2088818,1,1.0,0.0,0,0.0
MA0106202211A1023932,1,1.0,0.0,5,0.3771043771043771
MA0106202210A1955584,1,1.0,0.0,3,0.05357456525557703
MA0106202209A2199979,1,1.0,0.0,5,1.0
MA0106202208A0087465,1,1.0,0.0,3,0.0
MA0106202212A2369306,1,1.0,1.0,3,1.0
MA0106202207A2355848,1,1.0,1.0,5,0.10687022900763359
MA0106202206A1706544,1,1.0,0.0,3,0.330188679245283
MA0106202212A0604652,1,1.0,1.0,5,0.20851063829787234
MA0106202301A2008139,1,1.0,0.0,3,0.0
MA0106202301A1071476,1,1.0,0.0,0,0.0
MA0106202212A1117135,1,1.0,0.0,0,0.0
MA0106202301A1337298,1,1.0,1.0,4,0.24503311258278146
MA0106202301A0087378,1,1.0,0.0,4,0.006944444444444444
MA0106202212A2426621,1,1.0,0.0,5,0.4080338266384778
MA0106202301A0148007,1,0.0,0.0,1,0.045112781954887216
MA0106202301A0470408,1,1.0,0.0,0,0.0
MA0106202301A0030386,1,1.0,0.0,5,0.08367556468172485
MA0106202301A2403335,1,1.0,0.0,5,0.17490494296577946
MA0106202301A0009953,1,1.0,0.0,3,0.0170316301703163
MA0106202301A0514074,1,0.0,0.0,2,0.008
MA0106202301A1121231,1,1.0,0.0,0,0.0
MA0106202305A1610093,1,1.0,1.0,3,0.042158516020236084
MA0106202304A1017124,1,0.0,1.0,3,1.0
MA0106202302A0595825,1,1.0,0.0,3,1.0
MA0106202303A0130690,1,1.0,0.0,5,0.21899736147757257
MA0106202303A1044347,1,1.0,0.0,3,0.17386489479512734
MA0106202303A2113857,1,1.0,0.0,3,1.0
MA0106202303A1149282,1,1.0,0.0,0,0.0
MA0106202306A1052366,1,1.0,0.0,3,0.1038961038961039
MA0106202303A2117369,1,1.0,1.0,2,0.0015274949083503055
MA0106202301A2229333,1,1.0,0.0,3,0.026022304832713755
MA0106202304A1855554,1,1.0,0.0,5,0.09914529914529914
MA0106202304A0516246,1,1.0,0.0,3,0.004665629860031105
MA0106202303A2230746,1,1.0,0.0,3,0.021739130434782608
MA0106202302A0224321,1,1.0,0.0,0,0.0
MA0106202304A1002762,1,0.0,0.0,0,0.0
MA0106202305A2268455,1,1.0,0.0,3,0.25
MA0106202303A1387063,1,1.0,0.0,0,0.0
MA0106202304A1293169,1,1.0,1.0,4,0.10462287104622871
MA0106202303A0658045,1,1.0,0.0,0,0.0
MA0106202306A0399526,1,1.0,0.0,3,0.0
MA0106202304A0522355,1,1.0,0.0,2,0.004705882352941176
MA0106202201A0722612,1,1.0,0.0,3,0.0
MA0106202201A2354016,1,1.0,0.0,5,1.0
MA0106202201A1585913,1,1.0,1.0,3,0.00628355992231235
MA0106202201A0925922,1,1.0,0.0,4,0.41819772528433946
MA0106202201A1407627,1,1.0,0.0,0,0.0
MA0106202201A1646428,1,1.0,0.0,4,0.022606382978723406
MA0106202201A1299846,1,1.0,0.0,5,1.0
MA0106202201A0963655,1,1.0,0.0,4,0.2647058823529412
MA0106202201A1303313,1,1.0,0.0,0,0.0
MA0106202201A2057841,1,1.0,1.0,4,0.028846153846153848
MA0106202201A0584399,1,1.0,0.0,4,0.025185895898296954
MA0106202201A1345042,1,1.0,0.0,3,0.0
MA0106202201A1382983,1,1.0,0.0,0,0.0
MA0106202201A2031912,1,1.0,0.0,4,0.06211180124223602
MA0106202201A2063135,1,1.0,0.0,5,1.0
MA0106202201A0743551,1,1.0,0.0,5,1.0
MA0106202201A1375147,1,1.0,1.0,4,0.031425364758698095
MA0106202201A0150735,1,,,5,0.8358974358974359
MA0106202201A0761257,1,1.0,0.0,4,0.010342598577892695
MA0106202201A1087855,1,1.0,0.0,3,1.0
MA0106202201A1987536,1,1.0,0.0,5,0.23877068557919623
MA0106202201A2015165,1,1.0,0.0,0,0.0
MA0106202201A1071261,1,1.0,0.0,4,0.01784367931641116
MA0106202201A0730108,1,1.0,0.0,1,0.011363636363636364
MA0106202201A0598288,1,,,0,0.0
MA0106202201A2226520,1,,,4,0.025278058645096056
MA0106202201A1960447,1,1.0,0.0,0,0.0
MA0106202201A1411889,1,1.0,0.0,0,0.0
MA0106202201A0150524,1,1.0,0.0,3,0.02536997885835095
MA0106202201A1109806,1,1.0,0.0,0,0.0
MA0106202201A2354502,1,1.0,0.0,5,0.08686440677966102
