articleNo,articleName,tradeTypeName,floorInfo,rentPrc,dealOrWarrantPrc,area1,area2,direction,articleConfirmYmd,tagList,latitude,longitude
2524664379,일반상가,월세,1/5,245,"4,000",80,59,북서향,20250509,"['4년이내', '역세권', '1층', '주차가능']",37.512071,127.112162
2524641814,일반상가,월세,1/4,190,"3,000",23,23,남동향,20250509,"['25년이상', '1층', '관리비10만원이하', '주차가능']",37.510192,127.118003
2524666839,일반상가,월세,1/4,"1,050","1억 8,000",169,132,남동향,20250509,"['25년이상', '역세권', '1층', '주차가능']",37.512203,127.11305
2524605729,일반상가,월세,1/5,800,"1억 5,000",102,85,남동향,20250509,"['25년이상', '1층', '주차가능', '총5층']",37.514416,127.109066
2524644171,일반상가,월세,1/7,140,"2,000",54,54,남동향,20250509,"['25년이내', '역세권', '1층', '관리비20만원이하']",37.509534,127.125389
2524643150,일반상가,월세,1/6,225,"3,500",89,89,남동향,20250509,"['25년이내', '1층', '주차가능', '남동향']",37.512116,127.121853
2524606462,일반상가,월세,1/3,220,"2,000",40,23,남향,20250509,"['25년이상', '1층', '총3층', '남향']",37.513803,127.109782
2524642749,일반상가,월세,1/6,320,"5,000",125,125,남서향,20250509,"['25년이상', '역세권', '1층', '주차가능']",37.513413,127.118703
2524643146,일반상가,월세,1/17,400,"4,000",78,49,남서향,20250509,"['2년이내', '역세권', '1층', '주차가능']",37.515136,127.114118
2524609868,일반상가,월세,B1/17,300,"5,000",189,157,동향,20250509,"['2년이내', '역세권', '지하층', '주차가능']",37.515689,127.109698
2524659946,일반상가,월세,1/7,140,"2,000",54,46,남향,20250509,"['25년이내', '역세권', '1층', '관리비20만원이하']",37.509534,127.125389
2524641094,일반상가,월세,1/5,190,"3,500",92,92,북서향,20250509,"['25년이상', '1층', '주차가능', '총5층']",37.511074,127.121646
2524309146,일반상가,월세,1/3,220,"2,000",26,26,동향,20250508,"['25년이상', '1층', '관리비10만원이하', '총3층']",37.513803,127.109782
2524612976,일반상가,매매,B1/7,,"2억 8,000",56,47,남향,20250508,"['2년이내', '역세권', '지하층', '관리비10만원이하']",37.510925,127.115289
2524307996,일반상가,월세,B1/5,80,"1,000",164,105,남동향,20250508,"['25년이상', '지하층', '관리비10만원이하', '주차가능']",37.512005,127.116478
2524309645,복합상가,월세,4/16,450,"5,000",103,63,남동향,20250508,"['2년이내', '역세권', '지상층(1층제외)', '관리비20만원이하']",37.515301,127.110348
2524375758,복합상가,월세,B2/15,550,1억,938,648,북서향,20250508,"['25년이내', '역세권', '지하층', '주차가능']",37.516537,127.110808
2524312583,일반상가,매매,1/16,,"8억 5,000",63,35,북서향,20250508,"['10년이내', '역세권', '1층', '관리비10만원이하']",37.516298,127.113054
2524382174,일반상가,월세,1/4,190,"3,000",26,23,남동향,20250508,"['25년이상', '1층', '관리비10만원이하', '주차가능']",37.510192,127.118003
2524320822,일반상가,월세,2/6,"1,740",2억,596,297,북향,20250508,"['10년이내', '역세권', '지상층(1층제외)', '주차가능']",37.514354,127.108606
2524386525,일반상가,월세,1/6,440,"3,000",297,82,동향,20250508,"['25년이상', '역세권', '1층', '주차가능']",37.515209,127.107826
2524308822,일반상가,월세,2/3,950,"1억 7,000",165,165,동향,20250508,"['25년이상', '중층', '주차가능', '총3층']",37.514079,127.108791
2524307896,일반상가,월세,1/5,900,"1억 6,000",157,89,동향,20250508,"['25년이상', '1층', '주차가능', '총5층']",37.514416,127.109066
2524384107,일반상가,월세,2/3,950,"1억 7,000",486,181,남향,20250508,"['25년이상', '중층', '주차가능', '총3층']",37.514079,127.108791
2524422296,단지내상가,월세,2/17,170,"2,100",64,39,남향,20250508,"['10년이내', '역세권', '지상층(1층제외)', '관리비20만원이하']",37.515884,127.111647
2524392588,일반상가,월세,1/5,360,"5,000",161,72,남향,20250508,"['25년이상', '역세권', '1층', '관리비10만원이하']",37.510323,127.121257
2524400113,일반상가,월세,1/5,200,"5,000",120,96,북서향,20250508,"['25년이내', '역세권', '1층', '관리비20만원이하']",37.510415,127.124134
2524438549,일반상가,월세,1/6,200,"3,000",25,19,북동향,20250508,"['10년이내', '1층', '관리비10만원이하', '주차가능']",37.510324,127.11701
2524424351,일반상가,월세,1/6,247,"3,500",344,89,,20250508,"['25년이내', '1층', '주차가능', '엘리베이터']",37.512116,127.121853
2524446281,단지내상가,월세,1/16,250,"4,000",37,21,남향,20250508,"['10년이내', '역세권', '1층', '관리비20만원이하']",37.516471,127.113163
2524342093,일반상가,월세,1/19,800,1억,181,139,동향,20250508,"['10년이내', '역세권', '1층', '주차가능']",37.515544,127.114999
2524399363,일반상가,월세,1/5,150,"1,500",33,33,동향,20250508,"['25년이상', '역세권', '1층', '관리비10만원이하']",37.511092,127.11381
2524389228,일반상가,월세,전체층/2,"1,000","2억 5,000",251,251,남동향,20250508,"['15년이내', '역세권', '주차가능', '총2층']",37.511712,127.112745
2524394031,일반상가,월세,1/4,118,"1,400",75,39,북동향,20250508,"['25년이상', '역세권', '1층', '주차가능']",37.50993,127.124612
2524389591,일반상가,월세,1/4,850,"1억 5,000",66,56,동향,20250508,"['25년이상', '역세권', '1층', '총4층']",37.514235,127.107989
2524422749,일반상가,월세,B1/5,800,"9,000",247,189,남동향,20250508,"['2년이내', '역세권', '지하층', '주차가능']",37.512348,127.112567
2524410516,일반상가,월세,1/5,230,"2,000",43,35,남동향,20250508,"['25년이상', '역세권', '1층', '주차가능']",37.512368,127.111766
2524401964,일반상가,월세,1/3,150,"1,500",29,29,동향,20250508,"['25년이상', '역세권', '1층', '총3층']",37.514635,127.112273
2524430322,단지내상가,매매,2/3,,27억,76,39,남서향,20250508,"['25년이상', '역세권', '중층', '관리비10만원이하']",37.515836,127.13223
2524446202,일반상가,월세,2/3,950,"1억 7,000",239,165,북서향,20250508,"['25년이상', '중층', '주차가능', '총3층']",37.514079,127.108791
2524334557,일반상가,월세,1/5,440,"5,000",119,105,북동향,20250508,"['10년이내', '역세권', '1층', '주차가능']",37.511966,127.125759
2524471908,일반상가,월세,B1/4,420,"5,000",71,71,북서향,20250508,"['25년이상', '역세권', '지하층', '주차가능']",37.514868,127.109847
2524309929,일반상가,월세,1/4,193,"3,000",21,21,동향,20250508,"['25년이상', '1층', '관리비10만원이하', '주차가능']",37.510226,127.117253
2524324275,일반상가,월세,1/5,450,"7,000",185,171,남동향,20250508,"['25년이내', '융자금없는', '역세권', '1층']",37.51178,127.126111
2524304367,일반상가,월세,5/6,300,"7,000",165,158,서향,20250508,"['15년이내', '역세권', '고층', '주차가능']",37.509204,127.125201
2524371546,일반상가,월세,1/4,110,"1,000",34,29,남향,20250508,"['25년이상', '1층', '관리비10만원이하', '주차가능']",37.513115,127.119043
2524379549,복합상가,월세,1/5,100,"2,000",86,45,북동향,20250508,"['15년이내', '1층', '관리비20만원이하', '주차가능']",37.510654,127.118763
2524421777,일반상가,월세,2/5,800,"9,000",163,163,남동향,20250508,"['2년이내', '역세권', '중층', '주차가능']",37.512348,127.112567
2524500385,일반상가,월세,1/4,160,"2,000",42,27,북동향,20250508,"['25년이상', '융자금적은', '역세권', '1층']",37.512223,127.112818
2524500851,일반상가,월세,1/4,190,"3,000",30,23,,20250508,"['25년이상', '1층', '관리비10만원이하', '주차가능']",37.510192,127.118003
2524449845,일반상가,월세,1/8,"2,300",2억,274,198,남향,20250508,"['25년이상', '1층', '주차가능', '남향']",37.512986,127.108053
2524445219,일반상가,월세,2/16,200,"3,000",92,56,북서향,20250508,"['10년이내', '역세권', '지상층(1층제외)', '주차가능']",37.516089,127.110437
2524448763,일반상가,월세,2/16,270,"5,000",92,61,북서향,20250508,"['10년이내', '역세권', '지상층(1층제외)', '주차가능']",37.516089,127.110437
2524426806,일반상가,월세,B1/7,"1,000",1억,462,205,북서향,20250508,"['2년이내', '역세권', '지하층', '주차가능']",37.511249,127.113144
2524463078,일반상가,월세,1/7,225,"2,500",54,54,북서향,20250508,"['25년이내', '융자금적은', '역세권', '1층']",37.51421,127.114983
2524407731,일반상가,월세,1/5,600,1억,165,115,남서향,20250508,"['25년이상', '역세권', '1층', '주차가능']",37.509962,127.125356
2524448269,일반상가,월세,1/5,480,"8,000",326,26,남향,20250508,"['25년이상', '1층', '관리비20만원이하', '주차가능']",37.514524,127.108836
2524451528,일반상가,월세,1/23,"3,100","5억 3,000",875,264,남향,20250508,"['25년이내', '역세권', '1층', '주차가능']",37.514653,127.107441
2524456150,일반상가,월세,1/8,240,"5,000",42,42,북서향,20250508,"['25년이내', '융자금적은', '역세권', '1층']",37.516987,127.11216
2524517000,일반상가,월세,1/5,800,"1억 5,000",99,89,남동향,20250508,"['25년이상', '1층', '주차가능', '총5층']",37.514416,127.109066
2524424075,일반상가,월세,2/5,600,1억,221,214,동향,20250508,"['25년이상', '역세권', '중층', '주차가능']",37.513248,127.10964
2524390105,일반상가,월세,1/17,340,"5,000",60,34,북향,20250508,"['10년이내', '역세권', '1층', '주차가능']",37.515714,127.111152
2524410274,일반상가,월세,1/4,260,"4,000",138,82,남향,20250508,"['25년이상', '1층', '관리비20만원이하', '주차가능']",37.512281,127.119299
2524513820,일반상가,월세,1/3,274,"5,000",67,49,남서향,20250508,"['25년이상', '역세권', '1층', '관리비20만원이하']",37.512413,127.112364
2524519349,일반상가,월세,1/3,130,"2,000",46,46,남동향,20250508,"['25년이상', '1층', '관리비10만원이하', '주차가능']",37.509041,127.117759
2524512078,일반상가,월세,1/4,235,"3,000",148,121,서향,20250508,"['25년이상', '융자금적은', '역세권', '1층']",37.511202,127.123551
2524546272,단지내상가,월세,1/3,640,2억,180,93,남서향,20250508,"['25년이상', '역세권', '1층', '주차가능']",37.515836,127.13223
2524511392,일반상가,월세,3/3,400,"4,500",214,181,남서향,20250508,"['25년이상', '고층', '총3층', '남서향']",37.513509,127.110011
2524393949,일반상가,월세,1/3,165,"2,500",33,31,남서향,20250508,"['25년이상', '융자금없는', '역세권', '1층']",37.512581,127.111898
2524402458,일반상가,월세,1/9,"1,866","3억 3,000",330,231,남동향,20250508,"['25년이내', '역세권', '1층', '주차가능']",37.514599,127.107859
2524528506,일반상가,월세,1/4,125,"1,400",39,39,북향,20250508,"['25년이상', '역세권', '1층', '주차가능']",37.50993,127.124612
2524524539,일반상가,월세,1/4,150,"2,000",76,59,서향,20250508,"['25년이상', '융자금적은', '1층', '관리비10만원이하']",37.511648,127.11938
2524503439,일반상가,월세,1/4,130,"1,200",33,33,북향,20250508,"['25년이상', '융자금적은', '역세권', '1층']",37.509311,127.115852
2524527012,일반상가,월세,1/23,"2,900","4억 9,000",611,241,남서향,20250508,"['25년이내', '역세권', '1층', '주차가능']",37.514653,127.107441
2524491760,일반상가,월세,1/7,800,1억,213,166,남서향,20250508,"['25년이상', '역세권', '1층', '주차가능']",37.509681,127.124139
2524475407,일반상가,월세,1/6,250,"3,000",76,66,남동향,20250508,"['25년이상', '역세권', '1층', '주차가능']",37.511664,127.124528
2524519059,일반상가,월세,2/4,120,"3,000",99,73,북서향,20250508,"['25년이상', '중층', '관리비10만원이하', '주차가능']",37.511074,127.121646
2524452199,복합상가,월세,1/20,170,"3,000",32,20,남향,20250508,"['10년이내', '역세권', '1층', '관리비20만원이하']",37.516037,127.112408
2524579292,일반상가,월세,1/5,450,"5,000",149,121,남동향,20250508,"['25년이상', '역세권', '1층', '주차가능']",37.512291,127.109066
2524587357,일반상가,월세,2/5,720,"1억 1,000",228,185,북서향,20250508,"['25년이상', '중층', '총5층', '북서향']",37.514524,127.108836
2524562197,일반상가,월세,1/4,850,"1억 5,000",59,56,북서향,20250508,"['25년이상', '융자금없는', '역세권', '1층']",37.514235,127.107989
2524562511,단지내상가,월세,B1/15,42,500,48,22,남동향,20250508,"['25년이상', '역세권', '지하층', '관리비10만원이하']",37.515242,127.114688
2524557935,일반상가,월세,2/3,220,"2,000",99,99,남동향,20250508,"['25년이상', '역세권', '중층', '관리비20만원이하']",37.512104,127.112416
2524554551,일반상가,월세,1/5,600,1억,165,165,남향,20250508,"['25년이상', '역세권', '1층', '주차가능']",37.509962,127.125356
2524450364,일반상가,월세,1/5,300,"3,000",73,72,남향,20250508,"['25년이내', '역세권', '1층', '관리비20만원이하']",37.515143,127.112049
2524424717,일반상가,월세,1/7,"2,200","3억 1,000",261,122,북서향,20250508,"['2년이내', '역세권', '1층', '주차가능']",37.511249,127.113144
2524578807,복합상가,월세,2/17,550,"5,000",158,130,북향,20250508,"['2년이내', '융자금없는', '역세권', '지상층(1층제외)']",37.516499,127.112848
2524583401,일반상가,월세,7/7,80,500,58,43,서향,20250508,"['25년이내', '역세권', '고층', '주차가능']",37.514998,127.108744
2524550237,일반상가,월세,1/2,180,"3,000",33,26,남서향,20250508,"['25년이상', '역세권', '1층', '총2층']",37.511205,127.115445
2524488488,일반상가,월세,1/3,400,"4,000",143,132,남동향,20250508,"['25년이상', '융자금없는', '역세권', '1층']",37.514448,127.117477
2524506989,일반상가,월세,1/16,270,"4,000",63,35,북서향,20250508,"['10년이내', '융자금적은', '역세권', '1층']",37.516471,127.113163
2524507788,일반상가,월세,1/4,90,"2,000",49,33,북서향,20250508,"['25년이상', '융자금적은', '1층', '관리비10만원이하']",37.507409,127.12083
2524520475,일반상가,월세,1/4,190,"3,500",92,92,북서향,20250508,"['25년이상', '1층', '관리비10만원이하', '주차가능']",37.511074,127.121646
2524527340,일반상가,월세,1/4,240,"3,000",55,43,남동향,20250508,"['25년이상', '융자금적은', '역세권', '1층']",37.512502,127.11152
2524559998,일반상가,월세,1/5,190,"2,000",39,33,남서향,20250508,"['25년이상', '1층', '관리비10만원이하', '주차가능']",37.510101,127.11842
2524581895,일반상가,월세,1/8,"1,200","1억 5,000",80,69,서향,20250508,"['25년이내', '역세권', '1층', '주차가능']",37.513766,127.107715
2524564055,일반상가,월세,B1/5,200,"1,000",180,165,북향,20250508,"['25년이상', '융자금없는', '지하층', '주차가능']",37.513672,127.108856
2524600943,일반상가,월세,3/3,400,"4,500",198,198,동향,20250508,"['25년이상', '고층', '총3층', '동향']",37.513509,127.110011
2524601288,일반상가,월세,1/5,300,"3,000",73,73,남동향,20250508,"['25년이내', '융자금없는', '역세권', '1층']",37.515143,127.112049
2524587405,일반상가,월세,1/11,150,"3,000",44,27,남동향,20250508,"['25년이내', '역세권', '1층', '주차가능']",37.51075,127.126669
2524586785,일반상가,월세,2/4,200,"2,000",105,80,북향,20250508,"['25년이상', '중층', '주차가능', '총4층']",37.513719,127.110149
2524569551,일반상가,월세,B1/4,200,"3,000",109,102,동향,20250508,"['25년이상', '역세권', '지하층', '주차가능']",37.515099,127.110933
2524549751,일반상가,월세,1/3,85,"1,500",52,39,북동향,20250508,"['25년이상', '1층', '관리비10만원이하', '총3층']",37.51281,127.119073
2524547185,단지내상가,월세,1/3,200,"5,000",53,27,남서향,20250508,"['25년이상', '역세권', '1층', '관리비20만원이하']",37.515836,127.13223
2524539510,일반상가,월세,2/4,250,"3,000",131,125,북동향,20250508,"['25년이상', '역세권', '중층', '주차가능']",37.512405,127.109164
2524528118,일반상가,월세,1/5,252,"4,000",79,79,남동향,20250508,"['25년이내', '역세권', '1층', '주차가능']",37.510725,127.125458
2524564556,복합상가,월세,2/17,320,"5,000",99,84,북향,20250508,"['2년이내', '융자금없는', '역세권', '지상층(1층제외)']",37.516499,127.112848
2524581445,복합상가,월세,2/16,240,"3,000",75,47,북향,20250508,"['10년이내', '역세권', '지상층(1층제외)', '주차가능']",37.516089,127.110437
2524565450,복합상가,월세,4/16,"1,300","1억 7,000",385,297,남향,20250508,"['2년이내', '역세권', '지상층(1층제외)', '주차가능']",37.515301,127.110348
2524537246,일반상가,월세,2/4,240,"2,000",174,150,북향,20250508,"['25년이상', '중층', '주차가능', '총4층']",37.509549,127.125703
2524561626,복합상가,월세,1/7,410,"5,000",58,53,남동향,20250508,"['25년이내', '융자금없는', '역세권', '1층']",37.514998,127.108744
2524554752,일반상가,월세,1/7,140,"2,000",66,54,남향,20250508,"['25년이내', '역세권', '1층', '관리비20만원이하']",37.509534,127.125389
2524516146,일반상가,월세,1/3,230,"3,500",105,84,남서향,20250508,"['25년이상', '융자금적은', '1층', '관리비10만원이하']",37.507014,127.120512
2524557306,일반상가,월세,1/5,100,"2,000",33,33,북서향,20250508,"['15년이내', '1층', '관리비20만원이하', '주차가능']",37.510654,127.118763
2524499947,일반상가,월세,1/5,100,"1,500",33,33,서향,20250508,"['25년이상', '1층', '주차가능', '총5층']",37.510416,127.118615
2524555819,복합상가,월세,2/16,"1,000","1억 5,000",223,145,남동향,20250508,"['10년이내', '역세권', '지상층(1층제외)', '주차가능']",37.515774,127.111711
2524581553,일반상가,월세,1/5,480,1억,115,66,동향,20250508,"['25년이상', '역세권', '1층', '관리비20만원이하']",37.511869,127.113771
2524524461,일반상가,월세,1/7,140,"2,000",54,49,남향,20250508,"['25년이내', '테라스', '역세권', '1층']",37.509534,127.125389
2524542272,일반상가,매매,4/15,,24억,575,292,남향,20250508,"['25년이상', '역세권', '지상층(1층제외)', '주차가능']",37.515829,127.11518
2524617160,일반상가,월세,B1/5,300,"5,000",222,188,남향,20250508,"['25년이상', '지하층', '관리비20만원이하', '주차가능']",37.51353,127.108984
2524547312,일반상가,월세,4/7,100,"1,000",43,33,북서향,20250508,"['25년이상', '역세권', '중층', '관리비10만원이하']",37.514239,127.108322
2524529469,일반상가,월세,1/7,140,"2,000",54,45,남서향,20250508,"['25년이내', '테라스', '역세권', '1층']",37.509534,127.125389
2524573436,일반상가,월세,1/17,300,"5,000",50,34,남서향,20250508,"['10년이내', '역세권', '1층', '주차가능']",37.515598,127.11121
2524527710,일반상가,월세,1/5,300,"5,000",109,109,남동향,20250508,"['15년이내', '테라스', '1층', '주차가능']",37.512733,127.122236
2524305584,일반상가,월세,1/7,900,"1억 5,000",252,167,북향,20250508,"['25년이내', '역세권', '1층', '주차가능']",37.513119,127.114306
2524487690,일반상가,월세,1/5,300,"5,000",85,72,북향,20250508,"['25년이상', '역세권', '1층', '관리비10만원이하']",37.510323,127.121257
2524549155,일반상가,월세,5/7,400,"3,000",130,120,북서향,20250508,"['25년이상', '역세권', '고층', '주차가능']",37.514239,127.108322
2524544532,단지내상가,매매,1/3,,19억,35,18,남서향,20250508,"['25년이상', '역세권', '1층', '주차가능']",37.515836,127.13223
2524526976,일반상가,월세,1/3,230,"3,500",84,72,남서향,20250508,"['25년이상', '1층', '관리비20만원이하', '주차가능']",37.507014,127.120512
2524537242,일반상가,월세,2/6,500,1억,300,248,북서향,20250508,"['25년이내', '융자금적은', '지상층(1층제외)', '주차가능']",37.506919,127.119581
2524144245,복합상가,월세,2/16,"1,000",1억,206,145,남동향,20250507,"['10년이내', '테라스', '역세권', '지상층(1층제외)']",37.515774,127.111711
2523968524,일반상가,월세,B1/3,500,"6,000",209,198,북서향,20250507,"['25년이상', '지하층', '총3층', '북서향']",37.513974,127.109754
2523996895,일반상가,월세,B1/5,200,"3,000",239,191,남동향,20250507,"['25년이내', '역세권', '지하층', '주차가능']",37.51178,127.126111
2523968258,일반상가,월세,2/4,220,"2,000",105,90,북향,20250507,"['25년이상', '중층', '주차가능', '총4층']",37.513719,127.110149
2523967001,일반상가,월세,2/3,950,"1억 7,000",188,165,북서향,20250507,"['25년이상', '중층', '주차가능', '총3층']",37.514079,127.108791
2524139038,일반상가,월세,1/5,450,"5,000",130,128,남동향,20250507,"['25년이상', '융자금없는', '역세권', '1층']",37.512291,127.109066
2524091876,일반상가,월세,1/5,500,1억,193,172,동향,20250507,"['25년이내', '역세권', '1층', '주차가능']",37.51178,127.126111
2524129057,일반상가,월세,B1/8,700,1억,361,268,서향,20250507,"['25년이상', '지하층', '주차가능', '서향']",37.512986,127.108053
2524062121,일반상가,월세,1/5,240,"3,000",93,93,북동향,20250507,"['25년이상', '역세권', '1층', '주차가능']",37.509595,127.125246
2524090851,일반상가,월세,1/16,620,"6,000",90,59,북동향,20250507,"['10년이내', '역세권', '1층', '주차가능']",37.516471,127.113163
2524154927,일반상가,월세,1/7,850,1억,291,213,북서향,20250507,"['25년이상', '역세권', '1층', '주차가능']",37.511013,127.124712
2524148064,일반상가,월세,1/7,260,"3,000",108,85,북동향,20250507,"['25년이내', '역세권', '1층', '관리비10만원이하']",37.509807,127.122624
2524027933,일반상가,월세,1/4,190,"3,000",25,24,남동향,20250507,"['25년이상', '융자금적은', '1층', '관리비10만원이하']",37.510192,127.118003
2524165007,일반상가,월세,1/7,800,1억,213,178,남서향,20250507,"['25년이상', '역세권', '1층', '주차가능']",37.509681,127.124139
2524194479,일반상가,월세,1/5,370,"5,000",198,198,남동향,20250507,"['25년이상', '역세권', '1층', '주차가능']",37.510821,127.113641
2524206474,일반상가,월세,1/8,250,"5,000",71,42,북향,20250507,"['25년이내', '역세권', '1층', '주차가능']",37.516987,127.11216
2524226870,일반상가,월세,1/5,550,"5,000",103,99,동향,20250507,"['25년이상', '1층', '관리비20만원이하', '주차가능']",37.513817,127.109282
2524209728,일반상가,월세,1/4,"1,050","1억 8,000",132,115,동향,20250507,"['25년이상', '역세권', '1층', '주차가능']",37.512203,127.11305
2524230699,일반상가,월세,1/16,270,"4,000",35,35,서향,20250507,"['10년이내', '역세권', '1층', '주차가능']",37.516471,127.113163
2524193018,일반상가,월세,1/5,350,"5,000",92,92,남동향,20250507,"['10년이내', '1층', '관리비20만원이하', '주차가능']",37.512919,127.119694
2524115886,일반상가,월세,1/3,300,"3,000",97,97,남동향,20250507,"['25년이상', '1층', '관리비10만원이하', '주차가능']",37.506591,127.122263
2524113458,일반상가,월세,3/7,280,"3,000",109,88,북서향,20250507,"['2년이내', '역세권', '중층', '주차가능']",37.509477,127.124982
2523806885,일반상가,월세,B1/5,200,"3,000",262,262,북동향,20250507,"['25년이상', '융자금없는', '지하층', '관리비20만원이하']",37.507267,127.122071
2523811923,일반상가,월세,2/4,500,"6,000",318,300,남서향,20250507,"['25년이상', '중층', '천장에어컨', '총4층']",37.506333,127.121047
2523892059,일반상가,월세,1/5,400,"5,000",99,99,북향,20250507,"['10년이내', '역세권', '1층', '주차가능']",37.511966,127.125759
2524129766,일반상가,월세,1/5,600,1억,158,158,남동향,20250507,"['25년이상', '역세권', '1층', '주차가능']",37.509962,127.125356
2524117156,복합상가,월세,2/16,"1,000","1억 5,000",206,145,남동향,20250507,"['10년이내', '역세권', '지상층(1층제외)', '주차가능']",37.515715,127.111537
2524064343,일반상가,월세,1/5,250,"4,000",115,115,남동향,20250507,"['25년이상', '1층', '관리비20만원이하', '주차가능']",37.512694,127.123935
2524096443,일반상가,월세,1/16,360,"4,000",66,44,북동향,20250507,"['10년이내', '역세권', '1층', '주차가능']",37.516471,127.113163
2524137650,일반상가,월세,1/5,328,"4,000",124,124,남서향,20250507,"['25년이상', '역세권', '1층', '주차가능']",37.51127,127.124078
2524129545,일반상가,월세,1/6,250,"3,000",76,67,남동향,20250507,"['25년이상', '융자금없는', '역세권', '1층']",37.511664,127.124528
2524102078,일반상가,월세,1/23,"2,900","4억 9,000",417,241,서향,20250507,"['25년이내', '융자금없는', '역세권', '1층']",37.514653,127.107441
2524024620,일반상가,월세,5/6,"1,600",2억,831,793,북서향,20250507,"['25년이상', '고층', '주차가능', '엘리베이터']",37.509828,127.11825
2523963814,복합상가,월세,1/8,"1,200","1억 5,000",89,71,남서향,20250507,"['25년이내', '역세권', '1층', '주차가능']",37.513766,127.107715
2523967233,일반상가,월세,1/4,160,"2,000",33,26,남서향,20250507,"['25년이상', '역세권', '1층', '주차가능']",37.512223,127.112818
2524023204,일반상가,월세,B1/6,120,"2,000",100,70,남동향,20250507,"['2년이내', '역세권', '지하층', '관리비20만원이하']",37.509477,127.124982
2524021239,일반상가,월세,B1/8,150,"3,000",150,132,남동향,20250507,"['25년이내', '테라스', '역세권', '지하층']",37.50969,127.125897
2523968066,일반상가,월세,2/3,540,"7,000",199,165,서향,20250507,"['25년이상', '중층', '주차가능', '총3층']",37.513509,127.110011
2524018936,일반상가,월세,1/6,230,"3,000",56,39,남서향,20250507,"['10년이내', '역세권', '1층', '관리비20만원이하']",37.510564,127.121871
2524000313,일반상가,월세,1/4,"1,050","1억 8,000",115,115,남동향,20250507,"['25년이상', '역세권', '1층', '주차가능']",37.512203,127.11305
2523964733,일반상가,월세,1/5,480,"8,000",40,33,북향,20250507,"['25년이상', '1층', '주차가능', '총5층']",37.514524,127.108836
2523967433,일반상가,월세,2/4,350,"4,000",204,195,북서향,20250507,"['25년이상', '역세권', '중층', '주차가능']",37.513852,127.108131
2523966626,일반상가,월세,1/5,550,"5,000",103,103,북서향,20250507,"['25년이상', '1층', '주차가능', '총5층']",37.513817,127.109282
2523964255,일반상가,월세,2/5,400,"5,000",284,280,북동향,20250507,"['25년이상', '중층', '주차가능', '총5층']",37.514193,127.109126
2523964959,일반상가,월세,1/5,900,"1억 6,000",130,109,남향,20250507,"['25년이상', '1층', '주차가능', '총5층']",37.514416,127.109066
2523819848,일반상가,월세,2/16,"1,000",1억,223,223,남향,20250507,"['10년이내', '역세권', '지상층(1층제외)', '주차가능']",37.515774,127.111711
2523859364,일반상가,월세,1/4,220,"3,000",115,115,북향,20250507,"['25년이상', '1층', '주차가능', '총4층']",37.506772,127.12046
2523983812,단지내상가,월세,2/17,300,"5,000",118,72,북동향,20250507,"['2년이내', '융자금없는', '역세권', '지상층(1층제외)']",37.516499,127.112848
2524029998,일반상가,월세,2/7,"1,500","1억 6,000",241,208,북서향,20250507,"['2년이내', '융자금없는', '역세권', '지상층(1층제외)']",37.511249,127.113144
2523982460,단지내상가,월세,1/17,300,"5,000",55,36,북동향,20250507,"['2년이내', '융자금없는', '역세권', '1층']",37.516499,127.112848
2523859126,일반상가,월세,1/5,365,"4,000",76,76,북서향,20250507,"['25년이상', '1층', '주차가능', '총5층']",37.510101,127.11842
2524220736,일반상가,월세,1/9,"1,900",4억,357,357,남동향,20250507,"['25년이내', '역세권', '1층', '주차가능']",37.514599,127.107859
2523892603,일반상가,월세,1/4,500,"6,000",79,79,서향,20250507,"['25년이상', '역세권', '1층', '주차가능']",37.512988,127.109884
2524180276,일반상가,월세,1/6,115,"1,000",62,47,북서향,20250507,"['10년이내', '역세권', '1층', '관리비10만원이하']",37.511008,127.113546
2523858949,일반상가,월세,1/4,145,"1,500",52,52,북향,20250507,"['25년이상', '1층', '총4층', '북향']",37.512392,127.120162
2523859635,일반상가,월세,1/4,110,"1,200",42,42,북향,20250507,"['25년이상', '1층', '주차가능', '총4층']",37.507432,127.121421
2523963424,복합상가,월세,1/6,440,"3,000",100,82,남향,20250507,"['25년이상', '역세권', '1층', '주차가능']",37.515209,127.107826
2523966116,일반상가,월세,B1/5,700,"8,000",446,430,남향,20250507,"['25년이상', '지하층', '주차가능', '총5층']",37.513441,127.108721
2524272127,일반상가,월세,2/5,360,"5,000",170,142,북서향,20250507,"['25년이상', '중층', '주차가능', '총5층']",37.512142,127.125252
2524213292,일반상가,월세,1/5,480,1억,117,65,남동향,20250507,"['25년이상', '역세권', '1층', '관리비20만원이하']",37.511869,127.113771
2524115902,일반상가,월세,1/4,470,"7,000",87,87,북동향,20250507,"['25년이상', '역세권', '1층', '관리비10만원이하']",37.509301,127.123371
2524133005,단지내상가,매매,2/20,,"3억 6,000",34,21,북서향,20250507,"['10년이내', '역세권', '지상층(1층제외)', '관리비20만원이하']",37.516037,127.112408
2524259740,일반상가,월세,1/7,900,"1억 5,000",167,167,북서향,20250507,"['25년이내', '융자금적은', '역세권', '1층']",37.513119,127.114306
2524258796,일반상가,월세,1/5,480,1억,117,59,남동향,20250507,"['25년이상', '역세권', '1층', '관리비20만원이하']",37.511869,127.113771
2524131071,일반상가,월세,1/4,90,"2,000",33,33,남동향,20250507,"['25년이상', '융자금없는', '1층', '관리비10만원이하']",37.506931,127.12082
2524105370,일반상가,월세,1/5,190,"2,000",39,39,북향,20250507,"['25년이상', '1층', '관리비10만원이하', '주차가능']",37.510101,127.11842
2523967882,일반상가,월세,1/4,500,"6,000",80,66,북서향,20250507,"['25년이상', '역세권', '1층', '주차가능']",37.512988,127.109884
2524219443,일반상가,월세,1/5,245,"4,000",80,80,북서향,20250507,"['4년이내', '역세권', '1층', '주차가능']",37.512071,127.112162
2524205859,일반상가,월세,1/3,230,"1,000",33,23,남서향,20250507,"['25년이상', '1층', '총3층', 'CCTV']",37.513803,127.109782
2524220312,일반상가,월세,1/8,"1,200","1억 5,000",69,69,서향,20250507,"['25년이내', '역세권', '1층', '주차가능']",37.513766,127.107715
2524178619,일반상가,월세,1/4,90,"2,000",127,35,남동향,20250507,"['25년이상', '1층', '관리비10만원이하', '주차가능']",37.511728,127.118715
2524163212,일반상가,월세,1/3,300,"5,000",28,28,남동향,20250507,"['25년이상', '역세권', '1층', '관리비10만원이하']",37.511676,127.114183
2524144262,일반상가,월세,1/5,125,"1,000",194,39,북동향,20250507,"['25년이내', '융자금없는', '1층', '관리비10만원이하']",37.509618,127.118795
2524161929,일반상가,월세,1/15,180,"2,000",83,30,북서향,20250507,"['10년이내', '역세권', '1층', '주차가능']",37.515468,127.11369
2524172355,일반상가,월세,7/7,80,"1,000",50,43,남향,20250507,"['25년이내', '융자금없는', '역세권', '고층']",37.514998,127.108744
2524177044,일반상가,월세,1/4,90,"3,000",33,33,남동향,20250507,"['25년이상', '1층', '주차가능', '총4층']",37.506906,127.121442
2524168355,일반상가,월세,1/9,300,"3,000",341,159,남서향,20250507,"['25년이상', '역세권', '1층', '주차가능']",37.515654,127.113475
2524164131,일반상가,월세,1/6,325,"4,000",66,66,남서향,20250507,"['25년이상', '역세권', '1층', '주차가능']",37.51143,127.114859
2524218263,일반상가,월세,2/4,350,"4,000",204,198,동향,20250507,"['25년이상', '역세권', '중층', '주차가능']",37.513852,127.108131
2524209163,일반상가,월세,1/2,"1,000","2억 5,000",251,251,동향,20250507,"['15년이내', '역세권', '1층', '주차가능']",37.511712,127.112745
2524208675,일반상가,월세,1/5,245,"4,000",80,66,서향,20250507,"['4년이내', '역세권', '1층', '주차가능']",37.512071,127.112162
2524095227,일반상가,월세,1/7,800,1억,213,165,서향,20250507,"['25년이상', '역세권', '1층', '주차가능']",37.509681,127.124139
2524031010,일반상가,월세,2/15,"1,500","1억 5,000",528,330,남동향,20250507,"['25년이내', '역세권', '지상층(1층제외)', '주차가능']",37.516537,127.110808
2523858730,복합상가,월세,1/20,190,"2,000",37,23,북동향,20250507,"['10년이내', '융자금적은', '역세권', '1층']",37.516037,127.112408
2523917843,일반상가,월세,2/5,500,"7,000",267,214,북서향,20250507,"['25년이상', '역세권', '중층', '주차가능']",37.511041,127.113014
2524206555,일반상가,월세,1/6,215,"3,000",115,115,북향,20250507,"['25년이상', '융자금없는', '역세권', '1층']",37.513757,127.116571
2524207603,일반상가,월세,B1/15,60,"1,000",130,66,남동향,20250507,"['25년이상', '역세권', '지하층', '주차가능']",37.515829,127.11518
2524186941,일반상가,월세,1/5,700,"8,000",217,217,북서향,20250507,"['25년이상', '1층', '주차가능', '총5층']",37.512865,127.122768
2524243710,일반상가,월세,4/5,300,"3,700",118,82,남서향,20250507,"['2년이내', '역세권', '고층', '주차가능']",37.511563,127.113582
2524273283,일반상가,월세,1/5,80,"1,000",24,24,북서향,20250507,"['25년이상', '1층', '주차가능', '총5층']",37.510934,127.118937
2524166621,일반상가,월세,1/8,"2,300",2억,274,200,남서향,20250507,"['25년이상', '융자금없는', '1층', '주차가능']",37.512986,127.108053
2524240296,일반상가,월세,3/5,650,"9,000",139,139,남동향,20250507,"['2년이내', '역세권', '중층', '주차가능']",37.512348,127.112567
2524144616,일반상가,월세,1/4,240,"3,000",50,39,북서향,20250507,"['25년이상', '융자금없는', '역세권', '1층']",37.512502,127.11152
2524159859,일반상가,월세,1/8,"1,600","2억 5,000",340,241,북서향,20250507,"['25년이내', '역세권', '1층', '주차가능']",37.515279,127.115791
2524228116,일반상가,월세,2/5,400,"5,000",284,264,동향,20250507,"['25년이상', '중층', '주차가능', '총5층']",37.514193,127.109126
2524160390,일반상가,월세,1/3,600,1억,160,160,북서향,20250507,"['25년이상', '역세권', '1층', '주차가능']",37.511334,127.126169
2524126696,복합상가,월세,B1/3,100,"1,000",89,89,남동향,20250507,"['25년이상', '역세권', '지하층', '관리비10만원이하']",37.514448,127.117477
2524157348,일반상가,월세,1/5,650,1억,106,95,남동향,20250507,"['25년이상', '역세권', '1층', '주차가능']",37.511341,127.112514
2524143258,일반상가,월세,1/6,440,"3,000",90,82,남동향,20250507,"['25년이상', '역세권', '1층', '주차가능']",37.515209,127.107826
2524105738,단지내상가,매매,4/4,,"4억 5,000",43,26,동향,20250507,"['2년이내', '역세권', '고층', '주차가능']",37.515301,127.110348
2524101143,일반상가,월세,1/7,850,1억,250,213,북서향,20250507,"['25년이상', '역세권', '1층', '주차가능']",37.511013,127.124712
2524105745,일반상가,월세,1/4,400,1억,82,62,북동향,20250507,"['25년이상', '융자금적은', '1층', '관리비20만원이하']",37.509971,127.117866
2523922417,일반상가,매매,B1/23,,"3억 3,000",64,49,남향,20250506,"['25년이내', '역세권', '지하층', '관리비10만원이하']",37.515403,127.107476
2524026798,일반상가,매매,2/3,,27억,75,39,남서향,20250506,"['25년이상', '역세권', '중층', '주차가능']",37.515836,127.13223
2523619312,일반상가,월세,B1/15,60,"1,000",44,44,북향,20250503,"['25년이상', '역세권', '지하층', '주차가능']",37.515829,127.11518
2523759427,일반상가,월세,2/6,500,1억,311,231,서향,20250503,"['25년이내', '지상층(1층제외)', '주차가능', '엘리베이터']",37.506919,127.119581
2523629559,일반상가,월세,1/5,165,"2,000",49,49,남서향,20250503,"['25년이상', '1층', '관리비10만원이하', '주차가능']",37.50766,127.121531
2523790213,일반상가,월세,1/5,500,1억,193,193,북동향,20250503,"['25년이내', '역세권', '1층', '주차가능']",37.51178,127.126111
2523789029,일반상가,월세,1/5,235,"4,000",52,52,남동향,20250503,"['25년이내', '역세권', '1층', '관리비10만원이하']",37.510725,127.125458
2523763660,일반상가,월세,B1/6,80,800,138,102,서향,20250503,"['25년이상', '역세권', '지하층', '관리비10만원이하']",37.510558,127.124227
2523703714,일반상가,월세,1/5,240,"3,000",65,65,서향,20250503,"['25년이상', '역세권', '1층', '주차가능']",37.50966,127.125093
2523649211,일반상가,월세,B1/8,700,1억,268,268,남동향,20250503,"['25년이상', '지하층', '주차가능', '엘리베이터']",37.512986,127.108053
2523643078,일반상가,월세,1/5,100,"2,000",35,35,북서향,20250503,"['15년이내', '융자금없는', '1층', '관리비20만원이하']",37.510654,127.118763
2523637593,일반상가,월세,5/6,800,"5,000",201,201,북향,20250503,"['10년이내', '역세권', '고층', '주차가능']",37.514354,127.108606
2523791465,일반상가,월세,1/4,160,"2,000",28,28,남향,20250503,"['25년이상', '역세권', '1층', '관리비10만원이하']",37.512223,127.112818
2523744827,일반상가,월세,1/23,"5,500","9억 2,000",875,505,남서향,20250503,"['25년이내', '융자금없는', '역세권', '1층']",37.514653,127.107441
2523799895,일반상가,월세,2/3,200,"2,000",179,99,남동향,20250503,"['25년이상', '융자금없는', '역세권', '중층']",37.512104,127.112416
2523744994,일반상가,월세,1/23,"2,900","4억 9,000",875,241,남서향,20250503,"['25년이내', '융자금없는', '역세권', '1층']",37.514653,127.107441
2523443103,일반상가,월세,B1/3,150,"1,500",121,105,남동향,20250502,"['25년이상', '역세권', '지하층', '관리비10만원이하']",37.514113,127.10817
2523343215,일반상가,월세,1/5,530,1억,185,185,북동향,20250502,"['25년이내', '역세권', '1층', '주차가능']",37.51178,127.126111
2523336214,일반상가,월세,1/3,274,"5,000",46,46,남서향,20250502,"['25년이상', '역세권', '1층', '관리비20만원이하']",37.512413,127.112364
2523391752,일반상가,월세,1/3,165,"2,500",45,28,남동향,20250502,"['25년이상', '역세권', '1층', '관리비10만원이하']",37.512581,127.111898
2523344027,일반상가,월세,1/5,265,"4,000",49,49,남동향,20250502,"['25년이내', '역세권', '1층', '관리비20만원이하']",37.510725,127.125458
2523306253,일반상가,월세,3/4,150,"2,000",80,66,남향,20250502,"['25년이상', '융자금없는', '역세권', '고층']",37.512898,127.111196
2523235389,일반상가,월세,1/5,330,"3,000",132,132,남동향,20250502,"['25년이내', '1층', '주차가능', '총5층']",37.509832,127.117779
2523234601,일반상가,월세,B1/10,700,"7,000",753,349,북서향,20250502,"['25년이상', '역세권', '지하층', '주차가능']",37.516665,127.111182
2523216524,일반상가,월세,2/5,270,"3,000",118,99,북동향,20250502,"['4년이내', '역세권', '중층', '주차가능']",37.512071,127.112162
2523220460,일반상가,월세,3/4,160,"2,000",119,99,남동향,20250502,"['25년이상', '역세권', '고층', '주차가능']",37.512898,127.111196
2523205032,일반상가,월세,2/3,220,"2,000",98,98,남동향,20250502,"['25년이상', '융자금없는', '역세권', '중층']",37.512104,127.112416
2523217281,일반상가,월세,1/20,560,1억,122,89,남동향,20250502,"['2년이내', '역세권', '1층', '주차가능']",37.516138,127.11135
2523231148,일반상가,월세,2/4,263,"3,000",131,131,북동향,20250502,"['25년이상', '역세권', '중층', '주차가능']",37.512405,127.109164
2523451701,일반상가,월세,1/5,670,1억,168,165,남향,20250502,"['25년이상', '역세권', '1층', '주차가능']",37.509962,127.125356
2523463124,일반상가,월세,1/6,215,"3,000",135,115,북동향,20250502,"['25년이상', '역세권', '1층', '관리비10만원이하']",37.513757,127.116571
2523336811,일반상가,월세,B1/5,135,"1,000",125,125,북서향,20250502,"['25년이내', '역세권', '지하층', '주차가능']",37.515143,127.112049
2523391733,일반상가,월세,3/6,300,"3,000",104,82,남동향,20250502,"['10년이내', '역세권', '중층', '주차가능']",37.51209,127.113667
2523365700,복합상가,월세,1/3,"1,350",2억,185,115,서향,20250502,"['25년이상', '역세권', '1층', '주차가능']",37.515332,127.133235
2523372563,일반상가,월세,1/6,430,"4,000",82,59,동향,20250502,"['25년이상', '역세권', '1층', '주차가능']",37.509115,127.125786
2523372393,일반상가,월세,2/6,500,"5,000",181,152,동향,20250502,"['25년이상', '역세권', '지상층(1층제외)', '주차가능']",37.509115,127.125786
2523398933,일반상가,월세,2/4,350,"4,000",123,112,북동향,20250502,"['25년이상', '역세권', '중층', '주차가능']",37.514801,127.110535
2523334706,일반상가,월세,1/7,330,1억,115,99,북서향,20250502,"['10년이내', '역세권', '1층', '주차가능']",37.511484,127.11329
2523320258,일반상가,월세,B1/15,850,"1억 5,000",346,346,동향,20250502,"['25년이내', '역세권', '지하층', '주차가능']",37.516886,127.111826
2523235466,일반상가,월세,1/4,130,"1,200",36,36,남동향,20250502,"['25년이상', '역세권', '1층', '주차가능']",37.509311,127.115852
2523330776,일반상가,월세,1/4,470,1억,77,77,북향,20250502,"['25년이상', '역세권', '1층', '관리비20만원이하']",37.509301,127.123371
2523376972,복합상가,월세,1/19,800,1억,238,139,남동향,20250502,"['10년이내', '융자금적은', '역세권', '1층']",37.515544,127.114999
2523477865,일반상가,월세,B1/5,220,"1,000",180,160,북향,20250502,"['25년이상', '융자금없는', '지하층', '관리비10만원이하']",37.513672,127.108856
2523476867,일반상가,월세,1/6,"1,700",3억,489,363,남동향,20250502,"['25년이상', '융자금없는', '역세권', '1층']",37.515328,127.11499
2523450379,일반상가,월세,1/5,120,"2,000",33,25,북서향,20250502,"['25년이상', '1층', '관리비10만원이하', '주차가능']",37.507267,127.122071
2523429952,일반상가,월세,1/5,100,"2,000",49,36,남동향,20250502,"['15년이내', '1층', '관리비20만원이하', '주차가능']",37.510654,127.118763
2523476173,일반상가,월세,1/17,280,"3,000",36,23,남동향,20250502,"['10년이내', '융자금없는', '역세권', '1층']",37.515993,127.111996
2523481275,일반상가,월세,B1/8,700,1억,268,264,서향,20250502,"['25년이상', '지하층', '주차가능', '엘리베이터']",37.512986,127.108053
2523482372,일반상가,월세,B1/6,150,"1,000",60,60,북서향,20250502,"['25년이내', '역세권', '지하층', '관리비10만원이하']",37.511051,127.11155
2523475357,일반상가,월세,1/4,45,400,16,8,북향,20250502,"['25년이상', '융자금없는', '역세권', '1층']",37.514868,127.109847
2523447839,일반상가,월세,1/6,440,"3,000",109,86,동향,20250502,"['25년이상', '역세권', '1층', '주차가능']",37.515209,127.107826
2523440699,일반상가,월세,2/6,500,"5,000",172,152,북동향,20250502,"['25년이상', '역세권', '지상층(1층제외)', '주차가능']",37.509115,127.125786
2523422900,일반상가,월세,1/5,110,"1,500",33,33,서향,20250502,"['25년이상', '역세권', '1층', '주차가능']",37.50966,127.125093
2523476588,일반상가,월세,1/3,600,1억,181,181,북서향,20250502,"['25년이상', '역세권', '1층', '주차가능']",37.511334,127.126169
2523464703,일반상가,월세,1/5,330,"3,000",166,132,남동향,20250502,"['25년이내', '1층', '주차가능', '총5층']",37.509832,127.117779
2523470684,일반상가,월세,5/6,800,1억,347,347,북서향,20250502,"['25년이상', '고층', '주차가능', '엘리베이터']",37.509828,127.11825
2523412368,일반상가,월세,1/4,"1,000",1억,123,112,북동향,20250502,"['25년이상', '역세권', '1층', '주차가능']",37.514801,127.110535
2523556018,일반상가,월세,1/3,85,"1,500",43,36,북동향,20250502,"['25년이상', '1층', '관리비10만원이하', '주차가능']",37.51281,127.119073
2523505096,일반상가,월세,5/6,800,1억,415,348,북서향,20250502,"['25년이상', '융자금없는', '고층', '주차가능']",37.509828,127.11825
2523551192,일반상가,월세,2/6,"1,650","1억 6,000",596,330,북향,20250502,"['10년이내', '역세권', '지상층(1층제외)', '주차가능']",37.514354,127.108606
2523503998,일반상가,월세,1/10,"3,000","3억 4,000",721,373,북향,20250502,"['25년이상', '융자금없는', '역세권', '1층']",37.516665,127.111182
2523506394,일반상가,월세,1/4,200,"3,000",121,120,북서향,20250502,"['25년이상', '융자금없는', '역세권', '1층']",37.511202,127.123551
2523520264,복합상가,월세,2/20,925,"1억 5,000",322,204,서향,20250502,"['10년이내', '역세권', '지상층(1층제외)', '주차가능']",37.516037,127.112408
2523521535,일반상가,월세,1/5,162,"2,000",40,40,북서향,20250502,"['25년이내', '역세권', '1층', '관리비10만원이하']",37.507529,127.122244
2523518238,일반상가,월세,5/5,300,"5,000",174,148,서향,20250502,"['25년이상', '역세권', '고층', '주차가능']",37.515234,127.109183
2523505737,일반상가,월세,1/7,260,"3,000",119,82,북동향,20250502,"['25년이내', '역세권', '1층', '관리비10만원이하']",37.509807,127.122624
2523538657,일반상가,월세,1/4,320,"5,000",115,115,남서향,20250502,"['25년이상', '역세권', '1층', '주차가능']",37.513267,127.118615
2523556655,일반상가,월세,2/3,540,"7,000",181,181,서향,20250502,"['25년이상', '중층', '주차가능', '총3층']",37.513509,127.110011
2523569283,일반상가,월세,2/6,"1,650","1억 6,000",297,297,북서향,20250502,"['10년이내', '역세권', '지상층(1층제외)', '주차가능']",37.514354,127.108606
2523517479,복합상가,월세,1/16,"3,300",4억,650,466,남동향,20250502,"['10년이내', '역세권', '1층', '주차가능']",37.515774,127.111711
2523523923,일반상가,월세,1/4,160,"2,000",36,33,남서향,20250502,"['25년이상', '역세권', '1층', '주차가능']",37.512898,127.111196
2523522586,단지내상가,월세,1/6,120,"2,000",36,23,남향,20250502,"['10년이내', '역세권', '1층', '관리비10만원이하']",37.510564,127.121871
2523475683,일반상가,월세,1/17,340,"5,000",35,29,남서향,20250502,"['10년이내', '융자금없는', '역세권', '1층']",37.515598,127.11121
2523601183,일반상가,월세,1/8,250,"5,000",56,33,북서향,20250502,"['25년이내', '역세권', '1층', '주차가능']",37.516987,127.11216
2523596213,복합상가,월세,B1/12,"1,000",2억,556,373,북향,20250502,"['25년이상', '지하층', '주차가능', '북향']",37.512894,127.124179
2523576501,일반상가,월세,1/9,"1,977",4억,231,231,남향,20250502,"['25년이내', '역세권', '1층', '주차가능']",37.514472,127.107913
2523609842,일반상가,월세,2/7,"1,400",2억,264,264,북동향,20250502,"['2년이내', '역세권', '지상층(1층제외)', '주차가능']",37.510925,127.115289
2523576344,단지내상가,매매,전체층/3,,"12억 5,000",41,21,북동향,20250502,"['25년이상', '역세권', '주차가능', '총3층']",37.515836,127.13223
2523489299,일반상가,월세,1/5,240,"3,000",65,62,남서향,20250502,"['25년이상', '역세권', '1층', '주차가능']",37.50966,127.125093
2523524350,복합상가,월세,B1/12,"1,000",2억,495,396,북동향,20250502,"['25년이상', '지하층', '주차가능', '북동향']",37.512894,127.124179
2523483768,일반상가,월세,B2/5,750,"7,000",274,274,동향,20250502,"['25년이상', '지하층', '주차가능', '엘리베이터']",37.514416,127.109066
2523520579,복합상가,월세,4/16,150,"2,000",33,26,남동향,20250502,"['2년이내', '역세권', '지상층(1층제외)', '주차가능']",37.515301,127.110348
2523439959,복합상가,월세,1/3,600,1억,160,148,북서향,20250502,"['25년이상', '역세권', '1층', '주차가능']",37.511334,127.126169
2523442472,복합상가,월세,1/5,100,"2,000",34,34,북서향,20250502,"['15년이내', '1층', '관리비20만원이하', '주차가능']",37.510654,127.118763
2523482854,일반상가,월세,1/5,190,"2,000",45,38,남서향,20250502,"['25년이상', '융자금없는', '1층', '관리비10만원이하']",37.510101,127.11842
2523491186,일반상가,월세,1/4,200,"3,000",36,33,동향,20250502,"['25년이상', '융자금없는', '역세권', '1층']",37.515099,127.110933
2523575548,단지내상가,월세,1/3,170,"3,000",29,15,서향,20250502,"['25년이상', '역세권', '1층', '주차가능']",37.515836,127.13223
2523538954,일반상가,월세,1/5,650,1억,106,93,남동향,20250502,"['25년이상', '융자금없는', '역세권', '1층']",37.511341,127.112514
2523499945,일반상가,월세,1/5,100,"2,000",45,34,북서향,20250502,"['25년이내', '1층', '관리비20만원이하', '주차가능']",37.510654,127.118763
2523537999,일반상가,월세,1/5,480,1억,66,66,남서향,20250502,"['25년이상', '역세권', '1층', '관리비20만원이하']",37.511869,127.113771
2523573303,복합상가,매매,3/20,,"3억 9,000",63,44,남향,20250502,"['2년이내', '역세권', '급매', '지상층(1층제외)']",37.516138,127.11135
2523455136,일반상가,매매,2/16,,"4억 9,000",90,56,동향,20250502,"['10년이내', '역세권', '지상층(1층제외)', '주차가능']",37.516089,127.110437
2523438762,일반상가,월세,4/5,160,"2,000",56,56,북서향,20250502,"['25년이상', '고층', '주차가능', '총5층']",37.512142,127.125252
2523286751,일반상가,월세,1/5,530,1억,193,184,북동향,20250502,"['25년이내', '융자금없는', '역세권', '1층']",37.51178,127.126111
2523365297,단지내상가,매매,2/3,,11억,38,20,남향,20250502,"['25년이상', '역세권', '중층', '주차가능']",37.515836,127.13223
2523425886,일반상가,월세,B1/4,500,"5,000",279,247,남동향,20250502,"['25년이상', '역세권', '지하층', '주차가능']",37.512898,127.111196
2523382599,일반상가,월세,1/5,180,"2,000",49,46,남동향,20250502,"['4년이내', '융자금적은', '역세권', '1층']",37.513352,127.118365
2523321801,일반상가,월세,B1/4,100,"2,000",115,115,북향,20250501,"['25년이상', '역세권', '지하층', '주차가능']",37.509298,127.123514
2523189951,일반상가,월세,2/4,220,"5,500",158,148,남서향,20250430,"['25년이상', '융자금적은', '역세권', '중층']",37.513267,127.118615
2523033515,일반상가,월세,1/4,130,"2,000",42,42,남서향,20250430,"['25년이상', '역세권', '1층', '주차가능']",37.514187,127.116267
2523059702,일반상가,월세,1/6,247,"3,500",105,89,남동향,20250430,"['25년이내', '융자금없는', '1층', '주차가능']",37.512116,127.121853
2523186764,일반상가,월세,1/4,110,"2,000",33,33,북향,20250430,"['25년이상', '역세권', '1층', '주차가능']",37.509298,127.123514
2523202251,일반상가,월세,1/5,165,"2,000",112,66,남서향,20250430,"['25년이상', '1층', '주차가능', '총5층']",37.50766,127.121531
2523078735,일반상가,월세,1/5,800,"1억 5,000",92,92,남동향,20250430,"['25년이상', '1층', '주차가능', '총5층']",37.514416,127.109066
2523027197,일반상가,월세,5/5,300,"5,000",174,170,서향,20250430,"['25년이상', '역세권', '고층', '주차가능']",37.515234,127.109183
2523131976,일반상가,월세,B1/17,300,"5,000",180,135,동향,20250430,"['2년이내', '융자금적은', '역세권', '지하층']",37.515689,127.109698
2523014914,복합상가,매매,1/16,,"10억 5,000",48,27,북동향,20250430,"['10년이내', '역세권', '1층', '관리비10만원이하']",37.516471,127.113163
2523028659,일반상가,월세,3/3,200,"2,000",103,103,남동향,20250430,"['25년이상', '역세권', '고층', '관리비10만원이하']",37.514113,127.10817
2523190813,일반상가,월세,1/5,100,"2,000",36,34,북향,20250430,"['15년이내', '1층', '관리비20만원이하', '주차가능']",37.510654,127.118763
2523205263,일반상가,월세,2/5,350,"3,000",177,158,남동향,20250430,"['25년이상', '융자금없는', '중층', '주차가능']",37.513714,127.108259
2523033598,복합상가,월세,1/8,240,"5,000",44,42,북서향,20250430,"['25년이내', '융자금없는', '역세권', '1층']",37.516987,127.11216
2523109322,복합상가,월세,1/12,"1,000",2억,495,399,북동향,20250430,"['25년이상', '1층', '주차가능', '북동향']",37.512894,127.124179
2523041440,일반상가,월세,2/7,"1,200",2억,304,208,북서향,20250430,"['2년이내', '융자금없는', '역세권', '지상층(1층제외)']",37.511249,127.113144
2523128138,일반상가,월세,2/7,"1,400",2억,266,266,남동향,20250430,"['2년이내', '융자금적은', '역세권', '지상층(1층제외)']",37.510925,127.115289
2523200396,일반상가,월세,1/6,200,"3,000",19,19,북동향,20250430,"['10년이내', '융자금없는', '1층', '관리비10만원이하']",37.510324,127.11701
2523064191,일반상가,월세,1/3,230,"3,500",93,84,북서향,20250430,"['25년이상', '1층', '관리비20만원이하', '주차가능']",37.507014,127.120512
2523095232,복합상가,매매,1/16,,"20억 2,400",33,33,동향,20250430,"['2년이내', '역세권', '1층', '주차가능']",37.515301,127.110348
2523127922,일반상가,매매,2/7,,38억,324,266,남동향,20250430,"['2년이내', '역세권', '지상층(1층제외)', '주차가능']",37.510925,127.115289
2523173130,일반상가,월세,B1/3,120,"1,000",124,124,남서향,20250430,"['25년이상', '지하층', '관리비10만원이하', '총3층']",37.510156,127.117429
2523093702,일반상가,월세,B1/5,220,"1,000",180,166,북향,20250430,"['25년이상', '지하층', '주차가능', '총5층']",37.513672,127.108856
2523093653,일반상가,월세,2/4,250,"3,000",141,141,남향,20250430,"['25년이상', '역세권', '중층', '관리비20만원이하']",37.512405,127.109164
2523127293,일반상가,월세,1/4,130,"1,200",49,36,남동향,20250430,"['25년이상', '역세권', '1층', '관리비10만원이하']",37.509311,127.115852
2522929084,일반상가,월세,B1/3,350,"5,000",176,149,동향,20250429,"['25년이상', '역세권', '지하층', '주차가능']",37.512845,127.110592
2522932783,일반상가,월세,1/5,350,"4,000",150,142,서향,20250429,"['25년이상', '1층', '주차가능', '총5층']",37.51211,127.1223
2522898479,단지내상가,월세,1/7,850,1억,226,213,북서향,20250429,"['25년이상', '융자금없는', '역세권', '1층']",37.511073,127.124557
2522992036,단지내상가,월세,2/20,100,"2,000",33,21,북서향,20250429,"['10년이내', '테라스', '역세권', '지상층(1층제외)']",37.516037,127.112408
2522904678,일반상가,월세,3/5,400,1억,163,135,남동향,20250429,"['25년이상', '융자금적은', '역세권', '중층']",37.511341,127.112514
2522877115,복합상가,월세,3/17,160,"3,000",34,22,북동향,20250429,"['2년이내', '역세권', '지상층(1층제외)', '주차가능']",37.51476,127.108528
2522874094,복합상가,월세,1/6,120,"2,000",36,36,남서향,20250429,"['10년이내', '역세권', '1층', '주차가능']",37.510564,127.121871
2522888188,일반상가,월세,4/5,350,"5,000",163,135,남동향,20250429,"['25년이상', '융자금적은', '역세권', '고층']",37.511341,127.112514
2522875936,일반상가,월세,4/4,320,"3,500",148,148,북동향,20250429,"['25년이상', '역세권', '고층', '총4층']",37.514707,127.119441
2522885813,일반상가,월세,B1/3,350,"5,000",176,150,남동향,20250429,"['25년이상', '역세권', '지하층', '관리비20만원이하']",37.512845,127.110592
2522989213,일반상가,월세,1/17,350,"3,000",41,36,서향,20250429,"['10년이내', '역세권', '1층', '주차가능']",37.515714,127.111152
2522991026,일반상가,월세,1/3,180,"2,000",46,46,북향,20250429,"['25년이상', '융자금없는', '1층', '주차가능']",37.510156,127.117429
2522983493,일반상가,월세,B1/4,500,"4,500",325,325,북서향,20250429,"['25년이상', '역세권', '지하층', '주차가능']",37.515045,127.110365
2522996795,일반상가,월세,1/5,200,"4,000",99,49,북서향,20250429,"['10년이내', '역세권', '1층', '주차가능']",37.510066,127.114503
2522874691,일반상가,월세,2/5,220,"3,000",99,99,북서향,20250429,"['25년이상', '중층', '주차가능', '총5층']",37.510101,127.11842
2522896494,일반상가,월세,6/6,620,"8,000",415,348,북동향,20250429,"['25년이상', '고층', '주차가능', '북동향']",37.509698,127.118169
2522951416,일반상가,월세,2/16,260,"4,000",78,78,남동향,20250429,"['4년이내', '역세권', '지상층(1층제외)', '주차가능']",37.516625,127.112237
2522884884,일반상가,월세,1/7,260,"3,000",82,82,북동향,20250429,"['25년이내', '역세권', '1층', '관리비10만원이하']",37.509807,127.122624
2522931184,일반상가,월세,1/3,200,"2,000",69,52,남서향,20250429,"['25년이상', '융자금적은', '역세권', '1층']",37.513252,127.110599
2522864751,복합상가,월세,1/5,180,"2,000",46,46,남향,20250429,"['4년이내', '역세권', '1층', '관리비10만원이하']",37.513352,127.118365
2522907310,일반상가,월세,3/5,300,"3,000",148,132,남향,20250429,"['25년이상', '융자금적은', '중층', '관리비10만원이하']",37.51353,127.108984
2522879302,일반상가,월세,B1/5,400,1억,174,148,남서향,20250429,"['25년이상', '역세권', '지하층', '주차가능']",37.515234,127.109183
2522943354,일반상가,월세,1/4,90,"2,000",39,39,남동향,20250429,"['25년이상', '1층', '총4층', '남동향']",37.506931,127.12082
2522983338,일반상가,월세,2/5,400,"5,000",323,284,남동향,20250429,"['25년이상', '중층', '주차가능', '총5층']",37.514193,127.109126
2523000297,일반상가,월세,8/9,524,2억,738,369,남향,20250429,"['25년이상', '역세권', '고층', '주차가능']",37.511887,127.112854
2522804267,일반상가,월세,1/6,200,"3,000",34,34,북향,20250429,"['4년이내', '역세권', '1층', '주차가능']",37.51329,127.117804
2522777853,일반상가,월세,B1/15,60,"1,000",43,43,남동향,20250429,"['25년이상', '역세권', '지하층', '주차가능']",37.515829,127.11518
2522861272,일반상가,월세,4/4,110,"2,000",69,49,남향,20250429,"['25년이상', '융자금적은', '역세권', '고층']",37.510223,127.124201
2522816936,일반상가,월세,1/3,150,"3,000",50,39,남동향,20250429,"['25년이내', '역세권', '1층', '관리비10만원이하']",37.507522,127.122856
2522907817,일반상가,월세,2/5,710,"1억 1,000",380,231,북향,20250429,"['25년이상', '융자금없는', '중층', '주차가능']",37.514524,127.108836
2522922964,일반상가,월세,1/5,450,"5,000",155,128,남동향,20250429,"['25년이상', '융자금적은', '역세권', '1층']",37.512291,127.109066
2522906980,일반상가,월세,2/16,230,"2,000",65,56,남서향,20250429,"['10년이내', '융자금없는', '역세권', '지상층(1층제외)']",37.51498,127.108228
2522878903,일반상가,월세,4/8,250,"5,000",162,142,남동향,20250429,"['25년이내', '역세권', '중층', '주차가능']",37.512392,127.113167
2522843030,일반상가,월세,1/5,350,"5,000",106,90,남향,20250429,"['10년이내', '1층', '관리비20만원이하', '주차가능']",37.512919,127.119694
2522804374,일반상가,월세,3/6,150,"3,000",91,76,북동향,20250429,"['25년이내', '중층', '관리비20만원이하', '주차가능']",37.512056,127.120982
2522804232,복합상가,월세,1/4,200,"3,000",33,33,북동향,20250429,"['25년이상', '1층', '관리비10만원이하', '총4층']",37.510573,127.1164
2522804254,일반상가,월세,1/4,140,"2,000",49,42,남서향,20250429,"['25년이상', '역세권', '1층', '관리비10만원이하']",37.513774,127.117361
2522817662,일반상가,월세,1/5,150,"4,000",102,33,남서향,20250429,"['25년이상', '역세권', '1층', '관리비10만원이하']",37.508387,127.116236
2522817317,일반상가,월세,1/17,300,"5,000",44,34,남서향,20250429,"['10년이내', '역세권', '1층', '관리비20만원이하']",37.515714,127.111152
2522816492,일반상가,월세,1/5,229,"2,000",30,25,북동향,20250429,"['25년이상', '역세권', '1층', '주차가능']",37.512368,127.111766
2522804096,일반상가,월세,1/3,180,"2,000",44,42,북향,20250429,"['25년이상', '융자금없는', '1층', '총3층']",37.510156,127.117429
2522803973,일반상가,월세,1/1,120,"2,000",39,39,남서향,20250429,"['25년이상', '1층', '주차가능', '남서향']",37.512765,127.12006
2522947607,일반상가,월세,2/4,230,"3,000",92,92,남향,20250429,"['25년이상', '중층', '주차가능', '총4층']",37.513632,127.109284
2522803980,일반상가,월세,1/3,300,"5,000",33,29,남동향,20250429,"['25년이상', '역세권', '1층', '주차가능']",37.511676,127.114183
2522803768,일반상가,월세,1/4,190,"2,000",36,29,서향,20250429,"['25년이상', '역세권', '1층', '관리비20만원이하']",37.509505,127.124455
2522785842,일반상가,월세,1/4,45,400,157,8,북서향,20250429,"['25년이상', '융자금없는', '역세권', '1층']",37.514868,127.109847
2522908117,일반상가,월세,3/4,380,"5,000",177,165,북향,20250429,"['25년이상', '융자금없는', '고층', '주차가능']",37.51387,127.109442
2522872320,일반상가,월세,B1/6,200,"3,000",122,122,남동향,20250429,"['10년이내', '역세권', '지하층', '주차가능']",37.512995,127.109558
2522855277,단지내상가,월세,1/3,150,"1,000",30,15,북서향,20250429,"['25년이상', '역세권', '1층', '주차가능']",37.515836,127.13223
2522997020,일반상가,월세,1/4,80,"1,000",26,19,북동향,20250429,"['25년이내', '1층', '총4층', '북동향']",37.509553,127.118963
2522557635,일반상가,월세,1/5,100,"2,000",42,33,북서향,20250428,"['15년이내', '1층', '관리비20만원이하', '주차가능']",37.510654,127.118763
2522726176,일반상가,월세,B1/15,60,"1,000",88,44,북동향,20250428,"['25년이상', '역세권', '지하층', '주차가능']",37.515829,127.11518
2522545633,복합상가,매매,2/20,,19억,210,134,남서향,20250428,"['10년이내', '역세권', '지상층(1층제외)', '주차가능']",37.516037,127.112408
2522649811,일반상가,월세,1/4,200,"3,000",46,38,남향,20250428,"['25년이상', '역세권', '1층', '주차가능']",37.515099,127.110933
2522660411,일반상가,월세,1/5,160,"3,000",39,33,북서향,20250428,"['10년이내', '역세권', '1층', '관리비10만원이하']",37.510066,127.114503
2522644600,일반상가,월세,B1/17,300,"5,000",230,157,동향,20250428,"['2년이내', '역세권', '지하층', '주차가능']",37.515689,127.109698
2522630037,단지내상가,월세,2/20,550,1억,210,133,남서향,20250428,"['10년이내', '융자금없는', '테라스', '역세권']",37.516037,127.112408
2522470536,일반상가,월세,2/15,"1,500","1억 5,000",545,314,북서향,20250428,"['25년이내', '역세권', '지상층(1층제외)', '주차가능']",37.516537,127.110808
2522511199,단지내상가,월세,2/3,170,"3,000",63,33,북동향,20250428,"['25년이상', '융자금없는', '역세권', '중층']",37.515836,127.13223
2522599420,일반상가,월세,1/7,900,"1억 5,000",252,148,서향,20250428,"['25년이내', '역세권', '1층', '주차가능']",37.513119,127.114306
2522705442,일반상가,월세,B1/5,235,"3,000",140,132,북향,20250428,"['25년이상', '지하층', '주차가능', '총5층']",37.513301,127.108991
2522559417,일반상가,월세,1/5,150,"2,000",34,34,북동향,20250428,"['10년이내', '1층', '관리비20만원이하', '주차가능']",37.512264,127.12406
2522550725,복합상가,매매,2/16,,14억,179,123,남서향,20250428,"['4년이내', '역세권', '지상층(1층제외)', '주차가능']",37.51599,127.113509
2522668818,일반상가,월세,1/7,900,"1억 5,000",167,148,북서향,20250428,"['25년이내', '역세권', '1층', '주차가능']",37.513119,127.114306
2522633693,일반상가,월세,2/5,"1,050","1억 5,000",490,396,남동향,20250428,"['25년이상', '융자금적은', '역세권', '중층']",37.511341,127.112514
2522560382,일반상가,월세,3/5,410,"4,500",160,140,북서향,20250428,"['25년이상', '중층', '주차가능', '총5층']",37.514524,127.108836
2522475430,일반상가,월세,3/6,250,"6,000",160,118,북향,20250428,"['25년이상', '중층', '주차가능', '북향']",37.509698,127.118169
2522537680,일반상가,월세,1/17,200,"2,000",39,24,남향,20250428,"['2년이내', '역세권', '1층', '주차가능']",37.515136,127.114118
2522475523,일반상가,월세,2/6,170,"3,000",116,83,동향,20250428,"['25년이상', '지상층(1층제외)', '주차가능', '동향']",37.509698,127.118169
2522646156,일반상가,월세,B1/17,700,1억,320,235,남향,20250428,"['2년이내', '역세권', '지하층', '주차가능']",37.515142,127.109437
2522694934,일반상가,월세,3/7,600,1억,175,155,남동향,20250428,"['2년이내', '역세권', '중층', '주차가능']",37.509361,127.125806
2522680087,일반상가,월세,1/5,550,1억,132,132,남향,20250428,"['10년이내', '역세권', '1층', '주차가능']",37.50988,127.12556
2522652985,일반상가,월세,1/4,"6,000",5억,800,726,북향,20250428,"['10년이내', '역세권', '1층', '주차가능']",37.512817,127.108123
2522675671,일반상가,월세,2/4,350,"4,000",219,198,북향,20250428,"['25년이상', '역세권', '중층', '주차가능']",37.513852,127.108131
2522612005,일반상가,월세,B1/5,800,"9,000",234,234,남서향,20250428,"['2년이내', '역세권', '지하층', '세대당 1.5대이상']",37.512348,127.112567
2522610722,단지내상가,월세,1/2,120,"2,000",35,22,남서향,20250428,"['25년이상', '융자금없는', '1층', '관리비10만원이하']",37.506142,127.122663
2522628350,일반상가,월세,1/5,190,"2,000",33,33,남서향,20250428,"['25년이상', '융자금적은', '1층', '관리비10만원이하']",37.510101,127.11842
2522633866,일반상가,월세,B1/4,500,"5,000",279,264,남동향,20250428,"['25년이상', '역세권', '지하층', '주차가능']",37.512898,127.111196
2522649604,일반상가,월세,2/16,"1,000","1억 5,000",168,145,남동향,20250428,"['10년이내', '역세권', '지상층(1층제외)', '주차가능']",37.515774,127.111711
2522651077,일반상가,월세,2/3,680,"5,000",226,198,남동향,20250428,"['25년이상', '중층', '주차가능', '총3층']",37.514076,127.109321
2522692535,일반상가,월세,1/20,150,"5,000",29,29,북서향,20250428,"['10년이내', '역세권', '1층', '관리비20만원이하']",37.516023,127.114612
2522685787,일반상가,월세,1/4,190,"3,000",33,23,남동향,20250428,"['25년이상', '1층', '관리비10만원이하', '주차가능']",37.510192,127.118003
2522687201,일반상가,월세,1/7,850,1억,264,214,남서향,20250428,"['25년이상', '역세권', '1층', '주차가능']",37.511013,127.124712
2522611244,일반상가,월세,7/11,372,"7,000",284,171,남서향,20250428,"['25년이상', '역세권', '중층', '주차가능']",37.512583,127.108223
2522549215,복합상가,매매,2/17,,14억,148,109,남동향,20250428,"['10년이내', '역세권', '지상층(1층제외)', '주차가능']",37.515891,127.113038
2522753987,일반상가,월세,1/4,190,"2,000",33,33,남서향,20250428,"['25년이상', '역세권', '1층', '주차가능']",37.509505,127.124455
2522727582,일반상가,월세,1/3,140,"2,000",49,46,남서향,20250428,"['25년이상', '역세권', '1층', '주차가능']",37.513774,127.117361
2522737113,일반상가,월세,B1/4,500,"5,000",279,279,남향,20250428,"['25년이상', '역세권', '지하층', '주차가능']",37.512898,127.111196
2522762386,일반상가,월세,1/4,160,"2,000",30,29,남서향,20250428,"['25년이상', '역세권', '1층', '주차가능']",37.512223,127.112818
2522727990,일반상가,월세,1/17,600,1억,107,71,남향,20250428,"['2년이내', '역세권', '1층', '관리비20만원이하']",37.516499,127.112848
2522750702,일반상가,월세,3/4,65,"1,000",40,33,남향,20250428,"['25년이상', '융자금없는', '역세권', '고층']",37.512898,127.111196
2522766778,일반상가,월세,1/3,200,"2,000",121,49,북서향,20250428,"['25년이상', '융자금없는', '역세권', '1층']",37.513252,127.110599
2522742814,일반상가,월세,1/16,570,"6,000",59,59,동향,20250428,"['10년이내', '역세권', '1층', '주차가능']",37.5164,127.113352
2522751115,일반상가,월세,1/8,240,"5,000",50,42,북향,20250428,"['25년이내', '융자금없는', '역세권', '1층']",37.516987,127.11216
2522731876,일반상가,월세,1/17,300,"5,000",51,34,남동향,20250428,"['2년이내', '역세권', '1층', '주차가능']",37.516499,127.112848
2522708424,일반상가,월세,1/3,230,"3,500",84,84,남서향,20250428,"['25년이상', '1층', '관리비10만원이하', '주차가능']",37.507014,127.120512
2522711484,일반상가,월세,1/4,320,"5,000",298,115,북서향,20250428,"['25년이상', '역세권', '1층', '주차가능']",37.513413,127.118703
2522535552,일반상가,월세,B1/4,110,"1,500",164,149,남서향,20250428,"['25년이상', '지하층', '관리비10만원이하', '주차가능']",37.513115,127.119043
2522610644,복합상가,월세,B1/15,850,"1억 5,000",479,346,북서향,20250428,"['25년이내', '역세권', '지하층', '주차가능']",37.516886,127.111826
2522703387,일반상가,월세,3/6,150,"3,000",105,75,남향,20250428,"['25년이상', '중층', '주차가능', '엘리베이터']",37.509698,127.118169
2522469262,일반상가,월세,1/5,150,"4,000",33,33,서향,20250428,"['25년이상', '역세권', '1층', '관리비10만원이하']",37.508456,127.116114
2522470520,일반상가,월세,7/8,"1,100",2억,313,247,서향,20250428,"['25년이상', '고층', '주차가능', '서향']",37.512986,127.108053
2522560499,일반상가,매매,B1/5,,8억,189,134,남향,20250428,"['25년이상', '역세권', '지하층', '주차가능']",37.51136,127.12433
2522591665,복합상가,월세,1/23,"2,900","4억 9,000",468,248,서향,20250428,"['25년이내', '융자금없는', '역세권', '1층']",37.514653,127.107441
2522515809,일반상가,월세,1/4,130,"2,000",39,39,남서향,20250428,"['25년이상', '1층', '관리비10만원이하', '주차가능']",37.50974,127.119185
2522470544,일반상가,월세,5/6,800,"5,000",201,191,북향,20250428,"['10년이내', '역세권', '고층', '주차가능']",37.514354,127.108606
2522543721,일반상가,월세,1/5,110,"2,000",33,33,남동향,20250428,"['25년이상', '융자금없는', '1층', '관리비10만원이하']",37.50752,127.121869
2522588640,단지내상가,월세,3/6,500,1억,171,138,서향,20250428,"['10년이내', '융자금없는', '역세권', '중층']",37.51135,127.110382
2522767389,일반상가,월세,B2/17,100,"2,000",23,17,동향,20250428,"['2년이내', '역세권', '지하층', '주차가능']",37.515689,127.109698
2522732123,일반상가,월세,1/5,110,"2,000",36,33,남동향,20250428,"['25년이상', '1층', '관리비10만원이하', '주차가능']",37.50752,127.121869
2522516267,일반상가,월세,1/5,300,"5,000",107,106,남서향,20250428,"['15년이내', '융자금없는', '테라스', '1층']",37.512733,127.122236
2522736083,일반상가,매매,6/7,,6억,194,101,북향,20250428,"['25년이내', '역세권', '급매', '고층']",37.514998,127.108744
2522531822,일반상가,월세,B1/8,900,1억,361,264,북향,20250428,"['25년이상', '융자금적은', '지하층', '주차가능']",37.512986,127.108053
2522690272,복합상가,매매,3/20,,"3억 6,000",41,41,남동향,20250428,"['2년이내', '역세권', '급매', '지상층(1층제외)']",37.516138,127.11135
2522352755,단지내상가,월세,3/7,"1,200",2억,330,285,남서향,20250426,"['2년이내', '융자금없는', '역세권', '중층']",37.509361,127.125806
2522372407,일반상가,월세,B1/7,270,"5,000",188,133,남서향,20250426,"['2년이내', '융자금없는', '역세권', '지하층']",37.509361,127.125806
2522375457,일반상가,월세,2/5,400,"7,000",163,135,남동향,20250426,"['25년이상', '융자금적은', '역세권', '중층']",37.511341,127.112514
2522310739,일반상가,월세,2/3,150,"2,000",91,72,북서향,20250426,"['25년이상', '융자금없는', '중층', '관리비20만원이하']",37.5068,127.121762
2522310580,일반상가,월세,1/3,150,"2,500",39,39,남동향,20250426,"['25년이내', '융자금없는', '역세권', '1층']",37.507522,127.122856
2522310466,일반상가,월세,1/23,950,"1억 6,000",67,67,남서향,20250426,"['25년이내', '역세권', '1층', '주차가능']",37.514653,127.107441
2522419291,일반상가,월세,2/5,220,"3,000",118,118,남서향,20250426,"['25년이상', '중층', '주차가능', '총5층']",37.510101,127.11842
2522417309,일반상가,월세,2/6,360,"9,000",232,214,서향,20250426,"['25년이내', '역세권', '지상층(1층제외)', '주차가능']",37.507883,127.122476
2522310015,일반상가,월세,1/6,100,"1,500",33,33,북서향,20250426,"['25년이상', '1층', '주차가능', '북서향']",37.510934,127.118937
2522430874,일반상가,월세,4/5,550,"7,000",123,123,남동향,20250426,"['2년이내', '역세권', '고층', '주차가능']",37.512348,127.112567
2522423774,일반상가,월세,1/2,180,"3,000",26,26,남서향,20250426,"['25년이상', '역세권', '1층', '총2층']",37.511205,127.115445
2522448243,일반상가,월세,B1/7,120,"2,000",115,69,북향,20250426,"['2년이내', '융자금없는', '역세권', '지하층']",37.509477,127.124982
2522363308,일반상가,월세,1/17,290,"5,000",42,36,남서향,20250426,"['10년이내', '융자금없는', '역세권', '1층']",37.515598,127.11121
2522412968,일반상가,월세,1/9,"1,866","3억 3,000",346,241,남동향,20250426,"['25년이내', '역세권', '1층', '주차가능']",37.51454,127.108107
2522306963,일반상가,월세,1/5,100,"1,500",33,33,북서향,20250426,"['25년이상', '1층', '총5층', '북서향']",37.511202,127.119056
2522361710,일반상가,월세,1/3,220,"2,500",108,108,남동향,20250426,"['25년이상', '융자금없는', '1층', '관리비10만원이하']",37.507013,127.121216
2522311122,일반상가,월세,1/4,162,"2,000",39,39,북서향,20250426,"['25년이상', '1층', '주차가능', '총4층']",37.510044,127.117672
2522311013,일반상가,월세,1/5,700,1억,106,82,남동향,20250426,"['25년이상', '융자금없는', '역세권', '1층']",37.511341,127.112514
2522419354,일반상가,월세,1/5,190,"2,000",370,39,남서향,20250426,"['25년이상', '1층', '관리비10만원이하', '주차가능']",37.510101,127.11842
2522434140,일반상가,월세,1/3,250,"2,000",30,26,남서향,20250426,"['25년이상', '융자금없는', '1층', '주차가능']",37.513803,127.109782
2522303448,일반상가,월세,1/4,85,"1,000",26,26,남향,20250426,"['25년이상', '1층', '총4층', '남향']",37.506727,127.121184
2522314004,일반상가,월세,5/5,300,"5,000",198,174,남서향,20250426,"['25년이상', '역세권', '고층', '주차가능']",37.515234,127.109183
2522394693,일반상가,월세,1/4,250,"4,000",82,72,남서향,20250426,"['25년이상', '1층', '관리비20만원이하', '주차가능']",37.512281,127.119299
2522347686,일반상가,월세,1/5,150,"4,000",32,32,남향,20250426,"['25년이상', '역세권', '1층', '주차가능']",37.508387,127.116236
2522252698,일반상가,월세,1/7,850,1억,213,213,북서향,20250425,"['25년이상', '역세권', '1층', '주차가능']",37.511013,127.124712
2522253806,일반상가,월세,1/3,180,"2,000",42,42,남향,20250425,"['25년이상', '융자금없는', '1층', '관리비10만원이하']",37.510156,127.117429
2522257140,일반상가,월세,5/5,100,"1,000",65,59,남동향,20250425,"['25년이상', '역세권', '고층', '주차가능']",37.513248,127.10964
2522162561,일반상가,월세,B1/3,100,"1,500",87,66,남동향,20250425,"['25년이상', '역세권', '지하층', '관리비10만원이하']",37.514675,127.110469
2522265992,일반상가,월세,1/5,580,1억,171,165,남동향,20250425,"['25년이상', '융자금없는', '역세권', '1층']",37.509962,127.125356
2522126194,일반상가,월세,B1/12,"1,000",2억,495,330,동향,20250425,"['25년이상', '지하층', '주차가능', '동향']",37.512894,127.124179
2522246336,일반상가,월세,4/7,125,"2,000",49,49,서향,20250425,"['25년이내', '역세권', '중층', '주차가능']",37.514998,127.108744
2522259462,일반상가,월세,1/5,200,"5,000",99,99,북서향,20250425,"['25년이내', '융자금없는', '역세권', '1층']",37.510415,127.124134
2522268514,일반상가,월세,1/3,100,"2,500",33,33,남향,20250425,"['25년이상', '융자금없는', '역세권', '1층']",37.511359,127.116112
2522069889,복합상가,월세,B1/5,205,"3,000",148,125,남동향,20250425,"['10년이내', '지하층', '주차가능', '총5층']",37.513583,127.109139
2522149067,일반상가,월세,1/4,130,"2,000",42,33,남향,20250425,"['25년이상', '1층', '관리비10만원이하', '주차가능']",37.50974,127.119185
2522228910,일반상가,월세,1/4,200,"3,000",121,121,북서향,20250425,"['25년이상', '융자금없는', '역세권', '1층']",37.511202,127.123551
2522209928,일반상가,월세,1/4,125,"1,400",36,36,북동향,20250425,"['25년이상', '융자금적은', '역세권', '1층']",37.50993,127.124612
2522203544,복합상가,월세,1/17,330,"5,000",30,29,남향,20250425,"['10년이내', '역세권', '1층', '주차가능']",37.515714,127.111152
2522117646,일반상가,월세,1/3,220,"2,000",60,45,남동향,20250425,"['25년이상', '역세권', '1층', '주차가능']",37.511357,127.111369
2522161584,일반상가,월세,2/5,80,"1,500",66,66,북서향,20250425,"['25년이상', '역세권', '중층', '관리비10만원이하']",37.5087,127.115685
2522107201,일반상가,월세,2/4,240,"2,000",175,175,남향,20250425,"['25년이상', '역세권', '중층', '주차가능']",37.509549,127.125703
2522072440,일반상가,월세,1/5,800,"1억 5,000",217,198,북서향,20250425,"['25년이상', '1층', '주차가능', '총5층']",37.512865,127.122768
2522279392,단지내상가,월세,1/3,250,"4,000",30,30,북서향,20250425,"['25년이상', '역세권', '1층', '주차가능']",37.515836,127.13223
2522249358,일반상가,월세,1/3,130,"2,000",34,34,서향,20250425,"['25년이상', '역세권', '1층', '관리비10만원이하']",37.514187,127.116267
2522277390,일반상가,월세,1/5,100,"2,000",49,34,북동향,20250425,"['15년이내', '융자금없는', '1층', '관리비20만원이하']",37.510654,127.118763
2522292916,일반상가,월세,B1/15,60,"1,000",66,66,북향,20250425,"['25년이상', '역세권', '지하층', '주차가능']",37.515829,127.11518
2522146541,일반상가,월세,1/5,100,"2,000",25,25,북서향,20250425,"['25년이상', '1층', '관리비10만원이하', '주차가능']",37.507267,127.122071
2522084954,일반상가,월세,B1/17,300,"5,000",180,40,동향,20250425,"['2년이내', '역세권', '지하층', '주차가능']",37.515689,127.109698
2522140065,일반상가,월세,1/5,160,"3,000",49,33,서향,20250425,"['10년이내', '역세권', '1층', '관리비10만원이하']",37.510066,127.114503
2522301813,일반상가,월세,1/3,86,"1,000",33,33,동향,20250425,"['25년이상', '1층', '주차가능', '총3층']",37.507099,127.120905
2522265927,일반상가,월세,1/5,240,"3,000",93,92,남동향,20250425,"['25년이상', '융자금없는', '역세권', '1층']",37.509595,127.125246
2522220949,일반상가,월세,1/17,250,"4,000",41,18,북동향,20250425,"['10년이내', '융자금없는', '역세권', '1층']",37.5162,127.114147
2522163583,일반상가,월세,1/5,190,"2,000",36,36,남서향,20250425,"['25년이상', '1층', '관리비10만원이하', '주차가능']",37.510101,127.11842
2522239581,일반상가,월세,B1/4,400,"5,000",71,69,북향,20250425,"['25년이상', '역세권', '지하층', '총4층']",37.514868,127.109847
2522240669,복합상가,매매,2/19,,20억,278,154,북향,20250425,"['10년이내', '역세권', '지상층(1층제외)', '주차가능']",37.516292,127.111176
2522196476,복합상가,매매,4/16,,"3억 9,000",47,29,동향,20250425,"['2년이내', '역세권', '급매', '지상층(1층제외)']",37.515301,127.110348
2522073217,일반상가,매매,2/16,,"2억 8,500",37,25,남동향,20250425,"['2년이내', '역세권', '지상층(1층제외)', '관리비10만원이하']",37.515831,127.11415
2522086194,일반상가,매매,1/7,,11억,60,42,북동향,20250425,"['25년이내', '역세권', '1층', '관리비10만원이하']",37.509807,127.122624
2521981639,일반상가,월세,B1/7,120,"2,000",83,63,북서향,20250424,"['2년이내', '역세권', '지하층', '관리비20만원이하']",37.509477,127.124982
2522066290,일반상가,월세,1/5,140,"5,500",76,76,남서향,20250424,"['25년이상', '1층', '관리비20만원이하', '주차가능']",37.512968,127.119483
2521883614,일반상가,월세,2/6,500,"5,000",283,152,북동향,20250424,"['25년이상', '역세권', '지상층(1층제외)', '주차가능']",37.509115,127.125786
2521915980,일반상가,월세,3/17,560,"1억 3,000",136,85,남향,20250424,"['2년이내', '역세권', '지상층(1층제외)', '주차가능']",37.51476,127.108528
2521843743,일반상가,월세,2/4,220,"2,000",105,92,북향,20250424,"['25년이상', '중층', '관리비10만원이하', '주차가능']",37.513719,127.110149
2522028138,일반상가,월세,2/5,300,"4,000",159,148,서향,20250424,"['25년이상', '중층', '주차가능', '총5층']",37.51211,127.1223
2522018707,일반상가,월세,B1/5,300,"3,000",198,188,남향,20250424,"['25년이상', '지하층', '관리비20만원이하', '주차가능']",37.51353,127.108984
2521969744,일반상가,월세,1/3,130,"2,000",46,46,남향,20250424,"['25년이상', '융자금적은', '역세권', '1층']",37.514187,127.116267
2521951124,일반상가,월세,B1/17,600,1억,320,264,남향,20250424,"['2년이내', '역세권', '지하층', '주차가능']",37.515142,127.109437
2521969473,일반상가,월세,1/3,220,"2,000",49,49,남동향,20250424,"['25년이상', '융자금적은', '역세권', '1층']",37.511357,127.111369
2521857338,단지내상가,월세,5/6,800,"5,000",201,190,북서향,20250424,"['10년이내', '역세권', '고층', '주차가능']",37.514354,127.108606
2521918731,일반상가,월세,B2/15,235,"3,500",379,288,북향,20250424,"['25년이내', '역세권', '지하층', '주차가능']",37.515678,127.108292
2521840797,일반상가,월세,3/16,330,"5,000",106,79,북향,20250424,"['2년이내', '역세권', '지상층(1층제외)', '관리비20만원이하']",37.51673,127.112054
2521982358,복합상가,월세,1/17,280,"3,000",38,23,북서향,20250424,"['10년이내', '역세권', '1층', '관리비10만원이하']",37.515993,127.111996
2522054992,일반상가,월세,1/17,300,"5,000",36,36,북동향,20250424,"['2년이내', '융자금적은', '역세권', '1층']",37.516499,127.112848
2521897487,일반상가,월세,1/4,160,"2,000",49,30,서향,20250424,"['25년이상', '역세권', '1층', '주차가능']",37.512898,127.111196
2521902918,일반상가,월세,1/5,170,"3,500",36,36,북향,20250424,"['25년이상', '역세권', '1층', '주차가능']",37.509472,127.12358
2522053943,일반상가,월세,2/8,180,"4,500",99,99,북서향,20250424,"['25년이내', '융자금적은', '역세권', '지상층(1층제외)']",37.507883,127.122476
2522013167,일반상가,월세,2/3,950,"1억 7,000",276,165,북향,20250424,"['25년이상', '중층', '주차가능', '총3층']",37.514079,127.108791
2521826086,일반상가,월세,B1/4,100,"2,000",119,106,북향,20250424,"['25년이상', '역세권', '지하층', '관리비10만원이하']",37.509301,127.123371
2522069154,일반상가,월세,1/5,480,"8,000",33,33,북서향,20250424,"['25년이상', '1층', '관리비20만원이하', '주차가능']",37.514573,127.108981
2521980546,일반상가,월세,1/5,200,"4,000",49,34,북서향,20250424,"['10년이내', '역세권', '1층', '관리비10만원이하']",37.510066,127.114503
2521980229,일반상가,월세,1/5,160,"3,000",33,24,북서향,20250424,"['10년이내', '역세권', '1층', '관리비10만원이하']",37.510066,127.114503
2521826556,일반상가,월세,1/4,470,1억,89,77,북향,20250424,"['25년이상', '역세권', '1층', '관리비20만원이하']",37.509301,127.123371
2521982510,일반상가,월세,1/5,800,"1억 5,000",217,181,북서향,20250424,"['25년이상', '1층', '주차가능', '총5층']",37.512865,127.122768
2522053766,일반상가,월세,2/16,330,"5,000",123,99,북향,20250424,"['2년이내', '융자금적은', '역세권', '지상층(1층제외)']",37.51673,127.112054
2521910943,일반상가,월세,1/1,210,"3,500",394,89,남서향,20250424,"['25년이상', '1층', '관리비10만원이하', '주차가능']",37.512765,127.12006
2521843722,일반상가,월세,B1/17,700,1억,320,235,북동향,20250424,"['2년이내', '역세권', '지하층', '주차가능']",37.515017,127.109486
2521903100,일반상가,월세,1/5,120,"2,000",49,33,서향,20250424,"['25년이내', '역세권', '1층', '관리비10만원이하']",37.510415,127.124134
2521911786,일반상가,월세,B1/3,270,"3,000",94,85,남향,20250424,"['25년이상', '지하층', '총3층', '남향']",37.514076,127.109321
2521906583,일반상가,월세,1/11,138,"4,000",27,27,남동향,20250424,"['25년이내', '융자금없는', '역세권', '1층']",37.51075,127.126669
2522065480,일반상가,월세,1/5,400,1억,70,70,서향,20250424,"['25년이상', '역세권', '1층', '주차가능']",37.511869,127.113771
2522066581,일반상가,월세,1/8,270,"5,000",42,71,북동향,20250424,"['25년이내', '역세권', '1층', '주차가능']",37.516987,127.11216
2522065334,일반상가,월세,1/3,230,"2,000",18,18,남서향,20250424,"['25년이상', '1층', '주차가능', '총3층']",37.513803,127.109782
2521858514,일반상가,월세,1/3,130,"2,000",42,42,남서향,20250424,"['25년이상', '역세권', '1층', '관리비10만원이하']",37.514187,127.116267
2521915290,일반상가,월세,3/17,160,"3,000",35,22,남향,20250424,"['2년이내', '역세권', '지상층(1층제외)', '주차가능']",37.51476,127.108528
2521949697,일반상가,월세,1/5,100,"1,650",33,30,남동향,20250424,"['25년이상', '1층', '관리비10만원이하', '주차가능']",37.50752,127.121869
2522008519,일반상가,월세,1/8,"1,200","1억 5,000",76,66,서향,20250424,"['25년이내', '역세권', '1층', '주차가능']",37.513766,127.107715
2522027082,일반상가,월세,B1/7,800,1억,204,204,북서향,20250424,"['2년이내', '역세권', '지하층', '주차가능']",37.511249,127.113144
2522054824,일반상가,월세,1/4,500,"6,000",94,66,북서향,20250424,"['25년이상', '융자금없는', '역세권', '1층']",37.512988,127.109884
2521756293,일반상가,월세,1/5,300,"3,000",99,73,북동향,20250423,"['2년이내', '역세권', '1층', '관리비20만원이하']",37.515143,127.112049
2521726961,일반상가,월세,1/4,200,"4,000",36,36,남동향,20250423,"['25년이상', '역세권', '1층', '관리비10만원이하']",37.511543,127.114625
2521799780,복합상가,월세,1/17,290,"4,000",65,36,북서향,20250423,"['10년이내', '역세권', '1층', '주차가능']",37.515714,127.111152
2521801024,일반상가,월세,2/5,700,1억,327,265,남동향,20250423,"['25년이상', '융자금적은', '역세권', '중층']",37.511341,127.112514
2521664528,복합상가,월세,1/17,300,"4,000",35,34,남향,20250423,"['10년이내', '역세권', '1층', '주차가능']",37.515714,127.111152
2521644402,일반상가,월세,B1/6,200,"3,000",134,104,남동향,20250423,"['10년이내', '역세권', '지하층', '주차가능']",37.512995,127.109558
2521756771,일반상가,월세,1/2,360,"4,000",115,73,남서향,20250423,"['25년이상', '역세권', '1층', '관리비10만원이하']",37.512956,127.110989
2521671539,복합상가,월세,3/16,"1,800",2억,385,297,남향,20250423,"['2년이내', '역세권', '지상층(1층제외)', '주차가능']",37.515301,127.110348
2521673479,일반상가,월세,B1/3,100,"1,500",87,56,남동향,20250423,"['25년이상', '역세권', '지하층', '관리비10만원이하']",37.514675,127.110469
2521673760,복합상가,월세,3/16,600,"7,000",103,63,남향,20250423,"['2년이내', '역세권', '지상층(1층제외)', '주차가능']",37.515301,127.110348
2521779555,일반상가,월세,4/5,380,"5,000",185,132,북서향,20250423,"['25년이내', '역세권', '고층', '주차가능']",37.515222,127.11088
2521651417,일반상가,월세,1/7,"1,800",4억,297,204,북서향,20250423,"['2년이내', '융자금없는', '역세권', '1층']",37.511249,127.113144
2521648130,일반상가,월세,B1/9,500,1억,462,122,북서향,20250423,"['2년이내', '역세권', '지하층', '주차가능']",37.511249,127.113144
2521755682,일반상가,월세,1/1,510,"4,000",138,116,남동향,20250423,"['25년이상', '융자금적은', '역세권', '1층']",37.513089,127.110744
2521637490,일반상가,월세,1/9,"1,977",4억,335,231,남향,20250423,"['25년이내', '역세권', '1층', '주차가능']",37.514599,127.107859
2521820412,일반상가,월세,B2/6,450,"5,000",283,148,북동향,20250423,"['25년이상', '역세권', '지하층', '관리비10만원이하']",37.509115,127.125786
2521809301,일반상가,매매,1/5,,8억,85,70,남동향,20250423,"['25년이상', '역세권', '1층', '관리비10만원이하']",37.511206,127.124229
2521632674,일반상가,월세,1/3,250,"4,000",36,30,북향,20250423,"['25년이상', '역세권', '1층', '주차가능']",37.515836,127.13223
2521776965,일반상가,월세,4/6,150,"2,000",120,105,북서향,20250423,"['25년이상', '역세권', '중층', '북서향']",37.516393,127.110382
2521776321,일반상가,월세,1/4,85,"1,000",24,24,북동향,20250423,"['25년이내', '1층', '관리비10만원이하', '주차가능']",37.509553,127.118963
2521708711,단지내상가,월세,2/18,150,"2,000",105,47,남향,20250423,"['10년이내', '융자금적은', '역세권', '지상층(1층제외)']",37.516509,127.111823
2521764948,단지내상가,월세,1/16,270,"4,000",46,35,서향,20250423,"['10년이내', '융자금적은', '역세권', '1층']",37.516471,127.113163
2521663718,복합상가,매매,1/20,,16억,99,51,남서향,20250423,"['10년이내', '역세권', '1층', '주차가능']",37.516023,127.114612
2521770287,일반상가,월세,1/3,85,"1,500",33,33,북동향,20250423,"['25년이상', '1층', '주차가능', '총3층']",37.51281,127.119073
2521419311,일반상가,월세,2/15,"2,000","2억 5,000",545,446,북서향,20250422,"['25년이내', '역세권', '지상층(1층제외)', '주차가능']",37.516537,127.110808
2521436564,일반상가,월세,1/5,270,"5,000",107,99,남동향,20250422,"['15년이내', '테라스', '1층', '주차가능']",37.512733,127.122236
2521461877,일반상가,월세,3/5,300,"3,000",148,148,서향,20250422,"['25년이상', '중층', '주차가능', '총5층']",37.51353,127.108984
2521463031,일반상가,월세,1/3,85,"1,500",127,39,북동향,20250422,"['25년이상', '1층', '관리비10만원이하', '주차가능']",37.51281,127.119073
2521463177,복합상가,월세,3/16,300,"3,000",123,92,북서향,20250422,"['2년이내', '역세권', '지상층(1층제외)', '관리비20만원이하']",37.51673,127.112054
2521441373,일반상가,월세,1/12,"1,000",2억,399,399,북동향,20250422,"['25년이상', '1층', '주차가능', '북동향']",37.512894,127.124179
2521432516,일반상가,월세,1/5,200,"5,000",170,96,북서향,20250422,"['25년이내', '역세권', '1층', '관리비10만원이하']",37.510415,127.124134
2521466175,일반상가,월세,2/5,600,1억,217,198,북서향,20250422,"['25년이상', '중층', '주차가능', '총5층']",37.512865,127.122768
2521409293,일반상가,월세,1/17,320,"5,000",34,34,서향,20250422,"['10년이내', '역세권', '1층', '주차가능']",37.515714,127.111152
2521397285,단지내상가,월세,3/5,600,1억,217,182,북서향,20250422,"['25년이상', '융자금없는', '중층', '주차가능']",37.512865,127.122768
2521480029,일반상가,월세,2/16,230,"2,000",89,51,남향,20250422,"['10년이내', '역세권', '지상층(1층제외)', '관리비20만원이하']",37.51498,127.108228
2521467807,일반상가,월세,1/4,80,"1,000",81,33,남향,20250422,"['25년이내', '1층', '관리비10만원이하', '주차가능']",37.509553,127.118963
2521468926,일반상가,월세,1/5,290,"4,000",80,79,남향,20250422,"['4년이내', '역세권', '1층', '관리비10만원이하']",37.512071,127.112162
2521468545,일반상가,월세,2/3,220,"2,000",179,132,남향,20250422,"['25년이상', '역세권', '중층', '관리비20만원이하']",37.512104,127.112416
2521466450,일반상가,월세,1/1,130,"2,000",394,42,남향,20250422,"['25년이상', '1층', '관리비10만원이하', '주차가능']",37.512765,127.12006
2521544285,단지내상가,월세,2/20,170,"2,500",66,44,남동향,20250422,"['2년이내', '역세권', '지상층(1층제외)', '주차가능']",37.516138,127.11135
2521483909,단지내상가,월세,7/7,479,1억,180,180,북동향,20250422,"['25년이내', '융자금없는', '역세권', '고층']",37.513633,127.107979
2521482482,일반상가,월세,2/5,370,"4,000",201,165,남향,20250422,"['25년이내', '역세권', '중층', '주차가능']",37.513093,127.108476
2521485964,일반상가,월세,2/4,240,"2,000",174,174,남향,20250422,"['25년이상', '역세권', '중층', '관리비10만원이하']",37.509549,127.125703
2521466885,일반상가,월세,B1/3,600,"6,000",209,209,남서향,20250422,"['25년이상', '지하층', '총3층', '남서향']",37.513974,127.109754
2521478954,일반상가,월세,B1/5,140,"1,000",100,16,남향,20250422,"['25년이상', '지하층', '주차가능', '총5층']",37.513441,127.108721
2521472616,일반상가,월세,1/3,230,"3,500",84,82,북향,20250422,"['25년이상', '1층', '관리비10만원이하', '주차가능']",37.507014,127.120512
2521486760,일반상가,월세,2/3,680,"5,000",400,198,남향,20250422,"['25년이상', '중층', '주차가능', '총3층']",37.514076,127.109321
2521446240,일반상가,월세,4/5,120,"1,500",82,82,북향,20250422,"['25년이상', '융자금없는', '역세권', '고층']",37.509472,127.12358
2521418001,일반상가,월세,1/10,"3,000","3억 4,000",350,350,북서향,20250422,"['25년이상', '역세권', '1층', '주차가능']",37.516665,127.111182
2521419303,일반상가,월세,2/15,500,1억,172,132,북향,20250422,"['25년이내', '역세권', '지상층(1층제외)', '주차가능']",37.516537,127.110808
2521477864,일반상가,월세,1/5,110,"2,000",145,33,남향,20250422,"['25년이상', '1층', '관리비10만원이하', '주차가능']",37.50954,127.117597
2521483489,일반상가,월세,2/4,220,"2,500",135,132,남향,20250422,"['25년이상', '역세권', '중층', '관리비20만원이하']",37.509665,127.125425
2521478095,일반상가,월세,2/6,170,"2,500",98,95,남동향,20250422,"['25년이내', '융자금없는', '역세권', '지상층(1층제외)']",37.513455,127.118208
2521469532,일반상가,월세,1/8,240,"5,000",117,52,남향,20250422,"['25년이내', '역세권', '1층', '주차가능']",37.516987,127.11216
2521475610,단지내상가,매매,1/3,,18억,32,16,남향,20250422,"['25년이상', '역세권', '1층', '주차가능']",37.515836,127.13223
2521620419,일반상가,월세,1/3,250,"3,500",72,66,남서향,20250422,"['25년이상', '역세권', '1층', '주차가능']",37.510044,127.125031
2521605592,일반상가,월세,3/3,"1,000",1억,486,309,북동향,20250422,"['25년이상', '융자금없는', '고층', '관리비10만원이하']",37.514079,127.108791
2521616883,일반상가,월세,1/9,"1,977",4억,231,231,남향,20250422,"['25년이내', '역세권', '1층', '주차가능']",37.51454,127.108107
2521621076,일반상가,월세,1/7,850,1억,291,213,남서향,20250422,"['25년이상', '역세권', '1층', '주차가능']",37.511073,127.124557
2521618152,일반상가,월세,1/7,147,"4,000",30,30,남동향,20250422,"['10년이내', '1층', '주차가능', '남동향']",37.512522,127.122106
2521616134,일반상가,월세,1/6,320,"4,000",69,66,남서향,20250422,"['25년이상', '융자금없는', '역세권', '1층']",37.51143,127.114859
2521506469,일반상가,월세,1/5,370,"5,000",261,216,남동향,20250422,"['25년이상', '역세권', '1층', '주차가능']",37.510821,127.113641
2521507576,일반상가,월세,1/6,440,"3,000",82,82,북동향,20250422,"['25년이상', '융자금적은', '역세권', '1층']",37.515209,127.107826
2521520489,일반상가,월세,1/8,"2,300",2억,198,198,동향,20250422,"['25년이상', '1층', '주차가능', '동향']",37.512986,127.108053
2521615266,일반상가,월세,1/4,240,"4,000",76,76,남동향,20250422,"['25년이상', '1층', '주차가능', '총4층']",37.512281,127.119299
2521610997,복합상가,매매,3/14,,37억,760,388,북동향,20250422,"['25년이상', '역세권', '지상층(1층제외)', '주차가능']",37.515805,127.116347
2521528361,일반상가,월세,1/5,350,"5,000",101,92,동향,20250422,"['10년이내', '1층', '관리비20만원이하', '주차가능']",37.512919,127.119694
2521495217,단지내상가,월세,1/3,100,"2,500",26,13,남서향,20250422,"['25년이상', '역세권', '1층', '관리비20만원이하']",37.515836,127.13223
2521603462,일반상가,월세,5/6,800,"5,000",274,192,북향,20250422,"['10년이내', '융자금없는', '역세권', '고층']",37.514354,127.108606
2521500599,단지내상가,월세,2/6,440,"5,000",225,198,북서향,20250422,"['25년이상', '역세권', '지상층(1층제외)', '주차가능']",37.516323,127.110184
2521493315,단지내상가,월세,1/3,220,"5,000",63,33,남서향,20250422,"['25년이상', '역세권', '1층', '주차가능']",37.515836,127.13223
2521494803,일반상가,월세,4/5,190,"3,000",332,122,남향,20250422,"['25년이상', '고층', '주차가능', '총5층']",37.510101,127.11842
2521494666,일반상가,월세,1/4,125,"2,000",42,33,남동향,20250422,"['15년이내', '역세권', '1층', '관리비10만원이하']",37.510576,127.124899
2521604231,일반상가,월세,B1/4,300,"2,000",311,311,북서향,20250422,"['25년이상', '융자금없는', '역세권', '지하층']",37.512509,127.109585
2521496474,일반상가,월세,1/4,130,"1,200",90,33,남향,20250422,"['25년이상', '역세권', '1층', '관리비10만원이하']",37.509311,127.115852
2521597522,일반상가,매매,1/6,,8억,75,54,,20250422,"['10년이내', '역세권', '1층', '관리비20만원이하']",37.510564,127.121871
2521490886,단지내상가,매매,전체층/3,,14억,24,12,남향,20250422,"['25년이상', '역세권', '주차가능', '총3층']",37.515836,127.13223
2521616683,일반상가,월세,1/7,"1,800",4억,198,198,북서향,20250422,"['2년이내', '역세권', '1층', '주차가능']",37.511249,127.113144
2521616060,일반상가,월세,1/4,550,1억,91,79,남서향,20250422,"['25년이상', '역세권', '1층', '주차가능']",37.511035,127.115876
2521605908,일반상가,월세,1/5,400,"4,000",149,149,북향,20250422,"['25년이상', '융자금없는', '역세권', '1층']",37.512291,127.109066
2521618067,일반상가,월세,1/6,247,"3,500",113,89,남동향,20250422,"['25년이내', '융자금없는', '1층', '주차가능']",37.512116,127.121853
2521168327,일반상가,월세,B1/6,200,"3,000",135,104,동향,20250421,"['10년이내', '융자금없는', '역세권', '지하층']",37.512995,127.109558
2521168764,일반상가,월세,1/3,300,"5,000",50,33,남서향,20250421,"['25년이상', '역세권', '1층', '관리비10만원이하']",37.511676,127.114183
2521166936,일반상가,월세,1/5,328,"4,000",124,115,남향,20250421,"['25년이상', '역세권', '1층', '주차가능']",37.51127,127.124078
2521179569,일반상가,월세,1/4,"1,050","1억 8,000",134,119,남동향,20250421,"['25년이상', '역세권', '1층', '주차가능']",37.512203,127.11305
2521167574,일반상가,월세,1/18,400,"5,000",81,67,남동향,20250421,"['25년이내', '융자금없는', '역세권', '1층']",37.514852,127.114694
2521184021,일반상가,월세,4/6,180,"3,000",125,99,남동향,20250421,"['25년이상', '융자금없는', '역세권', '중층']",37.511664,127.124528
2521168395,일반상가,월세,1/4,200,"3,000",73,73,북서향,20250421,"['25년이상', '1층', '주차가능', '총4층']",37.506885,127.12108
2521079375,일반상가,월세,1/5,170,"3,500",35,33,북동향,20250421,"['25년이상', '역세권', '1층', '관리비10만원이하']",37.509472,127.12358
2521211571,일반상가,월세,1/5,150,"4,000",33,33,남서향,20250421,"['25년이상', '역세권', '1층', '관리비10만원이하']",37.508387,127.116236
2521223186,일반상가,월세,1/5,190,"2,000",45,35,남서향,20250421,"['25년이상', '1층', '관리비10만원이하', '주차가능']",37.510101,127.11842
2521277113,일반상가,월세,1/3,250,"3,500",66,66,남서향,20250421,"['25년이상', '역세권', '1층', '주차가능']",37.510106,127.124894
2521261632,일반상가,월세,2/5,220,"3,000",118,102,남서향,20250421,"['25년이상', '중층', '주차가능', '엘리베이터']",37.510101,127.11842
2521271677,일반상가,월세,1/4,190,"3,000",24,24,남향,20250421,"['25년이상', '1층', '관리비10만원이하', '주차가능']",37.510192,127.118003
2521361394,일반상가,월세,1/4,240,"3,000",50,50,북서향,20250421,"['25년이상', '역세권', '1층', '관리비10만원이하']",37.512502,127.11152
2521366947,일반상가,월세,B1/4,180,"2,000",233,233,북동향,20250421,"['25년이상', '융자금없는', '역세권', '지하층']",37.509549,127.125703
2521365062,일반상가,월세,2/5,330,"6,000",48,48,남향,20250421,"['25년이상', '역세권', '중층', '관리비20만원이하']",37.511465,127.114041
2521361646,일반상가,월세,1/6,220,"3,300",99,82,남동향,20250421,"['25년이내', '1층', '주차가능', '남동향']",37.512116,127.121853
2521117985,일반상가,월세,B1/17,300,"5,000",157,95,동향,20250421,"['2년이내', '역세권', '지하층', '주차가능']",37.515689,127.109698
2521201306,일반상가,월세,1/4,200,"3,000",29,29,동향,20250421,"['25년이상', '융자금적은', '역세권', '1층']",37.515099,127.110933
2521124556,일반상가,월세,1/6,300,"5,000",171,132,동향,20250421,"['25년이내', '1층', '주차가능', '동향']",37.511572,127.121522
2521195862,복합상가,매매,1/15,,"5억 5,000",24,17,북서향,20250421,"['10년이내', '역세권', '1층', '주차가능']",37.515468,127.11369
2521302951,일반상가,월세,1/4,250,"4,000",66,66,남동향,20250421,"['25년이상', '1층', '주차가능', '총4층']",37.512281,127.119299
2521266707,일반상가,월세,1/5,120,"2,000",66,49,북서향,20250421,"['25년이내', '역세권', '1층', '관리비10만원이하']",37.510415,127.124134
2521179885,일반상가,월세,2/20,140,"2,000",69,43,북서향,20250421,"['10년이내', '융자금없는', '테라스', '역세권']",37.516037,127.112408
2521106963,일반상가,월세,2/5,300,"4,000",172,132,북서향,20250421,"['25년이상', '중층', '주차가능', '엘리베이터']",37.51211,127.1223
2521271633,일반상가,월세,2/16,300,"5,000",142,108,서향,20250421,"['4년이내', '역세권', '지상층(1층제외)', '주차가능']",37.5162,127.113572
2521180355,일반상가,월세,2/20,140,"2,000",71,45,북서향,20250421,"['10년이내', '융자금없는', '테라스', '역세권']",37.516037,127.112408
2521178196,일반상가,월세,1/7,340,"6,000",70,38,남서향,20250421,"['25년이내', '역세권', '1층', '주차가능']",37.514998,127.108744
2521148029,일반상가,월세,2/5,400,"5,000",188,148,북서향,20250421,"['25년이상', '융자금없는', '중층', '주차가능']",37.512996,127.122849
2521111922,일반상가,월세,1/3,370,"5,000",91,91,북서향,20250421,"['25년이상', '융자금없는', '1층', '관리비20만원이하']",37.5068,127.121762
2521111841,단지내상가,월세,1/4,220,"3,000",122,116,북동향,20250421,"['25년이상', '융자금없는', '1층', '관리비10만원이하']",37.506772,127.12046
2521196548,일반상가,월세,2/3,540,"7,000",198,181,남서향,20250421,"['25년이상', '융자금없는', '중층', '주차가능']",37.513509,127.110011
2521183446,일반상가,월세,1/5,650,1억,106,99,북서향,20250421,"['25년이상', '역세권', '1층', '주차가능']",37.511341,127.112514
2521169323,일반상가,월세,5/7,550,"5,000",109,90,북향,20250421,"['2년이내', '융자금없는', '역세권', '고층']",37.509477,127.124982
2521168933,일반상가,월세,1/4,240,"3,000",48,48,서향,20250421,"['25년이상', '융자금없는', '역세권', '1층']",37.512502,127.11152
2521281139,일반상가,월세,1/5,400,"5,000",105,105,동향,20250421,"['10년이내', '역세권', '1층', '주차가능']",37.511966,127.125759
2521303249,일반상가,월세,1/4,150,"2,000",59,59,서향,20250421,"['25년이상', '1층', '관리비10만원이하', '주차가능']",37.511648,127.11938
2521362019,일반상가,월세,1/19,800,1억,217,139,동향,20250421,"['10년이내', '융자금없는', '역세권', '1층']",37.515544,127.114999
2521373036,일반상가,월세,3/6,150,"2,000",76,76,북동향,20250421,"['25년이내', '중층', '관리비20만원이하', '주차가능']",37.512056,127.120982
2521358499,일반상가,월세,1/5,140,"2,000",170,47,남동향,20250421,"['25년이내', '역세권', '1층', '관리비10만원이하']",37.510415,127.124134
2521333523,일반상가,월세,B1/16,800,1억,305,186,남향,20250421,"['2년이내', '역세권', '지하층', '주차가능']",37.515301,127.110348
2521286468,일반상가,월세,1/7,330,1억,99,99,북서향,20250421,"['10년이내', '역세권', '1층', '주차가능']",37.511484,127.11329
2521241290,일반상가,월세,B1/3,500,"6,000",209,199,북서향,20250421,"['25년이상', '지하층', '총3층', '북서향']",37.513974,127.109754
2521271885,일반상가,월세,3/6,300,"3,000",119,104,서향,20250421,"['10년이내', '테라스', '역세권', '중층']",37.51209,127.113667
2521173014,일반상가,월세,1/4,200,"4,000",35,29,남서향,20250421,"['25년이상', '역세권', '1층', '관리비10만원이하']",37.511543,127.114625
2521272415,일반상가,월세,1/5,150,"5,500",70,70,남서향,20250421,"['25년이상', '1층', '관리비10만원이하', '주차가능']",37.512968,127.119483
2521275755,일반상가,월세,1/6,440,"3,000",83,83,북동향,20250421,"['25년이상', '역세권', '1층', '주차가능']",37.515209,127.107826
2521289775,일반상가,월세,1/3,130,"2,000",42,42,북서향,20250421,"['25년이상', '1층', '주차가능', '총3층']",37.509041,127.117759
2521289842,일반상가,월세,1/5,80,"1,500",27,27,남서향,20250421,"['25년이상', '역세권', '1층', '관리비10만원이하']",37.5087,127.115685
2521287471,일반상가,월세,1/5,160,"3,000",33,33,북서향,20250421,"['10년이내', '역세권', '1층', '관리비10만원이하']",37.510066,127.114503
2521287810,일반상가,월세,1/4,550,1억,79,79,남서향,20250421,"['25년이상', '역세권', '1층', '관리비10만원이하']",37.511035,127.115876
2521282886,일반상가,월세,1/5,165,"2,000",50,50,남서향,20250421,"['25년이상', '1층', '관리비10만원이하', '주차가능']",37.50766,127.121531
2521284669,일반상가,월세,1/4,260,"3,000",56,56,남동향,20250421,"['25년이상', '1층', '총4층', '남동향']",37.506333,127.121047
2521220774,일반상가,월세,1/4,850,"1억 5,000",82,56,북서향,20250421,"['25년이상', '역세권', '1층', '총4층']",37.514235,127.107989
2521326614,일반상가,월세,1/3,150,"1,500",30,29,남동향,20250421,"['25년이상', '역세권', '1층', '주차가능']",37.514635,127.112273
2521300227,일반상가,월세,2/3,950,"1억 7,000",243,181,북서향,20250421,"['25년이상', '중층', '주차가능', '총3층']",37.514079,127.108791
2521320444,일반상가,월세,1/7,850,1억,226,213,남서향,20250421,"['25년이상', '역세권', '1층', '주차가능']",37.511013,127.124712
2521326792,일반상가,월세,1/7,147,"4,000",52,30,남동향,20250421,"['10년이내', '1층', '주차가능', '남동향']",37.512522,127.122106
2520930681,일반상가,월세,1/5,190,"2,000",50,33,남동향,20250419,"['25년이상', '1층', '관리비10만원이하', '주차가능']",37.510101,127.11842
2520981951,일반상가,월세,1/15,370,"7,000",66,38,남동향,20250419,"['4년이내', '역세권', '1층', '주차가능']",37.515683,127.114059
2520979864,일반상가,월세,3/17,400,1억,100,62,남동향,20250419,"['2년이내', '역세권', '지상층(1층제외)', '주차가능']",37.51476,127.108528
2521036622,일반상가,월세,1/9,"1,866","3억 3,000",357,231,남향,20250419,"['25년이내', '역세권', '1층', '주차가능']",37.51454,127.108107
2520965140,일반상가,매매,2/17,,"9억 2,000",121,89,남향,20250419,"['10년이내', '역세권', '지상층(1층제외)', '주차가능']",37.515891,127.113038
2520934155,일반상가,월세,1/5,480,"6,000",50,33,북서향,20250419,"['25년이상', '1층', '관리비20만원이하', '주차가능']",37.514524,127.108836
2521059083,일반상가,월세,2/6,500,"5,000",231,172,남향,20250419,"['25년이상', '역세권', '지상층(1층제외)', '주차가능']",37.509115,127.125786
2521044201,일반상가,월세,2/16,230,"3,000",38,29,동향,20250419,"['2년이내', '역세권', '지상층(1층제외)', '관리비20만원이하']",37.515301,127.110348
2521068121,일반상가,월세,7/7,600,1억,179,142,남동향,20250419,"['2년이내', '역세권', '고층', '주차가능']",37.509361,127.125806
2520999251,일반상가,월세,5/6,"1,100","1억 7,000",333,297,북향,20250419,"['10년이내', '역세권', '고층', '주차가능']",37.514354,127.108606
2521067435,일반상가,월세,1/4,160,"2,000",29,26,남서향,20250419,"['25년이상', '역세권', '1층', '관리비10만원이하']",37.512223,127.112818
2520996856,복합상가,매매,1/20,,"6억 5,000",43,21,북향,20250419,"['10년이내', '역세권', '1층', '주차가능']",37.516023,127.114612
2521072750,일반상가,월세,1/5,150,"4,000",56,33,남서향,20250419,"['25년이상', '역세권', '1층', '관리비10만원이하']",37.508387,127.116236
2521062598,일반상가,월세,1/3,95,"1,000",33,30,북서향,20250419,"['25년이상', '융자금없는', '역세권', '1층']",37.511966,127.112096
2521072342,일반상가,월세,B1/4,100,"2,000",133,119,북동향,20250419,"['25년이상', '융자금없는', '지하층', '관리비10만원이하']",37.507409,127.12083
2521005708,일반상가,월세,1/4,340,"6,000",93,83,북서향,20250419,"['25년이상', '1층', '주차가능', '총4층']",37.506927,127.121841
2520906545,일반상가,월세,2/5,"2,400","2억 5,000",1000,830,남동향,20250419,"['25년이상', '융자금적은', '역세권', '중층']",37.511341,127.112514
2521023687,일반상가,월세,1/7,140,"2,000",55,54,남동향,20250419,"['25년이내', '역세권', '1층', '관리비20만원이하']",37.509534,127.125389
2520981779,일반상가,월세,2/17,270,"3,000",41,25,남동향,20250419,"['2년이내', '역세권', '지상층(1층제외)', '주차가능']",37.51476,127.108528
2520974975,일반상가,월세,2/6,"1,650","1억 6,000",350,298,북향,20250419,"['10년이내', '융자금적은', '역세권', '지상층(1층제외)']",37.514354,127.108606
2521071498,일반상가,월세,1/3,230,"3,500",81,81,남향,20250419,"['25년이상', '1층', '관리비10만원이하', '주차가능']",37.507014,127.120512
2520950062,단지내상가,월세,2/5,"1,300","2억 3,000",434,364,북서향,20250419,"['25년이상', '융자금없는', '중층', '주차가능']",37.512865,127.122768
2520989568,일반상가,월세,1/7,900,"1억 5,000",167,131,북서향,20250419,"['25년이내', '역세권', '1층', '주차가능']",37.513119,127.114306
2520930626,단지내상가,월세,1/17,300,"5,000",42,34,서향,20250419,"['10년이내', '역세권', '1층', '주차가능']",37.515714,127.111152
2520905557,일반상가,월세,2/5,"1,700",2억,597,479,남동향,20250419,"['25년이상', '융자금적은', '역세권', '중층']",37.511341,127.112514
2520665615,일반상가,월세,1/6,250,"3,000",99,79,남동향,20250418,"['25년이상', '역세권', '1층', '주차가능']",37.511664,127.124528
2520746813,일반상가,월세,1/5,480,1억,58,48,남서향,20250418,"['25년이상', '역세권', '1층', '관리비20만원이하']",37.511869,127.113771
2520780343,일반상가,월세,1/4,120,"1,500",40,30,남서향,20250418,"['25년이상', '1층', '주차가능', '총4층']",37.513115,127.119043
2520668106,복합상가,매매,4/16,,"3억 9,000",38,29,남동향,20250418,"['2년이내', '역세권', '급매', '지상층(1층제외)']",37.515301,127.110348
2520868161,단지내상가,월세,2/20,190,"2,000",45,45,남동향,20250418,"['2년이내', '융자금없는', '역세권', '지상층(1층제외)']",37.516138,127.11135
2520838974,일반상가,월세,1/5,650,1억,99,99,남향,20250418,"['25년이상', '역세권', '1층', '주차가능']",37.511341,127.112514
2520875363,일반상가,월세,5/7,360,"5,000",184,152,북서향,20250418,"['25년이내', '역세권', '고층', '주차가능']",37.513119,127.114306
2520690935,일반상가,월세,1/4,200,"3,000",40,33,동향,20250418,"['25년이상', '역세권', '1층', '주차가능']",37.515099,127.110933
2520675033,일반상가,월세,1/4,125,"1,400",50,39,동향,20250418,"['25년이상', '역세권', '1층', '관리비10만원이하']",37.50993,127.124612
2520834676,일반상가,매매,4/15,,23억,426,292,동향,20250418,"['25년이상', '역세권', '지상층(1층제외)', '주차가능']",37.515829,127.11518
2520655443,일반상가,월세,1/5,420,"6,000",115,79,남동향,20250418,"['2년이내', '역세권', '1층', '주차가능']",37.511563,127.113582
2520700479,일반상가,월세,B1/7,350,"5,000",170,152,북서향,20250418,"['25년이내', '역세권', '지하층', '주차가능']",37.513119,127.114306
2520690525,일반상가,매매,1/5,,8억,70,46,남동향,20250418,"['25년이상', '역세권', '1층', '관리비10만원이하']",37.51136,127.12433
2520667651,복합상가,월세,2/20,230,"3,000",123,78,남동향,20250418,"['10년이내', '융자금없는', '역세권', '지상층(1층제외)']",37.516037,127.112408
2520677944,일반상가,월세,B1/3,350,"5,000",176,176,남동향,20250418,"['25년이상', '역세권', '지하층', '주차가능']",37.512845,127.110592
2520832951,일반상가,월세,1/5,188,"2,000",31,26,북동향,20250418,"['25년이상', '역세권', '1층', '주차가능']",37.512368,127.111766
2520728973,일반상가,매매,1/16,,"8억 5,000",63,35,북향,20250418,"['10년이내', '역세권', '1층', '주차가능']",37.5164,127.113352
2520665403,일반상가,월세,3/6,170,"3,000",109,99,남동향,20250418,"['25년이상', '역세권', '중층', '관리비10만원이하']",37.511664,127.124528
2520793685,일반상가,월세,3/4,380,"5,000",177,151,동향,20250418,"['25년이상', '고층', '주차가능', '총4층']",37.51387,127.109442
2520899911,일반상가,월세,1/20,500,1억,99,91,남향,20250418,"['2년이내', '역세권', '1층', '주차가능']",37.516138,127.11135
2520656534,일반상가,매매,1/19,,14억,86,51,남동향,20250418,"['10년이내', '역세권', '1층', '주차가능']",37.516292,127.111176
2520658000,일반상가,월세,B1/4,130,"1,500",164,164,남서향,20250418,"['25년이상', '융자금없는', '지하층', '관리비10만원이하']",37.513115,127.119043
2520836232,일반상가,월세,1/3,"6,500",3억,726,726,서향,20250418,"['10년이내', '융자금없는', '역세권', '1층']",37.512817,127.108123
2520677982,일반상가,월세,1/4,45,400,8,8,북향,20250418,"['25년이상', '역세권', '1층', '총4층']",37.514868,127.109847
2520771363,일반상가,월세,B1/7,150,"3,000",147,117,북서향,20250418,"['25년이상', '역세권', '지하층', '주차가능']",37.515612,127.115854
2520537672,일반상가,월세,1/5,480,1억,59,59,남동향,20250417,"['25년이상', '역세권', '1층', '관리비20만원이하']",37.511869,127.113771
2520540604,복합상가,매매,3/20,,"3억 9,000",66,44,북서향,20250417,"['2년이내', '역세권', '지상층(1층제외)', '관리비20만원이하']",37.516138,127.11135
2520531608,복합상가,월세,2/6,170,"2,500",98,82,북서향,20250417,"['25년이내', '역세권', '지상층(1층제외)', '관리비20만원이하']",37.513455,127.118208
2520517069,일반상가,월세,1/20,560,1억,130,89,남동향,20250417,"['2년이내', '역세권', '1층', '주차가능']",37.516138,127.11135
2520416124,일반상가,월세,2/6,"1,600","1억 6,000",363,320,북서향,20250417,"['10년이내', '역세권', '지상층(1층제외)', '주차가능']",37.514354,127.108606
2520418916,일반상가,월세,1/5,160,"3,000",36,36,북서향,20250417,"['10년이내', '역세권', '1층', '관리비10만원이하']",37.510066,127.114503
2520530441,일반상가,월세,2/5,150,"3,000",95,85,남서향,20250417,"['25년이상', '역세권', '중층', '주차가능']",37.508387,127.116236
2520576678,일반상가,월세,1/5,80,"1,000",235,26,북서향,20250417,"['25년이상', '1층', '관리비10만원이하', '주차가능']",37.510934,127.118937
2520535910,복합상가,월세,2/16,230,"2,000",97,56,남서향,20250417,"['10년이내', '역세권', '지상층(1층제외)', '주차가능']",37.51498,127.108228
2520620824,복합상가,매매,2/16,,"5억 3,000",72,45,남향,20250417,"['2년이내', '역세권', '지상층(1층제외)', '관리비20만원이하']",37.51599,127.113509
2520590618,일반상가,월세,1/5,110,"2,000",163,33,남동향,20250417,"['25년이상', '1층', '관리비10만원이하', '주차가능']",37.50752,127.121869
2520596454,일반상가,월세,B1/5,360,"5,000",174,170,남서향,20250417,"['25년이상', '융자금없는', '역세권', '지하층']",37.515234,127.109183
2520613087,일반상가,월세,2/6,180,"3,000",116,92,남서향,20250417,"['25년이내', '융자금없는', '역세권', '지상층(1층제외)']",37.507883,127.122476
2520589039,일반상가,월세,5/6,800,"5,000",201,192,북서향,20250417,"['10년이내', '역세권', '고층', '주차가능']",37.514354,127.108606
2520647740,일반상가,월세,3/17,310,1억,70,43,남동향,20250417,"['2년이내', '역세권', '지상층(1층제외)', '주차가능']",37.51476,127.108528
2520645864,복합상가,월세,2/15,500,1억,227,132,북향,20250417,"['25년이내', '역세권', '지상층(1층제외)', '주차가능']",37.516537,127.110808
2520584988,일반상가,월세,7/7,600,1억,178,158,남동향,20250417,"['2년이내', '역세권', '고층', '주차가능']",37.509361,127.125806
2520561185,일반상가,월세,2/4,140,"2,000",113,100,북서향,20250417,"['25년이상', '융자금없는', '역세권', '중층']",37.512763,127.109743
2520596025,일반상가,월세,1/3,500,1억,160,140,서향,20250417,"['25년이상', '역세권', '1층', '주차가능']",37.511334,127.126169
2520599651,일반상가,월세,1/6,390,"4,000",57,56,남서향,20250417,"['25년이상', '융자금없는', '역세권', '1층']",37.509115,127.125786
2520586992,복합상가,매매,1/16,,"8억 5,000",54,35,남서향,20250417,"['10년이내', '역세권', '1층', '주차가능']",37.516471,127.113163
2520605561,일반상가,월세,전체층/4,"3,800","4억 5,000",834,745,남동향,20250417,"['2년이내', '역세권', '주차가능', '총4층']",37.512348,127.112567
2520588265,일반상가,월세,1/6,116,"1,000",59,47,북서향,20250417,"['10년이내', '역세권', '1층', '관리비10만원이하']",37.511008,127.113546
2520628863,일반상가,월세,1/3,220,"2,000",168,49,남동향,20250417,"['25년이상', '역세권', '1층', '주차가능']",37.511357,127.111369
2520603520,복합상가,월세,1/20,160,"5,000",46,29,북서향,20250417,"['10년이내', '융자금없는', '역세권', '1층']",37.516023,127.114612
2520615812,일반상가,월세,B1/4,120,"2,000",116,116,동향,20250417,"['25년이상', '역세권', '지하층', '주차가능']",37.512352,127.109488
2520560886,일반상가,월세,B1/4,600,"6,000",209,199,서향,20250417,"['25년이상', '융자금없는', '지하층', '총4층']",37.513974,127.109754
2520602159,일반상가,월세,1/5,500,1억,193,175,남동향,20250417,"['25년이내', '역세권', '1층', '주차가능']",37.51178,127.126111
2520603153,일반상가,월세,1/4,200,"4,000",33,33,남서향,20250417,"['25년이상', '역세권', '1층', '관리비10만원이하']",37.511543,127.114625
2520559850,일반상가,월세,2/5,600,1억,284,280,동향,20250417,"['25년이상', '융자금없는', '중층', '주차가능']",37.514246,127.109285
2520576530,일반상가,월세,1/6,900,"1억 5,000",167,116,북서향,20250417,"['25년이내', '역세권', '1층', '주차가능']",37.513119,127.114306
2520384802,일반상가,월세,1/5,650,1억,106,105,남동향,20250417,"['25년이상', '융자금없는', '역세권', '1층']",37.511341,127.112514
2520538629,복합상가,월세,7/21,"1,100","1억 5,000",546,546,남향,20250417,"['25년이상', '역세권', '지상층(1층제외)', '주차가능']",37.51562,127.110611
2520506910,복합상가,매매,전체층/3,,350억,2080,1680,북향,20250417,"['25년이상', '주차가능', '총3층', '북향']",37.514079,127.108791
2520525114,일반상가,월세,B1/4,200,"2,000",149,132,북서향,20250417,"['25년이상', '역세권', '지하층', '관리비10만원이하']",37.515158,127.110702
2520464107,일반상가,월세,B1/5,550,"5,000",307,300,북향,20250417,"['25년이상', '융자금없는', '역세권', '지하층']",37.51263,127.108671
2520514728,일반상가,월세,2/5,400,"5,000",163,148,남동향,20250417,"['25년이상', '역세권', '중층', '주차가능']",37.511341,127.112514
2520455834,일반상가,월세,2/4,380,"4,000",204,199,북향,20250417,"['25년이상', '융자금없는', '역세권', '중층']",37.513852,127.108131
2520418571,일반상가,월세,1/17,330,"5,000",52,29,남동향,20250417,"['10년이내', '역세권', '1층', '주차가능']",37.515598,127.11121
2520484491,일반상가,월세,2/5,300,"3,000",143,143,북서향,20250417,"['25년이내', '융자금없는', '역세권', '중층']",37.507529,127.122244
2520454306,일반상가,월세,1/6,320,"4,000",70,59,서향,20250417,"['25년이상', '역세권', '1층', '주차가능']",37.51143,127.114859
2520450999,일반상가,월세,1/5,229,"2,000",50,26,북동향,20250417,"['25년이상', '역세권', '1층', '주차가능']",37.512368,127.111766
2520461160,일반상가,월세,B1/3,350,"5,000",176,165,동향,20250417,"['25년이상', '융자금없는', '역세권', '지하층']",37.512845,127.110592
2520564172,단지내상가,월세,1/3,170,"3,000",40,15,남서향,20250417,"['25년이상', '융자금없는', '역세권', '1층']",37.515836,127.13223
2520533928,일반상가,월세,2/3,950,"1억 7,000",181,181,북서향,20250417,"['25년이상', '중층', '주차가능', '총3층']",37.514079,127.108791
2520532727,일반상가,월세,B1/15,140,"3,000",291,165,동향,20250417,"['25년이내', '역세권', '지하층', '주차가능']",37.511395,127.126935
2520563667,단지내상가,매매,1/3,,20억,38,19,남서향,20250417,"['25년이상', '역세권', '1층', '주차가능']",37.515836,127.13223
2520576794,일반상가,월세,1/19,130,"3,000",44,25,남동향,20250417,"['10년이내', '역세권', '1층', '관리비10만원이하']",37.516292,127.111176
2520571934,일반상가,월세,B1/6,200,"1,800",102,101,남동향,20250417,"['25년이상', '융자금없는', '역세권', '지하층']",37.515588,127.109032
2520221744,단지내상가,매매,B1/3,,5억,33,33,북동향,20250416,"['25년이상', '역세권', '지하층', '주차가능']",37.515836,127.13223
2520172016,일반상가,월세,1/4,130,"1,500",42,42,남동향,20250416,"['25년이상', '역세권', '1층', '관리비10만원이하']",37.509311,127.115852
2520256980,일반상가,월세,1/23,950,"1억 6,000",127,67,남서향,20250416,"['25년이내', '역세권', '1층', '주차가능']",37.514653,127.107441
2520325497,일반상가,월세,2/5,710,"1억 1,000",228,208,북서향,20250416,"['25년이상', '중층', '총5층', '북서향']",37.514367,127.108921
2520291470,일반상가,월세,2/5,260,"3,000",148,148,북서향,20250416,"['25년이내', '역세권', '중층', '관리비20만원이하']",37.507529,127.122244
2520337065,일반상가,월세,3/4,180,"2,000",150,130,남동향,20250416,"['25년이상', '융자금없는', '고층', '주차가능']",37.507429,127.12109
2520365405,일반상가,월세,B1/5,829,"2억 3,355",641,418,북동향,20250416,"['25년이상', '지하층', '주차가능', '엘리베이터']",37.5125,127.124408
2520357172,일반상가,월세,1/4,320,"5,000",125,115,남서향,20250416,"['25년이상', '융자금적은', '역세권', '1층']",37.513267,127.118615
2520279887,일반상가,월세,B1/8,700,1억,361,361,남향,20250416,"['25년이상', '지하층', '주차가능', '엘리베이터']",37.512986,127.108053
2520321280,일반상가,월세,1/3,300,"5,000",50,36,남서향,20250416,"['25년이상', '역세권', '1층', '관리비10만원이하']",37.511676,127.114183
2520319231,복합상가,월세,2/7,350,"5,000",129,106,북서향,20250416,"['10년이내', '지상층(1층제외)', '관리비20만원이하', '주차가능']",37.512358,127.122453
2520369909,일반상가,월세,1/20,560,1억,120,89,남동향,20250416,"['2년이내', '융자금없는', '역세권', '1층']",37.516023,127.111412
2520377683,일반상가,월세,1/4,200,"4,000",157,36,남서향,20250416,"['25년이상', '역세권', '1층', '주차가능']",37.511543,127.114625
2520308079,일반상가,월세,2/5,360,"5,200",143,112,남서향,20250416,"['2년이내', '역세권', '중층', '주차가능']",37.511563,127.113582
2520206402,일반상가,월세,1/5,"3,000","3억 4,000",721,373,서향,20250416,"['25년이상', '역세권', '1층', '주차가능']",37.516665,127.111182
2520209604,일반상가,월세,1/7,330,1억,132,99,북서향,20250416,"['10년이내', '역세권', '1층', '주차가능']",37.511484,127.11329
2520241167,일반상가,월세,1/3,130,"1,300",32,29,남동향,20250416,"['25년이상', '역세권', '1층', '총3층']",37.514635,127.112273
2519802214,일반상가,월세,1/4,120,"1,500",40,34,,20250416,"['25년이상', '1층', '총4층']",37.513115,127.119043
2520302153,일반상가,월세,1/3,180,"2,000",46,42,북동향,20250416,"['25년이상', '1층', '관리비10만원이하', '주차가능']",37.510156,127.117429
2520309163,일반상가,월세,2/6,400,"5,000",225,173,북서향,20250416,"['25년이상', '역세권', '지상층(1층제외)', '주차가능']",37.516323,127.110184
2520277831,일반상가,월세,B1/15,140,"3,000",165,148,동향,20250416,"['25년이내', '역세권', '지하층', '주차가능']",37.511395,127.126935
2520255946,일반상가,월세,B1/12,"1,000",2억,492,416,동향,20250416,"['25년이상', '지하층', '주차가능', '동향']",37.512838,127.124314
2520137390,일반상가,월세,1/7,900,1억,167,115,남향,20250415,"['25년이내', '역세권', '1층', '주차가능']",37.513119,127.114306
2520086007,일반상가,월세,1/7,"2,200","3억 1,000",261,204,북서향,20250415,"['2년이내', '역세권', '1층', '주차가능']",37.511249,127.113144
2520102626,일반상가,월세,1/5,350,"5,000",104,94,남동향,20250415,"['10년이내', '융자금없는', '1층', '급매']",37.512919,127.119694
2520055472,일반상가,월세,1/4,120,"3,000",39,33,서향,20250415,"['25년이상', '1층', '관리비10만원이하', '주차가능']",37.507018,127.122348
2520023808,일반상가,월세,1/5,"1,350",2억,174,148,서향,20250415,"['25년이상', '융자금적은', '역세권', '1층']",37.515234,127.109183
2520103434,복합상가,월세,1/11,150,"3,000",26,26,남동향,20250415,"['25년이내', '역세권', '1층', '주차가능']",37.51075,127.126669
2520035498,일반상가,월세,4/5,550,"7,000",124,123,남향,20250415,"['2년이내', '테라스', '역세권', '고층']",37.512348,127.112567
2520078492,일반상가,월세,1/7,330,1억,115,84,북서향,20250415,"['10년이내', '역세권', '1층', '주차가능']",37.511484,127.11329
2520087056,일반상가,월세,B1/15,850,"1억 5,000",586,340,서향,20250415,"['25년이내', '역세권', '지하층', '주차가능']",37.516886,127.111826
2520081126,일반상가,월세,2/4,220,"5,500",165,165,북서향,20250415,"['25년이상', '융자금없는', '역세권', '중층']",37.513413,127.118703
2520077679,일반상가,월세,1/1,220,"2,000",82,66,남동향,20250415,"['25년이상', '융자금적은', '역세권', '1층']",37.513089,127.110744
2519949274,일반상가,월세,B1/4,300,"5,000",262,262,남동향,20250415,"['25년이상', '지하층', '주차가능', '총4층']",37.510382,127.11757
2519949443,일반상가,월세,B1/3,100,"1,500",87,87,남향,20250415,"['25년이상', '역세권', '지하층', '관리비10만원이하']",37.514675,127.110469
2519949763,일반상가,월세,B1/4,130,"1,500",165,165,남서향,20250415,"['25년이상', '지하층', '관리비10만원이하', '주차가능']",37.513115,127.119043
2519949844,일반상가,월세,1/4,320,"5,000",429,115,남서향,20250415,"['25년이상', '역세권', '1층', '주차가능']",37.513413,127.118703
2519948735,일반상가,월세,B2/17,100,"2,000",17,17,동향,20250415,"['2년이내', '역세권', '지하층', '주차가능']",37.515689,127.109698
2519949319,일반상가,월세,B1/7,150,"3,000",115,115,북서향,20250415,"['25년이상', '역세권', '지하층', '주차가능']",37.515612,127.115854
2519949983,일반상가,월세,3/4,350,"8,000",165,135,남동향,20250415,"['25년이상', '역세권', '고층', '주차가능']",37.512203,127.11305
2519969391,일반상가,월세,1/4,200,"3,000",33,26,북동향,20250415,"['25년이상', '1층', '관리비10만원이하', '주차가능']",37.510573,127.1164
2519949408,일반상가,월세,B1/4,110,"2,000",119,119,서향,20250415,"['25년이상', '역세권', '지하층', '관리비10만원이하']",37.509301,127.123371
2519949980,일반상가,월세,1/17,340,"5,000",43,30,남서향,20250415,"['10년이내', '융자금없는', '역세권', '1층']",37.515714,127.111152
2519949440,일반상가,월세,2/4,220,"5,500",148,148,남향,20250415,"['25년이상', '역세권', '중층', '주차가능']",37.513267,127.118615
2520184573,복합상가,월세,B1/4,120,"2,000",116,115,북서향,20250415,"['25년이상', '역세권', '지하층', '주차가능']",37.512352,127.109488
2520070877,일반상가,월세,B1/4,200,"3,000",121,121,동향,20250415,"['25년이상', '역세권', '지하층', '관리비20만원이하']",37.515099,127.110933
2519949436,일반상가,월세,1/4,250,"3,000",133,96,서향,20250415,"['25년이상', '1층', '관리비10만원이하', '주차가능']",37.506885,127.12108
2520087307,일반상가,월세,1/4,190,"2,000",45,34,남향,20250415,"['25년이상', '역세권', '1층', '관리비20만원이하']",37.509505,127.124455
2520101893,일반상가,월세,2/5,330,"6,000",160,160,남향,20250415,"['25년이상', '역세권', '중층', '관리비20만원이하']",37.511465,127.114041
2520130912,일반상가,월세,2/5,800,"9,000",164,163,남향,20250415,"['2년이내', '테라스', '역세권', '중층']",37.512348,127.112567
2519973427,일반상가,월세,1/5,110,"2,000",59,39,남동향,20250415,"['25년이상', '1층', '관리비10만원이하', '주차가능']",37.50752,127.121869
2520135793,일반상가,월세,1/20,600,1억,95,55,남동향,20250415,"['10년이내', '역세권', '1층', '관리비20만원이하']",37.515684,127.115086
2520118990,일반상가,월세,1/7,330,1억,128,99,북향,20250415,"['10년이내', '역세권', '1층', '주차가능']",37.511484,127.11329
2520106435,일반상가,월세,1/4,125,"2,000",39,39,남동향,20250415,"['15년이내', '역세권', '1층', '주차가능']",37.510576,127.124899
2520144056,일반상가,월세,3/4,350,"5,000",135,122,남향,20250415,"['25년이상', '역세권', '고층', '주차가능']",37.512203,127.11305
2520102316,일반상가,월세,1/6,250,"3,000",62,62,남동향,20250415,"['10년이내', '융자금없는', '1층', '관리비20만원이하']",37.512169,127.120688
2520129821,일반상가,월세,3/5,650,"9,000",140,139,남향,20250415,"['2년이내', '테라스', '역세권', '중층']",37.512348,127.112567
2520132285,일반상가,월세,B1/5,800,"9,000",247,235,남향,20250415,"['2년이내', '테라스', '역세권', '지하층']",37.512348,127.112567
2520035592,일반상가,월세,1/4,95,"1,000",36,24,북동향,20250415,"['25년이내', '1층', '주차가능', '총4층']",37.509553,127.118963
2520019238,일반상가,월세,B1/4,150,"3,000",132,132,남동향,20250415,"['25년이상', '지하층', '관리비20만원이하', '주차가능']",37.512281,127.119299
2520120850,일반상가,월세,1/18,250,1억,70,57,남향,20250415,"['25년이내', '역세권', '1층', '주차가능']",37.514932,127.114497
2519982535,일반상가,월세,1/7,140,"2,000",46,46,남향,20250415,"['25년이내', '역세권', '1층', '관리비20만원이하']",37.509534,127.125389
2520020659,일반상가,월세,1/4,200,"3,000",32,32,동향,20250415,"['25년이상', '융자금적은', '역세권', '1층']",37.515099,127.110933
2520033630,일반상가,월세,1/5,480,1억,117,66,남향,20250415,"['25년이상', '역세권', '1층', '관리비20만원이하']",37.511869,127.113771
2520033255,일반상가,월세,3/5,270,"5,000",163,158,남향,20250415,"['25년이상', '역세권', '중층', '주차가능']",37.511869,127.113771
2520020831,일반상가,월세,B1/4,290,"5,000",281,264,남동향,20250415,"['25년이상', '지하층', '주차가능', '총4층']",37.512281,127.119299
2519991051,일반상가,월세,B1/4,420,"5,000",100,71,북서향,20250415,"['25년이상', '역세권', '지하층', '총4층']",37.514868,127.109847
2520023896,일반상가,월세,1/4,160,"2,000",33,33,남서향,20250415,"['25년이상', '역세권', '1층', '주차가능']",37.512898,127.111196
2519924424,일반상가,월세,1/3,700,1억,115,115,북동향,20250415,"['25년이상', '역세권', '1층', '주차가능']",37.512845,127.110592
2520153301,일반상가,월세,2/5,150,"3,000",107,85,남향,20250415,"['25년이상', '융자금없는', '역세권', '중층']",37.508387,127.116236
2519735990,일반상가,월세,1/4,110,"1,000",29,29,남서향,20250414,"['25년이상', '1층', '주차가능', '총4층']",37.513115,127.119043
2519804638,일반상가,월세,B1/5,205,"3,000",148,148,동향,20250414,"['10년이내', '지하층', '관리비20만원이하', '주차가능']",37.513583,127.109139
2519705688,일반상가,월세,1/3,85,"2,000",33,33,북동향,20250414,"['25년이상', '역세권', '1층', '주차가능']",37.507124,127.122546
2519773037,복합상가,월세,1/23,"3,100","5억 3,000",417,264,남서향,20250414,"['25년이내', '융자금없는', '역세권', '1층']",37.514653,127.107441
2519675878,일반상가,월세,1/3,600,1억,219,198,북동향,20250414,"['25년이상', '융자금없는', '역세권', '1층']",37.511334,127.126169
2519776592,일반상가,월세,1/10,"3,000","3억 4,000",396,396,북향,20250414,"['25년이상', '융자금적은', '역세권', '1층']",37.516754,127.111443
2519846870,일반상가,월세,1/4,240,"4,000",56,56,서향,20250414,"['25년이상', '융자금적은', '1층', '관리비20만원이하']",37.506927,127.121841
2519746815,일반상가,월세,1/4,110,"1,200",49,49,북서향,20250414,"['25년이상', '융자금없는', '1층', '주차가능']",37.507432,127.121421
2519730446,일반상가,월세,3/7,300,"3,000",109,89,북서향,20250414,"['2년이내', '역세권', '중층', '주차가능']",37.509477,127.124982
2519698210,일반상가,월세,1/4,162,"2,000",40,39,남동향,20250414,"['25년이상', '1층', '총4층', '남동향']",37.510044,127.117672
2519678661,일반상가,월세,1/6,170,"3,000",33,19,북동향,20250414,"['10년이내', '1층', '관리비10만원이하', '주차가능']",37.510324,127.11701
2519729134,단지내상가,월세,2/20,310,"5,000",67,45,남향,20250414,"['10년이내', '역세권', '지상층(1층제외)', '주차가능']",37.515684,127.115086
2519730891,일반상가,월세,1/5,480,"8,000",26,26,북서향,20250414,"['25년이상', '1층', '관리비20만원이하', '주차가능']",37.514524,127.108836
2519735617,일반상가,월세,1/5,80,"1,000",26,26,북서향,20250414,"['25년이상', '1층', '주차가능', '총5층']",37.510934,127.118937
2519731191,일반상가,월세,B1/4,50,"1,000",112,112,북서향,20250414,"['25년이상', '융자금없는', '역세권', '지하층']",37.510163,127.124419
2519750140,복합상가,월세,1/15,300,"5,000",38,36,남동향,20250414,"['4년이내', '융자금없는', '역세권', '1층']",37.515683,127.114059
2519757842,복합상가,월세,1/9,300,"3,000",358,167,남동향,20250414,"['25년이상', '역세권', '1층', '주차가능']",37.515654,127.113475
2519742634,복합상가,월세,3/16,150,"3,000",35,22,북향,20250414,"['2년이내', '역세권', '지상층(1층제외)', '주차가능']",37.51476,127.108528
2519730863,단지내상가,월세,1/20,200,"3,000",18,11,남향,20250414,"['10년이내', '역세권', '1층', '주차가능']",37.515684,127.115086
2519733941,일반상가,월세,1/8,"1,200","1억 5,000",68,68,남서향,20250414,"['25년이내', '역세권', '1층', '주차가능']",37.513766,127.107715
2519733327,단지내상가,월세,2/20,330,"5,000",84,56,남향,20250414,"['10년이내', '역세권', '지상층(1층제외)', '주차가능']",37.515684,127.115086
2519906484,일반상가,월세,2/3,150,"2,000",91,91,남향,20250414,"['25년이상', '중층', '관리비10만원이하', '주차가능']",37.5068,127.121762
2519808017,일반상가,월세,1/15,482,"8,000",66,44,동향,20250414,"['2년이내', '역세권', '1층', '동향']",37.516038,127.110037
2519887958,일반상가,월세,1/5,140,"2,000",60,54,남서향,20250414,"['25년이내', '역세권', '1층', '관리비20만원이하']",37.509534,127.125389
2519910173,일반상가,월세,3/6,300,"3,000",96,86,서향,20250414,"['10년이내', '역세권', '중층', '주차가능']",37.51209,127.113667
2519771873,일반상가,매매,전체층/2,,145억,485,442,남동향,20250414,"['25년이상', '주차가능', '총2층', '남동향']",37.510429,127.117909
2519841969,일반상가,월세,1/5,140,"2,000",45,33,북서향,20250414,"['25년이내', '역세권', '1층', '관리비10만원이하']",37.510415,127.124134
2519772340,일반상가,월세,B1/3,100,"1,000",113,99,동향,20250414,"['25년이상', '지하층', '총3층', '동향']",37.51281,127.119073
2519803367,일반상가,월세,5/8,700,1억,270,214,서향,20250414,"['25년이상', '중층', '주차가능', '서향']",37.512986,127.108053
2519768516,일반상가,월세,1/4,90,"1,000",40,33,동향,20250414,"['25년이상', '1층', '관리비10만원이하', '총4층']",37.506677,127.121331
2519854175,일반상가,월세,1/6,220,"2,000",25,25,북동향,20250414,"['4년이내', '역세권', '1층', '관리비10만원이하']",37.51329,127.117804
2519918725,일반상가,월세,1/4,240,"3,000",48,46,북동향,20250414,"['25년이상', '역세권', '1층', '주차가능']",37.512502,127.11152
2519804625,일반상가,월세,B1/3,220,"5,000",135,134,남향,20250414,"['25년이상', '융자금없는', '역세권', '지하층']",37.512413,127.112364
2519903786,일반상가,월세,1/3,700,1억,150,123,북동향,20250414,"['25년이상', '역세권', '1층', '주차가능']",37.512845,127.110592
2519812666,복합상가,월세,1/17,300,"5,000",47,35,북향,20250414,"['2년이내', '역세권', '1층', '주차가능']",37.516499,127.112848
2519810778,복합상가,월세,2/17,230,"5,000",62,53,북향,20250414,"['2년이내', '역세권', '지상층(1층제외)', '주차가능']",37.516499,127.112848
2519728764,일반상가,월세,3/5,150,"2,000",84,84,북동향,20250414,"['25년이상', '융자금없는', '역세권', '중층']",37.50973,127.125271
2519714637,일반상가,월세,1/5,80,"1,000",25,25,북서향,20250414,"['25년이상', '1층', '주차가능', '총5층']",37.510934,127.118937
2519666107,일반상가,월세,1/4,500,"5,500",79,75,북서향,20250414,"['25년이상', '역세권', '1층', '주차가능']",37.512988,127.109884
2519593731,일반상가,월세,1/17,280,"3,000",23,23,북동향,20250414,"['10년이내', '역세권', '1층', '주차가능']",37.515884,127.111647
2519729542,단지내상가,월세,1/20,680,1억,80,47,남향,20250414,"['10년이내', '역세권', '1층', '주차가능']",37.515684,127.115086
2519697015,일반상가,월세,1/5,530,1억,184,184,북동향,20250414,"['25년이내', '융자금없는', '역세권', '1층']",37.51178,127.126111
2519761961,복합상가,월세,1/20,150,"5,000",59,29,북동향,20250414,"['10년이내', '역세권', '1층', '관리비20만원이하']",37.516023,127.114612
2519756865,복합상가,월세,2/16,250,"5,000",92,58,북동향,20250414,"['10년이내', '역세권', '지상층(1층제외)', '관리비20만원이하']",37.516089,127.110437
2519758225,복합상가,매매,1/20,,"12억 4,800",61,38,남서향,20250414,"['10년이내', '역세권', '1층', '주차가능']",37.516037,127.112408
2519752022,일반상가,월세,1/5,200,"5,000",173,96,서향,20250414,"['25년이내', '역세권', '1층', '주차가능']",37.510415,127.124134
2519441176,복합상가,월세,1/23,950,"1억 6,000",129,67,서향,20250412,"['25년이내', '융자금없는', '역세권', '1층']",37.514653,127.107441
2519441075,일반상가,월세,B1/3,350,"5,000",176,146,동향,20250412,"['25년이상', '융자금없는', '역세권', '지하층']",37.512845,127.110592
2519533867,일반상가,월세,2/5,290,"3,000",172,138,북서향,20250412,"['25년이상', '중층', '주차가능', '총5층']",37.51211,127.1223
2519440828,일반상가,매매,1/20,,"22억 7,000",108,69,서향,20250412,"['10년이내', '역세권', '1층', '주차가능']",37.516037,127.112408
2519441109,일반상가,월세,2/16,350,1억,70,43,북향,20250412,"['2년이내', '역세권', '지상층(1층제외)', '주차가능']",37.51476,127.108528
2519433061,일반상가,월세,7/8,"1,100",2억,348,313,서향,20250412,"['25년이상', '고층', '주차가능', '서향']",37.512986,127.108053
2519583411,일반상가,월세,1/5,110,"2,000",30,30,남동향,20250412,"['25년이상', '1층', '관리비10만원이하', '주차가능']",37.50752,127.121869
2519576345,일반상가,월세,1/6,600,"8,000",163,163,북서향,20250412,"['25년이내', '융자금없는', '역세권', '1층']",37.510783,127.126415
2519433293,일반상가,월세,B2/17,100,"2,000",30,23,동향,20250412,"['2년이내', '융자금없는', '역세권', '지하층']",37.515583,127.109743
2519566560,일반상가,월세,1/16,330,"4,000",84,52,서향,20250412,"['4년이내', '역세권', '1층', '주차가능']",37.51599,127.113509
2519429284,일반상가,월세,1/3,600,1억,160,155,북서향,20250412,"['25년이상', '역세권', '1층', '주차가능']",37.511334,127.126169
2519566172,복합상가,월세,1/16,340,"4,000",78,44,북동향,20250412,"['10년이내', '융자금적은', '역세권', '1층']",37.516471,127.113163
2519583130,일반상가,월세,1/4,110,"1,500",40,40,남서향,20250412,"['25년이상', '1층', '관리비20만원이하', '주차가능']",37.506333,127.121047
2519487143,일반상가,월세,1/5,350,"5,000",89,89,남동향,20250412,"['10년이내', '1층', '주차가능', '총5층']",37.512919,127.119694
2519440918,복합상가,매매,3/20,,"33억 9,300",460,273,북향,20250412,"['10년이내', '역세권', '지상층(1층제외)', '주차가능']",37.516037,127.112408
2519441043,복합상가,매매,2/20,,"10억 9,800",115,73,북향,20250412,"['10년이내', '역세권', '지상층(1층제외)', '주차가능']",37.516037,127.112408
2519440878,복합상가,월세,1/23,"2,900","4억 9,000",417,242,서향,20250412,"['25년이내', '융자금없는', '역세권', '1층']",37.514653,127.107441
2519441013,일반상가,월세,1/7,"1,800",4억,261,203,북향,20250412,"['4년이내', '융자금없는', '역세권', '1층']",37.511249,127.113144
2519437634,일반상가,월세,1/5,"1,350",2억,174,165,서향,20250412,"['25년이상', '역세권', '1층', '주차가능']",37.515234,127.109183
2519426041,일반상가,월세,1/4,200,"4,000",40,36,남서향,20250412,"['25년이상', '역세권', '1층', '관리비10만원이하']",37.511543,127.114625
2519360330,일반상가,월세,1/5,235,"4,000",66,50,남동향,20250411,"['25년이내', '융자금없는', '역세권', '1층']",37.510725,127.125458
2519325094,복합상가,매매,3/16,,55억,351,235,남동향,20250411,"['2년이내', '역세권', '지상층(1층제외)', '주차가능']",37.515301,127.110348
2519370477,일반상가,월세,B1/7,350,"5,000",276,198,서향,20250411,"['25년이내', '역세권', '지하층', '주차가능']",37.513119,127.114306
2519314323,일반상가,월세,2/16,230,"3,000",101,62,북서향,20250411,"['4년이내', '융자금적은', '역세권', '지상층(1층제외)']",37.51599,127.113509
2519412446,일반상가,월세,1/1,330,"5,000",84,84,남동향,20250411,"['25년이상', '역세권', '1층', '급매']",37.513122,127.111337
2519354702,일반상가,월세,2/4,250,"3,000",125,102,남서향,20250411,"['25년이상', '융자금없는', '역세권', '중층']",37.512066,127.109546
2519407936,복합상가,월세,7/7,370,"5,000",183,132,남동향,20250411,"['25년이내', '역세권', '고층', '주차가능']",37.514998,127.108744
2519378218,일반상가,월세,B1/4,150,"3,000",154,140,남서향,20250411,"['25년이상', '지하층', '주차가능', '총4층']",37.512281,127.119299
2519378614,일반상가,월세,B1/4,290,"5,000",309,281,남서향,20250411,"['25년이상', '지하층', '주차가능', '총4층']",37.512281,127.119299
2519207474,단지내상가,매매,전체층/3,,25억,106,55,북서향,20250411,"['역세권', '주차가능', '총3층', '북서향']",37.515836,127.13223
2519323762,복합상가,월세,2/16,330,"5,000",106,102,북서향,20250411,"['2년이내', '역세권', '지상층(1층제외)', '주차가능']",37.51673,127.112054
2519201583,일반상가,월세,B1/4,130,"1,500",164,144,북서향,20250411,"['25년이상', '지하층', '관리비10만원이하', '주차가능']",37.513115,127.119043
2519228746,복합상가,매매,1/15,,"5억 5,000",47,17,북향,20250411,"['10년이내', '역세권', '1층', '주차가능']",37.515468,127.11369
2519410155,일반상가,월세,B1/17,700,1억,320,264,남동향,20250411,"['2년이내', '역세권', '지하층', '주차가능']",37.515017,127.109486
2519354761,일반상가,월세,1/4,140,"2,000",42,42,남서향,20250411,"['25년이상', '융자금적은', '역세권', '1층']",37.513774,127.117361
2519413783,단지내상가,월세,B1/3,90,"3,000",65,33,서향,20250411,"['25년이상', '역세권', '지하층', '주차가능']",37.515836,127.13223
2519159025,일반상가,월세,1/5,120,"2,000",173,26,북서향,20250411,"['25년이상', '1층', '관리비10만원이하', '주차가능']",37.507267,127.122071
2519200763,일반상가,월세,1/4,320,"5,000",132,112,남서향,20250411,"['25년이상', '역세권', '1층', '주차가능']",37.513267,127.118615
2519241645,일반상가,월세,1/23,"3,100","5억 3,000",457,264,서향,20250411,"['25년이내', '역세권', '1층', '주차가능']",37.514653,127.107441
2519411759,일반상가,월세,1/5,100,"2,000",86,37,남동향,20250411,"['15년이내', '1층', '관리비20만원이하', '주차가능']",37.510654,127.118763
2519342710,일반상가,월세,3/5,270,"5,000",148,148,동향,20250411,"['25년이상', '융자금없는', '역세권', '중층']",37.511869,127.113771
2519408315,복합상가,월세,1/23,"5,500","9억 2,000",855,505,남서향,20250411,"['25년이내', '역세권', '1층', '주차가능']",37.514653,127.107441
2519317486,일반상가,월세,B1/4,500,"5,000",297,297,남서향,20250411,"['25년이상', '역세권', '지하층', '주차가능']",37.512898,127.111196
2519326203,일반상가,월세,1/5,450,"5,000",132,128,남동향,20250411,"['25년이상', '역세권', '1층', '관리비20만원이하']",37.512291,127.109066
2519158897,일반상가,월세,1/5,150,"5,500",119,66,남서향,20250411,"['25년이상', '1층', '관리비10만원이하', '주차가능']",37.512968,127.119483
2519227867,복합상가,월세,1/21,110,"1,500",30,16,남동향,20250411,"['25년이상', '역세권', '1층', '관리비10만원이하']",37.51562,127.110611
2519162169,복합상가,월세,2/16,380,1억,62,38,남향,20250411,"['2년이내', '역세권', '지상층(1층제외)', '주차가능']",37.51476,127.108528
2519209315,일반상가,월세,1/4,430,"7,000",66,44,남동향,20250411,"['25년이상', '역세권', '1층', '주차가능']",37.512203,127.11305
2519232273,일반상가,월세,3/3,"1,000",1억,314,297,북향,20250411,"['25년이상', '고층', '주차가능', '총3층']",37.514079,127.108791
2519185032,단지내상가,월세,4/6,800,1억,396,396,서향,20250411,"['25년이상', '중층', '주차가능', '서향']",37.509828,127.11825
2519157580,일반상가,월세,1/2,180,"3,000",78,26,남서향,20250411,"['25년이상', '역세권', '1층', '총2층']",37.511205,127.115445
2519210906,단지내상가,월세,1/3,70,"2,000",24,12,북동향,20250411,"['25년이상', '융자금없는', '역세권', '1층']",37.515836,127.13223
2519149934,일반상가,월세,1/4,200,"4,000",46,36,남향,20250411,"['25년이상', '역세권', '1층', '관리비10만원이하']",37.511543,127.114625
2519218188,일반상가,월세,1/5,200,"5,000",115,95,서향,20250411,"['25년이내', '융자금없는', '역세권', '1층']",37.510415,127.124134
2519156752,일반상가,월세,B1/6,200,"3,000",132,132,동향,20250411,"['10년이내', '역세권', '지하층', '동향']",37.512995,127.109558
2519292093,일반상가,월세,B1/17,490,"1억 5,000",244,179,남동향,20250411,"['10년이내', '융자금없는', '역세권', '지하층']",37.515891,127.113038
2519354984,일반상가,월세,2/16,460,"6,000",200,123,북서향,20250411,"['4년이내', '융자금적은', '역세권', '지상층(1층제외)']",37.51599,127.113509
2519224181,일반상가,월세,1/4,240,"3,000",79,62,서향,20250411,"['25년이상', '융자금없는', '역세권', '1층']",37.50966,127.125093
2518970986,단지내상가,월세,1/3,105,"2,500",54,18,북동향,20250410,"['25년이상', '역세권', '1층', '주차가능']",37.515836,127.13223
2518866768,복합상가,월세,2/20,320,"5,000",112,71,남동향,20250410,"['10년이내', '융자금없는', '역세권', '지상층(1층제외)']",37.516037,127.112408
2519009873,일반상가,월세,2/5,300,"4,000",172,171,서향,20250410,"['25년이상', '중층', '주차가능', '총5층']",37.51211,127.1223
2519042079,일반상가,월세,2/6,75,"1,000",150,24,북동향,20250410,"['25년이상', '역세권', '지상층(1층제외)', '관리비10만원이하']",37.509215,127.125615
2519141278,일반상가,월세,1/5,100,"2,000",43,34,북서향,20250410,"['15년이내', '1층', '관리비20만원이하', '주차가능']",37.510654,127.118763
2519031437,단지내상가,월세,2/16,330,"5,000",106,100,동향,20250410,"['2년이내', '역세권', '지상층(1층제외)', '관리비20만원이하']",37.51673,127.112054
2518990084,단지내상가,월세,1/3,200,"3,000",72,41,남향,20250410,"['25년이상', '역세권', '1층', '주차가능']",37.515836,127.13223
2518995588,단지내상가,월세,1/3,180,"3,000",49,33,북동향,20250410,"['25년이상', '역세권', '1층', '주차가능']",37.515836,127.13223
2519095083,일반상가,월세,1/3,150,"1,500",32,32,남동향,20250410,"['25년이상', '역세권', '1층', '주차가능']",37.514635,127.112273
2519084842,일반상가,월세,B1/8,700,1억,361,297,서향,20250410,"['25년이상', '지하층', '주차가능', '엘리베이터']",37.512986,127.108053
2519044050,일반상가,월세,1/4,100,"2,000",33,33,남향,20250410,"['25년이상', '1층', '관리비10만원이하', '주차가능']",37.511728,127.118715
2519132415,복합상가,월세,1/17,300,"5,000",52,37,북향,20250410,"['2년이내', '융자금없는', '역세권', '1층']",37.516499,127.112848
2519132922,일반상가,월세,2/4,308,"3,000",149,149,북향,20250410,"['25년이상', '역세권', '중층', '주차가능']",37.515158,127.110702
2518985790,일반상가,월세,1/4,200,"3,000",26,26,북동향,20250410,"['25년이상', '1층', '관리비10만원이하', '주차가능']",37.510573,127.1164
2518928433,일반상가,월세,1/4,320,"5,000",125,115,남서향,20250410,"['25년이상', '역세권', '1층', '주차가능']",37.513413,127.118703
2518891362,일반상가,월세,1/4,162,"2,000",39,33,북동향,20250410,"['25년이상', '1층', '관리비10만원이하', '주차가능']",37.510044,127.117672
2518931828,일반상가,월세,1/7,260,"3,000",120,85,북향,20250410,"['25년이내', '융자금없는', '역세권', '1층']",37.509807,127.122624
2518895523,일반상가,월세,2/4,280,"6,000",171,132,남동향,20250410,"['25년이상', '역세권', '중층', '관리비10만원이하']",37.510775,127.126083
2518902534,일반상가,월세,2/5,500,"5,000",284,266,남동향,20250410,"['25년이상', '중층', '주차가능', '총5층']",37.514193,127.109126
2518929207,일반상가,월세,1/3,545,1억,214,198,북서향,20250410,"['25년이상', '역세권', '1층', '주차가능']",37.511334,127.126169
2518925418,일반상가,월세,1/5,800,"1억 5,000",89,89,남서향,20250410,"['25년이상', '1층', '주차가능', '총5층']",37.514469,127.109213
2518888830,일반상가,월세,1/4,75,"1,000",45,45,북서향,20250410,"['15년이내', '1층', '관리비10만원이하', '주차가능']",37.512379,127.117017
2518960784,일반상가,월세,B1/3,270,"3,000",112,99,동향,20250410,"['25년이상', '지하층', '총3층', '동향']",37.514076,127.109321
2518887402,일반상가,월세,1/9,"2,000","3억 2,000",357,257,남동향,20250410,"['25년이내', '역세권', '1층', '주차가능']",37.514599,127.107859
2518985039,일반상가,월세,1/5,330,"3,000",166,166,남향,20250410,"['25년이내', '1층', '주차가능', '총5층']",37.509832,127.117779
2519008398,복합상가,월세,B1/16,600,1억,292,214,남동향,20250410,"['10년이내', '역세권', '지하층', '주차가능']",37.515774,127.111711
2519034871,일반상가,월세,B1/6,100,"1,000",73,59,서향,20250410,"['25년이내', '역세권', '지하층', '관리비10만원이하']",37.511051,127.11155
2519003506,복합상가,월세,1/16,270,"4,000",59,33,북서향,20250410,"['10년이내', '역세권', '1층', '관리비10만원이하']",37.516471,127.113163
2519001596,복합상가,월세,2/16,800,2억,284,198,남동향,20250410,"['2년이내', '융자금없는', '역세권', '지상층(1층제외)']",37.515831,127.11415
2518996443,복합상가,월세,1/17,340,"5,000",52,29,남동향,20250410,"['10년이내', '역세권', '1층', '관리비20만원이하']",37.515714,127.111152
2518989090,일반상가,월세,1/4,"1,050","1억 8,000",134,120,남동향,20250410,"['25년이상', '역세권', '1층', '주차가능']",37.512203,127.11305
2518995690,일반상가,월세,1/10,"3,000",3억,350,350,북서향,20250410,"['25년이상', '역세권', '1층', '주차가능']",37.516754,127.111443
2519015331,일반상가,월세,1/4,145,"1,500",59,59,북동향,20250410,"['25년이상', '융자금적은', '1층', '관리비10만원이하']",37.512392,127.120162
2519015935,일반상가,월세,1/7,330,1억,446,82,북서향,20250410,"['10년이내', '역세권', '1층', '주차가능']",37.511484,127.11329
2519040723,일반상가,월세,1/16,550,"5,000",75,55,남서향,20250410,"['10년이내', '융자금없는', '역세권', '1층']",37.51498,127.108228
2519006480,복합상가,월세,4/16,150,"2,000",43,26,남동향,20250410,"['2년이내', '역세권', '지상층(1층제외)', '주차가능']",37.515301,127.110348
2518935332,일반상가,월세,1/5,300,"5,000",72,66,북동향,20250410,"['25년이상', '역세권', '1층', '관리비10만원이하']",37.510323,127.121257
2518889736,일반상가,월세,3/6,800,1억,505,396,남서향,20250410,"['25년이상', '중층', '주차가능', '남서향']",37.509828,127.11825
2519102978,일반상가,월세,1/5,150,"1,500",45,33,남서향,20250410,"['25년이상', '역세권', '1층', '관리비10만원이하']",37.511092,127.11381
2519042641,일반상가,월세,1/10,"3,000","3억 4,000",373,373,북향,20250410,"['25년이상', '역세권', '1층', '주차가능']",37.516665,127.111182
2519078568,단지내상가,매매,2/7,,"10억 5,000",56,56,북동향,20250410,"['10년이내', '역세권', '지상층(1층제외)', '주차가능']",37.51498,127.108228
2519099111,일반상가,월세,1/4,130,"2,000",44,33,남향,20250410,"['25년이상', '1층', '관리비10만원이하', '주차가능']",37.50974,127.119185
2519099509,일반상가,월세,1/4,95,"1,000",19,19,북동향,20250410,"['25년이내', '융자금없는', '1층', '주차가능']",37.509553,127.118963
2519134073,일반상가,월세,1/9,300,"3,000",189,159,남동향,20250410,"['25년이상', '역세권', '1층', '주차가능']",37.515654,127.113475
2519041119,일반상가,월세,B2/16,200,"2,500",150,82,남동향,20250410,"['4년이내', '융자금없는', '역세권', '지하층']",37.516625,127.112237
2519133880,일반상가,월세,1/15,190,"2,000",37,23,남동향,20250410,"['10년이내', '역세권', '1층', '주차가능']",37.516037,127.112408
2519076186,복합상가,매매,1/20,,8억,39,26,북동향,20250410,"['10년이내', '역세권', '1층', '급매']",37.516037,127.112408
2518933572,일반상가,월세,1/8,"1,200","1억 5,000",90,66,서향,20250410,"['25년이내', '역세권', '1층', '주차가능']",37.513766,127.107715
2518999084,복합상가,월세,2/16,270,"5,000",97,61,북동향,20250410,"['10년이내', '역세권', '지상층(1층제외)', '관리비20만원이하']",37.516089,127.110437
2518946000,일반상가,월세,1/5,120,"2,000",173,47,서향,20250410,"['25년이내', '역세권', '1층', '주차가능']",37.510415,127.124134
2518769231,일반상가,월세,1/5,590,"5,000",55,55,북동향,20250409,"['4년이내', '역세권', '1층', '주차가능']",37.511219,127.114728
2518791861,일반상가,월세,1/5,230,"2,000",37,28,북향,20250409,"['25년이상', '역세권', '1층', '주차가능']",37.512368,127.111766
2518797680,단지내상가,매매,전체층/3,,9억,19,9,남향,20250409,"['25년이상', '역세권', '주차가능', '총3층']",37.515836,127.13223
2518840591,일반상가,월세,2/6,110,"1,000",33,33,남동향,20250409,"['25년이상', '역세권', '지상층(1층제외)', '관리비20만원이하']",37.513114,127.112473
2518239041,단지내상가,월세,1/17,280,"3,000",38,23,북서향,20250409,"['10년이내', '역세권', '1층', '관리비10만원이하']",37.515884,127.111647
2518642626,복합상가,매매,2/16,,"7억 6,540",53,32,북향,20250409,"['2년이내', '역세권', '지상층(1층제외)', '주차가능']",37.515301,127.110348
2518839106,일반상가,매매,1/16,,"4억 7,000",34,23,북동향,20250409,"['10년이내', '역세권', '1층', '주차가능']",37.516089,127.110437
2518848535,일반상가,월세,2/5,330,"5,000",168,142,북서향,20250409,"['25년이상', '중층', '주차가능', '엘리베이터']",37.512142,127.125252
2518764758,일반상가,월세,1/5,100,"2,000",49,33,북서향,20250409,"['15년이내', '1층', '관리비20만원이하', '주차가능']",37.510654,127.118763
2518664782,일반상가,월세,B1/17,300,"5,000",180,135,동향,20250409,"['2년이내', '융자금적은', '역세권', '지하층']",37.515583,127.109743
2518837392,일반상가,월세,1/6,380,"6,000",49,49,남동향,20250409,"['25년이상', '역세권', '1층', '주차가능']",37.513114,127.112473
2518837139,일반상가,월세,1/7,264,"3,000",55,42,북동향,20250409,"['25년이내', '역세권', '1층', '관리비10만원이하']",37.509807,127.122624
2518643182,복합상가,매매,1/16,,"20억 2,400",54,33,남향,20250409,"['2년이내', '역세권', '1층', '주차가능']",37.515301,127.110348
2518787802,일반상가,월세,1/16,620,"6,000",59,59,북동향,20250409,"['10년이내', '융자금없는', '테라스', '역세권']",37.516471,127.113163
2518623996,일반상가,월세,1/1,300,"5,000",87,87,남동향,20250409,"['25년이상', '마당', '역세권', '1층']",37.513122,127.111337
2518640322,일반상가,월세,B1/15,60,"1,000",132,66,남서향,20250409,"['25년이상', '역세권', '지하층', '주차가능']",37.515829,127.11518
2518817545,일반상가,월세,1/4,190,"3,000",36,23,남동향,20250409,"['25년이상', '1층', '관리비10만원이하', '주차가능']",37.510192,127.118003
2518756281,복합상가,월세,1/16,200,"3,000",25,25,북서향,20250409,"['4년이내', '역세권', '1층', '관리비10만원이하']",37.51599,127.113509
2518698155,일반상가,월세,1/17,280,"3,000",38,23,북서향,20250409,"['10년이내', '역세권', '1층', '관리비10만원이하']",37.515833,127.111885
2518786385,일반상가,월세,1/7,790,1억,170,170,남서향,20250409,"['25년이상', '융자금없는', '역세권', '1층']",37.509681,127.124139
