articleNo,articleName,tradeTypeName,floorInfo,rentPrc,dealOrWarrantPrc,area1,area2,direction,articleConfirmYmd,tagList,latitude,longitude
2524625442,일반상가,월세,B1/3,120,"2,000",147,132,남동향,20250509,"['25년이상', '역세권', '지하층', '총3층']",37.482944,126.973327
2524653927,단지내상가,월세,1/15,500,1억,33,24,동향,20250509,"['25년이내', '역세권', '1층', '주차가능']",37.484768,126.981712
2524661553,일반상가,월세,1/5,180,"2,000",33,33,북서향,20250509,"['25년이내', '융자금없는', '역세권', '1층']",37.483412,126.972013
2524652604,일반상가,월세,1/3,350,"8,000",83,83,동향,20250509,"['25년이상', '역세권', '1층', '주차가능']",37.486901,126.980609
2524604886,일반상가,월세,1/6,"1,100","1억 5,000",325,325,북향,20250509,"['25년이내', '역세권', '1층', '주차가능']",37.483934,126.978485
2524649220,단지내상가,매매,2/4,,3억,33,17,남서향,20250509,"['25년이상', '역세권', '중층', '관리비10만원이하']",37.486371,126.973056
2524626605,일반상가,월세,1/3,110,"1,000",29,29,서향,20250509,"['25년이상', '융자금적은', '역세권', '1층']",37.486969,126.979944
2524621901,일반상가,월세,1/4,200,"2,000",64,48,서향,20250509,"['25년이상', '융자금적은', '역세권', '1층']",37.477259,126.979118
2524639704,일반상가,월세,1/2,500,1억,100,100,북향,20250509,"['25년이상', '역세권', '1층', '총2층']",37.484106,126.979991
2524606607,일반상가,월세,7/8,250,"8,000",108,108,남향,20250509,"['15년이내', '역세권', '고층', '주차가능']",37.476896,126.977356
2524554134,일반상가,월세,4/7,300,1억,169,169,남서향,20250508,"['25년이상', '융자금없는', '역세권', '중층']",37.477164,126.981117
2524562747,일반상가,월세,1/7,100,"1,000",26,13,동향,20250508,"['25년이상', '역세권', '1층', '관리비10만원이하']",37.488476,126.97816
2524546336,일반상가,월세,1/5,800,1억,174,165,북동향,20250508,"['25년이상', '융자금적은', '역세권', '1층']",37.48605,126.981381
2524545058,일반상가,매매,1/24,,"8억 9,000",114,48,동향,20250508,"['15년이내', '역세권', '1층', '주차가능']",37.484542,126.980685
2524625460,일반상가,월세,2/4,150,"2,000",101,101,북동향,20250508,"['25년이상', '역세권', '중층', '관리비10만원이하']",37.482818,126.976073
2524464963,단지내상가,매매,1/24,,"8억 9,000",114,48,동향,20250508,"['15년이내', '역세권', '1층', '주차가능']",37.484438,126.980478
2524548303,단지내상가,월세,1/1,110,"2,000",51,31,북동향,20250508,"['4년이내', '1층', '관리비20만원이하', '주차가능']",37.491728,126.962274
2524616417,일반상가,월세,1/3,400,"9,000",52,52,남서향,20250508,"['25년이상', '역세권', '1층', '총3층']",37.482944,126.973327
2524602716,일반상가,월세,1/5,85,"1,000",28,28,남서향,20250508,"['10년이내', '역세권', '1층', '관리비10만원이하']",37.482466,126.972379
2524481101,단지내상가,월세,2/2,70,"2,000",49,37,북동향,20250508,"['25년이상', '융자금없는', '역세권', '고층']",37.486371,126.973056
2524354573,일반상가,월세,1/15,500,1억,45,45,동향,20250508,"['25년이내', '역세권', '1층', '관리비10만원이하']",37.484767,126.981528
2524410344,일반상가,월세,1/4,150,"3,000",60,59,북동향,20250508,"['25년이상', '역세권', '1층', '관리비10만원이하']",37.482732,126.980278
2524321145,일반상가,월세,5/5,190,"3,000",99,99,서향,20250508,"['25년이내', '역세권', '고층', '관리비10만원이하']",37.477809,126.980188
2524377514,일반상가,월세,1/4,80,"2,000",29,29,북동향,20250508,"['25년이상', '1층', '관리비10만원이하', '주차가능']",37.492697,126.978465
2524352960,단지내상가,월세,4/4,140,"2,000",92,68,남서향,20250508,"['25년이상', '융자금없는', '역세권', '고층']",37.486371,126.973056
2524459612,일반상가,월세,1/3,60,"1,000",25,25,서향,20250508,"['25년이상', '역세권', '1층', '총3층']",37.490593,126.981994
2524411735,일반상가,월세,1/3,120,"1,500",23,23,남서향,20250508,"['25년이상', '역세권', '1층', '총3층']",37.47883,126.979252
2524464654,단지내상가,매매,1/24,,100억,569,239,북향,20250508,"['15년이내', '역세권', '1층', '주차가능']",37.484438,126.980478
2524599576,단지내상가,매매,1/24,,"7억 8,000",80,33,남향,20250508,"['15년이내', '역세권', '1층', '주차가능']",37.484438,126.980478
2524542574,일반상가,월세,1/3,900,"1억 2,000",66,66,서향,20250508,"['25년이상', '융자금적은', '역세권', '1층']",37.486138,126.981811
2524522737,일반상가,매매,B2/4,,"2억 5,000",26,26,남서향,20250508,"['25년이상', '역세권', '지하층', '주차가능']",37.49084,126.979341
2524487792,일반상가,월세,B1/4,80,"1,000",101,101,남동향,20250508,"['25년이상', '역세권', '지하층', '관리비10만원이하']",37.482818,126.976073
2524424744,단지내상가,매매,2/4,,"1억 6,500",8,8,남서향,20250508,"['25년이상', '역세권', '중층', '관리비10만원이하']",37.486371,126.973056
2524464380,일반상가,월세,2/5,400,"7,000",130,112,북동향,20250508,"['2년이내', '역세권', '중층', '주차가능']",37.481481,126.975393
2524592275,일반상가,월세,1/3,850,"1억 2,000",107,66,동향,20250508,"['25년이상', '역세권', '1층', '관리비20만원이하']",37.486138,126.981811
2524592029,단지내상가,월세,1/3,130,"4,000",74,45,서향,20250508,"['25년이상', '역세권', '1층', '총3층']",37.485807,126.980758
2524603282,일반상가,월세,1/2,135,"2,000",27,27,북서향,20250508,"['25년이상', '역세권', '1층', '총2층']",37.485055,126.979902
2524601113,일반상가,월세,1/4,135,"1,000",46,46,남동향,20250508,"['10년이내', '역세권', '1층', '관리비10만원이하']",37.485592,126.972423
2524312840,일반상가,월세,1/3,280,"7,000",59,59,동향,20250508,"['25년이상', '융자금적은', '역세권', '1층']",37.486882,126.980394
2524310660,일반상가,월세,5/7,500,1억,382,257,남동향,20250508,"['25년이상', '역세권', '고층', '주차가능']",37.488476,126.97816
2524475702,일반상가,월세,4/6,240,"3,000",57,57,동향,20250508,"['10년이내', '역세권', '중층', '동향']",37.485437,126.980958
2524591391,일반상가,월세,1/6,"1,100","1억 5,000",325,210,북향,20250508,"['25년이내', '역세권', '1층', '주차가능']",37.483934,126.978485
2524578407,일반상가,월세,2/3,45,"1,000",39,33,북향,20250508,"['25년이상', '역세권', '중층', '총3층']",37.483027,126.974759
2524541936,일반상가,월세,1/2,140,"2,000",59,59,북동향,20250508,"['25년이상', '역세권', '1층', '총2층']",37.484263,126.96972
2524373542,일반상가,월세,B1/12,330,"7,000",301,273,서향,20250508,"['10년이내', '역세권', '지하층', '주차가능']",37.483735,126.981144
2524381396,단지내상가,월세,3/3,130,"2,200",57,57,동향,20250508,"['25년이상', '융자금없는', '고층', '관리비20만원이하']",37.489753,126.978118
2524501639,일반상가,월세,2/10,"2,070",2억 700,502,502,동향,20250508,"['25년이상', '역세권', '지상층(1층제외)', '주차가능']",37.479624,126.980934
2524557821,일반상가,월세,2/5,140,"3,000",95,95,서향,20250508,"['25년이내', '역세권', '중층', '총5층']",37.486162,126.981204
2524473217,단지내상가,월세,3/3,140,"1,500",111,74,북동향,20250508,"['25년이상', '융자금없는', '고층', '주차가능']",37.489753,126.978118
2524309909,일반상가,월세,2/3,180,"2,000",102,92,남향,20250508,"['25년이상', '역세권', '중층', '관리비10만원이하']",37.484165,126.977657
2524322683,일반상가,월세,1/3,110,"1,000",28,28,남서향,20250508,"['25년이상', '역세권', '1층', '총3층']",37.486969,126.979944
2524314768,일반상가,월세,1/4,320,"5,000",74,74,남동향,20250508,"['25년이상', '융자금적은', '역세권', '1층']",37.486855,126.98075
2524305958,일반상가,월세,B1/5,200,"3,000",76,76,남서향,20250508,"['15년이내', '역세권', '지하층', '관리비20만원이하']",37.48569,126.96951
2524350005,단지내상가,월세,1/3,350,"7,000",70,49,남향,20250508,"['15년이내', '융자금없는', '역세권', '1층']",37.485398,126.971298
2524430469,일반상가,월세,1/3,200,"3,500",39,39,남향,20250508,"['25년이상', '역세권', '1층', '총3층']",37.477396,126.979703
2524583204,일반상가,월세,1/3,100,"1,000",29,29,북향,20250508,"['25년이상', '1층', '총3층', '북향']",37.479664,126.971376
2524318397,일반상가,월세,4/5,190,"2,000",104,104,남향,20250508,"['25년이내', '역세권', '고층', '총5층']",37.477444,126.980461
2524323638,일반상가,월세,1/4,800,"1억 1,000",33,33,동향,20250508,"['25년이상', '역세권', '1층', '총4층']",37.487964,126.981949
2524398504,일반상가,월세,1/5,120,"2,000",26,26,북서향,20250508,"['4년이내', '역세권', '1층', '관리비10만원이하']",37.479015,126.979226
2524399338,일반상가,월세,1/3,90,"1,000",23,23,서향,20250508,"['25년이상', '역세권', '1층', '총3층']",37.486969,126.979944
2524559651,일반상가,월세,1/3,126,"1,300",33,26,남동향,20250508,"['25년이상', '역세권', '1층', '관리비10만원이하']",37.480022,126.981001
2524473143,단지내상가,월세,3/3,30,500,27,27,서향,20250508,"['25년이상', '융자금없는', '고층', '관리비10만원이하']",37.489753,126.978118
2524448137,일반상가,월세,1/2,140,"2,500",31,25,남향,20250508,"['25년이상', '역세권', '1층', '총2층']",37.484182,126.9794
2524403012,일반상가,월세,1/3,350,"6,000",60,60,북향,20250508,"['25년이상', '역세권', '1층', '총3층']",37.479851,126.981165
2524402140,일반상가,월세,2/4,200,"2,500",85,85,북동향,20250508,"['25년이상', '역세권', '중층', '관리비20만원이하']",37.483933,126.97223
2524557388,일반상가,월세,2/2,130,"2,700",56,56,동향,20250508,"['25년이상', '융자금적은', '역세권', '고층']",37.478084,126.97892
2524505115,일반상가,월세,1/3,250,"2,000",66,66,북향,20250508,"['25년이상', '역세권', '1층', '총3층']",37.489621,126.981382
2524472903,일반상가,월세,1/2,95,"1,500",33,33,남향,20250508,"['25년이상', '역세권', '1층', '총2층']",37.482904,126.979813
2524492361,일반상가,월세,2/4,150,"2,000",101,99,남동향,20250508,"['25년이상', '역세권', '중층', '관리비10만원이하']",37.482818,126.976073
2524380543,일반상가,월세,B1/11,450,"5,000",323,284,북향,20250508,"['15년이내', '역세권', '지하층', '주차가능']",37.484208,126.981318
2524518090,일반상가,월세,1/2,80,"3,000",18,18,남향,20250508,"['25년이상', '역세권', '1층', '총2층']",37.487633,126.98158
2524599745,단지내상가,매매,1/24,,"14억 8,000",156,65,남서향,20250508,"['15년이내', '역세권', '1층', '주차가능']",37.484542,126.980685
2524445895,일반상가,월세,1/4,70,"1,000",24,24,남향,20250508,"['25년이상', '융자금없는', '역세권', '1층']",37.482904,126.980299
2524469979,단지내상가,매매,2/24,,"7억 8,000",154,62,북향,20250508,"['15년이내', '역세권', '지상층(1층제외)', '주차가능']",37.484438,126.980478
2524383797,일반상가,월세,2/5,350,"8,000",113,113,서향,20250508,"['25년이상', '역세권', '중층', '관리비10만원이하']",37.487359,126.981289
2524465447,일반상가,월세,2/10,230,"3,000",86,62,북향,20250508,"['15년이내', '역세권', '지상층(1층제외)', '주차가능']",37.477249,126.979307
2524459779,일반상가,월세,1/2,285,"6,000",29,29,남향,20250508,"['25년이상', '역세권', '1층', '총2층']",37.487653,126.981286
2524463048,일반상가,월세,B1/12,330,"7,000",273,273,서향,20250508,"['10년이내', '역세권', '지하층', '주차가능']",37.483735,126.981144
2524583090,단지내상가,월세,2/2,140,"2,000",132,66,동향,20250508,"['4년이내', '고층', '관리비10만원이하', '주차가능']",37.491728,126.962274
2524618033,일반상가,월세,1/3,220,"4,000",23,23,남동향,20250508,"['25년이상', '역세권', '1층', '총3층']",37.482944,126.973327
2524594527,일반상가,월세,6/6,600,2억,298,298,남향,20250508,"['25년이내', '역세권', '고층', '주차가능']",37.485371,126.980711
2524538676,일반상가,매매,1/5,,87억,710,710,동향,20250508,"['2년이내', '역세권', '1층', '주차가능']",37.481481,126.975393
2524545370,일반상가,월세,B2/24,230,"3,000",119,53,북향,20250508,"['15년이내', '역세권', '지하층', '주차가능']",37.484542,126.980685
2524545958,일반상가,월세,B2/24,230,"3,000",119,53,북향,20250508,"['15년이내', '역세권', '지하층', '주차가능']",37.484438,126.980478
2524462431,일반상가,월세,B2/12,190,"3,000",151,151,서향,20250508,"['10년이내', '역세권', '지하층', '주차가능']",37.483735,126.981144
2524526850,일반상가,월세,5/15,330,"5,000",215,97,동향,20250508,"['25년이내', '역세권', '지상층(1층제외)', '주차가능']",37.484768,126.981712
2524381584,단지내상가,월세,4/5,180,"3,000",114,86,북동향,20250508,"['25년이상', '고층', '주차가능', '총5층']",37.489637,126.975965
2524352687,일반상가,월세,B1/4,80,"1,000",67,67,남동향,20250508,"['25년이상', '융자금없는', '역세권', '지하층']",37.482841,126.975578
2524484427,단지내상가,매매,2/2,,"3억 5,000",58,42,남동향,20250508,"['25년이상', '역세권', '고층', '관리비10만원이하']",37.486371,126.973056
2524607271,일반상가,월세,3/5,130,"2,000",92,92,서향,20250508,"['25년이상', '역세권', '중층', '관리비10만원이하']",37.49082,126.981483
2524543405,일반상가,월세,5/7,300,"6,000",169,86,남서향,20250508,"['25년이상', '역세권', '고층', '주차가능']",37.477164,126.981117
2524598019,일반상가,월세,1/12,415,"5,000",131,79,서향,20250508,"['2년이내', '역세권', '1층', '관리비20만원이하']",37.483221,126.981057
2524036692,일반상가,월세,1/5,800,"5,000",195,165,동향,20250507,"['25년이상', '역세권', '1층', '주차가능']",37.48931,126.982024
2524037366,일반상가,월세,1/3,150,"2,500",42,42,남향,20250507,"['25년이상', '융자금적은', '역세권', '1층']",37.488021,126.980388
2524037262,일반상가,월세,1/4,50,"2,000",24,24,남동향,20250507,"['25년이상', '융자금적은', '역세권', '1층']",37.490397,126.980782
2523839735,일반상가,월세,1/1,180,"2,000",36,36,북향,20250507,"['25년이상', '1층', '북향']",37.489859,126.971203
2523917998,일반상가,월세,1/3,170,"3,000",35,24,남서향,20250507,"['15년이내', '역세권', '1층', '관리비10만원이하']",37.485398,126.971298
2523819366,일반상가,월세,1/4,328,"5,000",70,69,동향,20250507,"['10년이내', '융자금적은', '역세권', '1층']",37.488677,126.981322
2523916810,일반상가,월세,2/4,50,"2,000",32,24,동향,20250507,"['25년이상', '역세권', '중층', '관리비10만원이하']",37.490397,126.980782
2524041009,일반상가,월세,1/3,200,"2,000",85,70,북동향,20250507,"['25년이상', '융자금적은', '역세권', '1층']",37.491089,126.980876
2523930803,일반상가,월세,2/5,250,"5,000",102,99,북서향,20250507,"['25년이상', '역세권', '중층', '관리비10만원이하']",37.483624,126.977422
2524038569,일반상가,월세,B1/5,270,"3,000",170,170,남동향,20250507,"['25년이상', '역세권', '지하층', '관리비20만원이하']",37.477994,126.978804
2524041801,일반상가,월세,B1/3,180,"3,000",35,24,남서향,20250507,"['15년이내', '융자금없는', '역세권', '지하층']",37.485398,126.971298
2524040172,일반상가,월세,1/6,90,"1,000",40,40,북동향,20250507,"['25년이내', '역세권', '1층', '관리비10만원이하']",37.486906,126.967415
2524072487,일반상가,월세,2/7,230,"3,000",131,99,남향,20250507,"['25년이내', '융자금없는', '역세권', '지상층(1층제외)']",37.484442,126.972333
2524034006,일반상가,월세,B1/12,230,"4,000",137,86,서향,20250507,"['2년이내', '역세권', '지하층', '관리비20만원이하']",37.483221,126.981057
2523819334,일반상가,월세,2/8,840,"1억 4,000",416,363,동향,20250507,"['25년이내', '융자금적은', '역세권', '지상층(1층제외)']",37.485693,126.980946
2523839563,단지내상가,월세,2/2,70,"1,500",37,37,남동향,20250507,"['25년이상', '역세권', '고층', '주차가능']",37.486371,126.973056
2523839422,단지내상가,월세,2/2,80,"2,000",60,60,남동향,20250507,"['25년이상', '역세권', '고층', '주차가능']",37.486371,126.973056
2523919500,일반상가,월세,1/7,440,1억,118,118,남향,20250507,"['15년이내', '융자금적은', '역세권', '1층']",37.491051,126.982203
2523919506,일반상가,월세,1/2,380,"5,000",39,39,서향,20250507,"['25년이상', '융자금적은', '역세권', '1층']",37.487312,126.980598
2523820434,일반상가,월세,1/2,140,"1,000",23,23,동향,20250507,"['25년이상', '융자금적은', '역세권', '1층']",37.485531,126.980225
2523935316,일반상가,월세,1/3,460,"5,000",77,72,남향,20250507,"['25년이상', '역세권', '1층', '총3층']",37.485868,126.981177
2524110022,일반상가,월세,1/2,135,"2,000",28,28,북서향,20250507,"['25년이상', '역세권', '1층', '총2층']",37.485055,126.979902
2524103945,일반상가,월세,2/2,310,"5,000",66,66,남동향,20250507,"['25년이상', '역세권', '고층', '총2층']",37.486529,126.981023
2524084566,단지내상가,월세,1/24,290,"5,000",85,36,북서향,20250507,"['15년이내', '역세권', '1층', '주차가능']",37.484438,126.980478
2524112798,일반상가,월세,2/3,440,"5,500",244,244,북향,20250507,"['25년이상', '역세권', '중층', '총3층']",37.479921,126.981317
2524105576,일반상가,월세,1/24,290,"5,000",36,36,북향,20250507,"['15년이내', '역세권', '1층', '주차가능']",37.484438,126.980478
2524041062,일반상가,월세,1/3,130,"2,000",23,23,남향,20250507,"['25년이상', '역세권', '1층', '총3층']",37.483109,126.972664
2523937221,일반상가,월세,1/2,500,1억,120,120,북향,20250507,"['25년이상', '역세권', '1층', '총2층']",37.484154,126.979868
2524015184,일반상가,월세,1/3,153,"4,000",56,56,남향,20250507,"['25년이상', '융자금적은', '역세권', '1층']",37.484821,126.978903
2523994865,일반상가,월세,1/3,200,"3,000",59,59,남서향,20250507,"['25년이상', '역세권', '1층', '총3층']",37.477911,126.97844
2523935647,단지내상가,월세,1/7,100,"1,000",13,13,북서향,20250507,"['25년이상', '역세권', '1층', '관리비20만원이하']",37.488476,126.97816
2523974082,일반상가,월세,1/4,"1,800",3억,300,198,동향,20250507,"['25년이상', '역세권', '1층', '총4층']",37.481573,126.981522
2523935845,일반상가,월세,1/2,"1,200","1억 5,000",326,326,동향,20250507,"['25년이내', '역세권', '1층', '주차가능']",37.490107,126.982176
2523819186,일반상가,월세,1/5,190,"3,000",83,83,동향,20250507,"['25년이내', '융자금적은', '역세권', '1층']",37.482679,126.978078
2523804578,일반상가,월세,1/3,200,"3,000",33,30,남향,20250507,"['25년이상', '융자금적은', '역세권', '1층']",37.479921,126.981317
2523893465,일반상가,월세,1/2,100,"1,000",36,36,남서향,20250507,"['25년이내', '융자금없는', '1층', '총2층']",37.489294,126.962944
2523992854,일반상가,월세,2/4,220,"5,000",152,106,동향,20250507,"['25년이상', '역세권', '중층', '총4층']",37.481245,126.971993
2523981898,일반상가,월세,1/3,100,"1,000",136,36,북향,20250507,"['25년이상', '역세권', '1층', '총3층']",37.479833,126.980978
2523942554,일반상가,월세,1/6,600,1억,95,95,동향,20250507,"['25년이내', '역세권', '1층', '동향']",37.485915,126.980988
2524009937,일반상가,월세,1/5,120,"2,000",138,33,북서향,20250507,"['25년이상', '융자금적은', '역세권', '1층']",37.481577,126.972483
2524015307,일반상가,월세,1/3,100,"1,000",33,33,남향,20250507,"['25년이상', '융자금적은', '역세권', '1층']",37.483472,126.971076
2524008845,일반상가,월세,B1/4,110,"1,000",66,59,서향,20250507,"['25년이상', '역세권', '지하층', '관리비10만원이하']",37.478309,126.980279
2524008936,일반상가,월세,B1/3,40,500,32,32,남서향,20250507,"['25년이상', '융자금적은', '역세권', '지하층']",37.47883,126.979252
2523984930,일반상가,월세,1/10,900,1억,310,270,동향,20250507,"['25년이내', '역세권', '1층', '주차가능']",37.484035,126.981627
2523812964,일반상가,월세,1/2,60,"1,000",23,19,북서향,20250507,"['25년이상', '1층', '총2층', '북서향']",37.487792,126.966375
2523821338,일반상가,월세,1/8,400,"9,000",50,50,동향,20250507,"['15년이내', '융자금적은', '역세권', '1층']",37.477186,126.98096
2524015284,일반상가,월세,1/2,140,"2,000",60,60,남향,20250507,"['25년이상', '융자금적은', '역세권', '1층']",37.484263,126.96972
2524038549,일반상가,월세,1/8,270,"5,000",180,80,남향,20250507,"['25년이상', '융자금적은', '역세권', '1층']",37.47705,126.979653
2524037883,일반상가,월세,1/3,260,"5,000",18,18,남향,20250507,"['25년이상', '역세권', '1층', '총3층']",37.487708,126.980664
2524078190,일반상가,월세,1/4,"1,800",3억,300,265,동향,20250507,"['25년이상', '역세권', '1층', '총4층']",37.481573,126.981522
2524104888,일반상가,월세,1/4,150,"2,000",23,23,남동향,20250507,"['25년이상', '역세권', '1층', '주차가능']",37.482841,126.975578
2524034011,일반상가,월세,1/3,120,"2,000",45,33,북동향,20250507,"['25년이상', '융자금적은', '역세권', '1층']",37.491249,126.980496
2524010109,일반상가,월세,1/4,100,"1,000",49,49,남서향,20250507,"['25년이상', '융자금적은', '역세권', '1층']",37.482921,126.971084
2524011712,일반상가,월세,1/8,270,"4,500",180,82,남향,20250507,"['25년이상', '역세권', '1층', '주차가능']",37.47705,126.979653
2523999446,일반상가,월세,2/10,600,"5,000",190,165,동향,20250507,"['25년이내', '역세권', '지상층(1층제외)', '주차가능']",37.484035,126.981627
2524015322,일반상가,월세,1/3,95,"1,000",23,23,남향,20250507,"['25년이상', '융자금적은', '역세권', '1층']",37.487418,126.980215
2524120226,복합상가,월세,2/3,970,1억,169,169,동향,20250507,"['25년이상', '역세권', '중층', '총3층']",37.486138,126.981811
2524113479,일반상가,월세,1/5,132,"2,500",45,45,남동향,20250507,"['25년이상', '테라스', '역세권', '1층']",37.479012,126.979604
2524039157,일반상가,월세,B1/4,160,"2,000",131,126,동향,20250507,"['25년이상', '역세권', '지하층', '총4층']",37.483662,126.971872
2524042811,일반상가,월세,1/2,50,500,22,22,남향,20250507,"['25년이상', '역세권', '1층', '총2층']",37.484106,126.970234
2524034089,일반상가,월세,B1/12,200,"5,000",105,66,서향,20250507,"['2년이내', '역세권', '지하층', '관리비20만원이하']",37.483221,126.981057
2524080726,일반상가,월세,8/8,520,"1억 5,000",308,248,남동향,20250507,"['25년이상', '역세권', '고층', '주차가능']",37.477793,126.981182
2524262729,일반상가,월세,1/2,80,"1,200",33,33,북동향,20250507,"['25년이상', '역세권', '1층', '총2층']",37.484844,126.96888
2524244506,일반상가,월세,1/3,80,"1,000",16,16,북향,20250507,"['25년이상', '1층', '관리비10만원이하', '총3층']",37.481285,126.976647
2524269881,일반상가,월세,1/3,100,"1,000",126,33,북향,20250507,"['25년이상', '역세권', '1층', '총3층']",37.477805,126.97887
2524225131,일반상가,월세,1/6,"1,100","1억 5,000",325,198,북향,20250507,"['25년이내', '역세권', '1층', '주차가능']",37.483934,126.978485
2524139056,복합상가,월세,1/12,390,1억,79,79,남서향,20250507,"['2년이내', '역세권', '1층', '관리비20만원이하']",37.483221,126.981057
2524130121,일반상가,월세,1/5,600,1억,138,132,동향,20250507,"['25년이내', '융자금적은', '역세권', '1층']",37.486024,126.981004
2524083372,일반상가,월세,1/5,290,"5,000",66,52,남향,20250507,"['25년이상', '역세권', '1층', '관리비20만원이하']",37.476894,126.977083
2524102960,일반상가,월세,1/3,110,"1,500",33,33,남서향,20250507,"['25년이상', '역세권', '1층', '총3층']",37.47883,126.979252
2524143533,일반상가,월세,1/2,140,"2,500",24,24,남향,20250507,"['25년이상', '융자금적은', '역세권', '1층']",37.484182,126.9794
2524218092,일반상가,월세,2/3,140,"2,000",68,68,남향,20250507,"['25년이상', '역세권', '중층', '총3층']",37.476946,126.978778
2524161230,일반상가,월세,1/2,120,"2,000",43,43,북동향,20250507,"['25년이상', '1층', '총2층', '북동향']",37.487792,126.966375
2523876088,일반상가,월세,1/4,120,"1,000",23,23,북서향,20250507,"['10년이내', '역세권', '1층', '주차가능']",37.483041,126.972201
2523868198,일반상가,월세,2/3,160,"3,000",70,70,남향,20250507,"['4년이내', '융자금적은', '역세권', '중층']",37.489795,126.981379
2523819531,일반상가,월세,1/3,130,"4,000",46,46,동향,20250507,"['25년이상', '융자금적은', '역세권', '1층']",37.485807,126.980758
2523871732,일반상가,월세,2/2,80,"2,500",40,40,남향,20250507,"['25년이상', '융자금적은', '역세권', '고층']",37.482998,126.97349
2524079725,일반상가,월세,2/10,"2,070",2억 700,616,503,동향,20250507,"['25년이상', '역세권', '지상층(1층제외)', '주차가능']",37.479697,126.981298
2523819581,일반상가,월세,1/5,110,"3,000",29,29,동향,20250507,"['25년이상', '융자금적은', '역세권', '1층']",37.49082,126.981483
2523926204,일반상가,월세,1/3,160,"2,000",23,23,동향,20250507,"['25년이상', '융자금없는', '역세권', '1층']",37.485766,126.968813
2523932560,일반상가,월세,2/5,250,"5,000",102,82,북향,20250507,"['25년이상', '역세권', '중층', '관리비10만원이하']",37.483624,126.977422
2523819265,일반상가,월세,2/2,200,"5,000",60,59,동향,20250507,"['25년이상', '융자금적은', '역세권', '고층']",37.48663,126.981023
2523819216,일반상가,월세,1/2,240,"3,000",56,49,동향,20250507,"['25년이상', '융자금적은', '역세권', '1층']",37.483823,126.971957
2524289530,일반상가,월세,3/4,170,"3,000",99,99,서향,20250507,"['10년이내', '역세권', '고층', '관리비10만원이하']",37.482292,126.97322
2524280474,일반상가,월세,2/3,430,"7,000",98,86,서향,20250507,"['25년이상', '역세권', '중층', '총3층']",37.487359,126.981895
2524274558,일반상가,월세,7/7,300,"5,000",146,146,남향,20250507,"['25년이상', '역세권', '고층', '주차가능']",37.47851,126.981122
2524153496,단지내상가,월세,3/3,120,"2,000",75,50,동향,20250507,"['25년이상', '융자금없는', '고층', '관리비20만원이하']",37.489637,126.975965
2524270283,일반상가,월세,5/8,260,"4,000",107,89,남향,20250507,"['25년이내', '융자금적은', '역세권', '중층']",37.478471,126.980811
2524034559,일반상가,월세,2/4,600,"6,000",142,140,서향,20250507,"['25년이상', '융자금적은', '역세권', '중층']",37.487109,126.981245
2524017783,일반상가,월세,B1/5,300,"5,000",171,171,동향,20250507,"['2년이내', '역세권', '지하층', '주차가능']",37.481481,126.975393
2524036641,일반상가,월세,1/3,150,"3,000",50,40,남서향,20250507,"['25년이상', '융자금적은', '역세권', '1층']",37.489111,126.980737
2523945150,일반상가,월세,B1/5,110,"2,000",92,92,동향,20250507,"['25년이상', '역세권', '지하층', '관리비10만원이하']",37.49082,126.981483
2524011604,일반상가,월세,1/4,80,"1,000",45,45,남서향,20250507,"['25년이내', '1층', '총4층', '남서향']",37.488997,126.963117
2524035744,일반상가,월세,B1/4,400,"4,000",118,118,남향,20250507,"['25년이상', '융자금적은', '역세권', '지하층']",37.477409,126.980954
2524037037,일반상가,월세,1/4,600,1억,95,77,남동향,20250507,"['25년이상', '융자금없는', '역세권', '1층']",37.486868,126.981224
2524037167,일반상가,월세,2/3,510,1억,145,134,남향,20250507,"['25년이상', '융자금적은', '역세권', '중층']",37.487708,126.980664
2523946659,일반상가,월세,2/7,460,"1억 3,000",103,82,동향,20250507,"['25년이내', '역세권', '지상층(1층제외)', '주차가능']",37.487458,126.98103
2523910007,일반상가,월세,B1/5,300,"5,000",171,120,북동향,20250507,"['2년이내', '역세권', '지하층', '주차가능']",37.481481,126.975393
2523972562,일반상가,월세,1/5,400,"6,000",101,101,서향,20250507,"['10년이내', '역세권', '1층', '주차가능']",37.490229,126.982237
2523936179,일반상가,월세,2/5,130,"2,000",92,92,남서향,20250507,"['25년이상', '역세권', '중층', '관리비10만원이하']",37.49082,126.981483
2523943746,일반상가,월세,2/5,500,"8,000",178,165,북향,20250507,"['25년이상', '역세권', '중층', '총5층']",37.48605,126.981381
2524281781,일반상가,월세,1/2,135,"2,000",26,26,북서향,20250507,"['25년이상', '융자금적은', '역세권', '1층']",37.485055,126.979902
2524267925,일반상가,월세,1/4,130,"2,000",22,22,북동향,20250507,"['25년이상', '역세권', '1층', '관리비10만원이하']",37.478395,126.979857
2524230137,일반상가,월세,2/3,127,"1,000",50,46,남동향,20250507,"['25년이상', '역세권', '중층', '총3층']",37.480081,126.981296
2524272182,일반상가,월세,1/2,280,"7,000",111,111,서향,20250507,"['25년이상', '융자금적은', '역세권', '1층']",37.487721,126.980906
2524198641,일반상가,월세,1/3,100,"1,000",40,40,남서향,20250507,"['25년이상', '1층', '관리비10만원이하', '총3층']",37.48143,126.976874
2524267622,일반상가,월세,3/5,250,"3,000",104,99,동향,20250507,"['25년이내', '역세권', '중층', '총5층']",37.477444,126.980461
2524129276,일반상가,월세,1/5,80,"1,000",18,18,남서향,20250507,"['25년이내', '1층', '관리비10만원이하', '총5층']",37.487305,126.975362
2524109198,일반상가,월세,1/4,350,"5,000",76,76,남향,20250507,"['25년이상', '융자금적은', '역세권', '1층']",37.483805,126.976574
2524107533,일반상가,월세,2/3,130,"1,300",52,42,북동향,20250507,"['25년이상', '역세권', '중층', '총3층']",37.477811,126.978128
2524106736,일반상가,월세,1/3,160,"2,000",33,33,남향,20250507,"['25년이상', '역세권', '1층', '관리비10만원이하']",37.48428,126.977993
2524127687,복합상가,월세,B1/12,230,"4,000",98,98,남서향,20250507,"['2년이내', '역세권', '지하층', '관리비20만원이하']",37.483221,126.981057
2524292621,일반상가,월세,1/5,140,"3,000",23,23,동향,20250507,"['25년이내', '융자금적은', '역세권', '1층']",37.478539,126.979181
2524291409,일반상가,월세,1/5,253,"3,000",87,52,북동향,20250507,"['25년이내', '역세권', '1층', '주차가능']",37.484942,126.969909
2524240448,단지내상가,월세,1/1,110,"2,000",31,31,북동향,20250507,"['4년이내', '융자금없는', '1층', '관리비10만원이하']",37.491728,126.962274
2524289023,단지내상가,매매,4/24,,"4억 1,000",100,43,북서향,20250507,"['15년이내', '역세권', '지상층(1층제외)', '주차가능']",37.484438,126.980478
2523934431,일반상가,월세,1/3,450,1억,62,62,남향,20250507,"['25년이상', '역세권', '1층', '총3층']",37.487708,126.980664
2524017612,일반상가,월세,1/5,400,"7,000",116,116,동향,20250507,"['2년이내', '역세권', '1층', '주차가능']",37.481481,126.975393
2523909658,일반상가,월세,1/5,400,"7,000",116,96,북동향,20250507,"['2년이내', '역세권', '1층', '주차가능']",37.481481,126.975393
2524035985,일반상가,월세,4/5,190,"3,000",94,80,남향,20250507,"['25년이내', '융자금적은', '역세권', '고층']",37.477444,126.980461
2524017818,일반상가,월세,2/5,400,"7,000",130,130,동향,20250507,"['2년이내', '역세권', '중층', '주차가능']",37.481481,126.975393
2524034769,일반상가,월세,1/4,800,"1억 1,000",249,34,동향,20250507,"['25년이상', '융자금적은', '역세권', '1층']",37.487964,126.981949
2524035953,일반상가,월세,3/5,250,"3,000",104,100,남향,20250507,"['25년이내', '융자금적은', '역세권', '중층']",37.477444,126.980461
2524034315,일반상가,월세,5/7,270,"8,000",103,100,북동향,20250507,"['25년이내', '융자금적은', '역세권', '고층']",37.487458,126.98103
2524017975,일반상가,월세,5/5,250,"5,000",76,76,동향,20250507,"['2년이내', '역세권', '고층', '주차가능']",37.481481,126.975393
2524017917,일반상가,월세,4/5,280,"5,000",107,107,동향,20250507,"['2년이내', '역세권', '고층', '주차가능']",37.481481,126.975393
2524017849,일반상가,월세,3/5,350,"5,000",107,107,동향,20250507,"['2년이내', '역세권', '중층', '주차가능']",37.481481,126.975393
2524184804,일반상가,월세,1/3,60,"1,500",16,16,남서향,20250507,"['25년이상', '역세권', '1층', '총3층']",37.479542,126.980343
2524269230,일반상가,월세,1/3,150,"1,500",33,33,서향,20250507,"['25년이상', '역세권', '1층', '총3층']",37.48562,126.980572
2524298065,단지내상가,매매,1/24,,"14억 8,000",156,65,남서향,20250507,"['15년이내', '역세권', '1층', '주차가능']",37.484438,126.980478
2524297770,단지내상가,월세,1/24,290,"5,000",85,36,북서향,20250507,"['15년이내', '융자금적은', '역세권', '1층']",37.484542,126.980685
2524228867,일반상가,월세,2/12,160,"3,000",60,45,서향,20250507,"['2년이내', '역세권', '지상층(1층제외)', '관리비20만원이하']",37.483221,126.981057
2524055594,일반상가,월세,1/4,"3,000",3억,402,402,동향,20250507,"['25년이상', '역세권', '1층', '주차가능']",37.478162,126.980488
2524178666,일반상가,월세,6/6,600,2억,298,298,남향,20250507,"['25년이내', '역세권', '고층', '주차가능']",37.48522,126.980862
2524316530,일반상가,월세,1/4,120,"1,500",33,33,남서향,20250507,"['25년이상', '역세권', '1층', '관리비10만원이하']",37.478778,126.979334
2524287847,일반상가,월세,1/3,110,"1,000",39,29,북향,20250507,"['25년이상', '역세권', '1층', '총3층']",37.479833,126.980978
2524202053,일반상가,월세,B1/3,100,"1,000",107,107,남향,20250507,"['25년이상', '역세권', '지하층', '관리비10만원이하']",37.483763,126.973217
2524039495,일반상가,월세,3/4,170,"3,000",99,94,북서향,20250506,"['10년이내', '역세권', '고층', '관리비10만원이하']",37.482292,126.97322
2523967068,단지내상가,월세,B1/3,50,"2,000",42,36,동향,20250506,"['25년이상', '융자금없는', '지하층', '관리비10만원이하']",37.489637,126.975965
2524037209,일반상가,월세,1/5,100,"2,500",19,19,남향,20250506,"['25년이상', '융자금없는', '역세권', '1층']",37.49013,126.980728
2524034181,일반상가,월세,1/5,110,"3,000",74,50,북서향,20250506,"['25년이상', '융자금적은', '역세권', '1층']",37.49082,126.981483
2523967367,복합상가,월세,1/7,100,"1,000",20,13,북동향,20250506,"['25년이상', '역세권', '1층', '관리비20만원이하']",37.488476,126.97816
2524038222,일반상가,월세,1/5,400,"6,000",101,85,동향,20250506,"['10년이내', '융자금적은', '역세권', '1층']",37.490229,126.982237
2524008685,일반상가,월세,3/5,130,"1,500",57,57,북향,20250506,"['25년이상', '융자금적은', '역세권', '중층']",37.478313,126.980172
2523782291,일반상가,월세,1/2,60,"1,000",17,17,남서향,20250503,"['25년이상', '1층', '주차가능', '총2층']",37.487792,126.966375
2523643829,일반상가,월세,1/2,185,"7,500",42,42,북향,20250503,"['25년이상', '역세권', '1층', '총2층']",37.483807,126.973449
2523708636,단지내상가,월세,1/1,170,"3,000",37,37,남서향,20250503,"['10년이내', '융자금없는', '1층', '관리비10만원이하']",37.488529,126.973262
2523734806,일반상가,월세,1/2,55,"1,000",20,17,남서향,20250503,"['25년이상', '융자금없는', '1층', '총2층']",37.487792,126.966375
2523643833,일반상가,월세,1/2,250,"5,000",53,53,북동향,20250503,"['25년이상', '역세권', '1층', '총2층']",37.484106,126.979991
2523634178,일반상가,월세,1/3,90,"1,500",38,38,북향,20250503,"['25년이상', '역세권', '1층', '관리비10만원이하']",37.478477,126.979484
2523725645,일반상가,월세,B1/5,260,"2,000",93,59,동향,20250503,"['25년이상', '역세권', '지하층', '관리비20만원이하']",37.481193,126.981497
2523733385,일반상가,월세,2/5,500,"8,000",178,168,북동향,20250503,"['25년이상', '융자금적은', '역세권', '중층']",37.48605,126.981381
2523791789,단지내상가,매매,1/24,,"7억 8,000",80,33,남향,20250503,"['15년이내', '역세권', '1층', '주차가능']",37.484542,126.980685
2523643516,일반상가,월세,1/2,90,"1,000",32,32,북동향,20250503,"['25년이상', '역세권', '1층', '총2층']",37.485765,126.972819
2523795545,단지내상가,매매,4/24,,"4억 1,000",100,43,북서향,20250503,"['15년이내', '역세권', '지상층(1층제외)', '주차가능']",37.484542,126.980685
2523630952,단지내상가,월세,B1/3,170,"3,500",24,24,남서향,20250503,"['15년이내', '역세권', '지하층', '주차가능']",37.485398,126.971298
2523803453,일반상가,월세,3/5,250,"3,000",104,94,남향,20250503,"['25년이내', '융자금적은', '역세권', '중층']",37.477444,126.980461
2523739894,일반상가,월세,1/2,120,"1,000",38,38,동향,20250503,"['25년이상', '테라스', '역세권', '1층']",37.490621,126.982194
2523628419,일반상가,월세,1/4,150,"3,000",26,26,북향,20250503,"['25년이상', '역세권', '1층', '관리비10만원이하']",37.483436,126.976931
2523621456,일반상가,월세,1/3,150,"1,500",49,49,남향,20250503,"['25년이상', '역세권', '1층', '총3층']",37.480022,126.981001
2523622956,일반상가,월세,1/3,100,"1,000",26,26,북동향,20250503,"['25년이상', '역세권', '1층', '총3층']",37.483472,126.971076
2523694832,일반상가,월세,1/8,900,2억,407,363,동향,20250503,"['25년이내', '테라스', '역세권', '1층']",37.485693,126.980946
2523789991,일반상가,월세,1/3,160,"4,000",43,43,북동향,20250503,"['25년이상', '역세권', '1층', '관리비10만원이하']",37.484821,126.978903
2523689991,일반상가,월세,B1/12,230,"4,000",98,98,남향,20250503,"['2년이내', '융자금적은', '역세권', '지하층']",37.483216,126.981195
2523629233,일반상가,월세,1/4,200,"4,000",92,92,서향,20250503,"['15년이내', '역세권', '1층', '관리비10만원이하']",37.490732,126.981443
2523643826,일반상가,월세,2/3,160,"3,000",84,84,남향,20250503,"['25년이상', '역세권', '중층', '총3층']",37.487623,126.980134
2523619226,일반상가,월세,1/5,800,"5,000",180,160,동향,20250503,"['25년이상', '역세권', '1층', '총5층']",37.48931,126.982024
2523613853,일반상가,월세,1/2,90,"1,000",23,20,북향,20250502,"['25년이상', '융자금없는', '역세권', '1층']",37.483641,126.970766
2523478266,단지내상가,월세,1/1,180,"3,000",36,24,남서향,20250502,"['15년이내', '역세권', '1층', '주차가능']",37.485398,126.971298
2523546210,일반상가,월세,1/3,460,"5,000",77,77,남서향,20250502,"['25년이상', '역세권', '1층', '총3층']",37.485868,126.981177
2523467947,일반상가,월세,1/5,120,"5,000",60,50,남동향,20250502,"['25년이내', '역세권', '1층', '관리비10만원이하']",37.483934,126.978485
2523527531,일반상가,월세,3/5,200,"2,000",132,132,동향,20250502,"['25년이상', '융자금적은', '역세권', '중층']",37.488761,126.98036
2523548022,일반상가,월세,B1/11,450,"5,000",409,283,북향,20250502,"['15년이내', '역세권', '지하층', '주차가능']",37.484208,126.981318
2523503881,일반상가,월세,B1/4,220,"4,000",69,69,서향,20250502,"['25년이상', '역세권', '지하층', '총4층']",37.48747,126.981237
2523533048,일반상가,월세,1/3,160,"2,000",33,33,북동향,20250502,"['25년이상', '역세권', '1층', '관리비10만원이하']",37.478654,126.979186
2523445449,일반상가,월세,1/3,110,"1,500",29,29,서향,20250502,"['25년이상', '역세권', '1층', '총3층']",37.489511,126.980841
2523476164,일반상가,월세,B1/3,80,800,29,29,북동향,20250502,"['25년이상', '역세권', '지하층', '주차가능']",37.482628,126.970919
2523552462,일반상가,월세,2/2,330,"5,000",98,98,동향,20250502,"['25년이상', '역세권', '고층', '총2층']",37.487323,126.980362
2523518943,일반상가,월세,2/7,460,"1억 3,000",82,82,북동향,20250502,"['25년이내', '융자금적은', '역세권', '지상층(1층제외)']",37.487458,126.98103
2523485803,일반상가,월세,1/2,140,"1,000",46,43,북향,20250502,"['25년이상', '마당', '역세권', '1층']",37.47844,126.979594
2523505122,일반상가,월세,1/2,650,"5,000",82,82,남향,20250502,"['25년이상', '역세권', '1층', '총2층']",37.484699,126.97931
2523479667,일반상가,월세,1/2,250,"5,000",59,59,북향,20250502,"['25년이상', '역세권', '1층', '총2층']",37.484106,126.979991
2523529998,일반상가,월세,1/2,110,"1,000",33,33,북동향,20250502,"['25년이상', '역세권', '1층', '총2층']",37.47844,126.979594
2523390976,일반상가,월세,3/3,130,"2,000",95,95,동향,20250502,"['25년이상', '융자금적은', '역세권', '고층']",37.479189,126.97997
2523354936,일반상가,월세,2/4,220,"5,000",64,64,남향,20250502,"['25년이상', '역세권', '중층', '총4층']",37.485365,126.980002
2523323649,단지내상가,월세,1/3,350,"7,000",49,49,남향,20250502,"['15년이내', '역세권', '1층', '관리비20만원이하']",37.485398,126.971298
2523489882,단지내상가,월세,1/1,110,"2,000",50,31,동향,20250502,"['4년이내', '융자금없는', '1층', '관리비10만원이하']",37.491728,126.962274
2523338422,일반상가,월세,1/5,400,"7,000",116,97,남서향,20250502,"['2년이내', '역세권', '1층', '주차가능']",37.481481,126.975393
2523462732,일반상가,월세,전체층/2,"1,200","1억 5,000",326,326,북향,20250502,"['25년이내', '역세권', '주차가능', '총2층']",37.490107,126.982176
2523333403,일반상가,월세,1/2,140,"1,000",26,26,남서향,20250502,"['25년이상', '융자금적은', '역세권', '1층']",37.485531,126.980225
2523447193,일반상가,월세,1/3,110,"1,000",39,39,북서향,20250502,"['25년이상', '역세권', '1층', '총3층']",37.479833,126.980978
2523389341,일반상가,월세,2/7,840,"1억 4,000",416,374,동향,20250502,"['25년이내', '역세권', '지상층(1층제외)', '주차가능']",37.485693,126.980946
2523390869,일반상가,월세,2/3,510,1억,145,140,남향,20250502,"['25년이상', '융자금적은', '역세권', '중층']",37.487708,126.980664
2523477193,일반상가,월세,1/2,140,"2,500",33,26,북향,20250502,"['25년이상', '역세권', '1층', '총2층']",37.484182,126.9794
2523545836,일반상가,월세,1/6,600,1억,102,102,동향,20250502,"['25년이내', '역세권', '1층', '관리비20만원이하']",37.485915,126.980988
2523538233,일반상가,월세,1/3,160,"4,000",57,52,북동향,20250502,"['25년이상', '역세권', '1층', '관리비10만원이하']",37.484821,126.978903
2523502653,일반상가,월세,1/2,80,"1,200",26,26,북동향,20250502,"['25년이상', '역세권', '1층', '총2층']",37.484844,126.96888
2523515767,일반상가,월세,2/3,430,"7,000",85,85,서향,20250502,"['25년이상', '융자금적은', '역세권', '중층']",37.487359,126.981895
2523602073,일반상가,월세,B1/3,80,800,30,30,동향,20250502,"['25년이상', '역세권', '지하층', '총3층']",37.482628,126.970919
2523554858,일반상가,월세,1/3,500,1억,62,50,남향,20250502,"['25년이상', '역세권', '1층', '총3층']",37.487708,126.980664
2523606249,일반상가,월세,3/5,140,"2,000",66,52,동향,20250502,"['4년이내', '융자금적은', '역세권', '중층']",37.477872,126.980587
2523556289,일반상가,월세,1/4,350,"9,000",109,99,남동향,20250502,"['25년이상', '역세권', '1층', '총4층']",37.477399,126.97988
2523603442,일반상가,월세,3/3,140,"2,500",85,85,남향,20250502,"['25년이상', '역세권', '고층', '관리비10만원이하']",37.483693,126.973506
2523600348,일반상가,월세,2/4,290,"5,000",99,99,남향,20250502,"['25년이상', '역세권', '중층', '총4층']",37.486527,126.98088
2523480472,일반상가,월세,1/2,500,1억,115,115,북향,20250502,"['25년이상', '역세권', '1층', '총2층']",37.484106,126.979991
2523317976,일반상가,월세,4/7,440,"4,000",262,198,남동향,20250502,"['25년이상', '역세권', '중층', '주차가능']",37.478752,126.981286
2523223656,일반상가,월세,1/7,126,"3,000",29,29,남서향,20250502,"['25년이내', '역세권', '1층', '관리비20만원이하']",37.486818,126.968115
2523224772,일반상가,월세,3/5,230,"2,000",104,104,남향,20250502,"['25년이내', '역세권', '중층', '총5층']",37.477444,126.980461
2523214928,일반상가,월세,5/7,490,1억,273,264,남향,20250502,"['25년이상', '역세권', '고층', '주차가능']",37.47851,126.981122
2523313368,단지내상가,월세,1/3,170,"3,500",24,24,남서향,20250502,"['15년이내', '역세권', '1층', '관리비20만원이하']",37.485398,126.971298
2523304373,일반상가,월세,1/2,300,"7,000",102,99,서향,20250502,"['25년이상', '역세권', '1층', '급매']",37.487721,126.980906
2523233265,일반상가,월세,1/2,130,"2,000",39,39,북향,20250502,"['25년이상', '역세권', '1층', '총2층']",37.480534,126.980988
2523293239,일반상가,월세,3/6,300,"3,000",176,100,동향,20250502,"['25년이상', '융자금없는', '역세권', '중층']",37.480356,126.981333
2523310854,일반상가,월세,1/5,210,"4,000",59,56,동향,20250502,"['25년이상', '역세권', '1층', '주차가능']",37.489824,126.98166
2523332625,일반상가,월세,1/2,380,"5,000",42,39,서향,20250502,"['25년이상', '융자금적은', '역세권', '1층']",37.487312,126.980598
2523323878,일반상가,월세,2/4,120,"2,000",99,99,서향,20250502,"['25년이상', '역세권', '중층', '총4층']",37.484959,126.972618
2523324641,일반상가,월세,1/2,90,"2,000",26,26,남향,20250502,"['25년이상', '역세권', '1층', '총2층']",37.483483,126.975428
2523390859,일반상가,월세,1/8,900,2억,407,360,동향,20250502,"['25년이내', '융자금적은', '역세권', '1층']",37.485693,126.980946
2523308928,일반상가,월세,1/3,200,"3,000",52,49,동향,20250502,"['25년이내', '역세권', '1층', '주차가능']",37.489312,126.981466
2523229722,단지내상가,월세,B2/B2,200,"3,000",87,45,남향,20250502,"['4년이내', '지하층', '관리비20만원이하', '주차가능']",37.492414,126.980224
2523390818,일반상가,월세,2/3,160,"3,000",115,112,동향,20250502,"['25년이상', '융자금적은', '역세권', '중층']",37.483716,126.973378
2523338869,일반상가,월세,1/2,240,"3,000",49,49,북동향,20250502,"['25년이상', '역세권', '1층', '관리비10만원이하']",37.483823,126.971957
2523333917,일반상가,월세,2/3,160,"3,000",115,115,서향,20250502,"['25년이상', '융자금적은', '역세권', '중층']",37.483716,126.973378
2523324262,일반상가,월세,B1/4,180,"2,000",110,110,동향,20250502,"['25년이내', '지하층', '총4층', '동향']",37.479914,126.971104
2523326816,일반상가,월세,1/3,160,"4,000",57,57,남서향,20250502,"['25년이상', '역세권', '1층', '관리비10만원이하']",37.484821,126.978903
2523229243,일반상가,월세,1/3,153,"2,000",29,26,북서향,20250502,"['25년이상', '역세권', '1층', '총3층']",37.478648,126.979587
2523397609,일반상가,월세,1/3,320,"3,000",68,68,남향,20250502,"['25년이상', '융자금적은', '역세권', '1층']",37.476946,126.978778
2523447241,복합상가,월세,B1/12,330,"7,000",318,273,남향,20250502,"['10년이내', '역세권', '지하층', '주차가능']",37.483735,126.981144
2523213263,일반상가,월세,1/4,"1,800",3억,300,300,서향,20250502,"['25년이상', '역세권', '1층', '총4층']",37.481573,126.981522
2523539266,일반상가,월세,1/4,90,"1,000",49,49,남향,20250502,"['25년이내', '융자금없는', '마당', '1층']",37.488112,126.96439
2523490747,단지내상가,매매,2/2,,"3억 5,000",50,25,동향,20250502,"['4년이내', '고층', '관리비10만원이하', '주차가능']",37.491728,126.962274
2523615276,단지내상가,매매,2/24,,16억,253,102,남서향,20250502,"['15년이내', '역세권', '지상층(1층제외)', '주차가능']",37.484438,126.980478
2523612984,일반상가,월세,1/12,390,1억,131,79,서향,20250502,"['2년이내', '역세권', '1층', '관리비20만원이하']",37.483126,126.981076
2523614802,단지내상가,매매,1/24,,7억,76,32,남서향,20250502,"['15년이내', '역세권', '1층', '주차가능']",37.484542,126.980685
2523574939,일반상가,월세,B1/4,150,"2,000",136,136,동향,20250502,"['25년이내', '융자금적은', '역세권', '지하층']",37.490508,126.982316
2523481353,일반상가,월세,2/3,510,1억,145,132,남향,20250502,"['25년이상', '역세권', '중층', '총3층']",37.487708,126.980664
2523352443,일반상가,월세,1/15,500,1억,50,36,동향,20250502,"['25년이내', '융자금적은', '역세권', '1층']",37.484596,126.981696
2523398804,일반상가,월세,B1/4,80,"1,000",70,70,남향,20250502,"['25년이상', '융자금적은', '역세권', '지하층']",37.490711,126.981015
2523446728,복합상가,월세,B2/12,190,"3,000",177,151,남향,20250502,"['10년이내', '역세권', '지하층', '주차가능']",37.483735,126.981144
2523271872,일반상가,월세,1/4,50,"2,000",23,23,동향,20250502,"['25년이상', '역세권', '1층', '관리비10만원이하']",37.490397,126.980782
2523578672,일반상가,월세,1/3,80,"3,000",40,33,동향,20250502,"['25년이상', '역세권', '1층', '주차가능']",37.483483,126.975428
2523538068,일반상가,월세,B1/3,180,"2,000",90,82,남향,20250502,"['25년이상', '역세권', '지하층', '총3층']",37.478413,126.979692
2523309956,일반상가,월세,B1/3,100,"1,000",31,31,남서향,20250501,"['25년이상', '융자금없는', '역세권', '지하층']",37.486119,126.976868
2523287733,일반상가,월세,B1/5,80,"1,000",103,66,남향,20250501,"['25년이내', '융자금없는', '역세권', '지하층']",37.482903,126.980153
2523324116,일반상가,월세,4/5,190,"3,000",94,94,남향,20250501,"['25년이내', '역세권', '고층', '총5층']",37.477444,126.980461
2523333221,일반상가,월세,1/3,160,"2,000",80,26,동향,20250501,"['25년이상', '역세권', '1층', '관리비10만원이하']",37.48428,126.977993
2523080465,일반상가,월세,B1/2,80,"1,000",30,30,남서향,20250430,"['25년이상', '역세권', '지하층', '총2층']",37.485979,126.977041
2523031051,일반상가,월세,1/2,70,"1,000",23,21,동향,20250430,"['25년이상', '역세권', '1층', '총2층']",37.483149,126.976655
2523027810,일반상가,월세,1/4,80,"1,000",23,23,북향,20250430,"['25년이상', '역세권', '1층', '총4층']",37.480621,126.978985
2523117600,일반상가,월세,6/8,300,"6,000",135,132,남향,20250430,"['15년이내', '역세권', '고층', '주차가능']",37.476896,126.977356
2523142321,일반상가,월세,1/3,200,"3,000",38,31,북향,20250430,"['25년이상', '역세권', '1층', '총3층']",37.479921,126.981317
2523181120,일반상가,월세,1/12,390,1억,79,79,남향,20250430,"['2년이내', '융자금적은', '역세권', '1층']",37.483216,126.981195
2523094644,일반상가,월세,1/3,200,"3,000",50,49,동향,20250430,"['25년이내', '융자금적은', '역세권', '1층']",37.489312,126.981466
2523145488,일반상가,월세,1/15,500,1억,47,24,동향,20250430,"['25년이내', '역세권', '1층', '관리비20만원이하']",37.484768,126.981712
2523085128,일반상가,월세,1/3,215,"4,000",59,59,북동향,20250430,"['25년이상', '융자금없는', '1층', '관리비10만원이하']",37.491961,126.979646
2523180123,일반상가,월세,1/3,160,"2,000",33,33,남향,20250430,"['25년이상', '융자금적은', '역세권', '1층']",37.489111,126.980737
2523105402,일반상가,월세,B1/12,230,"4,000",138,98,서향,20250430,"['2년이내', '역세권', '지하층', '관리비20만원이하']",37.483216,126.981195
2523177224,일반상가,월세,1/4,75,"1,000",32,32,남향,20250430,"['25년이내', '융자금적은', '1층', '주차가능']",37.480815,126.977676
2523106811,일반상가,월세,B1/4,400,"4,000",119,115,남향,20250430,"['25년이상', '역세권', '지하층', '관리비10만원이하']",37.477409,126.980954
2523142591,일반상가,월세,2/3,127,"1,000",50,49,동향,20250430,"['25년이상', '융자금적은', '역세권', '중층']",37.480081,126.981296
2523186152,일반상가,월세,1/3,90,"1,000",33,29,남서향,20250430,"['25년이상', '역세권', '1층', '총3층']",37.478249,126.976975
2523120809,일반상가,월세,1/4,350,"9,000",105,99,남동향,20250430,"['25년이상', '역세권', '1층', '주차가능']",37.477473,126.979745
2523126182,일반상가,월세,1/2,650,"1억 1,000",130,115,동향,20250430,"['25년이상', '융자금적은', '역세권', '1층']",37.485811,126.980988
2523139019,일반상가,월세,2/5,250,"5,000",102,102,북향,20250430,"['25년이상', '역세권', '중층', '관리비10만원이하']",37.483624,126.977422
2523087632,일반상가,월세,1/2,650,"5,000",93,93,남향,20250430,"['25년이상', '역세권', '1층', '총2층']",37.484699,126.97931
2523094455,일반상가,월세,B1/4,60,800,33,26,서향,20250430,"['25년이상', '융자금없는', '역세권', '지하층']",37.482628,126.970919
2523013686,일반상가,월세,6/6,650,2억,298,264,남향,20250430,"['25년이내', '역세권', '고층', '주차가능']",37.485371,126.980711
2523038207,일반상가,월세,1/4,80,"1,000",59,34,북향,20250430,"['25년이상', '1층', '관리비10만원이하', '총4층']",37.492697,126.978465
2523180807,일반상가,월세,B1/12,200,"5,000",86,86,남향,20250430,"['2년이내', '융자금적은', '역세권', '지하층']",37.483216,126.981195
2523176111,일반상가,월세,1/7,820,1억,255,149,서향,20250430,"['25년이내', '융자금적은', '역세권', '1층']",37.486274,126.980666
2523101391,일반상가,월세,1/3,275,"3,000",80,52,동향,20250430,"['25년이상', '역세권', '1층', '관리비10만원이하']",37.48428,126.977993
2523191623,일반상가,월세,1/5,540,"7,000",159,97,남서향,20250430,"['25년이상', '역세권', '1층', '관리비20만원이하']",37.486613,126.98069
2523195402,일반상가,월세,1/5,85,"1,000",16,16,북향,20250430,"['25년이상', '1층', '관리비10만원이하', '총5층']",37.481285,126.976647
2523004544,일반상가,월세,1/3,450,1억,66,66,남향,20250429,"['25년이상', '역세권', '1층', '총3층']",37.487708,126.980664
2522988919,일반상가,월세,1/5,540,"7,000",120,100,서향,20250429,"['25년이상', '테라스', '역세권', '1층']",37.486613,126.98069
2522920563,일반상가,월세,1/4,150,"3,000",31,25,북동향,20250429,"['25년이상', '역세권', '1층', '총4층']",37.488531,126.978914
2522969361,일반상가,월세,1/3,200,"4,500",15,15,동향,20250429,"['25년이상', '역세권', '1층', '총3층']",37.480132,126.981505
2522991798,일반상가,월세,1/2,"1,000","1,500",64,32,남향,20250429,"['25년이상', '역세권', '1층', '주차가능']",37.483994,126.970423
2522788844,일반상가,월세,B1/4,180,"2,000",82,66,북향,20250429,"['25년이상', '역세권', '지하층', '총4층']",37.478413,126.979692
2522585805,일반상가,월세,1/3,200,"3,000",33,33,북향,20250429,"['25년이상', '융자금적은', '역세권', '1층']",37.479921,126.981317
2522887252,일반상가,월세,B1/4,180,"2,000",69,66,북향,20250429,"['25년이상', '역세권', '지하층', '총4층']",37.478413,126.979692
2522831003,일반상가,월세,1/8,900,2억,416,363,동향,20250429,"['25년이내', '역세권', '1층', '주차가능']",37.485693,126.980946
2522828379,일반상가,월세,1/5,300,"5,000",171,171,남향,20250429,"['2년이내', '테라스', '역세권', '1층']",37.481481,126.975393
2522801454,일반상가,월세,2/5,451,"4,000",179,165,동향,20250429,"['25년이내', '역세권', '중층', '주차가능']",37.47857,126.98054
2522893626,일반상가,월세,1/2,140,"1,000",42,42,동향,20250429,"['25년이상', '융자금적은', '역세권', '1층']",37.47844,126.979594
2522803697,일반상가,월세,1/2,183,"2,100",29,29,북동향,20250429,"['25년이상', '역세권', '1층', '총2층']",37.477906,126.978096
2522850557,일반상가,월세,1/3,200,"4,500",15,15,동향,20250429,"['25년이상', '융자금없는', '역세권', '1층']",37.480116,126.981449
2522797065,일반상가,월세,2/3,140,"2,000",40,40,북동향,20250429,"['25년이상', '역세권', '중층', '주차가능']",37.488463,126.979081
2522891100,복합상가,월세,1/15,745,1억,145,69,서향,20250429,"['25년이내', '역세권', '1층', '주차가능']",37.484767,126.981528
2522828550,일반상가,월세,1/3,320,"3,000",68,66,남향,20250429,"['25년이상', '역세권', '1층', '총3층']",37.476946,126.978778
2522787082,일반상가,월세,1/2,100,"1,500",32,32,남향,20250429,"['25년이상', '역세권', '1층', '총2층']",37.483994,126.970423
2522803728,일반상가,월세,1/3,170,"2,000",38,38,북동향,20250429,"['25년이상', '역세권', '1층', '총3층']",37.477392,126.978186
2522903692,일반상가,월세,1/3,200,"4,500",18,17,동향,20250429,"['25년이상', '역세권', '1층', '총3층']",37.480132,126.981505
2522803777,일반상가,월세,1/4,400,"1억 3,000",124,124,남동향,20250429,"['25년이내', '역세권', '1층', '관리비10만원이하']",37.483953,126.97382
2522892774,일반상가,월세,1/5,800,"5,000",165,165,동향,20250429,"['25년이상', '역세권', '1층', '급매']",37.48931,126.982024
2522876141,일반상가,월세,1/3,200,"3,000",29,29,북향,20250429,"['25년이상', '역세권', '1층', '총3층']",37.479921,126.981317
2522804202,일반상가,월세,2/2,200,"5,000",60,60,동향,20250429,"['25년이상', '역세권', '고층', '총2층']",37.48663,126.981023
2522999256,단지내상가,월세,2/5,250,"5,000",102,100,북서향,20250429,"['25년이상', '역세권', '중층', '관리비10만원이하']",37.483624,126.977422
2522996199,일반상가,월세,1/2,50,500,64,21,남향,20250429,"['25년이상', '역세권', '1층', '주차가능']",37.484106,126.970234
2522906235,일반상가,월세,1/4,150,"3,000",29,29,남동향,20250429,"['25년이상', '역세권', '1층', '총4층']",37.485365,126.980002
2522984704,일반상가,월세,1/2,85,"1,000",39,25,동향,20250429,"['25년이상', '융자금없는', '역세권', '1층']",37.485668,126.968237
2522892890,일반상가,월세,B1/3,60,"1,000",79,78,남동향,20250429,"['25년이상', '융자금적은', '역세권', '지하층']",37.483517,126.969937
2523008828,일반상가,월세,1/5,140,"3,000",24,24,남동향,20250429,"['25년이내', '역세권', '1층', '관리비10만원이하']",37.478539,126.979181
2522989786,일반상가,월세,1/2,110,"1,500",30,30,북향,20250429,"['25년이상', '역세권', '1층', '총2층']",37.484182,126.9794
2522969638,일반상가,월세,1/2,200,"3,000",36,26,남서향,20250429,"['25년이상', '역세권', '1층', '천장에어컨']",37.484772,126.979167
2523003005,일반상가,월세,1/7,150,"2,000",76,42,남향,20250429,"['25년이내', '역세권', '1층', '주차가능']",37.484638,126.972389
2522967356,일반상가,월세,1/4,50,"2,000",19,19,남동향,20250429,"['25년이상', '역세권', '1층', '관리비10만원이하']",37.490397,126.980782
2523000832,일반상가,월세,1/4,105,"1,000",19,19,서향,20250429,"['25년이상', '역세권', '1층', '총4층']",37.478381,126.979339
2522917793,일반상가,월세,1/3,230,"3,000",83,83,,20250429,"['25년이상', '역세권', '1층', '총3층']",37.47743,126.979525
2522991282,일반상가,월세,1/7,90,"2,000",50,50,북향,20250429,"['25년이내', '역세권', '1층', '관리비10만원이하']",37.483461,126.981251
2523007878,단지내상가,매매,1/24,,7억,76,32,남서향,20250429,"['15년이내', '역세권', '1층', '주차가능']",37.484438,126.980478
2522901029,일반상가,월세,1/3,100,"1,000",33,33,북향,20250429,"['25년이상', '1층', '총3층', '북향']",37.490038,126.970847
2522738778,일반상가,월세,2/3,160,"3,000",66,66,남향,20250428,"['25년이상', '역세권', '중층', '총3층']",37.487623,126.980134
2522737355,일반상가,월세,1/3,150,"3,000",26,26,북서향,20250428,"['25년이상', '역세권', '1층', '총3층']",37.478648,126.979587
2522674439,단지내상가,매매,1/5,,"4억 5,000",128,81,북동향,20250428,"['25년이상', '1층', '관리비20만원이하', '주차가능']",37.489637,126.975965
2522642525,일반상가,월세,1/6,600,1억,59,59,동향,20250428,"['25년이내', '역세권', '1층', '주차가능']",37.485915,126.980988
2522742217,일반상가,월세,1/15,745,1억,128,61,동향,20250428,"['25년이내', '역세권', '1층', '주차가능']",37.484767,126.981528
2522715571,일반상가,월세,1/5,253,"3,000",49,49,북동향,20250428,"['25년이내', '역세권', '1층', '주차가능']",37.484942,126.969909
2522672852,일반상가,월세,1/4,90,"3,000",36,36,동향,20250428,"['15년이내', '1층', '관리비10만원이하', '주차가능']",37.482388,126.976703
2522746633,일반상가,월세,1/3,900,2억,141,141,남향,20250428,"['25년이상', '역세권', '1층', '총3층']",37.487708,126.980664
2522496567,일반상가,월세,1/4,90,"1,500",29,29,서향,20250428,"['25년이상', '융자금적은', '1층', '관리비10만원이하']",37.47664,126.973186
2522538485,일반상가,월세,1/4,200,"2,000",25,22,북동향,20250428,"['25년이상', '융자금적은', '역세권', '1층']",37.483169,126.973777
2522526792,일반상가,월세,2/3,150,"1,000",82,82,남서향,20250428,"['25년이상', '융자금없는', '역세권', '중층']",37.485047,126.972567
2522587641,일반상가,월세,1/10,900,1억,300,300,동향,20250428,"['25년이내', '역세권', '1층', '주차가능']",37.484035,126.981627
2522596020,일반상가,월세,1/3,230,"2,000",34,34,북동향,20250428,"['25년이상', '역세권', '1층', '주차가능']",37.488463,126.979081
2522747187,일반상가,월세,1/2,285,"6,000",38,29,남향,20250428,"['25년이상', '역세권', '1층', '총2층']",37.487653,126.981286
2522529500,일반상가,월세,3/3,280,"4,000",127,115,북서향,20250428,"['25년이상', '융자금적은', '역세권', '고층']",37.484854,126.981172
2522764989,일반상가,월세,1/6,120,"5,000",325,53,,20250428,"['25년이내', '역세권', '1층', '관리비10만원이하']",37.483934,126.978485
2522641351,일반상가,월세,1/3,80,"1,000",17,17,남동향,20250428,"['25년이상', '역세권', '1층', '총3층']",37.485552,126.969086
2522467973,일반상가,월세,B1/5,250,"3,000",144,132,남향,20250428,"['25년이상', '역세권', '지하층', '주차가능']",37.476894,126.977083
2522486004,일반상가,월세,1/3,200,"3,000",50,50,동향,20250428,"['25년이내', '역세권', '1층', '주차가능']",37.489312,126.981466
2522528118,일반상가,월세,1/3,160,"2,500",26,26,남동향,20250428,"['25년이상', '융자금적은', '역세권', '1층']",37.486228,126.980931
2522593844,일반상가,월세,1/3,105,"1,000",23,23,북서향,20250428,"['25년이상', '역세권', '1층', '총3층']",37.485465,126.980702
2522581689,일반상가,월세,1/2,85,"1,000",26,26,북향,20250428,"['25년이상', '역세권', '1층', '총2층']",37.478812,126.978095
2522594810,일반상가,월세,2/4,150,"2,000",62,62,남동향,20250428,"['25년이내', '역세권', '중층', '관리비10만원이하']",37.485771,126.980509
2522561017,일반상가,월세,1/7,650,1억,93,93,남동향,20250428,"['25년이내', '역세권', '1층', '관리비20만원이하']",37.486365,126.980262
2522491993,일반상가,월세,2/3,160,"3,000",84,82,남향,20250428,"['25년이상', '융자금적은', '역세권', '중층']",37.487623,126.980134
2522520575,일반상가,월세,1/3,250,"3,000",22,22,남서향,20250428,"['25년이상', '역세권', '1층', '총3층']",37.483519,126.974635
2522536174,단지내상가,월세,1/15,500,1억,33,24,동향,20250428,"['25년이내', '역세권', '1층', '주차가능']",37.484596,126.981696
2522532161,일반상가,월세,B1/4,290,"3,000",179,179,동향,20250428,"['25년이상', '융자금적은', '역세권', '지하층']",37.481388,126.981511
2522521997,일반상가,월세,1/3,70,"2,000",33,30,남동향,20250428,"['25년이상', '융자금없는', '역세권', '1층']",37.49107,126.980634
2522593994,일반상가,월세,1/5,400,"6,000",101,80,동향,20250428,"['10년이내', '역세권', '1층', '주차가능']",37.490229,126.982237
2522792185,일반상가,월세,4/7,120,"2,000",63,63,북서향,20250428,"['25년이내', '역세권', '중층', '관리비10만원이하']",37.485402,126.980379
2522747977,일반상가,월세,1/15,500,1억,50,36,동향,20250428,"['25년이내', '융자금적은', '역세권', '1층']",37.484768,126.981712
2522683841,일반상가,매매,6/7,,35억,890,730,남동향,20250428,"['25년이상', '역세권', '고층', '주차가능']",37.488476,126.97816
2522531167,일반상가,월세,2/7,460,"1억 3,000",103,103,북동향,20250428,"['25년이내', '융자금적은', '역세권', '지상층(1층제외)']",37.487458,126.98103
2522521183,일반상가,월세,2/7,840,"1억 4,000",416,363,남동향,20250428,"['25년이내', '융자금적은', '역세권', '지상층(1층제외)']",37.485693,126.980946
2522525360,일반상가,월세,2/4,340,"3,000",127,127,북동향,20250428,"['25년이상', '융자금없는', '역세권', '중층']",37.484324,126.972819
2522493579,일반상가,월세,3/10,"1,686","1억 6,860",616,510,동향,20250428,"['25년이상', '역세권', '지상층(1층제외)', '주차가능']",37.479624,126.980934
2522496559,일반상가,월세,1/7,295,"5,000",46,46,북향,20250428,"['25년이내', '융자금적은', '역세권', '1층']",37.486274,126.980666
2522526200,일반상가,월세,1/2,140,"2,000",24,24,동향,20250428,"['25년이상', '융자금없는', '역세권', '1층']",37.485262,126.969431
2522496563,일반상가,월세,2/3,100,"1,000",23,23,서향,20250428,"['25년이상', '융자금적은', '역세권', '중층']",37.486969,126.979944
2522610222,일반상가,월세,1/3,190,"5,000",29,29,북향,20250428,"['25년이상', '융자금적은', '역세권', '1층']",37.488153,126.979884
2522563657,일반상가,월세,1/4,150,"5,000",26,26,북향,20250428,"['25년이상', '융자금적은', '역세권', '1층']",37.488531,126.978914
2522775558,일반상가,월세,B1/4,65,"1,000",72,65,북서향,20250428,"['25년이상', '역세권', '지하층', '총4층']",37.483735,126.972261
2522757061,일반상가,월세,1/1,50,"6,000",14,14,남향,20250428,"['25년이상', '융자금없는', '역세권', '1층']",37.488141,126.978165
2522675002,일반상가,월세,1/4,110,"2,000",50,50,북향,20250428,"['25년이상', '역세권', '1층', '관리비10만원이하']",37.480618,126.979095
2522618207,일반상가,월세,B1/10,250,"2,000",149,143,서향,20250428,"['25년이내', '역세권', '지하층', '주차가능']",37.484035,126.981627
2522740307,일반상가,월세,1/3,160,"3,000",42,42,북동향,20250428,"['25년이상', '역세권', '1층', '관리비10만원이하']",37.483793,126.973917
2522706909,일반상가,월세,B2/12,190,"3,000",172,152,서향,20250428,"['10년이내', '역세권', '지하층', '주차가능']",37.483735,126.981144
2522734791,일반상가,월세,2/4,150,"2,000",62,59,남동향,20250428,"['25년이내', '역세권', '중층', '관리비10만원이하']",37.485771,126.980509
2522621111,일반상가,월세,2/10,570,"5,000",190,174,서향,20250428,"['25년이내', '역세권', '지상층(1층제외)', '주차가능']",37.484035,126.981627
2522762312,일반상가,월세,1/3,280,"5,000",63,47,,20250428,"['25년이상', '역세권', '1층', '총3층']",37.485673,126.98042
2522763047,일반상가,월세,1/4,140,"2,800",40,27,,20250428,"['25년이상', '역세권', '1층', '천장에어컨']",37.485958,126.980671
2522763626,일반상가,월세,1/3,85,"1,000",58,25,,20250428,"['25년이상', '역세권', '1층', '관리비10만원이하']",37.486969,126.979944
2522756248,일반상가,월세,2/3,110,"2,000",75,66,북동향,20250428,"['25년이상', '역세권', '중층', '총3층']",37.483029,126.97524
2522757847,일반상가,월세,1/4,270,"8,000",129,40,,20250428,"['25년이내', '융자금없는', '역세권', '1층']",37.488188,126.980719
2522765765,일반상가,월세,1/4,70,"1,000",30,27,,20250428,"['25년이상', '역세권', '1층', '관리비10만원이하']",37.482904,126.980299
2522764049,일반상가,월세,1/6,"1,100","1억 5,000",325,200,,20250428,"['25년이내', '역세권', '1층', '주차가능']",37.483934,126.978485
2522763796,일반상가,월세,3/6,220,"3,500",71,60,남동향,20250428,"['10년이내', '역세권', '중층', '주차가능']",37.485437,126.980958
2522624599,일반상가,월세,1/6,200,"2,000",95,95,북동향,20250428,"['10년이내', '융자금없는', '역세권', '1층']",37.486121,126.967866
2522571967,일반상가,월세,1/3,350,"6,000",60,59,북향,20250428,"['25년이상', '융자금적은', '역세권', '1층']",37.479851,126.981165
2522567868,일반상가,월세,1/4,90,"1,000",24,24,북향,20250428,"['25년이상', '역세권', '1층', '총4층']",37.48371,126.970608
2522572215,일반상가,월세,1/5,173,"3,000",68,49,북향,20250428,"['25년이상', '역세권', '1층', '관리비10만원이하']",37.482721,126.980617
2522668654,일반상가,월세,1/3,250,"6,000",33,33,남향,20250428,"['25년이상', '역세권', '1층', '총3층']",37.487629,126.980449
2522677784,단지내상가,매매,B1/7,,18억,485,308,동향,20250428,"['25년이상', '역세권', '지하층', '주차가능']",37.488654,126.977816
2522577054,일반상가,월세,1/5,95,"1,000",33,33,서향,20250428,"['25년이상', '역세권', '1층', '관리비10만원이하']",37.480379,126.978184
2522565177,일반상가,월세,1/3,105,"1,000",19,19,북서향,20250428,"['25년이상', '역세권', '1층', '총3층']",37.485465,126.980702
2522580033,일반상가,월세,2/7,570,"1억 2,000",297,297,남향,20250428,"['25년이상', '융자금적은', '역세권', '지상층(1층제외)']",37.477442,126.980219
2522561755,일반상가,월세,1/4,150,"1,500",49,49,남서향,20250428,"['25년이상', '역세권', '1층', '총4층']",37.478778,126.979334
2522519209,일반상가,월세,2/5,180,"2,000",111,111,남서향,20250428,"['25년이상', '융자금없는', '역세권', '중층']",37.483999,126.973339
2522757316,일반상가,월세,1/4,375,"7,000",71,60,,20250428,"['25년이상', '역세권', '1층', '총4층']",37.482429,126.973302
2522758758,일반상가,월세,7/8,276,"6,000",132,110,동향,20250428,"['25년이상', '역세권', '고층', '주차가능']",37.477793,126.981182
2522758356,일반상가,월세,2/3,150,"3,000",95,95,,20250428,"['25년이내', '융자금없는', '역세권', '중층']",37.488148,126.978415
2522762494,일반상가,월세,1/3,100,"2,000",30,27,,20250428,"['25년이상', '역세권', '1층', '총3층']",37.483938,126.973592
2522761885,일반상가,월세,4/7,420,"5,000",269,269,,20250428,"['25년이상', '역세권', '중층', '주차가능']",37.477442,126.980219
2522772940,일반상가,월세,1/4,600,1억,77,77,서향,20250428,"['25년이상', '역세권', '1층', '총4층']",37.486868,126.981224
2522738770,일반상가,월세,1/4,145,"2,500",33,29,서향,20250428,"['25년이상', '융자금적은', '역세권', '1층']",37.477522,126.978307
2522605750,일반상가,월세,1/5,132,"2,500",45,42,남동향,20250428,"['25년이상', '융자금적은', '역세권', '1층']",37.479012,126.979604
2522605688,일반상가,월세,1/6,"1,100","1억 5,000",325,291,북서향,20250428,"['25년이내', '역세권', '1층', '주차가능']",37.483934,126.978485
2522586997,일반상가,월세,2/10,"2,065",2억 654,616,505,동향,20250428,"['25년이상', '융자금없는', '역세권', '지상층(1층제외)']",37.479553,126.98129
2522680337,일반상가,월세,B1/4,200,"3,000",133,133,남향,20250428,"['25년이상', '융자금적은', '역세권', '지하층']",37.486527,126.98088
2522312675,일반상가,월세,3/5,140,"3,000",66,66,남동향,20250426,"['25년이상', '역세권', '중층', '관리비20만원이하']",37.478875,126.979465
2522444521,일반상가,월세,3/3,170,"2,000",66,66,남향,20250426,"['25년이상', '역세권', '고층', '총3층']",37.476833,126.976654
2522313874,일반상가,월세,7/7,250,"8,000",108,97,남향,20250426,"['15년이내', '역세권', '고층', '주차가능']",37.476896,126.977356
2522445095,일반상가,월세,B1/2,120,"2,000",95,95,남동향,20250426,"['25년이상', '역세권', '지하층', '총2층']",37.47711,126.977474
2522318950,복합상가,월세,1/15,140,"2,000",84,40,서향,20250426,"['25년이내', '역세권', '1층', '주차가능']",37.484767,126.981528
2522314873,일반상가,월세,1/3,160,"2,000",40,27,남서향,20250426,"['25년이상', '역세권', '1층', '관리비10만원이하']",37.48428,126.977993
2522449172,일반상가,월세,2/3,127,"1,000",50,50,동향,20250426,"['25년이상', '역세권', '중층', '총3층']",37.480081,126.981296
2522446304,일반상가,월세,1/6,120,"5,000",325,60,남서향,20250426,"['25년이내', '역세권', '1층', '주차가능']",37.483934,126.978485
2522449571,일반상가,월세,1/5,75,"1,000",45,45,남향,20250426,"['25년이상', '1층', '관리비10만원이하', '주차가능']",37.476287,126.973186
2522369158,일반상가,월세,B1/3,100,"1,000",40,38,서향,20250426,"['25년이상', '역세권', '지하층', '총3층']",37.486119,126.976868
2522369964,일반상가,월세,B1/2,80,"1,000",30,26,서향,20250426,"['25년이상', '역세권', '지하층', '총2층']",37.485979,126.977041
2522355312,일반상가,월세,1/3,210,"3,000",42,42,남서향,20250426,"['25년이상', '역세권', '1층', '총3층']",37.487808,126.981202
2522319570,일반상가,월세,5/5,250,"5,000",76,61,북동향,20250426,"['2년이내', '융자금적은', '역세권', '고층']",37.481481,126.975393
2522423393,일반상가,월세,1/3,70,"1,000",45,45,남동향,20250426,"['25년이상', '융자금적은', '역세권', '1층']",37.483517,126.969937
2522358371,일반상가,월세,1/3,260,"5,000",19,19,남향,20250426,"['25년이상', '역세권', '1층', '총3층']",37.487708,126.980664
2522369771,일반상가,월세,1/2,70,"1,000",29,29,남향,20250426,"['25년이상', '역세권', '1층', '총2층']",37.483822,126.970709
2522413099,일반상가,매매,5/7,,9억,250,168,북동향,20250426,"['25년이상', '역세권', '고층', '주차가능']",37.488476,126.97816
2522227494,일반상가,월세,B1/10,900,1억,310,310,동향,20250425,"['25년이내', '역세권', '지하층', '주차가능']",37.484035,126.981627
2522089773,일반상가,월세,2/5,370,"4,000",84,84,동향,20250425,"['25년이상', '융자금적은', '역세권', '중층']",37.481193,126.981497
2522151841,일반상가,월세,2/5,140,"3,000",95,92,동향,20250425,"['25년이내', '융자금적은', '역세권', '중층']",37.486162,126.981204
2522189021,일반상가,월세,2/10,570,"5,000",190,175,동향,20250425,"['25년이내', '융자금없는', '역세권', '지상층(1층제외)']",37.484035,126.981627
2522146989,일반상가,월세,1/5,680,1억,179,179,동향,20250425,"['25년이내', '융자금없는', '역세권', '1층']",37.47857,126.98054
2522092708,일반상가,월세,1/4,70,"1,000",23,23,남향,20250425,"['25년이상', '역세권', '1층', '총4층']",37.480711,126.980515
2522122754,단지내상가,월세,1/15,745,1억,71,61,동향,20250425,"['25년이내', '역세권', '1층', '주차가능']",37.484768,126.981712
2522193592,일반상가,월세,1/4,450,"6,000",69,69,동향,20250425,"['2년이내', '역세권', '1층', '주차가능']",37.486514,126.980088
2522154492,일반상가,월세,1/2,80,"3,000",18,16,동향,20250425,"['25년이상', '융자금적은', '역세권', '1층']",37.487633,126.98158
2522281301,일반상가,월세,1/3,90,"1,000",26,23,서향,20250425,"['25년이상', '역세권', '1층', '관리비10만원이하']",37.486969,126.979944
2522112994,일반상가,월세,1/4,120,"2,000",78,78,동향,20250425,"['25년이상', '융자금없는', '역세권', '1층']",37.486779,126.970936
2522182665,일반상가,월세,B1/5,400,"6,000",222,222,북향,20250425,"['25년이상', '역세권', '지하층', '총5층']",37.48605,126.981381
2522239738,일반상가,월세,1/3,220,"4,000",26,26,남향,20250425,"['25년이상', '역세권', '1층', '총3층']",37.482944,126.973327
2522260719,일반상가,월세,1/3,160,"2,000",33,33,남향,20250425,"['25년이상', '융자금적은', '역세권', '1층']",37.489593,126.980593
2522262933,일반상가,월세,1/3,460,"5,000",69,66,남서향,20250425,"['25년이상', '역세권', '1층', '총3층']",37.485868,126.981177
2522279609,일반상가,월세,B1/12,300,"7,000",287,273,동향,20250425,"['10년이내', '역세권', '지하층', '주차가능']",37.483623,126.981113
2522300212,단지내상가,매매,2/24,,16억,253,102,남서향,20250425,"['15년이내', '역세권', '지상층(1층제외)', '주차가능']",37.484542,126.980685
2522275394,일반상가,월세,1/4,50,"2,000",26,19,서향,20250425,"['25년이상', '융자금적은', '역세권', '1층']",37.490397,126.980782
2522194813,일반상가,월세,1/15,500,1억,47,24,동향,20250425,"['25년이내', '역세권', '1층', '관리비20만원이하']",37.484596,126.981696
2522169828,일반상가,월세,5/5,300,"5,000",148,138,북향,20250425,"['25년이상', '역세권', '고층', '총5층']",37.48605,126.981381
2522240067,일반상가,월세,4/7,300,"6,000",90,70,동향,20250425,"['25년이상', '융자금없는', '역세권', '중층']",37.477164,126.981117
2522286003,일반상가,월세,2/3,160,"3,000",85,82,남향,20250425,"['25년이상', '역세권', '중층', '관리비10만원이하']",37.487623,126.980134
2522279966,일반상가,월세,1/3,60,"1,000",82,33,서향,20250425,"['25년이상', '역세권', '1층', '총3층']",37.490593,126.981994
2522269360,일반상가,월세,1/7,295,"5,000",46,42,북향,20250425,"['25년이내', '역세권', '1층', '관리비10만원이하']",37.486274,126.980666
2522279523,일반상가,월세,B2/12,170,"3,000",172,151,서향,20250425,"['10년이내', '역세권', '지하층', '관리비20만원이하']",37.483623,126.981113
2522189284,일반상가,월세,1/10,900,1억,310,305,동향,20250425,"['25년이내', '융자금없는', '역세권', '1층']",37.484035,126.981627
2522193862,일반상가,월세,1/4,110,"2,000",53,53,북향,20250425,"['25년이상', '테라스', '역세권', '1층']",37.480618,126.979095
2522215744,일반상가,월세,1/3,200,"3,000",26,26,북향,20250425,"['25년이상', '역세권', '1층', '총3층']",37.479921,126.981317
2522276965,일반상가,월세,1/3,200,"4,500",14,14,동향,20250425,"['25년이상', '역세권', '1층', '총3층']",37.480081,126.981296
2522283089,일반상가,월세,B1/4,70,"1,000",70,70,서향,20250425,"['25년이상', '융자금없는', '역세권', '지하층']",37.483735,126.972261
2522296697,일반상가,월세,3/5,177,"2,000",138,138,북동향,20250425,"['25년이상', '역세권', '중층', '관리비20만원이하']",37.481577,126.972483
2522090028,일반상가,월세,3/3,180,"2,000",82,62,남서향,20250425,"['25년이상', '역세권', '고층', '총3층']",37.487685,126.980013
2522240459,일반상가,월세,1/3,400,"9,000",83,56,남향,20250425,"['25년이상', '역세권', '1층', '총3층']",37.482944,126.973327
2522086927,일반상가,월세,B1/5,300,"5,000",171,116,북동향,20250425,"['2년이내', '융자금적은', '역세권', '지하층']",37.481481,126.975393
2522088391,일반상가,월세,1/4,140,"2,800",42,33,동향,20250425,"['25년이상', '융자금적은', '역세권', '1층']",37.485958,126.980671
2522088219,일반상가,월세,5/5,200,"4,000",290,115,남서향,20250425,"['25년이상', '융자금적은', '고층', '총5층']",37.476077,126.972274
2522092696,일반상가,월세,5/7,300,"6,000",99,86,남동향,20250425,"['25년이상', '역세권', '고층', '주차가능']",37.477164,126.981117
2522072881,일반상가,월세,3/5,250,"3,000",99,99,남향,20250425,"['25년이내', '역세권', '중층', '총3층']",37.477444,126.980461
2522229599,일반상가,월세,1/3,150,"1,500",50,50,남동향,20250425,"['25년이상', '역세권', '1층', '총3층']",37.480022,126.981001
2522112116,일반상가,월세,B1/2,60,"1,000",40,40,남동향,20250425,"['25년이상', '융자금없는', '역세권', '지하층']",37.485602,126.968168
2522199404,일반상가,월세,4/5,120,"2,000",110,110,북서향,20250425,"['25년이상', '고층', '관리비20만원이하', '총5층']",37.487747,126.975666
2522147293,일반상가,월세,1/5,"2,500",5억,227,210,동향,20250425,"['25년이내', '융자금없는', '역세권', '1층']",37.48726,126.981815
2522188885,단지내상가,월세,B2/1,130,"2,000",50,31,동향,20250425,"['4년이내', '지하층', '주차가능', '동향']",37.491728,126.962274
2522222134,일반상가,월세,1/3,100,"1,000",36,36,남향,20250425,"['25년이상', '역세권', '1층', '총3층']",37.482325,126.974119
2522203509,일반상가,월세,8/8,525,"1억 5,000",308,264,동향,20250425,"['25년이상', '융자금없는', '역세권', '고층']",37.477793,126.981182
2521878509,일반상가,월세,1/2,90,"1,000",35,29,북동향,20250424,"['25년이상', '역세권', '1층', '총2층']",37.484123,126.971498
2521883934,일반상가,월세,1/4,370,"5,000",100,66,북서향,20250424,"['2년이내', '역세권', '1층', '관리비20만원이하']",37.482645,126.973521
2521843263,일반상가,월세,1/4,105,"1,000",62,26,북서향,20250424,"['25년이상', '역세권', '1층', '총4층']",37.478381,126.979339
2521854672,일반상가,월세,1/5,650,1억,138,138,동향,20250424,"['25년이내', '융자금적은', '역세권', '1층']",37.486024,126.981004
2521854359,일반상가,월세,B1/5,300,"4,000",210,200,남향,20250424,"['25년이상', '융자금적은', '역세권', '지하층']",37.476894,126.977083
2522029613,일반상가,월세,3/5,120,"2,000",95,95,동향,20250424,"['25년이상', '역세권', '중층', '관리비10만원이하']",37.489419,126.980535
2522023664,일반상가,월세,3/5,350,"5,000",107,92,북동향,20250424,"['2년이내', '융자금적은', '역세권', '중층']",37.481481,126.975393
2521855161,일반상가,월세,1/5,120,"3,500",35,32,북향,20250424,"['25년이상', '융자금적은', '역세권', '1층']",37.486311,126.981385
2521872317,일반상가,월세,1/4,250,"3,000",26,26,동향,20250424,"['25년이상', '융자금없는', '역세권', '1층']",37.48203,126.972585
2521855379,일반상가,월세,1/3,160,"2,000",67,25,남향,20250424,"['25년이상', '역세권', '1층', '주차가능']",37.489111,126.980737
2521855316,일반상가,월세,1/9,820,1억,255,149,남서향,20250424,"['25년이내', '융자금적은', '역세권', '1층']",37.486274,126.980666
2521869370,일반상가,월세,3/10,"1,690","1억 6,900",840,505,남향,20250424,"['25년이상', '융자금없는', '역세권', '지상층(1층제외)']",37.479624,126.980934
2521839423,일반상가,월세,1/5,130,"2,000",29,29,남동향,20250424,"['25년이상', '융자금없는', '역세권', '1층']",37.478875,126.979465
2521901639,일반상가,월세,5/10,400,"6,000",146,112,남서향,20250424,"['10년이내', '역세권', '중층', '주차가능']",37.486532,126.981321
2521829842,일반상가,월세,1/2,80,"1,000",19,19,북동향,20250424,"['25년이상', '역세권', '1층', '총2층']",37.484966,126.978181
2521864199,일반상가,월세,1/9,820,1억,149,149,서향,20250424,"['25년이내', '역세권', '1층', '주차가능']",37.486274,126.980666
2521902732,일반상가,월세,B1/6,350,"7,000",171,171,북향,20250424,"['25년이내', '역세권', '지하층', '주차가능']",37.487343,126.981505
2521903782,일반상가,월세,2/7,130,"2,000",49,46,북서향,20250424,"['25년이내', '역세권', '지상층(1층제외)', '관리비20만원이하']",37.485402,126.980379
2521825815,일반상가,월세,1/2,90,"1,500",38,38,북향,20250424,"['25년이상', '역세권', '1층', '관리비10만원이하']",37.478477,126.979484
2521997229,일반상가,월세,1/2,150,"1,000",39,33,동향,20250424,"['25년이상', '역세권', '1층', '총2층']",37.487798,126.981603
2521921213,일반상가,월세,1/1,400,"7,000",70,70,동향,20250424,"['25년이상', '융자금적은', '역세권', '1층']",37.477877,126.980469
2521969682,일반상가,월세,3/3,280,"4,000",127,99,북향,20250424,"['25년이상', '역세권', '고층', '주차가능']",37.484854,126.981172
2521952096,일반상가,월세,1/2,120,"2,000",33,33,서향,20250424,"['25년이상', '역세권', '1층', '총2층']",37.489391,126.980818
2521990339,일반상가,월세,7/7,308,"5,000",146,145,동향,20250424,"['25년이상', '융자금적은', '역세권', '고층']",37.47851,126.981122
2521987199,일반상가,월세,1/3,100,"1,000",33,33,동향,20250424,"['25년이상', '융자금적은', '역세권', '1층']",37.479833,126.980978
2522002685,일반상가,월세,1/5,80,"1,000",39,33,서향,20250424,"['25년이상', '융자금없는', '역세권', '1층']",37.486282,126.979664
2522040308,일반상가,월세,1/3,200,"4,500",15,15,동향,20250424,"['25년이상', '역세권', '1층', '총3층']",37.480081,126.981296
2522064893,일반상가,월세,B1/4,65,"1,000",40,40,북향,20250424,"['25년이상', '융자금적은', '역세권', '지하층']",37.478954,126.981011
2522063179,일반상가,월세,B1/5,130,"2,000",81,75,남향,20250424,"['25년이내', '융자금적은', '역세권', '지하층']",37.48513,126.980497
2522064714,일반상가,월세,3/4,100,"1,000",45,42,남향,20250424,"['25년이상', '융자금적은', '역세권', '고층']",37.483169,126.973777
2522060941,일반상가,월세,1/10,900,1억,150,150,동향,20250424,"['25년이내', '역세권', '1층', '주차가능']",37.484035,126.981627
2522035290,일반상가,월세,4/7,300,1억,200,168,북서향,20250424,"['25년이내', '역세권', '중층', '주차가능']",37.477164,126.981117
2522009620,일반상가,월세,1/6,600,"7,000",102,100,동향,20250424,"['25년이내', '융자금적은', '역세권', '1층']",37.485915,126.980988
2521980673,일반상가,월세,1/3,200,"4,500",33,16,남서향,20250424,"['25년이상', '역세권', '1층', '급매']",37.480081,126.981296
2521923431,일반상가,월세,1/3,80,"2,000",13,13,동향,20250424,"['25년이상', '역세권', '1층', '총3층']",37.481669,126.980772
2521948615,일반상가,월세,2/6,180,"5,000",84,84,남서향,20250424,"['25년이내', '역세권', '지상층(1층제외)', '주차가능']",37.486064,126.981198
2522009850,일반상가,월세,2/3,130,"1,500",70,70,남향,20250424,"['25년이상', '역세권', '중층', '관리비10만원이하']",37.490977,126.981835
2522087861,일반상가,월세,8/8,260,"4,000",107,89,남향,20250424,"['25년이내', '융자금적은', '역세권', '고층']",37.478471,126.980811
2522066832,단지내상가,매매,1/24,,100억,569,239,북서향,20250424,"['15년이내', '역세권', '1층', '주차가능']",37.484542,126.980685
2521976025,일반상가,월세,1/5,"2,000",3억,695,556,북향,20250424,"['2년이내', '역세권', '1층', '주차가능']",37.481481,126.975393
2521990138,단지내상가,월세,1/7,220,"3,000",39,39,남동향,20250424,"['25년이상', '역세권', '1층', '주차가능']",37.488654,126.977816
2522025478,일반상가,월세,1/5,250,"5,000",46,46,동향,20250424,"['25년이내', '역세권', '1층', '관리비20만원이하']",37.489475,126.98155
2522023941,일반상가,월세,1/5,180,"3,500",28,28,북향,20250424,"['25년이상', '역세권', '1층', '총5층']",37.486311,126.981385
2522038632,일반상가,월세,3/4,200,"2,000",116,99,남향,20250424,"['25년이상', '융자금적은', '역세권', '고층']",37.483662,126.976158
2522040775,일반상가,월세,1/3,850,"1억 2,000",67,66,동향,20250424,"['25년이상', '융자금없는', '역세권', '1층']",37.486138,126.981811
2522056517,일반상가,월세,1/5,210,"4,000",58,58,동향,20250424,"['25년이상', '역세권', '1층', '주차가능']",37.489824,126.98166
2521945377,일반상가,월세,2/5,250,"5,000",102,90,북서향,20250424,"['25년이상', '융자금없는', '역세권', '중층']",37.483624,126.977422
2521854094,일반상가,월세,2/7,570,"1억 2,000",297,281,남향,20250424,"['25년이상', '융자금적은', '역세권', '지상층(1층제외)']",37.477442,126.980219
2521901964,일반상가,월세,1/2,185,"7,500",53,53,북동향,20250424,"['25년이상', '융자금없는', '역세권', '1층']",37.483807,126.973449
2521786995,일반상가,월세,3/3,80,"3,000",47,47,동향,20250423,"['25년이상', '역세권', '고층', '관리비10만원이하']",37.486882,126.980394
2521775784,일반상가,월세,1/3,100,"1,000",59,37,남향,20250423,"['25년이상', '1층', '총3층', '남향']",37.490038,126.970847
2521776212,일반상가,월세,B1/5,80,"1,000",85,85,동향,20250423,"['25년이상', '역세권', '지하층', '주차가능']",37.483631,126.975665
2521781165,일반상가,월세,1/4,150,"3,000",33,22,남향,20250423,"['25년이상', '역세권', '1층', '총4층']",37.485365,126.980002
2521781083,일반상가,월세,1/3,100,"2,000",98,37,동향,20250423,"['25년이상', '1층', '총3층', '동향']",37.490408,126.970691
2521813912,일반상가,월세,1/3,100,"2,500",36,30,남동향,20250423,"['25년이상', '역세권', '1층', '총3층']",37.485039,126.97961
2521812414,일반상가,월세,1/4,140,"2,800",33,33,남동향,20250423,"['25년이상', '역세권', '1층', '총4층']",37.485958,126.980671
2521803679,일반상가,월세,1/2,120,"2,500",22,22,서향,20250423,"['25년이상', '역세권', '1층', '총2층']",37.479553,126.980615
2521785483,일반상가,월세,1/4,135,"2,000",24,24,북동향,20250423,"['25년이상', '역세권', '1층', '관리비10만원이하']",37.485262,126.969431
2521739269,일반상가,월세,3/5,150,"2,000",68,60,남서향,20250423,"['25년이상', '역세권', '중층', '관리비10만원이하']",37.477445,126.980112
2521780852,일반상가,월세,1/3,80,"2,000",98,27,동향,20250423,"['25년이상', '1층', '총3층', '동향']",37.490408,126.970691
2521733262,일반상가,월세,1/5,80,"1,000",35,35,서향,20250423,"['25년이상', '역세권', '1층', '주차가능']",37.486165,126.979612
2521731376,일반상가,월세,1/4,75,"1,500",46,36,북서향,20250423,"['25년이상', '융자금없는', '역세권', '1층']",37.485316,126.968192
2521697143,일반상가,월세,3/4,160,"3,000",96,96,동향,20250423,"['25년이상', '역세권', '고층', '관리비10만원이하']",37.481072,126.981499
2521773769,일반상가,월세,B1/11,450,"5,000",323,283,북향,20250423,"['15년이내', '역세권', '지하층', '주차가능']",37.484208,126.981318
2521635095,일반상가,매매,7/15,,"57억 5,000",406,311,동향,20250423,"['25년이내', '역세권', '중층', '주차가능']",37.484767,126.981528
2521779878,일반상가,월세,5/15,330,"5,000",97,97,동향,20250423,"['25년이내', '역세권', '지상층(1층제외)', '주차가능']",37.484767,126.981528
2521712045,일반상가,월세,1/5,180,"3,000",49,49,서향,20250423,"['25년이상', '융자금적은', '역세권', '1층']",37.482787,126.976956
2521706938,일반상가,월세,5/5,80,"1,500",46,46,북향,20250423,"['25년이상', '테라스', '역세권', '고층']",37.479008,126.980629
2521705728,일반상가,월세,1/4,70,"1,000",91,25,동향,20250423,"['25년이상', '역세권', '1층', '관리비10만원이하']",37.482818,126.976073
2521769788,일반상가,월세,1/3,160,"2,000",40,26,남향,20250423,"['25년이상', '역세권', '1층', '관리비10만원이하']",37.48428,126.977993
2521708481,일반상가,월세,1/3,85,"1,000",33,33,남동향,20250423,"['25년이상', '1층', '관리비10만원이하', '총3층']",37.47687,126.971788
2521726436,일반상가,월세,3/5,370,"4,000",167,167,동향,20250423,"['25년이상', '역세권', '중층', '주차가능']",37.489954,126.982236
2521719574,일반상가,월세,2/3,510,1억,145,145,남향,20250423,"['25년이상', '역세권', '중층', '총3층']",37.487708,126.980664
2521709295,일반상가,월세,B1/4,260,"2,000",93,93,동향,20250423,"['25년이상', '역세권', '지하층', '관리비20만원이하']",37.481193,126.981497
2521687752,일반상가,월세,2/5,120,"3,000",39,39,남동향,20250423,"['25년이상', '역세권', '중층', '관리비20만원이하']",37.478875,126.979465
2521723327,일반상가,월세,1/3,80,"2,000",27,26,동향,20250423,"['25년이상', '역세권', '1층', '총3층']",37.484821,126.978903
2521644237,일반상가,월세,1/5,250,"4,000",62,62,남동향,20250423,"['25년이상', '역세권', '1층', '주차가능']",37.478875,126.979465
2521725147,단지내상가,월세,1/3,900,"1억 2,000",161,69,동향,20250423,"['25년이상', '역세권', '1층', '총3층']",37.486138,126.981811
2521634953,일반상가,월세,B1/4,100,"1,000",63,63,동향,20250423,"['25년이상', '역세권', '지하층', '관리비10만원이하']",37.479359,126.980644
2521653161,일반상가,월세,1/4,85,"1,000",33,28,남서향,20250423,"['25년이상', '역세권', '1층', '주차가능']",37.483991,126.979746
2521735041,일반상가,월세,B1/4,150,"3,000",80,80,서향,20250423,"['25년이상', '역세권', '지하층', '총4층']",37.486604,126.981239
2521722023,일반상가,월세,B1/5,250,"3,000",170,165,남향,20250423,"['25년이상', '역세권', '지하층', '주차가능']",37.477994,126.978804
2521732294,일반상가,월세,1/6,600,1억,138,138,동향,20250423,"['25년이내', '역세권', '1층', '관리비20만원이하']",37.485915,126.980988
2521702605,일반상가,월세,1/3,275,"3,000",80,49,남향,20250423,"['25년이상', '역세권', '1층', '관리비10만원이하']",37.48428,126.977993
2521723751,일반상가,월세,1/4,450,"6,000",87,87,북향,20250423,"['2년이내', '역세권', '1층', '주차가능']",37.486514,126.980088
2521734640,일반상가,월세,1/2,135,"2,000",34,30,북서향,20250423,"['25년이상', '역세권', '1층', '총2층']",37.485055,126.979902
2521732721,일반상가,월세,1/4,70,"1,000",25,25,남서향,20250423,"['25년이상', '역세권', '1층', '주차가능']",37.479288,126.979847
2521423522,일반상가,월세,1/2,280,"3,000",25,25,남동향,20250422,"['25년이상', '융자금적은', '역세권', '1층']",37.486529,126.981023
2521407438,일반상가,월세,B1/3,100,"2,000",104,82,남향,20250422,"['25년이상', '융자금적은', '역세권', '지하층']",37.484573,126.97893
2521460273,일반상가,월세,B1/4,80,"1,000",49,49,북향,20250422,"['25년이상', '역세권', '지하층', '관리비10만원이하']",37.482841,126.975578
2521580304,일반상가,월세,1/3,320,"6,000",113,113,동향,20250422,"['25년이상', '역세권', '1층', '총3층']",37.486664,126.967695
2521477791,일반상가,월세,3/4,180,"3,000",99,90,남향,20250422,"['10년이내', '역세권', '고층', '관리비10만원이하']",37.482292,126.97322
2521469567,일반상가,월세,4/6,232,"3,000",74,57,동향,20250422,"['10년이내', '역세권', '중층', '엘리베이터']",37.485437,126.980958
2521513392,일반상가,월세,1/4,150,"3,000",42,39,북동향,20250422,"['25년이상', '역세권', '1층', '관리비10만원이하']",37.482732,126.980278
2521482559,일반상가,월세,1/5,"2,000",3억,695,695,북향,20250422,"['2년이내', '역세권', '1층', '주차가능']",37.481481,126.975393
2521411053,일반상가,월세,2/10,230,"3,000",62,62,북동향,20250422,"['15년이내', '융자금적은', '역세권', '지상층(1층제외)']",37.477249,126.979307
2521618386,일반상가,월세,2/3,110,"2,000",76,76,북향,20250422,"['25년이상', '역세권', '중층', '총3층']",37.483029,126.97524
2521559267,일반상가,월세,1/3,100,"1,000",31,31,남서향,20250422,"['25년이상', '역세권', '1층', '총3층']",37.486119,126.976868
2521623366,일반상가,월세,1/2,60,"1,000",23,23,남향,20250422,"['25년이상', '역세권', '1층', '총2층']",37.48624,126.979443
2521557460,일반상가,월세,2/6,250,"5,000",95,95,남향,20250422,"['10년이내', '역세권', '지상층(1층제외)', '관리비20만원이하']",37.483025,126.973027
2521459418,일반상가,월세,1/2,60,"1,000",19,19,동향,20250422,"['25년이상', '역세권', '1층', '총2층']",37.48637,126.979502
2521580315,일반상가,월세,1/3,120,"2,000",79,19,북동향,20250422,"['25년이상', '역세권', '1층', '관리비10만원이하']",37.491249,126.980496
2521620112,일반상가,월세,1/2,80,"1,000",26,26,남향,20250422,"['25년이상', '역세권', '1층', '총2층']",37.484966,126.978181
2521610402,복합상가,월세,1/4,80,"2,000",30,30,,20250422,"['25년이상', '1층', '관리비10만원이하', '총4층']",37.492697,126.978465
2521485135,일반상가,월세,1/3,160,"4,000",60,50,남향,20250422,"['25년이상', '역세권', '1층', '관리비10만원이하']",37.484821,126.978903
2521411018,일반상가,월세,1/1,100,"2,000",50,50,동향,20250422,"['25년이내', '융자금적은', '역세권', '1층']",37.483461,126.981251
2521558425,일반상가,월세,2/3,127,"1,000",52,49,남동향,20250422,"['25년이상', '역세권', '중층', '총3층']",37.480081,126.981296
2521624768,일반상가,월세,2/2,70,"2,000",51,39,남동향,20250422,"['25년이상', '역세권', '고층', '총2층']",37.482998,126.97349
2521558349,일반상가,월세,1/2,80,"3,000",18,13,남향,20250422,"['25년이상', '역세권', '1층', '총2층']",37.487633,126.98158
2521602458,일반상가,월세,1/2,140,"4,000",49,49,남향,20250422,"['25년이상', '역세권', '1층', '총2층']",37.481678,126.975424
2521534121,일반상가,월세,1/2,280,"3,000",16,16,서향,20250422,"['25년이상', '역세권', '1층', '총2층']",37.486529,126.981023
2521405739,일반상가,월세,1/2,60,"1,000",29,29,동향,20250422,"['25년이상', '융자금적은', '역세권', '1층']",37.48624,126.979443
2521394665,일반상가,월세,1/4,200,"3,000",50,50,남향,20250422,"['25년이상', '융자금적은', '역세권', '1층']",37.489686,126.980616
2521423356,일반상가,월세,1/3,850,"1억 2,000",69,66,동향,20250422,"['25년이상', '융자금적은', '역세권', '1층']",37.486138,126.981811
2521416437,일반상가,월세,4/5,280,"5,000",92,77,동향,20250422,"['2년이내', '역세권', '고층', '주차가능']",37.481481,126.975393
2521415206,일반상가,월세,1/3,60,"1,000",26,26,서향,20250422,"['25년이상', '역세권', '1층', '총3층']",37.490593,126.981994
2521647714,일반상가,월세,1/6,150,"2,000",60,60,서향,20250422,"['25년이상', '융자금없는', '역세권', '1층']",37.482787,126.976956
2521394372,일반상가,월세,1/5,70,"1,000",92,26,서향,20250422,"['25년이상', '융자금적은', '역세권', '1층']",37.486165,126.979612
2521393577,일반상가,월세,1/5,80,"1,000",43,33,남서향,20250422,"['25년이내', '융자금적은', '1층', '관리비10만원이하']",37.487305,126.975362
2521423351,일반상가,월세,B1/3,100,"1,500",103,103,북동향,20250422,"['25년이상', '융자금적은', '역세권', '지하층']",37.491089,126.980876
2521473265,단지내상가,월세,2/4,50,"1,000",132,102,남서향,20250422,"['25년이상', '중층', '주차가능', '총4층']",37.490547,126.97622
2521463935,일반상가,월세,1/5,295,"7,000",138,138,서향,20250422,"['25년이내', '역세권', '1층', '주차가능']",37.486162,126.981204
2521410548,일반상가,월세,B1/4,50,"1,000",72,72,북서향,20250422,"['25년이상', '융자금적은', '역세권', '지하층']",37.485268,126.968639
2521419141,일반상가,월세,1/3,100,"1,000",34,29,동향,20250422,"['25년이상', '융자금적은', '역세권', '1층']",37.483472,126.971076
2521475863,일반상가,월세,1/3,350,"8,000",63,63,서향,20250422,"['25년이상', '역세권', '1층', '총3층']",37.486901,126.980609
2521394705,일반상가,월세,1/4,140,"2,800",36,36,남향,20250422,"['25년이상', '융자금적은', '역세권', '1층']",37.485958,126.980671
2521092960,일반상가,월세,B1/5,80,"1,000",53,53,북향,20250421,"['25년이상', '역세권', '지하층', '총5층']",37.479593,126.980001
2521084398,일반상가,월세,1/3,200,"4,500",13,13,북서향,20250421,"['25년이상', '역세권', '1층', '총3층']",37.480081,126.981296
2521083980,일반상가,월세,1/7,900,2억,267,267,남향,20250421,"['25년이내', '역세권', '1층', '주차가능']",37.485693,126.980946
2521399680,일반상가,월세,1/3,100,"1,000",59,59,북서향,20250421,"['25년이상', '융자금적은', '1층', '총3층']",37.490038,126.970847
2521393657,일반상가,월세,3/5,160,"3,000",89,59,남향,20250421,"['25년이상', '융자금적은', '역세권', '중층']",37.478875,126.979465
2521351851,단지내상가,매매,1/2,,"8억 5,000",80,45,남서향,20250421,"['2년이내', '1층', '관리비20만원이하', '주차가능']",37.492414,126.980224
2521379807,일반상가,월세,3/4,200,"2,000",116,95,동향,20250421,"['25년이상', '역세권', '고층', '관리비20만원이하']",37.483662,126.976158
2521411041,일반상가,월세,2/6,450,"5,000",191,191,남향,20250421,"['25년이내', '융자금적은', '역세권', '지상층(1층제외)']",37.47798,126.980198
2521095624,일반상가,월세,1/3,90,"1,500",36,36,북향,20250421,"['25년이상', '융자금적은', '역세권', '1층']",37.478477,126.979484
2521292400,일반상가,월세,1/2,160,"2,000",20,20,남향,20250421,"['25년이상', '융자금없는', '역세권', '1층']",37.483454,126.974215
2521074885,일반상가,월세,2/10,"2,070","2억 7,000",616,616,남동향,20250421,"['25년이상', '융자금적은', '역세권', '지상층(1층제외)']",37.479553,126.98129
2521087158,일반상가,월세,1/4,350,"5,000",85,82,남향,20250421,"['25년이상', '융자금적은', '마당', '역세권']",37.483805,126.976574
2521084387,일반상가,월세,1/5,100,"2,000",65,49,북동향,20250421,"['2년이내', '역세권', '1층', '관리비20만원이하']",37.490602,126.979189
2521344949,일반상가,월세,5/5,300,"5,000",148,148,동향,20250421,"['25년이상', '역세권', '고층', '총5층']",37.48605,126.981381
2521394439,일반상가,월세,5/5,160,"3,000",88,59,남서향,20250421,"['25년이상', '융자금적은', '역세권', '고층']",37.478875,126.979465
2521094049,일반상가,매매,2/7,,33억,907,673,남동향,20250421,"['25년이내', '역세권', '지상층(1층제외)', '주차가능']",37.488654,126.977816
2521316850,일반상가,월세,B1/4,60,"1,000",102,80,서향,20250421,"['25년이상', '융자금없는', '지하층', '총4층']",37.492941,126.977788
2521264842,일반상가,월세,1/3,400,"9,000",46,46,남서향,20250421,"['25년이상', '역세권', '1층', '총3층']",37.482944,126.973327
2521264843,일반상가,월세,5/15,330,"5,000",215,97,동향,20250421,"['25년이내', '역세권', '지상층(1층제외)', '주차가능']",37.484767,126.981528
2521339776,일반상가,월세,1/2,120,"1,500",33,33,북동향,20250421,"['25년이상', '역세권', '1층', '총2층']",37.483823,126.971957
2521202136,일반상가,월세,1/2,50,"1,000",16,16,남서향,20250421,"['25년이상', '역세권', '1층', '총2층']",37.486099,126.968943
2521280215,일반상가,월세,B1/4,70,"1,000",64,64,남동향,20250421,"['25년이상', '융자금없는', '역세권', '지하층']",37.485891,126.968533
2521242681,일반상가,월세,2/3,510,1억,146,146,남향,20250421,"['25년이상', '역세권', '중층', '총3층']",37.487708,126.980664
2521384397,일반상가,월세,2/4,160,"3,000",35,26,서향,20250421,"['10년이내', '역세권', '중층', '관리비10만원이하']",37.479067,126.980329
2521343895,일반상가,월세,4/10,380,"7,000",146,146,남서향,20250421,"['10년이내', '역세권', '중층', '주차가능']",37.486532,126.981321
2521206149,단지내상가,월세,1/4,130,"3,000",132,132,남서향,20250421,"['25년이상', '1층', '주차가능', '총4층']",37.490547,126.97622
2521194754,일반상가,월세,B1/2,120,"2,000",95,94,동향,20250421,"['25년이상', '역세권', '지하층', '관리비10만원이하']",37.47711,126.977474
2521247691,일반상가,월세,1/2,110,"1,500",29,29,북향,20250421,"['25년이상', '역세권', '1층', '총2층']",37.484182,126.9794
2521339230,일반상가,월세,B1/12,230,"4,000",115,98,서향,20250421,"['2년이내', '역세권', '지하층', '관리비20만원이하']",37.483221,126.981057
2521345347,일반상가,월세,1/4,140,"2,800",26,26,남동향,20250421,"['25년이상', '역세권', '1층', '총4층']",37.485958,126.980671
2521171994,일반상가,월세,1/4,140,"3,000",60,60,북동향,20250421,"['25년이상', '역세권', '1층', '관리비10만원이하']",37.482732,126.980278
2521170134,일반상가,월세,1/5,140,"3,000",27,24,동향,20250421,"['25년이내', '역세권', '1층', '관리비10만원이하']",37.478539,126.979181
2521087491,일반상가,월세,1/3,35,1억,19,17,북향,20250421,"['25년이상', '융자금적은', '역세권', '1층']",37.483027,126.974759
2521086043,일반상가,월세,1/3,100,"2,500",30,30,남향,20250421,"['25년이상', '융자금적은', '역세권', '1층']",37.485039,126.97961
2521087502,일반상가,월세,B1/6,140,"2,000",71,66,남향,20250421,"['25년이상', '융자금적은', '역세권', '지하층']",37.484461,126.978466
2521290166,일반상가,월세,2/8,840,"1억 4,000",416,416,동향,20250421,"['25년이내', '역세권', '지상층(1층제외)', '주차가능']",37.485693,126.980946
2521273186,단지내상가,월세,4/5,180,"3,000",138,86,북동향,20250421,"['25년이상', '융자금없는', '고층', '관리비20만원이하']",37.489637,126.975965
2520932485,단지내상가,매매,2/2,,"1억 6,500",43,21,동향,20250419,"['25년이상', '고층', '관리비10만원이하', '주차가능']",37.488717,126.962456
2521069948,일반상가,월세,1/2,90,"1,000",20,20,북향,20250419,"['25년이상', '융자금없는', '역세권', '1층']",37.483641,126.970766
2521058446,일반상가,월세,1/5,540,"7,000",100,100,북향,20250419,"['25년이상', '융자금적은', '역세권', '1층']",37.486613,126.98069
2520932218,단지내상가,매매,2/3,,"1억 8,000",44,21,동향,20250419,"['25년이상', '중층', '관리비10만원이하', '주차가능']",37.488717,126.962456
2521068837,단지내상가,매매,2/24,,"7억 8,000",154,62,서향,20250419,"['15년이내', '역세권', '지상층(1층제외)', '주차가능']",37.484542,126.980685
2521021035,일반상가,월세,1/4,160,"4,000",59,49,동향,20250419,"['25년이상', '융자금없는', '역세권', '1층']",37.486317,126.972321
2520979821,일반상가,월세,1/5,680,1억,179,134,동향,20250419,"['25년이내', '역세권', '1층', '관리비20만원이하']",37.47857,126.98054
2520926901,일반상가,월세,1/4,65,"1,000",19,19,북서향,20250419,"['25년이상', '역세권', '1층', '관리비10만원이하']",37.490293,126.981023
2520924121,일반상가,월세,1/3,50,"1,000",19,19,남서향,20250419,"['25년이상', '1층', '총3층', '남서향']",37.480809,126.977853
2520963946,단지내상가,매매,전체층/3,,"2억 3,000",61,32,북향,20250419,"['25년이상', '주차가능', '총3층', '북향']",37.489637,126.975965
2521042669,일반상가,월세,2/5,130,"2,000",49,49,북서향,20250419,"['25년이내', '역세권', '중층', '관리비10만원이하']",37.485402,126.980379
2520871974,일반상가,월세,6/6,650,2억,298,290,남향,20250418,"['25년이내', '역세권', '고층', '주차가능']",37.48522,126.980862
2520835139,일반상가,월세,3/4,300,"3,000",119,119,북동향,20250418,"['25년이상', '융자금적은', '역세권', '고층']",37.483988,126.972151
2520747120,단지내상가,매매,1/3,,"4억 5,000",52,36,남동향,20250418,"['25년이상', '1층', '관리비10만원이하', '주차가능']",37.489637,126.975965
2520928255,일반상가,월세,1/4,70,"1,000",30,19,남서향,20250418,"['25년이상', '융자금없는', '역세권', '1층']",37.479288,126.979847
2520868946,일반상가,월세,1/5,120,"2,000",33,33,북서향,20250418,"['25년이상', '역세권', '1층', '관리비10만원이하']",37.481577,126.972483
2520680525,일반상가,월세,1/4,328,"5,000",70,70,동향,20250418,"['10년이내', '역세권', '1층', '관리비10만원이하']",37.488677,126.981322
2520818331,일반상가,월세,1/4,370,"5,000",66,66,북서향,20250418,"['2년이내', '역세권', '1층', '주차가능']",37.482645,126.973521
2520822137,일반상가,월세,1/4,80,"1,000",33,29,남향,20250418,"['25년이내', '1층', '총4층', '남향']",37.480815,126.977676
2520708011,일반상가,월세,1/3,145,"3,000",29,29,남서향,20250418,"['25년이상', '테라스', '역세권', '1층']",37.477985,126.979158
2520663276,일반상가,월세,1/7,305,"5,000",26,26,북동향,20250418,"['15년이내', '역세권', '1층', '주차가능']",37.483722,126.972518
2520665526,일반상가,월세,B1/5,80,"1,000",29,24,북향,20250418,"['25년이상', '융자금없는', '역세권', '지하층']",37.479593,126.980001
2520666178,단지내상가,월세,1/3,190,"3,000",27,27,남향,20250418,"['15년이내', '역세권', '1층', '관리비10만원이하']",37.485398,126.971298
2520658028,단지내상가,월세,1/3,66,"1,500",50,34,서향,20250418,"['25년이상', '1층', '주차가능', '총3층']",37.489637,126.975965
2520822724,일반상가,월세,1/7,440,1억,118,118,남향,20250418,"['15년이내', '역세권', '1층', '주차가능']",37.490965,126.982174
2520712221,단지내상가,월세,1/25,250,"3,000",45,45,남향,20250418,"['4년이내', '1층', '관리비20만원이하', '주차가능']",37.492921,126.979829
2520674901,일반상가,월세,3/10,"1,686","1억 6,860",616,510,동향,20250418,"['25년이상', '역세권', '지상층(1층제외)', '주차가능']",37.479553,126.98129
2520844498,일반상가,월세,B1/3,100,"2,000",80,80,남향,20250418,"['25년이상', '역세권', '지하층', '관리비10만원이하']",37.484573,126.97893
2520865490,일반상가,월세,3/5,150,"2,000",68,59,서향,20250418,"['25년이상', '역세권', '중층', '관리비10만원이하']",37.477445,126.980112
2520675462,일반상가,월세,1/4,135,"2,000",23,23,북동향,20250418,"['25년이상', '역세권', '1층', '관리비10만원이하']",37.485262,126.969431
2520731360,일반상가,월세,2/6,450,"5,000",191,165,남서향,20250418,"['25년이내', '역세권', '지상층(1층제외)', '주차가능']",37.47798,126.980198
2520828817,일반상가,월세,1/3,70,"1,000",35,35,남동향,20250418,"['25년이상', '융자금없는', '1층', '총3층']",37.479972,126.971295
2520679360,일반상가,월세,1/4,85,"1,000",24,24,남향,20250418,"['10년이내', '역세권', '1층', '관리비10만원이하']",37.482686,126.973746
2520926148,일반상가,월세,2/6,450,"5,000",165,165,서향,20250418,"['25년이내', '역세권', '지상층(1층제외)', '주차가능']",37.47798,126.980198
2520766300,일반상가,월세,6/6,700,"1억 5,000",271,271,북향,20250418,"['25년이내', '역세권', '고층', '주차가능']",37.483934,126.978485
2520680584,일반상가,월세,1/5,540,"7,000",97,97,남서향,20250418,"['25년이상', '역세권', '1층', '관리비20만원이하']",37.486613,126.98069
2520926600,일반상가,월세,B1/4,70,"1,000",60,60,북서향,20250418,"['25년이상', '역세권', '지하층', '총4층']",37.483735,126.972261
2520848402,일반상가,월세,B1/3,60,"1,000",34,34,남동향,20250418,"['25년이상', '역세권', '지하층', '총3층']",37.485552,126.969086
2520680570,일반상가,월세,1/2,300,"7,000",110,110,서향,20250418,"['25년이상', '역세권', '1층', '급매']",37.487721,126.980906
2520789218,복합상가,매매,2/7,,33억,1058,673,서향,20250418,"['25년이내', '역세권', '지상층(1층제외)', '주차가능']",37.488654,126.977816
2520799481,일반상가,월세,1/12,390,1억,112,79,서향,20250418,"['2년이내', '역세권', '1층', '관리비20만원이하']",37.483221,126.981057
2520680606,일반상가,월세,1/7,680,1억,92,92,북향,20250418,"['25년이내', '역세권', '1층', '관리비20만원이하']",37.486274,126.980666
2520916078,일반상가,월세,1/5,220,"3,000",19,19,동향,20250418,"['25년이상', '역세권', '1층', '총5층']",37.489031,126.980499
2520913974,일반상가,월세,1/4,310,"8,000",56,56,서향,20250418,"['25년이내', '역세권', '1층', '관리비20만원이하']",37.488188,126.980719
2520671256,일반상가,월세,B1/3,70,"2,000",101,101,남동향,20250418,"['25년이상', '역세권', '지하층', '총3층']",37.484471,126.969342
2520525782,일반상가,월세,1/3,90,"1,000",33,33,남서향,20250417,"['25년이상', '역세권', '1층', '총3층']",37.478249,126.976975
2520400748,일반상가,월세,1/6,620,1억,56,56,동향,20250417,"['25년이내', '역세권', '1층', '동향']",37.485915,126.980988
2520401337,일반상가,월세,3/3,80,"3,000",47,46,동향,20250417,"['25년이상', '융자금적은', '역세권', '고층']",37.486882,126.980394
2520564727,일반상가,월세,1/4,550,1억,180,180,동향,20250417,"['25년이내', '융자금적은', '역세권', '1층']",37.490508,126.982316
2520401765,복합상가,월세,1/4,70,"1,000",22,22,남서향,20250417,"['25년이상', '역세권', '1층', '관리비10만원이하']",37.482818,126.976073
2520389854,일반상가,월세,1/4,183,"2,000",66,66,북동향,20250417,"['25년이상', '역세권', '1층', '총4층']",37.483436,126.976931
2520564463,복합상가,매매,7/15,,4억,30,16,동향,20250417,"['25년이내', '역세권', '중층', '주차가능']",37.484767,126.981528
2520609169,일반상가,월세,1/5,150,"2,000",29,29,동향,20250417,"['25년이상', '융자금적은', '역세권', '1층']",37.481193,126.981497
2520559739,일반상가,월세,1/10,900,1억,311,265,동향,20250417,"['25년이내', '역세권', '1층', '주차가능']",37.484035,126.981627
2520560414,일반상가,월세,1/5,350,"5,000",101,79,남동향,20250417,"['10년이내', '역세권', '1층', '주차가능']",37.490229,126.982237
2520581944,일반상가,월세,1/4,450,"6,000",87,70,북향,20250417,"['2년이내', '역세권', '1층', '주차가능']",37.486514,126.980088
2520643791,일반상가,월세,1/5,185,"3,000",83,70,,20250417,"['25년이내', '역세권', '1층', '관리비20만원이하']",37.482679,126.978078
2520566846,일반상가,월세,1/15,120,"2,000",77,40,동향,20250417,"['25년이내', '융자금적은', '역세권', '1층']",37.484768,126.981712
2520551933,일반상가,월세,5/5,500,"6,000",293,293,남서향,20250417,"['25년이상', '고층', '주차가능', '총5층']",37.476263,126.972341
2520636238,일반상가,월세,1/4,300,"3,000",85,85,북서향,20250417,"['25년이상', '역세권', '1층', '관리비10만원이하']",37.484324,126.972819
2520554378,일반상가,매매,전체층/3,,30억,180,180,남서향,20250417,"['25년이상', '역세권', '총3층', '남서향']",37.479746,126.980836
2520564282,일반상가,월세,2/7,130,"2,000",49,49,북서향,20250417,"['25년이내', '융자금적은', '역세권', '지상층(1층제외)']",37.485402,126.980379
2520548008,일반상가,월세,1/2,80,"1,000",26,26,서향,20250417,"['25년이상', '역세권', '1층', '관리비10만원이하']",37.485505,126.979344
2520545661,일반상가,월세,2/7,840,"1억 4,000",416,416,동향,20250417,"['25년이내', '융자금없는', '역세권', '지상층(1층제외)']",37.485693,126.980946
2520621537,일반상가,월세,1/5,200,"3,000",53,53,남향,20250417,"['15년이내', '역세권', '1층', '주차가능']",37.48569,126.96951
2520623622,일반상가,월세,1/3,130,"4,000",36,36,서향,20250417,"['25년이상', '역세권', '1층', '총3층']",37.485807,126.980758
2520563656,일반상가,월세,B1/6,350,"7,000",231,172,동향,20250417,"['25년이내', '융자금적은', '역세권', '지하층']",37.487343,126.981505
2520563989,일반상가,월세,1/6,400,"5,000",112,112,북동향,20250417,"['10년이내', '융자금적은', '역세권', '1층']",37.485437,126.980958
2520454635,일반상가,월세,1/3,200,"4,500",14,14,동향,20250417,"['25년이상', '역세권', '1층', '총3층']",37.480132,126.981505
2520401510,일반상가,월세,1/2,200,"2,000",20,18,서향,20250417,"['25년이상', '역세권', '1층', '총2층']",37.482787,126.976956
2520453045,일반상가,월세,1/5,500,"5,000",100,100,북서향,20250417,"['25년이내', '역세권', '1층', '관리비20만원이하']",37.483412,126.972013
2520491731,일반상가,월세,1/4,400,"1억 3,000",148,124,남동향,20250417,"['25년이내', '역세권', '1층', '관리비10만원이하']",37.483953,126.97382
2520455884,일반상가,월세,1/5,650,1억,138,115,동향,20250417,"['25년이내', '역세권', '1층', '총5층']",37.486024,126.981004
2520516536,일반상가,월세,1/3,85,"1,000",30,26,북서향,20250417,"['25년이상', '융자금없는', '역세권', '1층']",37.486969,126.979944
2520400265,일반상가,월세,1/3,190,"3,000",39,27,남서향,20250417,"['15년이내', '역세권', '1층', '관리비10만원이하']",37.485398,126.971298
2520463480,일반상가,월세,1/2,207,"5,000",18,18,북향,20250417,"['25년이상', '역세권', '1층', '관리비10만원이하']",37.487435,126.980657
2520401354,일반상가,월세,B1/3,90,"1,000",77,70,남동향,20250417,"['25년이상', '융자금적은', '역세권', '지하층']",37.477106,126.97827
2520458092,일반상가,월세,1/2,90,"1,000",36,36,서향,20250417,"['25년이상', '융자금적은', '1층', '총2층']",37.481819,126.975765
2520537097,일반상가,월세,1/3,200,"4,500",15,14,남동향,20250417,"['25년이상', '역세권', '1층', '총3층']",37.480081,126.981296
2520640531,일반상가,월세,1/15,500,1억,51,24,동향,20250417,"['25년이내', '역세권', '1층', '관리비20만원이하']",37.484767,126.981528
2520567350,일반상가,월세,3/5,140,"3,000",89,60,남동향,20250417,"['25년이상', '역세권', '중층', '주차가능']",37.478875,126.979465
2520580205,일반상가,월세,3/5,210,"3,000",130,120,북향,20250417,"['25년이상', '역세권', '중층', '관리비10만원이하']",37.484928,126.978544
2520519845,일반상가,월세,5/5,140,"3,000",58,50,남동향,20250417,"['25년이상', '역세권', '고층', '주차가능']",37.478875,126.979465
2520458584,일반상가,월세,2/3,242,"3,000",103,99,남향,20250417,"['25년이상', '역세권', '중층', '총3층']",37.487685,126.980013
2520461366,일반상가,월세,1/4,90,"1,000",23,23,남향,20250417,"['25년이내', '역세권', '1층', '관리비10만원이하']",37.480745,126.980159
2520415225,일반상가,월세,1/5,120,"1,000",55,55,북향,20250417,"['25년이내', '융자금적은', '역세권', '1층']",37.488583,126.979717
2520401284,일반상가,월세,5/5,160,"3,000",77,59,동향,20250417,"['25년이상', '역세권', '고층', '주차가능']",37.478875,126.979465
2520237982,일반상가,월세,1/4,183,"2,000",131,66,북서향,20250416,"['25년이상', '융자금적은', '역세권', '1층']",37.483436,126.976931
2520291822,단지내상가,매매,1/3,,4억,30,27,서향,20250416,"['25년이상', '1층', '관리비10만원이하', '주차가능']",37.489753,126.978118
2520296088,일반상가,월세,5/15,600,1억,233,106,동향,20250416,"['25년이내', '역세권', '지상층(1층제외)', '주차가능']",37.484767,126.981528
2520255052,일반상가,월세,2/4,150,"2,000",100,99,동향,20250416,"['25년이상', '역세권', '중층', '총4층']",37.482818,126.976073
2520344999,일반상가,월세,1/3,136,"2,000",36,36,북서향,20250416,"['25년이상', '마당', '역세권', '1층']",37.479176,126.98033
2520315383,일반상가,월세,1/2,120,"1,000",46,46,동향,20250416,"['25년이상', '역세권', '1층', '총2층']",37.490621,126.982194
2520239803,일반상가,월세,1/4,150,"1,500",64,49,서향,20250416,"['25년이상', '역세권', '1층', '총4층']",37.478778,126.979334
2520244045,일반상가,월세,1/4,200,"4,000",59,59,북동향,20250416,"['25년이상', '역세권', '1층', '관리비10만원이하']",37.486317,126.972321
2520295028,일반상가,월세,1/3,250,"3,000",66,66,남향,20250416,"['25년이상', '역세권', '1층', '총3층']",37.476946,126.978778
2520283222,일반상가,월세,1/3,200,"3,000",49,49,동향,20250416,"['10년이내', '역세권', '1층', '총3층']",37.489312,126.981466
2520251966,일반상가,월세,2/3,130,"1,500",66,66,남향,20250416,"['25년이상', '역세권', '중층', '관리비10만원이하']",37.490977,126.981835
2520244767,단지내상가,월세,B1/3,340,"9,000",49,49,남향,20250416,"['15년이내', '역세권', '지하층', '총3층']",37.485398,126.971298
2520367993,일반상가,월세,1/2,90,"1,000",20,20,남향,20250416,"['25년이상', '역세권', '1층', '총2층']",37.485765,126.972819
2520352664,일반상가,월세,1/2,140,"1,000",30,27,동향,20250416,"['25년이상', '융자금없는', '역세권', '1층']",37.487869,126.981732
2520228121,일반상가,월세,1/2,160,"2,000",25,25,남향,20250416,"['25년이상', '융자금적은', '역세권', '1층']",37.483454,126.974215
2520224445,단지내상가,월세,1/3,230,"5,000",67,50,남서향,20250416,"['15년이내', '역세권', '1층', '총3층']",37.485398,126.971298
2520215875,일반상가,월세,1/2,70,"1,000",33,33,남서향,20250416,"['25년이상', '역세권', '1층', '총2층']",37.483903,126.970619
2520364985,일반상가,월세,1/3,95,"1,000",21,21,,20250416,"['25년이상', '역세권', '1층', '총3층']",37.487418,126.980215
2520332805,일반상가,월세,1/3,80,"2,000",27,27,동향,20250416,"['25년이상', '역세권', '1층', '총3층']",37.484821,126.978903
2520362738,일반상가,월세,1/4,260,"4,000",41,41,,20250416,"['15년이내', '역세권', '1층', '주차가능']",37.47793,126.978545
2520245055,일반상가,월세,1/2,285,"6,000",33,33,남향,20250416,"['25년이상', '역세권', '1층', '총2층']",37.487653,126.981286
2520257776,일반상가,월세,2/5,260,"4,000",184,184,서향,20250416,"['25년이상', '역세권', '중층', '관리비20만원이하']",37.49082,126.981483
2520337949,일반상가,월세,3/5,140,"3,000",89,53,남동향,20250416,"['25년이상', '역세권', '중층', '주차가능']",37.478875,126.979465
2520258011,일반상가,월세,3/4,280,"3,000",109,99,남향,20250416,"['25년이상', '융자금적은', '역세권', '고층']",37.484172,126.972696
2520264127,일반상가,월세,B1/4,100,"1,000",101,101,북동향,20250416,"['25년이상', '역세권', '지하층', '관리비10만원이하']",37.489681,126.981241
2520394567,일반상가,월세,1/4,450,1억,66,66,북향,20250416,"['25년이상', '역세권', '1층', '총4층']",37.487934,126.981477
2520398832,일반상가,월세,1/3,120,"2,000",17,17,북향,20250416,"['25년이상', '융자금없는', '역세권', '1층']",37.479954,126.981491
2520032049,일반상가,월세,4/5,300,"5,000",196,196,동향,20250415,"['25년이상', '역세권', '고층', '총5층']",37.48931,126.982024
2520027834,일반상가,월세,1/2,85,"1,500",29,29,남향,20250415,"['25년이상', '역세권', '1층', '관리비10만원이하']",37.482904,126.979813
2520103851,일반상가,월세,1/3,315,"5,000",40,40,북향,20250415,"['25년이상', '융자금없는', '역세권', '1층']",37.484009,126.980442
2520044127,일반상가,월세,1/3,400,"9,000",83,55,남서향,20250415,"['25년이상', '역세권', '1층', '총3층']",37.482944,126.973327
2520034176,일반상가,월세,1/3,460,"5,000",77,66,남서향,20250415,"['25년이상', '역세권', '1층', '총3층']",37.485868,126.981177
2520062188,일반상가,월세,2/3,100,"1,000",33,23,남동향,20250415,"['25년이상', '역세권', '중층', '관리비10만원이하']",37.486969,126.979944
2519963468,일반상가,월세,2/3,70,500,22,22,남서향,20250415,"['25년이상', '융자금없는', '역세권', '중층']",37.483519,126.974635
2520024354,일반상가,월세,전체층/2,500,1억,142,120,북향,20250415,"['25년이상', '역세권', '총2층', '북향']",37.484154,126.979868
2520043461,단지내상가,매매,1/4,,4억,31,16,남서향,20250415,"['25년이상', '1층', '관리비10만원이하', '주차가능']",37.486371,126.973056
2520060829,일반상가,월세,B1/12,230,"4,000",115,98,서향,20250415,"['2년이내', '역세권', '지하층', '관리비20만원이하']",37.483216,126.981195
2519934406,일반상가,월세,2/4,200,"4,000",135,135,동향,20250415,"['25년이상', '융자금없는', '역세권', '중층']",37.481245,126.971993
2519982735,일반상가,월세,2/3,970,1억,169,155,동향,20250415,"['25년이상', '역세권', '중층', '총3층']",37.486138,126.981811
2519930867,일반상가,월세,B1/4,60,"1,000",74,74,남서향,20250415,"['25년이상', '융자금없는', '역세권', '지하층']",37.484688,126.972773
2519941287,일반상가,월세,1/3,80,"2,000",16,16,남동향,20250415,"['25년이상', '융자금적은', '1층', '관리비10만원이하']",37.490408,126.970691
2519724112,일반상가,월세,2/5,360,"5,000",690,498,북향,20250414,"['25년이상', '융자금적은', '중층', '관리비10만원이하']",37.481312,126.975761
2519737421,일반상가,월세,1/2,140,"2,500",33,33,북향,20250414,"['25년이상', '역세권', '1층', '총2층']",37.484182,126.9794
2519686079,단지내상가,매매,1/4,,4억,33,17,남향,20250414,"['25년이상', '1층', '관리비10만원이하', '주차가능']",37.486371,126.973056
2519739571,일반상가,월세,1/6,120,"5,000",50,45,서향,20250414,"['25년이내', '역세권', '1층', '급매']",37.483792,126.978398
2519701693,일반상가,월세,1/2,240,"3,000",56,56,북향,20250414,"['25년이상', '역세권', '1층', '급매']",37.483823,126.971957
2519707029,일반상가,월세,1/4,150,"3,000",19,19,남향,20250414,"['25년이상', '역세권', '1층', '급매']",37.485365,126.980002
2519714104,일반상가,월세,4/6,245,"3,000",74,56,동향,20250414,"['10년이내', '융자금적은', '역세권', '중층']",37.485437,126.980958
2519685504,일반상가,월세,1/7,650,1억,157,92,북향,20250414,"['25년이내', '역세권', '1층', '관리비10만원이하']",37.486274,126.980666
2519622356,일반상가,월세,1/4,135,"1,000",59,59,남동향,20250414,"['10년이내', '융자금적은', '역세권', '1층']",37.485592,126.972423
2519601157,일반상가,월세,4/5,600,1억,300,296,남서향,20250414,"['25년이상', '융자금없는', '역세권', '고층']",37.483721,126.973667
2519683035,일반상가,월세,1/3,273,"3,000",49,49,남향,20250414,"['25년이상', '역세권', '1층', '관리비10만원이하']",37.48428,126.977993
2519622364,일반상가,월세,1/3,150,"1,500",34,34,남향,20250414,"['25년이상', '융자금적은', '역세권', '1층']",37.480022,126.981001
2519905756,일반상가,월세,7/8,260,"4,000",107,89,남향,20250414,"['25년이내', '융자금적은', '역세권', '고층']",37.478471,126.980811
2519646440,일반상가,월세,1/4,80,"2,000",40,33,북동향,20250414,"['25년이상', '융자금없는', '1층', '총4층']",37.492697,126.978465
2519753311,일반상가,월세,B1/3,80,"1,000",110,110,남향,20250414,"['25년이상', '융자금없는', '역세권', '지하층']",37.483591,126.97973
2519748816,일반상가,월세,1/3,85,"1,000",58,30,,20250414,"['25년이상', '역세권', '1층', '관리비10만원이하']",37.486969,126.979944
2519709324,일반상가,월세,1/3,35,1억,19,16,북향,20250414,"['25년이상', '역세권', '1층', '총3층']",37.483026,126.974995
2519777277,일반상가,월세,2/3,100,"1,000",36,28,서향,20250414,"['25년이상', '융자금없는', '역세권', '중층']",37.486969,126.979944
2519849228,일반상가,월세,2/3,300,"5,000",102,100,,20250414,"['25년이상', '역세권', '중층', '관리비10만원이하']",37.48272,126.973229
2519776934,단지내상가,월세,2/5,60,"1,000",42,27,북향,20250414,"['25년이상', '융자금없는', '중층', '주차가능']",37.489637,126.975965
2519684073,일반상가,월세,1/3,90,"1,000",29,29,남서향,20250414,"['25년이상', '역세권', '1층', '총3층']",37.483594,126.971255
2519725697,일반상가,월세,1/2,183,"2,100",30,30,북동향,20250414,"['25년이상', '역세권', '1층', '총2층']",37.477906,126.978096
2519696230,일반상가,월세,1/3,120,"1,000",23,23,남동향,20250414,"['25년이상', '테라스', '역세권', '1층']",37.486038,126.980751
2519701238,일반상가,월세,1/2,120,"1,500",26,26,북향,20250414,"['25년이상', '역세권', '1층', '급매']",37.483823,126.971957
2519720470,일반상가,월세,1/3,500,1억,120,120,북향,20250414,"['25년이상', '역세권', '1층', '총3층']",37.484154,126.979868
2519900041,일반상가,월세,B1/5,80,"1,000",53,49,북서향,20250414,"['25년이상', '융자금적은', '역세권', '지하층']",37.479593,126.980001
2519845293,일반상가,월세,5/7,300,"6,000",66,66,남동향,20250414,"['25년이상', '역세권', '고층', '주차가능']",37.477164,126.981117
2519702169,단지내상가,매매,1/24,,20억,224,94,동향,20250414,"['15년이내', '역세권', '1층', '주차가능']",37.484438,126.980478
2519817647,일반상가,월세,1/4,160,"2,000",66,56,동향,20250414,"['10년이내', '역세권', '1층', '관리비10만원이하']",37.482112,126.975527
2519846379,일반상가,월세,1/4,40,"1,000",31,31,동향,20250414,"['10년이내', '1층', '관리비10만원이하', '주차가능']",37.489123,126.963185
2519714431,일반상가,월세,1/4,300,"3,000",75,75,북서향,20250414,"['25년이상', '융자금없는', '역세권', '1층']",37.484324,126.972819
2519644651,일반상가,월세,1/1,550,"5,000",154,154,남향,20250414,"['25년이상', '융자금없는', '역세권', '1층']",37.482931,126.981274
2519719432,일반상가,월세,2/3,180,"2,000",102,102,남동향,20250414,"['25년이상', '융자금없는', '역세권', '중층']",37.484165,126.977657
2519893377,일반상가,월세,1/15,500,1억,50,36,동향,20250414,"['25년이내', '역세권', '1층', '관리비20만원이하']",37.484767,126.981528
2519703839,일반상가,월세,B2/12,190,"3,000",151,151,서향,20250414,"['10년이내', '역세권', '지하층', '주차가능']",37.483623,126.981113
2519649587,일반상가,월세,3/5,350,"4,000",106,100,북향,20250414,"['2년이내', '융자금적은', '테라스', '역세권']",37.481481,126.975393
2519690247,일반상가,월세,1/3,850,"1억 2,000",161,66,서향,20250414,"['25년이상', '역세권', '1층', '관리비20만원이하']",37.486138,126.981811
2519759047,일반상가,월세,1/5,280,"5,000",57,57,서향,20250414,"['25년이내', '역세권', '1층', '관리비20만원이하']",37.488188,126.980719
2519840270,일반상가,월세,1/12,390,1억,136,79,서향,20250414,"['2년이내', '역세권', '1층', '관리비20만원이하']",37.483221,126.981057
2519912589,일반상가,월세,1/5,680,1억,179,165,동향,20250414,"['25년이내', '역세권', '1층', '주차가능']",37.47857,126.98054
2519749616,일반상가,월세,1/3,100,"1,500",16,13,북동향,20250414,"['25년이상', '역세권', '1층', '총3층']",37.478747,126.979048
2519895591,일반상가,월세,3/6,150,"2,000",71,71,남동향,20250414,"['25년이상', '융자금적은', '역세권', '중층']",37.477589,126.979941
2519895091,일반상가,월세,3/3,130,"2,000",95,92,남동향,20250414,"['25년이상', '융자금적은', '역세권', '고층']",37.479189,126.97997
2519748529,일반상가,월세,1/3,70,"1,000",16,16,서향,20250414,"['25년이상', '역세권', '1층', '관리비10만원이하']",37.478174,126.979192
2519911560,일반상가,월세,1/4,90,"1,500",30,30,남서향,20250414,"['25년이상', '1층', '관리비20만원이하', '총4층']",37.47664,126.973186
2519658708,일반상가,월세,B1/3,100,"2,000",75,75,남향,20250414,"['25년이상', '융자금적은', '역세권', '지하층']",37.484573,126.97893
2519665738,단지내상가,월세,B1/3,50,"2,000",34,34,남서향,20250414,"['25년이상', '지하층', '주차가능', '총3층']",37.489753,126.978118
2519597094,일반상가,월세,1/2,250,"5,000",50,50,남동향,20250412,"['25년이상', '역세권', '1층', '총2층']",37.483468,126.971763
2519486003,일반상가,월세,1/5,190,"3,000",83,66,서향,20250412,"['25년이내', '역세권', '1층', '관리비10만원이하']",37.482679,126.978078
2519502920,일반상가,월세,1/8,900,2억,416,330,동향,20250412,"['25년이내', '역세권', '1층', '관리비10만원이하']",37.485693,126.980946
2519424151,일반상가,월세,1/2,50,"6,000",14,14,,20250412,"['25년이상', '역세권', '1층', '총2층']",37.488141,126.978165
2519417553,일반상가,월세,1/5,150,"3,000",50,46,북서향,20250412,"['25년이상', '역세권', '1층', '관리비10만원이하']",37.481341,126.972361
2519416343,일반상가,월세,1/4,90,"1,000",42,39,남서향,20250412,"['25년이상', '융자금없는', '1층', '관리비10만원이하']",37.487084,126.966223
2519532784,일반상가,월세,1/3,110,"1,000",33,29,북향,20250412,"['25년이상', '역세권', '1층', '총3층']",37.479833,126.980978
2519561628,일반상가,월세,1/4,110,"2,000",15,15,남향,20250412,"['25년이상', '융자금없는', '역세권', '1층']",37.484586,126.972822
2519518739,일반상가,월세,B1/3,90,"2,000",60,49,남향,20250412,"['25년이상', '역세권', '지하층', '관리비10만원이하']",37.478479,126.980038
2519526576,일반상가,월세,1/2,90,"2,000",35,27,남향,20250412,"['25년이상', '역세권', '1층', '총2층']",37.483483,126.975428
2519513420,일반상가,월세,B1/12,230,"4,000",156,99,서향,20250412,"['2년이내', '역세권', '지하층', '관리비20만원이하']",37.483221,126.981057
2519542271,일반상가,월세,1/3,900,"1억 2,000",161,62,남향,20250412,"['25년이상', '융자금적은', '역세권', '1층']",37.486138,126.981811
2519513436,일반상가,월세,5/7,300,"6,000",82,82,남향,20250412,"['25년이상', '역세권', '고층', '주차가능']",37.477164,126.981117
2519498734,일반상가,월세,1/4,450,"6,000",87,69,동향,20250412,"['2년이내', '역세권', '1층', '주차가능']",37.486514,126.980088
2519597147,일반상가,월세,1/5,250,"3,000",111,100,서향,20250412,"['25년이상', '역세권', '1층', '관리비10만원이하']",37.483999,126.973339
2519597164,일반상가,월세,1/3,200,"2,000",25,20,남동향,20250412,"['25년이상', '융자금없는', '역세권', '1층']",37.483169,126.973777
2519597138,일반상가,월세,1/3,100,"1,000",33,33,남향,20250412,"['25년이상', '역세권', '1층', '총3층']",37.482325,126.974119
2519463791,일반상가,월세,1/4,110,"2,000",53,49,북향,20250412,"['25년이상', '테라스', '역세권', '1층']",37.480618,126.979095
2519387665,일반상가,월세,1/5,120,"2,000",46,46,북서향,20250411,"['10년이내', '1층', '관리비10만원이하', '주차가능']",37.480397,126.971827
2519276779,일반상가,월세,1/2,85,"1,000",21,21,남동향,20250411,"['25년이상', '융자금없는', '역세권', '1층']",37.485668,126.968237
2519338085,일반상가,월세,1/3,400,"8,000",105,70,남서향,20250411,"['25년이상', '역세권', '1층', '총3층']",37.47759,126.978179
2519359001,일반상가,월세,1/3,285,"5,000",46,42,동향,20250411,"['25년이상', '융자금적은', '역세권', '1층']",37.485673,126.98042
2519313669,일반상가,월세,B1/3,80,"1,000",19,19,남동향,20250411,"['15년이내', '역세권', '지하층', '주차가능']",37.488716,126.980115
2519204301,일반상가,월세,5/7,350,"5,000",184,147,남향,20250411,"['10년이내', '융자금적은', '역세권', '고층']",37.488308,126.9799
2519358745,일반상가,월세,3/4,160,"3,000",96,79,동향,20250411,"['25년이상', '역세권', '고층', '관리비10만원이하']",37.481072,126.981499
2519177706,일반상가,월세,1/15,745,1억,132,69,동향,20250411,"['25년이내', '역세권', '1층', '주차가능']",37.484768,126.981712
2519206310,일반상가,월세,3/5,200,"2,000",140,130,동향,20250411,"['25년이상', '융자금적은', '역세권', '중층']",37.488761,126.98036
2519177781,일반상가,월세,4/6,240,"2,000",88,73,남향,20250411,"['25년이내', '역세권', '중층', '관리비10만원이하']",37.477411,126.980766
2519164699,일반상가,월세,1/4,70,"2,000",59,45,서향,20250411,"['25년이상', '역세권', '1층', '주차가능']",37.477133,126.98013
2519164835,일반상가,월세,1/3,160,"3,000",49,49,남동향,20250411,"['25년이상', '융자금적은', '역세권', '1층']",37.477911,126.97844
2519225706,일반상가,월세,1/3,90,"1,500",13,13,북동향,20250411,"['25년이상', '역세권', '1층', '주차가능']",37.478747,126.979048
2519205639,일반상가,월세,2/12,150,"5,000",200,49,서향,20250411,"['2년이내', '역세권', '지상층(1층제외)', '관리비20만원이하']",37.483221,126.981057
2519290502,일반상가,월세,2/12,480,1억,200,134,서향,20250411,"['2년이내', '융자금적은', '역세권', '지상층(1층제외)']",37.483221,126.981057
2519318136,일반상가,월세,4/5,350,"5,000",155,148,북향,20250411,"['25년이상', '역세권', '고층', '총5층']",37.48605,126.981381
2519178140,일반상가,월세,4/5,600,1억,296,296,남향,20250411,"['25년이상', '역세권', '고층', '총5층']",37.483721,126.973667
2519388929,일반상가,월세,5/7,300,"6,000",100,85,남동향,20250411,"['25년이상', '역세권', '고층', '주차가능']",37.477164,126.981117
2519392036,일반상가,월세,2/10,570,"5,000",190,190,동향,20250411,"['25년이내', '역세권', '지상층(1층제외)', '주차가능']",37.484001,126.981402
2519332238,단지내상가,월세,1/7,500,1억,382,257,북서향,20250411,"['25년이상', '역세권', '1층', '주차가능']",37.488476,126.97816
2519205394,일반상가,월세,B1/4,200,"3,000",95,77,남동향,20250411,"['25년이상', '융자금없는', '역세권', '지하층']",37.486868,126.981224
2519401347,단지내상가,매매,1/4,,6억,33,16,남서향,20250411,"['25년이상', '1층', '주차가능', '총4층']",37.486371,126.973056
2519207037,일반상가,월세,5/15,350,"5,000",140,97,동향,20250411,"['25년이내', '융자금없는', '역세권', '지상층(1층제외)']",37.484768,126.981712
2519375846,일반상가,월세,1/2,90,"1,000",63,36,동향,20250411,"['25년이상', '융자금적은', '1층', '총2층']",37.481819,126.975765
2519234046,일반상가,월세,1/6,150,"2,000",53,50,북서향,20250411,"['10년이내', '1층', '관리비20만원이하', '주차가능']",37.487219,126.966362
2519146526,일반상가,월세,1/5,100,"2,000",63,63,동향,20250411,"['25년이상', '융자금없는', '역세권', '1층']",37.479359,126.980644
2519164935,일반상가,월세,1/3,130,"4,000",49,39,동향,20250411,"['25년이상', '융자금적은', '역세권', '1층']",37.485807,126.980758
2519393110,일반상가,월세,1/5,540,"7,000",124,100,서향,20250411,"['25년이상', '역세권', '1층', '관리비20만원이하']",37.486613,126.98069
2519042865,일반상가,월세,1/3,110,"1,000",26,26,남동향,20250410,"['25년이상', '역세권', '1층', '총3층']",37.485449,126.969008
2519067238,일반상가,월세,1/7,650,1억,164,93,동향,20250410,"['25년이내', '융자금적은', '역세권', '1층']",37.486365,126.980262
2519063954,일반상가,월세,3/5,120,"2,000",95,90,동향,20250410,"['25년이상', '융자금적은', '역세권', '중층']",37.489419,126.980535
2519098978,일반상가,월세,1/5,120,"2,000",50,22,북동향,20250410,"['10년이내', '융자금없는', '역세권', '1층']",37.491359,126.980363
2518929403,단지내상가,매매,B1/B1,,13억,126,126,남동향,20250410,"['15년이내', '지하층', '주차가능', '남동향']",37.489496,126.973866
2519081884,단지내상가,월세,1/15,500,1억,51,24,동향,20250410,"['25년이내', '역세권', '1층', '관리비20만원이하']",37.484596,126.981696
2519102831,일반상가,월세,1/3,200,"5,000",76,50,북향,20250410,"['25년이상', '역세권', '1층', '총3층']",37.484471,126.969342
2519059236,일반상가,월세,B1/5,400,"6,000",222,209,북동향,20250410,"['25년이상', '융자금적은', '역세권', '지하층']",37.48605,126.981381
2518935392,일반상가,월세,1/3,260,"5,000",16,16,남향,20250410,"['25년이상', '역세권', '1층', '총3층']",37.487708,126.980664
2518939398,일반상가,월세,1/3,160,"3,000",33,33,북동향,20250410,"['25년이상', '역세권', '1층', '관리비10만원이하']",37.483793,126.973917
2518978586,일반상가,월세,1/5,800,"5,000",206,168,서향,20250410,"['25년이상', '역세권', '1층', '총5층']",37.48931,126.982024
2518953053,일반상가,월세,3/5,220,"3,500",71,71,동향,20250410,"['10년이내', '역세권', '중층', '총5층']",37.485437,126.980958
2519062125,일반상가,월세,2/2,130,"2,000",76,76,남서향,20250410,"['25년이상', '융자금없는', '역세권', '고층']",37.483454,126.974215
2519011696,일반상가,월세,B1/12,230,"4,000",156,98,북서향,20250410,"['2년이내', '역세권', '지하층', '관리비20만원이하']",37.483221,126.981057
2519048575,일반상가,월세,3/3,280,"4,000",127,120,북향,20250410,"['25년이상', '역세권', '고층', '주차가능']",37.484854,126.981172
2519063643,일반상가,월세,1/7,295,"5,000",69,46,북향,20250410,"['25년이내', '융자금적은', '역세권', '1층']",37.486274,126.980666
2519057828,일반상가,월세,1/2,100,"1,500",64,28,,20250410,"['25년이상', '역세권', '1층', '관리비10만원이하']",37.483994,126.970423
2519070307,일반상가,월세,4/6,220,"3,500",71,71,동향,20250410,"['10년이내', '융자금적은', '역세권', '중층']",37.485437,126.980958
2519048095,일반상가,월세,1/4,350,"5,000",170,70,남동향,20250410,"['25년이상', '융자금없는', '역세권', '1층']",37.483805,126.976574
2518866603,일반상가,월세,3/10,"1,685","1억 6,855",616,505,동향,20250410,"['25년이상', '역세권', '지상층(1층제외)', '주차가능']",37.479553,126.98129
2518981926,일반상가,월세,1/3,500,1억,132,132,북향,20250410,"['25년이상', '역세권', '1층', '총3층']",37.484175,126.979744
2519041565,단지내상가,월세,B2/2,130,"1,500",25,25,서향,20250410,"['4년이내', '융자금없는', '지하층', '주차가능']",37.492414,126.980224
2519022219,단지내상가,월세,4/4,140,"2,000",68,68,남서향,20250410,"['25년이상', '융자금없는', '고층', '관리비20만원이하']",37.486371,126.973056
2519086703,일반상가,월세,1/2,250,"5,000",60,60,동향,20250410,"['25년이상', '융자금적은', '역세권', '1층']",37.484106,126.979991
2519048383,일반상가,매매,B1/5,,"6억 2,000",81,55,남향,20250410,"['4년이내', '지하층', '주차가능', '총5층']",37.492797,126.978755
2519048895,일반상가,월세,1/4,350,"5,000",170,76,남향,20250410,"['25년이상', '역세권', '1층', '관리비20만원이하']",37.483805,126.976574
2519054711,일반상가,월세,1/15,150,"2,000",77,40,동향,20250410,"['25년이내', '역세권', '1층', '주차가능']",37.484596,126.981696
2519036826,일반상가,월세,1/3,115,"2,000",59,59,북동향,20250410,"['25년이상', '역세권', '1층', '총3층']",37.482927,126.979477
2518934670,일반상가,월세,1/3,400,"9,000",42,42,남향,20250410,"['25년이상', '역세권', '1층', '총3층']",37.482944,126.973327
2518941428,일반상가,월세,1/4,300,"4,000",77,66,남서향,20250410,"['25년이상', '역세권', '1층', '관리비10만원이하']",37.481855,126.980974
2518937777,일반상가,월세,3/4,140,"2,000",83,83,동향,20250410,"['25년이내', '역세권', '고층', '관리비20만원이하']",37.483282,126.980846
2518938865,일반상가,월세,1/3,180,"2,000",49,49,서향,20250410,"['25년이상', '역세권', '1층', '총3층']",37.487685,126.980013
2518966394,일반상가,월세,2/7,230,"3,000",131,99,남향,20250410,"['25년이내', '융자금없는', '역세권', '지상층(1층제외)']",37.484638,126.972389
2518644591,일반상가,월세,1/3,220,"4,000",26,25,남서향,20250409,"['25년이상', '역세권', '1층', '총3층']",37.482944,126.973327
2518758887,단지내상가,월세,1/5,800,1억,174,174,동향,20250409,"['25년이상', '역세권', '1층', '총5층']",37.48605,126.981381
2518753412,일반상가,월세,1/3,60,800,26,26,남서향,20250409,"['25년이상', '융자금없는', '역세권', '1층']",37.482628,126.970919
2518642785,일반상가,월세,1/3,400,"9,000",83,50,남서향,20250409,"['25년이상', '융자금없는', '역세권', '1층']",37.482944,126.973327
2518647624,일반상가,월세,3/10,"1,690","1억 6,900",616,502,동향,20250409,"['25년이상', '역세권', '지상층(1층제외)', '주차가능']",37.479553,126.98129
2518639513,일반상가,월세,B1/12,330,"7,000",318,273,동향,20250409,"['10년이내', '역세권', '지하층', '주차가능']",37.483623,126.981113
2518695076,일반상가,월세,1/5,200,"2,000",68,68,남서향,20250409,"['25년이상', '역세권', '1층', '주차가능']",37.482787,126.976956
2518672774,일반상가,월세,1/2,140,"2,500",30,24,북향,20250409,"['25년이상', '융자금적은', '역세권', '1층']",37.484182,126.9794
2518759682,일반상가,월세,B1/5,150,"3,000",119,119,북향,20250409,"['25년이상', '역세권', '지하층', '주차가능']",37.481632,126.980957
2518698414,일반상가,월세,1/5,295,"7,000",95,95,서향,20250409,"['25년이내', '역세권', '1층', '주차가능']",37.486162,126.981204
2518788126,일반상가,월세,4/5,350,"5,000",155,155,동향,20250409,"['25년이상', '테라스', '역세권', '고층']",37.48605,126.981381
2518672924,일반상가,월세,B1/4,80,"1,000",119,99,남향,20250409,"['25년이상', '융자금없는', '역세권', '지하층']",37.483591,126.97973
2518645799,일반상가,월세,5/7,300,"6,000",169,82,남동향,20250409,"['25년이상', '역세권', '고층', '주차가능']",37.477164,126.981117
2518737633,일반상가,월세,5/15,600,1억,233,106,동향,20250409,"['25년이내', '역세권', '지상층(1층제외)', '주차가능']",37.484768,126.981712
2518755639,일반상가,월세,B1/3,70,"1,000",75,75,남동향,20250409,"['25년이상', '역세권', '지하층', '관리비10만원이하']",37.483267,126.976583
