articleNo,articleName,tradeTypeName,floorInfo,rentPrc,dealOrWarrantPrc,area1,area2,direction,articleConfirmYmd,tagList,latitude,longitude
2524629708,일반상가,월세,1/8,450,1억,41,41,북향,20250509,"['25년이상', '역세권', '1층', '주차가능']",37.655684,127.062341
2524609064,일반상가,매매,1/7,,"6억 9,000",50,29,북서향,20250509,"['25년이상', '역세권', '1층', '주차가능']",37.657133,127.062832
2524609451,일반상가,월세,4/4,120,"1,500",171,171,남동향,20250509,"['25년이상', '융자금없는', '고층', '관리비10만원이하']",37.658258,127.068596
2524610082,일반상가,월세,5/5,110,"1,000",95,95,남동향,20250509,"['25년이상', '융자금없는', '역세권', '고층']",37.653292,127.05796
2524610265,일반상가,월세,B1/4,70,"1,000",119,119,남동향,20250509,"['25년이상', '융자금없는', '지하층', '주차가능']",37.658258,127.068596
2524644459,복합상가,월세,1/10,390,"5,000",98,62,남서향,20250509,"['15년이내', '역세권', '1층', '주차가능']",37.656462,127.066169
2524628200,일반상가,월세,B1/4,100,"1,000",122,122,동향,20250509,"['25년이상', '융자금없는', '역세권', '지하층']",37.658624,127.064948
2524641112,일반상가,월세,4/4,120,"2,000",79,54,남향,20250509,"['10년이내', '역세권', '고층', '관리비10만원이하']",37.674832,127.058612
2524647889,복합상가,매매,1/10,,13억,34,34,동향,20250509,"['15년이내', '역세권', '1층', '주차가능']",37.656515,127.061926
2524655730,단지내상가,매매,1/3,,"3억 6,000",34,28,북향,20250509,"['25년이상', '역세권', '1층', '총3층']",37.658619,127.063202
2524640837,일반상가,월세,3/4,140,"2,000",89,89,남향,20250509,"['10년이내', '역세권', '고층', '관리비10만원이하']",37.674832,127.058612
2524606344,일반상가,월세,1/4,230,"5,000",26,26,남향,20250509,"['25년이상', '역세권', '1층', '총4층']",37.6564,127.061795
2524605170,복합상가,월세,1/12,330,"5,500",50,50,남향,20250509,"['25년이내', '역세권', '1층', '주차가능']",37.656139,127.061276
2524646160,복합상가,월세,1/3,460,"7,000",23,20,서향,20250509,"['25년이상', '융자금적은', '역세권', '1층']",37.655664,127.06289
2524628230,일반상가,월세,3/11,310,"4,000",261,149,남향,20250509,"['25년이상', '융자금없는', '역세권', '지상층(1층제외)']",37.655315,127.059866
2524645858,복합상가,월세,B1/8,50,"1,000",58,28,남향,20250509,"['25년이상', '융자금적은', '역세권', '지하층']",37.656052,127.06084
2524657146,일반상가,월세,7/7,430,1억,219,219,북향,20250509,"['25년이상', '융자금없는', '역세권', '고층']",37.656021,127.062775
2524614678,단지내상가,월세,1/15,30,500,15,11,남동향,20250509,"['25년이상', '역세권', '1층', '관리비10만원이하']",37.66149,127.072824
2524615185,일반상가,월세,1/1,40,"1,000",24,24,남동향,20250509,"['15년이내', '역세권', '1층', '남동향']",37.66266,127.071374
2524615454,일반상가,월세,B1/6,90,"2,000",140,132,남동향,20250509,"['25년이상', '역세권', '지하층', '주차가능']",37.658081,127.071316
2524616576,일반상가,월세,2/3,50,800,81,75,북동향,20250509,"['25년이상', '중층', '총3층', '북동향']",37.665991,127.070487
2524629691,일반상가,월세,1/7,"3,200","2억 5,000",391,276,동향,20250509,"['10년이내', '역세권', '1층', '주차가능']",37.655231,127.062508
2524639885,일반상가,월세,3/4,80,"1,000",84,84,남동향,20250509,"['25년이상', '역세권', '고층', '총4층']",37.675165,127.055584
2524628293,일반상가,월세,5/10,200,"4,000",81,81,남향,20250509,"['25년이상', '역세권', '중층', '주차가능']",37.655228,127.063571
2524649458,복합상가,월세,4/4,120,"3,000",100,100,서향,20250509,"['25년이상', '융자금없는', '역세권', '고층']",37.6564,127.061795
2524669798,일반상가,월세,1/8,230,"3,000",19,19,서향,20250509,"['4년이내', '역세권', '1층', '서향']",37.656157,127.064325
2524647525,일반상가,월세,1/5,110,"1,000",33,33,남향,20250509,"['25년이상', '융자금없는', '역세권', '1층']",37.653292,127.05796
2524648946,일반상가,월세,1/5,"2,000","2억 5,000",125,125,남향,20250509,"['2년이내', '융자금없는', '역세권', '1층']",37.656503,127.063023
2524629667,일반상가,월세,1/4,160,"3,000",22,20,서향,20250509,"['25년이상', '역세권', '1층', '총4층']",37.657094,127.061736
2524629680,복합상가,매매,3/7,,43억,1196,761,남향,20250509,"['25년이상', '역세권', '중층', '주차가능']",37.657133,127.062832
2524662361,일반상가,월세,B1/6,400,"5,000",369,369,남향,20250509,"['25년이상', '역세권', '지하층', '주차가능']",37.65341,127.059658
2524639197,일반상가,월세,1/3,150,"3,000",48,48,남향,20250509,"['25년이내', '융자금적은', '1층', '총3층']",37.674697,127.061167
2524656357,일반상가,월세,2/4,600,1억,185,185,남서향,20250509,"['25년이상', '역세권', '중층', '총4층']",37.656014,127.063128
2524651276,일반상가,월세,1/4,170,"3,000",35,35,서향,20250509,"['25년이상', '융자금없는', '역세권', '1층']",37.657875,127.062738
2524628279,일반상가,월세,3/10,300,"4,000",152,110,남향,20250509,"['25년이상', '융자금없는', '역세권', '지상층(1층제외)']",37.655228,127.063571
2524662306,일반상가,월세,5/6,75,"1,000",62,43,서향,20250509,"['25년이상', '역세권', '고층', '서향']",37.64956,127.062257
2524654876,복합상가,월세,2/8,110,"1,500",99,63,남향,20250509,"['25년이상', '역세권', '지상층(1층제외)', '주차가능']",37.656052,127.06084
2524544514,일반상가,월세,1/3,"1,800","2억 5,000",644,644,남향,20250508,"['10년이내', '1층', '주차가능', '총3층']",37.672566,127.051316
2524546817,일반상가,매매,1/20,,"18억 5,000",50,50,남향,20250508,"['4년이내', '역세권', '1층', '주차가능']",37.655061,127.058731
2524539691,일반상가,월세,3/5,700,"1억 2,000",139,110,남향,20250508,"['2년이내', '융자금없는', '역세권', '중층']",37.656503,127.063023
2524542486,일반상가,월세,5/5,225,"2,000",181,181,북서향,20250508,"['25년이상', '역세권', '고층', '총5층']",37.65584,127.065356
2524540330,복합상가,월세,1/7,210,"3,000",42,42,남향,20250508,"['10년이내', '융자금없는', '역세권', '1층']",37.657146,127.065143
2524541505,복합상가,월세,1/5,220,"3,500",70,70,북향,20250508,"['15년이내', '융자금없는', '역세권', '1층']",37.658387,127.070777
2524540940,복합상가,매매,1/5,,9억,100,81,북향,20250508,"['15년이내', '역세권', '1층', '주차가능']",37.658387,127.070777
2524550298,일반상가,월세,1/7,400,"5,000",38,38,남향,20250508,"['25년이상', '역세권', '1층', '주차가능']",37.654385,127.062448
2524475271,일반상가,월세,2/2,70,"1,000",56,56,,20250508,"['25년이상', '고층', '주차가능', '총2층']",37.673844,127.060151
2524431187,일반상가,월세,3/6,260,"2,000",193,193,남향,20250508,"['25년이상', '역세권', '중층', '관리비20만원이하']",37.659151,127.064323
2524437431,일반상가,매매,1/6,,13억,34,34,북향,20250508,"['15년이내', '역세권', '1층', '주차가능']",37.656515,127.061926
2524459820,일반상가,월세,B1/3,110,"1,500",184,184,남향,20250508,"['25년이상', '지하층', '주차가능', '총3층']",37.660395,127.069271
2524436173,일반상가,매매,3/10,,15억,244,244,서향,20250508,"['25년이내', '역세권', '지상층(1층제외)', '주차가능']",37.658341,127.061643
2524444975,복합상가,월세,3/9,150,"2,000",70,70,서향,20250508,"['25년이상', '역세권', '지상층(1층제외)', '주차가능']",37.656012,127.060564
2524435194,일반상가,월세,1/5,120,"1,000",27,27,남향,20250508,"['25년이상', '역세권', '1층', '주차가능']",37.653292,127.05796
2524481136,일반상가,월세,B1/4,50,500,112,112,남서향,20250508,"['25년이상', '융자금없는', '지하층', '총4층']",37.66452,127.071216
2524447806,일반상가,월세,2/4,90,"2,000",33,33,남향,20250508,"['25년이상', '중층', '총4층', '남향']",37.652144,127.065492
2524437003,단지내상가,매매,B1/3,,38억,796,796,서향,20250508,"['25년이상', '지하층', '총3층', '서향']",37.664859,127.065492
2524438244,일반상가,월세,4/5,700,"1억 2,000",139,139,남향,20250508,"['2년이내', '융자금없는', '역세권', '고층']",37.656503,127.063023
2524435764,일반상가,월세,6/7,300,"5,000",217,217,남향,20250508,"['25년이상', '융자금없는', '역세권', '고층']",37.65497,127.059564
2524441345,일반상가,매매,3/6,,6억,96,62,남향,20250508,"['25년이상', '역세권', '중층', '주차가능']",37.653918,127.061936
2524436269,복합상가,월세,1/8,250,"5,000",33,33,남향,20250508,"['25년이상', '역세권', '1층', '주차가능']",37.656052,127.06084
2524472293,일반상가,월세,1/6,120,"2,000",62,62,북향,20250508,"['25년이내', '역세권', '1층', '주차가능']",37.676774,127.056575
2524459174,일반상가,월세,5/5,250,"3,000",144,144,남향,20250508,"['25년이상', '역세권', '고층', '주차가능']",37.653463,127.059906
2524435586,복합상가,매매,3/10,,15억,436,244,서향,20250508,"['25년이내', '역세권', '지상층(1층제외)', '주차가능']",37.658341,127.061643
2524440613,일반상가,월세,B1/4,340,"5,600",198,148,남향,20250508,"['25년이상', '융자금없는', '역세권', '지하층']",37.656912,127.062172
2524416853,일반상가,월세,3/6,100,"1,500",138,138,남향,20250508,"['25년이내', '역세권', '중층', '주차가능']",37.666968,127.078319
2524396804,일반상가,월세,3/5,220,"3,000",173,173,서향,20250508,"['25년이내', '융자금없는', '중층', '주차가능']",37.661012,127.065923
2524396653,단지내상가,매매,1/3,,"1억 5,000",32,20,남향,20250508,"['25년이상', '1층', '관리비10만원이하', '주차가능']",37.664859,127.065492
2524415631,일반상가,월세,B1/7,110,"2,000",95,95,,20250508,"['25년이상', '역세권', '지하층', '주차가능']",37.654385,127.062448
2524395299,복합상가,월세,9/9,50,500,16,16,서향,20250508,"['25년이내', '융자금적은', '역세권', '고층']",37.678201,127.05496
2524422719,일반상가,월세,4/6,300,"5,000",185,165,남향,20250508,"['25년이내', '역세권', '중층', '주차가능']",37.655694,127.065418
2524393030,일반상가,월세,4/5,140,"1,500",145,123,동향,20250508,"['25년이상', '융자금없는', '역세권', '고층']",37.653292,127.05796
2524389155,일반상가,월세,3/7,600,"5,000",249,249,,20250508,"['25년이상', '융자금없는', '역세권', '중층']",37.654916,127.059324
2524426410,일반상가,월세,1/5,80,"1,000",28,28,북향,20250508,"['25년이상', '역세권', '1층', '주차가능']",37.661618,127.070279
2524428841,일반상가,월세,B1/6,120,"3,000",175,175,남향,20250508,"['25년이내', '융자금없는', '지하층', '주차가능']",37.658325,127.06885
2524429737,복합상가,월세,1/8,270,"5,000",50,33,남향,20250508,"['25년이상', '역세권', '1층', '주차가능']",37.656052,127.06084
2524391403,일반상가,월세,2/5,600,1억,241,241,동향,20250508,"['25년이상', '융자금없는', '역세권', '중층']",37.656014,127.063128
2524399933,일반상가,매매,1/20,,"11억 5,000",33,26,남동향,20250508,"['4년이내', '역세권', '1층', '주차가능']",37.655061,127.058731
2524389972,일반상가,매매,8/9,,10억,117,96,북향,20250508,"['25년이상', '역세권', '고층', '주차가능']",37.654445,127.062709
2524394454,일반상가,월세,B1/4,140,"3,000",91,91,북향,20250508,"['25년이상', '융자금없는', '역세권', '지하층']",37.656231,127.063785
2524426731,일반상가,월세,B1/6,"1,280","1억 6,000",527,527,서향,20250508,"['25년이상', '융자금없는', '역세권', '지하층']",37.653752,127.061191
2524424175,일반상가,월세,4/6,270,"3,000",165,165,동향,20250508,"['25년이상', '융자금없는', '역세권', '중층']",37.653282,127.059079
2524395412,단지내상가,매매,2/2,,"7억 8,000",62,62,동향,20250508,"['25년이상', '역세권', '고층', '총2층']",37.650068,127.062211
2524357146,단지내상가,매매,1/1,,"6억 5,000",43,35,남동향,20250508,"['10년이내', '1층', '주차가능', '남동향']",37.665173,127.074745
2524353039,일반상가,매매,3/6,,30억,245,245,동향,20250508,"['15년이내', '역세권', '중층', '주차가능']",37.656515,127.061926
2524370971,복합상가,월세,2/4,90,"1,000",75,75,북향,20250508,"['25년이상', '융자금없는', '역세권', '중층']",37.676425,127.054048
2524388274,일반상가,월세,1/4,600,"1억 1,000",145,145,남향,20250508,"['25년이상', '융자금없는', '역세권', '1층']",37.654526,127.058737
2524385972,복합상가,월세,B1/7,120,"2,000",141,119,북향,20250508,"['10년이내', '융자금적은', '역세권', '지하층']",37.67846,127.053066
2524380426,일반상가,월세,3/5,180,"3,000",224,224,북향,20250508,"['25년이상', '역세권', '중층', '주차가능']",37.674358,127.05874
2524352097,일반상가,월세,2/5,200,"6,000",161,161,남향,20250508,"['25년이상', '중층', '주차가능', '총5층']",37.66447,127.066992
2524355479,일반상가,월세,1/4,70,"2,000",30,30,남동향,20250508,"['25년이상', '융자금없는', '역세권', '1층']",37.667621,127.07959
2524353454,일반상가,월세,3/4,100,"2,000",87,87,남동향,20250508,"['25년이내', '융자금없는', '역세권', '고층']",37.667611,127.079593
2524381278,일반상가,월세,5/5,120,"1,000",145,123,동향,20250508,"['25년이상', '융자금없는', '역세권', '고층']",37.653292,127.05796
2524376778,일반상가,월세,1/4,70,"1,000",56,56,남향,20250508,"['25년이내', '역세권', '1층', '관리비10만원이하']",37.668588,127.081642
2524352312,일반상가,월세,3/4,220,"5,500",142,132,남동향,20250508,"['25년이상', '융자금없는', '역세권', '고층']",37.656912,127.062172
2524355129,일반상가,월세,1/1,300,"5,000",153,153,서향,20250508,"['15년이내', '1층', '주차가능', '서향']",37.671659,127.054213
2524354824,단지내상가,월세,1/1,90,"2,000",25,25,남동향,20250508,"['10년이내', '융자금없는', '1층', '관리비10만원이하']",37.665173,127.074745
2524367322,일반상가,월세,B1/7,800,1억,519,390,서향,20250508,"['10년이내', '융자금없는', '역세권', '지하층']",37.656667,127.066462
2524375288,일반상가,월세,3/6,70,"1,000",85,85,남향,20250508,"['25년이내', '역세권', '중층', '주차가능']",37.666968,127.078319
2524355188,일반상가,월세,1/5,135,"3,800",33,30,동향,20250508,"['25년이상', '융자금없는', '1층', '주차가능']",37.66447,127.066992
2524328643,일반상가,월세,2/10,250,"5,000",179,132,북향,20250508,"['25년이내', '융자금없는', '역세권', '지상층(1층제외)']",37.65644,127.064774
2524351329,일반상가,월세,1/5,135,"3,800",34,34,남향,20250508,"['25년이상', '1층', '주차가능', '총5층']",37.66447,127.066992
2524339235,일반상가,월세,2/4,230,"4,000",165,165,남서향,20250508,"['25년이상', '중층', '주차가능', '총4층']",37.67087,127.056688
2524352015,복합상가,월세,2/2,190,"3,000",185,185,서향,20250508,"['25년이상', '융자금없는', '역세권', '고층']",37.673015,127.055997
2524328632,일반상가,월세,6/7,300,"5,000",217,190,남향,20250508,"['25년이상', '융자금없는', '역세권', '고층']",37.65497,127.059564
2524346489,일반상가,월세,7/9,350,"7,000",270,192,동향,20250508,"['25년이상', '융자금없는', '역세권', '고층']",37.647978,127.062228
2524328661,일반상가,월세,1/10,250,"7,000",73,73,남향,20250508,"['25년이상', '융자금없는', '역세권', '1층']",37.656096,127.061058
2524340501,단지내상가,월세,1/15,40,"1,000",24,24,남동향,20250508,"['25년이내', '융자금없는', '역세권', '1층']",37.668555,127.078153
2524328380,일반상가,월세,1/1,45,"1,000",16,16,남동향,20250508,"['25년이상', '역세권', '1층', '주차가능']",37.664017,127.07446
2524328679,일반상가,월세,2/4,95,"1,500",93,93,남서향,20250508,"['25년이상', '융자금없는', '역세권', '중층']",37.66254,127.069694
2524328686,일반상가,월세,B1/6,500,1억,675,410,동향,20250508,"['25년이상', '역세권', '지하층', '주차가능']",37.650601,127.061229
2524332232,일반상가,월세,1/6,250,"4,000",61,35,동향,20250508,"['15년이내', '역세권', '1층', '주차가능']",37.656515,127.061926
2524318255,일반상가,월세,2/11,900,"1억 5,000",350,350,북향,20250508,"['25년이상', '융자금없는', '역세권', '지상층(1층제외)']",37.655239,127.059505
2524350249,일반상가,월세,5/5,80,"1,000",109,109,서향,20250508,"['25년이상', '융자금없는', '역세권', '고층']",37.658125,127.066013
2524328700,일반상가,월세,1/7,90,"1,000",33,22,동향,20250508,"['25년이상', '융자금없는', '역세권', '1층']",37.650757,127.061944
2524318411,일반상가,월세,B1/3,30,500,59,59,서향,20250508,"['25년이상', '융자금없는', '역세권', '지하층']",37.675697,127.052486
2524350866,일반상가,월세,3/4,50,200,18,18,남향,20250508,"['25년이상', '융자금없는', '역세권', '고층']",37.654724,127.058476
2524316679,일반상가,월세,1/2,120,"2,000",19,19,서향,20250508,"['25년이상', '역세권', '1층', '총2층']",37.659019,127.061514
2524340177,일반상가,월세,3/3,70,"1,000",48,48,남향,20250508,"['25년이내', '고층', '총3층', '남향']",37.674697,127.061167
2524308539,일반상가,월세,1/6,"1,630",5억,148,148,서향,20250508,"['25년이상', '역세권', '1층', '주차가능']",37.653752,127.061191
2524305481,일반상가,월세,B1/4,80,"2,000",127,127,북동향,20250508,"['25년이상', '융자금없는', '역세권', '지하층']",37.659461,127.071226
2524448203,복합상가,월세,B2/8,"1,700",2억,1910,1498,남향,20250508,"['25년이내', '역세권', '지하층', '주차가능']",37.655338,127.063772
2524443801,일반상가,월세,4/6,650,1억,226,184,서향,20250508,"['25년이상', '역세권', '중층', '주차가능']",37.653752,127.061191
2524440549,복합상가,월세,3/9,300,"4,000",110,110,남향,20250508,"['25년이상', '융자금없는', '역세권', '지상층(1층제외)']",37.655228,127.063571
2524442920,일반상가,월세,2/6,260,"3,000",69,69,남향,20250508,"['15년이내', '역세권', '지상층(1층제외)', '주차가능']",37.655603,127.065095
2524443971,일반상가,월세,1/2,"1,200",2억,66,66,남향,20250508,"['25년이상', '융자금없는', '역세권', '1층']",37.656482,127.062689
2524448804,복합상가,월세,2/8,"2,500",2억,1395,1395,남향,20250508,"['25년이내', '역세권', '지상층(1층제외)', '주차가능']",37.655338,127.063772
2524439906,일반상가,월세,1/4,325,"6,000",77,77,남향,20250508,"['15년이내', '융자금없는', '역세권', '1층']",37.656912,127.065155
2524441890,일반상가,월세,2/6,90,"1,000",55,39,북동향,20250508,"['25년이상', '역세권', '지상층(1층제외)', '관리비20만원이하']",37.667194,127.057541
2524438012,일반상가,월세,B1/7,528,1억,399,399,서향,20250508,"['25년이내', '융자금적은', '역세권', '지하층']",37.654878,127.061957
2524439066,일반상가,월세,3/5,70,"1,000",49,49,북향,20250508,"['25년이상', '역세권', '중층', '주차가능']",37.657082,127.067247
2524439303,일반상가,월세,2/7,100,"1,000",53,53,서향,20250508,"['25년이상', '융자금없는', '역세권', '지상층(1층제외)']",37.650757,127.061944
2524438542,일반상가,월세,1/5,170,"3,000",26,26,남향,20250508,"['25년이상', '역세권', '1층', '주차가능']",37.653357,127.059418
2524437349,일반상가,월세,2/5,750,"8,000",192,192,동향,20250508,"['25년이내', '역세권', '중층', '총5층']",37.655591,127.063993
2524430264,일반상가,월세,6/8,240,"3,300",145,132,동향,20250508,"['25년이상', '융자금없는', '역세권', '고층']",37.656192,127.061507
2524432493,일반상가,월세,1/4,160,"3,000",30,24,서향,20250508,"['25년이상', '역세권', '1층', '총4층']",37.657007,127.061888
2524428562,일반상가,월세,B1/4,70,"1,000",113,113,남동향,20250508,"['25년이상', '융자금없는', '지하층', '주차가능']",37.665226,127.069171
2524459177,일반상가,월세,3/3,70,"1,500",45,45,북향,20250508,"['25년이상', '역세권', '고층', '주차가능']",37.676368,127.056051
2524456306,일반상가,월세,2/6,"1,700","2억 1,000",282,140,남향,20250508,"['25년이상', '역세권', '지상층(1층제외)', '주차가능']",37.657133,127.062832
2524457204,일반상가,월세,6/6,100,"1,000",50,50,서향,20250508,"['25년이상', '융자금없는', '역세권', '고층']",37.650562,127.062
2524457039,일반상가,월세,4/4,90,"1,000",151,151,서향,20250508,"['25년이상', '고층', '주차가능', '총4층']",37.665781,127.069391
2524441499,일반상가,월세,1/2,680,"1억 2,000",47,47,남향,20250508,"['25년이상', '역세권', '1층', '주차가능']",37.656482,127.062689
2524441956,일반상가,월세,1/5,550,"5,000",37,37,남동향,20250508,"['25년이상', '역세권', '1층', '총5층']",37.655032,127.06265
2524452843,일반상가,월세,6/8,250,"3,000",101,101,서향,20250508,"['4년이내', '역세권', '고층', '서향']",37.656157,127.064325
2524453267,일반상가,월세,1/7,400,"5,000",46,36,서향,20250508,"['10년이내', '역세권', '1층', '주차가능']",37.655171,127.062369
2524440827,일반상가,매매,4/6,,42억,830,830,남향,20250508,"['25년이상', '역세권', '중층', '주차가능']",37.657133,127.062832
2524444920,일반상가,월세,1/2,155,"2,500",36,36,북서향,20250508,"['25년이상', '역세권', '1층', '총2층']",37.657447,127.062162
2524440404,일반상가,월세,1/2,680,"1억 2,000",34,34,서향,20250508,"['25년이상', '융자금없는', '역세권', '1층']",37.656482,127.062689
2524453802,일반상가,월세,3/8,850,"1억 2,000",330,330,북향,20250508,"['25년이상', '역세권', '중층', '주차가능']",37.655684,127.062341
2524442702,복합상가,월세,2/9,270,"5,000",132,132,북향,20250508,"['25년이내', '역세권', '지상층(1층제외)', '주차가능']",37.65644,127.064774
2524465307,일반상가,매매,1/5,,15억,38,33,동향,20250508,"['25년이상', '역세권', '1층', '주차가능']",37.656402,127.062232
2524559194,일반상가,월세,2/6,800,1억,210,210,남향,20250508,"['25년이상', '융자금없는', '역세권', '지상층(1층제외)']",37.651755,127.061675
2524464470,일반상가,월세,2/2,80,"1,000",72,62,서향,20250508,"['25년이상', '융자금없는', '역세권', '고층']",37.659503,127.070504
2524461203,일반상가,월세,1/3,50,500,23,23,북동향,20250508,"['25년이상', '1층', '총3층', '북동향']",37.660187,127.068079
2524461267,복합상가,월세,2/10,290,"5,000",113,113,남향,20250508,"['15년이내', '역세권', '지상층(1층제외)', '주차가능']",37.656462,127.066169
2524456768,복합상가,월세,1/4,85,"1,000",47,47,서향,20250508,"['25년이상', '1층', '총4층', '서향']",37.661083,127.066755
2524474896,일반상가,월세,1/6,530,"6,000",90,89,서향,20250508,"['25년이상', '역세권', '1층', '주차가능']",37.656089,127.065305
2524505266,일반상가,매매,3/6,,"3억 5,000",37,37,,20250508,"['25년이상', '역세권', '중층', '주차가능']",37.649246,127.062386
2524458142,일반상가,월세,1/10,410,1억,53,53,북향,20250508,"['25년이상', '역세권', '1층', '주차가능']",37.654445,127.062709
2524455494,일반상가,월세,4/10,310,"3,500",258,258,남서향,20250508,"['25년이상', '역세권', '중층', '주차가능']",37.656096,127.061058
2524456501,단지내상가,월세,1/15,100,"2,000",106,56,남서향,20250508,"['25년이내', '역세권', '1층', '관리비10만원이하']",37.668555,127.078153
2524484515,일반상가,월세,1/7,500,"1억 2,000",33,26,서향,20250508,"['25년이상', '융자금없는', '역세권', '1층']",37.656021,127.062775
2524463058,일반상가,월세,1/3,60,700,80,74,남향,20250508,"['25년이상', '역세권', '1층', '주차가능']",37.662992,127.071667
2524454402,일반상가,월세,6/7,825,"1억 4,300",227,227,서향,20250508,"['25년이내', '융자금적은', '역세권', '고층']",37.654878,127.061957
2524462046,일반상가,월세,1/4,160,"3,000",33,24,서향,20250508,"['25년이상', '역세권', '1층', '총4층']",37.657094,127.061736
2524558817,일반상가,월세,1/3,887,"1억 3,800",33,33,서향,20250508,"['25년이상', '역세권', '1층', '주차가능']",37.655664,127.06289
2524553340,일반상가,월세,B1/4,100,"2,000",184,175,남향,20250508,"['25년이상', '융자금없는', '지하층', '주차가능']",37.675196,127.051456
2524545383,일반상가,월세,1/3,900,1억,232,232,남향,20250508,"['25년이상', '역세권', '1층', '주차가능']",37.657528,127.066668
2524559800,복합상가,월세,1/6,480,"8,500",75,64,동향,20250508,"['25년이상', '테라스', '역세권', '1층']",37.654516,127.063019
2524522804,일반상가,월세,2/4,180,"5,000",105,105,북서향,20250508,"['25년이내', '역세권', '중층', '총4층']",37.675406,127.056099
2524546855,복합상가,월세,2/6,100,"1,000",53,53,서향,20250508,"['25년이상', '역세권', '지상층(1층제외)', '관리비20만원이하']",37.650757,127.061944
2524556427,복합상가,월세,1/5,500,"8,000",36,25,동향,20250508,"['25년이상', '역세권', '1층', '엘리베이터']",37.655032,127.06265
2524544967,일반상가,월세,1/6,"1,500",3억,184,184,서향,20250508,"['25년이상', '역세권', '1층', '주차가능']",37.650562,127.062
2524556590,단지내상가,월세,1/1,120,"2,000",49,49,남향,20250508,"['25년이상', '1층', '남향']",37.666085,127.068683
2524548688,일반상가,월세,2/8,600,1억,188,166,남향,20250508,"['25년이상', '역세권', '지상층(1층제외)', '주차가능']",37.65399,127.057778
2524558041,일반상가,월세,4/10,346,"5,000",165,165,남향,20250508,"['25년이상', '융자금없는', '역세권', '중층']",37.655119,127.063149
2524561574,일반상가,월세,3/5,190,"3,000",115,82,서향,20250508,"['25년이상', '융자금없는', '역세권', '중층']",37.656698,127.062625
2524557282,일반상가,월세,1/5,500,"7,000",34,34,동향,20250508,"['25년이상', '융자금없는', '역세권', '1층']",37.656402,127.062232
2524544322,복합상가,월세,1/6,480,"8,000",64,64,동향,20250508,"['25년이상', '역세권', '1층', '주차가능']",37.654516,127.063019
2524545780,일반상가,월세,3/6,200,"3,000",123,123,동향,20250508,"['25년이상', '역세권', '중층', '주차가능']",37.650562,127.062
2524561940,일반상가,월세,B1/6,"1,280","1억 6,000",548,525,서향,20250508,"['25년이상', '역세권', '지하층', '주차가능']",37.653752,127.061191
2524566476,일반상가,월세,1/3,"3,500",5억,620,496,남향,20250508,"['25년이상', '융자금없는', '역세권', '1층']",37.655941,127.066421
2524580219,일반상가,월세,1/3,50,500,33,33,동향,20250508,"['25년이상', '1층', '주차가능', '총3층']",37.660187,127.068079
2524566183,복합상가,매매,1/10,,"14억 5,000",120,105,서향,20250508,"['15년이내', '역세권', '1층', '주차가능']",37.656462,127.066169
2524567610,일반상가,월세,4/5,530,"7,000",413,413,남향,20250508,"['2년이내', '역세권', '고층', '주차가능']",37.655778,127.0631
2524574839,일반상가,월세,8/10,"1,339","1억 5,000",537,537,서향,20250508,"['25년이상', '융자금없는', '역세권', '고층']",37.654324,127.062179
2524578453,일반상가,월세,1/4,100,"2,000",29,29,북향,20250508,"['4년이내', '1층', '관리비10만원이하', '주차가능']",37.661323,127.066387
2524565307,일반상가,월세,2/3,"2,100",3억,640,640,남향,20250508,"['25년이상', '융자금없는', '역세권', '중층']",37.655941,127.066421
2524582197,일반상가,월세,2/3,100,"2,000",98,33,남향,20250508,"['15년이내', '역세권', '중층', '총3층']",37.657633,127.06399
2524564819,일반상가,월세,1/13,175,"2,828",70,39,남향,20250508,"['15년이내', '테라스', '역세권', '1층']",37.654455,127.063708
2524566891,일반상가,월세,1/5,350,1억,55,42,서향,20250508,"['25년이상', '융자금없는', '역세권', '1층']",37.656698,127.062625
2524557690,일반상가,월세,8/9,500,1억,245,245,동향,20250508,"['25년이상', '역세권', '고층', '주차가능']",37.648148,127.062144
2524547441,복합상가,월세,2/15,130,"1,000",48,48,서향,20250508,"['25년이상', '역세권', '지상층(1층제외)', '주차가능']",37.652549,127.061555
2524559475,일반상가,매매,1/7,,"8억 2,000",32,29,북서향,20250508,"['25년이상', '역세권', '1층', '주차가능']",37.657133,127.062832
2524556018,일반상가,월세,1/6,"1,500",3억,293,184,서향,20250508,"['25년이상', '역세권', '1층', '주차가능']",37.650562,127.062
2524583005,단지내상가,월세,1/15,130,"1,000",25,22,남동향,20250508,"['25년이상', '역세권', '1층', '주차가능']",37.66149,127.072824
2524582619,일반상가,월세,1/8,100,"1,000",35,23,북향,20250508,"['25년이상', '역세권', '1층', '관리비10만원이하']",37.656052,127.06084
2524595344,단지내상가,월세,2/2,130,"1,000",48,48,서향,20250508,"['25년이상', '역세권', '고층', '주차가능']",37.652549,127.061555
2524577365,단지내상가,매매,1/15,,"1억 5,900",25,19,남동향,20250508,"['25년이상', '역세권', '1층', '주차가능']",37.66149,127.072824
2524579403,일반상가,월세,1/2,60,"1,000",30,30,남향,20250508,"['25년이상', '1층', '주차가능', '총2층']",37.660767,127.067742
2524568459,일반상가,월세,1/3,175,"2,500",28,28,북향,20250508,"['25년이상', '역세권', '1층', '총3층']",37.65645,127.064618
2524562707,단지내상가,월세,1/13,534,"5,000",100,99,서향,20250508,"['15년이내', '역세권', '1층', '주차가능']",37.654455,127.063708
2524562429,일반상가,월세,2/7,460,"5,500",217,217,남향,20250508,"['25년이상', '역세권', '지상층(1층제외)', '주차가능']",37.65497,127.059564
2524580216,복합상가,매매,1/5,,"4억 8,000",80,64,북향,20250508,"['25년이내', '1층', '총5층', '북향']",37.673697,127.053209
2524567068,단지내상가,매매,1/2,,"1억 5,900",19,19,남동향,20250508,"['25년이상', '역세권', '1층', '주차가능']",37.66149,127.072824
2524414339,일반상가,월세,7/7,180,"5,000",146,146,서향,20250508,"['25년이내', '역세권', '고층', '주차가능']",37.663429,127.076252
2524422048,단지내상가,월세,1/2,300,"5,000",30,25,동향,20250508,"['25년이상', '역세권', '1층', '주차가능']",37.665863,127.057049
2524426378,일반상가,월세,1/1,200,"5,000",53,53,북향,20250508,"['25년이상', '역세권', '1층', '북향']",37.675031,127.057182
2524406470,일반상가,월세,2/8,340,"4,000",165,132,남동향,20250508,"['25년이상', '역세권', '지상층(1층제외)', '주차가능']",37.656192,127.061507
2524405889,일반상가,월세,1/2,180,"3,500",50,50,남향,20250508,"['25년이상', '역세권', '1층', '총2층']",37.658428,127.069448
2524403444,일반상가,월세,1/6,240,"4,000",71,58,동향,20250508,"['25년이상', '융자금없는', '역세권', '1층']",37.651989,127.06161
2524411580,복합상가,월세,1/10,400,"5,000",62,62,서향,20250508,"['15년이내', '역세권', '1층', '주차가능']",37.656462,127.066169
2524398131,일반상가,월세,1/4,200,"5,000",82,82,서향,20250508,"['25년이상', '1층', '총4층', '서향']",37.663481,127.066251
2524425498,일반상가,월세,7/7,180,"5,000",148,148,서향,20250508,"['25년이상', '역세권', '고층', '주차가능']",37.663637,127.076406
2524426081,일반상가,월세,1/4,160,"2,000",49,49,남동향,20250508,"['25년이상', '1층', '총4층', '남동향']",37.659731,127.068096
2524407365,일반상가,월세,5/6,150,"2,000",167,105,동향,20250508,"['25년이상', '역세권', '고층', '주차가능']",37.666387,127.056992
2524406699,복합상가,월세,1/10,200,"3,000",30,30,서향,20250508,"['15년이내', '역세권', '1층', '주차가능']",37.656462,127.066169
2524397432,일반상가,월세,3/5,250,"4,000",176,176,서향,20250508,"['25년이내', '역세권', '중층', '주차가능']",37.673967,127.055858
2524404311,일반상가,월세,1/4,70,"2,000",40,40,북서향,20250508,"['25년이내', '1층', '주차가능', '총4층']",37.654065,127.069972
2524406160,일반상가,월세,2/4,600,1억,126,126,남향,20250508,"['25년이상', '역세권', '중층', '주차가능']",37.656014,127.063128
2524378166,일반상가,월세,1/4,120,"1,000",53,53,남서향,20250508,"['25년이내', '1층', '주차가능', '총4층']",37.657286,127.070495
2524389968,일반상가,월세,1/8,230,"3,000",16,16,서향,20250508,"['4년이내', '역세권', '1층', '주차가능']",37.656157,127.064325
2524382813,일반상가,월세,3/4,170,"3,000",140,134,동향,20250508,"['25년이상', '역세권', '고층', '주차가능']",37.67269,127.055203
2524364816,일반상가,월세,6/7,825,"1억 4,300",289,227,남향,20250508,"['25년이내', '역세권', '고층', '남향']",37.654878,127.061957
2524356028,일반상가,월세,1/5,80,"1,000",22,19,동향,20250508,"['25년이상', '역세권', '1층', '총5층']",37.659044,127.062474
2524614340,복합상가,월세,5/6,105,"2,000",132,115,남서향,20250508,"['25년이상', '융자금없는', '고층', '주차가능']",37.672577,127.056919
2524375033,일반상가,월세,2/2,200,"3,000",157,157,서향,20250508,"['25년이상', '융자금없는', '역세권', '고층']",37.673015,127.055997
2524372908,복합상가,월세,3/5,190,"3,000",82,82,남향,20250508,"['25년이상', '역세권', '중층', '주차가능']",37.656698,127.062625
2524386805,일반상가,월세,2/5,250,"5,000",179,179,남향,20250508,"['25년이상', '역세권', '중층', '관리비10만원이하']",37.674328,127.053049
2524383905,단지내상가,월세,1/15,90,"2,000",60,60,북서향,20250508,"['25년이내', '역세권', '1층', '관리비10만원이하']",37.668555,127.078153
2524358494,일반상가,월세,1/2,600,1억,33,33,남향,20250508,"['25년이상', '역세권', '1층', '총2층']",37.656482,127.062689
2524381725,일반상가,월세,1/4,177,"4,000",29,29,북동향,20250508,"['25년이상', '역세권', '1층', '총4층']",37.654199,127.063175
2524394427,일반상가,월세,1/4,190,"4,000",29,29,서향,20250508,"['25년이상', '역세권', '1층', '총4층']",37.657008,127.062543
2524377893,일반상가,월세,3/5,350,"5,000",220,220,남서향,20250508,"['25년이내', '역세권', '중층', '관리비20만원이하']",37.678161,127.056075
2524379408,단지내상가,월세,1/2,210,"2,000",35,35,남동향,20250508,"['25년이상', '역세권', '1층', '총2층']",37.649909,127.061318
2524391500,일반상가,월세,1/3,500,1억,172,172,북향,20250508,"['25년이상', '역세권', '1층', '주차가능']",37.656766,127.066325
2524357830,일반상가,월세,1/6,280,"5,000",33,33,동향,20250508,"['25년이상', '역세권', '1층', '주차가능']",37.654516,127.063019
2524380615,일반상가,월세,1/5,192,"6,000",80,80,남향,20250508,"['25년이상', '1층', '주차가능', '천장에어컨']",37.673611,127.052372
2524371292,일반상가,월세,3/5,500,"7,000",358,358,남향,20250508,"['25년이상', '역세권', '중층', '관리비20만원이하']",37.674328,127.053049
2524357060,일반상가,월세,1/4,115,"4,000",29,29,서향,20250508,"['25년이상', '1층', '총4층', '서향']",37.663587,127.066267
2524352331,일반상가,매매,1/4,,15억,33,33,동향,20250508,"['25년이상', '역세권', '1층', '주차가능']",37.656402,127.062232
2524506278,복합상가,매매,3/10,,"5억 5,000",187,105,서향,20250508,"['25년이내', '역세권', '지상층(1층제외)', '주차가능']",37.658341,127.061643
2524346916,단지내상가,월세,2/6,330,"5,000",176,176,서향,20250508,"['25년이내', '역세권', '지상층(1층제외)', '주차가능']",37.673967,127.055858
2524353335,일반상가,월세,3/3,150,"2,000",81,81,남향,20250508,"['25년이내', '역세권', '고층', '주차가능']",37.657633,127.06399
2524349678,일반상가,월세,B1/8,100,"1,200",97,78,남향,20250508,"['25년이상', '역세권', '지하층', '주차가능']",37.656052,127.06084
2524322235,일반상가,월세,6/6,100,"1,000",48,48,서향,20250508,"['25년이상', '융자금없는', '역세권', '고층']",37.650562,127.062
2524322286,일반상가,월세,1/6,240,"4,000",65,58,서향,20250508,"['25년이상', '융자금없는', '역세권', '1층']",37.651989,127.06161
2524351354,일반상가,월세,13/13,555,"5,550",305,172,남향,20250508,"['15년이내', '융자금없는', '역세권', '고층']",37.654455,127.063708
2524350279,일반상가,월세,5/5,200,"3,000",196,196,남향,20250508,"['25년이상', '역세권', '고층', '주차가능']",37.653233,127.058855
2524354085,일반상가,월세,1/1,300,"4,000",27,27,남향,20250508,"['25년이상', '역세권', '1층', '남향']",37.656633,127.06395
2524343944,복합상가,매매,1/2,,"3억 5,000",24,24,서향,20250508,"['25년이내', '역세권', '1층', '총2층']",37.659338,127.062037
2524344910,일반상가,월세,2/9,500,"6,000",333,188,남향,20250508,"['10년이내', '융자금없는', '역세권', '지상층(1층제외)']",37.676569,127.055668
2524328485,일반상가,월세,B1/3,40,"1,000",101,101,남서향,20250508,"['25년이상', '융자금없는', '역세권', '지하층']",37.663507,127.073218
2524339577,일반상가,월세,2/6,90,"1,000",39,39,북동향,20250508,"['25년이상', '역세권', '지상층(1층제외)', '주차가능']",37.667194,127.057541
2524321840,일반상가,월세,2/6,260,"3,000",90,73,남향,20250508,"['15년이내', '융자금없는', '역세권', '지상층(1층제외)']",37.655517,127.065115
2524328372,일반상가,월세,1/1,65,"1,000",24,24,북동향,20250508,"['25년이상', '1층', '북동향']",37.664584,127.073874
2524322160,일반상가,월세,1/6,"1,500",3억,197,184,서향,20250508,"['25년이상', '융자금없는', '역세권', '1층']",37.650562,127.062
2524344104,일반상가,월세,1/7,630,"1억 5,000",158,158,서향,20250508,"['25년이내', '융자금없는', '역세권', '1층']",37.677975,127.055739
2524343422,일반상가,월세,1/4,140,"3,000",20,20,서향,20250508,"['25년이상', '융자금없는', '역세권', '1층']",37.657094,127.061736
2524318395,일반상가,월세,B1/4,250,"3,000",338,211,남향,20250508,"['25년이상', '융자금없는', '지하층', '관리비10만원이하']",37.663221,127.077161
2524317414,일반상가,월세,1/5,170,"3,000",58,36,남향,20250508,"['25년이내', '역세권', '1층', '관리비10만원이하']",37.657998,127.062399
2524300499,단지내상가,월세,1/2,60,"1,000",21,21,북향,20250508,"['25년이상', '1층', '주차가능', '총2층']",37.64676,127.059554
2524224881,일반상가,월세,4/7,180,"5,000",146,146,북향,20250508,"['25년이내', '융자금없는', '역세권', '중층']",37.663429,127.076252
2524458804,일반상가,월세,1/3,80,"1,000",26,26,남서향,20250508,"['25년이상', '역세권', '1층', '주차가능']",37.658016,127.066375
2524577559,일반상가,월세,1/4,100,"2,000",30,30,서향,20250508,"['25년이상', '융자금없는', '1층', '총4층']",37.663695,127.066283
2524439612,일반상가,월세,3/8,200,"4,000",290,290,북서향,20250508,"['15년이내', '중층', '관리비20만원이하', '주차가능']",37.68694,127.05286
2524448335,일반상가,월세,2/8,600,1억,244,173,서향,20250508,"['25년이상', '역세권', '지상층(1층제외)', '주차가능']",37.65399,127.057778
2524612311,단지내상가,월세,2/15,50,500,46,23,동향,20250508,"['25년이상', '융자금없는', '역세권', '지상층(1층제외)']",37.66149,127.072824
2524565389,일반상가,월세,2/7,650,"6,000",249,249,남향,20250508,"['25년이상', '융자금없는', '역세권', '지상층(1층제외)']",37.654916,127.059324
2524408990,복합상가,월세,1/6,190,"3,500",51,45,남향,20250508,"['25년이내', '융자금없는', '역세권', '1층']",37.657998,127.062399
2524439006,일반상가,매매,2/15,,"3억 5,000",75,59,동향,20250508,"['25년이내', '역세권', '지상층(1층제외)', '주차가능']",37.68027,127.054905
2524431175,복합상가,월세,1/7,700,1억,334,274,남향,20250508,"['25년이내', '융자금적은', '역세권', '1층']",37.657154,127.063264
2524427675,단지내상가,월세,1/4,80,"1,500",34,30,서향,20250508,"['25년이상', '융자금없는', '역세권', '1층']",37.662435,127.069811
2524433295,일반상가,월세,1/4,130,"5,000",92,92,서향,20250508,"['25년이상', '1층', '총4층', '서향']",37.664959,127.069051
2524427668,일반상가,월세,B1/4,50,"1,000",113,113,북서향,20250508,"['25년이상', '역세권', '지하층', '주차가능']",37.661336,127.071665
2524434487,일반상가,월세,1/4,65,"1,000",28,28,서향,20250508,"['25년이상', '1층', '주차가능', '천장에어컨']",37.665781,127.069391
2524433528,일반상가,월세,4/7,180,"5,000",192,146,서향,20250508,"['25년이내', '역세권', '중층', '주차가능']",37.663429,127.076252
2524429343,일반상가,월세,4/7,275,"4,000",132,132,서향,20250508,"['25년이상', '역세권', '중층', '주차가능']",37.656192,127.061507
2524427256,일반상가,월세,1/4,85,"2,000",93,93,남서향,20250508,"['25년이상', '융자금없는', '1층', '총4층']",37.665648,127.069342
2524427538,일반상가,월세,B1/8,45,"1,000",50,40,남향,20250508,"['25년이상', '역세권', '지하층', '주차가능']",37.656052,127.06084
2524405075,일반상가,월세,B1/4,90,"1,000",155,93,동향,20250508,"['25년이상', '융자금없는', '역세권', '지하층']",37.657809,127.067631
2524420325,일반상가,월세,2/3,220,"3,000",104,104,남서향,20250508,"['25년이내', '융자금없는', '역세권', '중층']",37.678588,127.05471
2524427230,일반상가,월세,7/7,290,"4,000",178,132,북향,20250508,"['25년이상', '역세권', '고층', '주차가능']",37.654229,127.061755
2524568149,일반상가,월세,2/5,"1,000",1억,500,400,남향,20250508,"['25년이상', '역세권', '중층', '주차가능']",37.656657,127.063587
2524577132,일반상가,월세,3/4,90,"1,000",90,90,서향,20250508,"['25년이상', '융자금없는', '고층', '주차가능']",37.6638,127.066301
2524576121,일반상가,월세,1/5,135,"3,800",33,33,동향,20250508,"['25년이상', '융자금없는', '1층', '주차가능']",37.66447,127.066992
2524541973,복합상가,월세,1/4,250,"4,000",19,19,서향,20250508,"['25년이상', '융자금없는', '역세권', '1층']",37.6564,127.061795
2524565028,일반상가,월세,5/5,700,"1억 2,000",120,120,남향,20250508,"['2년이내', '역세권', '고층', '주차가능']",37.656503,127.063023
2524561688,일반상가,월세,B1/6,500,"7,000",317,317,남향,20250508,"['25년이내', '융자금없는', '역세권', '지하층']",37.655694,127.065418
2524539003,일반상가,월세,B1/5,600,1억,171,143,남향,20250508,"['2년이내', '융자금없는', '역세권', '지하층']",37.656503,127.063023
2524548747,일반상가,월세,B1/4,580,1억,376,376,북향,20250508,"['25년이상', '역세권', '지하층', '주차가능']",37.654199,127.063175
2524546342,복합상가,매매,2/8,,"2,500",5,5,남향,20250508,"['25년이내', '역세권', '지상층(1층제외)', '관리비10만원이하']",37.655361,127.064145
2524506336,단지내상가,매매,2/2,,6억,42,42,남서향,20250508,"['25년이상', '역세권', '고층', '총2층']",37.664194,127.054669
2524559577,일반상가,월세,2/4,90,"2,000",35,33,남향,20250508,"['25년이상', '중층', '총4층', '남향']",37.652144,127.065492
2524542960,일반상가,월세,2/4,450,"8,500",298,298,남향,20250508,"['25년이상', '융자금없는', '역세권', '중층']",37.661592,127.057101
2524580696,일반상가,월세,3/4,80,"1,500",103,99,서향,20250508,"['25년이상', '고층', '관리비10만원이하', '주차가능']",37.665824,127.06663
2524576775,일반상가,월세,1/4,120,"2,000",52,52,서향,20250508,"['25년이상', '융자금없는', '1층', '주차가능']",37.662474,127.066088
2524383045,일반상가,월세,B1/6,900,"1억 5,000",326,326,남동향,20250508,"['15년이내', '역세권', '지하층', '남동향']",37.656515,127.061926
2524211173,단지내상가,월세,2/4,30,500,24,24,동향,20250507,"['25년이상', '융자금없는', '역세권', '중층']",37.667844,127.081631
2524249420,단지내상가,월세,2/2,45,"1,000",36,30,동향,20250507,"['25년이내', '고층', '관리비10만원이하', '주차가능']",37.68606,127.05357
2524210756,단지내상가,매매,1/4,,"6,000",10,10,남향,20250507,"['25년이상', '역세권', '1층', '관리비10만원이하']",37.667844,127.081631
2524003543,단지내상가,매매,3/3,,"9억 8,000",384,336,서향,20250507,"['25년이내', '역세권', '고층', '총3층']",37.681614,127.056597
2523980590,복합상가,월세,1/5,220,"3,000",30,30,서향,20250507,"['25년이내', '융자금없는', '역세권', '1층']",37.657007,127.061888
2524009558,일반상가,월세,1/4,40,500,28,28,남동향,20250507,"['25년이상', '융자금없는', '역세권', '1층']",37.664198,127.07306
2524052103,일반상가,월세,1/8,680,"1억 5,000",42,42,동향,20250507,"['25년이상', '역세권', '1층', '주차가능']",37.655684,127.062341
2523982278,일반상가,월세,1/1,100,"2,000",20,20,동향,20250507,"['25년이상', '융자금없는', '역세권', '1층']",37.675235,127.056495
2524034708,일반상가,월세,1/7,100,"1,000",25,25,북향,20250507,"['25년이상', '역세권', '1층', '주차가능']",37.656052,127.06084
2524024154,일반상가,월세,2/3,800,1억,231,231,남향,20250507,"['25년이상', '역세권', '중층', '주차가능']",37.657528,127.066668
2523982507,복합상가,월세,2/7,"1,724","2억 1,000",936,465,남향,20250507,"['25년이상', '융자금없는', '역세권', '지상층(1층제외)']",37.657133,127.062832
2524059211,일반상가,월세,1/3,50,"1,000",42,42,북향,20250507,"['25년이상', '1층', '총3층', '북향']",37.665104,127.071611
2524063712,일반상가,월세,1/3,800,1억,231,231,남향,20250507,"['25년이상', '역세권', '1층', '주차가능']",37.657528,127.066668
2523982534,일반상가,월세,2/3,"1,350","1억 6,000",604,604,남서향,20250507,"['25년이상', '융자금적은', '역세권', '중층']",37.657528,127.066668
2524011564,일반상가,월세,1/2,50,500,33,33,남향,20250507,"['25년이상', '1층', '총2층', '남향']",37.665374,127.070298
2524103065,일반상가,월세,3/4,200,"3,500",129,129,남향,20250507,"['25년이상', '융자금없는', '역세권', '고층']",37.654793,127.058779
2524198414,단지내상가,월세,B1/3,100,"1,000",117,117,동향,20250507,"['25년이상', '지하층', '총3층', '동향']",37.672249,127.051718
2524125256,일반상가,월세,1/4,157,"4,000",33,33,,20250507,"['25년이상', '역세권', '1층', '총4층']",37.653993,127.062266
2524052013,일반상가,월세,B1/4,300,"6,000",198,198,남향,20250507,"['25년이상', '역세권', '지하층', '주차가능']",37.656912,127.062172
2524049842,일반상가,월세,1/5,55,"1,000",33,26,북향,20250507,"['25년이상', '융자금없는', '1층', '총5층']",37.65665,127.069554
2524052062,일반상가,월세,4/7,280,"5,000",185,185,동향,20250507,"['25년이상', '역세권', '중층', '주차가능']",37.657208,127.06235
2524075332,일반상가,월세,1/2,400,"5,000",103,83,서향,20250507,"['25년이상', '역세권', '1층', '주차가능']",37.656865,127.067127
2524049902,일반상가,월세,2/7,335,"3,000",230,215,동향,20250507,"['25년이상', '융자금없는', '역세권', '지상층(1층제외)']",37.657838,127.064627
2524053770,일반상가,월세,2/5,140,"1,000",104,104,남향,20250507,"['25년이상', '역세권', '중층', '주차가능']",37.658562,127.070043
2524098746,일반상가,매매,4/6,,28억,205,205,북향,20250507,"['25년이상', '역세권', '중층', '주차가능']",37.652944,127.060537
2524089743,일반상가,월세,2/5,420,1억,234,198,남향,20250507,"['25년이상', '역세권', '중층', '주차가능']",37.657208,127.06235
2524077802,일반상가,월세,1/4,230,"5,000",26,26,동향,20250507,"['25년이상', '역세권', '1층', '주차가능']",37.656912,127.062172
2524054279,단지내상가,월세,1/15,90,"2,000",82,82,남동향,20250507,"['25년이내', '융자금없는', '역세권', '1층']",37.668555,127.078153
2524114481,일반상가,월세,1/7,480,"7,000",30,30,북향,20250507,"['25년이내', '역세권', '1층', '관리비10만원이하']",37.654878,127.061957
2524080314,일반상가,월세,4/8,700,1억,416,323,남향,20250507,"['25년이내', '역세권', '중층', '주차가능']",37.657582,127.061841
2524093657,일반상가,월세,1/5,350,1억,65,42,서향,20250507,"['25년이상', '융자금없는', '역세권', '1층']",37.656698,127.062625
2524087045,일반상가,월세,2/2,145,"2,500",76,76,남향,20250507,"['25년이상', '역세권', '고층', '총2층']",37.657447,127.062162
2524085897,일반상가,월세,B1/4,250,"3,500",147,147,남향,20250507,"['25년이상', '역세권', '지하층', '주차가능']",37.654688,127.058316
2524080660,일반상가,월세,2/4,800,"6,000",357,302,남향,20250507,"['25년이상', '역세권', '중층', '주차가능']",37.655985,127.064898
2524095386,일반상가,월세,1/8,590,"1억 1,000",109,109,남향,20250507,"['25년이상', '융자금없는', '역세권', '1층']",37.655743,127.065911
2524088312,일반상가,월세,1/7,"3,200","2억 5,000",277,277,남동향,20250507,"['10년이내', '역세권', '1층', '주차가능']",37.655171,127.062369
2524088885,일반상가,월세,1/4,190,"4,000",28,25,동향,20250507,"['25년이상', '역세권', '1층', '총4층']",37.657008,127.062543
2524083148,일반상가,월세,3/6,200,"3,000",214,132,동향,20250507,"['25년이상', '역세권', '중층', '주차가능']",37.650562,127.062
2524086355,일반상가,월세,1/5,165,"2,000",81,72,북서향,20250507,"['25년이상', '테라스', '역세권', '1층']",37.658767,127.062103
2524087793,일반상가,월세,2/10,290,"3,000",62,62,남향,20250507,"['25년이상', '역세권', '지상층(1층제외)', '주차가능']",37.655228,127.063571
2524085323,일반상가,월세,2/4,200,"3,000",100,99,북서향,20250507,"['25년이상', '역세권', '중층', '주차가능']",37.657875,127.062738
2524142927,단지내상가,월세,1/2,80,"1,000",27,27,북향,20250507,"['25년이상', '융자금없는', '1층', '주차가능']",37.654268,127.067003
2524106579,단지내상가,월세,2/3,70,"1,000",30,30,서향,20250507,"['25년이내', '역세권', '중층', '총3층']",37.657633,127.06399
2524117985,일반상가,월세,6/6,100,"1,000",39,39,서향,20250507,"['25년이상', '역세권', '고층', '관리비20만원이하']",37.650562,127.062
2524144006,단지내상가,월세,1/12,110,"1,000",34,34,동향,20250507,"['25년이상', '1층', '관리비10만원이하', '주차가능']",37.671184,127.057247
2524096554,일반상가,월세,2/6,"1,724","2억 1,000",933,465,남향,20250507,"['25년이상', '융자금없는', '역세권', '지상층(1층제외)']",37.657133,127.062832
2524102127,일반상가,월세,1/4,500,"7,000",34,34,동향,20250507,"['25년이상', '융자금없는', '역세권', '1층']",37.656402,127.062232
2524095704,일반상가,월세,2/3,200,"2,000",117,117,북향,20250507,"['25년이상', '역세권', '중층', '관리비20만원이하']",37.656023,127.064762
2524095787,단지내상가,매매,1/2,,"5억 5,000",37,27,동향,20250507,"['25년이상', '1층', '관리비10만원이하', '주차가능']",37.654268,127.067003
2524100598,일반상가,월세,2/4,90,"2,000",87,87,북서향,20250507,"['25년이상', '융자금없는', '역세권', '중층']",37.658713,127.065434
2524102637,일반상가,월세,1/2,200,"2,000",73,59,동향,20250507,"['25년이상', '융자금없는', '역세권', '1층']",37.657227,127.065806
2524117861,일반상가,월세,2/7,440,"1억 3,000",128,128,남향,20250507,"['25년이내', '역세권', '지상층(1층제외)', '주차가능']",37.654878,127.061957
2524110700,일반상가,월세,3/5,"1,202","1억 5,000",514,514,,20250507,"['15년이내', '역세권', '중층', '주차가능']",37.655776,127.063422
2524133074,일반상가,월세,1/9,"2,200",5억,152,152,서향,20250507,"['25년이상', '역세권', '1층', '주차가능']",37.653245,127.061336
2524121163,일반상가,월세,4/14,"2,000",2억,427,427,,20250507,"['25년이내', '역세권', '지상층(1층제외)', '주차가능']",37.654269,127.059026
2523954343,일반상가,월세,1/8,42,500,8,8,동향,20250507,"['25년이상', '역세권', '1층', '주차가능']",37.648486,127.061975
2523975291,일반상가,월세,8/9,500,1억,370,245,동향,20250507,"['25년이상', '융자금없는', '역세권', '고층']",37.648148,127.062144
2523962019,단지내상가,월세,1/2,90,"1,500",22,22,남동향,20250507,"['25년이상', '역세권', '1층', '관리비10만원이하']",37.66149,127.072824
2523980192,복합상가,월세,2/5,250,"4,000",363,85,서향,20250507,"['25년이내', '융자금없는', '역세권', '중층']",37.657007,127.061888
2523966489,일반상가,월세,2/6,260,"3,000",72,72,남향,20250507,"['15년이내', '역세권', '지상층(1층제외)', '주차가능']",37.655517,127.065115
2523948812,일반상가,월세,1/4,90,"1,500",23,23,남향,20250507,"['25년이상', '1층', '총4층', '남향']",37.665421,127.067436
2523959131,단지내상가,월세,1/3,60,"1,000",31,31,북향,20250507,"['25년이상', '1층', '총3층', '북향']",37.660767,127.067742
2523934254,복합상가,월세,1/4,172,"1,200",72,42,동향,20250507,"['25년이상', '융자금없는', '역세권', '1층']",37.657362,127.061923
2523958209,일반상가,월세,B1/5,140,"2,000",165,165,동향,20250507,"['25년이상', '지하층', '총5층', '동향']",37.66447,127.066992
2523979175,복합상가,월세,1/5,165,"3,000",36,36,남향,20250507,"['25년이내', '융자금없는', '역세권', '1층']",37.658026,127.062127
2524146971,일반상가,월세,1/4,130,"2,000",28,16,서향,20250507,"['25년이상', '역세권', '1층', '관리비20만원이하']",37.654199,127.063175
2524202797,복합상가,월세,1/3,400,"6,000",56,56,남향,20250507,"['25년이내', '융자금없는', '역세권', '1층']",37.657633,127.06399
2524228348,일반상가,월세,B1/5,480,"5,000",396,396,서향,20250507,"['25년이내', '역세권', '지하층', '주차가능']",37.65918,127.070749
2524119744,일반상가,월세,1/4,300,1억,36,33,남향,20250507,"['25년이상', '융자금없는', '역세권', '1층']",37.656232,127.061908
2524225881,일반상가,월세,6/7,330,1억,304,304,남서향,20250507,"['25년이상', '융자금없는', '역세권', '고층']",37.663868,127.076584
2524191954,일반상가,매매,1/10,,12억,39,39,,20250507,"['25년이상', '역세권', '1층', '주차가능']",37.679128,127.054906
2524150492,일반상가,월세,1/3,300,"3,000",69,69,북향,20250507,"['25년이상', '역세권', '1층', '주차가능']",37.653141,127.058439
2524221230,일반상가,월세,2/6,300,"4,000",265,265,북향,20250507,"['25년이상', '역세권', '지상층(1층제외)', '북향']",37.653187,127.058647
2524234563,단지내상가,월세,1/1,130,"3,000",32,32,남동향,20250507,"['2년이내', '1층', '관리비10만원이하', '주차가능']",37.664948,127.077422
2524215026,일반상가,월세,2/6,470,"3,000",146,109,서향,20250507,"['25년이상', '역세권', '지상층(1층제외)', '주차가능']",37.653061,127.061391
2524187509,일반상가,월세,1/7,"3,200","2억 5,000",390,276,남향,20250507,"['25년이내', '융자금없는', '역세권', '1층']",37.655231,127.062508
2524246563,일반상가,월세,B1/9,550,"8,000",466,389,동향,20250507,"['25년이상', '역세권', '지하층', '주차가능']",37.647978,127.062228
2524147745,일반상가,월세,1/3,160,"2,500",33,33,남향,20250507,"['25년이상', '역세권', '1층', '주차가능']",37.653141,127.058439
2524234972,일반상가,월세,2/3,70,"1,000",55,55,서향,20250507,"['25년이상', '융자금없는', '역세권', '중층']",37.658016,127.068847
2524221286,일반상가,월세,B1/9,800,1억,456,323,서향,20250507,"['25년이상', '역세권', '지하층', '주차가능']",37.653245,127.061336
2524240643,일반상가,월세,2/4,70,"1,000",84,84,서향,20250507,"['25년이내', '역세권', '중층', '총4층']",37.668353,127.079827
2524153148,복합상가,월세,4/4,180,"3,000",99,76,서향,20250507,"['25년이상', '역세권', '고층', '주차가능']",37.657008,127.062543
2523981925,일반상가,월세,2/5,160,"2,000",110,110,북향,20250507,"['25년이내', '역세권', '중층', '주차가능']",37.675403,127.056353
2523973889,단지내상가,월세,1/15,100,"2,000",30,22,동향,20250507,"['25년이상', '역세권', '1층', '주차가능']",37.66149,127.072824
2523973321,일반상가,월세,B1/4,50,"1,000",126,120,북서향,20250507,"['25년이상', '지하층', '주차가능', '총4층']",37.660019,127.06742
2524246883,일반상가,월세,1/2,60,"1,000",23,23,남향,20250507,"['25년이상', '1층', '총2층', '남향']",37.660767,127.067742
2524258182,일반상가,월세,1/3,900,1억,271,231,남향,20250507,"['25년이상', '역세권', '1층', '주차가능']",37.657528,127.066668
2524256828,일반상가,월세,B1/4,529,"6,000",181,165,북향,20250507,"['25년이상', '역세권', '지하층', '총4층']",37.655399,127.063109
2524261523,복합상가,월세,1/6,240,"4,000",78,58,서향,20250507,"['25년이상', '테라스', '역세권', '1층']",37.651989,127.06161
2524247307,일반상가,월세,4/7,"1,785","2억 6,250",1084,830,남동향,20250507,"['25년이상', '역세권', '중층', '주차가능']",37.657133,127.062832
2524266448,일반상가,월세,1/9,720,"1억 5,200",74,42,동향,20250507,"['25년이상', '역세권', '1층', '주차가능']",37.655684,127.062341
2524247208,일반상가,월세,1/4,50,"1,000",20,20,남향,20250507,"['25년이내', '1층', '주차가능', '총4층']",37.66066,127.066317
2524265180,일반상가,월세,4/6,200,"2,000",127,96,동향,20250507,"['25년이상', '융자금없는', '역세권', '중층']",37.652944,127.060537
2524267141,복합상가,월세,5/6,210,"4,000",190,121,서향,20250507,"['25년이상', '역세권', '고층', '주차가능']",37.64956,127.062257
2524237673,일반상가,월세,1/3,160,"2,500",48,48,남향,20250507,"['10년이내', '융자금없는', '역세권', '1층']",37.674649,127.05928
2524180006,일반상가,월세,B1/4,270,"4,000",145,145,남향,20250507,"['25년이상', '역세권', '지하층', '주차가능']",37.654526,127.058737
2524153116,일반상가,월세,1/1,145,"3,000",18,18,동향,20250507,"['25년이내', '역세권', '1층', '동향']",37.65856,127.061593
2524153721,일반상가,월세,2/4,800,"6,000",302,302,동향,20250507,"['25년이상', '역세권', '중층', '주차가능']",37.655985,127.064898
2524267764,일반상가,월세,3/7,850,"1억 2,000",330,330,북향,20250507,"['25년이상', '융자금없는', '역세권', '중층']",37.655684,127.062341
2524289263,일반상가,월세,1/3,100,"2,000",45,45,남서향,20250507,"['25년이상', '1층', '총3층', '남서향']",37.672956,127.057209
2524296331,복합상가,월세,1/5,80,"1,000",58,58,북서향,20250507,"['25년이내', '1층', '주차가능', '총5층']",37.659918,127.067194
2524295941,단지내상가,월세,2/4,90,"2,000",33,22,동향,20250507,"['25년이상', '중층', '주차가능', '총4층']",37.652144,127.065492
2524267683,일반상가,월세,1/3,500,1억,172,169,,20250507,"['25년이상', '역세권', '1층', '주차가능']",37.656766,127.066325
2524290834,일반상가,월세,1/5,120,"1,000",33,30,남향,20250507,"['25년이상', '역세권', '1층', '주차가능']",37.653292,127.05796
2524285520,일반상가,월세,2/8,600,1억,165,165,남향,20250507,"['25년이상', '역세권', '지상층(1층제외)', '주차가능']",37.65399,127.057778
2524262393,일반상가,월세,1/8,42,500,15,8,동향,20250507,"['25년이상', '역세권', '1층', '주차가능']",37.648486,127.061975
2524266895,복합상가,월세,1/2,350,"6,000",49,48,북향,20250507,"['25년이상', '역세권', '1층', '주차가능']",37.656697,127.065782
2524264642,복합상가,월세,1/6,250,"5,000",30,30,동향,20250507,"['25년이상', '역세권', '1층', '주차가능']",37.652944,127.060537
2524252384,단지내상가,월세,B1/15,30,500,40,37,남동향,20250507,"['25년이상', '역세권', '지하층', '주차가능']",37.66149,127.072824
2524248718,일반상가,월세,7/7,290,"4,000",148,99,북향,20250507,"['25년이상', '역세권', '고층', '주차가능']",37.654229,127.061755
2524246687,일반상가,월세,1/5,100,"2,000",28,28,북향,20250507,"['4년이내', '1층', '주차가능', '총5층']",37.661323,127.066387
2523976618,단지내상가,월세,1/2,"2,300",4억,555,555,북향,20250507,"['25년이상', '융자금적은', '역세권', '1층']",37.653868,127.063296
2523959777,단지내상가,월세,3/3,70,"2,000",86,86,남서향,20250507,"['25년이상', '고층', '주차가능', '총3층']",37.664859,127.065492
2523975103,일반상가,월세,1/2,45,500,47,23,서향,20250507,"['25년이상', '역세권', '1층', '총2층']",37.658315,127.068442
2523900706,일반상가,월세,1/2,60,"1,000",30,27,북향,20250507,"['25년이상', '1층', '주차가능', '총2층']",37.659653,127.068321
2523920323,일반상가,월세,1/6,80,"1,500",36,36,동향,20250507,"['10년이내', '융자금없는', '1층', '관리비10만원이하']",37.657137,127.070615
2523930340,일반상가,월세,3/4,170,"3,000",155,155,동향,20250507,"['25년이상', '역세권', '고층', '주차가능']",37.67269,127.055203
2523916470,일반상가,월세,1/8,260,"4,000",73,53,남향,20250507,"['25년이상', '융자금없는', '테라스', '역세권']",37.655743,127.065911
2523900633,일반상가,월세,2/7,500,"6,000",210,188,서향,20250507,"['10년이내', '역세권', '지상층(1층제외)', '주차가능']",37.676569,127.055668
2523931910,일반상가,월세,2/3,200,"4,000",178,178,남동향,20250507,"['25년이상', '중층', '관리비20만원이하', '주차가능']",37.670743,127.055755
2523932648,복합상가,월세,B1/3,223,"5,000",249,249,서향,20250507,"['25년이상', '융자금없는', '역세권', '지하층']",37.657675,127.062715
2523929512,일반상가,월세,5/5,110,"2,000",169,169,남동향,20250507,"['10년이내', '융자금없는', '역세권', '고층']",37.671739,127.083045
2523899751,일반상가,월세,1/2,70,"1,000",30,26,남향,20250507,"['25년이상', '1층', '주차가능', '총2층']",37.659882,127.068284
2523929395,복합상가,월세,1/6,"3,200","2억 5,000",391,276,동향,20250507,"['10년이내', '역세권', '1층', '주차가능']",37.655231,127.062508
2523932492,일반상가,월세,1/2,70,"1,000",33,33,남서향,20250507,"['25년이상', '1층', '총2층', '남서향']",37.658949,127.068756
2523932157,일반상가,월세,3/3,130,"2,000",56,56,남동향,20250507,"['25년이상', '고층', '관리비20만원이하', '주차가능']",37.670743,127.055755
2524284736,일반상가,월세,1/4,120,"5,000",57,57,북향,20250507,"['25년이상', '역세권', '1층', '총4층']",37.658788,127.061826
2523928617,복합상가,월세,5/6,350,"5,000",237,237,남향,20250507,"['25년이상', '역세권', '고층', '주차가능']",37.657405,127.06269
2523929788,단지내상가,월세,1/3,60,"1,000",52,52,남동향,20250507,"['25년이내', '융자금없는', '역세권', '1층']",37.677365,127.057287
2523899895,일반상가,월세,1/8,260,"3,000",82,73,남향,20250507,"['25년이상', '융자금없는', '역세권', '1층']",37.655743,127.065911
2523928769,단지내상가,매매,1/1,,7억,78,50,남동향,20250507,"['25년이내', '1층', '급매', '주차가능']",37.671983,127.056838
2523930587,단지내상가,월세,1/12,30,500,36,36,남동향,20250507,"['25년이상', '1층', '주차가능', '남동향']",37.671184,127.057247
2523929919,일반상가,월세,1/4,50,500,23,23,남동향,20250507,"['25년이상', '융자금없는', '역세권', '1층']",37.669711,127.080896
2523899494,일반상가,월세,2/7,430,"5,500",217,209,동향,20250507,"['25년이상', '융자금없는', '역세권', '지상층(1층제외)']",37.65497,127.059564
2523895217,일반상가,월세,1/2,150,"3,000",40,39,동향,20250507,"['25년이상', '역세권', '1층', '총2층']",37.675996,127.055018
2523898215,단지내상가,매매,3/3,,"9억 8,000",380,336,남향,20250507,"['25년이내', '역세권', '고층', '주차가능']",37.681614,127.056597
2523897884,단지내상가,월세,2/2,155,"2,000",134,134,서향,20250507,"['25년이내', '고층', '주차가능', '총2층']",37.654626,127.070878
2523898680,일반상가,매매,5/5,,"2억 4,000",80,70,서향,20250507,"['25년이상', '역세권', '고층', '주차가능']",37.659414,127.061545
2523896665,일반상가,월세,2/4,374,"5,000",273,235,서향,20250507,"['25년이상', '융자금없는', '중층', '주차가능']",37.670832,127.055362
2523898726,일반상가,월세,1/5,450,1억,43,33,남향,20250507,"['25년이상', '역세권', '1층', '주차가능']",37.656698,127.062625
2523890194,단지내상가,월세,1/1,120,"2,000",55,46,남향,20250507,"['25년이내', '1층', '관리비20만원이하', '주차가능']",37.671983,127.056838
2523890477,단지내상가,월세,2/15,50,800,30,23,동향,20250507,"['25년이상', '역세권', '지상층(1층제외)', '주차가능']",37.66149,127.072824
2523899040,일반상가,월세,2/5,380,"7,000",346,330,서향,20250507,"['25년이내', '융자금없는', '역세권', '중층']",37.65918,127.070749
2523897517,일반상가,월세,3/5,370,"5,000",346,330,서향,20250507,"['25년이내', '융자금없는', '역세권', '중층']",37.65918,127.070749
2523897708,일반상가,월세,1/2,350,"6,000",49,49,북향,20250507,"['25년이상', '융자금없는', '역세권', '1층']",37.656697,127.065782
2523894942,일반상가,월세,3/4,220,"5,000",156,156,북향,20250507,"['25년이내', '역세권', '고층', '총4층']",37.655613,127.064233
2523896280,일반상가,월세,1/6,100,"4,000",33,23,서향,20250507,"['25년이상', '역세권', '1층', '주차가능']",37.656089,127.065305
2523889204,단지내상가,월세,1/1,132,"3,000",30,25,서향,20250507,"['10년이내', '1층', '주차가능', '서향']",37.665173,127.074745
2523898432,일반상가,월세,1/4,115,"4,000",46,42,서향,20250507,"['25년이상', '1층', '주차가능', '총4층']",37.663587,127.066267
2523890051,일반상가,매매,3/5,,"4억 3,000",100,67,남향,20250507,"['25년이상', '역세권', '중층', '주차가능']",37.653918,127.061936
2523889745,일반상가,월세,1/5,250,"5,000",161,161,서향,20250507,"['25년이상', '역세권', '1층', '주차가능']",37.661488,127.071853
2523896494,일반상가,월세,1/6,290,"5,000",33,31,동향,20250507,"['25년이상', '역세권', '1층', '관리비20만원이하']",37.666892,127.056862
2523888526,일반상가,월세,1/2,85,"1,000",35,33,동향,20250507,"['25년이상', '1층', '총2층', '동향']",37.664525,127.073952
2523899246,복합상가,월세,1/9,150,"2,000",33,30,북향,20250507,"['25년이상', '융자금없는', '역세권', '1층']",37.65239,127.060648
2523885290,일반상가,매매,B1/10,,3억,180,122,남서향,20250507,"['15년이내', '역세권', '지하층', '주차가능']",37.656462,127.066169
2523870687,일반상가,월세,2/5,250,"5,000",182,179,남향,20250507,"['25년이상', '역세권', '중층', '관리비20만원이하']",37.674328,127.053049
2523871838,일반상가,월세,1/5,500,"8,000",33,25,남향,20250507,"['25년이상', '융자금없는', '역세권', '1층']",37.655032,127.06265
2523923198,일반상가,월세,2/9,500,"6,000",353,188,북서향,20250507,"['10년이내', '역세권', '지상층(1층제외)', '주차가능']",37.676569,127.055668
2523887307,일반상가,월세,3/9,850,"1억 2,000",380,323,북향,20250507,"['25년이상', '융자금없는', '역세권', '지상층(1층제외)']",37.655684,127.062341
2523872316,일반상가,월세,1/3,190,"2,000",54,54,북향,20250507,"['25년이상', '융자금적은', '역세권', '1층']",37.676368,127.056051
2523871361,일반상가,월세,1/13,534,"5,000",100,100,서향,20250507,"['15년이내', '융자금없는', '역세권', '1층']",37.654455,127.063708
2523884693,일반상가,월세,1/2,80,"2,000",28,28,서향,20250507,"['25년이상', '융자금없는', '역세권', '1층']",37.658751,127.059908
2523871309,일반상가,월세,2/3,200,"4,000",160,160,동향,20250507,"['25년이상', '중층', '주차가능', '총3층']",37.670743,127.055755
2523873530,일반상가,월세,1/3,200,"3,000",99,99,북향,20250507,"['25년이상', '융자금적은', '역세권', '1층']",37.6742,127.059229
2523870420,복합상가,월세,B1/10,150,"1,500",122,122,남향,20250507,"['15년이내', '융자금없는', '역세권', '지하층']",37.656462,127.066169
2523886791,단지내상가,월세,1/4,90,"1,500",25,16,서향,20250507,"['25년이상', '1층', '주차가능', '총4층']",37.663221,127.077161
2523885900,일반상가,월세,2/6,260,"3,000",90,83,동향,20250507,"['15년이내', '융자금없는', '역세권', '지상층(1층제외)']",37.655517,127.065115
2523871191,일반상가,월세,1/2,180,"2,000",49,49,동향,20250507,"['25년이상', '융자금없는', '역세권', '1층']",37.675592,127.057187
2523877840,복합상가,월세,1/9,145,"3,000",37,37,동향,20250507,"['25년이내', '융자금없는', '역세권', '1층']",37.679128,127.054906
2523884241,일반상가,월세,1/6,230,"5,000",38,32,동향,20250507,"['25년이상', '융자금없는', '역세권', '1층']",37.654516,127.063019
2523886962,일반상가,월세,B1/4,200,"4,000",142,142,북향,20250507,"['25년이상', '융자금없는', '역세권', '지하층']",37.654043,127.062487
2523871850,일반상가,월세,1/3,170,"1,500",49,49,남향,20250507,"['25년이상', '융자금적은', '역세권', '1층']",37.676589,127.05605
2523865472,일반상가,월세,2/5,160,"2,000",110,92,북향,20250507,"['25년이내', '융자금없는', '역세권', '중층']",37.675403,127.056353
2523828088,일반상가,월세,4/8,260,"4,000",227,136,남향,20250507,"['25년이상', '융자금없는', '역세권', '중층']",37.656192,127.061507
2523862479,일반상가,월세,1/4,200,"6,700",89,89,남향,20250507,"['25년이내', '융자금적은', '역세권', '1층']",37.674772,127.058765
2523863521,일반상가,월세,1/4,250,"5,000",66,66,북향,20250507,"['25년이내', '융자금적은', '역세권', '1층']",37.675508,127.05612
2523858897,일반상가,월세,1/2,150,"3,000",324,324,,20250507,"['25년이상', '역세권', '1층', '총2층']",37.675996,127.055018
2523853853,일반상가,월세,1/2,240,"9,000",76,76,,20250507,"['25년이내', '1층', '주차가능', '총2층']",37.674679,127.059996
2523863171,일반상가,월세,1/2,150,"3,000",46,46,동향,20250507,"['25년이상', '융자금적은', '역세권', '1층']",37.675996,127.055018
2523837440,단지내상가,월세,2/2,75,"2,000",28,28,남향,20250507,"['25년이상', '고층', '관리비10만원이하', '주차가능']",37.653749,127.06891
2523870095,일반상가,월세,3/3,150,"2,000",115,115,동향,20250507,"['25년이상', '고층', '주차가능', '총3층']",37.670743,127.055755
2523862941,일반상가,월세,1/7,630,"1억 5,000",160,152,서향,20250507,"['25년이내', '융자금적은', '역세권', '1층']",37.677975,127.055739
2523868913,일반상가,월세,1/4,120,"2,000",85,81,남향,20250507,"['25년이내', '역세권', '1층', '주차가능']",37.676774,127.056575
2523867537,일반상가,매매,1/6,,10억,26,26,동향,20250507,"['25년이상', '역세권', '1층', '관리비20만원이하']",37.665104,127.057321
2523846365,일반상가,매매,1/6,,6억,40,36,동향,20250507,"['25년이내', '역세권', '1층', '엘리베이터']",37.657998,127.062399
2523839410,일반상가,매매,3/6,,"3억 5,000",42,37,남향,20250507,"['25년이상', '역세권', '중층', '주차가능']",37.649246,127.062386
2523848400,단지내상가,월세,1/4,50,"1,000",20,20,남향,20250507,"['25년이내', '역세권', '1층', '총4층']",37.666126,127.076805
2523839236,일반상가,월세,1/1,200,"2,000",172,100,남서향,20250507,"['25년이내', '역세권', '1층', '주차가능']",37.675416,127.052698
2523864166,일반상가,월세,1/3,160,"2,500",63,56,남향,20250507,"['10년이내', '융자금적은', '역세권', '1층']",37.674649,127.05928
2523820589,단지내상가,매매,2/2,,20억,313,264,북서향,20250507,"['2년이내', '고층', '주차가능', '엘리베이터']",37.664948,127.077422
2523828072,일반상가,월세,4/6,230,"2,500",183,118,동향,20250507,"['25년이상', '융자금없는', '역세권', '중층']",37.650954,127.061136
2523848269,일반상가,매매,1/14,,20억,100,78,동향,20250507,"['25년이내', '역세권', '1층', '주차가능']",37.654269,127.059026
2523864684,복합상가,매매,3/10,,15억,264,245,서향,20250507,"['25년이내', '역세권', '지상층(1층제외)', '주차가능']",37.658341,127.061643
2523867034,일반상가,월세,2/3,90,"2,000",89,89,동향,20250507,"['25년이상', '중층', '주차가능', '총3층']",37.659546,127.0677
2523875964,일반상가,월세,2/4,100,"2,000",103,103,서향,20250507,"['25년이상', '중층', '총4층', '서향']",37.665824,127.06663
2523864287,단지내상가,매매,2/2,,10억,60,50,북향,20250507,"['25년이상', '역세권', '고층', '주차가능']",37.661468,127.059402
2523851121,일반상가,월세,5/7,330,"6,000",245,245,남향,20250507,"['2년이내', '역세권', '고층', '주차가능']",37.675798,127.056522
2523853976,단지내상가,매매,2/5,,5억,38,38,동향,20250507,"['25년이상', '중층', '주차가능', '총5층']",37.647248,127.059547
2523851093,일반상가,월세,2/5,160,"3,000",60,55,동향,20250507,"['25년이상', '융자금없는', '역세권', '중층']",37.650424,127.061275
2523865275,일반상가,월세,B1/4,200,"2,000",120,110,동향,20250507,"['25년이상', '융자금없는', '역세권', '지하층']",37.656672,127.062205
2523852688,일반상가,월세,4/7,500,"6,000",249,249,남향,20250507,"['25년이상', '융자금없는', '역세권', '중층']",37.654916,127.059324
2523859415,일반상가,월세,2/4,130,"2,000",97,97,남향,20250507,"['25년이내', '역세권', '중층', '주차가능']",37.674772,127.058765
2523850495,일반상가,월세,B1/3,300,"5,000",134,134,북향,20250507,"['25년이상', '역세권', '지하층', '총3층']",37.656545,127.065154
2523853348,일반상가,매매,5/6,,13억,344,344,동향,20250507,"['25년이내', '역세권', '고층', '엘리베이터']",37.657998,127.062399
2523847511,일반상가,월세,3/5,650,"6,500",319,275,서향,20250507,"['10년이내', '융자금없는', '중층', '주차가능']",37.662743,127.069526
2523852199,일반상가,월세,2/7,325,"8,000",306,306,남향,20250507,"['25년이내', '역세권', '지상층(1층제외)', '주차가능']",37.675798,127.056522
2523943008,단지내상가,월세,1/3,100,"2,000",22,22,북향,20250507,"['25년이상', '1층', '관리비10만원이하', '주차가능']",37.664859,127.065492
2524028511,일반상가,월세,B1/6,400,"5,000",370,370,북향,20250507,"['25년이상', '역세권', '지하층', '주차가능']",37.65341,127.059658
2524009737,일반상가,월세,2/5,200,"6,000",145,145,남향,20250507,"['25년이상', '융자금없는', '중층', '주차가능']",37.66447,127.066992
2523932280,일반상가,매매,1/7,,7억,29,29,남향,20250507,"['25년이상', '역세권', '1층', '주차가능']",37.657133,127.062832
2523926950,일반상가,월세,2/2,180,"3,000",676,231,남서향,20250507,"['25년이내', '융자금없는', '고층', '주차가능']",37.674855,127.061546
2523927071,일반상가,월세,2/9,40,500,44,44,남향,20250507,"['10년이내', '융자금없는', '역세권', '지상층(1층제외)']",37.668575,127.080046
2523929312,일반상가,월세,1/2,50,"1,000",35,35,남동향,20250507,"['25년이내', '역세권', '1층', '주차가능']",37.671969,127.081263
2523977651,일반상가,월세,B1/5,50,"1,000",56,55,북서향,20250507,"['25년이상', '역세권', '지하층', '주차가능']",37.661488,127.071853
2523983505,일반상가,월세,9/9,250,"6,000",198,198,동향,20250507,"['25년이상', '융자금없는', '역세권', '고층']",37.647978,127.062228
2523973698,일반상가,월세,3/5,650,"6,500",319,285,남서향,20250507,"['10년이내', '중층', '주차가능', '엘리베이터']",37.662743,127.069526
2523927156,일반상가,월세,4/4,70,"2,000",130,130,남향,20250507,"['25년이상', '융자금없는', '역세권', '고층']",37.667694,127.079329
2523847093,일반상가,월세,4/5,280,"5,000",175,138,동향,20250507,"['25년이상', '융자금없는', '역세권', '고층']",37.657208,127.06235
2523876072,일반상가,월세,3/4,80,"1,500",103,103,,20250507,"['25년이상', '고층', '총4층']",37.665824,127.06663
2523881483,일반상가,월세,5/6,500,1억,303,303,남향,20250507,"['25년이내', '역세권', '고층', '주차가능']",37.655694,127.065418
2523848786,일반상가,월세,2/4,275,"5,000",132,132,북향,20250507,"['25년이상', '역세권', '중층', '주차가능']",37.653993,127.062266
2524096263,단지내상가,월세,3/4,450,"8,000",338,338,동향,20250507,"['25년이상', '융자금적은', '고층', '주차가능']",37.652144,127.065492
2524049907,일반상가,월세,1/2,200,"2,000",73,73,남동향,20250507,"['25년이상', '융자금없는', '역세권', '1층']",37.657227,127.065806
2524076040,일반상가,월세,4/4,160,"2,000",146,146,남서향,20250507,"['25년이내', '역세권', '고층', '주차가능']",37.657216,127.067269
2524101164,일반상가,월세,B1/6,400,"5,000",371,371,남향,20250507,"['25년이상', '역세권', '지하층', '주차가능']",37.65341,127.059658
2524049835,일반상가,월세,1/5,250,"4,400",66,66,남향,20250507,"['25년이상', '역세권', '1층', '주차가능']",37.656657,127.063587
2524053860,일반상가,매매,1/4,,25억,493,493,남동향,20250507,"['25년이상', '1층', '주차가능', '총4층']",37.671591,127.057607
2524055084,일반상가,월세,1/2,65,"1,000",44,44,남동향,20250507,"['25년이상', '역세권', '1층', '총2층']",37.662587,127.072552
2523935832,일반상가,매매,4/10,,28억,297,297,남향,20250507,"['25년이상', '역세권', '중층', '주차가능']",37.656096,127.061058
2523934744,일반상가,매매,3/6,,30억,244,244,서향,20250507,"['15년이내', '역세권', '중층', '주차가능']",37.656515,127.061926
2523995949,단지내상가,매매,2/15,,"4억 5,000",116,116,북향,20250507,"['25년이내', '역세권', '지상층(1층제외)', '주차가능']",37.668555,127.078153
2523977042,일반상가,월세,1/5,250,"5,000",161,158,북서향,20250507,"['25년이상', '역세권', '1층', '주차가능']",37.661488,127.071853
2523975569,단지내상가,매매,2/4,,5억,52,38,동향,20250507,"['25년이상', '중층', '총4층', '동향']",37.647248,127.059547
2523976661,일반상가,월세,B1/4,270,"2,500",211,211,남향,20250507,"['25년이상', '융자금없는', '지하층', '주차가능']",37.663221,127.077161
2524031274,단지내상가,매매,3/3,,"7억 5,000",85,70,서향,20250507,"['10년이내', '고층', '주차가능', '엘리베이터']",37.664032,127.062311
2524009901,일반상가,매매,B2/10,,"5억 2,000",123,123,남향,20250507,"['25년이상', '역세권', '지하층', '주차가능']",37.656096,127.061058
2524231177,일반상가,월세,1/5,60,"2,000",53,25,남향,20250507,"['10년이내', '융자금없는', '역세권', '1층']",37.676688,127.051721
2524116251,복합상가,매매,1/20,,"11억 4,000",40,28,남동향,20250507,"['4년이내', '역세권', '1층', '주차가능']",37.655061,127.058731
2524154955,복합상가,월세,1/6,160,"2,000",22,22,남향,20250507,"['25년이상', '역세권', '1층', '관리비10만원이하']",37.653918,127.061936
2524240256,일반상가,월세,2/6,800,1억,434,215,,20250507,"['10년이내', '역세권', '지상층(1층제외)', '주차가능']",37.651755,127.061675
2524240828,일반상가,월세,4/6,200,"2,000",96,96,서향,20250507,"['25년이상', '융자금없는', '역세권', '중층']",37.652944,127.060537
2524113254,단지내상가,월세,1/4,110,"2,000",100,100,,20250507,"['25년이상', '1층', '주차가능', '총4층']",37.664608,127.067412
2524114038,단지내상가,월세,2/3,100,"2,000",67,67,,20250507,"['25년이내', '융자금없는', '역세권', '중층']",37.657633,127.06399
2524225138,일반상가,월세,3/4,60,"1,000",86,75,서향,20250507,"['25년이상', '고층', '총4층', '서향']",37.663481,127.066251
2524306393,일반상가,월세,1/3,80,"1,000",63,63,북동향,20250507,"['15년이내', '역세권', '1층', '관리비10만원이하']",37.663189,127.072509
2524247088,일반상가,월세,1/4,60,"1,000",49,49,동향,20250507,"['25년이상', '1층', '관리비10만원이하', '총4층']",37.66697,127.069701
2524220452,단지내상가,월세,3/4,140,"1,500",115,115,남향,20250507,"['25년이상', '고층', '주차가능', '총4층']",37.648145,127.057582
2524123943,일반상가,월세,2/5,70,"1,000",49,49,남서향,20250507,"['25년이상', '역세권', '중층', '주차가능']",37.671547,127.082998
2524118665,일반상가,월세,B1/4,580,1억,464,464,동향,20250507,"['25년이상', '역세권', '지하층', '주차가능']",37.654199,127.063175
2524078430,단지내상가,월세,1/3,200,"3,000",34,28,남향,20250507,"['25년이내', '역세권', '1층', '주차가능']",37.657633,127.06399
2524083516,일반상가,월세,1/6,240,"4,000",64,58,서향,20250507,"['25년이상', '역세권', '1층', '주차가능']",37.651989,127.06161
2524079524,일반상가,월세,1/6,230,"5,000",32,32,동향,20250507,"['역세권', '1층', '주차가능', '동향']",37.654516,127.063019
2524082521,일반상가,월세,1/4,116,"2,000",15,15,남향,20250507,"['25년이상', '역세권', '1층', '주차가능']",37.654199,127.063175
2524083205,일반상가,월세,3/3,"2,000",3억,568,568,남향,20250507,"['25년이상', '역세권', '고층', '주차가능']",37.655941,127.066421
2524081919,일반상가,월세,4/6,225,"3,000",132,99,북서향,20250507,"['25년이상', '역세권', '중층', '주차가능']",37.651316,127.061795
2524081525,일반상가,월세,3/10,300,"4,000",110,110,남향,20250507,"['25년이상', '역세권', '지상층(1층제외)', '남향']",37.655228,127.063571
2523986963,일반상가,월세,1/3,45,500,30,28,동향,20250507,"['25년이상', '1층', '주차가능', '총3층']",37.658746,127.067615
2524076146,일반상가,월세,1/10,330,"6,000",60,50,남향,20250507,"['25년이상', '역세권', '1층', '주차가능']",37.656096,127.061058
2524011148,일반상가,월세,1/4,50,"1,000",26,26,남향,20250507,"['25년이상', '융자금없는', '1층', '주차가능']",37.665026,127.072071
2524010641,일반상가,월세,1/5,200,"2,000",117,117,서향,20250507,"['25년이상', '역세권', '1층', '주차가능']",37.662882,127.072821
2524042788,일반상가,월세,3/5,73,"1,500",117,117,남향,20250507,"['25년이상', '역세권', '중층', '주차가능']",37.658497,127.069566
2524075674,일반상가,월세,2/6,140,"1,500",38,38,동향,20250507,"['15년이내', '역세권', '지상층(1층제외)', '주차가능']",37.655603,127.065095
2524072908,일반상가,월세,1/3,330,"4,000",85,85,남서향,20250507,"['25년이내', '역세권', '1층', '총3층']",37.675566,127.05699
2524042737,일반상가,월세,B1/3,35,300,42,42,북서향,20250507,"['25년이상', '지하층', '총3층', '북서향']",37.657759,127.069922
2523975991,일반상가,월세,1/1,200,"3,000",64,64,북향,20250506,"['25년이상', '융자금없는', '1층', '주차가능']",37.674354,127.060921
2524017971,복합상가,월세,5/6,600,"9,000",392,392,북향,20250506,"['25년이내', '융자금적은', '역세권', '고층']",37.678462,127.052895
2523983272,일반상가,월세,1/5,250,"4,400",68,68,남향,20250506,"['25년이상', '융자금없는', '역세권', '1층']",37.656657,127.063587
2523931697,일반상가,월세,B1/4,80,"1,000",113,113,남향,20250506,"['25년이상', '역세권', '지하층', '총4층']",37.675165,127.055584
2523928601,일반상가,매매,1/3,,"8,000",11,11,남향,20250506,"['25년이상', '1층', '관리비10만원이하', '주차가능']",37.671539,127.053034
2523919701,일반상가,월세,3/4,250,"5,000",183,183,남향,20250506,"['25년이상', '융자금없는', '역세권', '고층']",37.654456,127.058424
2523957816,일반상가,월세,B1/4,200,"2,000",115,115,북향,20250506,"['25년이상', '역세권', '지하층', '주차가능']",37.656672,127.062205
2523964517,복합상가,월세,1/3,38,"1,000",14,14,남향,20250506,"['25년이상', '1층', '주차가능', '총3층']",37.664859,127.065492
2524035550,일반상가,월세,1/4,100,"2,000",33,33,북향,20250506,"['25년이상', '1층', '총4층', '북향']",37.661407,127.066201
2523968170,일반상가,월세,2/4,200,"7,000",144,144,남향,20250506,"['25년이상', '역세권', '중층', '주차가능']",37.654724,127.058476
2523943121,일반상가,월세,B1/4,60,"1,500",116,116,,20250506,"['25년이내', '지하층', '주차가능', '총4층']",37.66327,127.066217
2524010052,일반상가,월세,B1/4,50,"1,000",99,99,서향,20250506,"['25년이상', '융자금없는', '지하층', '총4층']",37.6638,127.066301
2524018535,일반상가,월세,1/4,100,"2,000",33,33,남동향,20250506,"['15년이내', '역세권', '1층', '관리비10만원이하']",37.675018,127.058418
2523976335,일반상가,월세,1/4,703,"1억 5,000",82,82,남향,20250506,"['25년이상', '융자금없는', '역세권', '1층']",37.65659,127.063281
2523942867,일반상가,월세,4/10,85,"1,000",76,76,,20250506,"['25년이상', '중층', '주차가능']",37.663677,127.068565
2523919678,일반상가,월세,1/4,230,"5,000",39,30,남향,20250506,"['25년이상', '융자금없는', '역세권', '1층']",37.656912,127.062172
2523919687,일반상가,월세,1/4,364,"4,200",68,60,남향,20250506,"['25년이상', '융자금없는', '역세권', '1층']",37.65659,127.063281
2524027374,복합상가,월세,1/33,130,"2,000",87,28,북향,20250506,"['25년이상', '융자금적은', '역세권', '1층']",37.676406,127.054638
2523894114,일반상가,월세,5/5,110,"1,000",119,95,남향,20250505,"['25년이상', '역세권', '고층', '주차가능']",37.653292,127.05796
2523879860,일반상가,월세,5/6,105,"2,000",99,85,동향,20250505,"['25년이상', '고층', '주차가능', '엘리베이터']",37.672577,127.056919
2523879125,복합상가,월세,1/9,250,"5,000",65,39,동향,20250505,"['25년이내', '역세권', '1층', '주차가능']",37.679128,127.054906
2523861179,일반상가,월세,3/5,120,"2,000",66,54,동향,20250505,"['25년이상', '융자금없는', '역세권', '중층']",37.650757,127.061944
2523867840,일반상가,월세,2/7,400,1억,185,185,동향,20250505,"['25년이상', '역세권', '지상층(1층제외)', '동향']",37.657208,127.06235
2523917715,복합상가,월세,4/7,85,"1,000",125,76,남동향,20250505,"['25년이상', '중층', '주차가능', '엘리베이터']",37.663677,127.068565
2523863123,일반상가,월세,1/5,90,"1,000",26,22,동향,20250505,"['25년이상', '융자금없는', '역세권', '1층']",37.650757,127.061944
2523859647,일반상가,월세,1/4,85,"2,000",70,66,서향,20250505,"['25년이상', '1층', '주차가능', '총4층']",37.665648,127.069342
2523879077,일반상가,월세,1/2,300,"6,000",24,24,서향,20250505,"['25년이상', '역세권', '1층', '주차가능']",37.677116,127.055637
2523879543,일반상가,월세,1/7,630,"1억 5,000",192,152,서향,20250505,"['25년이내', '역세권', '1층', '주차가능']",37.677975,127.055739
2523841942,일반상가,월세,5/6,110,"2,000",132,105,동향,20250505,"['25년이상', '융자금없는', '고층', '주차가능']",37.672577,127.056919
2523851622,일반상가,월세,1/4,150,"1,000",29,29,동향,20250505,"['25년이상', '역세권', '1층', '총4층']",37.65618,127.066062
2523894381,일반상가,매매,3/6,,18억,408,248,동향,20250505,"['25년이상', '역세권', '중층', '주차가능']",37.650601,127.061229
2523879302,일반상가,월세,2/3,130,"2,000",85,84,북향,20250505,"['25년이상', '역세권', '중층', '총3층']",37.676406,127.054638
2523865668,일반상가,월세,B1/6,500,1억,450,430,동향,20250505,"['25년이상', '융자금없는', '역세권', '지하층']",37.650601,127.061229
2523850625,일반상가,월세,B1/6,250,"2,500",170,150,남서향,20250505,"['25년이내', '융자금없는', '역세권', '지하층']",37.655694,127.065418
2523879561,일반상가,월세,5/7,250,"5,000",166,166,서향,20250505,"['25년이내', '역세권', '고층', '주차가능']",37.677975,127.055739
2523900300,일반상가,월세,1/5,80,"1,000",30,28,북향,20250505,"['25년이상', '역세권', '1층', '주차가능']",37.661618,127.070279
2523875040,일반상가,월세,B1/4,125,"3,000",206,206,서향,20250505,"['25년이상', '지하층', '관리비10만원이하', '총4층']",37.662621,127.066115
2523628287,일반상가,월세,1/3,900,1억,271,271,남서향,20250503,"['25년이상', '역세권', '1층', '주차가능']",37.657528,127.066668
2523785298,일반상가,월세,1/2,65,"1,000",35,30,동향,20250503,"['25년이상', '역세권', '1층', '총2층']",37.662587,127.072552
2523785535,일반상가,월세,1/1,45,"1,000",20,17,남동향,20250503,"['25년이상', '역세권', '1층', '주차가능']",37.664017,127.07446
2523725256,일반상가,월세,1/4,55,"1,000",33,10,동향,20250503,"['25년이상', '역세권', '1층', '주차가능']",37.663639,127.072614
2523623981,일반상가,월세,1/4,100,"1,500",36,36,북향,20250503,"['25년이상', '융자금없는', '역세권', '1층']",37.67499,127.052092
2523637371,일반상가,월세,1/2,550,"9,000",650,430,동향,20250503,"['25년이상', '1층', '주차가능', '총2층']",37.656231,127.071549
2523671297,일반상가,월세,1/2,60,"1,000",21,21,,20250503,"['25년이상', '역세권', '1층', '총2층']",37.676132,127.056722
2523633742,일반상가,월세,1/7,900,"1억 5,000",334,334,남향,20250503,"['25년이내', '융자금없는', '역세권', '1층']",37.657154,127.063264
2523696602,복합상가,월세,1/7,280,"5,000",34,21,서향,20250503,"['25년이상', '역세권', '1층', '주차가능']",37.651809,127.060899
2523663915,단지내상가,전세,2/2,,"6억 5,000",133,133,서향,20250503,"['2년이내', '융자금없는', '고층', '주차가능']",37.664746,127.077676
2523628979,일반상가,월세,1/4,650,1억,79,79,동향,20250503,"['10년이내', '역세권', '1층', '총4층']",37.655918,127.064166
2523706099,단지내상가,월세,1/2,100,"3,000",53,34,동향,20250503,"['25년이상', '융자금없는', '역세권', '1층']",37.661677,127.057903
2523775057,일반상가,월세,B1/1,150,"2,000",66,66,남서향,20250503,"['25년이상', '역세권', '지하층', '관리비10만원이하']",37.669904,127.081403
2523731837,일반상가,월세,1/6,420,"5,500",39,29,동향,20250503,"['25년이상', '역세권', '1층', '주차가능']",37.666565,127.056946
2523724975,일반상가,월세,1/3,60,700,74,74,북동향,20250503,"['25년이상', '역세권', '1층', '주차가능']",37.662992,127.071667
2523767851,일반상가,월세,1/5,410,"7,800",98,85,남향,20250503,"['25년이내', '융자금없는', '역세권', '1층']",37.657998,127.062399
2523774970,일반상가,월세,1/13,130,"2,000",50,41,북동향,20250503,"['25년이내', '1층', '주차가능', '북동향']",37.659793,127.069178
2523781502,일반상가,월세,B1/7,100,"2,000",100,94,북향,20250503,"['25년이상', '역세권', '지하층', '주차가능']",37.654385,127.062448
2523764970,일반상가,월세,1/4,300,1억,33,33,남향,20250503,"['25년이상', '역세권', '1층', '총4층']",37.656232,127.061908
2523636788,일반상가,월세,1/5,180,"3,000",31,31,서향,20250503,"['25년이내', '역세권', '1층', '주차가능']",37.660109,127.069622
2523724376,일반상가,월세,B1/5,480,"5,000",497,497,남서향,20250503,"['25년이내', '융자금없는', '역세권', '지하층']",37.65918,127.070749
2523730383,일반상가,월세,1/4,60,"1,000",33,33,북서향,20250503,"['25년이상', '융자금적은', '역세권', '1층']",37.661159,127.070086
2523779310,일반상가,월세,B1/2,40,500,59,59,남향,20250503,"['25년이상', '융자금없는', '지하층', '주차가능']",37.656445,127.069312
2523663609,일반상가,월세,3/4,60,"1,000",86,86,,20250503,"['25년이상', '융자금없는', '고층', '주차가능']",37.663481,127.066251
2523649302,일반상가,월세,1/2,150,"2,500",70,70,남향,20250503,"['25년이상', '1층', '총2층', '남향']",37.664641,127.07379
2523687246,일반상가,월세,1/6,230,"5,000",44,32,동향,20250503,"['25년이상', '역세권', '1층', '관리비20만원이하']",37.654516,127.063019
2523723285,일반상가,월세,2/5,190,"3,000",82,82,북향,20250503,"['25년이상', '역세권', '중층', '총5층']",37.656231,127.063785
2523649854,일반상가,월세,4/5,180,"2,000",234,234,북서향,20250503,"['25년이상', '역세권', '고층', '주차가능']",37.662882,127.072821
2523644350,일반상가,월세,7/8,90,"1,500",46,46,남향,20250503,"['25년이상', '융자금없는', '역세권', '고층']",37.656012,127.060564
2523625690,일반상가,월세,2/4,300,"5,000",140,140,남향,20250503,"['25년이상', '역세권', '중층', '주차가능']",37.661585,127.056727
2523719755,단지내상가,매매,1/2,,"10억 5,000",25,25,동향,20250503,"['25년이상', '1층', '주차가능', '총2층']",37.64676,127.059554
2523751747,일반상가,월세,B1/5,600,1억,171,171,남향,20250503,"['10년이내', '융자금적은', '역세권', '지하층']",37.656503,127.063023
2523705704,일반상가,월세,1/5,100,"1,000",24,24,서향,20250503,"['25년이상', '융자금없는', '역세권', '1층']",37.658831,127.065315
2523756116,단지내상가,월세,1/1,150,"3,000",32,30,남동향,20250503,"['2년이내', '융자금없는', '1층', '관리비10만원이하']",37.664948,127.077422
2523778335,단지내상가,월세,2/4,300,"3,000",203,203,북향,20250503,"['25년이상', '융자금없는', '역세권', '중층']",37.657362,127.061923
2523648868,일반상가,월세,3/6,90,"1,000",82,82,동향,20250503,"['15년이내', '융자금없는', '중층', '관리비20만원이하']",37.672577,127.056919
2523700840,단지내상가,매매,1/2,,"7억 5,000",37,32,북서향,20250503,"['2년이내', '1층', '주차가능', '총2층']",37.664948,127.077422
2523663314,일반상가,월세,1/3,110,"2,000",104,104,,20250503,"['25년이상', '융자금없는', '1층', '총3층']",37.664608,127.067412
2523786101,일반상가,월세,1/4,330,"5,000",70,70,,20250503,"['25년이내', '역세권', '1층', '급매']",37.675508,127.05612
2523785698,단지내상가,월세,1/1,55,"1,000",26,26,남향,20250503,"['25년이상', '융자금없는', '1층', '남향']",37.647761,127.057764
2523778776,복합상가,매매,3/6,,"4억 5,000",54,54,서향,20250503,"['25년이상', '역세권', '중층', '주차가능']",37.650757,127.061944
2523700520,단지내상가,월세,2/9,100,"1,000",41,41,동향,20250503,"['25년이상', '역세권', '지상층(1층제외)', '관리비10만원이하']",37.65239,127.060648
2523739335,일반상가,월세,3/4,900,1억,605,605,남향,20250503,"['25년이상', '역세권', '고층', '주차가능']",37.655985,127.064898
2523728041,일반상가,월세,1/3,50,"1,000",34,34,북동향,20250503,"['25년이상', '1층', '총3층', '북동향']",37.665104,127.071611
2523723789,일반상가,월세,5/5,100,"1,000",56,44,동향,20250503,"['25년이상', '역세권', '고층', '주차가능']",37.648685,127.061869
2523716765,일반상가,월세,1/2,45,500,29,24,서향,20250503,"['25년이상', '역세권', '1층', '주차가능']",37.658315,127.068442
2523755399,단지내상가,매매,1/1,,"4억 7,000",34,32,남동향,20250503,"['2년이내', '1층', '급매', '주차가능']",37.664948,127.077422
2523544446,일반상가,월세,1/6,350,"7,000",53,34,동향,20250502,"['15년이내', '역세권', '1층', '주차가능']",37.656515,127.061926
2523582969,일반상가,월세,6/6,60,"1,000",28,28,남향,20250502,"['25년이상', '역세권', '고층', '주차가능']",37.650562,127.062
2523387883,일반상가,월세,1/9,"2,200",5억,271,152,서향,20250502,"['25년이상', '융자금없는', '역세권', '1층']",37.653245,127.061336
2523570165,일반상가,월세,2/5,515,"8,000",171,171,동향,20250502,"['15년이내', '역세권', '중층', '주차가능']",37.656181,127.064017
2523562607,일반상가,월세,2/3,800,1억,347,333,남동향,20250502,"['25년이상', '역세권', '중층', '주차가능']",37.657528,127.066668
2523558970,일반상가,월세,8/10,"1,339","1억 5,000",650,447,북향,20250502,"['25년이상', '역세권', '고층', '주차가능']",37.654324,127.062179
2523582354,일반상가,월세,1/5,165,"2,000",69,69,서향,20250502,"['25년이상', '역세권', '1층', '주차가능']",37.658767,127.062103
2523462909,일반상가,월세,B1/4,320,"2,000",287,287,남향,20250502,"['25년이상', '역세권', '지하층', '주차가능']",37.655985,127.064898
2523560249,일반상가,월세,7/7,200,"4,000",165,132,동향,20250502,"['25년이상', '역세권', '고층', '주차가능']",37.656192,127.061507
2523570626,일반상가,월세,1/7,"3,200","2억 5,000",277,277,서향,20250502,"['10년이내', '융자금없는', '역세권', '1층']",37.655231,127.062508
2523443017,일반상가,월세,1/2,550,"9,000",16,11,남동향,20250502,"['25년이상', '융자금없는', '1층', '총2층']",37.656231,127.071549
2523505619,일반상가,월세,2/3,800,1억,604,333,남서향,20250502,"['25년이상', '역세권', '중층', '주차가능']",37.657385,127.066755
2523520427,일반상가,월세,2/3,800,1억,339,339,남향,20250502,"['25년이상', '역세권', '중층', '주차가능']",37.657528,127.066668
2523503198,일반상가,월세,1/3,900,1억,587,231,남서향,20250502,"['25년이상', '역세권', '1층', '주차가능']",37.657385,127.066755
2523200731,일반상가,월세,2/4,200,"2,000",148,133,동향,20250502,"['25년이상', '융자금없는', '역세권', '중층']",37.67269,127.055203
2523256862,일반상가,월세,1/8,260,"4,000",72,50,남향,20250502,"['25년이상', '역세권', '1층', '주차가능']",37.655743,127.065911
2523545204,단지내상가,월세,1/2,63,"1,000",36,36,남향,20250502,"['25년이상', '역세권', '1층', '주차가능']",37.661677,127.057903
2523554322,일반상가,월세,2/7,"1,724","2억 1,000",937,465,남향,20250502,"['25년이상', '역세권', '지상층(1층제외)', '주차가능']",37.657133,127.062832
2523343465,단지내상가,월세,1/1,120,"1,000",46,46,남향,20250502,"['25년이내', '1층', '주차가능', '남향']",37.671983,127.056838
2523485928,일반상가,월세,3/4,180,"2,000",163,163,동향,20250502,"['25년이상', '융자금없는', '고층', '관리비10만원이하']",37.65489,127.070775
2523450352,단지내상가,매매,B1/13,,"23억 5,000",1087,1087,북동향,20250502,"['25년이내', '지하층', '주차가능', '북동향']",37.659793,127.069178
2523525756,일반상가,월세,1/3,900,1억,220,220,남향,20250502,"['25년이상', '역세권', '1층', '주차가능']",37.657528,127.066668
2523439884,단지내상가,월세,2/5,300,"4,000",265,265,남향,20250502,"['25년이상', '역세권', '중층', '주차가능']",37.653187,127.058647
2523552756,일반상가,월세,1/3,800,1억,339,339,남서향,20250502,"['25년이상', '역세권', '1층', '주차가능']",37.657528,127.066668
2523505318,단지내상가,월세,1/2,25,500,12,12,남동향,20250502,"['25년이상', '역세권', '1층', '관리비10만원이하']",37.66149,127.072824
2523540051,일반상가,매매,1/6,,12억,50,44,남향,20250502,"['25년이상', '역세권', '1층', '주차가능']",37.656052,127.06084
2523552696,일반상가,월세,1/3,900,1억,231,214,남동향,20250502,"['25년이상', '역세권', '1층', '주차가능']",37.657528,127.066668
2523466134,일반상가,월세,5/5,300,"3,500",136,136,동향,20250502,"['25년이상', '역세권', '고층', '주차가능']",37.648685,127.061869
2523550279,복합상가,월세,B1/6,900,"1,500",492,326,동향,20250502,"['15년이내', '역세권', '지하층', '주차가능']",37.656515,127.061926
2523381727,일반상가,월세,2/3,"1,300",2억,836,604,남향,20250502,"['25년이상', '융자금없는', '역세권', '중층']",37.657385,127.066755
2523369317,일반상가,월세,B1/4,50,"1,000",104,104,,20250502,"['25년이상', '융자금없는', '역세권', '지하층']",37.658268,127.070204
2523434980,일반상가,월세,1/3,180,"2,500",49,49,남향,20250502,"['25년이상', '1층', '총3층', '남향']",37.670743,127.055755
2523412061,일반상가,매매,4/4,,55억,796,760,남향,20250502,"['10년이내', '역세권', '고층', '주차가능']",37.67625,127.056156
2523386179,일반상가,월세,5/6,800,1억,280,230,북향,20250502,"['25년이상', '역세권', '고층', '주차가능']",37.654385,127.062448
2523408077,일반상가,월세,1/4,325,"6,000",42,42,동향,20250502,"['25년이상', '역세권', '1층', '주차가능']",37.654199,127.063175
2523366919,일반상가,월세,1/4,55,500,33,33,동향,20250502,"['25년이상', '역세권', '1층', '관리비10만원이하']",37.668127,127.079195
2523318429,일반상가,월세,3/3,300,"3,000",207,200,남향,20250502,"['25년이상', '융자금없는', '역세권', '고층']",37.65611,127.063769
2523414763,일반상가,월세,1/6,240,"4,000",56,56,서향,20250502,"['25년이상', '역세권', '1층', '주차가능']",37.651989,127.06161
2523385797,일반상가,월세,2/4,300,"3,000",203,173,동향,20250502,"['25년이상', '융자금없는', '역세권', '중층']",37.657362,127.061923
2523393838,일반상가,월세,B1/4,200,"2,000",118,118,북향,20250502,"['25년이상', '역세권', '지하층', '주차가능']",37.656672,127.062205
2523385948,일반상가,월세,3/3,160,"2,000",93,93,남향,20250502,"['25년이상', '융자금없는', '역세권', '고층']",37.656622,127.06558
2523392053,일반상가,월세,2/11,900,"1억 5,000",393,330,남향,20250502,"['25년이상', '융자금없는', '역세권', '지상층(1층제외)']",37.65518,127.059256
2523264904,일반상가,월세,1/4,100,"2,000",80,80,,20250502,"['25년이상', '1층', '관리비10만원이하', '총4층']",37.661407,127.066201
2523465313,복합상가,월세,2/8,"2,500",2억,1057,1057,남향,20250502,"['25년이내', '역세권', '지상층(1층제외)', '주차가능']",37.655463,127.063658
2523573541,일반상가,월세,2/7,420,1억,234,198,동향,20250502,"['25년이상', '융자금없는', '역세권', '지상층(1층제외)']",37.657208,127.06235
2523465424,일반상가,월세,1/10,330,"6,000",50,50,,20250502,"['25년이상', '역세권', '1층', '주차가능']",37.656096,127.061058
2523410276,일반상가,월세,4/5,60,"1,000",66,66,동향,20250502,"['25년이내', '융자금없는', '역세권', '고층']",37.669557,127.080906
2523498749,단지내상가,매매,B1/3,,"2억 5,000",15,15,,20250502,"['25년이상', '역세권', '지하층', '주차가능']",37.65239,127.060648
2523354148,일반상가,월세,2/7,420,1억,234,234,동향,20250502,"['25년이상', '융자금없는', '역세권', '지상층(1층제외)']",37.657208,127.06235
2523340810,일반상가,월세,1/6,250,"5,000",33,33,남향,20250502,"['25년이상', '역세권', '1층', '천장에어컨']",37.656912,127.062172
2523418382,일반상가,월세,2/4,150,"3,000",109,109,,20250502,"['25년이상', '중층', '주차가능', '총4층']",37.661407,127.066201
2523485404,일반상가,월세,2/4,180,"3,000",178,178,북향,20250502,"['25년이상', '중층', '관리비10만원이하', '주차가능']",37.671433,127.058126
2523561494,일반상가,월세,2/7,400,1억,185,157,북향,20250502,"['25년이상', '융자금없는', '역세권', '지상층(1층제외)']",37.657208,127.06235
2523565785,일반상가,월세,1/4,60,"1,000",49,46,남서향,20250502,"['25년이상', '1층', '주차가능', '총4층']",37.66697,127.069701
2523341370,일반상가,월세,2/5,200,"6,000",165,148,동향,20250502,"['25년이상', '중층', '주차가능', '총5층']",37.66447,127.066992
2523386884,일반상가,월세,2/3,100,"2,000",98,67,서향,20250502,"['25년이내', '융자금없는', '역세권', '중층']",37.657633,127.06399
2523254843,일반상가,월세,5/5,200,"2,500",115,115,서향,20250502,"['25년이상', '융자금없는', '역세권', '고층']",37.648685,127.061869
2523346811,단지내상가,월세,B1/2,65,"1,500",29,29,동향,20250502,"['25년이상', '융자금없는', '역세권', '지하층']",37.665863,127.057049
2523370496,일반상가,월세,2/2,50,500,44,44,남향,20250502,"['25년이상', '융자금없는', '역세권', '고층']",37.65866,127.070572
2523353592,단지내상가,월세,2/2,70,"1,000",30,30,동향,20250502,"['25년이상', '역세권', '고층', '관리비10만원이하']",37.661468,127.059402
2523379260,단지내상가,월세,1/2,88,"1,500",23,23,동향,20250502,"['25년이상', '역세권', '1층', '주차가능']",37.661677,127.057903
2523432475,일반상가,월세,1/4,650,"9,000",92,92,남향,20250502,"['25년이상', '역세권', '1층', '주차가능']",37.65659,127.063281
2523366925,일반상가,월세,B1/4,160,"2,000",102,99,남동향,20250502,"['25년이내', '역세권', '지하층', '주차가능']",37.657875,127.062738
2523418716,단지내상가,월세,2/15,60,"1,000",33,33,,20250502,"['25년이상', '융자금없는', '역세권', '지상층(1층제외)']",37.66149,127.072824
2523418919,일반상가,월세,3/5,90,"1,000",90,90,남향,20250502,"['25년이상', '중층', '관리비20만원이하', '총5층']",37.6638,127.066301
2523478465,일반상가,월세,5/8,96,"1,000",27,25,동향,20250502,"['25년이상', '융자금없는', '역세권', '중층']",37.656012,127.060564
2523418004,복합상가,월세,2/15,55,"1,000",31,31,,20250502,"['25년이상', '융자금없는', '역세권', '지상층(1층제외)']",37.66149,127.072824
2523275608,일반상가,매매,1/1,,"6억 5,000",42,35,남동향,20250502,"['10년이내', '1층', '관리비10만원이하', '주차가능']",37.665173,127.074745
2523419544,단지내상가,월세,1/2,200,"3,000",43,43,남동향,20250502,"['25년이내', '역세권', '1층', '주차가능']",37.681614,127.056597
2523218071,단지내상가,월세,1/9,145,"3,000",63,37,북향,20250502,"['25년이내', '역세권', '1층', '관리비20만원이하']",37.679128,127.054906
2523274262,일반상가,월세,2/3,55,"1,000",57,31,서향,20250502,"['25년이상', '역세권', '중층', '관리비20만원이하']",37.66149,127.072824
2523280525,일반상가,월세,1/7,210,"3,000",45,42,남향,20250502,"['10년이내', '역세권', '1층', '주차가능']",37.657146,127.065143
2523272757,일반상가,월세,1/4,350,1억,50,42,서향,20250502,"['25년이상', '역세권', '1층', '주차가능']",37.656698,127.062625
2523334672,일반상가,월세,B1/8,"1,200",2억,510,510,남동향,20250502,"['25년이상', '역세권', '지하층', '주차가능']",37.65399,127.057778
2523217379,일반상가,월세,3/6,350,"4,000",157,157,남향,20250502,"['15년이내', '역세권', '중층', '주차가능']",37.655517,127.065115
2523271547,일반상가,매매,1/3,,"1억 5,900",39,19,남동향,20250502,"['25년이상', '역세권', '1층', '관리비10만원이하']",37.66149,127.072824
2523270599,일반상가,월세,1/3,35,"1,000",29,14,남동향,20250502,"['25년이상', '역세권', '1층', '관리비10만원이하']",37.66149,127.072824
2523272827,일반상가,월세,2/3,50,800,66,33,북동향,20250502,"['25년이상', '융자금없는', '역세권', '중층']",37.66149,127.072824
2523272429,일반상가,매매,2/3,,2억,56,32,남동향,20250502,"['25년이상', '역세권', '중층', '관리비10만원이하']",37.66149,127.072824
2523579753,일반상가,매매,1/2,,"3억 6,000",28,28,북향,20250502,"['25년이상', '역세권', '1층', '주차가능']",37.658619,127.063202
2523584832,단지내상가,월세,1/2,85,"1,000",30,30,북서향,20250502,"['25년이상', '1층', '총2층', '북서향']",37.653749,127.06891
2523338645,일반상가,월세,1/4,500,1억,172,172,북향,20250502,"['25년이상', '역세권', '1층', '주차가능']",37.656766,127.066325
2523320295,일반상가,월세,2/8,314,"4,000",132,132,남향,20250502,"['25년이상', '역세권', '지상층(1층제외)', '주차가능']",37.656192,127.061507
2523579357,일반상가,월세,1/5,450,1억,38,33,서향,20250502,"['25년이상', '융자금없는', '역세권', '1층']",37.656698,127.062625
2523438486,단지내상가,월세,1/3,70,"1,000",28,28,북향,20250502,"['25년이상', '1층', '총3층', '북향']",37.659882,127.068284
2523561322,일반상가,월세,2/6,352,"4,000",95,90,북향,20250502,"['25년이상', '융자금없는', '역세권', '지상층(1층제외)']",37.651316,127.061795
2523440990,일반상가,월세,1/5,100,"2,000",29,29,서향,20250502,"['15년이내', '역세권', '1층', '주차가능']",37.676299,127.054467
2523574312,일반상가,월세,1/4,85,"2,000",64,64,남서향,20250502,"['25년이상', '융자금적은', '1층', '주차가능']",37.665648,127.069342
2523439685,일반상가,월세,1/3,45,"1,000",33,31,동향,20250502,"['25년이상', '융자금없는', '역세권', '1층']",37.676263,127.052533
2523285119,일반상가,월세,2/9,500,"6,000",330,188,남서향,20250502,"['10년이내', '역세권', '지상층(1층제외)', '주차가능']",37.676569,127.055668
2523286790,일반상가,매매,B1/6,,"4억 5,000",76,76,,20250502,"['25년이상', '역세권', '지하층']",37.648486,127.061975
2523339205,복합상가,월세,1/8,425,"5,000",105,105,서향,20250502,"['15년이내', '역세권', '1층', '주차가능']",37.656462,127.066169
2523271089,일반상가,월세,2/3,35,"1,000",39,19,남동향,20250502,"['25년이상', '융자금없는', '역세권', '중층']",37.66149,127.072824
2523267454,일반상가,월세,1/4,500,1억,41,34,동향,20250502,"['25년이상', '역세권', '1층', '총4층']",37.656402,127.062232
2523271928,일반상가,매매,2/3,,2억,39,20,남동향,20250502,"['25년이상', '역세권', '중층', '관리비20만원이하']",37.66149,127.072824
2523221202,일반상가,월세,3/3,150,"2,000",117,117,남향,20250502,"['25년이상', '역세권', '고층', '총3층']",37.656023,127.064762
2523528964,일반상가,월세,4/7,"1,785","2억 6,300",1086,830,남향,20250502,"['25년이상', '융자금없는', '역세권', '중층']",37.657133,127.062832
2523224347,복합상가,월세,B1/9,110,"2,000",94,94,북향,20250502,"['25년이상', '역세권', '지하층', '주차가능']",37.654385,127.062448
2523248453,일반상가,월세,1/9,430,1억,53,53,북향,20250502,"['25년이상', '역세권', '1층', '주차가능']",37.654445,127.062709
2523335339,일반상가,월세,1/3,105,"1,500",33,33,남동향,20250501,"['25년이상', '1층', '총3층', '남동향']",37.665094,127.067101
2523348569,일반상가,월세,1/4,140,"2,000",46,46,동향,20250501,"['25년이내', '융자금없는', '1층', '관리비10만원이하']",37.67087,127.056688
2523262933,일반상가,매매,B1/5,,3억,122,73,남향,20250501,"['25년이상', '역세권', '지하층', '총5층']",37.655032,127.06265
2523316298,일반상가,월세,1/2,60,"1,000",28,24,남향,20250501,"['25년이상', '1층', '주차가능', '총2층']",37.660767,127.067742
2523264965,일반상가,월세,4/7,280,"5,000",180,140,동향,20250501,"['25년이상', '융자금없는', '역세권', '중층']",37.657208,127.06235
2523274464,일반상가,월세,3/7,600,"5,000",246,246,남향,20250501,"['25년이상', '융자금적은', '역세권', '중층']",37.654916,127.059324
2523254117,일반상가,월세,4/8,700,1억,416,416,남동향,20250501,"['25년이내', '역세권', '중층', '주차가능']",37.657582,127.061841
2523276050,일반상가,월세,1/6,60,"1,000",33,28,서향,20250501,"['25년이상', '융자금없는', '1층', '주차가능']",37.66697,127.069701
2523313962,일반상가,월세,B1/7,380,1억,398,398,남향,20250501,"['25년이내', '역세권', '지하층', '주차가능']",37.675798,127.056522
2523364598,일반상가,월세,1/5,80,"1,000",105,26,북향,20250501,"['25년이상', '융자금없는', '역세권', '1층']",37.661618,127.070279
2523366098,일반상가,월세,1/2,60,"1,000",13,13,남향,20250501,"['25년이상', '융자금없는', '역세권', '1층']",37.663022,127.073209
2523363630,일반상가,월세,1/4,105,"1,500",36,33,동향,20250501,"['25년이상', '1층', '주차가능', '총4층']",37.665217,127.067109
2523338054,복합상가,매매,1/6,,"4억 5,000",28,28,서향,20250501,"['25년이상', '역세권', '1층', '관리비10만원이하']",37.650954,127.061136
2523377559,일반상가,월세,1/5,60,"1,000",43,33,동향,20250501,"['25년이상', '융자금적은', '역세권', '1층']",37.661159,127.070086
2523341329,일반상가,월세,B1/5,410,"5,000",363,363,남향,20250501,"['25년이상', '역세권', '지하층', '엘리베이터']",37.656824,127.063016
2523338842,일반상가,월세,2/6,600,"6,000",198,198,남향,20250501,"['25년이상', '역세권', '지상층(1층제외)', '주차가능']",37.65685,127.063382
2523198802,일반상가,월세,1/10,420,1억,98,53,북향,20250430,"['25년이상', '융자금적은', '역세권', '1층']",37.654445,127.062709
2523198969,일반상가,월세,1/1,130,"3,000",28,28,북향,20250430,"['25년이상', '융자금없는', '1층', '주차가능']",37.652316,127.065863
2523096167,단지내상가,월세,1/1,240,"3,000",119,76,남향,20250430,"['25년이내', '1층', '남향']",37.671983,127.056838
2523099818,일반상가,월세,4/14,"2,000",2억,542,427,남향,20250430,"['25년이내', '역세권', '지상층(1층제외)', '주차가능']",37.654269,127.059026
2523167131,일반상가,월세,1/4,280,"3,000",59,52,남동향,20250430,"['25년이상', '역세권', '1층', '주차가능']",37.657562,127.062363
2523072155,일반상가,월세,2/5,160,"2,000",120,110,북동향,20250430,"['25년이내', '역세권', '중층', '주차가능']",37.675403,127.056353
2523048400,단지내상가,월세,1/16,25,500,12,12,남동향,20250430,"['25년이상', '융자금없는', '역세권', '1층']",37.66149,127.072824
2523021768,일반상가,월세,6/7,300,"3,000",173,173,서향,20250430,"['25년이내', '융자금없는', '역세권', '고층']",37.655534,127.064546
2523059348,일반상가,월세,1/7,480,"7,000",33,33,북향,20250430,"['25년이상', '역세권', '1층', '주차가능']",37.656021,127.062775
2522606919,일반상가,매매,5/6,,"42억 6,000",1085,830,남향,20250430,"['25년이상', '역세권', '고층', '주차가능']",37.657133,127.062832
2523089410,일반상가,월세,1/4,50,"1,000",33,33,남서향,20250430,"['25년이상', '1층', '총4층', '남서향']",37.665026,127.072071
2523179504,일반상가,월세,B1/7,"1,080","1억 2,000",157,140,동향,20250430,"['10년이내', '역세권', '지하층', '주차가능']",37.656667,127.066462
2523053799,일반상가,월세,2/6,130,"1,500",70,60,남향,20250430,"['25년이상', '역세권', '지상층(1층제외)', '주차가능']",37.653918,127.061936
2523057910,일반상가,월세,3/8,150,"2,000",70,70,남서향,20250430,"['25년이상', '역세권', '중층', '주차가능']",37.656012,127.060564
2523141813,단지내상가,월세,1/4,80,"1,000",33,23,동향,20250430,"['25년이상', '융자금없는', '1층', '주차가능']",37.668789,127.053736
2523034931,일반상가,월세,2/6,800,1억,231,210,남향,20250430,"['25년이상', '융자금없는', '역세권', '지상층(1층제외)']",37.651755,127.061675
2523037262,일반상가,월세,1/4,230,"4,000",33,24,남향,20250430,"['25년이상', '역세권', '1층', '주차가능']",37.656912,127.062172
2523037298,일반상가,월세,1/7,200,"4,000",33,33,동향,20250430,"['25년이상', '역세권', '1층', '관리비20만원이하']",37.657208,127.06235
2523034912,일반상가,월세,1/5,94,"2,000",15,15,북향,20250430,"['25년이상', '융자금없는', '역세권', '1층']",37.656231,127.063785
2523109073,일반상가,월세,1/4,45,"1,000",40,28,동향,20250430,"['25년이상', '융자금없는', '역세권', '1층']",37.676263,127.052533
2523190077,일반상가,월세,3/4,70,"1,000",90,76,서향,20250430,"['25년이상', '고층', '주차가능', '총4층']",37.663165,127.0662
2523093089,일반상가,월세,3/5,65,"1,000",33,33,서향,20250430,"['25년이상', '역세권', '중층', '관리비10만원이하']",37.676387,127.052093
2523188627,일반상가,월세,2/4,150,"3,000",99,99,북향,20250430,"['25년이상', '융자금없는', '중층', '주차가능']",37.661407,127.066201
2523148534,단지내상가,월세,2/2,130,"3,000",73,73,남향,20250430,"['25년이상', '융자금없는', '고층', '관리비10만원이하']",37.664608,127.067412
2523203129,일반상가,월세,5/6,220,"5,000",104,73,동향,20250430,"['25년이상', '융자금없는', '역세권', '고층']",37.654516,127.063019
2523095906,단지내상가,매매,2/3,,"2억 8,000",60,37,남향,20250430,"['25년이상', '역세권', '중층', '총3층']",37.681586,127.054587
2523079528,단지내상가,매매,2/2,,5억,74,40,동향,20250430,"['25년이상', '역세권', '고층', '관리비10만원이하']",37.650068,127.062211
2523161279,복합상가,월세,1/7,"3,200","2억 5,000",276,276,남동향,20250430,"['10년이내', '역세권', '1층', '주차가능']",37.655231,127.062508
2523034979,일반상가,월세,5/5,100,"1,000",73,50,동향,20250430,"['25년이상', '융자금없는', '역세권', '고층']",37.648685,127.061869
2523197015,일반상가,월세,B1/7,110,"2,000",109,94,북향,20250430,"['25년이상', '융자금없는', '역세권', '지하층']",37.654385,127.062448
2523152800,일반상가,월세,1/8,220,"5,000",35,30,남서향,20250430,"['25년이상', '역세권', '1층', '주차가능']",37.656012,127.060564
2523110952,일반상가,월세,3/3,250,"2,500",161,161,남향,20250430,"['25년이상', '역세권', '고층', '총3층']",37.656373,127.065542
2523144643,일반상가,월세,4/4,130,"2,000",66,66,남향,20250430,"['25년이상', '역세권', '고층', '총4층']",37.654397,127.058163
2523112277,일반상가,매매,1/4,,4억,28,19,서향,20250430,"['25년이상', '1층', '관리비20만원이하', '주차가능']",37.663221,127.077161
2523184810,일반상가,월세,4/4,400,"5,000",95,91,,20250430,"['25년이상', '역세권', '고층', '주차가능']",37.655985,127.064898
2523139626,단지내상가,월세,3/6,110,"2,000",65,65,동향,20250430,"['25년이상', '역세권', '중층', '주차가능']",37.650424,127.061275
2523200372,일반상가,월세,1/4,"1,170","2억 1,000",368,100,북향,20250430,"['25년이상', '역세권', '1층', '총4층']",37.655399,127.063109
2523211132,일반상가,월세,3/4,500,"5,000",332,325,,20250430,"['25년이상', '역세권', '고층', '주차가능']",37.655985,127.064898
2523150115,일반상가,월세,1/8,270,"3,000",40,34,남향,20250430,"['25년이상', '역세권', '1층', '주차가능']",37.656052,127.06084
2523209996,일반상가,월세,B1/7,110,"2,000",94,94,남향,20250430,"['25년이상', '융자금없는', '역세권', '지하층']",37.654385,127.062448
2522882783,단지내상가,매매,1/2,,"4억 7,000",37,33,남동향,20250429,"['2년이내', '1층', '총2층', '남동향']",37.664959,127.077861
2522796623,일반상가,월세,3/8,800,1억,447,359,남동향,20250429,"['25년이내', '융자금없는', '역세권', '중층']",37.657582,127.061841
2522895882,일반상가,월세,1/3,350,"4,000",60,55,남향,20250429,"['25년이상', '역세권', '1층', '총3층']",37.65645,127.064618
2522818657,일반상가,월세,3/3,160,"2,000",164,99,북서향,20250429,"['25년이상', '역세권', '고층', '총3층']",37.656622,127.06558
2522992618,일반상가,월세,B1/6,150,"2,000",142,142,남향,20250429,"['25년이상', '역세권', '지하층', '주차가능']",37.674808,127.054741
2522988523,단지내상가,매매,2/15,,2억,32,32,동향,20250429,"['25년이상', '역세권', '급매', '지상층(1층제외)']",37.66149,127.072824
2522922189,일반상가,월세,7/8,243,"4,000",228,132,남동향,20250429,"['25년이상', '역세권', '고층', '주차가능']",37.656192,127.061507
2522794645,일반상가,월세,6/6,100,"1,000",89,89,서향,20250429,"['25년이상', '역세권', '고층', '주차가능']",37.650562,127.062
2522788807,일반상가,월세,1/5,450,1억,41,34,동향,20250429,"['25년이상', '융자금없는', '역세권', '1층']",37.656402,127.062232
2522794468,일반상가,월세,4/6,400,"5,000",192,192,북향,20250429,"['25년이내', '역세권', '중층', '북향']",37.655591,127.063993
2522792623,일반상가,매매,1/5,,"4억 8,000",64,64,북향,20250429,"['25년이내', '1층', '급매', '주차가능']",37.673697,127.053209
2522795584,일반상가,월세,1/4,250,"5,000",33,33,남향,20250429,"['25년이상', '역세권', '1층', '천장에어컨']",37.656912,127.062172
2522912453,단지내상가,월세,2/4,380,"1,000",299,299,남향,20250429,"['25년이상', '중층', '주차가능', '총4층']",37.648145,127.057582
2522970782,일반상가,월세,3/4,190,"4,000",132,132,남향,20250429,"['25년이상', '역세권', '고층', '주차가능']",37.653993,127.062266
2522906724,일반상가,월세,4/4,25,100,8,8,서향,20250429,"['25년이상', '역세권', '고층', '총4층']",37.654724,127.058476
2522868748,복합상가,월세,4/6,250,"2,500",118,118,동향,20250429,"['25년이상', '융자금없는', '역세권', '중층']",37.650954,127.061136
2522805209,일반상가,월세,2/3,800,1억,330,330,남서향,20250429,"['25년이상', '역세권', '중층', '주차가능']",37.657385,127.066755
2522877084,일반상가,월세,B1/7,800,1억,390,390,동향,20250429,"['10년이내', '역세권', '지하층', '주차가능']",37.656667,127.066462
2522797008,일반상가,월세,1/4,190,"4,000",33,33,서향,20250429,"['25년이상', '역세권', '1층', '엘리베이터']",37.657008,127.062543
2522877494,일반상가,월세,1/4,300,1억,33,26,남향,20250429,"['25년이상', '역세권', '1층', '총4층']",37.6564,127.061795
2522796142,단지내상가,월세,1/10,330,"6,000",69,50,남향,20250429,"['25년이상', '역세권', '1층', '주차가능']",37.656096,127.061058
2522939259,일반상가,월세,2/2,60,"1,000",25,25,동향,20250429,"['25년이상', '고층', '총2층', '동향']",37.64676,127.059554
2522908122,단지내상가,월세,1/3,150,"3,000",37,31,남동향,20250429,"['25년이상', '1층', '관리비10만원이하', '주차가능']",37.664782,127.068067
2522921456,일반상가,월세,2/8,600,1억,377,175,남서향,20250429,"['25년이상', '역세권', '지상층(1층제외)', '주차가능']",37.65399,127.057778
2522982973,일반상가,월세,3/4,240,"3,000",291,264,서향,20250429,"['25년이상', '고층', '주차가능', '총4층']",37.662194,127.06608
2523008902,일반상가,월세,B1/4,50,300,59,59,서향,20250429,"['25년이상', '지하층', '총4층', '서향']",37.662474,127.066088
2522890811,일반상가,월세,1/4,155,"1,200",42,42,북동향,20250429,"['25년이상', '융자금없는', '역세권', '1층']",37.657362,127.061923
2522879301,일반상가,월세,B1/3,110,"1,500",184,170,북서향,20250429,"['25년이상', '지하층', '총3층', '북서향']",37.660395,127.069271
2522805254,일반상가,월세,1/4,250,"4,000",33,18,서향,20250429,"['25년이상', '융자금없는', '역세권', '1층']",37.6564,127.061795
2522815536,일반상가,월세,1/4,80,"1,500",39,33,서향,20250429,"['25년이상', '융자금없는', '역세권', '1층']",37.662435,127.069811
2523005172,일반상가,월세,2/4,80,"1,000",117,117,남향,20250429,"['25년이상', '융자금없는', '중층', '총4층']",37.664831,127.069015
2522888204,일반상가,월세,4/4,400,"7,000",326,195,남향,20250429,"['25년이상', '고층', '주차가능', '총4층']",37.664714,127.066009
2522897970,일반상가,월세,1/10,600,1억,139,139,남향,20250429,"['15년이내', '역세권', '1층', '주차가능']",37.656462,127.066169
2522958442,일반상가,월세,2/5,70,"2,000",119,119,남동향,20250429,"['25년이상', '중층', '총5층', '남동향']",37.665464,127.069284
2522907421,일반상가,월세,5/5,220,"3,000",229,229,남향,20250429,"['25년이상', '융자금없는', '역세권', '고층']",37.653233,127.058855
2522896463,일반상가,월세,5/5,100,"1,000",56,56,동향,20250429,"['25년이상', '역세권', '고층', '총5층']",37.648685,127.061869
2522907751,일반상가,월세,3/5,160,"2,000",79,79,남동향,20250429,"['25년이상', '역세권', '중층', '주차가능']",37.648685,127.061869
2522937680,일반상가,월세,1/2,65,"1,000",43,43,,20250429,"['25년이상', '역세권', '1층', '총2층']",37.662587,127.072552
2522903190,일반상가,월세,B1/2,40,500,59,55,북서향,20250429,"['25년이상', '지하층', '총2층', '북서향']",37.656445,127.069312
2522958260,일반상가,월세,4/6,200,"2,000",148,99,동향,20250429,"['25년이상', '융자금없는', '역세권', '중층']",37.652944,127.060537
2522898638,일반상가,월세,1/8,494,1억,60,50,북향,20250429,"['25년이상', '역세권', '1층', '주차가능']",37.655684,127.062341
2522899339,일반상가,월세,5/6,410,1억,189,160,남향,20250429,"['15년이내', '역세권', '고층', '주차가능']",37.656515,127.061926
2522903752,일반상가,월세,1/4,95,"2,000",33,31,북향,20250429,"['25년이상', '역세권', '1층', '총4층']",37.661433,127.070468
2522921008,단지내상가,월세,1/2,40,300,65,21,남향,20250429,"['25년이상', '융자금없는', '1층', '총2층']",37.665502,127.07013
2522881978,일반상가,월세,2/10,290,"5,000",153,113,남향,20250429,"['15년이내', '역세권', '지상층(1층제외)', '주차가능']",37.656462,127.066169
2522805220,일반상가,월세,1/1,120,"3,000",23,23,남향,20250429,"['25년이상', '융자금없는', '역세권', '1층']",37.65677,127.064707
2522942211,복합상가,월세,3/6,280,"3,000",150,150,남향,20250429,"['25년이상', '역세권', '중층', '주차가능']",37.653282,127.059079
2522796932,일반상가,월세,5/7,280,"5,000",185,185,남향,20250429,"['25년이상', '역세권', '고층', '주차가능']",37.657208,127.06235
2522815876,복합상가,매매,B1/6,,7억,189,136,남향,20250429,"['25년이상', '역세권', '지하층', '주차가능']",37.654516,127.063019
2522816173,복합상가,월세,1/2,150,"2,000",53,53,북향,20250429,"['25년이상', '융자금없는', '역세권', '1층']",37.65239,127.060648
2522805279,일반상가,월세,B2/10,150,"3,000",150,135,남향,20250429,"['25년이상', '융자금없는', '역세권', '지하층']",37.656096,127.061058
2522960286,일반상가,월세,1/10,600,1억,219,139,남서향,20250429,"['15년이내', '역세권', '1층', '주차가능']",37.656462,127.066169
2522905621,일반상가,월세,5/5,200,"2,000",177,150,북서향,20250429,"['25년이상', '역세권', '고층', '주차가능']",37.65584,127.065356
2522882911,일반상가,월세,1/7,200,"4,000",39,39,동향,20250429,"['25년이상', '역세권', '1층', '주차가능']",37.657208,127.06235
2522895047,일반상가,월세,5/7,270,"5,000",192,166,동향,20250429,"['25년이내', '역세권', '고층', '주차가능']",37.677975,127.055739
2522928396,일반상가,월세,B1/2,75,700,83,83,북동향,20250429,"['25년이상', '역세권', '지하층', '총2층']",37.659473,127.069778
2523002821,일반상가,월세,1/6,"3,200","2억 5,000",277,277,동향,20250429,"['10년이내', '역세권', '1층', '주차가능']",37.655231,127.062508
2522866723,일반상가,월세,B1/5,600,1억,168,168,남향,20250429,"['2년이내', '테라스', '역세권', '지하층']",37.656503,127.063023
2522901619,일반상가,월세,1/9,"2,300",5억,265,133,서향,20250429,"['25년이상', '역세권', '1층', '주차가능']",37.653245,127.061336
2522906962,일반상가,매매,4/8,,"1,600",3,3,남향,20250429,"['25년이내', '역세권', '중층', '주차가능']",37.65543,127.064096
2523009074,복합상가,월세,3/10,300,"4,000",36,36,서향,20250429,"['25년이상', '역세권', '지상층(1층제외)', '주차가능']",37.655228,127.063571
2522938434,단지내상가,매매,1/3,,3억,36,36,,20250429,"['25년이상', '1층', '주차가능', '총3층']",37.664859,127.065492
2522971310,복합상가,월세,B1/5,150,"3,000",132,132,서향,20250429,"['25년이상', '역세권', '지하층', '관리비20만원이하']",37.656698,127.062625
2523009842,단지내상가,월세,2/5,100,"2,000",101,100,서향,20250429,"['25년이내', '중층', '총5층', '서향']",37.665407,127.066572
2522962682,복합상가,월세,2/8,"2,500",2억,1397,1397,남향,20250429,"['25년이내', '역세권', '지상층(1층제외)', '주차가능']",37.655432,127.064207
2522867387,일반상가,월세,B1/7,800,1억,431,390,동향,20250429,"['10년이내', '역세권', '지하층', '주차가능']",37.656667,127.066462
2522796453,복합상가,월세,1/10,200,"5,000",83,43,서향,20250429,"['25년이내', '역세권', '1층', '주차가능']",37.658341,127.061643
2522893524,일반상가,월세,1/8,280,"6,000",46,44,남향,20250429,"['25년이상', '역세권', '1층', '주차가능']",37.656052,127.06084
2522843115,일반상가,월세,2/6,800,1억,230,200,서향,20250429,"['25년이상', '역세권', '지상층(1층제외)', '주차가능']",37.651755,127.061675
2522816778,일반상가,월세,7/7,350,"3,000",143,143,남향,20250429,"['25년이상', '융자금없는', '역세권', '고층']",37.654916,127.059324
2523004804,일반상가,월세,2/4,75,"2,000",95,95,남서향,20250429,"['25년이상', '융자금없는', '역세권', '중층']",37.664198,127.07306
2522891892,일반상가,월세,1/6,282,"6,000",55,55,서향,20250429,"['25년이상', '역세권', '1층', '관리비20만원이하']",37.650757,127.061944
2522878416,단지내상가,월세,1/15,120,"2,500",28,22,남동향,20250429,"['25년이상', '역세권', '1층', '주차가능']",37.66149,127.072824
2522892676,일반상가,월세,1/13,325,"5,000",40,40,동향,20250429,"['25년이상', '역세권', '1층', '주차가능']",37.654455,127.063708
2522888852,일반상가,월세,1/4,157,"4,000",34,34,남향,20250429,"['25년이상', '역세권', '1층', '주차가능']",37.653993,127.062266
2522895239,일반상가,월세,6/8,240,"3,300",224,145,남동향,20250429,"['25년이상', '역세권', '고층', '주차가능']",37.656192,127.061507
2522894625,일반상가,매매,2/8,,"2,000",3,3,남향,20250429,"['25년이내', '역세권', '지상층(1층제외)', '관리비10만원이하']",37.655361,127.064145
2522817640,일반상가,매매,B1/8,,"4억 2,000",75,75,남서향,20250429,"['25년이상', '역세권', '지하층', '주차가능']",37.656012,127.060564
2522856292,단지내상가,매매,B1/3,,"8,000",13,13,서향,20250429,"['25년이상', '지하층', '총3층', '서향']",37.664859,127.065492
2522894653,일반상가,월세,1/5,120,"2,000",31,31,남향,20250429,"['25년이상', '역세권', '1층', '주차가능']",37.659044,127.062474
2522899531,일반상가,월세,B1/7,180,"4,000",122,122,남향,20250429,"['25년이상', '역세권', '지하층', '주차가능']",37.654385,127.062448
2522860273,일반상가,월세,4/6,650,1억,198,198,서향,20250429,"['25년이상', '융자금없는', '역세권', '중층']",37.653752,127.061191
2522869914,일반상가,월세,3/5,170,"4,000",128,128,남향,20250429,"['25년이상', '역세권', '중층', '관리비20만원이하']",37.661592,127.057101
2522894334,일반상가,월세,1/4,230,"5,000",33,25,동향,20250429,"['25년이상', '역세권', '1층', '관리비20만원이하']",37.656912,127.062172
2522893893,일반상가,월세,4/4,120,"3,000",120,100,서향,20250429,"['25년이상', '역세권', '고층', '주차가능']",37.6564,127.061795
2522891361,일반상가,월세,1/10,400,"5,000",76,62,남향,20250429,"['15년이내', '역세권', '1층', '주차가능']",37.656462,127.066169
2522880591,복합상가,월세,1/2,75,"1,500",33,33,서향,20250429,"['25년이상', '1층', '총2층', '서향']",37.659752,127.068438
2522857823,일반상가,월세,1/5,65,"1,300",33,33,남향,20250429,"['25년이상', '1층', '주차가능', '총5층']",37.671676,127.058048
2522866655,일반상가,월세,1/2,60,"1,000",14,14,남동향,20250429,"['25년이상', '역세권', '1층', '총2층']",37.663022,127.073209
2522775267,일반상가,월세,1/20,200,"2,500",50,23,남향,20250429,"['4년이내', '융자금없는', '역세권', '1층']",37.655061,127.058731
2522791786,일반상가,월세,1/12,330,"6,000",50,50,남향,20250429,"['25년이상', '역세권', '1층', '주차가능']",37.656096,127.061058
2522543151,일반상가,월세,3/4,100,"1,000",87,72,북향,20250428,"['25년이상', '역세권', '고층', '관리비10만원이하']",37.658447,127.059995
2522613164,일반상가,월세,1/6,240,"4,000",58,58,서향,20250428,"['25년이상', '역세권', '1층', '주차가능']",37.651989,127.06161
2522557023,일반상가,월세,6/7,320,"5,000",217,217,남향,20250428,"['25년이내', '역세권', '고층', '주차가능']",37.675798,127.056522
2522611412,일반상가,월세,1/4,150,"1,000",33,33,남동향,20250428,"['25년이상', '융자금없는', '역세권', '1층']",37.65618,127.066062
2522595138,일반상가,월세,1/4,180,"3,000",28,25,서향,20250428,"['25년이상', '역세권', '1층', '주차가능']",37.657875,127.062738
2522626629,일반상가,월세,3/4,85,"1,500",90,82,동향,20250428,"['25년이상', '역세권', '고층', '주차가능']",37.657947,127.070836
2522636721,일반상가,월세,B1/4,340,"5,000",175,138,남향,20250428,"['25년이상', '융자금없는', '역세권', '지하층']",37.656912,127.062172
2522561005,일반상가,월세,B1/5,140,"3,000",91,91,북향,20250428,"['25년이상', '역세권', '지하층', '관리비20만원이하']",37.656231,127.063785
2522607804,단지내상가,매매,1/15,,"1억 8,000",14,14,남동향,20250428,"['25년이상', '역세권', '1층', '관리비10만원이하']",37.66149,127.072824
2522604162,일반상가,매매,3/6,,18억,248,248,북향,20250428,"['25년이상', '역세권', '중층', '주차가능']",37.650601,127.061229
2522629254,일반상가,월세,B1/6,250,"3,000",158,158,남향,20250428,"['25년이내', '역세권', '지하층', '주차가능']",37.655694,127.065418
2522471421,일반상가,월세,1/1,150,"4,000",40,40,남동향,20250428,"['25년이상', '역세권', '1층', '남동향']",37.676451,127.056175
2522460837,일반상가,월세,1/8,420,"5,500",30,30,동향,20250428,"['25년이상', '역세권', '1층', '주차가능']",37.666565,127.056946
2522479948,복합상가,월세,4/7,"1,785","2억 6,300",830,830,남향,20250428,"['25년이상', '융자금없는', '역세권', '중층']",37.657133,127.062832
2522471231,일반상가,월세,1/5,50,"1,000",31,31,남동향,20250428,"['25년이상', '역세권', '1층', '총5층']",37.669714,127.080917
2522471258,일반상가,월세,1/5,65,"1,300",39,39,남동향,20250428,"['25년이내', '융자금없는', '1층', '주차가능']",37.671676,127.058048
2522471856,단지내상가,월세,1/1,230,"3,000",76,76,남동향,20250428,"['25년이내', '1층', '주차가능', '남동향']",37.671983,127.056838
2522471457,일반상가,월세,1/5,600,1억,39,39,남향,20250428,"['2년이내', '역세권', '1층', '주차가능']",37.656503,127.063023
2522480018,복합상가,월세,1/3,200,"3,000",28,28,남향,20250428,"['25년이내', '융자금없는', '역세권', '1층']",37.657633,127.06399
2522480907,일반상가,월세,1/2,720,"1억 2,000",46,46,남향,20250428,"['25년이상', '융자금없는', '역세권', '1층']",37.656482,127.062689
2522471247,일반상가,월세,3/3,120,"2,000",90,90,남동향,20250428,"['25년이상', '고층', '관리비20만원이하', '주차가능']",37.670743,127.055755
2522471276,일반상가,월세,1/5,80,"1,000",27,27,북동향,20250428,"['25년이상', '역세권', '1층', '총5층']",37.661618,127.070279
2522493022,일반상가,월세,1/4,350,1억,55,42,서향,20250428,"['25년이상', '융자금없는', '역세권', '1층']",37.656698,127.062625
2522496456,일반상가,월세,6/6,100,"1,000",80,50,서향,20250428,"['25년이상', '역세권', '고층', '관리비10만원이하']",37.650562,127.062
2522492980,복합상가,월세,1/4,480,"3,000",277,80,동향,20250428,"['25년이상', '융자금없는', '역세권', '1층']",37.655985,127.064898
2522502931,일반상가,월세,1/3,460,"7,000",15,15,서향,20250428,"['25년이상', '역세권', '1층', '주차가능']",37.655664,127.06289
2522523780,일반상가,월세,1/4,120,"6,000",75,75,북동향,20250428,"['25년이상', '1층', '주차가능', '총4층']",37.673278,127.051735
2522492992,일반상가,월세,1/4,160,"3,000",24,24,서향,20250428,"['25년이상', '융자금없는', '역세권', '1층']",37.657094,127.061736
2522492955,일반상가,월세,1/5,320,"6,000",77,77,남향,20250428,"['15년이내', '융자금없는', '역세권', '1층']",37.656912,127.065155
2522492162,일반상가,월세,1/7,900,"1억 5,000",334,285,남동향,20250428,"['25년이내', '융자금없는', '역세권', '1층']",37.657154,127.063264
2522521005,일반상가,월세,1/5,130,"3,000",56,56,동향,20250428,"['10년이내', '역세권', '1층', '주차가능']",37.674851,127.052462
2522492206,일반상가,월세,2/6,140,"1,500",39,39,북향,20250428,"['15년이내', '융자금없는', '역세권', '지상층(1층제외)']",37.655603,127.065095
2522492682,일반상가,월세,2/6,260,"3,000",69,69,남향,20250428,"['15년이내', '융자금없는', '역세권', '지상층(1층제외)']",37.655517,127.065115
2522492911,일반상가,월세,2/4,200,"2,000",135,135,남향,20250428,"['25년이내', '융자금없는', '역세권', '중층']",37.675025,127.058254
2522492886,일반상가,월세,4/7,250,"4,000",228,138,동향,20250428,"['25년이상', '융자금없는', '역세권', '중층']",37.656192,127.061507
2522598832,일반상가,월세,1/4,600,"6,000",89,89,동향,20250428,"['25년이상', '역세권', '1층', '주차가능']",37.655985,127.064898
2522471444,단지내상가,월세,1/12,100,"1,000",95,95,남동향,20250428,"['25년이상', '1층', '주차가능', '남동향']",37.671184,127.057247
2522563943,일반상가,월세,7/7,290,"4,000",178,100,남향,20250428,"['25년이상', '역세권', '고층', '주차가능']",37.654229,127.061755
2522553922,일반상가,월세,B1/4,340,"5,600",148,148,남동향,20250428,"['25년이상', '융자금적은', '역세권', '지하층']",37.656912,127.062172
2522565851,일반상가,월세,2/5,130,"2,000",84,84,서향,20250428,"['25년이상', '중층', '관리비10만원이하', '주차가능']",37.665513,127.066588
2522575370,복합상가,월세,B2/10,250,"5,000",204,204,남향,20250428,"['25년이상', '역세권', '지하층', '주차가능']",37.656096,127.061058
2522596066,복합상가,월세,1/10,420,"5,000",100,100,남서향,20250428,"['15년이내', '역세권', '1층', '주차가능']",37.656462,127.066169
2522549451,일반상가,월세,2/5,330,"5,000",176,176,북서향,20250428,"['25년이내', '역세권', '중층', '주차가능']",37.673967,127.055858
2522586595,일반상가,월세,1/10,420,"5,000",105,105,남서향,20250428,"['15년이내', '역세권', '1층', '주차가능']",37.656462,127.066169
2522559172,단지내상가,월세,1/2,65,"2,000",21,13,북향,20250428,"['25년이상', '역세권', '1층', '관리비10만원이하']",37.661468,127.059402
2522572125,일반상가,월세,1/2,60,"1,000",23,23,북향,20250428,"['25년이상', '역세권', '1층', '총2층']",37.674993,127.052736
2522553541,복합상가,월세,2/9,290,"3,000",62,62,남향,20250428,"['25년이상', '융자금없는', '역세권', '지상층(1층제외)']",37.655228,127.063571
2522519288,일반상가,월세,1/5,120,"2,000",33,33,서향,20250428,"['15년이내', '역세권', '1층', '관리비10만원이하']",37.676299,127.054467
2522611117,일반상가,월세,1/6,210,"4,000",33,26,동향,20250428,"['25년이상', '융자금없는', '역세권', '1층']",37.665104,127.057321
2522634341,복합상가,월세,3/15,230,"3,000",120,108,동향,20250428,"['25년이내', '역세권', '지상층(1층제외)', '관리비10만원이하']",37.68027,127.054905
2522600023,복합상가,월세,1/6,450,"5,000",36,36,,20250428,"['10년이내', '역세권', '1층', '주차가능']",37.655231,127.062508
2522610767,단지내상가,월세,2/4,380,"1,000",299,238,남향,20250428,"['25년이상', '중층', '주차가능', '총4층']",37.648145,127.057582
2522634041,일반상가,월세,1/5,410,"7,800",82,82,남향,20250428,"['25년이내', '융자금없는', '역세권', '1층']",37.657998,127.062399
2522633441,일반상가,월세,B1/4,50,"1,000",126,126,서향,20250428,"['25년이상', '지하층', '총4층', '서향']",37.660019,127.06742
2522601925,일반상가,월세,1/7,350,"7,000",34,34,,20250428,"['15년이내', '역세권', '1층', '주차가능']",37.656515,127.061926
2522606161,일반상가,월세,1/6,170,"3,000",33,30,북향,20250428,"['25년이상', '융자금없는', '역세권', '1층']",37.653918,127.061936
2522611049,일반상가,월세,4/5,120,"2,000",84,84,서향,20250428,"['25년이상', '고층', '관리비10만원이하', '주차가능']",37.665513,127.066588
2522612151,일반상가,월세,1/3,70,"1,000",38,33,동향,20250428,"['25년이내', '역세권', '1층', '주차가능']",37.661302,127.069981
2522601284,일반상가,월세,7/13,869,"8,697",718,271,남향,20250428,"['25년이상', '융자금없는', '역세권', '중층']",37.654488,127.059947
2522609794,일반상가,월세,1/7,120,"2,500",25,25,남향,20250428,"['25년이상', '융자금없는', '역세권', '1층']",37.654385,127.062448
2522629099,일반상가,월세,1/4,144,"2,000",33,26,남향,20250428,"['25년이상', '융자금없는', '역세권', '1층']",37.654043,127.062487
2522641014,일반상가,월세,1/6,210,"5,000",39,34,서향,20250428,"['25년이상', '역세권', '1층', '관리비20만원이하']",37.65093,127.061889
2522639846,일반상가,월세,B1/6,70,"1,000",75,68,남향,20250428,"['25년이상', '융자금없는', '역세권', '지하층']",37.653918,127.061936
2522641694,복합상가,월세,1/15,400,"5,000",101,101,서향,20250428,"['25년이내', '융자금없는', '역세권', '1층']",37.662189,127.070206
2522659639,일반상가,월세,1/10,"1,079","1억 7,000",228,215,서향,20250428,"['25년이상', '융자금없는', '역세권', '1층']",37.654324,127.062179
2522646250,일반상가,월세,1/3,90,"1,000",60,52,남동향,20250428,"['25년이상', '역세권', '1층', '총3층']",37.661698,127.071682
2522637004,일반상가,월세,1/5,300,"8,000",83,69,서향,20250428,"['15년이내', '융자금없는', '1층', '주차가능']",37.68709,127.053052
2522643514,일반상가,월세,3/10,310,"4,000",261,148,남동향,20250428,"['25년이상', '융자금없는', '역세권', '지상층(1층제외)']",37.655315,127.059866
2522647461,일반상가,월세,1/2,60,"1,000",29,26,동향,20250428,"['25년이상', '1층', '총2층', '동향']",37.65914,127.068995
2522639020,일반상가,월세,1/6,500,"8,000",49,49,남향,20250428,"['25년이상', '역세권', '1층', '엘리베이터']",37.655032,127.06265
2522666593,일반상가,월세,1/6,140,"1,500",40,38,남향,20250428,"['15년이내', '1층', '관리비10만원이하', '주차가능']",37.672929,127.056935
2522648405,일반상가,월세,1/6,80,"2,000",31,22,서향,20250428,"['25년이상', '역세권', '1층', '관리비20만원이하']",37.665352,127.057241
2522661986,일반상가,월세,2/3,200,"4,000",138,132,동향,20250428,"['25년이상', '중층', '주차가능', '총3층']",37.670743,127.055755
2522661320,단지내상가,매매,2/3,,"4억 4,000",95,82,남향,20250428,"['25년이내', '역세권', '중층', '주차가능']",37.657633,127.06399
2522636865,일반상가,월세,6/6,100,"1,000",66,59,서향,20250428,"['25년이상', '역세권', '고층', '엘리베이터']",37.650562,127.062
2522659229,복합상가,월세,B1/5,200,"4,000",131,131,서향,20250428,"['25년이상', '역세권', '지하층', '주차가능']",37.656698,127.062625
2522640035,일반상가,월세,1/8,240,"4,000",59,59,,20250428,"['25년이상', '역세권', '1층', '관리비20만원이하']",37.651989,127.06161
2522679989,일반상가,월세,5/12,270,"5,000",203,109,서향,20250428,"['25년이내', '역세권', '중층', '서향']",37.653493,127.05845
2522671596,일반상가,월세,9/9,80,"1,000",23,23,남향,20250428,"['25년이상', '융자금없는', '역세권', '고층']",37.654567,127.058919
2522704761,일반상가,월세,3/5,110,"2,000",70,66,동향,20250428,"['25년이상', '융자금없는', '역세권', '중층']",37.650424,127.061275
2522707091,일반상가,월세,2/6,240,"5,000",140,124,동향,20250428,"['25년이상', '융자금없는', '역세권', '지상층(1층제외)']",37.650601,127.061229
2522602922,일반상가,월세,2/5,380,"7,000",324,324,남서향,20250428,"['25년이내', '융자금없는', '역세권', '중층']",37.65918,127.070749
2522708669,단지내상가,월세,1/2,150,"2,000",100,78,북향,20250428,"['25년이상', '1층', '주차가능', '총2층']",37.666959,127.052556
2522697841,일반상가,월세,B1/5,200,"5,000",255,223,동향,20250428,"['25년이상', '융자금없는', '역세권', '지하층']",37.649408,127.062312
2522692543,일반상가,월세,1/4,120,"2,000",58,52,서향,20250428,"['25년이상', '융자금없는', '1층', '주차가능']",37.662474,127.066088
2522703044,일반상가,월세,B1/8,100,"1,200",80,60,남향,20250428,"['25년이상', '융자금없는', '역세권', '지하층']",37.656052,127.06084
2522710085,일반상가,월세,1/13,175,"2,828",50,40,서향,20250428,"['15년이내', '융자금없는', '역세권', '1층']",37.654455,127.063708
2522697097,일반상가,월세,1/2,155,"2,500",50,43,북동향,20250428,"['25년이내', '역세권', '1층', '주차가능']",37.657447,127.062162
2522705818,일반상가,월세,2/6,130,"1,500",75,60,남향,20250428,"['25년이상', '융자금없는', '역세권', '지상층(1층제외)']",37.653918,127.061936
2522710761,일반상가,월세,2/4,160,"4,000",116,116,남향,20250428,"['25년이내', '융자금없는', '역세권', '중층']",37.675629,127.056854
2522720329,일반상가,월세,4/5,250,"3,000",190,181,북향,20250428,"['25년이상', '융자금없는', '역세권', '고층']",37.656113,127.063475
2522758350,일반상가,월세,4/4,400,"7,000",360,326,남향,20250428,"['25년이상', '융자금없는', '고층', '주차가능']",37.664714,127.066009
2522659974,일반상가,월세,1/4,140,"2,000",50,46,서향,20250428,"['25년이상', '1층', '관리비10만원이하', '주차가능']",37.67087,127.056688
2522740582,일반상가,매매,1/15,,"1억 5,900",19,19,서향,20250428,"['25년이상', '역세권', '1층', '관리비10만원이하']",37.66149,127.072824
2522745439,일반상가,월세,6/6,600,"8,000",453,226,서향,20250428,"['25년이상', '융자금적은', '역세권', '고층']",37.653752,127.061191
2522753115,일반상가,월세,3/4,250,"5,000",148,132,남서향,20250428,"['25년이상', '융자금적은', '역세권', '고층']",37.656912,127.062172
2522746215,일반상가,월세,2/7,"1,724","2억 1,000",935,465,남향,20250428,"['25년이상', '융자금적은', '역세권', '지상층(1층제외)']",37.657133,127.062832
2522739321,일반상가,월세,2/6,130,"1,500",92,60,남향,20250428,"['25년이상', '융자금없는', '역세권', '지상층(1층제외)']",37.653918,127.061936
2522746731,단지내상가,월세,2/2,70,"1,000",31,31,동향,20250428,"['25년이상', '고층', '관리비10만원이하', '주차가능']",37.651658,127.067429
2522759795,일반상가,월세,1/3,50,"1,000",23,23,서향,20250428,"['25년이상', '1층', '주차가능', '총3층']",37.659634,127.066812
2522729575,단지내상가,매매,3/3,,"6억 5,000",247,184,북동향,20250428,"['25년이상', '고층', '총3층', '보안']",37.664859,127.065492
2522730189,단지내상가,매매,3/3,,"2억 3,000",91,68,북동향,20250428,"['25년이상', '고층', '총3층', '보안']",37.664859,127.065492
2522748941,일반상가,월세,1/5,400,"8,800",33,33,서향,20250428,"['25년이상', '역세권', '1층', '주차가능']",37.656698,127.062625
2522709178,일반상가,월세,1/3,100,"2,000",50,43,서향,20250428,"['25년이상', '1층', '주차가능', '총3층']",37.672956,127.057209
2522765547,복합상가,월세,1/4,145,"1,200",43,43,북향,20250428,"['25년이상', '융자금없는', '역세권', '1층']",37.657362,127.061923
2522772853,일반상가,월세,1/7,90,"1,000",32,22,동향,20250428,"['25년이상', '역세권', '1층', '관리비10만원이하']",37.650757,127.061944
2522769064,일반상가,월세,1/5,168,"3,000",36,36,남향,20250428,"['25년이내', '융자금없는', '역세권', '1층']",37.657998,127.062399
2522774366,일반상가,월세,2/4,200,"4,000",139,139,남동향,20250428,"['25년이상', '융자금없는', '중층', '주차가능']",37.670743,127.055755
2522737444,단지내상가,월세,B1/2,60,"2,000",40,40,동향,20250428,"['25년이상', '역세권', '급매', '지하층']",37.665863,127.057049
2522746254,일반상가,월세,1/4,80,"1,000",29,29,동향,20250428,"['25년이상', '역세권', '1층', '총4층']",37.662377,127.072334
2522657040,일반상가,매매,B2/10,,"5억 3,000",255,183,남향,20250428,"['25년이상', '역세권', '지하층', '주차가능']",37.656096,127.061058
2522665242,일반상가,월세,2/4,130,"3,000",99,98,남향,20250428,"['25년이상', '중층', '주차가능', '총4층']",37.661611,127.066149
2522657482,일반상가,매매,1/7,,"6억 9,000",34,29,동향,20250428,"['25년이상', '역세권', '1층', '주차가능']",37.657133,127.062832
2522643336,일반상가,월세,1/5,200,"4,000",38,33,동향,20250428,"['25년이상', '융자금없는', '역세권', '1층']",37.657208,127.06235
2522647207,일반상가,매매,B1/6,,7억,190,136,동향,20250428,"['25년이상', '역세권', '지하층', '주차가능']",37.654516,127.063019
2522640395,일반상가,월세,1/8,250,"4,400",66,66,서향,20250428,"['25년이상', '역세권', '1층', '주차가능']",37.656657,127.063587
2522654189,일반상가,월세,3/6,280,"3,000",160,148,동향,20250428,"['25년이상', '융자금없는', '역세권', '중층']",37.653282,127.059079
2522658075,일반상가,월세,1/4,450,"5,000",140,85,남동향,20250428,"['25년이상', '융자금없는', '역세권', '1층']",37.655985,127.064898
2522670915,일반상가,월세,2/3,200,"2,000",125,125,북향,20250428,"['25년이상', '역세권', '중층', '총3층']",37.656023,127.064762
2522665013,복합상가,월세,1/5,240,"5,000",53,25,남향,20250428,"['25년이내', '역세권', '1층', '관리비20만원이하']",37.657007,127.061888
2522666817,일반상가,매매,B1/6,,"4억 5,000",110,92,동향,20250428,"['25년이상', '역세권', '지하층', '주차가능']",37.648486,127.061975
2522610899,일반상가,월세,1/6,220,"3,000",35,30,남향,20250428,"['25년이내', '융자금없는', '역세권', '1층']",37.657007,127.061888
2522750482,일반상가,월세,B1/8,140,"2,000",92,92,남서향,20250428,"['25년이상', '융자금없는', '역세권', '지하층']",37.656012,127.060564
2522693069,단지내상가,매매,1/15,,"1억 8,000",27,13,남동향,20250428,"['25년이상', '역세권', '1층', '관리비10만원이하']",37.66149,127.072824
2522694940,일반상가,월세,5/6,250,"5,000",210,166,서향,20250428,"['25년이내', '역세권', '고층', '주차가능']",37.677975,127.055739
2522691156,일반상가,월세,1/4,145,"1,200",45,42,남서향,20250428,"['25년이상', '융자금없는', '역세권', '1층']",37.657362,127.061923
2522673707,일반상가,매매,3/6,,18억,295,248,서향,20250428,"['25년이상', '역세권', '중층', '주차가능']",37.650601,127.061229
2522739558,일반상가,월세,1/5,135,"3,800",31,31,남향,20250428,"['25년이상', '1층', '주차가능', '총5층']",37.66447,127.066992
2522722943,일반상가,월세,2/4,380,"2,000",238,238,북향,20250428,"['25년이상', '융자금없는', '중층', '주차가능']",37.648145,127.057582
2522694147,일반상가,월세,1/4,70,"1,000",31,31,남동향,20250428,"['25년이상', '융자금없는', '역세권', '1층']",37.663926,127.0742
2522678471,복합상가,월세,2/9,250,"3,000",98,78,동향,20250428,"['25년이내', '역세권', '지상층(1층제외)', '관리비10만원이하']",37.679128,127.054906
2522755929,일반상가,월세,4/5,400,"5,000",198,198,남향,20250428,"['25년이상', '융자금없는', '역세권', '고층']",37.65685,127.063382
2522794868,단지내상가,월세,3/4,140,"1,000",128,102,남향,20250428,"['25년이상', '고층', '주차가능', '총4층']",37.648145,127.057582
2522796332,일반상가,월세,B1/7,800,1억,431,431,동향,20250428,"['10년이내', '융자금없는', '역세권', '지하층']",37.656667,127.066462
2522762064,일반상가,월세,B1/4,340,"5,600",217,217,남동향,20250428,"['25년이상', '융자금없는', '역세권', '지하층']",37.656912,127.062172
2522782992,단지내상가,월세,1/3,50,"1,000",22,22,남향,20250428,"['25년이상', '역세권', '1층', '관리비10만원이하']",37.681586,127.054587
2522760935,일반상가,월세,1/6,150,"2,000",33,22,남향,20250428,"['25년이상', '역세권', '1층', '주차가능']",37.653918,127.061936
2522663449,일반상가,월세,1/4,100,"2,000",35,33,북향,20250428,"['25년이상', '1층', '주차가능', '총4층']",37.661407,127.066201
2522638449,단지내상가,매매,1/3,,"13억 2,000",60,49,서향,20250428,"['10년이내', '1층', '주차가능', '엘리베이터']",37.664032,127.062311
2522666338,단지내상가,매매,B1/4,,38억,796,796,남향,20250428,"['25년이상', '지하층', '주차가능', '총4층']",37.664859,127.065492
2522689825,일반상가,매매,1/6,,11억,39,34,북서향,20250428,"['15년이내', '역세권', '1층', '주차가능']",37.656515,127.061926
2522797072,일반상가,월세,5/5,100,"1,000",36,36,동향,20250428,"['25년이상', '역세권', '고층', '주차가능']",37.648685,127.061869
2522796859,일반상가,월세,5/5,200,"2,500",90,90,서향,20250428,"['25년이상', '역세권', '고층', '주차가능']",37.648685,127.061869
2522766426,일반상가,월세,3/4,220,"5,500",142,142,남향,20250428,"['25년이상', '융자금없는', '역세권', '고층']",37.656912,127.062172
2522782150,일반상가,월세,3/4,210,"5,000",122,122,동향,20250428,"['25년이상', '융자금없는', '역세권', '고층']",37.656672,127.062205
2522763273,복합상가,월세,2/5,90,"2,000",89,89,남동향,20250428,"['25년이상', '중층', '주차가능', '총5층']",37.659546,127.0677
2522768499,일반상가,월세,2/5,"1,000",1억,539,539,남향,20250428,"['25년이상', '융자금없는', '역세권', '중층']",37.65685,127.063382
2522762362,복합상가,월세,5/5,60,500,39,34,북동향,20250428,"['25년이상', '융자금없는', '역세권', '고층']",37.659414,127.061545
2522785710,복합상가,월세,1/15,150,"2,000",33,33,북향,20250428,"['25년이상', '역세권', '1층', '관리비10만원이하']",37.65239,127.060648
2522701907,단지내상가,월세,B1/2,40,400,23,23,서향,20250428,"['25년이상', '융자금없는', '역세권', '지하층']",37.677857,127.05379
2522690242,일반상가,월세,1/4,270,"4,000",30,25,서향,20250428,"['25년이상', '융자금없는', '역세권', '1층']",37.6564,127.061795
2522688918,일반상가,월세,B1/5,100,"2,000",140,132,서향,20250428,"['25년이상', '융자금없는', '역세권', '지하층']",37.656698,127.062625
2522682402,일반상가,매매,2/2,,"3억 5,000",88,75,동향,20250428,"['25년이상', '고층', '주차가능', '엘리베이터']",37.653749,127.06891
2522683750,일반상가,매매,4/5,,"2억 2,000",55,45,동향,20250428,"['25년이상', '역세권', '고층', '주차가능']",37.666892,127.056862
2522695499,일반상가,월세,1/4,120,"2,000",69,69,북동향,20250428,"['25년이상', '역세권', '1층', '관리비10만원이하']",37.663246,127.073159
2522645539,복합상가,월세,3/15,230,"3,000",108,32,남동향,20250428,"['25년이내', '역세권', '지상층(1층제외)', '주차가능']",37.68027,127.054905
2522496373,일반상가,월세,1/4,170,"3,000",39,36,북서향,20250428,"['25년이상', '융자금없는', '역세권', '1층']",37.657875,127.062738
2522496419,일반상가,월세,1/6,250,"4,000",35,35,남동향,20250428,"['15년이내', '융자금없는', '역세권', '1층']",37.656515,127.061926
2522471426,일반상가,매매,2/2,,110억,1352,1225,남동향,20250428,"['25년이내', '고층', '주차가능', '총2층']",37.674855,127.061546
2522480636,일반상가,월세,2/4,600,1억,240,240,남향,20250428,"['25년이상', '융자금없는', '역세권', '중층']",37.656068,127.063159
2522568365,일반상가,월세,2/4,220,"4,000",129,116,남향,20250428,"['25년이상', '융자금없는', '역세권', '중층']",37.654793,127.058779
2522480749,복합상가,매매,1/6,,7억,35,29,남향,20250428,"['25년이상', '역세권', '1층', '주차가능']",37.657133,127.062832
2522496414,일반상가,월세,B1/4,200,"2,000",130,115,북향,20250428,"['25년이상', '융자금없는', '역세권', '지하층']",37.656672,127.062205
2522493035,복합상가,매매,3/7,,18억,248,248,동향,20250428,"['25년이상', '역세권', '중층', '동향']",37.650601,127.061229
2522472392,일반상가,월세,1/5,50,"1,000",33,33,동향,20250428,"['25년이상', '융자금없는', '역세권', '1층']",37.679901,127.054978
2522503111,복합상가,매매,1/7,,"6억 9,000",36,29,남향,20250428,"['25년이상', '역세권', '1층', '주차가능']",37.657133,127.062832
2522493061,복합상가,매매,2/10,,22억,349,349,서향,20250428,"['25년이내', '역세권', '지상층(1층제외)', '서향']",37.658341,127.061643
2522552282,일반상가,월세,1/6,125,"2,000",63,63,남서향,20250428,"['25년이상', '융자금없는', '역세권', '1층']",37.658286,127.066141
2522631050,일반상가,월세,1/4,440,1억,155,150,남향,20250428,"['25년이상', '융자금없는', '역세권', '1층']",37.661592,127.057101
2522492783,복합상가,매매,4/9,,28억,412,297,남향,20250427,"['25년이상', '역세권', '중층', '주차가능']",37.656096,127.061058
2522480781,복합상가,월세,2/8,110,"1,500",63,63,남향,20250427,"['25년이상', '융자금없는', '역세권', '지상층(1층제외)']",37.656052,127.06084
2522492238,복합상가,매매,2/9,,"9억 5,000",138,82,남향,20250427,"['25년이내', '역세권', '지상층(1층제외)', '주차가능']",37.679128,127.054906
2522471210,일반상가,월세,2/2,190,"3,000",191,191,남동향,20250427,"['25년이상', '융자금없는', '역세권', '고층']",37.673015,127.055997
2522441830,일반상가,월세,1/5,90,"2,000",21,21,북향,20250426,"['25년이상', '융자금없는', '1층', '총5층']",37.665602,127.066774
2522454448,일반상가,월세,5/7,180,"5,000",146,146,서향,20250426,"['25년이내', '역세권', '고층', '주차가능']",37.663429,127.076252
2522353635,일반상가,월세,2/7,350,1억,231,231,동향,20250426,"['25년이상', '융자금없는', '역세권', '지상층(1층제외)']",37.657208,127.06235
2522436346,일반상가,월세,B1/6,200,"5,000",284,223,서향,20250426,"['25년이상', '융자금없는', '역세권', '지하층']",37.649408,127.062312
2522446608,복합상가,월세,1/10,600,1억,170,139,서향,20250426,"['15년이내', '융자금없는', '역세권', '1층']",37.656462,127.066169
2522456601,단지내상가,월세,1/9,420,"5,000",100,100,서향,20250426,"['15년이내', '융자금없는', '역세권', '1층']",37.656462,127.066169
2522459097,일반상가,월세,2/6,260,"3,000",76,76,남동향,20250426,"['15년이내', '역세권', '지상층(1층제외)', '주차가능']",37.655517,127.065115
2522456867,단지내상가,월세,1/9,200,"3,000",30,30,서향,20250426,"['15년이내', '융자금없는', '역세권', '1층']",37.656462,127.066169
2522399592,일반상가,월세,1/10,200,"3,000",47,30,남서향,20250426,"['15년이내', '역세권', '1층', '주차가능']",37.656462,127.066169
2522433487,복합상가,매매,1/20,,"18억 5,000",71,50,동향,20250426,"['4년이내', '역세권', '1층', '급매']",37.655061,127.058731
2522435475,복합상가,월세,1/8,280,"6,000",66,44,남향,20250426,"['25년이상', '융자금없는', '역세권', '1층']",37.656052,127.06084
2522432156,일반상가,월세,1/3,900,1억,231,231,남서향,20250426,"['25년이상', '융자금없는', '역세권', '1층']",37.657457,127.066938
2522430630,일반상가,월세,3/5,280,"3,000",139,139,북향,20250426,"['25년이내', '역세권', '중층', '주차가능']",37.655929,127.065628
2522435759,일반상가,월세,1/8,260,"4,000",72,72,남향,20250426,"['25년이상', '융자금없는', '역세권', '1층']",37.655743,127.065911
2522434982,복합상가,월세,1/8,230,"3,000",55,43,서향,20250426,"['25년이상', '융자금없는', '역세권', '1층']",37.658341,127.061643
2522434669,단지내상가,매매,1/2,,"7억 9,700",22,22,남향,20250426,"['25년이상', '1층', '주차가능', '총2층']",37.64676,127.059554
2522354342,일반상가,월세,4/4,120,"2,000",165,165,남서향,20250426,"['25년이상', '융자금없는', '고층', '주차가능']",37.67087,127.056688
2522355108,단지내상가,월세,1/3,38,"1,000",22,14,남향,20250426,"['25년이상', '1층', '관리비10만원이하', '주차가능']",37.664859,127.065492
2522423852,일반상가,월세,1/4,230,"5,000",24,24,남향,20250426,"['25년이상', '역세권', '1층', '주차가능']",37.656912,127.062172
2522394401,일반상가,월세,1/5,50,"2,000",26,26,남향,20250426,"['25년이상', '역세권', '1층', '관리비10만원이하']",37.666821,127.077819
2522394322,일반상가,월세,B1/6,55,"1,000",98,97,동향,20250426,"['25년이상', '융자금적은', '지하층', '주차가능']",37.659019,127.067182
2522417455,일반상가,월세,1/6,"1,000",1억,210,210,남향,20250426,"['25년이상', '역세권', '1층', '주차가능']",37.656822,127.063608
2522417443,복합상가,월세,1/6,220,"3,000",30,30,서향,20250426,"['25년이상', '역세권', '1층', '주차가능']",37.656402,127.062232
2522369447,일반상가,월세,5/8,90,"1,500",45,40,서향,20250426,"['25년이상', '역세권', '중층', '관리비10만원이하']",37.656012,127.060564
2522417304,복합상가,매매,2/7,,30억,245,245,동향,20250426,"['15년이내', '역세권', '급매', '지상층(1층제외)']",37.656515,127.061926
2522433515,일반상가,월세,1/1,220,"3,000",64,64,동향,20250426,"['25년이상', '1층', '관리비10만원이하', '동향']",37.669726,127.059442
2522426386,일반상가,월세,2/10,250,"5,000",132,132,북향,20250426,"['15년이내', '역세권', '지상층(1층제외)', '주차가능']",37.65644,127.064774
2522327810,일반상가,월세,2/5,90,"1,500",115,115,북향,20250426,"['25년이상', '중층', '엘리베이터', '총5층']",37.659262,127.069536
2522466057,단지내상가,월세,3/4,200,"3,000",99,99,북향,20250426,"['25년이상', '고층', '관리비10만원이하', '주차가능']",37.652144,127.065492
2522421838,일반상가,월세,2/3,200,"4,000",139,139,남향,20250426,"['25년이상', '융자금없는', '중층', '주차가능']",37.670743,127.055755
2522454923,일반상가,월세,4/5,200,"2,000",119,119,남서향,20250426,"['10년이내', '테라스', '역세권', '고층']",37.661275,127.071246
2522455313,복합상가,월세,B1/5,120,"2,000",73,73,남향,20250426,"['25년이상', '역세권', '지하층', '총5층']",37.655032,127.06265
2522427070,일반상가,월세,4/7,180,"5,000",150,150,남서향,20250426,"['25년이내', '역세권', '중층', '주차가능']",37.663429,127.076252
2522305605,일반상가,매매,1/5,,"3억 5,000",29,29,동향,20250426,"['4년이내', '1층', '관리비10만원이하', '주차가능']",37.661323,127.066387
2522373344,일반상가,월세,1/2,43,500,14,14,남동향,20250426,"['25년이상', '융자금없는', '1층', '관리비10만원이하']",37.650223,127.05691
2522368904,일반상가,월세,1/2,165,"1,200",34,33,북향,20250426,"['25년이상', '융자금없는', '역세권', '1층']",37.657362,127.061923
2522347943,일반상가,월세,4/4,90,"2,000",99,99,,20250426,"['25년이상', '고층', '주차가능', '총4층']",37.661407,127.066201
2522314015,일반상가,월세,3/3,"2,000",3억,569,483,남향,20250426,"['25년이상', '역세권', '고층', '주차가능']",37.655941,127.066421
2522319632,일반상가,월세,1/9,"1,800",5억,165,152,서향,20250426,"['25년이상', '역세권', '1층', '주차가능']",37.653245,127.061336
2522463276,일반상가,월세,2/6,800,1억,247,231,남서향,20250426,"['25년이상', '융자금없는', '역세권', '지상층(1층제외)']",37.651755,127.061675
2522423197,일반상가,월세,1/3,140,"2,000",50,50,남향,20250426,"['25년이상', '역세권', '1층', '주차가능']",37.674928,127.058383
2522415754,복합상가,매매,1/5,,"9억 8,000",25,25,남향,20250426,"['25년이내', '역세권', '1층', '주차가능']",37.657007,127.061888
2522432019,일반상가,월세,B1/10,220,"2,500",183,137,남향,20250426,"['25년이상', '융자금없는', '역세권', '지하층']",37.655228,127.063571
2522464642,일반상가,월세,1/4,177,"4,000",31,28,동향,20250426,"['25년이상', '융자금없는', '역세권', '1층']",37.654199,127.063175
2522463638,일반상가,월세,5/6,105,"2,000",99,99,서향,20250426,"['25년이상', '융자금없는', '고층', '주차가능']",37.672577,127.056919
2522432945,일반상가,월세,B1/4,580,1억,464,460,동향,20250426,"['25년이상', '역세권', '지하층', '주차가능']",37.654199,127.063175
2522431616,일반상가,월세,B1/3,110,"1,000",66,59,동향,20250426,"['25년이상', '융자금없는', '역세권', '지하층']",37.656276,127.0649
2522431036,일반상가,월세,3/3,280,"8,000",69,69,서향,20250426,"['25년이상', '융자금없는', '역세권', '고층']",37.655664,127.06289
2522327779,일반상가,월세,1/4,116,"2,000",16,16,남향,20250426,"['25년이상', '융자금없는', '역세권', '1층']",37.654199,127.063175
2522347462,일반상가,월세,1/3,70,"1,000",16,16,,20250426,"['25년이상', '융자금없는', '1층', '총3층']",37.662941,127.069184
2522336446,단지내상가,매매,2/2,,"1억 8,000",28,14,남동향,20250426,"['25년이상', '역세권', '급매', '고층']",37.66149,127.072824
2522431337,일반상가,월세,1/2,"2,000",3억,553,553,동향,20250426,"['25년이상', '역세권', '1층', '주차가능']",37.653868,127.063296
2522415156,복합상가,월세,1/2,150,"2,000",21,21,남향,20250426,"['25년이상', '융자금없는', '역세권', '1층']",37.649909,127.061318
2522368612,일반상가,월세,2/4,600,1억,241,230,북동향,20250426,"['25년이상', '융자금없는', '역세권', '중층']",37.656014,127.063128
2522453056,일반상가,월세,4/4,160,"2,000",129,129,남향,20250426,"['25년이상', '역세권', '고층', '관리비10만원이하']",37.654793,127.058779
2522428875,일반상가,월세,4/6,180,"2,000",132,90,남향,20250426,"['25년이상', '역세권', '중층', '주차가능']",37.653918,127.061936
2522436903,복합상가,매매,1/10,,"14억 9,000",89,64,남향,20250426,"['25년이상', '역세권', '1층', '주차가능']",37.656096,127.061058
2522432296,일반상가,월세,B1/3,150,"3,000",171,171,동향,20250426,"['25년이상', '융자금없는', '역세권', '지하층']",37.656276,127.0649
2522426641,일반상가,월세,2/4,140,"1,500",59,59,북향,20250426,"['25년이상', '역세권', '중층', '총4층']",37.654397,127.058163
2522393168,일반상가,월세,3/6,270,"5,000",181,148,남향,20250426,"['25년이내', '융자금없는', '역세권', '중층']",37.657007,127.061888
2522423866,단지내상가,매매,1/13,,"2억 5,000",41,40,남동향,20250426,"['25년이내', '1층', '관리비20만원이하', '주차가능']",37.659793,127.069178
2522418233,일반상가,월세,4/4,100,"1,000",52,52,북향,20250426,"['25년이상', '역세권', '고층', '총4층']",37.654397,127.058163
2522377561,일반상가,월세,1/7,900,"1억 5,000",334,297,남동향,20250426,"['25년이내', '역세권', '1층', '주차가능']",37.657154,127.063264
2522393273,일반상가,월세,1/4,500,"8,000",62,62,북향,20250426,"['25년이상', '융자금없는', '역세권', '1층']",37.656672,127.062205
2522290527,일반상가,월세,1/2,160,"2,500",48,48,동향,20250425,"['10년이내', '역세권', '1층', '주차가능']",37.674649,127.05928
2522299846,일반상가,매매,1/5,,"4억 2,000",33,33,동향,20250425,"['4년이내', '1층', '주차가능', '총5층']",37.661323,127.066533
2522131029,일반상가,월세,2/3,55,"2,000",36,36,북동향,20250425,"['25년이상', '역세권', '중층', '관리비10만원이하']",37.6742,127.059229
2522299027,일반상가,월세,1/5,70,"1,000",45,35,남서향,20250425,"['25년이상', '융자금없는', '역세권', '1층']",37.671547,127.082998
2522251298,일반상가,월세,B1/4,70,"1,000",115,115,남향,20250425,"['25년이상', '지하층', '관리비10만원이하', '주차가능']",37.658258,127.068596
2522168346,일반상가,월세,B1/4,170,"2,500",165,165,동향,20250425,"['25년이상', '지하층', '관리비10만원이하', '주차가능']",37.671065,127.056449
2522087151,일반상가,월세,1/5,270,"6,000",26,26,동향,20250425,"['25년이상', '역세권', '1층', '주차가능']",37.665104,127.057321
2522174600,일반상가,월세,1/7,400,"5,000",101,101,남서향,20250425,"['25년이내', '역세권', '1층', '주차가능']",37.662189,127.070206
2522300980,일반상가,월세,1/4,110,"1,500",60,60,남향,20250425,"['25년이상', '융자금없는', '1층', '총4층']",37.663043,127.066364
2522219092,일반상가,월세,1/5,80,"1,000",19,19,북향,20250425,"['25년이상', '역세권', '1층', '총5층']",37.659044,127.062474
2522246594,일반상가,월세,4/9,750,1억,303,303,동향,20250425,"['25년이상', '역세권', '중층', '동향']",37.653245,127.061336
2522223071,복합상가,월세,1/5,260,"5,000",62,30,서향,20250425,"['25년이내', '역세권', '1층', '관리비20만원이하']",37.657007,127.061888
2522183720,일반상가,월세,2/4,90,"2,000",87,86,남서향,20250425,"['25년이상', '역세권', '중층', '관리비10만원이하']",37.658713,127.065434
2522178927,일반상가,월세,3/9,310,"4,000",145,145,남향,20250425,"['25년이상', '역세권', '지상층(1층제외)', '주차가능']",37.655315,127.059866
2522289928,일반상가,월세,2/2,95,"2,000",138,138,서향,20250425,"['25년이상', '융자금없는', '고층', '주차가능']",37.672349,127.057439
2522218853,일반상가,월세,1/8,120,"2,500",25,25,남향,20250425,"['25년이상', '역세권', '1층', '주차가능']",37.654385,127.062448
2522175983,일반상가,월세,1/3,200,"3,000",82,82,남서향,20250425,"['25년이상', '1층', '주차가능', '총3층']",37.666121,127.071031
2522290477,일반상가,월세,2/3,30,500,41,41,북서향,20250425,"['25년이상', '융자금없는', '역세권', '중층']",37.661845,127.072149
2522087026,일반상가,월세,4/5,250,"3,000",198,198,남서향,20250425,"['25년이상', '융자금없는', '역세권', '고층']",37.656113,127.063475
2522158762,복합상가,매매,B1/10,,3억,223,122,남서향,20250425,"['15년이내', '역세권', '지하층', '주차가능']",37.656462,127.066169
2522126694,일반상가,월세,1/3,140,"2,000",50,46,남향,20250425,"['25년이상', '역세권', '1층', '주차가능']",37.674928,127.058383
2522251735,일반상가,월세,1/13,524,"5,000",99,99,서향,20250425,"['15년이내', '역세권', '1층', '주차가능']",37.654455,127.063708
2522123183,일반상가,월세,1/4,160,"3,000",24,24,서향,20250425,"['25년이상', '융자금없는', '역세권', '1층']",37.657007,127.061888
2522073091,일반상가,월세,1/4,120,"1,000",37,37,남향,20250425,"['25년이상', '1층', '총4층', '남향']",37.660157,127.068596
2522261389,복합상가,월세,1/7,405,"6,800",20,20,남향,20250425,"['25년이내', '융자금없는', '역세권', '1층']",37.654878,127.061957
2522203369,일반상가,월세,1/3,900,1억,231,231,서향,20250425,"['25년이상', '역세권', '1층', '주차가능']",37.657385,127.066755
2522204627,단지내상가,월세,1/2,63,"1,000",18,18,서향,20250425,"['25년이상', '역세권', '1층', '관리비10만원이하']",37.661677,127.057903
2522120065,일반상가,월세,1/2,70,"1,000",27,27,남향,20250425,"['25년이상', '1층', '총2층', '남향']",37.659882,127.068284
2522093814,일반상가,월세,1/6,210,"5,000",49,34,서향,20250425,"['25년이상', '융자금없는', '역세권', '1층']",37.65093,127.061889
2522115331,일반상가,월세,2/6,352,"4,000",90,90,북동향,20250425,"['25년이상', '융자금없는', '역세권', '지상층(1층제외)']",37.651316,127.061795
2522086262,일반상가,월세,1/5,80,"1,000",23,23,남향,20250425,"['25년이상', '융자금없는', '역세권', '1층']",37.659044,127.062474
2522093786,일반상가,월세,1/6,230,"5,000",45,32,동향,20250425,"['25년이상', '융자금없는', '역세권', '1층']",37.654516,127.063019
2522073687,일반상가,월세,3/4,100,"1,000",147,147,동향,20250425,"['25년이상', '고층', '주차가능', '총4층']",37.673559,127.052149
2522083275,일반상가,월세,2/5,352,"4,000",95,90,북향,20250425,"['25년이상', '역세권', '중층', '주차가능']",37.651316,127.061795
2522085669,복합상가,월세,1/2,300,"5,000",25,25,동향,20250425,"['25년이상', '역세권', '1층', '주차가능']",37.665863,127.057049
2522129641,단지내상가,월세,1/2,75,"1,000",33,24,서향,20250425,"['25년이내', '1층', '총2층', '서향']",37.663122,127.078587
2522155069,일반상가,월세,1/6,80,"1,000",22,22,서향,20250425,"['25년이상', '역세권', '1층', '주차가능']",37.650757,127.061944
2522178090,일반상가,월세,1/5,75,"2,000",55,45,동향,20250425,"['4년이내', '융자금없는', '테라스', '1층']",37.666905,127.069311
2522096151,일반상가,월세,1/4,50,"1,000",29,29,북서향,20250425,"['25년이상', '융자금없는', '1층', '총4층']",37.658879,127.068995
2522203909,일반상가,월세,1/6,600,"1억 1,000",145,145,남서향,20250425,"['25년이상', '역세권', '1층', '주차가능']",37.654526,127.058737
2522204303,복합상가,월세,2/8,200,"3,000",86,86,,20250425,"['25년이상', '역세권', '지상층(1층제외)', '관리비20만원이하']",37.656012,127.060564
2522137572,단지내상가,매매,1/2,,"10억 5,000",43,25,동향,20250425,"['25년이상', '1층', '주차가능', '총2층']",37.64676,127.059554
2522232201,일반상가,월세,2/4,110,"1,000",82,82,남동향,20250425,"['25년이상', '중층', '관리비10만원이하', '주차가능']",37.671591,127.057607
2522219493,복합상가,매매,4/6,,28억,204,204,남향,20250425,"['25년이상', '역세권', '중층', '주차가능']",37.652944,127.060537
2522139203,일반상가,월세,1/4,220,"4,000",32,32,동향,20250425,"['25년이상', '융자금없는', '역세권', '1층']",37.656912,127.062172
2522183029,일반상가,월세,3/5,100,"1,000",74,73,남서향,20250425,"['25년이상', '역세권', '중층', '관리비10만원이하']",37.658831,127.065315
2522285619,일반상가,월세,2/4,300,"3,000",201,173,남향,20250425,"['25년이상', '역세권', '중층', '주차가능']",37.657362,127.061923
2522289280,일반상가,월세,2/8,"2,500",2억,2638,1395,남향,20250425,"['25년이내', '역세권', '지상층(1층제외)', '주차가능']",37.655361,127.064145
2522288599,일반상가,월세,2/8,"2,500",2억,496,496,남향,20250425,"['25년이내', '역세권', '지상층(1층제외)', '주차가능']",37.655338,127.063772
2522096567,일반상가,월세,1/1,50,"1,000",36,36,북서향,20250425,"['25년이상', '역세권', '1층', '북서향']",37.660775,127.069604
2522093751,일반상가,월세,2/4,600,1억,241,241,북향,20250425,"['25년이상', '융자금없는', '역세권', '중층']",37.656014,127.063128
2522096129,단지내상가,매매,2/12,,"3억 5,000",106,106,남동향,20250425,"['25년이상', '지상층(1층제외)', '관리비10만원이하', '주차가능']",37.671184,127.057247
2522082046,일반상가,월세,2/5,200,"6,000",165,165,남향,20250425,"['25년이상', '중층', '관리비20만원이하', '주차가능']",37.66447,127.066992
2522295918,일반상가,월세,1/4,115,"4,000",43,43,서향,20250425,"['25년이상', '1층', '관리비10만원이하', '총4층']",37.663587,127.066267
2522289065,일반상가,월세,2/7,650,"6,000",251,251,남향,20250425,"['25년이상', '역세권', '지상층(1층제외)', '주차가능']",37.654916,127.059324
2522096502,단지내상가,월세,2/15,35,500,23,23,동향,20250425,"['25년이상', '융자금없는', '역세권', '지상층(1층제외)']",37.66149,127.072824
2522110899,일반상가,월세,1/4,220,"4,000",39,32,남향,20250425,"['25년이상', '역세권', '1층', '주차가능']",37.656912,127.062172
2522120745,일반상가,월세,B1/8,45,"1,000",40,40,남향,20250425,"['25년이상', '융자금없는', '역세권', '지하층']",37.656052,127.06084
2522096006,일반상가,월세,1/3,40,500,23,23,남서향,20250425,"['25년이상', '역세권', '1층', '총3층']",37.66255,127.071862
2522232493,일반상가,월세,1/4,200,"2,000",109,109,동향,20250425,"['25년이상', '역세권', '1층', '주차가능']",37.662882,127.072821
2522227737,일반상가,월세,2/4,230,"4,000",130,130,서향,20250425,"['25년이상', '역세권', '중층', '천장에어컨']",37.653993,127.062266
2522226259,일반상가,월세,5/5,70,"1,000",82,82,서향,20250425,"['25년이상', '역세권', '고층', '총5층']",37.658125,127.066013
2522171513,일반상가,월세,1/5,100,"1,000",32,26,남서향,20250425,"['25년이상', '역세권', '1층', '관리비10만원이하']",37.658831,127.065315
2522235718,일반상가,매매,6/6,,"6억 3,000",140,140,,20250425,"['25년이상', '역세권', '고층', '주차가능']",37.651989,127.06161
2522113017,단지내상가,월세,1/3,60,500,16,16,남향,20250425,"['25년이상', '1층', '관리비10만원이하', '주차가능']",37.664859,127.065492
2522203397,일반상가,월세,1/4,120,"2,000",82,82,북서향,20250425,"['25년이상', '1층', '주차가능', '총4층']",37.664608,127.07079
2522165219,단지내상가,월세,B1/2,95,"2,000",66,66,,20250425,"['25년이상', '융자금적은', '지하층', '주차가능']",37.673844,127.060151
2522200642,복합상가,매매,1/11,,"2억 5,000",22,22,북향,20250425,"['25년이내', '1층', '주차가능', '북향']",37.659793,127.069178
2522232829,일반상가,월세,1/4,165,"2,000",72,72,북서향,20250425,"['25년이상', '테라스', '역세권', '1층']",37.658767,127.062103
2522290257,단지내상가,월세,B1/4,30,500,33,33,동향,20250425,"['25년이상', '지하층', '주차가능', '총4층']",37.672239,127.057629
2522290240,일반상가,월세,B1/7,100,"2,000",61,61,남향,20250425,"['25년이상', '역세권', '지하층', '주차가능']",37.654385,127.062448
2522250834,일반상가,월세,4/6,140,"1,500",125,125,남서향,20250425,"['25년이상', '역세권', '중층', '관리비20만원이하']",37.653095,127.058232
2522291122,일반상가,월세,1/5,94,"2,000",16,16,북향,20250425,"['25년이상', '역세권', '1층', '관리비10만원이하']",37.656231,127.063785
2522263958,일반상가,월세,1/5,90,"1,000",22,22,동향,20250425,"['25년이상', '융자금없는', '역세권', '1층']",37.650757,127.061944
2522283145,일반상가,월세,4/5,700,"1억 2,000",139,109,남향,20250425,"['2년이내', '역세권', '고층', '관리비20만원이하']",37.656503,127.063023
2522256890,일반상가,월세,3/5,900,"1억 5,000",143,143,남향,20250425,"['2년이내', '역세권', '중층', '주차가능']",37.656503,127.063023
2522252371,단지내상가,월세,2/2,55,500,23,23,남향,20250425,"['25년이상', '역세권', '고층', '주차가능']",37.66149,127.072824
2522275160,복합상가,월세,5/6,220,"5,000",72,72,북동향,20250425,"['25년이상', '역세권', '고층', '주차가능']",37.654516,127.063019
2521912083,일반상가,월세,1/3,"2,500",3억,587,518,남향,20250424,"['25년이상', '역세권', '1층', '주차가능']",37.657385,127.066755
2521875807,단지내상가,월세,1/2,120,"3,000",28,28,남동향,20250424,"['25년이상', '역세권', '1층', '주차가능']",37.664194,127.054669
2521932137,일반상가,월세,4/6,180,"2,000",98,90,남향,20250424,"['25년이상', '융자금없는', '역세권', '중층']",37.653918,127.061936
2521868559,단지내상가,매매,2/22,,"1억 8,000",42,19,서향,20250424,"['25년이상', '지상층(1층제외)', '관리비20만원이하', '주차가능']",37.666961,127.079705
2521838053,단지내상가,월세,2/2,70,"1,000",45,45,남향,20250424,"['25년이내', '역세권', '고층', '관리비20만원이하']",37.657633,127.06399
2521840682,복합상가,월세,2/3,70,"1,000",40,40,남향,20250424,"['25년이내', '역세권', '중층', '주차가능']",37.657633,127.06399
2521867962,일반상가,월세,1/5,266,"4,000",78,71,서향,20250424,"['25년이상', '1층', '총5층', '서향']",37.664672,127.066454
2521845130,일반상가,월세,1/3,900,1억,230,230,남서향,20250424,"['25년이상', '융자금없는', '역세권', '1층']",37.657385,127.066755
2521867687,일반상가,월세,1/9,160,"2,000",52,27,남향,20250424,"['25년이상', '역세권', '1층', '관리비20만원이하']",37.65239,127.060648
2521840693,일반상가,월세,1/2,800,1억,380,330,남서향,20250424,"['25년이상', '융자금없는', '역세권', '1층']",37.659503,127.070504
2521922251,일반상가,월세,1/2,70,"1,000",33,33,북향,20250424,"['25년이상', '1층', '총2층', '북향']",37.659653,127.068321
2521926751,일반상가,월세,1/20,200,"2,500",24,24,,20250424,"['4년이내', '역세권', '1층', '주차가능']",37.655061,127.058731
2522068521,일반상가,월세,3/6,150,"2,000",78,64,서향,20250424,"['25년이상', '역세권', '중층', '주차가능']",37.666925,127.057606
2522076982,일반상가,월세,1/4,170,"3,000",36,36,북향,20250424,"['25년이상', '융자금없는', '역세권', '1층']",37.657875,127.062738
2522082578,복합상가,매매,1/5,,"2억 7,500",28,28,,20250424,"['10년이내', '1층', '관리비20만원이하', '주차가능']",37.66088,127.067139
2522065289,일반상가,월세,3/5,370,"5,000",346,346,남서향,20250424,"['25년이내', '융자금없는', '역세권', '중층']",37.65918,127.070749
2522065119,일반상가,월세,3/4,90,"1,000",95,95,,20250424,"['25년이상', '융자금없는', '고층', '총4층']",37.664661,127.067043
2521998609,일반상가,월세,2/7,"1,724","2억 1,000",935,466,북향,20250424,"['25년이상', '융자금없는', '역세권', '지상층(1층제외)']",37.657133,127.062832
2521865929,일반상가,월세,B1/3,120,"1,000",165,165,북향,20250424,"['25년이상', '융자금없는', '역세권', '지하층']",37.67502,127.053901
2522005734,일반상가,월세,6/6,600,"8,000",198,198,서향,20250424,"['25년이상', '역세권', '고층', '주차가능']",37.653752,127.061191
2522057494,일반상가,월세,4/4,90,"2,000",109,109,북향,20250424,"['25년이상', '융자금없는', '고층', '관리비20만원이하']",37.661407,127.066201
2521930295,일반상가,월세,2/3,150,"3,000",109,109,북향,20250424,"['25년이상', '중층', '관리비20만원이하', '주차가능']",37.661407,127.066201
2522024298,복합상가,월세,4/6,140,"2,000",90,90,남향,20250424,"['25년이상', '역세권', '중층', '주차가능']",37.653918,127.061936
2522015529,일반상가,월세,1/3,220,"3,000",44,44,남서향,20250424,"['10년이내', '융자금없는', '역세권', '1층']",37.658488,127.06168
2522060552,단지내상가,매매,2/2,,"3억 2,000",35,35,동향,20250424,"['25년이상', '고층', '관리비10만원이하', '주차가능']",37.659787,127.057539
2521964472,단지내상가,매매,B1/16,,"2억 5,000",70,37,동향,20250424,"['25년이상', '역세권', '지하층', '관리비10만원이하']",37.66149,127.072824
2521999142,일반상가,월세,5/5,80,"1,000",92,92,서향,20250424,"['25년이상', '역세권', '고층', '주차가능']",37.658125,127.066013
2522054307,일반상가,월세,2/3,100,"2,000",72,72,북향,20250424,"['25년이상', '역세권', '중층', '총3층']",37.658789,127.062317
2522021055,일반상가,월세,2/4,120,"1,000",45,45,북서향,20250424,"['25년이상', '융자금없는', '역세권', '중층']",37.658788,127.061826
2521949737,일반상가,월세,1/5,250,"5,000",33,33,남향,20250424,"['25년이상', '역세권', '1층', '주차가능']",37.656912,127.062172
2522002149,일반상가,월세,2/5,400,1억,195,148,남동향,20250424,"['25년이상', '역세권', '중층', '주차가능']",37.657208,127.06235
2521927331,단지내상가,매매,1/2,,"8억 5,000",36,22,북향,20250424,"['25년이상', '역세권', '1층', '관리비10만원이하']",37.661468,127.059402
2521867587,일반상가,월세,1/4,60,500,35,35,동향,20250424,"['25년이상', '융자금없는', '역세권', '1층']",37.675587,127.053347
2521899227,단지내상가,매매,1/1,,15억,75,52,북향,20250424,"['25년이상', '1층', '급매', '관리비10만원이하']",37.647761,127.057764
2521908423,일반상가,월세,1/7,90,"1,000",22,22,동향,20250424,"['25년이상', '역세권', '1층', '주차가능']",37.650757,127.061944
2521906219,일반상가,월세,4/6,230,"2,500",130,118,동향,20250424,"['25년이상', '융자금없는', '역세권', '중층']",37.650954,127.061136
2521877357,일반상가,월세,1/5,130,"3,000",59,59,동향,20250424,"['25년이상', '1층', '주차가능', '총5층']",37.666797,127.070851
2521910804,복합상가,매매,6/6,,"6억 3,000",186,140,서향,20250424,"['25년이상', '역세권', '고층', '주차가능']",37.651989,127.06161
2521929231,일반상가,매매,B1/6,,12억,121,121,,20250424,"['25년이상', '역세권', '지하층', '주차가능']",37.64956,127.062257
2521917779,일반상가,월세,1/4,100,"1,000",26,26,서향,20250424,"['25년이상', '역세권', '1층', '관리비10만원이하']",37.658831,127.065315
2521900897,단지내상가,매매,1/1,,7억,37,26,북향,20250424,"['25년이상', '1층', '급매', '관리비10만원이하']",37.647761,127.057764
2522009764,복합상가,매매,5/7,,"40억 4,000",1086,830,남향,20250424,"['25년이상', '역세권', '고층', '주차가능']",37.657133,127.062832
2522007795,일반상가,월세,4/7,350,"5,000",206,170,남향,20250424,"['25년이상', '역세권', '중층', '주차가능']",37.655119,127.063149
2522007662,일반상가,월세,1/4,177,"4,000",33,23,남향,20250424,"['25년이상', '융자금없는', '역세권', '1층']",37.654199,127.063175
2522006977,일반상가,월세,1/5,110,"2,000",16,8,서향,20250424,"['25년이상', '역세권', '1층', '총5층']",37.654455,127.063708
2521983398,복합상가,월세,B1/8,45,"1,000",24,24,남향,20250424,"['25년이상', '역세권', '지하층', '주차가능']",37.656052,127.06084
2521949407,일반상가,월세,1/4,230,"5,000",70,59,서향,20250424,"['15년이내', '융자금없는', '역세권', '1층']",37.676865,127.056067
2521934471,일반상가,월세,4/5,250,"3,000",198,165,북향,20250424,"['25년이상', '역세권', '고층', '총5층']",37.656113,127.063475
2521953563,단지내상가,월세,1/9,130,"2,000",45,35,남향,20250424,"['25년이상', '역세권', '1층', '주차가능']",37.649909,127.061318
2522043917,일반상가,월세,B1/2,40,500,98,97,북서향,20250424,"['25년이상', '지하층', '주차가능', '총2층']",37.665897,127.070603
2522026624,단지내상가,매매,1/2,,"7억 5,000",53,36,서향,20250424,"['25년이내', '역세권', '1층', '주차가능']",37.6793,127.057033
2522066975,일반상가,매매,2/15,,"2억 7,000",75,38,서향,20250424,"['25년이내', '역세권', '지상층(1층제외)', '관리비20만원이하']",37.680195,127.055848
2521947532,일반상가,매매,1/5,,"14억 5,000",34,25,동향,20250424,"['25년이상', '역세권', '1층', '주차가능']",37.655032,127.06265
2521959071,일반상가,월세,1/13,534,"5,000",130,99,서향,20250424,"['15년이내', '융자금없는', '역세권', '1층']",37.654455,127.063708
2521933404,단지내상가,월세,1/2,140,"3,000",33,23,동향,20250424,"['25년이상', '융자금없는', '역세권', '1층']",37.661677,127.057903
2521948582,일반상가,월세,1/10,420,"5,000",130,105,남서향,20250424,"['15년이내', '융자금없는', '역세권', '1층']",37.656462,127.066169
2521974049,일반상가,매매,1/4,,"4억 7,000",32,32,북향,20250424,"['25년이내', '역세권', '1층', '관리비20만원이하']",37.66699,127.054312
2521973700,일반상가,월세,1/6,140,"4,000",23,23,서향,20250424,"['25년이상', '역세권', '1층', '관리비20만원이하']",37.665104,127.057321
2521962969,일반상가,매매,1/5,,2억,45,45,남동향,20250424,"['4년이내', '1층', '총5층', '남동향']",37.666975,127.069272
2521948856,단지내상가,월세,2/2,90,"1,000",46,46,서향,20250424,"['25년이상', '역세권', '고층', '주차가능']",37.649909,127.061318
2521959903,일반상가,월세,4/12,580,"5,806",310,156,북향,20250424,"['25년이상', '역세권', '지상층(1층제외)', '주차가능']",37.653768,127.059689
2521954292,일반상가,월세,1/2,720,"1억 2,000",48,48,서향,20250424,"['25년이상', '융자금없는', '역세권', '1층']",37.656482,127.062689
2522011978,단지내상가,월세,1/3,170,"3,600",56,40,,20250424,"['25년이상', '1층', '관리비20만원이하', '주차가능']",37.660733,127.056978
2521984228,일반상가,월세,3/10,310,"4,000",145,145,북향,20250424,"['25년이상', '역세권', '지상층(1층제외)', '주차가능']",37.655315,127.059866
2522007485,일반상가,월세,1/5,520,"5,000",52,37,남향,20250424,"['25년이상', '융자금없는', '역세권', '1층']",37.655032,127.06265
2521998672,일반상가,월세,1/2,60,"1,000",28,28,북서향,20250424,"['25년이상', '융자금없는', '역세권', '1층']",37.661336,127.071665
2521902755,일반상가,월세,2/9,500,"6,000",333,192,동향,20250424,"['10년이내', '역세권', '지상층(1층제외)', '주차가능']",37.676569,127.055668
2521877884,일반상가,월세,2/6,120,"1,500",113,113,서향,20250424,"['25년이상', '융자금없는', '역세권', '지상층(1층제외)']",37.64956,127.062257
2521898187,단지내상가,월세,1/4,65,"1,500",27,27,남향,20250424,"['25년이상', '1층', '관리비10만원이하', '주차가능']",37.648145,127.057582
2521930637,일반상가,월세,1/7,270,"5,000",120,115,북향,20250424,"['4년이내', '역세권', '1층', '주차가능']",37.670213,127.081457
2521873814,일반상가,월세,B1/8,800,1억,458,322,남향,20250424,"['25년이상', '융자금없는', '역세권', '지하층']",37.653245,127.061336
2521876161,일반상가,월세,1/3,900,1억,230,230,남향,20250424,"['25년이상', '역세권', '1층', '주차가능']",37.657457,127.066938
2521948006,일반상가,월세,B1/9,800,1억,455,322,서향,20250424,"['25년이상', '역세권', '지하층', '주차가능']",37.653245,127.061336
2521956117,일반상가,월세,4/6,"1,785","2억 6,300",1087,830,남향,20250424,"['25년이상', '융자금없는', '역세권', '중층']",37.657133,127.062832
2522060807,일반상가,월세,5/5,100,"1,000",56,36,남서향,20250424,"['25년이상', '융자금없는', '역세권', '고층']",37.648685,127.061869
2521876951,일반상가,월세,3/5,140,"1,500",110,100,남향,20250424,"['25년이상', '융자금없는', '역세권', '중층']",37.653292,127.05796
2521907297,일반상가,월세,1/4,420,"8,000",135,112,북동향,20250424,"['15년이내', '융자금없는', '역세권', '1층']",37.657969,127.063066
2521872689,일반상가,월세,5/8,80,"1,200",39,39,서향,20250424,"['25년이상', '역세권', '중층', '주차가능']",37.656012,127.060564
2521858414,일반상가,월세,2/2,70,"1,000",59,59,남동향,20250424,"['25년이상', '융자금없는', '고층', '주차가능']",37.673844,127.060151
2521845150,일반상가,월세,1/3,80,"1,000",30,26,북서향,20250424,"['25년이상', '융자금없는', '역세권', '1층']",37.658016,127.066375
2521859407,일반상가,월세,4/6,265,"5,000",214,214,남동향,20250424,"['25년이내', '역세권', '중층', '주차가능']",37.675798,127.056522
2521859923,일반상가,월세,B1/2,160,"3,000",264,264,남동향,20250424,"['25년이상', '융자금없는', '지하층', '총2층']",37.673844,127.060151
2521843220,복합상가,매매,2/2,,"7,000",12,12,남동향,20250424,"['25년이상', '고층', '관리비10만원이하', '주차가능']",37.666961,127.079705
2521845145,일반상가,월세,1/6,125,"2,000",100,84,남동향,20250424,"['25년이상', '융자금없는', '역세권', '1층']",37.658286,127.066141
2522030839,일반상가,월세,1/4,70,"1,000",22,22,북서향,20250424,"['25년이상', '역세권', '1층', '총4층']",37.662752,127.073092
2522029400,단지내상가,월세,1/3,120,"5,000",18,18,남향,20250424,"['25년이상', '역세권', '1층', '주차가능']",37.679964,127.053511
2522025006,복합상가,월세,1/5,100,"2,000",55,32,북향,20250424,"['15년이내', '역세권', '1층', '주차가능']",37.658387,127.070777
2521990707,일반상가,매매,B1/5,,"7억 5,000",353,226,남향,20250424,"['25년이내', '역세권', '지하층', '주차가능']",37.657998,127.062399
2522024938,단지내상가,월세,1/5,350,1억,42,42,남서향,20250424,"['25년이상', '역세권', '1층', '주차가능']",37.656698,127.062625
2522008132,일반상가,월세,2/6,260,"3,000",106,78,동향,20250424,"['15년이내', '역세권', '지상층(1층제외)', '주차가능']",37.655517,127.065115
2522014859,일반상가,월세,5/6,350,"5,000",319,319,서향,20250424,"['25년이상', '역세권', '고층', '주차가능']",37.657405,127.06269
2521989778,일반상가,월세,1/4,70,"1,000",20,20,남향,20250424,"['25년이상', '1층', '총4층', '남향']",37.662941,127.069184
2522044248,일반상가,월세,2/3,160,"2,000",110,110,북향,20250424,"['25년이내', '역세권', '중층', '주차가능']",37.675403,127.056353
2522025384,복합상가,월세,3/8,841,"1억 2,000",380,330,북향,20250424,"['25년이상', '역세권', '중층', '주차가능']",37.655684,127.062341
2521869925,일반상가,월세,1/4,160,"3,000",22,20,서향,20250424,"['25년이상', '역세권', '1층', '총4층']",37.657007,127.061888
2521661498,일반상가,월세,1/3,127,"2,000",28,28,서향,20250423,"['25년이상', '역세권', '1층', '관리비10만원이하']",37.676406,127.054638
2521775268,일반상가,월세,1/4,60,"1,000",28,28,북서향,20250423,"['25년이상', '융자금없는', '역세권', '1층']",37.661336,127.071665
2521727061,단지내상가,월세,2/2,100,"1,000",41,41,동향,20250423,"['25년이상', '역세권', '고층', '주차가능']",37.65239,127.060648
2521808156,복합상가,월세,4/6,650,1억,226,185,서향,20250423,"['25년이상', '역세권', '중층', '주차가능']",37.653752,127.061191
2521747778,일반상가,월세,1/3,55,"1,000",30,30,북서향,20250423,"['25년이상', '융자금없는', '역세권', '1층']",37.661845,127.072149
2521777073,일반상가,매매,4/4,,82억,330,330,남향,20250423,"['25년이상', '고층', '총4층', '화재경보기']",37.670743,127.055755
2521639776,일반상가,월세,3/6,350,"5,000",192,156,남향,20250423,"['25년이내', '역세권', '중층', '주차가능']",37.655917,127.064464
2521662659,단지내상가,월세,2/16,20,300,13,13,동향,20250423,"['25년이상', '융자금없는', '역세권', '지상층(1층제외)']",37.66149,127.072824
2521733924,일반상가,월세,5/5,80,"1,000",105,105,서향,20250423,"['25년이상', '융자금없는', '역세권', '고층']",37.658125,127.066013
2521625797,일반상가,월세,1/5,120,"1,000",32,32,서향,20250423,"['25년이상', '역세권', '1층', '총5층']",37.653292,127.05796
2521791868,일반상가,월세,7/8,90,"1,500",39,39,남서향,20250423,"['25년이상', '역세권', '고층', '관리비10만원이하']",37.656012,127.060564
2521786433,단지내상가,월세,2/3,70,"1,000",40,34,남향,20250423,"['25년이내', '융자금없는', '역세권', '중층']",37.657633,127.06399
2521686394,단지내상가,월세,2/3,100,"2,000",70,67,남동향,20250423,"['25년이내', '역세권', '중층', '주차가능']",37.657633,127.06399
2521687462,일반상가,월세,1/4,480,"3,000",72,72,,20250423,"['25년이상', '융자금적은', '역세권', '1층']",37.655985,127.064898
2521644750,복합상가,월세,3/5,270,"5,000",148,148,서향,20250423,"['25년이내', '융자금없는', '역세권', '중층']",37.657007,127.061888
2521774784,일반상가,월세,1/3,60,"2,000",48,48,북동향,20250423,"['25년이상', '역세권', '1층', '총3층']",37.663836,127.071677
2521668450,일반상가,월세,B1/6,250,"2,500",155,155,남동향,20250423,"['25년이내', '역세권', '지하층', '주차가능']",37.655694,127.065418
2521656973,단지내상가,월세,1/3,75,"1,500",28,28,북향,20250423,"['25년이상', '1층', '총3층', '북향']",37.659752,127.068438
2521818927,일반상가,월세,2/6,352,"4,000",97,90,동향,20250423,"['25년이상', '융자금없는', '역세권', '지상층(1층제외)']",37.651316,127.061795
2521648847,일반상가,월세,2/6,260,"3,000",90,72,남향,20250423,"['15년이내', '융자금없는', '역세권', '지상층(1층제외)']",37.655517,127.065115
2521672051,일반상가,월세,B1/3,80,"1,000",104,104,서향,20250423,"['25년이상', '융자금없는', '역세권', '지하층']",37.675202,127.054955
2521777849,일반상가,월세,B1/4,40,500,95,95,동향,20250423,"['25년이상', '지하층', '주차가능', '총4층']",37.665448,127.067206
2521638430,단지내상가,월세,1/2,50,"1,000",31,20,동향,20250423,"['25년이상', '역세권', '1층', '관리비10만원이하']",37.661677,127.057903
2521656410,일반상가,월세,3/6,90,"1,000",79,79,동향,20250423,"['15년이내', '융자금없는', '중층', '주차가능']",37.672577,127.056919
2521801191,일반상가,월세,1/4,170,"3,600",56,40,북향,20250423,"['25년이상', '융자금없는', '1층', '주차가능']",37.660733,127.056978
2521797988,단지내상가,월세,1/4,30,500,21,21,남서향,20250423,"['25년이상', '역세권', '1층', '관리비10만원이하']",37.646221,127.060958
2521393125,일반상가,월세,3/6,200,"3,000",132,132,동향,20250422,"['25년이상', '융자금없는', '역세권', '중층']",37.650562,127.062
2521492250,일반상가,월세,8/10,500,1억,245,245,남서향,20250422,"['25년이상', '역세권', '고층', '주차가능']",37.648148,127.062144
2521478614,일반상가,매매,3/6,,6억,62,62,,20250422,"['25년이상', '역세권', '중층']",37.653918,127.061936
2521423506,일반상가,월세,1/10,"1,080","1억 7,000",217,217,동향,20250422,"['25년이상', '역세권', '1층', '주차가능']",37.654324,127.062179
2521507777,일반상가,월세,1/5,270,"6,000",49,26,동향,20250422,"['25년이상', '역세권', '1층', '주차가능']",37.665104,127.057321
2521434621,단지내상가,월세,1/1,130,"3,000",34,31,남동향,20250422,"['2년이내', '1층', '관리비10만원이하', '주차가능']",37.664966,127.077785
2521419046,일반상가,월세,4/5,250,"3,000",230,165,남향,20250422,"['25년이상', '융자금없는', '역세권', '고층']",37.656113,127.063475
2521537934,일반상가,월세,7/13,869,"8,697",271,271,남동향,20250422,"['25년이상', '역세권', '중층', '주차가능']",37.654388,127.059555
2521532540,일반상가,월세,3/6,280,"3,000",172,172,서향,20250422,"['25년이상', '역세권', '중층', '엘리베이터']",37.649408,127.062312
2521540448,일반상가,월세,2/5,300,"4,000",229,229,남향,20250422,"['25년이상', '역세권', '중층', '주차가능']",37.653187,127.058647
2521555646,일반상가,월세,4/14,"2,000",2억,739,427,남향,20250422,"['25년이내', '융자금없는', '역세권', '지상층(1층제외)']",37.654269,127.059026
2521533714,일반상가,월세,1/6,700,1억,183,183,서향,20250422,"['10년이내', '역세권', '1층', '주차가능']",37.674967,127.055576
2521508168,단지내상가,월세,2/3,70,"1,000",39,36,남향,20250422,"['25년이내', '융자금없는', '역세권', '중층']",37.657633,127.06399
2521520509,일반상가,월세,1/5,160,"3,000",34,34,서향,20250422,"['25년이내', '역세권', '1층', '총5층']",37.657007,127.061888
2521550868,일반상가,월세,1/3,460,"7,000",20,20,남서향,20250422,"['25년이상', '역세권', '1층', '주차가능']",37.655664,127.06289
2521579701,일반상가,월세,1/3,300,"4,000",132,66,남서향,20250422,"['25년이상', '융자금없는', '역세권', '1층']",37.66149,127.072824
2521544152,일반상가,월세,5/5,100,"1,000",42,42,서향,20250422,"['25년이상', '역세권', '고층', '주차가능']",37.648685,127.061869
2521515278,일반상가,월세,B1/6,528,1억,399,296,서향,20250422,"['25년이내', '역세권', '지하층', '주차가능']",37.654878,127.061957
2521500751,일반상가,월세,5/5,100,"1,000",56,43,동향,20250422,"['25년이상', '역세권', '고층', '주차가능']",37.648685,127.061869
2521418723,일반상가,월세,7/8,243,"4,000",165,136,남향,20250422,"['25년이상', '융자금없는', '역세권', '고층']",37.656192,127.061507
2521518672,일반상가,월세,2/5,380,"7,000",324,297,남서향,20250422,"['25년이내', '융자금없는', '역세권', '중층']",37.65918,127.070749
2521394928,일반상가,월세,1/4,230,"3,000",39,39,,20250422,"['25년이상', '역세권', '1층', '엘리베이터']",37.658341,127.061643
2521435162,일반상가,월세,1/4,105,"1,500",25,25,,20250422,"['25년이상', '융자금없는', '역세권', '1층']",37.676612,127.054255
2521475198,일반상가,월세,6/7,300,"3,000",190,173,서향,20250422,"['25년이내', '역세권', '고층', '주차가능']",37.655534,127.064546
2521393546,일반상가,월세,5/6,350,"5,000",253,215,서향,20250422,"['10년이내', '융자금없는', '역세권', '고층']",37.674967,127.055576
2521560394,일반상가,월세,1/9,"2,200",5억,140,140,서향,20250422,"['25년이상', '역세권', '1층', '주차가능']",37.653245,127.061336
2521539315,일반상가,월세,8/8,500,1억,245,245,서향,20250422,"['25년이상', '역세권', '고층', '주차가능']",37.648148,127.062144
2521578949,일반상가,월세,1/3,130,"2,000",46,23,남동향,20250422,"['25년이상', '역세권', '1층', '관리비20만원이하']",37.66149,127.072824
2521568769,일반상가,월세,2/3,50,"1,000",82,82,남동향,20250422,"['25년이상', '역세권', '중층', '주차가능']",37.658802,127.07078
2521564732,일반상가,단기임대,B1/3,170,500,142,142,남향,20250422,"['25년이상', '역세권', '지하층', '주차가능']",37.659396,127.070954
2521579525,일반상가,월세,2/3,50,"1,000",73,37,남동향,20250422,"['25년이상', '융자금없는', '역세권', '중층']",37.66149,127.072824
2521588340,일반상가,매매,4/5,,"4억 1,000",75,68,서향,20250422,"['25년이상', '역세권', '고층', '주차가능']",37.656698,127.062625
2521585714,일반상가,월세,1/10,"1,079","1억 7,000",195,195,서향,20250422,"['25년이상', '역세권', '1층', '주차가능']",37.654324,127.062179
2521579170,일반상가,월세,1/3,100,"2,000",42,22,남동향,20250422,"['25년이상', '융자금없는', '역세권', '1층']",37.66149,127.072824
2521579990,일반상가,월세,B1/6,"1,280","1억 6,000",548,527,서향,20250422,"['25년이상', '역세권', '지하층', '주차가능']",37.653752,127.061191
2521580098,일반상가,월세,2/3,35,500,39,17,남동향,20250422,"['25년이상', '역세권', '중층', '관리비10만원이하']",37.66149,127.072824
2521570276,일반상가,월세,1/6,210,"5,000",53,25,남향,20250422,"['25년이내', '역세권', '1층', '주차가능']",37.657007,127.061888
2521537307,단지내상가,전세,2/2,,"6억 5,000",132,132,남향,20250422,"['2년이내', '고층', '주차가능', '천장에어컨']",37.664955,127.077771
2521534686,일반상가,월세,5/7,300,"5,000",214,214,남향,20250422,"['25년이상', '역세권', '고층', '주차가능']",37.65497,127.059564
2521455663,일반상가,월세,B1/3,220,"2,000",337,337,북향,20250422,"['25년이상', '융자금없는', '역세권', '지하층']",37.67502,127.053901
2521572577,일반상가,월세,4/6,540,"6,000",330,330,남향,20250422,"['25년이상', '역세권', '중층', '엘리베이터']",37.653282,127.059079
2521573227,일반상가,월세,2/5,140,"1,000",103,103,남향,20250422,"['15년이내', '역세권', '중층', '총5층']",37.658562,127.070043
2521577903,일반상가,월세,B1/4,780,"8,000",268,268,동향,20250422,"['25년이상', '역세권', '지하층', '엘리베이터']",37.656402,127.062232
2521617098,일반상가,월세,2/4,190,"3,000",81,81,북향,20250422,"['25년이상', '역세권', '중층', '총4층']",37.656231,127.063785
2521570887,일반상가,월세,7/7,350,"3,000",142,142,남향,20250422,"['25년이상', '융자금없는', '역세권', '고층']",37.654916,127.059324
2521537329,일반상가,월세,2/5,140,"3,000",129,129,남서향,20250422,"['25년이내', '역세권', '중층', '관리비20만원이하']",37.658461,127.065781
2521536411,일반상가,월세,2/4,600,1억,242,242,남향,20250422,"['25년이상', '역세권', '중층', '총4층']",37.656113,127.063163
2521532178,복합상가,매매,3/6,,"7억 3,000",74,74,남향,20250422,"['25년이상', '역세권', '중층', '주차가능']",37.654516,127.063019
2521534975,일반상가,월세,2/4,100,"2,000",72,72,북향,20250422,"['25년이상', '역세권', '중층', '관리비10만원이하']",37.658789,127.062317
2521551432,일반상가,월세,3/4,70,"1,000",33,33,동향,20250422,"['25년이상', '역세권', '고층', '주차가능']",37.657082,127.067247
2521521473,복합상가,월세,3/7,120,"2,000",54,54,서향,20250422,"['25년이상', '역세권', '중층', '주차가능']",37.650757,127.061944
2521507864,복합상가,월세,B1/6,30,700,39,39,남향,20250422,"['25년이상', '역세권', '지하층', '주차가능']",37.653918,127.061936
2521536671,일반상가,월세,B1/8,"1,280","1억 6,000",548,548,서향,20250422,"['25년이상', '역세권', '지하층', '주차가능']",37.653752,127.061191
2521451507,일반상가,매매,2/6,,"7억 7,000",125,118,남향,20250422,"['25년이상', '역세권', '지상층(1층제외)', '주차가능']",37.656052,127.06084
2521418702,일반상가,월세,B1/8,50,"1,000",30,30,남향,20250422,"['25년이상', '융자금없는', '역세권', '지하층']",37.656052,127.06084
2521401447,복합상가,월세,5/6,220,"3,000",121,121,서향,20250422,"['25년이상', '역세권', '고층', '엘리베이터']",37.64956,127.062257
2521423438,단지내상가,월세,3/6,180,"3,000",156,156,남향,20250422,"['25년이내', '융자금없는', '중층', '주차가능']",37.672865,127.05652
2521445000,일반상가,월세,1/2,180,"2,000",49,49,,20250422,"['25년이상', '역세권', '1층', '총2층']",37.658346,127.070326
2521394397,일반상가,월세,3/6,420,"4,000",299,250,서향,20250422,"['25년이상', '역세권', '중층', '주차가능']",37.651107,127.061843
2521423076,일반상가,월세,2/5,180,"3,000",181,181,남서향,20250422,"['25년이내', '융자금없는', '역세권', '중층']",37.660299,127.07139
2521423173,일반상가,월세,3/5,70,"1,000",82,82,남동향,20250422,"['25년이내', '융자금없는', '역세권', '중층']",37.666968,127.078319
2521423223,일반상가,월세,B1/6,55,"1,000",99,99,남서향,20250422,"['25년이상', '지하층', '주차가능', '남서향']",37.659019,127.067182
2521612055,일반상가,월세,1/5,55,"1,000",27,27,북서향,20250422,"['25년이상', '1층', '총5층', '북서향']",37.65665,127.069554
2521538058,단지내상가,매매,1/1,,8억,66,66,남향,20250422,"['2년이내', '1층', '관리비20만원이하', '주차가능']",37.665281,127.076994
2521099029,복합상가,매매,B1/10,,8억,280,254,남향,20250421,"['15년이내', '역세권', '지하층', '주차가능']",37.656462,127.066169
2521165249,일반상가,월세,1/3,175,"2,000",26,26,북향,20250421,"['25년이상', '역세권', '1층', '총3층']",37.65645,127.064618
2521176511,단지내상가,매매,2/15,,2억,45,32,남동향,20250421,"['25년이상', '역세권', '지상층(1층제외)', '관리비20만원이하']",37.66149,127.072824
2521168474,일반상가,월세,1/12,250,"5,000",72,72,남향,20250421,"['25년이상', '융자금없는', '역세권', '1층']",37.656096,127.061058
2521159313,일반상가,월세,B1/4,253,"3,000",147,113,남향,20250421,"['25년이상', '역세권', '지하층', '주차가능']",37.654688,127.058316
2521249906,일반상가,월세,4/4,390,"7,000",196,181,남향,20250421,"['25년이상', '융자금적은', '역세권', '고층']",37.655399,127.063109
2521181917,단지내상가,월세,1/15,300,"4,000",50,35,남서향,20250421,"['25년이상', '역세권', '1층', '주차가능']",37.66149,127.072824
2521179510,단지내상가,월세,2/15,50,800,40,32,남서향,20250421,"['25년이상', '역세권', '지상층(1층제외)', '관리비20만원이하']",37.66149,127.072824
2521166082,일반상가,월세,B1/5,300,"3,000",242,242,북향,20250421,"['25년이상', '융자금적은', '역세권', '지하층']",37.65584,127.065356
2521186220,일반상가,월세,3/6,300,"5,000",253,253,서향,20250421,"['10년이내', '융자금적은', '역세권', '중층']",37.674967,127.055576
2521182988,일반상가,월세,1/3,40,500,21,21,남서향,20250421,"['25년이상', '역세권', '1층', '총3층']",37.66255,127.071862
2521253744,일반상가,월세,3/3,160,"2,000",99,99,남향,20250421,"['25년이상', '역세권', '고층', '총3층']",37.656622,127.06558
2521292788,일반상가,매매,4/5,,"40억 4,000",1086,830,남서향,20250421,"['25년이상', '역세권', '고층', '주차가능']",37.657133,127.062832
2521312939,일반상가,월세,1/6,"1,637",5억,142,142,서향,20250421,"['25년이상', '역세권', '1층', '주차가능']",37.653752,127.061191
2521261348,일반상가,월세,3/3,130,"2,000",70,66,남향,20250421,"['25년이상', '고층', '총3층', '남향']",37.670743,127.055755
2521302990,일반상가,월세,1/10,"1,080","1억 7,000",198,132,남서향,20250421,"['25년이상', '융자금없는', '역세권', '1층']",37.654324,127.062179
2521258995,일반상가,월세,5/5,200,"2,500",115,92,동향,20250421,"['25년이상', '역세권', '고층', '주차가능']",37.648685,127.061869
2521212621,일반상가,매매,2/4,,"5억 5,000",116,95,남동향,20250421,"['25년이상', '중층', '총4층', '남동향']",37.663221,127.077161
2521182449,일반상가,월세,4/4,100,"1,000",42,42,북동향,20250421,"['25년이상', '융자금없는', '역세권', '고층']",37.654397,127.058163
2521247405,단지내상가,월세,1/6,"1,100",1억,436,436,서향,20250421,"['10년이내', '융자금적은', '역세권', '1층']",37.674967,127.055576
2521180021,일반상가,매매,6/6,,20억,305,205,남향,20250421,"['25년이상', '역세권', '고층', '남향']",37.652944,127.060537
2521327460,단지내상가,월세,1/2,300,"5,000",33,25,서향,20250421,"['25년이상', '융자금없는', '역세권', '1층']",37.666003,127.057926
2521325316,일반상가,월세,1/5,120,"2,000",40,31,남향,20250421,"['25년이상', '융자금없는', '역세권', '1층']",37.659044,127.062474
2521327777,일반상가,월세,1/4,180,"2,700",33,26,남향,20250421,"['25년이상', '융자금없는', '1층', '주차가능']",37.664714,127.066009
2521317435,일반상가,월세,1/2,70,"1,000",30,28,서향,20250421,"['25년이상', '1층', '총2층', '서향']",37.659653,127.068321
2521304439,일반상가,월세,1/4,65,"1,000",29,29,북향,20250421,"['25년이상', '융자금없는', '역세권', '1층']",37.663639,127.072614
2521097760,일반상가,월세,B1/8,"1,280","1억 6,000",527,527,남향,20250421,"['25년이상', '융자금없는', '역세권', '지하층']",37.653752,127.061191
2521130056,일반상가,월세,1/2,110,"2,000",33,33,남향,20250421,"['25년이상', '1층', '관리비10만원이하', '총2층']",37.664608,127.067412
2521103400,일반상가,월세,3/5,100,"1,000",153,153,동향,20250421,"['25년이내', '융자금없는', '역세권', '중층']",37.669594,127.08086
2521318929,일반상가,월세,1/7,300,"3,000",55,49,서향,20250421,"['25년이상', '역세권', '1층', '주차가능']",37.665078,127.058083
2521317140,일반상가,월세,2/7,"1,724","2억 1,000",465,465,남향,20250421,"['25년이상', '역세권', '지상층(1층제외)', '주차가능']",37.657133,127.062832
2521271898,일반상가,월세,B1/4,125,"3,000",220,206,서향,20250421,"['25년이상', '지하층', '주차가능', '총4층']",37.662621,127.066115
2521274052,단지내상가,월세,2/2,60,"1,000",30,30,동향,20250421,"['25년이상', '고층', '주차가능', '총2층']",37.64676,127.059554
2521378084,일반상가,월세,B1/8,100,"1,200",80,70,남향,20250421,"['25년이상', '융자금없는', '역세권', '지하층']",37.656052,127.06084
2521350985,단지내상가,매매,3/3,,"2억 6,800",74,49,북동향,20250421,"['25년이상', '역세권', '고층', '주차가능']",37.663052,127.074527
2521342829,일반상가,월세,1/3,75,"1,500",38,38,동향,20250421,"['25년이상', '역세권', '1층', '주차가능']",37.663953,127.074327
2521330799,복합상가,월세,1/6,160,"3,000",48,36,남향,20250421,"['25년이내', '융자금없는', '역세권', '1층']",37.657998,127.062399
2521334668,일반상가,월세,5/6,400,"5,000",253,253,서향,20250421,"['10년이내', '역세권', '고층', '주차가능']",37.674967,127.055576
2521328202,일반상가,월세,1/4,220,"3,000",33,26,남향,20250421,"['25년이상', '융자금없는', '역세권', '1층']",37.677582,127.055588
2521324516,일반상가,월세,2/5,160,"2,000",151,151,동향,20250421,"['25년이상', '역세권', '중층', '주차가능']",37.661264,127.070657
2521320034,일반상가,매매,5/6,,5억,90,90,북동향,20250421,"['25년이상', '역세권', '고층', '주차가능']",37.653918,127.061936
2521208956,일반상가,월세,5/8,80,"1,200",42,42,서향,20250421,"['25년이상', '역세권', '중층', '주차가능']",37.656012,127.060564
2521184467,단지내상가,매매,2/2,,5억,42,42,남서향,20250421,"['25년이상', '고층', '총2층', '남서향']",37.64676,127.059554
2521131352,일반상가,월세,1/2,130,"3,000",73,73,남향,20250421,"['25년이상', '1층', '관리비10만원이하', '총2층']",37.664608,127.067412
2521183738,일반상가,월세,4/4,160,"2,000",81,81,남향,20250421,"['25년이상', '융자금없는', '역세권', '고층']",37.654793,127.058779
2521324003,일반상가,월세,4/5,90,"1,000",151,151,동향,20250421,"['25년이상', '역세권', '고층', '주차가능']",37.661264,127.070657
2521325787,일반상가,월세,B1/5,180,"3,000",105,99,북향,20250421,"['25년이상', '융자금없는', '역세권', '지하층']",37.656113,127.063475
2521329571,일반상가,월세,1/13,130,"2,000",50,44,동향,20250421,"['25년이내', '1층', '주차가능', '동향']",37.659793,127.069178
2521326624,일반상가,월세,1/10,200,"3,000",38,31,남서향,20250421,"['15년이내', '융자금없는', '역세권', '1층']",37.656462,127.066169
2521326248,일반상가,월세,1/6,230,"3,000",40,30,동향,20250421,"['25년이상', '융자금없는', '역세권', '1층']",37.652944,127.060537
2521346401,일반상가,월세,1/1,60,"1,500",40,40,북동향,20250421,"['25년이상', '역세권', '1층', '북동향']",37.660775,127.069604
2521380796,일반상가,월세,3/6,350,"5,000",156,156,북향,20250421,"['25년이내', '융자금없는', '역세권', '중층']",37.655917,127.064464
2521379320,단지내상가,월세,1/2,55,"1,000",53,35,남동향,20250421,"['25년이내', '융자금없는', '역세권', '1층']",37.671969,127.081263
2521345286,일반상가,월세,1/3,180,"2,500",53,53,남향,20250421,"['25년이상', '1층', '총3층', '남향']",37.670743,127.055755
2521388605,일반상가,월세,B2/10,150,"3,000",148,132,북향,20250421,"['25년이상', '융자금없는', '역세권', '지하층']",37.656096,127.061058
2521387358,일반상가,월세,1/4,450,"5,000",150,88,남동향,20250421,"['25년이상', '융자금없는', '역세권', '1층']",37.655985,127.064898
2521098127,일반상가,월세,B1/5,180,"3,000",120,100,남향,20250421,"['25년이상', '융자금없는', '역세권', '지하층']",37.656113,127.063475
2521243403,일반상가,월세,2/5,150,"5,000",180,160,남향,20250421,"['25년이내', '중층', '관리비20만원이하', '주차가능']",37.658583,127.069324
2521261884,일반상가,월세,1/4,85,"1,000",50,46,북서향,20250421,"['25년이상', '1층', '주차가능', '총4층']",37.661083,127.066755
2521238437,일반상가,월세,1/4,85,"2,000",68,68,남서향,20250421,"['25년이상', '1층', '주차가능', '총4층']",37.665648,127.069342
2521243963,일반상가,월세,4/5,80,"1,500",115,115,서향,20250421,"['25년이상', '고층', '관리비10만원이하', '주차가능']",37.659262,127.069536
2521249312,일반상가,월세,1/3,80,"1,000",25,25,북서향,20250421,"['25년이상', '역세권', '1층', '총3층']",37.658016,127.066375
2521252515,일반상가,월세,B1/5,140,"3,000",112,112,동향,20250421,"['25년이상', '역세권', '지하층', '주차가능']",37.648685,127.061869
2521241969,복합상가,월세,1/4,120,"2,000",82,80,북서향,20250421,"['25년이상', '1층', '주차가능', '총4층']",37.664608,127.07079
2521246334,일반상가,월세,1/5,80,"1,000",37,29,북향,20250421,"['25년이상', '역세권', '1층', '주차가능']",37.661618,127.070279
2521162012,일반상가,월세,2/3,75,"1,000",56,56,북동향,20250421,"['25년이상', '역세권', '중층', '주차가능']",37.676368,127.056051
2521099645,복합상가,매매,B1/8,,"4억 2,000",116,77,서향,20250421,"['25년이상', '역세권', '지하층', '주차가능']",37.656012,127.060564
2521097786,일반상가,월세,1/2,220,"3,000",44,44,남향,20250421,"['10년이내', '융자금없는', '역세권', '1층']",37.658488,127.06168
2521256952,일반상가,월세,1/2,170,"2,000",42,39,북서향,20250421,"['25년이상', '역세권', '1층', '총2층']",37.659555,127.06989
2521261906,일반상가,월세,1/2,120,"2,000",25,22,서향,20250421,"['25년이상', '융자금없는', '역세권', '1층']",37.659019,127.061514
2521104295,일반상가,월세,B1/4,30,500,42,42,남동향,20250421,"['25년이상', '지하층', '주차가능', '총4층']",37.672239,127.057629
2521098799,일반상가,월세,1/9,120,"2,500",25,25,남향,20250421,"['25년이상', '융자금없는', '역세권', '1층']",37.654385,127.062448
2521082097,복합상가,매매,2/6,,75억,1118,1118,남향,20250421,"['25년이내', '역세권', '지상층(1층제외)', '주차가능']",37.65733,127.065466
2521082377,일반상가,월세,1/8,420,"5,500",33,33,남서향,20250421,"['25년이상', '융자금없는', '역세권', '1층']",37.666565,127.056946
2521268521,복합상가,매매,3/6,,"4억 3,000",67,67,북향,20250421,"['25년이상', '역세권', '중층', '주차가능']",37.653918,127.061936
2521377292,일반상가,월세,4/5,160,"2,000",146,146,남서향,20250421,"['25년이내', '융자금없는', '역세권', '고층']",37.657216,127.067269
2521333875,일반상가,월세,B1/6,60,"1,000",97,97,동향,20250421,"['25년이상', '지하층', '관리비10만원이하', '주차가능']",37.659019,127.067182
2521268099,일반상가,매매,1/7,,"9억 7,000",35,25,남향,20250421,"['25년이내', '역세권', '1층', '관리비20만원이하']",37.657007,127.061888
2521328442,일반상가,월세,2/2,195,"3,000",200,176,서향,20250421,"['25년이상', '역세권', '고층', '관리비10만원이하']",37.673015,127.055997
2521303446,일반상가,월세,B1/4,580,1억,446,380,동향,20250421,"['25년이상', '융자금없는', '역세권', '지하층']",37.654199,127.063175
2521269610,일반상가,매매,B1/5,,35억,604,271,남동향,20250421,"['25년이내', '역세권', '지하층', '관리비10만원이하']",37.659181,127.070895
2521269224,일반상가,월세,1/4,703,"1억 5,000",95,83,서향,20250421,"['25년이상', '융자금없는', '역세권', '1층']",37.65659,127.063281
2521311728,일반상가,월세,B1/3,38,500,69,69,북동향,20250421,"['25년이상', '융자금없는', '지하층', '주차가능']",37.665428,127.069884
2521267235,일반상가,매매,4/5,,"3억 8,000",90,72,동향,20250421,"['25년이상', '역세권', '고층', '주차가능']",37.666387,127.056992
2521289876,일반상가,월세,4/4,300,"2,000",238,238,북향,20250421,"['25년이상', '융자금없는', '고층', '주차가능']",37.648145,127.057582
2521340709,단지내상가,매매,1/2,,"1억 7,000",25,18,서향,20250421,"['25년이내', '1층', '총2층', '서향']",37.663122,127.078587
2521346724,일반상가,월세,3/4,220,"5,000",149,142,남향,20250421,"['25년이상', '융자금없는', '역세권', '고층']",37.656912,127.062172
2521147542,일반상가,월세,1/4,65,"1,000",39,35,남동향,20250421,"['10년이내', '역세권', '1층', '주차가능']",37.67736,127.051796
2521309591,일반상가,월세,1/4,170,"1,200",45,40,남서향,20250421,"['25년이상', '융자금없는', '역세권', '1층']",37.657362,127.061923
2521338456,일반상가,매매,6/8,,"2,500",5,5,남향,20250421,"['25년이내', '역세권', '고층', '관리비10만원이하']",37.655338,127.063772
2521334680,일반상가,월세,4/8,700,1억,416,301,남향,20250421,"['25년이내', '융자금없는', '역세권', '중층']",37.657582,127.061841
2521341971,복합상가,월세,2/3,130,"2,000",87,87,북향,20250421,"['25년이상', '융자금적은', '역세권', '중층']",37.676406,127.054638
2521358802,일반상가,월세,1/5,"2,000","2억 5,000",148,148,남서향,20250421,"['2년이내', '역세권', '1층', '총5층']",37.656503,127.063023
2521333942,일반상가,월세,1/4,95,"2,000",33,30,동향,20250421,"['25년이상', '융자금없는', '역세권', '1층']",37.661433,127.070468
2521233805,일반상가,월세,2/5,130,"2,000",109,109,남동향,20250421,"['25년이내', '역세권', '중층', '관리비10만원이하']",37.659181,127.070895
2521258601,일반상가,월세,1/2,180,"3,000",36,36,북향,20250421,"['25년이상', '역세권', '1층', '총2층']",37.657875,127.062738
2521266230,일반상가,월세,1/5,320,"6,000",70,55,서향,20250421,"['25년이상', '융자금없는', '역세권', '1층']",37.650757,127.061944
2521260390,일반상가,월세,1/2,75,"1,500",38,32,북향,20250421,"['25년이상', '1층', '주차가능', '총2층']",37.659752,127.068438
2521265487,단지내상가,월세,1/2,278,"3,000",58,31,남서향,20250421,"['25년이상', '역세권', '1층', '주차가능']",37.650068,127.062211
2521201839,일반상가,월세,B1/5,100,"1,500",40,40,동향,20250421,"['25년이상', '역세권', '지하층', '총5층']",37.667589,127.078785
2521098404,일반상가,월세,1/5,515,"8,000",66,66,서향,20250421,"['25년이상', '융자금없는', '역세권', '1층']",37.656698,127.062625
2521125256,일반상가,월세,1/5,100,"1,000",35,26,남향,20250421,"['25년이상', '역세권', '1층', '총5층']",37.667945,127.059051
2521096443,복합상가,매매,2/6,,8억,86,86,남향,20250421,"['25년이상', '역세권', '지상층(1층제외)', '주차가능']",37.656012,127.060564
2521131801,일반상가,월세,4/4,100,"2,000",144,144,남향,20250421,"['25년이상', '고층', '총4층', '남향']",37.665421,127.067436
2521103476,일반상가,월세,4/4,390,"7,000",181,181,남동향,20250421,"['25년이상', '역세권', '고층', '주차가능']",37.655399,127.063109
2521178337,일반상가,월세,1/6,530,"6,000",110,99,서향,20250421,"['25년이내', '역세권', '1층', '주차가능']",37.656089,127.065305
2521169067,일반상가,월세,1/7,480,"3,000",99,99,,20250421,"['25년이상', '테라스', '역세권', '1층']",37.655985,127.064898
2521169243,일반상가,월세,1/3,130,"2,800",72,72,남동향,20250421,"['25년이상', '역세권', '1층', '총3층']",37.657851,127.070727
2521164279,일반상가,월세,4/8,450,"5,000",261,168,서향,20250421,"['15년이내', '융자금적은', '역세권', '중층']",37.656315,127.064314
2521165592,일반상가,월세,B1/6,900,"1억 5,000",659,326,북향,20250421,"['15년이내', '융자금적은', '역세권', '지하층']",37.656515,127.061926
2521137660,일반상가,월세,7/8,493,"8,000",462,264,남향,20250421,"['25년이상', '융자금없는', '역세권', '고층']",37.656192,127.061507
2521164561,일반상가,월세,1/6,340,"5,000",68,68,북동향,20250421,"['25년이내', '역세권', '1층', '주차가능']",37.678462,127.052895
2521103379,일반상가,월세,1/3,460,"7,000",26,26,남동향,20250421,"['25년이상', '역세권', '1층', '주차가능']",37.655664,127.06289
2521104573,일반상가,매매,2/8,,"3억 9,000",66,66,남동향,20250421,"['25년이상', '역세권', '지상층(1층제외)', '주차가능']",37.656052,127.06084
2521125064,일반상가,월세,B1/5,220,"2,000",203,203,남향,20250421,"['25년이상', '지하층', '주차가능', '엘리베이터']",37.673611,127.052372
2521205383,일반상가,월세,1/4,50,500,23,23,남동향,20250421,"['25년이상', '역세권', '1층', '총4층']",37.668127,127.079195
2521096523,일반상가,월세,2/4,150,"2,000",101,101,북향,20250420,"['25년이상', '융자금없는', '중층', '총4층']",37.664124,127.066763
2521104991,일반상가,월세,5/7,650,1억,181,181,동향,20250420,"['25년이상', '역세권', '고층', '주차가능']",37.653566,127.060362
2521098088,단지내상가,월세,5/6,200,"2,500",115,92,동향,20250420,"['25년이상', '융자금없는', '역세권', '고층']",37.648685,127.061869
2521105003,일반상가,월세,6/6,140,"2,000",86,86,동향,20250420,"['25년이내', '역세권', '고층', '관리비10만원이하']",37.674003,127.056639
2521105069,일반상가,월세,2/5,390,"4,000",181,181,동향,20250420,"['25년이상', '역세권', '중층', '총5층']",37.65584,127.065356
2520943051,일반상가,월세,1/3,"1,800","2억 5,000",648,648,남서향,20250419,"['10년이내', '1층', '주차가능', '총3층']",37.672566,127.051316
2521016156,일반상가,월세,2/8,"2,500",2억,1395,1375,남향,20250419,"['25년이내', '역세권', '지상층(1층제외)', '주차가능']",37.65543,127.064096
2521033358,일반상가,매매,2/6,,"4억 8,000",88,56,서향,20250419,"['25년이상', '역세권', '지상층(1층제외)', '관리비20만원이하']",37.650954,127.061136
2521065675,단지내상가,월세,1/15,90,"2,000",34,34,북동향,20250419,"['25년이내', '역세권', '1층', '주차가능']",37.668555,127.078153
2521055654,일반상가,월세,2/3,65,"1,000",32,32,남동향,20250419,"['25년이내', '융자금없는', '역세권', '중층']",37.65872,127.064731
2520966825,일반상가,월세,3/4,85,"2,000",114,104,남동향,20250419,"['25년이상', '융자금없는', '고층', '총4층']",37.664959,127.069051
2520975284,복합상가,월세,B1/6,220,"5,000",283,283,남향,20250419,"['25년이상', '역세권', '지하층', '주차가능']",37.653918,127.061936
2521065774,단지내상가,월세,1/15,100,"2,000",56,56,동향,20250419,"['25년이내', '역세권', '1층', '주차가능']",37.668555,127.078153
2521069987,일반상가,월세,3/6,150,"2,000",64,64,서향,20250419,"['25년이상', '융자금없는', '역세권', '중층']",37.666925,127.057606
2521043266,단지내상가,월세,1/4,120,"5,000",59,46,북동향,20250419,"['25년이상', '융자금없는', '역세권', '1층']",37.658788,127.061826
2521033133,일반상가,월세,1/4,70,"1,000",33,33,남향,20250419,"['25년이상', '1층', '주차가능', '총4층']",37.658942,127.069078
2521032221,일반상가,월세,2/4,120,"1,000",61,44,서향,20250419,"['25년이상', '역세권', '중층', '총4층']",37.658754,127.061578
2521041405,일반상가,월세,1/4,225,"4,000",66,66,서향,20250419,"['25년이상', '역세권', '1층', '총4층']",37.658754,127.061578
2521026819,단지내상가,월세,1/13,45,500,26,26,남서향,20250419,"['25년이내', '1층', '관리비10만원이하', '주차가능']",37.659793,127.069178
2520977474,일반상가,월세,1/4,100,"1,500",59,59,동향,20250419,"['25년이상', '1층', '주차가능', '총4층']",37.66069,127.068916
2520915363,일반상가,월세,1/5,650,1억,79,79,남향,20250419,"['10년이내', '역세권', '1층', '주차가능']",37.655918,127.064166
2520968636,일반상가,월세,1/1,45,"1,000",30,25,남동향,20250419,"['25년이상', '역세권', '1층', '남동향']",37.664017,127.07446
2520969897,일반상가,월세,9/10,550,"3,500",208,208,북동향,20250419,"['25년이상', '역세권', '고층', '주차가능']",37.653688,127.059328
2520958949,일반상가,월세,1/2,"2,000",3억,184,184,동향,20250419,"['25년이상', '역세권', '1층', '주차가능']",37.653868,127.063296
2520974380,일반상가,월세,8/10,"1,363","1억 5,000",537,400,북향,20250419,"['25년이상', '역세권', '고층', '주차가능']",37.654324,127.062179
2520995720,일반상가,월세,4/7,180,"5,000",171,146,북서향,20250419,"['25년이내', '융자금없는', '역세권', '중층']",37.663429,127.076252
2521034489,일반상가,월세,1/5,50,"1,000",17,17,남향,20250419,"['25년이상', '역세권', '1층', '관리비10만원이하']",37.660374,127.071197
2520906359,단지내상가,월세,1/2,120,"3,000",13,13,남향,20250419,"['25년이상', '역세권', '1층', '총2층']",37.664194,127.054669
2520906518,일반상가,월세,1/6,270,"3,000",62,30,남향,20250419,"['25년이내', '역세권', '1층', '주차가능']",37.657007,127.061888
2520907680,일반상가,월세,3/4,130,"2,000",98,98,남향,20250419,"['25년이상', '고층', '총4층', '남향']",37.664533,127.066608
2520973645,복합상가,매매,B1/10,,8억,333,254,남서향,20250419,"['15년이내', '역세권', '지하층', '주차가능']",37.656462,127.066169
2520979512,단지내상가,월세,1/2,200,"5,000",32,26,동향,20250419,"['15년이내', '역세권', '1층', '관리비20만원이하']",37.665863,127.057049
2520919723,일반상가,월세,4/6,80,"2,000",94,61,서향,20250419,"['25년이상', '역세권', '중층', '관리비20만원이하']",37.65093,127.061889
2520963004,단지내상가,월세,B1/15,10,200,20,15,남서향,20250419,"['25년이상', '역세권', '지하층', '관리비10만원이하']",37.66149,127.072824
2520969611,단지내상가,월세,1/2,100,"3,000",93,59,동향,20250419,"['25년이상', '역세권', '1층', '주차가능']",37.661677,127.057903
2520981234,일반상가,월세,1/6,240,"4,000",64,64,남서향,20250419,"['25년이상', '역세권', '1층', '주차가능']",37.651989,127.06161
2521009752,일반상가,월세,1/6,140,"2,000",45,30,동향,20250419,"['25년이상', '역세권', '1층', '주차가능']",37.64956,127.062257
2520977243,일반상가,월세,1/6,700,"1억 5,000",89,89,서향,20250419,"['25년이상', '역세권', '1층', '주차가능']",37.650562,127.062
2520968323,일반상가,월세,1/3,900,1억,587,550,서향,20250419,"['25년이상', '역세권', '1층', '주차가능']",37.657528,127.066668
2520911438,단지내상가,월세,1/2,65,"2,000",13,13,북향,20250419,"['25년이상', '역세권', '1층', '총2층']",37.661468,127.059402
2520836260,일반상가,월세,1/4,55,"1,000",36,33,남동향,20250418,"['15년이내', '역세권', '1층', '주차가능']",37.663639,127.072614
2520861722,일반상가,월세,1/3,60,"1,000",28,28,북동향,20250418,"['25년이상', '1층', '주차가능', '총3층']",37.659653,127.068321
2520862641,단지내상가,월세,1/15,100,"2,000",44,22,남동향,20250418,"['25년이상', '역세권', '1층', '주차가능']",37.66149,127.072824
2520790403,일반상가,월세,2/6,470,"3,000",109,109,서향,20250418,"['25년이상', '역세권', '지상층(1층제외)', '주차가능']",37.653061,127.061391
2520850569,일반상가,월세,2/3,400,"4,000",320,320,동향,20250418,"['25년이상', '융자금적은', '중층', '총3층']",37.670743,127.055755
2520760095,일반상가,월세,1/6,290,"7,000",60,60,,20250418,"['25년이상', '역세권', '1층', '주차가능']",37.64956,127.062257
2520773103,단지내상가,월세,1/2,30,500,22,13,남향,20250418,"['25년이상', '역세권', '1층', '관리비10만원이하']",37.646221,127.060958
2520825841,일반상가,월세,1/4,65,"1,000",43,43,북향,20250418,"['25년이상', '역세권', '1층', '총4층']",37.663639,127.072614
2520852601,일반상가,월세,1/4,250,"4,000",13,13,서향,20250418,"['25년이상', '역세권', '1층', '주차가능']",37.6564,127.061795
2520762701,복합상가,월세,1/5,100,"2,000",32,32,북향,20250418,"['15년이내', '역세권', '1층', '관리비10만원이하']",37.658387,127.070777
2520845679,일반상가,월세,3/4,150,"3,000",107,107,남향,20250418,"['25년이상', '융자금없는', '역세권', '고층']",37.660994,127.071526
2520660540,일반상가,월세,1/1,570,"1억 1,000",109,109,남향,20250418,"['25년이상', '역세권', '1층', '주차가능']",37.655743,127.065911
2520662362,일반상가,월세,1/4,145,"1,200",51,43,북서향,20250418,"['25년이상', '융자금없는', '역세권', '1층']",37.657362,127.061923
2520659354,일반상가,월세,1/10,"1,079","1억 7,000",215,215,남서향,20250418,"['25년이상', '융자금없는', '역세권', '1층']",37.654324,127.062179
2520868836,일반상가,월세,B1/7,120,"2,000",141,141,북향,20250418,"['10년이내', '역세권', '지하층', '관리비10만원이하']",37.67846,127.053066
2520872966,일반상가,월세,2/3,800,1억,393,339,남서향,20250418,"['25년이상', '역세권', '중층', '주차가능']",37.657528,127.066668
2520871280,일반상가,월세,1/4,162,"1,200",51,39,북서향,20250418,"['25년이상', '융자금없는', '역세권', '1층']",37.657362,127.061923
2520789132,단지내상가,월세,1/2,150,"2,000",28,28,북향,20250418,"['25년이상', '역세권', '1층', '주차가능']",37.65239,127.060648
2520664188,일반상가,월세,1/5,320,"6,000",55,55,서향,20250418,"['25년이상', '융자금없는', '역세권', '1층']",37.650757,127.061944
2520738401,일반상가,월세,1/4,240,"5,000",25,25,남향,20250418,"['25년이상', '융자금없는', '역세권', '1층']",37.657007,127.061888
2520742156,일반상가,월세,5/5,138,"2,760",102,69,동향,20250418,"['10년이내', '고층', '주차가능', '엘리베이터']",37.664119,127.065583
2520680770,일반상가,월세,1/7,400,"5,000",102,102,남서향,20250418,"['25년이내', '역세권', '1층', '관리비20만원이하']",37.662189,127.070206
2520811782,일반상가,월세,1/7,25,400,20,11,동향,20250418,"['25년이상', '1층', '관리비10만원이하', '주차가능']",37.663677,127.068565
2520737715,일반상가,월세,1/4,123,"1,400",25,19,남향,20250418,"['25년이상', '1층', '관리비10만원이하', '총4층']",37.664502,127.066811
2520864765,단지내상가,매매,1/15,,"2억 5,000",15,15,남동향,20250418,"['25년이상', '역세권', '1층', '관리비10만원이하']",37.66149,127.072824
2520862551,일반상가,월세,3/5,120,"2,000",54,54,북서향,20250418,"['25년이상', '융자금없는', '역세권', '중층']",37.650757,127.061944
2520671514,복합상가,월세,1/9,270,"5,000",70,39,동향,20250418,"['25년이내', '융자금없는', '역세권', '1층']",37.679128,127.054906
2520763753,복합상가,월세,B1/6,"1,200",2억,600,600,서향,20250418,"['25년이상', '역세권', '지하층', '주차가능']",37.65399,127.057778
2520702202,일반상가,월세,2/5,230,"5,000",224,224,북동향,20250418,"['25년이상', '역세권', '중층', '주차가능']",37.674358,127.05874
2520656110,일반상가,월세,7/8,90,"1,500",43,43,서향,20250418,"['25년이상', '융자금없는', '역세권', '고층']",37.656012,127.060564
2520705033,일반상가,월세,1/6,240,"4,000",68,58,남서향,20250418,"['25년이상', '융자금없는', '역세권', '1층']",37.651989,127.06161
2520707038,일반상가,월세,3/4,190,"4,000",142,132,북향,20250418,"['25년이상', '역세권', '고층', '주차가능']",37.653993,127.062266
2520790888,일반상가,매매,5/5,,"4억 9,000",98,85,,20250418,"['25년이상', '역세권', '급매', '고층']",37.656698,127.062625
2520794921,일반상가,월세,B1/7,528,1억,296,296,,20250418,"['25년이내', '역세권', '지하층', '주차가능']",37.654878,127.061957
2520856733,일반상가,월세,1/4,45,500,26,26,남서향,20250418,"['25년이상', '역세권', '1층', '주차가능']",37.661964,127.071634
2520855326,단지내상가,월세,1/4,90,"2,000",27,19,서향,20250418,"['25년이상', '1층', '주차가능', '총4층']",37.663221,127.077161
2520770286,단지내상가,월세,1/3,85,"1,000",35,28,남동향,20250418,"['25년이상', '역세권', '1층', '주차가능']",37.658619,127.063202
2520696999,단지내상가,월세,1/2,130,"3,000",33,33,남동향,20250418,"['2년이내', '융자금없는', '1층', '주차가능']",37.664948,127.077422
2520673654,복합상가,월세,1/15,170,"2,000",78,77,서향,20250418,"['25년이내', '융자금없는', '역세권', '1층']",37.680195,127.055848
2520747487,일반상가,월세,3/5,450,1억,258,258,남향,20250418,"['25년이내', '역세권', '중층', '주차가능']",37.655802,127.063649
2520844902,일반상가,월세,B1/15,35,500,71,37,북동향,20250418,"['25년이상', '역세권', '지하층', '북동향']",37.66149,127.072824
2520738614,일반상가,월세,8/9,500,1억,372,245,동향,20250418,"['25년이상', '역세권', '고층', '주차가능']",37.648148,127.062144
2520741903,일반상가,월세,1/3,50,"1,000",28,28,서향,20250418,"['25년이상', '1층', '주차가능', '총3층']",37.660283,127.068274
2520445879,단지내상가,매매,1/1,,"6억 7,000",40,35,동향,20250417,"['10년이내', '1층', '주차가능', '동향']",37.665173,127.074745
2520482721,일반상가,매매,1/10,,20억,58,58,남향,20250417,"['25년이상', '역세권', '1층', '주차가능']",37.654445,127.062709
2520455858,단지내상가,매매,1/1,,"6억 5,000",35,35,동향,20250417,"['10년이내', '1층', '주차가능', '동향']",37.665173,127.074745
2520454935,일반상가,월세,2/5,200,"6,000",148,148,동향,20250417,"['25년이상', '중층', '주차가능', '총5층']",37.66447,127.066992
2520559672,일반상가,월세,1/2,"1,200",2억,85,67,서향,20250417,"['25년이상', '역세권', '1층', '주차가능']",37.656482,127.062689
2520483818,일반상가,매매,1/10,,10억,29,29,남향,20250417,"['25년이상', '역세권', '1층', '주차가능']",37.654445,127.062709
2520389188,일반상가,월세,2/8,600,1억,190,175,남향,20250417,"['25년이상', '융자금없는', '역세권', '지상층(1층제외)']",37.65399,127.057778
2520419942,일반상가,월세,1/2,50,500,27,27,남서향,20250417,"['25년이상', '1층', '주차가능', '총2층']",37.665374,127.070298
2520485609,일반상가,월세,1/15,180,"4,000",40,37,서향,20250417,"['25년이내', '융자금없는', '역세권', '1층']",37.68027,127.054905
2520479844,일반상가,월세,1/4,120,"1,000",55,55,남향,20250417,"['25년이상', '1층', '총4층', '남향']",37.660157,127.068596
2520484673,일반상가,월세,2/3,800,1억,265,265,서향,20250417,"['25년이상', '융자금없는', '역세권', '중층']",37.657385,127.066755
2520489150,일반상가,월세,14/15,532,"7,442",270,133,북동향,20250417,"['10년이내', '역세권', '고층', '주차가능']",37.653822,127.060243
2520608408,일반상가,월세,3/6,150,"3,000",269,269,남향,20250417,"['25년이내', '융자금없는', '역세권', '중층']",37.666968,127.078319
2520674243,일반상가,월세,1/2,250,"4,000",19,19,서향,20250417,"['25년이상', '융자금없는', '역세권', '1층']",37.6564,127.061795
2520593027,일반상가,월세,5/6,105,"2,000",132,132,동향,20250417,"['25년이상', '융자금없는', '고층', '관리비10만원이하']",37.672577,127.056919
2520443766,일반상가,월세,1/6,140,"2,000",27,27,서향,20250417,"['25년이상', '역세권', '1층', '주차가능']",37.666565,127.056946
2520472310,일반상가,월세,1/4,140,"2,000",38,33,남향,20250417,"['25년이상', '융자금없는', '역세권', '1층']",37.653141,127.058439
2520437074,일반상가,월세,1/3,45,"1,000",29,29,동향,20250417,"['25년이상', '역세권', '1층', '총3층']",37.676263,127.052533
2520478009,복합상가,월세,1/12,175,"2,828",40,40,남향,20250417,"['10년이내', '역세권', '1층', '주차가능']",37.654455,127.063708
2520477342,일반상가,월세,1/2,130,"2,000",29,16,서향,20250417,"['25년이상', '역세권', '1층', '주차가능']",37.666003,127.057926
2520486108,단지내상가,매매,2/9,,8억,63,63,남향,20250417,"['25년이상', '역세권', '지상층(1층제외)', '주차가능']",37.650068,127.062211
2520482277,일반상가,월세,1/9,498,1억,60,49,북향,20250417,"['25년이상', '융자금없는', '역세권', '1층']",37.655684,127.062341
2520526451,복합상가,월세,1/2,155,"2,500",33,26,북향,20250417,"['25년이상', '역세권', '1층', '총2층']",37.657447,127.062162
2520520993,일반상가,월세,4/12,580,"5,800",310,157,북향,20250417,"['25년이상', '역세권', '지상층(1층제외)', '주차가능']",37.653768,127.059689
2520494516,일반상가,월세,1/2,60,"1,000",33,27,남서향,20250417,"['25년이상', '융자금없는', '1층', '주차가능']",37.660767,127.067742
2520392833,일반상가,월세,B1/5,180,"3,000",99,99,북향,20250417,"['25년이상', '융자금없는', '역세권', '지하층']",37.656113,127.063475
2520417261,단지내상가,월세,2/2,120,"2,000",133,117,북향,20250417,"['25년이상', '고층', '주차가능', '총2층']",37.673844,127.060151
2520418695,일반상가,월세,1/2,90,"2,000",26,26,남향,20250417,"['25년이내', '1층', '관리비10만원이하', '총2층']",37.674679,127.059996
2520431166,일반상가,월세,1/7,630,"1억 5,000",152,152,남서향,20250417,"['25년이내', '역세권', '1층', '주차가능']",37.677975,127.055739
2520450540,일반상가,월세,1/6,420,"5,500",30,30,동향,20250417,"['25년이상', '역세권', '1층', '주차가능']",37.666565,127.056946
2520436110,일반상가,월세,1/4,300,1억,36,30,남향,20250417,"['25년이상', '역세권', '1층', '주차가능']",37.656232,127.061908
2520434884,일반상가,월세,1/3,200,"3,000",29,29,남향,20250417,"['25년이내', '역세권', '1층', '총3층']",37.657633,127.06399
2520449444,일반상가,매매,1/5,,10억,81,81,남동향,20250417,"['15년이내', '역세권', '1층', '주차가능']",37.658387,127.070777
2520445326,일반상가,월세,B1/5,120,"2,000",90,73,남향,20250417,"['25년이상', '융자금없는', '역세권', '지하층']",37.655032,127.06265
2520613710,일반상가,월세,B1/3,35,500,49,49,남향,20250417,"['25년이상', '지하층', '총3층', '남향']",37.659644,127.067992
2520537970,일반상가,월세,1/3,70,"1,000",48,48,남향,20250417,"['25년이상', '역세권', '1층', '총3층']",37.663871,127.07351
2520644660,일반상가,월세,1/5,"1,000",1억,198,198,남향,20250417,"['25년이상', '융자금없는', '역세권', '1층']",37.65685,127.063382
2520590340,일반상가,월세,2/5,380,"7,000",324,271,남서향,20250417,"['25년이내', '융자금없는', '역세권', '중층']",37.65918,127.070749
2520674334,일반상가,월세,3/6,70,"1,000",66,66,남향,20250417,"['25년이내', '융자금없는', '역세권', '중층']",37.666968,127.078319
2520605014,일반상가,월세,B1/6,250,"5,000",317,168,남향,20250417,"['25년이내', '역세권', '지하층', '주차가능']",37.655694,127.065418
2520674516,일반상가,월세,B1/2,200,"2,500",100,100,남서향,20250417,"['25년이상', '융자금없는', '역세권', '지하층']",37.6564,127.061795
2520526540,일반상가,월세,4/4,160,"2,000",145,145,서향,20250417,"['25년이내', '융자금없는', '역세권', '고층']",37.657216,127.067269
2520539916,일반상가,월세,3/4,250,"5,000",183,150,남향,20250417,"['25년이상', '융자금없는', '역세권', '고층']",37.654456,127.058424
2520544549,일반상가,월세,5/8,650,1억,198,198,남서향,20250417,"['25년이상', '융자금없는', '역세권', '중층']",37.653752,127.061191
2520449359,일반상가,월세,B1/7,820,1억,430,430,동향,20250417,"['10년이내', '융자금없는', '역세권', '지하층']",37.656667,127.066462
2520674114,일반상가,월세,1/5,230,"4,000",42,42,서향,20250417,"['25년이내', '융자금없는', '역세권', '1층']",37.65918,127.070749
2520644104,일반상가,월세,2/5,600,"6,000",198,198,남향,20250417,"['25년이상', '융자금없는', '역세권', '중층']",37.65685,127.063382
2520616270,일반상가,월세,4/4,120,"3,000",99,99,서향,20250417,"['25년이상', '융자금없는', '역세권', '고층']",37.6564,127.061795
2520674186,일반상가,월세,3/6,100,"1,500",132,132,남향,20250417,"['25년이내', '융자금없는', '역세권', '중층']",37.666968,127.078319
2520600264,복합상가,월세,B1/3,50,"1,000",52,52,남서향,20250417,"['25년이상', '지하층', '총3층', '남서향']",37.65335,127.070845
2520441974,일반상가,월세,4/4,80,"2,000",171,171,서향,20250417,"['25년이상', '고층', '총4층', '서향']",37.662474,127.066088
2520544295,일반상가,월세,2/8,900,"1억 5,000",330,330,남향,20250417,"['25년이상', '융자금없는', '역세권', '지상층(1층제외)']",37.655239,127.059505
2520466578,일반상가,월세,1/10,250,"7,000",72,72,남향,20250417,"['25년이상', '역세권', '1층', '주차가능']",37.656096,127.061058
2520435215,일반상가,월세,B1/9,800,1억,458,322,서향,20250417,"['25년이상', '융자금적은', '역세권', '지하층']",37.653245,127.061336
2520469556,일반상가,월세,1/5,180,"3,000",76,76,서향,20250417,"['25년이내', '1층', '주차가능', '총5층']",37.658583,127.069324
2520470619,일반상가,월세,1/9,280,"5,000",50,41,동향,20250417,"['25년이내', '융자금없는', '역세권', '1층']",37.679128,127.054906
2520415187,단지내상가,월세,1/1,66,"1,000",12,12,남동향,20250417,"['25년이상', '역세권', '1층', '주차가능']",37.654833,127.064238
2520522005,일반상가,월세,1/5,300,"8,000",69,69,북서향,20250417,"['15년이내', '1층', '관리비20만원이하', '총5층']",37.68709,127.053052
2520483775,일반상가,월세,14/15,532,"7,442",133,133,동향,20250417,"['4년이내', '역세권', '고층', '주차가능']",37.653822,127.060243
2520416655,단지내상가,매매,2/15,,"3억 5,000",88,59,서향,20250417,"['25년이내', '역세권', '급매', '지상층(1층제외)']",37.68027,127.054905
2520510915,복합상가,매매,B1/4,,3억,72,72,남향,20250417,"['25년이상', '역세권', '지하층', '엘리베이터']",37.655032,127.06265
2520575184,일반상가,월세,1/1,50,"1,000",25,25,북서향,20250417,"['25년이상', '융자금없는', '역세권', '1층']",37.660775,127.069604
2520502059,일반상가,매매,B1/8,,"4억 2,000",97,77,남서향,20250417,"['25년이상', '역세권', '지하층', '주차가능']",37.656012,127.060564
2520519722,일반상가,월세,5/6,200,"2,500",100,100,동향,20250417,"['25년이상', '역세권', '고층', '주차가능']",37.648685,127.061869
2520489906,일반상가,월세,3/4,100,"2,000",130,130,남향,20250417,"['25년이상', '역세권', '고층', '관리비10만원이하']",37.661918,127.071887
2520486433,일반상가,월세,2/6,170,"1,500",55,55,동향,20250417,"['25년이상', '융자금없는', '역세권', '지상층(1층제외)']",37.650424,127.061275
2520643610,일반상가,월세,7/7,180,"4,000",191,191,남서향,20250417,"['25년이상', '역세권', '고층', '주차가능']",37.663637,127.076406
2520550059,복합상가,월세,1/4,94,"2,000",15,15,북향,20250417,"['25년이상', '융자금없는', '역세권', '1층']",37.656231,127.063785
2520421735,일반상가,월세,1/4,120,"2,000",32,32,남동향,20250417,"['25년이내', '1층', '총4층', '남동향']",37.666221,127.078169
2520416849,일반상가,월세,B1/4,70,"1,000",109,109,남향,20250417,"['25년이상', '융자금없는', '지하층', '주차가능']",37.658258,127.068596
2520420985,일반상가,월세,1/1,45,"1,000",24,24,남동향,20250417,"['25년이상', '역세권', '1층', '남동향']",37.664017,127.07446
2520419776,일반상가,월세,2/9,30,500,44,44,남향,20250417,"['10년이내', '융자금없는', '역세권', '지상층(1층제외)']",37.668591,127.080063
2520432399,일반상가,월세,1/6,100,"1,000",42,28,서향,20250417,"['25년이상', '역세권', '1층', '주차가능']",37.650954,127.061136
2520436371,일반상가,월세,1/4,250,"4,000",20,20,서향,20250417,"['25년이상', '역세권', '1층', '총4층']",37.6564,127.061795
2520475145,일반상가,월세,4/5,300,"5,000",185,185,동향,20250417,"['25년이상', '역세권', '고층', '주차가능']",37.657208,127.06235
2520604263,일반상가,월세,1/6,150,"5,000",85,85,남향,20250417,"['4년이내', '역세권', '1층', '주차가능']",37.666875,127.075656
2520612792,일반상가,월세,4/5,90,"1,000",151,122,북동향,20250417,"['25년이상', '역세권', '고층', '총5층']",37.661264,127.070657
2520621251,일반상가,월세,2/6,240,"5,000",124,124,북향,20250417,"['25년이상', '역세권', '지상층(1층제외)', '주차가능']",37.650601,127.061229
2520607082,일반상가,월세,1/5,230,"4,000",46,46,남서향,20250417,"['25년이내', '역세권', '1층', '총5층']",37.65918,127.070749
2520607157,일반상가,월세,1/3,170,"1,500",43,33,남동향,20250417,"['25년이내', '역세권', '1층', '총3층']",37.657362,127.061923
2520500614,일반상가,월세,3/6,120,"2,000",88,54,동향,20250417,"['25년이상', '역세권', '중층', '주차가능']",37.650757,127.061944
2520624750,일반상가,월세,1/4,130,"2,000",42,39,남동향,20250417,"['25년이상', '역세권', '1층', '주차가능']",37.65882,127.062211
2520621955,일반상가,월세,1/6,90,"2,000",35,35,남향,20250417,"['10년이내', '역세권', '1층', '주차가능']",37.676758,127.051964
2520634809,단지내상가,매매,1/15,,"1억 8,000",40,19,동향,20250417,"['25년이상', '역세권', '1층', '관리비20만원이하']",37.66149,127.072824
2520642323,일반상가,월세,6/8,240,"3,300",228,228,남동향,20250417,"['25년이상', '융자금없는', '역세권', '고층']",37.656192,127.061507
2520579635,일반상가,월세,2/2,90,"1,000",76,76,남서향,20250417,"['25년이상', '고층', '관리비10만원이하', '주차가능']",37.673844,127.060151
2520537112,복합상가,월세,1/2,600,1억,39,33,서향,20250417,"['25년이상', '역세권', '1층', '관리비10만원이하']",37.656482,127.062689
2520558058,단지내상가,월세,1/2,55,"1,000",26,26,남향,20250417,"['25년이상', '1층', '관리비10만원이하', '주차가능']",37.647761,127.057764
2520612709,일반상가,월세,2/5,160,"2,000",151,122,북동향,20250417,"['25년이상', '역세권', '중층', '총5층']",37.661264,127.070657
2520597696,일반상가,월세,1/4,105,"1,500",33,33,남동향,20250417,"['25년이상', '1층', '주차가능', '총4층']",37.665217,127.067109
2520614579,복합상가,월세,1/10,250,"5,000",53,43,남동향,20250417,"['25년이내', '역세권', '1층', '주차가능']",37.658341,127.061643
2520641070,일반상가,월세,1/9,"3,000",6억,730,480,서향,20250417,"['25년이상', '융자금없는', '역세권', '1층']",37.653245,127.061336
2520622682,일반상가,월세,1/2,720,"1억 2,000",49,49,남향,20250417,"['25년이상', '역세권', '1층', '주차가능']",37.656482,127.062689
2520649200,일반상가,월세,5/5,138,"2,760",199,68,남향,20250417,"['10년이내', '융자금없는', '고층', '주차가능']",37.664119,127.065583
2520621823,일반상가,월세,3/5,650,"6,500",319,319,북동향,20250417,"['10년이내', '융자금적은', '중층', '주차가능']",37.662743,127.069526
2520607325,일반상가,월세,1/4,95,"2,000",39,39,북동향,20250417,"['25년이상', '역세권', '1층', '총4층']",37.661433,127.070468
2520668185,일반상가,월세,4/5,400,"5,000",148,148,서향,20250417,"['25년이상', '융자금없는', '역세권', '고층']",37.656657,127.063587
2520478770,일반상가,월세,1/9,210,"5,000",35,35,서향,20250417,"['25년이상', '역세권', '1층', '주차가능']",37.65093,127.061889
2520536653,일반상가,월세,7/7,290,"4,000",132,132,북향,20250417,"['25년이상', '역세권', '고층', '관리비10만원이하']",37.654229,127.061755
2520469749,일반상가,매매,1/13,,45억,306,170,남동향,20250417,"['25년이내', '역세권', '1층', '주차가능']",37.654269,127.059026
2520529141,단지내상가,월세,1/2,90,"1,000",66,66,동향,20250417,"['25년이상', '1층', '주차가능', '총2층']",37.671184,127.057247
2520552311,일반상가,월세,B1/7,528,1억,399,296,남향,20250417,"['25년이내', '융자금없는', '역세권', '지하층']",37.654878,127.061957
2520621093,일반상가,월세,1/4,120,"5,000",60,57,남동향,20250417,"['25년이상', '역세권', '1층', '주차가능']",37.658788,127.061826
2520606548,단지내상가,월세,1/15,90,"2,000",65,34,북서향,20250417,"['25년이내', '역세권', '1층', '관리비10만원이하']",37.668555,127.078153
2520602121,일반상가,월세,1/2,90,"2,000",43,33,남동향,20250417,"['25년이내', '역세권', '1층', '총2층']",37.657447,127.062162
2520616077,일반상가,월세,1/5,200,"5,000",26,26,남향,20250417,"['25년이내', '역세권', '1층', '엘리베이터']",37.657007,127.061888
2520616067,일반상가,월세,1/5,110,"2,000",49,31,북향,20250417,"['15년이내', '역세권', '1층', '주차가능']",37.658387,127.070777
2520539250,단지내상가,월세,1/2,100,"3,000",59,59,동향,20250417,"['25년이상', '융자금없는', '역세권', '1층']",37.661677,127.057903
2520444030,일반상가,월세,2/4,300,"3,000",205,175,남서향,20250417,"['25년이상', '융자금없는', '역세권', '중층']",37.657362,127.061923
2520531100,일반상가,월세,B1/4,75,"2,000",119,119,남향,20250417,"['25년이상', '지하층', '주차가능', '총4층']",37.670832,127.055362
2520592189,일반상가,월세,3/4,70,500,33,33,동향,20250417,"['25년이상', '융자금없는', '역세권', '고층']",37.657562,127.062363
2520560818,단지내상가,월세,1/2,70,"2,000",30,18,남동향,20250417,"['25년이상', '1층', '주차가능', '총2층']",37.64676,127.059554
2520543073,복합상가,월세,1/6,100,"2,000",25,25,동향,20250417,"['25년이상', '융자금없는', '역세권', '1층']",37.652944,127.060537
2520540691,일반상가,월세,1/3,"3,000",6억,280,280,남향,20250417,"['25년이상', '융자금없는', '역세권', '1층']",37.655941,127.066421
2520191385,일반상가,매매,1/6,,10억,49,26,동향,20250416,"['25년이상', '역세권', '1층', '관리비20만원이하']",37.665104,127.057321
2520223218,일반상가,매매,B1/6,,"1억 4,000",25,20,동향,20250416,"['25년이상', '역세권', '지하층', '주차가능']",37.667194,127.057541
2520333534,일반상가,월세,3/5,900,"1억 5,000",148,148,서향,20250416,"['2년이내', '역세권', '중층', '주차가능']",37.656503,127.063023
2520314069,일반상가,월세,2/5,140,"1,000",86,82,동향,20250416,"['25년이상', '역세권', '중층', '관리비10만원이하']",37.658562,127.070043
2520185845,일반상가,월세,1/7,400,"5,000",46,36,서향,20250416,"['10년이내', '융자금없는', '역세권', '1층']",37.655231,127.062508
2520188142,일반상가,월세,B1/4,200,"2,000",120,120,북향,20250416,"['25년이상', '융자금없는', '역세권', '지하층']",37.656672,127.062205
2520189864,일반상가,월세,4/6,650,1억,226,226,서향,20250416,"['25년이상', '융자금없는', '역세권', '중층']",37.653752,127.061191
2520191006,복합상가,월세,1/6,700,1억,334,334,남동향,20250416,"['25년이내', '역세권', '1층', '주차가능']",37.657154,127.063264
2520184609,일반상가,월세,1/6,530,"6,000",99,99,서향,20250416,"['25년이상', '융자금없는', '역세권', '1층']",37.656089,127.065305
2520376983,일반상가,월세,2/5,150,"5,000",100,100,서향,20250416,"['25년이내', '융자금없는', '중층', '주차가능']",37.658583,127.069324
2520349684,일반상가,월세,3/3,250,"3,000",198,161,남향,20250416,"['25년이상', '역세권', '고층', '총3층']",37.656373,127.065542
2520217464,일반상가,월세,1/3,220,"3,000",81,18,북향,20250416,"['25년이상', '역세권', '1층', '총3층']",37.677582,127.055588
2520186029,복합상가,월세,1/3,40,"1,000",26,26,남향,20250416,"['25년이상', '1층', '총3층', '남향']",37.653206,127.070722
2520196308,일반상가,월세,4/5,280,"5,000",184,184,동향,20250416,"['25년이상', '역세권', '고층', '주차가능']",37.657208,127.06235
2520196495,일반상가,월세,2/5,200,"6,000",160,160,남동향,20250416,"['25년이상', '융자금없는', '중층', '총5층']",37.66447,127.066992
2520278852,일반상가,월세,1/5,120,"2,000",49,49,북동향,20250416,"['25년이상', '융자금적은', '1층', '총5층']",37.666797,127.070851
2520240375,일반상가,월세,3/5,230,"3,000",173,160,북동향,20250416,"['25년이내', '중층', '관리비10만원이하', '주차가능']",37.661012,127.065923
2520225516,단지내상가,매매,1/13,,"4억 7,000",42,42,동향,20250416,"['25년이내', '1층', '관리비20만원이하', '주차가능']",37.659793,127.069178
2520234505,일반상가,월세,1/4,100,"2,000",37,36,남서향,20250416,"['25년이상', '역세권', '1층', '주차가능']",37.662352,127.069906
2520319235,단지내상가,월세,2/2,100,"7억 5,000",313,264,서향,20250416,"['2년이내', '융자금없는', '고층', '주차가능']",37.66495,127.077761
2520229392,일반상가,월세,B1/2,60,500,126,126,북서향,20250416,"['25년이상', '융자금없는', '역세권', '지하층']",37.662489,127.071684
2520287382,단지내상가,월세,3/4,140,"1,500",102,102,북향,20250416,"['25년이상', '고층', '주차가능', '총4층']",37.648145,127.057582
2520332787,일반상가,월세,1/2,70,"1,000",30,27,남향,20250416,"['25년이상', '융자금없는', '1층', '총2층']",37.659882,127.068284
2520342914,복합상가,월세,1/5,90,"2,000",40,35,남향,20250416,"['25년이상', '융자금없는', '역세권', '1층']",37.659044,127.062474
2520333818,일반상가,월세,1/5,130,"2,000",39,39,북서향,20250416,"['25년이상', '융자금없는', '테라스', '역세권']",37.658767,127.062103
2520191517,일반상가,월세,6/8,240,"3,300",228,135,동향,20250416,"['25년이상', '융자금없는', '역세권', '고층']",37.656192,127.061507
2520197306,일반상가,월세,1/5,168,"3,000",41,36,남향,20250416,"['25년이내', '융자금없는', '역세권', '1층']",37.658026,127.062127
2520222660,일반상가,매매,1/5,,"4억 3,000",39,33,남서향,20250416,"['4년이내', '1층', '주차가능', '엘리베이터']",37.661323,127.066533
2520295770,일반상가,월세,6/8,130,"5,000",143,66,남향,20250416,"['25년이상', '역세권', '고층', '주차가능']",37.654567,127.058919
2520238345,단지내상가,월세,1/15,100,"2,000",22,22,남동향,20250416,"['25년이상', '역세권', '1층', '주차가능']",37.66149,127.072824
2520323676,일반상가,월세,2/8,"1,200",2억,346,346,남서향,20250416,"['25년이상', '역세권', '지상층(1층제외)', '주차가능']",37.65399,127.057778
2520275704,일반상가,매매,2/6,,"4억 5,000",138,116,남동향,20250416,"['4년이내', '역세권', '지상층(1층제외)', '주차가능']",37.662214,127.071927
2520241542,일반상가,월세,1/2,70,"1,000",54,54,북서향,20250416,"['25년이상', '역세권', '1층', '총2층']",37.662489,127.071684
2520243737,일반상가,월세,1/6,700,"1억 5,000",184,90,서향,20250416,"['25년이상', '역세권', '1층', '주차가능']",37.650562,127.062
2520305794,일반상가,월세,1/6,170,"3,000",30,30,북향,20250416,"['25년이상', '역세권', '1층', '관리비20만원이하']",37.653918,127.061936
2520246871,단지내상가,매매,3/4,,4억,136,104,,20250416,"['25년이상', '역세권', '고층', '주차가능']",37.666997,127.054539
2520192845,일반상가,월세,7/7,290,"4,000",100,100,북향,20250416,"['25년이상', '역세권', '고층', '주차가능']",37.654229,127.061755
2520195897,일반상가,월세,3/4,240,"3,000",290,264,동향,20250416,"['25년이상', '융자금없는', '고층', '주차가능']",37.662194,127.06608
2520198985,일반상가,월세,1/2,600,1억,56,40,남향,20250416,"['25년이상', '융자금없는', '역세권', '1층']",37.656482,127.062689
2520191576,복합상가,매매,3/7,,39억,915,915,남향,20250416,"['25년이상', '역세권', '중층', '주차가능']",37.657133,127.062832
2520216677,단지내상가,월세,2/2,250,"7억 3,000",264,264,북향,20250416,"['2년이내', '고층', '주차가능', '천장에어컨']",37.665142,127.077455
2520193349,일반상가,월세,2/4,300,"3,000",173,173,북동향,20250416,"['25년이상', '역세권', '중층', '총4층']",37.657362,127.061923
2520222915,일반상가,월세,1/3,330,"4,000",82,82,남서향,20250416,"['25년이내', '역세권', '1층', '주차가능']",37.675566,127.05699
2520224505,단지내상가,월세,1/13,130,"2,000",80,41,동향,20250416,"['15년이내', '융자금없는', '1층', '주차가능']",37.659793,127.069178
2520196090,일반상가,월세,1/9,280,"5,000",51,41,동향,20250416,"['25년이내', '융자금없는', '역세권', '1층']",37.679128,127.054906
2520223429,일반상가,매매,1/5,,6억,33,33,남서향,20250416,"['10년이내', '역세권', '1층', '주차가능']",37.660255,127.069448
2520177578,단지내상가,월세,1/2,130,"3,000",61,61,남향,20250416,"['25년이상', '융자금없는', '역세권', '1층']",37.649909,127.061318
2520191301,일반상가,매매,4/6,,4억,93,63,서향,20250416,"['25년이상', '역세권', '중층', '주차가능']",37.666892,127.056862
2520185631,일반상가,월세,1/4,155,"2,500",33,33,서향,20250416,"['25년이상', '융자금없는', '역세권', '1층']",37.657447,127.062162
2520171377,단지내상가,월세,1/3,50,"1,000",30,22,남향,20250416,"['25년이상', '역세권', '1층', '관리비10만원이하']",37.681586,127.054587
2520186782,일반상가,월세,1/5,180,"3,000",89,76,서향,20250416,"['25년이내', '1층', '관리비20만원이하', '주차가능']",37.658583,127.069324
2520198956,일반상가,월세,2/7,400,1억,180,140,동향,20250416,"['25년이상', '융자금없는', '역세권', '지상층(1층제외)']",37.657208,127.06235
2520146241,일반상가,월세,4/5,400,"5,000",192,192,동향,20250415,"['25년이내', '융자금없는', '역세권', '고층']",37.655591,127.063993
2520114010,단지내상가,월세,1/9,135,"3,000",91,61,남향,20250415,"['25년이상', '역세권', '1층', '주차가능']",37.649909,127.061318
2520134757,일반상가,월세,4/6,220,"3,000",105,105,북향,20250415,"['25년이내', '융자금없는', '역세권', '중층']",37.655706,127.064617
2520131280,일반상가,월세,1/4,364,"4,000",49,49,남향,20250415,"['25년이상', '역세권', '1층', '주차가능']",37.65659,127.063281
2520147689,일반상가,월세,7/8,243,"4,000",228,135,남동향,20250415,"['25년이상', '융자금없는', '역세권', '고층']",37.656192,127.061507
2520110031,일반상가,월세,1/3,50,"1,000",33,33,남서향,20250415,"['25년이상', '1층', '총3층', '남서향']",37.659634,127.066812
2520132722,단지내상가,월세,1/2,80,"2,000",43,28,남향,20250415,"['25년이상', '융자금없는', '역세권', '1층']",37.658751,127.059908
2520131443,일반상가,월세,B1/4,529,"6,000",182,182,북향,20250415,"['25년이상', '역세권', '지하층', '총4층']",37.655399,127.063109
2520000574,일반상가,월세,B1/4,170,"2,500",147,147,동향,20250415,"['25년이상', '지하층', '주차가능', '총4층']",37.671065,127.056449
2520079838,일반상가,월세,4/4,27,500,15,15,남향,20250415,"['25년이상', '고층', '관리비10만원이하', '주차가능']",37.663422,127.069
2520000285,일반상가,월세,2/8,"2,500",2억,2638,745,남향,20250415,"['25년이내', '역세권', '지상층(1층제외)', '주차가능']",37.655338,127.063772
2520082867,일반상가,월세,1/4,105,"2,000",109,109,서향,20250415,"['25년이상', '역세권', '1층', '총4층']",37.658754,127.061578
2520106916,단지내상가,월세,1/2,70,"1,000",30,23,남서향,20250415,"['25년이상', '테라스', '1층', '주차가능']",37.64676,127.059554
2519966978,일반상가,월세,1/2,70,"1,000",32,32,남동향,20250415,"['25년이상', '1층', '총2층', '남동향']",37.658949,127.068756
2520170457,일반상가,월세,2/2,180,"3,000",230,230,,20250415,"['25년이내', '고층', '주차가능', '총2층']",37.674855,127.061546
2520130790,복합상가,월세,1/7,320,"6,000",81,56,서향,20250415,"['25년이상', '역세권', '1층', '주차가능']",37.650757,127.061944
2520041175,복합상가,월세,1/6,280,"5,000",62,44,동향,20250415,"['25년이상', '역세권', '1층', '주차가능']",37.654516,127.063019
2520104676,복합상가,월세,1/7,320,"6,000",81,55,서향,20250415,"['25년이상', '역세권', '1층', '주차가능']",37.650757,127.061944
2520040163,일반상가,월세,1/3,50,"1,000",45,45,북동향,20250415,"['25년이상', '1층', '총3층', '북동향']",37.665104,127.071611
2520055281,일반상가,월세,1/1,300,"4,000",27,27,남향,20250415,"['25년이상', '역세권', '1층', '남향']",37.65661,127.063777
2520079249,일반상가,월세,1/8,760,1억,63,63,동향,20250415,"['25년이상', '융자금적은', '역세권', '1층']",37.655684,127.062341
2519935626,일반상가,월세,2/7,260,"3,000",70,70,남향,20250415,"['15년이내', '역세권', '지상층(1층제외)', '주차가능']",37.655517,127.065115
2519998186,일반상가,월세,1/5,165,"2,000",72,72,남서향,20250415,"['25년이상', '역세권', '1층', '관리비10만원이하']",37.658767,127.062103
2520015907,일반상가,월세,1/2,70,"1,000",30,28,남향,20250415,"['25년이상', '융자금없는', '1층', '주차가능']",37.659882,127.068284
2520076327,일반상가,월세,3/3,60,"1,000",81,81,북서향,20250415,"['25년이상', '융자금없는', '역세권', '고층']",37.661845,127.072149
2520049059,단지내상가,월세,1/2,200,"5,000",46,26,동향,20250415,"['25년이상', '역세권', '1층', '총2층']",37.665863,127.057049
2520056127,일반상가,월세,4/6,350,"5,000",165,165,남향,20250415,"['25년이상', '역세권', '중층', '주차가능']",37.655119,127.063149
2519994104,복합상가,월세,1/3,200,"3,000",45,28,남향,20250415,"['25년이내', '융자금적은', '역세권', '1층']",37.657633,127.06399
2519993520,단지내상가,월세,1/2,200,"5,000",26,26,동향,20250415,"['25년이상', '역세권', '1층', '총2층']",37.665863,127.057049
2519965372,일반상가,월세,1/4,80,"1,500",39,39,남서향,20250415,"['25년이상', '역세권', '1층', '총4층']",37.662435,127.069811
2520182552,복합상가,월세,3/5,650,"6,500",318,275,서향,20250415,"['10년이내', '융자금없는', '중층', '주차가능']",37.662743,127.069526
2519995283,일반상가,월세,B1/2,70,"1,000",33,23,동향,20250415,"['25년이상', '역세권', '지하층', '주차가능']",37.666003,127.057926
2520122933,일반상가,매매,1/4,,"4억 5,000",28,28,,20250415,"['25년이상', '역세권', '1층', '주차가능']",37.66699,127.054312
2519883226,일반상가,월세,B1/4,529,"6,000",181,181,북향,20250415,"['25년이상', '융자금없는', '역세권', '지하층']",37.655399,127.063109
2520117850,단지내상가,월세,3/3,90,"2,000",37,37,남향,20250415,"['25년이상', '융자금없는', '역세권', '고층']",37.679964,127.053511
2520157483,복합상가,매매,1/10,,8억,43,43,서향,20250415,"['25년이내', '역세권', '1층', '주차가능']",37.658341,127.061643
2520137444,복합상가,월세,3/4,400,"8,000",338,330,북동향,20250415,"['25년이상', '융자금없는', '고층', '주차가능']",37.652144,127.065492
2520179011,일반상가,월세,1/5,110,"1,000",33,33,북서향,20250415,"['15년이내', '융자금없는', '역세권', '1층']",37.658387,127.070777
2519935960,일반상가,월세,B1/9,550,"8,000",359,359,동향,20250415,"['25년이상', '역세권', '지하층', '주차가능']",37.647978,127.062228
2519993647,복합상가,월세,1/15,60,"1,000",47,26,동향,20250415,"['25년이내', '역세권', '1층', '관리비10만원이하']",37.68027,127.054905
2519974217,일반상가,월세,1/2,70,"1,000",19,19,남향,20250415,"['25년이상', '융자금없는', '1층', '관리비10만원이하']",37.662941,127.069184
2520012017,일반상가,월세,B1/3,38,500,69,68,서향,20250415,"['25년이상', '지하층', '주차가능', '총3층']",37.665428,127.069884
2520027967,단지내상가,월세,1/2,40,500,22,14,동향,20250415,"['25년이상', '융자금없는', '역세권', '1층']",37.661677,127.057903
2520153933,일반상가,월세,3/4,180,"3,000",135,135,남향,20250415,"['25년이내', '역세권', '고층', '주차가능']",37.675025,127.058254
2519951276,일반상가,월세,5/5,200,"2,500",120,100,동향,20250415,"['25년이상', '융자금없는', '역세권', '고층']",37.648685,127.061869
2519962533,단지내상가,월세,1/15,60,"1,000",26,26,동향,20250415,"['25년이내', '역세권', '1층', '관리비10만원이하']",37.68027,127.054905
2520035359,복합상가,월세,6/6,220,"3,000",105,105,북향,20250415,"['25년이내', '역세권', '고층', '엘리베이터']",37.655706,127.064617
2520038017,복합상가,월세,1/4,250,"4,000",7,6,서향,20250415,"['25년이상', '융자금없는', '역세권', '1층']",37.6564,127.061795
2520056536,일반상가,월세,2/5,150,"5,000",109,109,서향,20250415,"['25년이내', '중층', '주차가능', '엘리베이터']",37.658583,127.069324
2520034372,단지내상가,매매,1/3,,"1억 8,000",25,25,동향,20250415,"['25년이상', '역세권', '1층', '관리비10만원이하']",37.646221,127.060958
2519979807,일반상가,월세,3/6,100,"1,500",165,165,남향,20250415,"['25년이내', '역세권', '중층', '주차가능']",37.666968,127.078319
2519922181,일반상가,월세,1/4,70,"2,000",33,33,남동향,20250415,"['25년이내', '융자금없는', '역세권', '1층']",37.667617,127.079607
2519936137,일반상가,월세,B1/6,500,1억,410,410,서향,20250415,"['25년이상', '역세권', '지하층', '주차가능']",37.650601,127.061229
2520034993,단지내상가,월세,1/3,30,500,13,13,서향,20250415,"['25년이상', '역세권', '1층', '관리비10만원이하']",37.646221,127.060958
2519931079,일반상가,매매,B1/8,,"1억 6,000",58,30,남향,20250415,"['25년이상', '역세권', '지하층', '주차가능']",37.656052,127.06084
2519931429,복합상가,월세,2/4,100,"1,000",57,57,남서향,20250415,"['25년이상', '역세권', '중층', '총4층']",37.658788,127.061826
2519938555,일반상가,월세,5/8,200,"4,000",81,81,남향,20250415,"['25년이내', '역세권', '중층', '엘리베이터']",37.655228,127.063571
2519936708,일반상가,월세,2/7,400,1억,185,165,동향,20250415,"['25년이상', '융자금없는', '역세권', '지상층(1층제외)']",37.657208,127.06235
2520169205,일반상가,월세,1/3,200,"3,000",90,90,,20250415,"['25년이상', '역세권', '1층', '총3층']",37.6742,127.059229
2520121618,일반상가,월세,1/3,"1,800","2억 5,000",955,648,서향,20250415,"['10년이내', '1층', '주차가능', '총3층']",37.672566,127.051316
2519802578,일반상가,월세,B2/10,150,"3,000",145,138,남향,20250414,"['25년이상', '융자금없는', '역세권', '지하층']",37.656096,127.061058
2519836997,복합상가,월세,2/15,20,500,25,16,북서향,20250414,"['25년이상', '융자금없는', '역세권', '지상층(1층제외)']",37.66149,127.072824
2519833418,일반상가,매매,5/5,,5억,100,90,남향,20250414,"['25년이상', '역세권', '고층', '주차가능']",37.653918,127.061936
2519838902,일반상가,월세,1/2,130,"2,000",33,33,동향,20250414,"['25년이상', '역세권', '1층', '총2층']",37.675424,127.055023
2519837538,일반상가,월세,3/4,205,"2,000",149,149,동향,20250414,"['25년이상', '역세권', '고층', '주차가능']",37.657562,127.062363
2519836138,단지내상가,월세,B1/13,35,500,23,22,남동향,20250414,"['25년이내', '지하층', '관리비10만원이하', '주차가능']",37.659793,127.069178
2519838177,복합상가,월세,2/15,23,300,25,15,북서향,20250414,"['25년이상', '융자금없는', '역세권', '지상층(1층제외)']",37.66149,127.072824
2519830364,일반상가,월세,B1/4,290,"5,000",166,152,서향,20250414,"['25년이상', '융자금없는', '역세권', '지하층']",37.657008,127.062543
2519830327,일반상가,월세,1/7,360,"5,000",45,38,북향,20250414,"['25년이상', '융자금없는', '역세권', '1층']",37.654385,127.062448
2519829523,일반상가,매매,2/6,,"3억 9,000",80,63,남향,20250414,"['25년이상', '역세권', '지상층(1층제외)', '주차가능']",37.656052,127.06084
2519808063,단지내상가,월세,1/3,390,"6,000",75,56,남향,20250414,"['25년이내', '융자금없는', '역세권', '1층']",37.657633,127.06399
2519810530,일반상가,월세,1/5,180,"3,000",75,75,남향,20250414,"['25년이내', '1층', '관리비20만원이하', '주차가능']",37.658583,127.069324
2519884812,일반상가,월세,1/5,200,"2,000",110,110,남동향,20250414,"['25년이상', '융자금없는', '역세권', '1층']",37.662882,127.072821
2519938933,일반상가,월세,5/6,100,"1,000",45,45,동향,20250414,"['25년이상', '역세권', '고층', '주차가능']",37.648685,127.061869
2519912679,일반상가,월세,3/4,250,"5,000",183,145,남향,20250414,"['25년이상', '역세권', '고층', '주차가능']",37.654456,127.058424
2519913656,일반상가,월세,1/2,60,"1,000",26,26,서향,20250414,"['25년이상', '1층', '주차가능', '총2층']",37.660767,127.067742
2519815253,일반상가,월세,2/4,130,"3,000",99,99,남향,20250414,"['25년이상', '융자금없는', '중층', '주차가능']",37.661611,127.066149
2519751860,일반상가,매매,B1/4,,12억,365,365,남향,20250414,"['25년이상', '역세권', '지하층', '주차가능']",37.667945,127.059051
2519751329,일반상가,월세,1/4,360,"7,000",49,49,남향,20250414,"['25년이상', '역세권', '1층', '주차가능']",37.656912,127.062172
2519785949,일반상가,매매,4/5,,"2억 6,000",36,32,동향,20250414,"['25년이상', '역세권', '고층', '주차가능']",37.656402,127.062232
2519762329,일반상가,월세,B1/8,200,"2,000",135,110,동향,20250414,"['25년이상', '융자금없는', '역세권', '지하층']",37.648486,127.061975
2519798653,복합상가,월세,5/7,650,1억,182,182,동향,20250414,"['25년이상', '역세권', '고층', '주차가능']",37.653566,127.060362
2519879007,일반상가,매매,1/10,,20억,60,60,북향,20250414,"['25년이상', '역세권', '1층', '주차가능']",37.654445,127.062709
2519898133,일반상가,월세,2/4,600,1억,241,218,남동향,20250414,"['25년이상', '역세권', '중층', '주차가능']",37.656014,127.063128
2519885542,일반상가,월세,1/1,45,"1,000",14,14,남향,20250414,"['25년이상', '역세권', '1층', '남향']",37.664017,127.07446
2519908387,일반상가,월세,B1/5,600,1억,171,133,남향,20250414,"['2년이내', '역세권', '지하층', '관리비20만원이하']",37.656503,127.063023
2519888851,복합상가,월세,2/5,150,"5,000",110,110,서향,20250414,"['25년이내', '융자금없는', '중층', '주차가능']",37.658583,127.069324
2519728200,일반상가,월세,5/6,500,1억,303,297,남동향,20250414,"['25년이내', '융자금없는', '역세권', '고층']",37.655694,127.065418
2519903321,복합상가,월세,1/3,"1,800","2억 5,000",647,647,서향,20250414,"['10년이내', '1층', '주차가능', '총3층']",37.672566,127.051316
2519726036,복합상가,월세,1/4,85,"2,000",107,79,남향,20250414,"['25년이상', '1층', '주차가능', '총4층']",37.665648,127.069342
2519745492,일반상가,월세,B2/10,200,"4,000",297,214,남서향,20250414,"['25년이상', '역세권', '지하층', '주차가능']",37.656096,127.061058
2519635700,일반상가,월세,1/3,150,"2,500",72,36,남동향,20250414,"['25년이상', '융자금없는', '역세권', '1층']",37.657851,127.070727
2519887342,일반상가,월세,1/2,170,"2,000",35,35,북동향,20250414,"['25년이상', '융자금없는', '역세권', '1층']",37.659555,127.06989
2519871589,일반상가,월세,B1/6,200,"2,000",115,92,동향,20250414,"['25년이상', '융자금없는', '역세권', '지하층']",37.648486,127.061975
2519788825,복합상가,월세,1/10,250,"5,000",52,43,서향,20250414,"['25년이내', '융자금없는', '역세권', '1층']",37.658341,127.061643
2519775071,복합상가,월세,1/3,150,"2,000",114,39,동향,20250414,"['25년이상', '1층', '주차가능', '총3층']",37.653302,127.070956
2519746385,일반상가,월세,B2/10,150,"3,000",178,125,남서향,20250414,"['25년이상', '역세권', '지하층', '주차가능']",37.656096,127.061058
2519704973,일반상가,월세,1/7,130,"2,000",30,30,동향,20250414,"['25년이상', '역세권', '1층', '관리비10만원이하']",37.675662,127.055029
2519753298,일반상가,월세,1/4,230,"5,000",33,26,남향,20250414,"['25년이상', '역세권', '1층', '총4층']",37.656912,127.062172
2519746418,일반상가,월세,3/4,25,100,7,7,남향,20250414,"['25년이상', '융자금없는', '역세권', '고층']",37.654724,127.058476
2519676617,복합상가,매매,4/4,,"3억 1,000",100,85,남향,20250414,"['25년이상', '역세권', '급매', '고층']",37.667945,127.059051
2519660330,복합상가,매매,5/5,,13억,344,344,남향,20250414,"['25년이내', '역세권', '고층', '주차가능']",37.657998,127.062399
2519760973,일반상가,월세,B1/4,200,"2,500",110,99,서향,20250414,"['25년이상', '융자금없는', '역세권', '지하층']",37.6564,127.061795
2519765619,일반상가,월세,2/2,190,"3,000",190,190,서향,20250414,"['25년이상', '융자금없는', '역세권', '고층']",37.673015,127.055997
2519753603,일반상가,월세,8/10,250,"3,000",96,96,북향,20250414,"['25년이상', '역세권', '고층', '주차가능']",37.654445,127.062709
2519754333,일반상가,월세,5/5,100,"1,000",52,45,동향,20250414,"['25년이상', '융자금없는', '역세권', '고층']",37.648685,127.061869
2519724334,일반상가,월세,1/2,60,"1,000",25,25,남향,20250414,"['25년이상', '1층', '주차가능', '총2층']",37.660767,127.067742
2519745525,일반상가,매매,B1/8,,"4억 2,000",100,77,서향,20250414,"['25년이상', '역세권', '지하층', '주차가능']",37.656012,127.060564
2519729178,일반상가,월세,1/4,100,"2,000",35,32,북서향,20250414,"['25년이상', '1층', '관리비10만원이하', '주차가능']",37.661407,127.066201
2519728784,일반상가,월세,1/1,120,"1,000",139,49,남향,20250414,"['25년이상', '융자금없는', '1층', '주차가능']",37.666085,127.068683
2519704099,일반상가,매매,2/5,,5억,52,38,남동향,20250414,"['25년이상', '중층', '주차가능', '총5층']",37.647248,127.059547
2519744040,일반상가,월세,2/5,200,"6,000",160,142,남향,20250414,"['25년이상', '융자금없는', '중층', '주차가능']",37.66447,127.066992
2519646786,일반상가,월세,3/5,350,"5,000",230,220,북향,20250414,"['25년이내', '역세권', '중층', '주차가능']",37.678161,127.056075
2519729571,일반상가,월세,1/2,"1,800","2억 5,000",750,700,서향,20250414,"['10년이내', '1층', '주차가능', '총2층']",37.672566,127.051316
2519742234,단지내상가,매매,2/3,,2억,33,26,북향,20250414,"['25년이상', '역세권', '중층', '총3층']",37.658619,127.063202
2519714383,일반상가,월세,1/3,70,"1,000",22,22,남향,20250414,"['25년이상', '1층', '총3층', '남향']",37.662941,127.069184
2519730208,일반상가,월세,1/7,130,"2,000",40,32,동향,20250414,"['25년이상', '역세권', '1층', '관리비10만원이하']",37.675662,127.055029
2519685525,일반상가,월세,2/2,175,"1,500",49,49,북동향,20250414,"['25년이상', '고층', '총2층', '북동향']",37.664525,127.073952
2519661083,단지내상가,매매,2/3,,2억,26,26,남향,20250414,"['25년이상', '역세권', '중층', '주차가능']",37.658619,127.063202
2519747238,복합상가,월세,1/8,150,"3,000",59,59,남서향,20250414,"['15년이내', '1층', '주차가능', '엘리베이터']",37.68694,127.05286
2519728378,일반상가,월세,1/6,190,"2,500",42,42,남향,20250414,"['25년이내', '역세권', '1층', '주차가능']",37.657095,127.065674
2519684776,일반상가,월세,1/2,85,"1,000",32,32,북동향,20250414,"['25년이상', '1층', '총2층', '북동향']",37.664525,127.073952
2519673698,단지내상가,월세,2/4,40,500,17,17,북향,20250414,"['25년이상', '역세권', '중층', '관리비10만원이하']",37.667844,127.081631
2519659955,단지내상가,월세,2/15,60,"2,000",73,73,서향,20250414,"['25년이상', '융자금없는', '역세권', '지상층(1층제외)']",37.649909,127.061318
2519652172,일반상가,월세,1/1,90,"2,000",29,29,북서향,20250414,"['25년이상', '1층', '북서향']",37.663609,127.069663
2519656662,단지내상가,월세,3/3,210,"3,000",70,70,남서향,20250414,"['10년이내', '고층', '주차가능', '총3층']",37.664032,127.062311
2519663944,일반상가,월세,B1/4,200,"3,000",100,100,서향,20250414,"['25년이상', '역세권', '지하층', '총4층']",37.6564,127.061795
2519621745,일반상가,월세,1/4,177,"4,000",35,29,동향,20250414,"['25년이상', '융자금없는', '역세권', '1층']",37.654199,127.063175
2519646836,일반상가,매매,8/10,,10억,156,96,북향,20250414,"['25년이상', '역세권', '고층', '주차가능']",37.654445,127.062709
2519636155,일반상가,월세,1/4,180,"3,000",42,42,서향,20250414,"['25년이상', '역세권', '1층', '주차가능']",37.657875,127.062738
2519642701,일반상가,월세,1/3,"1,800","2억 5,000",950,950,서향,20250414,"['10년이내', '1층', '주차가능', '총3층']",37.672566,127.051316
2519633042,일반상가,월세,2/4,110,"1,000",99,99,남동향,20250414,"['25년이상', '융자금없는', '중층', '주차가능']",37.671591,127.057607
2519806740,일반상가,월세,1/2,600,1억,38,38,서향,20250414,"['25년이상', '역세권', '1층', '총2층']",37.656482,127.062689
2519796283,일반상가,월세,1/6,700,"1억 5,000",95,89,서향,20250414,"['25년이상', '융자금없는', '역세권', '1층']",37.650562,127.062
2519737284,일반상가,월세,1/4,220,"3,000",40,30,남향,20250414,"['25년이상', '역세권', '1층', '총4층']",37.657007,127.061888
2519690638,일반상가,월세,2/6,300,"4,000",264,264,남향,20250414,"['25년이상', '역세권', '지상층(1층제외)', '관리비20만원이하']",37.653187,127.058647
2519736277,복합상가,월세,1/10,250,"5,000",45,43,남향,20250414,"['25년이내', '역세권', '1층', '관리비20만원이하']",37.658341,127.061643
2519740042,일반상가,월세,1/4,120,"2,000",59,52,서향,20250414,"['25년이상', '1층', '주차가능', '총4층']",37.662474,127.066088
2519738580,일반상가,월세,1/4,180,"2,500",66,53,남향,20250414,"['25년이상', '1층', '관리비20만원이하', '천장에어컨']",37.670743,127.055755
2519712153,일반상가,월세,1/20,150,"3,000",16,16,남향,20250414,"['4년이내', '역세권', '1층', '주차가능']",37.655061,127.058731
2519721833,일반상가,월세,2/4,374,"5,000",269,269,동향,20250414,"['25년이상', '중층', '주차가능', '총4층']",37.670832,127.055362
2519734377,일반상가,월세,1/2,50,500,44,44,남향,20250414,"['25년이상', '역세권', '1층', '총2층']",37.65866,127.070572
2519745996,일반상가,월세,1/5,230,"4,000",39,39,서향,20250414,"['25년이내', '역세권', '1층', '주차가능']",37.65918,127.070749
2519703972,일반상가,월세,3/4,120,"2,000",92,92,남동향,20250414,"['25년이상', '융자금없는', '고층', '주차가능']",37.670743,127.055755
2519742361,일반상가,월세,2/9,600,1억,546,188,동향,20250414,"['10년이내', '융자금적은', '역세권', '지상층(1층제외)']",37.676569,127.055668
2519744155,일반상가,월세,2/3,210,"4,000",132,132,북향,20250414,"['25년이상', '융자금없는', '중층', '관리비20만원이하']",37.670743,127.055755
2519688252,일반상가,월세,B1/2,160,"3,000",273,273,북동향,20250414,"['25년이상', '지하층', '관리비20만원이하', '총2층']",37.673844,127.060151
2519643013,일반상가,월세,1/2,140,"2,000",69,69,동향,20250414,"['25년이내', '융자금없는', '역세권', '1층']",37.667311,127.078573
2519662998,일반상가,월세,1/1,158,"2,000",39,39,남서향,20250414,"['25년이상', '역세권', '1층', '남서향']",37.661296,127.071371
2519685520,일반상가,월세,2/10,280,"3,000",49,49,남서향,20250414,"['25년이상', '역세권', '지상층(1층제외)', '남서향']",37.655228,127.063571
2519662244,일반상가,월세,1/6,80,"2,000",22,22,남서향,20250414,"['25년이상', '융자금없는', '역세권', '1층']",37.665352,127.057241
2519659838,일반상가,월세,1/3,140,"2,000",45,45,,20250414,"['25년이상', '융자금없는', '역세권', '1층']",37.674928,127.058383
2519916830,일반상가,월세,9/9,250,"6,000",198,155,동향,20250414,"['25년이상', '융자금없는', '역세권', '고층']",37.647978,127.062228
2519919644,일반상가,월세,3/4,70,"1,000",91,91,동향,20250414,"['25년이상', '융자금없는', '고층', '총4층']",37.660585,127.069033
2519918560,일반상가,월세,7/9,350,"7,000",270,198,동향,20250414,"['25년이상', '융자금없는', '역세권', '고층']",37.647978,127.062228
2519646662,일반상가,월세,1/2,380,"5,000",75,75,동향,20250414,"['25년이내', '역세권', '1층', '주차가능']",37.676137,127.056168
2519656415,일반상가,월세,1/7,400,"5,000",125,101,남서향,20250414,"['25년이내', '역세권', '1층', '관리비20만원이하']",37.662189,127.070206
2519615672,일반상가,월세,1/5,120,"2,000",29,29,남향,20250414,"['25년이상', '융자금없는', '역세권', '1층']",37.659044,127.062474
2519636442,일반상가,월세,2/4,100,"2,000",102,102,동향,20250414,"['25년이내', '역세권', '중층', '관리비10만원이하']",37.674791,127.0542
2519889716,일반상가,월세,4/7,180,"5,000",191,191,남서향,20250414,"['25년이내', '융자금없는', '역세권', '중층']",37.663429,127.076252
2519656053,일반상가,월세,1/2,150,"2,000",52,52,북동향,20250414,"['25년이상', '융자금없는', '1층', '총2층']",37.666959,127.052556
2519609854,복합상가,매매,2/10,,30억,245,245,북서향,20250414,"['15년이내', '역세권', '지상층(1층제외)', '주차가능']",37.656515,127.061926
2519609251,일반상가,월세,3/10,310,"4,000",148,148,서향,20250414,"['25년이상', '융자금없는', '역세권', '지상층(1층제외)']",37.655315,127.059866
2519605564,단지내상가,월세,1/2,35,300,19,19,남동향,20250414,"['25년이내', '1층', '관리비10만원이하', '주차가능']",37.666961,127.079705
2519903359,일반상가,월세,2/4,90,"1,500",98,98,남향,20250414,"['25년이상', '융자금없는', '역세권', '중층']",37.676612,127.054255
2519900284,일반상가,월세,6/6,600,"8,000",214,214,서향,20250414,"['25년이상', '융자금없는', '역세권', '고층']",37.653752,127.061191
2519908816,일반상가,월세,1/6,175,"3,500",79,42,남향,20250414,"['25년이내', '융자금없는', '역세권', '1층']",37.657095,127.065674
2519908186,일반상가,월세,3/4,205,"2,000",149,140,동향,20250414,"['25년이상', '융자금없는', '역세권', '고층']",37.657562,127.062363
2519888002,일반상가,매매,1/10,,"14억 5,000",128,105,서향,20250414,"['15년이내', '역세권', '1층', '주차가능']",37.656462,127.066169
2519876097,일반상가,월세,2/4,55,"1,000",32,32,서향,20250414,"['25년이내', '중층', '총4층', '서향']",37.666221,127.078169
2519886576,일반상가,월세,1/2,75,"1,500",26,26,남향,20250414,"['25년이상', '융자금없는', '1층', '총2층']",37.659752,127.068438
2519878371,일반상가,월세,1/4,177,"4,000",26,26,,20250414,"['25년이상', '역세권', '1층', '총4층']",37.654199,127.063175
2519892090,일반상가,월세,B1/3,"8,000",10억,2485,1869,남향,20250414,"['25년이상', '역세권', '지하층', '주차가능']",37.655941,127.066421
2519885523,일반상가,월세,1/6,100,"4,000",14,14,서향,20250414,"['25년이상', '융자금없는', '역세권', '1층']",37.656089,127.065305
2519809520,일반상가,월세,1/4,180,"2,700",26,26,북향,20250414,"['25년이상', '1층', '주차가능', '총4층']",37.664714,127.066009
2519875105,일반상가,매매,B1/10,,8억,254,254,동향,20250414,"['15년이내', '역세권', '지하층', '주차가능']",37.656462,127.066169
2519884145,일반상가,월세,3/4,170,"2,000",155,135,북향,20250414,"['25년이상', '역세권', '고층', '주차가능']",37.67269,127.055203
2519860261,일반상가,월세,5/5,138,"2,760",102,70,동향,20250414,"['10년이내', '융자금없는', '고층', '주차가능']",37.664119,127.065583
2519870063,일반상가,월세,1/6,"1,500",3억,198,182,서향,20250414,"['25년이상', '융자금없는', '역세권', '1층']",37.650562,127.062
2519859790,일반상가,월세,1/5,500,"8,000",70,66,북향,20250414,"['25년이상', '융자금없는', '역세권', '1층']",37.656698,127.062625
2519859417,단지내상가,월세,3/3,150,"2,000",90,81,남향,20250414,"['25년이내', '융자금없는', '역세권', '고층']",37.657633,127.06399
2519856012,일반상가,월세,4/5,80,"1,500",99,99,동향,20250414,"['25년이상', '고층', '엘리베이터', '총5층']",37.659262,127.069536
2519861384,단지내상가,매매,1/13,,"2억 3,500",33,22,서향,20250414,"['25년이내', '1층', '주차가능', '엘리베이터']",37.659793,127.069178
2519794347,일반상가,월세,1/7,130,"2,000",52,45,남서향,20250414,"['25년이내', '역세권', '1층', '주차가능']",37.678049,127.054215
2519776648,일반상가,월세,4/5,400,"5,000",165,165,남향,20250414,"['25년이상', '융자금적은', '역세권', '고층']",37.656657,127.063587
2519858432,일반상가,월세,3/3,300,"3,000",207,207,남향,20250414,"['25년이상', '역세권', '고층', '총3층']",37.65611,127.063769
2519851783,일반상가,월세,1/5,185,"3,000",52,45,남향,20250414,"['25년이상', '융자금없는', '역세권', '1층']",37.658026,127.062127
2519869169,복합상가,월세,B1/6,140,"1,000",99,99,서향,20250414,"['25년이상', '융자금없는', '역세권', '지하층']",37.648685,127.061869
2519846876,일반상가,월세,2/11,"1,500",2억,701,701,남향,20250414,"['25년이상', '융자금없는', '역세권', '지상층(1층제외)']",37.65518,127.059256
2519853263,일반상가,매매,1/8,,"4,000",9,3,남향,20250414,"['25년이내', '역세권', '1층', '주차가능']",37.655338,127.063772
2519849150,단지내상가,월세,1/3,590,1억,100,85,남향,20250414,"['25년이내', '융자금없는', '역세권', '1층']",37.657633,127.06399
2519849648,일반상가,월세,1/1,130,"3,000",30,27,서향,20250414,"['25년이내', '융자금없는', '역세권', '1층']",37.65856,127.061593
2519843667,단지내상가,월세,1/3,150,"3,000",35,31,서향,20250414,"['25년이상', '융자금없는', '1층', '총3층']",37.664782,127.068067
2519835689,복합상가,월세,2/15,20,500,25,13,북서향,20250414,"['25년이상', '융자금없는', '역세권', '지상층(1층제외)']",37.66149,127.072824
2519810928,일반상가,월세,1/4,123,"1,400",20,20,남향,20250414,"['25년이상', '융자금없는', '1층', '총4층']",37.664502,127.066811
2519845614,일반상가,월세,1/7,120,"2,500",33,21,서향,20250414,"['25년이상', '융자금없는', '역세권', '1층']",37.654385,127.062448
2519665823,단지내상가,매매,1/7,,"3억 5,000",33,24,남향,20250414,"['25년이내', '역세권', '1층', '관리비10만원이하']",37.667775,127.079877
2519760020,단지내상가,전세,2/2,,10억,313,264,남동향,20250414,"['2년이내', '융자금없는', '고층', '주차가능']",37.664959,127.077861
2519754058,일반상가,월세,3/4,210,"5,000",121,121,남동향,20250414,"['25년이상', '역세권', '고층', '총4층']",37.656672,127.062205
2519801709,일반상가,월세,1/1,120,"3,000",23,22,남향,20250414,"['25년이상', '역세권', '1층', '남향']",37.65677,127.064707
2519778905,복합상가,월세,1/15,90,"2,000",40,10,서향,20250414,"['25년이내', '융자금없는', '역세권', '1층']",37.68027,127.054905
2519780557,복합상가,월세,1/8,450,1억,49,43,북향,20250414,"['25년이상', '역세권', '1층', '주차가능']",37.655684,127.062341
2519782783,일반상가,월세,2/4,65,"1,000",66,66,동향,20250414,"['25년이상', '중층', '총4층', '동향']",37.664687,127.068959
2519770786,일반상가,매매,B1/5,,8억,226,226,남향,20250414,"['10년이내', '지하층', '총5층', '남향']",37.660395,127.066693
2519797082,일반상가,월세,1/7,110,"2,000",46,43,남서향,20250414,"['25년이내', '융자금없는', '역세권', '1층']",37.678049,127.054215
2519873320,일반상가,매매,1/4,,32억,1098,1098,남동향,20250414,"['25년이내', '역세권', '1층', '주차가능']",37.666933,127.077606
2519938810,복합상가,월세,1/10,180,"3,000",33,33,서향,20250414,"['15년이내', '역세권', '1층', '주차가능']",37.656462,127.066169
2519939230,일반상가,월세,6/6,600,"8,000",186,186,서향,20250414,"['25년이상', '역세권', '고층', '주차가능']",37.653752,127.061191
2519923288,일반상가,월세,1/4,50,"1,000",21,21,남향,20250414,"['25년이내', '1층', '주차가능', '총4층']",37.66066,127.066317
2519668191,단지내상가,매매,1/15,,"3억 3,000",51,25,남동향,20250414,"['25년이상', '역세권', '1층', '관리비10만원이하']",37.66149,127.072824
2519802063,일반상가,월세,1/8,40,500,20,11,남향,20250414,"['25년이내', '융자금없는', '역세권', '1층']",37.655338,127.063772
2519806458,일반상가,월세,5/5,138,"2,760",102,72,남향,20250414,"['10년이내', '고층', '주차가능', '엘리베이터']",37.664119,127.065583
2519458666,복합상가,월세,3/12,250,"3,000",90,90,남향,20250412,"['25년이상', '역세권', '지상층(1층제외)', '주차가능']",37.656139,127.061276
2519474571,일반상가,월세,1/4,60,"1,000",40,38,남향,20250412,"['25년이상', '융자금적은', '역세권', '1층']",37.675751,127.053314
2519484295,일반상가,월세,3/5,50,200,17,17,,20250412,"['25년이상', '역세권', '중층', '총5층']",37.654724,127.058476
2519460014,일반상가,월세,1/2,"1,800","2억 5,000",648,648,남향,20250412,"['10년이내', '융자금없는', '1층', '주차가능']",37.672566,127.051316
2519429076,단지내상가,월세,B1/2,35,"1,000",28,20,북향,20250412,"['25년이상', '역세권', '지하층', '관리비10만원이하']",37.666003,127.057926
2519503145,단지내상가,월세,1/1,90,"2,000",29,23,서향,20250412,"['10년이내', '1층', '관리비10만원이하', '천장에어컨']",37.665173,127.074745
2519479341,복합상가,월세,1/15,170,"2,000",78,78,서향,20250412,"['25년이내', '융자금없는', '역세권', '1층']",37.680195,127.055848
2519428487,일반상가,월세,1/2,90,"3,000",66,66,남서향,20250412,"['25년이내', '융자금적은', '역세권', '1층']",37.668555,127.078153
2519529787,일반상가,월세,1/4,75,"1,500",30,30,남향,20250412,"['25년이상', '역세권', '1층', '총4층']",37.657947,127.070836
2519503457,단지내상가,월세,1/1,130,"2,000",31,25,남동향,20250412,"['4년이내', '융자금없는', '1층', '관리비10만원이하']",37.665173,127.074745
2519462836,복합상가,월세,6/9,130,"5,000",82,66,남향,20250412,"['25년이상', '역세권', '중층', '주차가능']",37.654567,127.058919
2519515840,복합상가,월세,1/8,175,"4,500",218,78,남향,20250412,"['25년이내', '역세권', '1층', '주차가능']",37.655338,127.063772
2519456492,복합상가,매매,3/10,,30억,245,245,북서향,20250412,"['15년이내', '역세권', '지상층(1층제외)', '주차가능']",37.656515,127.061926
2519521221,일반상가,월세,1/7,210,"3,000",45,45,남향,20250412,"['10년이내', '역세권', '1층', '주차가능']",37.657146,127.065143
2519528508,일반상가,월세,3/5,230,"5,000",183,183,남향,20250412,"['25년이상', '역세권', '중층', '주차가능']",37.654456,127.058424
2519520409,일반상가,월세,1/6,260,"3,000",65,65,남향,20250412,"['25년이상', '역세권', '1층', '주차가능']",37.655743,127.065911
2519520787,일반상가,월세,2/4,400,"3,000",247,247,서향,20250412,"['25년이상', '역세권', '중층', '관리비20만원이하']",37.657528,127.066668
2519568682,일반상가,월세,1/3,70,"1,000",30,30,남향,20250412,"['25년이상', '융자금없는', '1층', '주차가능']",37.657222,127.069764
2519510213,일반상가,월세,1/8,515,"1억 2,000",33,27,북향,20250412,"['25년이상', '융자금없는', '역세권', '1층']",37.656021,127.062775
2519519580,복합상가,월세,4/14,"2,000",2억,427,399,남동향,20250412,"['25년이내', '역세권', '지상층(1층제외)', '주차가능']",37.654269,127.059026
2519585773,일반상가,월세,1/4,50,"1,000",30,26,남향,20250412,"['25년이상', '1층', '주차가능', '총4층']",37.665026,127.072071
2519519925,일반상가,월세,3/5,70,"1,000",36,36,북동향,20250412,"['25년이내', '역세권', '중층', '주차가능']",37.657082,127.067247
2519475985,일반상가,월세,B1/4,90,"2,000",90,90,동향,20250412,"['25년이상', '융자금적은', '역세권', '지하층']",37.675751,127.053314
2519462178,일반상가,월세,6/8,240,"3,300",132,132,남향,20250412,"['25년이상', '융자금없는', '역세권', '고층']",37.656192,127.061507
2519428712,일반상가,월세,1/15,90,"2,000",28,28,남서향,20250412,"['25년이내', '융자금적은', '역세권', '1층']",37.668555,127.078153
2519534719,일반상가,월세,B1/4,45,500,120,112,남서향,20250412,"['25년이상', '지하층', '총4층', '남서향']",37.66452,127.071216
2519581811,단지내상가,월세,4/5,200,"2,000",130,119,남향,20250412,"['10년이내', '테라스', '역세권', '고층']",37.661275,127.071246
2519193297,단지내상가,월세,3/5,60,"1,000",33,33,남동향,20250411,"['25년이상', '중층', '관리비10만원이하', '주차가능']",37.663221,127.077161
2519375231,단지내상가,매매,2/2,,"1억 2,000",35,30,북동향,20250411,"['25년이내', '고층', '주차가능', '총2층']",37.68606,127.05357
2519200799,일반상가,월세,2/5,"1,100",1억,716,393,남향,20250411,"['25년이상', '융자금적은', '역세권', '중층']",37.656657,127.063587
2519199637,일반상가,월세,1/4,65,"1,500",33,27,남향,20250411,"['25년이상', '융자금없는', '1층', '주차가능']",37.648145,127.057582
2519282526,일반상가,월세,1/4,60,"1,000",39,39,북동향,20250411,"['25년이내', '역세권', '1층', '총4층']",37.657359,127.071257
2519147664,일반상가,월세,B1/5,320,"2,000",287,287,남향,20250411,"['15년이내', '융자금없는', '역세권', '지하층']",37.655985,127.064898
2519200794,일반상가,월세,1/3,50,"1,000",26,26,북동향,20250411,"['25년이상', '1층', '총3층', '북동향']",37.655788,127.070158
2519282753,단지내상가,월세,2/15,50,500,45,23,북향,20250411,"['25년이상', '역세권', '지상층(1층제외)', '관리비10만원이하']",37.66149,127.072824
2519208420,단지내상가,월세,1/2,45,650,18,18,서향,20250411,"['25년이내', '1층', '주차가능', '총2층']",37.663122,127.078587
2519210263,단지내상가,매매,2/9,,"9억 5,000",139,82,동향,20250411,"['25년이내', '역세권', '지상층(1층제외)', '관리비10만원이하']",37.679128,127.054906
2519210946,일반상가,월세,1/3,140,"2,000",34,34,북동향,20250411,"['25년이내', '역세권', '1층', '관리비10만원이하']",37.674617,127.058134
2519245531,단지내상가,월세,2/4,55,"1,000",15,15,북서향,20250411,"['25년이상', '역세권', '중층', '관리비10만원이하']",37.667844,127.081631
2519231745,일반상가,매매,1/7,,"6억 9,000",50,27,서향,20250411,"['25년이상', '역세권', '1층', '주차가능']",37.657133,127.062832
2519401187,일반상가,월세,B1/4,580,1억,462,462,남향,20250411,"['25년이상', '역세권', '지하층', '주차가능']",37.654199,127.063175
2519303357,일반상가,월세,1/2,100,"1,000",32,32,남동향,20250411,"['25년이상', '역세권', '1층', '총2층']",37.659499,127.071012
2519305517,일반상가,월세,1/6,570,"1억 1,000",109,109,남향,20250411,"['25년이상', '역세권', '1층', '주차가능']",37.655743,127.065911
2519304836,일반상가,월세,2/11,"1,500",2억,701,701,남향,20250411,"['25년이상', '역세권', '지상층(1층제외)', '주차가능']",37.655239,127.059505
2519380925,일반상가,월세,1/5,266,"4,000",87,78,서향,20250411,"['25년이상', '1층', '주차가능', '총5층']",37.664672,127.066454
2519298801,일반상가,월세,B1/6,90,"2,000",140,140,동향,20250411,"['25년이상', '역세권', '지하층', '주차가능']",37.658081,127.071316
2519363558,일반상가,월세,1/7,"3,200","2억 5,000",267,267,동향,20250411,"['10년이내', '역세권', '1층', '주차가능']",37.655231,127.062508
2519390816,일반상가,월세,1/3,160,"2,000",30,30,,20250411,"['25년이내', '역세권', '1층', '관리비10만원이하']",37.674617,127.058134
2519396529,일반상가,월세,1/2,50,500,35,28,남동향,20250411,"['25년이상', '1층', '주차가능', '총2층']",37.665374,127.070298
2519309347,일반상가,월세,B1/5,80,"2,000",139,139,북서향,20250411,"['25년이상', '역세권', '지하층', '주차가능']",37.661488,127.071853
2519409793,일반상가,월세,3/5,130,"2,000",103,103,,20250411,"['25년이내', '역세권', '중층', '주차가능']",37.669701,127.078934
2519204455,단지내상가,월세,1/2,120,"2,500",21,21,남향,20250411,"['25년이상', '역세권', '1층', '총2층']",37.658751,127.059908
2519298967,일반상가,월세,B2/10,150,"3,000",183,183,남향,20250411,"['25년이상', '융자금없는', '역세권', '지하층']",37.656096,127.061058
2519289673,일반상가,월세,6/7,420,"5,000",211,211,서향,20250411,"['25년이상', '역세권', '고층', '주차가능']",37.650757,127.061944
2519308641,일반상가,월세,1/15,50,"1,000",46,46,서향,20250411,"['25년이내', '역세권', '1층', '주차가능']",37.680195,127.055848
2519217650,일반상가,월세,1/7,230,"3,000",214,180,동향,20250411,"['25년이상', '1층', '동향', '관리비40만원이하']",37.672577,127.056919
2519201487,일반상가,월세,1/2,65,500,28,28,남동향,20250411,"['25년이상', '1층', '총2층', '남동향']",37.658949,127.068756
2519283173,일반상가,월세,1/5,120,"2,000",60,60,남동향,20250411,"['25년이상', '1층', '관리비10만원이하', '주차가능']",37.666797,127.070851
2519207792,복합상가,월세,1/6,300,"3,500",29,20,서향,20250411,"['25년이상', '역세권', '1층', '주차가능']",37.649246,127.062386
2519284874,일반상가,월세,1/2,50,500,10,10,남향,20250411,"['25년이상', '융자금없는', '1층', '주차가능']",37.665374,127.070298
2519281023,일반상가,월세,1/2,150,"4,000",49,49,남향,20250411,"['25년이내', '1층', '주차가능', '총2층']",37.674679,127.059996
2519206761,일반상가,월세,B1/4,529,"6,000",210,200,북향,20250411,"['25년이상', '융자금없는', '역세권', '지하층']",37.655399,127.063109
2519212064,일반상가,월세,1/4,85,"1,000",46,46,북향,20250411,"['25년이상', '1층', '총4층', '북향']",37.661083,127.066755
2519216696,일반상가,월세,5/7,140,"2,000",132,83,남향,20250411,"['25년이상', '고층', '남향', '관리비30만원이하']",37.672577,127.056919
2519211477,일반상가,월세,2/2,75,"1,000",66,56,남동향,20250411,"['25년이상', '융자금적은', '고층', '관리비10만원이하']",37.673844,127.060151
2519282223,일반상가,월세,1/6,140,"1,500",38,38,남향,20250411,"['15년이내', '1층', '주차가능', '남향']",37.672929,127.056935
2519184109,일반상가,매매,1/15,,"2억 5,000",59,37,동향,20250411,"['25년이내', '역세권', '1층', '주차가능']",37.680195,127.055848
2519150388,단지내상가,월세,1/2,100,"1,000",32,17,남향,20250411,"['25년이상', '역세권', '1층', '주차가능']",37.65239,127.060648
2519190963,일반상가,월세,1/3,150,"2,000",39,39,남향,20250411,"['25년이상', '1층', '주차가능', '총3층']",37.653302,127.070956
2519203493,일반상가,월세,1/6,240,"5,000",33,25,남향,20250411,"['25년이내', '융자금없는', '역세권', '1층']",37.657007,127.061888
2519159417,일반상가,월세,B1/7,300,"5,000",231,231,동향,20250411,"['25년이상', '융자금없는', '역세권', '지하층']",37.657208,127.06235
2519050073,일반상가,월세,4/6,300,"5,000",160,160,남향,20250410,"['25년이내', '역세권', '중층', '주차가능']",37.655694,127.065418
2519047261,복합상가,매매,B1/9,,"4억 2,000",75,75,남향,20250410,"['25년이상', '역세권', '지하층', '주차가능']",37.656012,127.060564
2519033208,일반상가,월세,1/3,45,500,25,25,동향,20250410,"['25년이상', '1층', '주차가능', '총3층']",37.661163,127.06639
2518965462,일반상가,매매,3/10,,15억,248,187,서향,20250410,"['25년이내', '역세권', '지상층(1층제외)', '서향']",37.658341,127.061643
2519026968,일반상가,매매,B2/7,,"6,500",25,11,서향,20250410,"['25년이내', '역세권', '지하층', '주차가능']",37.655338,127.063772
2519028316,일반상가,월세,1/7,210,"3,000",44,42,남향,20250410,"['10년이내', '융자금없는', '역세권', '1층']",37.657146,127.065143
2518969494,복합상가,월세,B1/8,180,"2,000",122,122,동향,20250410,"['25년이상', '역세권', '지하층', '주차가능']",37.648486,127.061975
2519141957,일반상가,월세,B1/4,50,"1,000",121,121,남서향,20250410,"['25년이상', '역세권', '지하층', '총4층']",37.66254,127.069694
2519093201,일반상가,월세,1/3,70,"1,000",23,23,동향,20250410,"['25년이상', '역세권', '1층', '엘리베이터']",37.668998,127.080341
2519106263,일반상가,월세,1/2,65,"1,000",34,34,남동향,20250410,"['25년이상', '역세권', '1층', '총2층']",37.662587,127.072552
2519108735,단지내상가,월세,1/3,85,"1,000",32,28,북향,20250410,"['25년이상', '융자금없는', '역세권', '1층']",37.658619,127.063202
2519031983,일반상가,월세,3/5,350,"5,000",156,156,남향,20250410,"['25년이내', '융자금없는', '역세권', '중층']",37.655917,127.064464
2519054458,일반상가,월세,2/3,200,"2,000",165,165,남향,20250410,"['25년이상', '융자금없는', '역세권', '중층']",37.659697,127.070177
2519034282,일반상가,월세,2/6,220,"4,000",85,72,남향,20250410,"['25년이내', '융자금없는', '역세권', '지상층(1층제외)']",37.657007,127.061888
2519075071,복합상가,월세,2/7,100,"1,000",80,53,서향,20250410,"['25년이상', '역세권', '지상층(1층제외)', '주차가능']",37.650757,127.061944
2519069587,일반상가,월세,1/10,600,1억,148,139,남서향,20250410,"['15년이내', '융자금없는', '마당', '역세권']",37.656462,127.066169
2519042456,일반상가,월세,1/4,169,"1,200",40,40,서향,20250410,"['25년이상', '역세권', '1층', '관리비10만원이하']",37.657362,127.061923
2519092933,일반상가,월세,B1/6,900,"1억 5,000",448,326,동향,20250410,"['15년이내', '역세권', '지하층', '주차가능']",37.656515,127.061926
2519112151,일반상가,월세,3/4,150,"2,000",119,119,남서향,20250410,"['25년이상', '융자금적은', '역세권', '고층']",37.663229,127.073537
2519075923,일반상가,월세,5/5,200,"3,000",210,196,북향,20250410,"['25년이상', '융자금없는', '역세권', '고층']",37.653233,127.058855
2519067432,일반상가,월세,B1/5,200,"5,000",223,223,동향,20250410,"['25년이상', '역세권', '지하층', '주차가능']",37.649408,127.062312
2519046763,복합상가,월세,2/8,600,1억,170,170,남향,20250410,"['25년이상', '역세권', '지상층(1층제외)', '주차가능']",37.65399,127.057778
2519061085,일반상가,월세,2/5,160,"3,000",59,59,동향,20250410,"['25년이상', '융자금없는', '역세권', '중층']",37.650424,127.061275
2519023302,일반상가,월세,1/6,"1,900","2억 5,000",689,689,남향,20250410,"['10년이내', '융자금없는', '역세권', '1층']",37.674967,127.055576
2519015131,복합상가,월세,6/8,280,"5,000",165,165,동향,20250410,"['25년이상', '융자금없는', '역세권', '고층']",37.656192,127.061507
2519024380,일반상가,월세,1/6,350,"6,000",49,49,북향,20250410,"['25년이상', '역세권', '1층', '북향']",37.656697,127.065782
2519068655,일반상가,월세,1/7,400,"5,000",45,41,북향,20250410,"['25년이상', '융자금없는', '역세권', '1층']",37.654385,127.062448
2519027403,복합상가,월세,1/5,530,"6,000",85,85,남향,20250410,"['25년이상', '융자금없는', '역세권', '1층']",37.656089,127.065305
2519020429,일반상가,월세,1/4,180,"2,000",71,71,북서향,20250410,"['25년이상', '융자금없는', '역세권', '1층']",37.658268,127.070204
2518933233,단지내상가,월세,1/5,80,"1,000",29,29,북향,20250410,"['25년이상', '역세권', '1층', '총5층']",37.661618,127.070279
2518988961,일반상가,월세,1/3,90,"2,000",46,46,,20250410,"['25년이상', '융자금없는', '1층', '총3층']",37.672956,127.057209
2519020102,복합상가,월세,1/8,240,"5,000",46,46,서향,20250410,"['25년이상', '융자금없는', '역세권', '1층']",37.658341,127.061643
2519023033,일반상가,월세,3/6,"1,020","1억 5,000",514,514,서향,20250410,"['15년이내', '역세권', '중층', '엘리베이터']",37.655776,127.063422
2519021057,복합상가,월세,1/8,600,1억,139,139,남향,20250410,"['15년이내', '역세권', '1층', '주차가능']",37.656462,127.066169
2519025851,일반상가,월세,1/10,600,1억,150,139,남향,20250410,"['15년이내', '융자금없는', '역세권', '1층']",37.656462,127.066169
2519022256,일반상가,월세,2/2,170,"1,500",56,49,동향,20250410,"['25년이상', '고층', '총2층', '동향']",37.664525,127.073952
2519076831,일반상가,월세,1/2,155,"2,500",42,34,북향,20250410,"['25년이상', '융자금없는', '역세권', '1층']",37.657447,127.062162
2518941344,복합상가,월세,1/15,130,"3,000",59,33,서향,20250410,"['25년이내', '역세권', '1층', '관리비20만원이하']",37.68027,127.054905
2518980015,일반상가,매매,B1/6,,"1억 6,000",45,31,남향,20250410,"['25년이상', '역세권', '지하층', '주차가능']",37.656052,127.06084
2519104096,일반상가,매매,2/6,,30억,300,245,북서향,20250410,"['15년이내', '역세권', '지상층(1층제외)', '주차가능']",37.656515,127.061926
2519023279,일반상가,월세,7/7,350,"3,000",155,145,남향,20250410,"['25년이상', '융자금없는', '역세권', '고층']",37.654916,127.059324
2518916972,일반상가,월세,1/5,186,"2,000",99,89,남동향,20250410,"['25년이내', '역세권', '1층', '주차가능']",37.661576,127.07157
2518913359,일반상가,월세,6/7,825,"1억 4,300",316,227,남향,20250410,"['25년이내', '역세권', '고층', '주차가능']",37.654878,127.061957
2518979051,단지내상가,월세,3/4,100,"2,000",80,72,북향,20250410,"['25년이상', '역세권', '고층', '관리비10만원이하']",37.658447,127.059995
2518932052,일반상가,월세,1/8,230,"5,000",70,59,서향,20250410,"['15년이내', '역세권', '1층', '주차가능']",37.676865,127.056067
2518929777,단지내상가,월세,1/2,105,"2,000",42,42,남향,20250410,"['25년이상', '1층', '총2층', '남향']",37.64676,127.059554
2518924673,일반상가,월세,12/13,344,"3,447",754,115,남향,20250410,"['25년이상', '역세권', '고층', '주차가능']",37.654488,127.059947
2518925328,일반상가,월세,4/7,350,"4,000",115,115,동향,20250410,"['10년이내', '역세권', '중층', '주차가능']",37.656667,127.066462
2518974704,복합상가,매매,B2/10,,11억,1003,722,남향,20250410,"['25년이상', '역세권', '지하층', '주차가능']",37.656096,127.061058
2518943979,일반상가,월세,B1/3,45,500,54,54,북향,20250410,"['25년이상', '역세권', '지하층', '총3층']",37.676368,127.056051
2518919602,일반상가,월세,1/8,260,"4,000",66,66,남향,20250410,"['25년이상', '융자금없는', '역세권', '1층']",37.655743,127.065911
2518918116,복합상가,월세,B1/2,45,"1,000",49,49,동향,20250410,"['25년이상', '역세권', '지하층', '주차가능']",37.658346,127.070326
2518917122,일반상가,월세,B1/6,200,"5,000",223,223,서향,20250410,"['25년이상', '융자금없는', '역세권', '지하층']",37.649408,127.062312
2518882705,일반상가,월세,1/2,60,"1,000",56,56,남동향,20250410,"['25년이상', '역세권', '1층', '주차가능']",37.662489,127.071684
2518885742,일반상가,월세,1/5,65,"1,300",34,34,남향,20250410,"['25년이상', '1층', '관리비10만원이하', '주차가능']",37.671676,127.058048
2519102952,일반상가,매매,5/6,,"4억 7,000",98,85,동향,20250410,"['25년이상', '역세권', '고층', '관리비20만원이하']",37.656698,127.062625
2518915983,일반상가,월세,2/3,50,800,81,81,북동향,20250410,"['25년이상', '중층', '총3층', '북동향']",37.665991,127.070487
2518897097,일반상가,월세,6/7,300,"3,000",173,170,서향,20250410,"['25년이내', '융자금없는', '역세권', '고층']",37.655534,127.064546
2518853703,일반상가,월세,3/4,80,"1,500",87,87,서향,20250410,"['25년이상', '역세권', '고층', '관리비10만원이하']",37.658713,127.065434
2518882510,일반상가,월세,1/5,65,"1,000",46,46,남동향,20250410,"['25년이내', '융자금없는', '1층', '주차가능']",37.671676,127.058048
2518917313,일반상가,매매,1/20,,"11억 5,000",29,29,남향,20250410,"['4년이내', '역세권', '1층', '주차가능']",37.655061,127.058731
2519019106,단지내상가,월세,3/5,280,"3,000",148,148,남향,20250410,"['25년이상', '융자금없는', '역세권', '중층']",37.653282,127.059079
2518754446,단지내상가,월세,2/2,70,"1,000",117,117,,20250409,"['25년이상', '융자금적은', '고층', '주차가능']",37.673844,127.060151
2518763340,단지내상가,월세,2/4,50,500,27,27,남서향,20250409,"['25년이상', '역세권', '중층', '관리비10만원이하']",37.667844,127.081631
2518663504,일반상가,월세,1/6,350,"7,000",59,34,남동향,20250409,"['15년이내', '융자금없는', '역세권', '1층']",37.656515,127.061926
2518759727,일반상가,월세,B1/4,100,"2,500",168,168,남향,20250409,"['25년이상', '역세권', '지하층', '관리비10만원이하']",37.661918,127.071887
2518775067,단지내상가,월세,B1/2,160,"3,000",190,190,,20250409,"['25년이상', '융자금적은', '지하층', '주차가능']",37.673844,127.060151
2518807031,일반상가,월세,1/3,50,500,30,28,서향,20250409,"['25년이상', '1층', '주차가능', '총3층']",37.660283,127.068274
2518803495,일반상가,월세,B1/8,100,"1,200",130,69,북향,20250409,"['25년이상', '역세권', '지하층', '주차가능']",37.656052,127.06084
2518819470,일반상가,월세,1/5,80,"1,000",39,23,북향,20250409,"['25년이상', '융자금없는', '역세권', '1층']",37.67502,127.053901
2518829863,일반상가,월세,1/9,308,"5,000",52,41,동향,20250409,"['25년이내', '역세권', '1층', '주차가능']",37.679128,127.054906
2518814011,일반상가,월세,1/3,160,"2,000",29,29,북향,20250409,"['25년이내', '역세권', '1층', '관리비10만원이하']",37.674617,127.058134
2518832936,일반상가,월세,1/15,242,"7,000",42,33,동향,20250409,"['25년이내', '역세권', '1층', '주차가능']",37.68027,127.054905
2518831551,일반상가,월세,5/6,410,1억,160,160,남동향,20250409,"['15년이내', '역세권', '고층', '주차가능']",37.656515,127.061926
2518848905,일반상가,월세,1/3,190,"2,000",54,52,남동향,20250409,"['25년이상', '역세권', '1층', '총3층']",37.676368,127.056051
2518825523,일반상가,월세,1/15,70,"1,000",33,26,남향,20250409,"['25년이내', '역세권', '1층', '주차가능']",37.68027,127.054905
2518821031,일반상가,월세,1/9,242,"4,000",49,39,동향,20250409,"['25년이내', '역세권', '1층', '주차가능']",37.679128,127.054906
2518831536,복합상가,월세,1/15,250,"5,000",40,40,서향,20250409,"['25년이내', '역세권', '1층', '서향']",37.680195,127.055848
2518728969,일반상가,월세,B1/4,100,"2,000",140,132,서향,20250409,"['25년이상', '융자금없는', '역세권', '지하층']",37.656698,127.062625
2518743987,일반상가,월세,2/4,300,"3,000",173,143,남향,20250409,"['25년이상', '역세권', '중층', '총4층']",37.657362,127.061923
2518639439,일반상가,월세,4/8,275,"4,000",228,132,동향,20250409,"['25년이상', '역세권', '중층', '주차가능']",37.656192,127.061507
2518648820,일반상가,월세,1/13,60,"1,000",17,17,동향,20250409,"['15년이내', '융자금없는', '1층', '주차가능']",37.659793,127.069178
2518646261,일반상가,월세,1/2,160,"2,000",27,27,남향,20250409,"['25년이상', '융자금없는', '역세권', '1층']",37.65239,127.060648
2518649303,일반상가,월세,3/5,160,"2,000",109,79,남동향,20250409,"['25년이상', '융자금없는', '역세권', '중층']",37.648685,127.061869
2518655469,일반상가,월세,1/3,130,"2,000",30,30,북동향,20250409,"['25년이상', '역세권', '1층', '관리비10만원이하']",37.676406,127.054638
2518653540,일반상가,월세,1/3,460,"7,000",25,20,서향,20250409,"['25년이상', '융자금없는', '역세권', '1층']",37.655664,127.06289
2518653226,일반상가,월세,1/2,60,500,37,37,남향,20250409,"['25년이상', '융자금없는', '1층', '주차가능']",37.64676,127.059554
2518735009,복합상가,월세,1/15,35,"1,500",10,10,동향,20250409,"['25년이내', '역세권', '1층', '주차가능']",37.680195,127.055848
2518655401,일반상가,월세,1/7,400,"5,000",36,36,남향,20250409,"['10년이내', '역세권', '1층', '관리비20만원이하']",37.655231,127.062508
2518691351,단지내상가,매매,1/1,,"4억 5,000",29,29,남동향,20250409,"['2년이내', '1층', '관리비10만원이하', '주차가능']",37.664948,127.077422
2518750573,일반상가,월세,1/4,50,"1,000",28,22,남서향,20250409,"['25년이내', '1층', '주차가능', '총4층']",37.66066,127.066317
2518640787,일반상가,월세,1/2,180,"3,500",26,26,동향,20250409,"['25년이상', '역세권', '1층', '주차가능']",37.649909,127.061318
2518646949,일반상가,월세,1/2,60,"1,000",54,50,북동향,20250409,"['25년이상', '융자금없는', '역세권', '1층']",37.662489,127.071684
2518648538,일반상가,월세,2/5,100,"1,000",53,53,북서향,20250409,"['25년이상', '융자금없는', '역세권', '중층']",37.650757,127.061944
