articleNo,articleName,tradeTypeName,floorInfo,rentPrc,dealOrWarrantPrc,area1,area2,direction,articleConfirmYmd,tagList,latitude,longitude
2524671433,일반상가,월세,1/4,320,"5,000",69,69,서향,20250509,"['2년이내', '1층', '주차가능', '엘리베이터']",37.47747,126.957527
2524667587,일반상가,월세,1/15,600,1억,43,43,북서향,20250509,"['25년이내', '역세권', '1층', '주차가능']",37.481054,126.952215
2524652270,일반상가,월세,1/4,130,"1,000",36,33,동향,20250509,"['25년이내', '1층', '관리비10만원이하', '총4층']",37.483873,126.946461
2524589169,일반상가,월세,1/3,80,"1,500",33,33,북향,20250509,"['4년이내', '1층', '총3층', '북향']",37.486345,126.951078
2524606815,일반상가,월세,B1/5,160,"2,500",110,110,북향,20250509,"['25년이상', '역세권', '지하층', '주차가능']",37.479341,126.944169
2524621673,일반상가,월세,2/6,190,"2,000",149,149,남서향,20250509,"['25년이상', '역세권', '지상층(1층제외)', '주차가능']",37.481683,126.954885
2524617510,일반상가,월세,1/2,350,"5,000",758,29,남향,20250509,"['25년이상', '역세권', '1층', '총2층']",37.479491,126.95206
2524621355,일반상가,월세,1/4,320,"4,000",75,75,남서향,20250509,"['25년이상', '역세권', '1층', '관리비20만원이하']",37.483058,126.941966
2524636974,단지내상가,매매,B1/4,,"5,000",22,13,남동향,20250509,"['25년이상', '지하층', '총4층', '남동향']",37.492261,126.95846
2524626359,일반상가,월세,1/4,60,"1,000",26,26,동향,20250509,"['25년이상', '융자금적은', '1층', '총4층']",37.483331,126.94699
2524621834,일반상가,월세,1/3,260,"3,000",100,99,남서향,20250509,"['25년이내', '1층', '관리비10만원이하', '주차가능']",37.486253,126.934519
2524617488,일반상가,월세,1/5,80,"1,000",63,33,남동향,20250509,"['25년이내', '역세권', '1층', '관리비10만원이하']",37.478579,126.962758
2524612690,복합상가,월세,4/20,200,"3,000",64,64,남동향,20250509,"['25년이내', '융자금적은', '역세권', '지상층(1층제외)']",37.482736,126.953239
2524614270,일반상가,월세,1/2,260,"3,000",57,57,동향,20250509,"['25년이상', '역세권', '1층', '총2층']",37.47991,126.955127
2524614786,일반상가,월세,1/2,80,"1,000",30,30,북향,20250509,"['25년이상', '융자금없는', '역세권', '1층']",37.474249,126.967373
2524607679,일반상가,월세,10/10,135,"2,000",93,93,동향,20250509,"['25년이상', '역세권', '고층', '주차가능']",37.4801,126.95215
2524617613,일반상가,월세,B1/4,60,500,81,81,서향,20250509,"['25년이내', '역세권', '지하층', '관리비10만원이하']",37.475276,126.966698
2524607085,일반상가,월세,13/14,450,"7,000",292,132,북향,20250509,"['15년이내', '역세권', '고층', '주차가능']",37.480738,126.953508
2524604516,일반상가,매매,1/2,,"4억 5,000",26,26,북향,20250509,"['25년이상', '1층', '총2층', '북향']",37.485163,126.956542
2524603947,일반상가,월세,1/3,110,"2,000",33,33,서향,20250509,"['25년이상', '역세권', '1층', '총3층']",37.48957,126.928766
2524606897,일반상가,월세,B1/3,250,"4,000",133,130,서향,20250509,"['25년이상', '역세권', '지하층', '총3층']",37.482833,126.954239
2524644461,일반상가,월세,1/6,300,"5,000",60,40,북향,20250509,"['4년이내', '역세권', '1층', '주차가능']",37.479102,126.957558
2524640204,일반상가,월세,1/3,100,"1,000",16,15,북동향,20250509,"['25년이상', '역세권', '1층', '총3층']",37.479774,126.957526
2524642732,일반상가,월세,1/5,245,"7,000",76,69,남향,20250509,"['15년이내', '융자금적은', '역세권', '1층']",37.490942,126.926573
2524658671,일반상가,월세,1/2,80,"1,000",30,30,남서향,20250509,"['25년이상', '역세권', '1층', '총2층']",37.483752,126.956285
2524655820,일반상가,월세,1/3,190,"2,000",66,66,북향,20250509,"['25년이상', '융자금적은', '역세권', '1층']",37.489945,126.928603
2524671303,일반상가,월세,1/4,230,"4,000",82,50,서향,20250509,"['15년이내', '역세권', '1층', '관리비20만원이하']",37.479076,126.955606
2524634080,복합상가,매매,10/15,,"4억 3,000",89,72,동향,20250509,"['25년이내', '역세권', '중층', '주차가능']",37.481054,126.952215
2524616661,일반상가,월세,1/3,160,"2,700",33,33,북향,20250509,"['25년이상', '역세권', '1층', '총3층']",37.480245,126.951247
2524626406,일반상가,월세,1/2,75,"1,000",16,16,동향,20250509,"['25년이상', '융자금적은', '역세권', '1층']",37.483946,126.953492
2524616975,일반상가,월세,1/3,200,"3,000",56,56,북향,20250509,"['25년이상', '역세권', '1층', '총3층']",37.481477,126.954211
2524611876,일반상가,월세,B1/9,900,"1억 5,000",517,517,북향,20250509,"['10년이내', '융자금적은', '역세권', '지하층']",37.481859,126.950401
2524622053,일반상가,월세,3/6,290,"5,000",310,310,남서향,20250509,"['25년이상', '역세권', '중층', '주차가능']",37.484425,126.937891
2524620277,일반상가,월세,2/4,340,"3,000",300,280,남서향,20250509,"['25년이상', '역세권', '중층', '주차가능']",37.480003,126.956932
2524626510,일반상가,월세,1/2,100,"2,000",29,29,북동향,20250509,"['25년이상', '융자금적은', '역세권', '1층']",37.475327,126.965852
2524608879,일반상가,월세,1/7,160,"2,000",101,66,남서향,20250509,"['4년이내', '역세권', '1층', '관리비20만원이하']",37.476212,126.96653
2524612006,일반상가,월세,3/5,220,"3,000",128,128,북향,20250509,"['25년이상', '역세권', '중층', '관리비10만원이하']",37.478061,126.952908
2524621221,일반상가,월세,2/6,200,"3,000",131,131,북향,20250509,"['2년이내', '지상층(1층제외)', '관리비20만원이하', '주차가능']",37.486105,126.9379
2524623845,일반상가,월세,2/5,310,"4,000",129,129,남향,20250509,"['25년이상', '역세권', '중층', '관리비20만원이하']",37.477682,126.962826
2524508725,일반상가,월세,B1/4,300,"5,000",67,67,서향,20250508,"['10년이내', '지하층', '총4층', '서향']",37.485933,126.946667
2524506377,일반상가,월세,1/7,230,"3,000",93,71,동향,20250508,"['10년이내', '역세권', '1층', '주차가능']",37.47767,126.96382
2524514336,일반상가,월세,2/3,150,"2,000",88,88,남향,20250508,"['25년이상', '역세권', '중층', '총3층']",37.489945,126.928603
2524508677,일반상가,월세,3/4,180,"3,000",62,62,서향,20250508,"['10년이내', '고층', '총4층', '서향']",37.485933,126.946667
2524508746,일반상가,월세,1/2,80,"1,500",33,20,서향,20250508,"['25년이상', '1층', '총2층', '서향']",37.484961,126.94693
2524514473,일반상가,월세,B1/5,120,"1,000",82,82,남향,20250508,"['25년이내', '융자금적은', '역세권', '지하층']",37.489313,126.92904
2524508924,일반상가,월세,2/4,110,"2,000",61,46,동향,20250508,"['25년이상', '중층', '주차가능', '총4층']",37.484256,126.946501
2524502395,일반상가,월세,1/3,330,"4,500",139,50,남향,20250508,"['25년이상', '역세권', '1층', '총3층']",37.478803,126.959867
2524502375,일반상가,월세,2/7,390,"5,000",226,130,남향,20250508,"['10년이내', '역세권', '지상층(1층제외)', '주차가능']",37.479352,126.958563
2524538617,일반상가,월세,2/15,"1,200","1억 7,000",400,330,북향,20250508,"['25년이상', '역세권', '지상층(1층제외)', '주차가능']",37.481088,126.95092
2524523288,일반상가,월세,1/4,77,"1,000",96,17,남향,20250508,"['25년이상', '1층', '총4층', '남향']",37.487511,126.933036
2524485639,일반상가,월세,1/9,400,"5,000",99,99,남향,20250508,"['25년이내', '역세권', '1층', '주차가능']",37.477656,126.960759
2524482756,일반상가,월세,1/5,75,"1,000",33,19,남동향,20250508,"['25년이내', '역세권', '1층', '주차가능']",37.478566,126.962851
2524462598,일반상가,월세,1/3,400,"4,000",126,126,북향,20250508,"['25년이상', '역세권', '1층', '총3층']",37.47936,126.943987
2524501950,일반상가,월세,1/7,250,"3,000",40,28,남향,20250508,"['15년이내', '역세권', '1층', '주차가능']",37.480928,126.954486
2524464620,단지내상가,월세,1/4,75,"1,000",46,30,동향,20250508,"['25년이내', '융자금없는', '1층', '관리비20만원이하']",37.489297,126.944769
2524457405,일반상가,월세,7/7,400,1억,229,229,북향,20250508,"['25년이상', '역세권', '고층', '주차가능']",37.481976,126.943019
2524479173,일반상가,월세,6/7,650,"7,000",317,236,서향,20250508,"['25년이상', '역세권', '고층', '주차가능']",37.483075,126.953597
2524458168,일반상가,월세,2/15,"1,500",2억,483,483,북향,20250508,"['25년이상', '역세권', '지상층(1층제외)', '주차가능']",37.481088,126.95092
2524478434,일반상가,월세,2/7,220,"2,000",127,90,남향,20250508,"['25년이상', '역세권', '지상층(1층제외)', '남향']",37.482147,126.953901
2524473039,일반상가,월세,B1/6,120,"1,000",147,131,북서향,20250508,"['25년이상', '역세권', '지하층', '주차가능']",37.485616,126.940748
2524491630,일반상가,월세,1/3,300,"5,000",116,33,남동향,20250508,"['25년이상', '역세권', '1층', '총3층']",37.47535,126.965736
2524477534,일반상가,월세,B1/5,50,500,91,49,동향,20250508,"['25년이내', '지하층', '주차가능', '총5층']",37.48661,126.956528
2524479149,일반상가,월세,2/7,400,"5,000",218,117,동향,20250508,"['25년이상', '역세권', '지상층(1층제외)', '주차가능']",37.483075,126.953597
2524487325,일반상가,월세,B1/10,500,1억,462,330,북향,20250508,"['25년이상', '역세권', '지하층', '주차가능']",37.481481,126.9539
2524504607,일반상가,월세,2/6,180,"2,000",112,67,북서향,20250508,"['25년이상', '역세권', '지상층(1층제외)', '주차가능']",37.478057,126.962865
2524508600,일반상가,월세,2/15,500,2억,282,143,북향,20250508,"['15년이내', '지상층(1층제외)', '주차가능', '북향']",37.486736,126.947199
2524502354,일반상가,월세,1/7,350,"5,000",108,62,남향,20250508,"['10년이내', '역세권', '1층', '주차가능']",37.479352,126.958563
2524494538,일반상가,월세,1/6,75,"1,000",35,23,동향,20250508,"['25년이내', '1층', '주차가능', '동향']",37.478882,126.948999
2524443680,일반상가,월세,B1/4,90,"2,000",136,136,북동향,20250508,"['25년이상', '지하층', '총4층', '북동향']",37.486788,126.938004
2524445916,일반상가,월세,3/4,300,"5,000",165,165,서향,20250508,"['25년이상', '고층', '주차가능', '총4층']",37.488502,126.946702
2524449614,일반상가,월세,1/4,190,"4,000",30,30,북서향,20250508,"['25년이상', '1층', '총4층', '북서향']",37.485919,126.947119
2524451379,일반상가,월세,2/6,200,"2,000",69,69,동향,20250508,"['10년이내', '역세권', '지상층(1층제외)', '주차가능']",37.490349,126.925614
2524442419,일반상가,월세,1/12,150,500,77,77,서향,20250508,"['4년이내', '역세권', '1층', '서향']",37.480182,126.951466
2524456360,일반상가,월세,6/7,180,"2,000",156,156,북향,20250508,"['25년이상', '역세권', '고층', '주차가능']",37.486012,126.940031
2524438524,일반상가,월세,B1/3,80,"2,000",103,95,동향,20250508,"['25년이상', '역세권', '지하층', '총3층']",37.480502,126.945948
2524438587,단지내상가,월세,B1/2,250,"3,000",54,35,북향,20250508,"['10년이내', '지하층', '주차가능', '총2층']",37.477914,126.941862
2524438387,일반상가,월세,B1/10,"1,200",2억,572,475,북향,20250508,"['25년이내', '역세권', '지하층', '주차가능']",37.481309,126.94961
2524443377,일반상가,월세,B2/12,80,"2,000",70,48,동향,20250508,"['10년이내', '역세권', '지하층', '주차가능']",37.482561,126.94517
2524439987,일반상가,월세,B1/5,150,"2,000",363,165,북향,20250508,"['25년이상', '역세권', '지하층', '주차가능']",37.483395,126.938753
2524445130,단지내상가,월세,1/5,130,"3,000",83,23,동향,20250508,"['10년이내', '융자금적은', '역세권', '1층']",37.479826,126.942428
2524496358,일반상가,월세,B1/9,100,"1,000",43,43,남동향,20250508,"['15년이내', '지하층', '주차가능', '남동향']",37.475008,126.95317
2524501923,일반상가,월세,2/7,350,"5,000",129,100,남향,20250508,"['15년이내', '역세권', '지상층(1층제외)', '주차가능']",37.480928,126.954486
2524438850,일반상가,월세,3/4,85,"1,000",59,59,북동향,20250508,"['25년이상', '고층', '총4층', '북동향']",37.478866,126.949119
2524438911,일반상가,월세,1/23,700,1억,129,43,북향,20250508,"['25년이내', '융자금없는', '역세권', '1층']",37.480823,126.952023
2524453392,일반상가,월세,4/5,100,"2,000",93,93,북향,20250508,"['25년이내', '고층', '관리비10만원이하', '주차가능']",37.486044,126.942406
2524438441,일반상가,월세,B1/5,220,"3,000",182,163,북향,20250508,"['25년이상', '역세권', '지하층', '주차가능']",37.481674,126.946457
2524438169,일반상가,월세,2/15,"1,500",2억,838,483,북향,20250508,"['25년이상', '역세권', '지상층(1층제외)', '주차가능']",37.481088,126.95092
2524439023,일반상가,월세,4/8,130,"2,500",92,57,북향,20250508,"['10년이내', '역세권', '중층', '주차가능']",37.482182,126.941641
2524424956,일반상가,월세,3/5,100,"2,000",52,43,북향,20250508,"['25년이상', '역세권', '중층', '총5층']",37.479388,126.955744
2524434026,일반상가,월세,B1/4,85,"1,000",107,99,남서향,20250508,"['25년이상', '지하층', '총4층', '남서향']",37.487511,126.933036
2524407594,일반상가,월세,4/4,99,"1,000",79,67,남동향,20250508,"['25년이상', '역세권', '고층', '주차가능']",37.475738,126.964223
2524431165,일반상가,월세,1/4,60,"1,000",24,24,북서향,20250508,"['25년이상', '융자금없는', '1층', '관리비10만원이하']",37.47974,126.958486
2524410606,일반상가,월세,4/9,110,"1,000",80,33,남향,20250508,"['10년이내', '역세권', '중층', '주차가능']",37.477833,126.960306
2524417351,일반상가,월세,2/6,150,"3,000",80,72,북향,20250508,"['25년이상', '지상층(1층제외)', '북향']",37.478319,126.957924
2524417012,일반상가,월세,2/6,300,"3,000",163,148,서향,20250508,"['25년이내', '지상층(1층제외)', '주차가능', '서향']",37.477865,126.958901
2524407740,일반상가,월세,B1/5,220,"3,000",111,111,북향,20250508,"['25년이상', '역세권', '지하층', '총5층']",37.476635,126.963979
2524469014,일반상가,월세,B1/5,80,"1,000",66,66,북향,20250508,"['25년이상', '융자금없는', '역세권', '지하층']",37.482362,126.948691
2524501979,일반상가,월세,B1/14,240,"3,000",350,216,서향,20250508,"['10년이내', '역세권', '지하층', '주차가능']",37.480794,126.955352
2524417815,일반상가,월세,1/3,300,"6,000",187,33,북향,20250508,"['25년이상', '역세권', '1층', '총3층']",37.479257,126.957268
2524406376,일반상가,월세,2/4,280,"5,000",154,154,서향,20250508,"['10년이내', '역세권', '중층', '주차가능']",37.47473,126.967063
2524417421,일반상가,월세,1/6,500,"7,000",173,39,북향,20250508,"['4년이내', '역세권', '1층', '주차가능']",37.479102,126.957558
2524411165,일반상가,월세,1/2,390,"5,000",73,73,남향,20250508,"['25년이상', '역세권', '1층', '주차가능']",37.483291,126.944276
2524417869,일반상가,월세,1/2,250,"3,000",35,35,남향,20250508,"['25년이상', '역세권', '1층', '총2층']",37.479084,126.956984
2524426657,일반상가,월세,1/3,590,1억,95,95,남향,20250508,"['25년이상', '융자금적은', '역세권', '1층']",37.479765,126.942133
2524394781,일반상가,월세,3/5,150,"2,000",94,94,남향,20250508,"['25년이상', '중층', '주차가능', '총5층']",37.475276,126.953049
2524322444,일반상가,월세,1/3,330,"7,000",26,26,서향,20250508,"['25년이상', '역세권', '1층', '관리비20만원이하']",37.47535,126.965736
2524407879,일반상가,월세,B1/7,150,"1,000",145,98,남향,20250508,"['25년이상', '역세권', '지하층', '주차가능']",37.477579,126.960992
2524307019,일반상가,월세,B1/3,110,"1,500",91,82,남향,20250508,"['25년이상', '역세권', '지하층', '총3층']",37.49,126.926806
2524322383,일반상가,월세,2/2,250,"3,000",138,138,북동향,20250508,"['25년이상', '고층', '총2층', '북동향']",37.477994,126.95688
2524321239,일반상가,월세,1/4,250,"4,000",58,58,북향,20250508,"['25년이상', '역세권', '1층', '총4층']",37.478395,126.959537
2524305559,일반상가,월세,1/5,220,"3,000",44,44,서향,20250508,"['25년이상', '역세권', '1층', '총5층']",37.478385,126.963021
2524436913,일반상가,월세,1/4,70,"1,000",17,17,남서향,20250508,"['25년이상', '1층', '에어컨', '총4층']",37.487511,126.933036
2524448556,일반상가,월세,6/7,300,"5,000",219,219,남향,20250508,"['25년이상', '역세권', '고층', '주차가능']",37.483062,126.940903
2524320692,일반상가,월세,3/5,120,"1,000",80,80,남향,20250508,"['25년이상', '역세권', '중층', '총5층']",37.482798,126.949414
2524315612,일반상가,월세,3/6,170,"3,000",107,107,북동향,20250508,"['25년이상', '융자금없는', '역세권', '중층']",37.482279,126.949362
2524423680,일반상가,월세,1/4,80,"1,000",18,18,동향,20250508,"['25년이내', '1층', '관리비10만원이하', '총4층']",37.483873,126.946461
2524406578,일반상가,월세,1/4,150,"1,500",67,29,동향,20250508,"['10년이내', '역세권', '1층', '주차가능']",37.475297,126.966893
2524366300,일반상가,월세,1/5,400,"5,000",82,66,북향,20250508,"['25년이상', '역세권', '1층', '관리비20만원이하']",37.473857,126.966168
2524362602,일반상가,월세,1/2,180,"3,000",23,23,남동향,20250508,"['25년이상', '1층', '관리비10만원이하', '총2층']",37.488055,126.959865
2524394823,복합상가,월세,1/14,300,"3,000",46,46,서향,20250508,"['25년이내', '역세권', '1층', '관리비20만원이하']",37.479666,126.952859
2524318424,일반상가,월세,1/4,260,"4,000",92,92,남향,20250508,"['25년이상', '역세권', '1층', '총4층']",37.476362,126.964014
2524300844,일반상가,월세,1/2,400,"4,000",75,75,남동향,20250508,"['25년이상', '역세권', '1층', '총2층']",37.478428,126.955409
2524322246,일반상가,월세,2/4,180,"1,500",87,87,남향,20250508,"['25년이상', '역세권', '중층', '관리비10만원이하']",37.476109,126.964624
2524310911,일반상가,월세,1/3,120,"2,000",36,36,북향,20250508,"['25년이상', '1층', '총3층', '북향']",37.479038,126.947071
2524322236,일반상가,월세,2/3,140,"2,000",50,50,서향,20250508,"['25년이상', '역세권', '중층', '관리비10만원이하']",37.482976,126.954307
2524320149,일반상가,월세,1/4,120,"2,500",18,18,북동향,20250508,"['25년이상', '역세권', '1층', '총4층']",37.475227,126.966131
2524308470,일반상가,월세,1/6,200,"5,000",19,19,북향,20250508,"['25년이내', '역세권', '1층', '북향']",37.478669,126.955006
2524356582,일반상가,월세,1/2,290,"4,000",35,33,서향,20250508,"['25년이상', '역세권', '1층', '총2층']",37.474912,126.965781
2524310255,일반상가,월세,1/2,100,"5,000",39,39,동향,20250508,"['25년이상', '1층', '총2층', '동향']",37.486332,126.940569
2524319958,일반상가,월세,1/2,100,"1,000",30,30,서향,20250508,"['25년이상', '역세권', '1층', '총2층']",37.477134,126.959408
2524322971,일반상가,월세,B1/5,260,"4,500",212,212,북향,20250508,"['25년이상', '역세권', '지하층', '주차가능']",37.481885,126.952535
2524310369,일반상가,월세,1/3,70,"2,000",49,49,남향,20250508,"['25년이상', '융자금없는', '1층', '총3층']",37.48678,126.940631
2524390055,일반상가,월세,4/6,200,"3,000",199,99,서향,20250508,"['25년이상', '융자금없는', '중층', '주차가능']",37.484616,126.946904
2524302960,일반상가,월세,1/7,890,1억,251,231,남향,20250508,"['25년이내', '융자금적은', '역세권', '1층']",37.47817,126.959408
2524310788,일반상가,월세,1/2,120,"1,000",28,28,남서향,20250508,"['25년이상', '역세권', '1층', '총2층']",37.48812,126.931718
2524412599,일반상가,월세,1/6,280,"7,000",43,43,북동향,20250508,"['25년이상', '역세권', '1층', '관리비20만원이하']",37.475442,126.965458
2524409994,일반상가,월세,2/5,215,"4,000",103,82,북향,20250508,"['25년이상', '역세권', '중층', '주차가능']",37.476212,126.963454
2524367851,일반상가,월세,2/3,60,"1,000",33,31,북향,20250508,"['25년이내', '중층', '총3층', '북향']",37.486276,126.957733
2524366534,일반상가,월세,B1/3,60,"1,000",53,48,동향,20250508,"['25년이상', '역세권', '지하층', '총3층']",37.483826,126.953359
2524357606,일반상가,월세,1/3,120,,33,16,북향,20250508,"['25년이상', '역세권', '무보증', '1층']",37.473839,126.96661
2524364143,일반상가,월세,1/3,60,"1,000",59,59,남향,20250508,"['25년이상', '1층', '총3층', '남향']",37.488445,126.958466
2524393251,일반상가,월세,2/4,230,"2,000",91,91,동향,20250508,"['25년이상', '역세권', '중층', '관리비10만원이하']",37.478968,126.953988
2524414254,일반상가,월세,1/2,80,"2,000",46,46,서향,20250508,"['25년이상', '역세권', '1층', '총2층']",37.47854,126.957173
2524406893,일반상가,월세,1/2,100,"2,000",79,30,동향,20250508,"['25년이상', '역세권', '1층', '총2층']",37.475327,126.965852
2524402863,일반상가,월세,1/5,180,"3,000",100,100,서향,20250508,"['25년이내', '1층', '관리비10만원이하', '주차가능']",37.47316,126.96686
2524415134,일반상가,월세,B1/6,180,"3,000",298,214,서향,20250508,"['25년이상', '지하층', '주차가능', '서향']",37.484616,126.946904
2524367946,일반상가,월세,1/5,200,"3,000",49,42,북향,20250508,"['25년이상', '역세권', '1층', '관리비10만원이하']",37.473857,126.966168
2524415540,일반상가,월세,B1/4,77,"1,500",49,49,남향,20250508,"['25년이상', '역세권', '지하층', '관리비10만원이하']",37.483608,126.939533
2524407474,일반상가,월세,2/4,164,"1,500",77,77,북향,20250508,"['25년이상', '역세권', '중층', '주차가능']",37.47583,126.964478
2524404107,일반상가,월세,B1/1,45,"1,000",28,28,남향,20250508,"['25년이상', '지하층', '남향']",37.49107,126.941988
2524418357,복합상가,월세,1/5,150,"2,500",61,61,서향,20250508,"['10년이내', '1층', '주차가능', '총5층']",37.488351,126.934399
2524427524,일반상가,월세,B1/2,100,"2,000",60,56,북동향,20250508,"['25년이상', '지하층', '총2층', '북동향']",37.477967,126.958054
2524424773,일반상가,월세,1/4,190,"4,000",58,50,동향,20250508,"['25년이상', '역세권', '1층', '총4층']",37.479228,126.95585
2524440975,일반상가,월세,1/5,310,"3,000",39,39,북향,20250508,"['25년이상', '역세권', '1층', '총5층']",37.476635,126.963979
2524439910,일반상가,월세,2/2,400,"5,000",125,125,북향,20250508,"['25년이상', '역세권', '고층', '주차가능']",37.480191,126.953602
2524447764,일반상가,월세,1/4,260,"4,000",90,90,남향,20250508,"['25년이상', '역세권', '1층', '관리비10만원이하']",37.476362,126.964014
2524425475,일반상가,월세,2/3,315,"4,000",126,126,북향,20250508,"['25년이상', '역세권', '중층', '총3층']",37.480103,126.953768
2524438067,일반상가,월세,B2/10,"1,300",2억,666,666,동향,20250508,"['25년이상', '역세권', '지하층', '주차가능']",37.480935,126.951562
2524434675,일반상가,월세,1/1,160,"2,000",55,55,서향,20250508,"['25년이상', '역세권', '1층', '서향']",37.482971,126.954469
2524438948,일반상가,월세,5/5,430,"5,000",183,183,남향,20250508,"['25년이상', '역세권', '고층', '총5층']",37.48046,126.953468
2524425167,일반상가,월세,B1/6,250,"5,000",185,185,북향,20250508,"['25년이상', '역세권', '지하층', '북향']",37.48007,126.955078
2524421041,일반상가,월세,3/3,110,"3,000",66,66,남향,20250508,"['25년이상', '역세권', '고층', '관리비20만원이하']",37.480215,126.956357
2524433836,일반상가,월세,B1/8,900,"1억 5,000",461,436,남향,20250508,"['10년이내', '역세권', '지하층', '주차가능']",37.481859,126.950401
2524418098,일반상가,월세,1/3,185,"2,600",50,50,북향,20250508,"['25년이상', '역세권', '1층', '총3층']",37.479347,126.957002
2524448071,일반상가,월세,3/3,100,"1,500",66,60,남향,20250508,"['25년이상', '역세권', '고층', '총3층']",37.483649,126.939426
2524447882,일반상가,월세,4/7,220,"3,000",165,165,동향,20250508,"['25년이상', '역세권', '중층', '주차가능']",37.485381,126.934748
2524487266,일반상가,월세,1/6,"2,000",5억,497,350,남향,20250508,"['25년이상', '역세권', '1층', '주차가능']",37.482292,126.946109
2524486715,일반상가,월세,1/3,90,"1,500",33,33,동향,20250508,"['25년이상', '1층', '총3층', '동향']",37.471959,126.966729
2524485589,일반상가,월세,1/5,175,"2,000",49,49,남향,20250508,"['10년이내', '융자금없는', '역세권', '1층']",37.474604,126.963613
2524453066,일반상가,월세,1/4,100,"2,000",23,23,서향,20250508,"['10년이내', '역세권', '1층', '관리비20만원이하']",37.479908,126.941142
2524488447,일반상가,월세,B1/4,100,"2,000",114,99,남향,20250508,"['25년이상', '역세권', '지하층', '관리비10만원이하']",37.491245,126.928392
2524473827,일반상가,월세,B1/3,70,"1,000",55,55,남향,20250508,"['25년이상', '지하층', '주차가능', '총3층']",37.486671,126.938003
2524449043,일반상가,월세,1/4,210,"2,000",49,49,동향,20250508,"['25년이상', '역세권', '1층', '총4층']",37.48237,126.944813
2524471991,일반상가,월세,1/2,170,"2,000",60,60,남향,20250508,"['25년이상', '역세권', '1층', '총2층']",37.482199,126.940618
2524477452,일반상가,월세,1/3,127,"1,000",33,33,북서향,20250508,"['25년이상', '1층', '관리비10만원이하', '총3층']",37.485907,126.956875
2524471133,일반상가,월세,1/3,122,"1,000",25,25,북향,20250508,"['25년이상', '역세권', '1층', '총3층']",37.47949,126.94288
2524478383,일반상가,월세,B1/3,250,"4,000",133,110,서향,20250508,"['25년이상', '역세권', '지하층', '총3층']",37.482833,126.954239
2524477658,일반상가,월세,6/7,380,1억,336,310,북서향,20250508,"['25년이상', '역세권', '고층', '주차가능']",37.483981,126.955568
2524427362,일반상가,월세,2/17,350,"5,000",168,120,서향,20250508,"['2년이내', '역세권', '지상층(1층제외)', '주차가능']",37.480596,126.953487
2524426339,일반상가,월세,2/2,400,"5,000",129,129,북향,20250508,"['25년이상', '역세권', '고층', '주차가능']",37.480191,126.953602
2524442151,일반상가,월세,2/4,137,"1,500",80,80,북향,20250508,"['25년이내', '역세권', '중층', '주차가능']",37.490518,126.926567
2524448287,일반상가,월세,B1/5,160,"2,000",194,117,남향,20250508,"['25년이상', '역세권', '지하층', '주차가능']",37.483286,126.940273
2524514236,일반상가,월세,1/3,120,"2,000",27,27,북향,20250508,"['25년이상', '역세권', '1층', '총3층']",37.489974,126.928451
2524492937,일반상가,월세,1/3,260,"3,000",99,99,북향,20250508,"['25년이내', '1층', '주차가능', '총3층']",37.486253,126.934519
2524529704,일반상가,월세,1/4,100,"1,000",49,49,남향,20250508,"['25년이내', '1층', '관리비10만원이하', '주차가능']",37.476833,126.954761
2524514433,일반상가,월세,1/2,160,"1,000",39,39,남동향,20250508,"['25년이상', '역세권', '1층', '총2층']",37.489694,126.928784
2524502164,일반상가,월세,1/1,90,"1,000",121,33,동향,20250508,"['25년이상', '역세권', '1층', '동향']",37.479774,126.957526
2524520442,일반상가,월세,1/5,260,"3,000",43,43,동향,20250508,"['25년이상', '역세권', '1층', '관리비10만원이하']",37.479752,126.955631
2524523027,일반상가,월세,7/7,600,"5,000",259,259,동향,20250508,"['25년이상', '역세권', '고층', '주차가능']",37.483075,126.953597
2524502630,일반상가,월세,5/5,150,"1,000",78,78,남향,20250508,"['25년이상', '역세권', '고층', '주차가능']",37.478525,126.960667
2524471690,일반상가,월세,1/4,120,"2,000",53,53,동향,20250508,"['25년이내', '역세권', '1층', '관리비10만원이하']",37.475276,126.966698
2524477841,일반상가,월세,1/3,550,"4,000",132,95,남향,20250508,"['25년이상', '역세권', '1층', '총3층']",37.479293,126.953497
2524459480,일반상가,월세,1/10,65,"1,000",13,13,동향,20250508,"['10년이내', '역세권', '1층', '관리비20만원이하']",37.482481,126.946208
2524452265,일반상가,월세,1/1,500,"7,000",49,49,남동향,20250508,"['25년이상', '역세권', '1층', '남동향']",37.484018,126.955158
2524489702,일반상가,월세,B1/5,65,"1,000",74,74,북동향,20250508,"['25년이상', '지하층', '관리비10만원이하', '총5층']",37.485382,126.936558
2524448846,일반상가,월세,1/3,131,"2,000",64,17,동향,20250508,"['25년이상', '역세권', '1층', '총3층']",37.482811,126.943502
2524539365,일반상가,월세,1/6,170,"2,000",82,82,남서향,20250508,"['25년이내', '1층', '남서향', '관리비30만원이하']",37.474639,126.960187
2524514115,일반상가,월세,4/4,120,"1,500",70,70,북향,20250508,"['25년이내', '역세권', '고층', '주차가능']",37.490518,126.926567
2524523231,일반상가,월세,3/4,140,"3,000",132,110,남향,20250508,"['25년이내', '역세권', '고층', '주차가능']",37.487742,126.932506
2524592273,일반상가,월세,1/7,650,2억,230,230,남향,20250508,"['25년이상', '역세권', '1층', '주차가능']",37.481988,126.949061
2524530089,일반상가,월세,2/5,550,"1억 5,000",160,160,남향,20250508,"['25년이상', '역세권', '중층', '총5층']",37.48046,126.953468
2524537257,일반상가,월세,7/7,250,"3,000",145,108,남향,20250508,"['25년이상', '고층', '주차가능', '남향']",37.48708,126.947505
2524539464,일반상가,월세,2/3,500,"6,000",132,132,북동향,20250508,"['25년이상', '역세권', '중층', '총3층']",37.47736,126.962067
2524518362,일반상가,월세,2/4,200,"3,000",56,56,서향,20250508,"['2년이내', '중층', '관리비20만원이하', '주차가능']",37.47747,126.957527
2524508834,일반상가,월세,1/1,63,500,14,13,서향,20250508,"['25년이상', '1층', '서향']",37.484817,126.946891
2524501778,일반상가,월세,B1/5,180,"3,000",163,163,남동향,20250508,"['25년이상', '역세권', '지하층', '주차가능']",37.477508,126.963092
2524528542,일반상가,월세,2/4,230,"3,000",71,71,서향,20250508,"['2년이내', '중층', '관리비20만원이하', '주차가능']",37.47747,126.957527
2524493507,일반상가,월세,1/3,120,"1,000",33,33,북향,20250508,"['25년이상', '1층', '총3층', '북향']",37.485179,126.956311
2524528008,일반상가,월세,2/4,180,"2,000",53,53,서향,20250508,"['2년이내', '중층', '관리비20만원이하', '총4층']",37.47747,126.957527
2524521983,일반상가,월세,1/4,80,"1,000",38,38,남서향,20250508,"['4년이내', '1층', '관리비20만원이하', '주차가능']",37.483406,126.94781
2524494960,일반상가,월세,1/3,90,"1,000",33,33,남향,20250508,"['25년이상', '융자금없는', '역세권', '1층']",37.481708,126.954759
2524524737,일반상가,월세,2/2,200,"3,000",125,125,동향,20250508,"['25년이상', '역세권', '고층', '관리비10만원이하']",37.483778,126.95383
2524535050,일반상가,월세,B1/6,300,"4,000",97,97,동향,20250508,"['25년이상', '역세권', '지하층', '동향']",37.481768,126.952631
2524534854,일반상가,월세,1/3,120,"3,500",33,33,북향,20250508,"['25년이상', '1층', '총3층', '북향']",37.485888,126.938453
2524534659,일반상가,월세,1/3,70,"1,000",64,30,남서향,20250508,"['25년이상', '역세권', '1층', '총3층']",37.482582,126.939301
2524537702,일반상가,월세,1/3,150,"1,000",30,30,동향,20250508,"['25년이상', '1층', '총3층', '동향']",37.48018,126.945933
2524539742,일반상가,월세,1/3,190,"5,000",70,70,북향,20250508,"['25년이상', '역세권', '1층', '총3층']",37.481855,126.944683
2524530716,일반상가,월세,1/2,130,"3,500",23,23,남동향,20250508,"['25년이상', '역세권', '1층', '관리비10만원이하']",37.483957,126.954217
2524535307,일반상가,월세,1/7,230,"3,000",903,60,남향,20250508,"['25년이내', '1층', '주차가능', '남향']",37.486279,126.941095
2524538040,일반상가,월세,1/6,140,"2,000",33,33,동향,20250508,"['25년이상', '역세권', '1층', '관리비10만원이하']",37.47903,126.957206
2524536599,일반상가,월세,4/8,115,"3,000",132,80,서향,20250508,"['25년이내', '중층', '주차가능', '서향']",37.486168,126.94736
2524534741,일반상가,월세,1/8,132,"4,000",62,62,서향,20250508,"['25년이내', '1층', '주차가능', '서향']",37.485888,126.938453
2524534972,일반상가,월세,1/3,42,"1,000",19,19,북향,20250508,"['25년이상', '1층', '총3층', '북향']",37.48678,126.938684
2524535191,일반상가,월세,1/2,100,"5,000",105,36,북향,20250508,"['25년이상', '1층', '총2층', '북향']",37.486332,126.940569
2524539974,일반상가,월세,2/4,180,"1,500",96,96,남향,20250508,"['25년이상', '역세권', '중층', '주차가능']",37.477667,126.962975
2524539511,일반상가,월세,1/2,120,"1,500",68,33,북동향,20250508,"['25년이상', '역세권', '1층', '총2층']",37.491614,126.927402
2524541165,일반상가,월세,1/7,340,"3,000",120,90,남향,20250508,"['25년이내', '1층', '주차가능', '남향']",37.486445,126.942242
2524542495,일반상가,월세,3/4,500,"6,000",158,158,서향,20250508,"['2년이내', '고층', '주차가능', '총4층']",37.47747,126.957527
2524549561,일반상가,월세,1/4,700,"7,000",165,158,남향,20250508,"['25년이상', '역세권', '1층', '총4층']",37.477932,126.962237
2524540033,일반상가,월세,1/4,150,"2,000",41,41,남향,20250508,"['10년이내', '역세권', '1층', '관리비10만원이하']",37.47661,126.965749
2524549661,단지내상가,월세,1/22,140,"2,000",32,13,북향,20250508,"['25년이상', '역세권', '1층', '관리비10만원이하']",37.492277,126.925559
2524540895,일반상가,월세,2/3,160,"3,500",253,115,동향,20250508,"['25년이상', '융자금없는', '역세권', '중층']",37.490152,126.927354
2524546067,일반상가,월세,1/15,50,"1,000",6,6,북동향,20250508,"['25년이내', '역세권', '1층', '관리비20만원이하']",37.481054,126.952215
2524543401,일반상가,월세,2/4,180,"1,500",99,99,남향,20250508,"['25년이상', '역세권', '중층', '관리비20만원이하']",37.477667,126.962975
2524543779,일반상가,월세,2/3,140,"2,000",49,49,북서향,20250508,"['25년이상', '역세권', '중층', '관리비10만원이하']",37.482976,126.954307
2524545118,일반상가,월세,1/2,350,"3,000",66,66,동향,20250508,"['25년이상', '1층', '총2층', '동향']",37.477994,126.95688
2524543665,일반상가,월세,7/8,"1,100",2억,461,380,남향,20250508,"['10년이내', '역세권', '고층', '주차가능']",37.481859,126.950401
2524540500,일반상가,월세,B1/3,200,"2,000",107,107,남향,20250508,"['25년이상', '역세권', '지하층', '주차가능']",37.480179,126.954228
2524540865,일반상가,월세,2/4,600,"8,000",192,192,서향,20250508,"['2년이내', '중층', '주차가능', '총4층']",37.47747,126.957527
2524540415,일반상가,월세,4/4,400,"4,000",170,170,서향,20250508,"['2년이내', '고층', '주차가능', '총4층']",37.47747,126.957527
2524551417,단지내상가,월세,B1/1,250,"3,000",60,41,북서향,20250508,"['10년이내', '지하층', '관리비20만원이하', '주차가능']",37.477914,126.941862
2524581270,일반상가,월세,1/10,185,"4,000",75,75,남향,20250508,"['25년이내', '융자금없는', '역세권', '1층']",37.476897,126.962673
2524559290,일반상가,월세,1/7,200,"3,000",82,82,동향,20250508,"['25년이상', '역세권', '1층', '동향']",37.493983,126.926866
2524554661,일반상가,월세,1/3,110,"2,000",30,30,남향,20250508,"['25년이상', '역세권', '1층', '총3층']",37.479808,126.942792
2524580258,일반상가,월세,B1/3,70,"1,000",98,98,북향,20250508,"['25년이상', '역세권', '지하층', '총3층']",37.47949,126.94288
2524580786,일반상가,월세,B2/10,"1,300",2억,666,666,북향,20250508,"['25년이상', '융자금없는', '역세권', '지하층']",37.481155,126.951584
2524552125,일반상가,월세,5/15,380,"7,000",305,162,남향,20250508,"['25년이상', '융자금적은', '역세권', '지상층(1층제외)']",37.481088,126.95092
2524568141,일반상가,월세,1/10,600,1억,172,172,북향,20250508,"['25년이내', '역세권', '1층', '관리비10만원이하']",37.480634,126.950999
2524579621,일반상가,월세,2/4,130,"1,000",120,120,남서향,20250508,"['25년이상', '중층', '주차가능', '총4층']",37.48757,126.932904
2524560547,단지내상가,매매,B1/23,,"5,300",19,7,동향,20250508,"['25년이상', '역세권', '지하층', '주차가능']",37.491151,126.925099
2524559062,일반상가,월세,1/4,610,"8,000",115,82,남향,20250508,"['25년이상', '역세권', '1층', '관리비20만원이하']",37.479257,126.953264
2524579146,일반상가,월세,1/2,100,"5,000",46,46,동향,20250508,"['25년이상', '1층', '관리비10만원이하', '총2층']",37.486332,126.940569
2524577875,일반상가,월세,3/6,150,"3,000",60,60,남향,20250508,"['10년이내', '중층', '주차가능', '남향']",37.485664,126.957145
2524551058,일반상가,월세,2/6,310,"3,000",259,259,서향,20250508,"['25년이상', '지상층(1층제외)', '관리비10만원이하', '주차가능']",37.474329,126.952203
2524311019,일반상가,월세,1/5,80,"1,000",68,68,남동향,20250508,"['25년이내', '역세권', '1층', '주차가능']",37.491354,126.929777
2524589530,일반상가,월세,5/9,350,1억,390,214,북동향,20250508,"['25년이상', '역세권', '중층', '주차가능']",37.477086,126.962717
2524592515,일반상가,매매,1/8,,"5억 5,000",85,56,서향,20250508,"['25년이내', '역세권', '1층', '주차가능']",37.490034,126.927109
2524591990,일반상가,월세,1/2,650,1억,168,168,서향,20250508,"['25년이상', '융자금없는', '역세권', '1층']",37.490259,126.927887
2524582852,일반상가,월세,2/7,400,"8,000",183,148,북서향,20250508,"['10년이내', '역세권', '지상층(1층제외)', '주차가능']",37.483742,126.937993
2524589687,일반상가,월세,1/4,80,500,33,33,북향,20250508,"['25년이상', '1층', '관리비10만원이하', '주차가능']",37.479797,126.958335
2524582198,일반상가,월세,2/3,200,"3,000",115,115,남향,20250508,"['25년이상', '역세권', '중층', '총3층']",37.481834,126.942049
2524582420,일반상가,월세,B1/3,110,"1,500",82,82,남향,20250508,"['25년이상', '융자금없는', '역세권', '지하층']",37.49,126.926806
2524592333,일반상가,월세,1/5,200,"3,000",49,49,북향,20250508,"['25년이상', '역세권', '1층', '관리비10만원이하']",37.473857,126.966168
2524551815,일반상가,월세,1/7,230,"3,000",66,59,남향,20250508,"['25년이내', '1층', '주차가능', '남향']",37.486279,126.941095
2524580519,일반상가,월세,1/2,210,"2,000",24,24,북서향,20250508,"['25년이상', '역세권', '1층', '총2층']",37.476751,126.962017
2524566714,일반상가,월세,1/4,500,"5,000",155,150,남동향,20250508,"['25년이상', '융자금적은', '역세권', '1층']",37.477777,126.959114
2524581979,일반상가,월세,1/4,500,"5,000",155,155,동향,20250508,"['25년이상', '융자금없는', '역세권', '1층']",37.477777,126.959114
2524581745,일반상가,월세,1/2,175,"2,000",42,42,북향,20250508,"['25년이상', '1층', '총2층', '북향']",37.486038,126.939574
2524578733,일반상가,월세,B1/3,130,"2,000",242,242,북향,20250508,"['25년이상', '지하층', '주차가능', '총3층']",37.486889,126.936672
2524553507,일반상가,월세,1/6,240,"3,000",85,75,북향,20250508,"['25년이내', '1층', '관리비20만원이하', '북향']",37.47914,126.946072
2524583023,일반상가,월세,3/5,350,"5,000",229,229,북동향,20250508,"['25년이상', '역세권', '중층', '주차가능']",37.483525,126.938317
2524582445,일반상가,월세,1/3,200,"2,000",59,59,북향,20250508,"['25년이상', '역세권', '1층', '급매']",37.47951,126.942556
2524582670,일반상가,월세,1/3,190,"5,000",36,36,남향,20250508,"['25년이상', '역세권', '1층', '총3층']",37.480426,126.951029
2524589409,일반상가,월세,2/3,250,"2,500",95,95,남향,20250508,"['25년이상', '역세권', '중층', '총3층']",37.482347,126.952897
2524588330,일반상가,월세,6/9,200,"3,000",390,99,북동향,20250508,"['25년이상', '역세권', '중층', '주차가능']",37.477086,126.962717
2524553584,일반상가,월세,1/10,250,"5,000",46,46,남서향,20250508,"['2년이내', '융자금없는', '역세권', '1층']",37.48082,126.947478
2524440217,단지내상가,매매,1/5,,"4억 5,000",45,26,북동향,20250508,"['25년이내', '1층', '급매', '주차가능']",37.489026,126.948343
2524553645,일반상가,월세,B1/5,120,"2,000",111,111,북향,20250508,"['25년이상', '지하층', '총5층', '북향']",37.485973,126.95353
2524620870,일반상가,월세,B1/3,185,"1,500",130,130,남향,20250508,"['25년이상', '지하층', '주차가능', '총3층']",37.479306,126.947511
2524571369,일반상가,월세,3/6,230,"3,000",131,131,북향,20250508,"['2년이내', '융자금없는', '중층', '주차가능']",37.486105,126.9379
2524581005,일반상가,월세,1/3,230,"4,000",116,23,남동향,20250508,"['25년이상', '융자금적은', '역세권', '1층']",37.47535,126.965736
2524545411,일반상가,월세,B1/5,240,"3,000",64,64,동향,20250508,"['10년이내', '역세권', '지하층', '관리비20만원이하']",37.47767,126.96382
2524577812,일반상가,월세,B1/5,130,"1,000",81,81,북서향,20250508,"['25년이상', '역세권', '지하층', '관리비10만원이하']",37.478385,126.963021
2524540622,일반상가,월세,1/7,890,1억,158,127,동향,20250508,"['25년이내', '역세권', '1층', '주차가능']",37.47817,126.959408
2524547348,일반상가,월세,1/4,390,"6,000",126,114,남향,20250508,"['25년이상', '역세권', '1층', '주차가능']",37.474264,126.963743
2524572157,일반상가,월세,1/5,160,"2,000",87,87,남향,20250508,"['25년이내', '1층', '주차가능', '총5층']",37.48661,126.956528
2524574093,일반상가,월세,B1/7,160,"2,000",132,115,동향,20250508,"['25년이내', '지하층', '주차가능', '동향']",37.484668,126.946389
2524545168,일반상가,월세,1/4,900,"1억 5,000",215,210,남향,20250508,"['25년이상', '역세권', '1층', '총4층']",37.479467,126.958421
2524546884,일반상가,월세,1/5,480,1억,66,66,남향,20250508,"['25년이상', '역세권', '1층', '관리비20만원이하']",37.477682,126.962826
2524541152,일반상가,월세,1/6,170,"2,000",46,42,동향,20250508,"['25년이상', '1층', '관리비20만원이하', '주차가능']",37.484616,126.946904
2524315636,일반상가,월세,3/3,120,"2,000",58,58,동향,20250508,"['25년이상', '역세권', '고층', '총3층']",37.478868,126.955433
2524525443,일반상가,월세,1/5,180,"3,000",43,36,남향,20250508,"['15년이내', '1층', '주차가능', '총5층']",37.486466,126.936593
2524533579,단지내상가,월세,2/4,160,"3,000",97,97,북향,20250508,"['25년이내', '중층', '주차가능', '총4층']",37.491645,126.948147
2524540346,일반상가,월세,1/2,300,"3,000",71,71,남동향,20250508,"['25년이상', '역세권', '1층', '총2층']",37.47915,126.957278
2524525925,일반상가,월세,2/7,450,1억,278,214,남향,20250508,"['25년이내', '지상층(1층제외)', '주차가능', '남향']",37.486466,126.938273
2524545653,일반상가,월세,B1/7,240,"3,000",84,64,동향,20250508,"['10년이내', '역세권', '지하층', '관리비20만원이하']",37.47767,126.96382
2524535727,일반상가,월세,1/10,250,"5,000",73,73,남향,20250508,"['2년이내', '역세권', '1층', '관리비10만원이하']",37.479712,126.943747
2524536404,일반상가,월세,2/3,180,"3,000",138,122,북향,20250508,"['25년이상', '역세권', '중층', '총3층']",37.486016,126.940818
2524535079,일반상가,월세,7/7,80,"1,000",60,60,서향,20250508,"['25년이상', '역세권', '고층', '주차가능']",37.486012,126.940031
2524506732,단지내상가,매매,B1/1,,"6억 9,000",54,35,북서향,20250508,"['10년이내', '급매', '지하층', '관리비10만원이하']",37.477914,126.941862
2524509024,일반상가,월세,1/3,70,"1,000",39,21,동향,20250508,"['25년이상', '1층', '총3층', '동향']",37.483968,126.946476
2524504627,일반상가,월세,1/5,480,1억,102,66,남향,20250508,"['25년이상', '역세권', '1층', '주차가능']",37.477682,126.962826
2524571971,일반상가,월세,2/5,200,"5,000",94,94,서향,20250508,"['4년이내', '융자금없는', '중층', '주차가능']",37.486227,126.951912
2524508987,일반상가,월세,1/6,350,1억,199,49,서향,20250508,"['25년이상', '1층', '주차가능', '서향']",37.484583,126.947011
2524408119,일반상가,월세,2/3,150,"2,000",88,85,남동향,20250508,"['25년이상', '융자금없는', '역세권', '중층']",37.489945,126.928603
2524407250,일반상가,월세,3/3,200,"3,000",89,89,북향,20250508,"['25년이상', '융자금없는', '역세권', '고층']",37.480043,126.953988
2524322446,일반상가,월세,1/2,175,"2,000",40,40,북향,20250508,"['25년이상', '1층', '총2층', '북향']",37.486038,126.939574
2524540653,일반상가,월세,1/7,160,"3,000",44,44,남향,20250508,"['25년이내', '1층', '주차가능', '남향']",37.486445,126.942242
2524523467,일반상가,월세,1/5,120,"2,000",120,33,남향,20250508,"['10년이내', '1층', '주차가능', '총5층']",37.486504,126.936383
2524538221,일반상가,월세,B1/5,200,"6,000",183,183,북향,20250508,"['25년이상', '역세권', '지하층', '주차가능']",37.48028,126.954548
2524523328,일반상가,월세,B1/4,85,"1,000",107,94,남향,20250508,"['25년이상', '지하층', '총4층', '남향']",37.487511,126.933036
2524535330,일반상가,월세,2/5,80,"1,000",75,36,북향,20250508,"['4년이내', '중층', '주차가능', '총5층']",37.486549,126.941678
2524525623,일반상가,월세,B1/4,90,"2,000",136,132,남향,20250508,"['25년이상', '지하층', '주차가능', '총4층']",37.486788,126.938004
2524523416,일반상가,월세,1/4,110,"2,000",143,33,남향,20250508,"['15년이내', '1층', '주차가능', '총4층']",37.486582,126.936127
2524523387,일반상가,월세,4/6,190,"3,000",172,140,남향,20250508,"['25년이상', '융자금없는', '중층', '주차가능']",37.486858,126.934542
2524535006,일반상가,월세,1/3,75,"1,000",19,19,남향,20250508,"['25년이상', '1층', '총3층', '남향']",37.486893,126.938905
2524589114,단지내상가,월세,2/16,370,"5,000",165,165,북향,20250508,"['25년이상', '역세권', '지상층(1층제외)', '주차가능']",37.476953,126.961249
2524572857,일반상가,월세,2/5,300,"5,000",241,241,남서향,20250508,"['25년이내', '중층', '주차가능', '총5층']",37.472374,126.966838
2524406292,일반상가,월세,전체층/3,100,"1,000",16,16,동향,20250508,"['25년이상', '관리비10만원이하', '총3층', '동향']",37.487575,126.946372
2524509049,일반상가,월세,1/4,85,"1,000",21,18,동향,20250508,"['25년이내', '1층', '주차가능', '총4층']",37.483873,126.946461
2524504668,일반상가,월세,1/7,220,"5,000",67,67,북향,20250508,"['2년이내', '역세권', '1층', '주차가능']",37.477889,126.963323
2524508906,일반상가,월세,4/7,350,"4,000",287,231,동향,20250508,"['25년이내', '중층', '주차가능', '동향']",37.484668,126.946389
2524594400,일반상가,월세,2/3,170,"3,000",138,138,북향,20250508,"['25년이상', '역세권', '중층', '관리비10만원이하']",37.486016,126.940818
2524607405,단지내상가,월세,1/10,110,"2,000",69,30,동향,20250508,"['10년이내', '역세권', '1층', '관리비20만원이하']",37.482425,126.954146
2524584521,일반상가,월세,2/4,270,"3,000",165,148,북향,20250508,"['25년이상', '역세권', '중층', '총4층']",37.479441,126.956763
2524623948,일반상가,월세,1/7,110,"2,000",29,29,북향,20250508,"['10년이내', '역세권', '1층', '관리비20만원이하']",37.479405,126.943524
2524623836,일반상가,월세,1/2,70,"1,000",31,31,북동향,20250508,"['25년이상', '역세권', '1층', '총2층']",37.483694,126.940043
2524607470,일반상가,월세,1/4,90,"1,000",33,26,남향,20250508,"['25년이상', '1층', '주차가능', '총4층']",37.479884,126.958719
2524624618,일반상가,월세,1/4,224,"3,000",60,60,남동향,20250508,"['15년이내', '1층', '주차가능', '총4층']",37.486582,126.936127
2524607034,일반상가,월세,3/14,300,"5,000",99,99,서향,20250508,"['4년이내', '역세권', '지상층(1층제외)', '주차가능']",37.47922,126.951637
2524621043,일반상가,월세,1/5,230,"2,000",49,29,북향,20250508,"['10년이내', '역세권', '1층', '주차가능']",37.479502,126.942315
2524541369,일반상가,월세,4/7,350,"4,000",287,287,동향,20250508,"['25년이내', '중층', '주차가능', '동향']",37.484668,126.946389
2524325965,일반상가,월세,1/6,75,"2,000",26,26,서향,20250507,"['15년이내', '1층', '관리비10만원이하', '주차가능']",37.487451,126.94934
2524015121,일반상가,월세,1/7,75,"2,000",20,20,남향,20250507,"['25년이내', '융자금적은', '역세권', '1층']",37.476997,126.964463
2524012894,일반상가,월세,4/8,130,"2,500",56,56,북향,20250507,"['25년이내', '융자금없는', '역세권', '중층']",37.482182,126.941641
2524015544,일반상가,월세,1/2,150,"3,000",26,26,남향,20250507,"['25년이내', '융자금적은', '1층', '총2층']",37.486154,126.945221
2524015156,일반상가,월세,B1/4,130,"2,000",120,120,남향,20250507,"['25년이상', '융자금적은', '역세권', '지하층']",37.47733,126.963583
2524016736,일반상가,월세,B1/3,70,"1,000",59,33,동향,20250507,"['25년이상', '지하층', '총3층', '동향']",37.488905,126.941696
2524019877,일반상가,월세,1/5,230,"5,000",50,50,북향,20250507,"['25년이내', '역세권', '1층', '총5층']",37.473909,126.965506
2524018377,일반상가,월세,1/1,110,"2,000",33,33,북향,20250507,"['25년이상', '역세권', '1층', '관리비10만원이하']",37.481249,126.94517
2524018756,일반상가,월세,3/6,260,"3,000",149,114,서향,20250507,"['25년이내', '중층', '관리비10만원이하', '주차가능']",37.487316,126.947089
2524316454,일반상가,월세,1/4,280,"5,000",104,104,남향,20250507,"['10년이내', '1층', '주차가능', '총4층']",37.477455,126.956704
2524317665,일반상가,월세,B1/4,180,"3,000",104,104,북서향,20250507,"['10년이내', '지하층', '주차가능', '총4층']",37.477455,126.956704
2524292425,일반상가,월세,2/7,190,"3,000",99,99,남향,20250507,"['25년이상', '역세권', '지상층(1층제외)', '주차가능']",37.481988,126.949061
2524291195,일반상가,월세,B1/4,100,"1,000",66,66,남향,20250507,"['25년이상', '역세권', '지하층', '총4층']",37.482592,126.951117
2524322858,일반상가,월세,1/10,280,"5,000",45,45,남향,20250507,"['10년이내', '역세권', '1층', '주차가능']",37.479663,126.944239
2524322169,일반상가,월세,2/6,200,"3,000",99,99,북향,20250507,"['10년이내', '지상층(1층제외)', '주차가능', '북향']",37.479143,126.946306
2524323636,일반상가,월세,3/7,320,"5,000",239,239,북향,20250507,"['25년이상', '역세권', '중층', '주차가능']",37.479455,126.943014
2524270750,일반상가,월세,1/4,150,"3,000",39,39,북향,20250507,"['25년이상', '역세권', '1층', '관리비10만원이하']",37.477934,126.95411
2524282609,일반상가,월세,2/2,250,"3,000",138,72,동향,20250507,"['25년이상', '고층', '총2층', '동향']",37.477994,126.95688
2524239759,일반상가,월세,1/5,150,"1,500",33,33,북서향,20250507,"['25년이상', '1층', '관리비10만원이하', '주차가능']",37.479186,126.94527
2524230711,일반상가,월세,1/4,100,"2,000",33,33,서향,20250507,"['25년이내', '1층', '주차가능', '총4층']",37.489496,126.946163
2524034403,일반상가,월세,1/3,80,"1,000",19,19,동향,20250507,"['25년이상', '1층', '총3층', '동향']",37.486122,126.957733
2524033279,일반상가,월세,2/3,500,1억,224,224,서향,20250507,"['25년이상', '역세권', '중층', '관리비20만원이하']",37.482833,126.954239
2524034186,일반상가,월세,1/3,90,"1,200",23,23,남향,20250507,"['25년이상', '1층', '관리비10만원이하', '주차가능']",37.479515,126.945759
2524034768,일반상가,매매,1/15,,13억,36,36,북향,20250507,"['25년이내', '역세권', '1층', '주차가능']",37.481913,126.952216
2524034633,일반상가,월세,1/3,135,"3,000",30,30,남향,20250507,"['15년이내', '역세권', '1층', '총3층']",37.490169,126.92834
2524024527,일반상가,월세,1/3,120,"1,000",40,40,북향,20250507,"['25년이상', '1층', '관리비10만원이하', '총3층']",37.479126,126.946472
2524033611,일반상가,월세,1/3,180,"2,500",52,52,북동향,20250507,"['25년이상', '역세권', '1층', '관리비10만원이하']",37.479347,126.957002
2524035559,일반상가,월세,B1/9,500,"4,000",244,183,남향,20250507,"['10년이내', '역세권', '지하층', '주차가능']",37.475595,126.969721
2524034542,일반상가,월세,4/7,170,"5,000",127,127,남향,20250507,"['25년이상', '역세권', '중층', '남향']",37.482147,126.953901
2524034797,일반상가,월세,2/7,400,1억,406,208,남향,20250507,"['25년이내', '지상층(1층제외)', '주차가능', '남향']",37.486279,126.941095
2524033168,일반상가,월세,B1/6,150,"2,000",150,150,동향,20250507,"['25년이상', '역세권', '지하층', '동향']",37.480338,126.950161
2524033432,일반상가,매매,6/8,,"12억 5,000",533,324,서향,20250507,"['25년이내', '고층', '주차가능', '서향']",37.486168,126.94736
2524017275,일반상가,월세,1/6,480,"3,980",67,67,남서향,20250507,"['25년이상', '1층', '남서향', '관리비50만원이하']",37.487156,126.947158
2524036038,일반상가,월세,2/2,200,"3,000",115,115,동향,20250507,"['25년이상', '역세권', '고층', '관리비10만원이하']",37.483778,126.95383
2524000709,일반상가,월세,2/5,90,"2,000",58,58,동향,20250507,"['25년이상', '융자금없는', '역세권', '중층']",37.479228,126.95585
2524037039,일반상가,월세,3/4,100,"2,500",75,75,남향,20250507,"['25년이상', '역세권', '고층', '총4층']",37.490165,126.925977
2524037597,일반상가,월세,1/3,130,"2,000",55,55,동향,20250507,"['25년이상', '역세권', '1층', '총3층']",37.489894,126.928788
2524038247,일반상가,월세,2/9,350,1억,93,93,서향,20250507,"['10년이내', '역세권', '지상층(1층제외)', '주차가능']",37.479632,126.944617
2524039239,복합상가,월세,4/20,680,"8,000",528,231,동향,20250507,"['25년이내', '역세권', '지상층(1층제외)', '주차가능']",37.482736,126.953239
2524035930,일반상가,월세,1/3,220,"2,000",41,41,동향,20250507,"['25년이상', '역세권', '1층', '총3층']",37.47869,126.956978
2524035435,일반상가,월세,1/4,290,"2,500",40,40,남서향,20250507,"['25년이상', '역세권', '1층', '관리비20만원이하']",37.477667,126.962975
2524035060,일반상가,월세,1/4,110,"2,000",33,33,서향,20250507,"['25년이상', '1층', '주차가능', '총4층']",37.485777,126.947097
2524035157,일반상가,월세,1/4,200,"4,000",107,69,북동향,20250507,"['25년이내', '역세권', '1층', '관리비10만원이하']",37.484201,126.939111
2524030309,일반상가,월세,2/3,320,"2,000",137,137,남향,20250507,"['25년이상', '역세권', '중층', '관리비10만원이하']",37.480426,126.951029
2524033733,일반상가,월세,13/14,450,"7,000",292,190,북향,20250507,"['15년이내', '역세권', '고층', '관리비10만원이하']",37.480738,126.953508
2524041010,일반상가,월세,B1/3,400,"5,000",234,234,남향,20250507,"['25년이상', '융자금적은', '역세권', '지하층']",37.482592,126.943674
2524040868,일반상가,월세,1/3,200,"2,000",32,32,북동향,20250507,"['25년이상', '역세권', '1층', '관리비10만원이하']",37.479257,126.957268
2524038642,일반상가,월세,3/4,350,"6,000",135,135,남향,20250507,"['25년이상', '역세권', '고층', '관리비20만원이하']",37.480231,126.9541
2524037268,일반상가,월세,B2/36,210,"1,000",39,39,남향,20250507,"['25년이상', '역세권', '지하층', '주차가능']",37.490533,126.925052
2524038893,일반상가,월세,1/1,120,"1,000",48,48,서향,20250507,"['25년이상', '역세권', '1층', '서향']",37.473208,126.966345
2524036797,일반상가,월세,1/2,160,"1,500",35,35,북향,20250507,"['25년이상', '1층', '총2층', '북향']",37.47921,126.945568
2524038727,일반상가,월세,1/10,275,"5,000",138,99,북향,20250507,"['25년이상', '역세권', '1층', '주차가능']",37.479297,126.950859
2524038199,일반상가,월세,1/6,170,"2,000",65,65,서향,20250507,"['25년이내', '융자금없는', '1층', '주차가능']",37.474639,126.960187
2524036245,일반상가,월세,2/7,400,"4,000",132,116,동향,20250507,"['25년이상', '역세권', '지상층(1층제외)', '주차가능']",37.483075,126.953597
2524036577,일반상가,월세,1/2,90,"2,000",48,48,서향,20250507,"['25년이상', '역세권', '1층', '총2층']",37.47854,126.957173
2524039562,일반상가,월세,1/2,90,"2,500",23,23,남서향,20250507,"['25년이상', '테라스', '역세권', '1층']",37.475732,126.963019
2524038141,일반상가,월세,B1/3,90,"1,000",115,115,남향,20250507,"['25년이상', '융자금없는', '역세권', '지하층']",37.489821,126.928527
2524040992,일반상가,월세,1/3,60,"1,000",26,26,남향,20250507,"['25년이상', '융자금적은', '역세권', '1층']",37.479263,126.963254
2524040468,일반상가,월세,2/3,189,"2,000",59,59,북향,20250507,"['25년이상', '중층', '총3층', '북향']",37.478133,126.957007
2524040891,일반상가,월세,1/19,300,"5,000",46,46,서향,20250507,"['25년이내', '역세권', '1층', '주차가능']",37.479666,126.952859
2524042764,일반상가,월세,3/3,80,"1,500",59,59,남향,20250507,"['25년이상', '융자금적은', '역세권', '고층']",37.485028,126.956038
2524042469,일반상가,월세,1/3,65,"1,500",44,44,남향,20250507,"['25년이상', '융자금적은', '역세권', '1층']",37.48414,126.952804
2524042577,일반상가,월세,2/7,400,1억,208,208,남향,20250507,"['25년이내', '융자금적은', '지상층(1층제외)', '주차가능']",37.486279,126.941095
2524045678,일반상가,월세,4/6,500,"7,000",180,132,북향,20250507,"['4년이내', '역세권', '중층', '주차가능']",37.479102,126.957558
2524046836,일반상가,월세,B1/4,255,"5,000",228,228,남향,20250507,"['25년이상', '역세권', '지하층', '관리비20만원이하']",37.478893,126.952016
2524043132,일반상가,월세,2/2,300,"5,000",61,61,동향,20250507,"['25년이상', '역세권', '고층', '총2층']",37.479101,126.955361
2524039977,일반상가,월세,2/2,100,"2,000",99,99,남향,20250507,"['25년이상', '고층', '총2층', '남향']",37.483371,126.948414
2524040388,일반상가,매매,4/20,,13억,176,77,동향,20250507,"['25년이내', '역세권', '지상층(1층제외)', '주차가능']",37.482736,126.953239
2524042950,일반상가,월세,1/2,100,"2,000",30,30,남향,20250507,"['25년이상', '융자금적은', '역세권', '1층']",37.475327,126.965852
2524047486,일반상가,월세,2/4,280,"5,000",154,132,서향,20250507,"['10년이내', '역세권', '중층', '주차가능']",37.47473,126.967063
2524066633,일반상가,월세,1/7,620,"1억 2,000",149,123,북향,20250507,"['10년이내', '역세권', '1층', '주차가능']",37.483742,126.937993
2524047988,일반상가,월세,1/4,300,"2,000",78,78,남향,20250507,"['25년이상', '역세권', '1층', '총4층']",37.478978,126.954613
2524076485,일반상가,월세,1/3,310,"6,000",85,85,남향,20250507,"['25년이상', '융자금적은', '역세권', '1층']",37.475503,126.965304
2524047071,일반상가,월세,3/14,300,"5,000",140,99,북향,20250507,"['4년이내', '역세권', '지상층(1층제외)', '주차가능']",37.47922,126.951637
2524047777,일반상가,월세,3/6,290,"5,000",310,237,남서향,20250507,"['25년이상', '역세권', '중층', '주차가능']",37.484425,126.937891
2524075557,일반상가,월세,2/5,100,"1,500",80,80,남서향,20250507,"['25년이상', '융자금적은', '역세권', '중층']",37.484643,126.939473
2524047683,일반상가,월세,2/4,150,"2,000",99,99,동향,20250507,"['25년이상', '역세권', '중층', '관리비10만원이하']",37.481281,126.947457
2524074087,일반상가,월세,1/3,130,"2,000",38,38,북향,20250507,"['25년이상', '융자금없는', '1층', '총3층']",37.488077,126.95981
2524074263,복합상가,월세,1/20,660,"7,000",60,50,북서향,20250507,"['15년이내', '융자금적은', '역세권', '1층']",37.481114,126.950665
2524048063,일반상가,월세,1/4,130,"2,000",39,39,북향,20250507,"['25년이상', '역세권', '1층', '관리비10만원이하']",37.483516,126.944996
2524072833,일반상가,월세,1/5,190,"3,500",56,56,북향,20250507,"['25년이상', '융자금적은', '역세권', '1층']",37.475959,126.964097
2524047333,일반상가,월세,3/3,60,"1,000",52,52,북향,20250507,"['25년이상', '고층', '총3층', '북향']",37.479038,126.947071
2524043545,일반상가,월세,1/2,130,"2,000",50,50,남서향,20250507,"['25년이상', '역세권', '1층', '총2층']",37.483925,126.956239
2524144757,일반상가,월세,1/3,400,"8,000",66,66,북향,20250507,"['25년이상', '역세권', '1층', '관리비10만원이하']",37.481428,126.948356
2524100662,일반상가,월세,2/4,213,"1,000",59,59,북향,20250507,"['25년이상', '역세권', '중층', '관리비10만원이하']",37.47902,126.953776
2524125216,단지내상가,월세,1/22,70,500,54,23,북향,20250507,"['25년이상', '역세권', '1층', '주차가능']",37.492277,126.925559
2524139282,일반상가,월세,1/5,300,"5,000",65,65,동향,20250507,"['25년이상', '융자금적은', '1층', '총5층']",37.485895,126.946745
2524083984,일반상가,월세,B1/4,100,"2,000",114,114,남서향,20250507,"['25년이상', '역세권', '지하층', '관리비10만원이하']",37.491245,126.928392
2524104986,일반상가,월세,1/7,220,"3,000",80,66,북향,20250507,"['25년이상', '역세권', '1층', '주차가능']",37.483158,126.939152
2524101695,일반상가,월세,1/2,220,"5,000",74,38,서향,20250507,"['25년이상', '역세권', '1층', '총2층']",37.475623,126.965809
2524111285,일반상가,월세,1/10,475,"6,500",199,46,동향,20250507,"['25년이내', '융자금적은', '역세권', '1층']",37.481309,126.94961
2524134617,일반상가,월세,1/3,200,"2,000",33,33,동향,20250507,"['25년이상', '융자금적은', '역세권', '1층']",37.479257,126.957268
2524104536,일반상가,월세,1/4,179,"4,000",59,48,동향,20250507,"['25년이상', '1층', '주차가능', '총4층']",37.484256,126.946501
2524073613,복합상가,월세,1/15,380,"8,000",45,45,남향,20250507,"['25년이내', '융자금적은', '역세권', '1층']",37.481761,126.951452
2524075303,단지내상가,월세,2/5,100,"2,000",32,32,북향,20250507,"['25년이내', '융자금없는', '중층', '관리비20만원이하']",37.487592,126.959907
2524048779,일반상가,월세,1/4,320,"3,000",58,58,북동향,20250507,"['25년이상', '역세권', '1층', '관리비20만원이하']",37.478906,126.954183
2524071550,일반상가,월세,1/3,220,"3,000",89,89,동향,20250507,"['25년이상', '융자금없는', '마당', '역세권']",37.482907,126.942062
2524076250,일반상가,월세,1/2,85,"1,000",26,26,남향,20250507,"['25년이상', '역세권', '1층', '총2층']",37.481852,126.941715
2524246987,일반상가,월세,1/5,120,"3,000",56,33,남동향,20250507,"['25년이내', '1층', '관리비20만원이하', '주차가능']",37.489026,126.948343
2524182303,일반상가,매매,5/15,,"9억 9,000",162,162,북향,20250507,"['25년이상', '역세권', '지상층(1층제외)', '주차가능']",37.481088,126.95092
2524181443,단지내상가,월세,1/5,150,"2,200",45,45,동향,20250507,"['25년이내', '1층', '주차가능', '총5층']",37.484977,126.959538
2524186553,일반상가,월세,2/17,300,"5,000",120,120,서향,20250507,"['2년이내', '역세권', '지상층(1층제외)', '주차가능']",37.480596,126.953487
2524152647,일반상가,월세,1/20,600,1억,63,36,동향,20250507,"['25년이내', '역세권', '1층', '동향']",37.482736,126.953239
2524103751,일반상가,월세,1/4,168,"1,500",154,49,동향,20250507,"['25년이상', '융자금없는', '역세권', '1층']",37.477667,126.962975
2524128506,일반상가,월세,B1/4,214,"2,500",187,187,동향,20250507,"['25년이상', '역세권', '지하층', '총4층']",37.477667,126.962975
2524112752,일반상가,월세,1/5,170,"3,000",86,86,북향,20250507,"['25년이상', '역세권', '1층', '관리비10만원이하']",37.485318,126.936689
2524108623,일반상가,월세,1/2,175,"2,000",79,39,북향,20250507,"['25년이상', '융자금적은', '1층', '총2층']",37.486038,126.939574
2524102003,일반상가,월세,1/6,280,"7,000",119,42,동향,20250507,"['25년이상', '역세권', '1층', '주차가능']",37.475442,126.965458
2524105719,일반상가,월세,2/6,400,"5,000",201,201,북향,20250507,"['25년이내', '역세권', '지상층(1층제외)', '주차가능']",37.483601,126.938151
2524120707,일반상가,월세,1/3,120,"1,000",29,29,북향,20250507,"['25년이상', '융자금적은', '1층', '관리비10만원이하']",37.479126,126.946472
2524005265,일반상가,월세,1/3,100,"1,200",16,16,동향,20250507,"['25년이상', '역세권', '1층', '총3층']",37.482811,126.943502
2524015467,일반상가,월세,1/4,180,"3,000",33,33,남향,20250507,"['25년이상', '융자금적은', '역세권', '1층']",37.480476,126.955521
2524004903,일반상가,월세,1/2,100,"1,000",33,30,서향,20250507,"['25년이상', '역세권', '1층', '총2층']",37.47526,126.966483
2524006211,일반상가,월세,1/6,"2,000",5억,500,350,남향,20250507,"['25년이상', '역세권', '1층', '주차가능']",37.482292,126.946109
2524016087,일반상가,월세,1/2,250,"2,500",54,35,남향,20250507,"['25년이상', '역세권', '1층', '총2층']",37.479084,126.956984
2524004757,일반상가,월세,1/5,100,"2,000",49,49,서향,20250507,"['25년이상', '1층', '주차가능', '총5층']",37.485721,126.938832
2524015561,일반상가,월세,1/2,160,"3,000",23,23,남향,20250507,"['25년이내', '융자금적은', '1층', '주차가능']",37.486154,126.945221
2524005613,일반상가,월세,2/6,500,"5,000",404,396,동향,20250507,"['10년이내', '지상층(1층제외)', '동향']",37.488656,126.958871
2524012848,일반상가,월세,2/5,250,"5,000",94,90,남서향,20250507,"['4년이내', '융자금없는', '중층', '총5층']",37.486227,126.951912
2523998631,일반상가,월세,1/3,137,"3,500",24,24,북향,20250507,"['25년이상', '1층', '관리비10만원이하', '총3층']",37.485888,126.938453
2523991368,일반상가,월세,1/3,85,"2,000",33,28,남향,20250507,"['25년이상', '1층', '총3층', '남향']",37.486547,126.9584
2524245709,일반상가,월세,1/4,100,"1,000",46,46,북향,20250507,"['25년이내', '1층', '관리비10만원이하', '총4층']",37.476833,126.954761
2523998117,일반상가,월세,3/9,240,"3,000",157,115,남향,20250507,"['25년이내', '역세권', '지상층(1층제외)', '주차가능']",37.481886,126.950133
2523996684,일반상가,월세,3/3,300,"3,000",278,272,북향,20250507,"['25년이상', '고층', '관리비20만원이하', '주차가능']",37.486232,126.957439
2523990021,일반상가,월세,B1/5,85,"2,000",45,45,북향,20250507,"['25년이상', '역세권', '지하층', '주차가능']",37.483496,126.937958
2524223233,복합상가,월세,1/15,400,"7,000",79,42,남향,20250507,"['25년이내', '역세권', '1층', '주차가능']",37.481761,126.951452
2524184291,일반상가,월세,1/2,100,"1,000",33,33,서향,20250507,"['25년이상', '1층', '관리비10만원이하', '총2층']",37.47713,126.958398
2524190801,일반상가,월세,3/3,110,"1,000",104,89,동향,20250507,"['25년이상', '고층', '총3층', '동향']",37.476371,126.958792
2524221868,단지내상가,월세,1/20,600,1억,36,36,동향,20250507,"['25년이내', '역세권', '1층', '주차가능']",37.482736,126.953239
2524207765,일반상가,월세,1/5,150,"2,500",69,60,남향,20250507,"['25년이내', '1층', '주차가능', '총5층']",37.486561,126.95865
2524223942,일반상가,월세,2/3,300,"5,000",252,252,남향,20250507,"['25년이상', '역세권', '중층', '총3층']",37.479816,126.942277
2524226144,일반상가,월세,B1/5,130,"3,000",95,95,남동향,20250507,"['25년이상', '역세권', '지하층', '관리비10만원이하']",37.476555,126.962616
2524219702,일반상가,월세,2/2,140,"2,000",66,66,북향,20250507,"['25년이상', '고층', '관리비10만원이하', '총2층']",37.481062,126.947065
2524185293,일반상가,월세,1/2,90,"1,000",23,23,남향,20250507,"['25년이상', '역세권', '1층', '관리비10만원이하']",37.47526,126.966483
2524209750,일반상가,월세,3/4,100,"2,500",75,66,남향,20250507,"['25년이상', '역세권', '고층', '주차가능']",37.490165,126.925977
2524228610,일반상가,월세,1/15,700,2억,74,74,서향,20250507,"['15년이내', '융자금적은', '1층', '주차가능']",37.486721,126.947488
2524007336,일반상가,월세,3/5,100,"1,000",41,41,북향,20250507,"['25년이내', '역세권', '중층', '관리비20만원이하']",37.482472,126.940821
2524016180,복합상가,월세,B1/19,210,"2,500",142,77,서향,20250507,"['25년이내', '역세권', '지하층', '주차가능']",37.479666,126.952859
2524268734,일반상가,월세,1/9,200,"2,000",71,49,남서향,20250507,"['25년이내', '역세권', '1층', '남서향']",37.477788,126.960419
2524269384,일반상가,월세,1/4,150,"3,000",54,39,남서향,20250507,"['25년이상', '역세권', '1층', '관리비10만원이하']",37.475082,126.962828
2524001401,일반상가,월세,1/8,154,"4,000",66,66,서향,20250507,"['25년이내', '1층', '관리비20만원이하', '주차가능']",37.485888,126.938453
2523999720,일반상가,월세,1/4,130,"2,000",33,33,서향,20250507,"['10년이내', '1층', '관리비10만원이하', '주차가능']",37.478668,126.947374
2523993792,일반상가,월세,B1/3,65,"1,000",76,76,남향,20250507,"['25년이상', '융자금없는', '역세권', '지하층']",37.483671,126.94502
2523990133,일반상가,월세,1/4,160,"3,000",50,50,서향,20250507,"['25년이상', '융자금없는', '역세권', '1층']",37.483243,126.946688
2523999219,일반상가,월세,1/4,350,"3,000",58,58,북향,20250507,"['25년이상', '1층', '급매', '관리비10만원이하']",37.477893,126.95759
2523988528,일반상가,월세,2/3,300,"5,000",114,114,서향,20250507,"['25년이상', '융자금없는', '역세권', '중층']",37.482379,126.953813
2524001217,일반상가,월세,1/5,250,"1,800",49,49,북향,20250507,"['25년이상', '역세권', '1층', '관리비10만원이하']",37.476212,126.963454
2523996201,일반상가,월세,4/5,210,"3,000",99,99,북향,20250507,"['25년이상', '역세권', '고층', '관리비20만원이하']",37.479341,126.944169
2523995565,일반상가,월세,1/4,230,"3,000",80,72,동향,20250507,"['25년이상', '1층', '주차가능', '총4층']",37.483722,126.946389
2524270665,일반상가,월세,2/7,400,"5,000",218,165,남향,20250507,"['25년이상', '역세권', '지상층(1층제외)', '주차가능']",37.483075,126.953597
2524267450,일반상가,월세,1/10,90,"2,000",69,16,서향,20250507,"['10년이내', '역세권', '1층', '관리비10만원이하']",37.482425,126.954146
2524270144,일반상가,월세,1/3,130,"2,000",101,29,북향,20250507,"['25년이상', '1층', '총3층', '북향']",37.479038,126.947071
2524268332,일반상가,월세,1/4,900,"1억 5,000",110,99,서향,20250507,"['25년이상', '역세권', '1층', '관리비20만원이하']",37.480231,126.9541
2524269229,일반상가,월세,1/3,270,"3,500",56,56,남서향,20250507,"['25년이상', '1층', '총3층', '남서향']",37.478195,126.957429
2524269022,일반상가,월세,2/2,150,"2,000",49,49,남서향,20250507,"['25년이상', '고층', '총2층', '남서향']",37.477875,126.958106
2524268866,일반상가,월세,1/2,75,"1,000",25,19,동향,20250507,"['25년이상', '역세권', '1층', '총2층']",37.483946,126.953492
2524267941,일반상가,월세,1/18,140,"2,000",86,28,북향,20250507,"['25년이상', '역세권', '1층', '관리비20만원이하']",37.4813,126.950337
2524268608,일반상가,월세,1/3,400,"8,000",85,66,북향,20250507,"['25년이상', '역세권', '1층', '총3층']",37.481428,126.948356
2524270012,일반상가,월세,2/3,65,"1,000",41,39,북동향,20250507,"['25년이상', '중층', '총3층', '북동향']",37.485937,126.953886
2524268227,일반상가,월세,B1/4,180,"2,000",61,61,남서향,20250507,"['4년이내', '역세권', '지하층', '관리비10만원이하']",37.478452,126.955307
2524248582,일반상가,월세,1/4,300,"3,000",99,99,동향,20250507,"['4년이내', '1층', '관리비20만원이하', '주차가능']",37.476602,126.958313
2524268660,일반상가,월세,2/3,180,"3,000",56,45,남향,20250507,"['25년이상', '역세권', '중층', '관리비20만원이하']",37.481363,126.955232
2523991311,일반상가,월세,1/2,400,"7,500",165,165,북서향,20250507,"['25년이상', '역세권', '1층', '총2층']",37.477227,126.959519
2523928208,일반상가,월세,1/3,70,"1,000",33,33,서향,20250507,"['25년이상', '1층', '총3층', '서향']",37.486992,126.949124
2523924477,일반상가,월세,1/2,150,"2,000",28,28,서향,20250507,"['25년이상', '역세권', '1층', '총2층']",37.482424,126.954333
2523925238,일반상가,월세,1/2,80,"1,000",36,30,남서향,20250507,"['25년이상', '역세권', '1층', '총2층']",37.483752,126.956285
2523970619,단지내상가,매매,1/14,,3억,29,20,남동향,20250507,"['10년이내', '역세권', '1층', '관리비10만원이하']",37.483997,126.95597
2523987655,일반상가,월세,3/3,190,"2,000",80,80,서향,20250507,"['25년이상', '역세권', '고층', '총3층']",37.482286,126.953756
2523919757,일반상가,월세,1/10,210,"3,000",39,39,서향,20250507,"['10년이내', '1층', '관리비20만원이하', '주차가능']",37.480471,126.947664
2523987757,일반상가,월세,3/3,170,"4,000",127,100,북서향,20250507,"['25년이상', '역세권', '고층', '총3층']",37.482379,126.953813
2523982149,일반상가,월세,1/5,130,"2,000",23,21,서향,20250507,"['25년이상', '역세권', '1층', '관리비10만원이하']",37.483496,126.937958
2523969923,일반상가,월세,1/10,185,"4,000",113,75,남서향,20250507,"['25년이내', '융자금적은', '역세권', '1층']",37.476897,126.962673
2523969540,일반상가,월세,1/3,300,"4,500",66,66,남향,20250507,"['25년이상', '융자금없는', '역세권', '1층']",37.478803,126.959867
2523944644,단지내상가,월세,5/6,100,"2,000",33,33,남동향,20250507,"['25년이내', '고층', '관리비20만원이하', '주차가능']",37.489763,126.950616
2523980580,일반상가,월세,B1/5,85,"2,000",56,45,북향,20250507,"['25년이상', '역세권', '지하층', '관리비10만원이하']",37.483496,126.937958
2524269959,일반상가,월세,1/4,75,"1,500",64,26,동향,20250507,"['25년이상', '역세권', '1층', '관리비10만원이하']",37.483516,126.944996
2523907522,일반상가,월세,1/4,190,"4,000",58,58,남서향,20250507,"['25년이상', '역세권', '1층', '총4층']",37.479228,126.95585
2523906405,일반상가,월세,1/15,350,"5,000",61,34,남향,20250507,"['25년이내', '역세권', '1층', '주차가능']",37.480289,126.95315
2524271127,일반상가,월세,1/2,100,"1,000",27,23,동향,20250507,"['25년이상', '1층', '관리비10만원이하', '총2층']",37.47713,126.958398
2524271979,일반상가,월세,1/20,365,"6,000",118,66,북서향,20250507,"['15년이내', '역세권', '1층', '주차가능']",37.481114,126.950665
2524271341,일반상가,월세,2/3,140,"2,000",164,49,북서향,20250507,"['25년이상', '역세권', '중층', '관리비20만원이하']",37.482976,126.954307
2524285697,일반상가,월세,1/3,70,"1,000",23,23,북서향,20250507,"['25년이상', '역세권', '1층', '관리비10만원이하']",37.484869,126.937446
2524274137,일반상가,월세,1/3,95,"1,000",26,26,서향,20250507,"['25년이상', '융자금적은', '역세권', '1층']",37.474302,126.966972
2524286536,일반상가,월세,3/3,110,"1,000",89,89,동향,20250507,"['25년이상', '고층', '총3층', '동향']",37.476371,126.958792
2524273893,일반상가,월세,1/6,100,"1,000",40,40,남향,20250507,"['25년이내', '융자금적은', '역세권', '1층']",37.474821,126.966225
2524273087,일반상가,월세,1/4,150,"1,800",50,50,남향,20250507,"['25년이상', '융자금적은', '역세권', '1층']",37.476734,126.965145
2524271617,일반상가,월세,1/5,180,"2,000",58,23,북동향,20250507,"['25년이상', '역세권', '1층', '관리비20만원이하']",37.480227,126.954681
2524271414,일반상가,월세,B1/3,100,"1,000",87,87,남향,20250507,"['25년이상', '지하층', '관리비10만원이하', '총3층']",37.477027,126.958632
2523893878,일반상가,월세,1/5,180,"2,000",33,33,서향,20250507,"['10년이내', '융자금없는', '1층', '주차가능']",37.473505,126.966885
2523887734,일반상가,월세,1/4,160,"2,000",40,40,남동향,20250507,"['25년이상', '융자금없는', '역세권', '1층']",37.476212,126.961355
2523986865,일반상가,월세,1/3,110,"1,000",19,16,남동향,20250507,"['25년이상', '역세권', '1층', '총3층']",37.479774,126.957526
2523924835,일반상가,월세,1/4,162,"3,000",29,29,남서향,20250507,"['25년이상', '역세권', '1층', '관리비10만원이하']",37.484351,126.956329
2523988223,일반상가,월세,1/2,100,"1,000",33,33,동향,20250507,"['25년이상', '융자금없는', '1층', '총2층']",37.478775,126.94718
2523957047,일반상가,월세,1/7,189,"3,000",123,123,서향,20250507,"['25년이상', '1층', '주차가능', '서향']",37.476271,126.952907
2523976054,일반상가,월세,3/5,220,"3,000",111,111,북향,20250507,"['25년이상', '역세권', '중층', '관리비10만원이하']",37.476635,126.963979
2523949359,일반상가,월세,3/5,100,"2,000",52,52,동향,20250507,"['25년이상', '역세권', '중층', '관리비10만원이하']",37.479388,126.955744
2523919496,일반상가,월세,1/1,63,500,26,13,서향,20250507,"['25년이상', '융자금적은', '1층', '관리비10만원이하']",37.484817,126.946891
2523916142,일반상가,월세,3/5,220,"3,000",128,122,북동향,20250507,"['25년이상', '역세권', '중층', '관리비10만원이하']",37.478061,126.952908
2523906920,일반상가,월세,1/4,295,"3,000",90,90,동향,20250507,"['10년이내', '1층', '주차가능', '총4층']",37.476666,126.958552
2523908052,일반상가,월세,1/9,400,"7,000",81,53,동향,20250507,"['25년이내', '역세권', '1층', '주차가능']",37.477972,126.952571
2523888913,일반상가,월세,1/7,650,2억,221,221,남향,20250507,"['25년이상', '역세권', '1층', '주차가능']",37.481988,126.949061
2523825890,일반상가,월세,2/2,50,500,127,19,남향,20250507,"['25년이상', '고층', '총2층', '베란다']",37.486332,126.940569
2523869407,일반상가,월세,1/1,200,"6,000",42,36,동향,20250507,"['25년이상', '융자금적은', '1층', '관리비10만원이하']",37.486645,126.946588
2523908257,일반상가,월세,2/3,300,"4,000",168,168,서향,20250507,"['25년이상', '중층', '총3층', '서향']",37.475455,126.958806
2523919342,일반상가,월세,1/5,110,"2,000",43,43,남향,20250507,"['10년이내', '융자금적은', '1층', '관리비10만원이하']",37.487104,126.936505
2523919514,일반상가,월세,1/4,150,"3,000",46,46,북향,20250507,"['25년이상', '융자금적은', '1층', '주차가능']",37.477224,126.958579
2523906735,일반상가,월세,1/5,200,"3,000",42,33,남동향,20250507,"['15년이내', '역세권', '1층', '관리비20만원이하']",37.478266,126.955996
2523906471,일반상가,월세,1/2,200,"9,000",57,57,동향,20250507,"['25년이상', '역세권', '1층', '관리비10만원이하']",37.478853,126.952855
2523907960,일반상가,월세,1/5,410,"4,000",130,130,남향,20250507,"['25년이상', '역세권', '1층', '총5층']",37.47729,126.958755
2523906991,일반상가,월세,1/4,280,"4,000",67,57,동향,20250507,"['10년이내', '1층', '관리비10만원이하', '총4층']",37.477964,126.956526
2523907229,일반상가,월세,B1/4,100,"1,000",69,66,서향,20250507,"['25년이상', '역세권', '지하층', '관리비10만원이하']",37.479302,126.955331
2523907155,일반상가,월세,3/3,315,"4,000",126,126,남향,20250507,"['25년이상', '역세권', '고층', '관리비10만원이하']",37.480103,126.953768
2523906061,일반상가,월세,B1/5,80,"1,000",118,99,남동향,20250507,"['25년이상', '역세권', '지하층', '주차가능']",37.473827,126.965131
2523888555,일반상가,월세,1/3,360,"4,000",30,30,서향,20250507,"['25년이상', '역세권', '1층', '총3층']",37.483369,126.954741
2523820903,일반상가,월세,1/3,170,"3,500",33,33,동향,20250507,"['25년이상', '융자금적은', '역세권', '1층']",37.490152,126.927354
2523855745,일반상가,월세,B1/4,200,"5,000",98,95,동향,20250507,"['4년이내', '융자금적은', '역세권', '지하층']",37.479149,126.954347
2523888448,일반상가,월세,B1/5,90,"1,500",112,100,북향,20250507,"['25년이상', '역세권', '지하층', '주차가능']",37.483905,126.939746
2523903110,일반상가,월세,2/4,170,"2,000",91,91,남향,20250507,"['25년이상', '역세권', '중층', '관리비20만원이하']",37.482529,126.951648
2523900354,일반상가,월세,2/3,90,"1,000",50,50,남향,20250507,"['25년이상', '역세권', '중층', '총3층']",37.482386,126.944654
2523879398,일반상가,월세,1/6,220,"3,000",233,70,북향,20250507,"['25년이상', '역세권', '1층', '주차가능']",37.483158,126.939152
2523887572,일반상가,월세,1/11,90,"1,000",33,33,남서향,20250507,"['25년이내', '1층', '주차가능', '남서향']",37.478928,126.947728
2523880633,일반상가,월세,2/4,120,"2,000",112,100,동향,20250507,"['25년이상', '역세권', '중층', '총4층']",37.477135,126.966838
2523888390,일반상가,월세,2/7,150,"3,000",79,79,,20250507,"['10년이내', '지상층(1층제외)', '관리비20만원이하', '주차가능']",37.479233,126.94457
2523889128,일반상가,월세,1/4,100,"2,000",33,33,남향,20250507,"['25년이상', '1층', '관리비10만원이하', '총4층']",37.479501,126.946027
2523805068,일반상가,월세,1/4,120,"2,000",37,37,서향,20250507,"['25년이상', '역세권', '1층', '주차가능']",37.491345,126.927348
2523806757,일반상가,월세,4/5,110,"2,000",126,66,남향,20250507,"['25년이상', '역세권', '고층', '관리비10만원이하']",37.483942,126.938898
2523806439,일반상가,월세,2/5,230,"3,000",126,89,남향,20250507,"['25년이상', '역세권', '중층', '관리비20만원이하']",37.483942,126.938898
2523837224,일반상가,월세,1/2,100,"1,000",28,28,동향,20250507,"['25년이상', '역세권', '1층', '총2층']",37.473727,126.966577
2523865579,일반상가,월세,1/2,400,"4,000",75,72,동향,20250507,"['25년이상', '융자금적은', '역세권', '1층']",37.478428,126.955409
2523822541,일반상가,월세,4/4,170,"2,000",136,136,남향,20250507,"['25년이상', '역세권', '고층', '주차가능']",37.480003,126.956932
2523872992,일반상가,월세,2/3,120,"2,000",92,92,남향,20250507,"['25년이상', '역세권', '중층', '주차가능']",37.483607,126.953457
2523822025,일반상가,월세,1/3,70,"1,000",30,30,북향,20250507,"['25년이상', '융자금없는', '역세권', '1층']",37.482582,126.939301
2523822482,일반상가,월세,1/2,55,"1,000",23,23,동향,20250507,"['25년이상', '역세권', '1층', '총2층']",37.483418,126.950768
2523844116,일반상가,매매,1/5,,"4억 5,000",26,26,북동향,20250507,"['25년이내', '1층', '급매', '관리비20만원이하']",37.489026,126.948343
2523872387,일반상가,월세,1/3,200,"3,000",162,81,서향,20250507,"['25년이상', '융자금적은', '역세권', '1층']",37.493983,126.926866
2523825652,일반상가,월세,1/4,80,"2,000",43,42,북동향,20250507,"['10년이내', '1층', '관리비10만원이하', '총4층']",37.484299,126.949012
2523870067,일반상가,월세,3/3,420,"3,000",136,136,남향,20250507,"['25년이상', '융자금적은', '역세권', '고층']",37.480179,126.954228
2523826021,일반상가,월세,1/2,130,"1,500",33,33,서향,20250507,"['25년이상', '1층', '총2층', '서향']",37.473287,126.966877
2523805223,일반상가,월세,4/7,"1,000","1억 5,000",369,369,남향,20250507,"['25년이상', '역세권', '중층', '주차가능']",37.482046,126.948646
2523913106,일반상가,월세,1/5,130,"3,000",83,28,동향,20250507,"['10년이내', '역세권', '1층', '주차가능']",37.479826,126.942428
2523859627,일반상가,월세,2/4,255,"3,000",86,85,동향,20250507,"['25년이상', '융자금적은', '역세권', '중층']",37.478852,126.954361
2523822614,일반상가,월세,2/5,70,"2,000",33,33,북향,20250507,"['2년이내', '급매', '중층', '관리비10만원이하']",37.484545,126.947897
2523820712,일반상가,월세,1/4,150,"2,000",31,29,남향,20250507,"['10년이내', '융자금적은', '역세권', '1층']",37.47661,126.965749
2523820662,일반상가,월세,1/2,250,"3,000",72,72,동향,20250507,"['25년이상', '융자금적은', '역세권', '1층']",37.481585,126.953562
2523805427,일반상가,월세,B1/7,160,"2,000",50,50,남향,20250507,"['4년이내', '역세권', '지하층', '주차가능']",37.476212,126.96653
2523805129,일반상가,월세,1/4,120,"2,000",84,19,남향,20250507,"['10년이내', '역세권', '1층', '총4층']",37.490873,126.92767
2523820350,일반상가,월세,1/4,179,"4,000",59,46,동향,20250507,"['25년이상', '융자금적은', '1층', '관리비10만원이하']",37.484256,126.946501
2523818887,일반상가,월세,1/5,110,"2,000",33,33,동향,20250507,"['25년이상', '융자금적은', '역세권', '1층']",37.482725,126.950269
2523807042,일반상가,월세,1/5,240,"3,000",59,59,남향,20250507,"['25년이상', '역세권', '1층', '관리비20만원이하']",37.483942,126.938898
2523804985,일반상가,월세,1/3,130,"2,000",42,42,동향,20250507,"['25년이상', '역세권', '1층', '총3층']",37.489894,126.928788
2523987502,일반상가,월세,6/6,430,"7,000",180,170,북동향,20250507,"['4년이내', '역세권', '고층', '주차가능']",37.479102,126.957558
2523805712,일반상가,월세,1/2,25,200,5,5,남향,20250507,"['25년이상', '융자금없는', '역세권', '1층']",37.48348,126.95094
2523805457,일반상가,월세,7/7,"1,000","1억 5,000",369,369,남향,20250507,"['25년이상', '역세권', '고층', '주차가능']",37.482046,126.948646
2523805094,일반상가,월세,1/7,"3,660",3억,564,564,남향,20250507,"['25년이상', '역세권', '1층', '주차가능']",37.482046,126.948646
2523805843,일반상가,월세,1/4,130,"3,000",44,44,남향,20250507,"['25년이상', '융자금없는', '역세권', '1층']",37.482624,126.950836
2524185089,일반상가,월세,2/6,250,"5,000",155,155,서향,20250507,"['25년이내', '역세권', '지상층(1층제외)', '주차가능']",37.474612,126.967065
2524103558,일반상가,월세,1/4,"1,000","1억 5,000",215,185,남향,20250507,"['25년이상', '역세권', '1층', '총4층']",37.479467,126.958421
2523818836,일반상가,월세,1/9,435,"7,600",112,112,동향,20250507,"['10년이내', '융자금적은', '역세권', '1층']",37.482106,126.950486
2523809340,일반상가,월세,1/2,250,"2,500",54,54,남서향,20250507,"['25년이상', '역세권', '1층', '총2층']",37.479084,126.956984
2523805102,일반상가,월세,1/3,150,"2,000",172,35,서향,20250507,"['25년이상', '역세권', '1층', '총3층']",37.49116,126.927368
2523805356,일반상가,월세,B1/7,"1,190","1억 2,000",667,562,남향,20250507,"['25년이상', '역세권', '지하층', '주차가능']",37.482046,126.948646
2523804958,일반상가,월세,2/2,360,"5,000",170,170,남향,20250507,"['25년이상', '역세권', '고층', '총2층']",37.489582,126.928369
2523804953,일반상가,월세,2/2,240,"5,000",109,109,남향,20250507,"['25년이상', '역세권', '고층', '총2층']",37.489582,126.928369
2523808526,일반상가,월세,B1/5,75,"2,000",122,112,남동향,20250507,"['25년이상', '지하층', '총5층', '남동향']",37.48609,126.93623
2523989847,일반상가,월세,6/7,600,"7,000",317,300,동향,20250507,"['25년이상', '역세권', '고층', '주차가능']",37.483075,126.953597
2523987002,일반상가,월세,2/6,300,"3,000",163,163,남서향,20250507,"['25년이내', '지상층(1층제외)', '주차가능', '엘리베이터']",37.477865,126.958901
2524271060,일반상가,월세,B1/5,90,"2,000",113,113,서향,20250507,"['25년이상', '지하층', '관리비10만원이하', '주차가능']",37.479186,126.94527
2524202299,일반상가,월세,B1/14,240,"3,000",350,214,남향,20250507,"['10년이내', '역세권', '지하층', '주차가능']",37.480788,126.955196
2523987127,일반상가,월세,3/10,"1,460",2억,620,500,북향,20250507,"['25년이내', '융자금없는', '역세권', '지상층(1층제외)']",37.481309,126.94961
2523987324,일반상가,월세,1/7,110,"2,000",30,30,북향,20250507,"['10년이내', '역세권', '1층', '관리비20만원이하']",37.479405,126.943524
2523881600,일반상가,월세,B1/19,210,"2,500",100,77,서향,20250507,"['25년이내', '역세권', '지하층', '주차가능']",37.479666,126.952859
2523987710,일반상가,월세,2/15,550,"1억 5,000",282,143,북향,20250507,"['15년이내', '지상층(1층제외)', '주차가능', '북향']",37.486721,126.947488
2524185729,일반상가,월세,B1/7,240,"2,000",64,64,동향,20250507,"['10년이내', '역세권', '지하층', '관리비20만원이하']",37.47767,126.96382
2524038369,단지내상가,월세,1/1,71,"2,000",55,37,북서향,20250507,"['10년이내', '1층', '관리비20만원이하', '주차가능']",37.477914,126.941862
2524015505,일반상가,월세,3/4,150,"2,000",99,99,서향,20250507,"['25년이상', '융자금적은', '역세권', '고층']",37.474173,126.966059
2524045658,일반상가,월세,3/10,730,1억,314,247,북향,20250507,"['25년이내', '역세권', '지상층(1층제외)', '주차가능']",37.481309,126.94961
2524287047,일반상가,월세,2/3,180,"3,000",259,135,북향,20250507,"['25년이상', '역세권', '중층', '총3층']",37.486016,126.940818
2524282617,일반상가,월세,B1/2,250,"3,000",136,136,서향,20250507,"['25년이상', '지하층', '총2층', '서향']",37.477994,126.95688
2524184536,일반상가,월세,B1/7,150,"1,000",145,145,서향,20250507,"['25년이상', '역세권', '지하층', '관리비20만원이하']",37.477579,126.960992
2524121587,일반상가,월세,B1/5,150,"2,000",165,155,북향,20250507,"['25년이상', '역세권', '지하층', '주차가능']",37.483395,126.938753
2524087649,일반상가,월세,3/5,100,"2,000",89,89,남서향,20250507,"['25년이상', '중층', '관리비10만원이하', '주차가능']",37.48609,126.93623
2523994494,일반상가,월세,2/7,500,1억,295,237,남향,20250507,"['25년이상', '지상층(1층제외)', '주차가능', '엘리베이터']",37.486455,126.938576
2524005385,일반상가,월세,1/15,480,"8,000",129,43,동향,20250507,"['25년이내', '역세권', '1층', '주차가능']",37.480888,126.95227
2524201412,일반상가,월세,3/4,570,"8,000",237,237,북향,20250507,"['25년이상', '역세권', '고층', '주차가능']",37.480374,126.954309
2524239887,일반상가,월세,2/10,"1,200",2억,278,240,북동향,20250507,"['25년이내', '역세권', '지상층(1층제외)', '주차가능']",37.481309,126.94961
2524244768,일반상가,월세,1/5,80,"2,000",45,36,남동향,20250507,"['4년이내', '1층', '주차가능', '총5층']",37.474066,126.960337
2524202526,일반상가,월세,1/2,150,"2,000",33,26,서향,20250507,"['25년이상', '역세권', '1층', '총2층']",37.482424,126.954333
2524283327,일반상가,월세,2/4,110,"2,000",61,61,동향,20250507,"['25년이상', '중층', '주차가능', '총4층']",37.484256,126.946501
2524232561,일반상가,월세,2/5,320,"5,000",82,82,남동향,20250507,"['10년이내', '역세권', '중층', '관리비20만원이하']",37.478586,126.956924
2524204586,일반상가,월세,2/2,250,"3,000",120,72,서향,20250507,"['25년이상', '고층', '총2층', '서향']",37.477994,126.95688
2524282475,일반상가,월세,5/6,130,"2,000",114,114,남서향,20250507,"['25년이상', '고층', '주차가능', '베란다']",37.486858,126.934542
2524186108,일반상가,월세,B1/4,200,"6,000",183,183,북향,20250507,"['25년이상', '역세권', '지하층', '주차가능']",37.48028,126.954548
2524105274,일반상가,월세,1/2,130,"1,500",26,26,서향,20250507,"['25년이상', '1층', '총2층', '서향']",37.473287,126.966877
2524016532,일반상가,월세,2/7,180,"5,000",254,102,남향,20250507,"['25년이상', '역세권', '지상층(1층제외)', '주차가능']",37.481988,126.949061
2524153007,일반상가,월세,2/7,350,"4,000",126,102,동향,20250507,"['10년이내', '융자금없는', '역세권', '지상층(1층제외)']",37.491371,126.926822
2524160997,일반상가,월세,1/2,60,800,24,24,서향,20250507,"['25년이상', '1층', '총2층', '서향']",37.483079,126.947841
2524164173,일반상가,월세,3/6,450,"7,000",132,132,북서향,20250507,"['4년이내', '역세권', '중층', '주차가능']",37.479102,126.957558
2524022530,일반상가,월세,1/10,475,"6,500",46,46,북향,20250507,"['25년이내', '역세권', '1층', '주차가능']",37.481309,126.94961
2524300412,일반상가,월세,1/3,150,"2,000",33,33,남향,20250507,"['25년이상', '1층', '총3층', '남향']",37.486449,126.937707
2524292918,일반상가,월세,2/5,125,"1,500",114,114,남서향,20250507,"['25년이내', '중층', '주차가능', '총5층']",37.484134,126.946897
2524292633,일반상가,월세,1/3,110,"2,000",33,33,남향,20250507,"['25년이상', '역세권', '1층', '총3층']",37.479808,126.942792
2524298338,일반상가,월세,1/2,100,"1,000",36,36,남향,20250507,"['25년이상', '역세권', '1층', '관리비10만원이하']",37.490851,126.927515
2524287054,일반상가,월세,1/3,250,"3,000",52,52,북향,20250507,"['25년이상', '역세권', '1층', '총3층']",37.47951,126.942556
2524285947,일반상가,월세,2/3,70,800,25,25,북향,20250507,"['25년이상', '역세권', '중층', '총3층']",37.481965,126.943757
2524271094,일반상가,월세,3/4,90,"1,000",48,48,남향,20250507,"['25년이상', '역세권', '고층', '관리비10만원이하']",37.48273,126.94967
2524282268,일반상가,월세,3/4,140,"3,000",132,132,남서향,20250507,"['25년이내', '역세권', '고층', '주차가능']",37.487742,126.932506
2524277459,일반상가,월세,1/4,75,"1,500",23,23,북향,20250507,"['25년이상', '융자금적은', '역세권', '1층']",37.483516,126.944996
2524273749,일반상가,월세,1/3,160,"2,500",53,53,남향,20250507,"['25년이상', '융자금적은', '역세권', '1층']",37.473899,126.964509
2524271515,일반상가,월세,1/3,250,"3,000",314,49,남서향,20250507,"['25년이상', '역세권', '1층', '총3층']",37.481925,126.94974
2524287924,일반상가,월세,1/3,70,"1,000",22,22,동향,20250507,"['25년이상', '1층', '총3층', '동향']",37.483968,126.946476
2524308075,일반상가,월세,3/5,120,"1,500",70,70,북향,20250507,"['25년이상', '역세권', '중층', '관리비10만원이하']",37.482333,126.948973
2524020330,일반상가,월세,B1/2,187,"2,000",92,92,서향,20250507,"['25년이상', '역세권', '지하층', '총2층']",37.478812,126.95508
2524021268,일반상가,월세,2/14,180,"2,000",76,46,남서향,20250507,"['10년이내', '역세권', '지상층(1층제외)', '주차가능']",37.480788,126.955196
2524018640,일반상가,월세,1/15,281,"5,000",163,79,남향,20250507,"['10년이내', '1층', '주차가능', '남향']",37.488633,126.959479
2524022065,일반상가,월세,1/3,400,"8,000",81,81,서향,20250507,"['25년이상', '1층', '총3층', '서향']",37.484957,126.956033
2523909191,일반상가,월세,1/5,320,"5,000",80,80,동향,20250507,"['4년이내', '1층', '관리비10만원이하', '주차가능']",37.477206,126.957021
2524006323,일반상가,월세,1/5,80,"1,000",35,31,남동향,20250507,"['25년이내', '융자금없는', '역세권', '1층']",37.478579,126.962758
2524022818,일반상가,월세,1/5,110,"2,000",51,51,동향,20250507,"['4년이내', '1층', '관리비10만원이하', '주차가능']",37.478328,126.947127
2524019576,일반상가,월세,6/7,300,"4,000",200,145,남향,20250507,"['25년이상', '고층', '엘리베이터', '남향']",37.48708,126.947505
2524016910,일반상가,월세,2/4,180,"1,500",78,78,북동향,20250507,"['25년이상', '역세권', '중층', '총4층']",37.47583,126.964478
2524021738,일반상가,월세,B1/3,70,"1,200",85,85,남향,20250507,"['25년이상', '지하층', '주차가능', '총3층']",37.479515,126.945759
2524023523,일반상가,월세,7/7,400,1억,229,198,북향,20250507,"['25년이상', '역세권', '고층', '주차가능']",37.481976,126.943019
2524024253,일반상가,월세,2/5,350,"4,000",82,82,서향,20250507,"['25년이상', '역세권', '중층', '총5층']",37.482976,126.954307
2524021102,일반상가,월세,1/3,230,"4,000",19,19,서향,20250507,"['25년이상', '역세권', '1층', '관리비10만원이하']",37.478301,126.952573
2523990694,일반상가,월세,B1/5,130,"3,000",115,115,북향,20250506,"['25년이상', '융자금없는', '역세권', '지하층']",37.479374,126.943848
2524009133,일반상가,월세,3/5,120,"1,000",66,66,남서향,20250506,"['25년이상', '융자금적은', '역세권', '중층']",37.482798,126.949414
2524037734,일반상가,월세,2/6,200,"2,000",43,43,북향,20250506,"['25년이상', '지상층(1층제외)', '북향']",37.485585,126.955709
2524043095,일반상가,월세,1/5,250,"5,000",59,59,남향,20250506,"['25년이상', '융자금적은', '1층', '주차가능']",37.478915,126.94858
2523994723,단지내상가,월세,2/4,100,"2,000",49,33,남향,20250506,"['25년이내', '중층', '관리비20만원이하', '주차가능']",37.487592,126.959907
2524040909,일반상가,월세,2/3,180,"3,000",135,135,남향,20250506,"['25년이상', '융자금적은', '역세권', '중층']",37.486016,126.940818
2523963499,일반상가,월세,1/2,320,"6,000",110,110,동향,20250506,"['25년이상', '역세권', '1층', '주차가능']",37.491175,126.926603
2523925035,일반상가,월세,4/6,185,"3,000",142,142,남향,20250506,"['25년이상', '중층', '주차가능', '엘리베이터']",37.486858,126.934542
2523919764,일반상가,월세,B1/5,120,"2,000",110,110,남향,20250506,"['25년이상', '역세권', '지하층', '관리비10만원이하']",37.479773,126.943087
2524015529,일반상가,월세,1/5,130,"3,000",49,49,남향,20250506,"['4년이내', '융자금적은', '1층', '주차가능']",37.477206,126.957021
2524008649,일반상가,월세,2/5,100,"1,500",55,55,남향,20250506,"['25년이상', '융자금적은', '역세권', '중층']",37.482362,126.948691
2523912911,일반상가,월세,1/4,610,"8,000",115,115,남향,20250505,"['25년이상', '역세권', '1층', '관리비20만원이하']",37.479257,126.953264
2523874772,일반상가,월세,1/5,180,"3,000",36,36,남향,20250505,"['15년이내', '1층', '주차가능', '총5층']",37.486466,126.936593
2523875153,일반상가,월세,2/5,78,"1,000",36,36,북향,20250505,"['4년이내', '중층', '주차가능', '엘리베이터']",37.486549,126.941678
2523891191,일반상가,월세,1/4,200,"2,000",45,45,서향,20250505,"['10년이내', '역세권', '1층', '주차가능']",37.482265,126.954335
2523874506,일반상가,월세,1/4,110,"2,000",33,33,북향,20250505,"['15년이내', '1층', '주차가능', '총4층']",37.486582,126.936127
2523886150,일반상가,월세,2/4,100,"2,000",49,49,북향,20250505,"['25년이상', '역세권', '중층', '총4층']",37.479436,126.943199
2523887887,일반상가,월세,2/5,230,"3,000",92,92,북동향,20250505,"['25년이내', '융자금없는', '역세권', '중층']",37.482472,126.940821
2523823707,일반상가,월세,2/2,250,"3,000",73,73,북서향,20250504,"['25년이상', '고층', '총2층', '북서향']",37.477994,126.95688
2523820445,일반상가,월세,1/5,160,"2,000",33,33,북향,20250504,"['25년이상', '역세권', '1층', '관리비10만원이하']",37.479391,126.943664
2523689527,일반상가,월세,B1/3,150,"3,000",93,93,남향,20250503,"['25년이상', '융자금적은', '역세권', '지하층']",37.478252,126.953039
2523639564,일반상가,월세,1/3,130,"2,000",29,29,남향,20250503,"['15년이내', '역세권', '1층', '관리비10만원이하']",37.490169,126.92834
2523686143,일반상가,월세,1/5,80,"1,000",60,49,남향,20250503,"['25년이내', '융자금적은', '역세권', '1층']",37.491354,126.929777
2523659590,단지내상가,월세,5/5,330,3억,520,261,동향,20250503,"['25년이내', '고층', '주차가능', '엘리베이터']",37.484977,126.959538
2523645303,일반상가,월세,1/5,340,"4,000",138,132,동향,20250503,"['25년이상', '융자금적은', '1층', '관리비10만원이하']",37.475541,126.959328
2523661062,단지내상가,월세,1/5,60,"1,000",42,21,동향,20250503,"['25년이내', '1층', '관리비10만원이하', '주차가능']",37.484977,126.959538
2523633460,일반상가,월세,3/5,280,"3,000",162,162,동향,20250503,"['25년이상', '역세권', '중층', '총5층']",37.479808,126.950136
2523652305,단지내상가,월세,2/4,100,"2,000",32,32,북향,20250503,"['25년이내', '중층', '관리비20만원이하', '주차가능']",37.487592,126.959907
2523645148,일반상가,월세,1/6,100,"1,000",39,39,동향,20250503,"['25년이내', '융자금적은', '역세권', '1층']",37.474821,126.966225
2523633506,일반상가,월세,1/1,110,"1,500",13,13,동향,20250503,"['25년이상', '1층', '관리비10만원이하', '동향']",37.486405,126.946512
2523618907,일반상가,월세,1/3,70,"2,000",59,59,남동향,20250503,"['25년이상', '1층', '총3층', '남동향']",37.48678,126.940631
2523694424,단지내상가,월세,1/6,200,"5,000",19,19,북향,20250503,"['25년이내', '융자금적은', '역세권', '1층']",37.478633,126.955137
2523711003,복합상가,매매,1/7,,"5억 5,000",48,48,,20250503,"['25년이내', '1층', '주차가능']",37.486445,126.942242
2523726423,일반상가,월세,1/3,90,"1,000",33,33,남향,20250503,"['25년이상', '1층', '관리비10만원이하', '주차가능']",37.486735,126.941078
2523683390,일반상가,월세,1/2,90,"1,500",53,53,남향,20250503,"['25년이상', '융자금적은', '1층', '총2층']",37.486853,126.959575
2523683734,일반상가,월세,1/6,80,"1,000",39,39,남향,20250503,"['25년이내', '융자금적은', '테라스', '1층']",37.486584,126.952035
2523667864,일반상가,월세,1/1,100,"1,500",22,22,동향,20250503,"['25년이상', '1층', '관리비10만원이하', '동향']",37.486405,126.946512
2523727259,일반상가,월세,1/2,60,"1,000",21,21,서향,20250503,"['25년이상', '역세권', '1층', '총2층']",37.483694,126.940043
2523662001,단지내상가,월세,1/5,80,"1,000",46,23,동향,20250503,"['25년이내', '1층', '관리비10만원이하', '주차가능']",37.484977,126.959538
2523757588,일반상가,월세,1/9,210,"2,000",49,49,남향,20250503,"['25년이내', '역세권', '1층', '주차가능']",37.477788,126.960419
2523763121,일반상가,월세,3/3,240,"3,000",58,58,북향,20250503,"['25년이상', '역세권', '고층', '주차가능']",37.47793,126.959132
2523729475,일반상가,월세,1/5,83,"1,500",51,21,동향,20250503,"['25년이상', '역세권', '1층', '관리비10만원이하']",37.483387,126.946388
2523768415,일반상가,월세,1/5,260,"3,000",106,49,동향,20250503,"['25년이상', '역세권', '1층', '총5층']",37.479752,126.955631
2523757732,일반상가,월세,1/2,80,"1,000",74,30,서향,20250503,"['25년이상', '1층', '총2층', '서향']",37.473032,126.966846
2523783971,일반상가,월세,2/5,100,"1,000",143,33,북향,20250503,"['25년이상', '중층', '관리비10만원이하', '주차가능']",37.477723,126.95843
2523776973,단지내상가,월세,4/7,630,1억,369,349,북향,20250503,"['25년이상', '역세권', '중층', '주차가능']",37.482041,126.951179
2523768526,일반상가,월세,B1/4,100,"1,000",92,66,동향,20250503,"['25년이상', '역세권', '지하층', '총4층']",37.479302,126.955331
2523783699,일반상가,월세,1/8,256,"4,000",80,74,북향,20250503,"['10년이내', '역세권', '1층', '주차가능']",37.482106,126.950486
2523768637,일반상가,월세,1/5,350,"5,000",83,29,남향,20250503,"['2년이내', '역세권', '1층', '주차가능']",37.479101,126.954126
2523780644,일반상가,월세,1/10,600,1억,172,172,북향,20250503,"['25년이내', '역세권', '1층', '주차가능']",37.480729,126.951014
2523778831,일반상가,월세,3/5,480,"7,000",185,173,서향,20250503,"['25년이상', '역세권', '중층', '주차가능']",37.48046,126.953468
2523784074,일반상가,월세,1/7,220,"3,000",233,66,북향,20250503,"['25년이상', '역세권', '1층', '북향']",37.483158,126.939152
2523780761,일반상가,월세,1/18,140,"2,000",68,28,북향,20250503,"['25년이상', '역세권', '1층', '주차가능']",37.481016,126.950302
2523776597,일반상가,월세,1/9,435,"7,800",145,112,동향,20250503,"['10년이내', '융자금없는', '역세권', '1층']",37.482106,126.950486
2523782963,일반상가,월세,3/4,150,"3,000",79,66,북향,20250503,"['25년이상', '역세권', '고층', '주차가능']",37.482054,126.942296
2523780473,일반상가,월세,10/23,200,"3,000",128,39,북동향,20250503,"['25년이내', '역세권', '중층', '주차가능']",37.480823,126.952023
2523768700,일반상가,월세,B1/5,150,"1,500",72,72,북향,20250503,"['25년이상', '융자금없는', '역세권', '지하층']",37.479972,126.955284
2523784178,일반상가,월세,3/8,490,"6,000",205,173,북향,20250503,"['2년이내', '역세권', '중층', '주차가능']",37.483424,126.93849
2523787490,일반상가,월세,1/4,400,"6,000",135,33,서향,20250503,"['25년이상', '역세권', '1층', '총4층']",37.481731,126.953406
2523785439,일반상가,월세,1/5,250,"3,000",59,45,남향,20250503,"['25년이상', '역세권', '1층', '총5층']",37.483942,126.938898
2523785210,일반상가,월세,B1/10,600,1억,314,314,북향,20250503,"['25년이상', '역세권', '지하층', '주차가능']",37.481481,126.9539
2523789458,일반상가,월세,1/5,170,"2,500",40,40,서향,20250503,"['25년이상', '역세권', '1층', '총5층']",37.480245,126.956822
2523784754,일반상가,월세,B1/3,150,"2,000",103,99,남향,20250503,"['25년이상', '역세권', '지하층', '관리비10만원이하']",37.478252,126.953039
2523785358,일반상가,월세,1/5,147,"1,000",83,29,남향,20250503,"['25년이상', '역세권', '1층', '관리비10만원이하']",37.478002,126.962463
2523785855,일반상가,월세,B1/3,305,"3,000",72,23,동향,20250503,"['25년이상', '역세권', '지하층', '총3층']",37.482463,126.9437
2523789361,일반상가,월세,B1/3,90,"1,000",79,79,동향,20250503,"['25년이상', '역세권', '지하층', '총3층']",37.480582,126.955516
2523787241,일반상가,월세,1/3,100,"1,500",66,33,남향,20250503,"['25년이상', '역세권', '1층', '총3층']",37.482392,126.944557
2523784231,일반상가,월세,1/6,600,1억,146,146,북향,20250503,"['2년이내', '역세권', '1층', '주차가능']",37.483601,126.938151
2523787145,일반상가,월세,3/3,90,"1,000",50,50,남향,20250503,"['25년이상', '역세권', '고층', '총3층']",37.482392,126.944557
2523638257,일반상가,월세,1/2,130,"2,000",34,34,동향,20250503,"['25년이상', '역세권', '1층', '총2층']",37.482119,126.954101
2523641192,일반상가,월세,B1/3,150,"3,000",103,103,남향,20250503,"['25년이상', '역세권', '지하층', '관리비10만원이하']",37.478252,126.953039
2523655040,일반상가,월세,1/3,70,"1,000",19,19,동향,20250503,"['25년이상', '1층', '총3층', '동향']",37.483968,126.946476
2523754154,일반상가,월세,B1/4,75,"1,000",120,119,북향,20250503,"['25년이상', '융자금없는', '역세권', '지하층']",37.476164,126.963573
2523762776,일반상가,월세,B1/5,100,"1,500",96,90,남향,20250503,"['25년이상', '역세권', '지하층', '주차가능']",37.477702,126.960638
2523754473,일반상가,월세,1/2,120,"1,000",33,33,서향,20250503,"['25년이상', '역세권', '1층', '총2층']",37.484685,126.955792
2523760641,일반상가,월세,1/15,270,"5,000",164,79,남향,20250503,"['10년이내', '1층', '관리비20만원이하', '주차가능']",37.488633,126.959479
2523727663,일반상가,월세,2/5,330,"5,000",86,86,남향,20250503,"['2년이내', '역세권', '중층', '관리비20만원이하']",37.479101,126.954126
2523757970,일반상가,월세,1/4,280,"9,000",81,80,남향,20250503,"['25년이상', '역세권', '1층', '주차가능']",37.475527,126.965909
2523697979,단지내상가,월세,1/2,62,"2,000",40,21,서향,20250503,"['25년이상', '융자금없는', '역세권', '1층']",37.494085,126.928169
2523683200,일반상가,월세,1/4,125,"3,000",44,42,남향,20250503,"['25년이상', '융자금적은', '역세권', '1층']",37.482624,126.950836
2523685007,일반상가,월세,1/2,70,"1,000",26,26,북서향,20250503,"['25년이상', '융자금적은', '역세권', '1층']",37.476106,126.961572
2523684001,단지내상가,월세,1/15,120,"2,000",50,50,남향,20250503,"['10년이내', '융자금적은', '1층', '주차가능']",37.488633,126.959479
2523662663,단지내상가,월세,1/5,40,500,22,11,동향,20250503,"['25년이내', '1층', '관리비10만원이하', '주차가능']",37.484977,126.959538
2523768476,일반상가,월세,2/5,260,"3,000",140,140,동향,20250503,"['25년이상', '역세권', '중층', '총5층']",37.479752,126.955631
2523782449,일반상가,월세,7/8,"1,100",2억,461,370,남향,20250503,"['10년이내', '역세권', '고층', '주차가능']",37.481859,126.950401
2523783399,일반상가,월세,1/2,40,500,32,13,서향,20250503,"['25년이상', '역세권', '1층', '총2층']",37.482424,126.954333
2523760483,일반상가,월세,1/4,260,"4,000",92,72,남향,20250503,"['25년이상', '역세권', '1층', '주차가능']",37.476362,126.964014
2523763267,일반상가,월세,2/3,160,"2,000",64,64,북향,20250503,"['25년이상', '역세권', '중층', '주차가능']",37.47793,126.959132
2523761176,일반상가,월세,1/8,300,"4,000",98,91,남향,20250503,"['25년이상', '역세권', '1층', '주차가능']",37.477384,126.961485
2523760714,일반상가,월세,B1/4,75,"1,000",120,113,북향,20250503,"['25년이상', '역세권', '지하층', '총4층']",37.476164,126.963573
2523790547,일반상가,월세,1/4,167,"2,000",58,58,북향,20250503,"['25년이상', '1층', '총4층', '북향']",37.478866,126.949119
2523791024,일반상가,월세,1/4,500,"7,000",102,66,남향,20250503,"['25년이상', '역세권', '1층', '총4층']",37.477932,126.962237
2523794740,일반상가,월세,1/3,140,"2,000",68,33,동향,20250503,"['25년이상', '역세권', '1층', '총3층']",37.482119,126.954101
2523802848,일반상가,월세,B1/6,100,"1,000",137,137,남향,20250503,"['25년이내', '지하층', '주차가능', '남향']",37.487177,126.933854
2523796157,일반상가,월세,1/5,120,"2,000",66,19,동향,20250503,"['25년이상', '1층', '총5층', '동향']",37.485735,126.946755
2523802782,일반상가,월세,1/2,120,"1,500",73,42,남향,20250503,"['25년이상', '1층', '총2층', '남향']",37.487177,126.935547
2523793159,일반상가,월세,1/2,140,"1,000",275,30,서향,20250503,"['25년이상', '역세권', '1층', '총2층']",37.484685,126.955792
2523794658,일반상가,월세,1/20,700,1억,260,149,서향,20250503,"['25년이내', '역세권', '1층', '주차가능']",37.482736,126.953239
2523798625,일반상가,월세,1/3,74,"1,300",122,24,남향,20250503,"['25년이상', '1층', '총3층', '남향']",37.48607,126.954933
2523784482,일반상가,월세,B1/4,100,"1,000",97,97,북향,20250503,"['25년이상', '지하층', '총4층', '북향']",37.486064,126.935021
2523785764,일반상가,월세,B1/3,350,1억,239,230,동향,20250503,"['25년이상', '역세권', '지하층', '총3층']",37.482463,126.9437
2523789524,일반상가,월세,1/3,160,"2,000",112,28,남향,20250503,"['25년이상', '1층', '주차가능', '총3층']",37.480139,126.958055
2523790359,일반상가,월세,2/14,160,"2,000",66,39,서향,20250503,"['10년이내', '역세권', '지상층(1층제외)', '주차가능']",37.479498,126.951653
2523791064,일반상가,월세,B1/5,100,"1,000",81,56,서향,20250503,"['25년이상', '역세권', '지하층', '주차가능']",37.480941,126.955086
2523791099,일반상가,월세,1/4,700,"7,000",230,160,남향,20250503,"['25년이상', '역세권', '1층', '총4층']",37.477932,126.962237
2523791813,일반상가,월세,1/3,263,"3,000",33,33,남향,20250503,"['25년이상', '역세권', '1층', '총3층']",37.478803,126.959867
2523790816,일반상가,월세,B1/5,180,"3,000",163,115,남향,20250503,"['25년이상', '역세권', '지하층', '관리비20만원이하']",37.477508,126.963092
2523792020,일반상가,월세,4/5,170,"3,500",150,99,남향,20250503,"['25년이상', '역세권', '고층', '총5층']",37.476511,126.965643
2523790870,일반상가,월세,B1/5,60,"1,000",83,83,북동향,20250503,"['25년이상', '역세권', '지하층', '관리비10만원이하']",37.485318,126.936689
2523791588,일반상가,월세,1/7,250,"2,000",58,49,남향,20250503,"['15년이내', '1층', '주차가능', '남향']",37.479343,126.947705
2523790191,일반상가,월세,1/4,60,"1,000",124,26,남향,20250503,"['25년이상', '1층', '주차가능', '총4층']",37.478722,126.948143
2523784646,일반상가,월세,1/4,320,"5,000",229,69,서향,20250503,"['2년이내', '1층', '주차가능', '총4층']",37.47747,126.957527
2523784377,일반상가,월세,1/3,260,"3,000",129,99,북향,20250503,"['25년이내', '1층', '주차가능', '총3층']",37.486253,126.934519
2523789409,일반상가,월세,3/3,105,"2,800",80,66,남향,20250503,"['25년이상', '역세권', '고층', '총3층']",37.480215,126.956357
2523791307,일반상가,월세,B1/4,220,"3,000",123,99,남향,20250503,"['25년이상', '역세권', '지하층', '총4층']",37.477712,126.962658
2523791403,일반상가,월세,B1/4,110,"1,000",53,47,남향,20250503,"['25년이상', '역세권', '지하층', '총4층']",37.478002,126.961886
2523792004,일반상가,월세,1/1,123,"1,000",88,13,남향,20250503,"['25년이상', '역세권', '1층', '남향']",37.479774,126.957526
2523797797,일반상가,월세,1/10,65,"1,000",20,13,동향,20250503,"['10년이내', '역세권', '1층', '관리비20만원이하']",37.482481,126.946208
2523795538,일반상가,월세,1/8,400,"5,000",104,104,남향,20250503,"['25년이내', '역세권', '1층', '주차가능']",37.48115,126.94892
2523798570,일반상가,월세,B1/4,65,"1,000",118,118,북향,20250503,"['2년이내', '역세권', '지하층', '주차가능']",37.484017,126.941723
2523796111,일반상가,월세,1/4,110,"2,000",100,31,서향,20250503,"['25년이상', '1층', '주차가능', '총4층']",37.485777,126.947097
2523794506,일반상가,월세,1/2,120,"1,000",275,31,동향,20250503,"['25년이상', '역세권', '1층', '총2층']",37.484685,126.955792
2523803027,일반상가,월세,1/4,200,"3,000",84,84,남향,20250503,"['25년이상', '1층', '총4층', '남향']",37.487683,126.932662
2523803125,일반상가,월세,1/3,77,"1,000",41,41,북서향,20250503,"['25년이상', '역세권', '1층', '주차가능']",37.488066,126.932047
2523800616,일반상가,월세,1/8,154,"4,000",60,60,서향,20250503,"['25년이내', '1층', '주차가능', '서향']",37.485888,126.938453
2523796424,일반상가,월세,1/2,120,"2,000",26,26,서향,20250503,"['25년이상', '1층', '총2층', '서향']",37.48363,126.946722
2523797552,일반상가,월세,1/4,300,"5,000",121,121,남향,20250503,"['25년이상', '역세권', '1층', '주차가능']",37.481051,126.94994
2523793490,일반상가,월세,1/4,160,"2,000",48,48,남향,20250503,"['25년이상', '역세권', '1층', '총4층']",37.482667,126.950409
2523800749,일반상가,월세,B1/3,70,"1,000",56,46,남향,20250503,"['25년이상', '지하층', '주차가능', '총3층']",37.486671,126.938003
2523792188,일반상가,월세,5/7,70,"1,000",142,43,남향,20250503,"['25년이상', '역세권', '고층', '주차가능']",37.476307,126.96642
2523789540,일반상가,월세,1/4,80,500,93,28,북향,20250503,"['25년이상', '1층', '주차가능', '총4층']",37.479797,126.958335
2523774765,복합상가,월세,1/20,600,1억,290,149,서향,20250503,"['25년이내', '역세권', '1층', '주차가능']",37.482736,126.953239
2523803661,일반상가,월세,1/3,60,"1,000",72,22,동향,20250503,"['25년이상', '역세권', '1층', '총3층']",37.488185,126.931812
2523802905,일반상가,월세,2/3,80,"2,500",72,62,북동향,20250503,"['25년이상', '역세권', '중층', '총3층']",37.488185,126.931812
2523808349,일반상가,월세,2/4,130,"1,000",99,99,서향,20250503,"['25년이상', '역세권', '중층', '관리비20만원이하']",37.483304,126.944165
2523794471,일반상가,월세,1/3,132,"1,000",205,39,서향,20250503,"['25년이상', '1층', '총3층', '서향']",37.485907,126.956875
2523799022,일반상가,월세,1/3,190,"2,500",163,30,동향,20250503,"['25년이상', '1층', '총3층', '동향']",37.486671,126.939575
2523791417,일반상가,월세,2/4,150,"2,000",104,104,북향,20250503,"['25년이상', '역세권', '중층', '총4층']",37.47871,126.961114
2523793138,일반상가,월세,4/4,140,"1,000",59,59,남동향,20250503,"['25년이상', '역세권', '고층', '관리비10만원이하']",37.477972,126.962042
2523791112,일반상가,월세,B1/4,200,"6,000",183,181,북향,20250503,"['25년이상', '역세권', '지하층', '관리비20만원이하']",37.48028,126.954548
2523791529,일반상가,월세,1/4,320,"5,000",109,59,남향,20250503,"['25년이상', '역세권', '1층', '총4층']",37.476932,126.964686
2523790942,일반상가,월세,1/2,170,"1,500",36,36,북향,20250503,"['25년이상', '융자금적은', '1층', '총2층']",37.47921,126.945568
2523802908,일반상가,월세,1/6,170,"2,000",91,61,남향,20250503,"['25년이내', '1층', '주차가능', '남향']",37.487177,126.933854
2523803833,일반상가,월세,1/3,60,600,100,26,서향,20250503,"['25년이상', '역세권', '1층', '총3층']",37.490881,126.930196
2523800517,일반상가,월세,1/3,255,"1,400",267,49,남향,20250503,"['25년이상', '1층', '총3층', '남향']",37.486424,126.939171
2523794737,일반상가,월세,1/6,200,"3,000",116,75,동향,20250503,"['25년이내', '1층', '주차가능', '동향']",37.4869,126.956819
2523792724,일반상가,월세,3/4,100,"1,000",89,89,남동향,20250503,"['25년이상', '고층', '관리비10만원이하', '총4층']",37.48609,126.93623
2523785659,일반상가,월세,6/7,360,"5,000",189,141,남향,20250503,"['25년이상', '역세권', '고층', '주차가능']",37.482609,126.942768
2523757853,일반상가,월세,2/5,850,"1억 5,000",313,313,남동향,20250503,"['25년이상', '역세권', '중층', '총5층']",37.475,126.966636
2523799005,일반상가,월세,1/3,90,"1,000",163,24,북향,20250503,"['25년이상', '1층', '총3층', '북향']",37.486671,126.939575
2523787312,일반상가,월세,2/4,100,"2,000",59,59,남향,20250503,"['25년이상', '역세권', '중층', '총4층']",37.482344,126.945493
2523796507,일반상가,월세,1/5,83,"1,500",21,21,동향,20250503,"['25년이상', '역세권', '1층', '주차가능']",37.483387,126.946388
2523788931,일반상가,월세,B1/14,100,"2,000",73,46,남향,20250503,"['10년이내', '역세권', '지하층', '관리비20만원이하']",37.482363,126.945302
2523792222,일반상가,월세,2/5,150,"3,000",103,81,남향,20250503,"['25년이상', '역세권', '중층', '주차가능']",37.476159,126.966679
2523800765,일반상가,월세,1/3,60,"1,000",21,21,동향,20250503,"['25년이상', '1층', '주차가능', '총3층']",37.486533,126.937988
2523787930,일반상가,월세,B1/10,600,1억,314,266,북향,20250503,"['25년이상', '역세권', '지하층', '주차가능']",37.481481,126.9539
2523794914,일반상가,월세,4/20,200,"3,000",57,57,동향,20250503,"['25년이내', '역세권', '지상층(1층제외)', '주차가능']",37.482736,126.953239
2523783348,일반상가,월세,1/2,100,"1,000",157,33,북향,20250503,"['25년이상', '역세권', '1층', '총2층']",37.482264,126.939969
2523781175,일반상가,월세,3/5,100,"1,000",94,84,북동향,20250503,"['25년이상', '역세권', '중층', '주차가능']",37.481205,126.946087
2523782991,일반상가,월세,3/4,90,"1,000",72,72,남동향,20250503,"['25년이상', '역세권', '고층', '총4층']",37.481554,126.94224
2523772250,일반상가,월세,4/5,380,"5,000",207,207,북향,20250503,"['25년이상', '역세권', '고층', '주차가능']",37.482894,126.939708
2523778972,일반상가,월세,1/4,200,"2,000",24,24,남향,20250503,"['25년이상', '융자금없는', '역세권', '1층']",37.480231,126.9541
2523782768,일반상가,월세,1/4,150,"2,000",65,27,북향,20250503,"['25년이상', '역세권', '1층', '총4층']",37.481457,126.943611
2523770136,일반상가,월세,2/3,370,"5,000",97,97,남향,20250503,"['25년이상', '역세권', '중층', '총3층']",37.479709,126.954731
2523772236,일반상가,월세,1/3,100,"1,500",33,33,북동향,20250503,"['25년이상', '1층', '관리비10만원이하', '총3층']",37.486059,126.953051
2523765476,일반상가,월세,2/5,320,"5,000",106,106,동향,20250503,"['10년이내', '역세권', '중층', '주차가능']",37.478586,126.956924
2523769192,일반상가,월세,1/5,230,"2,000",33,33,북향,20250503,"['10년이내', '역세권', '1층', '관리비20만원이하']",37.479502,126.942315
2523784297,일반상가,월세,1/5,130,"2,000",20,20,남서향,20250503,"['25년이상', '역세권', '1층', '주차가능']",37.483496,126.937958
2523757753,일반상가,월세,1/4,190,"3,000",52,47,동향,20250503,"['25년이상', '역세권', '1층', '총4층']",37.47464,126.966747
2523757661,일반상가,월세,B1/6,160,"2,000",172,99,동향,20250503,"['4년이내', '지하층', '주차가능', '동향']",37.472829,126.966534
2523761137,일반상가,월세,2/3,500,"6,000",184,118,북향,20250503,"['25년이상', '역세권', '중층', '총3층']",37.47736,126.962067
2523779035,일반상가,월세,1/4,900,"1억 5,000",110,110,남향,20250503,"['25년이상', '융자금없는', '역세권', '1층']",37.480231,126.9541
2523713105,일반상가,월세,3/10,730,1억,247,247,북향,20250503,"['25년이내', '역세권', '지상층(1층제외)', '주차가능']",37.481309,126.94961
2523711992,일반상가,월세,B1/10,"1,200",2억,466,466,북향,20250503,"['25년이내', '역세권', '지하층', '주차가능']",37.481309,126.94961
2523626394,단지내상가,매매,1/23,,"10억 4,000",38,15,북서향,20250503,"['25년이상', '역세권', '1층', '주차가능']",37.491151,126.925099
2523640312,일반상가,월세,1/3,90,"1,000",26,26,북향,20250503,"['25년이상', '1층', '관리비10만원이하', '총3층']",37.486671,126.939575
2523684334,일반상가,월세,1/3,120,"2,000",72,72,남향,20250503,"['25년이상', '융자금적은', '테라스', '1층']",37.477558,126.94694
2523643620,일반상가,월세,1/5,190,"3,000",46,46,남서향,20250503,"['4년이내', '1층', '관리비20만원이하', '주차가능']",37.472829,126.966534
2523683948,일반상가,월세,1/5,165,"2,000",55,55,남향,20250503,"['25년이상', '융자금적은', '역세권', '1층']",37.482362,126.948691
2523220985,복합상가,월세,1/3,670,"1억 2,000",127,99,동향,20250503,"['25년이상', '역세권', '1층', '천장에어컨']",37.479709,126.954731
2523749788,일반상가,월세,1/5,480,1억,99,66,남향,20250503,"['25년이상', '역세권', '1층', '주차가능']",37.477682,126.962826
2523757869,일반상가,월세,1/4,120,"2,500",43,22,동향,20250503,"['25년이상', '역세권', '1층', '총4층']",37.475227,126.966131
2523782976,일반상가,월세,1/2,140,"2,000",26,26,북향,20250503,"['25년이상', '역세권', '1층', '총2층']",37.481748,126.942468
2523760118,일반상가,월세,B1/5,75,"2,000",122,122,남향,20250503,"['25년이상', '지하층', '주차가능', '총5층']",37.48609,126.93623
2523691164,일반상가,월세,1/3,150,"2,000",76,38,남향,20250503,"['25년이상', '융자금적은', '역세권', '1층']",37.483671,126.94502
2523746845,일반상가,월세,2/8,350,"5,000",136,128,남향,20250503,"['15년이내', '역세권', '지상층(1층제외)', '주차가능']",37.480928,126.954486
2523747920,일반상가,월세,B1/3,110,"1,500",91,80,남향,20250503,"['25년이상', '역세권', '지하층', '총3층']",37.49,126.926806
2523757668,일반상가,월세,1/6,190,"3,000",161,46,동향,20250503,"['4년이내', '1층', '주차가능', '동향']",37.472829,126.966534
2523689892,일반상가,월세,1/4,390,"6,000",114,114,남향,20250503,"['25년이상', '융자금적은', '역세권', '1층']",37.474264,126.963743
2523575491,일반상가,월세,1/3,380,"5,000",90,82,동향,20250502,"['25년이상', '역세권', '1층', '주차가능']",37.483291,126.944276
2523373145,일반상가,월세,1/4,200,"5,000",88,88,북서향,20250502,"['25년이상', '역세권', '1층', '관리비10만원이하']",37.484748,126.937386
2523216462,단지내상가,월세,3/17,300,"5,000",168,120,서향,20250502,"['2년이내', '역세권', '지상층(1층제외)', '주차가능']",37.480596,126.953487
2523277836,복합상가,월세,1/6,68,700,21,21,동향,20250502,"['10년이내', '1층', '관리비10만원이하', '동향']",37.487497,126.943918
2523305209,일반상가,월세,1/4,80,"1,000",26,26,북향,20250502,"['25년이상', '1층', '관리비10만원이하', '총4층']",37.48331,126.947188
2523313927,단지내상가,월세,B1/1,90,"2,000",35,35,북향,20250502,"['10년이내', '지하층', '관리비10만원이하', '북향']",37.476442,126.942506
2523306274,일반상가,월세,1/5,60,"1,000",26,26,남향,20250502,"['10년이내', '1층', '관리비10만원이하', '주차가능']",37.486871,126.939956
2523328925,일반상가,월세,1/5,190,"3,500",136,56,북향,20250502,"['25년이상', '역세권', '1층', '총5층']",37.475959,126.964097
2523318059,일반상가,월세,B1/4,100,"1,000",53,53,남향,20250502,"['25년이상', '역세권', '지하층', '관리비10만원이하']",37.478002,126.961886
2523329090,일반상가,월세,1/4,95,"2,000",87,20,남향,20250502,"['25년이상', '역세권', '1층', '주차가능']",37.475943,126.965097
2523324450,일반상가,월세,1/3,110,"1,000",33,28,남향,20250502,"['10년이내', '역세권', '1층', '주차가능']",37.474086,126.966383
2523244887,일반상가,월세,2/3,80,500,60,60,남동향,20250502,"['25년이상', '중층', '총3층', '남동향']",37.487575,126.946372
2523237009,일반상가,월세,B1/4,100,"1,500",100,100,남향,20250502,"['25년이상', '역세권', '지하층', '관리비20만원이하']",37.481774,126.9426
2523263308,일반상가,월세,2/6,"1,500",4억,719,611,남향,20250502,"['25년이상', '융자금적은', '역세권', '지상층(1층제외)']",37.482292,126.946109
2523217741,단지내상가,매매,B2/11,,"19억 9,000",1122,666,남향,20250502,"['25년이내', '지하층', '주차가능', '남향']",37.478928,126.947728
2523610531,일반상가,월세,2/3,370,"5,000",101,101,동향,20250502,"['25년이상', '역세권', '중층', '총3층']",37.479709,126.954731
2523610918,일반상가,월세,3/3,600,1억,199,179,동향,20250502,"['25년이상', '역세권', '고층', '총3층']",37.479709,126.954731
2523606387,일반상가,월세,2/6,220,"3,000",99,82,북향,20250502,"['10년이내', '지상층(1층제외)', '관리비10만원이하', '주차가능']",37.479143,126.946306
2523478491,일반상가,월세,B1/5,260,"3,000",100,100,동향,20250502,"['4년이내', '지하층', '관리비10만원이하', '주차가능']",37.477206,126.957021
2523483716,일반상가,월세,3/3,110,"1,300",89,89,서향,20250502,"['25년이상', '역세권', '고층', '관리비10만원이하']",37.490964,126.927467
2523595453,일반상가,월세,3/5,270,"3,000",164,148,동향,20250502,"['25년이상', '역세권', '중층', '관리비20만원이하']",37.477107,126.958809
2523575854,단지내상가,월세,3/19,190,"2,000",72,72,서향,20250502,"['25년이내', '역세권', '지상층(1층제외)', '주차가능']",37.479666,126.952859
2523610364,일반상가,월세,B1/3,190,"3,000",108,97,,20250502,"['25년이상', '역세권', '지하층', '총3층']",37.479709,126.954731
2523595965,일반상가,월세,1/11,330,"5,000",99,75,북향,20250502,"['25년이내', '1층', '주차가능', '북향']",37.478928,126.947728
2523591319,일반상가,월세,1/5,80,"1,000",77,60,남동향,20250502,"['25년이내', '역세권', '1층', '관리비10만원이하']",37.491354,126.929777
2523583444,단지내상가,월세,2/23,80,"1,000",76,32,서향,20250502,"['25년이상', '융자금없는', '역세권', '지상층(1층제외)']",37.491151,126.925099
2523517877,일반상가,월세,1/2,210,"2,000",24,21,남동향,20250502,"['25년이상', '역세권', '1층', '총2층']",37.476751,126.962017
2523326227,일반상가,월세,1/2,250,"5,000",82,56,남서향,20250502,"['25년이상', '역세권', '1층', '총2층']",37.489582,126.928369
2523334465,일반상가,월세,3/5,270,"3,000",164,164,남서향,20250502,"['25년이상', '역세권', '중층', '관리비20만원이하']",37.477107,126.958809
2523461835,일반상가,월세,1/4,80,"1,000",19,16,동향,20250502,"['25년이내', '1층', '관리비10만원이하', '총4층']",37.483873,126.946461
2523547843,일반상가,월세,1/2,75,"1,000",15,15,북서향,20250502,"['25년이상', '역세권', '1층', '총2층']",37.483946,126.953492
2523319666,일반상가,월세,B1/5,180,"3,000",240,240,동향,20250502,"['15년이내', '지하층', '주차가능', '엘리베이터']",37.479977,126.947315
2523543079,일반상가,월세,3/3,120,"1,000",112,112,북동향,20250502,"['25년이상', '역세권', '고층', '총3층']",37.485473,126.937659
2523597089,일반상가,월세,1/2,180,"2,000",63,63,남향,20250502,"['25년이상', '1층', '총2층', '남향']",37.47874,126.957889
2523609475,일반상가,월세,B1/5,65,"1,000",90,90,북동향,20250502,"['25년이상', '지하층', '총5층', '북동향']",37.485382,126.936558
2523599231,일반상가,월세,1/5,150,"3,000",33,33,서향,20250502,"['2년이내', '1층', '관리비10만원이하', '주차가능']",37.478786,126.947397
2523369686,일반상가,월세,7/7,600,"5,000",259,183,남동향,20250502,"['25년이상', '역세권', '고층', '주차가능']",37.483075,126.953597
2523604220,단지내상가,월세,1/4,150,"3,000",53,53,서향,20250502,"['25년이내', '1층', '관리비20만원이하', '주차가능']",37.489496,126.946163
2523321408,일반상가,월세,4/5,170,"3,500",115,99,남향,20250502,"['25년이상', '융자금적은', '역세권', '고층']",37.476511,126.965643
2523323432,일반상가,월세,B1/10,"1,200",2억,572,466,북향,20250502,"['25년이내', '역세권', '지하층', '주차가능']",37.481309,126.94961
2523477558,일반상가,월세,3/5,120,"2,000",107,107,동향,20250502,"['25년이상', '역세권', '중층', '주차가능']",37.47729,126.958755
2523319930,일반상가,월세,1/4,280,"6,500",56,56,북서향,20250502,"['25년이상', '역세권', '1층', '총4층']",37.484351,126.956329
2523326143,일반상가,월세,2/2,580,1억,280,280,남서향,20250502,"['25년이상', '역세권', '고층', '총2층']",37.489582,126.928369
2523387706,일반상가,월세,1/3,230,"3,000",91,91,동향,20250502,"['25년이상', '역세권', '1층', '총3층']",37.482907,126.942062
2523591636,일반상가,월세,1/3,50,500,19,19,북서향,20250502,"['25년이상', '역세권', '1층', '총3층']",37.490704,126.929943
2523570832,일반상가,월세,4/6,220,"3,000",180,145,남서향,20250502,"['25년이상', '역세권', '중층', '주차가능']",37.479291,126.95872
2523547184,일반상가,월세,1/20,365,"6,000",72,61,북서향,20250502,"['15년이내', '역세권', '1층', '주차가능']",37.481114,126.950665
2523445729,일반상가,월세,1/3,135,"3,500",52,32,북향,20250502,"['25년이상', '1층', '주차가능', '총3층']",37.485888,126.938453
2523390770,일반상가,월세,1/4,90,"1,000",23,23,동향,20250502,"['25년이상', '융자금적은', '1층', '총4층']",37.479884,126.958719
2523377383,일반상가,월세,1/4,280,"9,000",81,79,남향,20250502,"['25년이상', '융자금적은', '역세권', '1층']",37.475527,126.965909
2523378565,일반상가,월세,1/2,120,"1,300",41,33,남향,20250502,"['25년이상', '융자금적은', '역세권', '1층']",37.47526,126.966483
2523382075,일반상가,월세,1/4,70,"1,000",22,22,북향,20250502,"['25년이상', '역세권', '1층', '관리비10만원이하']",37.484017,126.941723
2523390420,일반상가,월세,1/5,120,"1,500",36,36,남서향,20250502,"['25년이상', '융자금적은', '1층', '관리비20만원이하']",37.477723,126.95843
2523383681,일반상가,월세,1/3,75,"1,000",39,39,북서향,20250502,"['25년이상', '1층', '관리비10만원이하', '총3층']",37.486992,126.949124
2523420243,일반상가,월세,1/3,270,"3,000",99,90,동향,20250502,"['25년이상', '1층', '총3층', '동향']",37.476371,126.958792
2523216150,일반상가,월세,4/6,180,"3,000",98,72,남동향,20250502,"['25년이상', '역세권', '중층', '관리비20만원이하']",37.483449,126.953734
2523293988,일반상가,월세,1/7,230,"3,000",163,82,남동향,20250502,"['10년이내', '역세권', '1층', '관리비20만원이하']",37.47767,126.96382
2523468715,일반상가,월세,1/2,80,"1,000",87,33,북향,20250502,"['25년이상', '1층', '총2층', '북향']",37.486498,126.94955
2523229326,일반상가,월세,3/10,730,1억,314,250,북향,20250502,"['25년이내', '역세권', '지상층(1층제외)', '주차가능']",37.481309,126.94961
2523317225,일반상가,월세,2/7,400,"4,000",218,218,동향,20250502,"['25년이상', '역세권', '지상층(1층제외)', '주차가능']",37.483075,126.953597
2523401617,일반상가,월세,B1/6,60,"2,000",23,15,동향,20250502,"['10년이내', '지하층', '관리비10만원이하', '주차가능']",37.487497,126.943918
2523441489,일반상가,월세,2/3,150,"1,000",205,39,서향,20250502,"['25년이상', '중층', '총3층', '서향']",37.485907,126.956875
2523402558,일반상가,월세,1/3,250,"4,000",85,85,동향,20250502,"['25년이상', '융자금적은', '역세권', '1층']",37.475175,126.965519
2523493296,일반상가,월세,2/5,550,"1억 5,000",185,155,남향,20250502,"['25년이상', '역세권', '중층', '주차가능']",37.48046,126.953468
2523491006,일반상가,월세,1/4,70,"1,000",23,23,북서향,20250502,"['25년이상', '역세권', '1층', '관리비10만원이하']",37.484017,126.941723
2523468580,일반상가,월세,1/8,550,"8,000",112,112,남향,20250502,"['25년이내', '역세권', '1층', '관리비10만원이하']",37.481907,126.949931
2523420164,일반상가,월세,2/5,260,"3,000",140,138,동향,20250502,"['25년이상', '융자금적은', '역세권', '중층']",37.479752,126.955631
2523494964,일반상가,월세,B1/5,260,"4,500",198,198,북향,20250502,"['25년이상', '역세권', '지하층', '주차가능']",37.481885,126.952535
2523400079,일반상가,월세,2/3,130,"2,000",38,38,북향,20250502,"['25년이상', '중층', '총3층', '북향']",37.488077,126.95981
2523409130,일반상가,월세,2/3,120,"1,500",23,23,북향,20250502,"['25년이상', '융자금없는', '중층', '총3층']",37.485143,126.956591
2523318801,일반상가,월세,1/4,140,"3,000",33,33,북서향,20250502,"['25년이상', '역세권', '1층', '총4층']",37.484351,126.956329
2523245921,일반상가,월세,1/5,70,"1,000",20,15,서향,20250502,"['10년이내', '1층', '주차가능', '총5층']",37.473505,126.966885
2523281228,단지내상가,매매,2/4,,"1억 7,000",38,25,남동향,20250502,"['25년이상', '중층', '주차가능', '총4층']",37.492261,126.95846
2523216881,일반상가,월세,1/3,150,"1,000",39,33,서향,20250502,"['25년이상', '역세권', '1층', '총3층']",37.475179,126.967168
2523331948,일반상가,월세,B1/2,115,"1,000",52,52,남동향,20250502,"['25년이상', '역세권', '지하층', '총2층']",37.482119,126.954101
2523332528,일반상가,월세,1/2,50,"1,000",21,12,서향,20250502,"['25년이상', '1층', '총2층', '서향']",37.487278,126.939926
2523333613,일반상가,월세,1/3,330,"4,500",52,52,남서향,20250502,"['25년이상', '역세권', '1층', '관리비20만원이하']",37.478803,126.959867
2523362227,일반상가,월세,B1/3,50,"1,000",89,89,남향,20250502,"['25년이상', '지하층', '총3층', '남향']",37.480029,126.945919
2523339900,일반상가,월세,1/5,180,"2,000",58,33,남동향,20250502,"['25년이상', '역세권', '1층', '주차가능']",37.480227,126.954681
2523362415,일반상가,월세,1/3,187,"3,000",66,66,북향,20250502,"['25년이상', '역세권', '1층', '총3층']",37.479327,126.944583
2523213876,일반상가,월세,B1/5,70,"1,000",69,60,북향,20250502,"['25년이상', '역세권', '지하층', '관리비10만원이하']",37.483468,126.953318
2523298860,일반상가,월세,B1/5,90,"2,000",136,136,북향,20250502,"['25년이상', '지하층', '총5층', '북향']",37.486788,126.938004
2523505495,일반상가,월세,2/4,120,"1,000",76,76,서향,20250502,"['25년이상', '중층', '주차가능', '총4층']",37.479996,126.959135
2523506372,일반상가,월세,1/4,125,"3,000",42,42,남향,20250502,"['25년이상', '역세권', '1층', '관리비10만원이하']",37.482624,126.950836
2523543798,일반상가,월세,1/4,100,"2,000",39,39,남동향,20250502,"['25년이내', '1층', '관리비10만원이하', '주차가능']",37.476833,126.954761
2523538330,일반상가,월세,1/4,100,"2,000",28,28,남서향,20250502,"['25년이상', '융자금없는', '1층', '총4층']",37.479501,126.946027
2523519334,일반상가,월세,1/4,100,"1,000",42,41,남동향,20250502,"['25년이상', '융자금없는', '역세권', '1층']",37.483303,126.953194
2523505991,일반상가,월세,1/2,80,"1,000",13,13,남서향,20250502,"['25년이상', '1층', '총2층', '남서향']",37.472044,126.967008
2523502192,일반상가,월세,1/5,120,"2,000",24,24,동향,20250502,"['25년이상', '1층', '총5층', '동향']",37.485735,126.946755
2523502222,일반상가,월세,1/5,100,"2,000",46,46,북향,20250502,"['4년이내', '1층', '관리비10만원이하', '주차가능']",37.478328,126.947127
2523468455,일반상가,월세,3/5,480,"7,000",185,175,남향,20250502,"['25년이상', '융자금적은', '역세권', '중층']",37.48046,126.953468
2523499376,일반상가,월세,1/2,60,300,33,33,서향,20250502,"['25년이상', '융자금없는', '역세권', '1층']",37.48336,126.956396
2523522434,일반상가,월세,1/7,320,1억,77,45,남서향,20250502,"['25년이내', '역세권', '1층', '주차가능']",37.490034,126.927109
2523585851,일반상가,월세,B1/8,900,"1억 5,000",515,429,남향,20250502,"['10년이내', '융자금적은', '역세권', '지하층']",37.481859,126.950401
2523604932,일반상가,월세,B1/14,250,"3,000",347,214,남향,20250502,"['10년이내', '융자금없는', '역세권', '지하층']",37.480788,126.955196
2523606374,일반상가,월세,1/3,230,"4,000",23,23,서향,20250502,"['25년이상', '역세권', '1층', '관리비20만원이하']",37.47535,126.965736
2523573511,일반상가,월세,1/7,220,"3,000",99,99,북동향,20250502,"['25년이상', '역세권', '1층', '북동향']",37.483158,126.939152
2523449498,일반상가,월세,2/2,300,"2,000",108,108,북향,20250502,"['25년이상', '융자금적은', '역세권', '고층']",37.478082,126.95275
2523449319,일반상가,월세,4/9,"1,700",2억,569,569,남향,20250502,"['25년이상', '융자금적은', '역세권', '중층']",37.482046,126.948646
2523244219,일반상가,월세,B1/6,80,"1,000",47,47,,20250502,"['25년이내', '테라스', '지하층', '관리비10만원이하']",37.486584,126.952035
2523320148,일반상가,월세,2/4,250,"3,000",83,83,서향,20250502,"['2년이내', '중층', '주차가능', '엘리베이터']",37.47747,126.957527
2523319204,일반상가,월세,3/7,150,"3,000",99,99,북향,20250502,"['25년이상', '역세권', '중층', '관리비20만원이하']",37.482339,126.9485
2523321455,복합상가,월세,1/7,280,"3,000",46,46,북향,20250502,"['25년이상', '역세권', '1층', '관리비10만원이하']",37.491248,126.92622
2523311304,일반상가,월세,1/4,100,"1,000",46,46,동향,20250502,"['4년이내', '역세권', '1층', '총4층']",37.485675,126.939162
2523334439,일반상가,월세,2/5,300,"3,000",163,150,남서향,20250502,"['25년이내', '융자금없는', '중층', '주차가능']",37.477865,126.958901
2523608960,일반상가,월세,13/14,450,"8,000",260,150,남동향,20250502,"['15년이내', '융자금적은', '역세권', '고층']",37.480738,126.953508
2523332902,단지내상가,월세,1/3,150,"1,000",33,33,동향,20250502,"['25년이상', '역세권', '1층', '주차가능']",37.494085,126.928169
2523334077,일반상가,월세,1/15,506,"1억 5,000",59,33,동향,20250502,"['25년이내', '역세권', '1층', '주차가능']",37.48011,126.95297
2523389984,일반상가,월세,1/1,160,"2,000",57,57,동향,20250502,"['25년이상', '역세권', '1층', '동향']",37.482971,126.954469
2523375862,일반상가,월세,1/4,100,"3,000",43,43,남향,20250502,"['25년이상', '역세권', '1층', '총4층']",37.481264,126.947738
2523390293,일반상가,월세,1/4,200,"2,000",25,25,남서향,20250502,"['25년이상', '융자금적은', '역세권', '1층']",37.480231,126.9541
2523232562,일반상가,월세,1/5,280,"5,000",80,80,남향,20250502,"['2년이내', '역세권', '1층', '관리비10만원이하']",37.478262,126.952912
2523390796,일반상가,월세,1/9,100,"1,000",113,26,동향,20250502,"['10년이내', '융자금적은', '1층', '관리비10만원이하']",37.486127,126.936773
2523377288,일반상가,월세,1/3,70,"1,000",28,28,북동향,20250502,"['25년이상', '역세권', '1층', '총3층']",37.482582,126.939301
2523328678,일반상가,월세,1/3,170,"3,500",38,38,동향,20250502,"['25년이상', '융자금없는', '역세권', '1층']",37.490152,126.927354
2523327242,일반상가,월세,4/19,"1,700",3억,600,380,서향,20250502,"['2년이내', '역세권', '지상층(1층제외)', '주차가능']",37.482674,126.954059
2523306754,일반상가,월세,1/3,70,"1,000",21,21,동향,20250502,"['25년이상', '1층', '총3층', '동향']",37.483968,126.946476
2523323019,일반상가,월세,1/4,900,"1억 5,000",99,99,남서향,20250502,"['25년이상', '역세권', '1층', '관리비20만원이하']",37.480231,126.9541
2523307102,일반상가,월세,1/4,80,"1,000",23,23,동향,20250502,"['25년이내', '1층', '관리비10만원이하', '총4층']",37.483873,126.946461
2523390088,일반상가,월세,1/3,90,"1,000",163,29,북향,20250502,"['25년이상', '1층', '관리비10만원이하', '총3층']",37.486671,126.939575
2523607418,일반상가,월세,2/5,200,"2,000",61,61,남향,20250502,"['25년이상', '역세권', '중층', '관리비10만원이하']",37.483286,126.940273
2523546629,일반상가,월세,1/8,129,"3,500",59,59,서향,20250502,"['25년이내', '1층', '관리비10만원이하', '주차가능']",37.485888,126.938453
2523574683,일반상가,월세,1/5,82,"1,000",43,19,북향,20250502,"['10년이내', '1층', '관리비10만원이하', '총5층']",37.4776,126.955454
2523555061,일반상가,월세,1/14,100,"1,500",20,20,남동향,20250502,"['10년이내', '역세권', '1층', '관리비10만원이하']",37.483997,126.95597
2523545414,일반상가,월세,1/2,54,"1,000",40,40,남동향,20250502,"['25년이상', '역세권', '1층', '총2층']",37.489178,126.930115
2523545373,일반상가,월세,1/4,330,"5,000",66,66,남동향,20250502,"['25년이상', '역세권', '1층', '주차가능']",37.475738,126.964223
2523580996,일반상가,월세,1/3,60,600,26,26,북서향,20250502,"['25년이상', '역세권', '1층', '총3층']",37.490881,126.930196
2523594500,일반상가,월세,1/19,300,"4,000",85,46,서향,20250502,"['25년이내', '역세권', '1층', '주차가능']",37.479666,126.952859
2523612694,일반상가,월세,B1/7,"1,190","1억 2,000",634,595,남향,20250502,"['25년이상', '융자금없는', '역세권', '지하층']",37.482046,126.948646
2523607481,일반상가,월세,7/10,280,"4,000",195,156,동향,20250502,"['25년이상', '고층', '관리비10만원이하', '주차가능']",37.485509,126.955532
2523608655,일반상가,월세,B1/5,140,"2,000",115,115,남향,20250502,"['25년이상', '역세권', '지하층', '관리비10만원이하']",37.483286,126.940273
2523614793,일반상가,월세,1/4,120,"2,000",19,19,남향,20250502,"['25년이상', '역세권', '1층', '관리비10만원이하']",37.475943,126.965097
2523608110,일반상가,월세,1/6,280,"3,000",66,66,서향,20250502,"['25년이내', '역세권', '1층', '관리비20만원이하']",37.48069,126.946471
2523532142,일반상가,월세,1/3,131,"2,000",19,19,동향,20250502,"['25년이상', '역세권', '1층', '총3층']",37.482811,126.943502
2523505168,일반상가,월세,1/3,130,"2,000",39,39,동향,20250502,"['25년이상', '역세권', '1층', '총3층']",37.489894,126.928788
2523505184,일반상가,월세,1/3,131,"2,000",44,19,동향,20250502,"['25년이상', '역세권', '1층', '총3층']",37.482811,126.943502
2523532096,일반상가,월세,B1/3,120,"1,500",107,107,남향,20250502,"['25년이상', '역세권', '지하층', '관리비20만원이하']",37.478228,126.961385
2523330872,일반상가,월세,6/6,400,"8,000",151,145,남향,20250502,"['25년이상', '역세권', '고층', '주차가능']",37.482292,126.946109
2523335575,단지내상가,월세,1/4,100,"2,000",39,32,남동향,20250502,"['25년이내', '1층', '관리비10만원이하', '주차가능']",37.491797,126.942699
2523500808,일반상가,월세,1/7,246,"3,000",66,66,남향,20250502,"['25년이내', '융자금없는', '1층', '주차가능']",37.486279,126.941095
2523400658,일반상가,월세,1/4,270,"3,500",58,57,남서향,20250502,"['25년이상', '1층', '총4층', '남서향']",37.478195,126.957429
2523287239,단지내상가,월세,1/2,150,"3,000",41,22,북향,20250502,"['25년이내', '역세권', '1층', '관리비10만원이하']",37.484547,126.942903
2523215360,일반상가,월세,1/4,130,"2,000",53,51,서향,20250502,"['25년이내', '융자금없는', '역세권', '1층']",37.475276,126.966698
2523215492,단지내상가,매매,B1/10,,20억,1017,735,북향,20250502,"['25년이상', '역세권', '급매', '지하층']",37.479297,126.950859
2523218434,일반상가,매매,5/15,,"9억 9,000",273,162,남향,20250502,"['25년이상', '역세권', '지상층(1층제외)', '주차가능']",37.481088,126.95092
2523495770,일반상가,월세,3/4,140,"3,000",132,119,남서향,20250502,"['25년이내', '역세권', '고층', '주차가능']",37.487742,126.932506
2523493208,일반상가,월세,1/4,140,"2,000",48,48,북서향,20250502,"['10년이내', '1층', '주차가능', '총4층']",37.486977,126.958812
2523498194,일반상가,월세,1/5,120,"2,000",33,33,남향,20250502,"['10년이내', '1층', '주차가능', '총5층']",37.486504,126.936383
2523389921,일반상가,월세,1/4,165,"2,000",39,39,동향,20250502,"['25년이상', '역세권', '1층', '관리비10만원이하']",37.476212,126.961355
2523520270,일반상가,월세,1/5,90,"1,000",40,40,북향,20250502,"['10년이내', '1층', '관리비10만원이하', '주차가능']",37.4776,126.955454
2523378036,일반상가,월세,1/3,70,"1,000",22,22,북서향,20250502,"['25년이상', '역세권', '1층', '총3층']",37.484869,126.937446
2523390747,일반상가,월세,1/4,80,500,93,33,동향,20250502,"['25년이상', '융자금적은', '1층', '관리비10만원이하']",37.479797,126.958335
2523390111,일반상가,월세,1/2,360,"6,000",56,56,서향,20250502,"['25년이상', '융자금적은', '1층', '총2층']",37.477924,126.957974
2523474600,일반상가,월세,B1/14,240,"3,000",350,216,서향,20250502,"['10년이내', '융자금없는', '역세권', '지하층']",37.480788,126.955196
2523366124,일반상가,월세,1/3,185,"2,500",49,49,북향,20250502,"['25년이상', '융자금적은', '역세권', '1층']",37.479347,126.957002
2523355811,일반상가,월세,8/14,750,1억,369,369,북동향,20250502,"['25년이내', '역세권', '중층', '주차가능']",37.480507,126.954045
2523356721,일반상가,월세,3/6,200,"2,000",69,69,서향,20250501,"['10년이내', '융자금없는', '역세권', '중층']",37.490349,126.925614
2523387853,일반상가,월세,B1/3,60,"1,000",79,79,남향,20250501,"['25년이상', '역세권', '지하층', '총3층']",37.483381,126.953321
2523334766,일반상가,매매,1/15,,"3억 5,000",9,9,남동향,20250501,"['25년이내', '역세권', '1층', '남동향']",37.481054,126.952215
2523180302,일반상가,월세,1/6,220,"3,000",56,56,남향,20250430,"['25년이내', '융자금적은', '역세권', '1층']",37.478926,126.957501
2523179521,일반상가,월세,1/1,200,"3,000",33,33,남향,20250430,"['10년이내', '융자금적은', '1층', '관리비10만원이하']",37.477914,126.941862
2523181033,일반상가,월세,1/3,85,"1,000",132,33,남향,20250430,"['25년이상', '융자금적은', '역세권', '1층']",37.485802,126.940722
2523200694,일반상가,월세,1/4,70,"1,000",16,16,남향,20250430,"['25년이상', '1층', '총4층', '남향']",37.487511,126.933036
2523195419,일반상가,월세,1/4,190,"3,000",52,49,남향,20250430,"['25년이상', '융자금적은', '역세권', '1층']",37.47464,126.966747
2523192756,일반상가,월세,1/2,90,"1,500",20,20,서향,20250430,"['25년이상', '역세권', '1층', '총2층']",37.479411,126.942538
2523196994,일반상가,월세,1/6,180,"1,000",69,60,북동향,20250430,"['10년이내', '역세권', '1층', '주차가능']",37.490963,126.928394
2523180978,일반상가,월세,2/5,120,"1,500",36,36,서향,20250430,"['25년이상', '융자금적은', '중층', '관리비20만원이하']",37.477723,126.95843
2523180492,일반상가,월세,1/3,150,"3,000",56,56,남향,20250430,"['25년이상', '역세권', '1층', '관리비20만원이하']",37.484626,126.937319
2523196670,일반상가,월세,2/5,70,"2,000",36,36,남향,20250430,"['2년이내', '융자금적은', '중층', '주차가능']",37.484545,126.947897
2523198849,일반상가,월세,B1/2,100,"2,000",91,79,북향,20250430,"['25년이상', '지하층', '총2층', '북향']",37.486152,126.952741
2523190421,일반상가,월세,1/5,110,"2,000",92,33,남향,20250430,"['25년이상', '역세권', '1층', '주차가능']",37.482725,126.950269
2523180450,일반상가,월세,B1/5,130,"3,000",111,111,서향,20250430,"['25년이상', '융자금적은', '역세권', '지하층']",37.479374,126.943848
2523168053,일반상가,월세,B1/3,60,"1,000",66,66,북동향,20250430,"['25년이상', '역세권', '지하층', '총3층']",37.482152,126.938864
2523180387,일반상가,월세,1/2,150,"3,000",26,26,남향,20250430,"['25년이내', '융자금적은', '역세권', '1층']",37.484547,126.942903
2523035203,일반상가,월세,1/5,60,"1,000",61,16,남향,20250430,"['10년이내', '1층', '관리비10만원이하', '총5층']",37.486806,126.939924
2523195655,일반상가,월세,1/4,150,"3,000",54,54,남향,20250430,"['25년이상', '융자금적은', '역세권', '1층']",37.475082,126.962828
2523200337,일반상가,월세,B1/3,64,"1,000",89,80,남향,20250430,"['25년이상', '역세권', '지하층', '총3층']",37.483819,126.943863
2523194974,일반상가,월세,1/2,150,"2,000",66,66,남향,20250430,"['25년이상', '융자금적은', '역세권', '1층']",37.48987,126.928207
2523209480,일반상가,월세,B1/3,64,"1,000",85,85,남향,20250430,"['25년이상', '융자금적은', '역세권', '지하층']",37.483819,126.943863
2523201548,일반상가,월세,1/2,450,"5,000",106,106,서향,20250430,"['25년이상', '1층', '주차가능', '천장에어컨']",37.476767,126.958566
2523207763,일반상가,월세,1/3,140,"1,000",33,33,남향,20250430,"['25년이상', '융자금적은', '역세권', '1층']",37.481704,126.941544
2523215233,일반상가,월세,1/7,210,"5,000",36,36,남향,20250430,"['25년이내', '1층', '관리비20만원이하', '주차가능']",37.486466,126.938273
2523180775,일반상가,월세,B1/10,"1,200",2억,572,476,북서향,20250430,"['25년이내', '역세권', '지하층', '주차가능']",37.481309,126.94961
2523158007,일반상가,월세,1/2,100,"1,000",30,30,북향,20250430,"['25년이상', '역세권', '1층', '총2층']",37.482264,126.939969
2523136285,일반상가,월세,1/5,83,"1,500",20,20,동향,20250430,"['25년이상', '역세권', '1층', '주차가능']",37.483387,126.946388
2523029085,일반상가,월세,4/4,140,"1,000",56,56,남서향,20250430,"['25년이상', '역세권', '고층', '관리비10만원이하']",37.477972,126.962042
2523179988,일반상가,월세,2/3,300,"4,000",172,165,남향,20250430,"['25년이상', '융자금적은', '역세권', '중층']",37.49116,126.927368
2523021146,일반상가,월세,B1/5,600,1억,419,419,동향,20250430,"['25년이상', '역세권', '지하층', '엘리베이터']",37.475,126.966636
2523226405,일반상가,월세,B1/3,60,"1,000",79,71,남향,20250430,"['25년이상', '역세권', '지하층', '총3층']",37.483381,126.953321
2523104709,일반상가,월세,3/7,400,1억,229,229,북향,20250430,"['25년이상', '역세권', '중층', '주차가능']",37.481976,126.943019
2523180894,일반상가,월세,2/10,"1,200",2억,278,247,북서향,20250430,"['25년이내', '역세권', '지상층(1층제외)', '주차가능']",37.481309,126.94961
2523195407,일반상가,월세,1/7,"3,660",3억,606,512,남향,20250430,"['25년이상', '융자금적은', '역세권', '1층']",37.482046,126.948646
2523202249,일반상가,월세,1/5,150,"2,000",30,30,남향,20250430,"['25년이상', '융자금적은', '1층', '관리비10만원이하']",37.479186,126.94527
2523207805,일반상가,월세,2/5,150,"2,000",112,66,북향,20250430,"['10년이내', '융자금적은', '역세권', '중층']",37.479502,126.942315
2523191844,일반상가,월세,1/4,80,"1,000",23,23,북향,20250430,"['25년이상', '1층', '관리비10만원이하', '총4층']",37.48331,126.947188
2523207944,일반상가,월세,1/5,80,"2,000",23,23,남향,20250430,"['25년이상', '융자금없는', '역세권', '1층']",37.48387,126.941172
2523104312,일반상가,월세,1/3,230,"3,000",82,82,동향,20250430,"['25년이상', '역세권', '1층', '주차가능']",37.482907,126.942062
2523194301,일반상가,월세,2/6,400,"5,000",146,146,남향,20250430,"['25년이내', '융자금적은', '역세권', '지상층(1층제외)']",37.483601,126.938151
2523194243,일반상가,월세,1/4,75,500,30,30,남향,20250430,"['25년이상', '융자금적은', '1층', '주차가능']",37.486788,126.938004
2523111449,일반상가,월세,1/2,88,"1,000",29,29,북향,20250430,"['25년이상', '역세권', '1층', '관리비10만원이하']",37.474249,126.967373
2523157108,일반상가,월세,1/5,270,"5,000",46,46,북동향,20250430,"['25년이상', '1층', '주차가능', '총5층']",37.478915,126.94858
2523180998,일반상가,월세,1/2,220,"5,000",36,36,남향,20250430,"['25년이상', '융자금적은', '역세권', '1층']",37.475623,126.965809
2523015289,일반상가,월세,3/4,130,"3,000",99,99,북향,20250430,"['25년이상', '고층', '관리비10만원이하', '주차가능']",37.486629,126.944498
2523177932,일반상가,월세,4/7,500,"5,500",195,160,남향,20250430,"['15년이내', '융자금적은', '역세권', '중층']",37.479101,126.953164
2523208147,일반상가,월세,1/2,80,"1,500",20,20,서향,20250430,"['25년이상', '1층', '총2층', '서향']",37.484961,126.94693
2523195416,일반상가,월세,1/6,200,"5,000",30,30,남향,20250430,"['25년이내', '융자금적은', '역세권', '1층']",37.478669,126.955006
2523016522,일반상가,월세,1/5,272,"1,800",56,56,북동향,20250430,"['25년이상', '역세권', '1층', '관리비10만원이하']",37.476212,126.963454
2523026117,일반상가,월세,1/4,610,"8,000",82,82,서향,20250430,"['25년이상', '역세권', '1층', '관리비20만원이하']",37.479257,126.953264
2523015858,일반상가,월세,1/2,105,"1,000",14,14,북향,20250430,"['25년이상', '역세권', '1층', '총2층']",37.481311,126.944506
2523011260,일반상가,월세,1/4,80,"1,000",59,26,북향,20250430,"['25년이상', '1층', '관리비10만원이하', '주차가능']",37.48331,126.947188
2523158645,일반상가,월세,3/5,95,"1,000",49,41,북향,20250430,"['25년이내', '역세권', '중층', '관리비20만원이하']",37.482472,126.940821
2523035437,일반상가,월세,1/4,230,"4,000",50,50,동향,20250430,"['15년이내', '융자금적은', '역세권', '1층']",37.479076,126.955606
2523017678,일반상가,월세,1/3,74,"1,300",23,23,남향,20250430,"['25년이상', '1층', '관리비10만원이하', '총3층']",37.48607,126.954933
2523024503,단지내상가,매매,1/6,,"1억 7,000",45,22,북향,20250430,"['25년이내', '1층', '관리비10만원이하', '주차가능']",37.489763,126.950616
2523102604,일반상가,월세,1/4,320,"5,000",59,59,남향,20250430,"['25년이상', '융자금적은', '역세권', '1층']",37.476932,126.964686
2523143260,일반상가,월세,1/2,100,"1,000",33,33,북향,20250430,"['25년이상', '융자금적은', '역세권', '1층']",37.482264,126.939969
2523101502,일반상가,월세,1/5,120,"2,000",19,19,동향,20250430,"['25년이상', '융자금적은', '1층', '관리비10만원이하']",37.485735,126.946755
2523165149,일반상가,월세,1/9,435,"7,600",132,132,북향,20250430,"['10년이내', '역세권', '1층', '주차가능']",37.482106,126.950486
2523035419,일반상가,월세,1/6,280,"3,000",72,72,남서향,20250430,"['25년이내', '융자금적은', '역세권', '1층']",37.48069,126.946471
2523024550,일반상가,월세,1/5,130,"2,000",33,33,서향,20250430,"['10년이내', '1층', '관리비10만원이하', '주차가능']",37.478668,126.947374
2523203478,일반상가,월세,2/3,300,"4,000",172,150,동향,20250430,"['25년이상', '역세권', '중층', '총3층']",37.49116,126.927368
2523205066,일반상가,월세,2/5,150,"3,000",66,66,남향,20250430,"['25년이상', '융자금적은', '역세권', '중층']",37.476159,126.966679
2523015905,일반상가,월세,B1/4,60,"1,000",83,83,남향,20250430,"['25년이상', '역세권', '지하층', '주차가능']",37.48317,126.945327
2523030935,일반상가,월세,1/4,120,"2,500",32,24,북향,20250430,"['25년이상', '역세권', '1층', '총4층']",37.475227,126.966131
2523209734,일반상가,월세,B1/2,300,"3,000",136,115,서향,20250430,"['25년이상', '지하층', '총2층', '서향']",37.477994,126.95688
2523225773,일반상가,월세,3/4,100,"2,000",91,91,남향,20250430,"['25년이상', '역세권', '고층', '주차가능']",37.483712,126.941574
2523220823,일반상가,월세,B1/3,65,500,43,39,동향,20250430,"['25년이상', '역세권', '지하층', '총3층']",37.474546,126.963703
2523182258,일반상가,월세,1/3,120,"3,000",42,42,서향,20250430,"['25년이상', '역세권', '1층', '관리비10만원이하']",37.476681,126.952762
2523215235,일반상가,월세,B1/3,60,"1,000",76,66,남향,20250430,"['25년이상', '역세권', '지하층', '관리비10만원이하']",37.483671,126.94502
2523216151,일반상가,월세,B1/5,65,"1,000",74,66,북동향,20250430,"['25년이상', '지하층', '관리비10만원이하', '총5층']",37.485382,126.936558
2523189533,일반상가,월세,1/2,600,"8,000",85,85,동향,20250430,"['25년이상', '융자금없는', '역세권', '1층']",37.478719,126.9548
2523194425,일반상가,월세,3/4,300,"5,000",198,198,남향,20250430,"['25년이상', '융자금적은', '역세권', '고층']",37.474173,126.966059
2522914607,일반상가,월세,4/8,300,"5,000",284,173,서향,20250429,"['25년이내', '중층', '주차가능', '서향']",37.486168,126.94736
2522839629,일반상가,월세,1/8,260,"4,000",98,89,남서향,20250429,"['25년이상', '역세권', '1층', '관리비10만원이하']",37.477384,126.961485
2522820656,일반상가,월세,1/2,170,"1,500",33,33,북향,20250429,"['25년이상', '1층', '총2층', '북향']",37.47921,126.945568
2522822156,일반상가,월세,1/4,170,"2,500",56,56,서향,20250429,"['25년이상', '1층', '총4층', '서향']",37.479501,126.946027
2522879303,일반상가,월세,B1/4,60,"1,000",97,96,남서향,20250429,"['25년이상', '역세권', '지하층', '관리비10만원이하']",37.480431,126.956785
2522873157,일반상가,월세,1/6,330,"5,000",77,36,남향,20250429,"['25년이상', '융자금없는', '역세권', '1층']",37.490108,126.926339
2522878572,일반상가,월세,2/7,90,"1,000",62,62,북향,20250429,"['25년이상', '역세권', '지상층(1층제외)', '관리비10만원이하']",37.482339,126.9485
2522887495,단지내상가,월세,1/2,70,"1,000",29,26,북서향,20250429,"['25년이상', '역세권', '1층', '총2층']",37.476106,126.961572
2522910663,복합상가,월세,1/23,171,"1,000",12,12,남향,20250429,"['25년이상', '역세권', '1층', '주차가능']",37.491151,126.925099
2522897653,일반상가,월세,1/3,70,"1,000",26,26,서향,20250429,"['25년이상', '역세권', '1층', '총3층']",37.484869,126.937446
2522865662,일반상가,월세,1/6,280,"5,000",50,50,북서향,20250429,"['25년이상', '역세권', '1층', '관리비20만원이하']",37.483449,126.953734
2522897369,일반상가,월세,2/2,300,"3,000",123,123,동향,20250429,"['25년이상', '융자금없는', '역세권', '고층']",37.482509,126.95267
2522908327,일반상가,월세,1/2,105,"1,000",72,56,동향,20250429,"['25년이상', '1층', '총2층', '동향']",37.485876,126.939199
2522894567,일반상가,월세,B1/3,50,500,53,53,서향,20250429,"['25년이상', '역세권', '지하층', '총3층']",37.490704,126.929943
2522911848,일반상가,월세,1/2,100,"1,000",31,31,동향,20250429,"['25년이상', '역세권', '1층', '총2층']",37.484685,126.955792
2522818188,일반상가,월세,4/6,185,"3,000",142,142,남향,20250429,"['25년이상', '중층', '주차가능', '엘리베이터']",37.486813,126.934647
2522993514,일반상가,월세,1/7,100,"2,000",31,23,북향,20250429,"['4년이내', '역세권', '1층', '관리비10만원이하']",37.485121,126.9391
2522903106,일반상가,월세,B1/14,240,"3,000",350,216,서향,20250429,"['10년이내', '역세권', '지하층', '주차가능']",37.480663,126.955297
2522909114,일반상가,월세,4/10,730,1억,305,247,북향,20250429,"['25년이내', '역세권', '중층', '주차가능']",37.481309,126.94961
2522906488,일반상가,월세,1/3,95,"1,000",28,28,서향,20250429,"['25년이상', '역세권', '1층', '총3층']",37.474302,126.966972
2522946503,일반상가,월세,B1/5,80,"2,000",118,118,동향,20250429,"['25년이상', '역세권', '지하층', '주차가능']",37.473827,126.965131
2522778137,일반상가,월세,1/1,110,"3,000",19,19,서향,20250429,"['25년이상', '융자금적은', '역세권', '1층']",37.483957,126.954217
2522804227,일반상가,월세,1/4,150,"1,500",30,30,동향,20250429,"['10년이내', '역세권', '1층', '관리비10만원이하']",37.475297,126.966893
2522915250,일반상가,월세,B1/7,160,"2,000",280,115,동향,20250429,"['25년이내', '지하층', '주차가능', '동향']",37.484668,126.946389
2522915009,일반상가,월세,2/2,250,"3,000",128,110,동향,20250429,"['25년이상', '고층', '총2층', '동향']",37.486254,126.946798
2522907916,일반상가,월세,1/3,150,"2,000",77,56,남서향,20250429,"['25년이상', '역세권', '1층', '총3층']",37.484626,126.937319
2522890534,일반상가,월세,2/2,120,"2,000",109,66,북동향,20250429,"['25년이상', '역세권', '고층', '총2층']",37.481724,126.944682
2523017905,일반상가,월세,3/5,55,"1,000",39,39,동향,20250429,"['25년이내', '중층', '관리비10만원이하', '주차가능']",37.486576,126.956634
2522804429,일반상가,월세,1/4,180,"2,000",80,80,북서향,20250429,"['25년이내', '1층', '주차가능', '총4층']",37.488204,126.952491
2522804261,일반상가,월세,1/4,290,"5,000",104,89,남서향,20250429,"['10년이내', '1층', '관리비20만원이하', '주차가능']",37.477455,126.956704
2522842985,일반상가,월세,1/1,340,"8,000",73,33,,20250429,"['25년이상', '융자금적은', '역세권', '1층']",37.482488,126.943249
2522805829,일반상가,월세,1/9,250,"5,000",46,36,동향,20250429,"['2년이내', '역세권', '1층', '관리비10만원이하']",37.48082,126.947478
2522854017,일반상가,월세,1/3,150,"1,000",29,29,서향,20250429,"['25년이상', '역세권', '1층', '주차가능']",37.475179,126.967168
2522857796,일반상가,월세,4/5,120,"3,000",112,112,남향,20250429,"['25년이내', '역세권', '고층', '관리비20만원이하']",37.489313,126.92904
2522827777,일반상가,매매,2/6,,"3억 5,000",71,58,서향,20250429,"['10년이내', '지상층(1층제외)', '관리비10만원이하', '주차가능']",37.48759,126.946787
2522918552,일반상가,월세,3/6,140,"2,400",79,79,남향,20250429,"['15년이내', '역세권', '중층', '주차가능']",37.482651,126.950588
2522922161,일반상가,월세,B1/3,70,"1,000",82,82,북향,20250429,"['25년이상', '역세권', '지하층', '총3층']",37.475943,126.962478
2522879769,일반상가,월세,1/5,125,"2,000",24,24,남향,20250429,"['25년이상', '역세권', '1층', '관리비10만원이하']",37.483556,126.94211
2522914904,일반상가,월세,4/6,270,"5,000",266,110,서향,20250429,"['25년이상', '중층', '주차가능', '서향']",37.484583,126.947011
2522911820,일반상가,월세,2/3,126,"2,000",70,70,북향,20250429,"['25년이상', '중층', '총3층', '북향']",37.4856,126.955598
2522914878,일반상가,월세,2/6,270,"6,000",266,110,서향,20250429,"['25년이상', '지상층(1층제외)', '주차가능', '서향']",37.484583,126.947011
2522894215,일반상가,월세,4/4,100,"1,000",59,48,북향,20250429,"['25년이상', '역세권', '고층', '총4층']",37.482994,126.939644
2522912426,일반상가,월세,4/20,400,"6,000",122,122,동향,20250429,"['25년이내', '역세권', '지상층(1층제외)', '주차가능']",37.482736,126.953239
2522915644,일반상가,월세,3/6,200,"3,000",84,84,북동향,20250429,"['25년이상', '역세권', '중층', '주차가능']",37.483449,126.953734
2522893825,일반상가,월세,B1/4,100,"1,500",100,70,남향,20250429,"['25년이상', '역세권', '지하층', '주차가능']",37.481774,126.9426
2523028674,일반상가,월세,4/9,110,"1,000",33,33,남향,20250429,"['10년이내', '역세권', '중층', '관리비10만원이하']",37.477833,126.960306
2522979367,일반상가,월세,1/4,150,"2,000",33,33,북향,20250429,"['25년이상', '역세권', '1층', '총4층']",37.481457,126.943611
2522920397,일반상가,월세,1/4,900,"1억 5,000",215,215,남향,20250429,"['25년이상', '역세권', '1층', '총4층']",37.479467,126.958421
2522917028,일반상가,월세,2/6,250,"4,000",93,93,동향,20250429,"['25년이상', '역세권', '지상층(1층제외)', '주차가능']",37.483449,126.953734
2522917693,일반상가,월세,1/6,350,1억,49,49,서향,20250429,"['25년이상', '1층', '주차가능', '엘리베이터']",37.484616,126.946904
2522918884,일반상가,월세,1/4,180,"2,000",130,33,북동향,20250429,"['25년이상', '역세권', '1층', '총4층']",37.481554,126.94224
2522917900,일반상가,월세,6/7,360,"5,000",142,142,남향,20250429,"['25년이상', '역세권', '고층', '엘리베이터']",37.482609,126.942768
2522936233,일반상가,월세,3/6,210,"3,000",193,165,남향,20250429,"['25년이상', '중층', '주차가능', '남향']",37.486813,126.934647
2522915788,일반상가,월세,2/5,170,"3,000",83,83,남향,20250429,"['25년이상', '역세권', '중층', '총5층']",37.48483,126.936973
2522924824,일반상가,월세,B1/14,240,"3,000",216,216,남향,20250429,"['10년이내', '역세권', '지하층', '주차가능']",37.480557,126.955303
2522918093,일반상가,월세,7/10,280,"4,000",216,156,동향,20250429,"['25년이상', '고층', '주차가능', '동향']",37.485509,126.955532
2522939284,일반상가,월세,1/3,75,"1,000",29,29,남향,20250429,"['25년이상', '1층', '관리비10만원이하', '주차가능']",37.486893,126.938905
2522918786,일반상가,월세,1/5,153,"3,500",42,37,동향,20250429,"['25년이내', '융자금없는', '역세권', '1층']",37.490385,126.926029
2522989506,일반상가,월세,B1/5,75,"2,000",122,115,남서향,20250429,"['25년이상', '지하층', '관리비10만원이하', '총5층']",37.48609,126.93623
2523016158,일반상가,월세,2/7,120,"2,000",39,39,서향,20250429,"['4년이내', '역세권', '지상층(1층제외)', '주차가능']",37.485121,126.9391
2523020052,일반상가,월세,4/6,130,"2,000",113,113,북향,20250429,"['25년이상', '역세권', '중층', '관리비20만원이하']",37.475051,126.969205
2522984214,일반상가,월세,3/5,100,"1,000",89,82,남서향,20250429,"['25년이상', '중층', '관리비10만원이하', '총5층']",37.48609,126.93623
2523009560,일반상가,월세,2/5,120,"1,000",33,33,서향,20250429,"['25년이상', '중층', '관리비20만원이하', '총5층']",37.477723,126.95843
2522777756,단지내상가,월세,1/3,60,"1,000",59,57,남향,20250429,"['25년이상', '1층', '총3층', '남향']",37.488445,126.958466
2522776597,일반상가,월세,1/4,335,"3,000",59,59,남향,20250429,"['25년이상', '융자금적은', '역세권', '1층']",37.478947,126.952648
2522087939,일반상가,월세,1/1,110,"1,500",11,11,동향,20250429,"['25년이상', '1층', '관리비10만원이하', '동향']",37.486645,126.946588
2522787269,일반상가,월세,B1/8,900,"1억 5,000",655,429,남향,20250429,"['10년이내', '역세권', '지하층', '주차가능']",37.481859,126.950401
2522779311,일반상가,월세,1/10,650,1억,272,272,북서향,20250429,"['10년이내', '역세권', '1층', '주차가능']",37.479166,126.950074
2522780073,복합상가,월세,1/10,250,"5,000",99,99,북향,20250429,"['25년이상', '역세권', '1층', '주차가능']",37.479297,126.950859
2522786461,일반상가,월세,2/6,"1,500",4억,719,719,남향,20250429,"['25년이상', '역세권', '지상층(1층제외)', '주차가능']",37.482292,126.946109
2522792498,일반상가,월세,1/7,160,"2,000",80,66,남서향,20250429,"['4년이내', '역세권', '1층', '관리비20만원이하']",37.476212,126.96653
2522795124,일반상가,월세,1/4,200,"2,000",108,33,남서향,20250429,"['25년이상', '역세권', '1층', '관리비10만원이하']",37.478353,126.955629
2522803337,일반상가,월세,1/4,180,"2,000",26,26,북동향,20250429,"['25년이상', '역세권', '1층', '관리비10만원이하']",37.481554,126.94224
2522803410,일반상가,월세,1/2,140,"1,000",36,36,북서향,20250429,"['25년이상', '역세권', '1층', '총2층']",37.484685,126.955792
2522803607,일반상가,월세,1/9,256,"4,000",74,74,북향,20250429,"['10년이내', '역세권', '1층', '주차가능']",37.482106,126.950486
2522804099,일반상가,월세,1/3,185,"2,500",53,53,북동향,20250429,"['25년이상', '역세권', '1층', '관리비10만원이하']",37.479347,126.957002
2522803319,일반상가,월세,1/6,170,"2,000",91,91,남서향,20250429,"['25년이내', '1층', '관리비10만원이하', '주차가능']",37.487177,126.933854
2522803488,일반상가,월세,1/4,170,"4,000",33,33,서향,20250429,"['25년이상', '역세권', '1층', '관리비10만원이하']",37.473868,126.965873
2522802349,일반상가,월세,1/3,200,"4,000",60,50,북향,20250429,"['25년이상', '역세권', '1층', '총3층']",37.473839,126.96661
2522803517,일반상가,월세,1/3,220,"2,000",39,39,남동향,20250429,"['25년이상', '역세권', '1층', '총3층']",37.47869,126.956978
2522803577,일반상가,월세,1/2,160,"3,000",49,43,북서향,20250429,"['25년이상', '1층', '총2층', '북서향']",37.479833,126.958104
2522815636,일반상가,월세,1/2,50,"1,000",21,21,서향,20250429,"['25년이상', '1층', '총2층', '서향']",37.487278,126.939926
2522833807,일반상가,월세,B1/3,120,"1,000",180,180,남향,20250429,"['25년이상', '융자금없는', '역세권', '지하층']",37.47866,126.96195
2522839113,일반상가,월세,B1/5,70,"1,000",69,69,남동향,20250429,"['25년이상', '역세권', '지하층', '총5층']",37.483468,126.953318
2522840663,일반상가,월세,1/4,45,"1,000",26,18,남향,20250429,"['25년이상', '융자금적은', '1층', '관리비10만원이하']",37.48695,126.938228
2522818747,일반상가,월세,1/8,"1,300","1억 5,000",211,143,북동향,20250429,"['2년이내', '마당', '역세권', '1층']",37.483424,126.93849
2522822297,일반상가,월세,1/3,110,"2,000",33,23,남향,20250429,"['10년이내', '역세권', '1층', '관리비10만원이하']",37.474086,126.966383
2522840479,일반상가,월세,1/4,80,"1,000",51,18,동향,20250429,"['25년이내', '융자금적은', '1층', '관리비10만원이하']",37.483873,126.946461
2522959870,일반상가,월세,1/3,126,"1,000",26,23,북향,20250429,"['10년이내', '역세권', '1층', '총3층']",37.474086,126.966383
2522991018,일반상가,월세,1/2,45,500,13,13,남향,20250429,"['25년이상', '1층', '총2층', '남향']",37.48345,126.947366
2522934379,일반상가,월세,1/2,90,"1,000",43,26,남향,20250429,"['25년이상', '역세권', '1층', '총2층']",37.488113,126.931666
2522960577,일반상가,월세,1/4,130,"1,000",26,26,북향,20250429,"['25년이상', '역세권', '1층', '총4층']",37.478473,126.9526
2523003740,일반상가,월세,2/7,"1,400",2억,278,196,북향,20250429,"['25년이내', '역세권', '지상층(1층제외)', '주차가능']",37.481309,126.94961
2522964153,일반상가,월세,7/15,45,500,43,23,동향,20250429,"['25년이상', '융자금적은', '역세권', '중층']",37.481088,126.95092
2522959555,일반상가,월세,1/5,170,"3,000",50,50,북향,20250429,"['10년이내', '역세권', '1층', '관리비10만원이하']",37.474604,126.963613
2522980050,일반상가,월세,1/3,110,"2,000",42,42,북향,20250429,"['25년이상', '역세권', '1층', '총3층']",37.481249,126.94517
2522936336,일반상가,월세,1/7,150,"2,000",100,83,남향,20250429,"['25년이상', '1층', '주차가능', '남향']",37.487129,126.933965
2522995058,일반상가,월세,2/3,300,"5,000",92,92,북서향,20250429,"['25년이상', '역세권', '중층', '총3층']",37.482379,126.953813
2522936056,일반상가,월세,1/2,170,"2,000",66,66,남동향,20250429,"['25년이상', '역세권', '1층', '총2층']",37.482199,126.940618
2522995551,일반상가,월세,1/7,650,"7,000",265,265,동향,20250429,"['25년이내', '1층', '급매', '주차가능']",37.484668,126.946389
2522992602,일반상가,월세,1/4,80,500,29,29,북동향,20250429,"['25년이상', '1층', '관리비10만원이하', '총4층']",37.479797,126.958335
2522966487,일반상가,월세,1/5,189,"2,000",50,50,남향,20250429,"['15년이내', '역세권', '1층', '엘리베이터']",37.478441,126.955799
2522930026,일반상가,월세,3/5,200,"5,000",231,168,서향,20250429,"['25년이내', '역세권', '중층', '주차가능']",37.490522,126.927812
2522977391,일반상가,월세,1/5,340,"4,000",132,84,서향,20250429,"['25년이상', '테라스', '1층', '관리비10만원이하']",37.475541,126.959328
2522819380,일반상가,월세,1/5,230,"2,000",35,35,동향,20250429,"['10년이내', '역세권', '1층', '관리비20만원이하']",37.479502,126.942315
2522959228,일반상가,월세,1/7,160,"2,000",66,66,북향,20250429,"['4년이내', '역세권', '1층', '관리비20만원이하']",37.476212,126.96653
2522929907,일반상가,월세,1/3,165,"3,500",35,33,동향,20250429,"['25년이상', '융자금없는', '역세권', '1층']",37.490152,126.927354
2522926776,일반상가,월세,1/5,200,"2,000",65,65,남서향,20250429,"['4년이내', '역세권', '1층', '관리비20만원이하']",37.475827,126.964
2522921500,일반상가,월세,2/3,150,"1,000",100,100,서향,20250429,"['25년이상', '융자금없는', '중층', '총3층']",37.485907,126.956875
2522912009,일반상가,월세,B1/13,450,1억,545,360,서향,20250429,"['25년이상', '역세권', '지하층', '주차가능']",37.484392,126.954615
2522914922,일반상가,월세,1/3,280,"5,000",19,19,서향,20250429,"['25년이상', '역세권', '1층', '총3층']",37.482976,126.954307
2522929697,일반상가,월세,2/7,200,"3,000",111,81,남향,20250429,"['10년이내', '융자금없는', '역세권', '지상층(1층제외)']",37.49094,126.926452
2522918853,일반상가,월세,1/2,270,"4,000",105,105,남서향,20250429,"['25년이상', '역세권', '1층', '총2층']",37.491761,126.927576
2522917374,일반상가,월세,B1/3,60,"1,000",79,60,남동향,20250429,"['25년이상', '역세권', '지하층', '총3층']",37.483381,126.953321
2522912274,일반상가,월세,2/4,250,"3,000",189,168,서향,20250429,"['25년이상', '역세권', '중층', '주차가능']",37.483628,126.955158
2522925366,일반상가,월세,1/7,110,"2,000",80,80,북향,20250429,"['10년이내', '역세권', '1층', '관리비20만원이하']",37.479405,126.943524
2522947269,일반상가,월세,1/4,80,"2,000",40,35,북향,20250429,"['15년이내', '융자금적은', '역세권', '1층']",37.475676,126.962734
2522889778,일반상가,월세,2/4,230,"2,000",92,92,동향,20250429,"['25년이상', '융자금적은', '역세권', '중층']",37.478968,126.953988
2522857570,일반상가,월세,2/5,230,"5,000",82,58,북향,20250429,"['25년이내', '역세권', '중층', '주차가능']",37.47624,126.964962
2522893091,일반상가,월세,1/5,30,500,19,19,동향,20250429,"['25년이내', '역세권', '1층', '관리비10만원이하']",37.491354,126.929777
2522893891,일반상가,월세,1/3,50,500,23,23,동향,20250429,"['25년이상', '역세권', '1층', '총3층']",37.490704,126.929943
2522862785,일반상가,월세,3/3,900,"1억 6,000",360,330,남서향,20250429,"['25년이상', '테라스', '역세권', '고층']",37.478727,126.960207
2522852203,일반상가,월세,1/3,180,"3,000",23,23,서향,20250429,"['25년이상', '융자금없는', '1층', '총3층']",37.488055,126.959865
2522907634,일반상가,월세,4/5,160,"3,000",125,98,북향,20250429,"['25년이상', '역세권', '고층', '총5층']",37.478543,126.961628
2522892427,일반상가,월세,1/2,200,"3,000",115,115,북동향,20250429,"['25년이상', '역세권', '1층', '총2층']",37.483778,126.95383
2522928778,일반상가,월세,1/3,120,"2,000",29,26,북동향,20250429,"['25년이상', '역세권', '1층', '천장에어컨']",37.489974,126.928451
2522919338,일반상가,월세,13/14,450,"6,000",132,132,북향,20250429,"['15년이내', '역세권', '고층', '주차가능']",37.480738,126.953508
2522926505,일반상가,월세,1/3,90,"1,200",26,26,남향,20250429,"['25년이상', '1층', '관리비10만원이하', '주차가능']",37.479515,126.945759
2522754908,일반상가,월세,1/3,80,"1,000",39,39,북서향,20250428,"['25년이상', '1층', '총3층', '북서향']",37.488087,126.958524
2522678487,일반상가,월세,2/3,180,"3,000",145,138,북향,20250428,"['25년이상', '역세권', '중층', '관리비10만원이하']",37.486016,126.940818
2522646376,일반상가,월세,3/6,100,"1,000",74,74,북향,20250428,"['25년이상', '역세권', '중층', '주차가능']",37.482673,126.94529
2522665294,일반상가,월세,B1/14,600,1억,371,254,북향,20250428,"['2년이내', '지하층', '주차가능', '북향']",37.475063,126.970374
2522686810,일반상가,월세,4/6,200,"3,000",125,99,서향,20250428,"['25년이상', '중층', '주차가능', '서향']",37.484616,126.946904
2522694282,일반상가,월세,B1/4,100,"1,000",66,66,동향,20250428,"['25년이상', '역세권', '지하층', '총4층']",37.479302,126.955331
2522671274,일반상가,월세,2/8,150,"3,000",80,66,남향,20250428,"['25년이내', '역세권', '지상층(1층제외)', '주차가능']",37.481907,126.949931
2522690571,일반상가,월세,1/3,300,"3,000",56,56,남향,20250428,"['25년이상', '역세권', '1층', '총3층']",37.479293,126.953497
2522710110,일반상가,월세,B1/4,70,"1,000",69,69,북동향,20250428,"['25년이상', '역세권', '지하층', '관리비10만원이하']",37.483468,126.953318
2522693673,일반상가,월세,1/4,270,"3,000",71,70,남동향,20250428,"['4년이내', '1층', '관리비10만원이하', '총4층']",37.477734,126.954906
2522709392,일반상가,월세,6/7,380,1억,336,336,북서향,20250428,"['25년이상', '역세권', '고층', '주차가능']",37.483981,126.955568
2522694306,일반상가,월세,1/2,50,500,21,21,북동향,20250428,"['25년이상', '1층', '총2층', '북동향']",37.486633,126.955339
2522710733,일반상가,월세,4/6,500,"7,000",180,180,북동향,20250428,"['4년이내', '역세권', '중층', '주차가능']",37.479102,126.957558
2522688668,일반상가,월세,2/15,500,1억,195,143,북서향,20250428,"['15년이내', '지상층(1층제외)', '주차가능', '북서향']",37.486721,126.947488
2522689877,일반상가,월세,1/4,155,"1,500",33,33,남향,20250428,"['10년이내', '역세권', '1층', '관리비10만원이하']",37.475297,126.966893
2522685505,복합상가,월세,1/5,100,"2,000",49,34,북향,20250428,"['25년이내', '융자금없는', '1층', '주차가능']",37.486323,126.9479
2522691136,일반상가,월세,1/10,120,"2,000",69,69,북향,20250428,"['10년이내', '역세권', '1층', '관리비20만원이하']",37.482425,126.954146
2522674805,일반상가,월세,1/4,290,"2,500",33,33,남향,20250428,"['25년이상', '융자금적은', '역세권', '1층']",37.477667,126.962975
2522650225,일반상가,월세,1/4,200,"3,000",49,49,북동향,20250428,"['25년이상', '융자금없는', '역세권', '1층']",37.473868,126.965873
2522661801,일반상가,월세,1/4,70,"1,000",30,26,북향,20250428,"['25년이상', '1층', '주차가능', '총4층']",37.483331,126.94699
2522646453,일반상가,월세,2/5,200,"2,000",59,59,남향,20250428,"['25년이상', '역세권', '중층', '주차가능']",37.483286,126.940273
2522635163,일반상가,월세,1/2,60,"1,500",30,30,동향,20250428,"['25년이상', '1층', '총2층', '동향']",37.487351,126.939737
2522655556,일반상가,월세,2/5,70,"1,000",32,32,서향,20250428,"['25년이상', '중층', '총5층', '서향']",37.483747,126.946744
2522627537,일반상가,매매,3/4,,7억,210,138,남동향,20250428,"['25년이내', '고층', '주차가능', '총4층']",37.491797,126.942699
2522645238,일반상가,월세,1/5,210,"1,000",53,53,남동향,20250428,"['10년이내', '역세권', '1층', '관리비20만원이하']",37.479502,126.942315
2522652175,일반상가,매매,전체층/15,,"4억 3,000",89,73,북동향,20250428,"['25년이내', '역세권', '주차가능', '북동향']",37.481054,126.952215
2522670029,일반상가,매매,B1/6,,"7억 6,000",312,258,서향,20250428,"['10년이내', '지하층', '주차가능', '서향']",37.48759,126.946787
2522647980,일반상가,월세,1/5,190,"3,000",42,42,동향,20250428,"['25년이상', '융자금적은', '1층', '관리비20만원이하']",37.472829,126.966534
2522658411,일반상가,월세,1/3,670,"1억 2,000",99,99,동향,20250428,"['25년이상', '역세권', '1층', '총3층']",37.479709,126.954731
2522619976,일반상가,월세,1/4,380,"5,000",75,75,남동향,20250428,"['10년이내', '1층', '관리비20만원이하', '주차가능']",37.478053,126.956383
2522655972,일반상가,월세,2/3,250,"2,500",98,98,남향,20250428,"['25년이상', '역세권', '중층', '총3층']",37.482347,126.952897
2522649708,일반상가,월세,1/4,210,"3,000",52,52,동향,20250428,"['25년이상', '융자금없는', '역세권', '1층']",37.48237,126.944813
2522608177,단지내상가,월세,1/13,100,"2,000",52,35,북향,20250428,"['25년이내', '1층', '관리비20만원이하', '주차가능']",37.488926,126.957148
2522520665,일반상가,월세,1/2,270,"3,000",90,90,북향,20250428,"['25년이상', '1층', '총2층', '북향']",37.47811,126.9571
2522722223,일반상가,월세,1/9,300,"4,000",132,132,북동향,20250428,"['10년이내', '1층', '관리비20만원이하', '주차가능']",37.486127,126.936773
2522735191,일반상가,월세,B1/3,65,"1,000",77,77,남서향,20250428,"['25년이상', '지하층', '관리비10만원이하', '총3층']",37.486893,126.938905
2522707964,일반상가,월세,5/6,500,"7,000",180,180,북동향,20250428,"['4년이내', '역세권', '고층', '주차가능']",37.479102,126.957558
2522673452,일반상가,월세,B1/3,64,"1,000",89,85,남향,20250428,"['25년이상', '역세권', '지하층', '총3층']",37.483819,126.943863
2522562922,단지내상가,월세,1/23,150,"3,000",32,13,서향,20250428,"['25년이상', '융자금없는', '역세권', '1층']",37.491151,126.925099
2522480796,일반상가,월세,2/3,300,"5,000",115,115,북향,20250428,"['25년이상', '역세권', '중층', '총3층']",37.481952,126.943266
2522620964,일반상가,월세,6/7,"1,000","1억 5,000",369,369,남향,20250428,"['25년이상', '융자금적은', '역세권', '고층']",37.482046,126.948646
2522503068,단지내상가,월세,1/2,150,"1,000",44,33,서향,20250428,"['25년이상', '역세권', '1층', '주차가능']",37.494085,126.928169
2522775008,일반상가,월세,1/10,600,1억,112,94,동향,20250428,"['25년이상', '융자금적은', '1층', '주차가능']",37.485509,126.955532
2522763275,일반상가,월세,1/4,100,"2,000",30,23,남향,20250428,"['25년이상', '1층', '관리비10만원이하', '총4층']",37.479501,126.946027
2522710252,일반상가,월세,5/5,90,"2,000",93,93,북향,20250428,"['25년이내', '융자금없는', '고층', '주차가능']",37.486044,126.942406
2522708653,일반상가,월세,2/4,250,"3,000",168,168,서향,20250428,"['25년이상', '역세권', '중층', '주차가능']",37.483628,126.955158
2522614304,일반상가,월세,1/5,120,"1,500",24,22,동향,20250428,"['25년이상', '융자금없는', '역세권', '1층']",37.479752,126.955631
2522735899,일반상가,월세,1/3,"1,100","1억 8,000",362,362,남향,20250428,"['25년이상', '융자금적은', '역세권', '1층']",37.478727,126.960207
2522768881,단지내상가,매매,4/4,,6억,120,93,동향,20250428,"['25년이내', '고층', '주차가능', '총4층']",37.489297,126.944769
2522718440,일반상가,월세,1/7,70,"2,000",30,25,남동향,20250428,"['25년이내', '역세권', '1층', '관리비10만원이하']",37.476997,126.964463
2522733809,일반상가,월세,1/4,270,"4,000",148,148,북향,20250428,"['25년이상', '융자금없는', '역세권', '1층']",37.478569,126.959023
2522762522,일반상가,월세,2/4,126,"2,500",64,62,북동향,20250428,"['25년이상', '역세권', '중층', '관리비10만원이하']",37.476807,126.962056
2522763787,일반상가,월세,2/2,100,"1,500",127,83,남동향,20250428,"['25년이상', '고층', '총2층', '남동향']",37.486332,126.940569
2522734046,일반상가,월세,1/1,200,"6,000",18,18,동향,20250428,"['25년이상', '1층', '관리비10만원이하', '동향']",37.486405,126.946512
2522770656,일반상가,월세,2/3,80,"1,000",60,60,북향,20250428,"['25년이상', '중층', '총3층', '북향']",37.486138,126.942799
2522650542,일반상가,월세,1/5,80,"2,000",33,26,북향,20250428,"['4년이내', '1층', '주차가능', '총5층']",37.474066,126.960337
2522656987,일반상가,월세,B1/9,350,"5,000",206,194,서향,20250428,"['15년이내', '지하층', '주차가능', '엘리베이터']",37.475008,126.95317
2522665672,일반상가,월세,B1/10,600,1억,314,300,서향,20250428,"['25년이상', '역세권', '지하층', '주차가능']",37.481481,126.9539
2522666561,일반상가,월세,1/3,280,"1,400",52,52,남향,20250428,"['25년이상', '1층', '총3층', '남향']",37.486424,126.939171
2522650804,일반상가,월세,B1/5,80,"1,000",64,64,북향,20250428,"['25년이상', '융자금없는', '역세권', '지하층']",37.482362,126.948691
2522707592,일반상가,월세,2/3,180,"3,000",259,138,북향,20250428,"['25년이상', '역세권', '중층', '관리비10만원이하']",37.486016,126.940818
2522738076,일반상가,월세,1/2,270,"3,000",100,90,북동향,20250428,"['25년이상', '융자금적은', '1층', '천장에어컨']",37.47811,126.9571
2522751006,단지내상가,매매,4/5,,"2억 6,000",90,42,남향,20250428,"['25년이내', '역세권', '고층', '주차가능']",37.484547,126.942903
2522736288,복합상가,월세,1/9,400,"7,000",53,53,서향,20250428,"['25년이내', '융자금적은', '역세권', '1층']",37.477972,126.952571
2522730265,일반상가,월세,2/7,180,"5,000",170,102,남향,20250428,"['25년이상', '역세권', '지상층(1층제외)', '주차가능']",37.481988,126.949061
2522595561,일반상가,월세,B1/4,180,"3,000",163,163,동향,20250428,"['25년이상', '융자금없는', '역세권', '지하층']",37.477508,126.963092
2522773054,일반상가,월세,1/2,220,"5,000",40,40,남향,20250428,"['25년이상', '역세권', '1층', '총2층']",37.48245,126.95241
2522615451,일반상가,월세,1/2,100,"1,000",23,23,북향,20250428,"['25년이상', '1층', '총2층', '북향']",37.485171,126.956408
2522663461,일반상가,월세,1/3,335,"3,000",59,59,동향,20250428,"['25년이상', '융자금적은', '역세권', '1층']",37.478947,126.952648
2522652745,일반상가,월세,1/3,75,"1,000",20,20,동향,20250428,"['25년이상', '1층', '총3층', '동향']",37.486122,126.957733
2522491335,일반상가,월세,1/3,"1,050","1억 8,000",181,181,남향,20250428,"['25년이상', '역세권', '1층', '주차가능']",37.478727,126.960207
2522589110,일반상가,월세,1/11,300,"5,000",108,77,남향,20250428,"['10년이내', '1층', '주차가능', '남향']",37.479391,126.947209
2522618971,일반상가,월세,1/1,500,"5,000",36,36,동향,20250428,"['25년이상', '역세권', '1층', '관리비10만원이하']",37.484018,126.955158
2522612418,일반상가,월세,2/2,120,"2,000",86,86,서향,20250428,"['25년이상', '융자금없는', '고층', '천장에어컨']",37.486635,126.959467
2522582375,일반상가,월세,4/7,"4,000",6억,1527,1527,남향,20250428,"['25년이상', '융자금없는', '역세권', '중층']",37.482046,126.948646
2522583020,일반상가,월세,B1/7,"1,190","1억 2,000",667,667,남향,20250428,"['25년이상', '융자금없는', '역세권', '지하층']",37.482046,126.948646
2522581463,일반상가,월세,5/7,"1,000","1억 5,000",369,369,남향,20250428,"['25년이상', '융자금없는', '역세권', '고층']",37.482046,126.948646
2522587861,일반상가,월세,1/15,550,1억,60,43,북동향,20250428,"['25년이내', '융자금적은', '역세권', '1층']",37.481054,126.952215
2522580722,일반상가,월세,1/3,130,"1,500",76,76,남서향,20250428,"['25년이상', '융자금없는', '역세권', '1층']",37.481708,126.954759
2522613899,일반상가,월세,1/3,80,"1,000",39,36,북서향,20250428,"['25년이상', '1층', '관리비10만원이하', '총3층']",37.488087,126.958524
2522586243,일반상가,월세,1/2,80,"2,000",33,33,북향,20250428,"['25년이상', '융자금적은', '1층', '총2층']",37.486498,126.94955
2522615568,일반상가,월세,1/2,120,"1,000",30,30,서향,20250428,"['25년이상', '역세권', '1층', '총2층']",37.484685,126.955792
2522579221,복합상가,매매,1/15,,25억,42,42,북향,20250428,"['25년이내', '역세권', '1층', '주차가능']",37.481054,126.952215
2522529699,단지내상가,월세,1/15,120,"2,000",81,81,서향,20250428,"['10년이내', '1층', '주차가능', '서향']",37.488633,126.959479
2522527112,일반상가,월세,2/2,347,"3,000",52,52,동향,20250428,"['25년이상', '융자금적은', '테라스', '역세권']",37.477938,126.95519
2522490599,일반상가,월세,2/7,390,"5,000",162,162,남서향,20250428,"['10년이내', '역세권', '지상층(1층제외)', '주차가능']",37.479352,126.958563
2522491045,일반상가,월세,4/6,220,"3,000",145,145,남동향,20250428,"['25년이상', '역세권', '중층', '관리비20만원이하']",37.479291,126.95872
2522489135,일반상가,월세,1/7,350,"5,000",66,66,남동향,20250428,"['10년이내', '역세권', '1층', '주차가능']",37.479352,126.958563
2522488736,일반상가,월세,13/14,450,"7,000",190,148,북향,20250428,"['15년이내', '역세권', '고층', '주차가능']",37.480738,126.953508
2522493679,일반상가,월세,B1/4,110,"1,000",52,52,남향,20250428,"['25년이상', '역세권', '지하층', '총4층']",37.478002,126.961886
2522493772,일반상가,월세,1/4,500,"7,000",102,99,남향,20250428,"['25년이상', '역세권', '1층', '총4층']",37.477932,126.962237
2522573168,일반상가,월세,2/8,350,1억,159,93,남동향,20250428,"['10년이내', '융자금없는', '역세권', '지상층(1층제외)']",37.479632,126.944617
2522528970,일반상가,월세,3/6,300,"5,000",159,159,남동향,20250428,"['25년이내', '중층', '주차가능', '남동향']",37.486413,126.956446
2522486339,일반상가,월세,1/4,95,"1,000",27,27,남향,20250428,"['25년이상', '1층', '주차가능', '총4층']",37.480044,126.958304
2522477479,일반상가,월세,1/2,220,"3,000",54,50,남서향,20250428,"['25년이상', '역세권', '1층', '총2층']",37.479084,126.956984
2522486587,일반상가,월세,1/3,160,"3,000",45,43,남동향,20250428,"['25년이상', '1층', '총3층', '남동향']",37.479833,126.958104
2522477637,단지내상가,월세,1/4,160,"3,000",26,23,남서향,20250428,"['25년이상', '1층', '총4층', '남서향']",37.480139,126.958055
2522477739,단지내상가,매매,2/6,,"2억 5,000",28,28,북동향,20250428,"['25년이내', '지상층(1층제외)', '관리비10만원이하', '주차가능']",37.489763,126.950616
2522440476,일반상가,매매,3/4,,"14억 5,000",462,302,남동향,20250428,"['25년이내', '고층', '주차가능', '총4층']",37.491797,126.942699
2522477576,일반상가,월세,1/3,185,"2,600",60,60,북향,20250428,"['25년이상', '역세권', '1층', '관리비10만원이하']",37.479347,126.957002
2522482707,일반상가,월세,1/6,290,"5,000",64,64,북동향,20250428,"['25년이상', '역세권', '1층', '북동향']",37.48007,126.955078
2522485344,일반상가,월세,1/4,105,"1,500",30,27,남향,20250428,"['25년이상', '역세권', '1층', '관리비10만원이하']",37.474265,126.964417
2522488183,일반상가,월세,2/4,120,"1,000",75,75,동향,20250428,"['25년이상', '중층', '주차가능', '에어컨']",37.479996,126.959135
2522476249,일반상가,월세,1/6,220,"3,000",183,56,북동향,20250428,"['25년이내', '융자금적은', '역세권', '1층']",37.478926,126.957501
2522477615,일반상가,월세,2/3,150,"4,000",90,88,동향,20250428,"['25년이상', '융자금적은', '역세권', '중층']",37.478964,126.952828
2522477129,일반상가,월세,1/3,300,"4,500",49,49,동향,20250428,"['25년이상', '융자금적은', '역세권', '1층']",37.478803,126.959867
2522477402,일반상가,월세,1/3,50,"1,000",19,16,남서향,20250428,"['25년이상', '역세권', '1층', '총3층']",37.479084,126.956984
2522477832,일반상가,월세,2/3,210,"3,000",90,89,서향,20250428,"['25년이상', '중층', '총3층', '서향']",37.478135,126.956924
2522478947,일반상가,월세,1/5,250,"1,800",103,49,북동향,20250428,"['25년이상', '융자금적은', '역세권', '1층']",37.476212,126.963454
2522488270,일반상가,월세,1/3,900,"1억 8,000",215,200,남동향,20250428,"['25년이상', '역세권', '1층', '주차가능']",37.479467,126.958421
2522780463,일반상가,월세,1/8,190,"3,000",93,80,남향,20250428,"['25년이상', '역세권', '1층', '주차가능']",37.477333,126.96161
2522456772,일반상가,월세,B1/3,47,"1,000",58,58,남서향,20250426,"['25년이상', '지하층', '관리비10만원이하', '총3층']",37.480029,126.945919
2522457703,일반상가,월세,3/3,320,"5,000",100,100,동향,20250426,"['2년이내', '역세권', '고층', '총3층']",37.481296,126.953894
2522457354,일반상가,월세,B1/3,19,941,96,89,남향,20250426,"['25년이상', '지하층', '총3층', '남향']",37.486032,126.939711
2522446507,일반상가,월세,1/5,105,"2,000",54,54,남서향,20250426,"['10년이내', '1층', '급매', '관리비20만원이하']",37.4868,126.937865
2522451675,일반상가,월세,2/3,150,"4,000",88,88,북향,20250426,"['25년이상', '융자금적은', '역세권', '중층']",37.478964,126.952828
2522418912,일반상가,월세,1/2,60,800,14,14,동향,20250426,"['25년이상', '1층', '총2층', '동향']",37.483079,126.947841
2522430883,일반상가,월세,B1/4,100,"1,000",81,77,동향,20250426,"['25년이내', '역세권', '지하층', '관리비10만원이하']",37.475276,126.966698
2522417354,일반상가,월세,1/3,70,"1,000",22,22,동향,20250426,"['25년이상', '1층', '총3층', '동향']",37.486701,126.941831
2522419335,일반상가,월세,B1/4,85,"1,000",107,107,서향,20250426,"['25년이상', '지하층', '총4층', '서향']",37.487511,126.933036
2522423275,일반상가,월세,1/6,220,"3,000",76,56,남향,20250426,"['25년이내', '역세권', '1층', '주차가능']",37.478926,126.957501
2522434960,일반상가,월세,1/3,270,"3,500",62,56,남서향,20250426,"['25년이상', '1층', '총3층', '남서향']",37.478195,126.957429
2522434370,일반상가,월세,1/4,90,"1,000",42,39,남서향,20250426,"['25년이상', '1층', '총4층', '남서향']",37.479884,126.958719
2522436338,단지내상가,월세,2/10,"1,450",3억,591,470,북향,20250426,"['25년이상', '역세권', '지상층(1층제외)', '주차가능']",37.480502,126.953746
2522424638,일반상가,월세,1/5,125,"2,000",29,29,남향,20250426,"['25년이상', '역세권', '1층', '관리비10만원이하']",37.483556,126.94211
2522417897,일반상가,월세,4/4,140,"1,000",135,59,남향,20250426,"['25년이상', '역세권', '고층', '관리비10만원이하']",37.477972,126.962042
2522434617,일반상가,월세,1/2,90,"1,500",36,33,남서향,20250426,"['25년이상', '역세권', '1층', '총2층']",37.480195,126.957658
2522458458,일반상가,월세,1/3,600,1억,211,176,동향,20250426,"['2년이내', '테라스', '역세권', '1층']",37.481296,126.953894
2522446690,일반상가,월세,3/10,"1,450",3억,597,500,북향,20250426,"['25년이상', '역세권', '지상층(1층제외)', '엘리베이터']",37.480502,126.953746
2522392532,일반상가,월세,1/6,170,"1,000",40,30,북향,20250426,"['25년이내', '융자금없는', '1층', '관리비10만원이하']",37.478882,126.948999
2522373687,일반상가,월세,1/20,600,1억,149,149,서향,20250426,"['25년이내', '역세권', '1층', '주차가능']",37.482736,126.953239
2522364547,일반상가,월세,2/4,280,"5,000",165,152,서향,20250426,"['10년이내', '역세권', '중층', '주차가능']",37.47473,126.967063
2522375180,일반상가,월세,B1/5,160,"2,000",99,82,서향,20250426,"['4년이내', '지하층', '관리비20만원이하', '엘리베이터']",37.472829,126.966534
2522400251,일반상가,월세,B1/7,"1,190","1억 2,000",634,562,남향,20250426,"['25년이상', '융자금없는', '역세권', '지하층']",37.482046,126.948646
2522394487,일반상가,월세,1/11,270,"5,000",50,40,남향,20250426,"['10년이내', '융자금없는', '1층', '주차가능']",37.479391,126.947209
2522404225,단지내상가,월세,B1/4,370,"6,100",1022,510,남동향,20250426,"['25년이내', '융자금없는', '지하층', '주차가능']",37.489589,126.955554
2522385991,일반상가,월세,1/14,100,"1,500",25,25,남동향,20250426,"['10년이내', '역세권', '1층', '관리비10만원이하']",37.483997,126.95597
2522433835,일반상가,월세,1/4,280,"6,000",59,56,북서향,20250426,"['25년이상', '역세권', '1층', '관리비10만원이하']",37.484351,126.956329
2522440251,일반상가,매매,4/4,,"7억 5,000",251,164,남동향,20250426,"['25년이내', '고층', '주차가능', '총4층']",37.491797,126.942699
2522434039,일반상가,월세,B1/2,40,"1,000",46,33,동향,20250426,"['25년이상', '역세권', '지하층', '총2층']",37.480195,126.957658
2522431084,단지내상가,월세,2/15,"1,400","1억 5,000",389,330,서향,20250426,"['15년이내', '역세권', '지상층(1층제외)', '주차가능']",37.479334,126.952746
2522436758,일반상가,월세,1/1,80,"1,000",48,35,남서향,20250426,"['25년이상', '1층', '남서향']",37.473032,126.966846
2522316220,일반상가,월세,1/1,170,"2,000",54,54,동향,20250426,"['25년이상', '융자금적은', '역세권', '1층']",37.482251,126.95392
2522390936,일반상가,월세,1/5,160,"2,000",60,43,북향,20250426,"['25년이상', '융자금없는', '역세권', '1층']",37.479391,126.943664
2522402972,일반상가,월세,2/7,450,1억,278,208,남향,20250426,"['25년이내', '지상층(1층제외)', '주차가능', '남향']",37.486466,126.938273
2522402275,일반상가,월세,B1/8,900,"1억 5,000",517,429,남향,20250426,"['10년이내', '역세권', '지하층', '주차가능']",37.481859,126.950401
2522392999,일반상가,월세,1/5,250,"5,000",50,50,북향,20250426,"['25년이상', '융자금없는', '1층', '주차가능']",37.478915,126.94858
2522400586,일반상가,월세,4/5,75,"1,000",54,33,북향,20250426,"['25년이상', '역세권', '고층', '총5층']",37.482389,126.948346
2522392080,일반상가,월세,1/4,167,"2,000",60,43,북향,20250426,"['25년이상', '융자금없는', '1층', '총4층']",37.478866,126.949119
2522399473,일반상가,월세,2/7,150,"3,000",79,65,서향,20250426,"['10년이내', '융자금없는', '지상층(1층제외)', '관리비20만원이하']",37.479233,126.94457
2522403534,단지내상가,월세,2/4,65,"1,000",44,44,남동향,20250426,"['25년이내', '융자금없는', '중층', '관리비20만원이하']",37.489589,126.955554
2522344774,일반상가,월세,1/10,210,"3,000",45,39,,20250426,"['10년이내', '1층', '주차가능']",37.480471,126.947664
2522314036,일반상가,월세,5/8,"1,450",2억,480,320,북향,20250426,"['2년이내', '중층', '주차가능', '북향']",37.486562,126.948463
2522345363,일반상가,월세,1/4,150,"2,000",60,58,,20250426,"['25년이상', '1층', '주차가능', '총4층']",37.478866,126.949119
2522309892,일반상가,월세,2/7,380,"8,000",177,161,북서향,20250426,"['10년이내', '역세권', '지상층(1층제외)', '주차가능']",37.483742,126.937993
2522335848,단지내상가,월세,1/4,100,"4,000",44,32,북향,20250426,"['25년이내', '1층', '관리비20만원이하', '주차가능']",37.487592,126.959907
2522333230,일반상가,월세,1/4,60,"1,500",30,30,서향,20250426,"['25년이상', '1층', '주차가능', '총4층']",37.488053,126.946877
2522312805,일반상가,월세,1/2,120,"1,500",42,42,서향,20250426,"['25년이상', '1층', '관리비10만원이하', '총2층']",37.487177,126.935547
2522350295,일반상가,월세,1/2,40,500,32,20,북동향,20250426,"['15년이내', '역세권', '1층', '총2층']",37.482424,126.954333
2522341338,일반상가,월세,1/7,220,"3,000",66,66,북동향,20250426,"['25년이상', '역세권', '1층', '엘리베이터']",37.483158,126.939152
2522352698,일반상가,월세,7/7,450,"7,000",337,337,동향,20250426,"['25년이내', '융자금없는', '고층', '주차가능']",37.484668,126.946389
2522362403,일반상가,월세,2/6,210,"3,000",148,128,남향,20250426,"['2년이내', '지상층(1층제외)', '관리비20만원이하', '주차가능']",37.486105,126.9379
2522428802,단지내상가,월세,2/19,600,1억,344,158,서향,20250426,"['25년이내', '역세권', '지상층(1층제외)', '주차가능']",37.479666,126.952859
2522400160,일반상가,월세,1/4,140,"2,000",49,48,북동향,20250426,"['10년이내', '1층', '관리비10만원이하', '주차가능']",37.486977,126.958812
2522433386,일반상가,월세,1/11,330,"5,000",80,75,남서향,20250426,"['25년이내', '1층', '관리비20만원이하', '주차가능']",37.478928,126.947728
2522437372,일반상가,월세,1/5,250,"5,000",50,48,북향,20250426,"['25년이상', '1층', '주차가능', '엘리베이터']",37.478915,126.94858
2522450283,복합상가,월세,1/13,370,"5,000",34,34,서향,20250426,"['25년이내', '융자금적은', '역세권', '1층']",37.480315,126.952913
2522431321,일반상가,월세,2/5,550,"1억 5,000",185,178,남서향,20250426,"['25년이상', '융자금적은', '역세권', '중층']",37.48046,126.953468
2522309065,일반상가,월세,1/3,100,"1,000",33,26,북향,20250426,"['25년이상', '1층', '총3층', '북향']",37.4856,126.955598
2522451726,일반상가,월세,1/4,150,"2,000",31,31,남동향,20250426,"['10년이내', '역세권', '1층', '관리비10만원이하']",37.47661,126.965749
2522317964,단지내상가,매매,전체층/5,,"4억 9,800",121,93,남향,20250426,"['25년이내', '주차가능', '총5층', '남향']",37.491645,126.948147
2522291246,일반상가,월세,3/7,450,1억,295,237,남향,20250425,"['25년이상', '중층', '주차가능', '엘리베이터']",37.486455,126.938576
2522283384,일반상가,월세,1/4,700,"7,000",161,161,남서향,20250425,"['25년이상', '역세권', '1층', '총4층']",37.477932,126.962237
2522273530,일반상가,월세,1/2,65,"1,000",23,23,북향,20250425,"['25년이상', '융자금없는', '역세권', '1층']",37.484059,126.952862
2522274424,일반상가,월세,1/4,55,"1,000",25,25,북향,20250425,"['25년이상', '융자금없는', '1층', '주차가능']",37.486206,126.948712
2522283760,일반상가,월세,1/6,100,"1,000",144,40,남서향,20250425,"['25년이내', '역세권', '1층', '주차가능']",37.474821,126.966225
2522273423,일반상가,월세,1/5,160,"2,000",98,56,북향,20250425,"['25년이상', '역세권', '1층', '관리비10만원이하']",37.479391,126.943664
2522272764,일반상가,월세,1/10,170,"2,000",44,44,동향,20250425,"['10년이내', '역세권', '1층', '관리비20만원이하']",37.482425,126.954146
2522273856,일반상가,월세,B1/5,130,"1,000",81,78,서향,20250425,"['25년이상', '융자금없는', '역세권', '지하층']",37.478385,126.963021
2522272076,일반상가,월세,2/3,80,"2,500",72,72,북서향,20250425,"['25년이상', '역세권', '중층', '총3층']",37.488185,126.931812
2522288095,일반상가,월세,2/5,130,"1,000",87,87,북향,20250425,"['25년이상', '역세권', '중층', '주차가능']",37.483817,126.940022
2522174357,일반상가,월세,B1/2,60,500,77,76,서향,20250425,"['25년이상', '역세권', '지하층', '총2층']",37.47526,126.966483
2522286283,일반상가,월세,B1/5,140,"3,000",140,116,남동향,20250425,"['25년이상', '역세권', '지하층', '관리비20만원이하']",37.479374,126.943848
2522285903,일반상가,월세,B1/4,110,"1,500",66,66,북서향,20250425,"['25년이상', '지하층', '관리비10만원이하', '총4층']",37.485404,126.956377
2522287534,일반상가,월세,1/4,120,"2,500",23,23,북향,20250425,"['25년이상', '역세권', '1층', '총4층']",37.475227,126.966131
2522220881,일반상가,월세,1/5,160,"2,000",98,42,북향,20250425,"['25년이상', '역세권', '1층', '관리비10만원이하']",37.479391,126.943664
2522196809,일반상가,월세,1/5,230,"2,000",132,33,서향,20250425,"['10년이내', '융자금적은', '역세권', '1층']",37.479502,126.942315
2522200484,일반상가,월세,1/4,100,"1,000",52,39,동향,20250425,"['25년이내', '1층', '주차가능', '총4층']",37.476833,126.954761
2522220376,일반상가,월세,1/2,90,"2,500",33,26,남서향,20250425,"['25년이상', '융자금적은', '역세권', '1층']",37.475732,126.963019
2522205272,일반상가,월세,1/9,100,"1,000",33,33,북서향,20250425,"['10년이내', '1층', '관리비10만원이하', '주차가능']",37.486127,126.936773
2522213395,단지내상가,월세,1/4,100,"2,000",32,32,남향,20250425,"['25년이내', '1층', '관리비10만원이하', '주차가능']",37.491797,126.942699
2522287401,일반상가,월세,B2/5,160,"2,000",82,82,동향,20250425,"['4년이내', '지하층', '관리비20만원이하', '주차가능']",37.472829,126.966534
2522259666,일반상가,월세,3/7,140,"2,400",80,80,남향,20250425,"['15년이내', '융자금적은', '역세권', '중층']",37.48275,126.950604
2522285104,일반상가,월세,1/6,190,"5,000",67,67,남서향,20250425,"['25년이내', '1층', '주차가능', '남서향']",37.474639,126.960187
2522257321,일반상가,월세,1/1,340,"8,000",33,30,남향,20250425,"['25년이상', '융자금적은', '역세권', '1층']",37.482488,126.943249
2522216675,일반상가,월세,1/15,480,"8,000",128,43,북향,20250425,"['25년이내', '역세권', '1층', '주차가능']",37.481054,126.952215
2522187843,일반상가,월세,1/6,190,"3,000",46,46,동향,20250425,"['4년이내', '1층', '주차가능', '동향']",37.472829,126.966534
2522140109,일반상가,월세,1/5,80,"2,000",30,30,남향,20250425,"['2년이내', '1층', '주차가능', '총5층']",37.486887,126.954506
2522193733,단지내상가,매매,2/23,,"1억 5,000",45,19,서향,20250425,"['25년이상', '역세권', '지상층(1층제외)', '주차가능']",37.491151,126.925099
2522151638,일반상가,월세,3/4,300,"5,000",178,178,북향,20250425,"['25년이상', '융자금없는', '고층', '주차가능']",37.488502,126.946702
2522110463,일반상가,월세,1/4,250,"4,000",66,66,남향,20250425,"['25년이상', '역세권', '1층', '총4층']",37.481774,126.9426
2522083343,일반상가,월세,2/2,95,"5,000",57,57,남서향,20250425,"['25년이상', '역세권', '고층', '총2층']",37.483291,126.944276
2522090848,일반상가,월세,1/4,140,"2,000",49,49,북서향,20250425,"['10년이내', '1층', '관리비10만원이하', '총4층']",37.486977,126.958812
2522069523,일반상가,월세,B1/2,140,"1,500",79,26,남향,20250425,"['25년이상', '역세권', '지하층', '주차가능']",37.490137,126.92616
2522188231,단지내상가,매매,4/4,,"4억 3,000",103,61,남동향,20250425,"['25년이상', '고층', '관리비20만원이하', '주차가능']",37.492261,126.95846
2522136376,일반상가,월세,B1/4,80,"1,000",32,32,남동향,20250425,"['15년이내', '지하층', '주차가능', '총4층']",37.488471,126.953733
2522142719,일반상가,월세,1/5,160,"2,000",42,42,북향,20250425,"['25년이상', '역세권', '1층', '관리비10만원이하']",37.479391,126.943664
2522149633,단지내상가,월세,2/5,50,"1,000",39,23,동향,20250425,"['25년이내', '역세권', '중층', '관리비10만원이하']",37.484547,126.942903
2522190103,일반상가,월세,1/7,246,"3,300",903,66,동향,20250425,"['25년이내', '융자금적은', '1층', '주차가능']",37.486279,126.941095
2522090447,일반상가,월세,1/4,130,"3,000",99,63,남서향,20250425,"['25년이내', '역세권', '1층', '관리비10만원이하']",37.48395,126.939374
2522093497,일반상가,월세,B1/2,70,"1,000",90,68,동향,20250425,"['25년이상', '융자금없는', '지하층', '총2층']",37.485504,126.942893
2522135084,단지내상가,매매,B1/4,,"4억 2,000",61,61,동향,20250425,"['15년이내', '지하층', '주차가능', '총4층']",37.488471,126.953733
2522085902,일반상가,월세,1/3,126,"1,000",30,30,남향,20250425,"['25년이상', '1층', '총3층', '남향']",37.486449,126.937707
2522105150,일반상가,월세,3/4,95,"1,000",59,52,북향,20250425,"['25년이상', '고층', '총4층', '북향']",37.478866,126.949119
2522186170,단지내상가,매매,1/4,,"3억 7,000",81,53,남동향,20250425,"['25년이상', '1층', '주차가능', '총4층']",37.492261,126.95846
2522185864,일반상가,월세,4/5,160,"2,000",125,125,북동향,20250425,"['25년이상', '역세권', '고층', '주차가능']",37.478543,126.961628
2522186816,단지내상가,매매,3/4,,"3억 6,000",111,74,남동향,20250425,"['25년이상', '고층', '주차가능', '총4층']",37.492261,126.95846
2522168583,단지내상가,매매,1/2,,7억,51,39,동향,20250425,"['10년이내', '1층', '관리비20만원이하', '주차가능']",37.479158,126.944041
2522138641,일반상가,월세,1/3,160,"1,000",46,46,동향,20250425,"['25년이상', '1층', '총3층', '동향']",37.48018,126.945933
2522136885,일반상가,월세,1/7,70,"2,000",23,23,남향,20250425,"['25년이내', '역세권', '1층', '관리비10만원이하']",37.476997,126.964463
2522187571,단지내상가,매매,3/4,,4억,128,86,북서향,20250425,"['25년이상', '고층', '주차가능', '총4층']",37.492261,126.95846
2522084251,일반상가,월세,1/2,120,"1,300",23,22,남서향,20250425,"['25년이상', '역세권', '1층', '총2층']",37.47526,126.966483
2522076936,일반상가,월세,1/3,126,"1,000",23,23,남향,20250425,"['10년이내', '역세권', '1층', '총3층']",37.474086,126.966383
2522090170,단지내상가,월세,2/6,100,"2,000",33,33,북향,20250425,"['25년이내', '지상층(1층제외)', '관리비20만원이하', '주차가능']",37.489763,126.950616
2522118469,일반상가,월세,1/10,350,"1억 2,000",65,60,북향,20250425,"['25년이내', '역세권', '1층', '주차가능']",37.481995,126.951622
2522089526,일반상가,월세,1/5,200,"3,000",50,45,북향,20250425,"['10년이내', '역세권', '1층', '관리비10만원이하']",37.473857,126.966168
2522092946,일반상가,월세,1/2,100,"2,000",25,25,서향,20250425,"['25년이상', '융자금적은', '역세권', '1층']",37.479411,126.942538
2522088269,일반상가,월세,2/5,170,"2,500",95,95,북서향,20250425,"['25년이상', '역세권', '중층', '총5층']",37.480245,126.956822
2522094301,일반상가,월세,1/5,170,"3,000",77,49,남향,20250425,"['10년이내', '융자금적은', '역세권', '1층']",37.474604,126.963613
2522089582,일반상가,월세,7/8,490,"6,000",205,173,동향,20250425,"['2년이내', '역세권', '고층', '주차가능']",37.483424,126.93849
2522089845,일반상가,월세,3/3,750,"1억 3,500",360,360,남향,20250425,"['25년이상', '역세권', '고층', '주차가능']",37.478727,126.960207
2522087664,일반상가,월세,4/5,350,1억,209,181,남향,20250425,"['25년이내', '역세권', '고층', '주차가능']",37.482592,126.942473
2522080308,단지내상가,월세,2/4,65,"1,000",66,44,남동향,20250425,"['25년이내', '융자금없는', '중층', '관리비20만원이하']",37.489589,126.955554
2522073315,일반상가,월세,1/5,130,"3,000",67,39,동향,20250425,"['25년이내', '1층', '관리비20만원이하', '주차가능']",37.489026,126.948343
2522083869,일반상가,월세,B1/2,250,"3,000",136,135,서향,20250425,"['25년이상', '지하층', '총2층', '서향']",37.477994,126.95688
2522082686,일반상가,월세,3/7,340,"8,000",177,165,북서향,20250425,"['10년이내', '융자금적은', '역세권', '중층']",37.483742,126.937993
2522075574,일반상가,월세,B1/10,"1,200",2억,571,472,북향,20250425,"['25년이내', '역세권', '지하층', '주차가능']",37.481309,126.94961
2522083088,일반상가,월세,B1/3,600,1억,419,419,북향,20250425,"['25년이상', '역세권', '지하층', '총3층']",37.475,126.966636
2522082868,일반상가,월세,1/4,420,"8,000",130,126,동향,20250425,"['25년이상', '융자금없는', '역세권', '1층']",37.476847,126.958798
2522083520,일반상가,월세,1/9,190,"2,500",43,43,북향,20250425,"['10년이내', '역세권', '1층', '주차가능']",37.480374,126.948783
2522075163,일반상가,월세,1/1,230,"3,500",33,33,남향,20250425,"['25년이상', '역세권', '1층', '남향']",37.479749,126.955269
2522083420,일반상가,월세,2/3,800,"1억 5,000",313,313,북향,20250425,"['25년이상', '역세권', '중층', '총3층']",37.475,126.966636
2522071742,일반상가,월세,3/9,140,"2,000",55,39,남향,20250425,"['10년이내', '역세권', '지상층(1층제외)', '관리비10만원이하']",37.477833,126.960306
2522069130,일반상가,월세,3/4,320,"9,000",205,205,서향,20250425,"['25년이상', '융자금적은', '역세권', '고층']",37.479178,126.952061
2522080695,단지내상가,매매,B1/4,,"5,000",20,12,남동향,20250425,"['25년이상', '지하층', '주차가능', '총4층']",37.492261,126.95846
2522104042,일반상가,월세,6/7,320,"5,000",219,198,남서향,20250425,"['25년이상', '역세권', '고층', '주차가능']",37.483062,126.940903
2522087011,일반상가,월세,1/20,365,"6,000",88,61,서향,20250425,"['15년이내', '역세권', '1층', '주차가능']",37.481114,126.950665
2522089001,일반상가,월세,3/4,300,"3,000",264,198,남향,20250425,"['25년이상', '역세권', '고층', '주차가능']",37.474173,126.966059
2522218513,일반상가,월세,1/15,90,"1,000",20,16,북향,20250425,"['25년이내', '역세권', '1층', '주차가능']",37.481054,126.952215
2522219244,일반상가,월세,2/5,150,"3,000",103,103,남향,20250425,"['25년이상', '역세권', '중층', '관리비20만원이하']",37.476159,126.966679
2522219352,일반상가,월세,4/4,140,"1,000",135,54,남서향,20250425,"['25년이상', '역세권', '고층', '관리비10만원이하']",37.477972,126.962042
2522158519,일반상가,월세,1/5,200,"2,000",87,70,남향,20250425,"['25년이내', '1층', '주차가능', '엘리베이터']",37.48661,126.956528
2522186802,일반상가,월세,B1/5,160,"2,000",125,125,동향,20250425,"['4년이내', '융자금없는', '지하층', '주차가능']",37.472829,126.966534
2522274439,일반상가,월세,1/5,340,"5,000",92,92,북서향,20250425,"['4년이내', '역세권', '1층', '총5층']",37.482987,126.948684
2522186507,단지내상가,월세,2/16,370,"5,000",464,165,북향,20250425,"['25년이상', '역세권', '지상층(1층제외)', '주차가능']",37.476953,126.961249
2522165330,일반상가,월세,B1/3,90,"1,000",95,85,동향,20250425,"['25년이상', '역세권', '지하층', '총3층']",37.480502,126.945948
2522261006,일반상가,월세,1/3,150,"2,000",33,33,남향,20250425,"['25년이상', '융자금적은', '역세권', '1층']",37.49116,126.927368
2522274191,일반상가,월세,1/4,290,"5,000",89,89,남서향,20250425,"['10년이내', '1층', '관리비20만원이하', '총4층']",37.477455,126.956704
2522273604,일반상가,월세,2/2,60,"1,000",28,28,북향,20250425,"['25년이상', '고층', '총2층', '북향']",37.485179,126.956311
2522273039,일반상가,월세,4/6,200,"3,000",125,125,서향,20250425,"['25년이상', '중층', '서향', '관리비40만원이하']",37.484616,126.946904
2522274185,일반상가,월세,1/5,50,800,59,59,남동향,20250425,"['25년이내', '1층', '총5층', '남동향']",37.489171,126.941822
2522274171,일반상가,월세,4/6,130,"3,000",113,90,서향,20250425,"['25년이상', '역세권', '중층', '관리비20만원이하']",37.475051,126.969205
2522277695,복합상가,월세,1/13,506,"1억 5,000",33,33,서향,20250425,"['25년이내', '융자금적은', '역세권', '1층']",37.480315,126.952913
2522283017,일반상가,월세,2/7,450,1억,278,278,남향,20250425,"['25년이내', '지상층(1층제외)', '주차가능', '남향']",37.486466,126.938273
2522298371,일반상가,월세,1/5,130,"3,000",26,23,동향,20250425,"['10년이내', '역세권', '1층', '관리비20만원이하']",37.479826,126.942428
2522213558,단지내상가,월세,7/8,560,1억,205,200,남서향,20250425,"['2년이내', '융자금적은', '역세권', '고층']",37.477111,126.964162
2522216217,일반상가,월세,1/6,500,"1억 3,000",188,188,동향,20250425,"['25년이상', '1층', '주차가능', '동향']",37.474609,126.952586
2522241396,일반상가,월세,1/3,280,"1,400",52,49,남향,20250425,"['25년이상', '융자금적은', '1층', '총3층']",37.486424,126.939171
2522282836,일반상가,월세,B1/5,220,"5,000",90,90,남향,20250425,"['2년이내', '융자금적은', '역세권', '지하층']",37.478262,126.952912
2522290617,일반상가,월세,1/5,270,"3,000",164,164,남서향,20250425,"['25년이상', '역세권', '1층', '관리비20만원이하']",37.477107,126.958809
2522288865,일반상가,월세,B2/12,80,"1,000",49,48,서향,20250425,"['10년이내', '역세권', '지하층', '관리비10만원이하']",37.482561,126.94517
2522040690,일반상가,월세,1/13,350,"5,000",36,36,서향,20250424,"['25년이내', '역세권', '1층', '주차가능']",37.480289,126.95315
2522036964,일반상가,월세,13/14,450,"7,000",227,148,북향,20250424,"['15년이내', '역세권', '고층', '주차가능']",37.480738,126.953508
2522039780,일반상가,월세,3/6,450,"7,000",180,180,북동향,20250424,"['4년이내', '역세권', '중층', '주차가능']",37.479102,126.957558
2522004756,일반상가,월세,B3/2,200,"5,000",214,192,남동향,20250424,"['25년이내', '지하층', '총2층', '남동향']",37.487812,126.957236
2522023749,일반상가,월세,5/7,"1,000","1억 5,000",370,363,남향,20250424,"['25년이상', '역세권', '고층', '주차가능']",37.482046,126.948646
2522022451,일반상가,월세,1/15,480,"8,000",81,43,북향,20250424,"['25년이내', '융자금없는', '역세권', '1층']",37.481054,126.952215
2521980777,일반상가,월세,1/2,250,"5,000",60,50,남서향,20250424,"['25년이상', '마당', '역세권', '1층']",37.489582,126.928369
2522022979,일반상가,월세,B1/5,70,"1,000",49,49,북향,20250424,"['25년이상', '지하층', '관리비10만원이하', '주차가능']",37.485973,126.95353
2521971743,일반상가,월세,2/15,540,"7,500",200,148,북향,20250424,"['25년이상', '역세권', '지상층(1층제외)', '주차가능']",37.481088,126.95092
2521968906,단지내상가,월세,3/9,130,"1,200",39,26,서향,20250424,"['25년이내', '역세권', '지상층(1층제외)', '관리비10만원이하']",37.477972,126.952571
2521975800,일반상가,월세,2/7,200,"2,000",80,62,남동향,20250424,"['10년이내', '역세권', '지상층(1층제외)', '주차가능']",37.47767,126.96382
2521967391,일반상가,월세,1/6,500,"7,000",50,39,북향,20250424,"['4년이내', '역세권', '1층', '주차가능']",37.479102,126.957558
2521968936,일반상가,월세,2/7,400,"5,000",148,148,동향,20250424,"['25년이상', '역세권', '지상층(1층제외)', '주차가능']",37.483075,126.953597
2521969438,일반상가,월세,2/7,280,"3,000",162,162,동향,20250424,"['25년이상', '역세권', '지상층(1층제외)', '주차가능']",37.479808,126.950136
2521852577,일반상가,월세,1/4,150,"3,000",66,53,서향,20250424,"['25년이내', '1층', '주차가능', '총4층']",37.489496,126.946163
2522046819,일반상가,월세,1/7,650,1억,335,335,남향,20250424,"['15년이내', '역세권', '1층', '주차가능']",37.480928,126.954486
2522045299,일반상가,월세,3/5,80,"1,000",82,82,남향,20250424,"['25년이상', '역세권', '중층', '관리비10만원이하']",37.485301,126.937969
2522069142,일반상가,월세,2/6,210,"3,000",73,73,남향,20250424,"['25년이상', '융자금없는', '역세권', '지상층(1층제외)']",37.490222,126.925594
2522064220,일반상가,매매,2/5,,"5억 7,000",163,98,남향,20250424,"['25년이내', '중층', '주차가능', '총5층']",37.488828,126.948639
2522044404,일반상가,월세,B1/5,100,"1,000",81,81,남서향,20250424,"['25년이상', '역세권', '지하층', '총5층']",37.480941,126.955086
2522044541,일반상가,월세,1/2,180,"2,000",30,30,남향,20250424,"['25년이상', '융자금적은', '1층', '총2층']",37.47811,126.9571
2522040027,일반상가,월세,1/15,506,"1억 5,000",59,33,서향,20250424,"['25년이내', '역세권', '1층', '주차가능']",37.480315,126.952913
2522038301,일반상가,월세,1/3,"1,050","1억 8,000",180,170,남서향,20250424,"['25년이상', '역세권', '1층', '주차가능']",37.478727,126.960207
2522039425,일반상가,월세,1/7,"1,260",1억,204,204,남서향,20250424,"['25년이상', '역세권', '1층', '주차가능']",37.482046,126.948646
2521960436,일반상가,월세,1/3,800,1억,313,313,동향,20250424,"['25년이상', '역세권', '1층', '주차가능']",37.475,126.966636
2522059398,일반상가,월세,1/3,130,"2,000",33,26,서향,20250424,"['25년이상', '역세권', '1층', '총3층']",37.48332,126.943793
2522038754,일반상가,월세,1/7,250,"3,000",33,33,남서향,20250424,"['15년이내', '역세권', '1층', '주차가능']",37.480928,126.954486
2522035456,일반상가,월세,1/4,300,"3,000",50,50,동향,20250424,"['25년이상', '역세권', '1층', '총4층']",37.476847,126.958798
2522039577,일반상가,월세,3/3,380,"7,000",200,180,남향,20250424,"['25년이상', '역세권', '고층', '주차가능']",37.478727,126.960207
2522041626,일반상가,월세,4/4,140,"1,000",135,65,남서향,20250424,"['25년이상', '역세권', '고층', '관리비10만원이하']",37.477972,126.962042
2522035733,일반상가,월세,5/13,350,"8,000",169,99,동향,20250424,"['25년이상', '역세권', '중층', '주차가능']",37.484392,126.954615
2522019253,일반상가,월세,2/7,560,"6,000",350,325,동향,20250424,"['25년이상', '역세권', '지상층(1층제외)', '주차가능']",37.479808,126.950136
2521980973,일반상가,월세,4/6,200,"3,000",131,131,북향,20250424,"['2년이내', '중층', '관리비20만원이하', '주차가능']",37.486105,126.9379
2522023915,일반상가,월세,6/7,300,"4,500",208,138,남향,20250424,"['25년이상', '역세권', '고층', '남향']",37.482609,126.942768
2522033317,일반상가,월세,2/2,170,"2,000",59,59,북향,20250424,"['25년이상', '융자금없는', '고층', '주차가능']",37.47811,126.9571
2522012464,일반상가,월세,3/5,120,"1,500",112,112,북동향,20250424,"['25년이상', '역세권', '중층', '관리비10만원이하']",37.483905,126.939746
2522009232,일반상가,월세,1/3,780,"1억 5,000",220,201,북동향,20250424,"['25년이상', '역세권', '1층', '총3층']",37.475,126.966636
2522033094,일반상가,월세,1/5,250,"3,000",52,52,남향,20250424,"['25년이상', '융자금적은', '역세권', '1층']",37.479388,126.955744
2522008984,일반상가,월세,4/5,600,"1억 5,000",240,225,북향,20250424,"['25년이상', '역세권', '고층', '총5층']",37.475,126.966636
2522031364,일반상가,월세,1/5,230,"2,000",132,35,남서향,20250424,"['10년이내', '역세권', '1층', '관리비20만원이하']",37.479502,126.942315
2522035666,일반상가,월세,B1/4,120,"1,000",107,107,남향,20250424,"['25년이상', '역세권', '지하층', '관리비10만원이하']",37.483304,126.944165
2522037316,일반상가,월세,1/2,180,"2,000",63,63,남향,20250424,"['25년이상', '1층', '총2층', '남향']",37.47868,126.958045
2522036559,일반상가,월세,2/3,450,"8,100",196,180,남향,20250424,"['25년이상', '역세권', '중층', '주차가능']",37.478727,126.960207
2522037655,일반상가,월세,2/2,220,"3,000",50,50,남서향,20250424,"['25년이상', '역세권', '고층', '총2층']",37.478657,126.955986
2522040380,일반상가,월세,2/4,600,"7,000",289,289,남향,20250424,"['2년이내', '중층', '주차가능', '총4층']",37.47747,126.957527
2521965366,일반상가,월세,2/4,150,"2,000",110,99,남향,20250424,"['25년이상', '역세권', '중층', '관리비10만원이하']",37.481281,126.947457
2521964328,일반상가,월세,B1/4,190,"2,000",105,105,남향,20250424,"['25년이상', '역세권', '지하층', '총4층']",37.480476,126.955521
2521976680,일반상가,월세,1/3,150,"1,000",33,33,서향,20250424,"['25년이상', '역세권', '1층', '총3층']",37.475179,126.967168
2521981321,일반상가,월세,B1/5,160,"2,000",110,100,남향,20250424,"['25년이상', '역세권', '지하층', '주차가능']",37.483286,126.940273
2521990293,일반상가,월세,B1/4,65,"1,000",115,115,남동향,20250424,"['25년이상', '역세권', '지하층', '관리비10만원이하']",37.484017,126.941723
2522028450,일반상가,월세,1/2,60,"1,000",23,23,남서향,20250424,"['25년이상', '융자금없는', '1층', '총2층']",37.483079,126.947841
2522027736,일반상가,월세,1/4,130,"2,000",21,19,남향,20250424,"['15년이내', '역세권', '1층', '주차가능']",37.47403,126.966649
2522033729,일반상가,월세,1/4,200,"2,000",33,33,남서향,20250424,"['25년이상', '역세권', '1층', '관리비10만원이하']",37.480231,126.9541
2522012876,일반상가,월세,3/3,750,"1억 5,000",297,297,북향,20250424,"['25년이상', '역세권', '고층', '총3층']",37.475,126.966636
2522026400,일반상가,월세,1/8,132,"4,000",96,62,서향,20250424,"['25년이내', '1층', '관리비10만원이하', '주차가능']",37.485888,126.938453
2521863091,일반상가,월세,1/4,270,"5,000",30,21,남서향,20250424,"['25년이상', '역세권', '1층', '주차가능']",37.474173,126.966059
2521963276,일반상가,월세,1/3,83,"1,000",25,25,동향,20250424,"['25년이상', '1층', '총3층', '동향']",37.479869,126.95785
2521896451,일반상가,월세,6/8,50,"1,000",17,16,서향,20250424,"['25년이내', '고층', '관리비20만원이하', '주차가능']",37.485888,126.938453
2521959456,일반상가,월세,4/5,170,"3,500",89,89,남서향,20250424,"['25년이상', '역세권', '고층', '관리비20만원이하']",37.476511,126.965643
2521873469,복합상가,월세,1/15,55,"1,000",22,6,동향,20250424,"['25년이내', '융자금없는', '역세권', '1층']",37.481054,126.952215
2522007441,일반상가,월세,4/8,490,"6,000",205,173,동향,20250424,"['2년이내', '역세권', '중층', '주차가능']",37.483424,126.93849
2522004784,일반상가,월세,1/4,96,"1,000",98,49,동향,20250424,"['25년이상', '융자금적은', '1층', '주차가능']",37.486793,126.940828
2521988288,일반상가,월세,전체층/15,"2,000",4억,1201,556,동향,20250424,"['25년이내', '테라스', '역세권', '주차가능']",37.481054,126.952215
2521971020,일반상가,월세,4/7,170,"5,000",127,120,남향,20250424,"['25년이상', '역세권', '중층', '남향']",37.482147,126.953901
2522037280,일반상가,월세,1/3,300,"4,500",66,50,남서향,20250424,"['25년이상', '역세권', '1층', '관리비20만원이하']",37.478803,126.959867
2522010623,일반상가,월세,1/5,250,"3,000",103,62,북동향,20250424,"['25년이내', '1층', '관리비20만원이하', '주차가능']",37.488828,126.948639
2521982007,일반상가,월세,2/2,150,"2,000",82,82,동향,20250424,"['25년이상', '역세권', '고층', '총2층']",37.481724,126.944682
2522028041,일반상가,월세,2/9,350,1억,159,93,동향,20250424,"['10년이내', '융자금적은', '역세권', '지상층(1층제외)']",37.479632,126.944617
2522029969,일반상가,월세,4/10,730,1억,305,250,북향,20250424,"['25년이내', '역세권', '중층', '주차가능']",37.481309,126.94961
2522028939,일반상가,월세,B1/14,240,"3,000",350,216,남서향,20250424,"['10년이내', '역세권', '지하층', '주차가능']",37.480557,126.955303
2522039019,일반상가,월세,1/3,80,"1,000",20,20,남서향,20250424,"['25년이상', '역세권', '1층', '주차가능']",37.483671,126.94502
2522036178,일반상가,월세,4/7,"1,000","1억 5,000",370,363,남향,20250424,"['25년이상', '역세권', '중층', '주차가능']",37.482046,126.948646
2522037945,일반상가,월세,9/10,750,"1억 2,000",281,260,서향,20250424,"['25년이상', '역세권', '고층', '주차가능']",37.481481,126.9539
2522038997,일반상가,월세,1/4,150,"1,500",29,29,남동향,20250424,"['10년이내', '역세권', '1층', '관리비10만원이하']",37.475297,126.966893
2522042985,일반상가,월세,1/2,50,"1,000",23,23,북향,20250424,"['25년이상', '1층', '관리비10만원이하', '총2층']",37.485303,126.950596
2522033149,일반상가,월세,B1/7,200,"2,000",127,127,동향,20250424,"['25년이내', '지하층', '관리비20만원이하', '주차가능']",37.484668,126.946389
2522035454,일반상가,월세,1/4,270,"3,000",71,67,북동향,20250424,"['4년이내', '1층', '관리비10만원이하', '총4층']",37.477734,126.954906
2522010215,일반상가,월세,B1/5,220,"3,000",182,182,북향,20250424,"['25년이상', '역세권', '지하층', '주차가능']",37.481674,126.946457
2521857058,일반상가,월세,1/4,70,500,20,15,북동향,20250424,"['25년이상', '역세권', '1층', '총4층']",37.47529,126.96597
2521899735,일반상가,월세,1/8,154,"4,000",51,49,서향,20250424,"['25년이내', '1층', '관리비20만원이하', '주차가능']",37.485888,126.938453
2521844970,일반상가,월세,1/3,150,"2,000",35,35,서향,20250424,"['25년이상', '융자금적은', '역세권', '1층']",37.49116,126.927368
2521945645,일반상가,월세,전체층/15,"1,000",2억,600,278,동향,20250424,"['25년이내', '테라스', '역세권', '주차가능']",37.481054,126.952215
2521839444,일반상가,월세,2/4,85,"1,000",66,49,북서향,20250424,"['25년이상', '역세권', '중층', '관리비10만원이하']",37.483256,126.94439
2521835663,일반상가,월세,1/4,140,"4,000",59,59,남향,20250424,"['25년이상', '역세권', '1층', '총4층']",37.479436,126.943199
2521838611,일반상가,월세,1/7,125,"2,000",33,33,동향,20250424,"['25년이상', '역세권', '1층', '주차가능']",37.481415,126.943137
2521964630,일반상가,월세,1/1,63,500,13,13,서향,20250424,"['25년이상', '1층', '서향']",37.484817,126.946891
2521988041,일반상가,월세,전체층/15,"1,000",2억,840,402,동향,20250424,"['25년이내', '테라스', '역세권', '주차가능']",37.481054,126.952215
2521981209,일반상가,월세,1/4,179,"4,000",48,48,동향,20250424,"['25년이상', '1층', '주차가능', '총4층']",37.484256,126.946501
2521991993,일반상가,월세,2/5,700,"4,000",171,171,서향,20250424,"['25년이상', '역세권', '중층', '주차가능']",37.480238,126.953393
2521977908,일반상가,월세,1/8,700,1억,211,142,북향,20250424,"['2년이내', '역세권', '1층', '주차가능']",37.483424,126.93849
2521871305,일반상가,월세,1/4,100,"1,500",29,29,서향,20250424,"['25년이내', '1층', '관리비10만원이하', '주차가능']",37.489496,126.946163
2521958003,일반상가,월세,3/5,135,"2,000",96,96,남서향,20250424,"['25년이상', '역세권', '중층', '주차가능']",37.48387,126.941172
2521840642,일반상가,월세,5/5,"1,238","1억 8,000",352,284,남향,20250424,"['25년이상', '융자금없는', '테라스', '역세권']",37.481226,126.953702
2521944009,복합상가,월세,B1/23,30,500,18,18,서향,20250424,"['25년이상', '역세권', '지하층', '주차가능']",37.491151,126.925099
2521858220,일반상가,월세,1/5,250,"3,000",59,49,남서향,20250424,"['25년이상', '역세권', '1층', '관리비20만원이하']",37.483942,126.938898
2521822632,일반상가,월세,1/3,190,"2,500",57,56,,20250424,"['25년이상', '융자금없는', '1층', '주차가능']",37.486671,126.939575
2521878548,단지내상가,매매,B1/5,,"6억 5,000",416,265,남향,20250424,"['25년이내', '역세권', '급매', '지하층']",37.484547,126.942903
2521965166,일반상가,월세,1/2,50,"1,000",25,25,북동향,20250424,"['25년이상', '1층', '관리비10만원이하', '총2층']",37.485303,126.950596
2522063222,일반상가,월세,1/5,150,"3,000",48,37,서향,20250424,"['25년이내', '융자금없는', '1층', '관리비20만원이하']",37.488828,126.948639
2522077329,일반상가,월세,6/6,200,"2,000",159,92,동향,20250424,"['25년이내', '고층', '주차가능', '동향']",37.486413,126.956446
2521839362,일반상가,월세,2/5,200,"2,000",82,82,북동향,20250423,"['25년이내', '융자금없는', '역세권', '중층']",37.47624,126.964962
2521841430,일반상가,월세,2/4,200,"2,000",92,92,남향,20250423,"['25년이상', '역세권', '중층', '총4층']",37.476201,126.964677
2521839320,일반상가,매매,1/16,,6억,141,75,북동향,20250423,"['25년이상', '역세권', '1층', '관리비10만원이하']",37.476953,126.961249
2521841631,일반상가,월세,1/2,100,"1,000",21,21,서향,20250423,"['25년이상', '1층', '총2층', '서향']",37.47713,126.958398
2521740697,단지내상가,월세,1/2,250,"3,000",54,35,북동향,20250423,"['10년이내', '1층', '관리비10만원이하', '주차가능']",37.477914,126.941862
2521641772,일반상가,월세,B1/4,80,"1,000",124,101,남향,20250423,"['25년이상', '역세권', '지하층', '총4층']",37.475896,126.965213
2521656298,일반상가,월세,1/7,280,"3,000",78,46,동향,20250423,"['25년이상', '역세권', '1층', '주차가능']",37.491248,126.92622
2521787626,일반상가,월세,1/3,280,"1,400",50,50,남향,20250423,"['25년이상', '1층', '총3층', '남향']",37.486424,126.939171
2521649369,일반상가,월세,1/3,190,"2,500",33,33,서향,20250423,"['25년이상', '1층', '관리비10만원이하', '총3층']",37.486671,126.939575
2521818694,단지내상가,월세,1/23,100,"1,000",19,7,북서향,20250423,"['25년이상', '융자금없는', '역세권', '1층']",37.491151,126.925099
2521835874,일반상가,월세,1/6,75,"1,000",19,19,남향,20250423,"['25년이내', '1층', '남향']",37.478882,126.948999
2521723761,일반상가,월세,1/10,280,"5,000",49,49,남향,20250423,"['10년이내', '역세권', '1층', '관리비10만원이하']",37.479663,126.944239
2521803526,일반상가,월세,1/11,330,"5,000",129,75,북향,20250423,"['25년이내', '1층', '관리비20만원이하', '주차가능']",37.478928,126.947728
2521804386,일반상가,월세,3/5,120,"2,000",105,105,동향,20250423,"['25년이상', '역세권', '중층', '총5층']",37.47729,126.958755
2521649354,일반상가,월세,2/6,180,"2,000",66,66,북향,20250423,"['25년이상', '역세권', '지상층(1층제외)', '관리비10만원이하']",37.478057,126.962865
2521649362,일반상가,월세,2/2,200,"3,000",136,136,동향,20250423,"['25년이상', '역세권', '고층', '관리비10만원이하']",37.483778,126.95383
2521760203,일반상가,월세,2/4,310,"5,000",80,80,남향,20250423,"['4년이내', '중층', '주차가능', '총4층']",37.477184,126.957107
2521819089,일반상가,월세,1/6,100,"1,000",144,36,남서향,20250423,"['25년이내', '역세권', '1층', '주차가능']",37.474821,126.966225
2521811662,일반상가,월세,1/2,200,"2,000",38,38,남동향,20250423,"['25년이상', '융자금적은', '역세권', '1층']",37.478488,126.956861
2521788082,일반상가,월세,1/4,170,"3,000",92,86,북동향,20250423,"['25년이상', '역세권', '1층', '관리비10만원이하']",37.485318,126.936689
2521798239,일반상가,월세,3/4,95,"1,000",59,49,북향,20250423,"['25년이상', '고층', '총4층', '북향']",37.478866,126.949119
2521813523,일반상가,월세,1/2,140,"2,000",33,33,남향,20250423,"['25년이상', '역세권', '1층', '총2층']",37.479193,126.942841
2521806244,일반상가,월세,1/5,150,"1,500",278,33,북향,20250423,"['25년이상', '1층', '관리비10만원이하', '주차가능']",37.479186,126.94527
2521764202,일반상가,월세,2/2,110,"2,000",28,28,북향,20250423,"['25년이상', '고층', '총2층', '북향']",37.485163,126.956542
2521767056,일반상가,월세,B1/8,900,"1억 5,000",517,517,남향,20250423,"['10년이내', '역세권', '지하층', '주차가능']",37.481859,126.950401
2521716527,복합상가,매매,1/15,,"12억 2,000",50,34,북향,20250423,"['25년이내', '역세권', '1층', '주차가능']",37.480289,126.95315
2521728625,일반상가,월세,7/7,220,"6,000",73,73,남동향,20250423,"['10년이내', '역세권', '고층', '주차가능']",37.491371,126.926822
2521735548,단지내상가,매매,2/4,,10억,111,111,동향,20250423,"['25년이내', '중층', '주차가능', '총4층']",37.487592,126.959907
2521648117,일반상가,월세,1/2,100,"5,000",105,39,동향,20250423,"['25년이상', '융자금적은', '1층', '관리비10만원이하']",37.486332,126.940569
2521628265,일반상가,월세,B1/5,220,"3,000",182,164,북향,20250423,"['25년이상', '역세권', '지하층', '주차가능']",37.481674,126.946457
2521633347,일반상가,월세,1/4,220,"3,000",58,58,서향,20250423,"['25년이상', '1층', '주차가능', '총4층']",37.488216,126.946576
2521715054,일반상가,월세,1/5,147,"1,000",28,28,남동향,20250423,"['25년이상', '역세권', '1층', '관리비10만원이하']",37.478002,126.962463
2521750762,단지내상가,매매,B1/13,,"4억 5,000",117,117,북향,20250423,"['25년이내', '지하층', '주차가능', '엘리베이터']",37.488926,126.957148
2521757598,일반상가,월세,1/4,270,"3,500",59,56,남향,20250423,"['25년이상', '1층', '총4층', '남향']",37.478195,126.957429
2521628087,일반상가,월세,4/9,110,"1,000",80,28,북향,20250423,"['10년이내', '역세권', '중층', '관리비10만원이하']",37.477833,126.960306
2521626712,일반상가,월세,1/4,110,"2,000",42,42,동향,20250423,"['4년이내', '역세권', '1층', '관리비10만원이하']",37.485675,126.939162
2521626542,일반상가,월세,B1/5,100,"2,000",118,106,서향,20250423,"['25년이상', '역세권', '지하층', '주차가능']",37.473827,126.965131
2521723222,단지내상가,월세,1/15,115,"2,000",40,40,남향,20250423,"['10년이내', '1층', '관리비20만원이하', '주차가능']",37.488633,126.959479
2521633366,단지내상가,월세,1/15,80,"2,000",30,21,서향,20250422,"['25년이상', '역세권', '1층', '관리비20만원이하']",37.494085,126.928169
2521505214,일반상가,월세,1/4,350,"3,000",98,59,북서향,20250422,"['25년이상', '융자금적은', '1층', '관리비10만원이하']",37.477893,126.95759
2521461815,일반상가,월세,1/20,180,"3,000",36,30,서향,20250422,"['4년이내', '역세권', '1층', '관리비10만원이하']",37.479839,126.953346
2521503228,일반상가,월세,2/5,230,"3,000",126,85,남동향,20250422,"['25년이상', '융자금적은', '역세권', '중층']",37.483942,126.938898
2521499832,일반상가,월세,1/3,160,"2,500",53,52,북서향,20250422,"['25년이상', '융자금적은', '역세권', '1층']",37.473899,126.964509
2521501029,일반상가,월세,1/4,230,"3,000",108,66,동향,20250422,"['25년이상', '융자금적은', '1층', '관리비20만원이하']",37.483722,126.946389
2521593772,일반상가,월세,3/5,90,"1,000",105,105,북향,20250422,"['25년이내', '융자금없는', '중층', '관리비10만원이하']",37.47316,126.96686
2521547208,일반상가,월세,2/5,320,"5,000",106,106,북서향,20250422,"['10년이내', '역세권', '중층', '주차가능']",37.47869,126.956978
2521594592,일반상가,월세,2/6,190,"2,000",142,142,남서향,20250422,"['25년이상', '융자금적은', '역세권', '지상층(1층제외)']",37.481683,126.954885
2521396055,일반상가,월세,3/5,220,"2,000",99,99,남동향,20250422,"['25년이상', '역세권', '중층', '관리비10만원이하']",37.483286,126.940273
2521403871,단지내상가,월세,1/2,75,"2,000",74,37,동향,20250422,"['10년이내', '1층', '관리비20만원이하', '주차가능']",37.477914,126.941862
2521408193,일반상가,월세,1/3,66,"1,000",26,26,남향,20250422,"['25년이상', '1층', '총3층', '남향']",37.48607,126.954933
2521396925,일반상가,월세,1/4,220,"3,000",57,57,남서향,20250422,"['25년이상', '1층', '주차가능', '총4층']",37.488216,126.946576
2521395831,일반상가,월세,1/22,130,"3,000",33,33,남향,20250422,"['25년이상', '융자금적은', '역세권', '1층']",37.492277,126.925559
2521402106,일반상가,월세,1/3,305,"3,000",22,22,서향,20250422,"['25년이상', '역세권', '1층', '총3층']",37.482592,126.943674
2521407608,일반상가,월세,2/3,330,"3,000",85,85,북향,20250422,"['25년이상', '융자금적은', '역세권', '중층']",37.480824,126.955011
2521398958,일반상가,월세,3/3,90,"1,000",54,49,서향,20250422,"['25년이상', '융자금적은', '역세권', '고층']",37.482386,126.944654
2521406695,일반상가,월세,B1/7,240,"3,000",89,82,동향,20250422,"['10년이내', '역세권', '지하층', '관리비20만원이하']",37.47767,126.96382
2521538794,일반상가,매매,2/13,,5억,160,97,북향,20250422,"['25년이내', '지상층(1층제외)', '주차가능', '북향']",37.488926,126.957148
2521406195,일반상가,월세,1/3,80,"1,000",33,33,북동향,20250422,"['25년이상', '역세권', '1층', '총3층']",37.485045,126.940827
2521408325,일반상가,월세,1/4,150,"2,000",33,33,남서향,20250422,"['10년이내', '융자금적은', '역세권', '1층']",37.47661,126.965749
2521429652,일반상가,월세,2/2,100,"3,000",82,66,남향,20250422,"['25년이상', '테라스', '고층', '총2층']",37.486177,126.953986
2521414637,일반상가,월세,1/3,35,"2,500",23,23,동향,20250422,"['25년이상', '1층', '관리비10만원이하', '총3층']",37.488277,126.957692
2521413505,일반상가,월세,1/3,70,"1,000",18,18,동향,20250422,"['25년이상', '1층', '총3층', '동향']",37.483968,126.946476
2521417594,일반상가,월세,2/7,950,3억,1465,509,동향,20250422,"['25년이내', '지상층(1층제외)', '주차가능', '엘리베이터']",37.486308,126.941662
2521418394,일반상가,월세,1/2,220,"8,000",107,107,서향,20250422,"['25년이상', '융자금적은', '1층', '총2층']",37.486704,126.959523
2521411299,일반상가,월세,3/3,110,"1,000",104,104,동향,20250422,"['25년이상', '급매', '고층', '총3층']",37.476371,126.958792
2521440427,일반상가,월세,1/10,350,"1억 2,000",65,59,북향,20250422,"['25년이내', '융자금적은', '역세권', '1층']",37.481995,126.951622
2521419597,일반상가,월세,1/2,350,"3,000",90,66,동향,20250422,"['25년이상', '융자금적은', '1층', '총2층']",37.477994,126.95688
2521418177,일반상가,월세,1/3,74,"1,300",24,24,남향,20250422,"['25년이상', '융자금적은', '1층', '관리비10만원이하']",37.48607,126.954933
2521539134,단지내상가,매매,1/13,,6억,86,86,남동향,20250422,"['25년이내', '1층', '주차가능', '남동향']",37.488926,126.957148
2521451905,일반상가,월세,1/3,550,"4,000",125,94,동향,20250422,"['25년이상', '융자금적은', '역세권', '1층']",37.479293,126.953497
2521417402,일반상가,월세,1/2,120,"1,300",33,24,남향,20250422,"['25년이상', '역세권', '1층', '총2층']",37.47526,126.966483
2521413593,일반상가,월세,3/4,100,"2,500",66,66,남향,20250422,"['25년이상', '역세권', '고층', '총4층']",37.490165,126.925977
2521495119,일반상가,월세,2/7,400,"8,000",183,145,북서향,20250422,"['10년이내', '융자금적은', '역세권', '지상층(1층제외)']",37.483742,126.937993
2521515971,일반상가,월세,2/5,200,"4,000",103,95,북향,20250422,"['25년이상', '융자금적은', '역세권', '중층']",37.476212,126.963454
2521509955,일반상가,월세,1/2,60,"2,000",118,23,동향,20250422,"['25년이상', '융자금적은', '역세권', '1층']",37.480348,126.942556
2521485477,일반상가,월세,1/22,140,"2,000",13,13,북서향,20250422,"['25년이상', '역세권', '1층', '주차가능']",37.492277,126.925559
2521497567,일반상가,월세,B1/10,100,"1,000",103,67,동향,20250422,"['10년이내', '융자금적은', '역세권', '지하층']",37.482481,126.946208
2521481990,일반상가,월세,1/2,250,"5,000",49,49,남향,20250422,"['25년이상', '역세권', '1층', '관리비10만원이하']",37.489582,126.928369
2521546299,일반상가,월세,3/4,350,"5,000",99,99,남서향,20250422,"['2년이내', '역세권', '고층', '주차가능']",37.478452,126.956566
2521545722,일반상가,월세,1/3,200,"2,000",36,33,북향,20250422,"['25년이상', '역세권', '1층', '관리비10만원이하']",37.479257,126.957268
2521545127,단지내상가,월세,B1/14,600,1억,371,254,북향,20250422,"['2년이내', '지하층', '주차가능', '북향']",37.475027,126.970165
2521525760,일반상가,월세,2/2,60,"1,000",22,22,북향,20250422,"['25년이상', '고층', '총2층', '북향']",37.485179,126.956311
2521598205,일반상가,월세,1/4,100,"1,000",33,33,남동향,20250422,"['25년이상', '융자금적은', '역세권', '1층']",37.483303,126.953194
2521597601,일반상가,월세,B1/3,60,"1,000",59,59,남동향,20250422,"['25년이상', '융자금적은', '역세권', '지하층']",37.483381,126.953321
2521549244,일반상가,월세,1/14,120,"2,000",19,19,남향,20250422,"['10년이내', '역세권', '1층', '주차가능']",37.482363,126.945302
2521548800,일반상가,월세,1/4,210,"3,000",66,66,남향,20250422,"['25년이상', '역세권', '1층', '총4층']",37.48237,126.944813
2521600981,일반상가,월세,2/2,300,"3,000",99,99,남동향,20250422,"['25년이상', '융자금적은', '역세권', '고층']",37.482509,126.95267
2521618859,일반상가,월세,1/4,100,"2,000",62,62,북향,20250422,"['25년이상', '역세권', '1층', '총4층']",37.480769,126.945799
2521613069,일반상가,월세,1/6,350,1억,199,49,서향,20250422,"['25년이상', '1층', '주차가능', '서향']",37.484616,126.946904
2521519450,일반상가,월세,9/10,"1,450",3억,597,497,북향,20250422,"['25년이상', '역세권', '고층', '북향']",37.480502,126.953746
2521554597,단지내상가,월세,1/23,130,"2,500",12,5,동향,20250422,"['25년이상', '융자금없는', '역세권', '1층']",37.491151,126.925099
2521612709,일반상가,월세,2/6,300,"7,000",266,133,서향,20250422,"['25년이상', '지상층(1층제외)', '주차가능', '엘리베이터']",37.484616,126.946904
2521475501,일반상가,월세,4/6,130,"3,000",99,99,북향,20250422,"['25년이상', '역세권', '중층', '엘리베이터']",37.475051,126.969205
2521477043,일반상가,월세,2/6,230,"3,000",86,86,북향,20250422,"['10년이내', '지상층(1층제외)', '관리비10만원이하', '주차가능']",37.479143,126.946306
2521518383,일반상가,월세,1/9,250,"5,000",46,46,동향,20250422,"['2년이내', '역세권', '1층', '관리비10만원이하']",37.48082,126.947478
2521414891,일반상가,월세,B1/4,100,"1,000",92,92,남서향,20250422,"['25년이상', '역세권', '지하층', '관리비10만원이하']",37.484232,126.940343
2521414609,일반상가,월세,1/4,90,"1,500",23,23,북서향,20250422,"['25년이상', '1층', '관리비20만원이하', '주차가능']",37.488502,126.946702
2521405658,일반상가,월세,4/4,90,"1,000",79,66,북서향,20250422,"['25년이상', '융자금적은', '역세권', '고층']",37.475738,126.964223
2521414859,일반상가,월세,B1/3,65,"1,000",61,61,북향,20250422,"['25년이상', '융자금적은', '역세권', '지하층']",37.476183,126.961879
2521397045,단지내상가,월세,B1/1,250,"3,000",49,35,북서향,20250422,"['10년이내', '지하층', '관리비10만원이하', '북서향']",37.477914,126.941862
2521501459,일반상가,월세,4/4,80,"1,000",33,33,서향,20250422,"['25년이상', '역세권', '고층', '관리비10만원이하']",37.484368,126.955563
2521488449,일반상가,월세,1/3,230,"3,000",91,82,동향,20250422,"['25년이상', '융자금적은', '역세권', '1층']",37.482907,126.942062
2521506664,일반상가,월세,1/4,90,"1,500",26,21,북향,20250422,"['25년이상', '융자금적은', '1층', '주차가능']",37.488502,126.946702
2521515762,일반상가,월세,2/7,650,"8,000",252,209,동향,20250422,"['10년이내', '융자금없는', '역세권', '지상층(1층제외)']",37.491371,126.926822
2521551579,일반상가,월세,10/10,300,"6,000",216,156,동향,20250422,"['25년이상', '고층', '주차가능', '동향']",37.485509,126.955532
2521588377,일반상가,월세,1/4,85,"1,000",51,16,동향,20250422,"['25년이내', '융자금적은', '1층', '관리비10만원이하']",37.483873,126.946461
2521500823,일반상가,월세,1/7,350,"5,000",76,49,북향,20250422,"['25년이상', '역세권', '1층', '주차가능']",37.481976,126.943019
2521514913,일반상가,월세,3/6,450,"7,000",180,131,북향,20250422,"['4년이내', '역세권', '중층', '주차가능']",37.479102,126.957558
2521412200,일반상가,월세,1/3,100,"1,000",30,30,북향,20250422,"['25년이상', '1층', '총3층', '북향']",37.4856,126.955598
2521395094,일반상가,월세,2/6,250,"3,000",99,85,남향,20250422,"['10년이내', '융자금적은', '지상층(1층제외)', '관리비10만원이하']",37.479143,126.946306
2521354021,일반상가,월세,B1/5,120,"2,000",111,101,북향,20250421,"['25년이상', '지하층', '관리비10만원이하', '주차가능']",37.485973,126.95353
2521352253,일반상가,월세,2/7,650,"8,000",322,278,동향,20250421,"['10년이내', '역세권', '지상층(1층제외)', '주차가능']",37.491371,126.926822
2521352039,일반상가,월세,B1/3,100,"1,000",87,78,서향,20250421,"['25년이상', '지하층', '관리비10만원이하', '총3층']",37.477027,126.958632
2521367730,일반상가,월세,1/11,300,"5,000",108,50,남향,20250421,"['10년이내', '1층', '주차가능', '엘리베이터']",37.479391,126.947209
2521356715,일반상가,월세,1/4,200,"5,000",49,39,,20250421,"['25년이상', '역세권', '1층', '관리비10만원이하']",37.473868,126.965873
2521370676,일반상가,월세,4/5,210,"3,000",99,83,북향,20250421,"['25년이상', '역세권', '고층', '관리비20만원이하']",37.479341,126.944169
2521297277,일반상가,월세,2/4,300,"4,000",105,105,남향,20250421,"['25년이상', '역세권', '중층', '총4층']",37.480476,126.955521
2521297546,일반상가,월세,B1/4,70,"1,000",66,66,남동향,20250421,"['25년이상', '융자금없는', '역세권', '지하층']",37.480983,126.945979
2521321419,일반상가,월세,B1/5,100,"1,500",120,120,남향,20250421,"['25년이상', '역세권', '지하층', '주차가능']",37.484643,126.939473
2521301153,일반상가,월세,1/2,100,"1,000",29,29,동향,20250421,"['25년이상', '역세권', '1층', '총2층']",37.473727,126.966577
2521372751,일반상가,월세,B1/5,100,"1,500",112,101,북서향,20250421,"['25년이상', '역세권', '지하층', '관리비10만원이하']",37.483905,126.939746
2521350205,일반상가,월세,B1/3,50,500,52,47,북향,20250421,"['25년이상', '지하층', '총3층', '북향']",37.472751,126.967366
2521354895,일반상가,월세,1/6,100,"1,000",32,32,남향,20250421,"['25년이내', '역세권', '1층', '주차가능']",37.474821,126.966225
2521366248,일반상가,월세,10/10,135,"2,000",93,78,동향,20250421,"['25년이상', '역세권', '고층', '주차가능']",37.4801,126.95215
2521364727,일반상가,월세,1/5,200,"3,000",42,42,북향,20250421,"['25년이상', '역세권', '1층', '관리비10만원이하']",37.473857,126.966168
2521349420,일반상가,월세,6/10,341,"7,000",254,179,북향,20250421,"['25년이상', '역세권', '중층', '주차가능']",37.481959,126.949357
2521350731,일반상가,월세,1/3,270,"3,500",36,36,남향,20250421,"['25년이상', '1층', '관리비10만원이하', '천장에어컨']",37.478195,126.957429
2521356439,일반상가,월세,B1/5,130,"3,000",116,99,,20250421,"['25년이상', '역세권', '지하층', '관리비20만원이하']",37.479374,126.943848
2521355054,일반상가,월세,B1/4,30,500,16,16,,20250421,"['25년이상', '지하층', '관리비10만원이하', '주차가능']",37.472121,126.966631
2521103248,일반상가,월세,4/10,"1,450",3억,597,597,북향,20250421,"['25년이상', '역세권', '중층', '주차가능']",37.480502,126.953746
2521103281,일반상가,월세,1/4,250,"3,000",81,81,남향,20250421,"['25년이상', '1층', '주차가능', '총4층']",37.479726,126.948385
2521100376,일반상가,월세,1/3,130,"3,000",25,25,북향,20250421,"['25년이상', '역세권', '1층', '총3층']",37.479327,126.944583
2521092635,일반상가,월세,B1/3,120,"1,500",175,175,서향,20250421,"['25년이상', '역세권', '지하층', '주차가능']",37.478789,126.963392
2521359544,일반상가,월세,1/5,170,"2,000",37,37,서향,20250421,"['10년이내', '1층', '관리비20만원이하', '주차가능']",37.473505,126.966885
2521406104,일반상가,월세,4/5,75,"1,000",54,39,남서향,20250421,"['25년이상', '융자금적은', '역세권', '고층']",37.482389,126.948346
2521326509,일반상가,월세,1/4,110,"2,000",49,33,동향,20250421,"['25년이상', '역세권', '1층', '주차가능']",37.481554,126.94224
2521232221,일반상가,월세,1/3,150,"1,000",39,39,북서향,20250421,"['25년이상', '역세권', '1층', '총3층']",37.475179,126.967168
2521324339,일반상가,월세,2/5,220,"3,000",177,177,남향,20250421,"['10년이내', '중층', '주차가능', '엘리베이터']",37.486504,126.936383
2521237896,복합상가,월세,B1/7,240,"3,000",78,64,동향,20250421,"['10년이내', '역세권', '지하층', '동향']",37.47767,126.96382
2521371134,일반상가,월세,2/3,60,"1,000",28,28,남향,20250421,"['25년이상', '중층', '총3층', '남향']",37.485179,126.956311
2521364288,일반상가,월세,B1/10,600,1억,314,267,북서향,20250421,"['25년이상', '역세권', '지하층', '주차가능']",37.481481,126.9539
2521355641,일반상가,월세,1/5,320,"4,000",75,75,북향,20250421,"['25년이상', '역세권', '1층', '주차가능']",37.483058,126.941966
2521365335,일반상가,월세,3/6,100,"1,000",33,33,남서향,20250421,"['25년이내', '융자금없는', '중층', '주차가능']",37.489763,126.950616
2521414935,일반상가,월세,1/5,75,"1,000",63,19,동향,20250421,"['25년이내', '융자금적은', '역세권', '1층']",37.478579,126.962758
2521095048,일반상가,월세,1/3,200,"2,000",59,59,북향,20250421,"['25년이상', '1층', '총3층', '북향']",37.478135,126.956924
2521100587,일반상가,월세,2/4,100,"1,000",83,83,북향,20250421,"['25년이상', '중층', '관리비10만원이하', '주차가능']",37.483331,126.94699
2521097061,일반상가,월세,1/3,130,"2,000",26,26,서향,20250421,"['25년이상', '역세권', '1층', '총3층']",37.48332,126.943793
2521095114,일반상가,월세,5/5,400,"4,000",308,308,서향,20250421,"['25년이상', '고층', '주차가능', '총5층']",37.474008,126.95342
2521416603,일반상가,월세,1/4,100,"2,000",79,79,남서향,20250421,"['25년이내', '융자금적은', '1층', '관리비10만원이하']",37.489496,126.946163
2521350988,일반상가,월세,1/5,170,"3,000",86,76,북동향,20250421,"['25년이상', '역세권', '1층', '관리비10만원이하']",37.485318,126.936689
2521349211,일반상가,월세,B1/4,90,"2,000",136,123,동향,20250421,"['25년이상', '지하층', '총4층', '동향']",37.486788,126.938004
2521286237,일반상가,월세,1/6,200,"3,000",116,100,동향,20250421,"['25년이내', '1층', '주차가능', '엘리베이터']",37.4869,126.956819
2521339015,복합상가,매매,B1/18,,"8억 5,000",92,92,서향,20250421,"['25년이내', '역세권', '지하층', '주차가능']",37.479666,126.952859
2521337374,일반상가,월세,2/4,110,"2,000",37,37,남향,20250421,"['25년이상', '역세권', '중층', '관리비10만원이하']",37.479436,126.943199
2521075328,일반상가,월세,1/3,60,"1,000",17,17,동향,20250421,"['25년이상', '1층', '관리비10만원이하', '총3층']",37.486533,126.937988
2521077788,일반상가,월세,B1/5,120,"2,000",110,96,남향,20250421,"['25년이상', '역세권', '지하층', '관리비10만원이하']",37.479773,126.943087
2521081799,일반상가,월세,B1/5,220,"3,000",111,100,북향,20250421,"['25년이상', '역세권', '지하층', '관리비10만원이하']",37.476635,126.963979
2521130120,단지내상가,매매,B1/19,,"9억 2,000",92,92,서향,20250421,"['25년이내', '역세권', '지하층', '주차가능']",37.479666,126.952859
2521108189,일반상가,월세,1/9,190,"2,500",72,72,동향,20250421,"['10년이내', '역세권', '1층', '주차가능']",37.480374,126.948783
2521098973,일반상가,월세,1/4,140,"2,000",27,27,남동향,20250421,"['15년이내', '역세권', '1층', '관리비10만원이하']",37.47403,126.966649
2521107436,복합상가,월세,2/14,180,"2,000",52,52,남향,20250421,"['10년이내', '역세권', '지상층(1층제외)', '주차가능']",37.480788,126.955196
2521099110,일반상가,월세,1/4,130,"2,000",18,18,남동향,20250421,"['15년이내', '역세권', '1층', '관리비10만원이하']",37.47403,126.966649
2521122893,복합상가,단기임대,1/1,700,"7,000",148,148,남향,20250421,"['25년이상', '융자금적은', '역세권', '1층']",37.477932,126.962237
2521203938,일반상가,월세,1/2,60,"1,000",25,21,서향,20250421,"['25년이상', '1층', '총2층', '서향']",37.487278,126.939926
2521132043,단지내상가,월세,1/1,80,"1,000",39,39,동향,20250421,"['25년이상', '역세권', '1층', '관리비10만원이하']",37.475221,126.966848
2521216868,일반상가,월세,B1/2,100,"1,500",91,91,북동향,20250421,"['25년이상', '지하층', '총2층', '북동향']",37.486152,126.952741
2521233555,단지내상가,월세,1/3,50,500,59,33,동향,20250421,"['25년이상', '역세권', '1층', '주차가능']",37.494085,126.928169
2521300743,일반상가,월세,B1/5,80,"1,000",64,57,북향,20250421,"['25년이상', '역세권', '지하층', '주차가능']",37.482362,126.948691
2521304110,일반상가,월세,2/5,75,"1,000",19,19,북향,20250421,"['4년이내', '중층', '총5층', '북향']",37.485063,126.958319
2521076725,일반상가,월세,B1/4,90,"1,000",93,74,남향,20250421,"['25년이상', '역세권', '지하층', '관리비10만원이하']",37.484232,126.940343
2521274800,일반상가,월세,1/3,150,"3,000",66,42,동향,20250421,"['25년이상', '1층', '총3층', '동향']",37.476537,126.958781
2521252242,일반상가,월세,B1/4,100,"1,000",55,53,서향,20250421,"['25년이상', '역세권', '지하층', '총4층']",37.482592,126.951117
2521275246,일반상가,월세,1/4,96,"1,000",49,49,남향,20250421,"['25년이상', '융자금없는', '1층', '주차가능']",37.486793,126.940828
2521275447,일반상가,월세,4/8,300,"5,000",275,173,서향,20250421,"['25년이내', '중층', '주차가능', '서향']",37.486168,126.94736
2521167045,일반상가,매매,15/15,,"2억 5,000",120,61,남서향,20250421,"['25년이내', '역세권', '급매', '고층']",37.481054,126.952215
2521280699,일반상가,매매,B1/4,,"4억 1,000",209,171,남향,20250421,"['25년이내', '역세권', '지하층', '관리비10만원이하']",37.483724,126.950563
2521219549,단지내상가,월세,1/22,130,"3,000",76,33,북향,20250421,"['25년이상', '융자금없는', '역세권', '1층']",37.492277,126.925559
2521169856,일반상가,월세,1/3,200,"3,000",50,50,남서향,20250421,"['25년이상', '융자금없는', '역세권', '1층']",37.481925,126.94974
2521298726,일반상가,월세,B1/3,130,"2,000",242,220,남향,20250421,"['25년이상', '지하층', '주차가능', '총3층']",37.486889,126.936672
2521092716,일반상가,월세,1/6,105,"2,000",26,26,북동향,20250421,"['2년이내', '역세권', '1층', '주차가능']",37.480451,126.956488
2521092459,일반상가,월세,1/6,81,"1,000",34,34,남향,20250421,"['25년이상', '융자금없는', '역세권', '1층']",37.484055,126.940887
2521093755,일반상가,월세,1/1,170,"2,000",66,66,동향,20250421,"['25년이상', '역세권', '1층', '동향']",37.482251,126.95392
2521092566,일반상가,월세,1/3,88,"2,000",29,29,동향,20250421,"['25년이상', '융자금적은', '역세권', '1층']",37.473839,126.96661
2521092656,일반상가,월세,1/5,150,"2,000",66,66,남향,20250421,"['25년이상', '역세권', '1층', '천장에어컨']",37.48512,126.93837
2521092538,일반상가,월세,1/4,90,"1,300",56,56,서향,20250421,"['25년이상', '융자금적은', '역세권', '1층']",37.480645,126.957408
2521092452,일반상가,월세,1/4,100,"1,300",31,31,남향,20250421,"['25년이상', '융자금없는', '역세권', '1층']",37.484926,126.940023
2521092474,일반상가,월세,1/3,150,"1,000",40,40,서향,20250421,"['25년이상', '융자금없는', '역세권', '1층']",37.475179,126.967168
2521092906,일반상가,월세,1/4,110,"2,000",65,65,동향,20250421,"['4년이내', '융자금없는', '역세권', '1층']",37.485675,126.939162
2521092922,일반상가,월세,1/3,90,"1,200",27,7,남향,20250421,"['25년이상', '1층', '주차가능', '총3층']",37.479515,126.945759
2521092572,일반상가,월세,B1/6,140,"2,000",123,123,남향,20250421,"['10년이내', '융자금적은', '역세권', '지하층']",37.479458,126.942145
2521288586,일반상가,월세,1/2,84,"1,000",23,23,동향,20250421,"['25년이상', '역세권', '1층', '총2층']",37.48124,126.942371
2521320622,일반상가,월세,1/2,350,"3,000",69,66,동향,20250421,"['25년이상', '1층', '총2층', '동향']",37.477994,126.95688
2521323906,일반상가,월세,4/5,140,"2,500",56,56,남향,20250421,"['25년이상', '역세권', '고층', '총5층']",37.483942,126.938898
2521308577,일반상가,월세,1/4,250,"3,000",85,85,북향,20250421,"['25년이상', '1층', '총4층', '북향']",37.477877,126.955089
2521301499,일반상가,월세,1/5,160,"2,000",56,49,북향,20250421,"['25년이상', '역세권', '1층', '관리비10만원이하']",37.479391,126.943664
2521296854,일반상가,월세,B1/3,150,"3,000",103,93,남향,20250421,"['25년이상', '역세권', '지하층', '관리비10만원이하']",37.478252,126.953039
2521297686,일반상가,월세,B1/5,180,"3,000",163,130,남서향,20250421,"['25년이상', '역세권', '지하층', '관리비20만원이하']",37.477508,126.963092
2521321096,일반상가,월세,1/5,260,"3,000",49,49,동향,20250421,"['25년이상', '융자금적은', '역세권', '1층']",37.479752,126.955631
2521092137,일반상가,월세,B1/4,70,"1,000",64,49,남향,20250421,"['4년이내', '융자금적은', '지하층', '주차가능']",37.480337,126.94687
2521083357,일반상가,월세,B1/5,100,"2,000",81,66,서향,20250421,"['25년이상', '융자금없는', '역세권', '지하층']",37.480941,126.955086
2521092437,일반상가,월세,1/5,100,"1,000",33,33,북향,20250421,"['25년이상', '1층', '주차가능', '총5층']",37.479261,126.945065
2521085063,단지내상가,월세,2/4,160,"3,000",129,97,북향,20250421,"['25년이내', '융자금없는', '중층', '관리비10만원이하']",37.491645,126.948147
2521092207,일반상가,월세,4/4,80,800,47,47,남향,20250421,"['25년이상', '융자금적은', '역세권', '고층']",37.480003,126.956932
2521092171,일반상가,월세,1/3,140,"2,000",48,48,남향,20250421,"['25년이상', '융자금없는', '역세권', '1층']",37.482667,126.950409
2521092308,일반상가,월세,1/3,100,"2,000",33,33,동향,20250421,"['25년이상', '융자금적은', '1층', '주차가능']",37.480139,126.958055
2521092331,일반상가,월세,3/14,140,"3,000",65,65,서향,20250421,"['10년이내', '융자금적은', '역세권', '지상층(1층제외)']",37.479498,126.951653
2521092814,일반상가,월세,B2/12,80,"2,000",65,48,남향,20250421,"['10년이내', '역세권', '지하층', '주차가능']",37.482561,126.94517
2521092373,일반상가,월세,1/4,70,"1,500",33,33,북향,20250421,"['25년이내', '역세권', '1층', '관리비10만원이하']",37.484904,126.939704
2521092093,일반상가,월세,1/4,150,"2,000",70,70,동향,20250421,"['25년이상', '융자금적은', '역세권', '1층']",37.476212,126.961355
2521092117,일반상가,월세,1/1,70,"1,000",38,38,동향,20250421,"['25년이상', '융자금없는', '역세권', '1층']",37.482565,126.940186
2521089816,일반상가,월세,2/2,280,"5,000",80,80,동향,20250421,"['25년이상', '역세권', '고층', '총2층']",37.479101,126.955361
2521090574,일반상가,월세,1/5,200,"3,000",49,49,북향,20250421,"['25년이내', '역세권', '1층', '관리비20만원이하']",37.484154,126.941367
2521079712,일반상가,월세,B1/3,150,"3,000",105,96,남동향,20250421,"['25년이상', '역세권', '지하층', '총3층']",37.477499,126.958682
2521077681,일반상가,월세,1/3,80,"1,000",12,12,북향,20250421,"['25년이상', '역세권', '1층', '총3층']",37.481704,126.941544
2521077132,일반상가,월세,1/3,120,"1,500",26,26,남서향,20250421,"['25년이상', '역세권', '1층', '관리비10만원이하']",37.483649,126.939426
2521076395,일반상가,월세,B1/7,250,"5,000",301,267,북향,20250421,"['25년이상', '역세권', '지하층', '주차가능']",37.479455,126.943014
2521076359,일반상가,월세,2/5,230,"3,000",126,113,북향,20250421,"['25년이상', '역세권', '중층', '관리비20만원이하']",37.483942,126.938898
2521076216,일반상가,월세,1/5,130,"3,000",26,26,북향,20250421,"['2년이내', '1층', '관리비10만원이하', '주차가능']",37.478786,126.947397
2521178494,일반상가,월세,1/2,180,"2,000",55,55,남향,20250421,"['25년이상', '융자금없는', '1층', '총2층']",37.47874,126.957889
2521383345,일반상가,월세,1/7,100,"2,000",23,23,북향,20250421,"['4년이내', '역세권', '1층', '주차가능']",37.485121,126.9391
2521075741,일반상가,월세,3/3,130,"1,500",111,93,남서향,20250421,"['25년이상', '역세권', '고층', '총3층']",37.485473,126.937659
2521005270,일반상가,월세,1/2,230,"1,000",21,21,남향,20250419,"['25년이상', '역세권', '1층', '총2층']",37.478812,126.95508
2521071016,복합상가,월세,1/14,410,"8,000",31,31,서향,20250419,"['25년이내', '융자금적은', '역세권', '1층']",37.479666,126.952859
2521071185,일반상가,월세,B1/3,30,500,30,30,북향,20250419,"['25년이상', '지하층', '총3층', '북향']",37.479126,126.946472
2521065934,일반상가,월세,1/15,506,"1억 5,000",59,33,동향,20250419,"['25년이내', '역세권', '1층', '주차가능']",37.480289,126.95315
2521059030,일반상가,월세,2/3,100,"2,000",122,122,남향,20250419,"['25년이상', '중층', '총3층', '남향']",37.48607,126.954933
2521056818,일반상가,월세,1/3,200,"3,000",49,49,남서향,20250419,"['25년이상', '역세권', '1층', '총3층']",37.481925,126.94974
2521051529,일반상가,월세,2/3,200,"3,000",128,128,동향,20250419,"['25년이상', '역세권', '중층', '총3층']",37.481834,126.942049
2521048059,일반상가,월세,2/3,250,"4,000",85,85,동향,20250419,"['25년이상', '역세권', '중층', '총3층']",37.475175,126.965519
2521034533,일반상가,월세,1/2,100,"1,000",46,23,북향,20250419,"['25년이상', '융자금적은', '1층', '총2층']",37.485171,126.956408
2521066069,일반상가,월세,3/3,50,500,39,39,북향,20250419,"['25년이상', '고층', '총3층', '북향']",37.486138,126.942799
2520914704,일반상가,월세,1/5,80,"1,000",26,26,북동향,20250419,"['25년이상', '역세권', '1층', '주차가능']",37.473913,126.964915
2520926913,일반상가,월세,1/3,150,"1,000",62,33,동향,20250419,"['25년이상', '역세권', '1층', '관리비10만원이하']",37.494085,126.928169
2521025755,일반상가,월세,11/14,750,1억,369,330,북향,20250419,"['25년이내', '역세권', '고층', '주차가능']",37.480507,126.954045
2521023387,일반상가,월세,1/6,180,"2,000",33,33,북동향,20250419,"['25년이상', '역세권', '1층', '관리비20만원이하']",37.480227,126.954681
2521006080,일반상가,월세,2/2,30,"1,500",51,39,북서향,20250419,"['25년이상', '고층', '총2층', '북서향']",37.484713,126.956692
2521024446,일반상가,월세,1/4,90,"1,000",33,33,남서향,20250419,"['25년이상', '1층', '총4층', '남서향']",37.479884,126.958719
2521011441,일반상가,월세,4/9,110,"1,000",58,33,남향,20250419,"['10년이내', '역세권', '중층', '관리비10만원이하']",37.477833,126.960306
2521004204,일반상가,월세,3/3,60,"1,000",22,22,북서향,20250419,"['25년이상', '융자금없는', '고층', '총3층']",37.485179,126.956311
2521053626,일반상가,월세,2/5,300,"5,000",127,127,동향,20250419,"['10년이내', '역세권', '중층', '관리비10만원이하']",37.482765,126.952847
2521006507,일반상가,월세,2/2,60,"1,000",51,51,서향,20250419,"['25년이상', '고층', '관리비10만원이하', '총2층']",37.484713,126.956692
2520916575,일반상가,월세,1/11,330,"5,000",75,75,북향,20250419,"['25년이내', '융자금없는', '1층', '관리비20만원이하']",37.478928,126.947728
2520920894,단지내상가,매매,3/5,,"4억 9,800",121,93,남향,20250419,"['25년이내', '중층', '주차가능', '총5층']",37.491645,126.948147
2520924524,단지내상가,매매,2/6,,"4,500",36,17,북서향,20250419,"['25년이내', '지상층(1층제외)', '관리비10만원이하', '주차가능']",37.489763,126.950616
2520920580,일반상가,월세,1/1,230,"3,500",41,33,남향,20250419,"['25년이상', '융자금적은', '역세권', '1층']",37.479749,126.955269
2520979699,단지내상가,월세,1/5,100,"2,000",90,45,동향,20250419,"['25년이내', '1층', '관리비20만원이하', '주차가능']",37.484977,126.959538
2520927160,일반상가,월세,1/4,120,"2,000",36,36,북서향,20250419,"['25년이상', '역세권', '1층', '주차가능']",37.491345,126.927348
2520912207,복합상가,월세,1/4,280,"9,000",80,80,남서향,20250419,"['25년이상', '융자금없는', '역세권', '1층']",37.475527,126.965909
2520928020,일반상가,월세,1/5,350,"5,000",29,29,북향,20250419,"['2년이내', '융자금적은', '역세권', '1층']",37.479101,126.954126
2520919328,복합상가,월세,1/14,300,"3,000",85,46,서향,20250419,"['25년이내', '융자금적은', '역세권', '1층']",37.479666,126.952859
2520920687,일반상가,월세,1/2,210,"3,000",79,79,동향,20250419,"['25년이상', '융자금적은', '역세권', '1층']",37.483778,126.95383
2521071973,일반상가,월세,B1/5,60,"1,000",83,75,북동향,20250419,"['25년이상', '역세권', '지하층', '관리비10만원이하']",37.485318,126.936689
2521071735,일반상가,월세,B1/5,130,"1,000",81,73,서향,20250419,"['25년이상', '역세권', '지하층', '관리비10만원이하']",37.478385,126.963021
2520943634,단지내상가,월세,2/2,55,"1,000",41,22,서향,20250419,"['25년이상', '역세권', '고층', '관리비10만원이하']",37.494085,126.928169
2520922437,일반상가,월세,1/5,250,"5,000",66,62,북향,20250419,"['25년이상', '1층', '주차가능', '총5층']",37.478915,126.94858
2521060871,일반상가,월세,3/6,900,"1억 4,000",361,361,북향,20250419,"['4년이내', '역세권', '중층', '주차가능']",37.479102,126.957558
2520662332,일반상가,월세,1/10,200,"2,000",39,39,북향,20250418,"['10년이내', '역세권', '1층', '주차가능']",37.481127,126.946915
2520671657,일반상가,월세,B1/3,200,"3,000",99,99,남향,20250418,"['25년이상', '역세권', '지하층', '총3층']",37.477712,126.962658
2520665802,일반상가,월세,1/7,110,"1,000",69,43,북동향,20250418,"['25년이내', '1층', '관리비20만원이하', '주차가능']",37.489977,126.945182
2520653690,일반상가,월세,1/4,150,"2,000",60,60,남향,20250418,"['25년이상', '1층', '관리비10만원이하', '주차가능']",37.476649,126.954691
2520675337,일반상가,월세,1/3,122,"1,000",26,26,북향,20250418,"['25년이상', '역세권', '1층', '총3층']",37.47949,126.94288
2520772917,일반상가,월세,1/4,75,"2,000",61,16,남향,20250418,"['25년이상', '융자금적은', '1층', '주차가능']",37.487511,126.933036
2520678474,일반상가,월세,1/2,140,"2,000",19,19,남동향,20250418,"['25년이상', '융자금적은', '역세권', '1층']",37.479168,126.942198
2520679775,일반상가,월세,1/4,130,"2,800",58,33,서향,20250418,"['25년이상', '융자금적은', '역세권', '1층']",37.484351,126.956329
2520679371,일반상가,월세,1/4,210,"2,000",50,50,동향,20250418,"['25년이상', '역세권', '1층', '총4층']",37.48237,126.944813
2520679522,일반상가,월세,1/3,150,"2,000",36,36,남향,20250418,"['25년이상', '역세권', '1층', '관리비10만원이하']",37.483671,126.94502
2520734524,복합상가,매매,B1/15,,110억,4755,4755,서향,20250418,"['10년이내', '지하층', '주차가능', '서향']",37.488633,126.959479
2520715269,일반상가,월세,1/4,250,"4,000",56,56,북향,20250418,"['25년이상', '융자금없는', '역세권', '1층']",37.478395,126.959537
2520679531,일반상가,월세,4/4,99,"1,000",79,79,동향,20250418,"['25년이상', '역세권', '고층', '총4층']",37.475738,126.964223
2520676160,일반상가,월세,1/9,210,"2,000",50,50,남향,20250418,"['25년이내', '역세권', '1층', '남향']",37.477788,126.960419
2520720666,일반상가,월세,1/5,125,"3,000",23,23,남서향,20250418,"['25년이상', '역세권', '1층', '관리비10만원이하']",37.483496,126.937958
2520692486,일반상가,월세,1/1,390,1억,100,100,동향,20250418,"['25년이상', '역세권', '1층', '관리비10만원이하']",37.483957,126.954217
2520755241,일반상가,월세,1/4,500,"7,000",99,99,남향,20250418,"['25년이상', '융자금적은', '테라스', '역세권']",37.477932,126.962237
2520804405,복합상가,월세,1/9,100,"1,000",48,48,북동향,20250418,"['10년이내', '1층', '관리비10만원이하', '주차가능']",37.486127,126.936773
2520788343,단지내상가,월세,3/3,50,"1,000",19,19,동향,20250418,"['25년이내', '고층', '관리비10만원이하', '주차가능']",37.471401,126.964854
2520777131,일반상가,매매,3/7,,"3억 3,000",180,110,북동향,20250418,"['25년이내', '중층', '관리비20만원이하', '주차가능']",37.489977,126.945182
2520816432,일반상가,월세,B1/5,180,"3,000",132,132,북동향,20250418,"['25년이상', '융자금없는', '역세권', '지하층']",37.477508,126.963092
2520788983,일반상가,월세,1/2,100,"1,000",46,33,동향,20250418,"['25년이상', '융자금적은', '1층', '총2층']",37.478775,126.94718
2520788995,단지내상가,월세,1/18,140,"2,000",68,28,동향,20250418,"['25년이상', '역세권', '1층', '관리비20만원이하']",37.4813,126.950337
2520805806,일반상가,월세,B1/5,90,"1,500",112,112,북향,20250418,"['25년이상', '역세권', '지하층', '관리비10만원이하']",37.483905,126.939746
2520812953,일반상가,월세,2/4,150,"2,000",33,33,북서향,20250418,"['10년이내', '역세권', '중층', '관리비10만원이하']",37.47661,126.965749
2520803516,일반상가,월세,1/2,50,"1,000",33,33,서향,20250418,"['25년이상', '1층', '총2층', '서향']",37.483461,126.947256
2520729101,일반상가,월세,1/6,200,"3,000",116,116,남동향,20250418,"['25년이내', '1층', '주차가능', '엘리베이터']",37.4869,126.956819
2520851759,단지내상가,월세,1/3,130,"2,000",42,42,서향,20250418,"['25년이상', '융자금없는', '역세권', '1층']",37.494085,126.928169
2520784256,일반상가,월세,3/4,150,"3,000",81,62,동향,20250418,"['10년이내', '고층', '관리비20만원이하', '주차가능']",37.485933,126.946667
2520675719,일반상가,월세,1/4,90,"3,000",16,16,북동향,20250418,"['25년이상', '역세권', '1층', '총4층']",37.474264,126.963743
2520781085,일반상가,월세,2/6,180,"3,000",134,107,북동향,20250418,"['25년이내', '지상층(1층제외)', '관리비20만원이하', '주차가능']",37.489977,126.945182
2520775061,일반상가,월세,4/6,480,"5,000",355,214,북동향,20250418,"['25년이내', '중층', '주차가능', '엘리베이터']",37.489977,126.945182
2520679111,일반상가,월세,B1/4,100,"1,000",55,55,남향,20250418,"['25년이상', '역세권', '지하층', '총4층']",37.482592,126.951117
2520834055,일반상가,월세,5/6,130,"2,000",114,114,남향,20250418,"['25년이상', '고층', '관리비20만원이하', '주차가능']",37.486813,126.934647
2520679468,일반상가,월세,1/9,100,"1,000",26,26,북향,20250418,"['10년이내', '1층', '관리비10만원이하', '주차가능']",37.486127,126.936773
2520883395,일반상가,월세,B1/5,135,"2,000",165,165,북향,20250418,"['25년이상', '융자금적은', '역세권', '지하층']",37.483395,126.938753
2520888803,일반상가,월세,1/4,60,"1,000",42,26,서향,20250418,"['25년이상', '1층', '주차가능', '총4층']",37.485505,126.93791
2520676909,일반상가,월세,1/3,127,"1,000",205,26,서향,20250418,"['25년이상', '1층', '관리비10만원이하', '총3층']",37.485907,126.956875
2520653679,복합상가,월세,1/23,480,"8,000",43,43,북서향,20250418,"['25년이내', '융자금적은', '역세권', '1층']",37.480888,126.95227
2520654380,일반상가,월세,B1/4,200,"5,000",98,98,남서향,20250418,"['4년이내', '융자금적은', '역세권', '지하층']",37.479149,126.954347
2520679127,일반상가,월세,1/10,250,"5,000",113,73,남향,20250418,"['2년이내', '역세권', '1층', '관리비20만원이하']",37.479712,126.943747
2520679381,일반상가,월세,2/3,250,"5,000",65,65,동향,20250418,"['25년이상', '역세권', '중층', '관리비10만원이하']",37.479182,126.955346
2520738887,일반상가,월세,B1/5,60,"1,000",86,86,북동향,20250418,"['25년이상', '역세권', '지하층', '관리비10만원이하']",37.485318,126.936689
2520815946,일반상가,월세,3/5,400,"5,000",363,363,북동향,20250418,"['25년이상', '역세권', '중층', '주차가능']",37.483395,126.938753
2520779068,일반상가,월세,1/5,350,"5,000",30,29,남향,20250418,"['2년이내', '역세권', '1층', '급매']",37.479101,126.954126
2520816637,일반상가,월세,1/4,65,"1,000",26,26,남향,20250418,"['25년이상', '융자금없는', '1층', '총4층']",37.48698,126.9381
2520801569,단지내상가,월세,2/4,350,"5,000",253,156,남향,20250418,"['25년이내', '중층', '주차가능', '총4층']",37.491797,126.942699
2520812366,일반상가,월세,4/4,50,500,34,34,동향,20250418,"['25년이상', '역세권', '고층', '관리비10만원이하']",37.48273,126.94967
2520817594,일반상가,월세,B1/3,75,"1,000",90,90,동향,20250418,"['25년이상', '역세권', '지하층', '주차가능']",37.47544,126.96411
2520819340,일반상가,월세,3/5,"1,000","1억 5,000",750,688,남동향,20250418,"['25년이상', '역세권', '중층', '주차가능']",37.483525,126.938317
2520826852,복합상가,월세,B1/15,450,"7,000",271,271,서향,20250418,"['25년이내', '융자금적은', '역세권', '지하층']",37.481913,126.952216
2520819878,일반상가,월세,1/4,215,"4,000",82,75,남향,20250418,"['25년이상', '융자금없는', '1층', '천장에어컨']",37.486904,126.934438
2520892370,일반상가,월세,1/4,60,"1,500",26,26,서향,20250418,"['25년이상', '1층', '주차가능', '총4층']",37.488053,126.946877
2520879735,일반상가,월세,1/5,350,"5,000",83,26,남향,20250418,"['2년이내', '융자금적은', '역세권', '1층']",37.479101,126.954126
2520885317,일반상가,월세,1/3,30,500,23,23,북향,20250418,"['25년이상', '융자금적은', '역세권', '1층']",37.483881,126.95323
2520891934,일반상가,월세,1/4,75,"1,500",26,26,남동향,20250418,"['25년이상', '역세권', '1층', '관리비10만원이하']",37.483516,126.944996
2520885903,일반상가,월세,1/2,70,"1,000",23,23,북서향,20250418,"['25년이상', '역세권', '1층', '총2층']",37.476106,126.961572
2520869094,일반상가,월세,1/15,700,2억,74,51,북향,20250418,"['15년이내', '융자금적은', '1층', '주차가능']",37.486721,126.947488
2520896745,일반상가,월세,1/4,80,"2,000",33,33,북향,20250418,"['10년이내', '융자금적은', '1층', '관리비10만원이하']",37.48427,126.94906
2520820678,일반상가,월세,2/2,400,"7,000",150,133,서향,20250418,"['25년이상', '융자금없는', '역세권', '고층']",37.478978,126.951592
2520847104,일반상가,월세,1/2,450,"5,000",161,161,서향,20250418,"['25년이상', '1층', '총2층', '서향']",37.476767,126.958566
2520868475,일반상가,월세,B1/4,160,"2,000",139,139,북서향,20250418,"['25년이상', '융자금적은', '역세권', '지하층']",37.479837,126.942657
2520895375,일반상가,월세,2/4,80,"1,500",39,39,남향,20250418,"['25년이상', '융자금적은', '역세권', '중층']",37.478893,126.952016
2520868037,일반상가,월세,8/10,300,"3,000",156,156,동향,20250418,"['25년이상', '고층', '주차가능', '엘리베이터']",37.485509,126.955532
2520442029,일반상가,월세,4/6,220,"3,000",145,132,서향,20250417,"['25년이상', '역세권', '중층', '관리비20만원이하']",37.479291,126.95872
2520475009,단지내상가,월세,1/22,180,"5,000",43,19,북동향,20250417,"['25년이상', '융자금없는', '역세권', '1층']",37.492277,126.925559
2520394191,일반상가,월세,5/6,200,"3,000",138,138,북서향,20250417,"['25년이상', '융자금적은', '역세권', '고층']",37.48217,126.949819
2520383915,일반상가,월세,B1/3,220,"3,000",123,123,남향,20250417,"['25년이상', '역세권', '지하층', '총3층']",37.477712,126.962658
2520401258,일반상가,월세,B1/3,150,"2,000",157,139,북서향,20250417,"['25년이상', '융자금적은', '역세권', '지하층']",37.47866,126.96195
2520394549,일반상가,월세,2/4,255,"3,000",86,86,북서향,20250417,"['25년이상', '역세권', '중층', '관리비10만원이하']",37.478852,126.954361
2520466487,일반상가,매매,1/5,,"6억 5,000",106,106,동향,20250417,"['25년이내', '1층', '주차가능', '엘리베이터']",37.477599,126.956496
2520401470,일반상가,월세,5/5,110,"1,000",126,42,남향,20250417,"['25년이상', '융자금적은', '역세권', '고층']",37.483942,126.938898
2520574710,일반상가,월세,1/9,400,"7,000",80,53,서향,20250417,"['25년이내', '역세권', '1층', '주차가능']",37.477972,126.952571
2520444534,단지내상가,월세,1/2,50,500,16,16,동향,20250417,"['25년이상', '역세권', '1층', '관리비10만원이하']",37.494085,126.928169
2520384344,일반상가,월세,1/4,230,"3,000",72,72,동향,20250417,"['25년이상', '1층', '관리비20만원이하', '주차가능']",37.483722,126.946389
2520528040,일반상가,월세,1/4,130,"2,000",55,50,남향,20250417,"['25년이상', '역세권', '1층', '주차가능']",37.474264,126.963743
2520402835,일반상가,월세,1/2,120,"2,000",147,20,남서향,20250417,"['25년이상', '역세권', '1층', '관리비10만원이하']",37.483957,126.954217
2520402165,일반상가,월세,1/4,420,"8,000",128,128,동향,20250417,"['25년이상', '융자금적은', '역세권', '1층']",37.476847,126.958798
2520401340,일반상가,월세,4/6,80,"1,500",238,66,남동향,20250417,"['25년이상', '융자금적은', '역세권', '중층']",37.484425,126.937891
2520577147,일반상가,월세,B2/2,"1,000",2억,268,229,남동향,20250417,"['25년이내', '지하층', '총2층', '남동향']",37.487812,126.957236
2520576991,일반상가,월세,1/1,350,"5,000",41,41,북향,20250417,"['25년이상', '역세권', '1층', '북향']",37.481958,126.943539
2520612052,일반상가,월세,1/7,"3,660",3억,606,564,남향,20250417,"['25년이상', '역세권', '1층', '주차가능']",37.482046,126.948646
2520611663,일반상가,월세,1/9,100,"1,000",33,26,북동향,20250417,"['10년이내', '1층', '관리비10만원이하', '주차가능']",37.486127,126.936773
2520647823,일반상가,월세,6/6,430,"7,000",180,180,북동향,20250417,"['4년이내', '역세권', '고층', '주차가능']",37.479102,126.957558
2520426245,일반상가,월세,1/3,90,"1,500",33,30,동향,20250417,"['25년이상', '1층', '총3층', '동향']",37.471959,126.966729
2520404419,일반상가,월세,1/4,290,"2,000",36,36,남서향,20250417,"['25년이상', '융자금적은', '역세권', '1층']",37.477667,126.962975
2520426447,단지내상가,매매,B1/15,,110억,4385,2445,남동향,20250417,"['10년이내', '지하층', '주차가능', '남동향']",37.488633,126.959479
2520401475,일반상가,월세,5/5,100,"1,000",126,39,남향,20250417,"['25년이상', '융자금적은', '역세권', '고층']",37.483942,126.938898
2520384124,일반상가,월세,2/7,400,1억,396,396,남향,20250417,"['25년이내', '지상층(1층제외)', '주차가능', '엘리베이터']",37.486308,126.941662
2520529682,일반상가,월세,B1/5,230,"5,000",115,99,북향,20250417,"['25년이상', '역세권', '지하층', '총5층']",37.476271,126.964883
2520560333,일반상가,월세,1/5,260,"3,000",42,42,남동향,20250417,"['25년이상', '융자금적은', '역세권', '1층']",37.479752,126.955631
2520561731,일반상가,월세,2/2,300,"3,000",176,171,남서향,20250417,"['25년이상', '융자금없는', '역세권', '고층']",37.490259,126.927887
2520403816,일반상가,월세,3/5,200,"5,000",94,94,서향,20250417,"['4년이내', '중층', '주차가능', '엘리베이터']",37.486227,126.951912
2520561438,일반상가,월세,2/7,330,"4,000",126,107,동향,20250417,"['10년이내', '융자금없는', '역세권', '지상층(1층제외)']",37.491371,126.926822
2520523483,일반상가,월세,2/7,390,"5,000",130,130,남향,20250417,"['10년이내', '역세권', '지상층(1층제외)', '주차가능']",37.479352,126.958563
2520525243,단지내상가,월세,1/19,410,"8,000",57,31,서향,20250417,"['25년이내', '역세권', '1층', '관리비20만원이하']",37.479666,126.952859
2520491922,일반상가,월세,2/6,300,"7,000",266,125,남동향,20250417,"['25년이상', '융자금없는', '지상층(1층제외)', '주차가능']",37.484616,126.946904
2520401421,일반상가,월세,B1/3,80,500,48,48,남서향,20250417,"['25년이상', '융자금적은', '역세권', '지하층']",37.481767,126.954651
2520523040,일반상가,월세,1/4,200,"2,000",82,56,서향,20250417,"['10년이내', '역세권', '1층', '주차가능']",37.482265,126.954335
2520528807,단지내상가,월세,2/19,600,1억,225,157,동향,20250417,"['25년이내', '역세권', '지상층(1층제외)', '주차가능']",37.479666,126.952859
2520554083,일반상가,월세,3/9,110,"2,000",39,39,남향,20250417,"['10년이내', '역세권', '지상층(1층제외)', '관리비10만원이하']",37.477833,126.960306
2520539114,일반상가,월세,1/5,120,"2,000",39,39,남향,20250417,"['25년이상', '역세권', '1층', '주차가능']",37.48402,126.938806
2520651645,일반상가,월세,B1/4,170,"3,000",95,95,동향,20250417,"['25년이내', '역세권', '지하층', '주차가능']",37.474125,126.964855
2520572761,일반상가,월세,1/3,80,"1,000",35,33,북동향,20250417,"['25년이상', '융자금적은', '역세권', '1층']",37.485045,126.940827
2520651074,일반상가,월세,1/5,350,"5,000",30,30,북향,20250417,"['2년이내', '역세권', '1층', '급매']",37.479101,126.954126
2520620419,일반상가,월세,B1/5,150,"1,000",60,60,동향,20250417,"['25년이상', '역세권', '지하층', '총5층']",37.479388,126.955744
2520579046,일반상가,월세,1/4,75,"1,000",33,33,남향,20250417,"['25년이상', '역세권', '1층', '총4층']",37.484061,126.953249
2520413163,일반상가,월세,2/4,100,"2,000",66,49,동향,20250417,"['25년이상', '중층', '관리비10만원이하', '총4층']",37.479501,126.946027
2520418853,일반상가,월세,1/9,256,"4,000",79,79,,20250417,"['10년이내', '역세권', '1층', '주차가능']",37.482106,126.950486
2520582713,일반상가,월세,B2/10,"1,300",2억,666,654,북향,20250417,"['25년이상', '융자금적은', '역세권', '지하층']",37.481155,126.951584
2520575899,일반상가,월세,1/4,170,"2,000",66,66,서향,20250417,"['25년이상', '융자금적은', '1층', '총4층']",37.479501,126.946027
2520572847,일반상가,월세,1/7,280,"3,000",76,46,북서향,20250417,"['25년이상', '역세권', '1층', '주차가능']",37.491248,126.92622
2520535462,일반상가,월세,1/4,100,"1,000",20,20,서향,20250417,"['25년이상', '융자금없는', '역세권', '1층']",37.481462,126.943485
2520519123,일반상가,월세,1/11,300,"5,000",148,39,남향,20250417,"['10년이내', '1층', '주차가능', '남향']",37.479391,126.947209
2520584354,일반상가,월세,1/4,150,"1,800",46,46,남향,20250417,"['25년이상', '역세권', '1층', '관리비10만원이하']",37.476734,126.965145
2520601179,일반상가,월세,2/4,250,"4,000",113,113,북향,20250417,"['25년이상', '역세권', '중층', '관리비10만원이하']",37.475739,126.966161
2520570334,단지내상가,매매,3/4,,"7억 7,000",186,128,동향,20250417,"['25년이내', '고층', '주차가능', '총4층']",37.487592,126.959907
2520579022,일반상가,월세,2/3,900,"1억 6,200",362,362,남향,20250417,"['25년이상', '역세권', '중층', '주차가능']",37.478727,126.960207
2520613583,일반상가,월세,1/2,150,"2,000",26,26,서향,20250417,"['25년이상', '역세권', '1층', '총2층']",37.482424,126.954333
2520576450,일반상가,월세,1/8,435,"7,600",132,132,북향,20250417,"['10년이내', '역세권', '1층', '주차가능']",37.482106,126.950486
2520624139,일반상가,월세,1/2,410,1억,99,99,남동향,20250417,"['25년이상', '역세권', '1층', '관리비10만원이하']",37.483957,126.954217
2520569289,단지내상가,월세,1/1,250,"3,000",49,32,북서향,20250417,"['10년이내', '1층', '관리비10만원이하', '주차가능']",37.477914,126.941862
2520482772,일반상가,월세,1/3,50,"1,100",15,15,서향,20250417,"['25년이상', '역세권', '1층', '총3층']",37.478614,126.95722
2520463178,단지내상가,월세,1/2,200,"3,000",71,35,서향,20250417,"['10년이내', '1층', '관리비20만원이하', '주차가능']",37.477914,126.941862
2520486564,일반상가,월세,2/2,300,"3,000",123,99,동향,20250417,"['25년이상', '역세권', '고층', '총2층']",37.482509,126.95267
2520561830,일반상가,월세,1/4,150,"2,000",102,59,남향,20250417,"['25년이상', '역세권', '1층', '관리비10만원이하']",37.479436,126.943199
2520548894,일반상가,월세,1/5,125,"2,000",26,26,남향,20250417,"['25년이상', '역세권', '1층', '주차가능']",37.483556,126.94211
2520555985,일반상가,월세,1/10,700,1억,342,342,동향,20250417,"['25년이상', '역세권', '1층', '주차가능']",37.490768,126.926953
2520580650,일반상가,월세,5/6,450,"7,000",180,134,북동향,20250417,"['4년이내', '역세권', '고층', '주차가능']",37.479102,126.957558
2520612814,일반상가,월세,1/4,390,"6,000",132,132,북동향,20250417,"['25년이상', '역세권', '1층', '주차가능']",37.474264,126.963743
2520537743,일반상가,월세,4/6,100,"1,000",43,43,북향,20250417,"['25년이상', '중층', '북향']",37.485585,126.955709
2520575056,일반상가,월세,1/3,160,"2,000",183,50,북향,20250417,"['25년이상', '역세권', '1층', '급매']",37.486016,126.940818
2520579847,일반상가,월세,1/7,400,"5,000",59,59,북향,20250417,"['25년이상', '역세권', '1층', '주차가능']",37.481976,126.943019
2520306801,일반상가,월세,B1/4,100,"1,000",79,79,서향,20250416,"['25년이내', '역세권', '지하층', '주차가능']",37.475276,126.966698
2520371227,일반상가,월세,B1/2,170,"2,500",61,61,북서향,20250416,"['25년이상', '지하층', '총2층', '북서향']",37.485655,126.95749
2520312145,일반상가,월세,1/4,270,"4,000",227,112,동향,20250416,"['25년이상', '융자금적은', '역세권', '1층']",37.478569,126.959023
2520288014,일반상가,매매,15/15,,2억,139,69,남향,20250416,"['25년이내', '역세권', '고층', '주차가능']",37.481054,126.952215
2520206169,일반상가,월세,1/6,160,"2,000",47,47,남동향,20250416,"['10년이내', '1층', '주차가능', '남동향']",37.485747,126.937848
2520303573,일반상가,월세,B1/5,242,"4,500",213,213,북향,20250416,"['25년이상', '역세권', '지하층', '관리비20만원이하']",37.481885,126.952535
2520212070,일반상가,월세,1/3,120,"3,000",43,43,서향,20250416,"['25년이상', '역세권', '1층', '관리비10만원이하']",37.476681,126.952762
2520286223,일반상가,월세,B1/3,150,"1,000",44,44,북동향,20250416,"['25년이상', '역세권', '지하층', '관리비10만원이하']",37.484626,126.937319
2520300049,일반상가,월세,1/2,220,"8,000",100,100,북서향,20250416,"['25년이상', '1층', '총2층', '북서향']",37.486704,126.959523
2520262550,단지내상가,월세,1/2,100,"2,000",35,19,북동향,20250416,"['10년이내', '융자금없는', '1층', '관리비20만원이하']",37.477914,126.941862
2520330439,일반상가,월세,6/7,300,"5,000",219,180,남향,20250416,"['25년이상', '융자금적은', '역세권', '고층']",37.483062,126.940903
2520340926,일반상가,월세,1/3,700,"7,000",60,43,남향,20250416,"['25년이상', '역세권', '1층', '총3층']",37.482592,126.943674
2520351412,일반상가,월세,1/5,120,"2,000",29,29,남향,20250416,"['10년이내', '1층', '관리비20만원이하', '주차가능']",37.486504,126.936383
2520319546,일반상가,월세,3/7,320,"5,000",239,239,북향,20250416,"['25년이상', '융자금없는', '역세권', '중층']",37.479292,126.942857
2520313864,일반상가,월세,10/23,200,"3,000",128,39,북동향,20250416,"['25년이내', '역세권', '중층', '주차가능']",37.481054,126.952215
2520350140,일반상가,월세,1/4,60,"1,000",92,24,북향,20250416,"['25년이상', '1층', '관리비10만원이하', '주차가능']",37.47974,126.958486
2520359756,일반상가,월세,1/5,340,"4,000",132,132,서향,20250416,"['25년이상', '1층', '관리비10만원이하', '주차가능']",37.475541,126.959328
2520370869,일반상가,월세,3/6,200,"4,000",148,148,남동향,20250416,"['25년이내', '역세권', '중층', '관리비20만원이하']",37.4834,126.940871
2520358348,일반상가,월세,1/1,83,"1,000",25,25,동향,20250416,"['25년이상', '역세권', '1층', '급매']",37.479774,126.957526
2520303658,일반상가,월세,1/4,140,"2,000",52,52,서향,20250416,"['25년이내', '역세권', '1층', '관리비10만원이하']",37.475276,126.966698
2520378167,단지내상가,월세,B1/B1,90,"1,000",112,66,남서향,20250416,"['15년이내', '지하층', '주차가능', '남서향']",37.482787,126.961393
2520287939,일반상가,월세,1/4,80,"2,000",35,35,북향,20250416,"['25년이내', '역세권', '1층', '관리비10만원이하']",37.475676,126.962734
2520210086,일반상가,월세,6/7,300,"4,500",138,138,남향,20250416,"['25년이상', '역세권', '고층', '엘리베이터']",37.482609,126.942768
2520400126,일반상가,월세,1/4,90,"1,000",33,23,남서향,20250416,"['25년이상', '1층', '총4층', '남서향']",37.479884,126.958719
2520207023,일반상가,월세,1/4,160,"3,500",50,50,남서향,20250416,"['25년이상', '1층', '총4층', '남서향']",37.487511,126.933036
2520314758,일반상가,월세,1/15,100,"1,500",19,19,남향,20250416,"['25년이내', '역세권', '1층', '관리비20만원이하']",37.481761,126.951452
2520173703,단지내상가,월세,1/5,100,"2,000",44,30,남향,20250416,"['25년이내', '1층', '관리비10만원이하', '주차가능']",37.489297,126.944769
2520076603,일반상가,월세,1/4,200,"3,000",60,54,서향,20250415,"['25년이내', '융자금없는', '1층', '관리비20만원이하']",37.489496,126.946163
2520053444,일반상가,월세,1/3,75,"1,000",60,23,남향,20250415,"['25년이상', '융자금적은', '1층', '관리비10만원이하']",37.486893,126.938905
2520032140,일반상가,월세,3/5,90,"1,000",50,50,북향,20250415,"['25년이내', '역세권', '중층', '관리비20만원이하']",37.482472,126.940821
2520029438,일반상가,월세,2/3,500,"6,000",184,184,북향,20250415,"['25년이상', '역세권', '중층', '총3층']",37.47736,126.962067
2520155745,일반상가,월세,7/7,400,1억,229,200,북향,20250415,"['25년이상', '역세권', '고층', '주차가능']",37.481976,126.943019
2520085186,일반상가,월세,1/4,210,"4,000",80,69,북동향,20250415,"['25년이내', '역세권', '1층', '관리비10만원이하']",37.484201,126.939111
2520060774,일반상가,월세,1/2,200,"3,000",40,33,북향,20250415,"['25년이상', '역세권', '1층', '관리비10만원이하']",37.479257,126.957268
2519930512,일반상가,월세,1/15,100,"1,500",36,19,남향,20250415,"['25년이내', '역세권', '1층', '관리비20만원이하']",37.481761,126.951452
2519942776,일반상가,월세,2/7,180,"3,000",175,107,동향,20250415,"['25년이내', '지상층(1층제외)', '관리비20만원이하', '주차가능']",37.489977,126.945182
2520123635,일반상가,월세,1/4,130,"3,000",63,63,동향,20250415,"['25년이내', '융자금없는', '역세권', '1층']",37.48395,126.939374
2520132354,일반상가,월세,1/4,80,"1,000",17,17,서향,20250415,"['25년이상', '융자금적은', '역세권', '1층']",37.482719,126.950847
2520142337,일반상가,월세,B1/4,60,"1,000",79,79,남향,20250415,"['25년이상', '융자금없는', '역세권', '지하층']",37.483381,126.953321
2520148441,일반상가,월세,B1/4,180,"3,000",104,89,북서향,20250415,"['10년이내', '지하층', '관리비20만원이하', '주차가능']",37.477455,126.956704
2520161040,일반상가,월세,1/2,50,"1,000",65,25,북향,20250415,"['25년이상', '1층', '총2층', '북향']",37.485303,126.950596
2520142208,일반상가,월세,B1/3,80,500,48,40,남향,20250415,"['25년이상', '융자금없는', '역세권', '지하층']",37.481767,126.954651
2520158619,일반상가,월세,B1/3,70,"1,000",92,79,북향,20250415,"['25년이상', '융자금없는', '역세권', '지하층']",37.475943,126.962478
2519951944,일반상가,월세,1/4,250,"3,000",187,187,남향,20250415,"['25년이상', '융자금적은', '1층', '주차가능']",37.479726,126.948385
2520058223,일반상가,월세,1/4,270,"3,000",71,66,남향,20250415,"['4년이내', '1층', '관리비10만원이하', '총4층']",37.477734,126.954906
2520056381,일반상가,월세,1/7,110,"2,000",24,22,북향,20250415,"['10년이내', '역세권', '1층', '관리비20만원이하']",37.479405,126.943524
2520073385,일반상가,매매,2/18,,58억,1320,634,북서향,20250415,"['25년이상', '역세권', '지상층(1층제외)', '관리비10만원이하']",37.4813,126.950337
2520095790,일반상가,월세,1/4,130,"2,000",33,33,동향,20250415,"['25년이상', '역세권', '1층', '관리비10만원이하']",37.481388,126.942283
2520095912,일반상가,월세,B1/3,250,"5,000",165,151,남향,20250415,"['25년이상', '역세권', '지하층', '총3층']",37.481152,126.953878
2520132227,일반상가,월세,1/5,100,"2,000",39,39,동향,20250415,"['4년이내', '1층', '관리비10만원이하', '주차가능']",37.478328,126.947127
2520080595,일반상가,월세,1/3,270,"4,000",148,148,북동향,20250415,"['25년이상', '융자금없는', '역세권', '1층']",37.478569,126.959023
2520132501,일반상가,월세,1/2,40,500,13,13,남향,20250415,"['25년이상', '융자금적은', '역세권', '1층']",37.48245,126.95241
2520141504,일반상가,월세,B1/4,100,"1,000",81,70,서향,20250415,"['25년이상', '융자금없는', '역세권', '지하층']",37.480941,126.955086
2520135426,일반상가,월세,1/2,85,"1,000",28,28,서향,20250415,"['25년이상', '역세권', '1층', '총2층']",37.481979,126.95428
2519993637,단지내상가,월세,2/4,100,"2,000",33,33,남향,20250415,"['25년이내', '융자금없는', '중층', '관리비20만원이하']",37.487592,126.959907
2519952027,일반상가,월세,1/4,130,"2,000",29,29,동향,20250415,"['25년이상', '융자금적은', '역세권', '1층']",37.481388,126.942283
2520024826,단지내상가,월세,2/2,100,"2,000",51,39,서향,20250415,"['10년이내', '고층', '주차가능', '천장에어컨']",37.479158,126.944041
2519959137,일반상가,월세,1/3,85,"1,000",26,26,동향,20250415,"['25년이상', '역세권', '1층', '총3층']",37.479774,126.957526
2520056355,단지내상가,월세,1/15,370,"5,000",49,34,북향,20250415,"['25년이내', '역세권', '1층', '관리비20만원이하']",37.480289,126.95315
2519959370,일반상가,월세,2/2,60,"1,000",41,39,북향,20250415,"['25년이상', '고층', '총2층', '북향']",37.485937,126.953886
2520060603,일반상가,월세,1/2,210,"3,000",330,82,북향,20250415,"['25년이상', '역세권', '1층', '총2층']",37.483778,126.95383
2519952036,일반상가,월세,1/7,230,"3,000",69,69,북서향,20250415,"['10년이내', '융자금적은', '역세권', '1층']",37.47767,126.96382
2519941001,단지내상가,월세,B1/4,10,"1,000",34,21,남동향,20250415,"['25년이상', '융자금없는', '지하층', '주차가능']",37.492261,126.95846
2520046401,일반상가,월세,1/15,100,500,26,8,북서향,20250415,"['25년이내', '역세권', '1층', '주차가능']",37.480888,126.95227
2520100702,일반상가,월세,1/15,480,"8,000",129,42,북향,20250415,"['25년이내', '역세권', '1층', '주차가능']",37.481054,126.952215
2520063583,일반상가,월세,1/3,150,"2,000",106,106,서향,20250415,"['25년이상', '융자금없는', '1층', '총3층']",37.488188,126.959357
2520063638,단지내상가,월세,B2/4,370,"6,100",600,510,남동향,20250415,"['25년이내', '지하층', '주차가능', '엘리베이터']",37.489589,126.955554
2519968807,일반상가,월세,2/4,220,"4,000",113,100,,20250415,"['25년이상', '중층', '총4층']",37.485873,126.955955
2520062811,단지내상가,월세,2/4,100,"2,000",47,32,북향,20250415,"['25년이내', '융자금없는', '중층', '주차가능']",37.487592,126.959907
2520063204,단지내상가,매매,B1/4,,"9억 4,500",600,510,남동향,20250415,"['25년이내', '지하층', '주차가능', '엘리베이터']",37.489589,126.955554
2520066690,일반상가,월세,1/3,100,"1,200",17,17,동향,20250415,"['25년이상', '역세권', '1층', '총3층']",37.482811,126.943502
2520084085,일반상가,월세,1/7,350,"5,000",108,59,동향,20250415,"['10년이내', '융자금적은', '역세권', '1층']",37.479352,126.958563
2520121156,일반상가,월세,1/2,80,"2,000",46,39,북서향,20250415,"['25년이상', '융자금적은', '역세권', '1층']",37.47854,126.957173
2519858471,일반상가,월세,1/15,100,"1,500",23,23,남향,20250414,"['25년이내', '역세권', '1층', '관리비10만원이하']",37.481761,126.951452
2519815160,일반상가,월세,1/7,230,"3,000",66,66,남향,20250414,"['25년이내', '1층', '주차가능', '남향']",37.486308,126.941662
2519802009,일반상가,월세,2/4,150,"5,000",122,112,서향,20250414,"['25년이상', '융자금적은', '역세권', '중층']",37.481006,126.957081
2519790635,일반상가,월세,B1/5,90,"1,500",112,99,북동향,20250414,"['25년이상', '역세권', '지하층', '관리비10만원이하']",37.483905,126.939746
2519815958,일반상가,월세,B1/13,450,1억,330,330,남동향,20250414,"['25년이상', '융자금없는', '역세권', '지하층']",37.484392,126.954615
2519675682,단지내상가,월세,1/3,127,"1,000",30,30,서향,20250414,"['25년이상', '1층', '관리비10만원이하', '총3층']",37.485907,126.956875
2519590380,일반상가,월세,1/2,260,"3,500",29,29,남향,20250414,"['25년이상', '융자금적은', '역세권', '1층']",37.479491,126.95206
2519634189,일반상가,월세,1/2,80,"1,000",33,27,북향,20250414,"['25년이상', '역세권', '1층', '총2층']",37.474249,126.967373
2519639574,일반상가,월세,2/6,200,"3,000",131,125,북향,20250414,"['2년이내', '지상층(1층제외)', '관리비20만원이하', '주차가능']",37.486105,126.9379
2519638097,단지내상가,월세,B1/2,160,"3,000",40,22,북향,20250414,"['25년이내', '지하층', '관리비10만원이하', '주차가능']",37.486154,126.945221
2519639960,일반상가,월세,3/3,100,"1,500",66,66,남향,20250414,"['25년이상', '역세권', '고층', '천장에어컨']",37.483649,126.939426
2519610865,일반상가,월세,4/19,"1,000",2억,369,232,서향,20250414,"['2년이내', '역세권', '지상층(1층제외)', '주차가능']",37.482674,126.954059
2519611415,일반상가,월세,4/19,650,"1억 5,000",228,143,서향,20250414,"['2년이내', '역세권', '지상층(1층제외)', '주차가능']",37.482674,126.954059
2519907206,일반상가,월세,1/4,80,"2,000",21,21,남향,20250414,"['25년이상', '역세권', '1층', '주차가능']",37.48387,126.941172
2519805376,일반상가,월세,2/5,130,"1,000",90,79,동향,20250414,"['25년이내', '역세권', '중층', '주차가능']",37.480237,126.957158
2519814859,일반상가,월세,1/4,250,"4,000",69,69,북향,20250414,"['25년이상', '융자금없는', '역세권', '1층']",37.481774,126.9426
2519863023,일반상가,월세,3/5,100,"1,000",94,94,동향,20250414,"['25년이상', '역세권', '중층', '주차가능']",37.481205,126.946087
2519841854,일반상가,월세,1/3,200,"2,000",75,75,북향,20250414,"['25년이상', '역세권', '1층', '주차가능']",37.47951,126.942556
2519863895,일반상가,월세,2/5,210,"3,000",73,73,남서향,20250414,"['25년이상', '역세권', '중층', '관리비10만원이하']",37.490222,126.925594
2519864720,일반상가,월세,1/15,170,"2,000",61,49,남향,20250414,"['25년이내', '융자금적은', '역세권', '1층']",37.481761,126.951452
2519849960,일반상가,월세,1/10,275,"5,000",116,99,북향,20250414,"['25년이상', '역세권', '1층', '주차가능']",37.479297,126.950859
2519592525,일반상가,월세,1/10,250,"5,000",51,49,남동향,20250414,"['10년이내', '융자금적은', '역세권', '1층']",37.479663,126.944239
2519650687,단지내상가,월세,2/4,65,"1,000",102,44,서향,20250414,"['25년이내', '융자금없는', '중층', '관리비20만원이하']",37.489589,126.955554
2519754417,일반상가,월세,1/2,180,"2,000",49,49,북동향,20250414,"['25년이상', '역세권', '1층', '총2층']",37.474641,126.965989
2519753182,일반상가,월세,1/4,190,"3,000",49,49,동향,20250414,"['25년이상', '역세권', '1층', '총4층']",37.47464,126.966747
2519753767,일반상가,월세,B1/6,80,"1,000",42,42,남향,20250414,"['25년이내', '지하층', '관리비20만원이하', '주차가능']",37.486584,126.952035
2519756687,일반상가,월세,1/2,220,"5,000",39,36,서향,20250414,"['25년이상', '역세권', '1층', '총2층']",37.475623,126.965809
2519743248,일반상가,월세,1/2,240,"3,000",72,72,북향,20250414,"['25년이상', '역세권', '1층', '주차가능']",37.478082,126.95275
2519690723,일반상가,월세,2/5,110,"2,000",83,33,동향,20250414,"['10년이내', '융자금없는', '역세권', '중층']",37.479826,126.942428
2519933154,일반상가,월세,4/7,480,"5,000",218,218,북동향,20250414,"['25년이내', '중층', '주차가능', '엘리베이터']",37.489977,126.945182
2519726163,일반상가,월세,3/5,320,"5,000",122,122,서향,20250414,"['10년이내', '역세권', '중층', '주차가능']",37.49116,126.926038
2519896367,일반상가,월세,1/5,230,"2,000",40,35,남서향,20250414,"['10년이내', '역세권', '1층', '관리비20만원이하']",37.479502,126.942315
2519711668,일반상가,월세,1/4,90,"2,000",43,43,북동향,20250414,"['10년이내', '1층', '관리비10만원이하', '총4층']",37.484299,126.949012
2519723579,일반상가,월세,3/10,730,1억,314,314,북동향,20250414,"['25년이내', '역세권', '지상층(1층제외)', '주차가능']",37.481309,126.94961
2519761608,일반상가,월세,B1/5,200,"3,000",124,124,북향,20250414,"['25년이상', '지하층', '관리비20만원이하', '주차가능']",37.477703,126.958083
2519777158,일반상가,월세,1/7,350,"5,000",62,62,남향,20250414,"['10년이내', '역세권', '1층', '주차가능']",37.479352,126.958563
2519866289,일반상가,월세,1/4,100,"1,500",53,23,서향,20250414,"['25년이내', '1층', '주차가능', '총4층']",37.489496,126.946163
2519911834,일반상가,월세,1/5,200,"2,000",70,56,남서향,20250414,"['4년이내', '역세권', '1층', '관리비20만원이하']",37.475827,126.964
2519916959,일반상가,월세,1/7,350,"4,000",33,33,북향,20250414,"['25년이상', '역세권', '1층', '관리비20만원이하']",37.481976,126.943019
2519839782,일반상가,월세,1/2,95,"1,000",28,28,동향,20250414,"['25년이상', '1층', '총2층', '동향']",37.479074,126.945703
2519592381,단지내상가,월세,2/4,180,"2,000",127,57,북향,20250414,"['25년이내', '융자금없는', '중층', '관리비10만원이하']",37.491645,126.948147
2519727346,복합상가,매매,2/23,,"1억 5,000",32,32,서향,20250414,"['25년이상', '역세권', '지상층(1층제외)', '주차가능']",37.491151,126.925099
2519756698,일반상가,월세,1/4,80,"2,000",45,36,남향,20250414,"['4년이내', '1층', '관리비20만원이하', '주차가능']",37.474066,126.960337
2519813351,일반상가,월세,1/7,890,1억,127,127,남동향,20250414,"['25년이내', '융자금없는', '역세권', '1층']",37.47817,126.959408
2519755422,일반상가,월세,2/5,150,"3,000",103,90,남서향,20250414,"['25년이상', '역세권', '중층', '관리비20만원이하']",37.476159,126.966679
2519799009,일반상가,월세,1/2,100,"1,000",25,25,서향,20250414,"['25년이상', '역세권', '1층', '총2층']",37.47962,126.957742
2519803006,일반상가,월세,1/3,250,"3,000",187,187,남향,20250414,"['25년이상', '1층', '주차가능', '총3층']",37.479726,126.948385
2519675637,일반상가,월세,B1/5,120,"1,000",154,154,남서향,20250414,"['25년이내', '융자금없는', '역세권', '지하층']",37.489313,126.92904
2519788558,일반상가,월세,1/2,150,"2,000",33,33,북향,20250414,"['25년이상', '1층', '관리비10만원이하', '총2층']",37.481062,126.947065
2519771195,일반상가,월세,B1/6,200,"2,500",132,132,남향,20250414,"['25년이내', '융자금없는', '역세권', '지하층']",37.49009,126.926485
2519757659,일반상가,월세,1/4,155,"2,000",26,26,동향,20250414,"['10년이내', '역세권', '1층', '관리비10만원이하']",37.475297,126.966893
2519810005,일반상가,월세,1/15,350,"5,000",48,34,북향,20250414,"['25년이내', '역세권', '1층', '주차가능']",37.480289,126.95315
2519787633,일반상가,월세,1/5,158,"3,000",33,33,서향,20250414,"['25년이상', '역세권', '1층', '관리비20만원이하']",37.474313,126.962115
2519796739,일반상가,월세,B1/4,190,"2,000",115,96,,20250414,"['25년이상', '역세권', '지하층', '총4층']",37.480476,126.955521
2519751548,일반상가,월세,1/4,120,"2,500",33,33,북향,20250414,"['25년이상', '역세권', '1층', '총4층']",37.475227,126.966131
2519816294,일반상가,월세,1/4,130,"2,800",30,30,서향,20250414,"['25년이상', '역세권', '1층', '주차가능']",37.484351,126.956329
2519795268,일반상가,월세,4/4,230,"3,000",198,181,동향,20250414,"['25년이상', '역세권', '고층', '관리비20만원이하']",37.480476,126.955521
2519674502,일반상가,월세,1/1,100,"1,000",29,29,남동향,20250414,"['25년이상', '역세권', '1층', '관리비10만원이하']",37.473727,126.966577
2519683130,일반상가,월세,1/2,100,"1,000",71,28,서향,20250414,"['25년이상', '역세권', '1층', '총2층']",37.484593,126.955712
2519746268,일반상가,월세,B1/3,60,"1,000",79,78,서향,20250414,"['25년이상', '역세권', '지하층', '총3층']",37.483381,126.953321
2519708622,일반상가,월세,B1/3,120,"3,000",72,69,서향,20250414,"['10년이내', '지하층', '관리비10만원이하', '총3층']",37.473268,126.970666
2519723991,일반상가,월세,1/4,150,"3,000",49,49,남동향,20250414,"['25년이상', '1층', '주차가능', '총4층']",37.477224,126.958579
2519665879,일반상가,월세,1/2,210,"3,000",80,79,북동향,20250414,"['25년이상', '역세권', '1층', '총2층']",37.483778,126.95383
2519672222,일반상가,월세,1/1,120,"3,000",23,23,남서향,20250414,"['25년이상', '역세권', '1층', '관리비10만원이하']",37.483957,126.954217
2519755167,일반상가,월세,1/3,230,"4,000",20,19,서향,20250414,"['25년이상', '역세권', '1층', '관리비20만원이하']",37.47535,126.965736
2519753753,일반상가,월세,1/6,280,"7,000",42,42,동향,20250414,"['25년이상', '융자금없는', '역세권', '1층']",37.475442,126.965458
2519759315,일반상가,월세,4/5,150,"3,000",135,125,남서향,20250414,"['25년이상', '역세권', '고층', '관리비10만원이하']",37.478543,126.961628
2519755692,일반상가,월세,1/3,300,"5,000",33,33,서향,20250414,"['25년이상', '역세권', '1층', '관리비20만원이하']",37.47535,126.965736
2519777369,복합상가,월세,1/19,410,"8,000",31,31,서향,20250414,"['25년이내', '역세권', '1층', '관리비20만원이하']",37.479666,126.952859
2519708549,일반상가,월세,1/6,100,"2,500",23,23,서향,20250414,"['25년이내', '역세권', '1층', '관리비10만원이하']",37.48256,126.952035
2519914212,일반상가,월세,1/7,160,"2,000",101,70,남서향,20250414,"['4년이내', '역세권', '1층', '관리비20만원이하']",37.476212,126.96653
2519922060,일반상가,월세,1/5,150,"2,500",91,59,서향,20250414,"['10년이내', '1층', '주차가능', '총5층']",37.488351,126.934399
2519913082,일반상가,월세,1/2,150,"2,000",42,40,남서향,20250414,"['25년이상', '역세권', '1층', '총2층']",37.482247,126.940497
2519872414,일반상가,월세,1/7,170,"3,000",36,36,북향,20250414,"['25년이내', '역세권', '1층', '관리비20만원이하']",37.475626,126.966458
2519870900,일반상가,월세,1/2,360,"6,000",57,57,남향,20250414,"['25년이상', '1층', '총2층', '남향']",37.477924,126.957974
2519871613,일반상가,월세,1/5,85,"1,000",19,19,북향,20250414,"['10년이내', '1층', '관리비10만원이하', '총5층']",37.4776,126.955454
2519895528,일반상가,월세,1/4,130,"3,000",75,63,남동향,20250414,"['25년이내', '융자금적은', '역세권', '1층']",37.48395,126.939374
2519866010,일반상가,월세,15/15,350,"3,000",157,157,북동향,20250414,"['25년이내', '역세권', '고층', '주차가능']",37.481054,126.952215
2519881631,일반상가,월세,1/5,100,"2,000",23,19,북향,20250414,"['25년이상', '역세권', '1층', '관리비20만원이하']",37.476021,126.963939
2519884654,일반상가,월세,1/3,300,"5,000",99,99,동향,20250414,"['25년이상', '1층', '총3층', '동향']",37.476371,126.958792
2519896313,일반상가,월세,B2/9,500,"4,000",337,252,남향,20250414,"['10년이내', '역세권', '지하층', '주차가능']",37.475595,126.969721
2519912449,일반상가,월세,3/3,200,"1,500",316,155,남서향,20250414,"['25년이상', '고층', '관리비20만원이하', '총3층']",37.486424,126.939171
2519861921,일반상가,월세,B1/7,150,"2,000",145,99,서향,20250414,"['25년이상', '역세권', '지하층', '관리비20만원이하']",37.477579,126.960992
2519816567,일반상가,월세,1/2,150,"3,000",33,33,서향,20250414,"['25년이상', '1층', '총2층', '서향']",37.485004,126.957051
2519871214,일반상가,월세,2/3,70,500,33,33,동향,20250414,"['25년이상', '중층', '총3층', '동향']",37.483968,126.946476
2519842244,일반상가,월세,1/3,90,"1,200",28,28,,20250414,"['25년이상', '1층', '주차가능', '총3층']",37.479515,126.945759
2519839844,일반상가,월세,1/4,80,"1,000",29,29,북향,20250414,"['25년이내', '역세권', '1층', '관리비10만원이하']",37.475676,126.962734
2519860266,일반상가,월세,B1/3,150,"3,000",105,105,동향,20250414,"['25년이상', '역세권', '지하층', '총3층']",37.477499,126.958682
2519865598,일반상가,월세,1/7,620,"1억 2,000",188,150,북서향,20250414,"['10년이내', '역세권', '1층', '주차가능']",37.483742,126.937993
2519822567,일반상가,월세,5/6,130,"2,300",66,66,북향,20250414,"['25년이상', '역세권', '고층', '북향']",37.48007,126.955078
2519859817,일반상가,월세,1/4,70,"1,000",19,19,북향,20250414,"['25년이상', '역세권', '1층', '총4층']",37.474374,126.966692
2519873083,일반상가,월세,1/3,230,"3,500",63,63,동향,20250414,"['25년이상', '융자금없는', '1층', '총3층']",37.47626,126.958807
2519635506,일반상가,월세,1/2,130,"1,500",39,34,서향,20250414,"['25년이상', '1층', '총2층', '서향']",37.473287,126.966877
2519611259,일반상가,월세,3/19,670,2억,228,143,서향,20250414,"['2년이내', '역세권', '지상층(1층제외)', '주차가능']",37.482674,126.954059
2519630815,단지내상가,매매,B1/2,,"8,000",23,23,동향,20250414,"['25년이상', '역세권', '지하층', '관리비10만원이하']",37.494085,126.928169
2519522493,단지내상가,월세,2/4,65,"1,000",95,44,동향,20250412,"['25년이내', '융자금없는', '중층', '주차가능']",37.489589,126.955554
2519563500,단지내상가,월세,1/2,85,"1,000",19,19,서향,20250412,"['25년이상', '역세권', '1층', '총2층']",37.479411,126.942538
2519510375,일반상가,월세,3/3,400,"3,000",136,130,남향,20250412,"['25년이상', '융자금적은', '역세권', '급매']",37.480179,126.954228
2519554493,일반상가,월세,1/3,80,"1,500",29,29,북향,20250412,"['4년이내', '1층', '주차가능', '총3층']",37.486345,126.951078
2519488947,일반상가,월세,2/5,280,"3,000",163,160,서향,20250412,"['25년이내', '융자금없는', '중층', '관리비20만원이하']",37.477865,126.958901
2519508287,일반상가,월세,1/7,110,"2,000",80,29,남서향,20250412,"['10년이내', '역세권', '1층', '관리비20만원이하']",37.479405,126.943524
2519561950,일반상가,월세,2/4,255,"3,000",82,82,남동향,20250412,"['25년이상', '융자금적은', '역세권', '중층']",37.478852,126.954361
2519421081,일반상가,월세,1/6,280,"5,000",49,49,북향,20250412,"['25년이상', '역세권', '1층', '관리비20만원이하']",37.483449,126.953734
2519546199,일반상가,월세,1/4,150,"3,000",54,54,북향,20250412,"['25년이상', '1층', '주차가능', '총4층']",37.477224,126.958579
2519508825,단지내상가,매매,3/20,,17억,216,97,동향,20250412,"['25년이내', '역세권', '지상층(1층제외)', '주차가능']",37.482736,126.953239
2519533621,일반상가,월세,2/5,125,"1,000",96,96,북향,20250412,"['25년이상', '역세권', '중층', '관리비10만원이하']",37.483143,126.941654
2519469881,일반상가,월세,B1/5,100,"1,000",81,75,북서향,20250412,"['25년이상', '융자금없는', '역세권', '지하층']",37.480941,126.955086
2519510970,일반상가,월세,B1/4,200,"2,000",120,118,남향,20250412,"['25년이상', '역세권', '지하층', '천장에어컨']",37.476384,126.963045
2519453895,단지내상가,매매,2/2,,"2억 5,000",26,26,동향,20250412,"['25년이상', '역세권', '고층', '관리비10만원이하']",37.494085,126.928169
2519540472,일반상가,월세,1/4,130,"2,000",30,30,동향,20250412,"['25년이상', '역세권', '1층', '관리비10만원이하']",37.481388,126.942283
2519439634,일반상가,매매,4/7,,"9억 5,000",273,218,북동향,20250412,"['25년이내', '중층', '주차가능', '북동향']",37.489977,126.945182
2519442959,일반상가,월세,1/4,95,"1,000",26,26,남향,20250412,"['25년이상', '융자금적은', '1층', '총4층']",37.480044,126.958304
2519415978,일반상가,월세,1/7,125,"2,000",51,33,동향,20250412,"['25년이상', '역세권', '1층', '주차가능']",37.481415,126.943137
2519438260,일반상가,월세,1/4,162,"3,500",29,26,북서향,20250412,"['25년이상', '역세권', '1층', '관리비10만원이하']",37.484351,126.956329
2519429949,일반상가,월세,1/3,85,"2,000",30,30,남향,20250412,"['25년이상', '1층', '총3층', '남향']",37.486547,126.9584
2519417622,일반상가,월세,2/2,140,"2,000",65,65,북향,20250412,"['25년이상', '고층', '관리비10만원이하', '총2층']",37.481062,126.947065
2519546374,일반상가,매매,1/3,,3억,26,26,서향,20250412,"['15년이내', '1층', '주차가능', '총3층']",37.487511,126.958724
2519557880,일반상가,월세,B1/3,50,"1,000",95,95,,20250412,"['25년이상', '지하층', '총3층']",37.480029,126.945919
2519572731,일반상가,월세,1/2,130,"1,000",36,36,북향,20250412,"['25년이상', '역세권', '1층', '총2층']",37.481259,126.945766
2519545645,일반상가,월세,1/4,80,"2,000",33,33,북향,20250412,"['10년이내', '1층', '관리비10만원이하', '총4층']",37.484299,126.949012
2519547839,일반상가,월세,1/3,70,500,29,29,북향,20250412,"['25년이상', '1층', '총3층', '북향']",37.485756,126.954871
2519537233,일반상가,월세,1/3,70,500,30,30,북향,20250412,"['25년이상', '1층', '총3층', '북향']",37.485756,126.954871
2519174419,일반상가,월세,1/4,90,"1,500",21,21,북향,20250411,"['25년이상', '융자금적은', '1층', '관리비20만원이하']",37.488502,126.946702
2519184727,일반상가,월세,1/4,200,"3,000",52,50,서향,20250411,"['25년이내', '1층', '관리비10만원이하', '주차가능']",37.489496,126.946163
2519268250,일반상가,월세,5/6,330,"3,000",355,214,북동향,20250411,"['25년이내', '고층', '주차가능', '엘리베이터']",37.489977,126.945182
2519166642,일반상가,월세,1/3,120,"1,000",33,32,,20250411,"['25년이상', '1층', '총3층']",37.479126,126.946472
2519179934,일반상가,월세,2/2,250,"3,000",75,73,서향,20250411,"['25년이상', '고층', '총2층', '서향']",37.477994,126.95688
2519168926,복합상가,월세,1/19,300,"3,000",168,86,북향,20250411,"['10년이내', '융자금없는', '마당', '역세권']",37.479125,126.950346
2519182733,일반상가,월세,1/3,50,500,17,17,서향,20250411,"['25년이내', '1층', '총3층', '서향']",37.48581,126.957623
2519180889,일반상가,월세,1/3,160,"2,000",50,50,북향,20250411,"['25년이상', '역세권', '1층', '총3층']",37.486016,126.940818
2519254312,일반상가,월세,B1/15,90,"1,000",103,79,동향,20250411,"['25년이내', '융자금적은', '역세권', '지하층']",37.481913,126.952216
2519185079,일반상가,월세,1/3,75,"1,000",17,17,남동향,20250411,"['25년이상', '역세권', '1층', '총3층']",37.484073,126.953693
2519156241,일반상가,월세,1/4,900,"1억 5,000",215,198,남향,20250411,"['25년이상', '역세권', '1층', '주차가능']",37.479467,126.958421
2519154195,일반상가,월세,B1/4,250,"3,000",119,119,동향,20250411,"['10년이내', '역세권', '지하층', '관리비20만원이하']",37.478586,126.956924
2519226628,일반상가,월세,3/5,500,"5,000",302,302,북향,20250411,"['25년이상', '융자금없는', '역세권', '중층']",37.482054,126.942296
2519264341,일반상가,월세,1/10,185,"4,000",113,76,동향,20250411,"['25년이내', '융자금적은', '역세권', '1층']",37.476897,126.962673
2519271037,일반상가,월세,1/2,65,"1,000",30,30,북향,20250411,"['25년이상', '1층', '총2층', '북향']",37.486206,126.952358
2519191052,일반상가,월세,3/6,400,"5,000",201,201,북동향,20250411,"['25년이내', '역세권', '중층', '주차가능']",37.483601,126.938151
2519256649,일반상가,월세,2/6,150,"3,000",80,80,북향,20250411,"['25년이상', '지상층(1층제외)', '북향']",37.478319,126.957924
2519160596,일반상가,월세,1/5,60,"1,000",42,23,남서향,20250411,"['25년이상', '역세권', '1층', '총5층']",37.485187,126.938222
2519155111,일반상가,월세,B1/3,130,"1,500",192,148,남향,20250411,"['25년이상', '역세권', '지하층', '관리비10만원이하']",37.480824,126.955011
2519301518,일반상가,매매,6/6,,"3억 5,000",124,76,동향,20250411,"['25년이내', '고층', '관리비20만원이하', '주차가능']",37.489977,126.945182
2519360595,일반상가,월세,10/10,135,"2,000",154,93,동향,20250411,"['25년이상', '테라스', '역세권', '고층']",37.4801,126.95215
2519369455,일반상가,월세,1/2,210,"2,000",21,21,동향,20250411,"['25년이상', '융자금적은', '역세권', '1층']",37.476751,126.962017
2519370999,일반상가,월세,2/3,200,"3,000",196,115,남동향,20250411,"['25년이상', '역세권', '중층', '총3층']",37.481834,126.942049
2519361752,일반상가,월세,1/4,70,"1,000",18,17,남향,20250411,"['25년이상', '1층', '관리비10만원이하', '총4층']",37.487511,126.933036
2519268291,일반상가,월세,1/3,110,"2,000",31,31,동향,20250411,"['25년이상', '융자금없는', '역세권', '1층']",37.481249,126.94517
2519206962,일반상가,월세,1/5,80,"2,000",21,21,남향,20250411,"['25년이상', '융자금적은', '역세권', '1층']",37.48387,126.941172
2519279593,일반상가,월세,3/5,480,"7,000",185,185,남서향,20250411,"['25년이상', '역세권', '중층', '주차가능']",37.48046,126.953468
2519338904,일반상가,월세,B1/4,160,"2,000",85,85,서향,20250411,"['25년이상', '역세권', '지하층', '관리비10만원이하']",37.479837,126.942657
2519281411,일반상가,월세,B1/4,416,"5,000",377,377,남서향,20250411,"['25년이상', '역세권', '지하층', '세대당 1.5대이상']",37.480003,126.956932
2519304189,단지내상가,매매,4/4,,"3억 5,000",103,79,동향,20250411,"['25년이내', '고층', '주차가능', '총4층']",37.489297,126.944769
2519281164,일반상가,월세,1/4,250,"4,000",106,66,동향,20250411,"['25년이상', '융자금적은', '역세권', '1층']",37.481774,126.9426
2519293098,일반상가,월세,B1/3,50,"1,000",96,96,북향,20250411,"['25년이상', '지하층', '총3층', '북향']",37.486032,126.939711
2519190750,일반상가,월세,B1/6,400,"5,000",294,294,북동향,20250411,"['25년이내', '역세권', '지하층', '주차가능']",37.483601,126.938151
2519279251,일반상가,월세,1/2,70,"1,000",40,40,북서향,20250411,"['25년이상', '역세권', '1층', '총2층']",37.490774,126.930028
2519313551,일반상가,월세,2/3,300,"5,000",299,115,남동향,20250411,"['25년이상', '역세권', '중층', '총3층']",37.481952,126.943266
2519393289,일반상가,월세,2/3,200,"3,000",196,128,남동향,20250411,"['25년이상', '융자금적은', '역세권', '중층']",37.481834,126.942049
2519403593,일반상가,월세,1/3,126,"1,000",88,23,남향,20250411,"['10년이내', '융자금적은', '역세권', '1층']",37.474086,126.966383
2519408709,일반상가,월세,4/6,185,"3,000",172,133,남향,20250411,"['25년이상', '중층', '주차가능', '엘리베이터']",37.486858,126.934542
2519397729,일반상가,월세,2/3,150,"1,000",99,99,동향,20250411,"['25년이상', '융자금적은', '중층', '관리비10만원이하']",37.485907,126.956875
2519401855,복합상가,매매,6/15,,"9억 5,000",328,139,서향,20250411,"['25년이내', '역세권', '중층', '주차가능']",37.481054,126.952215
2519395079,일반상가,월세,1/3,70,"1,000",29,26,동향,20250411,"['25년이상', '역세권', '1층', '관리비10만원이하']",37.482582,126.939301
2519361307,일반상가,월세,2/4,350,"5,000",125,112,남향,20250411,"['2년이내', '중층', '관리비20만원이하', '주차가능']",37.47747,126.957527
2519369326,일반상가,월세,1/1,60,"1,000",42,28,남서향,20250411,"['25년이상', '역세권', '1층', '남서향']",37.483694,126.940043
2519340706,일반상가,월세,1/8,700,1억,211,145,동향,20250411,"['2년이내', '역세권', '1층', '주차가능']",37.483424,126.93849
2519345340,일반상가,월세,1/4,130,"1,000",625,19,동향,20250411,"['25년이상', '융자금적은', '역세권', '1층']",37.478473,126.9526
2519354714,일반상가,월세,1/4,320,"5,000",82,69,서향,20250411,"['2년이내', '1층', '관리비20만원이하', '주차가능']",37.47747,126.957527
2519357405,일반상가,월세,2/4,220,"3,000",92,83,남향,20250411,"['2년이내', '중층', '관리비20만원이하', '주차가능']",37.47747,126.957527
2519369473,일반상가,월세,2/5,100,"2,000",113,113,북향,20250411,"['25년이상', '융자금없는', '역세권', '중층']",37.482308,126.948803
2519365841,일반상가,월세,2/2,150,"2,000",109,109,동향,20250411,"['25년이상', '역세권', '고층', '관리비10만원이하']",37.481724,126.944682
2519371629,일반상가,월세,2/6,230,"3,000",99,89,북향,20250411,"['10년이내', '지상층(1층제외)', '관리비10만원이하', '주차가능']",37.479143,126.946306
2519312342,일반상가,월세,2/10,"1,200",2억,278,278,남동향,20250411,"['25년이내', '역세권', '지상층(1층제외)', '주차가능']",37.481309,126.94961
2519436854,일반상가,월세,B1/5,230,"5,000",105,99,북동향,20250411,"['25년이상', '역세권', '지하층', '주차가능']",37.476322,126.964756
2519120431,일반상가,월세,B1/5,100,"1,000",66,66,남향,20250410,"['25년이상', '융자금적은', '역세권', '지하층']",37.480941,126.955086
2518929988,일반상가,월세,1/3,240,"5,500",30,30,동향,20250410,"['25년이상', '역세권', '1층', '총3층']",37.474951,126.965473
2518924024,일반상가,월세,B1/3,70,"1,000",56,56,남동향,20250410,"['25년이상', '지하층', '주차가능', '총3층']",37.486671,126.938003
2518874542,일반상가,월세,1/7,230,"3,000",99,62,남향,20250410,"['25년이내', '융자금적은', '1층', '주차가능']",37.486279,126.941095
2519049084,일반상가,월세,1/3,360,"4,000",161,29,동향,20250410,"['25년이상', '융자금적은', '역세권', '1층']",37.483369,126.954741
2519046463,일반상가,월세,3/8,250,"3,000",88,88,동향,20250410,"['15년이내', '중층', '주차가능', '동향']",37.486273,126.956321
2518926174,일반상가,월세,1/2,80,"1,000",20,16,서향,20250410,"['25년이상', '1층', '총2층', '서향']",37.472044,126.967008
2518926246,일반상가,월세,B1/3,60,"1,000",99,99,서향,20250410,"['25년이상', '융자금없는', '지하층', '총3층']",37.485538,126.956521
2518977788,단지내상가,월세,B1/23,50,"1,000",79,31,동향,20250410,"['25년이상', '융자금없는', '역세권', '지하층']",37.491151,126.925099
2519030652,일반상가,월세,1/4,120,"2,000",39,39,남향,20250410,"['25년이상', '역세권', '1층', '주차가능']",37.48402,126.938806
2519101173,일반상가,월세,1/2,170,"1,500",37,37,북향,20250410,"['25년이상', '1층', '총2층', '북향']",37.47921,126.945568
2519105996,일반상가,월세,1/4,180,"5,000",49,49,남향,20250410,"['25년이상', '역세권', '1층', '관리비10만원이하']",37.491245,126.928392
2519077764,일반상가,월세,1/4,250,"3,000",63,63,동향,20250410,"['25년이상', '역세권', '1층', '관리비10만원이하']",37.48237,126.944813
2519000329,일반상가,월세,B1/6,120,"1,000",147,147,북서향,20250410,"['25년이상', '역세권', '지하층', '주차가능']",37.485616,126.940748
2519033048,일반상가,월세,1/2,650,1억,172,168,서향,20250410,"['25년이상', '역세권', '1층', '총2층']",37.490259,126.927887
2519033301,일반상가,월세,4/5,220,"2,500",109,99,남향,20250410,"['25년이상', '역세권', '고층', '관리비10만원이하']",37.483286,126.940273
2519135367,일반상가,월세,2/15,"1,500",2억,596,483,남동향,20250410,"['25년이상', '역세권', '지상층(1층제외)', '주차가능']",37.481088,126.95092
2519121480,일반상가,월세,B1/6,120,"1,000",131,131,남향,20250410,"['25년이상', '융자금적은', '역세권', '지하층']",37.485616,126.940748
2519167397,일반상가,월세,1/3,100,"2,000",32,32,북향,20250410,"['25년이내', '1층', '총3층', '북향']",37.486276,126.957733
2519113171,일반상가,월세,6/6,210,"4,000",113,101,북향,20250410,"['25년이상', '역세권', '고층', '주차가능']",37.475051,126.969205
2519093926,일반상가,월세,B1/5,300,"4,000",363,363,북향,20250410,"['25년이상', '역세권', '지하층', '주차가능']",37.483395,126.938753
2519032739,일반상가,월세,6/8,450,1억,268,268,남향,20250410,"['25년이내', '역세권', '고층', '주차가능']",37.481907,126.949931
2519023659,일반상가,월세,1/7,253,"3,000",99,66,동향,20250410,"['15년이내', '역세권', '1층', '주차가능']",37.483612,126.943488
2518938170,단지내상가,매매,4/5,,"3억 2,000",135,80,남동향,20250410,"['25년이내', '급매', '고층', '관리비20만원이하']",37.484977,126.959538
2518932741,단지내상가,매매,4/5,,"3억 1,000",132,72,남동향,20250410,"['25년이내', '고층', '관리비20만원이하', '주차가능']",37.484977,126.959538
2519131709,일반상가,월세,4/10,730,1억,305,305,남동향,20250410,"['25년이내', '역세권', '중층', '주차가능']",37.481309,126.94961
2519120760,일반상가,월세,3/3,120,"1,000",115,115,남향,20250410,"['25년이상', '융자금적은', '역세권', '고층']",37.485473,126.937659
2519113546,일반상가,월세,B1/6,130,"2,000",155,155,북향,20250410,"['25년이상', '역세권', '지하층', '관리비20만원이하']",37.475051,126.969205
2519025708,일반상가,월세,1/5,190,"3,000",76,76,동향,20250410,"['10년이내', '역세권', '1층', '주차가능']",37.475127,126.961309
2519072397,일반상가,월세,2/5,170,"3,000",100,100,남서향,20250410,"['25년이상', '융자금없는', '역세권', '중층']",37.48483,126.936973
2519045319,일반상가,월세,1/2,80,"1,000",33,33,서향,20250410,"['25년이상', '역세권', '1층', '총2층']",37.483752,126.956285
2519079078,단지내상가,월세,2/13,60,"1,000",48,28,남향,20250410,"['25년이내', '지상층(1층제외)', '관리비20만원이하', '주차가능']",37.488926,126.957148
2518949133,복합상가,월세,2/19,600,1억,158,158,서향,20250410,"['25년이내', '역세권', '지상층(1층제외)', '주차가능']",37.479666,126.952859
2519075110,일반상가,월세,1/4,180,"2,000",33,33,서향,20250410,"['25년이내', '1층', '주차가능', '총4층']",37.488204,126.952491
2519124611,일반상가,월세,4/7,480,"5,000",214,214,남향,20250410,"['25년이내', '융자금적은', '중층', '주차가능']",37.489977,126.945182
2518928280,일반상가,월세,1/2,230,"3,000",27,21,서향,20250410,"['25년이상', '역세권', '1층', '총2층']",37.474912,126.965781
2519125832,일반상가,월세,5/7,330,"3,000",273,214,남향,20250410,"['25년이내', '융자금적은', '고층', '주차가능']",37.489977,126.945182
2519115198,일반상가,월세,1/6,95,"1,000",20,20,동향,20250410,"['10년이내', '1층', '관리비10만원이하', '주차가능']",37.479023,126.945963
2519131385,일반상가,월세,1/4,125,"3,000",42,42,남향,20250410,"['25년이상', '1층', '총4층', '남향']",37.477809,126.957811
2519133235,일반상가,월세,2/3,150,"4,000",90,90,남향,20250410,"['25년이상', '역세권', '중층', '총3층']",37.478964,126.952828
2519133658,일반상가,월세,6/10,341,"7,000",254,165,남동향,20250410,"['25년이상', '역세권', '중층', '주차가능']",37.481959,126.949357
2519135135,일반상가,월세,1/2,150,"2,000",33,33,서향,20250410,"['25년이상', '1층', '주차가능', '총2층']",37.479833,126.958104
2519143279,일반상가,월세,1/7,25,500,13,7,남향,20250410,"['25년이상', '역세권', '1층', '관리비10만원이하']",37.481415,126.943137
2519142951,일반상가,월세,1/2,80,"1,000",17,17,남서향,20250410,"['25년이상', '역세권', '1층', '총2층']",37.480156,126.942561
2519096340,일반상가,월세,6/7,600,"7,000",317,317,남동향,20250410,"['25년이상', '융자금없는', '역세권', '고층']",37.483075,126.953597
2519079597,일반상가,월세,1/2,175,"2,000",39,39,북향,20250410,"['25년이상', '1층', '총2층', '북향']",37.486038,126.939574
2519077333,일반상가,월세,6/7,450,"7,000",337,337,서향,20250410,"['25년이내', '고층', '주차가능', '서향']",37.484668,126.946389
2519113759,일반상가,월세,B1/7,252,"2,500",104,104,동향,20250410,"['15년이내', '역세권', '지하층', '관리비20만원이하']",37.479101,126.953164
2519124050,일반상가,월세,9/10,"1,450",3억,597,597,남동향,20250410,"['25년이상', '역세권', '고층', '주차가능']",37.480502,126.953746
2519114387,일반상가,월세,4/6,180,"3,000",84,84,북동향,20250410,"['25년이상', '역세권', '중층', '관리비20만원이하']",37.483449,126.953734
2519116714,일반상가,월세,2/3,300,"5,000",132,115,남동향,20250410,"['25년이상', '융자금적은', '역세권', '중층']",37.481952,126.943266
2519045975,일반상가,월세,2/2,250,"3,000",72,72,남향,20250410,"['25년이상', '고층', '총2층', '남향']",37.477994,126.95688
2519076923,일반상가,월세,B1/5,100,"1,000",50,50,북향,20250410,"['15년이내', '역세권', '지하층', '주차가능']",37.484177,126.945479
2519109997,일반상가,월세,1/2,100,"1,000",29,26,동향,20250410,"['25년이상', '1층', '총2층', '동향']",37.47713,126.958398
2519081369,일반상가,월세,1/4,346,"6,000",99,99,남향,20250410,"['25년이상', '1층', '주차가능', '총4층']",37.486584,126.935323
2519108485,일반상가,월세,1/3,100,"2,000",33,33,남향,20250410,"['25년이상', '역세권', '1층', '총3층']",37.479327,126.944583
2519082137,일반상가,매매,1/7,,4억,23,13,남향,20250410,"['25년이내', '역세권', '1층', '주차가능']",37.490034,126.927109
2518874623,일반상가,월세,1/3,200,"2,000",39,39,동향,20250410,"['25년이상', '융자금적은', '1층', '총3층']",37.478135,126.956924
2518912314,일반상가,월세,1/3,120,"2,000",101,36,북향,20250410,"['25년이상', '1층', '총3층', '북향']",37.479038,126.947071
2519070107,일반상가,월세,1/10,200,"2,000",35,35,남향,20250410,"['10년이내', '역세권', '1층', '관리비10만원이하']",37.479753,126.943303
2519075356,일반상가,월세,1/5,105,"2,000",40,40,동향,20250410,"['10년이내', '1층', '주차가능', '총5층']",37.48729,126.949013
2519036425,일반상가,월세,1/3,130,"3,000",27,25,서향,20250410,"['25년이상', '역세권', '1층', '총3층']",37.479327,126.944583
2519074988,단지내상가,월세,B1/B1,90,"2,000",40,35,북향,20250410,"['10년이내', '지하층', '관리비10만원이하', '주차가능']",37.476442,126.942506
2519049124,일반상가,월세,1/3,400,"6,000",42,42,남서향,20250410,"['25년이상', '역세권', '1층', '관리비20만원이하']",37.481731,126.953406
2519076012,일반상가,월세,1/15,418,"8,000",78,41,남향,20250410,"['25년이내', '역세권', '1층', '주차가능']",37.481761,126.951452
2519074736,일반상가,월세,3/4,120,"1,000",52,52,남향,20250410,"['25년이상', '역세권', '고층', '관리비10만원이하']",37.478002,126.961886
2519076276,일반상가,월세,1/9,190,"2,500",105,72,북향,20250410,"['10년이내', '역세권', '1층', '주차가능']",37.480374,126.948783
2518655615,일반상가,월세,B1/2,40,"1,000",46,46,동향,20250409,"['25년이상', '융자금적은', '역세권', '지하층']",37.480195,126.957658
2518658288,일반상가,월세,6/8,"1,200",2억,480,320,북향,20250409,"['2년이내', '고층', '주차가능', '엘리베이터']",37.486562,126.948463
2518708180,일반상가,월세,1/5,50,800,59,49,동향,20250409,"['25년이내', '1층', '주차가능', '총5층']",37.489171,126.941822
2518805600,일반상가,월세,1/4,145,"3,000",31,31,북향,20250409,"['25년이상', '융자금없는', '1층', '주차가능']",37.485138,126.957498
2518816746,일반상가,월세,1/3,120,"1,000",33,33,동향,20250409,"['25년이상', '융자금없는', '1층', '관리비10만원이하']",37.479126,126.946472
2518763321,일반상가,월세,B1/2,50,"1,000",33,33,남향,20250409,"['25년이상', '융자금적은', '지하층', '총2층']",37.484435,126.949144
2518746256,일반상가,월세,2/2,152,"2,000",85,85,남향,20250409,"['25년이상', '고층', '총2층', '남향']",37.47874,126.957889
2518646716,일반상가,월세,1/2,250,"2,500",54,42,남향,20250409,"['25년이상', '역세권', '1층', '총2층']",37.479084,126.956984
2518638696,일반상가,월세,2/9,200,"2,000",178,105,북동향,20250409,"['10년이내', '지상층(1층제외)', '관리비20만원이하', '주차가능']",37.486127,126.936773
2518653611,일반상가,월세,4/5,250,"3,000",150,135,서향,20250409,"['25년이상', '고층', '주차가능', '엘리베이터']",37.475671,126.952994
2518652978,일반상가,월세,1/3,72,"1,000",22,22,남서향,20250409,"['25년이상', '융자금없는', '역세권', '1층']",37.48281,126.952015
2518655378,일반상가,월세,B1/5,240,"2,000",190,190,남동향,20250409,"['25년이상', '융자금없는', '역세권', '지하층']",37.477572,126.959079
2518639262,일반상가,월세,11/14,750,1억,369,369,남서향,20250409,"['25년이내', '역세권', '고층', '주차가능']",37.480507,126.954045
2518763370,일반상가,월세,3/5,300,"5,000",165,165,북서향,20250409,"['25년이상', '융자금없는', '중층', '주차가능']",37.488502,126.946702
2518809732,복합상가,월세,1/23,600,1억,43,43,북서향,20250409,"['25년이내', '융자금적은', '역세권', '1층']",37.481054,126.952215
2518754834,일반상가,월세,B1/4,95,"1,000",93,93,북동향,20250409,"['25년이상', '역세권', '지하층', '주차가능']",37.484232,126.940343
2518769495,복합상가,월세,1/13,370,"5,000",34,34,서향,20250409,"['25년이내', '융자금적은', '역세권', '1층']",37.480289,126.95315
2518834517,일반상가,월세,B1/3,215,"2,500",81,81,서향,20250409,"['25년이상', '융자금없는', '역세권', '지하층']",37.482286,126.953756
2518835009,일반상가,월세,B1/17,300,"3,000",85,43,동향,20250409,"['10년이내', '역세권', '지하층', '주차가능']",37.479125,126.950346
2518477324,일반상가,월세,1/10,600,1억,196,172,북동향,20250409,"['25년이내', '역세권', '1층', '관리비10만원이하']",37.480634,126.950999
2518837394,일반상가,월세,1/6,200,1억,51,46,북향,20250409,"['25년이상', '융자금없는', '역세권', '1층']",37.482544,126.940592
2518833313,일반상가,월세,4/4,140,"2,000",86,86,남동향,20250409,"['25년이상', '역세권', '고층', '총4층']",37.478395,126.959537
2518837322,일반상가,월세,1/4,190,"4,000",29,29,남동향,20250409,"['25년이상', '융자금적은', '1층', '주차가능']",37.485919,126.947119
2518810247,단지내상가,월세,14/15,"1,000",2억,552,329,북향,20250409,"['25년이내', '테라스', '역세권', '고층']",37.481054,126.952215
2518818016,일반상가,월세,2/3,270,"4,000",146,146,북향,20250409,"['25년이상', '중층', '총3층', '북향']",37.479193,126.945722
2518657984,일반상가,월세,4/8,"1,200",2억,480,320,북향,20250409,"['2년이내', '중층', '주차가능', '엘리베이터']",37.486562,126.948463
2518783959,일반상가,월세,1/3,120,"1,500",30,30,남향,20250409,"['25년이상', '역세권', '1층', '관리비10만원이하']",37.483649,126.939426
2518824352,일반상가,월세,1/4,700,"7,000",180,161,남서향,20250409,"['25년이상', '역세권', '1층', '총4층']",37.477932,126.962237
2518637750,일반상가,월세,1/4,90,"1,000",113,25,남서향,20250409,"['25년이상', '1층', '급매', '총4층']",37.479884,126.958719
2518309429,일반상가,월세,1/3,270,"5,000",84,66,동향,20250408,"['2년이내', '테라스', '역세권', '1층']",37.481296,126.953894
