articleNo,articleName,tradeTypeName,floorInfo,rentPrc,dealOrWarrantPrc,area1,area2,direction,articleConfirmYmd,tagList,latitude,longitude
2524686296,일반상가,월세,B1/4,320,1억,94,76,동향,20250509,"['25년이상', '융자금적은', '지하층', '주차가능']",37.522071,127.021524
2524646896,일반상가,월세,1/6,500,"5,000",103,76,북향,20250509,"['2년이내', '융자금적은', '1층', '주차가능']",37.519639,127.025955
2524626637,일반상가,월세,3/5,180,"2,000",69,69,남동향,20250509,"['25년이상', '중층', '주차가능', '총5층']",37.522214,127.020898
2524621851,일반상가,월세,1/5,200,"3,000",26,26,서향,20250509,"['25년이상', '역세권', '1층', '주차가능']",37.523162,127.025528
2524617081,일반상가,월세,1/6,400,"5,000",55,55,남향,20250509,"['25년이내', '역세권', '1층', '주차가능']",37.527398,127.030976
2524626193,일반상가,월세,1/4,410,"5,000",132,132,남향,20250509,"['25년이상', '융자금적은', '역세권', '1층']",37.517702,127.0201
2524611247,일반상가,월세,2/3,180,"3,000",45,45,서향,20250509,"['10년이내', '역세권', '중층', '천장에어컨']",37.525646,127.036625
2524626720,일반상가,월세,4/4,167,"2,000",48,48,남향,20250509,"['25년이내', '역세권', '고층', '총4층']",37.524835,127.036994
2524654048,일반상가,월세,B1/4,400,"6,000",108,105,서향,20250509,"['25년이상', '지하층', '주차가능', '천장에어컨']",37.52201,127.021761
2524664373,일반상가,월세,1/3,"8,500",20억,1664,1664,동향,20250509,"['25년이상', '역세권', '1층', '주차가능']",37.526634,127.033035
2524661771,일반상가,월세,2/4,500,"7,000",93,82,북서향,20250509,"['25년이상', '역세권', '중층', '주차가능']",37.52483,127.025438
2524662123,일반상가,월세,3/6,"3,000",7억,664,512,동향,20250509,"['25년이상', '역세권', '중층', '주차가능']",37.523342,127.038141
2524662606,일반상가,월세,2/4,550,1억,194,194,북서향,20250509,"['25년이상', '역세권', '중층', '주차가능']",37.52483,127.025438
2524607635,일반상가,매매,1/2,,33억,74,49,동향,20250509,"['25년이상', '역세권', '1층', '총2층']",37.523474,127.03134
2524654043,일반상가,월세,1/7,900,2억,150,105,서향,20250509,"['25년이상', '역세권', '1층', '주차가능']",37.523079,127.028609
2524621906,일반상가,월세,1/4,170,"2,000",33,23,동향,20250509,"['25년이상', '역세권', '1층', '총4층']",37.51826,127.020257
2524609926,일반상가,월세,1/4,"3,500",5억,496,496,서향,20250509,"['10년이내', '테라스', '역세권', '1층']",37.525271,127.038144
2524603785,일반상가,월세,B1/6,400,"4,000",161,158,동향,20250509,"['25년이내', '융자금적은', '역세권', '지하층']",37.526628,127.035647
2524679535,일반상가,월세,1/6,"8,000",20억,664,664,남향,20250509,"['25년이상', '역세권', '1층', '주차가능']",37.523342,127.038141
2524656558,일반상가,월세,B1/5,450,"5,000",151,151,남향,20250509,"['25년이내', '역세권', '지하층', '주차가능']",37.518123,127.021088
2524678840,일반상가,월세,B1/7,"1,100",2억,363,330,동향,20250509,"['25년이상', '역세권', '지하층', '주차가능']",37.523079,127.028609
2524658743,단지내상가,월세,1/5,"1,500","1억 8,000",150,132,동향,20250509,"['25년이내', '1층', '주차가능', '총5층']",37.520814,127.022356
2524647222,일반상가,월세,B2/6,300,"4,000",129,80,북향,20250509,"['2년이내', '융자금적은', '지하층', '주차가능']",37.519639,127.025955
2524627083,일반상가,월세,1/5,"1,400","1억 9,000",191,191,서향,20250509,"['25년이상', '역세권', '1층', '총5층']",37.52046,127.019302
2524616783,일반상가,월세,2/4,270,"3,500",103,99,북향,20250509,"['25년이상', '역세권', '중층', '주차가능']",37.528036,127.032438
2524626851,일반상가,월세,B2/5,350,"4,200",132,132,동향,20250509,"['15년이내', '역세권', '지하층', '총5층']",37.523888,127.026883
2524619479,일반상가,월세,1/7,300,"3,000",33,33,북향,20250509,"['25년이내', '역세권', '1층', '주차가능']",37.52767,127.031361
2524626895,일반상가,월세,B1/6,330,"5,000",116,95,남서향,20250509,"['10년이내', '역세권', '지하층', '남서향']",37.523492,127.038006
2524626753,일반상가,월세,5/5,230,"3,000",115,115,남동향,20250509,"['25년이상', '역세권', '고층', '총5층']",37.517472,127.020677
2524626818,일반상가,월세,B1/5,400,"6,000",181,181,북서향,20250509,"['15년이내', '역세권', '지하층', '총5층']",37.52379,127.038256
2524626909,일반상가,월세,1/6,360,"5,000",46,46,남서향,20250509,"['10년이내', '역세권', '1층', '남서향']",37.523492,127.038006
2524626158,일반상가,월세,1/5,"6,000",6억,627,627,서향,20250509,"['25년이상', '융자금적은', '1층', '주차가능']",37.521469,127.022211
2524617724,일반상가,월세,1/5,350,"5,000",187,167,남향,20250509,"['25년이상', '1층', '주차가능', '총5층']",37.521094,127.028794
2524626738,일반상가,월세,B1/4,260,"2,000",115,115,남동향,20250509,"['25년이상', '역세권', '지하층', '총4층']",37.519032,127.024545
2524608545,일반상가,월세,B1/5,650,1억,144,122,서향,20250509,"['2년이내', '역세권', '지하층', '총5층']",37.525941,127.037471
2524611990,일반상가,월세,1/4,"3,000",5억,275,275,서향,20250509,"['25년이내', '융자금없는', '역세권', '1층']",37.52444,127.036931
2524607764,일반상가,월세,2/4,400,"6,000",126,108,남향,20250509,"['25년이상', '중층', '총4층', '남향']",37.52201,127.021761
2524626179,일반상가,월세,1/5,780,"8,000",56,56,동향,20250509,"['25년이상', '융자금적은', '역세권', '1층']",37.518696,127.022417
2524609959,일반상가,월세,4/5,130,"1,000",59,59,북향,20250509,"['25년이상', '역세권', '고층', '관리비10만원이하']",37.518889,127.024694
2524611600,일반상가,월세,2/6,"1,400",2억,320,201,북향,20250509,"['10년이내', '지상층(1층제외)', '주차가능', '북향']",37.52666,127.035204
2524626652,일반상가,월세,B1/6,435,1억,367,339,남향,20250509,"['25년이내', '지하층', '주차가능', '엘리베이터']",37.522248,127.029588
2524333245,일반상가,월세,B1/4,535,"6,000",147,147,남향,20250508,"['25년이내', '지하층', '주차가능', '엘리베이터']",37.524801,127.036478
2524361220,일반상가,월세,1/4,450,"7,000",244,129,남향,20250508,"['25년이상', '역세권', '1층', '주차가능']",37.525271,127.026889
2524350758,일반상가,월세,1/6,500,1억,107,107,남향,20250508,"['25년이내', '역세권', '1층', '주차가능']",37.518299,127.020961
2524354130,일반상가,월세,1/5,450,"4,500",95,95,북향,20250508,"['25년이상', '역세권', '1층', '주차가능']",37.523581,127.037581
2524333210,일반상가,월세,1/5,350,"5,000",187,160,남향,20250508,"['25년이상', '테라스', '1층', '주차가능']",37.521094,127.028794
2524354106,일반상가,월세,2/4,230,"3,000",82,76,남향,20250508,"['25년이상', '역세권', '중층', '주차가능']",37.518029,127.020862
2524378240,일반상가,월세,B1/4,893,1억,411,411,남향,20250508,"['25년이상', '지하층', '주차가능', '총4층']",37.52734,127.035255
2524407658,일반상가,월세,2/5,550,"5,000",152,132,북향,20250508,"['25년이내', '역세권', '중층', '주차가능']",37.519485,127.023692
2524388041,일반상가,월세,1/4,650,1억,116,116,북동향,20250508,"['25년이상', '1층', '총4층', '북동향']",37.522204,127.02142
2524379163,일반상가,월세,1/3,"2,800",3억,298,298,동향,20250508,"['15년이내', '1층', '주차가능', '천장에어컨']",37.521032,127.023188
2524406548,일반상가,월세,2/7,600,1억,99,99,남향,20250508,"['15년이내', '지상층(1층제외)', '주차가능', '남향']",37.523372,127.037442
2524381555,일반상가,월세,B1/5,"3,040",5억,1433,1018,동향,20250508,"['10년이내', '지하층', '주차가능', '총5층']",37.523342,127.037101
2524333297,일반상가,월세,1/6,250,"5,000",127,33,남향,20250508,"['10년이내', '융자금없는', '역세권', '1층']",37.519786,127.021498
2524316080,일반상가,월세,B1/4,55,700,102,20,동향,20250508,"['25년이상', '융자금없는', '역세권', '지하층']",37.526613,127.030612
2524423480,일반상가,매매,4/6,,21억,83,83,남동향,20250508,"['25년이내', '역세권', '중층', '주차가능']",37.524063,127.027933
2524479981,일반상가,월세,2/6,900,"1억 5,000",226,194,남향,20250508,"['25년이상', '지상층(1층제외)', '주차가능', '엘리베이터']",37.522384,127.035194
2524320634,일반상가,월세,1/5,540,1억,132,132,남향,20250508,"['25년이상', '융자금적은', '역세권', '1층']",37.526635,127.039211
2524333024,일반상가,매매,3/7,,36억,275,178,서향,20250508,"['25년이상', '역세권', '중층', '주차가능']",37.523298,127.027707
2524359786,일반상가,월세,B1/9,"4,000",4억,1929,1474,남향,20250508,"['4년이내', '역세권', '지하층', '주차가능']",37.523638,127.038892
2524374933,일반상가,월세,2/5,470,"6,500",148,148,남향,20250508,"['25년이내', '역세권', '중층', '주차가능']",37.524283,127.024292
2524387300,일반상가,월세,1/5,300,"5,000",46,46,북동향,20250508,"['25년이상', '1층', '주차가능', '천장에어컨']",37.522491,127.032103
2524326112,일반상가,월세,1/6,500,"7,000",83,69,서향,20250508,"['25년이내', '융자금없는', '1층', '주차가능']",37.521552,127.031606
2524321753,일반상가,월세,1/4,300,"5,000",62,62,남향,20250508,"['25년이상', '융자금없는', '1층', '총4층']",37.520502,127.02417
2524357150,일반상가,월세,2/4,"1,300",2억,166,166,북동향,20250508,"['25년이상', '융자금없는', '역세권', '중층']",37.528307,127.031196
2524352791,일반상가,월세,2/7,600,1억,99,82,남향,20250508,"['15년이내', '지상층(1층제외)', '주차가능', '엘리베이터']",37.523372,127.037442
2524375909,일반상가,월세,1/5,450,"5,000",97,82,동향,20250508,"['25년이내', '1층', '주차가능', '엘리베이터']",37.520599,127.019628
2524201846,일반상가,월세,1/6,"2,500",5억,403,265,남향,20250508,"['25년이내', '1층', '주차가능', '엘리베이터']",37.521636,127.028615
2524012966,일반상가,월세,4/4,180,"3,000",59,59,북동향,20250508,"['25년이상', '고층', '총4층', '북동향']",37.523341,127.021434
2524455687,일반상가,월세,4/6,440,"5,000",145,119,북서향,20250508,"['25년이상', '중층', '주차가능', '북서향']",37.522465,127.03403
2524393642,일반상가,월세,B1/5,550,"5,000",163,163,남향,20250508,"['4년이내', '역세권', '지하층', '주차가능']",37.525048,127.038564
2524312699,일반상가,월세,B1/5,450,1억,200,165,남향,20250508,"['25년이상', '역세권', '지하층', '총5층']",37.527538,127.038843
2524452520,일반상가,월세,1/5,300,"3,000",70,56,서향,20250508,"['25년이상', '역세권', '1층', '관리비10만원이하']",37.523013,127.029839
2524473482,일반상가,월세,B1/5,700,"8,000",171,171,동향,20250508,"['4년이내', '역세권', '지하층', '주차가능']",37.526951,127.03671
2524493653,일반상가,월세,1/4,"3,000",5억,429,275,동향,20250508,"['25년이내', '역세권', '1층', '주차가능']",37.52444,127.036931
2524505764,일반상가,월세,1/6,"1억 2,500",12억,1884,1520,남향,20250508,"['25년이상', '역세권', '1층', '주차가능']",37.518926,127.025405
2524547695,일반상가,월세,B1/9,"2,000",2억,970,560,남서향,20250508,"['25년이상', '역세권', '지하층', '주차가능']",37.524212,127.028762
2524301993,일반상가,월세,1/3,570,1억,112,33,동향,20250508,"['25년이내', '역세권', '1층', '총3층']",37.525022,127.036974
2524314876,일반상가,월세,1/4,410,"5,000",96,82,남서향,20250508,"['25년이상', '1층', '급매', '관리비10만원이하']",37.521552,127.020741
2522949255,일반상가,월세,1/4,850,1억,131,76,북서향,20250508,"['25년이상', '1층', '주차가능', '총4층']",37.523642,127.023019
2524303370,일반상가,월세,2/4,800,1억,180,180,북서향,20250508,"['15년이내', '중층', '주차가능', '총4층']",37.521907,127.021196
2524327360,일반상가,월세,1/5,500,"5,000",104,99,북향,20250508,"['25년이내', '1층', '주차가능', '천장에어컨']",37.522395,127.0318
2524333151,일반상가,월세,1/6,"2,050",3억,308,198,북서향,20250508,"['15년이내', '테라스', '역세권', '1층']",37.517437,127.0213
2524312108,일반상가,월세,1/5,220,"3,000",29,26,남향,20250508,"['25년이상', '1층', '관리비10만원이하', '주차가능']",37.522249,127.023723
2524325536,일반상가,월세,1/8,360,"5,000",328,39,서향,20250508,"['25년이상', '융자금없는', '역세권', '1층']",37.521997,127.028657
2524312431,일반상가,월세,1/6,80,"1,000",23,16,남향,20250508,"['25년이상', '역세권', '1층', '관리비20만원이하']",37.522786,127.027392
2524311587,일반상가,월세,5/7,460,"5,000",151,132,동향,20250508,"['25년이내', '역세권', '고층', '주차가능']",37.525291,127.027863
2524325558,일반상가,월세,1/8,360,"5,000",328,39,서향,20250508,"['25년이상', '융자금없는', '역세권', '1층']",37.522,127.028481
2524321798,일반상가,월세,2/4,400,"5,000",92,92,남향,20250508,"['25년이상', '역세권', '중층', '주차가능']",37.525733,127.027434
2524341070,일반상가,월세,1/6,550,"8,000",116,99,남서향,20250508,"['25년이내', '1층', '주차가능', '남서향']",37.521499,127.030187
2524372520,일반상가,월세,B1/4,160,"2,000",76,66,남향,20250508,"['25년이상', '지하층', '관리비20만원이하', '주차가능']",37.523642,127.023019
2524373553,일반상가,월세,1/5,"5,232",6억,678,678,북향,20250508,"['25년이내', '역세권', '1층', '주차가능']",37.52877,127.033217
2524301134,일반상가,월세,1/4,386,1억,112,26,동향,20250508,"['25년이내', '역세권', '1층', '총4층']",37.525022,127.036974
2524302881,일반상가,월세,2/3,650,"7,000",114,104,북향,20250508,"['25년이내', '중층', '주차가능', '엘리베이터']",37.523724,127.035824
2524465693,일반상가,월세,B1/4,350,"5,000",173,173,남향,20250508,"['25년이상', '역세권', '지하층', '주차가능']",37.526988,127.038672
2524463360,일반상가,월세,6/6,650,1억,161,139,서향,20250508,"['25년이내', '역세권', '고층', '주차가능']",37.519558,127.02257
2524464354,일반상가,월세,4/5,200,"2,500",89,82,북향,20250508,"['25년이상', '역세권', '고층', '주차가능']",37.52402,127.026741
2524467801,일반상가,월세,1/8,"1,300","2억 3,000",436,333,남향,20250508,"['25년이내', '1층', '주차가능', '엘리베이터']",37.52245,127.020843
2524485669,일반상가,월세,3/5,300,"3,000",67,67,남동향,20250508,"['25년이내', '중층', '관리비20만원이하', '주차가능']",37.52303,127.021363
2524480515,일반상가,월세,1/5,400,"5,000",89,72,북서향,20250508,"['25년이상', '역세권', '1층', '주차가능']",37.52402,127.026741
2524468414,일반상가,월세,1/5,440,"5,000",101,66,동향,20250508,"['25년이상', '1층', '주차가능', '천장에어컨']",37.524067,127.024156
2524463281,일반상가,월세,B1/5,480,1억,119,99,서향,20250508,"['25년이상', '역세권', '지하층', '주차가능']",37.526459,127.035805
2524471508,일반상가,월세,1/3,370,"5,000",45,45,동향,20250508,"['25년이상', '융자금없는', '역세권', '1층']",37.527239,127.04021
2524444513,일반상가,월세,2/5,400,"4,000",106,106,서향,20250508,"['25년이상', '역세권', '중층', '주차가능']",37.522866,127.031552
2524373824,일반상가,월세,1/5,"5,500",6억,1037,1037,서향,20250508,"['25년이내', '역세권', '1층', '주차가능']",37.525161,127.037819
2524368402,일반상가,월세,6/6,"1,600",2억,335,335,서향,20250508,"['25년이내', '고층', '주차가능', '엘리베이터']",37.521636,127.028615
2524355979,일반상가,월세,4/7,"1,000",1억,155,132,동향,20250508,"['25년이상', '중층', '주차가능', '동향']",37.527451,127.03463
2524367580,일반상가,월세,1/4,"1,350","1억 5,000",91,75,서향,20250508,"['10년이내', '역세권', '1층', '주차가능']",37.518449,127.022676
2524357304,일반상가,월세,2/5,650,1억,181,181,남향,20250508,"['25년이상', '역세권', '중층', '주차가능']",37.527544,127.039523
2524378024,일반상가,매매,1/7,,26억,90,65,동향,20250508,"['25년이내', '역세권', '1층', '급매']",37.52767,127.031361
2524425397,일반상가,매매,6/7,,37억,644,274,동향,20250508,"['25년이내', '역세권', '급매', '고층']",37.52767,127.031361
2524455064,일반상가,월세,1/5,700,1억,58,58,북향,20250508,"['25년이내', '역세권', '1층', '주차가능']",37.523697,127.037902
2524481133,일반상가,월세,1/6,500,"7,000",82,82,서향,20250508,"['25년이내', '융자금없는', '1층', '주차가능']",37.521552,127.031606
2524480482,일반상가,월세,1/6,850,1억,154,102,북서향,20250508,"['25년이상', '역세권', '1층', '주차가능']",37.524947,127.025642
2524472282,일반상가,월세,1/6,950,2억,82,82,남향,20250508,"['25년이내', '역세권', '1층', '주차가능']",37.525048,127.038564
2524408944,일반상가,월세,4/4,650,1억,200,189,동향,20250508,"['25년이상', '역세권', '고층', '주차가능']",37.527245,127.030595
2524380949,일반상가,월세,5/7,750,1억,258,258,남향,20250508,"['25년이상', '역세권', '고층', '주차가능']",37.523189,127.037946
2524410554,일반상가,월세,5/6,"1,000","1억 3,200",233,188,서향,20250508,"['25년이상', '고층', '주차가능', '엘리베이터']",37.521109,127.028514
2524333845,일반상가,월세,1/7,1억,15억,623,495,남서향,20250508,"['25년이내', '역세권', '1층', '주차가능']",37.518844,127.023422
2524407863,일반상가,월세,1/5,"8,300",15억,2213,2213,남향,20250508,"['10년이내', '역세권', '1층', '주차가능']",37.524618,127.030717
2524408007,일반상가,월세,1/6,315,"5,000",95,76,서향,20250508,"['25년이내', '1층', '주차가능', '서향']",37.521943,127.029921
2524369917,일반상가,월세,4/6,"1,000",4억,321,206,남동향,20250508,"['25년이상', '중층', '주차가능', '남동향']",37.528552,127.033378
2524317371,일반상가,월세,1/4,600,1억,138,138,남서향,20250508,"['25년이내', '융자금적은', '역세권', '1층']",37.524391,127.038672
2524333798,일반상가,월세,4/4,850,2억,166,166,북향,20250508,"['25년이상', '역세권', '고층', '주차가능']",37.528307,127.031196
2524554150,일반상가,월세,1/5,630,"7,000",36,33,동향,20250508,"['25년이상', '역세권', '1층', '관리비10만원이하']",37.525961,127.03687
2524391133,일반상가,월세,1/4,"1,300","1억 5,000",159,159,북서향,20250508,"['25년이내', '융자금적은', '역세권', '1층']",37.526677,127.039022
2524380206,일반상가,월세,1/6,1억,10억,2209,1884,남향,20250508,"['25년이상', '테라스', '역세권', '1층']",37.518926,127.025405
2524405931,일반상가,월세,2/4,"1,230","1억 6,400",390,151,북향,20250508,"['25년이상', '역세권', '중층', '주차가능']",37.527073,127.028998
2524510353,일반상가,월세,3/6,600,"1억 5,000",226,194,남향,20250508,"['25년이상', '중층', '주차가능', '엘리베이터']",37.522384,127.035194
2524414213,일반상가,월세,1/6,350,"8,000",80,80,서향,20250508,"['25년이내', '1층', '주차가능', '서향']",37.521895,127.032244
2524303199,일반상가,월세,4/6,"1,100",2억,425,330,서향,20250508,"['25년이상', '융자금없는', '중층', '세대당 1.5대이상']",37.521282,127.02847
2524422444,일반상가,매매,4/6,,21억,85,85,남동향,20250508,"['25년이내', '역세권', '중층', '주차가능']",37.524063,127.027933
2524580982,일반상가,월세,2/5,"3,489",4억,678,561,북향,20250508,"['25년이내', '융자금없는', '역세권', '중층']",37.52877,127.033217
2524406715,일반상가,월세,5/6,"1,000","1억 3,200",188,188,서향,20250508,"['25년이상', '융자금적은', '고층', '주차가능']",37.521109,127.028514
2524388373,일반상가,월세,1/6,220,"3,000",79,28,북향,20250508,"['25년이상', '융자금없는', '역세권', '1층']",37.522918,127.027217
2524405928,일반상가,월세,1/2,"1,500",2억,182,182,동향,20250508,"['25년이상', '1층', '주차가능', '총2층']",37.522298,127.030291
2524496377,일반상가,월세,1/6,650,1억,110,105,북향,20250508,"['25년이상', '융자금없는', '역세권', '1층']",37.524467,127.027213
2524580479,일반상가,월세,1/5,370,"3,000",93,93,남향,20250508,"['25년이상', '1층', '주차가능', '총5층']",37.519303,127.025037
2524399049,일반상가,월세,1/6,850,1억,154,132,북향,20250508,"['25년이상', '역세권', '1층', '주차가능']",37.524947,127.025642
2524404923,일반상가,월세,1/5,310,"4,000",95,85,남향,20250508,"['25년이상', '융자금적은', '역세권', '1층']",37.525842,127.028059
2524429591,일반상가,월세,B1/6,850,2억,486,363,북향,20250508,"['25년이상', '역세권', '지하층', '주차가능']",37.52502,127.027198
2524493280,일반상가,월세,B1/3,400,"7,000",133,133,동향,20250508,"['25년이내', '지하층', '주차가능', '천장에어컨']",37.525253,127.036194
2524494302,일반상가,월세,1/5,450,"8,000",104,104,남향,20250508,"['25년이내', '1층', '주차가능', '엘리베이터']",37.521564,127.030388
2524505158,일반상가,월세,4/4,900,"1억 2,000",192,158,동향,20250508,"['25년이상', '역세권', '고층', '주차가능']",37.525964,127.037662
2524501263,일반상가,월세,B1/4,220,"3,000",107,85,북동향,20250508,"['25년이상', '역세권', '지하층', '총4층']",37.522742,127.02609
2524473524,일반상가,월세,1/6,250,"5,000",20,20,남향,20250508,"['25년이내', '융자금없는', '1층', '관리비20만원이하']",37.522732,127.023203
2524481033,일반상가,월세,4/5,380,"5,000",115,115,남동향,20250508,"['25년이상', '고층', '주차가능', '총5층']",37.523967,127.024547
2524517949,일반상가,월세,1/6,"2,050",3억,309,198,북향,20250508,"['15년이내', '역세권', '1층', '주차가능']",37.517437,127.0213
2524520850,일반상가,월세,B1/5,500,1억,246,246,남향,20250508,"['15년이내', '역세권', '지하층', '주차가능']",37.52371,127.026527
2524517732,일반상가,월세,6/6,430,"6,000",127,127,동향,20250508,"['25년이상', '역세권', '고층', '주차가능']",37.517163,127.020704
2524518882,일반상가,월세,B1/6,430,"4,000",161,148,남동향,20250508,"['25년이내', '역세권', '지하층', '주차가능']",37.526628,127.035647
2524534982,일반상가,월세,1/6,"2,500",5억,328,264,서향,20250508,"['25년이내', '1층', '주차가능', '서향']",37.521636,127.028615
2524508776,일반상가,월세,1/5,730,"1억 5,000",108,108,북서향,20250508,"['25년이상', '역세권', '1층', '주차가능']",37.527317,127.038788
2524492666,일반상가,월세,1/3,310,"5,000",43,43,북동향,20250508,"['25년이상', '역세권', '1층', '주차가능']",37.526473,127.03624
2524502562,일반상가,월세,3/6,225,"3,000",105,105,남향,20250508,"['25년이내', '중층', '관리비20만원이하', '주차가능']",37.522506,127.021475
2524497427,일반상가,월세,1/6,500,"7,000",83,54,서향,20250508,"['25년이내', '1층', '주차가능', '엘리베이터']",37.521552,127.031606
2524551061,복합상가,월세,2/6,500,"5,000",139,107,동향,20250508,"['25년이상', '지상층(1층제외)', '주차가능', '엘리베이터']",37.520701,127.022778
2524560349,일반상가,월세,4/5,150,"2,000",119,82,동향,20250508,"['25년이상', '고층', '관리비10만원이하', '주차가능']",37.521961,127.026123
2524541851,일반상가,월세,B1/5,350,"4,000",161,161,동향,20250508,"['25년이내', '지하층', '엘리베이터', '총5층']",37.5269,127.03615
2524527017,일반상가,월세,B1/6,430,"4,000",161,161,동향,20250508,"['25년이내', '역세권', '지하층', '주차가능']",37.526628,127.035647
2524509560,일반상가,월세,1/6,900,"1억 7,000",99,99,동향,20250508,"['25년이내', '융자금없는', '역세권', '1층']",37.525048,127.038564
2524509504,일반상가,월세,1/6,"1,400",1억,105,105,남향,20250508,"['25년이상', '1층', '주차가능', '남향']",37.523869,127.022966
2524519609,일반상가,월세,B1/4,500,"6,000",168,150,북향,20250508,"['25년이상', '지하층', '주차가능', '총4층']",37.519867,127.023624
2524526649,일반상가,월세,1/6,620,"1억 6,000",147,83,남서향,20250508,"['25년이내', '역세권', '1층', '남서향']",37.519792,127.020532
2524553472,일반상가,월세,5/5,"2,500",3억,600,600,동향,20250508,"['2년이내', '테라스', '고층', '주차가능']",37.520845,127.023765
2524598388,일반상가,월세,B1/3,300,"3,000",165,82,남향,20250508,"['25년이상', '역세권', '지하층', '주차가능']",37.519203,127.021902
2524584370,일반상가,월세,1/2,550,1억,43,43,동향,20250508,"['25년이상', '역세권', '1층', '총2층']",37.526878,127.037691
2524553527,일반상가,월세,2/4,600,1억,153,135,서향,20250508,"['25년이상', '중층', '총4층', '화재경보기']",37.527541,127.03533
2524541190,일반상가,월세,1/4,450,"8,000",81,66,남향,20250508,"['10년이내', '역세권', '1층', '주차가능']",37.518969,127.024361
2524526655,일반상가,월세,2/3,170,"3,000",75,62,남향,20250508,"['25년이상', '중층', '주차가능', '총3층']",37.524114,127.023454
2524509018,일반상가,월세,1/5,510,1억,83,83,서향,20250508,"['2년이내', '역세권', '1층', '주차가능']",37.5194,127.021462
2524515801,일반상가,월세,3/5,400,1억,140,140,북동향,20250508,"['25년이상', '역세권', '중층', '총5층']",37.525779,127.032363
2524492719,일반상가,월세,1/4,800,"1억 3,000",119,86,북동향,20250508,"['25년이상', '1층', '주차가능', '총4층']",37.52408,127.022904
2524503914,일반상가,월세,2/4,"2,800",3억,433,337,동향,20250508,"['25년이상', '테라스', '역세권', '중층']",37.525964,127.037662
2524522264,일반상가,월세,B1/3,700,"9,000",132,132,서향,20250508,"['10년이내', '융자금없는', '지하층', '주차가능']",37.520254,127.025351
2524517410,일반상가,월세,1/5,260,"5,000",41,41,북향,20250508,"['25년이상', '역세권', '1층', '관리비10만원이하']",37.527223,127.039215
2524540471,일반상가,월세,2/6,"1,600",3억,363,297,서향,20250508,"['25년이내', '지상층(1층제외)', '주차가능', '서향']",37.521636,127.028615
2524545273,일반상가,월세,4/6,475,"5,500",105,105,서향,20250508,"['2년이내', '역세권', '중층', '주차가능']",37.52415,127.032286
2524551842,일반상가,월세,1/4,250,"3,000",30,30,북향,20250508,"['25년이상', '역세권', '1층', '주차가능']",37.528665,127.032573
2524563482,일반상가,월세,5/5,180,"2,000",115,115,북향,20250508,"['25년이상', '역세권', '고층', '총5층']",37.527223,127.039215
2524563126,일반상가,월세,1/8,360,"5,000",59,38,서향,20250508,"['25년이상', '역세권', '1층', '주차가능']",37.522,127.028481
2524597022,일반상가,월세,3/4,110,"1,300",36,36,북향,20250508,"['25년이상', '역세권', '고층', '관리비20만원이하']",37.527877,127.031907
2524580589,일반상가,월세,B1/2,"1,600","2억 4,000",206,206,남동향,20250508,"['25년이상', '역세권', '지하층', '총2층']",37.51864,127.022312
2524520718,일반상가,월세,B1/5,380,"5,000",233,233,남향,20250508,"['25년이내', '지하층', '주차가능', '총5층']",37.521658,127.0288
2524524150,일반상가,매매,4/5,,45억,327,158,북동향,20250508,"['25년이내', '역세권', '급매', '고층']",37.52786,127.03626
2524508841,일반상가,월세,1/3,"8,000",17억,551,471,동향,20250508,"['25년이내', '융자금없는', '역세권', '1층']",37.518702,127.023007
2524486266,일반상가,월세,1/5,"1,100","1억 5,000",118,83,서향,20250508,"['25년이상', '역세권', '1층', '주차가능']",37.526459,127.035805
2524545450,일반상가,월세,1/5,700,1억,116,115,동향,20250508,"['25년이상', '역세권', '1층', '주차가능']",37.527018,127.039349
2524561522,일반상가,월세,B1/4,892,1억,411,400,남서향,20250508,"['25년이상', '지하층', '총4층', '남서향']",37.52734,127.035255
2524483056,일반상가,월세,1/7,350,"3,000",60,33,남향,20250508,"['25년이상', '역세권', '1층', '관리비20만원이하']",37.523143,127.027447
2524464859,일반상가,월세,B1/5,250,"4,000",144,138,북향,20250508,"['25년이상', '역세권', '지하층', '주차가능']",37.52402,127.026741
2524473224,일반상가,월세,1/5,400,"4,000",42,42,북향,20250508,"['25년이상', '역세권', '1층', '급매']",37.527538,127.038843
2524472838,일반상가,월세,1/5,320,"4,000",66,66,동향,20250508,"['25년이상', '역세권', '1층', '급매']",37.525313,127.038755
2524524000,일반상가,월세,2/2,600,1억,216,216,동향,20250508,"['25년이상', '융자금없는', '테라스', '역세권']",37.526112,127.037302
2524518108,일반상가,월세,1/2,"1,600","2억 4,000",206,206,남동향,20250508,"['25년이상', '역세권', '1층', '총2층']",37.51864,127.022312
2524519340,일반상가,월세,5/7,800,"7,000",218,218,북향,20250508,"['25년이내', '역세권', '고층', '주차가능']",37.519258,127.020017
2524519468,일반상가,월세,1/5,420,"5,000",59,50,북서향,20250508,"['25년이내', '1층', '주차가능', '총5층']",37.521944,127.02087
2524523147,일반상가,월세,B1/5,350,"5,000",188,170,북향,20250508,"['25년이상', '지하층', '주차가능', '엘리베이터']",37.522495,127.031193
2524520864,일반상가,월세,6/6,"1,600","2억 5,000",335,297,남향,20250508,"['25년이내', '고층', '주차가능', '엘리베이터']",37.521636,127.028615
2524518991,일반상가,월세,8/8,"1,440","1억 4,040",259,239,서향,20250508,"['25년이상', '고층', '주차가능', '서향']",37.528585,127.03432
2524516337,일반상가,월세,2/5,400,1억,140,140,북동향,20250508,"['25년이상', '역세권', '중층', '총5층']",37.525779,127.032363
2524494377,일반상가,월세,2/8,400,"4,000",114,85,동향,20250508,"['25년이내', '융자금없는', '역세권', '지상층(1층제외)']",37.517959,127.02132
2524523654,일반상가,월세,1/6,"1,000","2억 5,000",169,148,서향,20250508,"['25년이내', '1층', '주차가능', '엘리베이터']",37.521784,127.031151
2524524466,일반상가,월세,1/7,500,1억,132,100,북향,20250508,"['25년이내', '역세권', '1층', '주차가능']",37.523755,127.030733
2524318157,일반상가,월세,1/5,500,"7,500",56,43,북향,20250508,"['25년이내', '역세권', '1층', '관리비20만원이하']",37.525599,127.037508
2524310180,일반상가,월세,B1/4,150,"2,000",49,43,북향,20250508,"['25년이상', '역세권', '지하층', '관리비10만원이하']",37.525211,127.037595
2524310318,일반상가,월세,3/4,110,"2,000",52,52,북향,20250508,"['25년이상', '역세권', '고층', '관리비10만원이하']",37.525211,127.037595
2524406643,일반상가,월세,1/5,300,"5,000",49,42,남향,20250508,"['25년이상', '1층', '주차가능', '총5층']",37.522491,127.032103
2524476240,일반상가,월세,1/4,"4,000",6억,433,433,동향,20250508,"['25년이상', '역세권', '1층', '엘리베이터']",37.525742,127.02819
2524358385,일반상가,월세,2/4,"1,800",3억,250,250,남향,20250508,"['25년이내', '역세권', '중층', '주차가능']",37.52444,127.036931
2524333533,일반상가,월세,1/4,400,"6,500",230,60,북향,20250508,"['25년이상', '융자금없는', '1층', '관리비20만원이하']",37.524168,127.023019
2524387040,일반상가,월세,B1/3,400,1억,112,99,동향,20250508,"['25년이상', '융자금없는', '지하층', '관리비20만원이하']",37.521259,127.023238
2524467831,일반상가,월세,1/5,180,"1,500",23,13,서향,20250508,"['25년이내', '역세권', '1층', '총5층']",37.52349,127.031227
2524610815,일반상가,월세,1/6,315,"5,000",284,76,북향,20250508,"['25년이내', '1층', '주차가능', '북향']",37.521943,127.029921
2524461462,일반상가,월세,1/5,300,"5,000",194,66,남향,20250508,"['25년이내', '1층', '주차가능', '총5층']",37.52114,127.020836
2524521759,일반상가,월세,1/3,400,"5,000",77,77,동향,20250508,"['25년이내', '역세권', '1층', '관리비10만원이하']",37.525596,127.036451
2523892456,일반상가,월세,1/5,"1,500",2억,181,181,서향,20250507,"['4년이내', '역세권', '1층', '주차가능']",37.528288,127.036945
2523893405,일반상가,월세,1/5,"6,000",6억,595,595,서향,20250507,"['25년이상', '1층', '주차가능', '총5층']",37.521469,127.022211
2523893128,일반상가,월세,1/5,650,"1억 2,000",126,99,남향,20250507,"['25년이내', '1층', '주차가능', '총5층']",37.522445,127.021357
2523886537,일반상가,월세,1/5,413,"6,000",54,54,남향,20250507,"['25년이상', '1층', '주차가능', '총5층']",37.523209,127.021643
2523875806,일반상가,월세,1/3,310,"5,000",43,30,남향,20250507,"['25년이상', '역세권', '1층', '총3층']",37.526473,127.03624
2523878105,일반상가,월세,3/4,250,"4,000",79,71,서향,20250507,"['25년이상', '역세권', '고층', '주차가능']",37.526502,127.037879
2524321106,일반상가,월세,1/5,260,"3,000",68,42,동향,20250507,"['25년이상', '1층', '주차가능', '총5층']",37.520782,127.027078
2524253214,일반상가,월세,2/5,700,"1억 1,000",115,99,서향,20250507,"['2년이내', '역세권', '중층', '엘리베이터']",37.525941,127.037471
2524204206,일반상가,월세,1/4,290,"3,500",28,26,남서향,20250507,"['25년이상', '1층', '주차가능', '총4층']",37.524016,127.024843
2524150905,일반상가,월세,6/7,500,"5,000",179,125,남향,20250507,"['25년이상', '역세권', '고층', '주차가능']",37.523143,127.027447
2524090165,일반상가,월세,2/5,550,"7,000",119,99,동향,20250507,"['4년이내', '역세권', '중층', '주차가능']",37.525789,127.038703
2524108421,일반상가,월세,1/4,450,"5,000",126,126,서향,20250507,"['25년이내', '역세권', '1층', '관리비10만원이하']",37.523069,127.029228
2524158456,일반상가,월세,3/8,530,1억,225,142,북향,20250507,"['25년이상', '역세권', '중층', '주차가능']",37.526335,127.029563
2524169365,단지내상가,월세,4/5,"1,500",2억,297,205,남향,20250507,"['25년이상', '역세권', '고층', '주차가능']",37.527538,127.038843
2524103491,일반상가,월세,1/6,400,"5,000",89,54,서향,20250507,"['25년이내', '역세권', '1층', '주차가능']",37.527398,127.030976
2524145066,일반상가,월세,7/8,"1,700",2억,343,297,서향,20250507,"['25년이내', '테라스', '역세권', '고층']",37.522441,127.028566
2524128697,일반상가,월세,1/7,900,2억,181,105,서향,20250507,"['25년이상', '역세권', '1층', '주차가능']",37.523079,127.028609
2524144565,일반상가,월세,3/5,300,"5,000",93,93,남동향,20250507,"['10년이내', '중층', '주차가능', '엘리베이터']",37.521737,127.024951
2524124504,일반상가,월세,2/4,400,"7,000",102,102,남향,20250507,"['10년이내', '중층', '관리비20만원이하', '천장에어컨']",37.523144,127.032547
2524128410,일반상가,월세,1/5,300,"5,000",46,40,북향,20250507,"['25년이상', '융자금적은', '1층', '관리비10만원이하']",37.522491,127.032103
2524100627,일반상가,월세,5/6,400,"9,000",97,97,북향,20250507,"['25년이내', '역세권', '고층', '주차가능']",37.52767,127.031361
2524078124,일반상가,월세,B1/4,"1,500",2억,326,277,북향,20250507,"['25년이내', '융자금없는', '지하층', '주차가능']",37.523788,127.035989
2524066303,일반상가,월세,2/5,370,"5,000",132,132,북동향,20250507,"['25년이상', '역세권', '중층', '관리비20만원이하']",37.519294,127.020526
2524077754,일반상가,월세,2/5,525,"5,000",155,148,북향,20250507,"['25년이상', '역세권', '중층', '주차가능']",37.518029,127.02277
2524093941,일반상가,월세,3/3,360,"5,000",135,125,서향,20250507,"['25년이상', '역세권', '고층', '총3층']",37.52625,127.039354
2524100111,일반상가,월세,1/5,200,"2,100",19,19,남동향,20250507,"['25년이상', '융자금없는', '역세권', '1층']",37.52002,127.020363
2524131370,일반상가,월세,1/5,220,"5,000",29,23,동향,20250507,"['25년이상', '1층', '주차가능', '총5층']",37.521834,127.023619
2524143941,일반상가,월세,B1/4,500,1억,171,171,북향,20250507,"['25년이상', '지하층', '총4층', '북향']",37.522682,127.032715
2524144485,일반상가,월세,1/3,"2,800",3억,298,271,동향,20250507,"['15년이내', '1층', '주차가능', '총3층']",37.521032,127.023188
2524125133,일반상가,월세,1/5,600,1억,93,92,북향,20250507,"['25년이상', '융자금적은', '1층', '관리비20만원이하']",37.522491,127.032103
2524062049,단지내상가,월세,1/5,300,"3,000",85,75,북향,20250507,"['25년이상', '융자금적은', '역세권', '1층']",37.524005,127.027084
2524096275,일반상가,월세,1/5,180,"1,500",18,18,남향,20250507,"['25년이내', '역세권', '1층', '총5층']",37.52349,127.031227
2524224080,일반상가,월세,6/6,"2,100",3억,617,537,북향,20250507,"['25년이상', '융자금없는', '역세권', '고층']",37.528498,127.036434
2524040709,일반상가,월세,4/5,"1,200",1억,205,205,남향,20250507,"['10년이내', '역세권', '고층', '주차가능']",37.527538,127.038843
2524039764,일반상가,월세,1/6,240,"5,000",36,36,북동향,20250507,"['25년이상', '역세권', '1층', '북동향']",37.524497,127.026502
2524039821,일반상가,월세,1/17,200,"2,000",70,48,남동향,20250507,"['25년이상', '역세권', '1층', '주차가능']",37.526977,127.037251
2524012287,일반상가,월세,4/4,150,"3,000",46,46,북동향,20250507,"['25년이상', '고층', '총4층', '북동향']",37.523341,127.021434
2523973534,일반상가,매매,1/7,,26억,157,65,북동향,20250507,"['25년이내', '역세권', '1층', '주차가능']",37.52767,127.031361
2523945073,일반상가,월세,4/6,"1,500","3억 5,000",332,285,남향,20250507,"['25년이상', '역세권', '중층', '주차가능']",37.523342,127.038141
2524095839,일반상가,월세,1/5,"1,500","2억 5,000",153,132,남향,20250507,"['25년이내', '역세권', '1층', '급매']",37.526752,127.036098
2524068624,단지내상가,월세,1/5,441,"4,000",85,85,동향,20250507,"['25년이내', '융자금없는', '역세권', '1층']",37.518777,127.020695
2524086070,일반상가,월세,4/5,100,"1,500",62,44,동향,20250507,"['25년이상', '역세권', '고층', '주차가능']",37.522393,127.027949
2524062426,일반상가,월세,1/7,550,1억,158,157,동향,20250507,"['25년이상', '역세권', '1층', '관리비20만원이하']",37.523143,127.027447
2524077256,일반상가,월세,1/5,800,1억,97,97,남향,20250507,"['10년이내', '역세권', '1층', '주차가능']",37.518756,127.021346
2524096877,일반상가,월세,3/5,390,"5,000",132,92,남동향,20250507,"['25년이내', '중층', '주차가능', '총5층']",37.521712,127.023652
2523982807,일반상가,월세,1/4,"1,200","1억 5,000",140,130,북향,20250507,"['25년이상', '역세권', '1층', '총4층']",37.528561,127.036721
2523985266,일반상가,월세,4/4,190,"4,000",143,143,남향,20250507,"['25년이상', '역세권', '고층', '주차가능']",37.52736,127.038548
2523986415,일반상가,월세,1/4,780,1억,171,133,남향,20250507,"['25년이상', '역세권', '1층', '주차가능']",37.526632,127.030125
2523946323,일반상가,월세,B1/5,"1,100","1억 5,000",561,400,북서향,20250507,"['25년이상', '역세권', '지하층', '주차가능']",37.525439,127.026705
2523948145,일반상가,월세,2/4,600,"8,000",103,103,서향,20250507,"['10년이내', '역세권', '중층', '주차가능']",37.518449,127.022676
2523964860,일반상가,월세,1/3,780,"8,000",56,56,동향,20250507,"['25년이상', '융자금없는', '역세권', '1층']",37.518696,127.022417
2523947269,일반상가,월세,3/3,400,"6,000",220,182,북향,20250507,"['25년이상', '고층', '주차가능', '총3층']",37.522925,127.020598
2523948128,일반상가,월세,7/7,400,"4,000",99,99,북향,20250507,"['25년이내', '고층', '주차가능', '북향']",37.519876,127.02667
2524274910,일반상가,월세,1/6,350,"5,000",59,45,남향,20250507,"['2년이내', '1층', '주차가능', '남향']",37.527376,127.034795
2523937622,일반상가,월세,1/2,600,"5,000",138,138,남향,20250507,"['25년이상', '역세권', '1층', '주차가능']",37.519243,127.021177
2523894488,일반상가,월세,B1/6,600,"8,000",265,231,동향,20250507,"['25년이내', '역세권', '지하층', '주차가능']",37.525092,127.039454
2524014311,일반상가,월세,3/4,480,"5,000",144,144,남향,20250507,"['25년이상', '역세권', '고층', '주차가능']",37.518585,127.023457
2523893371,일반상가,월세,B1/4,535,"6,000",145,145,남향,20250507,"['10년이내', '지하층', '주차가능', '총4층']",37.524801,127.036478
2523939124,일반상가,월세,4/4,280,"5,000",78,78,북향,20250507,"['25년이상', '역세권', '고층', '총4층']",37.526285,127.037056
2523892999,일반상가,월세,1/6,420,"5,000",59,50,북향,20250507,"['25년이내', '1층', '주차가능', '북향']",37.521944,127.02087
2523886368,일반상가,월세,B1/5,300,"5,000",170,170,서향,20250507,"['25년이내', '역세권', '지하층', '주차가능']",37.52376,127.038484
2524012145,일반상가,월세,2/4,600,1억,184,158,북동향,20250507,"['25년이상', '중층', '총4층', '북동향']",37.523341,127.021434
2524277420,일반상가,월세,1/5,230,"5,000",105,49,남향,20250507,"['25년이상', '융자금적은', '1층', '관리비10만원이하']",37.521932,127.026687
2524290067,일반상가,월세,2/6,850,"1억 5,000",256,228,남향,20250507,"['25년이상', '역세권', '지상층(1층제외)', '주차가능']",37.524242,127.02699
2524276710,일반상가,월세,B1/3,350,"5,000",131,130,북향,20250507,"['15년이내', '마당', '역세권', '지하층']",37.525588,127.030482
2524285033,일반상가,월세,4/5,400,"5,000",104,82,남향,20250507,"['25년이상', '역세권', '고층', '관리비10만원이하']",37.523616,127.027225
2524306131,일반상가,월세,3/4,230,"3,000",75,75,북서향,20250507,"['25년이상', '고층', '주차가능', '총4층']",37.524016,127.024843
2524276387,일반상가,월세,1/5,300,"5,000",105,62,북서향,20250507,"['25년이내', '1층', '주차가능', '엘리베이터']",37.52114,127.020836
2523875462,일반상가,월세,1/3,"8,500",20억,1660,1660,동향,20250507,"['25년이상', '역세권', '1층', '주차가능']",37.526634,127.033035
2523839229,일반상가,월세,1/3,"2,400",4억,264,231,남향,20250507,"['25년이상', '1층', '총3층', '남향']",37.522187,127.034693
2523862087,일반상가,월세,1/4,"3,500",5억,395,395,서향,20250507,"['25년이내', '융자금적은', '테라스', '1층']",37.523983,127.036844
2523782702,일반상가,월세,5/5,400,"7,000",134,115,북향,20250507,"['25년이상', '역세권', '고층', '주차가능']",37.517788,127.022126
2523877826,일반상가,월세,1/6,900,"1억 7,000",464,82,남향,20250507,"['25년이내', '역세권', '1층', '주차가능']",37.525048,127.038564
2523876605,일반상가,월세,2/3,"1,050","1억 4,000",213,198,북향,20250507,"['25년이내', '역세권', '중층', '주차가능']",37.525813,127.03639
2523941819,일반상가,매매,3/4,,"19억 9,000",150,150,남향,20250507,"['25년이상', '역세권', '고층', '주차가능']",37.524903,127.039306
2523989792,일반상가,월세,1/6,"1,000","1억 5,000",396,280,남향,20250507,"['25년이내', '1층', '주차가능', '남향']",37.521418,127.029817
2524001010,일반상가,월세,1/5,"7,000","1억 5,000",89,89,남동향,20250507,"['25년이상', '역세권', '1층', '주차가능']",37.518,127.023185
2523985468,일반상가,매매,1/3,,12억,25,25,북향,20250507,"['25년이상', '역세권', '1층', '관리비10만원이하']",37.527749,127.038625
2523919428,일반상가,월세,1/6,600,"5,000",121,90,북향,20250507,"['25년이상', '융자금적은', '역세권', '1층']",37.524488,127.026708
2523893268,일반상가,월세,1/4,"3,000",3억,154,154,서향,20250507,"['25년이상', '1층', '총4층', '서향']",37.52359,127.022299
2523887137,일반상가,월세,1/2,300,"3,000",26,26,서향,20250507,"['25년이상', '역세권', '1층', '주차가능']",37.518094,127.021612
2523907940,복합상가,월세,B1/15,"4,815","6억 2,572",2178,826,동향,20250507,"['4년이내', '융자금없는', '역세권', '지하층']",37.519963,127.019007
2524280780,일반상가,월세,1/7,550,"9,000",187,66,북향,20250507,"['25년이상', '1층', '주차가능', '엘리베이터']",37.522943,127.021659
2524287922,일반상가,월세,2/3,500,"7,000",140,140,북동향,20250507,"['25년이상', '역세권', '중층', '주차가능']",37.524861,127.024865
2524267842,일반상가,월세,1/6,483,"4,000",117,99,북향,20250507,"['25년이상', '1층', '주차가능', '북향']",37.521725,127.031711
2524264570,일반상가,월세,1/6,260,"5,000",3098,30,북서향,20250507,"['25년이상', '역세권', '1층', '주차가능']",37.525439,127.026705
2524252371,일반상가,월세,B1/4,270,"5,000",106,99,남동향,20250507,"['10년이내', '역세권', '지하층', '관리비20만원이하']",37.518969,127.024361
2524244764,일반상가,월세,2/4,600,"5,000",137,137,남향,20250507,"['25년이상', '중층', '주차가능', '총4층']",37.520502,127.02417
2524263835,일반상가,월세,1/6,550,1억,109,109,남향,20250507,"['25년이상', '역세권', '1층', '주차가능']",37.524242,127.02699
2524274000,일반상가,월세,B1/6,550,"5,000",239,231,동향,20250507,"['25년이내', '역세권', '지하층', '주차가능']",37.526561,127.038727
2524279554,일반상가,월세,4/5,300,"3,000",74,74,서향,20250507,"['25년이내', '고층', '주차가능', '엘리베이터']",37.523067,127.025602
2524294224,일반상가,월세,2/5,480,"6,500",157,142,서향,20250507,"['25년이내', '중층', '주차가능', '엘리베이터']",37.521406,127.026577
2524291729,일반상가,월세,1/5,"4,000",5억,435,335,남향,20250507,"['10년이내', '1층', '주차가능', '총5층']",37.523342,127.037101
2524295508,일반상가,월세,2/7,130,"1,500",30,22,북향,20250507,"['25년이내', '지상층(1층제외)', '관리비20만원이하', '엘리베이터']",37.521503,127.027048
2524284786,일반상가,월세,2/5,450,"5,000",104,82,남향,20250507,"['25년이상', '역세권', '중층', '관리비10만원이하']",37.523616,127.027225
2524293788,일반상가,월세,1/2,"2,690","6억 5,000",357,357,동향,20250507,"['25년이상', '융자금없는', '1층', '주차가능']",37.521666,127.023363
2524241430,일반상가,월세,B1/5,420,"7,000",129,129,남향,20250507,"['10년이내', '역세권', '지하층', '주차가능']",37.52578,127.037596
2524211659,일반상가,월세,1/6,500,"7,000",89,82,남서향,20250507,"['25년이내', '테라스', '1층', '주차가능']",37.521552,127.031606
2524230344,일반상가,월세,2/7,"1,130","1억 3,600",323,239,서향,20250507,"['25년이내', '지상층(1층제외)', '주차가능', '서향']",37.521503,127.027048
2524232869,일반상가,월세,1/2,200,"3,000",39,36,서향,20250507,"['25년이상', '역세권', '1층', '천장에어컨']",37.525152,127.038928
2524219522,일반상가,월세,1/4,280,"5,000",52,52,북향,20250507,"['25년이상', '역세권', '1층', '관리비20만원이하']",37.528686,127.032818
2524223919,일반상가,월세,B1/5,250,"3,000",130,118,남향,20250507,"['25년이내', '테라스', '역세권', '지하층']",37.518898,127.021788
2524283258,일반상가,월세,1/5,450,"7,000",96,66,남동향,20250507,"['25년이상', '역세권', '1층', '관리비10만원이하']",37.523616,127.027225
2524299610,일반상가,월세,B1/4,360,"4,000",125,125,북향,20250507,"['25년이상', '지하층', '주차가능', '엘리베이터']",37.520408,127.023888
2524294988,일반상가,월세,3/4,480,"5,000",144,142,남서향,20250507,"['25년이상', '역세권', '고층', '주차가능']",37.518585,127.023457
2524291888,일반상가,월세,2/5,200,"3,000",138,49,남서향,20250507,"['25년이상', '중층', '주차가능', '천장에어컨']",37.522491,127.032103
2524250810,일반상가,월세,1/6,300,"6,000",60,40,남향,20250507,"['25년이상', '역세권', '1층', '주차가능']",37.525439,127.026705
2524246694,일반상가,월세,1/4,500,"7,000",205,82,북향,20250507,"['25년이상', '역세권', '1층', '주차가능']",37.526155,127.028006
2524269704,일반상가,월세,1/9,395,"4,000",90,66,동향,20250507,"['25년이상', '역세권', '1층', '동향']",37.518777,127.020695
2524244024,일반상가,월세,5/5,300,"5,000",76,76,북향,20250507,"['25년이내', '고층', '주차가능', '엘리베이터']",37.526981,127.035801
2524273788,일반상가,월세,5/5,400,1억,156,142,서향,20250507,"['25년이상', '융자금적은', '고층', '주차가능']",37.520943,127.027855
2524228336,일반상가,월세,4/5,55,"5,000",49,49,동향,20250507,"['25년이상', '고층', '관리비10만원이하', '총5층']",37.520958,127.028546
2524210760,일반상가,월세,1/5,"1,000",1억,238,178,동향,20250507,"['25년이상', '역세권', '1층', '주차가능']",37.528478,127.035429
2524198979,일반상가,월세,5/6,"2,100",3억,617,562,북향,20250507,"['25년이상', '역세권', '고층', '주차가능']",37.528498,127.036434
2524198916,일반상가,월세,1/4,"1,200","1억 5,000",145,145,남향,20250507,"['25년이상', '역세권', '1층', '총4층']",37.528561,127.036721
2524201952,일반상가,월세,1/4,"4,300",5억,423,254,북향,20250507,"['25년이상', '역세권', '1층', '주차가능']",37.527073,127.028998
2524198256,일반상가,월세,B1/2,455,"5,000",324,289,북향,20250507,"['25년이상', '역세권', '지하층', '총2층']",37.528209,127.037838
2524252895,일반상가,월세,1/6,700,"7,000",66,59,서향,20250507,"['25년이상', '1층', '주차가능', '서향']",37.523869,127.022966
2524267678,일반상가,월세,1/5,"3,400","4억 4,000",788,788,동향,20250507,"['25년이상', '1층', '주차가능', '천장에어컨']",37.522234,127.025915
2524272764,일반상가,월세,1/4,450,"7,000",129,114,남향,20250507,"['25년이상', '역세권', '1층', '주차가능']",37.525271,127.026889
2524267276,일반상가,월세,1/3,150,"3,000",82,21,서향,20250507,"['25년이상', '1층', '관리비10만원이하', '천장에어컨']",37.520029,127.025311
2524258510,일반상가,월세,1/5,730,"1억 5,000",108,101,북향,20250507,"['25년이상', '역세권', '1층', '주차가능']",37.527317,127.038788
2524252498,일반상가,월세,B1/6,"1,100","1억 5,000",450,360,남향,20250507,"['25년이상', '역세권', '지하층', '주차가능']",37.525439,127.026705
2524238691,일반상가,월세,3/3,250,"3,000",90,90,북동향,20250507,"['25년이상', '융자금없는', '고층', '관리비10만원이하']",37.520909,127.023557
2524191057,일반상가,월세,B1/15,"5,000","4억 6,600",3857,460,남향,20250507,"['4년이내', '역세권', '지하층', '주차가능']",37.519462,127.019142
2524195860,일반상가,월세,B1/3,350,"5,000",197,160,서향,20250507,"['25년이상', '역세권', '지하층', '관리비10만원이하']",37.527441,127.039273
2524191213,일반상가,월세,B1/15,"4,820","6억 2,600",3857,825,남향,20250507,"['4년이내', '융자금없는', '역세권', '지하층']",37.519462,127.019142
2524198170,일반상가,월세,2/5,600,"7,000",109,99,남서향,20250507,"['4년이내', '역세권', '중층', '관리비10만원이하']",37.528288,127.036945
2524197379,일반상가,월세,1/5,900,"1억 2,000",95,82,서향,20250507,"['4년이내', '역세권', '1층', '총5층']",37.528288,127.036945
2524202706,일반상가,월세,B1/4,"3,240",4억,753,456,북향,20250507,"['25년이상', '역세권', '지하층', '주차가능']",37.527073,127.028998
2524209812,일반상가,월세,3/4,500,1억,128,128,북향,20250507,"['15년이내', '고층', '엘리베이터', '천장에어컨']",37.521397,127.023181
2524209390,일반상가,매매,1/3,,9억,16,15,북향,20250507,"['25년이상', '역세권', '1층', '관리비10만원이하']",37.528065,127.031041
2524209327,일반상가,월세,B1/7,950,"1억 5,000",277,277,북서향,20250507,"['25년이내', '역세권', '지하층', '주차가능']",37.524935,127.038319
2524243708,일반상가,월세,B1/4,700,2억,246,246,서향,20250507,"['25년이상', '지하층', '주차가능', '총4층']",37.52309,127.022775
2524231541,일반상가,월세,2/4,240,"4,000",82,76,북향,20250507,"['25년이상', '융자금없는', '역세권', '중층']",37.517817,127.022319
2524203003,일반상가,월세,2/4,"1,230","1억 6,400",469,195,북향,20250507,"['25년이상', '역세권', '중층', '주차가능']",37.527073,127.028998
2524229580,일반상가,월세,4/6,"1,000",2억,363,330,서향,20250507,"['25년이상', '융자금없는', '중층', '주차가능']",37.521282,127.02847
2524230683,일반상가,월세,1/3,600,1억,115,115,남향,20250507,"['25년이상', '역세권', '1층', '급매']",37.518672,127.021858
2524208771,일반상가,월세,B1/4,110,"1,000",51,51,동향,20250507,"['25년이내', '역세권', '지하층', '관리비20만원이하']",37.525729,127.030493
2524168142,일반상가,월세,B1/9,"2,000",2억,973,661,서향,20250507,"['25년이상', '역세권', '지하층', '주차가능']",37.523924,127.028773
2524173001,일반상가,월세,2/4,550,"7,000",181,181,남향,20250507,"['25년이상', '급매', '중층', '관리비20만원이하']",37.526377,127.035236
2524175640,일반상가,월세,1/6,"2,000",2억,158,158,북향,20250507,"['25년이상', '역세권', '1층', '주차가능']",37.524611,127.039231
2524177270,일반상가,월세,1/3,"8,000",17억,551,551,동향,20250507,"['25년이내', '역세권', '1층', '주차가능']",37.518702,127.023007
2524167645,일반상가,월세,1/3,850,2억,49,49,북향,20250507,"['25년이상', '역세권', '1층', '총3층']",37.528065,127.031041
2524194388,일반상가,월세,1/4,"2,400","3억 6,000",193,161,동향,20250507,"['25년이상', '융자금없는', '역세권', '1층']",37.525742,127.02819
2524194852,일반상가,월세,1/6,550,1억,272,173,남향,20250507,"['25년이상', '역세권', '1층', '주차가능']",37.524242,127.02699
2524198007,일반상가,월세,1/5,350,"5,000",104,63,남향,20250507,"['25년이내', '역세권', '1층', '관리비20만원이하']",37.527975,127.037215
2524202251,일반상가,월세,B1/5,300,"5,000",255,255,남향,20250507,"['25년이내', '역세권', '지하층', '주차가능']",37.525341,127.037895
2524193164,일반상가,월세,3/4,380,"4,000",80,80,북향,20250507,"['25년이내', '고층', '주차가능', '총4층']",37.523587,127.035908
2524192500,일반상가,월세,2/5,470,"6,500",155,122,동향,20250507,"['25년이내', '역세권', '중층', '주차가능']",37.524283,127.024292
2524200884,일반상가,월세,B1/5,400,"5,000",193,179,서향,20250507,"['25년이상', '지하층', '주차가능', '천장에어컨']",37.523242,127.036549
2524195824,일반상가,월세,6/6,550,"9,000",189,155,남향,20250507,"['25년이상', '역세권', '고층', '주차가능']",37.524242,127.02699
2524194483,일반상가,월세,1/6,285,"4,000",108,42,서향,20250507,"['25년이상', '역세권', '1층', '주차가능']",37.520256,127.020212
2524157010,일반상가,월세,2/5,470,"6,500",145,122,동향,20250507,"['25년이내', '역세권', '중층', '주차가능']",37.524283,127.024292
2524164083,일반상가,월세,1/5,"2,500",3억,366,347,남향,20250507,"['25년이상', '1층', '주차가능', '총5층']",37.52407,127.037356
2524156753,일반상가,월세,1/6,900,1억,148,148,남향,20250507,"['25년이내', '테라스', '1층', '주차가능']",37.526795,127.035028
2524160636,일반상가,월세,B1/3,"1,200",3억,609,498,북향,20250507,"['25년이상', '역세권', '지하층', '주차가능']",37.52843,127.031794
2524172920,일반상가,월세,1/2,"2,000",2억,192,192,남향,20250507,"['25년이상', '1층', '급매', '주차가능']",37.527338,127.034971
2524177271,일반상가,월세,7/7,500,"5,000",134,134,북향,20250507,"['25년이내', '역세권', '고층', '주차가능']",37.519258,127.020017
2524190763,일반상가,월세,2/15,600,"4,400",2306,101,남향,20250507,"['4년이내', '역세권', '지상층(1층제외)', '주차가능']",37.519462,127.019142
2524174210,일반상가,월세,3/6,"1,500","3억 5,000",332,264,동향,20250507,"['25년이상', '역세권', '중층', '주차가능']",37.523342,127.038141
2524171104,일반상가,월세,1/5,"7,200",7억,1136,1136,북향,20250507,"['25년이상', '1층', '주차가능', '총5층']",37.52816,127.035144
2524189877,일반상가,월세,1/6,250,"5,000",25,19,남향,20250507,"['25년이내', '융자금없는', '1층', '관리비20만원이하']",37.522732,127.023203
2524169105,일반상가,월세,1/6,"3,000",4억,295,214,동향,20250507,"['25년이내', '1층', '주차가능', '동향']",37.521226,127.022686
2524175072,일반상가,월세,B1/9,"2,000",2억,1271,661,서향,20250507,"['25년이상', '역세권', '지하층', '주차가능']",37.524212,127.028762
2524172607,일반상가,월세,1/5,"2,400",3억,479,479,서향,20250507,"['25년이내', '1층', '주차가능', '총5층']",37.522128,127.023268
2524134656,일반상가,월세,2/6,"1,200","1억 5,000",270,270,,20250507,"['25년이상', '융자금없는', '역세권', '지상층(1층제외)']",37.51902,127.022623
2524148398,일반상가,월세,1/3,"1,150","1억 5,000",181,181,남향,20250507,"['25년이상', '역세권', '1층', '총3층']",37.527791,127.037676
2524104560,일반상가,월세,1/3,400,"5,000",48,48,남동향,20250507,"['25년이내', '역세권', '1층', '관리비10만원이하']",37.525596,127.036451
2524138378,일반상가,월세,B1/5,300,"4,000",134,134,남향,20250507,"['25년이상', '지하층', '주차가능', '총5층']",37.52407,127.037356
2524113860,일반상가,월세,4/5,300,"5,000",90,90,북향,20250507,"['25년이내', '역세권', '고층', '주차가능']",37.525599,127.037508
2524118844,일반상가,월세,B2/8,780,"1억 5,000",430,316,북동향,20250507,"['25년이내', '융자금없는', '역세권', '지하층']",37.524026,127.029254
2524173973,일반상가,월세,6/6,600,1억,164,164,북향,20250507,"['25년이상', '역세권', '고층', '주차가능']",37.525497,127.027427
2524186304,일반상가,월세,1/15,"3,400",4억 800,1743,224,남향,20250507,"['4년이내', '역세권', '1층', '주차가능']",37.519462,127.019142
2524168878,일반상가,월세,1/5,950,"1억 8,000",153,153,서향,20250507,"['25년이상', '1층', '주차가능', '총5층']",37.520567,127.023681
2524189982,일반상가,월세,B1/7,750,"9,000",397,295,남서향,20250507,"['25년이내', '지하층', '관리비10만원이하', '주차가능']",37.521424,127.026893
2524160158,일반상가,월세,3/5,"1,000",1억,219,219,남향,20250507,"['25년이상', '역세권', '중층', '주차가능']",37.528159,127.031865
2524160545,일반상가,월세,1/5,"2,300",3억,634,634,서향,20250507,"['25년이내', '역세권', '1층', '주차가능']",37.522374,127.029095
2524161009,일반상가,월세,1/4,"3,650",4억,654,654,남동향,20250507,"['25년이상', '역세권', '1층', '주차가능']",37.528168,127.031249
2524157344,일반상가,월세,1/6,"1,800","3억 5,000",255,255,동향,20250507,"['25년이상', '1층', '주차가능', '동향']",37.523253,127.022315
2524159662,일반상가,월세,B1/4,560,"6,000",202,198,북향,20250507,"['25년이상', '역세권', '지하층', '주차가능']",37.528665,127.032573
2524147821,일반상가,월세,1/4,800,1억,171,158,남향,20250507,"['25년이상', '역세권', '1층', '주차가능']",37.526632,127.030125
2524146404,일반상가,월세,1/7,"1,400",2억,230,230,북향,20250507,"['25년이상', '1층', '주차가능', '북향']",37.524021,127.023923
2524067555,일반상가,월세,1/5,650,"7,000",134,66,남향,20250507,"['25년이상', '역세권', '1층', '주차가능']",37.51804,127.022049
2523874497,일반상가,월세,2/5,500,"5,000",129,115,남향,20250507,"['25년이내', '역세권', '중층', '주차가능']",37.52561,127.038425
2523877147,일반상가,월세,B1/5,700,"1억 5,000",181,148,북향,20250507,"['25년이내', '역세권', '지하층', '주차가능']",37.525599,127.037508
2523874733,일반상가,월세,1/5,500,1억,70,70,남향,20250507,"['25년이상', '역세권', '1층', '주차가능']",37.528093,127.035702
2524176786,일반상가,월세,2/4,"2,000",2억,350,297,북향,20250507,"['25년이상', '중층', '주차가능', '총4층']",37.523575,127.021934
2524014435,복합상가,월세,2/2,240,"4,000",75,74,남향,20250507,"['25년이상', '역세권', '고층', '주차가능']",37.528022,127.038542
2524104913,일반상가,월세,B1/4,"1,500",2억,326,314,북향,20250507,"['25년이내', '지하층', '관리비10만원이하', '주차가능']",37.523788,127.035989
2524013302,일반상가,월세,B1/4,700,1억,231,231,북동향,20250507,"['25년이상', '지하층', '총4층', '북동향']",37.523341,127.021434
2524253402,일반상가,월세,1/5,900,"1억 5,000",89,66,서향,20250507,"['2년이내', '역세권', '1층', '엘리베이터']",37.525941,127.037471
2524210478,일반상가,월세,B2/3,650,"7,000",176,176,북향,20250507,"['25년이내', '지하층', '주차가능', '총3층']",37.523724,127.035824
2524076822,일반상가,월세,2/8,400,"4,000",85,85,동향,20250507,"['25년이내', '역세권', '지상층(1층제외)', '주차가능']",37.517959,127.02132
2524067395,일반상가,월세,1/4,900,"1억 5,000",169,135,동향,20250507,"['25년이상', '테라스', '1층', '주차가능']",37.519867,127.023624
2524165250,일반상가,월세,1/5,"1,500",2억,150,150,서향,20250507,"['25년이내', '1층', '주차가능', '총5층']",37.520814,127.022356
2524165858,일반상가,월세,1/5,"2,000",5억,164,164,동향,20250507,"['15년이내', '1층', '주차가능', '총5층']",37.524258,127.032824
2524157778,일반상가,월세,6/6,550,"1억 2,000",555,218,서향,20250507,"['25년이상', '역세권', '고층', '관리비10만원이하']",37.523462,127.028635
2524160063,일반상가,월세,1/5,650,"8,000",92,92,동향,20250507,"['25년이상', '역세권', '1층', '주차가능']",37.518904,127.023807
2524166714,일반상가,월세,2/4,500,"5,000",168,148,남향,20250507,"['25년이상', '역세권', '중층', '주차가능']",37.525636,127.029777
2524154401,일반상가,월세,2/6,580,1억,148,115,북향,20250507,"['25년이내', '역세권', '지상층(1층제외)', '주차가능']",37.517568,127.021595
2524166985,일반상가,월세,1/4,290,"3,500",33,26,남향,20250507,"['25년이상', '1층', '주차가능', '총4층']",37.524016,127.024843
2524167006,일반상가,월세,3/6,"3,000",7억,664,515,동향,20250507,"['25년이상', '역세권', '중층', '주차가능']",37.523342,127.038141
2524123634,일반상가,월세,1/4,400,"7,000",92,76,남향,20250507,"['10년이내', '1층', '관리비20만원이하', '주차가능']",37.523144,127.032547
2522612587,일반상가,월세,16/17,"3,710",5억,404,404,남향,20250507,"['15년이내', '역세권', '고층', '주차가능']",37.51731,127.021502
2523427208,일반상가,월세,4/6,"1,120","1억 5,000",317,270,남향,20250507,"['25년이내', '역세권', '중층', '주차가능']",37.525048,127.038564
2523730267,일반상가,월세,1/6,500,"5,000",133,77,북향,20250507,"['25년이내', '1층', '주차가능', '북향']",37.527255,127.034572
2523893596,일반상가,월세,1/5,870,"1억 3,000",79,66,서향,20250507,"['25년이상', '역세권', '1층', '주차가능']",37.519371,127.022599
2523937969,단지내상가,월세,1/17,200,"2,000",48,48,남향,20250507,"['25년이상', '역세권', '1층', '주차가능']",37.526977,127.037251
2523886154,일반상가,월세,B1/6,550,"5,500",128,128,동향,20250507,"['25년이상', '지하층', '엘리베이터', '천장에어컨']",37.520743,127.019434
2523814683,일반상가,월세,1/6,500,"6,000",77,77,서향,20250507,"['2년이내', '역세권', '1층', '주차가능']",37.52415,127.032286
2524119484,일반상가,월세,1/2,"1,000",2억,49,46,서향,20250507,"['25년이상', '융자금없는', '1층', '총2층']",37.521594,127.022968
2523931407,일반상가,월세,1/5,350,"5,000",70,70,북향,20250506,"['25년이상', '1층', '주차가능', '총5층']",37.520015,127.023509
2524019890,일반상가,월세,4/6,440,"5,000",145,145,북향,20250506,"['25년이상', '융자금없는', '중층', '주차가능']",37.522465,127.03403
2523793345,일반상가,월세,2/8,800,1억,232,207,서향,20250503,"['25년이상', '융자금없는', '지상층(1층제외)', '주차가능']",37.527611,127.033966
2523625813,일반상가,월세,5/6,"1,100",2억,261,231,동향,20250503,"['25년이상', '역세권', '고층', '주차가능']",37.521208,127.027756
2523637070,일반상가,월세,B1/5,340,"3,400",125,125,남향,20250503,"['25년이상', '역세권', '지하층', '주차가능']",37.52046,127.019302
2523760479,일반상가,월세,6/6,"1,600",2억,335,297,서향,20250503,"['25년이내', '융자금없는', '역세권', '고층']",37.521574,127.028449
2523759792,일반상가,월세,5/7,"1,500",1억,199,181,북향,20250503,"['25년이내', '고층', '주차가능', '천장에어컨']",37.525365,127.035504
2523639682,일반상가,월세,2/5,400,"4,000",129,106,서향,20250503,"['25년이상', '역세권', '중층', '주차가능']",37.522866,127.031552
2523638396,일반상가,월세,1/6,250,"5,000",33,33,남향,20250503,"['10년이내', '역세권', '1층', '엘리베이터']",37.519786,127.021498
2523704940,일반상가,월세,1/5,900,"1억 5,000",91,91,북동향,20250503,"['2년이내', '역세권', '1층', '주차가능']",37.519369,127.021128
2523759906,일반상가,월세,B1/5,250,"7,000",312,165,동향,20250503,"['10년이내', '융자금없는', '역세권', '지하층']",37.524446,127.038383
2523639057,일반상가,월세,3/6,360,"4,000",122,100,북향,20250503,"['25년이내', '중층', '주차가능', '엘리베이터']",37.520113,127.020472
2523758813,일반상가,월세,1/5,900,"1억 5,000",87,87,서향,20250503,"['2년이내', '융자금없는', '역세권', '1층']",37.525941,127.037471
2523619776,일반상가,월세,B1/6,"1,200",1억,456,390,북향,20250503,"['25년이상', '융자금없는', '지하층', '주차가능']",37.523869,127.022966
2523680580,일반상가,월세,2/5,500,"5,000",143,132,남동향,20250503,"['25년이상', '역세권', '중층', '주차가능']",37.517272,127.020259
2523628323,일반상가,월세,1/2,750,"8,000",135,135,동향,20250503,"['25년이상', '1층', '주차가능', '천장에어컨']",37.52084,127.023958
2523689461,일반상가,월세,1/4,"3,000",5억,275,265,동향,20250503,"['25년이내', '테라스', '역세권', '1층']",37.52444,127.036931
2523666872,일반상가,월세,1/5,370,"5,000",59,59,동향,20250503,"['25년이상', '역세권', '1층', '총5층']",37.519294,127.020526
2523729352,일반상가,월세,1/5,"1,200",2억,190,174,북동향,20250503,"['25년이상', '역세권', '1층', '주차가능']",37.527235,127.036216
2523761463,일반상가,월세,2/5,"1,600",2억,104,104,남동향,20250503,"['25년이상', '역세권', '중층', '주차가능']",37.518,127.023185
2523783469,일반상가,월세,B1/6,"1,200",2억,288,247,동향,20250503,"['25년이내', '지하층', '주차가능', '동향']",37.526807,127.034747
2523783325,일반상가,월세,2/4,500,1억,128,128,북향,20250503,"['15년이내', '중층', '주차가능', '총4층']",37.521397,127.023181
2523783235,일반상가,월세,4/5,370,"5,000",137,135,남향,20250503,"['25년이상', '고층', '주차가능', '총5층']",37.519129,127.024763
2523782620,일반상가,월세,6/15,"1,100","1억 1,000",200,200,남향,20250503,"['15년이내', '역세권', '중층', '주차가능']",37.517416,127.021747
2523781933,일반상가,월세,B1/6,150,3억,315,315,북향,20250503,"['25년이상', '역세권', '지하층', '주차가능']",37.524488,127.026708
2523783179,일반상가,월세,1/5,300,"5,000",62,62,남동향,20250503,"['25년이내', '1층', '주차가능', '총5층']",37.52114,127.020836
2523621833,일반상가,월세,B1/7,"1,100",2억,427,363,서향,20250503,"['25년이상', '역세권', '지하층', '주차가능']",37.523079,127.028609
2523622853,일반상가,월세,B2/8,780,"1억 5,000",430,316,북향,20250503,"['25년이내', '역세권', '지하층', '주차가능']",37.523913,127.029485
2523618901,일반상가,월세,B1/4,600,1억,231,231,동향,20250503,"['25년이상', '역세권', '지하층', '주차가능']",37.526309,127.039097
2523252668,일반상가,월세,1/5,510,1억,86,86,서향,20250502,"['2년이내', '역세권', '1층', '주차가능']",37.5194,127.021462
2523257435,일반상가,월세,1/7,"1억 7,578","17억 5,787",4833,4833,북향,20250502,"['4년이내', '1층', '주차가능', '북향']",37.520933,127.029629
2523256935,일반상가,월세,1/5,750,"7,000",140,140,남향,20250502,"['25년이내', '1층', '관리비20만원이하', '주차가능']",37.52303,127.021363
2523304437,일반상가,월세,1/4,400,"6,500",166,49,북서향,20250502,"['25년이상', '융자금없는', '1층', '주차가능']",37.52408,127.022904
2523304964,일반상가,월세,2/5,"1,600","1억 6,000",292,292,동향,20250502,"['25년이상', '융자금없는', '역세권', '중층']",37.528478,127.035429
2523254505,일반상가,월세,5/7,330,"5,000",201,152,남향,20250502,"['25년이상', '역세권', '고층', '주차가능']",37.524227,127.02735
2523226472,일반상가,월세,6/6,220,"2,000",140,99,북동향,20250502,"['25년이상', '역세권', '고층', '주차가능']",37.518361,127.021113
2523214797,일반상가,월세,2/4,900,1억,165,165,서향,20250502,"['25년이상', '중층', '주차가능', '총4층']",37.52309,127.022775
2523222559,일반상가,월세,4/4,"1,000",2억,197,197,동향,20250502,"['25년이상', '역세권', '고층', '주차가능']",37.526594,127.036762
2523223942,일반상가,월세,5/5,500,1억,137,137,북향,20250502,"['25년이상', '테라스', '고층', '주차가능']",37.527636,127.034686
2523221754,복합상가,월세,B1/3,900,"1억 1,000",213,198,북향,20250502,"['25년이내', '융자금없는', '역세권', '지하층']",37.525813,127.03639
2523255602,일반상가,월세,2/4,500,1억,162,162,동향,20250502,"['25년이상', '역세권', '중층', '주차가능']",37.523804,127.027469
2523296649,일반상가,월세,B1/9,"2,000",2억,661,661,서향,20250502,"['25년이상', '융자금없는', '역세권', '지하층']",37.524212,127.028762
2523320341,일반상가,월세,2/6,650,1억,165,165,동향,20250502,"['25년이상', '역세권', '지상층(1층제외)', '주차가능']",37.527544,127.039523
2523304996,일반상가,월세,1/5,"2,900",3억,597,597,남향,20250502,"['4년이내', '융자금없는', '1층', '주차가능']",37.523114,127.021471
2523305251,일반상가,월세,5/5,400,"5,000",159,116,동향,20250502,"['25년이상', '융자금없는', '역세권', '고층']",37.528478,127.035429
2523305499,일반상가,월세,B1/4,380,"5,000",233,214,북향,20250502,"['25년이상', '역세권', '지하층', '주차가능']",37.52503,127.026954
2523295452,일반상가,월세,1/2,"2,500",3억,376,376,동향,20250502,"['25년이상', '테라스', '1층', '총2층']",37.523519,127.023008
2523307981,일반상가,월세,4/6,"1,100",2억,403,330,서향,20250502,"['25년이상', '융자금없는', '테라스', '중층']",37.521282,127.02847
2523213738,일반상가,월세,5/5,480,"5,000",159,159,남향,20250502,"['25년이상', '역세권', '고층', '주차가능']",37.528478,127.035429
2523228043,일반상가,월세,2/5,770,1억,94,75,남서향,20250502,"['2년이내', '테라스', '역세권', '중층']",37.525733,127.027146
2523255528,복합상가,매매,2/7,,"9억 5,000",51,51,서향,20250502,"['25년이내', '역세권', '지상층(1층제외)', '주차가능']",37.52791,127.037509
2523215341,일반상가,월세,1/6,800,"1억 5,000",154,140,북서향,20250502,"['25년이상', '역세권', '1층', '주차가능']",37.524947,127.025642
2523225673,일반상가,월세,1/7,250,"4,000",26,26,북서향,20250502,"['25년이내', '1층', '주차가능', '엘리베이터']",37.523775,127.023327
2523296295,일반상가,월세,2/2,"1,000",1억,163,163,동향,20250502,"['25년이상', '테라스', '고층', '총2층']",37.523519,127.023008
2523301931,일반상가,월세,2/5,210,"2,000",62,62,남향,20250502,"['25년이내', '역세권', '중층', '관리비20만원이하']",37.522207,127.028805
2523306589,일반상가,월세,1/5,450,"4,500",110,89,남향,20250502,"['25년이상', '역세권', '1층', '주차가능']",37.523581,127.037581
2523254908,일반상가,월세,1/8,950,2억,266,214,남동향,20250502,"['25년이내', '1층', '주차가능', '엘리베이터']",37.526934,127.034257
2523270330,일반상가,월세,1/7,300,"3,000",31,31,서향,20250502,"['25년이상', '테라스', '역세권', '1층']",37.523298,127.027707
2523172127,일반상가,월세,1/6,430,"5,000",77,77,북향,20250502,"['25년이내', '융자금적은', '1층', '관리비20만원이하']",37.527255,127.034572
2523306059,일반상가,월세,B1/4,500,"6,000",150,150,동향,20250502,"['25년이상', '융자금없는', '지하층', '주차가능']",37.519867,127.023624
2523305780,일반상가,월세,1/5,"1,000",1억,238,135,동향,20250502,"['25년이상', '융자금없는', '역세권', '1층']",37.528478,127.035429
2523580460,일반상가,월세,1/6,750,1억,87,87,남향,20250502,"['25년이내', '1층', '주차가능', '남향']",37.522506,127.021475
2523291486,일반상가,월세,1/5,390,"4,000",88,88,남향,20250502,"['10년이내', '역세권', '1층', '주차가능']",37.523871,127.027239
2523320447,일반상가,월세,1/4,900,"1억 5,000",122,122,동향,20250502,"['25년이상', '1층', '주차가능', '천장에어컨']",37.519867,127.023624
2523334578,일반상가,월세,1/5,310,"4,000",95,82,북서향,20250502,"['25년이상', '역세권', '1층', '주차가능']",37.525842,127.028059
2523348087,일반상가,월세,B1/5,220,"3,000",201,161,북향,20250502,"['25년이내', '지하층', '엘리베이터', '총5층']",37.521944,127.02087
2523316487,일반상가,월세,2/4,"1,405",3억,393,314,북서향,20250502,"['25년이상', '역세권', '중층', '주차가능']",37.527547,127.029917
2523296092,일반상가,월세,1/2,"1,500",2억,213,165,동향,20250502,"['25년이상', '테라스', '1층', '총2층']",37.523519,127.023008
2523304755,일반상가,월세,2/6,365,"3,500",127,127,북향,20250502,"['25년이내', '역세권', '지상층(1층제외)', '주차가능']",37.525782,127.027274
2523284546,일반상가,월세,1/5,"4,000",5억,435,334,동향,20250502,"['10년이내', '1층', '주차가능', '엘리베이터']",37.523342,127.037101
2523291905,일반상가,월세,1/2,300,"3,000",78,66,남향,20250502,"['25년이상', '역세권', '1층', '총2층']",37.518397,127.020567
2523280647,일반상가,월세,1/5,650,"1억 2,000",126,126,남향,20250502,"['25년이내', '1층', '주차가능', '총5층']",37.522445,127.021357
2523439297,일반상가,월세,1/4,"1,353","1억 5,000",207,207,남향,20250502,"['25년이내', '역세권', '1층', '주차가능']",37.524092,127.037671
2523574274,일반상가,월세,B1/5,300,"3,000",189,142,북서향,20250502,"['25년이상', '지하층', '주차가능', '총5층']",37.520222,127.024271
2523594642,일반상가,월세,1/5,670,"9,000",148,115,북향,20250502,"['25년이내', '1층', '주차가능', '천장에어컨']",37.523857,127.023472
2523430308,일반상가,월세,B1/4,360,"4,000",114,114,서향,20250502,"['25년이내', '역세권', '지하층', '주차가능']",37.525508,127.03715
2523587243,일반상가,월세,B1/5,250,"4,000",144,142,북향,20250502,"['25년이상', '역세권', '지하층', '주차가능']",37.52402,127.026741
2523343824,일반상가,월세,1/5,330,"5,000",151,49,남향,20250502,"['25년이상', '융자금없는', '1층', '주차가능']",37.520222,127.024271
2523425915,일반상가,월세,1/5,200,"4,000",31,23,서향,20250502,"['10년이내', '역세권', '1층', '주차가능']",37.525664,127.038659
2523565164,일반상가,월세,B1/6,"1,200",2억,276,276,북향,20250502,"['25년이내', '지하층', '주차가능', '엘리베이터']",37.526807,127.034747
2523619906,일반상가,월세,1/5,300,"3,000",85,82,남향,20250502,"['25년이상', '역세권', '1층', '주차가능']",37.524005,127.027084
2523446759,일반상가,매매,1/2,,"14억 5,000",27,27,북서향,20250502,"['25년이상', '역세권', '1층', '관리비10만원이하']",37.528022,127.038542
2523433634,일반상가,월세,1/4,"2,500",2억,281,281,서향,20250502,"['25년이상', '융자금없는', '1층', '주차가능']",37.523575,127.021934
2523292192,일반상가,월세,1/4,"4,000",5억,997,997,동향,20250502,"['25년이상', '1층', '주차가능', '엘리베이터']",37.522849,127.023111
2523337553,일반상가,월세,2/4,400,"5,000",126,76,서향,20250502,"['25년이상', '중층', '총4층', '서향']",37.52201,127.021761
2523255399,일반상가,월세,B1/5,"2,400",3억,479,479,동향,20250502,"['25년이내', '지하층', '주차가능', '엘리베이터']",37.522128,127.023268
2523590467,일반상가,월세,1/5,554,"8,000",137,112,북동향,20250502,"['25년이내', '1층', '주차가능', '엘리베이터']",37.521406,127.026577
2523595573,일반상가,월세,1/4,300,"4,000",105,105,동향,20250502,"['25년이상', '1층', '주차가능', '총4층']",37.521022,127.023794
2523591482,일반상가,매매,2/2,,"114억 2,500",259,237,북동향,20250502,"['25년이상', '역세권', '고층', '총2층']",37.527579,127.040326
2523555788,일반상가,월세,1/2,"1,400",3억,243,243,남서향,20250502,"['25년이상', '1층', '주차가능', '총2층']",37.519838,127.023896
2523213030,일반상가,월세,1/5,600,1억,80,66,북서향,20250502,"['2년이내', '융자금적은', '1층', '관리비20만원이하']",37.522169,127.02358
2523321669,일반상가,월세,4/4,350,"3,000",51,51,남향,20250502,"['25년이상', '역세권', '고층', '관리비20만원이하']",37.525166,127.03719
2523339081,일반상가,월세,3/4,230,"3,000",75,69,북동향,20250502,"['25년이상', '고층', '총4층', '북동향']",37.524016,127.024843
2523213989,일반상가,월세,B1/4,150,"1,500",145,112,남향,20250502,"['25년이상', '지하층', '관리비10만원이하', '주차가능']",37.522158,127.030128
2523303016,일반상가,매매,1/5,,10억,85,43,남향,20250502,"['25년이내', '역세권', '1층', '급매']",37.52791,127.037509
2523228196,일반상가,월세,B1/5,300,"4,000",119,95,남서향,20250502,"['2년이내', '역세권', '지하층', '주차가능']",37.525733,127.027146
2523215517,일반상가,월세,2/5,230,"3,000",76,66,북서향,20250502,"['25년이상', '역세권', '중층', '관리비20만원이하']",37.522838,127.026279
2523338031,일반상가,월세,B1/4,400,"5,000",108,89,서향,20250502,"['25년이상', '지하층', '총4층', '서향']",37.52201,127.021761
2523377536,일반상가,월세,2/15,589,"5,894",232,101,남서향,20250502,"['4년이내', '역세권', '지상층(1층제외)', '주차가능']",37.519462,127.019142
2523324104,일반상가,월세,1/4,200,"4,000",65,65,남동향,20250502,"['25년이상', '역세권', '1층', '관리비20만원이하']",37.524903,127.039306
2523351437,단지내상가,월세,B1/3,250,"4,000",87,87,동향,20250502,"['25년이상', '지하층', '천장에어컨', '총3층']",37.522368,127.024318
2523346467,일반상가,월세,1/3,300,"3,000",23,23,남향,20250502,"['25년이상', '융자금없는', '역세권', '1층']",37.524861,127.024865
2523345585,일반상가,월세,B1/5,120,"1,500",102,99,남향,20250502,"['25년이상', '역세권', '지하층', '관리비10만원이하']",37.522522,127.02709
2523344915,일반상가,월세,1/4,850,2억,135,64,북서향,20250502,"['25년이상', '역세권', '1층', '주차가능']",37.528307,127.031196
2523349916,일반상가,월세,2/5,410,"5,000",109,109,남동향,20250502,"['25년이상', '중층', '천장에어컨', '총5층']",37.520687,127.022633
2523335221,일반상가,월세,1/6,"1,402","1억 6,966",163,163,남서향,20250502,"['25년이상', '1층', '주차가능', '엘리베이터']",37.521109,127.028514
2523328890,일반상가,월세,3/8,530,1억,224,142,북동향,20250502,"['25년이상', '융자금없는', '역세권', '중층']",37.526335,127.029563
2523347363,일반상가,월세,1/6,"1,400",1억,198,105,서향,20250502,"['25년이상', '1층', '주차가능', '서향']",37.523869,127.022966
2523326421,일반상가,월세,1/5,180,"1,500",85,16,서향,20250502,"['25년이내', '역세권', '1층', '주차가능']",37.52349,127.031227
2523348633,일반상가,월세,B1/5,500,1억,281,246,서향,20250502,"['15년이내', '융자금없는', '역세권', '지하층']",37.52371,127.026527
2523329672,일반상가,월세,1/2,170,"2,000",120,29,동향,20250502,"['25년이상', '역세권', '1층', '관리비10만원이하']",37.527154,127.031451
2523348487,일반상가,월세,1/6,840,"9,600",75,43,남동향,20250502,"['25년이상', '역세권', '1층', '주차가능']",37.518204,127.022425
2523333278,일반상가,매매,2/6,,27억,163,78,동향,20250502,"['25년이내', '역세권', '지상층(1층제외)', '주차가능']",37.524063,127.027933
2523391475,일반상가,월세,1/6,800,1억,154,147,북서향,20250502,"['25년이상', '역세권', '1층', '주차가능']",37.524947,127.025642
2523391495,일반상가,월세,1/4,290,"3,500",19,19,남서향,20250502,"['25년이상', '1층', '총4층', '남서향']",37.524016,127.024843
2523371293,일반상가,월세,1/3,"8,500",20억,1664,1355,동향,20250502,"['25년이상', '역세권', '1층', '주차가능']",37.526634,127.033035
2523352086,일반상가,월세,B1/5,400,"5,000",241,241,남향,20250502,"['25년이상', '지하층', '총5층', '남향']",37.520858,127.027589
2523351736,일반상가,월세,2/6,450,1억,165,79,동향,20250502,"['25년이내', '역세권', '지상층(1층제외)', '주차가능']",37.524063,127.027933
2523392896,일반상가,월세,1/5,450,"8,000",104,95,남향,20250502,"['25년이내', '1층', '주차가능', '총5층']",37.521564,127.030388
2523391426,일반상가,월세,1/4,500,"6,000",59,49,북서향,20250502,"['25년이상', '역세권', '1층', '총4층']",37.527427,127.03048
2523398769,일반상가,월세,B1/6,435,"5,000",197,165,남향,20250502,"['25년이내', '지하층', '주차가능', '엘리베이터']",37.519782,127.024049
2523363456,일반상가,월세,6/7,480,1억,132,132,남향,20250502,"['25년이내', '역세권', '고층', '주차가능']",37.524935,127.038319
2523392866,일반상가,월세,5/6,"1,100",2억,228,228,동향,20250502,"['25년이상', '역세권', '고층', '주차가능']",37.521208,127.027756
2523387148,일반상가,월세,1/5,280,"4,000",51,51,서향,20250502,"['25년이상', '역세권', '1층', '관리비20만원이하']",37.51956,127.020646
2523365659,일반상가,월세,B1/4,360,"4,000",125,105,북향,20250502,"['25년이상', '지하층', '주차가능', '총4층']",37.520408,127.023888
2523392878,일반상가,월세,B1/5,380,"5,000",233,231,남향,20250502,"['25년이내', '지하층', '주차가능', '총5층']",37.521658,127.0288
2523419021,일반상가,월세,6/6,"2,700",6억,1134,495,서향,20250502,"['25년이상', '역세권', '고층', '주차가능']",37.524212,127.028762
2523392869,일반상가,월세,2/5,500,"8,000",187,181,동향,20250502,"['25년이상', '역세권', '중층', '주차가능']",37.522662,127.028836
2523553699,일반상가,월세,1/3,160,"3,000",92,23,남서향,20250502,"['25년이상', '역세권', '1층', '관리비10만원이하']",37.527791,127.037676
2523558795,일반상가,월세,B1/6,300,"3,000",123,123,북서향,20250502,"['25년이내', '역세권', '지하층', '주차가능']",37.519482,127.020353
2523521391,일반상가,월세,1/5,500,"5,000",104,100,북향,20250502,"['25년이내', '융자금적은', '1층', '주차가능']",37.522395,127.0318
2523563781,일반상가,월세,2/4,360,"4,000",103,99,서향,20250502,"['15년이내', '역세권', '중층', '관리비20만원이하']",37.519283,127.021549
2523563191,일반상가,월세,1/6,260,"5,000",28,27,북향,20250502,"['25년이상', '역세권', '1층', '북향']",37.525439,127.026705
2523563694,일반상가,월세,2/2,240,"4,000",82,81,남서향,20250502,"['25년이상', '융자금없는', '역세권', '고층']",37.528022,127.038542
2523496750,일반상가,월세,B1/6,600,"7,000",151,126,서향,20250502,"['2년이내', '지하층', '주차가능', '천장에어컨']",37.521669,127.031546
2523426266,일반상가,월세,1/3,243,"5,000",32,31,북향,20250502,"['25년이상', '역세권', '1층', '총3층']",37.528065,127.031041
2523426637,일반상가,월세,1/3,170,"3,000",24,23,북향,20250502,"['25년이상', '역세권', '1층', '관리비10만원이하']",37.527832,127.030478
2523498255,일반상가,월세,1/5,450,"8,000",104,99,남향,20250502,"['25년이내', '1층', '주차가능', '총5층']",37.521564,127.030388
2523510350,일반상가,월세,1/5,500,"5,000",106,106,동향,20250502,"['4년이내', '1층', '주차가능', '엘리베이터']",37.521349,127.024334
2523445048,일반상가,매매,전체층/4,,165억,645,645,남향,20250502,"['25년이상', '역세권', '주차가능', '총4층']",37.527753,127.037849
2523506819,일반상가,월세,2/6,380,"3,000",124,124,북서향,20250502,"['25년이내', '역세권', '지상층(1층제외)', '주차가능']",37.519482,127.020353
2523496089,일반상가,월세,B1/4,360,"4,000",125,99,남향,20250502,"['25년이상', '지하층', '주차가능', '총4층']",37.520408,127.023888
2523495032,일반상가,월세,1/6,"1,100","1억 5,000",116,99,서향,20250502,"['2년이내', '1층', '주차가능', '천장에어컨']",37.521669,127.031546
2523476653,일반상가,월세,4/5,160,"1,500",49,49,남서향,20250502,"['25년이상', '역세권', '고층', '관리비10만원이하']",37.518606,127.024146
2523476370,일반상가,월세,B1/3,893,1억,500,411,북동향,20250502,"['25년이상', '지하층', '주차가능', '천장에어컨']",37.52734,127.035255
2523433726,일반상가,월세,1/3,170,"3,000",23,23,남서향,20250502,"['25년이상', '역세권', '1층', '총3층']",37.527832,127.030478
2523459015,일반상가,월세,1/5,350,"5,000",63,40,서향,20250502,"['2년이내', '1층', '관리비20만원이하', '주차가능']",37.520845,127.023765
2523424989,일반상가,월세,1/6,"3,800","4억 5,000",736,736,남향,20250502,"['2년이내', '1층', '주차가능', '남향']",37.527376,127.034795
2523491246,일반상가,월세,6/6,85,"1,000",15,15,동향,20250502,"['25년이상', '역세권', '고층', '관리비10만원이하']",37.523473,127.028891
2523466420,일반상가,월세,B1/6,"1,100","1억 5,000",657,562,북향,20250502,"['25년이상', '역세권', '지하층', '주차가능']",37.525439,127.026705
2523438703,일반상가,월세,1/5,540,1억,163,132,동향,20250502,"['25년이상', '테라스', '마당', '역세권']",37.526635,127.039211
2523391378,일반상가,월세,1/5,200,"3,000",25,25,남동향,20250502,"['25년이상', '1층', '총5층', '남동향']",37.523967,127.024547
2523422691,일반상가,월세,6/9,"5,400",12억,1134,991,서향,20250502,"['25년이상', '역세권', '중층', '주차가능']",37.524212,127.028762
2523423644,일반상가,월세,6/6,400,"4,000",148,148,북서향,20250502,"['25년이상', '역세권', '고층', '주차가능']",37.51978,127.021074
2523612482,일반상가,월세,1/4,"7,000",15억,114,89,남향,20250502,"['25년이상', '역세권', '1층', '주차가능']",37.518,127.023185
2523578852,일반상가,월세,B1/4,200,"3,000",112,99,북동향,20250502,"['25년이상', '역세권', '지하층', '주차가능']",37.522742,127.02609
2523586380,일반상가,월세,B1/7,"1,100",2억,427,330,서향,20250502,"['25년이상', '역세권', '지하층', '주차가능']",37.523079,127.028609
2523591270,일반상가,월세,1/6,"1,200","1억 5,000",130,130,북향,20250502,"['25년이상', '역세권', '1층', '주차가능']",37.528498,127.036434
2523572980,일반상가,월세,1/3,380,"5,000",44,43,동향,20250502,"['25년이상', '역세권', '1층', '관리비10만원이하']",37.527239,127.04021
2523593054,일반상가,월세,1/6,400,"8,000",47,36,남향,20250502,"['25년이내', '융자금없는', '1층', '관리비20만원이하']",37.522732,127.023203
2523581233,일반상가,월세,1/6,700,"7,000",250,59,남동향,20250502,"['25년이상', '1층', '주차가능', '남동향']",37.523869,127.022966
2523596375,일반상가,월세,B1/6,"1,200",1억,444,444,남향,20250502,"['25년이상', '지하층', '주차가능', '남향']",37.523869,127.022966
2523592507,일반상가,월세,1/4,900,1억,124,124,서향,20250502,"['10년이내', '1층', '주차가능', '엘리베이터']",37.523203,127.03491
2523571711,일반상가,월세,1/5,200,"2,100",25,24,서향,20250502,"['25년이상', '역세권', '1층', '총5층']",37.52002,127.020363
2523574874,일반상가,월세,1/2,800,"1억 5,000",232,198,남향,20250502,"['25년이상', '역세권', '1층', '총2층']",37.519481,127.020928
2523588248,일반상가,월세,1/5,800,1억,99,99,북향,20250502,"['10년이내', '역세권', '1층', '주차가능']",37.518756,127.021346
2523592911,일반상가,월세,1/6,250,"5,000",25,20,남향,20250502,"['25년이내', '1층', '관리비20만원이하', '주차가능']",37.522732,127.023203
2523570462,일반상가,월세,1/4,210,"2,000",55,44,남동향,20250502,"['25년이내', '역세권', '1층', '주차가능']",37.525729,127.030493
2523538244,일반상가,월세,1/2,330,"3,500",69,69,남향,20250502,"['25년이상', '역세권', '1층', '총2층']",37.518397,127.020567
2523560424,일반상가,월세,B1/3,80,500,36,36,북서향,20250502,"['25년이상', '역세권', '지하층', '주차가능']",37.524367,127.023466
2523522375,일반상가,월세,B1/5,500,1억,281,240,남서향,20250502,"['15년이내', '역세권', '지하층', '주차가능']",37.52371,127.026527
2523551226,일반상가,월세,B1/4,850,"1억 3,000",318,297,서향,20250502,"['25년이상', '융자금없는', '역세권', '지하층']",37.525998,127.027894
2523569725,복합상가,월세,1/6,315,"5,000",76,76,서향,20250502,"['25년이내', '1층', '주차가능', '엘리베이터']",37.521943,127.029921
2523559444,일반상가,월세,B1/4,170,"3,000",66,66,북서향,20250502,"['25년이상', '지하층', '주차가능', '총4층']",37.523642,127.023019
2523531677,일반상가,월세,10/15,"1,200","1억 2,000",200,165,남향,20250502,"['15년이내', '역세권', '중층', '주차가능']",37.517416,127.021747
2523512364,일반상가,월세,1/7,800,"1억 5,000",212,212,북서향,20250502,"['25년이내', '1층', '주차가능', '엘리베이터']",37.522773,127.021356
2523527397,일반상가,월세,B1/4,"3,240",4억,714,430,북향,20250502,"['25년이상', '역세권', '지하층', '주차가능']",37.527073,127.028998
2523580434,일반상가,월세,1/2,230,"3,000",23,23,북향,20250502,"['25년이상', '역세권', '1층', '관리비20만원이하']",37.528022,127.038542
2523588517,일반상가,월세,1/4,900,1억,92,92,서향,20250502,"['25년이내', '역세권', '1층', '주차가능']",37.519267,127.02093
2523587966,일반상가,월세,1/4,180,"3,000",37,36,동향,20250502,"['25년이상', '1층', '관리비20만원이하', '주차가능']",37.521444,127.024233
2523263083,일반상가,월세,1/3,"1,500",2억,69,59,북향,20250501,"['25년이상', '융자금적은', '1층', '주차가능']",37.521405,127.023018
2523371556,복합상가,매매,1/18,,45억,64,33,남서향,20250501,"['25년이내', '역세권', '1층', '주차가능']",37.516848,127.019794
2523030049,일반상가,월세,3/5,390,"5,000",100,92,남동향,20250430,"['25년이내', '중층', '주차가능', '총5층']",37.521712,127.023652
2523139744,일반상가,월세,1/3,"3,500",5억,395,395,서향,20250430,"['25년이내', '1층', '주차가능', '엘리베이터']",37.523983,127.036844
2523155941,일반상가,월세,B2/3,600,"6,000",176,175,북향,20250430,"['25년이내', '지하층', '주차가능', '엘리베이터']",37.523724,127.035824
2523208691,일반상가,월세,B1/6,"1,200",2억,276,247,북향,20250430,"['25년이내', '융자금없는', '지하층', '주차가능']",37.526807,127.034747
2523013164,일반상가,월세,B1/7,750,"9,000",350,284,남서향,20250430,"['25년이내', '지하층', '주차가능', '엘리베이터']",37.521503,127.027048
2523017924,일반상가,월세,1/6,330,"5,000",39,39,남향,20250430,"['25년이내', '역세권', '1층', '주차가능']",37.524063,127.027933
2523013669,일반상가,월세,1/4,230,"3,000",81,39,동향,20250430,"['25년이상', '역세권', '1층', '관리비20만원이하']",37.522742,127.02609
2523013711,일반상가,월세,1/4,250,"3,000",29,29,북향,20250430,"['25년이상', '역세권', '1층', '주차가능']",37.528665,127.032573
2523010717,일반상가,월세,B1/5,150,"3,000",69,69,남향,20250430,"['25년이상', '지하층', '주차가능', '총5층']",37.521932,127.026687
2523031278,일반상가,월세,5/6,"1,000","1억 3,200",204,204,서향,20250430,"['25년이상', '고층', '주차가능', '엘리베이터']",37.521109,127.028514
2523021647,일반상가,월세,1/5,750,1억,99,99,남향,20250430,"['25년이내', '융자금없는', '역세권', '1층']",37.519485,127.023692
2523065572,일반상가,월세,B1/7,850,2억,363,363,남향,20250430,"['25년이상', '융자금없는', '역세권', '지하층']",37.52502,127.027198
2523086360,일반상가,월세,1/4,"1,200","1억 5,000",145,132,북향,20250430,"['25년이상', '역세권', '1층', '천장에어컨']",37.528561,127.036721
2523031209,일반상가,월세,6/6,"2,200",4억,455,455,동향,20250430,"['25년이상', '역세권', '고층', '주차가능']",37.521208,127.027756
2523058958,일반상가,월세,1/6,620,"1억 6,000",81,81,남향,20250430,"['25년이내', '역세권', '1층', '천장에어컨']",37.519792,127.020532
2523030619,일반상가,월세,3/5,630,"8,000",253,224,서향,20250430,"['25년이상', '중층', '주차가능', '엘리베이터']",37.522038,127.020237
2523102360,일반상가,월세,1/3,210,"1,000",50,26,남향,20250430,"['25년이상', '1층', '관리비20만원이하', '주차가능']",37.521455,127.023834
2523056049,일반상가,월세,1/4,"1,000",1억,132,132,서향,20250430,"['25년이내', '역세권', '1층', '주차가능']",37.519267,127.02093
2523071186,일반상가,월세,B1/5,300,"3,000",165,115,서향,20250430,"['25년이내', '지하층', '주차가능', '총5층']",37.522631,127.022096
2523059863,일반상가,월세,B1/4,850,"1억 3,000",318,290,서향,20250430,"['25년이상', '융자금없는', '역세권', '지하층']",37.525998,127.027894
2523102381,일반상가,월세,1/5,"5,000",7억,1139,1139,남향,20250430,"['25년이상', '역세권', '1층', '총5층']",37.526133,127.039033
2523152285,일반상가,월세,1/5,"1,100","1억 5,000",118,118,서향,20250430,"['25년이상', '역세권', '1층', '주차가능']",37.526459,127.035805
2523146495,일반상가,월세,1/6,"1,400","2억 2,000",115,99,남향,20250430,"['25년이내', '역세권', '1층', '주차가능']",37.525048,127.038564
2523141428,일반상가,월세,2/6,500,"5,000",97,97,북서향,20250430,"['4년이내', '지상층(1층제외)', '주차가능', '엘리베이터']",37.522597,127.03241
2523020971,일반상가,월세,1/5,178,"2,000",69,50,북향,20250430,"['25년이상', '융자금적은', '역세권', '1층']",37.523319,127.026006
2523027334,일반상가,월세,B1/6,750,"8,000",291,291,남서향,20250430,"['25년이상', '지하층', '주차가능', '엘리베이터']",37.52663,127.034043
2523015903,일반상가,월세,1/5,230,"3,000",23,23,남향,20250430,"['25년이상', '융자금없는', '1층', '총5층']",37.520782,127.027078
2523016407,일반상가,월세,1/4,250,"3,000",36,29,남향,20250430,"['25년이상', '역세권', '1층', '주차가능']",37.528665,127.032573
2523018921,일반상가,월세,1/4,450,"5,000",126,115,남서향,20250430,"['25년이내', '역세권', '1층', '주차가능']",37.523069,127.029228
2523116633,일반상가,월세,1/6,"2,050",3억,369,198,북서향,20250430,"['15년이내', '테라스', '역세권', '1층']",37.517437,127.0213
2523146423,일반상가,월세,5/7,700,1억,428,265,서향,20250430,"['25년이상', '융자금없는', '고층', '주차가능']",37.522343,127.034092
2523147681,일반상가,월세,B1/6,"1억 6,000",22억,1758,1758,남향,20250430,"['4년이내', '지하층', '주차가능', '남향']",37.520496,127.020153
2523108282,일반상가,월세,1/3,320,"3,000",46,42,남향,20250430,"['25년이상', '역세권', '1층', '관리비10만원이하']",37.528781,127.035304
2523029049,일반상가,월세,3/4,280,"4,000",90,90,북동향,20250430,"['25년이상', '역세권', '고층', '총4층']",37.528153,127.038065
2523014181,일반상가,월세,1/4,210,"2,000",55,33,동향,20250430,"['25년이내', '역세권', '1층', '주차가능']",37.525729,127.030493
2523146322,일반상가,월세,B1/7,500,"7,000",276,276,남향,20250430,"['25년이상', '융자금없는', '역세권', '지하층']",37.519095,127.024064
2523121415,일반상가,월세,4/7,450,"6,000",265,105,남향,20250430,"['25년이상', '융자금없는', '역세권', '중층']",37.525927,127.038537
2523141575,일반상가,월세,2/5,440,"5,000",104,104,남서향,20250430,"['25년이상', '역세권', '중층', '주차가능']",37.52046,127.019302
2523145960,일반상가,월세,B1/6,320,"4,500",131,115,남향,20250430,"['25년이내', '지하층', '주차가능', '엘리베이터']",37.522938,127.025376
2523085167,일반상가,월세,4/4,120,"2,000",61,52,동향,20250430,"['25년이상', '역세권', '고층', '관리비20만원이하']",37.524903,127.039306
2523069005,일반상가,월세,3/4,192,"2,500",79,79,남향,20250430,"['25년이상', '역세권', '고층', '주차가능']",37.524158,127.038778
2523122805,일반상가,월세,1/3,300,"5,000",26,26,북향,20250430,"['25년이상', '테라스', '마당', '역세권']",37.527749,127.038625
2523146548,일반상가,월세,1/6,"2,000",2억,158,148,동향,20250430,"['25년이상', '역세권', '1층', '주차가능']",37.524611,127.039231
2523030333,일반상가,월세,3/6,300,"3,000",105,105,남향,20250430,"['25년이내', '역세권', '중층', '남향']",37.518945,127.021902
2523162775,일반상가,월세,1/5,"2,800","2억 8,000",530,449,남향,20250430,"['25년이상', '역세권', '1층', '주차가능']",37.528478,127.035429
2523156277,일반상가,월세,B1/5,270,"4,000",144,144,남향,20250430,"['25년이상', '역세권', '지하층', '주차가능']",37.52402,127.026741
2523171030,일반상가,월세,1/6,"1,000","2억 5,000",169,169,남향,20250430,"['25년이내', '1층', '주차가능', '천장에어컨']",37.521784,127.031151
2523180812,일반상가,월세,B1/4,490,"7,000",148,148,남향,20250430,"['15년이내', '테라스', '지하층', '주차가능']",37.520967,127.024152
2523167838,일반상가,월세,1/6,"2,500",5억,328,265,서향,20250430,"['25년이내', '1층', '주차가능', '천장에어컨']",37.521636,127.028615
2523072999,단지내상가,월세,1/6,450,1억,106,64,서향,20250430,"['25년이내', '융자금적은', '테라스', '역세권']",37.527398,127.030976
2523163350,일반상가,월세,4/6,350,"4,000",119,100,북서향,20250430,"['25년이내', '중층', '주차가능', '엘리베이터']",37.520113,127.020472
2523173611,일반상가,월세,B1/7,850,2억,506,429,남동향,20250430,"['25년이상', '역세권', '지하층', '주차가능']",37.52502,127.027198
2523181612,일반상가,월세,1/7,250,"4,000",121,26,남향,20250430,"['25년이내', '1층', '주차가능', '천장에어컨']",37.523775,127.023327
2523155346,일반상가,월세,1/4,515,"8,000",168,66,동향,20250430,"['25년이상', '역세권', '1층', '주차가능']",37.527245,127.030595
2523137612,일반상가,월세,1/2,"1,000",2억,41,41,남향,20250430,"['25년이상', '1층', '총2층', '남향']",37.521594,127.022968
2523117896,일반상가,월세,B1/4,"1,400","2억 3,000",357,357,남향,20250430,"['10년이내', '역세권', '지하층', '주차가능']",37.518969,127.024361
2523190512,일반상가,월세,3/4,"1,430",2억,209,209,북서향,20250430,"['25년이내', '고층', '총4층', '북서향']",37.523788,127.035989
2523204228,일반상가,월세,1/5,300,"5,000",194,62,북서향,20250430,"['25년이내', '1층', '주차가능', '엘리베이터']",37.52114,127.020836
2523204635,일반상가,월세,2/3,380,"5,000",142,142,서향,20250430,"['25년이상', '역세권', '중층', '총3층']",37.52625,127.039354
2523173904,일반상가,월세,2/4,600,1억,153,132,북향,20250430,"['25년이상', '중층', '엘리베이터', '총4층']",37.527541,127.03533
2523176499,일반상가,월세,2/5,570,"7,000",132,128,남향,20250430,"['10년이내', '역세권', '중층', '주차가능']",37.518756,127.021346
2523047914,일반상가,월세,3/6,"1,400","1억 5,000",303,264,남향,20250430,"['25년이내', '역세권', '중층', '주차가능']",37.525048,127.038564
2523148968,일반상가,월세,B1/4,600,1억,400,390,북향,20250430,"['25년이상', '지하층', '주차가능', '천장에어컨']",37.524168,127.023019
2523196092,일반상가,월세,1/6,950,2억,330,82,남향,20250430,"['25년이내', '역세권', '1층', '주차가능']",37.525048,127.038564
2523204705,일반상가,월세,1/2,950,"1억 2,000",304,257,남서향,20250430,"['25년이상', '테라스', '역세권', '1층']",37.527459,127.039785
2523190441,일반상가,월세,3/4,380,"4,000",80,80,남향,20250430,"['25년이내', '고층', '총4층', '남향']",37.523562,127.035833
2523204569,일반상가,월세,2/5,688,1억,163,163,서향,20250430,"['25년이상', '역세권', '중층', '총5층']",37.526989,127.039616
2523205521,일반상가,매매,6/6,,"10억 5,000",161,88,서향,20250430,"['25년이내', '역세권', '고층', '주차가능']",37.527398,127.030976
2523172976,일반상가,월세,B2/8,780,"1억 5,000",322,317,북서향,20250430,"['25년이내', '역세권', '지하층', '주차가능']",37.524026,127.029254
2523168324,일반상가,매매,1/7,,28억,184,76,서향,20250430,"['25년이내', '역세권', '1층', '주차가능']",37.52767,127.031361
2523158069,일반상가,월세,1/3,600,"8,000",86,86,북향,20250430,"['25년이내', '테라스', '1층', '주차가능']",37.523363,127.035715
2523188471,일반상가,월세,B1/5,480,1억,118,118,서향,20250430,"['25년이상', '역세권', '지하층', '주차가능']",37.526459,127.035805
2523173448,일반상가,월세,1/6,240,"5,000",230,36,북향,20250430,"['25년이상', '역세권', '1층', '주차가능']",37.524497,127.026502
2523166488,일반상가,월세,1/8,360,"5,000",59,36,서향,20250430,"['25년이상', '역세권', '1층', '주차가능']",37.522,127.028481
2523171759,일반상가,월세,1/5,"2,600","3억 5,000",577,426,동향,20250430,"['25년이상', '역세권', '1층', '총5층']",37.528478,127.035429
2523207226,일반상가,월세,1/6,220,"3,000",28,28,북향,20250430,"['25년이상', '역세권', '1층', '주차가능']",37.522918,127.027217
2523193633,일반상가,월세,1/5,300,"5,000",50,46,북향,20250430,"['25년이상', '1층', '주차가능', '총5층']",37.522491,127.032103
2523202144,일반상가,월세,B1/7,550,"1억 1,000",177,152,북향,20250430,"['10년이내', '역세권', '지하층', '주차가능']",37.524436,127.024607
2523190351,일반상가,월세,6/6,350,"5,000",64,64,북향,20250430,"['25년이상', '테라스', '고층', '주차가능']",37.522662,127.034848
2523189744,일반상가,월세,6/6,350,"5,000",126,99,동향,20250430,"['25년이내', '역세권', '고층', '주차가능']",37.528148,127.035306
2523201362,일반상가,월세,3/5,450,"8,000",85,66,남향,20250430,"['2년이내', '테라스', '역세권', '중층']",37.525941,127.037471
2523112163,일반상가,월세,1/4,"1,500","2억 2,000",198,167,서향,20250430,"['25년이상', '역세권', '1층', '주차가능']",37.525998,127.027894
2523204508,일반상가,매매,2/2,,"114억 2,500",150,150,북동향,20250430,"['25년이상', '역세권', '고층', '총2층']",37.527579,127.040326
2523109793,일반상가,월세,4/4,280,"5,000",101,78,북동향,20250430,"['25년이상', '역세권', '고층', '주차가능']",37.526285,127.037056
2523106298,일반상가,월세,1/4,190,"2,000",25,20,남동향,20250430,"['25년이상', '융자금적은', '1층', '관리비10만원이하']",37.520063,127.02462
2522759870,일반상가,월세,5/6,"1,000",1억,156,132,북향,20250429,"['10년이내', '고층', '주차가능', '북향']",37.52666,127.035204
2522798890,일반상가,월세,B1/5,300,"3,500",118,71,남서향,20250429,"['2년이내', '지하층', '주차가능', '엘리베이터']",37.520845,127.023765
2522785073,일반상가,월세,1/6,"2,500",5억,328,297,서향,20250429,"['25년이내', '융자금적은', '역세권', '1층']",37.521574,127.028449
2522791155,일반상가,월세,2/7,320,"5,000",231,100,서향,20250429,"['25년이내', '역세권', '지상층(1층제외)', '주차가능']",37.52767,127.031361
2522785472,일반상가,월세,B1/7,850,2억,506,486,북향,20250429,"['25년이상', '역세권', '지하층', '주차가능']",37.52502,127.027198
2522788517,일반상가,월세,1/5,"1,300","1억 8,000",334,291,남향,20250429,"['25년이내', '1층', '주차가능', '총5층']",37.521564,127.030388
2522808687,일반상가,월세,B1/5,235,"4,000",193,164,동향,20250429,"['25년이내', '융자금없는', '지하층', '주차가능']",37.521406,127.026577
2522791799,일반상가,월세,5/7,400,"9,000",230,97,북향,20250429,"['25년이내', '역세권', '고층', '주차가능']",37.52767,127.031361
2522808818,일반상가,월세,1/4,650,1억,116,99,북향,20250429,"['25년이상', '융자금없는', '1층', '천장에어컨']",37.522204,127.02142
2522956609,일반상가,월세,3/4,110,"1,300",108,36,북향,20250429,"['25년이상', '역세권', '고층', '관리비20만원이하']",37.527877,127.031907
2523005649,일반상가,월세,B1/5,300,"3,000",361,165,서향,20250429,"['25년이내', '융자금적은', '지하층', '주차가능']",37.522631,127.022096
2522988348,일반상가,월세,1/4,"3,000",5억,275,264,동향,20250429,"['25년이내', '역세권', '1층', '주차가능']",37.52444,127.036931
2522937986,일반상가,매매,2/4,,12억,46,46,북향,20250429,"['25년이상', '역세권', '중층', '주차가능']",37.528153,127.038065
2522936425,일반상가,월세,B1/5,235,"4,000",164,164,북동향,20250429,"['25년이내', '융자금없는', '지하층', '주차가능']",37.521406,127.026577
2522791587,일반상가,월세,1/5,300,1억,952,33,남향,20250429,"['25년이내', '역세권', '1층', '주차가능']",37.525981,127.026831
2522796086,일반상가,월세,1/4,650,1억,266,264,서향,20250429,"['25년이상', '1층', '주차가능', '천장에어컨']",37.519525,127.02633
2522809136,일반상가,월세,1/5,350,"5,000",169,169,남향,20250429,"['25년이상', '융자금없는', '테라스', '1층']",37.521094,127.028794
2522818641,일반상가,월세,B1/6,310,"4,000",139,125,남향,20250429,"['25년이내', '역세권', '지하층', '주차가능']",37.526549,127.036015
2522868978,일반상가,월세,2/15,589,"5,894",262,101,서향,20250429,"['4년이내', '역세권', '지상층(1층제외)', '주차가능']",37.519963,127.019007
2522858183,일반상가,월세,1/3,"8,000",17억,551,386,동향,20250429,"['25년이내', '역세권', '1층', '주차가능']",37.518702,127.023007
2522869871,일반상가,월세,1/6,"2,050",3억,282,198,북향,20250429,"['15년이내', '역세권', '1층', '주차가능']",37.517437,127.0213
2522875702,일반상가,월세,1/7,550,"9,000",82,52,북향,20250429,"['25년이상', '1층', '주차가능', '북향']",37.522943,127.021659
2522858946,일반상가,월세,1/7,800,"1억 5,000",212,165,서향,20250429,"['25년이내', '1층', '주차가능', '서향']",37.522773,127.021356
2522834161,일반상가,월세,1/5,200,"3,000",25,25,북동향,20250429,"['25년이상', '1층', '관리비20만원이하', '주차가능']",37.520782,127.027078
2522798593,일반상가,월세,1/5,250,"3,000",51,33,남서향,20250429,"['25년이상', '융자금적은', '역세권', '1층']",37.51956,127.020646
2522832366,일반상가,월세,4/6,600,1억,96,96,북서향,20250429,"['25년이상', '역세권', '중층', '주차가능']",37.525998,127.038395
2522845114,일반상가,월세,B1/5,300,"3,000",142,142,북동향,20250429,"['25년이상', '융자금없는', '지하층', '총5층']",37.520222,127.024271
2522800814,일반상가,월세,1/5,200,"2,000",49,49,남향,20250429,"['25년이상', '융자금적은', '역세권', '1층']",37.51889,127.024095
2522817694,일반상가,월세,2/8,400,"4,000",95,95,동향,20250429,"['25년이내', '역세권', '지상층(1층제외)', '주차가능']",37.517959,127.02132
2522801488,일반상가,월세,B1/4,400,"6,000",168,168,남서향,20250429,"['25년이상', '융자금없는', '역세권', '지하층']",37.526624,127.029428
2522919200,일반상가,월세,5/6,340,"3,000",131,115,북향,20250429,"['25년이내', '역세권', '고층', '관리비20만원이하']",37.51932,127.024023
2522943168,일반상가,월세,5/6,430,"6,000",347,142,남향,20250429,"['25년이상', '역세권', '고층', '주차가능']",37.517163,127.020704
2522895228,일반상가,월세,B1/8,"3,000",3억,1207,1011,남향,20250429,"['25년이상', '지하층', '주차가능', '남향']",37.522347,127.034901
2522802288,일반상가,월세,B1/7,170,"3,500",135,113,북서향,20250429,"['25년이상', '역세권', '지하층', '주차가능']",37.522129,127.027644
2522857421,일반상가,월세,1/5,300,1억,32,32,남서향,20250429,"['25년이내', '역세권', '1층', '주차가능']",37.525981,127.026831
2522861511,일반상가,월세,1/6,420,1억,47,47,서향,20250429,"['25년이내', '역세권', '1층', '주차가능']",37.524063,127.027933
2522857751,일반상가,월세,1/3,"1,500",2억,193,193,남향,20250429,"['15년이내', '역세권', '1층', '주차가능']",37.518311,127.022835
2522870911,일반상가,월세,2/7,800,"5,000",271,232,서향,20250429,"['25년이상', '지상층(1층제외)', '주차가능', '엘리베이터']",37.527611,127.033966
2522872201,일반상가,월세,1/5,310,"4,000",99,99,북향,20250429,"['25년이상', '역세권', '1층', '주차가능']",37.525842,127.028059
2522854267,일반상가,매매,3/3,,"16억 3,000",114,111,남향,20250429,"['25년이상', '역세권', '급매', '고층']",37.528065,127.031041
2522866890,일반상가,월세,1/5,300,"1,000",40,33,남향,20250429,"['25년이내', '역세권', '1층', '주차가능']",37.525981,127.026831
2522872635,일반상가,월세,4/4,450,"5,000",132,105,북향,20250429,"['25년이내', '융자금없는', '고층', '주차가능']",37.526154,127.034948
2522972214,일반상가,월세,1/4,"1,100",1억,165,99,서향,20250429,"['25년이상', '1층', '주차가능', '총4층']",37.52309,127.022775
2522959916,일반상가,월세,1/3,900,1억,124,110,서향,20250429,"['10년이내', '1층', '주차가능', '총3층']",37.523203,127.03491
2522978465,일반상가,월세,1/5,310,"4,000",95,95,북향,20250429,"['25년이상', '역세권', '1층', '주차가능']",37.525842,127.028059
2522953202,일반상가,월세,2/7,700,"9,000",195,195,남향,20250429,"['25년이상', '지상층(1층제외)', '주차가능', '남향']",37.523208,127.032867
2522946040,일반상가,월세,B1/7,850,2억,601,459,남향,20250429,"['25년이상', '융자금없는', '역세권', '지하층']",37.52502,127.027198
2522855948,일반상가,월세,2/3,270,"5,000",144,140,남향,20250429,"['25년이상', '역세권', '중층', '관리비20만원이하']",37.528065,127.031041
2522868344,일반상가,월세,1/6,320,"5,000",47,40,서향,20250429,"['25년이내', '역세권', '1층', '주차가능']",37.524063,127.027933
2522862099,일반상가,월세,1/5,580,1억,146,66,동향,20250429,"['25년이상', '역세권', '1층', '총5층']",37.526989,127.039616
2522997189,일반상가,월세,B1/6,790,1억 780,194,194,서향,20250429,"['25년이상', '지하층', '주차가능', '엘리베이터']",37.521109,127.028514
2522859579,일반상가,월세,1/2,300,"3,000",33,33,서향,20250429,"['25년이상', '역세권', '1층', '총2층']",37.518094,127.021612
2522936246,일반상가,월세,2/6,"1,600",3억,363,330,남향,20250429,"['25년이내', '지상층(1층제외)', '주차가능', '엘리베이터']",37.521636,127.028615
2522919401,일반상가,월세,1/6,400,"8,000",47,47,남동향,20250429,"['25년이내', '융자금없는', '1층', '관리비20만원이하']",37.522732,127.023203
2522956455,일반상가,월세,1/6,"8,000",20억,700,541,남동향,20250429,"['25년이상', '역세권', '1층', '주차가능']",37.523342,127.038141
2522970225,일반상가,월세,4/5,330,"5,000",82,82,북향,20250429,"['25년이내', '역세권', '고층', '주차가능']",37.525599,127.037508
2522982844,일반상가,월세,B1/5,"2,300",3억,634,489,서향,20250429,"['25년이내', '역세권', '지하층', '주차가능']",37.522374,127.029095
2522985754,일반상가,월세,2/5,450,"6,000",120,120,북향,20250429,"['25년이상', '테라스', '역세권', '중층']",37.518904,127.023807
2522988535,일반상가,월세,B1/3,400,1억,112,105,동향,20250429,"['25년이상', '지하층', '관리비20만원이하', '주차가능']",37.521259,127.023238
2522882904,일반상가,월세,B1/5,500,"5,000",146,102,남동향,20250429,"['25년이상', '융자금적은', '역세권', '지하층']",37.523616,127.027225
2522944181,일반상가,월세,B2/8,780,"1억 5,000",429,297,남향,20250429,"['25년이내', '역세권', '지하층', '주차가능']",37.524026,127.029254
2522909767,일반상가,월세,1/6,550,1억,205,109,남향,20250429,"['25년이상', '역세권', '1층', '주차가능']",37.524242,127.02699
2522922440,일반상가,월세,4/4,320,"5,000",109,99,북서향,20250429,"['25년이상', '고층', '총4층', '북서향']",37.522972,127.020966
2522893906,일반상가,월세,1/3,210,"1,000",33,23,서향,20250429,"['25년이상', '1층', '관리비20만원이하', '총3층']",37.521455,127.023834
2522896586,일반상가,월세,2/5,550,"5,000",152,148,북향,20250429,"['25년이내', '역세권', '중층', '주차가능']",37.519485,127.023692
2522912491,일반상가,월세,2/5,"1,300","1억 5,000",109,109,남향,20250429,"['4년이내', '융자금적은', '역세권', '중층']",37.528288,127.036945
2522877619,일반상가,월세,1/2,300,"8,000",39,29,남향,20250429,"['25년이상', '1층', '관리비20만원이하', '총2층']",37.52541,127.036927
2522983455,일반상가,월세,1/8,"1,300","2억 3,000",255,255,북향,20250429,"['25년이내', '1층', '주차가능', '북향']",37.52245,127.020843
2522989339,일반상가,월세,2/8,400,"4,000",79,76,서향,20250429,"['25년이내', '역세권', '지상층(1층제외)', '주차가능']",37.517959,127.02132
2522985288,일반상가,월세,1/8,360,"5,000",328,38,북향,20250429,"['25년이상', '역세권', '1층', '주차가능']",37.522,127.028481
2522988772,일반상가,월세,B1/4,350,"5,000",131,131,남향,20250429,"['15년이내', '역세권', '지하층', '주차가능']",37.525588,127.030482
2522958155,일반상가,월세,1/4,410,"5,000",148,132,남서향,20250429,"['25년이상', '테라스', '역세권', '1층']",37.517702,127.0201
2522949847,일반상가,월세,3/7,"1,100","1억 5,000",265,265,남향,20250429,"['25년이상', '융자금없는', '역세권', '중층']",37.525927,127.038537
2523002049,일반상가,월세,B1/5,800,1억,364,297,남동향,20250429,"['25년이상', '융자금적은', '역세권', '지하층']",37.524388,127.02399
2522944373,일반상가,월세,B1/6,600,1억,250,154,동향,20250429,"['25년이내', '역세권', '지하층', '주차가능']",37.526308,127.027468
2522972424,일반상가,월세,3/5,300,"3,000",79,79,북향,20250429,"['25년이내', '중층', '관리비20만원이하', '주차가능']",37.52303,127.021363
2522963204,일반상가,월세,B1/4,350,"5,000",131,13,남향,20250429,"['15년이내', '역세권', '지하층', '관리비10만원이하']",37.525588,127.030482
2522963941,일반상가,월세,1/6,600,"5,000",148,115,남향,20250429,"['25년이상', '1층', '주차가능', '남향']",37.52663,127.034043
2522967624,일반상가,월세,2/5,700,"1억 1,000",116,99,남향,20250429,"['2년이내', '테라스', '역세권', '중층']",37.525941,127.037471
2522997190,일반상가,월세,4/5,240,"3,000",47,42,남서향,20250429,"['2년이내', '고층', '주차가능', '엘리베이터']",37.521806,127.025787
2523004174,일반상가,월세,1/5,211,"2,000",66,49,남향,20250429,"['25년이상', '역세권', '1층', '주차가능']",37.523319,127.026006
2523005379,일반상가,월세,B1/6,460,"8,000",361,297,북서향,20250429,"['25년이상', '융자금적은', '지하층', '주차가능']",37.520743,127.019434
2522987391,일반상가,월세,B1/4,200,"3,500",113,113,북향,20250429,"['25년이상', '역세권', '지하층', '주차가능']",37.528036,127.032438
2522982535,일반상가,월세,4/5,140,"1,400",86,57,북서향,20250429,"['25년이상', '역세권', '고층', '주차가능']",37.518777,127.024471
2523009822,일반상가,월세,B1/6,650,"1억 2,000",358,314,동향,20250429,"['25년이상', '역세권', '지하층', '주차가능']",37.519767,127.022537
2522998161,일반상가,월세,1/4,230,"3,000",46,39,북서향,20250429,"['25년이상', '역세권', '1층', '관리비20만원이하']",37.522742,127.02609
2523001030,일반상가,월세,B1/5,250,"4,000",142,142,북향,20250429,"['25년이상', '역세권', '지하층', '주차가능']",37.52402,127.026741
2522991404,일반상가,월세,4/4,650,1억,200,196,동향,20250429,"['25년이상', '역세권', '고층', '주차가능']",37.527245,127.030595
2522983625,일반상가,월세,3/5,400,"5,000",155,145,북서향,20250429,"['25년이상', '역세권', '중층', '총5층']",37.518029,127.02277
2522989238,일반상가,월세,B1/4,150,"2,000",56,56,남향,20250429,"['25년이내', '지하층', '주차가능', '총4층']",37.523587,127.035908
2522983774,일반상가,월세,2/6,400,"5,000",183,183,북향,20250429,"['25년이상', '역세권', '지상층(1층제외)', '주차가능']",37.519643,127.020798
2522984319,일반상가,월세,3/6,"1,400","1억 5,000",303,247,동향,20250429,"['25년이내', '역세권', '중층', '주차가능']",37.525048,127.038564
2522963188,일반상가,월세,2/4,400,"4,000",113,113,북향,20250429,"['15년이내', '역세권', '중층', '주차가능']",37.523581,127.037581
2522759498,일반상가,월세,4/6,"1,300",2억,227,203,북향,20250429,"['10년이내', '중층', '주차가능', '북향']",37.52666,127.035204
2522475565,일반상가,월세,1/4,630,1억,91,91,동향,20250428,"['15년이내', '역세권', '1층', '주차가능']",37.51883,127.021608
2522496582,일반상가,월세,1/5,840,"1억 3,000",66,66,서향,20250428,"['25년이상', '융자금적은', '역세권', '1층']",37.519371,127.022599
2522465908,일반상가,월세,4/6,350,"4,000",100,100,북동향,20250428,"['25년이내', '중층', '주차가능', '엘리베이터']",37.520113,127.020472
2522496594,일반상가,월세,1/6,"2,050",3억,198,198,북향,20250428,"['15년이내', '융자금적은', '역세권', '1층']",37.517437,127.0213
2522470540,일반상가,월세,2/6,500,"5,000",135,135,남동향,20250428,"['25년이상', '지상층(1층제외)', '주차가능', '남동향']",37.520701,127.022778
2522501570,일반상가,월세,2/15,600,"4,400",101,101,서향,20250428,"['4년이내', '융자금없는', '역세권', '지상층(1층제외)']",37.519963,127.019007
2522505859,일반상가,월세,B1/5,400,"5,000",193,193,서향,20250428,"['25년이상', '지하층', '주차가능', '엘리베이터']",37.523242,127.036549
2522503484,일반상가,월세,2/6,365,"3,500",127,125,북서향,20250428,"['25년이내', '역세권', '지상층(1층제외)', '주차가능']",37.525782,127.027274
2522470502,일반상가,월세,B1/5,715,"1억 5,000",336,297,남향,20250428,"['25년이상', '역세권', '지하층', '주차가능']",37.524388,127.02399
2522470505,일반상가,월세,B1/9,"4,000",4억,1240,1223,남향,20250428,"['25년이상', '역세권', '지하층', '주차가능']",37.523776,127.03894
2522696314,일반상가,월세,1/2,250,"4,000",100,100,남향,20250428,"['25년이상', '역세권', '1층', '주차가능']",37.528022,127.038542
2522769132,일반상가,월세,4/5,240,"3,000",42,42,남동향,20250428,"['2년이내', '테라스', '고층', '주차가능']",37.521806,127.025787
2522760079,일반상가,월세,2/4,400,"3,500",124,99,남향,20250428,"['25년이상', '역세권', '중층', '주차가능']",37.525733,127.027434
2522733176,일반상가,매매,1/4,,15억,59,45,북향,20250428,"['25년이상', '1층', '관리비20만원이하', '천장에어컨']",37.522925,127.020598
2522735411,일반상가,월세,1/6,"1,800","3억 5,000",255,165,동향,20250428,"['25년이상', '1층', '주차가능', '엘리베이터']",37.523253,127.022315
2522739134,일반상가,월세,5/6,600,1억,207,165,서향,20250428,"['25년이상', '테라스', '역세권', '고층']",37.525117,127.027851
2522734502,일반상가,월세,5/6,"2,100",3억,617,537,북향,20250428,"['25년이상', '역세권', '고층', '주차가능']",37.528498,127.036434
2522750562,일반상가,월세,1/5,750,1억,99,89,북향,20250428,"['25년이내', '역세권', '1층', '주차가능']",37.519485,127.023692
2522734955,일반상가,월세,1/8,950,2억,214,170,북향,20250428,"['25년이내', '융자금없는', '1층', '주차가능']",37.526915,127.034341
2522736344,일반상가,월세,7/8,"1,700",2억,312,270,서향,20250428,"['25년이내', '테라스', '역세권', '고층']",37.522441,127.028566
2522745841,일반상가,월세,4/6,240,"3,000",69,69,남향,20250428,"['25년이내', '중층', '관리비20만원이하', '주차가능']",37.521897,127.022288
2522749160,일반상가,월세,1/2,300,"4,000",39,39,동향,20250428,"['25년이내', '역세권', '1층', '관리비20만원이하']",37.527111,127.038921
2522679766,일반상가,월세,1/6,200,"3,000",44,42,남향,20250428,"['15년이내', '1층', '주차가능', '남향']",37.521222,127.024197
2522687455,일반상가,월세,1/3,190,"2,100",29,23,남향,20250428,"['25년이상', '역세권', '1층', '관리비10만원이하']",37.52002,127.020363
2522722291,일반상가,월세,B1/4,350,"2,000",209,209,서향,20250428,"['25년이상', '역세권', '지하층', '주차가능']",37.517893,127.019514
2522731643,일반상가,월세,3/4,600,"7,000",200,191,북서향,20250428,"['25년이상', '역세권', '고층', '주차가능']",37.525948,127.027607
2522657610,일반상가,월세,B1/4,730,1억,169,118,서향,20250428,"['4년이내', '역세권', '지하층', '주차가능']",37.525707,127.036916
2522700363,일반상가,월세,B1/5,450,"5,000",165,158,남동향,20250428,"['25년이내', '역세권', '지하층', '주차가능']",37.518123,127.021088
2522650156,일반상가,월세,3/5,180,"2,000",70,60,동향,20250428,"['25년이상', '중층', '관리비10만원이하', '주차가능']",37.522214,127.020898
2522654736,일반상가,월세,1/6,450,"9,000",85,66,북서향,20250428,"['25년이상', '1층', '주차가능', 'CCTV']",37.522291,127.031502
2522694434,일반상가,월세,2/3,380,"4,000",142,132,서향,20250428,"['25년이상', '역세권', '중층', '총3층']",37.52625,127.039354
2522677339,일반상가,월세,1/4,900,"1억 5,000",169,122,동향,20250428,"['25년이상', '테라스', '1층', '주차가능']",37.519867,127.023624
2522496605,일반상가,월세,3/6,360,"4,000",100,100,북동향,20250428,"['25년이내', '융자금적은', '중층', '주차가능']",37.520113,127.020472
2522493464,일반상가,월세,6/15,"2,018","2억 4,218",372,320,남서향,20250428,"['15년이내', '역세권', '중층', '주차가능']",37.517492,127.01956
2522501489,일반상가,월세,1/15,"3,400",4억 800,225,225,서향,20250428,"['4년이내', '융자금없는', '역세권', '1층']",37.519963,127.019007
2522501426,일반상가,월세,B1/15,"2,539","2억 5,390",461,461,서향,20250428,"['4년이내', '융자금없는', '역세권', '지하층']",37.519963,127.019007
2522494253,일반상가,월세,6/9,"5,400",12억,2159,1134,서향,20250428,"['25년이상', '역세권', '중층', '주차가능']",37.523924,127.028773
2522470542,일반상가,월세,1/4,230,"3,000",117,42,북서향,20250428,"['25년이상', '역세권', '1층', '관리비20만원이하']",37.522742,127.02609
2522528852,일반상가,월세,1/3,"1,150","1억 5,000",178,178,동향,20250428,"['25년이상', '역세권', '1층', '총3층']",37.527791,127.037676
2522508935,일반상가,월세,1/5,370,"5,000",132,59,남동향,20250428,"['25년이상', '역세권', '1층', '관리비20만원이하']",37.519294,127.020526
2522722933,일반상가,월세,1/7,1억,15억,504,331,동향,20250428,"['25년이내', '융자금없는', '1층', '주차가능']",37.522108,127.02249
2522718054,일반상가,월세,3/7,300,"4,000",146,117,북동향,20250428,"['25년이내', '중층', '주차가능', '엘리베이터']",37.521694,127.027096
2522656500,일반상가,월세,B1/5,450,"5,000",151,142,남향,20250428,"['25년이내', '융자금없는', '역세권', '지하층']",37.518123,127.021088
2522628691,일반상가,월세,B1/7,950,"1억 5,000",277,264,남향,20250428,"['25년이내', '역세권', '지하층', '주차가능']",37.524935,127.038319
2522638718,일반상가,월세,B1/6,320,"4,500",131,131,동향,20250428,"['25년이내', '융자금없는', '지하층', '주차가능']",37.522938,127.025376
2522627402,일반상가,월세,1/4,"1,500","2억 2,000",198,155,서향,20250428,"['25년이상', '역세권', '1층', '주차가능']",37.525998,127.027894
2522591638,일반상가,월세,1/6,900,1억,148,132,서향,20250428,"['25년이내', '1층', '주차가능', '서향']",37.526795,127.035028
2522589266,일반상가,월세,B1/5,350,"4,000",165,162,동향,20250428,"['25년이내', '지하층', '총5층', '동향']",37.5269,127.03615
2522633262,일반상가,월세,1/3,350,"5,000",43,33,북서향,20250428,"['25년이상', '역세권', '1층', '관리비10만원이하']",37.526473,127.03624
2522623230,일반상가,월세,2/3,180,"3,000",45,42,서향,20250428,"['10년이내', '역세권', '중층', '인터폰']",37.525646,127.036625
2522493996,일반상가,월세,1/4,400,"5,000",98,98,동향,20250428,"['25년이상', '1층', '주차가능', '총4층']",37.520597,127.020475
2522494793,일반상가,월세,1/6,400,"8,000",36,36,남향,20250428,"['25년이내', '1층', '관리비20만원이하', '주차가능']",37.522732,127.023203
2522475897,일반상가,월세,1/5,800,"9,000",79,79,서향,20250428,"['25년이내', '역세권', '1층', '주차가능']",37.526896,127.0391
2522535482,일반상가,월세,3/5,90,"1,000",23,23,북향,20250428,"['25년이상', '역세권', '중층', '관리비20만원이하']",37.518777,127.024471
2522518698,일반상가,월세,1/3,800,"9,000",94,94,서향,20250428,"['25년이내', '역세권', '1층', '주차가능']",37.526896,127.0391
2522524192,일반상가,월세,2/4,470,"7,000",93,93,북향,20250428,"['25년이상', '역세권', '중층', '주차가능']",37.52483,127.025438
2522504444,일반상가,월세,B1/5,"3,040",5억,1193,1193,남향,20250428,"['10년이내', '지하층', '주차가능', '엘리베이터']",37.523342,127.037101
2522529506,일반상가,월세,3/6,"4,000",8억,1014,924,동향,20250428,"['25년이상', '역세권', '중층', '주차가능']",37.521208,127.027756
2522523665,일반상가,월세,1/5,300,"5,000",72,39,동향,20250428,"['25년이상', '역세권', '1층', '관리비20만원이하']",37.527749,127.038625
2522517924,일반상가,월세,B1/5,420,"7,000",129,100,남향,20250428,"['10년이내', '역세권', '지하층', '주차가능']",37.52578,127.037596
2522580096,일반상가,월세,3/5,450,"8,000",85,85,서향,20250428,"['2년이내', '역세권', '중층', '관리비20만원이하']",37.525941,127.037471
2522571642,일반상가,월세,3/7,440,"5,000",181,165,동향,20250428,"['25년이내', '역세권', '중층', '주차가능']",37.522509,127.028827
2522566764,일반상가,월세,1/4,"4,000",6억,903,903,남향,20250428,"['25년이상', '역세권', '1층', '주차가능']",37.52822,127.036193
2522567523,일반상가,월세,B1/5,650,1억,144,144,서향,20250428,"['2년이내', '역세권', '지하층', '주차가능']",37.525941,127.037471
2522664197,일반상가,월세,1/5,250,"3,000",68,68,동향,20250428,"['25년이상', '1층', '주차가능', '총5층']",37.520782,127.027078
2522569168,일반상가,월세,1/3,310,"5,000",33,33,남향,20250428,"['25년이상', '역세권', '1층', '관리비10만원이하']",37.526473,127.03624
2522582447,일반상가,월세,B1/9,"2,000",2억,661,661,서향,20250428,"['25년이상', '융자금없는', '역세권', '지하층']",37.523924,127.028773
2522570273,일반상가,월세,B1/6,"1,000",2억,276,264,동향,20250428,"['25년이내', '지하층', '주차가능', '천장에어컨']",37.526807,127.034747
2522541775,일반상가,월세,B1/5,40,500,26,23,북향,20250428,"['25년이상', '지하층', '관리비10만원이하', '총5층']",37.521834,127.023619
2522623041,일반상가,월세,1/4,"6,000",8억,599,599,서향,20250428,"['2년이내', '테라스', '1층', '주차가능']",37.526205,127.034774
2522694153,일반상가,월세,1/2,"1,400",3억,244,244,서향,20250428,"['25년이상', '테라스', '1층', '주차가능']",37.519838,127.023896
2522598818,일반상가,월세,1/4,210,"2,000",92,36,북향,20250428,"['25년이내', '역세권', '1층', '주차가능']",37.525729,127.030493
2522527531,일반상가,월세,B1/4,180,"4,000",146,132,북향,20250428,"['25년이상', '역세권', '지하층', '관리비10만원이하']",37.526363,127.031373
2522531796,일반상가,월세,6/15,"2,018","2억 4,218",372,321,서향,20250428,"['15년이내', '역세권', '중층', '주차가능']",37.517492,127.01956
2522505466,일반상가,월세,2/5,320,"4,000",124,124,북향,20250428,"['25년이내', '중층', '주차가능', '엘리베이터']",37.523136,127.036177
2522688621,일반상가,월세,1/4,210,"2,000",42,36,남향,20250428,"['25년이내', '역세권', '1층', '총4층']",37.525729,127.030493
2522592817,일반상가,월세,11/15,"1,200","1억 2,000",200,165,남향,20250428,"['15년이내', '역세권', '고층', '주차가능']",37.517416,127.021747
2522629374,일반상가,월세,1/5,670,"9,000",115,99,북향,20250428,"['25년이내', '1층', '주차가능', '엘리베이터']",37.523857,127.023472
2522586155,일반상가,월세,1/3,360,"5,000",103,99,동향,20250428,"['25년이상', '1층', '총3층', '동향']",37.521839,127.021649
2522590698,일반상가,월세,1/5,230,"3,000",62,62,북서향,20250428,"['25년이상', '역세권', '1층', '관리비20만원이하']",37.522838,127.026279
2522630565,일반상가,월세,3/4,400,"4,000",92,92,남향,20250428,"['4년이내', '테라스', '역세권', '고층']",37.519758,127.020215
2522639275,일반상가,월세,1/5,310,"4,000",95,89,북향,20250428,"['25년이상', '역세권', '1층', '주차가능']",37.525842,127.028059
2522594218,일반상가,월세,B1/4,330,"4,000",178,178,서향,20250428,"['25년이내', '지하층', '총4층', '서향']",37.523,127.036245
2522544848,일반상가,월세,B1/4,400,"5,000",103,99,동향,20250428,"['10년이내', '역세권', '지하층', '총4층']",37.518449,127.022676
2522559740,일반상가,월세,1/5,"1,500",2억,204,181,서향,20250428,"['4년이내', '역세권', '1층', '주차가능']",37.528288,127.036945
2522550333,일반상가,월세,1/4,650,1억,266,266,남향,20250428,"['25년이상', '1층', '총4층', '남향']",37.519525,127.02633
2522753872,일반상가,월세,1/5,700,1억,115,115,동향,20250428,"['25년이상', '역세권', '1층', '총5층']",37.527018,127.039349
2522567493,일반상가,월세,1/3,310,"5,000",33,26,남향,20250428,"['25년이상', '역세권', '1층', '관리비10만원이하']",37.526473,127.03624
2522531593,일반상가,월세,B1/4,150,"1,500",145,116,남향,20250428,"['25년이상', '지하층', '관리비10만원이하', '총4층']",37.522158,127.030128
2522504062,일반상가,월세,1/4,400,"6,500",166,59,북향,20250428,"['25년이상', '융자금없는', '1층', '관리비20만원이하']",37.52408,127.022904
2522698933,일반상가,월세,1/4,400,"5,000",82,66,북동향,20250428,"['25년이상', '1층', '주차가능', '총4층']",37.520597,127.020475
2522659524,일반상가,월세,B1/5,140,"3,000",76,69,남향,20250428,"['25년이상', '지하층', '주차가능', '총5층']",37.521932,127.026687
2522510312,일반상가,월세,2/4,400,"5,000",126,107,남서향,20250428,"['25년이상', '중층', '주차가능', '천장에어컨']",37.52201,127.021761
2522684557,일반상가,월세,1/5,300,"5,000",69,62,남동향,20250428,"['25년이내', '1층', '주차가능', '총5층']",37.52114,127.020836
2522714326,일반상가,월세,B1/5,400,"5,000",194,194,북동향,20250428,"['25년이상', '지하층', '주차가능', '엘리베이터']",37.519129,127.024763
2522475399,일반상가,월세,1/4,650,1억,99,99,북동향,20250428,"['25년이상', '1층', '주차가능', '총4층']",37.522204,127.02142
2522567282,일반상가,월세,1/7,330,"5,000",84,59,북향,20250428,"['25년이내', '1층', '주차가능', '북향']",37.52204,127.021092
2522550301,일반상가,월세,1/5,"1억 1,000",10억,1100,1100,동향,20250428,"['25년이상', '융자금적은', '1층', '주차가능']",37.522345,127.022502
2522550843,일반상가,월세,1/5,"1,200","1억 5,000",145,72,북향,20250428,"['25년이상', '융자금적은', '역세권', '1층']",37.528561,127.036721
2522712607,일반상가,매매,5/5,,10억,126,64,남향,20250428,"['25년이내', '역세권', '고층', '주차가능']",37.527975,127.037215
2522758394,일반상가,월세,1/4,480,"6,000",121,49,북서향,20250428,"['25년이상', '역세권', '1층', '관리비20만원이하']",37.527427,127.03048
2522710284,일반상가,월세,2/5,550,1억,135,99,남서향,20250428,"['4년이내', '융자금없는', '역세권', '중층']",37.528413,127.03666
2522726806,일반상가,월세,4/6,"1,500","3억 5,000",280,280,남향,20250428,"['25년이상', '역세권', '중층', '주차가능']",37.523342,127.038141
2522705940,일반상가,월세,4/5,330,"5,000",90,82,남향,20250428,"['25년이내', '융자금없는', '역세권', '고층']",37.525599,127.037508
2522716007,복합상가,월세,4/6,350,"4,000",122,100,북서향,20250428,"['25년이내', '중층', '주차가능', '엘리베이터']",37.520113,127.020472
2522732971,일반상가,월세,1/6,"3,000",4억,330,214,동향,20250428,"['25년이내', '융자금없는', '1층', '주차가능']",37.521226,127.022686
2522729919,일반상가,월세,6/6,"1,600",2억,363,297,서향,20250428,"['25년이내', '고층', '주차가능', '엘리베이터']",37.521636,127.028615
2522730320,일반상가,월세,1/6,"1,500",2억,148,148,남향,20250428,"['25년이내', '1층', '주차가능', '엘리베이터']",37.526709,127.034992
2522726081,일반상가,월세,1/4,"2,000",4억,105,82,동향,20250428,"['25년이상', '역세권', '1층', '주차가능']",37.519184,127.022978
2522725487,일반상가,월세,5/6,560,"5,000",183,174,북향,20250428,"['25년이내', '고층', '주차가능', '엘리베이터']",37.519876,127.02667
2522727206,일반상가,월세,B1/15,"3,706","3억 7,063",1588,612,서향,20250428,"['4년이내', '역세권', '지하층', '주차가능']",37.519963,127.019007
2522720693,일반상가,월세,1/7,900,2억,234,105,서향,20250428,"['25년이상', '역세권', '1층', '주차가능']",37.523079,127.028609
2522755811,일반상가,월세,4/5,100,"1,500",43,43,동향,20250428,"['25년이상', '역세권', '고층', '주차가능']",37.522393,127.027949
2522767436,일반상가,월세,1/6,358,"5,000",74,40,남향,20250428,"['25년이상', '역세권', '1층', '주차가능']",37.524809,127.026927
2522755562,일반상가,월세,B1/4,220,"3,000",107,99,북동향,20250428,"['25년이상', '역세권', '지하층', '주차가능']",37.522742,127.02609
2522764652,복합상가,월세,1/2,450,1억,27,26,남향,20250428,"['25년이상', '역세권', '1층', '주차가능']",37.528022,127.038542
2522771516,일반상가,월세,6/9,"5,400",12억,1345,1134,서향,20250428,"['25년이상', '융자금없는', '역세권', '중층']",37.523924,127.028773
2522735491,일반상가,월세,2/3,320,"4,000",78,78,북향,20250428,"['25년이상', '역세권', '중층', '총3층']",37.518032,127.019785
2522746356,일반상가,월세,2/4,230,"5,000",99,99,북동향,20250428,"['25년이상', '역세권', '중층', '관리비20만원이하']",37.522897,127.030622
2522734239,일반상가,월세,2/6,580,1억,148,120,북서향,20250428,"['25년이내', '역세권', '지상층(1층제외)', '주차가능']",37.517568,127.021595
2522748525,일반상가,월세,4/5,200,"3,000",84,69,남향,20250428,"['25년이상', '역세권', '고층', '주차가능']",37.522789,127.029128
2522437353,일반상가,월세,B1/3,150,"2,500",141,132,남향,20250426,"['25년이상', '지하층', '총3층', '남향']",37.520904,127.026948
2522456896,일반상가,월세,1/7,"1,400",2억,132,132,북향,20250426,"['25년이상', '1층', '주차가능', '엘리베이터']",37.524021,127.023923
2522458034,일반상가,월세,B1/5,320,"4,000",134,110,북향,20250426,"['25년이상', '지하층', '주차가능', '엘리베이터']",37.526467,127.033762
2522322595,일반상가,월세,5/5,230,"3,000",150,115,남동향,20250426,"['25년이상', '테라스', '역세권', '고층']",37.517472,127.020677
2522459307,일반상가,월세,4/4,900,"1억 2,000",192,192,동향,20250426,"['25년이상', '테라스', '역세권', '고층']",37.525964,127.037662
2522457827,일반상가,월세,1/4,800,"1억 3,000",85,85,북향,20250426,"['25년이상', '1층', '주차가능', '엘리베이터']",37.52408,127.022904
2522458382,일반상가,월세,1/5,350,"5,000",63,63,남향,20250426,"['25년이내', '역세권', '1층', '주차가능']",37.527975,127.037215
2522458046,일반상가,월세,1/4,"4,500",5억,495,495,동향,20250426,"['25년이상', '1층', '주차가능', '총4층']",37.52359,127.022299
2522375582,일반상가,월세,4/5,400,"5,000",101,99,북향,20250426,"['25년이상', '고층', '주차가능', '엘리베이터']",37.526467,127.033762
2522458242,일반상가,월세,1/6,220,"3,000",42,42,북향,20250426,"['25년이상', '역세권', '1층', '주차가능']",37.522918,127.027217
2522455843,일반상가,월세,1/8,"1,300","2억 3,000",340,340,북향,20250426,"['25년이내', '1층', '주차가능', '엘리베이터']",37.52245,127.020843
2522313022,일반상가,월세,1/4,250,"3,000",202,30,북향,20250426,"['25년이상', '역세권', '1층', '주차가능']",37.528665,127.032573
2522315073,일반상가,월세,5/6,294,"3,500",94,86,북동향,20250426,"['25년이내', '고층', '주차가능', '북동향']",37.522938,127.025376
2522303859,일반상가,월세,5/5,260,"3,000",56,56,북동향,20250426,"['4년이내', '고층', '주차가능', '천장에어컨']",37.521349,127.024334
2522317465,일반상가,월세,B1/6,330,"5,000",95,95,서향,20250426,"['10년이내', '역세권', '지하층', '주차가능']",37.523492,127.038006
2522302800,일반상가,월세,1/3,150,"3,000",82,23,서향,20250426,"['25년이상', '1층', '관리비10만원이하', '주차가능']",37.520029,127.025311
2522081905,일반상가,월세,2/4,500,"7,000",287,93,남서향,20250426,"['25년이상', '역세권', '중층', '주차가능']",37.52483,127.025438
2522319241,일반상가,월세,1/3,850,"1억 3,000",236,155,남서향,20250426,"['25년이상', '1층', '주차가능', '천장에어컨']",37.520567,127.023681
2522306426,일반상가,월세,3/4,400,"5,000",151,132,동향,20250426,"['25년이상', '역세권', '고층', '주차가능']",37.526046,127.030264
2522401563,일반상가,월세,1/4,370,"5,000",38,38,동향,20250426,"['25년이상', '역세권', '1층', '관리비20만원이하']",37.524903,127.039306
2522350912,일반상가,월세,6/9,"5,400",12억,1345,1134,서향,20250426,"['25년이상', '융자금없는', '역세권', '중층']",37.524212,127.028762
2522445822,일반상가,월세,2/5,560,"6,000",204,197,남향,20250426,"['25년이상', '역세권', '중층', '주차가능']",37.527077,127.03826
2522322547,일반상가,월세,1/5,370,"5,000",50,50,남향,20250426,"['25년이상', '역세권', '1층', '관리비20만원이하']",37.519294,127.020526
2522308907,일반상가,월세,B1/5,290,"4,000",105,94,남서향,20250426,"['2년이내', '역세권', '지하층', '주차가능']",37.5194,127.021462
2522305352,일반상가,월세,B1/4,350,"5,000",165,165,남향,20250426,"['15년이내', '역세권', '지하층', '주차가능']",37.525588,127.030482
2522318697,일반상가,월세,1/4,250,"3,000",39,29,서향,20250426,"['25년이상', '역세권', '1층', '주차가능']",37.528665,127.032573
2522141151,일반상가,월세,3/7,"1,130","1억 3,600",323,239,서향,20250425,"['25년이내', '중층', '주차가능', '서향']",37.521503,127.027048
2522103787,일반상가,월세,B1/5,250,"4,000",160,132,남동향,20250425,"['25년이상', '역세권', '지하층', '천장에어컨']",37.518186,127.023009
2521676995,일반상가,월세,1/3,500,"8,000",127,33,북향,20250425,"['25년이내', '1층', '관리비10만원이하', '천장에어컨']",37.523894,127.037383
2522234171,일반상가,월세,1/5,700,1억,105,105,동향,20250425,"['25년이상', '융자금적은', '역세권', '1층']",37.527018,127.039349
2522141228,일반상가,월세,2/4,500,1억,162,145,동향,20250425,"['25년이상', '역세권', '중층', '주차가능']",37.523804,127.027469
2522141330,일반상가,월세,B1/4,350,"5,000",231,165,남향,20250425,"['15년이내', '역세권', '지하층', '주차가능']",37.525588,127.030482
2522131210,일반상가,월세,B1/5,350,"5,000",118,118,동향,20250425,"['10년이내', '역세권', '지하층', '관리비20만원이하']",37.523871,127.027239
2522166865,일반상가,월세,1/5,400,"4,000",66,45,남향,20250425,"['25년이상', '역세권', '1층', '주차가능']",37.527538,127.038843
2522163192,일반상가,월세,B1/4,400,"6,000",108,99,서향,20250425,"['25년이상', '지하층', '총4층', '서향']",37.52201,127.021761
2522160994,일반상가,월세,1/6,500,"7,000",88,66,서향,20250425,"['25년이내', '1층', '주차가능', '엘리베이터']",37.521552,127.031606
2522082030,일반상가,월세,B1/6,410,"5,000",127,92,남서향,20250425,"['2년이내', '지하층', '주차가능', '엘리베이터']",37.521806,127.025787
2522115566,일반상가,월세,5/7,"1,080","1억 8,000",439,342,남향,20250425,"['25년이상', '고층', '주차가능', '엘리베이터']",37.526164,127.033802
2522087161,일반상가,월세,1/4,600,1억,163,33,북서향,20250425,"['25년이상', '역세권', '1층', '총4층']",37.517817,127.022319
2522123129,일반상가,월세,1/5,270,"2,000",63,39,남향,20250425,"['15년이내', '1층', '주차가능', '총5층']",37.521939,127.025185
2522088784,일반상가,월세,2/5,350,"5,000",131,131,남향,20250425,"['25년이상', '중층', '관리비10만원이하', '주차가능']",37.523967,127.024547
2522158565,일반상가,월세,3/4,290,"5,000",70,59,남향,20250425,"['10년이내', '테라스', '역세권', '고층']",37.518969,127.024361
2522166636,일반상가,월세,1/5,300,"3,000",33,33,서향,20250425,"['25년이내', '역세권', '1층', '총5층']",37.527061,127.039158
2522147916,복합상가,월세,1/3,150,"3,000",33,23,서향,20250425,"['25년이상', '1층', '관리비10만원이하', '총3층']",37.520029,127.025311
2522140635,일반상가,월세,B1/7,750,"9,000",350,295,서향,20250425,"['25년이내', '지하층', '주차가능', '서향']",37.521503,127.027048
2522149244,일반상가,월세,2/6,"4,000",5억,352,352,동향,20250425,"['25년이상', '융자금없는', '지상층(1층제외)', '주차가능']",37.527762,127.033181
2522124025,일반상가,월세,1/3,347,1억,33,33,동향,20250425,"['25년이내', '역세권', '1층', '주차가능']",37.525011,127.036808
2522123990,일반상가,월세,4/9,"1,130","2억 5,000",449,231,동향,20250425,"['25년이상', '역세권', '중층', '주차가능']",37.524212,127.028762
2522078229,일반상가,월세,1/6,800,"5,000",107,39,남동향,20250425,"['25년이상', '1층', '주차가능', '엘리베이터']",37.520701,127.022778
2522077890,일반상가,월세,2/6,500,"5,000",107,99,남동향,20250425,"['25년이상', '지상층(1층제외)', '주차가능', '엘리베이터']",37.520701,127.022778
2522150498,일반상가,월세,5/7,"2,100",3억,617,537,북향,20250425,"['25년이상', '융자금적은', '역세권', '고층']",37.528498,127.036434
2522140331,일반상가,월세,4/7,940,"1억 1,200",188,159,서향,20250425,"['25년이내', '중층', '주차가능', '서향']",37.521503,127.027048
2522081597,일반상가,월세,2/5,470,"6,500",148,122,북동향,20250425,"['25년이내', '역세권', '중층', '주차가능']",37.524283,127.024292
2522114643,일반상가,월세,5/8,"1,000","1억 5,000",716,250,서향,20250425,"['25년이상', '역세권', '중층', '주차가능']",37.525615,127.039303
2522142559,일반상가,월세,1/6,420,"5,000",71,71,북향,20250425,"['25년이내', '1층', '북향', '관리비30만원이하']",37.521944,127.02087
2522261655,일반상가,월세,B1/6,300,"3,000",123,99,북향,20250425,"['25년이내', '역세권', '지하층', '주차가능']",37.519482,127.020353
2522274255,일반상가,월세,1/4,400,"6,500",59,43,북향,20250425,"['25년이상', '1층', '주차가능', '총4층']",37.52408,127.022904
2522199116,일반상가,월세,1/4,700,1억,216,33,남서향,20250425,"['25년이상', '역세권', '1층', '주차가능']",37.519411,127.023328
2522170829,일반상가,월세,5/5,250,"4,000",55,36,북서향,20250425,"['4년이내', '역세권', '고층', '관리비10만원이하']",37.525789,127.038703
2522133509,일반상가,월세,1/17,"1,800","2억 5,000",72,52,남향,20250425,"['15년이내', '역세권', '1층', '주차가능']",37.51731,127.021502
2522140682,일반상가,월세,1/5,"1,900","2억 5,000",142,142,남향,20250425,"['2년이내', '1층', '주차가능', '엘리베이터']",37.519801,127.022057
2522073764,일반상가,월세,3/6,"3,700","1억 9,200",1080,711,서향,20250425,"['25년이상', '테라스', '중층', '주차가능']",37.522152,127.022966
2522155722,일반상가,월세,1/7,250,"4,000",121,23,서향,20250425,"['25년이내', '1층', '주차가능', '엘리베이터']",37.523775,127.023327
2522246542,일반상가,월세,1/4,210,"2,000",55,36,북서향,20250425,"['25년이내', '역세권', '1층', '주차가능']",37.525729,127.030493
2522078725,일반상가,월세,1/6,750,1억,87,85,남동향,20250425,"['25년이내', '1층', '주차가능', '남동향']",37.522506,127.021475
2522202319,일반상가,월세,1/5,200,"4,000",40,23,서향,20250425,"['10년이내', '역세권', '1층', '총5층']",37.525664,127.038659
2522247968,일반상가,월세,2/5,"1,150","1억 9,000",201,201,서향,20250425,"['2년이내', '역세권', '중층', '주차가능']",37.525941,127.037471
2522140357,일반상가,월세,2/5,900,"1억 5,000",158,158,남향,20250425,"['2년이내', '중층', '주차가능', '엘리베이터']",37.519801,127.022057
2522156278,일반상가,월세,1/5,180,"1,500",85,18,서향,20250425,"['25년이내', '역세권', '1층', '주차가능']",37.52349,127.031227
2522201608,일반상가,월세,1/4,210,"2,000",49,36,남동향,20250425,"['25년이내', '역세권', '1층', '주차가능']",37.525729,127.030493
2522082346,일반상가,월세,2/4,500,1억,128,122,북향,20250425,"['15년이내', '중층', '엘리베이터', '총4층']",37.521397,127.023181
2522259729,일반상가,월세,1/9,395,"4,000",100,66,북동향,20250425,"['25년이상', '역세권', '1층', '주차가능']",37.518777,127.020695
2522228188,일반상가,월세,B1/5,300,"7,000",257,165,동향,20250425,"['10년이내', '역세권', '지하층', '주차가능']",37.524446,127.038383
2522219507,일반상가,월세,B1/2,500,"5,000",324,148,남향,20250425,"['25년이상', '역세권', '지하층', '천장에어컨']",37.528209,127.037838
2522233364,일반상가,월세,1/6,"2,500",5억,328,297,서향,20250425,"['25년이내', '1층', '주차가능', '엘리베이터']",37.521636,127.028615
2522187240,일반상가,월세,1/5,740,"1억 5,000",116,116,북서향,20250425,"['25년이상', '역세권', '1층', '주차가능']",37.527317,127.038788
2522190556,일반상가,월세,7/7,165,"3,000",110,91,남향,20250425,"['25년이상', '테라스', '역세권', '고층']",37.524227,127.02735
2522230001,일반상가,월세,B1/5,290,"4,000",105,105,서향,20250425,"['2년이내', '역세권', '지하층', '주차가능']",37.5194,127.021462
2522254868,일반상가,월세,3/4,600,"7,000",202,130,남동향,20250425,"['25년이상', '역세권', '고층', '총4층']",37.525948,127.027607
2522160744,일반상가,월세,1/5,"1억 2,000",20억,621,621,남동향,20250425,"['25년이상', '융자금적은', '역세권', '1층']",37.518,127.023185
2522171297,일반상가,월세,1/9,430,"5,000",59,59,동향,20250425,"['25년이상', '역세권', '1층', '동향']",37.518777,127.020695
2522247959,일반상가,월세,B1/3,360,"5,000",102,102,북동향,20250425,"['25년이상', '테라스', '지하층', '총3층']",37.521839,127.021649
2522264318,일반상가,월세,1/6,270,"4,000",42,42,동향,20250425,"['25년이상', '역세권', '1층', '관리비20만원이하']",37.520256,127.020212
2522162446,일반상가,월세,1/4,450,"8,000",419,42,서향,20250425,"['25년이내', '역세권', '1층', '주차가능']",37.519267,127.02093
2522238961,일반상가,월세,1/6,"1,500",2억,52,52,남향,20250425,"['4년이내', '역세권', '1층', '주차가능']",37.524487,127.024179
2522160247,일반상가,월세,2/4,390,"5,000",99,82,남향,20250425,"['10년이내', '역세권', '중층', '주차가능']",37.518969,127.024361
2522183169,일반상가,월세,B1/4,730,1억,169,169,동향,20250425,"['4년이내', '역세권', '지하층', '주차가능']",37.525707,127.036916
2522158792,일반상가,월세,1/5,500,1억,80,79,북동향,20250425,"['25년이상', '역세권', '1층', '주차가능']",37.528093,127.035702
2522164897,일반상가,월세,1/6,363,"5,000",102,49,북서향,20250425,"['25년이내', '1층', '주차가능', '북서향']",37.522606,127.020974
2522165803,일반상가,월세,2/4,"1,800",3억,250,245,동향,20250425,"['25년이내', '역세권', '중층', '주차가능']",37.52444,127.036931
2522228236,일반상가,월세,B1/3,500,"5,000",112,112,서향,20250425,"['25년이상', '지하층', '관리비20만원이하', '주차가능']",37.521259,127.023238
2522232026,일반상가,월세,1/17,"1,800","2억 5,000",72,53,남향,20250425,"['15년이내', '역세권', '1층', '주차가능']",37.51731,127.021502
2522232761,일반상가,월세,B1/6,700,1억,436,363,서향,20250425,"['25년이내', '지하층', '주차가능', '엘리베이터']",37.521636,127.028615
2522220653,일반상가,월세,16/17,"3,712",5억,642,422,남향,20250425,"['15년이내', '역세권', '고층', '주차가능']",37.51731,127.021502
2522219826,일반상가,월세,1/9,389,"4,000",435,66,동향,20250425,"['25년이상', '역세권', '1층', '관리비20만원이하']",37.518777,127.020695
2522300530,일반상가,월세,6/6,294,"3,500",94,86,북동향,20250425,"['25년이내', '고층', '주차가능', '엘리베이터']",37.522938,127.025376
2522270750,일반상가,월세,1/3,"1,700",2억,147,147,서향,20250425,"['15년이내', '1층', '총3층', '서향']",37.519408,127.024649
2522247847,일반상가,월세,1/7,300,"3,000",82,37,서향,20250425,"['25년이내', '역세권', '1층', '주차가능']",37.52767,127.031361
2522268667,일반상가,월세,B1/5,150,"3,000",81,69,서향,20250425,"['25년이상', '지하층', '주차가능', '총5층']",37.521932,127.026687
2522239940,일반상가,월세,B1/5,400,"5,000",242,241,서향,20250425,"['25년이상', '지하층', '주차가능', '총5층']",37.520858,127.027589
2522299621,일반상가,월세,2/5,200,"3,000",49,49,서향,20250425,"['25년이상', '중층', '주차가능', '천장에어컨']",37.522491,127.032103
2522252748,일반상가,월세,B1/5,380,"5,000",233,198,남향,20250425,"['25년이내', '지하층', '주차가능', '엘리베이터']",37.521658,127.0288
2522282673,일반상가,월세,1/5,"1,100",1억,165,99,서향,20250425,"['25년이상', '1층', '주차가능', '총5층']",37.52309,127.022775
2522285564,일반상가,월세,1/5,500,"5,000",104,76,북향,20250425,"['25년이내', '융자금없는', '1층', '주차가능']",37.522395,127.0318
2522252930,일반상가,월세,B1/5,550,"1억 5,000",277,233,북동향,20250425,"['25년이상', '지하층', '주차가능', '총5층']",37.527636,127.034686
2522269152,일반상가,월세,1/4,360,"5,000",62,62,남향,20250425,"['15년이내', '역세권', '1층', '주차가능']",37.525588,127.030482
2522221582,일반상가,월세,3/5,300,"5,000",92,92,남향,20250425,"['10년이내', '중층', '주차가능', '엘리베이터']",37.521737,127.024951
2522251343,일반상가,월세,1/5,300,"5,000",39,33,서향,20250425,"['25년이내', '역세권', '1층', '관리비10만원이하']",37.526691,127.036348
2522236140,일반상가,월세,B1/6,300,"5,000",134,134,남서향,20250425,"['4년이내', '지하층', '주차가능', '엘리베이터']",37.522597,127.03241
2522236338,일반상가,월세,1/6,800,1억,88,54,남서향,20250425,"['4년이내', '1층', '주차가능', '엘리베이터']",37.522597,127.03241
2522291969,일반상가,월세,1/4,410,"5,000",220,148,북서향,20250425,"['25년이상', '역세권', '1층', '주차가능']",37.517702,127.0201
2522296200,복합상가,월세,1/5,200,"4,000",23,23,서향,20250425,"['10년이내', '역세권', '1층', '주차가능']",37.525664,127.038659
2522246072,일반상가,월세,1/5,"2,000","2억 5,000",370,370,서향,20250425,"['2년이내', '1층', '주차가능', '총5층']",37.520845,127.023765
2521834133,일반상가,월세,1/3,637,"3,500",255,255,남향,20250424,"['25년이상', '역세권', '1층', '주차가능']",37.523356,127.032004
2521891914,일반상가,월세,1/4,630,1억,124,90,남향,20250424,"['15년이내', '테라스', '역세권', '1층']",37.51883,127.021608
2521825818,일반상가,월세,1/3,"8,000",17억,550,353,동향,20250424,"['25년이내', '역세권', '1층', '주차가능']",37.518702,127.023007
2521634852,일반상가,월세,5/5,980,"1억 5,000",295,280,북서향,20250424,"['25년이상', '융자금없는', '역세권', '고층']",37.517788,127.022126
2521895740,일반상가,월세,1/6,"4,611","4억 6,110",508,508,동향,20250424,"['25년이상', '1층', '주차가능', '동향']",37.52306,127.022327
2521884954,일반상가,월세,1/6,"5,500","5억 5,000",599,599,서향,20250424,"['4년이내', '역세권', '1층', '주차가능']",37.519819,127.023413
2521880282,일반상가,월세,1/4,810,"1억 3,000",188,188,남향,20250424,"['10년이내', '역세권', '1층', '주차가능']",37.518969,127.024361
2521885580,일반상가,월세,3/4,"1,600",2억,347,347,서향,20250424,"['25년이내', '역세권', '고층', '주차가능']",37.519267,127.02093
2521877355,일반상가,월세,1/7,900,"1억 7,000",243,212,남향,20250424,"['25년이내', '1층', '주차가능', '엘리베이터']",37.522773,127.021356
2521867276,일반상가,월세,1/2,200,1억,30,30,북향,20250424,"['25년이상', '역세권', '1층', '주차가능']",37.526878,127.037691
2521887880,일반상가,월세,1/4,"1,500","2억 3,000",417,417,남향,20250424,"['10년이내', '역세권', '1층', '주차가능']",37.518969,127.024361
2521836159,일반상가,월세,1/2,"1,400",3억,244,243,남서향,20250424,"['25년이상', '테라스', '1층', '천장에어컨']",37.519838,127.023896
2521878893,일반상가,월세,3/6,"4,815","1억 9,200",933,710,서향,20250424,"['25년이상', '중층', '주차가능', '서향']",37.522152,127.022966
2522048010,일반상가,월세,1/4,390,"5,000",129,129,남향,20250424,"['25년이상', '융자금없는', '역세권', '1층']",37.525271,127.026889
2522025612,일반상가,매매,1/3,,20억,35,34,동향,20250424,"['25년이상', '역세권', '1층', '총3층']",37.527832,127.030478
2522040214,일반상가,월세,5/14,"1,300",4억,334,297,남향,20250424,"['25년이내', '중층', '주차가능', '남향']",37.521649,127.033039
2522037412,일반상가,월세,1/6,400,"7,000",56,54,서향,20250424,"['25년이내', '융자금적은', '역세권', '1층']",37.527398,127.030976
2522050497,일반상가,월세,4/5,150,"2,000",118,82,동향,20250424,"['25년이상', '고층', '관리비10만원이하', '주차가능']",37.521961,127.026123
2522041147,일반상가,월세,B1/3,360,"5,000",102,99,동향,20250424,"['25년이상', '지하층', '총3층', '동향']",37.521839,127.021649
2522058212,일반상가,월세,5/6,262,"3,500",70,60,남향,20250424,"['25년이상', '역세권', '고층', '엘리베이터']",37.524809,127.026927
2522066608,일반상가,월세,1/5,400,"5,000",95,89,북향,20250424,"['25년이상', '역세권', '1층', '주차가능']",37.523581,127.037581
2522062755,일반상가,월세,1/5,510,1억,86,72,남서향,20250424,"['2년이내', '역세권', '1층', '주차가능']",37.5194,127.021462
2522018755,일반상가,월세,1/6,"4,100",8억,691,596,남향,20250424,"['25년이내', '역세권', '1층', '주차가능']",37.521574,127.028449
2522011440,일반상가,월세,1/4,600,1억,97,97,남동향,20250424,"['25년이상', '역세권', '1층', '급매']",37.527576,127.038675
2521988657,일반상가,월세,1/7,550,"9,000",99,66,북동향,20250424,"['25년이상', '1층', '주차가능', '북동향']",37.522943,127.021659
2521999929,일반상가,월세,B1/6,"1,200",1억,457,390,남향,20250424,"['25년이상', '지하층', '주차가능', '남향']",37.523869,127.022966
2522038302,일반상가,월세,1/4,500,"8,000",79,79,남서향,20250424,"['25년이상', '1층', '관리비20만원이하', '주차가능']",37.520355,127.023761
2522046134,일반상가,월세,1/4,450,"8,000",66,66,남동향,20250424,"['10년이내', '역세권', '1층', '주차가능']",37.518969,127.024361
2522051250,복합상가,월세,B1/15,"4,815","6억 2,572",2178,827,서향,20250424,"['4년이내', '역세권', '지하층', '주차가능']",37.519462,127.019142
2522021310,일반상가,매매,B1/3,,75억,436,436,북향,20250424,"['25년이상', '역세권', '지하층', '주차가능']",37.526527,127.027696
2522023469,일반상가,월세,4/6,"1,000",1억,195,156,동향,20250424,"['25년이내', '중층', '주차가능', '동향']",37.523689,127.032769
2521946694,일반상가,월세,1/5,"6,000",8억,599,535,북향,20250424,"['2년이내', '1층', '주차가능', '총5층']",37.526205,127.034774
2521932885,일반상가,월세,1/3,367,1억,30,30,동향,20250424,"['25년이내', '역세권', '1층', '주차가능']",37.525022,127.036974
2521952978,일반상가,월세,2/5,309,"5,000",130,130,동향,20250424,"['25년이상', '중층', '주차가능', '천장에어컨']",37.523961,127.024242
2521939139,일반상가,월세,1/4,410,"5,000",120,96,동향,20250424,"['25년이상', '1층', '주차가능', '총4층']",37.521552,127.020741
2521960435,일반상가,월세,1/6,350,"8,000",80,79,북향,20250424,"['25년이내', '1층', '주차가능', '북향']",37.521895,127.032244
2521935182,일반상가,월세,7/15,"1,200","1억 2,000",200,146,남향,20250424,"['15년이내', '역세권', '중층', '주차가능']",37.517416,127.021747
2521946418,일반상가,월세,4/6,"1,100",2억,425,425,서향,20250424,"['25년이상', '중층', '주차가능', '엘리베이터']",37.521282,127.02847
2522022160,일반상가,월세,3/4,600,"7,000",214,191,북향,20250424,"['25년이상', '역세권', '고층', '주차가능']",37.525948,127.027607
2521972830,일반상가,월세,2/6,450,"6,000",126,99,서향,20250424,"['25년이내', '지상층(1층제외)', '천장에어컨', '서향']",37.521684,127.022179
2521965129,일반상가,월세,3/4,350,"3,000",112,99,동향,20250424,"['25년이상', '역세권', '고층', '관리비20만원이하']",37.525205,127.039493
2522011420,일반상가,월세,1/5,220,"3,000",28,28,북향,20250424,"['25년이상', '역세권', '1층', '주차가능']",37.522918,127.027217
2521948507,복합상가,월세,2/4,160,"2,000",88,88,북동향,20250424,"['25년이상', '역세권', '중층', '주차가능']",37.528153,127.038065
2521907231,일반상가,월세,1/8,"1,300","2억 5,000",500,333,북향,20250424,"['25년이내', '1층', '주차가능', '북향']",37.52245,127.020843
2521916772,일반상가,월세,2/6,"1,300","1억 5,000",270,234,북향,20250424,"['25년이상', '역세권', '지상층(1층제외)', '엘리베이터']",37.51902,127.022623
2521903863,일반상가,월세,1/5,"2,200","2억 5,000",600,600,서향,20250424,"['2년이내', '1층', '주차가능', '총5층']",37.520845,127.023765
2521924662,일반상가,월세,1/5,550,"9,000",187,66,북향,20250424,"['25년이상', '융자금없는', '1층', '주차가능']",37.522943,127.021659
2521911382,일반상가,월세,B1/7,550,"1억 1,000",214,155,남향,20250424,"['10년이내', '역세권', '지하층', '주차가능']",37.524436,127.024607
2521998225,일반상가,월세,B1/4,500,"5,000",135,132,남향,20250424,"['25년이상', '지하층', '주차가능', '총4층']",37.520502,127.02417
2521973473,일반상가,월세,1/5,650,"7,000",62,62,북향,20250424,"['25년이상', '역세권', '1층', '주차가능']",37.51804,127.022049
2521996723,일반상가,월세,1/5,500,"5,000",105,99,남향,20250424,"['25년이내', '1층', '주차가능', '총5층']",37.522395,127.0318
2522015016,일반상가,월세,1/7,300,"3,000",82,36,북향,20250424,"['25년이내', '융자금적은', '테라스', '역세권']",37.52767,127.031361
2521990402,일반상가,월세,B1/3,800,1억,198,198,북향,20250424,"['25년이내', '역세권', '지하층', '주차가능']",37.525813,127.03639
2521963441,일반상가,월세,1/4,"1,500",2억,112,99,동향,20250424,"['25년이상', '역세권', '1층', '주차가능']",37.525205,127.039493
2521876601,일반상가,월세,1/4,"4,500",8억,793,535,동향,20250424,"['25년이내', '역세권', '1층', '주차가능']",37.52444,127.036931
2522080504,일반상가,월세,1/6,"1,800","3억 5,000",153,150,동향,20250424,"['25년이상', '융자금적은', '1층', '주차가능']",37.523253,127.022315
2522025945,단지내상가,매매,1/17,,11억,82,49,서향,20250424,"['25년이상', '역세권', '1층', '주차가능']",37.526977,127.037251
2521878909,일반상가,월세,2/6,400,"4,000",189,157,서향,20250424,"['25년이상', '역세권', '지상층(1층제외)', '주차가능']",37.519372,127.019631
2521975314,일반상가,월세,2/5,590,"8,000",119,88,북서향,20250424,"['4년이내', '역세권', '중층', '주차가능']",37.525789,127.038703
2522064786,일반상가,월세,1/6,"6,800","4억 5,800",819,539,서향,20250424,"['25년이상', '1층', '주차가능', '천장에어컨']",37.522152,127.022966
2521893310,일반상가,월세,2/5,550,1억,158,132,남향,20250424,"['25년이상', '역세권', '중층', '주차가능']",37.5237,127.029455
2521960818,일반상가,월세,2/4,400,"6,000",126,126,서향,20250424,"['25년이상', '중층', '천장에어컨', '총4층']",37.52201,127.021761
2521951906,일반상가,월세,1/5,500,"5,000",106,84,동향,20250424,"['4년이내', '1층', '주차가능', '총5층']",37.521349,127.024334
2521953326,일반상가,월세,1/6,"1,350",1억,212,181,서향,20250424,"['25년이내', '역세권', '1층', '주차가능']",37.51932,127.024023
2522080460,일반상가,월세,3/6,"1,200","2억 5,000",207,207,남동향,20250424,"['25년이상', '융자금적은', '중층', '주차가능']",37.523253,127.022315
2521919625,일반상가,월세,1/5,500,"7,500",42,42,북동향,20250424,"['25년이내', '역세권', '1층', '관리비20만원이하']",37.525599,127.037508
2522080397,일반상가,월세,1/6,400,1억,45,30,남동향,20250424,"['25년이상', '융자금적은', '1층', '주차가능']",37.523253,127.022315
2522052796,일반상가,월세,2/4,270,"3,500",103,82,북동향,20250424,"['25년이상', '역세권', '중층', '주차가능']",37.528036,127.032438
2522080581,일반상가,월세,2/6,"1,400",3억,207,207,남동향,20250424,"['25년이상', '융자금적은', '지상층(1층제외)', '주차가능']",37.523253,127.022315
2522083621,단지내상가,월세,1/7,500,1억,152,100,남동향,20250424,"['25년이내', '역세권', '1층', '주차가능']",37.523755,127.030733
2521836848,일반상가,월세,1/4,"3,000",3억,90,90,동향,20250424,"['25년이상', '역세권', '1층', '엘리베이터']",37.525742,127.02819
2521928321,일반상가,월세,1/5,800,"9,000",98,80,서향,20250424,"['25년이내', '역세권', '1층', '주차가능']",37.526896,127.0391
2521910958,일반상가,월세,2/5,700,1억,150,150,남향,20250424,"['25년이내', '테라스', '중층', '주차가능']",37.52176,127.03097
2521903598,일반상가,월세,2/5,"3,400",4억,678,678,북향,20250424,"['25년이내', '역세권', '중층', '주차가능']",37.52877,127.033217
2521910659,일반상가,월세,B1/5,400,"4,000",104,104,북동향,20250424,"['4년이내', '지하층', '주차가능', '엘리베이터']",37.521349,127.024334
2521911190,일반상가,월세,2/5,470,"5,000",119,119,북동향,20250424,"['4년이내', '중층', '주차가능', '엘리베이터']",37.521349,127.024334
2521833012,일반상가,월세,1/4,230,"3,000",59,43,남서향,20250424,"['25년이상', '역세권', '1층', '관리비20만원이하']",37.522742,127.02609
2521955775,일반상가,월세,2/6,650,1억,181,165,동향,20250424,"['25년이상', '역세권', '지상층(1층제외)', '주차가능']",37.527544,127.039523
2521959389,일반상가,월세,2/6,"1,500",3억,452,388,남향,20250424,"['25년이상', '지상층(1층제외)', '주차가능', '엘리베이터']",37.522384,127.035194
2521947887,일반상가,월세,B1/3,300,"5,000",85,85,서향,20250424,"['25년이내', '지하층', '주차가능', '총3층']",37.523072,127.034976
2521957039,일반상가,월세,1/4,290,"3,500",40,26,남서향,20250424,"['25년이상', '1층', '주차가능', '총4층']",37.524016,127.024843
2521868823,일반상가,월세,1/3,400,"5,000",49,49,동향,20250424,"['25년이내', '역세권', '1층', '관리비10만원이하']",37.525596,127.036451
2521877847,일반상가,월세,1/4,540,"8,000",81,81,남향,20250424,"['10년이내', '역세권', '1층', '주차가능']",37.518969,127.024361
2521842293,일반상가,월세,B1/3,270,"2,000",134,134,남향,20250424,"['25년이상', '지하층', '주차가능', '총3층']",37.520998,127.028672
2521833989,일반상가,월세,B1/5,700,"8,000",171,125,동향,20250424,"['4년이내', '역세권', '지하층', '주차가능']",37.526951,127.03671
2521840024,일반상가,월세,5/14,"1,300",4억,492,290,북향,20250424,"['25년이내', '중층', '주차가능', '엘리베이터']",37.521818,127.032955
2521911112,일반상가,월세,1/2,230,"3,000",65,65,남동향,20250424,"['25년이상', '1층', '주차가능', '총2층']",37.521653,127.019853
2521927728,일반상가,월세,1/4,850,1억,95,76,북동향,20250424,"['25년이상', '1층', '주차가능', '총4층']",37.523642,127.023019
2521929388,일반상가,월세,1/5,450,"8,000",138,105,북향,20250424,"['25년이내', '1층', '주차가능', '총5층']",37.521564,127.030388
2521904750,일반상가,월세,1/6,"1,000","8,000",135,66,동향,20250424,"['25년이상', '1층', '동향', '관리비50만원이하']",37.520701,127.022778
2521904768,일반상가,월세,5/6,650,"9,000",144,144,남향,20250424,"['4년이내', '역세권', '고층', '주차가능']",37.524487,127.024179
2521901015,일반상가,월세,B1/5,300,"7,000",326,326,동향,20250424,"['10년이내', '역세권', '지하층', '주차가능']",37.524446,127.038383
2522065351,일반상가,월세,3/4,600,1억,172,160,북서향,20250424,"['10년이내', '융자금적은', '고층', '주차가능']",37.522016,127.023284
2522055042,일반상가,월세,1/7,"1,400",2억,230,132,북서향,20250424,"['25년이상', '1층', '주차가능', '엘리베이터']",37.524021,127.023923
2522043920,일반상가,월세,6/6,300,"5,000",62,46,남동향,20250424,"['4년이내', '테라스', '역세권', '고층']",37.524487,127.024179
2522024570,일반상가,월세,B2/6,438,"7,500",361,297,북서향,20250424,"['25년이상', '융자금적은', '지하층', '주차가능']",37.520743,127.019434
2521925167,일반상가,월세,B1/5,400,"5,000",194,188,남동향,20250424,"['25년이상', '지하층', '주차가능', '엘리베이터']",37.519129,127.024763
2522066105,일반상가,월세,1/4,480,"6,000",47,47,북향,20250424,"['25년이상', '융자금없는', '역세권', '1층']",37.527427,127.03048
2521634287,일반상가,월세,4/6,440,"5,000",144,144,동향,20250423,"['25년이상', '중층', '주차가능', '엘리베이터']",37.521043,127.022707
2521635466,일반상가,월세,1/6,"1,500",2억,60,52,남향,20250423,"['4년이내', '융자금없는', '역세권', '1층']",37.524487,127.024179
2521636677,일반상가,월세,B1/6,500,"6,000",175,175,남향,20250423,"['10년이내', '지하층', '주차가능', '엘리베이터']",37.520238,127.025762
2521635329,일반상가,월세,2/4,500,"7,000",115,100,남향,20250423,"['25년이상', '역세권', '중층', '주차가능']",37.52483,127.025438
2521635132,일반상가,월세,1/6,360,"5,000",52,52,서향,20250423,"['10년이내', '역세권', '1층', '주차가능']",37.523492,127.038006
2521630746,일반상가,월세,2/3,210,"2,500",69,59,북향,20250423,"['10년이내', '중층', '주차가능', '엘리베이터']",37.525143,127.036783
2521797756,일반상가,월세,3/5,500,1억,165,142,서향,20250423,"['25년이상', '융자금없는', '역세권', '중층']",37.526989,127.039616
2521725529,일반상가,월세,3/5,370,"5,000",137,130,남동향,20250423,"['25년이상', '융자금적은', '중층', '주차가능']",37.519129,127.024763
2521799692,일반상가,월세,1/7,800,"1억 5,000",211,185,북동향,20250423,"['25년이내', '1층', '주차가능', '북동향']",37.522773,127.021356
2521633258,일반상가,월세,1/6,500,"5,000",100,77,북향,20250423,"['2년이내', '1층', '주차가능', '엘리베이터']",37.519639,127.025955
2521632880,일반상가,월세,B1/5,400,1억,199,199,동향,20250423,"['25년이상', '융자금없는', '지하층', '주차가능']",37.520943,127.027855
2521632980,일반상가,월세,4/4,650,1억,200,198,동향,20250423,"['25년이상', '융자금없는', '역세권', '고층']",37.527245,127.030595
2521633111,일반상가,월세,B1/6,350,"4,000",78,65,북향,20250423,"['2년이내', '지하층', '주차가능', '엘리베이터']",37.519639,127.025955
2521632787,일반상가,월세,5/7,330,"5,000",165,153,남향,20250423,"['25년이상', '융자금없는', '역세권', '고층']",37.524227,127.02735
2521799211,일반상가,월세,1/4,500,"5,000",77,66,북향,20250423,"['25년이내', '융자금없는', '1층', '주차가능']",37.527255,127.034572
2521786782,일반상가,월세,4/7,"1,000",1억,155,138,남향,20250423,"['25년이상', '중층', '주차가능', '남향']",37.527451,127.03463
2521797452,일반상가,월세,6/6,180,"3,000",69,59,서향,20250423,"['25년이내', '역세권', '고층', '관리비20만원이하']",37.518474,127.021376
2521776496,일반상가,월세,B1/4,360,"4,000",125,120,북향,20250423,"['25년이상', '지하층', '총4층', '북향']",37.520408,127.023888
2521796963,일반상가,월세,1/6,"8,000",10억,1085,868,서향,20250423,"['25년이내', '역세권', '1층', '주차가능']",37.527009,127.03647
2521798035,일반상가,월세,B1/4,535,"6,000",147,115,남향,20250423,"['10년이내', '지하층', '주차가능', '엘리베이터']",37.524801,127.036478
2521790974,일반상가,월세,1/6,400,"5,000",54,54,서향,20250423,"['25년이내', '역세권', '1층', '주차가능']",37.527398,127.030976
2521820281,일반상가,월세,B1/6,220,"3,000",144,121,북향,20250423,"['25년이내', '지하층', '주차가능', '북향']",37.521944,127.02087
2521797559,일반상가,월세,1/6,"8,000",20억,661,561,동향,20250423,"['25년이상', '역세권', '1층', '주차가능']",37.523342,127.038141
2521774737,일반상가,월세,1/6,"8,000",10억,1085,1085,서향,20250423,"['25년이내', '역세권', '1층', '주차가능']",37.527009,127.03647
2521816578,일반상가,월세,1/7,"1,300",3억,311,231,남향,20250423,"['25년이상', '테라스', '1층', '관리비10만원이하']",37.528598,127.034824
2521800856,일반상가,월세,1/5,"8,700",10억,1346,1123,북향,20250423,"['25년이내', '역세권', '1층', '주차가능']",37.52877,127.033217
2521798110,일반상가,월세,B1/5,"3,040",5억,1433,307,동향,20250423,"['10년이내', '지하층', '주차가능', '총5층']",37.523342,127.037101
2521757125,일반상가,월세,1/5,280,"5,000",33,33,서향,20250423,"['25년이내', '역세권', '1층', '관리비20만원이하']",37.526691,127.036348
2521683327,일반상가,월세,2/6,500,"5,000",107,107,남동향,20250423,"['25년이상', '지상층(1층제외)', '주차가능', '엘리베이터']",37.520701,127.022778
2521761874,일반상가,월세,5/5,500,1억,136,136,북향,20250423,"['25년이상', '고층', '총5층', '북향']",37.527636,127.034686
2521678168,일반상가,월세,3/6,"1,400","1억 5,000",303,264,남향,20250423,"['25년이내', '역세권', '중층', '주차가능']",37.52496,127.038648
2521756579,일반상가,월세,1/5,350,"5,000",55,55,북동향,20250423,"['25년이상', '역세권', '1층', '주차가능']",37.518889,127.024694
2521788277,일반상가,월세,B1/7,420,"6,000",352,352,남향,20250423,"['25년이상', '역세권', '지하층', '주차가능']",37.52338,127.027224
2521798596,복합상가,월세,1/2,630,1억,55,55,서향,20250423,"['25년이상', '융자금없는', '역세권', '1층']",37.528022,127.038542
2521789006,일반상가,월세,1/5,800,"9,000",94,80,서향,20250423,"['25년이내', '융자금없는', '역세권', '1층']",37.526896,127.0391
2521772831,일반상가,월세,3/3,60,500,78,39,북향,20250423,"['25년이상', '역세권', '고층', '관리비10만원이하']",37.527749,127.038625
2521793037,일반상가,월세,4/6,"1,120","1억 5,000",317,264,남향,20250423,"['25년이내', '역세권', '중층', '주차가능']",37.525048,127.038564
2521797264,일반상가,월세,1/5,300,"5,000",30,21,남서향,20250423,"['25년이상', '1층', '총5층', '남서향']",37.523967,127.024547
2521778567,단지내상가,월세,2/4,600,"7,000",143,143,동향,20250423,"['25년이상', '역세권', '중층', '총4층']",37.519221,127.023742
2521644585,일반상가,월세,1/6,500,"5,000",100,76,동향,20250423,"['2년이내', '1층', '주차가능', '엘리베이터']",37.519639,127.025955
2521634973,일반상가,월세,B2/6,300,"3,000",110,81,북향,20250423,"['2년이내', '지하층', '주차가능', '엘리베이터']",37.519639,127.025955
2521634698,일반상가,월세,1/4,"1,200",2억,346,346,북서향,20250423,"['25년이상', '융자금없는', '1층', '주차가능']",37.523341,127.021434
2521717749,일반상가,월세,5/14,"1,300",4억,357,297,남향,20250423,"['25년이내', '중층', '주차가능', '엘리베이터']",37.521649,127.033039
2521654741,일반상가,월세,1/4,"4,000",5억,161,148,서향,20250423,"['25년이내', '테라스', '1층', '주차가능']",37.525109,127.036185
2521725591,단지내상가,월세,1/4,"1,500",2억,111,99,동향,20250423,"['25년이상', '역세권', '1층', '주차가능']",37.525205,127.039493
2521654460,일반상가,월세,1/4,12억,20억,621,483,남동향,20250423,"['25년이상', '융자금없는', '역세권', '1층']",37.518,127.023185
2521755343,일반상가,월세,1/7,"1,500",3억,291,291,남향,20250423,"['25년이상', '역세권', '1층', '주차가능']",37.524227,127.02735
2521799915,일반상가,월세,1/2,"2,000",2억,192,165,남향,20250423,"['25년이상', '1층', '총2층', '남향']",37.527338,127.034971
2521799731,일반상가,월세,4/5,500,"7,000",115,115,북서향,20250423,"['25년이내', '역세권', '고층', '주차가능']",37.527061,127.039158
2521814992,일반상가,월세,B1/3,350,"3,000",183,137,남서향,20250423,"['25년이상', '융자금적은', '역세권', '지하층']",37.524861,127.024865
2521802432,일반상가,월세,2/2,600,1억,198,198,동향,20250423,"['25년이상', '테라스', '역세권', '고층']",37.526112,127.037302
2521801638,단지내상가,월세,1/2,280,"5,000",26,23,남서향,20250423,"['25년이내', '역세권', '1층', '관리비10만원이하']",37.527468,127.03724
2521815521,일반상가,월세,B1/4,730,1억,166,147,동향,20250423,"['4년이내', '역세권', '지하층', '관리비10만원이하']",37.525707,127.036916
2521797898,일반상가,월세,1/3,"6,000",6억,304,304,서향,20250423,"['25년이상', '1층', '총3층', '서향']",37.521485,127.022356
2521638269,일반상가,월세,B1/5,250,"4,000",144,119,북향,20250423,"['25년이상', '역세권', '지하층', '주차가능']",37.52402,127.026741
2521643838,일반상가,월세,1/6,330,"5,000",73,37,남향,20250423,"['25년이내', '역세권', '1층', '주차가능']",37.524063,127.027933
2521642599,일반상가,월세,1/5,330,"5,000",66,49,남향,20250423,"['25년이상', '1층', '주차가능', '총5층']",37.520222,127.024271
2521644452,일반상가,월세,1/17,200,"2,000",81,48,남향,20250423,"['25년이상', '역세권', '1층', '주차가능']",37.526977,127.037251
2521802371,일반상가,월세,1/5,300,"5,000",36,33,서향,20250423,"['25년이내', '융자금없는', '역세권', '1층']",37.526691,127.036348
2521802238,일반상가,월세,2/3,550,"5,000",106,99,북향,20250423,"['25년이내', '중층', '주차가능', '엘리베이터']",37.523724,127.035824
2521800599,일반상가,월세,1/4,"4,500",8억,561,519,동향,20250423,"['25년이내', '역세권', '1층', '주차가능']",37.52444,127.036931
2521633992,일반상가,월세,1/6,"1,000","8,000",107,66,동향,20250423,"['25년이상', '1층', '주차가능', '엘리베이터']",37.520701,127.022778
2521634353,일반상가,월세,4/5,370,"5,000",137,136,남향,20250423,"['25년이상', '융자금없는', '고층', '주차가능']",37.519129,127.024763
2521638395,일반상가,월세,B1/3,400,"7,000",133,132,동향,20250423,"['25년이내', '지하층', '주차가능', '천장에어컨']",37.525253,127.036194
2521634802,일반상가,월세,B1/6,320,"4,500",131,116,동향,20250423,"['25년이내', '지하층', '주차가능', '엘리베이터']",37.522938,127.025376
2521634442,일반상가,월세,4/4,320,"5,000",109,109,북동향,20250423,"['25년이상', '고층', '주차가능', '총4층']",37.522972,127.020966
2521755546,일반상가,월세,1/3,120,"1,000",16,16,서향,20250423,"['25년이상', '1층', '주차가능', '총3층']",37.522976,127.025161
2521765303,일반상가,월세,3/4,180,"5,000",59,59,북동향,20250423,"['25년이상', '역세권', '고층', '관리비20만원이하']",37.528153,127.038065
2521702685,일반상가,월세,1/5,"1,600","1억 8,000",274,214,남향,20250423,"['25년이상', '융자금적은', '역세권', '1층']",37.517534,127.020829
2521570865,일반상가,월세,2/5,700,1억,239,232,남동향,20250422,"['25년이내', '융자금적은', '역세권', '중층']",37.518577,127.022164
2521588773,일반상가,월세,1/3,400,"5,000",96,96,남동향,20250422,"['25년이상', '1층', '관리비10만원이하', '총3층']",37.520909,127.023557
2521614451,일반상가,월세,1/5,780,"8,000",50,47,남동향,20250422,"['25년이상', '역세권', '1층', '주차가능']",37.518696,127.022417
2521584514,일반상가,월세,1/4,190,"2,000",29,23,남향,20250422,"['25년이상', '1층', '관리비20만원이하', '주차가능']",37.520063,127.02462
2521516351,일반상가,월세,1/4,"2,500",2억,276,276,북서향,20250422,"['25년이상', '융자금없는', '1층', '주차가능']",37.523575,127.021934
2521534618,일반상가,월세,1/6,400,"8,000",37,36,남동향,20250422,"['25년이내', '1층', '관리비20만원이하', '주차가능']",37.522732,127.023203
2521589449,일반상가,월세,2/4,400,"5,000",127,102,남향,20250422,"['25년이상', '역세권', '중층', '주차가능']",37.527576,127.038675
2521549494,일반상가,월세,B1/5,290,"4,000",105,92,남서향,20250422,"['2년이내', '역세권', '지하층', '주차가능']",37.5194,127.021462
2521536355,일반상가,월세,5/14,"1,300",4억,357,290,남동향,20250422,"['25년이내', '중층', '주차가능', '엘리베이터']",37.521649,127.033039
2521567583,일반상가,월세,4/6,550,"7,000",230,230,서향,20250422,"['25년이내', '역세권', '중층', '주차가능']",37.526889,127.036377
2521588418,일반상가,월세,B1/3,200,"2,000",112,39,서향,20250422,"['25년이상', '융자금없는', '지하층', '관리비10만원이하']",37.521937,127.024515
2521585627,일반상가,월세,1/4,230,"3,000",46,39,남향,20250422,"['25년이상', '1층', '주차가능', '총4층']",37.520063,127.02462
2521563865,일반상가,월세,1/9,388,"4,000",66,66,북동향,20250422,"['25년이상', '역세권', '1층', '북동향']",37.518777,127.020695
2521560931,일반상가,월세,3/6,"1,150",2억,321,264,북향,20250422,"['25년이상', '역세권', '중층', '주차가능']",37.524455,127.027471
2521569581,일반상가,월세,8/8,"1,440","1억 4,040",256,234,남동향,20250422,"['25년이상', '융자금적은', '고층', '주차가능']",37.528585,127.03432
2521587891,일반상가,월세,1/5,"1,103","1억 8,750",160,160,북동향,20250422,"['25년이상', '1층', '주차가능', '총5층']",37.517622,127.022357
2521623375,일반상가,월세,6/6,450,1억,78,66,서향,20250422,"['25년이내', '역세권', '고층', '주차가능']",37.522626,127.028578
2521622886,일반상가,월세,5/6,340,"3,000",131,131,남향,20250422,"['25년이내', '역세권', '고층', '관리비20만원이하']",37.51932,127.024023
2521560713,일반상가,월세,B1/7,470,"5,000",220,198,북동향,20250422,"['25년이상', '역세권', '지하층', '주차가능']",37.525352,127.038588
2521622329,일반상가,월세,2/5,350,"5,000",87,78,남서향,20250422,"['2년이내', '역세권', '중층', '주차가능']",37.5194,127.021462
2521447390,일반상가,월세,2/4,500,1억,128,102,북서향,20250422,"['15년이내', '중층', '엘리베이터', '천장에어컨']",37.521397,127.023181
2521426052,일반상가,월세,1/4,190,"2,000",33,23,남동향,20250422,"['25년이상', '1층', '관리비20만원이하', '주차가능']",37.520063,127.02462
2521567083,일반상가,월세,1/5,"1,250",2억,72,66,,20250422,"['25년이상', '1층', '주차가능', '총5층']",37.52407,127.037356
2521626489,일반상가,월세,3/4,200,"2,000",178,62,남향,20250422,"['25년이상', '고층', '주차가능', '총4층']",37.520153,127.026496
2521396302,일반상가,월세,1/4,"2,500",2억,281,280,북향,20250422,"['25년이상', '1층', '주차가능', '총4층']",37.523575,127.021934
2521623200,일반상가,월세,1/5,430,"5,000",62,49,서향,20250422,"['2년이내', '1층', '주차가능', '엘리베이터']",37.521806,127.025787
2521528707,일반상가,월세,1/5,"2,200",3억,274,255,서향,20250422,"['25년이상', '1층', '주차가능', '총5층']",37.52407,127.037356
2521520625,일반상가,월세,B1/4,"1,500",2억,326,326,북향,20250422,"['25년이내', '지하층', '주차가능', '엘리베이터']",37.523788,127.035989
2521526493,일반상가,월세,3/5,350,"5,000",101,101,북향,20250422,"['25년이상', '역세권', '중층', '주차가능']",37.524568,127.026074
2521534901,일반상가,월세,B1/6,320,"4,500",115,115,동향,20250422,"['25년이내', '지하층', '동향', '관리비60만원이하']",37.522938,127.025376
2521526026,일반상가,월세,6/7,850,"1억 1,000",198,198,북향,20250422,"['25년이상', '역세권', '고층', '주차가능']",37.525927,127.038537
2521517833,일반상가,월세,B1/5,450,1억,200,168,남향,20250422,"['25년이상', '역세권', '지하층', '총5층']",37.527538,127.038843
2521536475,일반상가,월세,1/2,"1,400","1억 5,000",215,215,남서향,20250422,"['25년이상', '역세권', '1층', '주차가능']",37.518094,127.021612
2521519486,일반상가,월세,1/5,"4,000",5억,411,330,남동향,20250422,"['10년이내', '1층', '주차가능', '총5층']",37.523342,127.037101
2521553092,일반상가,월세,B1/3,"1억 2,000",15억,1461,1322,서향,20250422,"['25년이상', '역세권', '지하층', '주차가능']",37.517306,127.019647
2521500171,일반상가,월세,B1/7,320,"4,000",196,180,서향,20250422,"['25년이내', '지하층', '주차가능', '엘리베이터']",37.523775,127.023327
2521518960,일반상가,월세,B1/5,"3,040",5억,1193,992,남향,20250422,"['10년이내', '지하층', '주차가능', '총5층']",37.523342,127.037101
2521524439,일반상가,월세,1/4,700,1억,125,125,남동향,20250422,"['25년이상', '융자금적은', '1층', '주차가능']",37.520502,127.02417
2521537489,일반상가,월세,B2/5,410,"5,000",108,96,남동향,20250422,"['2년이내', '융자금적은', '지하층', '관리비20만원이하']",37.521806,127.025787
2521498871,일반상가,월세,4/6,"1,100",2억,403,335,서향,20250422,"['25년이상', '융자금없는', '중층', '주차가능']",37.521282,127.02847
2521504163,일반상가,월세,2/6,630,"8,000",229,198,북향,20250422,"['25년이내', '역세권', '지상층(1층제외)', '주차가능']",37.522866,127.027008
2521506263,일반상가,월세,2/6,300,"4,000",169,113,동향,20250422,"['25년이내', '지상층(1층제외)', '주차가능', '엘리베이터']",37.522352,127.021168
2521478004,일반상가,월세,B1/4,150,"2,000",56,56,남향,20250422,"['25년이내', '지하층', '주차가능', '총4층']",37.523562,127.035833
2521479547,일반상가,월세,2/5,450,"7,000",108,108,남동향,20250422,"['10년이내', '역세권', '중층', '총5층']",37.52578,127.037596
2521487166,일반상가,월세,B1/4,"1,500",2억,326,264,북향,20250422,"['25년이내', '지하층', '주차가능', '엘리베이터']",37.523788,127.035989
2521440247,일반상가,매매,B1/6,,20억,401,210,서향,20250422,"['25년이내', '역세권', '지하층', '주차가능']",37.527398,127.030976
2521456778,일반상가,월세,1/5,680,"1억 8,000",122,110,남향,20250422,"['25년이상', '역세권', '1층', '주차가능']",37.517272,127.020259
2521406556,일반상가,월세,B1/4,440,"5,000",134,132,북향,20250422,"['25년이상', '지하층', '주차가능', '천장에어컨']",37.520502,127.02417
2521406212,일반상가,월세,1/4,400,"5,000",126,62,북향,20250422,"['25년이상', '1층', '주차가능', '천장에어컨']",37.520502,127.02417
2521396079,일반상가,월세,3/7,300,"4,000",165,148,북향,20250422,"['25년이내', '중층', '주차가능', '엘리베이터']",37.521694,127.027096
2521577776,일반상가,월세,1/5,370,"3,000",99,99,동향,20250422,"['25년이상', '1층', '주차가능', '총5층']",37.519303,127.025037
2521523885,일반상가,월세,B1/5,450,1억,200,200,남향,20250422,"['25년이상', '역세권', '지하층', '총5층']",37.527538,127.038843
2521391077,일반상가,월세,2/5,600,"7,000",165,165,북서향,20250422,"['25년이상', '역세권', '중층', '주차가능']",37.525676,127.037146
2521397176,일반상가,월세,3/3,250,"3,000",90,89,북동향,20250422,"['25년이상', '테라스', '고층', '관리비10만원이하']",37.520909,127.023557
2521398003,일반상가,월세,4/5,250,"3,000",113,99,남향,20250422,"['25년이상', '역세권', '고층', '주차가능']",37.519079,127.023775
2521406208,일반상가,매매,1/5,,11억,74,38,북향,20250422,"['25년이내', '역세권', '1층', '관리비20만원이하']",37.52791,127.037509
2521394438,일반상가,월세,2/4,230,"3,000",89,76,북향,20250422,"['25년이상', '역세권', '중층', '주차가능']",37.518029,127.020862
2521497615,일반상가,월세,전체층/6,"1억 6,000",22억,2502,1756,서향,20250422,"['4년이내', '테라스', '주차가능', '서향']",37.520496,127.020153
2521456742,일반상가,월세,1/5,600,1억,99,79,남동향,20250422,"['10년이내', '1층', '관리비10만원이하', '주차가능']",37.521526,127.021022
2521436442,일반상가,월세,4/5,300,"4,000",69,69,남향,20250422,"['4년이내', '테라스', '역세권', '고층']",37.528288,127.036945
2521406377,일반상가,월세,1/4,700,1억,126,125,북향,20250422,"['25년이상', '1층', '주차가능', '천장에어컨']",37.520502,127.02417
2521410844,일반상가,월세,1/4,190,"2,000",79,23,서향,20250422,"['25년이상', '1층', '관리비10만원이하', '천장에어컨']",37.520063,127.02462
2521426953,일반상가,월세,1/5,280,"5,000",33,19,북동향,20250422,"['25년이상', '1층', '주차가능', '총5층']",37.523967,127.024547
2521402215,일반상가,월세,4/5,900,1억,219,219,남향,20250422,"['25년이상', '역세권', '고층', '주차가능']",37.528159,127.031865
2521419321,일반상가,월세,6/9,"5,400",12억,1345,1133,서향,20250422,"['25년이상', '역세권', '중층', '주차가능']",37.524212,127.028762
2521401547,일반상가,월세,B1/6,110,"4,000",44,31,북서향,20250422,"['25년이내', '역세권', '지하층', '관리비20만원이하']",37.527398,127.030976
2521498389,일반상가,월세,1/4,300,"5,000",126,63,북동향,20250422,"['25년이상', '테라스', '1층', '주차가능']",37.520502,127.02417
2521408987,일반상가,월세,B1/4,850,"1억 3,000",318,303,서향,20250422,"['25년이상', '역세권', '지하층', '주차가능']",37.525998,127.027894
2521399151,일반상가,월세,8/8,"1,440","1억 4,040",231,231,서향,20250422,"['25년이상', '융자금없는', '고층', '주차가능']",37.528585,127.03432
2521469635,일반상가,월세,5/5,200,"3,000",76,75,남향,20250422,"['15년이내', '융자금없는', '테라스', '역세권']",37.523784,127.037546
2521299756,일반상가,월세,4/4,365,"5,000",88,75,북서향,20250421,"['10년이내', '융자금적은', '테라스', '고층']",37.522016,127.023284
2521084227,일반상가,월세,1/6,850,"1억 5,000",100,49,남동향,20250421,"['25년이내', '1층', '남동향', '관리비70만원이하']",37.520341,127.022841
2521146984,일반상가,월세,2/15,720,1억,446,287,남향,20250421,"['25년이상', '지상층(1층제외)', '주차가능', '엘리베이터']",37.520421,127.029112
2521149785,일반상가,월세,6/9,"2,700",6억,1079,566,서향,20250421,"['25년이상', '역세권', '중층', '주차가능']",37.524212,127.028762
2521149084,일반상가,월세,B1/9,"2,000",2억,561,561,서향,20250421,"['25년이상', '역세권', '지하층', '주차가능']",37.523924,127.028773
2521132625,일반상가,월세,1/4,550,"8,000",66,66,동향,20250421,"['25년이상', '역세권', '1층', '주차가능']",37.527245,127.030595
2521115986,일반상가,월세,2/6,"1,200",3억,278,223,동향,20250421,"['25년이상', '역세권', '지상층(1층제외)', '주차가능']",37.518204,127.022425
2521134296,일반상가,월세,B1/6,"1,100","1억 5,000",562,562,북서향,20250421,"['25년이상', '역세권', '지하층', '주차가능']",37.525439,127.026705
2521138364,일반상가,월세,1/6,"1,400",1억,125,105,남향,20250421,"['25년이상', '1층', '주차가능', '남향']",37.523869,127.022966
2521133002,일반상가,월세,B1/6,"1,500",2억,423,267,서향,20250421,"['10년이내', '지하층', '주차가능', '서향']",37.52666,127.035204
2521151030,일반상가,월세,6/9,"5,400",12억,2160,1133,서향,20250421,"['25년이상', '역세권', '중층', '주차가능']",37.524212,127.028762
2521176093,일반상가,월세,2/4,550,"8,000",166,145,북향,20250421,"['25년이상', '역세권', '중층', '주차가능']",37.52503,127.026954
2521173272,일반상가,월세,2/6,550,"7,000",170,170,남향,20250421,"['25년이내', '지상층(1층제외)', '주차가능', '남향']",37.521461,127.030961
2521169271,일반상가,월세,1/2,800,"1억 5,000",232,232,남향,20250421,"['25년이상', '역세권', '1층', '주차가능']",37.519481,127.020928
2521174734,일반상가,월세,B1/5,600,1억,118,99,서향,20250421,"['25년이상', '역세권', '지하층', '주차가능']",37.526459,127.035805
2521170643,일반상가,월세,1/3,160,"3,000",92,26,남향,20250421,"['25년이상', '역세권', '1층', '인터폰']",37.527791,127.037676
2521177705,일반상가,월세,1/4,"2,700","3억 1,700",373,158,북향,20250421,"['25년이상', '역세권', '1층', '주차가능']",37.527073,127.028998
2521132750,일반상가,월세,1/6,400,"5,000",60,45,서향,20250421,"['2년이내', '1층', '주차가능', '서향']",37.527376,127.034795
2521196316,복합상가,월세,1/3,300,"5,000",29,25,북향,20250421,"['25년이상', '역세권', '1층', '총3층']",37.527749,127.038625
2521189540,일반상가,월세,1/5,310,"4,000",94,94,서향,20250421,"['25년이상', '역세권', '1층', '주차가능']",37.525842,127.028059
2521199950,일반상가,월세,1/5,350,"5,000",62,40,남서향,20250421,"['2년이내', '1층', '관리비20만원이하', '주차가능']",37.520845,127.023765
2521186957,일반상가,월세,B2/9,389,"4,000",4553,66,북동향,20250421,"['25년이상', '역세권', '지하층', '관리비20만원이하']",37.518777,127.020695
2521188928,일반상가,월세,1/4,"1,500","2억 2,000",167,167,서향,20250421,"['25년이상', '역세권', '1층', '주차가능']",37.525998,127.027894
2521193758,일반상가,월세,B1/4,250,"3,000",56,56,남향,20250421,"['25년이상', '지하층', '주차가능', '총4층']",37.521937,127.024515
2521192570,일반상가,매매,1/1,,11억,26,26,남향,20250421,"['25년이상', '역세권', '1층', '주차가능']",37.526977,127.037251
2521179110,일반상가,월세,5/7,"1,600",2억,282,264,서향,20250421,"['25년이상', '역세권', '고층', '주차가능']",37.523079,127.028609
2521165631,일반상가,월세,1/5,"5,232",5억,742,626,북향,20250421,"['25년이내', '역세권', '1층', '주차가능']",37.52877,127.033217
2521174309,일반상가,월세,1/4,250,"3,000",29,25,서향,20250421,"['25년이상', '역세권', '1층', '주차가능']",37.528665,127.032573
2521220098,일반상가,월세,1/3,"6,000",6억,448,448,북향,20250421,"['25년이상', '1층', '주차가능', '총3층']",37.521485,127.022356
2521239594,일반상가,월세,B1/6,"4,500",5억,713,700,서향,20250421,"['10년이내', '역세권', '지하층', '주차가능']",37.52407,127.038075
2521251851,일반상가,월세,1/5,680,"1억 8,000",122,122,남서향,20250421,"['25년이상', '융자금적은', '역세권', '1층']",37.517272,127.020259
2521184023,일반상가,월세,4/6,"1,100",2억,261,231,동향,20250421,"['25년이상', '역세권', '중층', '주차가능']",37.521208,127.027756
2521207814,일반상가,월세,1/2,320,"5,000",30,20,북동향,20250421,"['25년이상', '역세권', '1층', '관리비10만원이하']",37.52772,127.038003
2521199889,일반상가,월세,1/5,230,"3,000",125,39,북서향,20250421,"['25년이상', '역세권', '1층', '관리비20만원이하']",37.522838,127.026279
2521190237,일반상가,월세,1/3,300,"5,000",23,23,북향,20250421,"['25년이상', '역세권', '1층', '관리비20만원이하']",37.527749,127.038625
2521205916,일반상가,월세,1/4,250,"5,000",33,33,남향,20250421,"['25년이상', '역세권', '1층', '주차가능']",37.524475,127.027019
2521181984,일반상가,월세,5/6,560,"5,000",174,158,남향,20250421,"['25년이내', '고층', '주차가능', '엘리베이터']",37.519876,127.02667
2521294761,일반상가,월세,1/2,800,"1억 5,000",231,231,남향,20250421,"['25년이상', '역세권', '1층', '총2층']",37.519481,127.020928
2521241127,일반상가,월세,1/4,240,"1,000",23,23,서향,20250421,"['25년이상', '역세권', '1층', '관리비20만원이하']",37.517185,127.019871
2521227850,일반상가,월세,3/5,400,"5,000",92,92,남향,20250421,"['25년이내', '테라스', '중층', '주차가능']",37.521564,127.030388
2521232178,일반상가,월세,2/5,450,"5,000",121,121,남향,20250421,"['25년이내', '중층', '주차가능', '총5층']",37.521564,127.030388
2521252131,일반상가,월세,1/4,450,"7,000",129,129,남향,20250421,"['25년이상', '역세권', '1층', '주차가능']",37.525278,127.026733
2521253343,단지내상가,월세,1/2,280,"5,000",40,23,서향,20250421,"['25년이내', '역세권', '1층', '관리비10만원이하']",37.527468,127.03724
2521228962,일반상가,월세,1/4,450,"7,000",128,128,남향,20250421,"['25년이상', '역세권', '1층', '주차가능']",37.525278,127.026733
2521210871,일반상가,월세,1/3,370,"4,000",47,47,동향,20250421,"['25년이상', '역세권', '1층', '관리비10만원이하']",37.527239,127.04021
2521238632,일반상가,월세,4/7,550,"9,000",232,158,동향,20250421,"['25년이상', '중층', '주차가능', '엘리베이터']",37.523208,127.032867
2521230228,일반상가,월세,4/4,500,"5,000",179,165,남향,20250421,"['25년이내', '테라스', '역세권', '고층']",37.525634,127.038266
2521237778,일반상가,월세,2/7,700,"9,000",232,194,동향,20250421,"['25년이상', '지상층(1층제외)', '주차가능', '엘리베이터']",37.523208,127.032867
2521323054,일반상가,월세,B1/3,280,"3,000",88,88,동향,20250421,"['25년이내', '지하층', '관리비20만원이하', '주차가능']",37.523363,127.035715
2521254745,일반상가,월세,B1/4,210,"4,000",132,125,남동향,20250421,"['25년이상', '융자금없는', '지하층', '총4층']",37.524016,127.024843
2521281746,일반상가,월세,2/4,"1,600","2억 4,000",200,185,동향,20250421,"['25년이상', '융자금없는', '역세권', '중층']",37.525742,127.02819
2521288841,일반상가,월세,B1/3,400,"7,000",231,175,동향,20250421,"['25년이내', '급매', '지하층', '주차가능']",37.525253,127.036194
2521260257,일반상가,월세,1/6,500,1억,120,107,북향,20250421,"['25년이내', '역세권', '1층', '주차가능']",37.518299,127.020961
2521255222,일반상가,월세,2/6,580,1억,148,148,북향,20250421,"['25년이내', '역세권', '지상층(1층제외)', '주차가능']",37.517568,127.021595
2521313420,일반상가,매매,5/7,,23억,253,194,동향,20250421,"['25년이내', '테라스', '역세권', '급매']",37.517959,127.02132
2521277523,일반상가,월세,2/6,400,"5,000",212,198,북향,20250421,"['25년이내', '지상층(1층제외)', '주차가능', '북향']",37.522016,127.0318
2521281338,일반상가,월세,1/4,"4,000",6억,433,303,동향,20250421,"['25년이상', '융자금없는', '역세권', '1층']",37.525742,127.02819
2521357734,복합상가,월세,3/3,66,500,39,39,남향,20250421,"['25년이상', '역세권', '고층', '총3층']",37.527749,127.038625
2521356487,일반상가,월세,6/9,"2,700",6억,672,566,서향,20250421,"['25년이상', '역세권', '중층', '주차가능']",37.524212,127.028762
2521387402,일반상가,월세,1/6,"1,000","8,000",66,66,동향,20250421,"['25년이상', '1층', '엘리베이터', '천장에어컨']",37.520701,127.022778
2521388865,일반상가,월세,3/4,700,1억,173,173,남향,20250421,"['15년이내', '역세권', '고층', '주차가능']",37.519674,127.023473
2521380131,일반상가,월세,1/5,900,1억,82,82,남동향,20250421,"['2년이내', '역세권', '1층', '주차가능']",37.525941,127.037471
2521383761,일반상가,월세,5/5,700,"8,000",80,80,동향,20250421,"['4년이내', '역세권', '고층', '주차가능']",37.526951,127.03671
2521368269,일반상가,월세,4/7,400,"5,000",87,87,북향,20250421,"['15년이내', '중층', '주차가능', '엘리베이터']",37.523372,127.037442
2521367328,일반상가,월세,1/5,260,"3,000",39,33,남서향,20250421,"['25년이상', '역세권', '1층', '총5층']",37.51956,127.020646
2521367133,일반상가,월세,1/6,450,"7,000",66,54,북서향,20250421,"['25년이내', '역세권', '1층', '주차가능']",37.527398,127.030976
2521330007,일반상가,월세,2/7,"1,400","1억 7,000",239,239,북동향,20250421,"['25년이내', '지상층(1층제외)', '주차가능', '엘리베이터']",37.521424,127.026893
2521324286,일반상가,월세,2/4,900,1억,165,148,북향,20250421,"['25년이상', '융자금없는', '중층', '주차가능']",37.52309,127.022775
2521256940,일반상가,월세,1/4,600,1억,132,105,북서향,20250421,"['25년이상', '1층', '주차가능', '총4층']",37.523341,127.021434
2521366881,일반상가,월세,B1/5,150,"2,000",57,57,남향,20250421,"['25년이내', '역세권', '지하층', '주차가능']",37.527975,127.037215
2521381143,일반상가,월세,B1/6,850,"1억 3,000",203,203,남동향,20250421,"['25년이내', '지하층', '주차가능', '엘리베이터']",37.522505,127.034296
2521379113,일반상가,월세,B1/5,"3,040",5억,1193,1018,북동향,20250421,"['10년이내', '지하층', '주차가능', '총5층']",37.523342,127.037101
2521382039,일반상가,월세,1/7,800,"1억 5,000",119,99,북향,20250421,"['25년이내', '1층', '주차가능', '엘리베이터']",37.522773,127.021356
2521379349,일반상가,월세,2/5,700,"1억 1,000",115,115,남동향,20250421,"['2년이내', '역세권', '중층', '주차가능']",37.525941,127.037471
2521378765,복합상가,월세,5/14,"1,300",4억,495,297,남동향,20250421,"['25년이내', '중층', '주차가능', '남동향']",37.521649,127.033039
2521375325,일반상가,월세,1/17,"1,800","2억 5,000",81,53,남동향,20250421,"['15년이내', '테라스', '역세권', '1층']",37.51731,127.021502
2521364832,일반상가,월세,2/3,700,1억,142,142,서향,20250421,"['25년이내', '중층', '주차가능', '총3층']",37.523072,127.034976
2521341470,일반상가,월세,4/7,240,"3,500",49,49,북향,20250421,"['25년이상', '역세권', '중층', '주차가능']",37.525927,127.038537
2521257344,일반상가,월세,3/5,90,"1,000",33,33,북서향,20250421,"['25년이상', '역세권', '중층', '관리비20만원이하']",37.518777,127.024471
2521321093,일반상가,월세,3/6,225,"3,000",148,105,남동향,20250421,"['25년이내', '중층', '관리비20만원이하', '주차가능']",37.522506,127.021475
2521306871,일반상가,월세,B1/4,200,"2,500",117,117,동향,20250421,"['25년이상', '융자금적은', '지하층', '관리비10만원이하']",37.521556,127.031267
2521328049,일반상가,월세,1/5,"1,000",1억,133,133,동향,20250421,"['25년이상', '역세권', '1층', '주차가능']",37.528478,127.035429
2521350313,일반상가,월세,4/5,150,"2,000",72,59,남향,20250421,"['25년이상', '역세권', '고층', '주차가능']",37.518113,127.022224
2521326268,일반상가,월세,2/4,240,"4,000",76,75,북향,20250421,"['25년이상', '역세권', '중층', '관리비20만원이하']",37.517817,127.022319
2521331657,일반상가,월세,B1/7,750,"9,000",295,295,북동향,20250421,"['25년이내', '지하층', '주차가능', '엘리베이터']",37.521424,127.026893
2521327715,일반상가,월세,1/2,"2,000",2억,191,191,남동향,20250421,"['25년이상', '1층', '주차가능', '엘리베이터']",37.527338,127.034971
2521359902,일반상가,월세,1/5,630,1억,102,62,북향,20250421,"['25년이내', '역세권', '1층', '주차가능']",37.526308,127.027468
2521324298,일반상가,월세,3/6,"1,150",2억,267,214,남향,20250421,"['25년이상', '중층', '주차가능', '남향']",37.520671,127.029805
2521327467,일반상가,월세,1/4,"1,400",3억,66,49,동향,20250421,"['25년이상', '역세권', '1층', '총4층']",37.519184,127.022978
2521328368,일반상가,월세,2/4,600,"5,000",137,105,남향,20250421,"['25년이상', '중층', '주차가능', '엘리베이터']",37.520502,127.02417
2521323595,일반상가,월세,3/5,"1,000","1억 5,000",387,194,북향,20250421,"['25년이내', '테라스', '역세권', '중층']",37.52786,127.03626
2521385965,일반상가,월세,1/4,230,"3,000",49,38,남동향,20250421,"['25년이상', '1층', '관리비10만원이하', '주차가능']",37.520063,127.02462
2521091429,일반상가,월세,2/5,700,"1억 1,000",99,99,서향,20250421,"['2년이내', '역세권', '중층', '주차가능']",37.525941,127.037471
2521188481,일반상가,월세,3/5,340,"5,000",115,115,남향,20250421,"['25년이내', '중층', '주차가능', '엘리베이터']",37.52114,127.020836
2521393218,일반상가,월세,1/5,230,"3,000",26,23,동향,20250421,"['25년이상', '1층', '총5층', '동향']",37.520782,127.027078
2521241202,일반상가,월세,4/5,330,"5,000",173,82,북동향,20250421,"['25년이내', '역세권', '고층', '주차가능']",37.525599,127.037508
2521225467,일반상가,월세,B1/6,220,"3,000",165,158,남향,20250421,"['25년이내', '지하층', '관리비20만원이하', '주차가능']",37.522506,127.021475
2521301392,일반상가,월세,B1/3,485,1억,59,52,남동향,20250421,"['25년이상', '융자금적은', '지하층', '총3층']",37.520818,127.022069
2520902227,일반상가,월세,1/7,550,"9,000",99,59,남서향,20250419,"['25년이상', '1층', '주차가능', '남서향']",37.522943,127.021659
2520968146,일반상가,월세,B1/4,350,"5,000",131,115,남향,20250419,"['15년이내', '역세권', '지하층', '주차가능']",37.525588,127.030482
2520919781,일반상가,월세,1/6,400,"6,000",96,80,북향,20250419,"['25년이내', '1층', '주차가능', '북향']",37.521895,127.032244
2520938185,일반상가,월세,4/6,400,"5,000",183,181,남동향,20250419,"['25년이상', '역세권', '중층', '주차가능']",37.519643,127.020798
2520976097,일반상가,월세,1/8,320,"5,000",105,48,서향,20250419,"['25년이내', '역세권', '1층', '주차가능']",37.526926,127.030235
2520980564,일반상가,월세,2/4,500,"5,000",168,134,동향,20250419,"['25년이상', '역세권', '중층', '주차가능']",37.525636,127.029777
2520902877,일반상가,월세,1/7,550,"9,000",93,66,북향,20250419,"['25년이상', '융자금없는', '1층', '주차가능']",37.522943,127.021659
2520964719,복합상가,월세,1/3,400,"5,000",42,29,동향,20250419,"['25년이상', '역세권', '1층', '총3층']",37.528153,127.038065
2520920749,일반상가,월세,2/3,"1,050","1억 4,000",213,213,북향,20250419,"['25년이내', '역세권', '중층', '주차가능']",37.525813,127.03639
2520914429,일반상가,월세,1/5,350,"5,000",63,59,남향,20250419,"['25년이내', '역세권', '1층', '관리비20만원이하']",37.527975,127.037215
2520907349,일반상가,월세,1/4,"1,100",1억,105,99,서향,20250419,"['25년이상', '융자금없는', '1층', '주차가능']",37.52309,127.022775
2520914562,일반상가,매매,6/10,,37억,644,274,동향,20250419,"['25년이내', '역세권', '중층', '주차가능']",37.52767,127.031361
2520918705,일반상가,월세,2/4,230,"3,000",146,66,남향,20250419,"['25년이내', '역세권', '중층', '주차가능']",37.518029,127.020862
2520996972,일반상가,월세,3/5,650,1억,216,216,남동향,20250419,"['25년이상', '역세권', '중층', '주차가능']",37.527994,127.031319
2520993887,일반상가,월세,B1/4,700,2억,246,231,서향,20250419,"['25년이상', '지하층', '주차가능', '총4층']",37.52309,127.022775
2520907938,일반상가,월세,1/4,900,"1억 5,000",441,109,북향,20250419,"['25년이상', '융자금적은', '역세권', '1층']",37.524964,127.024616
2521069914,일반상가,월세,3/6,"1,500","3억 5,000",332,332,동향,20250419,"['25년이상', '역세권', '중층', '주차가능']",37.523342,127.038141
2521056758,일반상가,월세,1/6,"1,500",2억,148,135,서향,20250419,"['25년이내', '테라스', '1층', '주차가능']",37.526795,127.035028
2521000513,일반상가,월세,B1/5,410,"5,000",108,99,서향,20250419,"['2년이내', '지하층', '주차가능', '엘리베이터']",37.521806,127.025787
2521024378,일반상가,월세,1/4,500,"7,000",205,83,북향,20250419,"['25년이상', '역세권', '1층', '주차가능']",37.526155,127.028006
2521035625,일반상가,월세,1/4,"4,300",6억,400,264,서향,20250419,"['25년이상', '역세권', '1층', '주차가능']",37.527073,127.028998
2521046400,일반상가,월세,B1/5,380,"5,000",233,220,남향,20250419,"['25년이내', '지하층', '주차가능', '총5층']",37.521658,127.0288
2520918289,일반상가,월세,4/4,320,"3,700",135,135,남향,20250419,"['25년이상', '고층', '주차가능', '총4층']",37.526377,127.035236
2520921321,일반상가,월세,B1/5,700,"1억 5,000",178,178,북향,20250419,"['25년이내', '역세권', '지하층', '주차가능']",37.525599,127.037508
2521060374,일반상가,월세,1/17,"1,800","2억 5,000",72,72,남향,20250419,"['15년이내', '역세권', '1층', '주차가능']",37.51731,127.021502
2521010158,일반상가,월세,1/5,400,"5,000",92,92,북향,20250419,"['25년이상', '융자금없는', '역세권', '1층']",37.523581,127.037581
2520707063,일반상가,월세,1/4,330,"5,000",80,62,남향,20250418,"['15년이내', '역세권', '1층', '주차가능']",37.525588,127.030482
2520714712,일반상가,월세,7/15,"1,200","1억 2,000",200,148,남향,20250418,"['15년이내', '역세권', '중층', '주차가능']",37.517416,127.021747
2520727145,일반상가,월세,3/6,270,"4,000",106,106,북서향,20250418,"['25년이내', '중층', '주차가능', '북서향']",37.519876,127.02667
2520737639,일반상가,월세,1/5,280,"5,000",26,26,동향,20250418,"['25년이상', '1층', '주차가능', '총5층']",37.523967,127.024547
2520653839,일반상가,월세,1/9,430,"5,000",70,66,동향,20250418,"['25년이상', '역세권', '1층', '동향']",37.518777,127.020695
2520675693,단지내상가,월세,1/17,200,"2,000",81,48,남향,20250418,"['25년이상', '역세권', '1층', '주차가능']",37.526618,127.037296
2520668397,일반상가,월세,3/6,"1,100",2억,201,201,북향,20250418,"['10년이내', '중층', '주차가능', '북향']",37.52666,127.035204
2520668278,일반상가,월세,6/6,600,"5,000",91,91,북향,20250418,"['10년이내', '고층', '주차가능', '북향']",37.52666,127.035204
2520885679,일반상가,월세,1/4,800,"1억 3,000",166,99,북향,20250418,"['25년이상', '1층', '주차가능', '엘리베이터']",37.52408,127.022904
2520677853,일반상가,월세,1/5,840,1억,82,82,서향,20250418,"['25년이상', '역세권', '1층', '주차가능']",37.519371,127.022599
2520677735,일반상가,월세,B1/5,430,"5,000",194,180,남동향,20250418,"['25년이상', '지하층', '총5층', '남동향']",37.519129,127.024763
2520672363,일반상가,월세,5/8,"1,000","1억 5,000",761,253,동향,20250418,"['25년이상', '역세권', '중층', '주차가능']",37.525615,127.039303
2520668047,일반상가,월세,2/6,"1,400",2억,226,226,북향,20250418,"['10년이내', '지상층(1층제외)', '주차가능', '북향']",37.52666,127.035204
2520672457,일반상가,월세,2/5,600,"7,000",221,221,남향,20250418,"['25년이상', '중층', '주차가능', '총5층']",37.526587,127.034238
2520665832,일반상가,월세,B1/5,400,"5,000",189,165,남향,20250418,"['25년이내', '역세권', '지하층', '주차가능']",37.519485,127.023692
2520677667,일반상가,월세,2/5,350,"5,000",131,115,남동향,20250418,"['25년이상', '중층', '주차가능', '총5층']",37.523967,127.024547
2520655204,일반상가,월세,B1/6,"1,200",2억,276,248,남향,20250418,"['25년이내', '지하층', '주차가능', '남향']",37.526807,127.034747
2520677315,일반상가,월세,2/6,450,"5,000",141,113,동향,20250418,"['25년이내', '지상층(1층제외)', '주차가능', '엘리베이터']",37.520414,127.025833
2520318127,일반상가,월세,7/8,"1,700",2억,312,298,남서향,20250418,"['25년이내', '테라스', '마당', '역세권']",37.522441,127.028566
2520714451,일반상가,월세,B1/5,"1,000","1억 2,000",226,198,동향,20250418,"['4년이내', '융자금적은', '지하층', '주차가능']",37.522495,127.021058
2520828282,일반상가,월세,1/5,"2,700",3억,489,489,남서향,20250418,"['2년이내', '역세권', '1층', '주차가능']",37.525733,127.027146
2520675644,일반상가,월세,B1/4,400,"5,000",108,108,남향,20250418,"['25년이상', '지하층', '주차가능', '총4층']",37.52201,127.021761
2520656451,일반상가,월세,1/6,"2,050",3억,197,197,북향,20250418,"['15년이내', '역세권', '1층', '주차가능']",37.517437,127.0213
2520758914,일반상가,월세,2/6,400,"5,000",212,178,서향,20250418,"['25년이내', '지상층(1층제외)', '주차가능', '엘리베이터']",37.522016,127.0318
2520739235,일반상가,월세,B2/6,430,"5,000",183,183,북서향,20250418,"['25년이내', '지하층', '주차가능', '북서향']",37.519876,127.02667
2520741251,일반상가,월세,B1/4,150,"2,000",136,56,남향,20250418,"['25년이내', '지하층', '주차가능', '총4층']",37.523587,127.035908
2520695587,일반상가,월세,1/6,340,"5,000",80,40,남향,20250418,"['25년이상', '역세권', '1층', '주차가능']",37.524809,127.026927
2520727920,일반상가,월세,1/6,500,1억,168,107,북서향,20250418,"['25년이내', '역세권', '1층', '주차가능']",37.518299,127.020961
2520707480,일반상가,월세,2/5,280,"4,000",101,93,남동향,20250418,"['25년이상', '융자금없는', '중층', '주차가능']",37.521834,127.023619
2520680482,일반상가,월세,6/9,"2,700",6억,1345,566,서향,20250418,"['25년이상', '역세권', '중층', '주차가능']",37.524212,127.028762
2520695912,일반상가,월세,3/7,"3,000",7억,664,528,동향,20250418,"['25년이상', '역세권', '중층', '주차가능']",37.523342,127.038141
2520866680,일반상가,월세,B1/5,700,"8,000",171,165,동향,20250418,"['4년이내', '역세권', '지하층', '주차가능']",37.526951,127.03671
2520676750,일반상가,월세,1/6,260,"5,000",33,31,북서향,20250418,"['25년이상', '역세권', '1층', '주차가능']",37.525439,127.026705
2520659587,일반상가,월세,1/7,"1,000",1억,156,119,남향,20250418,"['10년이내', '역세권', '1층', '주차가능']",37.52758,127.03605
2520714904,일반상가,월세,1/5,"1,850","2억 2,200",350,297,동향,20250418,"['4년이내', '1층', '주차가능', '엘리베이터']",37.522495,127.021058
2520713861,일반상가,월세,3/5,650,"7,800",120,99,동향,20250418,"['4년이내', '융자금적은', '중층', '주차가능']",37.522495,127.021058
2520667773,일반상가,월세,2/5,700,"1억 1,000",116,116,서향,20250418,"['2년이내', '역세권', '중층', '총5층']",37.525941,127.037471
2520676128,일반상가,월세,B1/5,200,"3,000",137,137,동향,20250418,"['25년이상', '지하층', '주차가능', '총5층']",37.522813,127.021752
2520886338,일반상가,월세,1/4,400,"5,000",125,99,동향,20250418,"['25년이상', '1층', '주차가능', '엘리베이터']",37.520597,127.020475
2520685393,일반상가,월세,2/6,200,"2,500",89,81,남향,20250418,"['25년이상', '역세권', '지상층(1층제외)', '주차가능']",37.52402,127.026741
2520796515,일반상가,월세,B1/5,650,"7,000",122,99,남동향,20250418,"['25년이상', '역세권', '지하층', '총5층']",37.51804,127.022049
2520876063,일반상가,월세,1/4,850,1억,76,76,북동향,20250418,"['25년이상', '1층', '주차가능', '엘리베이터']",37.523642,127.023019
2520743089,일반상가,월세,B1/3,110,"1,500",78,78,북향,20250418,"['25년이상', '융자금없는', '지하층', '관리비20만원이하']",37.528841,127.034671
2520786777,일반상가,월세,3/6,400,"5,000",88,88,북서향,20250418,"['4년이내', '중층', '주차가능', '엘리베이터']",37.522597,127.03241
2520756526,일반상가,월세,1/4,167,"1,500",50,26,남향,20250418,"['25년이내', '1층', '주차가능', '총4층']",37.520355,127.021626
2520781509,일반상가,월세,2/5,"1,000",2억,219,219,남향,20250418,"['25년이상', '역세권', '중층', '주차가능']",37.528159,127.031865
2520739848,단지내상가,월세,1/2,300,"5,000",29,29,남동향,20250418,"['25년이상', '역세권', '1층', '관리비20만원이하']",37.527579,127.040326
2520740184,일반상가,월세,1/6,550,1억,100,100,남향,20250418,"['25년이상', '역세권', '1층', '주차가능']",37.524242,127.02699
2520799784,일반상가,월세,2/4,620,"7,000",221,221,남향,20250418,"['25년이상', '중층', '주차가능', '총4층']",37.526587,127.034238
2520708576,일반상가,월세,1/3,450,"5,000",91,76,남향,20250418,"['25년이상', '역세권', '1층', '주차가능']",37.518947,127.021544
2520708814,단지내상가,월세,B1/5,90,"1,000",45,39,북향,20250418,"['25년이상', '지하층', '관리비10만원이하', '총5층']",37.521834,127.023619
2520739025,일반상가,월세,1/6,358,"5,000",39,39,남향,20250418,"['25년이상', '역세권', '1층', '남향']",37.524809,127.026927
2520798461,일반상가,월세,2/2,600,1억,199,199,동향,20250418,"['25년이상', '역세권', '고층', '천장에어컨']",37.526112,127.037302
2520735024,일반상가,월세,B1/7,470,"5,000",220,195,북동향,20250418,"['25년이상', '역세권', '지하층', '주차가능']",37.525352,127.038588
2520849286,일반상가,월세,6/7,290,"4,000",145,87,북향,20250418,"['25년이상', '융자금없는', '고층', '주차가능']",37.524021,127.023923
2520816629,일반상가,월세,4/5,400,"7,000",153,153,서향,20250418,"['25년이상', '고층', '관리비20만원이하', '주차가능']",37.522278,127.022091
2520893528,일반상가,월세,1/4,410,"5,000",96,66,남서향,20250418,"['25년이상', '1층', '관리비10만원이하', '주차가능']",37.521552,127.020741
2520857260,일반상가,월세,1/5,300,"5,000",39,39,북서향,20250418,"['25년이상', '1층', '주차가능', '총5층']",37.522491,127.032103
2520892802,일반상가,월세,2/5,410,"5,000",109,99,남향,20250418,"['25년이상', '중층', '주차가능', '총5층']",37.520687,127.022633
2520866878,일반상가,월세,1/6,650,"1억 1,000",110,110,북향,20250418,"['25년이상', '역세권', '1층', '주차가능']",37.524467,127.027213
2520891257,일반상가,월세,1/4,"1,756","8억 3,620",250,162,북향,20250418,"['25년이상', '역세권', '1층', '주차가능']",37.527073,127.028998
2520838254,일반상가,월세,1/2,374,"3,500",26,23,남향,20250418,"['25년이상', '역세권', '1층', '주차가능']",37.518094,127.021612
2520883403,일반상가,월세,6/6,550,"7,000",191,183,남동향,20250418,"['25년이상', '고층', '주차가능', '엘리베이터']",37.520799,127.030207
2520890855,일반상가,월세,1/4,"5,000",10억,400,256,서향,20250418,"['25년이상', '역세권', '1층', '주차가능']",37.527073,127.028998
2520872680,일반상가,월세,1/5,450,"3,000",85,85,동향,20250418,"['25년이내', '1층', '주차가능', '총5층']",37.521447,127.031326
2520887964,일반상가,월세,1/4,240,"1,000",33,33,서향,20250418,"['25년이상', '역세권', '1층', '관리비20만원이하']",37.517185,127.019871
2520853149,일반상가,월세,2/6,600,"7,000",217,171,남향,20250418,"['25년이내', '역세권', '지상층(1층제외)', '주차가능']",37.523245,127.031495
2520800633,일반상가,월세,3/4,850,1억,221,221,동향,20250418,"['25년이상', '역세권', '고층', '주차가능']",37.526874,127.040078
2520740646,일반상가,월세,1/6,260,"5,000",29,29,북향,20250418,"['25년이상', '역세권', '1층', '주차가능']",37.525439,127.026705
2520827201,복합상가,월세,1/6,330,"5,000",72,49,북향,20250418,"['25년이내', '1층', '주차가능', '북향']",37.52204,127.021092
2520839684,일반상가,월세,2/6,360,"4,000",122,100,북향,20250418,"['25년이내', '지상층(1층제외)', '주차가능', '엘리베이터']",37.520113,127.020472
2520831612,일반상가,월세,2/6,880,"1억 2,000",257,210,동향,20250418,"['25년이상', '지상층(1층제외)', '주차가능', '동향']",37.527485,127.034933
2520821696,일반상가,월세,1/3,120,"1,000",18,18,북향,20250418,"['25년이상', '1층', '주차가능', '총3층']",37.522976,127.025161
2520840773,일반상가,매매,3/6,,28억,177,85,동향,20250418,"['25년이내', '역세권', '중층', '주차가능']",37.524063,127.027933
2520829242,일반상가,월세,3/6,230,"2,000",79,79,북향,20250418,"['25년이내', '중층', '주차가능', '북향']",37.522352,127.021168
2520803439,일반상가,월세,2/5,650,"8,000",119,119,서향,20250418,"['4년이내', '역세권', '급매', '중층']",37.525789,127.038703
2520831842,일반상가,월세,B1/5,300,"7,000",281,165,동향,20250418,"['10년이내', '역세권', '지하층', '주차가능']",37.524446,127.038383
2520813283,일반상가,월세,1/5,"8,720",10억,1346,1249,남향,20250418,"['25년이내', '역세권', '1층', '주차가능']",37.52877,127.033217
2520675897,일반상가,매매,2/3,,23억,170,159,북향,20250417,"['25년이상', '역세권', '중층', '총3층']",37.528065,127.031041
2520618753,일반상가,월세,B1/4,400,"5,000",233,198,남향,20250417,"['25년이상', '역세권', '지하층', '주차가능']",37.52503,127.026954
2520675991,일반상가,매매,1/2,,16억,50,50,북향,20250417,"['25년이상', '역세권', '1층', '관리비20만원이하']",37.528022,127.038542
2520444500,일반상가,월세,2/6,"7,600","7억 6,000",1984,1411,동향,20250417,"['25년이상', '융자금없는', '지상층(1층제외)', '주차가능']",37.527762,127.033181
2520446055,일반상가,월세,1/9,"5,232",6억,678,626,북향,20250417,"['25년이내', '융자금없는', '역세권', '1층']",37.52877,127.033217
2520446663,일반상가,월세,1/17,"1,800","2억 5,000",82,53,남향,20250417,"['15년이내', '융자금없는', '역세권', '1층']",37.51731,127.021502
2520446836,일반상가,월세,1/6,"2,050",3억,309,282,북향,20250417,"['15년이내', '융자금없는', '역세권', '1층']",37.517437,127.0213
2520489105,일반상가,월세,2/6,500,"5,000",134,107,동향,20250417,"['25년이상', '테라스', '지상층(1층제외)', '주차가능']",37.520701,127.022778
2520529925,일반상가,월세,3/7,969,"1억 2,000",376,235,남향,20250417,"['25년이상', '중층', '주차가능', '남향']",37.528598,127.034824
2520400605,일반상가,월세,1/3,700,1억,33,33,서향,20250417,"['25년이상', '역세권', '1층', '천장에어컨']",37.519411,127.023328
2520386696,일반상가,월세,6/6,220,"2,000",140,100,남동향,20250417,"['25년이상', '융자금적은', '테라스', '역세권']",37.518361,127.021113
2520397011,일반상가,월세,6/6,430,"6,000",63,63,남서향,20250417,"['25년이상', '역세권', '고층', '주차가능']",37.517163,127.020704
2520395120,일반상가,월세,1/2,600,"5,000",153,153,북서향,20250417,"['25년이상', '마당', '역세권', '1층']",37.519243,127.021177
2520387017,일반상가,월세,1/4,300,"3,000",105,99,동향,20250417,"['25년이상', '1층', '주차가능', '천장에어컨']",37.521022,127.023794
2520455784,일반상가,월세,1/4,400,"6,500",59,43,북서향,20250417,"['25년이상', '1층', '관리비20만원이하', '주차가능']",37.524168,127.023019
2520525573,일반상가,월세,B1/4,700,1억,249,231,북향,20250417,"['25년이상', '융자금없는', '지하층', '총4층']",37.523341,127.021434
2520653099,일반상가,월세,B1/5,420,"6,000",180,180,북향,20250417,"['25년이상', '융자금적은', '지하층', '주차가능']",37.523741,127.0374
2520558449,일반상가,월세,1/5,"4,500",5억,454,334,남향,20250417,"['10년이내', '1층', '주차가능', '엘리베이터']",37.523342,127.037101
2520530746,일반상가,월세,B2/18,"1,500",2억,429,330,서향,20250417,"['25년이내', '역세권', '지하층', '주차가능']",37.516848,127.019794
2520515506,일반상가,월세,4/4,600,1억,231,214,남동향,20250417,"['25년이상', '융자금없는', '역세권', '고층']",37.51748,127.021901
2520470813,일반상가,월세,1/6,"4,500","5억 5,000",868,868,서향,20250417,"['2년이내', '역세권', '1층', '주차가능']",37.52415,127.032286
2520467828,일반상가,월세,B1/7,500,"7,000",276,198,서향,20250417,"['25년이상', '역세권', '지하층', '주차가능']",37.519095,127.024064
2520511760,일반상가,월세,B1/5,350,"6,000",121,99,북향,20250417,"['10년이내', '지하층', '총5층', '북향']",37.523323,127.021912
2520565548,일반상가,월세,1/5,200,"4,000",40,40,서향,20250417,"['10년이내', '역세권', '1층', '주차가능']",37.525664,127.038659
2520548338,일반상가,월세,5/7,330,"5,000",190,190,남향,20250417,"['25년이상', '융자금없는', '역세권', '고층']",37.524227,127.02735
2520552788,일반상가,월세,B2/6,1억,10억,2209,2209,남향,20250417,"['25년이상', '융자금없는', '역세권', '지하층']",37.518926,127.025405
2520542980,일반상가,월세,1/4,400,"6,500",166,40,북향,20250417,"['25년이상', '융자금없는', '1층', '주차가능']",37.52408,127.022904
2520448907,일반상가,월세,1/2,450,1억,25,25,북향,20250417,"['25년이상', '역세권', '1층', '총2층']",37.528022,127.038542
2520443795,일반상가,월세,1/8,360,"5,000",59,39,서향,20250417,"['25년이상', '역세권', '1층', '주차가능']",37.522,127.028481
2520457348,일반상가,월세,B1/7,320,"4,000",196,196,서향,20250417,"['25년이내', '지하층', '주차가능', '엘리베이터']",37.523775,127.023327
2520462369,일반상가,월세,2/5,"2,500",3억,274,274,서향,20250417,"['25년이상', '중층', '주차가능', '총5층']",37.52407,127.037356
2520450840,일반상가,월세,2/4,570,"7,000",104,104,북향,20250417,"['4년이내', '역세권', '중층', '주차가능']",37.525747,127.036785
2520460627,일반상가,월세,1/5,"1,500",2억,206,206,남향,20250417,"['25년이상', '1층', '주차가능', '총5층']",37.52407,127.037356
2520382423,일반상가,월세,1/7,300,"3,000",35,31,서향,20250417,"['25년이상', '융자금없는', '역세권', '1층']",37.523298,127.027707
2520487392,일반상가,월세,1/6,350,"5,000",104,63,남향,20250417,"['25년이내', '역세권', '1층', '주차가능']",37.527975,127.037215
2520444163,일반상가,월세,B1/5,450,1억,200,198,남향,20250417,"['25년이상', '역세권', '지하층', '총5층']",37.527538,127.038843
2520411159,일반상가,월세,3/3,300,"4,000",197,115,북향,20250417,"['25년이상', '융자금없는', '역세권', '고층']",37.528065,127.031041
2520411221,일반상가,월세,2/5,700,1억,239,235,남향,20250417,"['25년이내', '역세권', '중층', '관리비20만원이하']",37.518577,127.022164
2520454514,일반상가,월세,4/6,385,"3,000",129,129,북동향,20250417,"['25년이내', '중층', '주차가능', '엘리베이터']",37.527255,127.034572
2520428987,단지내상가,월세,1/17,350,"5,000",35,35,동향,20250417,"['25년이상', '역세권', '1층', '주차가능']",37.526977,127.037251
2520411408,일반상가,월세,2/7,700,1억,253,199,북향,20250417,"['25년이상', '지상층(1층제외)', '주차가능', '엘리베이터']",37.524021,127.023923
2520520468,일반상가,월세,1/2,"1,600",2억,131,128,서향,20250417,"['25년이상', '1층', '총2층', '서향']",37.522016,127.022924
2520573005,일반상가,월세,4/6,250,"3,000",112,99,동향,20250417,"['25년이상', '융자금없는', '역세권', '중층']",37.519079,127.023775
2520438506,일반상가,월세,3/4,"1,600",2억,347,277,서향,20250417,"['25년이내', '역세권', '고층', '주차가능']",37.519267,127.02093
2520459074,일반상가,월세,1/4,"1,200","1억 5,000",206,206,남향,20250417,"['25년이내', '역세권', '1층', '주차가능']",37.524092,127.037671
2520517543,일반상가,월세,1/5,462,"5,000",69,66,북향,20250417,"['25년이상', '역세권', '1층', '주차가능']",37.518777,127.024471
2520484147,일반상가,매매,2/6,,25억,212,102,동향,20250417,"['25년이내', '역세권', '지상층(1층제외)', '주차가능']",37.524063,127.027933
2520498573,일반상가,월세,1/5,840,"1억 3,000",80,76,서향,20250417,"['25년이상', '역세권', '1층', '주차가능']",37.519371,127.022599
2520532712,일반상가,월세,1/3,"6,500",8억,599,535,북향,20250417,"['2년이내', '1층', '주차가능', '총3층']",37.526205,127.034774
2520631428,일반상가,월세,5/7,800,1억,260,195,남향,20250417,"['25년이상', '고층', '주차가능', '남향']",37.528598,127.034824
2520646154,일반상가,월세,4/7,550,"9,000",232,232,남향,20250417,"['25년이상', '중층', '주차가능', '엘리베이터']",37.523208,127.032867
2520635445,일반상가,월세,2/5,600,1억,153,126,북향,20250417,"['25년이상', '융자금적은', '중층', '총5층']",37.527541,127.03533
2520625083,일반상가,월세,2/6,600,"7,000",221,204,남향,20250417,"['25년이상', '융자금적은', '지상층(1층제외)', '주차가능']",37.526587,127.034238
2520652157,일반상가,월세,B1/8,"3,000",3억,1207,1207,남향,20250417,"['25년이상', '지하층', '주차가능', '남향']",37.522347,127.034901
2520633771,일반상가,월세,1/5,680,"1억 8,000",131,122,남서향,20250417,"['25년이상', '역세권', '1층', '주차가능']",37.517272,127.020259
2520630047,일반상가,월세,2/4,"1,500",3억,363,254,북동향,20250417,"['25년이상', '역세권', '중층', '총4층']",37.527547,127.029917
2520649609,일반상가,월세,1/4,"5,300",10억,864,864,북향,20250417,"['25년이상', '융자금없는', '역세권', '1층']",37.528307,127.031196
2520627084,일반상가,월세,1/6,500,1억,70,50,북향,20250417,"['25년이상', '역세권', '1층', '주차가능']",37.528093,127.035702
2520627425,일반상가,월세,3/4,"1,600",2억,347,329,남서향,20250417,"['25년이내', '역세권', '고층', '주차가능']",37.519267,127.02093
2520611041,일반상가,월세,4/6,350,"4,000",143,143,북서향,20250417,"['25년이상', '역세권', '중층', '관리비20만원이하']",37.51902,127.022623
2520585436,일반상가,월세,1/6,80,"1,000",9,6,동향,20250417,"['25년이상', '역세권', '1층', '관리비20만원이하']",37.522786,127.027392
2520588318,일반상가,월세,1/6,"8,000",10억,1106,1106,서향,20250417,"['25년이내', '역세권', '1층', '주차가능']",37.527009,127.03647
2520612033,일반상가,월세,B1/5,650,1억,144,115,서향,20250417,"['2년이내', '역세권', '지하층', '주차가능']",37.525941,127.037471
2520598622,일반상가,월세,2/6,"2,050",3억,198,198,남향,20250417,"['15년이내', '역세권', '지상층(1층제외)', '주차가능']",37.517437,127.0213
2520592114,일반상가,월세,2/4,500,"7,000",105,105,남향,20250417,"['25년이상', '역세권', '중층', '총4층']",37.52483,127.025438
2520599120,일반상가,월세,2/6,900,"1억 5,000",254,254,남향,20250417,"['25년이상', '지상층(1층제외)', '주차가능', '남향']",37.522384,127.035194
2520607178,일반상가,월세,B1/5,650,"7,000",122,122,남향,20250417,"['25년이상', '역세권', '지하층', '총5층']",37.51804,127.022049
2520592832,일반상가,월세,2/6,"1,500",3억,509,509,남향,20250417,"['25년이상', '지상층(1층제외)', '주차가능', '남향']",37.522384,127.035194
2520614912,일반상가,월세,1/5,900,1억,182,82,서향,20250417,"['25년이내', '역세권', '1층', '주차가능']",37.527061,127.039158
2520552118,일반상가,매매,16/18,,72억,343,250,서향,20250417,"['25년이내', '역세권', '급매', '고층']",37.516848,127.019794
2520557059,일반상가,월세,1/5,840,1억,79,79,서향,20250417,"['25년이상', '역세권', '1층', '주차가능']",37.519371,127.022599
2520400679,일반상가,월세,1/4,630,1억,115,115,남향,20250417,"['15년이내', '역세권', '1층', '주차가능']",37.51883,127.021608
2520558066,일반상가,월세,B1/5,"3,040",5억,1193,1014,남향,20250417,"['10년이내', '지하층', '주차가능', '엘리베이터']",37.523342,127.037101
2520565704,일반상가,월세,2/3,450,"8,000",105,100,서향,20250417,"['25년이내', '중층', '주차가능', '총3층']",37.523836,127.036719
2520566454,일반상가,월세,2/6,300,"4,000",211,132,동향,20250417,"['25년이내', '지상층(1층제외)', '주차가능', '엘리베이터']",37.522352,127.021168
2520590936,일반상가,월세,1/5,500,"5,000",58,58,남향,20250417,"['25년이상', '1층', '총5층', '남향']",37.520687,127.022633
2520588324,일반상가,월세,3/4,"2,000",2억,328,297,동향,20250417,"['25년이상', '융자금없는', '고층', '주차가능']",37.523575,127.021934
2520362801,일반상가,월세,B1/6,310,"4,000",139,139,동향,20250416,"['25년이내', '역세권', '지하층', '주차가능']",37.526549,127.036015
2520369642,일반상가,월세,1/2,300,"4,000",199,40,동향,20250416,"['25년이내', '역세권', '1층', '관리비20만원이하']",37.527111,127.038921
2520241134,일반상가,월세,5/6,480,"5,000",154,132,서향,20250416,"['25년이내', '역세권', '고층', '주차가능']",37.522537,127.029108
2520392211,일반상가,월세,2/5,230,"3,000",125,66,북서향,20250416,"['25년이상', '역세권', '중층', '관리비20만원이하']",37.522838,127.026279
2520286977,일반상가,월세,B1/4,140,"2,000",72,69,남향,20250416,"['25년이상', '지하층', '관리비20만원이하', '주차가능']",37.51998,127.026866
2520295357,일반상가,월세,4/5,200,"3,000",74,59,남서향,20250416,"['10년이내', '고층', '주차가능', '엘리베이터']",37.521526,127.021022
2520314920,일반상가,월세,B1/5,650,"7,000",122,115,남향,20250416,"['25년이상', '역세권', '지하층', '총5층']",37.51804,127.022049
2520335267,일반상가,월세,1/4,"2,920","3억 5,092",308,308,동향,20250416,"['25년이상', '1층', '총4층', '동향']",37.522899,127.02244
2520283274,일반상가,월세,1/6,358,"5,000",80,39,남향,20250416,"['25년이상', '역세권', '1층', '주차가능']",37.524809,127.026927
2520238912,일반상가,월세,3/6,170,"2,000",49,33,북서향,20250416,"['25년이상', '역세권', '중층', '주차가능']",37.525439,127.026705
2520277967,일반상가,월세,2/5,500,"8,000",149,148,남향,20250416,"['25년이상', '역세권', '중층', '주차가능']",37.517472,127.020677
2520366634,일반상가,월세,1/5,500,1억,80,80,서향,20250416,"['25년이상', '역세권', '1층', '주차가능']",37.528093,127.035702
2520372487,일반상가,월세,B1/5,450,"5,000",181,181,서향,20250416,"['25년이내', '역세권', '지하층', '주차가능']",37.526514,127.038964
2520344107,일반상가,월세,1/4,410,"5,000",96,96,동향,20250416,"['25년이상', '1층', '관리비10만원이하', '주차가능']",37.521552,127.020741
2520308980,일반상가,월세,2/9,"3,488",4억,678,626,북향,20250416,"['25년이내', '융자금없는', '역세권', '지상층(1층제외)']",37.52877,127.033217
2520309340,일반상가,월세,B1/6,600,1억,173,148,남향,20250416,"['25년이내', '역세권', '지하층', '주차가능']",37.528345,127.035651
2520329136,일반상가,월세,1/4,"1억 2,000",20억,602,602,동향,20250416,"['25년이상', '역세권', '1층', '주차가능']",37.518,127.023185
2520338859,일반상가,월세,1/4,"1,200",2억,209,172,남향,20250416,"['25년이내', '역세권', '1층', '주차가능']",37.523813,127.037692
2520303386,일반상가,월세,1/7,440,"5,000",101,82,북동향,20250416,"['25년이상', '1층', '주차가능', '북동향']",37.524067,127.024156
2520331913,복합상가,월세,2/9,150,"1,000",1563,42,동향,20250416,"['25년이상', '역세권', '지상층(1층제외)', '동향']",37.518777,127.020695
2520334815,일반상가,월세,1/5,"1,300","1억 5,000",231,198,북서향,20250416,"['25년이내', '역세권', '1층', '주차가능']",37.517392,127.021142
2520298796,일반상가,월세,1/3,"3,500",5억,371,297,서향,20250416,"['25년이상', '역세권', '1층', '주차가능']",37.517306,127.019647
2520305407,일반상가,월세,B1/3,"1,800",3억,317,317,서향,20250416,"['25년이상', '역세권', '지하층', '주차가능']",37.517306,127.019647
2520353110,일반상가,매매,1/4,,10억,70,43,남향,20250416,"['25년이내', '역세권', '1층', '급매']",37.52791,127.037509
2520325561,일반상가,월세,1/3,637,"3,500",255,198,남향,20250416,"['25년이상', '역세권', '1층', '주차가능']",37.523356,127.032004
2520355926,일반상가,월세,1/3,350,1억,60,47,동향,20250416,"['25년이상', '역세권', '1층', '관리비10만원이하']",37.527239,127.04021
2520295623,일반상가,월세,B1/2,455,"5,000",350,297,북향,20250416,"['25년이상', '역세권', '지하층', '주차가능']",37.528209,127.037838
2520297042,일반상가,매매,2/3,,12억,66,40,북향,20250416,"['25년이상', '역세권', '중층', '총3층']",37.528153,127.038065
2520277116,일반상가,월세,3/6,280,"3,000",112,78,동향,20250416,"['25년이내', '역세권', '중층', '주차가능']",37.522113,127.027295
2520243019,일반상가,월세,B1/5,520,"6,000",185,185,남향,20250416,"['25년이상', '역세권', '지하층', '주차가능']",37.527077,127.03826
2520310136,일반상가,월세,3/4,430,"5,000",180,143,북향,20250416,"['25년이상', '융자금없는', '고층', '주차가능']",37.527708,127.034173
2520307141,일반상가,월세,1/5,580,1억,61,37,북향,20250416,"['25년이내', '역세권', '1층', '주차가능']",37.526308,127.027468
2520173731,일반상가,월세,B1/7,680,1억,230,230,북서향,20250416,"['25년이내', '융자금없는', '지하층', '주차가능']",37.520877,127.020902
2520187212,일반상가,월세,1/7,550,1억,152,86,북동향,20250416,"['25년이내', '1층', '주차가능', '북동향']",37.522677,127.021466
2520199196,일반상가,월세,3/5,335,"7,000",91,79,남서향,20250416,"['10년이내', '역세권', '중층', '주차가능']",37.52578,127.037596
2520241518,일반상가,월세,1/5,440,"5,000",101,82,북동향,20250416,"['25년이상', '1층', '주차가능', '엘리베이터']",37.524067,127.024156
2520242447,일반상가,월세,2/5,400,"4,000",129,129,서향,20250416,"['25년이상', '역세권', '중층', '주차가능']",37.522866,127.031552
2520239534,일반상가,월세,2/5,190,"2,000",76,76,남동향,20250416,"['25년이상', '중층', '관리비10만원이하', '주차가능']",37.522214,127.020898
2520199203,일반상가,월세,1/6,550,"8,000",99,99,남서향,20250416,"['25년이내', '1층', '주차가능', '남서향']",37.521499,127.030187
2520199185,일반상가,월세,2/5,620,1억,166,166,북향,20250416,"['25년이상', '역세권', '중층', '주차가능']",37.526852,127.038055
2520183252,일반상가,월세,1/6,"2,000",5억,100,100,동향,20250416,"['25년이내', '융자금없는', '1층', '동향']",37.520341,127.022841
2520174785,일반상가,월세,4/6,370,"5,000",66,66,북향,20250416,"['2년이내', '중층', '주차가능', '엘리베이터']",37.520042,127.023627
2520296358,일반상가,월세,2/2,350,"5,000",99,99,북향,20250416,"['25년이상', '역세권', '고층', '총2층']",37.527749,127.038625
2520196953,일반상가,월세,3/6,475,"5,500",104,104,서향,20250416,"['2년이내', '역세권', '중층', '주차가능']",37.52415,127.032286
2520174210,일반상가,월세,B2/8,780,"1억 5,000",316,294,북서향,20250416,"['25년이내', '역세권', '지하층', '주차가능']",37.524026,127.029254
2520243069,일반상가,월세,1/4,300,"5,000",56,56,남향,20250416,"['25년이상', '역세권', '1층', '총4층']",37.528153,127.038065
2520278128,일반상가,월세,2/7,"1,400","1억 7,000",365,231,서향,20250416,"['25년이내', '지상층(1층제외)', '주차가능', '서향']",37.521503,127.027048
2520241817,일반상가,월세,1/4,950,1억,109,99,서향,20250416,"['25년이내', '역세권', '1층', '주차가능']",37.519267,127.02093
2520249114,복합상가,월세,B1/6,450,"5,000",227,187,서향,20250416,"['25년이내', '융자금적은', '역세권', '지하층']",37.521925,127.027972
2520280227,일반상가,월세,3/4,600,"7,000",190,130,북서향,20250416,"['25년이상', '역세권', '고층', '주차가능']",37.525948,127.027607
2520180030,일반상가,월세,1/5,550,"6,000",95,95,남향,20250416,"['15년이내', '테라스', '역세권', '1층']",37.523491,127.037796
2520194090,일반상가,월세,2/5,130,"1,000",42,42,남향,20250416,"['25년이상', '역세권', '중층', '관리비10만원이하']",37.519926,127.02219
2520157664,일반상가,월세,4/4,650,1억,200,170,동향,20250415,"['25년이상', '역세권', '고층', '주차가능']",37.527245,127.030595
2520048110,일반상가,월세,1/7,800,"1억 5,000",212,198,북동향,20250415,"['25년이내', '1층', '주차가능', '북동향']",37.522773,127.021356
2519958993,일반상가,월세,1/5,413,"6,000",78,56,남향,20250415,"['25년이상', '융자금적은', '1층', '주차가능']",37.523209,127.021643
2519978915,일반상가,월세,1/8,"1,300","2억 5,000",436,334,북향,20250415,"['25년이내', '1층', '주차가능', '북향']",37.52245,127.020843
2520041229,일반상가,월세,B1/4,"4,000",6억,433,431,동향,20250415,"['25년이상', '역세권', '지하층', '주차가능']",37.525742,127.02819
2519985390,일반상가,월세,1/6,550,"8,000",105,99,남서향,20250415,"['25년이내', '1층', '주차가능', '남서향']",37.521499,127.030187
2519932445,일반상가,월세,1/4,300,"5,000",69,62,남향,20250415,"['25년이상', '1층', '주차가능', '엘리베이터']",37.520502,127.02417
2519934738,일반상가,월세,1/3,170,"3,000",31,31,북향,20250415,"['25년이상', '융자금없는', '역세권', '1층']",37.528065,127.031041
2519930012,일반상가,월세,B1/3,200,"2,000",43,43,동향,20250415,"['25년이상', '지하층', '관리비10만원이하', '주차가능']",37.521937,127.024515
2519928106,일반상가,월세,1/5,260,"2,000",43,39,남향,20250415,"['25년이내', '1층', '관리비10만원이하', '주차가능']",37.519657,127.025728
2519935710,일반상가,월세,2/4,270,"3,500",103,103,남동향,20250415,"['25년이상', '역세권', '중층', '주차가능']",37.528036,127.032438
2519954981,일반상가,월세,B1/6,550,"5,500",203,128,동향,20250415,"['25년이상', '테라스', '지하층', '주차가능']",37.520743,127.019434
2519929782,일반상가,월세,2/6,150,"5,000",40,40,북향,20250415,"['25년이내', '역세권', '지상층(1층제외)', '주차가능']",37.522331,127.026877
2519930836,일반상가,월세,1/6,220,"3,000",79,26,북향,20250415,"['25년이상', '역세권', '1층', '주차가능']",37.522918,127.027217
2519942422,일반상가,월세,2/7,260,"6,000",76,76,북동향,20250415,"['25년이내', '역세권', '지상층(1층제외)', '주차가능']",37.52767,127.031361
2519936742,일반상가,월세,1/5,300,"5,000",46,39,서향,20250415,"['25년이상', '1층', '주차가능', '천장에어컨']",37.522491,127.032103
2519939505,일반상가,월세,7/8,"1,700",2억,312,297,서향,20250415,"['25년이내', '테라스', '역세권', '고층']",37.522441,127.028566
2519953007,단지내상가,매매,B1/6,,7억,143,75,동향,20250415,"['25년이내', '역세권', '지하층', '주차가능']",37.527398,127.030976
2519978533,일반상가,월세,1/4,"1,500","2억 2,000",198,198,서향,20250415,"['25년이상', '테라스', '역세권', '1층']",37.525998,127.027894
2520024747,일반상가,월세,1/20,"1,800","2억 5,000",72,53,남동향,20250415,"['15년이내', '역세권', '1층', '주차가능']",37.51731,127.021502
2520029219,일반상가,월세,1/4,600,1억,97,89,남향,20250415,"['25년이상', '역세권', '1층', '관리비10만원이하']",37.527576,127.038675
2519977578,일반상가,월세,4/6,550,"7,000",230,230,서향,20250415,"['25년이내', '중층', '주차가능', '엘리베이터']",37.526837,127.036464
2520076617,일반상가,월세,3/4,250,"5,000",184,76,북향,20250415,"['25년이상', '고층', '주차가능', '천장에어컨']",37.523341,127.021434
2520071978,일반상가,월세,1/5,"2,200",3억,255,255,서향,20250415,"['25년이상', '1층', '주차가능', '총5층']",37.52407,127.037356
2519981859,일반상가,매매,2/3,,9억,28,27,북서향,20250415,"['25년이상', '역세권', '중층', '총3층']",37.528065,127.031041
2520154646,일반상가,월세,B2/3,600,"6,000",176,165,북향,20250415,"['25년이내', '지하층', '주차가능', '엘리베이터']",37.523724,127.035824
2520137843,복합상가,월세,2/5,230,"3,000",77,66,북서향,20250415,"['25년이상', '융자금없는', '역세권', '중층']",37.522838,127.026279
2519977296,일반상가,월세,B1/5,350,"3,500",161,160,동향,20250415,"['25년이내', '지하층', '엘리베이터', '천장에어컨']",37.5269,127.03615
2519983711,일반상가,월세,1/6,570,1억,82,76,남향,20250415,"['25년이내', '1층', '주차가능', '남향']",37.522938,127.025376
2520018225,복합상가,월세,B1/3,"1,500",3억,568,568,북향,20250415,"['25년이상', '역세권', '지하층', '주차가능']",37.52843,127.031794
2520076839,일반상가,월세,1/4,"6,500",8억,601,601,북서향,20250415,"['2년이내', '테라스', '1층', '주차가능']",37.526205,127.034774
2520107867,일반상가,월세,1/6,240,"5,000",74,39,남향,20250415,"['25년이상', '역세권', '1층', '주차가능']",37.524497,127.026502
2520091268,일반상가,월세,B1/6,"1,100","1억 5,000",494,456,북서향,20250415,"['25년이상', '역세권', '지하층', '주차가능']",37.525439,127.026705
2520082365,일반상가,월세,2/4,320,"4,000",82,78,북서향,20250415,"['25년이상', '중층', '관리비10만원이하', '주차가능']",37.522065,127.023623
2520150128,복합상가,월세,B1/5,200,"2,000",46,46,서향,20250415,"['25년이상', '지하층', '총5층', '서향']",37.522491,127.032103
2520166609,일반상가,월세,B1/4,560,"6,000",214,198,북향,20250415,"['25년이상', '역세권', '지하층', '주차가능']",37.528665,127.032573
2520141773,일반상가,월세,1/5,650,"8,000",102,85,동향,20250415,"['25년이상', '역세권', '1층', '관리비10만원이하']",37.518904,127.023807
2520137844,일반상가,월세,1/6,260,"5,000",346,31,북서향,20250415,"['25년이상', '융자금적은', '역세권', '1층']",37.525439,127.026705
2520064270,일반상가,월세,2/5,530,"7,000",191,165,남향,20250415,"['25년이내', '역세권', '중층', '주차가능']",37.525099,127.025346
2520061695,일반상가,월세,16/17,"3,710",5억,548,426,남향,20250415,"['15년이내', '역세권', '고층', '주차가능']",37.51731,127.021502
2520134287,일반상가,월세,1/4,"1,100",1억,82,82,서향,20250415,"['25년이상', '융자금없는', '1층', '주차가능']",37.52309,127.022775
2520156177,일반상가,월세,1/5,680,"1억 8,000",131,118,남서향,20250415,"['25년이상', '역세권', '1층', '주차가능']",37.517272,127.020259
2520137021,일반상가,월세,2/4,500,"5,000",168,168,남향,20250415,"['25년이상', '역세권', '중층', '주차가능']",37.525636,127.029777
2520147646,일반상가,월세,4/6,250,"4,000",174,90,북서향,20250415,"['25년이내', '융자금적은', '중층', '주차가능']",37.519876,127.02667
2520135441,일반상가,월세,1/5,230,"3,000",42,36,남향,20250415,"['25년이상', '역세권', '1층', '주차가능']",37.522838,127.026279
2520135070,일반상가,월세,1/5,211,"2,000",105,46,북서향,20250415,"['25년이상', '역세권', '1층', '주차가능']",37.523319,127.026006
2520116622,일반상가,월세,2/4,600,1억,138,132,남향,20250415,"['25년이상', '중층', '주차가능', '총4층']",37.527541,127.03533
2520135202,일반상가,월세,B1/9,"2,000",2억,661,561,서향,20250415,"['25년이상', '융자금없는', '역세권', '지하층']",37.524212,127.028762
2520170764,일반상가,월세,2/5,700,"1억 1,000",116,100,서향,20250415,"['2년이내', '역세권', '중층', '총5층']",37.525941,127.037471
2520125575,일반상가,월세,1/3,"8,000",17억,551,496,동향,20250415,"['25년이내', '융자금없는', '역세권', '1층']",37.518702,127.023007
2520094423,일반상가,월세,B2/4,"1,800",2억,1035,1035,서향,20250415,"['25년이상', '역세권', '지하층', '주차가능']",37.522585,127.027705
2520077764,일반상가,월세,B1/7,320,"4,000",196,175,북서향,20250415,"['25년이내', '융자금적은', '지하층', '주차가능']",37.523775,127.023327
2520159248,일반상가,월세,6/6,600,1억,329,298,북향,20250415,"['25년이상', '역세권', '고층', '주차가능']",37.525497,127.027427
2520169551,일반상가,월세,1/6,700,"7,000",67,60,남향,20250415,"['25년이상', '융자금없는', '1층', '주차가능']",37.523869,127.022966
2520042255,일반상가,매매,1/3,,"9억 5,000",23,19,남서향,20250415,"['25년이상', '역세권', '1층', '관리비10만원이하']",37.527961,127.030789
2519690619,일반상가,월세,4/4,320,"5,000",128,99,북서향,20250414,"['25년이상', '고층', '주차가능', '총4층']",37.522972,127.020966
2519689633,일반상가,월세,1/4,50,"1,000",9,9,북서향,20250414,"['25년이상', '1층', '관리비10만원이하', '주차가능']",37.522972,127.020966
2519608990,일반상가,월세,1/5,500,1억,70,69,북동향,20250414,"['25년이상', '역세권', '1층', '주차가능']",37.528093,127.035702
2519688417,일반상가,월세,4/5,380,"5,000",134,125,북서향,20250414,"['25년이상', '역세권', '고층', '주차가능']",37.519147,127.019832
2519874498,일반상가,월세,5/6,700,"2억 1,000",300,198,남향,20250414,"['25년이상', '역세권', '고층', '주차가능']",37.524242,127.02699
2519892267,일반상가,월세,1/4,"2,400","3억 6,000",193,193,동향,20250414,"['25년이상', '융자금적은', '역세권', '1층']",37.525742,127.02819
2519915437,일반상가,월세,6/6,660,"5,000",180,180,남향,20250414,"['25년이내', '고층', '남향']",37.522881,127.032229
2519899677,일반상가,월세,3/4,600,"7,000",202,191,북서향,20250414,"['25년이상', '역세권', '고층', '주차가능']",37.525948,127.027607
2519878308,일반상가,월세,1/7,300,"5,000",50,49,남향,20250414,"['25년이내', '역세권', '1층', '관리비10만원이하']",37.523755,127.030733
2519895421,일반상가,월세,B1/5,100,"1,000",189,26,동향,20250414,"['25년이상', '지하층', '관리비10만원이하', '총5층']",37.520222,127.024271
2519884130,일반상가,월세,1/3,200,"4,500",62,56,남향,20250414,"['25년이상', '1층', '관리비10만원이하', '주차가능']",37.519881,127.025319
2519898301,일반상가,월세,B1/5,520,"6,000",195,185,남향,20250414,"['25년이상', '역세권', '지하층', '주차가능']",37.527077,127.03826
2519894220,일반상가,월세,1/6,"4,500",5억,713,713,서향,20250414,"['10년이내', '역세권', '1층', '주차가능']",37.52407,127.038075
2519790107,일반상가,월세,5/6,"2,100",3억,562,537,북향,20250414,"['25년이상', '역세권', '고층', '주차가능']",37.528498,127.036434
2519894119,일반상가,월세,1/8,900,2억,214,206,서향,20250414,"['25년이내', '1층', '주차가능', '엘리베이터']",37.526934,127.034257
2519835115,일반상가,월세,1/5,500,1억,83,83,북향,20250414,"['25년이상', '역세권', '1층', '총5층']",37.518767,127.019958
2519790196,일반상가,월세,1/4,160,"2,000",44,30,남서향,20250414,"['25년이내', '1층', '관리비10만원이하', '주차가능']",37.522202,127.029229
2519854442,일반상가,월세,1/4,440,"8,000",131,128,북향,20250414,"['25년이상', '역세권', '1층', '총4층']",37.524158,127.038778
2519861460,일반상가,월세,8/8,"1,440","1억 4,040",259,234,서향,20250414,"['25년이상', '고층', '주차가능', '엘리베이터']",37.528585,127.03432
2519792654,일반상가,월세,2/5,"3,800",5억,710,710,남향,20250414,"['2년이내', '중층', '주차가능', '총5층']",37.521285,127.025746
2519875207,일반상가,월세,3/6,"1,150",2억,321,321,북향,20250414,"['25년이상', '역세권', '중층', '주차가능']",37.524455,127.027471
2519872730,일반상가,월세,1/2,300,"5,000",33,29,서향,20250414,"['25년이상', '역세권', '1층', '급매']",37.52588,127.03835
2519909346,일반상가,월세,B1/5,520,"6,000",131,131,남서향,20250414,"['25년이상', '역세권', '지하층', '주차가능']",37.527077,127.03826
2519868508,일반상가,월세,5/7,330,"5,000",190,152,북향,20250414,"['25년이상', '역세권', '고층', '주차가능']",37.524227,127.02735
2519861683,일반상가,월세,1/4,230,"3,000",40,40,남동향,20250414,"['25년이상', '융자금적은', '역세권', '1층']",37.522742,127.02609
2519848277,일반상가,월세,2/2,600,"7,000",271,241,동향,20250414,"['25년이상', '역세권', '고층', '총2층']",37.526112,127.037302
2519844302,일반상가,월세,1/5,500,"5,000",83,74,북향,20250414,"['25년이상', '역세권', '1층', '주차가능']",37.518767,127.019958
2519858213,일반상가,월세,2/4,500,1억,128,99,북향,20250414,"['15년이내', '중층', '엘리베이터', '천장에어컨']",37.521397,127.023181
2519870417,일반상가,월세,B1/5,400,"5,000",242,200,남동향,20250414,"['25년이상', '융자금적은', '지하층', '주차가능']",37.520858,127.027589
2519854631,일반상가,월세,2/3,360,"4,000",103,99,남동향,20250414,"['15년이내', '융자금적은', '역세권', '중층']",37.519283,127.021549
2519891804,일반상가,월세,B1/5,300,"3,000",139,69,북서향,20250414,"['25년이상', '지하층', '관리비10만원이하', '주차가능']",37.522491,127.032103
2519917311,일반상가,매매,1/5,,"10억 5,000",66,32,서향,20250414,"['25년이내', '역세권', '1층', '주차가능']",37.525981,127.026831
2519872453,일반상가,월세,1/4,290,"3,500",40,40,남동향,20250414,"['25년이상', '융자금적은', '1층', '총4층']",37.524016,127.024843
2519776636,일반상가,월세,B1/6,760,1억 500,214,214,남향,20250414,"['25년이상', '지하층', '주차가능', '남향']",37.521109,127.028514
2519783798,일반상가,월세,4/5,"1,500",2억,205,204,남향,20250414,"['25년이상', '역세권', '고층', '주차가능']",37.527538,127.038843
2519780208,일반상가,월세,1/3,320,"3,500",80,79,남향,20250414,"['25년이상', '1층', '관리비20만원이하', '주차가능']",37.522446,127.024472
2519759013,일반상가,월세,B1/4,150,"2,500",49,49,남동향,20250414,"['25년이상', '융자금없는', '지하층', '주차가능']",37.520451,127.02723
2519789227,일반상가,월세,1/5,"2,900",3억,597,479,남향,20250414,"['4년이내', '1층', '주차가능', '엘리베이터']",37.523114,127.021471
2519785634,일반상가,월세,6/6,550,"7,000",191,191,남향,20250414,"['25년이상', '고층', '주차가능', '남향']",37.520799,127.030207
2519791550,일반상가,월세,2/6,"1,500",3억,452,389,남향,20250414,"['25년이상', '지상층(1층제외)', '주차가능', '엘리베이터']",37.522384,127.035194
2519825070,일반상가,월세,1/4,"6,500",8억,600,600,남동향,20250414,"['2년이내', '1층', '주차가능', '엘리베이터']",37.526205,127.034774
2519828288,일반상가,월세,B1/4,150,"2,500",89,89,남향,20250414,"['25년이상', '지하층', '주차가능', '총4층']",37.520451,127.02723
2519803895,일반상가,월세,2/6,500,"5,000",139,132,동향,20250414,"['25년이상', '지상층(1층제외)', '주차가능', '엘리베이터']",37.520701,127.022778
2519792092,일반상가,월세,1/17,"1,800","2억 5,000",82,52,남향,20250414,"['15년이내', '역세권', '1층', '주차가능']",37.51731,127.021502
2519793564,일반상가,월세,1/4,"4,000",6억,903,844,남향,20250414,"['25년이상', '역세권', '1층', '주차가능']",37.52822,127.036193
2519828259,일반상가,월세,1/6,"1,620",2억,66,51,남동향,20250414,"['25년이상', '융자금적은', '1층', '주차가능']",37.521043,127.022707
2519826979,일반상가,월세,1/5,430,"5,000",62,53,남동향,20250414,"['2년이내', '융자금적은', '1층', '관리비20만원이하']",37.521806,127.025787
2519815088,일반상가,월세,5/5,400,1억,156,140,동향,20250414,"['25년이상', '고층', '주차가능', '총5층']",37.520943,127.027855
2519752240,일반상가,월세,B1/6,550,"5,500",184,165,동향,20250414,"['25년이상', '융자금적은', '지하층', '주차가능']",37.520743,127.019434
2519871722,일반상가,월세,1/5,380,"5,000",84,58,남동향,20250414,"['10년이내', '융자금적은', '역세권', '1층']",37.523744,127.027233
2519845158,일반상가,월세,4/5,130,"2,000",92,64,동향,20250414,"['25년이상', '융자금없는', '역세권', '고층']",37.522393,127.027949
2519868238,일반상가,월세,16/17,"2,334",3억,413,340,남향,20250414,"['15년이내', '역세권', '고층', '주차가능']",37.51731,127.021502
2519869762,복합상가,월세,1/3,260,"5,000",24,24,북향,20250414,"['25년이상', '역세권', '1층', '총3층']",37.528065,127.031041
2519729644,일반상가,월세,1/8,950,2억,214,214,북향,20250414,"['25년이내', '1층', '주차가능', '엘리베이터']",37.526915,127.034341
2519730163,일반상가,월세,1/4,450,"7,000",129,128,남향,20250414,"['25년이상', '융자금없는', '역세권', '1층']",37.525271,127.026889
2519737576,일반상가,월세,6/9,"2,700",6억,672,566,서향,20250414,"['25년이상', '역세권', '중층', '주차가능']",37.523924,127.028773
2519648905,일반상가,월세,1/4,189,"3,500",33,33,북향,20250414,"['25년이상', '역세권', '1층', '주차가능']",37.527513,127.03065
2519654922,일반상가,월세,1/8,"1,300","2억 5,000",500,334,북서향,20250414,"['25년이내', '1층', '주차가능', '천장에어컨']",37.52245,127.020843
2519613093,일반상가,월세,1/5,180,"1,500",29,18,남향,20250414,"['25년이내', '역세권', '1층', '주차가능']",37.52349,127.031227
2519655919,일반상가,월세,2/5,309,"5,000",130,129,동향,20250414,"['25년이상', '중층', '주차가능', '천장에어컨']",37.523961,127.024242
2519656388,일반상가,월세,1/7,"1,400",2억,230,135,북서향,20250414,"['25년이상', '테라스', '1층', '주차가능']",37.524021,127.023923
2519633788,일반상가,월세,2/5,500,"8,000",149,149,남향,20250414,"['25년이상', '역세권', '중층', '주차가능']",37.517472,127.020677
2519660083,일반상가,월세,2/5,"1,500",3억,509,390,남향,20250414,"['25년이상', '중층', '주차가능', '총5층']",37.522384,127.035194
2519669976,일반상가,월세,B1/7,"1,100",2억,495,363,남향,20250414,"['25년이상', '역세권', '지하층', '주차가능']",37.523079,127.028609
2519656741,일반상가,월세,2/7,700,1억,253,200,북서향,20250414,"['25년이상', '지상층(1층제외)', '주차가능', '엘리베이터']",37.524021,127.023923
2519708324,일반상가,월세,B1/5,400,1억,199,198,북동향,20250414,"['25년이상', '지하층', '엘리베이터', '천장에어컨']",37.520943,127.027855
2519656900,일반상가,월세,1/6,"4,500",5억,713,630,서향,20250414,"['10년이내', '역세권', '1층', '주차가능']",37.52407,127.038075
2519593088,일반상가,월세,2/6,"1,000","1억 3,000",133,115,북서향,20250414,"['25년이상', '지상층(1층제외)', '주차가능', '북서향']",37.520338,127.024542
2519592163,일반상가,월세,5/6,340,"3,000",131,125,남향,20250414,"['25년이내', '역세권', '고층', '관리비20만원이하']",37.51932,127.024023
2519594259,일반상가,월세,1/5,650,"1억 2,000",125,125,남향,20250414,"['25년이내', '1층', '주차가능', '총5층']",37.522445,127.021357
2519651999,일반상가,월세,B1/4,730,1억,169,165,동향,20250414,"['4년이내', '역세권', '지하층', '주차가능']",37.525707,127.036916
2519652842,일반상가,월세,3/6,230,"2,000",78,52,동향,20250414,"['25년이내', '중층', '주차가능', '엘리베이터']",37.522352,127.021168
2519594674,일반상가,월세,1/6,610,"1억 6,000",69,69,서향,20250414,"['25년이내', '역세권', '1층', '주차가능']",37.519792,127.020532
2519609077,일반상가,월세,1/5,370,"5,000",55,50,북서향,20250414,"['25년이상', '역세권', '1층', '주차가능']",37.518889,127.024694
2519777914,단지내상가,월세,2/5,350,"5,000",149,132,남향,20250414,"['25년이상', '역세권', '중층', '주차가능']",37.518766,127.022084
2519782630,일반상가,월세,B1/5,850,"1억 3,000",318,297,서향,20250414,"['25년이상', '역세권', '지하층', '주차가능']",37.525998,127.027894
2519788310,일반상가,월세,1/6,"2,500",5억,297,265,서향,20250414,"['25년이내', '1층', '주차가능', '엘리베이터']",37.521636,127.028615
2519757873,일반상가,월세,B1/5,700,"1억 5,000",178,148,북향,20250414,"['25년이내', '역세권', '지하층', '주차가능']",37.525599,127.037508
2519738743,복합상가,월세,B1/5,300,"3,000",69,69,서향,20250414,"['25년이상', '지하층', '관리비10만원이하', '총5층']",37.522491,127.032103
2519732110,일반상가,월세,B1/5,"3,200","3억 2,000",675,559,남동향,20250414,"['25년이내', '지하층', '주차가능', '엘리베이터']",37.521367,127.020709
2519734034,일반상가,월세,1/6,600,"5,000",148,132,남향,20250414,"['25년이상', '1층', '주차가능', '남향']",37.52663,127.034043
2519739673,일반상가,월세,3/7,"1,100","1억 5,000",264,264,북향,20250414,"['25년이상', '융자금없는', '역세권', '중층']",37.525927,127.038537
2519738136,일반상가,월세,B1/4,200,"3,500",115,115,북향,20250414,"['25년이상', '융자금없는', '역세권', '지하층']",37.528036,127.032438
2519731258,일반상가,월세,1/3,"3,000",6억,498,498,남향,20250414,"['25년이상', '1층', '주차가능', '총3층']",37.522187,127.034693
2519713741,일반상가,월세,1/5,"2,500",3억,553,553,남향,20250414,"['2년이내', '1층', '주차가능', '총5층']",37.521806,127.025787
2519696648,일반상가,월세,4/4,400,"5,000",151,132,동향,20250414,"['25년이상', '역세권', '고층', '주차가능']",37.526046,127.030264
2519700361,일반상가,월세,1/5,380,"5,000",60,42,남서향,20250414,"['25년이상', '역세권', '1층', '총5층']",37.527538,127.038843
2519726966,일반상가,월세,1/5,250,"3,000",33,33,서향,20250414,"['25년이상', '역세권', '1층', '주차가능']",37.51956,127.020646
2519663697,일반상가,월세,4/4,500,"5,000",179,165,남서향,20250414,"['25년이내', '역세권', '고층', '총4층']",37.525753,127.038306
2519654220,단지내상가,월세,1/17,100,"2,000",33,23,남향,20250414,"['25년이상', '역세권', '1층', '주차가능']",37.526618,127.037296
2519633561,일반상가,월세,1/15,682,"6,820",99,80,서향,20250414,"['4년이내', '역세권', '1층', '주차가능']",37.519963,127.019007
2519594326,일반상가,월세,1/4,500,"8,000",33,33,서향,20250414,"['25년이내', '1층', '주차가능', '총4층']",37.523894,127.037383
2519392622,일반상가,월세,1/4,"1,500",2억,112,110,동향,20250414,"['25년이상', '역세권', '1층', '주차가능']",37.525205,127.039493
2519936731,일반상가,월세,1/3,170,"2,000",40,40,남동향,20250414,"['25년이상', '역세권', '1층', '관리비10만원이하']",37.527154,127.031451
2519874102,일반상가,월세,1/6,550,1억,156,109,남향,20250414,"['25년이상', '역세권', '1층', '주차가능']",37.524242,127.02699
2519690072,일반상가,월세,3/4,450,"8,000",171,171,북서향,20250414,"['25년이상', '고층', '주차가능', '총4층']",37.522972,127.020966
2519874330,일반상가,월세,4/6,800,"1억 4,000",343,214,남향,20250414,"['25년이상', '역세권', '중층', '주차가능']",37.524242,127.02699
2519894332,일반상가,월세,5/8,"1,000","1억 5,000",433,253,동향,20250414,"['25년이상', '역세권', '중층', '주차가능']",37.52552,127.039629
2519797837,일반상가,월세,4/5,370,"5,000",137,137,남향,20250414,"['25년이상', '고층', '주차가능', '엘리베이터']",37.519129,127.024763
2519554668,일반상가,월세,1/4,"2,200",3억,465,465,북향,20250414,"['15년이내', '1층', '급매', '주차가능']",37.520413,127.021036
2519653173,일반상가,월세,1/4,"1,500","2억 2,000",198,150,서향,20250414,"['25년이상', '역세권', '1층', '주차가능']",37.525998,127.027894
2519483639,일반상가,월세,1/5,700,"1억 3,000",131,115,북동향,20250412,"['15년이내', '역세권', '1층', '주차가능']",37.52379,127.038256
2519447885,일반상가,월세,1/5,"4,000",5억,576,558,남향,20250412,"['25년이상', '1층', '주차가능', '총5층']",37.52407,127.037356
2519427203,일반상가,월세,1/4,350,"5,000",55,52,북향,20250412,"['25년이상', '역세권', '1층', '주차가능']",37.518889,127.024694
2519554705,일반상가,월세,2/4,800,1억,180,144,서향,20250412,"['15년이내', '중층', '주차가능', '엘리베이터']",37.521907,127.021196
2519556277,일반상가,월세,4/6,"1,500","3억 5,000",332,332,동향,20250412,"['25년이상', '역세권', '중층', '주차가능']",37.523342,127.038141
2519443271,일반상가,월세,1/5,"4,000",5억,158,158,남향,20250412,"['25년이상', '역세권', '1층', '주차가능']",37.517849,127.022847
2519566089,일반상가,월세,B1/6,760,1억 500,295,194,서향,20250412,"['25년이상', '지하층', '주차가능', '엘리베이터']",37.521109,127.028514
2519439390,일반상가,월세,B1/4,150,"1,500",145,145,남동향,20250412,"['25년이상', '융자금적은', '지하층', '관리비10만원이하']",37.522158,127.030128
2519542762,일반상가,월세,1/4,300,"3,000",59,59,북향,20250412,"['25년이상', '1층', '주차가능', '총4층']",37.522925,127.020598
2519439232,일반상가,월세,1/8,360,"5,000",60,38,남동향,20250412,"['25년이상', '융자금적은', '역세권', '1층']",37.522,127.028481
2519424054,일반상가,월세,1/5,670,"9,000",115,115,북향,20250412,"['25년이내', '1층', '주차가능', '총5층']",37.523857,127.023472
2519544929,일반상가,월세,3/6,450,"5,000",156,132,남향,20250412,"['25년이내', '중층', '주차가능', '남향']",37.527108,127.034515
2519466401,일반상가,월세,B1/5,300,"3,000",236,165,남동향,20250412,"['25년이내', '융자금적은', '지하층', '주차가능']",37.522631,127.022096
2519527470,일반상가,월세,1/6,500,1억,147,107,북향,20250412,"['25년이내', '역세권', '1층', '주차가능']",37.518299,127.020961
2519583519,일반상가,월세,2/4,"2,000",2억,330,297,북향,20250412,"['25년이상', '융자금없는', '중층', '주차가능']",37.523575,127.021934
2519584241,일반상가,월세,1/6,"1,300","1억 6,000",119,112,북서향,20250412,"['25년이상', '1층', '주차가능', '북서향']",37.520338,127.024542
2519583099,일반상가,월세,1/4,"2,500",2억,281,265,북향,20250412,"['25년이상', '1층', '주차가능', '엘리베이터']",37.523575,127.021934
2519578941,일반상가,월세,1/6,"2,050",3억,281,198,북향,20250412,"['15년이내', '역세권', '1층', '주차가능']",37.517437,127.0213
2519577538,일반상가,월세,1/3,350,"5,000",48,47,동향,20250412,"['25년이상', '역세권', '1층', '관리비10만원이하']",37.527239,127.04021
2519579147,일반상가,월세,2/6,"1,500",3억,389,383,남향,20250412,"['25년이상', '지상층(1층제외)', '주차가능', '남향']",37.522384,127.035194
2519422998,일반상가,월세,B1/5,235,"4,000",164,160,동향,20250412,"['25년이내', '지하층', '주차가능', '엘리베이터']",37.521406,127.026577
2519150423,일반상가,월세,4/5,380,"5,000",128,128,남서향,20250411,"['25년이상', '역세권', '고층', '주차가능']",37.519147,127.019832
2519318035,일반상가,월세,B1/5,400,"5,000",171,171,남향,20250411,"['25년이상', '역세권', '지하층', '주차가능']",37.519485,127.023692
2519318889,일반상가,매매,B1/5,,"3억 9,000",85,44,남향,20250411,"['25년이내', '역세권', '지하층', '주차가능']",37.527975,127.037215
2519380557,일반상가,월세,4/4,167,"2,000",48,46,동향,20250411,"['25년이내', '역세권', '고층', '관리비20만원이하']",37.524835,127.036994
2519305073,일반상가,월세,1/7,250,"4,000",30,27,남동향,20250411,"['25년이내', '융자금적은', '1층', '주차가능']",37.523775,127.023327
2519401445,일반상가,월세,B1/4,850,"1억 3,000",318,294,서향,20250411,"['25년이상', '융자금없는', '역세권', '지하층']",37.525998,127.027894
2519412979,일반상가,월세,B1/5,600,1억,175,175,남향,20250411,"['25년이내', '역세권', '지하층', '주차가능']",37.528345,127.035651
2519298082,일반상가,월세,전체층/3,"3,000",6억,498,498,남향,20250411,"['25년이상', '총3층', '남향']",37.522187,127.034693
2519349436,일반상가,월세,1/7,440,"5,000",101,66,동향,20250411,"['25년이상', '1층', '주차가능', '엘리베이터']",37.524067,127.024156
2519310323,일반상가,월세,2/6,666,"9,000",229,229,북동향,20250411,"['25년이내', '융자금적은', '역세권', '지상층(1층제외)']",37.522866,127.027008
2519277077,일반상가,월세,1/2,"1억 3,000",20억,299,299,남향,20250411,"['25년이상', '역세권', '1층', '총2층']",37.526126,127.036126
2519266880,일반상가,월세,1/7,470,"6,000",92,66,동향,20250411,"['25년이상', '역세권', '1층', '관리비20만원이하']",37.523143,127.027447
2519310429,일반상가,월세,6/6,320,"4,000",75,75,동향,20250411,"['25년이내', '테라스', '역세권', '고층']",37.524197,127.038604
2519287280,일반상가,월세,1/5,220,"3,000",33,33,남동향,20250411,"['25년이상', '융자금적은', '1층', '관리비10만원이하']",37.522249,127.023723
2519389149,일반상가,월세,7/7,370,"5,000",201,109,북서향,20250411,"['25년이상', '고층', '주차가능', '엘리베이터']",37.524021,127.023923
2519213885,일반상가,월세,1/5,"2,500",3억,600,421,남서향,20250411,"['2년이내', '1층', '주차가능', '엘리베이터']",37.520845,127.023765
2519247840,일반상가,월세,1/5,"6,000",6억,469,343,서향,20250411,"['25년이상', '융자금없는', '1층', '주차가능']",37.521469,127.022211
2519367447,일반상가,월세,B1/5,235,"4,000",171,171,북동향,20250411,"['25년이내', '융자금없는', '지하층', '주차가능']",37.521406,127.026577
2519319730,일반상가,월세,2/5,360,"4,000",88,84,북향,20250411,"['25년이상', '역세권', '중층', '관리비20만원이하']",37.519939,127.02008
2519268089,일반상가,월세,3/5,330,"7,000",91,91,남향,20250411,"['10년이내', '테라스', '역세권', '중층']",37.52578,127.037596
2519273677,일반상가,월세,B1/5,500,1억,246,230,남향,20250411,"['15년이내', '융자금적은', '역세권', '지하층']",37.52371,127.026527
2519146672,일반상가,월세,1/3,450,"5,000",82,82,남향,20250411,"['25년이상', '역세권', '1층', '주차가능']",37.519056,127.023586
2519156339,일반상가,월세,3/5,390,"5,000",132,99,남향,20250411,"['25년이내', '중층', '주차가능', '총5층']",37.521712,127.023652
2519171157,일반상가,월세,3/6,263,"3,000",102,81,동향,20250411,"['25년이내', '중층', '주차가능', '천장에어컨']",37.522019,127.029556
2519164117,일반상가,월세,1/8,"1,300","2억 5,000",333,333,북서향,20250411,"['25년이내', '1층', '주차가능', '북서향']",37.52245,127.020843
2519207057,일반상가,월세,2/6,500,"5,000",135,107,동향,20250411,"['25년이상', '융자금없는', '지상층(1층제외)', '동향']",37.520701,127.022778
2519205118,일반상가,월세,1/5,100,"1,000",7,7,남동향,20250411,"['4년이내', '역세권', '1층', '총5층']",37.524323,127.03838
2519200002,일반상가,월세,1/3,390,"5,000",59,49,서향,20250411,"['25년이내', '역세권', '1층', '관리비10만원이하']",37.525596,127.036451
2519200174,일반상가,월세,1/5,400,"4,000",52,52,남향,20250411,"['25년이상', '역세권', '1층', '총5층']",37.517713,127.021259
2519208614,일반상가,월세,1/3,"6,000",6억,304,297,서향,20250411,"['25년이상', '융자금없는', '테라스', '1층']",37.521485,127.022356
2519405386,일반상가,월세,B1/5,200,"2,000",139,46,북서향,20250411,"['25년이상', '지하층', '주차가능', '총5층']",37.522491,127.032103
2519241488,일반상가,월세,3/3,350,"3,000",111,105,남향,20250411,"['25년이내', '역세권', '고층', '주차가능']",37.524812,127.036648
2519200137,일반상가,월세,1/5,650,1억,49,49,동향,20250411,"['25년이상', '역세권', '1층', '총5층']",37.520109,127.022163
2519231603,일반상가,월세,2/3,260,"2,000",109,108,남향,20250411,"['25년이상', '중층', '관리비20만원이하', '주차가능']",37.520998,127.028672
2519253701,일반상가,월세,B1/4,473,"6,000",171,165,서향,20250411,"['10년이내', '지하층', '주차가능', '총4층']",37.525646,127.034559
2519226823,일반상가,월세,1/5,370,"5,000",165,93,서향,20250411,"['25년이상', '1층', '주차가능', '총5층']",37.519303,127.025037
2519238194,일반상가,월세,B2/6,898,"1억 5,500",987,583,북서향,20250411,"['25년이상', '융자금적은', '지하층', '주차가능']",37.520743,127.019434
2519149228,일반상가,월세,1/8,950,2억,214,166,북향,20250411,"['25년이내', '융자금없는', '1층', '주차가능']",37.526934,127.034257
2519419876,일반상가,월세,B1/3,370,"5,000",108,100,서향,20250411,"['25년이상', '지하층', '주차가능', '총3층']",37.522579,127.021275
2519418742,일반상가,월세,2/5,410,"4,000",109,95,남향,20250411,"['25년이상', '중층', '주차가능', '총5층']",37.520687,127.022633
2519404032,일반상가,월세,2/5,450,"5,000",149,149,남동향,20250411,"['25년이상', '역세권', '중층', '주차가능']",37.518766,127.022084
2519152244,일반상가,월세,3/3,210,"3,000",119,92,남서향,20250411,"['25년이상', '테라스', '고층', '관리비10만원이하']",37.520197,127.020636
2519155690,일반상가,월세,6/15,"2,018","2억 4,218",606,321,서향,20250411,"['15년이내', '역세권', '중층', '주차가능']",37.517492,127.01956
2519157700,일반상가,월세,2/4,550,1억,194,181,남향,20250411,"['25년이상', '역세권', '중층', '주차가능']",37.52483,127.025438
2519199287,일반상가,월세,1/6,600,"5,000",121,121,북동향,20250411,"['25년이상', '역세권', '1층', '주차가능']",37.524488,127.026708
2519184630,일반상가,월세,1/3,500,1억,100,100,남향,20250411,"['25년이상', '1층', '총3층', '남향']",37.520998,127.028672
2519181551,일반상가,월세,5/6,262,"3,500",60,60,남향,20250411,"['25년이상', '역세권', '고층', '주차가능']",37.524809,127.026927
2519150365,일반상가,월세,2/4,500,1억,128,115,북향,20250411,"['15년이내', '중층', '주차가능', '엘리베이터']",37.521397,127.023181
2518909331,일반상가,월세,B1/4,620,1억,121,121,북향,20250410,"['25년이상', '지하층', '주차가능', '총4층']",37.522204,127.02142
2518916293,일반상가,월세,1/5,500,"7,500",56,56,북향,20250410,"['25년이내', '역세권', '1층', '주차가능']",37.525599,127.037508
2518857673,일반상가,월세,1/5,300,"5,000",19,19,동향,20250410,"['25년이상', '1층', '관리비20만원이하', '주차가능']",37.523967,127.024547
2518915160,일반상가,월세,3/6,280,"3,000",127,82,동향,20250410,"['25년이내', '융자금없는', '역세권', '중층']",37.522113,127.027295
2518861476,일반상가,월세,3/5,400,"5,000",155,155,북서향,20250410,"['25년이상', '역세권', '중층', '총5층']",37.518029,127.02277
2518886763,일반상가,월세,1/5,220,"3,000",25,18,서향,20250410,"['25년이상', '역세권', '1층', '관리비10만원이하']",37.52002,127.020363
2519093563,일반상가,월세,2/5,560,"7,000",154,154,동향,20250410,"['25년이상', '역세권', '중층', '엘리베이터']",37.525398,127.038372
2519143432,일반상가,월세,1/4,410,"5,000",220,132,남향,20250410,"['25년이상', '역세권', '1층', '주차가능']",37.517702,127.0201
2519142832,일반상가,월세,1/5,554,"8,000",137,130,동향,20250410,"['25년이내', '1층', '주차가능', '총5층']",37.521406,127.026577
2519129505,일반상가,월세,4/5,370,"5,000",137,110,남향,20250410,"['25년이상', '테라스', '고층', '주차가능']",37.519129,127.024763
2519126711,일반상가,월세,4/5,"1,200",1억,201,201,남향,20250410,"['25년이상', '역세권', '고층', '관리비20만원이하']",37.527538,127.038843
2518811276,일반상가,월세,1/6,900,"1억 7,000",82,66,남향,20250410,"['25년이내', '역세권', '1층', '주차가능']",37.524935,127.038488
2518857546,일반상가,월세,B2/3,650,"7,000",176,158,남향,20250410,"['25년이내', '지하층', '주차가능', '총3층']",37.523724,127.035824
2519119045,일반상가,월세,4/5,200,"2,500",82,82,북향,20250410,"['25년이상', '역세권', '고층', '주차가능']",37.52402,127.026741
2518870362,일반상가,매매,2/3,,12억,41,37,북향,20250410,"['25년이상', '역세권', '중층', '관리비10만원이하']",37.528153,127.038065
2518966749,일반상가,월세,1/6,970,3억,49,46,동향,20250410,"['25년이내', '융자금적은', '1층', '동향']",37.521726,127.022622
2518967245,일반상가,월세,1/5,500,"5,000",82,66,북향,20250410,"['25년이상', '융자금적은', '역세권', '1층']",37.518767,127.019958
2519137152,일반상가,월세,3/5,320,"3,000",78,66,동향,20250410,"['4년이내', '테라스', '중층', '주차가능']",37.521349,127.024334
2519126580,일반상가,월세,1/7,550,1억,307,148,북동향,20250410,"['25년이상', '역세권', '1층', '관리비20만원이하']",37.523143,127.027447
2519110113,일반상가,월세,2/2,270,"3,000",71,69,동향,20250410,"['25년이상', '테라스', '역세권', '고층']",37.519075,127.021455
2519137610,일반상가,월세,2/5,470,"5,000",119,90,동향,20250410,"['4년이내', '테라스', '중층', '주차가능']",37.521349,127.024334
2519092908,일반상가,월세,2/4,"1,230","1억 6,400",166,166,남향,20250410,"['25년이상', '역세권', '중층', '주차가능']",37.527073,127.028998
2519122154,일반상가,월세,2/4,530,"5,000",211,211,남서향,20250410,"['25년이상', '역세권', '중층', '주차가능']",37.526991,127.038416
2519132762,일반상가,월세,3/6,450,"6,000",216,190,남향,20250410,"['25년이내', '중층', '주차가능', '엘리베이터']",37.519782,127.024049
2519142460,일반상가,매매,1/3,,"12억 5,000",30,25,북향,20250410,"['25년이상', '역세권', '1층', '관리비20만원이하']",37.527749,127.038625
2519108370,일반상가,월세,4/5,240,"3,000",47,39,서향,20250410,"['2년이내', '고층', '주차가능', '총5층']",37.521806,127.025787
2519140058,일반상가,월세,B1/4,150,"2,000",136,56,남향,20250410,"['25년이내', '지하층', '주차가능', '총4층']",37.523562,127.035833
2519059892,일반상가,월세,1/7,300,"3,000",31,29,남향,20250410,"['25년이상', '역세권', '1층', '주차가능']",37.523298,127.027707
2519140736,일반상가,월세,2/2,240,"4,000",78,66,서향,20250410,"['25년이상', '역세권', '고층', '관리비20만원이하']",37.528022,127.038542
2519113222,일반상가,월세,2/3,260,"2,000",109,109,남향,20250410,"['25년이상', '중층', '관리비20만원이하', '주차가능']",37.520998,127.028672
2519137399,일반상가,월세,B1/5,400,"4,000",104,99,동향,20250410,"['4년이내', '지하층', '주차가능', '엘리베이터']",37.521349,127.024334
2519063689,일반상가,월세,4/6,480,"9,000",126,126,남동향,20250410,"['25년이내', '융자금없는', '중층', '관리비20만원이하']",37.522732,127.023203
2519087775,일반상가,월세,3/5,320,"3,000",78,78,동향,20250410,"['4년이내', '중층', '주차가능', '엘리베이터']",37.521349,127.024334
2519014183,일반상가,월세,2/6,400,"4,000",157,157,남서향,20250410,"['25년이상', '역세권', '지상층(1층제외)', '주차가능']",37.519372,127.019631
2519010473,일반상가,월세,1/4,500,"6,000",59,59,북향,20250410,"['25년이상', '역세권', '1층', '총4층']",37.527387,127.030632
2519056290,일반상가,월세,1/2,200,"3,500",26,19,동향,20250410,"['25년이상', '역세권', '1층', '관리비10만원이하']",37.526112,127.037302
2519136902,일반상가,월세,5/5,260,"3,000",56,33,동향,20250410,"['4년이내', '테라스', '고층', '주차가능']",37.521349,127.024334
2518991840,일반상가,월세,2/6,380,"3,000",124,115,북동향,20250410,"['25년이내', '역세권', '지상층(1층제외)', '주차가능']",37.519482,127.020353
2518987553,일반상가,월세,5/6,285,"3,000",83,82,북서향,20250410,"['25년이내', '테라스', '역세권', '고층']",37.519482,127.020353
2518973257,일반상가,월세,3/5,150,"1,500",49,39,북서향,20250410,"['25년이상', '역세권', '중층', '관리비20만원이하']",37.518881,127.020218
2518961485,일반상가,월세,B2/8,780,"1억 5,000",429,317,서향,20250410,"['25년이내', '역세권', '지하층', '주차가능']",37.524026,127.029254
2519078526,일반상가,월세,B1/4,140,"2,000",69,69,북향,20250410,"['25년이상', '융자금없는', '지하층', '관리비20만원이하']",37.51998,127.026866
2519014552,일반상가,월세,3/6,380,"3,000",170,102,서향,20250410,"['10년이내', '중층', '주차가능', '엘리베이터']",37.519259,127.025501
2519014962,일반상가,월세,2/7,600,1억,82,82,남동향,20250410,"['15년이내', '지상층(1층제외)', '주차가능', '엘리베이터']",37.523372,127.037442
2518957025,일반상가,월세,1/6,"3,700","4억 3,000",788,788,북동향,20250410,"['25년이상', '1층', '주차가능', '북동향']",37.520486,127.021179
2518942442,일반상가,월세,1/4,"6,500",6억,940,940,북향,20250410,"['25년이상', '1층', '주차가능', '총4층']",37.523575,127.021934
2518940578,일반상가,월세,1/5,520,"7,000",130,98,북서향,20250410,"['25년이상', '1층', '주차가능', '총5층']",37.521011,127.020066
2518941418,일반상가,월세,1/2,800,2억,183,183,동향,20250410,"['25년이상', '1층', '주차가능', '총2층']",37.523672,127.032092
2518968001,일반상가,월세,1/4,"1,400","2억 3,000",358,358,남향,20250410,"['10년이내', '역세권', '1층', '주차가능']",37.518969,127.024361
2518996257,일반상가,월세,2/6,580,1억,115,115,북서향,20250410,"['25년이내', '역세권', '지상층(1층제외)', '주차가능']",37.517568,127.021595
2518931741,일반상가,월세,B1/5,600,1억,241,224,북동향,20250410,"['25년이상', '역세권', '지하층', '주차가능']",37.527181,127.039404
2518938818,일반상가,월세,B1/8,"3,000",3억,1207,1206,남향,20250410,"['25년이상', '지하층', '주차가능', '남향']",37.522347,127.034901
2519006848,일반상가,월세,1/4,290,"3,500",26,26,남서향,20250410,"['25년이상', '1층', '주차가능', '총4층']",37.524016,127.024843
2519003489,일반상가,월세,6/6,550,"7,000",244,191,남동향,20250410,"['25년이상', '고층', '주차가능', '엘리베이터']",37.520799,127.030207
2518960618,일반상가,월세,1/4,600,1억,96,96,북향,20250410,"['25년이상', '1층', '주차가능', '총4층']",37.523341,127.021434
2518951054,일반상가,월세,1/2,200,"3,000",35,35,서향,20250410,"['25년이상', '역세권', '1층', '총2층']",37.525152,127.038928
2518950634,복합상가,월세,1/3,450,"5,000",83,83,남향,20250410,"['25년이상', '역세권', '1층', '총3층']",37.519056,127.023586
2518954996,일반상가,월세,1/4,"5,300",10억,532,455,북향,20250410,"['25년이상', '역세권', '1층', '주차가능']",37.528307,127.031196
2518939844,일반상가,매매,B1/5,,25억,250,154,동향,20250410,"['25년이내', '역세권', '지하층', '주차가능']",37.526308,127.027468
2518945173,일반상가,월세,3/4,"1,850",4억,330,330,북향,20250410,"['25년이상', '역세권', '고층', '주차가능']",37.528307,127.031196
2518935939,일반상가,월세,1/6,240,"5,000",74,36,북동향,20250410,"['25년이상', '역세권', '1층', '주차가능']",37.524497,127.026502
2518936721,일반상가,월세,2/6,"1,600",3억,363,298,서향,20250410,"['25년이내', '역세권', '지상층(1층제외)', '주차가능']",37.521574,127.028449
2518939085,일반상가,월세,1/6,"1,260",1억,111,111,동향,20250410,"['25년이상', '역세권', '1층', '주차가능']",37.525372,127.028191
2518948532,일반상가,월세,4/7,940,"1억 1,200",277,181,서향,20250410,"['25년이내', '테라스', '중층', '주차가능']",37.521503,127.027048
2518918908,일반상가,매매,3/7,,36억,244,178,남향,20250410,"['25년이상', '역세권', '중층', '주차가능']",37.523298,127.027707
2518923752,일반상가,월세,5/6,800,2억,270,249,남향,20250410,"['25년이상', '고층', '주차가능', '남향']",37.520671,127.029805
2518916954,일반상가,월세,1/3,300,"5,000",26,25,북향,20250410,"['25년이상', '역세권', '1층', '총3층']",37.527749,127.038625
2518917801,일반상가,월세,3/4,"1,000",2억,166,166,북향,20250410,"['25년이상', '역세권', '고층', '주차가능']",37.528307,127.031196
2518919013,일반상가,월세,B1/5,450,"5,000",206,151,남향,20250410,"['25년이내', '융자금없는', '역세권', '지하층']",37.518123,127.021088
2518916374,일반상가,월세,2/5,550,1억,99,99,동향,20250410,"['4년이내', '융자금없는', '역세권', '중층']",37.528413,127.03666
2518915818,일반상가,월세,6/6,"1,100",2억,228,228,남동향,20250410,"['25년이상', '융자금없는', '역세권', '고층']",37.521208,127.027756
2518878812,일반상가,월세,1/5,310,"4,000",98,98,북향,20250410,"['25년이상', '역세권', '1층', '주차가능']",37.525842,127.028059
2518890225,일반상가,월세,1/2,"1,600","2억 4,000",97,97,남향,20250410,"['25년이상', '역세권', '1층', '총2층']",37.51864,127.022312
2518887107,일반상가,월세,2/4,638,1억,138,138,동향,20250410,"['25년이상', '역세권', '중층', '주차가능']",37.519173,127.022335
2518925569,일반상가,월세,5/7,330,"5,000",152,152,남향,20250410,"['25년이상', '융자금없는', '역세권', '고층']",37.524227,127.02735
2518924544,복합상가,월세,1/2,560,1억,25,25,북향,20250410,"['25년이상', '역세권', '1층', '총2층']",37.527749,127.038625
2518914938,일반상가,월세,3/4,450,"8,000",85,85,서향,20250410,"['2년이내', '역세권', '고층', '총4층']",37.525941,127.037471
2518896794,일반상가,월세,4/6,800,"1억 4,000",335,214,남향,20250410,"['25년이상', '역세권', '중층', '주차가능']",37.524242,127.02699
2518913615,일반상가,월세,2/3,600,"7,000",182,182,남향,20250410,"['25년이상', '역세권', '중층', '주차가능']",37.525676,127.037146
2518914724,일반상가,월세,1/6,"3,000",4억,294,214,남향,20250410,"['25년이내', '융자금없는', '1층', '엘리베이터']",37.521226,127.022686
2518914185,일반상가,월세,B1/4,620,1억,144,144,서향,20250410,"['2년이내', '역세권', '지하층', '총4층']",37.525941,127.037471
2518886688,일반상가,월세,1/6,"2,500",5억,328,328,서향,20250410,"['25년이내', '1층', '주차가능', '엘리베이터']",37.521636,127.028615
2518903201,일반상가,월세,1/5,"1,000",1억,131,131,남향,20250410,"['25년이내', '역세권', '1층', '주차가능']",37.52561,127.038425
2518863424,일반상가,월세,1/4,230,"3,000",81,43,북서향,20250410,"['25년이상', '역세권', '1층', '관리비20만원이하']",37.522742,127.02609
2518909391,일반상가,월세,1/6,400,"8,000",37,37,남향,20250410,"['25년이내', '융자금적은', '1층', '관리비20만원이하']",37.522732,127.023203
2518924936,일반상가,월세,B2/6,"2,000",3억,833,503,서향,20250410,"['25년이내', '역세권', '지하층', '주차가능']",37.526245,127.036317
2518909979,일반상가,월세,B1/4,170,"3,000",76,76,북향,20250410,"['25년이상', '지하층', '주차가능', '총4층']",37.523642,127.023019
2518872390,일반상가,월세,4/5,300,"3,000",99,92,남향,20250410,"['2년이내', '역세권', '고층', '관리비10만원이하']",37.522509,127.027409
2518878486,일반상가,월세,2/4,300,"5,000",153,66,서향,20250410,"['25년이상', '중층', '주차가능', '총4층']",37.527541,127.03533
2518711082,일반상가,월세,2/3,120,"2,000",46,46,남향,20250409,"['25년이상', '역세권', '중층', '총3층']",37.528541,127.032178
2518645322,일반상가,월세,1/5,"1,400","1억 9,000",212,188,서향,20250409,"['25년이상', '역세권', '1층', '주차가능']",37.52046,127.019302
2518645502,일반상가,월세,B1/5,340,"4,000",125,115,서향,20250409,"['25년이상', '역세권', '지하층', '주차가능']",37.52046,127.019302
2518643725,일반상가,월세,1/6,"1,000","8,000",135,49,남향,20250409,"['25년이상', '1층', '주차가능', '엘리베이터']",37.520701,127.022778
2518647559,일반상가,월세,4/5,210,"3,000",91,90,남향,20250409,"['25년이상', '고층', '총5층', '남향']",37.52407,127.037356
2518796024,일반상가,월세,1/6,650,"1억 1,000",110,109,북향,20250409,"['25년이상', '역세권', '1층', '주차가능']",37.524467,127.027213
2518675709,일반상가,월세,1/6,420,1억,45,45,서향,20250409,"['25년이내', '역세권', '1층', '주차가능']",37.524063,127.027933
2518754523,일반상가,월세,1/5,800,"9,000",92,92,남향,20250409,"['25년이내', '역세권', '1층', '엘리베이터']",37.526896,127.0391
2518717969,복합상가,월세,B1/4,90,"2,000",78,66,남향,20250409,"['25년이상', '융자금적은', '역세권', '지하층']",37.527961,127.030789
2518712747,일반상가,월세,B1/5,"3,000",5억,561,495,동향,20250409,"['25년이상', '역세권', '지하층', '주차가능']",37.518432,127.022794
2518737564,일반상가,월세,2/5,300,"5,000",99,99,남서향,20250409,"['10년이내', '중층', '주차가능', '총5층']",37.521737,127.024951
2518757750,일반상가,월세,4/5,130,"1,000",62,58,북동향,20250409,"['25년이상', '역세권', '고층', '관리비10만원이하']",37.518889,127.024694
2518751325,일반상가,월세,1/3,221,"1,000",26,26,남향,20250409,"['25년이상', '1층', '관리비20만원이하', '주차가능']",37.521455,127.023834
2518721974,일반상가,월세,B1/4,730,"6,000",169,151,동향,20250409,"['4년이내', '역세권', '지하층', '주차가능']",37.525707,127.036916
2518250752,일반상가,월세,1/7,"1,300",1억,507,330,남서향,20250409,"['25년이내', '역세권', '1층', '주차가능']",37.524347,127.02943
2518654618,일반상가,월세,3/6,300,"3,000",105,99,남향,20250409,"['25년이내', '역세권', '중층', '주차가능']",37.518945,127.021902
2518819962,일반상가,월세,1/4,750,"1억 4,000",166,85,북서향,20250409,"['25년이상', '1층', '주차가능', '총4층']",37.52408,127.022904
2518824099,일반상가,매매,2/6,,37억,327,157,동향,20250409,"['25년이내', '역세권', '지상층(1층제외)', '주차가능']",37.524063,127.027933
2518824114,일반상가,월세,5/5,700,"1억 5,000",132,99,동향,20250409,"['2년이내', '테라스', '고층', '주차가능']",37.51989,127.024387
2518846426,일반상가,월세,4/4,400,"5,000",109,99,서향,20250409,"['15년이내', '테라스', '고층', '주차가능']",37.521907,127.021196
2518827459,일반상가,월세,1/5,550,"1억 5,000",95,66,동향,20250409,"['2년이내', '1층', '주차가능', '엘리베이터']",37.51989,127.024387
2518820988,일반상가,매매,1/8,,22억,157,65,동향,20250409,"['25년이내', '역세권', '1층', '주차가능']",37.52767,127.031361
2518770657,일반상가,월세,B1/5,500,1억,246,231,남서향,20250409,"['15년이내', '역세권', '지하층', '주차가능']",37.52371,127.026527
2518800063,일반상가,월세,B1/6,"1,100","1억 5,000",496,496,북향,20250409,"['25년이상', '역세권', '지하층', '북향']",37.525439,127.026705
2518802264,일반상가,월세,1/2,300,"3,000",56,52,남향,20250409,"['25년이상', '역세권', '1층', '관리비10만원이하']",37.523013,127.029839
2518770117,일반상가,월세,1/4,900,1억,99,99,서향,20250409,"['25년이상', '1층', '주차가능', '총4층']",37.52309,127.022775
2518798411,일반상가,월세,B1/6,"1,100","1억 5,000",683,495,남동향,20250409,"['25년이상', '융자금적은', '역세권', '지하층']",37.525439,127.026705
2518785227,일반상가,월세,6/6,"1,100",2억,226,226,동향,20250409,"['25년이상', '역세권', '고층', '주차가능']",37.521208,127.027756
2518768532,일반상가,월세,4/5,370,"5,000",135,135,남동향,20250409,"['25년이상', '고층', '주차가능', '엘리베이터']",37.519129,127.024763
2518797783,일반상가,월세,1/3,637,"3,500",264,254,남향,20250409,"['25년이상', '역세권', '1층', '주차가능']",37.523356,127.032004
2518795084,일반상가,월세,3/3,700,"9,000",132,132,남향,20250409,"['10년이내', '융자금없는', '고층', '주차가능']",37.520254,127.025351
2518776122,일반상가,월세,2/6,380,"3,000",124,120,서향,20250409,"['25년이내', '역세권', '지상층(1층제외)', '주차가능']",37.519482,127.020353
2518775202,일반상가,월세,B1/5,250,"4,000",144,134,북향,20250409,"['25년이상', '역세권', '지하층', '관리비20만원이하']",37.52402,127.026741
2518775678,일반상가,월세,2/6,230,"3,500",56,56,서향,20250409,"['25년이내', '역세권', '지상층(1층제외)', '주차가능']",37.517997,127.022561
2518758368,일반상가,월세,1/5,370,"5,000",55,52,북동향,20250409,"['25년이상', '역세권', '1층', '주차가능']",37.518889,127.024694
2518751268,일반상가,매매,1/8,,"12억 5,000",48,48,남향,20250409,"['25년이내', '역세권', '1층', '주차가능']",37.526926,127.030235
2518643561,일반상가,월세,2/6,500,"5,000",135,110,남향,20250409,"['25년이상', '테라스', '지상층(1층제외)', '주차가능']",37.520701,127.022778
